[2026-04-11T04:57:55.938+0000] {processor.py:186} INFO - Started process (PID=37) to work on /opt/airflow/dags/ETL_Without_Crawl.py
[2026-04-11T04:57:55.939+0000] {processor.py:914} INFO - Processing file /opt/airflow/dags/ETL_Without_Crawl.py for tasks to queue
[2026-04-11T04:57:55.942+0000] {logging_mixin.py:190} INFO - [2026-04-11T04:57:55.941+0000] {dagbag.py:588} INFO - Filling up the DagBag from /opt/airflow/dags/ETL_Without_Crawl.py
[2026-04-11T04:57:55.979+0000] {processor.py:925} INFO - DAG(s) 'etl_without_crawl' retrieved from /opt/airflow/dags/ETL_Without_Crawl.py
[2026-04-11T04:57:56.057+0000] {logging_mixin.py:190} INFO - [2026-04-11T04:57:56.057+0000] {dag.py:3239} INFO - Sync 1 DAGs
[2026-04-11T04:57:56.165+0000] {logging_mixin.py:190} INFO - [2026-04-11T04:57:56.165+0000] {dag.py:4180} INFO - Setting next_dagrun for etl_without_crawl to None, run_after=None
[2026-04-11T04:57:56.230+0000] {processor.py:208} INFO - Processing /opt/airflow/dags/ETL_Without_Crawl.py took 0.304 seconds
[2026-04-11T04:58:26.523+0000] {processor.py:186} INFO - Started process (PID=41) to work on /opt/airflow/dags/ETL_Without_Crawl.py
[2026-04-11T04:58:26.523+0000] {processor.py:914} INFO - Processing file /opt/airflow/dags/ETL_Without_Crawl.py for tasks to queue
[2026-04-11T04:58:26.525+0000] {logging_mixin.py:190} INFO - [2026-04-11T04:58:26.524+0000] {dagbag.py:588} INFO - Filling up the DagBag from /opt/airflow/dags/ETL_Without_Crawl.py
[2026-04-11T04:58:26.545+0000] {processor.py:925} INFO - DAG(s) 'etl_without_crawl' retrieved from /opt/airflow/dags/ETL_Without_Crawl.py
[2026-04-11T04:58:26.590+0000] {logging_mixin.py:190} INFO - [2026-04-11T04:58:26.590+0000] {dag.py:3239} INFO - Sync 1 DAGs
[2026-04-11T04:58:26.615+0000] {logging_mixin.py:190} INFO - [2026-04-11T04:58:26.614+0000] {dag.py:4180} INFO - Setting next_dagrun for etl_without_crawl to None, run_after=None
[2026-04-11T04:58:26.647+0000] {processor.py:208} INFO - Processing /opt/airflow/dags/ETL_Without_Crawl.py took 0.132 seconds
[2026-04-11T04:58:56.687+0000] {processor.py:186} INFO - Started process (PID=44) to work on /opt/airflow/dags/ETL_Without_Crawl.py
[2026-04-11T04:58:56.687+0000] {processor.py:914} INFO - Processing file /opt/airflow/dags/ETL_Without_Crawl.py for tasks to queue
[2026-04-11T04:58:56.688+0000] {logging_mixin.py:190} INFO - [2026-04-11T04:58:56.688+0000] {dagbag.py:588} INFO - Filling up the DagBag from /opt/airflow/dags/ETL_Without_Crawl.py
[2026-04-11T04:58:56.702+0000] {processor.py:925} INFO - DAG(s) 'etl_without_crawl' retrieved from /opt/airflow/dags/ETL_Without_Crawl.py
[2026-04-11T04:58:56.737+0000] {logging_mixin.py:190} INFO - [2026-04-11T04:58:56.737+0000] {dag.py:3239} INFO - Sync 1 DAGs
[2026-04-11T04:58:56.756+0000] {logging_mixin.py:190} INFO - [2026-04-11T04:58:56.755+0000] {dag.py:4180} INFO - Setting next_dagrun for etl_without_crawl to None, run_after=None
[2026-04-11T04:58:56.782+0000] {processor.py:208} INFO - Processing /opt/airflow/dags/ETL_Without_Crawl.py took 0.101 seconds
[2026-04-11T04:59:27.624+0000] {processor.py:186} INFO - Started process (PID=49) to work on /opt/airflow/dags/ETL_Without_Crawl.py
[2026-04-11T04:59:27.625+0000] {processor.py:914} INFO - Processing file /opt/airflow/dags/ETL_Without_Crawl.py for tasks to queue
[2026-04-11T04:59:27.627+0000] {logging_mixin.py:190} INFO - [2026-04-11T04:59:27.626+0000] {dagbag.py:588} INFO - Filling up the DagBag from /opt/airflow/dags/ETL_Without_Crawl.py
[2026-04-11T04:59:27.641+0000] {processor.py:925} INFO - DAG(s) 'etl_without_crawl' retrieved from /opt/airflow/dags/ETL_Without_Crawl.py
[2026-04-11T04:59:27.677+0000] {logging_mixin.py:190} INFO - [2026-04-11T04:59:27.677+0000] {dag.py:3239} INFO - Sync 1 DAGs
[2026-04-11T04:59:27.702+0000] {logging_mixin.py:190} INFO - [2026-04-11T04:59:27.702+0000] {dag.py:4180} INFO - Setting next_dagrun for etl_without_crawl to None, run_after=None
[2026-04-11T04:59:27.738+0000] {processor.py:208} INFO - Processing /opt/airflow/dags/ETL_Without_Crawl.py took 0.119 seconds
[2026-04-11T04:59:58.258+0000] {processor.py:186} INFO - Started process (PID=53) to work on /opt/airflow/dags/ETL_Without_Crawl.py
[2026-04-11T04:59:58.259+0000] {processor.py:914} INFO - Processing file /opt/airflow/dags/ETL_Without_Crawl.py for tasks to queue
[2026-04-11T04:59:58.262+0000] {logging_mixin.py:190} INFO - [2026-04-11T04:59:58.262+0000] {dagbag.py:588} INFO - Filling up the DagBag from /opt/airflow/dags/ETL_Without_Crawl.py
[2026-04-11T04:59:58.292+0000] {processor.py:925} INFO - DAG(s) 'etl_without_crawl' retrieved from /opt/airflow/dags/ETL_Without_Crawl.py
[2026-04-11T04:59:58.367+0000] {logging_mixin.py:190} INFO - [2026-04-11T04:59:58.367+0000] {dag.py:3239} INFO - Sync 1 DAGs
[2026-04-11T04:59:58.396+0000] {logging_mixin.py:190} INFO - [2026-04-11T04:59:58.395+0000] {dag.py:4180} INFO - Setting next_dagrun for etl_without_crawl to None, run_after=None
[2026-04-11T04:59:58.436+0000] {processor.py:208} INFO - Processing /opt/airflow/dags/ETL_Without_Crawl.py took 0.188 seconds
[2026-04-11T05:00:28.742+0000] {processor.py:186} INFO - Started process (PID=57) to work on /opt/airflow/dags/ETL_Without_Crawl.py
[2026-04-11T05:00:28.743+0000] {processor.py:914} INFO - Processing file /opt/airflow/dags/ETL_Without_Crawl.py for tasks to queue
[2026-04-11T05:00:28.744+0000] {logging_mixin.py:190} INFO - [2026-04-11T05:00:28.744+0000] {dagbag.py:588} INFO - Filling up the DagBag from /opt/airflow/dags/ETL_Without_Crawl.py
[2026-04-11T05:00:28.760+0000] {processor.py:925} INFO - DAG(s) 'etl_without_crawl' retrieved from /opt/airflow/dags/ETL_Without_Crawl.py
[2026-04-11T05:00:28.804+0000] {logging_mixin.py:190} INFO - [2026-04-11T05:00:28.804+0000] {dag.py:3239} INFO - Sync 1 DAGs
[2026-04-11T05:00:28.830+0000] {logging_mixin.py:190} INFO - [2026-04-11T05:00:28.830+0000] {dag.py:4180} INFO - Setting next_dagrun for etl_without_crawl to None, run_after=None
[2026-04-11T05:00:28.865+0000] {processor.py:208} INFO - Processing /opt/airflow/dags/ETL_Without_Crawl.py took 0.129 seconds
[2026-04-11T05:00:58.968+0000] {processor.py:186} INFO - Started process (PID=61) to work on /opt/airflow/dags/ETL_Without_Crawl.py
[2026-04-11T05:00:58.969+0000] {processor.py:914} INFO - Processing file /opt/airflow/dags/ETL_Without_Crawl.py for tasks to queue
[2026-04-11T05:00:58.971+0000] {logging_mixin.py:190} INFO - [2026-04-11T05:00:58.970+0000] {dagbag.py:588} INFO - Filling up the DagBag from /opt/airflow/dags/ETL_Without_Crawl.py
[2026-04-11T05:00:58.994+0000] {processor.py:925} INFO - DAG(s) 'etl_without_crawl' retrieved from /opt/airflow/dags/ETL_Without_Crawl.py
[2026-04-11T05:00:59.033+0000] {logging_mixin.py:190} INFO - [2026-04-11T05:00:59.033+0000] {dag.py:3239} INFO - Sync 1 DAGs
[2026-04-11T05:00:59.052+0000] {logging_mixin.py:190} INFO - [2026-04-11T05:00:59.052+0000] {dag.py:4180} INFO - Setting next_dagrun for etl_without_crawl to None, run_after=None
[2026-04-11T05:00:59.080+0000] {processor.py:208} INFO - Processing /opt/airflow/dags/ETL_Without_Crawl.py took 0.121 seconds
[2026-04-11T05:01:29.829+0000] {processor.py:186} INFO - Started process (PID=65) to work on /opt/airflow/dags/ETL_Without_Crawl.py
[2026-04-11T05:01:29.829+0000] {processor.py:914} INFO - Processing file /opt/airflow/dags/ETL_Without_Crawl.py for tasks to queue
[2026-04-11T05:01:29.831+0000] {logging_mixin.py:190} INFO - [2026-04-11T05:01:29.830+0000] {dagbag.py:588} INFO - Filling up the DagBag from /opt/airflow/dags/ETL_Without_Crawl.py
[2026-04-11T05:01:29.845+0000] {processor.py:925} INFO - DAG(s) 'etl_without_crawl' retrieved from /opt/airflow/dags/ETL_Without_Crawl.py
[2026-04-11T05:01:29.883+0000] {logging_mixin.py:190} INFO - [2026-04-11T05:01:29.882+0000] {dag.py:3239} INFO - Sync 1 DAGs
[2026-04-11T05:01:29.906+0000] {logging_mixin.py:190} INFO - [2026-04-11T05:01:29.906+0000] {dag.py:4180} INFO - Setting next_dagrun for etl_without_crawl to None, run_after=None
[2026-04-11T05:01:29.953+0000] {processor.py:208} INFO - Processing /opt/airflow/dags/ETL_Without_Crawl.py took 0.129 seconds
[2026-04-11T05:02:00.462+0000] {processor.py:186} INFO - Started process (PID=69) to work on /opt/airflow/dags/ETL_Without_Crawl.py
[2026-04-11T05:02:00.463+0000] {processor.py:914} INFO - Processing file /opt/airflow/dags/ETL_Without_Crawl.py for tasks to queue
[2026-04-11T05:02:00.465+0000] {logging_mixin.py:190} INFO - [2026-04-11T05:02:00.464+0000] {dagbag.py:588} INFO - Filling up the DagBag from /opt/airflow/dags/ETL_Without_Crawl.py
[2026-04-11T05:02:00.488+0000] {processor.py:925} INFO - DAG(s) 'etl_without_crawl' retrieved from /opt/airflow/dags/ETL_Without_Crawl.py
[2026-04-11T05:02:00.533+0000] {logging_mixin.py:190} INFO - [2026-04-11T05:02:00.532+0000] {dag.py:3239} INFO - Sync 1 DAGs
[2026-04-11T05:02:00.558+0000] {logging_mixin.py:190} INFO - [2026-04-11T05:02:00.557+0000] {dag.py:4180} INFO - Setting next_dagrun for etl_without_crawl to None, run_after=None
[2026-04-11T05:02:00.598+0000] {processor.py:208} INFO - Processing /opt/airflow/dags/ETL_Without_Crawl.py took 0.144 seconds
[2026-04-11T05:02:30.864+0000] {processor.py:186} INFO - Started process (PID=73) to work on /opt/airflow/dags/ETL_Without_Crawl.py
[2026-04-11T05:02:30.865+0000] {processor.py:914} INFO - Processing file /opt/airflow/dags/ETL_Without_Crawl.py for tasks to queue
[2026-04-11T05:02:30.866+0000] {logging_mixin.py:190} INFO - [2026-04-11T05:02:30.866+0000] {dagbag.py:588} INFO - Filling up the DagBag from /opt/airflow/dags/ETL_Without_Crawl.py
[2026-04-11T05:02:30.882+0000] {processor.py:925} INFO - DAG(s) 'etl_without_crawl' retrieved from /opt/airflow/dags/ETL_Without_Crawl.py
[2026-04-11T05:02:30.925+0000] {logging_mixin.py:190} INFO - [2026-04-11T05:02:30.924+0000] {dag.py:3239} INFO - Sync 1 DAGs
[2026-04-11T05:02:30.946+0000] {logging_mixin.py:190} INFO - [2026-04-11T05:02:30.946+0000] {dag.py:4180} INFO - Setting next_dagrun for etl_without_crawl to None, run_after=None
[2026-04-11T05:02:30.984+0000] {processor.py:208} INFO - Processing /opt/airflow/dags/ETL_Without_Crawl.py took 0.126 seconds
[2026-04-11T05:03:01.093+0000] {processor.py:186} INFO - Started process (PID=77) to work on /opt/airflow/dags/ETL_Without_Crawl.py
[2026-04-11T05:03:01.094+0000] {processor.py:914} INFO - Processing file /opt/airflow/dags/ETL_Without_Crawl.py for tasks to queue
[2026-04-11T05:03:01.096+0000] {logging_mixin.py:190} INFO - [2026-04-11T05:03:01.095+0000] {dagbag.py:588} INFO - Filling up the DagBag from /opt/airflow/dags/ETL_Without_Crawl.py
[2026-04-11T05:03:01.113+0000] {processor.py:925} INFO - DAG(s) 'etl_without_crawl' retrieved from /opt/airflow/dags/ETL_Without_Crawl.py
[2026-04-11T05:03:01.157+0000] {logging_mixin.py:190} INFO - [2026-04-11T05:03:01.157+0000] {dag.py:3239} INFO - Sync 1 DAGs
[2026-04-11T05:03:01.180+0000] {logging_mixin.py:190} INFO - [2026-04-11T05:03:01.180+0000] {dag.py:4180} INFO - Setting next_dagrun for etl_without_crawl to None, run_after=None
[2026-04-11T05:03:01.227+0000] {processor.py:208} INFO - Processing /opt/airflow/dags/ETL_Without_Crawl.py took 0.141 seconds
[2026-04-11T05:03:31.376+0000] {processor.py:186} INFO - Started process (PID=81) to work on /opt/airflow/dags/ETL_Without_Crawl.py
[2026-04-11T05:03:31.377+0000] {processor.py:914} INFO - Processing file /opt/airflow/dags/ETL_Without_Crawl.py for tasks to queue
[2026-04-11T05:03:31.378+0000] {logging_mixin.py:190} INFO - [2026-04-11T05:03:31.378+0000] {dagbag.py:588} INFO - Filling up the DagBag from /opt/airflow/dags/ETL_Without_Crawl.py
[2026-04-11T05:03:31.394+0000] {processor.py:925} INFO - DAG(s) 'etl_without_crawl' retrieved from /opt/airflow/dags/ETL_Without_Crawl.py
[2026-04-11T05:03:31.434+0000] {logging_mixin.py:190} INFO - [2026-04-11T05:03:31.434+0000] {dag.py:3239} INFO - Sync 1 DAGs
[2026-04-11T05:03:31.458+0000] {logging_mixin.py:190} INFO - [2026-04-11T05:03:31.458+0000] {dag.py:4180} INFO - Setting next_dagrun for etl_without_crawl to None, run_after=None
[2026-04-11T05:03:31.497+0000] {processor.py:208} INFO - Processing /opt/airflow/dags/ETL_Without_Crawl.py took 0.127 seconds
[2026-04-11T05:04:02.178+0000] {processor.py:186} INFO - Started process (PID=85) to work on /opt/airflow/dags/ETL_Without_Crawl.py
[2026-04-11T05:04:02.178+0000] {processor.py:914} INFO - Processing file /opt/airflow/dags/ETL_Without_Crawl.py for tasks to queue
[2026-04-11T05:04:02.182+0000] {logging_mixin.py:190} INFO - [2026-04-11T05:04:02.181+0000] {dagbag.py:588} INFO - Filling up the DagBag from /opt/airflow/dags/ETL_Without_Crawl.py
[2026-04-11T05:04:02.200+0000] {processor.py:925} INFO - DAG(s) 'etl_without_crawl' retrieved from /opt/airflow/dags/ETL_Without_Crawl.py
[2026-04-11T05:04:02.259+0000] {logging_mixin.py:190} INFO - [2026-04-11T05:04:02.259+0000] {dag.py:3239} INFO - Sync 1 DAGs
[2026-04-11T05:04:02.288+0000] {logging_mixin.py:190} INFO - [2026-04-11T05:04:02.288+0000] {dag.py:4180} INFO - Setting next_dagrun for etl_without_crawl to None, run_after=None
[2026-04-11T05:04:02.329+0000] {processor.py:208} INFO - Processing /opt/airflow/dags/ETL_Without_Crawl.py took 0.159 seconds
[2026-04-11T05:04:33.645+0000] {processor.py:186} INFO - Started process (PID=89) to work on /opt/airflow/dags/ETL_Without_Crawl.py
[2026-04-11T05:04:33.646+0000] {processor.py:914} INFO - Processing file /opt/airflow/dags/ETL_Without_Crawl.py for tasks to queue
[2026-04-11T05:04:33.649+0000] {logging_mixin.py:190} INFO - [2026-04-11T05:04:33.648+0000] {dagbag.py:588} INFO - Filling up the DagBag from /opt/airflow/dags/ETL_Without_Crawl.py
[2026-04-11T05:04:33.672+0000] {processor.py:925} INFO - DAG(s) 'etl_without_crawl' retrieved from /opt/airflow/dags/ETL_Without_Crawl.py
[2026-04-11T05:04:33.730+0000] {logging_mixin.py:190} INFO - [2026-04-11T05:04:33.730+0000] {dag.py:3239} INFO - Sync 1 DAGs
[2026-04-11T05:04:33.756+0000] {logging_mixin.py:190} INFO - [2026-04-11T05:04:33.756+0000] {dag.py:4180} INFO - Setting next_dagrun for etl_without_crawl to None, run_after=None
[2026-04-11T05:04:33.795+0000] {processor.py:208} INFO - Processing /opt/airflow/dags/ETL_Without_Crawl.py took 0.157 seconds
[2026-04-11T05:05:03.883+0000] {processor.py:186} INFO - Started process (PID=93) to work on /opt/airflow/dags/ETL_Without_Crawl.py
[2026-04-11T05:05:03.884+0000] {processor.py:914} INFO - Processing file /opt/airflow/dags/ETL_Without_Crawl.py for tasks to queue
[2026-04-11T05:05:03.886+0000] {logging_mixin.py:190} INFO - [2026-04-11T05:05:03.886+0000] {dagbag.py:588} INFO - Filling up the DagBag from /opt/airflow/dags/ETL_Without_Crawl.py
[2026-04-11T05:05:03.910+0000] {processor.py:925} INFO - DAG(s) 'etl_without_crawl' retrieved from /opt/airflow/dags/ETL_Without_Crawl.py
[2026-04-11T05:05:03.966+0000] {logging_mixin.py:190} INFO - [2026-04-11T05:05:03.965+0000] {dag.py:3239} INFO - Sync 1 DAGs
[2026-04-11T05:05:03.996+0000] {logging_mixin.py:190} INFO - [2026-04-11T05:05:03.996+0000] {dag.py:4180} INFO - Setting next_dagrun for etl_without_crawl to None, run_after=None
[2026-04-11T05:05:04.040+0000] {processor.py:208} INFO - Processing /opt/airflow/dags/ETL_Without_Crawl.py took 0.167 seconds
[2026-04-11T05:05:34.656+0000] {processor.py:186} INFO - Started process (PID=97) to work on /opt/airflow/dags/ETL_Without_Crawl.py
[2026-04-11T05:05:34.656+0000] {processor.py:914} INFO - Processing file /opt/airflow/dags/ETL_Without_Crawl.py for tasks to queue
[2026-04-11T05:05:34.657+0000] {logging_mixin.py:190} INFO - [2026-04-11T05:05:34.657+0000] {dagbag.py:588} INFO - Filling up the DagBag from /opt/airflow/dags/ETL_Without_Crawl.py
[2026-04-11T05:05:34.675+0000] {processor.py:925} INFO - DAG(s) 'etl_without_crawl' retrieved from /opt/airflow/dags/ETL_Without_Crawl.py
[2026-04-11T05:05:34.721+0000] {logging_mixin.py:190} INFO - [2026-04-11T05:05:34.721+0000] {dag.py:3239} INFO - Sync 1 DAGs
[2026-04-11T05:05:34.742+0000] {logging_mixin.py:190} INFO - [2026-04-11T05:05:34.742+0000] {dag.py:4180} INFO - Setting next_dagrun for etl_without_crawl to None, run_after=None
[2026-04-11T05:05:34.773+0000] {processor.py:208} INFO - Processing /opt/airflow/dags/ETL_Without_Crawl.py took 0.123 seconds
[2026-04-11T05:06:06.257+0000] {processor.py:186} INFO - Started process (PID=101) to work on /opt/airflow/dags/ETL_Without_Crawl.py
[2026-04-11T05:06:06.257+0000] {processor.py:914} INFO - Processing file /opt/airflow/dags/ETL_Without_Crawl.py for tasks to queue
[2026-04-11T05:06:06.259+0000] {logging_mixin.py:190} INFO - [2026-04-11T05:06:06.259+0000] {dagbag.py:588} INFO - Filling up the DagBag from /opt/airflow/dags/ETL_Without_Crawl.py
[2026-04-11T05:06:06.277+0000] {processor.py:925} INFO - DAG(s) 'etl_without_crawl' retrieved from /opt/airflow/dags/ETL_Without_Crawl.py
[2026-04-11T05:06:06.322+0000] {logging_mixin.py:190} INFO - [2026-04-11T05:06:06.322+0000] {dag.py:3239} INFO - Sync 1 DAGs
[2026-04-11T05:06:06.345+0000] {logging_mixin.py:190} INFO - [2026-04-11T05:06:06.344+0000] {dag.py:4180} INFO - Setting next_dagrun for etl_without_crawl to None, run_after=None
[2026-04-11T05:06:06.382+0000] {processor.py:208} INFO - Processing /opt/airflow/dags/ETL_Without_Crawl.py took 0.132 seconds
[2026-04-11T05:06:36.647+0000] {processor.py:186} INFO - Started process (PID=105) to work on /opt/airflow/dags/ETL_Without_Crawl.py
[2026-04-11T05:06:36.648+0000] {processor.py:914} INFO - Processing file /opt/airflow/dags/ETL_Without_Crawl.py for tasks to queue
[2026-04-11T05:06:36.649+0000] {logging_mixin.py:190} INFO - [2026-04-11T05:06:36.649+0000] {dagbag.py:588} INFO - Filling up the DagBag from /opt/airflow/dags/ETL_Without_Crawl.py
[2026-04-11T05:06:36.664+0000] {processor.py:925} INFO - DAG(s) 'etl_without_crawl' retrieved from /opt/airflow/dags/ETL_Without_Crawl.py
[2026-04-11T05:06:36.704+0000] {logging_mixin.py:190} INFO - [2026-04-11T05:06:36.704+0000] {dag.py:3239} INFO - Sync 1 DAGs
[2026-04-11T05:06:36.733+0000] {logging_mixin.py:190} INFO - [2026-04-11T05:06:36.733+0000] {dag.py:4180} INFO - Setting next_dagrun for etl_without_crawl to None, run_after=None
[2026-04-11T05:06:36.782+0000] {processor.py:208} INFO - Processing /opt/airflow/dags/ETL_Without_Crawl.py took 0.141 seconds
[2026-04-11T05:07:07.015+0000] {processor.py:186} INFO - Started process (PID=109) to work on /opt/airflow/dags/ETL_Without_Crawl.py
[2026-04-11T05:07:07.016+0000] {processor.py:914} INFO - Processing file /opt/airflow/dags/ETL_Without_Crawl.py for tasks to queue
[2026-04-11T05:07:07.018+0000] {logging_mixin.py:190} INFO - [2026-04-11T05:07:07.017+0000] {dagbag.py:588} INFO - Filling up the DagBag from /opt/airflow/dags/ETL_Without_Crawl.py
[2026-04-11T05:07:07.041+0000] {processor.py:925} INFO - DAG(s) 'etl_without_crawl' retrieved from /opt/airflow/dags/ETL_Without_Crawl.py
[2026-04-11T05:07:07.087+0000] {logging_mixin.py:190} INFO - [2026-04-11T05:07:07.086+0000] {dag.py:3239} INFO - Sync 1 DAGs
[2026-04-11T05:07:07.107+0000] {logging_mixin.py:190} INFO - [2026-04-11T05:07:07.107+0000] {dag.py:4180} INFO - Setting next_dagrun for etl_without_crawl to None, run_after=None
[2026-04-11T05:07:07.140+0000] {processor.py:208} INFO - Processing /opt/airflow/dags/ETL_Without_Crawl.py took 0.134 seconds
[2026-04-11T05:07:38.786+0000] {processor.py:186} INFO - Started process (PID=113) to work on /opt/airflow/dags/ETL_Without_Crawl.py
[2026-04-11T05:07:38.787+0000] {processor.py:914} INFO - Processing file /opt/airflow/dags/ETL_Without_Crawl.py for tasks to queue
[2026-04-11T05:07:38.789+0000] {logging_mixin.py:190} INFO - [2026-04-11T05:07:38.788+0000] {dagbag.py:588} INFO - Filling up the DagBag from /opt/airflow/dags/ETL_Without_Crawl.py
[2026-04-11T05:07:38.806+0000] {processor.py:925} INFO - DAG(s) 'etl_without_crawl' retrieved from /opt/airflow/dags/ETL_Without_Crawl.py
[2026-04-11T05:07:38.847+0000] {logging_mixin.py:190} INFO - [2026-04-11T05:07:38.847+0000] {dag.py:3239} INFO - Sync 1 DAGs
[2026-04-11T05:07:38.870+0000] {logging_mixin.py:190} INFO - [2026-04-11T05:07:38.870+0000] {dag.py:4180} INFO - Setting next_dagrun for etl_without_crawl to None, run_after=None
[2026-04-11T05:07:38.931+0000] {processor.py:208} INFO - Processing /opt/airflow/dags/ETL_Without_Crawl.py took 0.151 seconds
[2026-04-11T05:08:09.473+0000] {processor.py:186} INFO - Started process (PID=117) to work on /opt/airflow/dags/ETL_Without_Crawl.py
[2026-04-11T05:08:09.477+0000] {processor.py:914} INFO - Processing file /opt/airflow/dags/ETL_Without_Crawl.py for tasks to queue
[2026-04-11T05:08:09.481+0000] {logging_mixin.py:190} INFO - [2026-04-11T05:08:09.480+0000] {dagbag.py:588} INFO - Filling up the DagBag from /opt/airflow/dags/ETL_Without_Crawl.py
[2026-04-11T05:08:09.514+0000] {processor.py:925} INFO - DAG(s) 'etl_without_crawl' retrieved from /opt/airflow/dags/ETL_Without_Crawl.py
[2026-04-11T05:08:09.634+0000] {logging_mixin.py:190} INFO - [2026-04-11T05:08:09.634+0000] {dag.py:3239} INFO - Sync 1 DAGs
[2026-04-11T05:08:09.684+0000] {logging_mixin.py:190} INFO - [2026-04-11T05:08:09.683+0000] {dag.py:4180} INFO - Setting next_dagrun for etl_without_crawl to None, run_after=None
[2026-04-11T05:08:09.748+0000] {processor.py:208} INFO - Processing /opt/airflow/dags/ETL_Without_Crawl.py took 0.292 seconds
[2026-04-11T05:08:40.070+0000] {processor.py:186} INFO - Started process (PID=121) to work on /opt/airflow/dags/ETL_Without_Crawl.py
[2026-04-11T05:08:40.070+0000] {processor.py:914} INFO - Processing file /opt/airflow/dags/ETL_Without_Crawl.py for tasks to queue
[2026-04-11T05:08:40.072+0000] {logging_mixin.py:190} INFO - [2026-04-11T05:08:40.072+0000] {dagbag.py:588} INFO - Filling up the DagBag from /opt/airflow/dags/ETL_Without_Crawl.py
[2026-04-11T05:08:40.090+0000] {processor.py:925} INFO - DAG(s) 'etl_without_crawl' retrieved from /opt/airflow/dags/ETL_Without_Crawl.py
[2026-04-11T05:08:40.139+0000] {logging_mixin.py:190} INFO - [2026-04-11T05:08:40.138+0000] {dag.py:3239} INFO - Sync 1 DAGs
[2026-04-11T05:08:40.167+0000] {logging_mixin.py:190} INFO - [2026-04-11T05:08:40.166+0000] {dag.py:4180} INFO - Setting next_dagrun for etl_without_crawl to None, run_after=None
[2026-04-11T05:08:40.193+0000] {processor.py:208} INFO - Processing /opt/airflow/dags/ETL_Without_Crawl.py took 0.131 seconds
[2026-04-11T05:09:10.571+0000] {processor.py:186} INFO - Started process (PID=125) to work on /opt/airflow/dags/ETL_Without_Crawl.py
[2026-04-11T05:09:10.573+0000] {processor.py:914} INFO - Processing file /opt/airflow/dags/ETL_Without_Crawl.py for tasks to queue
[2026-04-11T05:09:10.579+0000] {logging_mixin.py:190} INFO - [2026-04-11T05:09:10.578+0000] {dagbag.py:588} INFO - Filling up the DagBag from /opt/airflow/dags/ETL_Without_Crawl.py
[2026-04-11T05:09:10.647+0000] {processor.py:925} INFO - DAG(s) 'etl_without_crawl' retrieved from /opt/airflow/dags/ETL_Without_Crawl.py
[2026-04-11T05:09:10.791+0000] {logging_mixin.py:190} INFO - [2026-04-11T05:09:10.790+0000] {dag.py:3239} INFO - Sync 1 DAGs
[2026-04-11T05:09:10.904+0000] {logging_mixin.py:190} INFO - [2026-04-11T05:09:10.904+0000] {dag.py:4180} INFO - Setting next_dagrun for etl_without_crawl to None, run_after=None
[2026-04-11T05:09:11.030+0000] {processor.py:208} INFO - Processing /opt/airflow/dags/ETL_Without_Crawl.py took 0.486 seconds
[2026-04-11T05:09:42.120+0000] {processor.py:186} INFO - Started process (PID=129) to work on /opt/airflow/dags/ETL_Without_Crawl.py
[2026-04-11T05:09:42.121+0000] {processor.py:914} INFO - Processing file /opt/airflow/dags/ETL_Without_Crawl.py for tasks to queue
[2026-04-11T05:09:42.124+0000] {logging_mixin.py:190} INFO - [2026-04-11T05:09:42.123+0000] {dagbag.py:588} INFO - Filling up the DagBag from /opt/airflow/dags/ETL_Without_Crawl.py
[2026-04-11T05:09:42.145+0000] {processor.py:925} INFO - DAG(s) 'etl_without_crawl' retrieved from /opt/airflow/dags/ETL_Without_Crawl.py
[2026-04-11T05:09:42.198+0000] {logging_mixin.py:190} INFO - [2026-04-11T05:09:42.198+0000] {dag.py:3239} INFO - Sync 1 DAGs
[2026-04-11T05:09:42.236+0000] {logging_mixin.py:190} INFO - [2026-04-11T05:09:42.236+0000] {dag.py:4180} INFO - Setting next_dagrun for etl_without_crawl to None, run_after=None
[2026-04-11T05:09:42.284+0000] {processor.py:208} INFO - Processing /opt/airflow/dags/ETL_Without_Crawl.py took 0.171 seconds
[2026-04-11T05:10:12.857+0000] {processor.py:186} INFO - Started process (PID=133) to work on /opt/airflow/dags/ETL_Without_Crawl.py
[2026-04-11T05:10:12.858+0000] {processor.py:914} INFO - Processing file /opt/airflow/dags/ETL_Without_Crawl.py for tasks to queue
[2026-04-11T05:10:12.860+0000] {logging_mixin.py:190} INFO - [2026-04-11T05:10:12.859+0000] {dagbag.py:588} INFO - Filling up the DagBag from /opt/airflow/dags/ETL_Without_Crawl.py
[2026-04-11T05:10:12.893+0000] {processor.py:925} INFO - DAG(s) 'etl_without_crawl' retrieved from /opt/airflow/dags/ETL_Without_Crawl.py
[2026-04-11T05:10:12.979+0000] {logging_mixin.py:190} INFO - [2026-04-11T05:10:12.979+0000] {dag.py:3239} INFO - Sync 1 DAGs
[2026-04-11T05:10:13.028+0000] {logging_mixin.py:190} INFO - [2026-04-11T05:10:13.027+0000] {dag.py:4180} INFO - Setting next_dagrun for etl_without_crawl to None, run_after=None
[2026-04-11T05:10:13.076+0000] {processor.py:208} INFO - Processing /opt/airflow/dags/ETL_Without_Crawl.py took 0.230 seconds
[2026-04-11T05:10:43.374+0000] {processor.py:186} INFO - Started process (PID=137) to work on /opt/airflow/dags/ETL_Without_Crawl.py
[2026-04-11T05:10:43.375+0000] {processor.py:914} INFO - Processing file /opt/airflow/dags/ETL_Without_Crawl.py for tasks to queue
[2026-04-11T05:10:43.377+0000] {logging_mixin.py:190} INFO - [2026-04-11T05:10:43.376+0000] {dagbag.py:588} INFO - Filling up the DagBag from /opt/airflow/dags/ETL_Without_Crawl.py
[2026-04-11T05:10:43.407+0000] {processor.py:925} INFO - DAG(s) 'etl_without_crawl' retrieved from /opt/airflow/dags/ETL_Without_Crawl.py
[2026-04-11T05:10:43.466+0000] {logging_mixin.py:190} INFO - [2026-04-11T05:10:43.466+0000] {dag.py:3239} INFO - Sync 1 DAGs
[2026-04-11T05:10:43.492+0000] {logging_mixin.py:190} INFO - [2026-04-11T05:10:43.492+0000] {dag.py:4180} INFO - Setting next_dagrun for etl_without_crawl to None, run_after=None
[2026-04-11T05:10:43.533+0000] {processor.py:208} INFO - Processing /opt/airflow/dags/ETL_Without_Crawl.py took 0.170 seconds
[2026-04-11T05:11:13.672+0000] {processor.py:186} INFO - Started process (PID=141) to work on /opt/airflow/dags/ETL_Without_Crawl.py
[2026-04-11T05:11:13.673+0000] {processor.py:914} INFO - Processing file /opt/airflow/dags/ETL_Without_Crawl.py for tasks to queue
[2026-04-11T05:11:13.675+0000] {logging_mixin.py:190} INFO - [2026-04-11T05:11:13.675+0000] {dagbag.py:588} INFO - Filling up the DagBag from /opt/airflow/dags/ETL_Without_Crawl.py
[2026-04-11T05:11:13.695+0000] {processor.py:925} INFO - DAG(s) 'etl_without_crawl' retrieved from /opt/airflow/dags/ETL_Without_Crawl.py
[2026-04-11T05:11:13.756+0000] {logging_mixin.py:190} INFO - [2026-04-11T05:11:13.756+0000] {dag.py:3239} INFO - Sync 1 DAGs
[2026-04-11T05:11:13.785+0000] {logging_mixin.py:190} INFO - [2026-04-11T05:11:13.785+0000] {dag.py:4180} INFO - Setting next_dagrun for etl_without_crawl to None, run_after=None
[2026-04-11T05:11:13.828+0000] {processor.py:208} INFO - Processing /opt/airflow/dags/ETL_Without_Crawl.py took 0.164 seconds
[2026-04-11T05:11:45.557+0000] {processor.py:186} INFO - Started process (PID=145) to work on /opt/airflow/dags/ETL_Without_Crawl.py
[2026-04-11T05:11:45.558+0000] {processor.py:914} INFO - Processing file /opt/airflow/dags/ETL_Without_Crawl.py for tasks to queue
[2026-04-11T05:11:45.560+0000] {logging_mixin.py:190} INFO - [2026-04-11T05:11:45.560+0000] {dagbag.py:588} INFO - Filling up the DagBag from /opt/airflow/dags/ETL_Without_Crawl.py
[2026-04-11T05:11:45.584+0000] {processor.py:925} INFO - DAG(s) 'etl_without_crawl' retrieved from /opt/airflow/dags/ETL_Without_Crawl.py
[2026-04-11T05:11:45.642+0000] {logging_mixin.py:190} INFO - [2026-04-11T05:11:45.642+0000] {dag.py:3239} INFO - Sync 1 DAGs
[2026-04-11T05:11:45.668+0000] {logging_mixin.py:190} INFO - [2026-04-11T05:11:45.668+0000] {dag.py:4180} INFO - Setting next_dagrun for etl_without_crawl to None, run_after=None
[2026-04-11T05:11:45.706+0000] {processor.py:208} INFO - Processing /opt/airflow/dags/ETL_Without_Crawl.py took 0.157 seconds
[2026-04-11T05:12:16.193+0000] {processor.py:186} INFO - Started process (PID=149) to work on /opt/airflow/dags/ETL_Without_Crawl.py
[2026-04-11T05:12:16.194+0000] {processor.py:914} INFO - Processing file /opt/airflow/dags/ETL_Without_Crawl.py for tasks to queue
[2026-04-11T05:12:16.198+0000] {logging_mixin.py:190} INFO - [2026-04-11T05:12:16.197+0000] {dagbag.py:588} INFO - Filling up the DagBag from /opt/airflow/dags/ETL_Without_Crawl.py
[2026-04-11T05:12:16.230+0000] {processor.py:925} INFO - DAG(s) 'etl_without_crawl' retrieved from /opt/airflow/dags/ETL_Without_Crawl.py
[2026-04-11T05:12:16.312+0000] {logging_mixin.py:190} INFO - [2026-04-11T05:12:16.311+0000] {dag.py:3239} INFO - Sync 1 DAGs
[2026-04-11T05:12:16.373+0000] {logging_mixin.py:190} INFO - [2026-04-11T05:12:16.373+0000] {dag.py:4180} INFO - Setting next_dagrun for etl_without_crawl to None, run_after=None
[2026-04-11T05:12:16.430+0000] {processor.py:208} INFO - Processing /opt/airflow/dags/ETL_Without_Crawl.py took 0.248 seconds
[2026-04-11T05:12:46.749+0000] {processor.py:186} INFO - Started process (PID=153) to work on /opt/airflow/dags/ETL_Without_Crawl.py
[2026-04-11T05:12:46.750+0000] {processor.py:914} INFO - Processing file /opt/airflow/dags/ETL_Without_Crawl.py for tasks to queue
[2026-04-11T05:12:46.751+0000] {logging_mixin.py:190} INFO - [2026-04-11T05:12:46.751+0000] {dagbag.py:588} INFO - Filling up the DagBag from /opt/airflow/dags/ETL_Without_Crawl.py
[2026-04-11T05:12:46.771+0000] {processor.py:925} INFO - DAG(s) 'etl_without_crawl' retrieved from /opt/airflow/dags/ETL_Without_Crawl.py
[2026-04-11T05:12:46.823+0000] {logging_mixin.py:190} INFO - [2026-04-11T05:12:46.823+0000] {dag.py:3239} INFO - Sync 1 DAGs
[2026-04-11T05:12:46.856+0000] {logging_mixin.py:190} INFO - [2026-04-11T05:12:46.855+0000] {dag.py:4180} INFO - Setting next_dagrun for etl_without_crawl to None, run_after=None
[2026-04-11T05:12:46.939+0000] {processor.py:208} INFO - Processing /opt/airflow/dags/ETL_Without_Crawl.py took 0.197 seconds
[2026-04-11T05:13:17.079+0000] {processor.py:186} INFO - Started process (PID=157) to work on /opt/airflow/dags/ETL_Without_Crawl.py
[2026-04-11T05:13:17.080+0000] {processor.py:914} INFO - Processing file /opt/airflow/dags/ETL_Without_Crawl.py for tasks to queue
[2026-04-11T05:13:17.081+0000] {logging_mixin.py:190} INFO - [2026-04-11T05:13:17.081+0000] {dagbag.py:588} INFO - Filling up the DagBag from /opt/airflow/dags/ETL_Without_Crawl.py
[2026-04-11T05:13:17.101+0000] {processor.py:925} INFO - DAG(s) 'etl_without_crawl' retrieved from /opt/airflow/dags/ETL_Without_Crawl.py
[2026-04-11T05:13:17.144+0000] {logging_mixin.py:190} INFO - [2026-04-11T05:13:17.144+0000] {dag.py:3239} INFO - Sync 1 DAGs
[2026-04-11T05:13:17.169+0000] {logging_mixin.py:190} INFO - [2026-04-11T05:13:17.169+0000] {dag.py:4180} INFO - Setting next_dagrun for etl_without_crawl to None, run_after=None
[2026-04-11T05:13:17.211+0000] {processor.py:208} INFO - Processing /opt/airflow/dags/ETL_Without_Crawl.py took 0.140 seconds
[2026-04-11T05:13:48.878+0000] {processor.py:186} INFO - Started process (PID=161) to work on /opt/airflow/dags/ETL_Without_Crawl.py
[2026-04-11T05:13:48.878+0000] {processor.py:914} INFO - Processing file /opt/airflow/dags/ETL_Without_Crawl.py for tasks to queue
[2026-04-11T05:13:48.880+0000] {logging_mixin.py:190} INFO - [2026-04-11T05:13:48.880+0000] {dagbag.py:588} INFO - Filling up the DagBag from /opt/airflow/dags/ETL_Without_Crawl.py
[2026-04-11T05:13:48.905+0000] {processor.py:925} INFO - DAG(s) 'etl_without_crawl' retrieved from /opt/airflow/dags/ETL_Without_Crawl.py
[2026-04-11T05:13:48.978+0000] {logging_mixin.py:190} INFO - [2026-04-11T05:13:48.977+0000] {dag.py:3239} INFO - Sync 1 DAGs
[2026-04-11T05:13:49.015+0000] {logging_mixin.py:190} INFO - [2026-04-11T05:13:49.014+0000] {dag.py:4180} INFO - Setting next_dagrun for etl_without_crawl to None, run_after=None
[2026-04-11T05:13:49.072+0000] {processor.py:208} INFO - Processing /opt/airflow/dags/ETL_Without_Crawl.py took 0.204 seconds
[2026-04-11T05:14:19.547+0000] {processor.py:186} INFO - Started process (PID=165) to work on /opt/airflow/dags/ETL_Without_Crawl.py
[2026-04-11T05:14:19.548+0000] {processor.py:914} INFO - Processing file /opt/airflow/dags/ETL_Without_Crawl.py for tasks to queue
[2026-04-11T05:14:19.550+0000] {logging_mixin.py:190} INFO - [2026-04-11T05:14:19.550+0000] {dagbag.py:588} INFO - Filling up the DagBag from /opt/airflow/dags/ETL_Without_Crawl.py
[2026-04-11T05:14:19.569+0000] {processor.py:925} INFO - DAG(s) 'etl_without_crawl' retrieved from /opt/airflow/dags/ETL_Without_Crawl.py
[2026-04-11T05:14:19.611+0000] {logging_mixin.py:190} INFO - [2026-04-11T05:14:19.610+0000] {dag.py:3239} INFO - Sync 1 DAGs
[2026-04-11T05:14:19.631+0000] {logging_mixin.py:190} INFO - [2026-04-11T05:14:19.631+0000] {dag.py:4180} INFO - Setting next_dagrun for etl_without_crawl to None, run_after=None
[2026-04-11T05:14:19.664+0000] {processor.py:208} INFO - Processing /opt/airflow/dags/ETL_Without_Crawl.py took 0.125 seconds
[2026-04-11T05:14:49.902+0000] {processor.py:186} INFO - Started process (PID=169) to work on /opt/airflow/dags/ETL_Without_Crawl.py
[2026-04-11T05:14:49.903+0000] {processor.py:914} INFO - Processing file /opt/airflow/dags/ETL_Without_Crawl.py for tasks to queue
[2026-04-11T05:14:49.906+0000] {logging_mixin.py:190} INFO - [2026-04-11T05:14:49.906+0000] {dagbag.py:588} INFO - Filling up the DagBag from /opt/airflow/dags/ETL_Without_Crawl.py
[2026-04-11T05:14:49.944+0000] {processor.py:925} INFO - DAG(s) 'etl_without_crawl' retrieved from /opt/airflow/dags/ETL_Without_Crawl.py
[2026-04-11T05:14:50.055+0000] {logging_mixin.py:190} INFO - [2026-04-11T05:14:50.054+0000] {dag.py:3239} INFO - Sync 1 DAGs
[2026-04-11T05:14:50.113+0000] {logging_mixin.py:190} INFO - [2026-04-11T05:14:50.112+0000] {dag.py:4180} INFO - Setting next_dagrun for etl_without_crawl to None, run_after=None
[2026-04-11T05:14:50.179+0000] {processor.py:208} INFO - Processing /opt/airflow/dags/ETL_Without_Crawl.py took 0.289 seconds
[2026-04-11T05:15:20.305+0000] {processor.py:186} INFO - Started process (PID=173) to work on /opt/airflow/dags/ETL_Without_Crawl.py
[2026-04-11T05:15:20.306+0000] {processor.py:914} INFO - Processing file /opt/airflow/dags/ETL_Without_Crawl.py for tasks to queue
[2026-04-11T05:15:20.307+0000] {logging_mixin.py:190} INFO - [2026-04-11T05:15:20.307+0000] {dagbag.py:588} INFO - Filling up the DagBag from /opt/airflow/dags/ETL_Without_Crawl.py
[2026-04-11T05:15:20.329+0000] {processor.py:925} INFO - DAG(s) 'etl_without_crawl' retrieved from /opt/airflow/dags/ETL_Without_Crawl.py
[2026-04-11T05:15:20.374+0000] {logging_mixin.py:190} INFO - [2026-04-11T05:15:20.374+0000] {dag.py:3239} INFO - Sync 1 DAGs
[2026-04-11T05:15:20.400+0000] {logging_mixin.py:190} INFO - [2026-04-11T05:15:20.400+0000] {dag.py:4180} INFO - Setting next_dagrun for etl_without_crawl to None, run_after=None
[2026-04-11T05:15:20.441+0000] {processor.py:208} INFO - Processing /opt/airflow/dags/ETL_Without_Crawl.py took 0.146 seconds
[2026-04-11T05:15:52.037+0000] {processor.py:186} INFO - Started process (PID=177) to work on /opt/airflow/dags/ETL_Without_Crawl.py
[2026-04-11T05:15:52.038+0000] {processor.py:914} INFO - Processing file /opt/airflow/dags/ETL_Without_Crawl.py for tasks to queue
[2026-04-11T05:15:52.040+0000] {logging_mixin.py:190} INFO - [2026-04-11T05:15:52.040+0000] {dagbag.py:588} INFO - Filling up the DagBag from /opt/airflow/dags/ETL_Without_Crawl.py
[2026-04-11T05:15:52.056+0000] {processor.py:925} INFO - DAG(s) 'etl_without_crawl' retrieved from /opt/airflow/dags/ETL_Without_Crawl.py
[2026-04-11T05:15:52.104+0000] {logging_mixin.py:190} INFO - [2026-04-11T05:15:52.104+0000] {dag.py:3239} INFO - Sync 1 DAGs
[2026-04-11T05:15:52.124+0000] {logging_mixin.py:190} INFO - [2026-04-11T05:15:52.124+0000] {dag.py:4180} INFO - Setting next_dagrun for etl_without_crawl to None, run_after=None
[2026-04-11T05:15:52.147+0000] {processor.py:208} INFO - Processing /opt/airflow/dags/ETL_Without_Crawl.py took 0.116 seconds
[2026-04-11T05:16:22.536+0000] {processor.py:186} INFO - Started process (PID=181) to work on /opt/airflow/dags/ETL_Without_Crawl.py
[2026-04-11T05:16:22.536+0000] {processor.py:914} INFO - Processing file /opt/airflow/dags/ETL_Without_Crawl.py for tasks to queue
[2026-04-11T05:16:22.538+0000] {logging_mixin.py:190} INFO - [2026-04-11T05:16:22.538+0000] {dagbag.py:588} INFO - Filling up the DagBag from /opt/airflow/dags/ETL_Without_Crawl.py
[2026-04-11T05:16:22.554+0000] {processor.py:925} INFO - DAG(s) 'etl_without_crawl' retrieved from /opt/airflow/dags/ETL_Without_Crawl.py
[2026-04-11T05:16:22.594+0000] {logging_mixin.py:190} INFO - [2026-04-11T05:16:22.594+0000] {dag.py:3239} INFO - Sync 1 DAGs
[2026-04-11T05:16:22.616+0000] {logging_mixin.py:190} INFO - [2026-04-11T05:16:22.615+0000] {dag.py:4180} INFO - Setting next_dagrun for etl_without_crawl to None, run_after=None
[2026-04-11T05:16:22.646+0000] {processor.py:208} INFO - Processing /opt/airflow/dags/ETL_Without_Crawl.py took 0.116 seconds
[2026-04-11T05:16:52.848+0000] {processor.py:186} INFO - Started process (PID=185) to work on /opt/airflow/dags/ETL_Without_Crawl.py
[2026-04-11T05:16:52.849+0000] {processor.py:914} INFO - Processing file /opt/airflow/dags/ETL_Without_Crawl.py for tasks to queue
[2026-04-11T05:16:52.851+0000] {logging_mixin.py:190} INFO - [2026-04-11T05:16:52.850+0000] {dagbag.py:588} INFO - Filling up the DagBag from /opt/airflow/dags/ETL_Without_Crawl.py
[2026-04-11T05:16:52.866+0000] {processor.py:925} INFO - DAG(s) 'etl_without_crawl' retrieved from /opt/airflow/dags/ETL_Without_Crawl.py
[2026-04-11T05:16:52.902+0000] {logging_mixin.py:190} INFO - [2026-04-11T05:16:52.902+0000] {dag.py:3239} INFO - Sync 1 DAGs
[2026-04-11T05:16:52.938+0000] {logging_mixin.py:190} INFO - [2026-04-11T05:16:52.938+0000] {dag.py:4180} INFO - Setting next_dagrun for etl_without_crawl to None, run_after=None
[2026-04-11T05:16:52.977+0000] {processor.py:208} INFO - Processing /opt/airflow/dags/ETL_Without_Crawl.py took 0.134 seconds
[2026-04-11T05:17:24.005+0000] {processor.py:186} INFO - Started process (PID=189) to work on /opt/airflow/dags/ETL_Without_Crawl.py
[2026-04-11T05:17:24.005+0000] {processor.py:914} INFO - Processing file /opt/airflow/dags/ETL_Without_Crawl.py for tasks to queue
[2026-04-11T05:17:24.007+0000] {logging_mixin.py:190} INFO - [2026-04-11T05:17:24.006+0000] {dagbag.py:588} INFO - Filling up the DagBag from /opt/airflow/dags/ETL_Without_Crawl.py
[2026-04-11T05:17:24.023+0000] {processor.py:925} INFO - DAG(s) 'etl_without_crawl' retrieved from /opt/airflow/dags/ETL_Without_Crawl.py
[2026-04-11T05:17:24.077+0000] {logging_mixin.py:190} INFO - [2026-04-11T05:17:24.076+0000] {dag.py:3239} INFO - Sync 1 DAGs
[2026-04-11T05:17:24.103+0000] {logging_mixin.py:190} INFO - [2026-04-11T05:17:24.103+0000] {dag.py:4180} INFO - Setting next_dagrun for etl_without_crawl to None, run_after=None
[2026-04-11T05:17:24.136+0000] {processor.py:208} INFO - Processing /opt/airflow/dags/ETL_Without_Crawl.py took 0.140 seconds
[2026-04-11T05:17:54.641+0000] {processor.py:186} INFO - Started process (PID=193) to work on /opt/airflow/dags/ETL_Without_Crawl.py
[2026-04-11T05:17:54.642+0000] {processor.py:914} INFO - Processing file /opt/airflow/dags/ETL_Without_Crawl.py for tasks to queue
[2026-04-11T05:17:54.644+0000] {logging_mixin.py:190} INFO - [2026-04-11T05:17:54.643+0000] {dagbag.py:588} INFO - Filling up the DagBag from /opt/airflow/dags/ETL_Without_Crawl.py
[2026-04-11T05:17:54.658+0000] {processor.py:925} INFO - DAG(s) 'etl_without_crawl' retrieved from /opt/airflow/dags/ETL_Without_Crawl.py
[2026-04-11T05:17:54.693+0000] {logging_mixin.py:190} INFO - [2026-04-11T05:17:54.692+0000] {dag.py:3239} INFO - Sync 1 DAGs
[2026-04-11T05:17:54.712+0000] {logging_mixin.py:190} INFO - [2026-04-11T05:17:54.712+0000] {dag.py:4180} INFO - Setting next_dagrun for etl_without_crawl to None, run_after=None
[2026-04-11T05:17:54.743+0000] {processor.py:208} INFO - Processing /opt/airflow/dags/ETL_Without_Crawl.py took 0.107 seconds
[2026-04-11T05:18:26.095+0000] {processor.py:186} INFO - Started process (PID=197) to work on /opt/airflow/dags/ETL_Without_Crawl.py
[2026-04-11T05:18:26.096+0000] {processor.py:914} INFO - Processing file /opt/airflow/dags/ETL_Without_Crawl.py for tasks to queue
[2026-04-11T05:18:26.097+0000] {logging_mixin.py:190} INFO - [2026-04-11T05:18:26.097+0000] {dagbag.py:588} INFO - Filling up the DagBag from /opt/airflow/dags/ETL_Without_Crawl.py
[2026-04-11T05:18:26.116+0000] {processor.py:925} INFO - DAG(s) 'etl_without_crawl' retrieved from /opt/airflow/dags/ETL_Without_Crawl.py
[2026-04-11T05:18:26.158+0000] {logging_mixin.py:190} INFO - [2026-04-11T05:18:26.158+0000] {dag.py:3239} INFO - Sync 1 DAGs
[2026-04-11T05:18:26.181+0000] {logging_mixin.py:190} INFO - [2026-04-11T05:18:26.181+0000] {dag.py:4180} INFO - Setting next_dagrun for etl_without_crawl to None, run_after=None
[2026-04-11T05:18:26.214+0000] {processor.py:208} INFO - Processing /opt/airflow/dags/ETL_Without_Crawl.py took 0.126 seconds
[2026-04-11T05:18:56.348+0000] {processor.py:186} INFO - Started process (PID=201) to work on /opt/airflow/dags/ETL_Without_Crawl.py
[2026-04-11T05:18:56.349+0000] {processor.py:914} INFO - Processing file /opt/airflow/dags/ETL_Without_Crawl.py for tasks to queue
[2026-04-11T05:18:56.350+0000] {logging_mixin.py:190} INFO - [2026-04-11T05:18:56.349+0000] {dagbag.py:588} INFO - Filling up the DagBag from /opt/airflow/dags/ETL_Without_Crawl.py
[2026-04-11T05:18:56.367+0000] {processor.py:925} INFO - DAG(s) 'etl_without_crawl' retrieved from /opt/airflow/dags/ETL_Without_Crawl.py
[2026-04-11T05:18:56.412+0000] {logging_mixin.py:190} INFO - [2026-04-11T05:18:56.411+0000] {dag.py:3239} INFO - Sync 1 DAGs
[2026-04-11T05:18:56.434+0000] {logging_mixin.py:190} INFO - [2026-04-11T05:18:56.434+0000] {dag.py:4180} INFO - Setting next_dagrun for etl_without_crawl to None, run_after=None
[2026-04-11T05:18:56.467+0000] {processor.py:208} INFO - Processing /opt/airflow/dags/ETL_Without_Crawl.py took 0.125 seconds
[2026-04-11T05:19:26.535+0000] {processor.py:186} INFO - Started process (PID=205) to work on /opt/airflow/dags/ETL_Without_Crawl.py
[2026-04-11T05:19:26.536+0000] {processor.py:914} INFO - Processing file /opt/airflow/dags/ETL_Without_Crawl.py for tasks to queue
[2026-04-11T05:19:26.537+0000] {logging_mixin.py:190} INFO - [2026-04-11T05:19:26.537+0000] {dagbag.py:588} INFO - Filling up the DagBag from /opt/airflow/dags/ETL_Without_Crawl.py
[2026-04-11T05:19:26.552+0000] {processor.py:925} INFO - DAG(s) 'etl_without_crawl' retrieved from /opt/airflow/dags/ETL_Without_Crawl.py
[2026-04-11T05:19:26.594+0000] {logging_mixin.py:190} INFO - [2026-04-11T05:19:26.594+0000] {dag.py:3239} INFO - Sync 1 DAGs
[2026-04-11T05:19:26.620+0000] {logging_mixin.py:190} INFO - [2026-04-11T05:19:26.619+0000] {dag.py:4180} INFO - Setting next_dagrun for etl_without_crawl to None, run_after=None
[2026-04-11T05:19:26.650+0000] {processor.py:208} INFO - Processing /opt/airflow/dags/ETL_Without_Crawl.py took 0.121 seconds
[2026-04-11T05:19:58.204+0000] {processor.py:186} INFO - Started process (PID=209) to work on /opt/airflow/dags/ETL_Without_Crawl.py
[2026-04-11T05:19:58.205+0000] {processor.py:914} INFO - Processing file /opt/airflow/dags/ETL_Without_Crawl.py for tasks to queue
[2026-04-11T05:19:58.207+0000] {logging_mixin.py:190} INFO - [2026-04-11T05:19:58.206+0000] {dagbag.py:588} INFO - Filling up the DagBag from /opt/airflow/dags/ETL_Without_Crawl.py
[2026-04-11T05:19:58.225+0000] {processor.py:925} INFO - DAG(s) 'etl_without_crawl' retrieved from /opt/airflow/dags/ETL_Without_Crawl.py
[2026-04-11T05:19:58.274+0000] {logging_mixin.py:190} INFO - [2026-04-11T05:19:58.273+0000] {dag.py:3239} INFO - Sync 1 DAGs
[2026-04-11T05:19:58.298+0000] {logging_mixin.py:190} INFO - [2026-04-11T05:19:58.298+0000] {dag.py:4180} INFO - Setting next_dagrun for etl_without_crawl to None, run_after=None
[2026-04-11T05:19:58.338+0000] {processor.py:208} INFO - Processing /opt/airflow/dags/ETL_Without_Crawl.py took 0.140 seconds
[2026-04-11T05:20:28.804+0000] {processor.py:186} INFO - Started process (PID=213) to work on /opt/airflow/dags/ETL_Without_Crawl.py
[2026-04-11T05:20:28.805+0000] {processor.py:914} INFO - Processing file /opt/airflow/dags/ETL_Without_Crawl.py for tasks to queue
[2026-04-11T05:20:28.808+0000] {logging_mixin.py:190} INFO - [2026-04-11T05:20:28.807+0000] {dagbag.py:588} INFO - Filling up the DagBag from /opt/airflow/dags/ETL_Without_Crawl.py
[2026-04-11T05:20:28.864+0000] {processor.py:925} INFO - DAG(s) 'etl_without_crawl' retrieved from /opt/airflow/dags/ETL_Without_Crawl.py
[2026-04-11T05:20:28.990+0000] {logging_mixin.py:190} INFO - [2026-04-11T05:20:28.990+0000] {dag.py:3239} INFO - Sync 1 DAGs
[2026-04-11T05:20:29.049+0000] {logging_mixin.py:190} INFO - [2026-04-11T05:20:29.049+0000] {dag.py:4180} INFO - Setting next_dagrun for etl_without_crawl to None, run_after=None
[2026-04-11T05:20:29.122+0000] {processor.py:208} INFO - Processing /opt/airflow/dags/ETL_Without_Crawl.py took 0.337 seconds
[2026-04-11T05:20:59.852+0000] {processor.py:186} INFO - Started process (PID=217) to work on /opt/airflow/dags/ETL_Without_Crawl.py
[2026-04-11T05:20:59.853+0000] {processor.py:914} INFO - Processing file /opt/airflow/dags/ETL_Without_Crawl.py for tasks to queue
[2026-04-11T05:21:00.464+0000] {logging_mixin.py:190} INFO - [2026-04-11T05:21:00.463+0000] {dagbag.py:588} INFO - Filling up the DagBag from /opt/airflow/dags/ETL_Without_Crawl.py
[2026-04-11T05:21:00.628+0000] {processor.py:925} INFO - DAG(s) 'etl_without_crawl' retrieved from /opt/airflow/dags/ETL_Without_Crawl.py
[2026-04-11T05:21:00.787+0000] {logging_mixin.py:190} INFO - [2026-04-11T05:21:00.787+0000] {dag.py:3239} INFO - Sync 1 DAGs
[2026-04-11T05:21:00.860+0000] {logging_mixin.py:190} INFO - [2026-04-11T05:21:00.860+0000] {dag.py:4180} INFO - Setting next_dagrun for etl_without_crawl to None, run_after=None
[2026-04-11T05:21:00.953+0000] {processor.py:208} INFO - Processing /opt/airflow/dags/ETL_Without_Crawl.py took 1.109 seconds
[2026-04-11T05:21:31.264+0000] {processor.py:186} INFO - Started process (PID=221) to work on /opt/airflow/dags/ETL_Without_Crawl.py
[2026-04-11T05:21:31.266+0000] {processor.py:914} INFO - Processing file /opt/airflow/dags/ETL_Without_Crawl.py for tasks to queue
[2026-04-11T05:21:31.269+0000] {logging_mixin.py:190} INFO - [2026-04-11T05:21:31.268+0000] {dagbag.py:588} INFO - Filling up the DagBag from /opt/airflow/dags/ETL_Without_Crawl.py
[2026-04-11T05:21:31.312+0000] {processor.py:925} INFO - DAG(s) 'etl_without_crawl' retrieved from /opt/airflow/dags/ETL_Without_Crawl.py
[2026-04-11T05:21:31.417+0000] {logging_mixin.py:190} INFO - [2026-04-11T05:21:31.416+0000] {dag.py:3239} INFO - Sync 1 DAGs
[2026-04-11T05:21:31.453+0000] {logging_mixin.py:190} INFO - [2026-04-11T05:21:31.453+0000] {dag.py:4180} INFO - Setting next_dagrun for etl_without_crawl to None, run_after=None
[2026-04-11T05:21:31.518+0000] {processor.py:208} INFO - Processing /opt/airflow/dags/ETL_Without_Crawl.py took 0.266 seconds
[2026-04-11T05:22:02.370+0000] {processor.py:186} INFO - Started process (PID=225) to work on /opt/airflow/dags/ETL_Without_Crawl.py
[2026-04-11T05:22:02.371+0000] {processor.py:914} INFO - Processing file /opt/airflow/dags/ETL_Without_Crawl.py for tasks to queue
[2026-04-11T05:22:02.374+0000] {logging_mixin.py:190} INFO - [2026-04-11T05:22:02.374+0000] {dagbag.py:588} INFO - Filling up the DagBag from /opt/airflow/dags/ETL_Without_Crawl.py
[2026-04-11T05:22:02.456+0000] {processor.py:925} INFO - DAG(s) 'etl_without_crawl' retrieved from /opt/airflow/dags/ETL_Without_Crawl.py
[2026-04-11T05:22:02.565+0000] {logging_mixin.py:190} INFO - [2026-04-11T05:22:02.565+0000] {dag.py:3239} INFO - Sync 1 DAGs
[2026-04-11T05:22:02.636+0000] {logging_mixin.py:190} INFO - [2026-04-11T05:22:02.636+0000] {dag.py:4180} INFO - Setting next_dagrun for etl_without_crawl to None, run_after=None
[2026-04-11T05:22:02.750+0000] {processor.py:208} INFO - Processing /opt/airflow/dags/ETL_Without_Crawl.py took 0.396 seconds
[2026-04-11T05:22:33.336+0000] {processor.py:186} INFO - Started process (PID=229) to work on /opt/airflow/dags/ETL_Without_Crawl.py
[2026-04-11T05:22:33.337+0000] {processor.py:914} INFO - Processing file /opt/airflow/dags/ETL_Without_Crawl.py for tasks to queue
[2026-04-11T05:22:33.339+0000] {logging_mixin.py:190} INFO - [2026-04-11T05:22:33.339+0000] {dagbag.py:588} INFO - Filling up the DagBag from /opt/airflow/dags/ETL_Without_Crawl.py
[2026-04-11T05:22:33.362+0000] {processor.py:925} INFO - DAG(s) 'etl_without_crawl' retrieved from /opt/airflow/dags/ETL_Without_Crawl.py
[2026-04-11T05:22:33.419+0000] {logging_mixin.py:190} INFO - [2026-04-11T05:22:33.419+0000] {dag.py:3239} INFO - Sync 1 DAGs
[2026-04-11T05:22:33.450+0000] {logging_mixin.py:190} INFO - [2026-04-11T05:22:33.450+0000] {dag.py:4180} INFO - Setting next_dagrun for etl_without_crawl to None, run_after=None
[2026-04-11T05:22:33.489+0000] {processor.py:208} INFO - Processing /opt/airflow/dags/ETL_Without_Crawl.py took 0.161 seconds
[2026-04-11T05:23:03.688+0000] {processor.py:186} INFO - Started process (PID=233) to work on /opt/airflow/dags/ETL_Without_Crawl.py
[2026-04-11T05:23:03.689+0000] {processor.py:914} INFO - Processing file /opt/airflow/dags/ETL_Without_Crawl.py for tasks to queue
[2026-04-11T05:23:03.690+0000] {logging_mixin.py:190} INFO - [2026-04-11T05:23:03.690+0000] {dagbag.py:588} INFO - Filling up the DagBag from /opt/airflow/dags/ETL_Without_Crawl.py
[2026-04-11T05:23:03.718+0000] {processor.py:925} INFO - DAG(s) 'etl_without_crawl' retrieved from /opt/airflow/dags/ETL_Without_Crawl.py
[2026-04-11T05:23:03.789+0000] {logging_mixin.py:190} INFO - [2026-04-11T05:23:03.789+0000] {dag.py:3239} INFO - Sync 1 DAGs
[2026-04-11T05:23:03.814+0000] {logging_mixin.py:190} INFO - [2026-04-11T05:23:03.814+0000] {dag.py:4180} INFO - Setting next_dagrun for etl_without_crawl to None, run_after=None
[2026-04-11T05:23:03.846+0000] {processor.py:208} INFO - Processing /opt/airflow/dags/ETL_Without_Crawl.py took 0.167 seconds
[2026-04-11T05:23:33.970+0000] {processor.py:186} INFO - Started process (PID=237) to work on /opt/airflow/dags/ETL_Without_Crawl.py
[2026-04-11T05:23:33.971+0000] {processor.py:914} INFO - Processing file /opt/airflow/dags/ETL_Without_Crawl.py for tasks to queue
[2026-04-11T05:23:33.973+0000] {logging_mixin.py:190} INFO - [2026-04-11T05:23:33.973+0000] {dagbag.py:588} INFO - Filling up the DagBag from /opt/airflow/dags/ETL_Without_Crawl.py
[2026-04-11T05:23:34.003+0000] {processor.py:925} INFO - DAG(s) 'etl_without_crawl' retrieved from /opt/airflow/dags/ETL_Without_Crawl.py
[2026-04-11T05:23:34.064+0000] {logging_mixin.py:190} INFO - [2026-04-11T05:23:34.063+0000] {dag.py:3239} INFO - Sync 1 DAGs
[2026-04-11T05:23:34.085+0000] {logging_mixin.py:190} INFO - [2026-04-11T05:23:34.085+0000] {dag.py:4180} INFO - Setting next_dagrun for etl_without_crawl to None, run_after=None
[2026-04-11T05:23:34.122+0000] {processor.py:208} INFO - Processing /opt/airflow/dags/ETL_Without_Crawl.py took 0.159 seconds
[2026-04-11T05:24:04.657+0000] {processor.py:186} INFO - Started process (PID=241) to work on /opt/airflow/dags/ETL_Without_Crawl.py
[2026-04-11T05:24:04.657+0000] {processor.py:914} INFO - Processing file /opt/airflow/dags/ETL_Without_Crawl.py for tasks to queue
[2026-04-11T05:24:04.659+0000] {logging_mixin.py:190} INFO - [2026-04-11T05:24:04.659+0000] {dagbag.py:588} INFO - Filling up the DagBag from /opt/airflow/dags/ETL_Without_Crawl.py
[2026-04-11T05:24:04.674+0000] {processor.py:925} INFO - DAG(s) 'etl_without_crawl' retrieved from /opt/airflow/dags/ETL_Without_Crawl.py
[2026-04-11T05:24:04.712+0000] {logging_mixin.py:190} INFO - [2026-04-11T05:24:04.712+0000] {dag.py:3239} INFO - Sync 1 DAGs
[2026-04-11T05:24:04.732+0000] {logging_mixin.py:190} INFO - [2026-04-11T05:24:04.731+0000] {dag.py:4180} INFO - Setting next_dagrun for etl_without_crawl to None, run_after=None
[2026-04-11T05:24:04.760+0000] {processor.py:208} INFO - Processing /opt/airflow/dags/ETL_Without_Crawl.py took 0.109 seconds
[2026-04-11T05:24:35.069+0000] {processor.py:186} INFO - Started process (PID=245) to work on /opt/airflow/dags/ETL_Without_Crawl.py
[2026-04-11T05:24:35.070+0000] {processor.py:914} INFO - Processing file /opt/airflow/dags/ETL_Without_Crawl.py for tasks to queue
[2026-04-11T05:24:35.071+0000] {logging_mixin.py:190} INFO - [2026-04-11T05:24:35.071+0000] {dagbag.py:588} INFO - Filling up the DagBag from /opt/airflow/dags/ETL_Without_Crawl.py
[2026-04-11T05:24:35.085+0000] {processor.py:925} INFO - DAG(s) 'etl_without_crawl' retrieved from /opt/airflow/dags/ETL_Without_Crawl.py
[2026-04-11T05:24:35.123+0000] {logging_mixin.py:190} INFO - [2026-04-11T05:24:35.123+0000] {dag.py:3239} INFO - Sync 1 DAGs
[2026-04-11T05:24:35.140+0000] {logging_mixin.py:190} INFO - [2026-04-11T05:24:35.140+0000] {dag.py:4180} INFO - Setting next_dagrun for etl_without_crawl to None, run_after=None
[2026-04-11T05:24:35.173+0000] {processor.py:208} INFO - Processing /opt/airflow/dags/ETL_Without_Crawl.py took 0.110 seconds
[2026-04-11T05:25:07.346+0000] {processor.py:186} INFO - Started process (PID=249) to work on /opt/airflow/dags/ETL_Without_Crawl.py
[2026-04-11T05:25:07.347+0000] {processor.py:914} INFO - Processing file /opt/airflow/dags/ETL_Without_Crawl.py for tasks to queue
[2026-04-11T05:25:07.348+0000] {logging_mixin.py:190} INFO - [2026-04-11T05:25:07.348+0000] {dagbag.py:588} INFO - Filling up the DagBag from /opt/airflow/dags/ETL_Without_Crawl.py
[2026-04-11T05:25:07.375+0000] {processor.py:925} INFO - DAG(s) 'etl_without_crawl' retrieved from /opt/airflow/dags/ETL_Without_Crawl.py
[2026-04-11T05:25:07.418+0000] {logging_mixin.py:190} INFO - [2026-04-11T05:25:07.418+0000] {dag.py:3239} INFO - Sync 1 DAGs
[2026-04-11T05:25:07.440+0000] {logging_mixin.py:190} INFO - [2026-04-11T05:25:07.440+0000] {dag.py:4180} INFO - Setting next_dagrun for etl_without_crawl to None, run_after=None
[2026-04-11T05:25:07.469+0000] {processor.py:208} INFO - Processing /opt/airflow/dags/ETL_Without_Crawl.py took 0.135 seconds
[2026-04-11T05:25:38.451+0000] {processor.py:186} INFO - Started process (PID=253) to work on /opt/airflow/dags/ETL_Without_Crawl.py
[2026-04-11T05:25:38.452+0000] {processor.py:914} INFO - Processing file /opt/airflow/dags/ETL_Without_Crawl.py for tasks to queue
[2026-04-11T05:25:38.454+0000] {logging_mixin.py:190} INFO - [2026-04-11T05:25:38.454+0000] {dagbag.py:588} INFO - Filling up the DagBag from /opt/airflow/dags/ETL_Without_Crawl.py
[2026-04-11T05:25:38.469+0000] {processor.py:925} INFO - DAG(s) 'etl_without_crawl' retrieved from /opt/airflow/dags/ETL_Without_Crawl.py
[2026-04-11T05:25:38.508+0000] {logging_mixin.py:190} INFO - [2026-04-11T05:25:38.507+0000] {dag.py:3239} INFO - Sync 1 DAGs
[2026-04-11T05:25:38.532+0000] {logging_mixin.py:190} INFO - [2026-04-11T05:25:38.532+0000] {dag.py:4180} INFO - Setting next_dagrun for etl_without_crawl to None, run_after=None
[2026-04-11T05:25:38.569+0000] {processor.py:208} INFO - Processing /opt/airflow/dags/ETL_Without_Crawl.py took 0.123 seconds
[2026-04-11T05:26:09.080+0000] {processor.py:186} INFO - Started process (PID=257) to work on /opt/airflow/dags/ETL_Without_Crawl.py
[2026-04-11T05:26:09.081+0000] {processor.py:914} INFO - Processing file /opt/airflow/dags/ETL_Without_Crawl.py for tasks to queue
[2026-04-11T05:26:09.083+0000] {logging_mixin.py:190} INFO - [2026-04-11T05:26:09.082+0000] {dagbag.py:588} INFO - Filling up the DagBag from /opt/airflow/dags/ETL_Without_Crawl.py
[2026-04-11T05:26:09.108+0000] {processor.py:925} INFO - DAG(s) 'etl_without_crawl' retrieved from /opt/airflow/dags/ETL_Without_Crawl.py
[2026-04-11T05:26:09.165+0000] {logging_mixin.py:190} INFO - [2026-04-11T05:26:09.165+0000] {dag.py:3239} INFO - Sync 1 DAGs
[2026-04-11T05:26:09.191+0000] {logging_mixin.py:190} INFO - [2026-04-11T05:26:09.191+0000] {dag.py:4180} INFO - Setting next_dagrun for etl_without_crawl to None, run_after=None
[2026-04-11T05:26:09.238+0000] {processor.py:208} INFO - Processing /opt/airflow/dags/ETL_Without_Crawl.py took 0.168 seconds
[2026-04-11T05:26:39.571+0000] {processor.py:186} INFO - Started process (PID=261) to work on /opt/airflow/dags/ETL_Without_Crawl.py
[2026-04-11T05:26:39.571+0000] {processor.py:914} INFO - Processing file /opt/airflow/dags/ETL_Without_Crawl.py for tasks to queue
[2026-04-11T05:26:39.572+0000] {logging_mixin.py:190} INFO - [2026-04-11T05:26:39.572+0000] {dagbag.py:588} INFO - Filling up the DagBag from /opt/airflow/dags/ETL_Without_Crawl.py
[2026-04-11T05:26:39.589+0000] {processor.py:925} INFO - DAG(s) 'etl_without_crawl' retrieved from /opt/airflow/dags/ETL_Without_Crawl.py
[2026-04-11T05:26:39.632+0000] {logging_mixin.py:190} INFO - [2026-04-11T05:26:39.632+0000] {dag.py:3239} INFO - Sync 1 DAGs
[2026-04-11T05:26:39.654+0000] {logging_mixin.py:190} INFO - [2026-04-11T05:26:39.654+0000] {dag.py:4180} INFO - Setting next_dagrun for etl_without_crawl to None, run_after=None
[2026-04-11T05:26:39.686+0000] {processor.py:208} INFO - Processing /opt/airflow/dags/ETL_Without_Crawl.py took 0.123 seconds
[2026-04-11T05:27:10.919+0000] {processor.py:186} INFO - Started process (PID=265) to work on /opt/airflow/dags/ETL_Without_Crawl.py
[2026-04-11T05:27:10.920+0000] {processor.py:914} INFO - Processing file /opt/airflow/dags/ETL_Without_Crawl.py for tasks to queue
[2026-04-11T05:27:10.923+0000] {logging_mixin.py:190} INFO - [2026-04-11T05:27:10.923+0000] {dagbag.py:588} INFO - Filling up the DagBag from /opt/airflow/dags/ETL_Without_Crawl.py
[2026-04-11T05:27:10.948+0000] {processor.py:925} INFO - DAG(s) 'etl_without_crawl' retrieved from /opt/airflow/dags/ETL_Without_Crawl.py
[2026-04-11T05:27:10.994+0000] {logging_mixin.py:190} INFO - [2026-04-11T05:27:10.994+0000] {dag.py:3239} INFO - Sync 1 DAGs
[2026-04-11T05:27:11.018+0000] {logging_mixin.py:190} INFO - [2026-04-11T05:27:11.018+0000] {dag.py:4180} INFO - Setting next_dagrun for etl_without_crawl to None, run_after=None
[2026-04-11T05:27:11.052+0000] {processor.py:208} INFO - Processing /opt/airflow/dags/ETL_Without_Crawl.py took 0.141 seconds
[2026-04-11T05:27:41.728+0000] {processor.py:186} INFO - Started process (PID=269) to work on /opt/airflow/dags/ETL_Without_Crawl.py
[2026-04-11T05:27:41.729+0000] {processor.py:914} INFO - Processing file /opt/airflow/dags/ETL_Without_Crawl.py for tasks to queue
[2026-04-11T05:27:41.730+0000] {logging_mixin.py:190} INFO - [2026-04-11T05:27:41.730+0000] {dagbag.py:588} INFO - Filling up the DagBag from /opt/airflow/dags/ETL_Without_Crawl.py
[2026-04-11T05:27:41.747+0000] {processor.py:925} INFO - DAG(s) 'etl_without_crawl' retrieved from /opt/airflow/dags/ETL_Without_Crawl.py
[2026-04-11T05:27:41.787+0000] {logging_mixin.py:190} INFO - [2026-04-11T05:27:41.787+0000] {dag.py:3239} INFO - Sync 1 DAGs
[2026-04-11T05:27:41.814+0000] {logging_mixin.py:190} INFO - [2026-04-11T05:27:41.814+0000] {dag.py:4180} INFO - Setting next_dagrun for etl_without_crawl to None, run_after=None
[2026-04-11T05:27:41.846+0000] {processor.py:208} INFO - Processing /opt/airflow/dags/ETL_Without_Crawl.py took 0.123 seconds
[2026-04-11T05:28:12.370+0000] {processor.py:186} INFO - Started process (PID=273) to work on /opt/airflow/dags/ETL_Without_Crawl.py
[2026-04-11T05:28:12.371+0000] {processor.py:914} INFO - Processing file /opt/airflow/dags/ETL_Without_Crawl.py for tasks to queue
[2026-04-11T05:28:12.372+0000] {logging_mixin.py:190} INFO - [2026-04-11T05:28:12.372+0000] {dagbag.py:588} INFO - Filling up the DagBag from /opt/airflow/dags/ETL_Without_Crawl.py
[2026-04-11T05:28:12.390+0000] {processor.py:925} INFO - DAG(s) 'etl_without_crawl' retrieved from /opt/airflow/dags/ETL_Without_Crawl.py
[2026-04-11T05:28:12.431+0000] {logging_mixin.py:190} INFO - [2026-04-11T05:28:12.431+0000] {dag.py:3239} INFO - Sync 1 DAGs
[2026-04-11T05:28:12.454+0000] {logging_mixin.py:190} INFO - [2026-04-11T05:28:12.454+0000] {dag.py:4180} INFO - Setting next_dagrun for etl_without_crawl to None, run_after=None
[2026-04-11T05:28:12.489+0000] {processor.py:208} INFO - Processing /opt/airflow/dags/ETL_Without_Crawl.py took 0.125 seconds
[2026-04-11T05:28:44.961+0000] {processor.py:186} INFO - Started process (PID=277) to work on /opt/airflow/dags/ETL_Without_Crawl.py
[2026-04-11T05:28:44.962+0000] {processor.py:914} INFO - Processing file /opt/airflow/dags/ETL_Without_Crawl.py for tasks to queue
[2026-04-11T05:28:44.966+0000] {logging_mixin.py:190} INFO - [2026-04-11T05:28:44.965+0000] {dagbag.py:588} INFO - Filling up the DagBag from /opt/airflow/dags/ETL_Without_Crawl.py
[2026-04-11T05:28:44.996+0000] {processor.py:925} INFO - DAG(s) 'etl_without_crawl' retrieved from /opt/airflow/dags/ETL_Without_Crawl.py
[2026-04-11T05:28:45.065+0000] {logging_mixin.py:190} INFO - [2026-04-11T05:28:45.064+0000] {dag.py:3239} INFO - Sync 1 DAGs
[2026-04-11T05:28:45.094+0000] {logging_mixin.py:190} INFO - [2026-04-11T05:28:45.094+0000] {dag.py:4180} INFO - Setting next_dagrun for etl_without_crawl to None, run_after=None
[2026-04-11T05:28:45.151+0000] {processor.py:208} INFO - Processing /opt/airflow/dags/ETL_Without_Crawl.py took 0.199 seconds
[2026-04-11T05:29:16.358+0000] {processor.py:186} INFO - Started process (PID=281) to work on /opt/airflow/dags/ETL_Without_Crawl.py
[2026-04-11T05:29:16.359+0000] {processor.py:914} INFO - Processing file /opt/airflow/dags/ETL_Without_Crawl.py for tasks to queue
[2026-04-11T05:29:16.360+0000] {logging_mixin.py:190} INFO - [2026-04-11T05:29:16.359+0000] {dagbag.py:588} INFO - Filling up the DagBag from /opt/airflow/dags/ETL_Without_Crawl.py
[2026-04-11T05:29:16.375+0000] {processor.py:925} INFO - DAG(s) 'etl_without_crawl' retrieved from /opt/airflow/dags/ETL_Without_Crawl.py
[2026-04-11T05:29:16.417+0000] {logging_mixin.py:190} INFO - [2026-04-11T05:29:16.417+0000] {dag.py:3239} INFO - Sync 1 DAGs
[2026-04-11T05:29:16.438+0000] {logging_mixin.py:190} INFO - [2026-04-11T05:29:16.438+0000] {dag.py:4180} INFO - Setting next_dagrun for etl_without_crawl to None, run_after=None
[2026-04-11T05:29:16.472+0000] {processor.py:208} INFO - Processing /opt/airflow/dags/ETL_Without_Crawl.py took 0.121 seconds
[2026-04-11T05:29:47.097+0000] {processor.py:186} INFO - Started process (PID=285) to work on /opt/airflow/dags/ETL_Without_Crawl.py
[2026-04-11T05:29:47.098+0000] {processor.py:914} INFO - Processing file /opt/airflow/dags/ETL_Without_Crawl.py for tasks to queue
[2026-04-11T05:29:47.099+0000] {logging_mixin.py:190} INFO - [2026-04-11T05:29:47.099+0000] {dagbag.py:588} INFO - Filling up the DagBag from /opt/airflow/dags/ETL_Without_Crawl.py
[2026-04-11T05:29:47.114+0000] {processor.py:925} INFO - DAG(s) 'etl_without_crawl' retrieved from /opt/airflow/dags/ETL_Without_Crawl.py
[2026-04-11T05:29:47.163+0000] {logging_mixin.py:190} INFO - [2026-04-11T05:29:47.163+0000] {dag.py:3239} INFO - Sync 1 DAGs
[2026-04-11T05:29:47.191+0000] {logging_mixin.py:190} INFO - [2026-04-11T05:29:47.191+0000] {dag.py:4180} INFO - Setting next_dagrun for etl_without_crawl to None, run_after=None
[2026-04-11T05:29:47.225+0000] {processor.py:208} INFO - Processing /opt/airflow/dags/ETL_Without_Crawl.py took 0.134 seconds
[2026-04-11T05:30:17.668+0000] {processor.py:186} INFO - Started process (PID=289) to work on /opt/airflow/dags/ETL_Without_Crawl.py
[2026-04-11T05:30:17.669+0000] {processor.py:914} INFO - Processing file /opt/airflow/dags/ETL_Without_Crawl.py for tasks to queue
[2026-04-11T05:30:17.671+0000] {logging_mixin.py:190} INFO - [2026-04-11T05:30:17.670+0000] {dagbag.py:588} INFO - Filling up the DagBag from /opt/airflow/dags/ETL_Without_Crawl.py
[2026-04-11T05:30:17.686+0000] {processor.py:925} INFO - DAG(s) 'etl_without_crawl' retrieved from /opt/airflow/dags/ETL_Without_Crawl.py
[2026-04-11T05:30:17.728+0000] {logging_mixin.py:190} INFO - [2026-04-11T05:30:17.728+0000] {dag.py:3239} INFO - Sync 1 DAGs
[2026-04-11T05:30:17.748+0000] {logging_mixin.py:190} INFO - [2026-04-11T05:30:17.748+0000] {dag.py:4180} INFO - Setting next_dagrun for etl_without_crawl to None, run_after=None
[2026-04-11T05:30:17.777+0000] {processor.py:208} INFO - Processing /opt/airflow/dags/ETL_Without_Crawl.py took 0.114 seconds
[2026-04-11T05:30:49.060+0000] {processor.py:186} INFO - Started process (PID=293) to work on /opt/airflow/dags/ETL_Without_Crawl.py
[2026-04-11T05:30:49.061+0000] {processor.py:914} INFO - Processing file /opt/airflow/dags/ETL_Without_Crawl.py for tasks to queue
[2026-04-11T05:30:49.062+0000] {logging_mixin.py:190} INFO - [2026-04-11T05:30:49.062+0000] {dagbag.py:588} INFO - Filling up the DagBag from /opt/airflow/dags/ETL_Without_Crawl.py
[2026-04-11T05:30:49.077+0000] {processor.py:925} INFO - DAG(s) 'etl_without_crawl' retrieved from /opt/airflow/dags/ETL_Without_Crawl.py
[2026-04-11T05:30:49.115+0000] {logging_mixin.py:190} INFO - [2026-04-11T05:30:49.115+0000] {dag.py:3239} INFO - Sync 1 DAGs
[2026-04-11T05:30:49.137+0000] {logging_mixin.py:190} INFO - [2026-04-11T05:30:49.137+0000] {dag.py:4180} INFO - Setting next_dagrun for etl_without_crawl to None, run_after=None
[2026-04-11T05:30:49.181+0000] {processor.py:208} INFO - Processing /opt/airflow/dags/ETL_Without_Crawl.py took 0.128 seconds
[2026-04-11T05:31:19.292+0000] {processor.py:186} INFO - Started process (PID=297) to work on /opt/airflow/dags/ETL_Without_Crawl.py
[2026-04-11T05:31:19.293+0000] {processor.py:914} INFO - Processing file /opt/airflow/dags/ETL_Without_Crawl.py for tasks to queue
[2026-04-11T05:31:19.295+0000] {logging_mixin.py:190} INFO - [2026-04-11T05:31:19.294+0000] {dagbag.py:588} INFO - Filling up the DagBag from /opt/airflow/dags/ETL_Without_Crawl.py
[2026-04-11T05:31:19.318+0000] {processor.py:925} INFO - DAG(s) 'etl_without_crawl' retrieved from /opt/airflow/dags/ETL_Without_Crawl.py
[2026-04-11T05:31:19.373+0000] {logging_mixin.py:190} INFO - [2026-04-11T05:31:19.373+0000] {dag.py:3239} INFO - Sync 1 DAGs
[2026-04-11T05:31:19.399+0000] {logging_mixin.py:190} INFO - [2026-04-11T05:31:19.399+0000] {dag.py:4180} INFO - Setting next_dagrun for etl_without_crawl to None, run_after=None
[2026-04-11T05:31:19.433+0000] {processor.py:208} INFO - Processing /opt/airflow/dags/ETL_Without_Crawl.py took 0.150 seconds
[2026-04-11T05:31:51.093+0000] {processor.py:186} INFO - Started process (PID=301) to work on /opt/airflow/dags/ETL_Without_Crawl.py
[2026-04-11T05:31:51.094+0000] {processor.py:914} INFO - Processing file /opt/airflow/dags/ETL_Without_Crawl.py for tasks to queue
[2026-04-11T05:31:51.095+0000] {logging_mixin.py:190} INFO - [2026-04-11T05:31:51.095+0000] {dagbag.py:588} INFO - Filling up the DagBag from /opt/airflow/dags/ETL_Without_Crawl.py
[2026-04-11T05:31:51.112+0000] {processor.py:925} INFO - DAG(s) 'etl_without_crawl' retrieved from /opt/airflow/dags/ETL_Without_Crawl.py
[2026-04-11T05:31:51.162+0000] {logging_mixin.py:190} INFO - [2026-04-11T05:31:51.162+0000] {dag.py:3239} INFO - Sync 1 DAGs
[2026-04-11T05:31:51.185+0000] {logging_mixin.py:190} INFO - [2026-04-11T05:31:51.184+0000] {dag.py:4180} INFO - Setting next_dagrun for etl_without_crawl to None, run_after=None
[2026-04-11T05:31:51.215+0000] {processor.py:208} INFO - Processing /opt/airflow/dags/ETL_Without_Crawl.py took 0.129 seconds
[2026-04-11T05:32:21.678+0000] {processor.py:186} INFO - Started process (PID=305) to work on /opt/airflow/dags/ETL_Without_Crawl.py
[2026-04-11T05:32:21.679+0000] {processor.py:914} INFO - Processing file /opt/airflow/dags/ETL_Without_Crawl.py for tasks to queue
[2026-04-11T05:32:21.681+0000] {logging_mixin.py:190} INFO - [2026-04-11T05:32:21.680+0000] {dagbag.py:588} INFO - Filling up the DagBag from /opt/airflow/dags/ETL_Without_Crawl.py
[2026-04-11T05:32:21.706+0000] {processor.py:925} INFO - DAG(s) 'etl_without_crawl' retrieved from /opt/airflow/dags/ETL_Without_Crawl.py
[2026-04-11T05:32:21.755+0000] {logging_mixin.py:190} INFO - [2026-04-11T05:32:21.754+0000] {dag.py:3239} INFO - Sync 1 DAGs
[2026-04-11T05:32:21.777+0000] {logging_mixin.py:190} INFO - [2026-04-11T05:32:21.777+0000] {dag.py:4180} INFO - Setting next_dagrun for etl_without_crawl to None, run_after=None
[2026-04-11T05:32:21.823+0000] {processor.py:208} INFO - Processing /opt/airflow/dags/ETL_Without_Crawl.py took 0.150 seconds
[2026-04-11T05:32:52.060+0000] {processor.py:186} INFO - Started process (PID=309) to work on /opt/airflow/dags/ETL_Without_Crawl.py
[2026-04-11T05:32:52.061+0000] {processor.py:914} INFO - Processing file /opt/airflow/dags/ETL_Without_Crawl.py for tasks to queue
[2026-04-11T05:32:52.063+0000] {logging_mixin.py:190} INFO - [2026-04-11T05:32:52.062+0000] {dagbag.py:588} INFO - Filling up the DagBag from /opt/airflow/dags/ETL_Without_Crawl.py
[2026-04-11T05:32:52.095+0000] {processor.py:925} INFO - DAG(s) 'etl_without_crawl' retrieved from /opt/airflow/dags/ETL_Without_Crawl.py
[2026-04-11T05:32:52.148+0000] {logging_mixin.py:190} INFO - [2026-04-11T05:32:52.148+0000] {dag.py:3239} INFO - Sync 1 DAGs
[2026-04-11T05:32:52.182+0000] {logging_mixin.py:190} INFO - [2026-04-11T05:32:52.182+0000] {dag.py:4180} INFO - Setting next_dagrun for etl_without_crawl to None, run_after=None
[2026-04-11T05:32:52.226+0000] {processor.py:208} INFO - Processing /opt/airflow/dags/ETL_Without_Crawl.py took 0.174 seconds
[2026-04-11T05:33:23.303+0000] {processor.py:186} INFO - Started process (PID=313) to work on /opt/airflow/dags/ETL_Without_Crawl.py
[2026-04-11T05:33:23.304+0000] {processor.py:914} INFO - Processing file /opt/airflow/dags/ETL_Without_Crawl.py for tasks to queue
[2026-04-11T05:33:23.305+0000] {logging_mixin.py:190} INFO - [2026-04-11T05:33:23.305+0000] {dagbag.py:588} INFO - Filling up the DagBag from /opt/airflow/dags/ETL_Without_Crawl.py
[2026-04-11T05:33:23.322+0000] {processor.py:925} INFO - DAG(s) 'etl_without_crawl' retrieved from /opt/airflow/dags/ETL_Without_Crawl.py
[2026-04-11T05:33:23.372+0000] {logging_mixin.py:190} INFO - [2026-04-11T05:33:23.372+0000] {dag.py:3239} INFO - Sync 1 DAGs
[2026-04-11T05:33:23.397+0000] {logging_mixin.py:190} INFO - [2026-04-11T05:33:23.397+0000] {dag.py:4180} INFO - Setting next_dagrun for etl_without_crawl to None, run_after=None
[2026-04-11T05:33:23.435+0000] {processor.py:208} INFO - Processing /opt/airflow/dags/ETL_Without_Crawl.py took 0.137 seconds
[2026-04-11T05:33:54.032+0000] {processor.py:186} INFO - Started process (PID=317) to work on /opt/airflow/dags/ETL_Without_Crawl.py
[2026-04-11T05:33:54.033+0000] {processor.py:914} INFO - Processing file /opt/airflow/dags/ETL_Without_Crawl.py for tasks to queue
[2026-04-11T05:33:54.035+0000] {logging_mixin.py:190} INFO - [2026-04-11T05:33:54.035+0000] {dagbag.py:588} INFO - Filling up the DagBag from /opt/airflow/dags/ETL_Without_Crawl.py
[2026-04-11T05:33:54.056+0000] {processor.py:925} INFO - DAG(s) 'etl_without_crawl' retrieved from /opt/airflow/dags/ETL_Without_Crawl.py
[2026-04-11T05:33:54.104+0000] {logging_mixin.py:190} INFO - [2026-04-11T05:33:54.104+0000] {dag.py:3239} INFO - Sync 1 DAGs
[2026-04-11T05:33:54.126+0000] {logging_mixin.py:190} INFO - [2026-04-11T05:33:54.125+0000] {dag.py:4180} INFO - Setting next_dagrun for etl_without_crawl to None, run_after=None
[2026-04-11T05:33:54.175+0000] {processor.py:208} INFO - Processing /opt/airflow/dags/ETL_Without_Crawl.py took 0.151 seconds
[2026-04-11T05:34:24.794+0000] {processor.py:186} INFO - Started process (PID=321) to work on /opt/airflow/dags/ETL_Without_Crawl.py
[2026-04-11T05:34:24.795+0000] {processor.py:914} INFO - Processing file /opt/airflow/dags/ETL_Without_Crawl.py for tasks to queue
[2026-04-11T05:34:24.796+0000] {logging_mixin.py:190} INFO - [2026-04-11T05:34:24.796+0000] {dagbag.py:588} INFO - Filling up the DagBag from /opt/airflow/dags/ETL_Without_Crawl.py
[2026-04-11T05:34:24.816+0000] {processor.py:925} INFO - DAG(s) 'etl_without_crawl' retrieved from /opt/airflow/dags/ETL_Without_Crawl.py
[2026-04-11T05:34:24.857+0000] {logging_mixin.py:190} INFO - [2026-04-11T05:34:24.857+0000] {dag.py:3239} INFO - Sync 1 DAGs
[2026-04-11T05:34:24.879+0000] {logging_mixin.py:190} INFO - [2026-04-11T05:34:24.879+0000] {dag.py:4180} INFO - Setting next_dagrun for etl_without_crawl to None, run_after=None
[2026-04-11T05:34:24.915+0000] {processor.py:208} INFO - Processing /opt/airflow/dags/ETL_Without_Crawl.py took 0.128 seconds
[2026-04-11T05:34:56.247+0000] {processor.py:186} INFO - Started process (PID=325) to work on /opt/airflow/dags/ETL_Without_Crawl.py
[2026-04-11T05:34:56.247+0000] {processor.py:914} INFO - Processing file /opt/airflow/dags/ETL_Without_Crawl.py for tasks to queue
[2026-04-11T05:34:56.249+0000] {logging_mixin.py:190} INFO - [2026-04-11T05:34:56.249+0000] {dagbag.py:588} INFO - Filling up the DagBag from /opt/airflow/dags/ETL_Without_Crawl.py
[2026-04-11T05:34:56.270+0000] {processor.py:925} INFO - DAG(s) 'etl_without_crawl' retrieved from /opt/airflow/dags/ETL_Without_Crawl.py
[2026-04-11T05:34:56.320+0000] {logging_mixin.py:190} INFO - [2026-04-11T05:34:56.320+0000] {dag.py:3239} INFO - Sync 1 DAGs
[2026-04-11T05:34:56.345+0000] {logging_mixin.py:190} INFO - [2026-04-11T05:34:56.345+0000] {dag.py:4180} INFO - Setting next_dagrun for etl_without_crawl to None, run_after=None
[2026-04-11T05:34:56.376+0000] {processor.py:208} INFO - Processing /opt/airflow/dags/ETL_Without_Crawl.py took 0.138 seconds
[2026-04-11T05:35:26.444+0000] {processor.py:186} INFO - Started process (PID=328) to work on /opt/airflow/dags/ETL_Without_Crawl.py
[2026-04-11T05:35:26.446+0000] {processor.py:914} INFO - Processing file /opt/airflow/dags/ETL_Without_Crawl.py for tasks to queue
[2026-04-11T05:35:26.448+0000] {logging_mixin.py:190} INFO - [2026-04-11T05:35:26.448+0000] {dagbag.py:588} INFO - Filling up the DagBag from /opt/airflow/dags/ETL_Without_Crawl.py
[2026-04-11T05:35:26.491+0000] {processor.py:925} INFO - DAG(s) 'etl_without_crawl' retrieved from /opt/airflow/dags/ETL_Without_Crawl.py
[2026-04-11T05:35:26.582+0000] {logging_mixin.py:190} INFO - [2026-04-11T05:35:26.581+0000] {dag.py:3239} INFO - Sync 1 DAGs
[2026-04-11T05:35:26.611+0000] {logging_mixin.py:190} INFO - [2026-04-11T05:35:26.611+0000] {dag.py:4180} INFO - Setting next_dagrun for etl_without_crawl to None, run_after=None
[2026-04-11T05:35:26.652+0000] {processor.py:208} INFO - Processing /opt/airflow/dags/ETL_Without_Crawl.py took 0.219 seconds
[2026-04-11T05:35:57.310+0000] {processor.py:186} INFO - Started process (PID=333) to work on /opt/airflow/dags/ETL_Without_Crawl.py
[2026-04-11T05:35:57.310+0000] {processor.py:914} INFO - Processing file /opt/airflow/dags/ETL_Without_Crawl.py for tasks to queue
[2026-04-11T05:35:57.312+0000] {logging_mixin.py:190} INFO - [2026-04-11T05:35:57.311+0000] {dagbag.py:588} INFO - Filling up the DagBag from /opt/airflow/dags/ETL_Without_Crawl.py
[2026-04-11T05:35:57.330+0000] {processor.py:925} INFO - DAG(s) 'etl_without_crawl' retrieved from /opt/airflow/dags/ETL_Without_Crawl.py
[2026-04-11T05:35:57.377+0000] {logging_mixin.py:190} INFO - [2026-04-11T05:35:57.377+0000] {dag.py:3239} INFO - Sync 1 DAGs
[2026-04-11T05:35:57.402+0000] {logging_mixin.py:190} INFO - [2026-04-11T05:35:57.401+0000] {dag.py:4180} INFO - Setting next_dagrun for etl_without_crawl to None, run_after=None
[2026-04-11T05:35:57.436+0000] {processor.py:208} INFO - Processing /opt/airflow/dags/ETL_Without_Crawl.py took 0.132 seconds
[2026-04-11T05:36:28.922+0000] {processor.py:186} INFO - Started process (PID=337) to work on /opt/airflow/dags/ETL_Without_Crawl.py
[2026-04-11T05:36:28.922+0000] {processor.py:914} INFO - Processing file /opt/airflow/dags/ETL_Without_Crawl.py for tasks to queue
[2026-04-11T05:36:28.923+0000] {logging_mixin.py:190} INFO - [2026-04-11T05:36:28.923+0000] {dagbag.py:588} INFO - Filling up the DagBag from /opt/airflow/dags/ETL_Without_Crawl.py
[2026-04-11T05:36:28.941+0000] {processor.py:925} INFO - DAG(s) 'etl_without_crawl' retrieved from /opt/airflow/dags/ETL_Without_Crawl.py
[2026-04-11T05:36:28.995+0000] {logging_mixin.py:190} INFO - [2026-04-11T05:36:28.995+0000] {dag.py:3239} INFO - Sync 1 DAGs
[2026-04-11T05:36:29.024+0000] {logging_mixin.py:190} INFO - [2026-04-11T05:36:29.024+0000] {dag.py:4180} INFO - Setting next_dagrun for etl_without_crawl to None, run_after=None
[2026-04-11T05:36:29.060+0000] {processor.py:208} INFO - Processing /opt/airflow/dags/ETL_Without_Crawl.py took 0.145 seconds
[2026-04-11T05:36:59.318+0000] {processor.py:186} INFO - Started process (PID=341) to work on /opt/airflow/dags/ETL_Without_Crawl.py
[2026-04-11T05:36:59.318+0000] {processor.py:914} INFO - Processing file /opt/airflow/dags/ETL_Without_Crawl.py for tasks to queue
[2026-04-11T05:36:59.321+0000] {logging_mixin.py:190} INFO - [2026-04-11T05:36:59.320+0000] {dagbag.py:588} INFO - Filling up the DagBag from /opt/airflow/dags/ETL_Without_Crawl.py
[2026-04-11T05:36:59.342+0000] {processor.py:925} INFO - DAG(s) 'etl_without_crawl' retrieved from /opt/airflow/dags/ETL_Without_Crawl.py
[2026-04-11T05:36:59.391+0000] {logging_mixin.py:190} INFO - [2026-04-11T05:36:59.390+0000] {dag.py:3239} INFO - Sync 1 DAGs
[2026-04-11T05:36:59.425+0000] {logging_mixin.py:190} INFO - [2026-04-11T05:36:59.424+0000] {dag.py:4180} INFO - Setting next_dagrun for etl_without_crawl to None, run_after=None
[2026-04-11T05:36:59.482+0000] {processor.py:208} INFO - Processing /opt/airflow/dags/ETL_Without_Crawl.py took 0.172 seconds
[2026-04-11T05:37:29.588+0000] {processor.py:186} INFO - Started process (PID=345) to work on /opt/airflow/dags/ETL_Without_Crawl.py
[2026-04-11T05:37:29.589+0000] {processor.py:914} INFO - Processing file /opt/airflow/dags/ETL_Without_Crawl.py for tasks to queue
[2026-04-11T05:37:29.591+0000] {logging_mixin.py:190} INFO - [2026-04-11T05:37:29.591+0000] {dagbag.py:588} INFO - Filling up the DagBag from /opt/airflow/dags/ETL_Without_Crawl.py
[2026-04-11T05:37:29.622+0000] {processor.py:925} INFO - DAG(s) 'etl_without_crawl' retrieved from /opt/airflow/dags/ETL_Without_Crawl.py
[2026-04-11T05:37:29.681+0000] {logging_mixin.py:190} INFO - [2026-04-11T05:37:29.681+0000] {dag.py:3239} INFO - Sync 1 DAGs
[2026-04-11T05:37:29.707+0000] {logging_mixin.py:190} INFO - [2026-04-11T05:37:29.706+0000] {dag.py:4180} INFO - Setting next_dagrun for etl_without_crawl to None, run_after=None
[2026-04-11T05:37:29.755+0000] {processor.py:208} INFO - Processing /opt/airflow/dags/ETL_Without_Crawl.py took 0.175 seconds
[2026-04-11T05:38:00.621+0000] {processor.py:186} INFO - Started process (PID=349) to work on /opt/airflow/dags/ETL_Without_Crawl.py
[2026-04-11T05:38:00.622+0000] {processor.py:914} INFO - Processing file /opt/airflow/dags/ETL_Without_Crawl.py for tasks to queue
[2026-04-11T05:38:00.623+0000] {logging_mixin.py:190} INFO - [2026-04-11T05:38:00.623+0000] {dagbag.py:588} INFO - Filling up the DagBag from /opt/airflow/dags/ETL_Without_Crawl.py
[2026-04-11T05:38:00.641+0000] {processor.py:925} INFO - DAG(s) 'etl_without_crawl' retrieved from /opt/airflow/dags/ETL_Without_Crawl.py
[2026-04-11T05:38:00.691+0000] {logging_mixin.py:190} INFO - [2026-04-11T05:38:00.691+0000] {dag.py:3239} INFO - Sync 1 DAGs
[2026-04-11T05:38:00.714+0000] {logging_mixin.py:190} INFO - [2026-04-11T05:38:00.714+0000] {dag.py:4180} INFO - Setting next_dagrun for etl_without_crawl to None, run_after=None
[2026-04-11T05:38:00.750+0000] {processor.py:208} INFO - Processing /opt/airflow/dags/ETL_Without_Crawl.py took 0.138 seconds
[2026-04-11T05:38:32.211+0000] {processor.py:186} INFO - Started process (PID=353) to work on /opt/airflow/dags/ETL_Without_Crawl.py
[2026-04-11T05:38:32.212+0000] {processor.py:914} INFO - Processing file /opt/airflow/dags/ETL_Without_Crawl.py for tasks to queue
[2026-04-11T05:38:32.213+0000] {logging_mixin.py:190} INFO - [2026-04-11T05:38:32.213+0000] {dagbag.py:588} INFO - Filling up the DagBag from /opt/airflow/dags/ETL_Without_Crawl.py
[2026-04-11T05:38:32.229+0000] {processor.py:925} INFO - DAG(s) 'etl_without_crawl' retrieved from /opt/airflow/dags/ETL_Without_Crawl.py
[2026-04-11T05:38:32.272+0000] {logging_mixin.py:190} INFO - [2026-04-11T05:38:32.271+0000] {dag.py:3239} INFO - Sync 1 DAGs
[2026-04-11T05:38:32.296+0000] {logging_mixin.py:190} INFO - [2026-04-11T05:38:32.296+0000] {dag.py:4180} INFO - Setting next_dagrun for etl_without_crawl to None, run_after=None
[2026-04-11T05:38:32.346+0000] {processor.py:208} INFO - Processing /opt/airflow/dags/ETL_Without_Crawl.py took 0.141 seconds
[2026-04-11T05:39:02.723+0000] {processor.py:186} INFO - Started process (PID=357) to work on /opt/airflow/dags/ETL_Without_Crawl.py
[2026-04-11T05:39:02.724+0000] {processor.py:914} INFO - Processing file /opt/airflow/dags/ETL_Without_Crawl.py for tasks to queue
[2026-04-11T05:39:02.726+0000] {logging_mixin.py:190} INFO - [2026-04-11T05:39:02.726+0000] {dagbag.py:588} INFO - Filling up the DagBag from /opt/airflow/dags/ETL_Without_Crawl.py
[2026-04-11T05:39:02.752+0000] {processor.py:925} INFO - DAG(s) 'etl_without_crawl' retrieved from /opt/airflow/dags/ETL_Without_Crawl.py
[2026-04-11T05:39:02.817+0000] {logging_mixin.py:190} INFO - [2026-04-11T05:39:02.816+0000] {dag.py:3239} INFO - Sync 1 DAGs
[2026-04-11T05:39:02.845+0000] {logging_mixin.py:190} INFO - [2026-04-11T05:39:02.845+0000] {dag.py:4180} INFO - Setting next_dagrun for etl_without_crawl to None, run_after=None
[2026-04-11T05:39:02.899+0000] {processor.py:208} INFO - Processing /opt/airflow/dags/ETL_Without_Crawl.py took 0.185 seconds
[2026-04-11T05:39:35.244+0000] {processor.py:186} INFO - Started process (PID=361) to work on /opt/airflow/dags/ETL_Without_Crawl.py
[2026-04-11T05:39:35.245+0000] {processor.py:914} INFO - Processing file /opt/airflow/dags/ETL_Without_Crawl.py for tasks to queue
[2026-04-11T05:39:35.248+0000] {logging_mixin.py:190} INFO - [2026-04-11T05:39:35.247+0000] {dagbag.py:588} INFO - Filling up the DagBag from /opt/airflow/dags/ETL_Without_Crawl.py
[2026-04-11T05:39:35.286+0000] {processor.py:925} INFO - DAG(s) 'etl_without_crawl' retrieved from /opt/airflow/dags/ETL_Without_Crawl.py
[2026-04-11T05:39:35.356+0000] {logging_mixin.py:190} INFO - [2026-04-11T05:39:35.355+0000] {dag.py:3239} INFO - Sync 1 DAGs
[2026-04-11T05:39:35.391+0000] {logging_mixin.py:190} INFO - [2026-04-11T05:39:35.391+0000] {dag.py:4180} INFO - Setting next_dagrun for etl_without_crawl to None, run_after=None
[2026-04-11T05:39:35.454+0000] {processor.py:208} INFO - Processing /opt/airflow/dags/ETL_Without_Crawl.py took 0.224 seconds
[2026-04-11T05:40:06.234+0000] {processor.py:186} INFO - Started process (PID=365) to work on /opt/airflow/dags/ETL_Without_Crawl.py
[2026-04-11T05:40:06.235+0000] {processor.py:914} INFO - Processing file /opt/airflow/dags/ETL_Without_Crawl.py for tasks to queue
[2026-04-11T05:40:06.237+0000] {logging_mixin.py:190} INFO - [2026-04-11T05:40:06.237+0000] {dagbag.py:588} INFO - Filling up the DagBag from /opt/airflow/dags/ETL_Without_Crawl.py
[2026-04-11T05:40:06.267+0000] {processor.py:925} INFO - DAG(s) 'etl_without_crawl' retrieved from /opt/airflow/dags/ETL_Without_Crawl.py
[2026-04-11T05:40:06.349+0000] {logging_mixin.py:190} INFO - [2026-04-11T05:40:06.348+0000] {dag.py:3239} INFO - Sync 1 DAGs
[2026-04-11T05:40:06.379+0000] {logging_mixin.py:190} INFO - [2026-04-11T05:40:06.378+0000] {dag.py:4180} INFO - Setting next_dagrun for etl_without_crawl to None, run_after=None
[2026-04-11T05:40:06.418+0000] {processor.py:208} INFO - Processing /opt/airflow/dags/ETL_Without_Crawl.py took 0.197 seconds
[2026-04-11T05:40:37.041+0000] {processor.py:186} INFO - Started process (PID=369) to work on /opt/airflow/dags/ETL_Without_Crawl.py
[2026-04-11T05:40:37.042+0000] {processor.py:914} INFO - Processing file /opt/airflow/dags/ETL_Without_Crawl.py for tasks to queue
[2026-04-11T05:40:37.044+0000] {logging_mixin.py:190} INFO - [2026-04-11T05:40:37.043+0000] {dagbag.py:588} INFO - Filling up the DagBag from /opt/airflow/dags/ETL_Without_Crawl.py
[2026-04-11T05:40:37.080+0000] {processor.py:925} INFO - DAG(s) 'etl_without_crawl' retrieved from /opt/airflow/dags/ETL_Without_Crawl.py
[2026-04-11T05:40:37.168+0000] {logging_mixin.py:190} INFO - [2026-04-11T05:40:37.168+0000] {dag.py:3239} INFO - Sync 1 DAGs
[2026-04-11T05:40:37.208+0000] {logging_mixin.py:190} INFO - [2026-04-11T05:40:37.207+0000] {dag.py:4180} INFO - Setting next_dagrun for etl_without_crawl to None, run_after=None
[2026-04-11T05:40:37.253+0000] {processor.py:208} INFO - Processing /opt/airflow/dags/ETL_Without_Crawl.py took 0.223 seconds
[2026-04-11T05:41:08.503+0000] {processor.py:186} INFO - Started process (PID=373) to work on /opt/airflow/dags/ETL_Without_Crawl.py
[2026-04-11T05:41:08.504+0000] {processor.py:914} INFO - Processing file /opt/airflow/dags/ETL_Without_Crawl.py for tasks to queue
[2026-04-11T05:41:08.505+0000] {logging_mixin.py:190} INFO - [2026-04-11T05:41:08.505+0000] {dagbag.py:588} INFO - Filling up the DagBag from /opt/airflow/dags/ETL_Without_Crawl.py
[2026-04-11T05:41:08.530+0000] {processor.py:925} INFO - DAG(s) 'etl_without_crawl' retrieved from /opt/airflow/dags/ETL_Without_Crawl.py
[2026-04-11T05:41:08.576+0000] {logging_mixin.py:190} INFO - [2026-04-11T05:41:08.575+0000] {dag.py:3239} INFO - Sync 1 DAGs
[2026-04-11T05:41:08.615+0000] {logging_mixin.py:190} INFO - [2026-04-11T05:41:08.615+0000] {dag.py:4180} INFO - Setting next_dagrun for etl_without_crawl to None, run_after=None
[2026-04-11T05:41:08.697+0000] {processor.py:208} INFO - Processing /opt/airflow/dags/ETL_Without_Crawl.py took 0.203 seconds
[2026-04-11T05:41:38.825+0000] {processor.py:186} INFO - Started process (PID=377) to work on /opt/airflow/dags/ETL_Without_Crawl.py
[2026-04-11T05:41:38.826+0000] {processor.py:914} INFO - Processing file /opt/airflow/dags/ETL_Without_Crawl.py for tasks to queue
[2026-04-11T05:41:38.827+0000] {logging_mixin.py:190} INFO - [2026-04-11T05:41:38.827+0000] {dagbag.py:588} INFO - Filling up the DagBag from /opt/airflow/dags/ETL_Without_Crawl.py
[2026-04-11T05:41:38.846+0000] {processor.py:925} INFO - DAG(s) 'etl_without_crawl' retrieved from /opt/airflow/dags/ETL_Without_Crawl.py
[2026-04-11T05:41:38.947+0000] {logging_mixin.py:190} INFO - [2026-04-11T05:41:38.947+0000] {dag.py:3239} INFO - Sync 1 DAGs
[2026-04-11T05:41:39.004+0000] {logging_mixin.py:190} INFO - [2026-04-11T05:41:39.004+0000] {dag.py:4180} INFO - Setting next_dagrun for etl_without_crawl to None, run_after=None
[2026-04-11T05:41:39.056+0000] {processor.py:208} INFO - Processing /opt/airflow/dags/ETL_Without_Crawl.py took 0.240 seconds
[2026-04-11T05:42:09.700+0000] {processor.py:186} INFO - Started process (PID=381) to work on /opt/airflow/dags/ETL_Without_Crawl.py
[2026-04-11T05:42:09.704+0000] {processor.py:914} INFO - Processing file /opt/airflow/dags/ETL_Without_Crawl.py for tasks to queue
[2026-04-11T05:42:09.707+0000] {logging_mixin.py:190} INFO - [2026-04-11T05:42:09.707+0000] {dagbag.py:588} INFO - Filling up the DagBag from /opt/airflow/dags/ETL_Without_Crawl.py
[2026-04-11T05:42:09.733+0000] {processor.py:925} INFO - DAG(s) 'etl_without_crawl' retrieved from /opt/airflow/dags/ETL_Without_Crawl.py
[2026-04-11T05:42:09.790+0000] {logging_mixin.py:190} INFO - [2026-04-11T05:42:09.790+0000] {dag.py:3239} INFO - Sync 1 DAGs
[2026-04-11T05:42:09.817+0000] {logging_mixin.py:190} INFO - [2026-04-11T05:42:09.816+0000] {dag.py:4180} INFO - Setting next_dagrun for etl_without_crawl to None, run_after=None
[2026-04-11T05:42:09.862+0000] {processor.py:208} INFO - Processing /opt/airflow/dags/ETL_Without_Crawl.py took 0.172 seconds
[2026-04-11T05:42:40.259+0000] {processor.py:186} INFO - Started process (PID=385) to work on /opt/airflow/dags/ETL_Without_Crawl.py
[2026-04-11T05:42:40.259+0000] {processor.py:914} INFO - Processing file /opt/airflow/dags/ETL_Without_Crawl.py for tasks to queue
[2026-04-11T05:42:40.261+0000] {logging_mixin.py:190} INFO - [2026-04-11T05:42:40.260+0000] {dagbag.py:588} INFO - Filling up the DagBag from /opt/airflow/dags/ETL_Without_Crawl.py
[2026-04-11T05:42:40.277+0000] {processor.py:925} INFO - DAG(s) 'etl_without_crawl' retrieved from /opt/airflow/dags/ETL_Without_Crawl.py
[2026-04-11T05:42:40.323+0000] {logging_mixin.py:190} INFO - [2026-04-11T05:42:40.323+0000] {dag.py:3239} INFO - Sync 1 DAGs
[2026-04-11T05:42:40.347+0000] {logging_mixin.py:190} INFO - [2026-04-11T05:42:40.347+0000] {dag.py:4180} INFO - Setting next_dagrun for etl_without_crawl to None, run_after=None
[2026-04-11T05:42:40.379+0000] {processor.py:208} INFO - Processing /opt/airflow/dags/ETL_Without_Crawl.py took 0.127 seconds
[2026-04-11T05:43:11.691+0000] {processor.py:186} INFO - Started process (PID=389) to work on /opt/airflow/dags/ETL_Without_Crawl.py
[2026-04-11T05:43:11.692+0000] {processor.py:914} INFO - Processing file /opt/airflow/dags/ETL_Without_Crawl.py for tasks to queue
[2026-04-11T05:43:11.693+0000] {logging_mixin.py:190} INFO - [2026-04-11T05:43:11.693+0000] {dagbag.py:588} INFO - Filling up the DagBag from /opt/airflow/dags/ETL_Without_Crawl.py
[2026-04-11T05:43:11.711+0000] {processor.py:925} INFO - DAG(s) 'etl_without_crawl' retrieved from /opt/airflow/dags/ETL_Without_Crawl.py
[2026-04-11T05:43:11.754+0000] {logging_mixin.py:190} INFO - [2026-04-11T05:43:11.754+0000] {dag.py:3239} INFO - Sync 1 DAGs
[2026-04-11T05:43:11.777+0000] {logging_mixin.py:190} INFO - [2026-04-11T05:43:11.777+0000] {dag.py:4180} INFO - Setting next_dagrun for etl_without_crawl to None, run_after=None
[2026-04-11T05:43:11.812+0000] {processor.py:208} INFO - Processing /opt/airflow/dags/ETL_Without_Crawl.py took 0.127 seconds
[2026-04-11T05:43:41.928+0000] {processor.py:186} INFO - Started process (PID=393) to work on /opt/airflow/dags/ETL_Without_Crawl.py
[2026-04-11T05:43:41.930+0000] {processor.py:914} INFO - Processing file /opt/airflow/dags/ETL_Without_Crawl.py for tasks to queue
[2026-04-11T05:43:41.932+0000] {logging_mixin.py:190} INFO - [2026-04-11T05:43:41.932+0000] {dagbag.py:588} INFO - Filling up the DagBag from /opt/airflow/dags/ETL_Without_Crawl.py
[2026-04-11T05:43:41.960+0000] {processor.py:925} INFO - DAG(s) 'etl_without_crawl' retrieved from /opt/airflow/dags/ETL_Without_Crawl.py
[2026-04-11T05:43:42.015+0000] {logging_mixin.py:190} INFO - [2026-04-11T05:43:42.015+0000] {dag.py:3239} INFO - Sync 1 DAGs
[2026-04-11T05:43:42.046+0000] {logging_mixin.py:190} INFO - [2026-04-11T05:43:42.046+0000] {dag.py:4180} INFO - Setting next_dagrun for etl_without_crawl to None, run_after=None
[2026-04-11T05:43:42.091+0000] {processor.py:208} INFO - Processing /opt/airflow/dags/ETL_Without_Crawl.py took 0.173 seconds
[2026-04-11T05:44:12.745+0000] {processor.py:186} INFO - Started process (PID=397) to work on /opt/airflow/dags/ETL_Without_Crawl.py
[2026-04-11T05:44:12.746+0000] {processor.py:914} INFO - Processing file /opt/airflow/dags/ETL_Without_Crawl.py for tasks to queue
[2026-04-11T05:44:12.749+0000] {logging_mixin.py:190} INFO - [2026-04-11T05:44:12.749+0000] {dagbag.py:588} INFO - Filling up the DagBag from /opt/airflow/dags/ETL_Without_Crawl.py
[2026-04-11T05:44:12.786+0000] {processor.py:925} INFO - DAG(s) 'etl_without_crawl' retrieved from /opt/airflow/dags/ETL_Without_Crawl.py
[2026-04-11T05:44:12.870+0000] {logging_mixin.py:190} INFO - [2026-04-11T05:44:12.869+0000] {dag.py:3239} INFO - Sync 1 DAGs
[2026-04-11T05:44:12.900+0000] {logging_mixin.py:190} INFO - [2026-04-11T05:44:12.900+0000] {dag.py:4180} INFO - Setting next_dagrun for etl_without_crawl to None, run_after=None
[2026-04-11T05:44:12.942+0000] {processor.py:208} INFO - Processing /opt/airflow/dags/ETL_Without_Crawl.py took 0.215 seconds
[2026-04-11T05:44:43.549+0000] {processor.py:186} INFO - Started process (PID=401) to work on /opt/airflow/dags/ETL_Without_Crawl.py
[2026-04-11T05:44:43.550+0000] {processor.py:914} INFO - Processing file /opt/airflow/dags/ETL_Without_Crawl.py for tasks to queue
[2026-04-11T05:44:43.551+0000] {logging_mixin.py:190} INFO - [2026-04-11T05:44:43.551+0000] {dagbag.py:588} INFO - Filling up the DagBag from /opt/airflow/dags/ETL_Without_Crawl.py
[2026-04-11T05:44:43.573+0000] {processor.py:925} INFO - DAG(s) 'etl_without_crawl' retrieved from /opt/airflow/dags/ETL_Without_Crawl.py
[2026-04-11T05:44:43.627+0000] {logging_mixin.py:190} INFO - [2026-04-11T05:44:43.627+0000] {dag.py:3239} INFO - Sync 1 DAGs
[2026-04-11T05:44:43.657+0000] {logging_mixin.py:190} INFO - [2026-04-11T05:44:43.657+0000] {dag.py:4180} INFO - Setting next_dagrun for etl_without_crawl to None, run_after=None
[2026-04-11T05:44:43.700+0000] {processor.py:208} INFO - Processing /opt/airflow/dags/ETL_Without_Crawl.py took 0.164 seconds
[2026-04-11T05:45:14.886+0000] {processor.py:186} INFO - Started process (PID=405) to work on /opt/airflow/dags/ETL_Without_Crawl.py
[2026-04-11T05:45:14.887+0000] {processor.py:914} INFO - Processing file /opt/airflow/dags/ETL_Without_Crawl.py for tasks to queue
[2026-04-11T05:45:14.889+0000] {logging_mixin.py:190} INFO - [2026-04-11T05:45:14.889+0000] {dagbag.py:588} INFO - Filling up the DagBag from /opt/airflow/dags/ETL_Without_Crawl.py
[2026-04-11T05:45:14.909+0000] {processor.py:925} INFO - DAG(s) 'etl_without_crawl' retrieved from /opt/airflow/dags/ETL_Without_Crawl.py
[2026-04-11T05:45:14.953+0000] {logging_mixin.py:190} INFO - [2026-04-11T05:45:14.952+0000] {dag.py:3239} INFO - Sync 1 DAGs
[2026-04-11T05:45:14.974+0000] {logging_mixin.py:190} INFO - [2026-04-11T05:45:14.974+0000] {dag.py:4180} INFO - Setting next_dagrun for etl_without_crawl to None, run_after=None
[2026-04-11T05:45:15.007+0000] {processor.py:208} INFO - Processing /opt/airflow/dags/ETL_Without_Crawl.py took 0.129 seconds
[2026-04-11T05:45:45.077+0000] {processor.py:186} INFO - Started process (PID=409) to work on /opt/airflow/dags/ETL_Without_Crawl.py
[2026-04-11T05:45:45.078+0000] {processor.py:914} INFO - Processing file /opt/airflow/dags/ETL_Without_Crawl.py for tasks to queue
[2026-04-11T05:45:45.079+0000] {logging_mixin.py:190} INFO - [2026-04-11T05:45:45.079+0000] {dagbag.py:588} INFO - Filling up the DagBag from /opt/airflow/dags/ETL_Without_Crawl.py
[2026-04-11T05:45:45.099+0000] {processor.py:925} INFO - DAG(s) 'etl_without_crawl' retrieved from /opt/airflow/dags/ETL_Without_Crawl.py
[2026-04-11T05:45:45.153+0000] {logging_mixin.py:190} INFO - [2026-04-11T05:45:45.153+0000] {dag.py:3239} INFO - Sync 1 DAGs
[2026-04-11T05:45:45.181+0000] {logging_mixin.py:190} INFO - [2026-04-11T05:45:45.181+0000] {dag.py:4180} INFO - Setting next_dagrun for etl_without_crawl to None, run_after=None
[2026-04-11T05:45:45.216+0000] {processor.py:208} INFO - Processing /opt/airflow/dags/ETL_Without_Crawl.py took 0.147 seconds
[2026-04-11T05:46:15.895+0000] {processor.py:186} INFO - Started process (PID=413) to work on /opt/airflow/dags/ETL_Without_Crawl.py
[2026-04-11T05:46:15.896+0000] {processor.py:914} INFO - Processing file /opt/airflow/dags/ETL_Without_Crawl.py for tasks to queue
[2026-04-11T05:46:15.898+0000] {logging_mixin.py:190} INFO - [2026-04-11T05:46:15.898+0000] {dagbag.py:588} INFO - Filling up the DagBag from /opt/airflow/dags/ETL_Without_Crawl.py
[2026-04-11T05:46:15.917+0000] {processor.py:925} INFO - DAG(s) 'etl_without_crawl' retrieved from /opt/airflow/dags/ETL_Without_Crawl.py
[2026-04-11T05:46:15.965+0000] {logging_mixin.py:190} INFO - [2026-04-11T05:46:15.965+0000] {dag.py:3239} INFO - Sync 1 DAGs
[2026-04-11T05:46:15.990+0000] {logging_mixin.py:190} INFO - [2026-04-11T05:46:15.990+0000] {dag.py:4180} INFO - Setting next_dagrun for etl_without_crawl to None, run_after=None
[2026-04-11T05:46:16.025+0000] {processor.py:208} INFO - Processing /opt/airflow/dags/ETL_Without_Crawl.py took 0.137 seconds
[2026-04-11T05:46:47.516+0000] {processor.py:186} INFO - Started process (PID=417) to work on /opt/airflow/dags/ETL_Without_Crawl.py
[2026-04-11T05:46:47.518+0000] {processor.py:914} INFO - Processing file /opt/airflow/dags/ETL_Without_Crawl.py for tasks to queue
[2026-04-11T05:46:47.522+0000] {logging_mixin.py:190} INFO - [2026-04-11T05:46:47.522+0000] {dagbag.py:588} INFO - Filling up the DagBag from /opt/airflow/dags/ETL_Without_Crawl.py
[2026-04-11T05:46:47.559+0000] {processor.py:925} INFO - DAG(s) 'etl_without_crawl' retrieved from /opt/airflow/dags/ETL_Without_Crawl.py
[2026-04-11T05:46:47.620+0000] {logging_mixin.py:190} INFO - [2026-04-11T05:46:47.619+0000] {dag.py:3239} INFO - Sync 1 DAGs
[2026-04-11T05:46:47.653+0000] {logging_mixin.py:190} INFO - [2026-04-11T05:46:47.653+0000] {dag.py:4180} INFO - Setting next_dagrun for etl_without_crawl to None, run_after=None
[2026-04-11T05:46:47.699+0000] {processor.py:208} INFO - Processing /opt/airflow/dags/ETL_Without_Crawl.py took 0.198 seconds
[2026-04-11T05:47:18.007+0000] {processor.py:186} INFO - Started process (PID=421) to work on /opt/airflow/dags/ETL_Without_Crawl.py
[2026-04-11T05:47:18.008+0000] {processor.py:914} INFO - Processing file /opt/airflow/dags/ETL_Without_Crawl.py for tasks to queue
[2026-04-11T05:47:18.010+0000] {logging_mixin.py:190} INFO - [2026-04-11T05:47:18.009+0000] {dagbag.py:588} INFO - Filling up the DagBag from /opt/airflow/dags/ETL_Without_Crawl.py
[2026-04-11T05:47:18.031+0000] {processor.py:925} INFO - DAG(s) 'etl_without_crawl' retrieved from /opt/airflow/dags/ETL_Without_Crawl.py
[2026-04-11T05:47:18.094+0000] {logging_mixin.py:190} INFO - [2026-04-11T05:47:18.094+0000] {dag.py:3239} INFO - Sync 1 DAGs
[2026-04-11T05:47:18.122+0000] {logging_mixin.py:190} INFO - [2026-04-11T05:47:18.121+0000] {dag.py:4180} INFO - Setting next_dagrun for etl_without_crawl to None, run_after=None
[2026-04-11T05:47:18.165+0000] {processor.py:208} INFO - Processing /opt/airflow/dags/ETL_Without_Crawl.py took 0.167 seconds
[2026-04-11T05:47:48.846+0000] {processor.py:186} INFO - Started process (PID=425) to work on /opt/airflow/dags/ETL_Without_Crawl.py
[2026-04-11T05:47:48.847+0000] {processor.py:914} INFO - Processing file /opt/airflow/dags/ETL_Without_Crawl.py for tasks to queue
[2026-04-11T05:47:48.849+0000] {logging_mixin.py:190} INFO - [2026-04-11T05:47:48.848+0000] {dagbag.py:588} INFO - Filling up the DagBag from /opt/airflow/dags/ETL_Without_Crawl.py
[2026-04-11T05:47:48.885+0000] {processor.py:925} INFO - DAG(s) 'etl_without_crawl' retrieved from /opt/airflow/dags/ETL_Without_Crawl.py
[2026-04-11T05:47:48.956+0000] {logging_mixin.py:190} INFO - [2026-04-11T05:47:48.956+0000] {dag.py:3239} INFO - Sync 1 DAGs
[2026-04-11T05:47:49.004+0000] {logging_mixin.py:190} INFO - [2026-04-11T05:47:49.004+0000] {dag.py:4180} INFO - Setting next_dagrun for etl_without_crawl to None, run_after=None
[2026-04-11T05:47:49.044+0000] {processor.py:208} INFO - Processing /opt/airflow/dags/ETL_Without_Crawl.py took 0.214 seconds
[2026-04-11T05:48:19.824+0000] {processor.py:186} INFO - Started process (PID=429) to work on /opt/airflow/dags/ETL_Without_Crawl.py
[2026-04-11T05:48:19.825+0000] {processor.py:914} INFO - Processing file /opt/airflow/dags/ETL_Without_Crawl.py for tasks to queue
[2026-04-11T05:48:19.828+0000] {logging_mixin.py:190} INFO - [2026-04-11T05:48:19.828+0000] {dagbag.py:588} INFO - Filling up the DagBag from /opt/airflow/dags/ETL_Without_Crawl.py
[2026-04-11T05:48:19.863+0000] {processor.py:925} INFO - DAG(s) 'etl_without_crawl' retrieved from /opt/airflow/dags/ETL_Without_Crawl.py
[2026-04-11T05:48:19.923+0000] {logging_mixin.py:190} INFO - [2026-04-11T05:48:19.923+0000] {dag.py:3239} INFO - Sync 1 DAGs
[2026-04-11T05:48:19.959+0000] {logging_mixin.py:190} INFO - [2026-04-11T05:48:19.959+0000] {dag.py:4180} INFO - Setting next_dagrun for etl_without_crawl to None, run_after=None
[2026-04-11T05:48:20.002+0000] {processor.py:208} INFO - Processing /opt/airflow/dags/ETL_Without_Crawl.py took 0.185 seconds
[2026-04-11T05:48:50.370+0000] {processor.py:186} INFO - Started process (PID=433) to work on /opt/airflow/dags/ETL_Without_Crawl.py
[2026-04-11T05:48:50.371+0000] {processor.py:914} INFO - Processing file /opt/airflow/dags/ETL_Without_Crawl.py for tasks to queue
[2026-04-11T05:48:50.372+0000] {logging_mixin.py:190} INFO - [2026-04-11T05:48:50.372+0000] {dagbag.py:588} INFO - Filling up the DagBag from /opt/airflow/dags/ETL_Without_Crawl.py
[2026-04-11T05:48:50.396+0000] {processor.py:925} INFO - DAG(s) 'etl_without_crawl' retrieved from /opt/airflow/dags/ETL_Without_Crawl.py
[2026-04-11T05:48:50.442+0000] {logging_mixin.py:190} INFO - [2026-04-11T05:48:50.442+0000] {dag.py:3239} INFO - Sync 1 DAGs
[2026-04-11T05:48:50.468+0000] {logging_mixin.py:190} INFO - [2026-04-11T05:48:50.468+0000] {dag.py:4180} INFO - Setting next_dagrun for etl_without_crawl to None, run_after=None
[2026-04-11T05:48:50.508+0000] {processor.py:208} INFO - Processing /opt/airflow/dags/ETL_Without_Crawl.py took 0.144 seconds
[2026-04-11T05:49:20.659+0000] {processor.py:186} INFO - Started process (PID=437) to work on /opt/airflow/dags/ETL_Without_Crawl.py
[2026-04-11T05:49:20.660+0000] {processor.py:914} INFO - Processing file /opt/airflow/dags/ETL_Without_Crawl.py for tasks to queue
[2026-04-11T05:49:20.661+0000] {logging_mixin.py:190} INFO - [2026-04-11T05:49:20.661+0000] {dagbag.py:588} INFO - Filling up the DagBag from /opt/airflow/dags/ETL_Without_Crawl.py
[2026-04-11T05:49:20.676+0000] {processor.py:925} INFO - DAG(s) 'etl_without_crawl' retrieved from /opt/airflow/dags/ETL_Without_Crawl.py
[2026-04-11T05:49:20.718+0000] {logging_mixin.py:190} INFO - [2026-04-11T05:49:20.718+0000] {dag.py:3239} INFO - Sync 1 DAGs
[2026-04-11T05:49:20.744+0000] {logging_mixin.py:190} INFO - [2026-04-11T05:49:20.744+0000] {dag.py:4180} INFO - Setting next_dagrun for etl_without_crawl to None, run_after=None
[2026-04-11T05:49:20.777+0000] {processor.py:208} INFO - Processing /opt/airflow/dags/ETL_Without_Crawl.py took 0.124 seconds
[2026-04-11T05:49:51.733+0000] {processor.py:186} INFO - Started process (PID=441) to work on /opt/airflow/dags/ETL_Without_Crawl.py
[2026-04-11T05:49:51.734+0000] {processor.py:914} INFO - Processing file /opt/airflow/dags/ETL_Without_Crawl.py for tasks to queue
[2026-04-11T05:49:51.735+0000] {logging_mixin.py:190} INFO - [2026-04-11T05:49:51.735+0000] {dagbag.py:588} INFO - Filling up the DagBag from /opt/airflow/dags/ETL_Without_Crawl.py
[2026-04-11T05:49:51.757+0000] {processor.py:925} INFO - DAG(s) 'etl_without_crawl' retrieved from /opt/airflow/dags/ETL_Without_Crawl.py
[2026-04-11T05:49:51.841+0000] {logging_mixin.py:190} INFO - [2026-04-11T05:49:51.840+0000] {dag.py:3239} INFO - Sync 1 DAGs
[2026-04-11T05:49:51.890+0000] {logging_mixin.py:190} INFO - [2026-04-11T05:49:51.890+0000] {dag.py:4180} INFO - Setting next_dagrun for etl_without_crawl to None, run_after=None
[2026-04-11T05:49:51.982+0000] {processor.py:208} INFO - Processing /opt/airflow/dags/ETL_Without_Crawl.py took 0.257 seconds
[2026-04-11T05:50:22.526+0000] {processor.py:186} INFO - Started process (PID=445) to work on /opt/airflow/dags/ETL_Without_Crawl.py
[2026-04-11T05:50:22.527+0000] {processor.py:914} INFO - Processing file /opt/airflow/dags/ETL_Without_Crawl.py for tasks to queue
[2026-04-11T05:50:22.529+0000] {logging_mixin.py:190} INFO - [2026-04-11T05:50:22.529+0000] {dagbag.py:588} INFO - Filling up the DagBag from /opt/airflow/dags/ETL_Without_Crawl.py
[2026-04-11T05:50:22.547+0000] {processor.py:925} INFO - DAG(s) 'etl_without_crawl' retrieved from /opt/airflow/dags/ETL_Without_Crawl.py
[2026-04-11T05:50:22.593+0000] {logging_mixin.py:190} INFO - [2026-04-11T05:50:22.592+0000] {dag.py:3239} INFO - Sync 1 DAGs
[2026-04-11T05:50:22.614+0000] {logging_mixin.py:190} INFO - [2026-04-11T05:50:22.614+0000] {dag.py:4180} INFO - Setting next_dagrun for etl_without_crawl to None, run_after=None
[2026-04-11T05:50:22.644+0000] {processor.py:208} INFO - Processing /opt/airflow/dags/ETL_Without_Crawl.py took 0.125 seconds
[2026-04-11T05:50:52.969+0000] {processor.py:186} INFO - Started process (PID=449) to work on /opt/airflow/dags/ETL_Without_Crawl.py
[2026-04-11T05:50:52.970+0000] {processor.py:914} INFO - Processing file /opt/airflow/dags/ETL_Without_Crawl.py for tasks to queue
[2026-04-11T05:50:52.972+0000] {logging_mixin.py:190} INFO - [2026-04-11T05:50:52.972+0000] {dagbag.py:588} INFO - Filling up the DagBag from /opt/airflow/dags/ETL_Without_Crawl.py
[2026-04-11T05:50:53.000+0000] {processor.py:925} INFO - DAG(s) 'etl_without_crawl' retrieved from /opt/airflow/dags/ETL_Without_Crawl.py
[2026-04-11T05:50:53.057+0000] {logging_mixin.py:190} INFO - [2026-04-11T05:50:53.057+0000] {dag.py:3239} INFO - Sync 1 DAGs
[2026-04-11T05:50:53.090+0000] {logging_mixin.py:190} INFO - [2026-04-11T05:50:53.090+0000] {dag.py:4180} INFO - Setting next_dagrun for etl_without_crawl to None, run_after=None
[2026-04-11T05:50:53.151+0000] {processor.py:208} INFO - Processing /opt/airflow/dags/ETL_Without_Crawl.py took 0.192 seconds
[2026-04-11T05:51:24.275+0000] {processor.py:186} INFO - Started process (PID=453) to work on /opt/airflow/dags/ETL_Without_Crawl.py
[2026-04-11T05:51:24.275+0000] {processor.py:914} INFO - Processing file /opt/airflow/dags/ETL_Without_Crawl.py for tasks to queue
[2026-04-11T05:51:24.277+0000] {logging_mixin.py:190} INFO - [2026-04-11T05:51:24.276+0000] {dagbag.py:588} INFO - Filling up the DagBag from /opt/airflow/dags/ETL_Without_Crawl.py
[2026-04-11T05:51:24.295+0000] {processor.py:925} INFO - DAG(s) 'etl_without_crawl' retrieved from /opt/airflow/dags/ETL_Without_Crawl.py
[2026-04-11T05:51:24.337+0000] {logging_mixin.py:190} INFO - [2026-04-11T05:51:24.336+0000] {dag.py:3239} INFO - Sync 1 DAGs
[2026-04-11T05:51:24.355+0000] {logging_mixin.py:190} INFO - [2026-04-11T05:51:24.355+0000] {dag.py:4180} INFO - Setting next_dagrun for etl_without_crawl to None, run_after=None
[2026-04-11T05:51:24.387+0000] {processor.py:208} INFO - Processing /opt/airflow/dags/ETL_Without_Crawl.py took 0.119 seconds
[2026-04-11T05:51:55.370+0000] {processor.py:186} INFO - Started process (PID=457) to work on /opt/airflow/dags/ETL_Without_Crawl.py
[2026-04-11T05:51:55.371+0000] {processor.py:914} INFO - Processing file /opt/airflow/dags/ETL_Without_Crawl.py for tasks to queue
[2026-04-11T05:51:55.374+0000] {logging_mixin.py:190} INFO - [2026-04-11T05:51:55.374+0000] {dagbag.py:588} INFO - Filling up the DagBag from /opt/airflow/dags/ETL_Without_Crawl.py
[2026-04-11T05:51:55.400+0000] {processor.py:925} INFO - DAG(s) 'etl_without_crawl' retrieved from /opt/airflow/dags/ETL_Without_Crawl.py
[2026-04-11T05:51:55.446+0000] {logging_mixin.py:190} INFO - [2026-04-11T05:51:55.446+0000] {dag.py:3239} INFO - Sync 1 DAGs
[2026-04-11T05:51:55.470+0000] {logging_mixin.py:190} INFO - [2026-04-11T05:51:55.469+0000] {dag.py:4180} INFO - Setting next_dagrun for etl_without_crawl to None, run_after=None
[2026-04-11T05:51:55.501+0000] {processor.py:208} INFO - Processing /opt/airflow/dags/ETL_Without_Crawl.py took 0.146 seconds
[2026-04-11T05:52:26.046+0000] {processor.py:186} INFO - Started process (PID=461) to work on /opt/airflow/dags/ETL_Without_Crawl.py
[2026-04-11T05:52:26.047+0000] {processor.py:914} INFO - Processing file /opt/airflow/dags/ETL_Without_Crawl.py for tasks to queue
[2026-04-11T05:52:26.048+0000] {logging_mixin.py:190} INFO - [2026-04-11T05:52:26.048+0000] {dagbag.py:588} INFO - Filling up the DagBag from /opt/airflow/dags/ETL_Without_Crawl.py
[2026-04-11T05:52:26.065+0000] {processor.py:925} INFO - DAG(s) 'etl_without_crawl' retrieved from /opt/airflow/dags/ETL_Without_Crawl.py
[2026-04-11T05:52:26.104+0000] {logging_mixin.py:190} INFO - [2026-04-11T05:52:26.104+0000] {dag.py:3239} INFO - Sync 1 DAGs
[2026-04-11T05:52:26.132+0000] {logging_mixin.py:190} INFO - [2026-04-11T05:52:26.131+0000] {dag.py:4180} INFO - Setting next_dagrun for etl_without_crawl to None, run_after=None
[2026-04-11T05:52:26.166+0000] {processor.py:208} INFO - Processing /opt/airflow/dags/ETL_Without_Crawl.py took 0.128 seconds
[2026-04-11T05:52:56.445+0000] {processor.py:186} INFO - Started process (PID=465) to work on /opt/airflow/dags/ETL_Without_Crawl.py
[2026-04-11T05:52:56.445+0000] {processor.py:914} INFO - Processing file /opt/airflow/dags/ETL_Without_Crawl.py for tasks to queue
[2026-04-11T05:52:56.447+0000] {logging_mixin.py:190} INFO - [2026-04-11T05:52:56.446+0000] {dagbag.py:588} INFO - Filling up the DagBag from /opt/airflow/dags/ETL_Without_Crawl.py
[2026-04-11T05:52:56.464+0000] {processor.py:925} INFO - DAG(s) 'etl_without_crawl' retrieved from /opt/airflow/dags/ETL_Without_Crawl.py
[2026-04-11T05:52:56.504+0000] {logging_mixin.py:190} INFO - [2026-04-11T05:52:56.503+0000] {dag.py:3239} INFO - Sync 1 DAGs
[2026-04-11T05:52:56.525+0000] {logging_mixin.py:190} INFO - [2026-04-11T05:52:56.525+0000] {dag.py:4180} INFO - Setting next_dagrun for etl_without_crawl to None, run_after=None
[2026-04-11T05:52:56.587+0000] {processor.py:208} INFO - Processing /opt/airflow/dags/ETL_Without_Crawl.py took 0.150 seconds
[2026-04-11T05:53:26.675+0000] {processor.py:186} INFO - Started process (PID=469) to work on /opt/airflow/dags/ETL_Without_Crawl.py
[2026-04-11T05:53:26.676+0000] {processor.py:914} INFO - Processing file /opt/airflow/dags/ETL_Without_Crawl.py for tasks to queue
[2026-04-11T05:53:26.678+0000] {logging_mixin.py:190} INFO - [2026-04-11T05:53:26.678+0000] {dagbag.py:588} INFO - Filling up the DagBag from /opt/airflow/dags/ETL_Without_Crawl.py
[2026-04-11T05:53:26.694+0000] {processor.py:925} INFO - DAG(s) 'etl_without_crawl' retrieved from /opt/airflow/dags/ETL_Without_Crawl.py
[2026-04-11T05:53:26.734+0000] {logging_mixin.py:190} INFO - [2026-04-11T05:53:26.734+0000] {dag.py:3239} INFO - Sync 1 DAGs
[2026-04-11T05:53:26.752+0000] {logging_mixin.py:190} INFO - [2026-04-11T05:53:26.752+0000] {dag.py:4180} INFO - Setting next_dagrun for etl_without_crawl to None, run_after=None
[2026-04-11T05:53:26.782+0000] {processor.py:208} INFO - Processing /opt/airflow/dags/ETL_Without_Crawl.py took 0.113 seconds
[2026-04-11T05:53:58.438+0000] {processor.py:186} INFO - Started process (PID=473) to work on /opt/airflow/dags/ETL_Without_Crawl.py
[2026-04-11T05:53:58.439+0000] {processor.py:914} INFO - Processing file /opt/airflow/dags/ETL_Without_Crawl.py for tasks to queue
[2026-04-11T05:53:58.441+0000] {logging_mixin.py:190} INFO - [2026-04-11T05:53:58.440+0000] {dagbag.py:588} INFO - Filling up the DagBag from /opt/airflow/dags/ETL_Without_Crawl.py
[2026-04-11T05:53:58.456+0000] {processor.py:925} INFO - DAG(s) 'etl_without_crawl' retrieved from /opt/airflow/dags/ETL_Without_Crawl.py
[2026-04-11T05:53:58.496+0000] {logging_mixin.py:190} INFO - [2026-04-11T05:53:58.496+0000] {dag.py:3239} INFO - Sync 1 DAGs
[2026-04-11T05:53:58.516+0000] {logging_mixin.py:190} INFO - [2026-04-11T05:53:58.516+0000] {dag.py:4180} INFO - Setting next_dagrun for etl_without_crawl to None, run_after=None
[2026-04-11T05:53:58.547+0000] {processor.py:208} INFO - Processing /opt/airflow/dags/ETL_Without_Crawl.py took 0.117 seconds
[2026-04-11T05:54:29.013+0000] {processor.py:186} INFO - Started process (PID=477) to work on /opt/airflow/dags/ETL_Without_Crawl.py
[2026-04-11T05:54:29.014+0000] {processor.py:914} INFO - Processing file /opt/airflow/dags/ETL_Without_Crawl.py for tasks to queue
[2026-04-11T05:54:29.018+0000] {logging_mixin.py:190} INFO - [2026-04-11T05:54:29.017+0000] {dagbag.py:588} INFO - Filling up the DagBag from /opt/airflow/dags/ETL_Without_Crawl.py
[2026-04-11T05:54:29.034+0000] {processor.py:925} INFO - DAG(s) 'etl_without_crawl' retrieved from /opt/airflow/dags/ETL_Without_Crawl.py
[2026-04-11T05:54:29.073+0000] {logging_mixin.py:190} INFO - [2026-04-11T05:54:29.073+0000] {dag.py:3239} INFO - Sync 1 DAGs
[2026-04-11T05:54:29.096+0000] {logging_mixin.py:190} INFO - [2026-04-11T05:54:29.095+0000] {dag.py:4180} INFO - Setting next_dagrun for etl_without_crawl to None, run_after=None
[2026-04-11T05:54:29.126+0000] {processor.py:208} INFO - Processing /opt/airflow/dags/ETL_Without_Crawl.py took 0.121 seconds
[2026-04-11T05:54:59.398+0000] {processor.py:186} INFO - Started process (PID=481) to work on /opt/airflow/dags/ETL_Without_Crawl.py
[2026-04-11T05:54:59.398+0000] {processor.py:914} INFO - Processing file /opt/airflow/dags/ETL_Without_Crawl.py for tasks to queue
[2026-04-11T05:54:59.401+0000] {logging_mixin.py:190} INFO - [2026-04-11T05:54:59.400+0000] {dagbag.py:588} INFO - Filling up the DagBag from /opt/airflow/dags/ETL_Without_Crawl.py
[2026-04-11T05:54:59.417+0000] {processor.py:925} INFO - DAG(s) 'etl_without_crawl' retrieved from /opt/airflow/dags/ETL_Without_Crawl.py
[2026-04-11T05:54:59.456+0000] {logging_mixin.py:190} INFO - [2026-04-11T05:54:59.456+0000] {dag.py:3239} INFO - Sync 1 DAGs
[2026-04-11T05:54:59.477+0000] {logging_mixin.py:190} INFO - [2026-04-11T05:54:59.476+0000] {dag.py:4180} INFO - Setting next_dagrun for etl_without_crawl to None, run_after=None
[2026-04-11T05:54:59.510+0000] {processor.py:208} INFO - Processing /opt/airflow/dags/ETL_Without_Crawl.py took 0.120 seconds
[2026-04-11T05:55:30.614+0000] {processor.py:186} INFO - Started process (PID=485) to work on /opt/airflow/dags/ETL_Without_Crawl.py
[2026-04-11T05:55:30.614+0000] {processor.py:914} INFO - Processing file /opt/airflow/dags/ETL_Without_Crawl.py for tasks to queue
[2026-04-11T05:55:30.615+0000] {logging_mixin.py:190} INFO - [2026-04-11T05:55:30.615+0000] {dagbag.py:588} INFO - Filling up the DagBag from /opt/airflow/dags/ETL_Without_Crawl.py
[2026-04-11T05:55:30.635+0000] {processor.py:925} INFO - DAG(s) 'etl_without_crawl' retrieved from /opt/airflow/dags/ETL_Without_Crawl.py
[2026-04-11T05:55:30.682+0000] {logging_mixin.py:190} INFO - [2026-04-11T05:55:30.682+0000] {dag.py:3239} INFO - Sync 1 DAGs
[2026-04-11T05:55:30.704+0000] {logging_mixin.py:190} INFO - [2026-04-11T05:55:30.704+0000] {dag.py:4180} INFO - Setting next_dagrun for etl_without_crawl to None, run_after=None
[2026-04-11T05:55:30.747+0000] {processor.py:208} INFO - Processing /opt/airflow/dags/ETL_Without_Crawl.py took 0.139 seconds
[2026-04-11T05:56:01.374+0000] {processor.py:186} INFO - Started process (PID=489) to work on /opt/airflow/dags/ETL_Without_Crawl.py
[2026-04-11T05:56:01.375+0000] {processor.py:914} INFO - Processing file /opt/airflow/dags/ETL_Without_Crawl.py for tasks to queue
[2026-04-11T05:56:01.377+0000] {logging_mixin.py:190} INFO - [2026-04-11T05:56:01.376+0000] {dagbag.py:588} INFO - Filling up the DagBag from /opt/airflow/dags/ETL_Without_Crawl.py
[2026-04-11T05:56:01.394+0000] {processor.py:925} INFO - DAG(s) 'etl_without_crawl' retrieved from /opt/airflow/dags/ETL_Without_Crawl.py
[2026-04-11T05:56:01.435+0000] {logging_mixin.py:190} INFO - [2026-04-11T05:56:01.435+0000] {dag.py:3239} INFO - Sync 1 DAGs
[2026-04-11T05:56:01.459+0000] {logging_mixin.py:190} INFO - [2026-04-11T05:56:01.458+0000] {dag.py:4180} INFO - Setting next_dagrun for etl_without_crawl to None, run_after=None
[2026-04-11T05:56:01.499+0000] {processor.py:208} INFO - Processing /opt/airflow/dags/ETL_Without_Crawl.py took 0.133 seconds
[2026-04-11T05:56:32.932+0000] {processor.py:186} INFO - Started process (PID=493) to work on /opt/airflow/dags/ETL_Without_Crawl.py
[2026-04-11T05:56:32.933+0000] {processor.py:914} INFO - Processing file /opt/airflow/dags/ETL_Without_Crawl.py for tasks to queue
[2026-04-11T05:56:32.934+0000] {logging_mixin.py:190} INFO - [2026-04-11T05:56:32.934+0000] {dagbag.py:588} INFO - Filling up the DagBag from /opt/airflow/dags/ETL_Without_Crawl.py
[2026-04-11T05:56:32.951+0000] {processor.py:925} INFO - DAG(s) 'etl_without_crawl' retrieved from /opt/airflow/dags/ETL_Without_Crawl.py
[2026-04-11T05:56:32.990+0000] {logging_mixin.py:190} INFO - [2026-04-11T05:56:32.990+0000] {dag.py:3239} INFO - Sync 1 DAGs
[2026-04-11T05:56:33.010+0000] {logging_mixin.py:190} INFO - [2026-04-11T05:56:33.010+0000] {dag.py:4180} INFO - Setting next_dagrun for etl_without_crawl to None, run_after=None
[2026-04-11T05:56:33.045+0000] {processor.py:208} INFO - Processing /opt/airflow/dags/ETL_Without_Crawl.py took 0.120 seconds
[2026-04-11T05:57:03.342+0000] {processor.py:186} INFO - Started process (PID=497) to work on /opt/airflow/dags/ETL_Without_Crawl.py
[2026-04-11T05:57:03.343+0000] {processor.py:914} INFO - Processing file /opt/airflow/dags/ETL_Without_Crawl.py for tasks to queue
[2026-04-11T05:57:03.344+0000] {logging_mixin.py:190} INFO - [2026-04-11T05:57:03.344+0000] {dagbag.py:588} INFO - Filling up the DagBag from /opt/airflow/dags/ETL_Without_Crawl.py
[2026-04-11T05:57:03.360+0000] {processor.py:925} INFO - DAG(s) 'etl_without_crawl' retrieved from /opt/airflow/dags/ETL_Without_Crawl.py
[2026-04-11T05:57:03.401+0000] {logging_mixin.py:190} INFO - [2026-04-11T05:57:03.401+0000] {dag.py:3239} INFO - Sync 1 DAGs
[2026-04-11T05:57:03.425+0000] {logging_mixin.py:190} INFO - [2026-04-11T05:57:03.424+0000] {dag.py:4180} INFO - Setting next_dagrun for etl_without_crawl to None, run_after=None
[2026-04-11T05:57:03.457+0000] {processor.py:208} INFO - Processing /opt/airflow/dags/ETL_Without_Crawl.py took 0.120 seconds
[2026-04-11T05:57:33.649+0000] {processor.py:186} INFO - Started process (PID=501) to work on /opt/airflow/dags/ETL_Without_Crawl.py
[2026-04-11T05:57:33.650+0000] {processor.py:914} INFO - Processing file /opt/airflow/dags/ETL_Without_Crawl.py for tasks to queue
[2026-04-11T05:57:33.652+0000] {logging_mixin.py:190} INFO - [2026-04-11T05:57:33.651+0000] {dagbag.py:588} INFO - Filling up the DagBag from /opt/airflow/dags/ETL_Without_Crawl.py
[2026-04-11T05:57:33.670+0000] {processor.py:925} INFO - DAG(s) 'etl_without_crawl' retrieved from /opt/airflow/dags/ETL_Without_Crawl.py
[2026-04-11T05:57:33.717+0000] {logging_mixin.py:190} INFO - [2026-04-11T05:57:33.717+0000] {dag.py:3239} INFO - Sync 1 DAGs
[2026-04-11T05:57:33.740+0000] {logging_mixin.py:190} INFO - [2026-04-11T05:57:33.740+0000] {dag.py:4180} INFO - Setting next_dagrun for etl_without_crawl to None, run_after=None
[2026-04-11T05:57:33.771+0000] {processor.py:208} INFO - Processing /opt/airflow/dags/ETL_Without_Crawl.py took 0.129 seconds
[2026-04-11T05:58:05.410+0000] {processor.py:186} INFO - Started process (PID=505) to work on /opt/airflow/dags/ETL_Without_Crawl.py
[2026-04-11T05:58:05.411+0000] {processor.py:914} INFO - Processing file /opt/airflow/dags/ETL_Without_Crawl.py for tasks to queue
[2026-04-11T05:58:05.412+0000] {logging_mixin.py:190} INFO - [2026-04-11T05:58:05.412+0000] {dagbag.py:588} INFO - Filling up the DagBag from /opt/airflow/dags/ETL_Without_Crawl.py
[2026-04-11T05:58:05.431+0000] {processor.py:925} INFO - DAG(s) 'etl_without_crawl' retrieved from /opt/airflow/dags/ETL_Without_Crawl.py
[2026-04-11T05:58:05.491+0000] {logging_mixin.py:190} INFO - [2026-04-11T05:58:05.491+0000] {dag.py:3239} INFO - Sync 1 DAGs
[2026-04-11T05:58:05.519+0000] {logging_mixin.py:190} INFO - [2026-04-11T05:58:05.519+0000] {dag.py:4180} INFO - Setting next_dagrun for etl_without_crawl to None, run_after=None
[2026-04-11T05:58:05.553+0000] {processor.py:208} INFO - Processing /opt/airflow/dags/ETL_Without_Crawl.py took 0.152 seconds
[2026-04-11T05:58:35.984+0000] {processor.py:186} INFO - Started process (PID=509) to work on /opt/airflow/dags/ETL_Without_Crawl.py
[2026-04-11T05:58:35.984+0000] {processor.py:914} INFO - Processing file /opt/airflow/dags/ETL_Without_Crawl.py for tasks to queue
[2026-04-11T05:58:35.986+0000] {logging_mixin.py:190} INFO - [2026-04-11T05:58:35.986+0000] {dagbag.py:588} INFO - Filling up the DagBag from /opt/airflow/dags/ETL_Without_Crawl.py
[2026-04-11T05:58:36.008+0000] {processor.py:925} INFO - DAG(s) 'etl_without_crawl' retrieved from /opt/airflow/dags/ETL_Without_Crawl.py
[2026-04-11T05:58:36.046+0000] {logging_mixin.py:190} INFO - [2026-04-11T05:58:36.046+0000] {dag.py:3239} INFO - Sync 1 DAGs
[2026-04-11T05:58:36.067+0000] {logging_mixin.py:190} INFO - [2026-04-11T05:58:36.067+0000] {dag.py:4180} INFO - Setting next_dagrun for etl_without_crawl to None, run_after=None
[2026-04-11T05:58:36.101+0000] {processor.py:208} INFO - Processing /opt/airflow/dags/ETL_Without_Crawl.py took 0.125 seconds
[2026-04-11T05:59:07.394+0000] {processor.py:186} INFO - Started process (PID=513) to work on /opt/airflow/dags/ETL_Without_Crawl.py
[2026-04-11T05:59:07.395+0000] {processor.py:914} INFO - Processing file /opt/airflow/dags/ETL_Without_Crawl.py for tasks to queue
[2026-04-11T05:59:07.396+0000] {logging_mixin.py:190} INFO - [2026-04-11T05:59:07.396+0000] {dagbag.py:588} INFO - Filling up the DagBag from /opt/airflow/dags/ETL_Without_Crawl.py
[2026-04-11T05:59:07.413+0000] {processor.py:925} INFO - DAG(s) 'etl_without_crawl' retrieved from /opt/airflow/dags/ETL_Without_Crawl.py
[2026-04-11T05:59:07.454+0000] {logging_mixin.py:190} INFO - [2026-04-11T05:59:07.453+0000] {dag.py:3239} INFO - Sync 1 DAGs
[2026-04-11T05:59:07.472+0000] {logging_mixin.py:190} INFO - [2026-04-11T05:59:07.472+0000] {dag.py:4180} INFO - Setting next_dagrun for etl_without_crawl to None, run_after=None
[2026-04-11T05:59:07.503+0000] {processor.py:208} INFO - Processing /opt/airflow/dags/ETL_Without_Crawl.py took 0.116 seconds
[2026-04-11T05:59:39.661+0000] {processor.py:186} INFO - Started process (PID=517) to work on /opt/airflow/dags/ETL_Without_Crawl.py
[2026-04-11T05:59:39.661+0000] {processor.py:914} INFO - Processing file /opt/airflow/dags/ETL_Without_Crawl.py for tasks to queue
[2026-04-11T05:59:39.663+0000] {logging_mixin.py:190} INFO - [2026-04-11T05:59:39.662+0000] {dagbag.py:588} INFO - Filling up the DagBag from /opt/airflow/dags/ETL_Without_Crawl.py
[2026-04-11T05:59:39.682+0000] {processor.py:925} INFO - DAG(s) 'etl_without_crawl' retrieved from /opt/airflow/dags/ETL_Without_Crawl.py
[2026-04-11T05:59:39.721+0000] {logging_mixin.py:190} INFO - [2026-04-11T05:59:39.721+0000] {dag.py:3239} INFO - Sync 1 DAGs
[2026-04-11T05:59:39.744+0000] {logging_mixin.py:190} INFO - [2026-04-11T05:59:39.743+0000] {dag.py:4180} INFO - Setting next_dagrun for etl_without_crawl to None, run_after=None
[2026-04-11T05:59:39.777+0000] {processor.py:208} INFO - Processing /opt/airflow/dags/ETL_Without_Crawl.py took 0.125 seconds
[2026-04-11T06:00:10.462+0000] {processor.py:186} INFO - Started process (PID=521) to work on /opt/airflow/dags/ETL_Without_Crawl.py
[2026-04-11T06:00:10.463+0000] {processor.py:914} INFO - Processing file /opt/airflow/dags/ETL_Without_Crawl.py for tasks to queue
[2026-04-11T06:00:10.465+0000] {logging_mixin.py:190} INFO - [2026-04-11T06:00:10.465+0000] {dagbag.py:588} INFO - Filling up the DagBag from /opt/airflow/dags/ETL_Without_Crawl.py
[2026-04-11T06:00:10.482+0000] {processor.py:925} INFO - DAG(s) 'etl_without_crawl' retrieved from /opt/airflow/dags/ETL_Without_Crawl.py
[2026-04-11T06:00:10.523+0000] {logging_mixin.py:190} INFO - [2026-04-11T06:00:10.523+0000] {dag.py:3239} INFO - Sync 1 DAGs
[2026-04-11T06:00:10.545+0000] {logging_mixin.py:190} INFO - [2026-04-11T06:00:10.544+0000] {dag.py:4180} INFO - Setting next_dagrun for etl_without_crawl to None, run_after=None
[2026-04-11T06:00:10.578+0000] {processor.py:208} INFO - Processing /opt/airflow/dags/ETL_Without_Crawl.py took 0.121 seconds
[2026-04-11T06:00:42.015+0000] {processor.py:186} INFO - Started process (PID=525) to work on /opt/airflow/dags/ETL_Without_Crawl.py
[2026-04-11T06:00:42.015+0000] {processor.py:914} INFO - Processing file /opt/airflow/dags/ETL_Without_Crawl.py for tasks to queue
[2026-04-11T06:00:42.017+0000] {logging_mixin.py:190} INFO - [2026-04-11T06:00:42.016+0000] {dagbag.py:588} INFO - Filling up the DagBag from /opt/airflow/dags/ETL_Without_Crawl.py
[2026-04-11T06:00:42.033+0000] {processor.py:925} INFO - DAG(s) 'etl_without_crawl' retrieved from /opt/airflow/dags/ETL_Without_Crawl.py
[2026-04-11T06:00:42.069+0000] {logging_mixin.py:190} INFO - [2026-04-11T06:00:42.069+0000] {dag.py:3239} INFO - Sync 1 DAGs
[2026-04-11T06:00:42.091+0000] {logging_mixin.py:190} INFO - [2026-04-11T06:00:42.091+0000] {dag.py:4180} INFO - Setting next_dagrun for etl_without_crawl to None, run_after=None
[2026-04-11T06:00:42.123+0000] {processor.py:208} INFO - Processing /opt/airflow/dags/ETL_Without_Crawl.py took 0.112 seconds
[2026-04-11T06:01:12.350+0000] {processor.py:186} INFO - Started process (PID=529) to work on /opt/airflow/dags/ETL_Without_Crawl.py
[2026-04-11T06:01:12.350+0000] {processor.py:914} INFO - Processing file /opt/airflow/dags/ETL_Without_Crawl.py for tasks to queue
[2026-04-11T06:01:12.352+0000] {logging_mixin.py:190} INFO - [2026-04-11T06:01:12.351+0000] {dagbag.py:588} INFO - Filling up the DagBag from /opt/airflow/dags/ETL_Without_Crawl.py
[2026-04-11T06:01:12.368+0000] {processor.py:925} INFO - DAG(s) 'etl_without_crawl' retrieved from /opt/airflow/dags/ETL_Without_Crawl.py
[2026-04-11T06:01:12.405+0000] {logging_mixin.py:190} INFO - [2026-04-11T06:01:12.405+0000] {dag.py:3239} INFO - Sync 1 DAGs
[2026-04-11T06:01:12.439+0000] {logging_mixin.py:190} INFO - [2026-04-11T06:01:12.438+0000] {dag.py:4180} INFO - Setting next_dagrun for etl_without_crawl to None, run_after=None
[2026-04-11T06:01:12.494+0000] {processor.py:208} INFO - Processing /opt/airflow/dags/ETL_Without_Crawl.py took 0.150 seconds
[2026-04-11T06:01:43.700+0000] {processor.py:186} INFO - Started process (PID=533) to work on /opt/airflow/dags/ETL_Without_Crawl.py
[2026-04-11T06:01:43.700+0000] {processor.py:914} INFO - Processing file /opt/airflow/dags/ETL_Without_Crawl.py for tasks to queue
[2026-04-11T06:01:43.702+0000] {logging_mixin.py:190} INFO - [2026-04-11T06:01:43.701+0000] {dagbag.py:588} INFO - Filling up the DagBag from /opt/airflow/dags/ETL_Without_Crawl.py
[2026-04-11T06:01:43.717+0000] {processor.py:925} INFO - DAG(s) 'etl_without_crawl' retrieved from /opt/airflow/dags/ETL_Without_Crawl.py
[2026-04-11T06:01:43.756+0000] {logging_mixin.py:190} INFO - [2026-04-11T06:01:43.756+0000] {dag.py:3239} INFO - Sync 1 DAGs
[2026-04-11T06:01:43.778+0000] {logging_mixin.py:190} INFO - [2026-04-11T06:01:43.778+0000] {dag.py:4180} INFO - Setting next_dagrun for etl_without_crawl to None, run_after=None
[2026-04-11T06:01:43.806+0000] {processor.py:208} INFO - Processing /opt/airflow/dags/ETL_Without_Crawl.py took 0.113 seconds
[2026-04-11T06:02:14.381+0000] {processor.py:186} INFO - Started process (PID=537) to work on /opt/airflow/dags/ETL_Without_Crawl.py
[2026-04-11T06:02:14.381+0000] {processor.py:914} INFO - Processing file /opt/airflow/dags/ETL_Without_Crawl.py for tasks to queue
[2026-04-11T06:02:14.383+0000] {logging_mixin.py:190} INFO - [2026-04-11T06:02:14.383+0000] {dagbag.py:588} INFO - Filling up the DagBag from /opt/airflow/dags/ETL_Without_Crawl.py
[2026-04-11T06:02:14.400+0000] {processor.py:925} INFO - DAG(s) 'etl_without_crawl' retrieved from /opt/airflow/dags/ETL_Without_Crawl.py
[2026-04-11T06:02:14.441+0000] {logging_mixin.py:190} INFO - [2026-04-11T06:02:14.441+0000] {dag.py:3239} INFO - Sync 1 DAGs
[2026-04-11T06:02:14.462+0000] {logging_mixin.py:190} INFO - [2026-04-11T06:02:14.462+0000] {dag.py:4180} INFO - Setting next_dagrun for etl_without_crawl to None, run_after=None
[2026-04-11T06:02:14.499+0000] {processor.py:208} INFO - Processing /opt/airflow/dags/ETL_Without_Crawl.py took 0.125 seconds
[2026-04-11T06:02:44.872+0000] {processor.py:186} INFO - Started process (PID=541) to work on /opt/airflow/dags/ETL_Without_Crawl.py
[2026-04-11T06:02:44.873+0000] {processor.py:914} INFO - Processing file /opt/airflow/dags/ETL_Without_Crawl.py for tasks to queue
[2026-04-11T06:02:44.875+0000] {logging_mixin.py:190} INFO - [2026-04-11T06:02:44.875+0000] {dagbag.py:588} INFO - Filling up the DagBag from /opt/airflow/dags/ETL_Without_Crawl.py
[2026-04-11T06:02:44.906+0000] {processor.py:925} INFO - DAG(s) 'etl_without_crawl' retrieved from /opt/airflow/dags/ETL_Without_Crawl.py
[2026-04-11T06:02:44.947+0000] {logging_mixin.py:190} INFO - [2026-04-11T06:02:44.947+0000] {dag.py:3239} INFO - Sync 1 DAGs
[2026-04-11T06:02:44.966+0000] {logging_mixin.py:190} INFO - [2026-04-11T06:02:44.966+0000] {dag.py:4180} INFO - Setting next_dagrun for etl_without_crawl to None, run_after=None
[2026-04-11T06:02:44.996+0000] {processor.py:208} INFO - Processing /opt/airflow/dags/ETL_Without_Crawl.py took 0.135 seconds
[2026-04-11T06:03:16.201+0000] {processor.py:186} INFO - Started process (PID=545) to work on /opt/airflow/dags/ETL_Without_Crawl.py
[2026-04-11T06:03:16.202+0000] {processor.py:914} INFO - Processing file /opt/airflow/dags/ETL_Without_Crawl.py for tasks to queue
[2026-04-11T06:03:16.203+0000] {logging_mixin.py:190} INFO - [2026-04-11T06:03:16.203+0000] {dagbag.py:588} INFO - Filling up the DagBag from /opt/airflow/dags/ETL_Without_Crawl.py
[2026-04-11T06:03:16.223+0000] {processor.py:925} INFO - DAG(s) 'etl_without_crawl' retrieved from /opt/airflow/dags/ETL_Without_Crawl.py
[2026-04-11T06:03:16.260+0000] {logging_mixin.py:190} INFO - [2026-04-11T06:03:16.260+0000] {dag.py:3239} INFO - Sync 1 DAGs
[2026-04-11T06:03:16.281+0000] {logging_mixin.py:190} INFO - [2026-04-11T06:03:16.280+0000] {dag.py:4180} INFO - Setting next_dagrun for etl_without_crawl to None, run_after=None
[2026-04-11T06:03:16.311+0000] {processor.py:208} INFO - Processing /opt/airflow/dags/ETL_Without_Crawl.py took 0.118 seconds
[2026-04-11T06:03:46.363+0000] {processor.py:186} INFO - Started process (PID=549) to work on /opt/airflow/dags/ETL_Without_Crawl.py
[2026-04-11T06:03:46.363+0000] {processor.py:914} INFO - Processing file /opt/airflow/dags/ETL_Without_Crawl.py for tasks to queue
[2026-04-11T06:03:46.365+0000] {logging_mixin.py:190} INFO - [2026-04-11T06:03:46.365+0000] {dagbag.py:588} INFO - Filling up the DagBag from /opt/airflow/dags/ETL_Without_Crawl.py
[2026-04-11T06:03:46.385+0000] {processor.py:925} INFO - DAG(s) 'etl_without_crawl' retrieved from /opt/airflow/dags/ETL_Without_Crawl.py
[2026-04-11T06:03:46.426+0000] {logging_mixin.py:190} INFO - [2026-04-11T06:03:46.426+0000] {dag.py:3239} INFO - Sync 1 DAGs
[2026-04-11T06:03:46.448+0000] {logging_mixin.py:190} INFO - [2026-04-11T06:03:46.447+0000] {dag.py:4180} INFO - Setting next_dagrun for etl_without_crawl to None, run_after=None
[2026-04-11T06:03:46.478+0000] {processor.py:208} INFO - Processing /opt/airflow/dags/ETL_Without_Crawl.py took 0.122 seconds
[2026-04-11T06:04:18.041+0000] {processor.py:186} INFO - Started process (PID=553) to work on /opt/airflow/dags/ETL_Without_Crawl.py
[2026-04-11T06:04:18.042+0000] {processor.py:914} INFO - Processing file /opt/airflow/dags/ETL_Without_Crawl.py for tasks to queue
[2026-04-11T06:04:18.043+0000] {logging_mixin.py:190} INFO - [2026-04-11T06:04:18.043+0000] {dagbag.py:588} INFO - Filling up the DagBag from /opt/airflow/dags/ETL_Without_Crawl.py
[2026-04-11T06:04:18.061+0000] {processor.py:925} INFO - DAG(s) 'etl_without_crawl' retrieved from /opt/airflow/dags/ETL_Without_Crawl.py
[2026-04-11T06:04:18.098+0000] {logging_mixin.py:190} INFO - [2026-04-11T06:04:18.098+0000] {dag.py:3239} INFO - Sync 1 DAGs
[2026-04-11T06:04:18.119+0000] {logging_mixin.py:190} INFO - [2026-04-11T06:04:18.119+0000] {dag.py:4180} INFO - Setting next_dagrun for etl_without_crawl to None, run_after=None
[2026-04-11T06:04:18.150+0000] {processor.py:208} INFO - Processing /opt/airflow/dags/ETL_Without_Crawl.py took 0.117 seconds
[2026-04-11T06:04:48.505+0000] {processor.py:186} INFO - Started process (PID=557) to work on /opt/airflow/dags/ETL_Without_Crawl.py
[2026-04-11T06:04:48.506+0000] {processor.py:914} INFO - Processing file /opt/airflow/dags/ETL_Without_Crawl.py for tasks to queue
[2026-04-11T06:04:48.507+0000] {logging_mixin.py:190} INFO - [2026-04-11T06:04:48.507+0000] {dagbag.py:588} INFO - Filling up the DagBag from /opt/airflow/dags/ETL_Without_Crawl.py
[2026-04-11T06:04:48.523+0000] {processor.py:925} INFO - DAG(s) 'etl_without_crawl' retrieved from /opt/airflow/dags/ETL_Without_Crawl.py
[2026-04-11T06:04:48.564+0000] {logging_mixin.py:190} INFO - [2026-04-11T06:04:48.564+0000] {dag.py:3239} INFO - Sync 1 DAGs
[2026-04-11T06:04:48.584+0000] {logging_mixin.py:190} INFO - [2026-04-11T06:04:48.584+0000] {dag.py:4180} INFO - Setting next_dagrun for etl_without_crawl to None, run_after=None
[2026-04-11T06:04:48.612+0000] {processor.py:208} INFO - Processing /opt/airflow/dags/ETL_Without_Crawl.py took 0.113 seconds
[2026-04-11T06:05:19.823+0000] {processor.py:186} INFO - Started process (PID=561) to work on /opt/airflow/dags/ETL_Without_Crawl.py
[2026-04-11T06:05:19.824+0000] {processor.py:914} INFO - Processing file /opt/airflow/dags/ETL_Without_Crawl.py for tasks to queue
[2026-04-11T06:05:19.825+0000] {logging_mixin.py:190} INFO - [2026-04-11T06:05:19.825+0000] {dagbag.py:588} INFO - Filling up the DagBag from /opt/airflow/dags/ETL_Without_Crawl.py
[2026-04-11T06:05:19.840+0000] {processor.py:925} INFO - DAG(s) 'etl_without_crawl' retrieved from /opt/airflow/dags/ETL_Without_Crawl.py
[2026-04-11T06:05:19.876+0000] {logging_mixin.py:190} INFO - [2026-04-11T06:05:19.876+0000] {dag.py:3239} INFO - Sync 1 DAGs
[2026-04-11T06:05:19.901+0000] {logging_mixin.py:190} INFO - [2026-04-11T06:05:19.901+0000] {dag.py:4180} INFO - Setting next_dagrun for etl_without_crawl to None, run_after=None
[2026-04-11T06:05:19.934+0000] {processor.py:208} INFO - Processing /opt/airflow/dags/ETL_Without_Crawl.py took 0.117 seconds
[2026-04-11T06:05:50.003+0000] {processor.py:186} INFO - Started process (PID=565) to work on /opt/airflow/dags/ETL_Without_Crawl.py
[2026-04-11T06:05:50.003+0000] {processor.py:914} INFO - Processing file /opt/airflow/dags/ETL_Without_Crawl.py for tasks to queue
[2026-04-11T06:05:50.005+0000] {logging_mixin.py:190} INFO - [2026-04-11T06:05:50.005+0000] {dagbag.py:588} INFO - Filling up the DagBag from /opt/airflow/dags/ETL_Without_Crawl.py
[2026-04-11T06:05:50.022+0000] {processor.py:925} INFO - DAG(s) 'etl_without_crawl' retrieved from /opt/airflow/dags/ETL_Without_Crawl.py
[2026-04-11T06:05:50.063+0000] {logging_mixin.py:190} INFO - [2026-04-11T06:05:50.063+0000] {dag.py:3239} INFO - Sync 1 DAGs
[2026-04-11T06:05:50.086+0000] {logging_mixin.py:190} INFO - [2026-04-11T06:05:50.085+0000] {dag.py:4180} INFO - Setting next_dagrun for etl_without_crawl to None, run_after=None
[2026-04-11T06:05:50.115+0000] {processor.py:208} INFO - Processing /opt/airflow/dags/ETL_Without_Crawl.py took 0.120 seconds
[2026-04-11T06:06:20.656+0000] {processor.py:186} INFO - Started process (PID=569) to work on /opt/airflow/dags/ETL_Without_Crawl.py
[2026-04-11T06:06:20.657+0000] {processor.py:914} INFO - Processing file /opt/airflow/dags/ETL_Without_Crawl.py for tasks to queue
[2026-04-11T06:06:20.658+0000] {logging_mixin.py:190} INFO - [2026-04-11T06:06:20.658+0000] {dagbag.py:588} INFO - Filling up the DagBag from /opt/airflow/dags/ETL_Without_Crawl.py
[2026-04-11T06:06:20.673+0000] {processor.py:925} INFO - DAG(s) 'etl_without_crawl' retrieved from /opt/airflow/dags/ETL_Without_Crawl.py
[2026-04-11T06:06:20.716+0000] {logging_mixin.py:190} INFO - [2026-04-11T06:06:20.716+0000] {dag.py:3239} INFO - Sync 1 DAGs
[2026-04-11T06:06:20.739+0000] {logging_mixin.py:190} INFO - [2026-04-11T06:06:20.739+0000] {dag.py:4180} INFO - Setting next_dagrun for etl_without_crawl to None, run_after=None
[2026-04-11T06:06:20.768+0000] {processor.py:208} INFO - Processing /opt/airflow/dags/ETL_Without_Crawl.py took 0.117 seconds
[2026-04-11T06:06:52.113+0000] {processor.py:186} INFO - Started process (PID=573) to work on /opt/airflow/dags/ETL_Without_Crawl.py
[2026-04-11T06:06:52.114+0000] {processor.py:914} INFO - Processing file /opt/airflow/dags/ETL_Without_Crawl.py for tasks to queue
[2026-04-11T06:06:52.115+0000] {logging_mixin.py:190} INFO - [2026-04-11T06:06:52.115+0000] {dagbag.py:588} INFO - Filling up the DagBag from /opt/airflow/dags/ETL_Without_Crawl.py
[2026-04-11T06:06:52.130+0000] {processor.py:925} INFO - DAG(s) 'etl_without_crawl' retrieved from /opt/airflow/dags/ETL_Without_Crawl.py
[2026-04-11T06:06:52.166+0000] {logging_mixin.py:190} INFO - [2026-04-11T06:06:52.166+0000] {dag.py:3239} INFO - Sync 1 DAGs
[2026-04-11T06:06:52.185+0000] {logging_mixin.py:190} INFO - [2026-04-11T06:06:52.185+0000] {dag.py:4180} INFO - Setting next_dagrun for etl_without_crawl to None, run_after=None
[2026-04-11T06:06:52.215+0000] {processor.py:208} INFO - Processing /opt/airflow/dags/ETL_Without_Crawl.py took 0.109 seconds
[2026-04-11T06:07:22.398+0000] {processor.py:186} INFO - Started process (PID=577) to work on /opt/airflow/dags/ETL_Without_Crawl.py
[2026-04-11T06:07:22.399+0000] {processor.py:914} INFO - Processing file /opt/airflow/dags/ETL_Without_Crawl.py for tasks to queue
[2026-04-11T06:07:22.401+0000] {logging_mixin.py:190} INFO - [2026-04-11T06:07:22.400+0000] {dagbag.py:588} INFO - Filling up the DagBag from /opt/airflow/dags/ETL_Without_Crawl.py
[2026-04-11T06:07:22.416+0000] {processor.py:925} INFO - DAG(s) 'etl_without_crawl' retrieved from /opt/airflow/dags/ETL_Without_Crawl.py
[2026-04-11T06:07:22.462+0000] {logging_mixin.py:190} INFO - [2026-04-11T06:07:22.462+0000] {dag.py:3239} INFO - Sync 1 DAGs
[2026-04-11T06:07:22.484+0000] {logging_mixin.py:190} INFO - [2026-04-11T06:07:22.484+0000] {dag.py:4180} INFO - Setting next_dagrun for etl_without_crawl to None, run_after=None
[2026-04-11T06:07:22.514+0000] {processor.py:208} INFO - Processing /opt/airflow/dags/ETL_Without_Crawl.py took 0.123 seconds
[2026-04-11T06:07:53.541+0000] {processor.py:186} INFO - Started process (PID=581) to work on /opt/airflow/dags/ETL_Without_Crawl.py
[2026-04-11T06:07:53.542+0000] {processor.py:914} INFO - Processing file /opt/airflow/dags/ETL_Without_Crawl.py for tasks to queue
[2026-04-11T06:07:53.543+0000] {logging_mixin.py:190} INFO - [2026-04-11T06:07:53.543+0000] {dagbag.py:588} INFO - Filling up the DagBag from /opt/airflow/dags/ETL_Without_Crawl.py
[2026-04-11T06:07:53.563+0000] {processor.py:925} INFO - DAG(s) 'etl_without_crawl' retrieved from /opt/airflow/dags/ETL_Without_Crawl.py
[2026-04-11T06:07:53.608+0000] {logging_mixin.py:190} INFO - [2026-04-11T06:07:53.607+0000] {dag.py:3239} INFO - Sync 1 DAGs
[2026-04-11T06:07:53.628+0000] {logging_mixin.py:190} INFO - [2026-04-11T06:07:53.628+0000] {dag.py:4180} INFO - Setting next_dagrun for etl_without_crawl to None, run_after=None
[2026-04-11T06:07:53.659+0000] {processor.py:208} INFO - Processing /opt/airflow/dags/ETL_Without_Crawl.py took 0.124 seconds
[2026-04-11T06:08:24.182+0000] {processor.py:186} INFO - Started process (PID=585) to work on /opt/airflow/dags/ETL_Without_Crawl.py
[2026-04-11T06:08:24.183+0000] {processor.py:914} INFO - Processing file /opt/airflow/dags/ETL_Without_Crawl.py for tasks to queue
[2026-04-11T06:08:24.184+0000] {logging_mixin.py:190} INFO - [2026-04-11T06:08:24.184+0000] {dagbag.py:588} INFO - Filling up the DagBag from /opt/airflow/dags/ETL_Without_Crawl.py
[2026-04-11T06:08:24.198+0000] {processor.py:925} INFO - DAG(s) 'etl_without_crawl' retrieved from /opt/airflow/dags/ETL_Without_Crawl.py
[2026-04-11T06:08:24.234+0000] {logging_mixin.py:190} INFO - [2026-04-11T06:08:24.234+0000] {dag.py:3239} INFO - Sync 1 DAGs
[2026-04-11T06:08:24.253+0000] {logging_mixin.py:190} INFO - [2026-04-11T06:08:24.253+0000] {dag.py:4180} INFO - Setting next_dagrun for etl_without_crawl to None, run_after=None
[2026-04-11T06:08:24.311+0000] {processor.py:208} INFO - Processing /opt/airflow/dags/ETL_Without_Crawl.py took 0.134 seconds
[2026-04-11T06:08:55.650+0000] {processor.py:186} INFO - Started process (PID=589) to work on /opt/airflow/dags/ETL_Without_Crawl.py
[2026-04-11T06:08:55.651+0000] {processor.py:914} INFO - Processing file /opt/airflow/dags/ETL_Without_Crawl.py for tasks to queue
[2026-04-11T06:08:55.652+0000] {logging_mixin.py:190} INFO - [2026-04-11T06:08:55.652+0000] {dagbag.py:588} INFO - Filling up the DagBag from /opt/airflow/dags/ETL_Without_Crawl.py
[2026-04-11T06:08:55.669+0000] {processor.py:925} INFO - DAG(s) 'etl_without_crawl' retrieved from /opt/airflow/dags/ETL_Without_Crawl.py
[2026-04-11T06:08:55.723+0000] {logging_mixin.py:190} INFO - [2026-04-11T06:08:55.722+0000] {dag.py:3239} INFO - Sync 1 DAGs
[2026-04-11T06:08:55.746+0000] {logging_mixin.py:190} INFO - [2026-04-11T06:08:55.746+0000] {dag.py:4180} INFO - Setting next_dagrun for etl_without_crawl to None, run_after=None
[2026-04-11T06:08:55.779+0000] {processor.py:208} INFO - Processing /opt/airflow/dags/ETL_Without_Crawl.py took 0.137 seconds
[2026-04-11T06:09:26.020+0000] {processor.py:186} INFO - Started process (PID=593) to work on /opt/airflow/dags/ETL_Without_Crawl.py
[2026-04-11T06:09:26.021+0000] {processor.py:914} INFO - Processing file /opt/airflow/dags/ETL_Without_Crawl.py for tasks to queue
[2026-04-11T06:09:26.023+0000] {logging_mixin.py:190} INFO - [2026-04-11T06:09:26.023+0000] {dagbag.py:588} INFO - Filling up the DagBag from /opt/airflow/dags/ETL_Without_Crawl.py
[2026-04-11T06:09:26.045+0000] {processor.py:925} INFO - DAG(s) 'etl_without_crawl' retrieved from /opt/airflow/dags/ETL_Without_Crawl.py
[2026-04-11T06:09:26.093+0000] {logging_mixin.py:190} INFO - [2026-04-11T06:09:26.093+0000] {dag.py:3239} INFO - Sync 1 DAGs
[2026-04-11T06:09:26.117+0000] {logging_mixin.py:190} INFO - [2026-04-11T06:09:26.116+0000] {dag.py:4180} INFO - Setting next_dagrun for etl_without_crawl to None, run_after=None
[2026-04-11T06:09:26.151+0000] {processor.py:208} INFO - Processing /opt/airflow/dags/ETL_Without_Crawl.py took 0.139 seconds
[2026-04-11T06:09:56.194+0000] {processor.py:186} INFO - Started process (PID=596) to work on /opt/airflow/dags/ETL_Without_Crawl.py
[2026-04-11T06:09:56.194+0000] {processor.py:914} INFO - Processing file /opt/airflow/dags/ETL_Without_Crawl.py for tasks to queue
[2026-04-11T06:09:56.196+0000] {logging_mixin.py:190} INFO - [2026-04-11T06:09:56.196+0000] {dagbag.py:588} INFO - Filling up the DagBag from /opt/airflow/dags/ETL_Without_Crawl.py
[2026-04-11T06:09:56.215+0000] {processor.py:925} INFO - DAG(s) 'etl_without_crawl' retrieved from /opt/airflow/dags/ETL_Without_Crawl.py
[2026-04-11T06:09:56.260+0000] {logging_mixin.py:190} INFO - [2026-04-11T06:09:56.260+0000] {dag.py:3239} INFO - Sync 1 DAGs
[2026-04-11T06:09:56.281+0000] {logging_mixin.py:190} INFO - [2026-04-11T06:09:56.281+0000] {dag.py:4180} INFO - Setting next_dagrun for etl_without_crawl to None, run_after=None
[2026-04-11T06:09:56.309+0000] {processor.py:208} INFO - Processing /opt/airflow/dags/ETL_Without_Crawl.py took 0.123 seconds
[2026-04-11T06:10:27.861+0000] {processor.py:186} INFO - Started process (PID=601) to work on /opt/airflow/dags/ETL_Without_Crawl.py
[2026-04-11T06:10:27.862+0000] {processor.py:914} INFO - Processing file /opt/airflow/dags/ETL_Without_Crawl.py for tasks to queue
[2026-04-11T06:10:27.863+0000] {logging_mixin.py:190} INFO - [2026-04-11T06:10:27.863+0000] {dagbag.py:588} INFO - Filling up the DagBag from /opt/airflow/dags/ETL_Without_Crawl.py
[2026-04-11T06:10:27.878+0000] {processor.py:925} INFO - DAG(s) 'etl_without_crawl' retrieved from /opt/airflow/dags/ETL_Without_Crawl.py
[2026-04-11T06:10:27.916+0000] {logging_mixin.py:190} INFO - [2026-04-11T06:10:27.916+0000] {dag.py:3239} INFO - Sync 1 DAGs
[2026-04-11T06:10:27.937+0000] {logging_mixin.py:190} INFO - [2026-04-11T06:10:27.936+0000] {dag.py:4180} INFO - Setting next_dagrun for etl_without_crawl to None, run_after=None
[2026-04-11T06:10:27.965+0000] {processor.py:208} INFO - Processing /opt/airflow/dags/ETL_Without_Crawl.py took 0.112 seconds
[2026-04-11T06:10:58.280+0000] {processor.py:186} INFO - Started process (PID=605) to work on /opt/airflow/dags/ETL_Without_Crawl.py
[2026-04-11T06:10:58.281+0000] {processor.py:914} INFO - Processing file /opt/airflow/dags/ETL_Without_Crawl.py for tasks to queue
[2026-04-11T06:10:58.282+0000] {logging_mixin.py:190} INFO - [2026-04-11T06:10:58.282+0000] {dagbag.py:588} INFO - Filling up the DagBag from /opt/airflow/dags/ETL_Without_Crawl.py
[2026-04-11T06:10:58.298+0000] {processor.py:925} INFO - DAG(s) 'etl_without_crawl' retrieved from /opt/airflow/dags/ETL_Without_Crawl.py
[2026-04-11T06:10:58.333+0000] {logging_mixin.py:190} INFO - [2026-04-11T06:10:58.333+0000] {dag.py:3239} INFO - Sync 1 DAGs
[2026-04-11T06:10:58.353+0000] {logging_mixin.py:190} INFO - [2026-04-11T06:10:58.353+0000] {dag.py:4180} INFO - Setting next_dagrun for etl_without_crawl to None, run_after=None
[2026-04-11T06:10:58.382+0000] {processor.py:208} INFO - Processing /opt/airflow/dags/ETL_Without_Crawl.py took 0.108 seconds
[2026-04-11T06:11:29.523+0000] {processor.py:186} INFO - Started process (PID=609) to work on /opt/airflow/dags/ETL_Without_Crawl.py
[2026-04-11T06:11:29.524+0000] {processor.py:914} INFO - Processing file /opt/airflow/dags/ETL_Without_Crawl.py for tasks to queue
[2026-04-11T06:11:29.525+0000] {logging_mixin.py:190} INFO - [2026-04-11T06:11:29.525+0000] {dagbag.py:588} INFO - Filling up the DagBag from /opt/airflow/dags/ETL_Without_Crawl.py
[2026-04-11T06:11:29.546+0000] {processor.py:925} INFO - DAG(s) 'etl_without_crawl' retrieved from /opt/airflow/dags/ETL_Without_Crawl.py
[2026-04-11T06:11:29.585+0000] {logging_mixin.py:190} INFO - [2026-04-11T06:11:29.585+0000] {dag.py:3239} INFO - Sync 1 DAGs
[2026-04-11T06:11:29.603+0000] {logging_mixin.py:190} INFO - [2026-04-11T06:11:29.603+0000] {dag.py:4180} INFO - Setting next_dagrun for etl_without_crawl to None, run_after=None
[2026-04-11T06:11:29.631+0000] {processor.py:208} INFO - Processing /opt/airflow/dags/ETL_Without_Crawl.py took 0.115 seconds
[2026-04-11T06:12:00.586+0000] {processor.py:186} INFO - Started process (PID=613) to work on /opt/airflow/dags/ETL_Without_Crawl.py
[2026-04-11T06:12:00.587+0000] {processor.py:914} INFO - Processing file /opt/airflow/dags/ETL_Without_Crawl.py for tasks to queue
[2026-04-11T06:12:00.588+0000] {logging_mixin.py:190} INFO - [2026-04-11T06:12:00.588+0000] {dagbag.py:588} INFO - Filling up the DagBag from /opt/airflow/dags/ETL_Without_Crawl.py
[2026-04-11T06:12:00.606+0000] {processor.py:925} INFO - DAG(s) 'etl_without_crawl' retrieved from /opt/airflow/dags/ETL_Without_Crawl.py
[2026-04-11T06:12:00.642+0000] {logging_mixin.py:190} INFO - [2026-04-11T06:12:00.642+0000] {dag.py:3239} INFO - Sync 1 DAGs
[2026-04-11T06:12:00.661+0000] {logging_mixin.py:190} INFO - [2026-04-11T06:12:00.660+0000] {dag.py:4180} INFO - Setting next_dagrun for etl_without_crawl to None, run_after=None
[2026-04-11T06:12:00.689+0000] {processor.py:208} INFO - Processing /opt/airflow/dags/ETL_Without_Crawl.py took 0.110 seconds
[2026-04-11T06:12:31.155+0000] {processor.py:186} INFO - Started process (PID=617) to work on /opt/airflow/dags/ETL_Without_Crawl.py
[2026-04-11T06:12:31.156+0000] {processor.py:914} INFO - Processing file /opt/airflow/dags/ETL_Without_Crawl.py for tasks to queue
[2026-04-11T06:12:31.157+0000] {logging_mixin.py:190} INFO - [2026-04-11T06:12:31.157+0000] {dagbag.py:588} INFO - Filling up the DagBag from /opt/airflow/dags/ETL_Without_Crawl.py
[2026-04-11T06:12:31.173+0000] {processor.py:925} INFO - DAG(s) 'etl_without_crawl' retrieved from /opt/airflow/dags/ETL_Without_Crawl.py
[2026-04-11T06:12:31.212+0000] {logging_mixin.py:190} INFO - [2026-04-11T06:12:31.212+0000] {dag.py:3239} INFO - Sync 1 DAGs
[2026-04-11T06:12:31.231+0000] {logging_mixin.py:190} INFO - [2026-04-11T06:12:31.231+0000] {dag.py:4180} INFO - Setting next_dagrun for etl_without_crawl to None, run_after=None
[2026-04-11T06:12:31.259+0000] {processor.py:208} INFO - Processing /opt/airflow/dags/ETL_Without_Crawl.py took 0.112 seconds
[2026-04-11T06:13:01.580+0000] {processor.py:186} INFO - Started process (PID=621) to work on /opt/airflow/dags/ETL_Without_Crawl.py
[2026-04-11T06:13:01.581+0000] {processor.py:914} INFO - Processing file /opt/airflow/dags/ETL_Without_Crawl.py for tasks to queue
[2026-04-11T06:13:01.582+0000] {logging_mixin.py:190} INFO - [2026-04-11T06:13:01.582+0000] {dagbag.py:588} INFO - Filling up the DagBag from /opt/airflow/dags/ETL_Without_Crawl.py
[2026-04-11T06:13:01.597+0000] {processor.py:925} INFO - DAG(s) 'etl_without_crawl' retrieved from /opt/airflow/dags/ETL_Without_Crawl.py
[2026-04-11T06:13:01.633+0000] {logging_mixin.py:190} INFO - [2026-04-11T06:13:01.633+0000] {dag.py:3239} INFO - Sync 1 DAGs
[2026-04-11T06:13:01.651+0000] {logging_mixin.py:190} INFO - [2026-04-11T06:13:01.651+0000] {dag.py:4180} INFO - Setting next_dagrun for etl_without_crawl to None, run_after=None
[2026-04-11T06:13:01.681+0000] {processor.py:208} INFO - Processing /opt/airflow/dags/ETL_Without_Crawl.py took 0.108 seconds
[2026-04-11T06:13:31.809+0000] {processor.py:186} INFO - Started process (PID=625) to work on /opt/airflow/dags/ETL_Without_Crawl.py
[2026-04-11T06:13:31.809+0000] {processor.py:914} INFO - Processing file /opt/airflow/dags/ETL_Without_Crawl.py for tasks to queue
[2026-04-11T06:13:31.810+0000] {logging_mixin.py:190} INFO - [2026-04-11T06:13:31.810+0000] {dagbag.py:588} INFO - Filling up the DagBag from /opt/airflow/dags/ETL_Without_Crawl.py
[2026-04-11T06:13:31.823+0000] {processor.py:925} INFO - DAG(s) 'etl_without_crawl' retrieved from /opt/airflow/dags/ETL_Without_Crawl.py
[2026-04-11T06:13:31.860+0000] {logging_mixin.py:190} INFO - [2026-04-11T06:13:31.860+0000] {dag.py:3239} INFO - Sync 1 DAGs
[2026-04-11T06:13:31.878+0000] {logging_mixin.py:190} INFO - [2026-04-11T06:13:31.878+0000] {dag.py:4180} INFO - Setting next_dagrun for etl_without_crawl to None, run_after=None
[2026-04-11T06:13:31.906+0000] {processor.py:208} INFO - Processing /opt/airflow/dags/ETL_Without_Crawl.py took 0.103 seconds
[2026-04-11T06:14:02.881+0000] {processor.py:186} INFO - Started process (PID=629) to work on /opt/airflow/dags/ETL_Without_Crawl.py
[2026-04-11T06:14:02.882+0000] {processor.py:914} INFO - Processing file /opt/airflow/dags/ETL_Without_Crawl.py for tasks to queue
[2026-04-11T06:14:02.883+0000] {logging_mixin.py:190} INFO - [2026-04-11T06:14:02.882+0000] {dagbag.py:588} INFO - Filling up the DagBag from /opt/airflow/dags/ETL_Without_Crawl.py
[2026-04-11T06:14:02.898+0000] {processor.py:925} INFO - DAG(s) 'etl_without_crawl' retrieved from /opt/airflow/dags/ETL_Without_Crawl.py
[2026-04-11T06:14:02.934+0000] {logging_mixin.py:190} INFO - [2026-04-11T06:14:02.934+0000] {dag.py:3239} INFO - Sync 1 DAGs
[2026-04-11T06:14:02.954+0000] {logging_mixin.py:190} INFO - [2026-04-11T06:14:02.954+0000] {dag.py:4180} INFO - Setting next_dagrun for etl_without_crawl to None, run_after=None
[2026-04-11T06:14:02.982+0000] {processor.py:208} INFO - Processing /opt/airflow/dags/ETL_Without_Crawl.py took 0.107 seconds
[2026-04-11T06:14:33.512+0000] {processor.py:186} INFO - Started process (PID=633) to work on /opt/airflow/dags/ETL_Without_Crawl.py
[2026-04-11T06:14:33.513+0000] {processor.py:914} INFO - Processing file /opt/airflow/dags/ETL_Without_Crawl.py for tasks to queue
[2026-04-11T06:14:33.515+0000] {logging_mixin.py:190} INFO - [2026-04-11T06:14:33.515+0000] {dagbag.py:588} INFO - Filling up the DagBag from /opt/airflow/dags/ETL_Without_Crawl.py
[2026-04-11T06:14:33.533+0000] {processor.py:925} INFO - DAG(s) 'etl_without_crawl' retrieved from /opt/airflow/dags/ETL_Without_Crawl.py
[2026-04-11T06:14:33.574+0000] {logging_mixin.py:190} INFO - [2026-04-11T06:14:33.574+0000] {dag.py:3239} INFO - Sync 1 DAGs
[2026-04-11T06:14:33.597+0000] {logging_mixin.py:190} INFO - [2026-04-11T06:14:33.597+0000] {dag.py:4180} INFO - Setting next_dagrun for etl_without_crawl to None, run_after=None
[2026-04-11T06:14:33.629+0000] {processor.py:208} INFO - Processing /opt/airflow/dags/ETL_Without_Crawl.py took 0.123 seconds
[2026-04-11T06:15:04.937+0000] {processor.py:186} INFO - Started process (PID=637) to work on /opt/airflow/dags/ETL_Without_Crawl.py
[2026-04-11T06:15:04.938+0000] {processor.py:914} INFO - Processing file /opt/airflow/dags/ETL_Without_Crawl.py for tasks to queue
[2026-04-11T06:15:04.939+0000] {logging_mixin.py:190} INFO - [2026-04-11T06:15:04.939+0000] {dagbag.py:588} INFO - Filling up the DagBag from /opt/airflow/dags/ETL_Without_Crawl.py
[2026-04-11T06:15:04.956+0000] {processor.py:925} INFO - DAG(s) 'etl_without_crawl' retrieved from /opt/airflow/dags/ETL_Without_Crawl.py
[2026-04-11T06:15:04.993+0000] {logging_mixin.py:190} INFO - [2026-04-11T06:15:04.993+0000] {dag.py:3239} INFO - Sync 1 DAGs
[2026-04-11T06:15:05.014+0000] {logging_mixin.py:190} INFO - [2026-04-11T06:15:05.014+0000] {dag.py:4180} INFO - Setting next_dagrun for etl_without_crawl to None, run_after=None
[2026-04-11T06:15:05.044+0000] {processor.py:208} INFO - Processing /opt/airflow/dags/ETL_Without_Crawl.py took 0.112 seconds
[2026-04-11T06:15:35.180+0000] {processor.py:186} INFO - Started process (PID=641) to work on /opt/airflow/dags/ETL_Without_Crawl.py
[2026-04-11T06:15:35.181+0000] {processor.py:914} INFO - Processing file /opt/airflow/dags/ETL_Without_Crawl.py for tasks to queue
[2026-04-11T06:15:35.182+0000] {logging_mixin.py:190} INFO - [2026-04-11T06:15:35.182+0000] {dagbag.py:588} INFO - Filling up the DagBag from /opt/airflow/dags/ETL_Without_Crawl.py
[2026-04-11T06:15:35.198+0000] {processor.py:925} INFO - DAG(s) 'etl_without_crawl' retrieved from /opt/airflow/dags/ETL_Without_Crawl.py
[2026-04-11T06:15:35.233+0000] {logging_mixin.py:190} INFO - [2026-04-11T06:15:35.233+0000] {dag.py:3239} INFO - Sync 1 DAGs
[2026-04-11T06:15:35.254+0000] {logging_mixin.py:190} INFO - [2026-04-11T06:15:35.254+0000] {dag.py:4180} INFO - Setting next_dagrun for etl_without_crawl to None, run_after=None
[2026-04-11T06:15:35.285+0000] {processor.py:208} INFO - Processing /opt/airflow/dags/ETL_Without_Crawl.py took 0.111 seconds
[2026-04-11T06:16:06.183+0000] {processor.py:186} INFO - Started process (PID=645) to work on /opt/airflow/dags/ETL_Without_Crawl.py
[2026-04-11T06:16:06.183+0000] {processor.py:914} INFO - Processing file /opt/airflow/dags/ETL_Without_Crawl.py for tasks to queue
[2026-04-11T06:16:06.185+0000] {logging_mixin.py:190} INFO - [2026-04-11T06:16:06.184+0000] {dagbag.py:588} INFO - Filling up the DagBag from /opt/airflow/dags/ETL_Without_Crawl.py
[2026-04-11T06:16:06.206+0000] {processor.py:925} INFO - DAG(s) 'etl_without_crawl' retrieved from /opt/airflow/dags/ETL_Without_Crawl.py
[2026-04-11T06:16:06.257+0000] {logging_mixin.py:190} INFO - [2026-04-11T06:16:06.257+0000] {dag.py:3239} INFO - Sync 1 DAGs
[2026-04-11T06:16:06.296+0000] {logging_mixin.py:190} INFO - [2026-04-11T06:16:06.296+0000] {dag.py:4180} INFO - Setting next_dagrun for etl_without_crawl to None, run_after=None
[2026-04-11T06:16:06.332+0000] {processor.py:208} INFO - Processing /opt/airflow/dags/ETL_Without_Crawl.py took 0.158 seconds
[2026-04-11T06:16:36.802+0000] {processor.py:186} INFO - Started process (PID=649) to work on /opt/airflow/dags/ETL_Without_Crawl.py
[2026-04-11T06:16:36.803+0000] {processor.py:914} INFO - Processing file /opt/airflow/dags/ETL_Without_Crawl.py for tasks to queue
[2026-04-11T06:16:36.806+0000] {logging_mixin.py:190} INFO - [2026-04-11T06:16:36.806+0000] {dagbag.py:588} INFO - Filling up the DagBag from /opt/airflow/dags/ETL_Without_Crawl.py
[2026-04-11T06:16:36.828+0000] {processor.py:925} INFO - DAG(s) 'etl_without_crawl' retrieved from /opt/airflow/dags/ETL_Without_Crawl.py
[2026-04-11T06:16:36.869+0000] {logging_mixin.py:190} INFO - [2026-04-11T06:16:36.869+0000] {dag.py:3239} INFO - Sync 1 DAGs
[2026-04-11T06:16:36.888+0000] {logging_mixin.py:190} INFO - [2026-04-11T06:16:36.888+0000] {dag.py:4180} INFO - Setting next_dagrun for etl_without_crawl to None, run_after=None
[2026-04-11T06:16:36.919+0000] {processor.py:208} INFO - Processing /opt/airflow/dags/ETL_Without_Crawl.py took 0.126 seconds
[2026-04-11T06:17:07.221+0000] {processor.py:186} INFO - Started process (PID=653) to work on /opt/airflow/dags/ETL_Without_Crawl.py
[2026-04-11T06:17:07.222+0000] {processor.py:914} INFO - Processing file /opt/airflow/dags/ETL_Without_Crawl.py for tasks to queue
[2026-04-11T06:17:07.223+0000] {logging_mixin.py:190} INFO - [2026-04-11T06:17:07.223+0000] {dagbag.py:588} INFO - Filling up the DagBag from /opt/airflow/dags/ETL_Without_Crawl.py
[2026-04-11T06:17:07.241+0000] {processor.py:925} INFO - DAG(s) 'etl_without_crawl' retrieved from /opt/airflow/dags/ETL_Without_Crawl.py
[2026-04-11T06:17:07.290+0000] {logging_mixin.py:190} INFO - [2026-04-11T06:17:07.290+0000] {dag.py:3239} INFO - Sync 1 DAGs
[2026-04-11T06:17:07.314+0000] {logging_mixin.py:190} INFO - [2026-04-11T06:17:07.314+0000] {dag.py:4180} INFO - Setting next_dagrun for etl_without_crawl to None, run_after=None
[2026-04-11T06:17:07.357+0000] {processor.py:208} INFO - Processing /opt/airflow/dags/ETL_Without_Crawl.py took 0.143 seconds
[2026-04-11T06:17:38.481+0000] {processor.py:186} INFO - Started process (PID=657) to work on /opt/airflow/dags/ETL_Without_Crawl.py
[2026-04-11T06:17:38.482+0000] {processor.py:914} INFO - Processing file /opt/airflow/dags/ETL_Without_Crawl.py for tasks to queue
[2026-04-11T06:17:38.484+0000] {logging_mixin.py:190} INFO - [2026-04-11T06:17:38.484+0000] {dagbag.py:588} INFO - Filling up the DagBag from /opt/airflow/dags/ETL_Without_Crawl.py
[2026-04-11T06:17:38.505+0000] {processor.py:925} INFO - DAG(s) 'etl_without_crawl' retrieved from /opt/airflow/dags/ETL_Without_Crawl.py
[2026-04-11T06:17:38.542+0000] {logging_mixin.py:190} INFO - [2026-04-11T06:17:38.541+0000] {dag.py:3239} INFO - Sync 1 DAGs
[2026-04-11T06:17:38.561+0000] {logging_mixin.py:190} INFO - [2026-04-11T06:17:38.561+0000] {dag.py:4180} INFO - Setting next_dagrun for etl_without_crawl to None, run_after=None
[2026-04-11T06:17:38.592+0000] {processor.py:208} INFO - Processing /opt/airflow/dags/ETL_Without_Crawl.py took 0.117 seconds
[2026-04-11T06:18:09.509+0000] {processor.py:186} INFO - Started process (PID=661) to work on /opt/airflow/dags/ETL_Without_Crawl.py
[2026-04-11T06:18:09.510+0000] {processor.py:914} INFO - Processing file /opt/airflow/dags/ETL_Without_Crawl.py for tasks to queue
[2026-04-11T06:18:09.512+0000] {logging_mixin.py:190} INFO - [2026-04-11T06:18:09.512+0000] {dagbag.py:588} INFO - Filling up the DagBag from /opt/airflow/dags/ETL_Without_Crawl.py
[2026-04-11T06:18:09.527+0000] {processor.py:925} INFO - DAG(s) 'etl_without_crawl' retrieved from /opt/airflow/dags/ETL_Without_Crawl.py
[2026-04-11T06:18:09.560+0000] {logging_mixin.py:190} INFO - [2026-04-11T06:18:09.560+0000] {dag.py:3239} INFO - Sync 1 DAGs
[2026-04-11T06:18:09.577+0000] {logging_mixin.py:190} INFO - [2026-04-11T06:18:09.576+0000] {dag.py:4180} INFO - Setting next_dagrun for etl_without_crawl to None, run_after=None
[2026-04-11T06:18:09.602+0000] {processor.py:208} INFO - Processing /opt/airflow/dags/ETL_Without_Crawl.py took 0.099 seconds
[2026-04-11T06:18:41.711+0000] {processor.py:186} INFO - Started process (PID=665) to work on /opt/airflow/dags/ETL_Without_Crawl.py
[2026-04-11T06:18:41.711+0000] {processor.py:914} INFO - Processing file /opt/airflow/dags/ETL_Without_Crawl.py for tasks to queue
[2026-04-11T06:18:41.713+0000] {logging_mixin.py:190} INFO - [2026-04-11T06:18:41.712+0000] {dagbag.py:588} INFO - Filling up the DagBag from /opt/airflow/dags/ETL_Without_Crawl.py
[2026-04-11T06:18:41.732+0000] {processor.py:925} INFO - DAG(s) 'etl_without_crawl' retrieved from /opt/airflow/dags/ETL_Without_Crawl.py
[2026-04-11T06:18:41.769+0000] {logging_mixin.py:190} INFO - [2026-04-11T06:18:41.769+0000] {dag.py:3239} INFO - Sync 1 DAGs
[2026-04-11T06:18:41.787+0000] {logging_mixin.py:190} INFO - [2026-04-11T06:18:41.787+0000] {dag.py:4180} INFO - Setting next_dagrun for etl_without_crawl to None, run_after=None
[2026-04-11T06:18:41.817+0000] {processor.py:208} INFO - Processing /opt/airflow/dags/ETL_Without_Crawl.py took 0.112 seconds
[2026-04-11T06:19:12.064+0000] {processor.py:186} INFO - Started process (PID=669) to work on /opt/airflow/dags/ETL_Without_Crawl.py
[2026-04-11T06:19:12.065+0000] {processor.py:914} INFO - Processing file /opt/airflow/dags/ETL_Without_Crawl.py for tasks to queue
[2026-04-11T06:19:12.066+0000] {logging_mixin.py:190} INFO - [2026-04-11T06:19:12.066+0000] {dagbag.py:588} INFO - Filling up the DagBag from /opt/airflow/dags/ETL_Without_Crawl.py
[2026-04-11T06:19:12.082+0000] {processor.py:925} INFO - DAG(s) 'etl_without_crawl' retrieved from /opt/airflow/dags/ETL_Without_Crawl.py
[2026-04-11T06:19:12.119+0000] {logging_mixin.py:190} INFO - [2026-04-11T06:19:12.119+0000] {dag.py:3239} INFO - Sync 1 DAGs
[2026-04-11T06:19:12.139+0000] {logging_mixin.py:190} INFO - [2026-04-11T06:19:12.139+0000] {dag.py:4180} INFO - Setting next_dagrun for etl_without_crawl to None, run_after=None
[2026-04-11T06:19:12.168+0000] {processor.py:208} INFO - Processing /opt/airflow/dags/ETL_Without_Crawl.py took 0.111 seconds
[2026-04-11T06:19:43.254+0000] {processor.py:186} INFO - Started process (PID=673) to work on /opt/airflow/dags/ETL_Without_Crawl.py
[2026-04-11T06:19:43.255+0000] {processor.py:914} INFO - Processing file /opt/airflow/dags/ETL_Without_Crawl.py for tasks to queue
[2026-04-11T06:19:43.257+0000] {logging_mixin.py:190} INFO - [2026-04-11T06:19:43.256+0000] {dagbag.py:588} INFO - Filling up the DagBag from /opt/airflow/dags/ETL_Without_Crawl.py
[2026-04-11T06:19:43.308+0000] {processor.py:925} INFO - DAG(s) 'etl_without_crawl' retrieved from /opt/airflow/dags/ETL_Without_Crawl.py
[2026-04-11T06:19:43.362+0000] {logging_mixin.py:190} INFO - [2026-04-11T06:19:43.362+0000] {dag.py:3239} INFO - Sync 1 DAGs
[2026-04-11T06:19:43.383+0000] {logging_mixin.py:190} INFO - [2026-04-11T06:19:43.382+0000] {dag.py:4180} INFO - Setting next_dagrun for etl_without_crawl to None, run_after=None
[2026-04-11T06:19:43.431+0000] {processor.py:208} INFO - Processing /opt/airflow/dags/ETL_Without_Crawl.py took 0.184 seconds
[2026-04-11T06:20:14.188+0000] {processor.py:186} INFO - Started process (PID=677) to work on /opt/airflow/dags/ETL_Without_Crawl.py
[2026-04-11T06:20:14.188+0000] {processor.py:914} INFO - Processing file /opt/airflow/dags/ETL_Without_Crawl.py for tasks to queue
[2026-04-11T06:20:14.190+0000] {logging_mixin.py:190} INFO - [2026-04-11T06:20:14.189+0000] {dagbag.py:588} INFO - Filling up the DagBag from /opt/airflow/dags/ETL_Without_Crawl.py
[2026-04-11T06:20:14.206+0000] {processor.py:925} INFO - DAG(s) 'etl_without_crawl' retrieved from /opt/airflow/dags/ETL_Without_Crawl.py
[2026-04-11T06:20:14.248+0000] {logging_mixin.py:190} INFO - [2026-04-11T06:20:14.248+0000] {dag.py:3239} INFO - Sync 1 DAGs
[2026-04-11T06:20:14.267+0000] {logging_mixin.py:190} INFO - [2026-04-11T06:20:14.267+0000] {dag.py:4180} INFO - Setting next_dagrun for etl_without_crawl to None, run_after=None
[2026-04-11T06:20:14.296+0000] {processor.py:208} INFO - Processing /opt/airflow/dags/ETL_Without_Crawl.py took 0.115 seconds
[2026-04-11T06:20:44.765+0000] {processor.py:186} INFO - Started process (PID=681) to work on /opt/airflow/dags/ETL_Without_Crawl.py
[2026-04-11T06:20:44.766+0000] {processor.py:914} INFO - Processing file /opt/airflow/dags/ETL_Without_Crawl.py for tasks to queue
[2026-04-11T06:20:44.767+0000] {logging_mixin.py:190} INFO - [2026-04-11T06:20:44.767+0000] {dagbag.py:588} INFO - Filling up the DagBag from /opt/airflow/dags/ETL_Without_Crawl.py
[2026-04-11T06:20:44.783+0000] {processor.py:925} INFO - DAG(s) 'etl_without_crawl' retrieved from /opt/airflow/dags/ETL_Without_Crawl.py
[2026-04-11T06:20:44.819+0000] {logging_mixin.py:190} INFO - [2026-04-11T06:20:44.819+0000] {dag.py:3239} INFO - Sync 1 DAGs
[2026-04-11T06:20:44.836+0000] {logging_mixin.py:190} INFO - [2026-04-11T06:20:44.836+0000] {dag.py:4180} INFO - Setting next_dagrun for etl_without_crawl to None, run_after=None
[2026-04-11T06:20:44.865+0000] {processor.py:208} INFO - Processing /opt/airflow/dags/ETL_Without_Crawl.py took 0.110 seconds
[2026-04-11T06:21:16.138+0000] {processor.py:186} INFO - Started process (PID=685) to work on /opt/airflow/dags/ETL_Without_Crawl.py
[2026-04-11T06:21:16.139+0000] {processor.py:914} INFO - Processing file /opt/airflow/dags/ETL_Without_Crawl.py for tasks to queue
[2026-04-11T06:21:16.142+0000] {logging_mixin.py:190} INFO - [2026-04-11T06:21:16.142+0000] {dagbag.py:588} INFO - Filling up the DagBag from /opt/airflow/dags/ETL_Without_Crawl.py
[2026-04-11T06:21:16.160+0000] {processor.py:925} INFO - DAG(s) 'etl_without_crawl' retrieved from /opt/airflow/dags/ETL_Without_Crawl.py
[2026-04-11T06:21:16.210+0000] {logging_mixin.py:190} INFO - [2026-04-11T06:21:16.209+0000] {dag.py:3239} INFO - Sync 1 DAGs
[2026-04-11T06:21:16.234+0000] {logging_mixin.py:190} INFO - [2026-04-11T06:21:16.234+0000] {dag.py:4180} INFO - Setting next_dagrun for etl_without_crawl to None, run_after=None
[2026-04-11T06:21:16.271+0000] {processor.py:208} INFO - Processing /opt/airflow/dags/ETL_Without_Crawl.py took 0.139 seconds
[2026-04-11T06:21:46.385+0000] {processor.py:186} INFO - Started process (PID=689) to work on /opt/airflow/dags/ETL_Without_Crawl.py
[2026-04-11T06:21:46.386+0000] {processor.py:914} INFO - Processing file /opt/airflow/dags/ETL_Without_Crawl.py for tasks to queue
[2026-04-11T06:21:46.387+0000] {logging_mixin.py:190} INFO - [2026-04-11T06:21:46.387+0000] {dagbag.py:588} INFO - Filling up the DagBag from /opt/airflow/dags/ETL_Without_Crawl.py
[2026-04-11T06:21:46.404+0000] {processor.py:925} INFO - DAG(s) 'etl_without_crawl' retrieved from /opt/airflow/dags/ETL_Without_Crawl.py
[2026-04-11T06:21:46.450+0000] {logging_mixin.py:190} INFO - [2026-04-11T06:21:46.449+0000] {dag.py:3239} INFO - Sync 1 DAGs
[2026-04-11T06:21:46.477+0000] {logging_mixin.py:190} INFO - [2026-04-11T06:21:46.477+0000] {dag.py:4180} INFO - Setting next_dagrun for etl_without_crawl to None, run_after=None
[2026-04-11T06:21:46.514+0000] {processor.py:208} INFO - Processing /opt/airflow/dags/ETL_Without_Crawl.py took 0.135 seconds
[2026-04-11T06:22:18.149+0000] {processor.py:186} INFO - Started process (PID=693) to work on /opt/airflow/dags/ETL_Without_Crawl.py
[2026-04-11T06:22:18.150+0000] {processor.py:914} INFO - Processing file /opt/airflow/dags/ETL_Without_Crawl.py for tasks to queue
[2026-04-11T06:22:18.151+0000] {logging_mixin.py:190} INFO - [2026-04-11T06:22:18.151+0000] {dagbag.py:588} INFO - Filling up the DagBag from /opt/airflow/dags/ETL_Without_Crawl.py
[2026-04-11T06:22:18.167+0000] {processor.py:925} INFO - DAG(s) 'etl_without_crawl' retrieved from /opt/airflow/dags/ETL_Without_Crawl.py
[2026-04-11T06:22:18.205+0000] {logging_mixin.py:190} INFO - [2026-04-11T06:22:18.204+0000] {dag.py:3239} INFO - Sync 1 DAGs
[2026-04-11T06:22:18.225+0000] {logging_mixin.py:190} INFO - [2026-04-11T06:22:18.225+0000] {dag.py:4180} INFO - Setting next_dagrun for etl_without_crawl to None, run_after=None
[2026-04-11T06:22:18.253+0000] {processor.py:208} INFO - Processing /opt/airflow/dags/ETL_Without_Crawl.py took 0.113 seconds
[2026-04-11T06:22:48.679+0000] {processor.py:186} INFO - Started process (PID=697) to work on /opt/airflow/dags/ETL_Without_Crawl.py
[2026-04-11T06:22:48.679+0000] {processor.py:914} INFO - Processing file /opt/airflow/dags/ETL_Without_Crawl.py for tasks to queue
[2026-04-11T06:22:48.682+0000] {logging_mixin.py:190} INFO - [2026-04-11T06:22:48.681+0000] {dagbag.py:588} INFO - Filling up the DagBag from /opt/airflow/dags/ETL_Without_Crawl.py
[2026-04-11T06:22:48.700+0000] {processor.py:925} INFO - DAG(s) 'etl_without_crawl' retrieved from /opt/airflow/dags/ETL_Without_Crawl.py
[2026-04-11T06:22:48.739+0000] {logging_mixin.py:190} INFO - [2026-04-11T06:22:48.738+0000] {dag.py:3239} INFO - Sync 1 DAGs
[2026-04-11T06:22:48.761+0000] {logging_mixin.py:190} INFO - [2026-04-11T06:22:48.760+0000] {dag.py:4180} INFO - Setting next_dagrun for etl_without_crawl to None, run_after=None
[2026-04-11T06:22:48.792+0000] {processor.py:208} INFO - Processing /opt/airflow/dags/ETL_Without_Crawl.py took 0.119 seconds
[2026-04-11T06:23:19.140+0000] {processor.py:186} INFO - Started process (PID=701) to work on /opt/airflow/dags/ETL_Without_Crawl.py
[2026-04-11T06:23:19.141+0000] {processor.py:914} INFO - Processing file /opt/airflow/dags/ETL_Without_Crawl.py for tasks to queue
[2026-04-11T06:23:19.142+0000] {logging_mixin.py:190} INFO - [2026-04-11T06:23:19.141+0000] {dagbag.py:588} INFO - Filling up the DagBag from /opt/airflow/dags/ETL_Without_Crawl.py
[2026-04-11T06:23:19.158+0000] {processor.py:925} INFO - DAG(s) 'etl_without_crawl' retrieved from /opt/airflow/dags/ETL_Without_Crawl.py
[2026-04-11T06:23:19.197+0000] {logging_mixin.py:190} INFO - [2026-04-11T06:23:19.197+0000] {dag.py:3239} INFO - Sync 1 DAGs
[2026-04-11T06:23:19.217+0000] {logging_mixin.py:190} INFO - [2026-04-11T06:23:19.217+0000] {dag.py:4180} INFO - Setting next_dagrun for etl_without_crawl to None, run_after=None
[2026-04-11T06:23:19.245+0000] {processor.py:208} INFO - Processing /opt/airflow/dags/ETL_Without_Crawl.py took 0.113 seconds
[2026-04-11T06:23:50.303+0000] {processor.py:186} INFO - Started process (PID=705) to work on /opt/airflow/dags/ETL_Without_Crawl.py
[2026-04-11T06:23:50.303+0000] {processor.py:914} INFO - Processing file /opt/airflow/dags/ETL_Without_Crawl.py for tasks to queue
[2026-04-11T06:23:50.305+0000] {logging_mixin.py:190} INFO - [2026-04-11T06:23:50.304+0000] {dagbag.py:588} INFO - Filling up the DagBag from /opt/airflow/dags/ETL_Without_Crawl.py
[2026-04-11T06:23:50.321+0000] {processor.py:925} INFO - DAG(s) 'etl_without_crawl' retrieved from /opt/airflow/dags/ETL_Without_Crawl.py
[2026-04-11T06:23:50.370+0000] {logging_mixin.py:190} INFO - [2026-04-11T06:23:50.370+0000] {dag.py:3239} INFO - Sync 1 DAGs
[2026-04-11T06:23:50.401+0000] {logging_mixin.py:190} INFO - [2026-04-11T06:23:50.401+0000] {dag.py:4180} INFO - Setting next_dagrun for etl_without_crawl to None, run_after=None
[2026-04-11T06:23:50.438+0000] {processor.py:208} INFO - Processing /opt/airflow/dags/ETL_Without_Crawl.py took 0.143 seconds
[2026-04-11T06:24:21.070+0000] {processor.py:186} INFO - Started process (PID=709) to work on /opt/airflow/dags/ETL_Without_Crawl.py
[2026-04-11T06:24:21.071+0000] {processor.py:914} INFO - Processing file /opt/airflow/dags/ETL_Without_Crawl.py for tasks to queue
[2026-04-11T06:24:21.074+0000] {logging_mixin.py:190} INFO - [2026-04-11T06:24:21.074+0000] {dagbag.py:588} INFO - Filling up the DagBag from /opt/airflow/dags/ETL_Without_Crawl.py
[2026-04-11T06:24:21.098+0000] {processor.py:925} INFO - DAG(s) 'etl_without_crawl' retrieved from /opt/airflow/dags/ETL_Without_Crawl.py
[2026-04-11T06:24:21.160+0000] {logging_mixin.py:190} INFO - [2026-04-11T06:24:21.160+0000] {dag.py:3239} INFO - Sync 1 DAGs
[2026-04-11T06:24:21.196+0000] {logging_mixin.py:190} INFO - [2026-04-11T06:24:21.196+0000] {dag.py:4180} INFO - Setting next_dagrun for etl_without_crawl to None, run_after=None
[2026-04-11T06:24:21.243+0000] {processor.py:208} INFO - Processing /opt/airflow/dags/ETL_Without_Crawl.py took 0.183 seconds
[2026-04-11T06:24:52.674+0000] {processor.py:186} INFO - Started process (PID=713) to work on /opt/airflow/dags/ETL_Without_Crawl.py
[2026-04-11T06:24:52.674+0000] {processor.py:914} INFO - Processing file /opt/airflow/dags/ETL_Without_Crawl.py for tasks to queue
[2026-04-11T06:24:52.675+0000] {logging_mixin.py:190} INFO - [2026-04-11T06:24:52.675+0000] {dagbag.py:588} INFO - Filling up the DagBag from /opt/airflow/dags/ETL_Without_Crawl.py
[2026-04-11T06:24:52.691+0000] {processor.py:925} INFO - DAG(s) 'etl_without_crawl' retrieved from /opt/airflow/dags/ETL_Without_Crawl.py
[2026-04-11T06:24:52.732+0000] {logging_mixin.py:190} INFO - [2026-04-11T06:24:52.732+0000] {dag.py:3239} INFO - Sync 1 DAGs
[2026-04-11T06:24:52.752+0000] {logging_mixin.py:190} INFO - [2026-04-11T06:24:52.752+0000] {dag.py:4180} INFO - Setting next_dagrun for etl_without_crawl to None, run_after=None
[2026-04-11T06:24:52.781+0000] {processor.py:208} INFO - Processing /opt/airflow/dags/ETL_Without_Crawl.py took 0.112 seconds
[2026-04-11T06:25:23.051+0000] {processor.py:186} INFO - Started process (PID=717) to work on /opt/airflow/dags/ETL_Without_Crawl.py
[2026-04-11T06:25:23.052+0000] {processor.py:914} INFO - Processing file /opt/airflow/dags/ETL_Without_Crawl.py for tasks to queue
[2026-04-11T06:25:23.054+0000] {logging_mixin.py:190} INFO - [2026-04-11T06:25:23.053+0000] {dagbag.py:588} INFO - Filling up the DagBag from /opt/airflow/dags/ETL_Without_Crawl.py
[2026-04-11T06:25:23.077+0000] {processor.py:925} INFO - DAG(s) 'etl_without_crawl' retrieved from /opt/airflow/dags/ETL_Without_Crawl.py
[2026-04-11T06:25:23.123+0000] {logging_mixin.py:190} INFO - [2026-04-11T06:25:23.123+0000] {dag.py:3239} INFO - Sync 1 DAGs
[2026-04-11T06:25:23.148+0000] {logging_mixin.py:190} INFO - [2026-04-11T06:25:23.147+0000] {dag.py:4180} INFO - Setting next_dagrun for etl_without_crawl to None, run_after=None
[2026-04-11T06:25:23.183+0000] {processor.py:208} INFO - Processing /opt/airflow/dags/ETL_Without_Crawl.py took 0.141 seconds
[2026-04-11T06:25:53.310+0000] {processor.py:186} INFO - Started process (PID=721) to work on /opt/airflow/dags/ETL_Without_Crawl.py
[2026-04-11T06:25:53.310+0000] {processor.py:914} INFO - Processing file /opt/airflow/dags/ETL_Without_Crawl.py for tasks to queue
[2026-04-11T06:25:53.312+0000] {logging_mixin.py:190} INFO - [2026-04-11T06:25:53.312+0000] {dagbag.py:588} INFO - Filling up the DagBag from /opt/airflow/dags/ETL_Without_Crawl.py
[2026-04-11T06:25:53.327+0000] {processor.py:925} INFO - DAG(s) 'etl_without_crawl' retrieved from /opt/airflow/dags/ETL_Without_Crawl.py
[2026-04-11T06:25:53.363+0000] {logging_mixin.py:190} INFO - [2026-04-11T06:25:53.362+0000] {dag.py:3239} INFO - Sync 1 DAGs
[2026-04-11T06:25:53.382+0000] {logging_mixin.py:190} INFO - [2026-04-11T06:25:53.381+0000] {dag.py:4180} INFO - Setting next_dagrun for etl_without_crawl to None, run_after=None
[2026-04-11T06:25:53.410+0000] {processor.py:208} INFO - Processing /opt/airflow/dags/ETL_Without_Crawl.py took 0.105 seconds
[2026-04-11T06:26:25.008+0000] {processor.py:186} INFO - Started process (PID=725) to work on /opt/airflow/dags/ETL_Without_Crawl.py
[2026-04-11T06:26:25.008+0000] {processor.py:914} INFO - Processing file /opt/airflow/dags/ETL_Without_Crawl.py for tasks to queue
[2026-04-11T06:26:25.010+0000] {logging_mixin.py:190} INFO - [2026-04-11T06:26:25.009+0000] {dagbag.py:588} INFO - Filling up the DagBag from /opt/airflow/dags/ETL_Without_Crawl.py
[2026-04-11T06:26:25.033+0000] {processor.py:925} INFO - DAG(s) 'etl_without_crawl' retrieved from /opt/airflow/dags/ETL_Without_Crawl.py
[2026-04-11T06:26:25.084+0000] {logging_mixin.py:190} INFO - [2026-04-11T06:26:25.084+0000] {dag.py:3239} INFO - Sync 1 DAGs
[2026-04-11T06:26:25.103+0000] {logging_mixin.py:190} INFO - [2026-04-11T06:26:25.103+0000] {dag.py:4180} INFO - Setting next_dagrun for etl_without_crawl to None, run_after=None
[2026-04-11T06:26:25.132+0000] {processor.py:208} INFO - Processing /opt/airflow/dags/ETL_Without_Crawl.py took 0.131 seconds
[2026-04-11T06:26:55.504+0000] {processor.py:186} INFO - Started process (PID=729) to work on /opt/airflow/dags/ETL_Without_Crawl.py
[2026-04-11T06:26:55.505+0000] {processor.py:914} INFO - Processing file /opt/airflow/dags/ETL_Without_Crawl.py for tasks to queue
[2026-04-11T06:26:55.506+0000] {logging_mixin.py:190} INFO - [2026-04-11T06:26:55.506+0000] {dagbag.py:588} INFO - Filling up the DagBag from /opt/airflow/dags/ETL_Without_Crawl.py
[2026-04-11T06:26:55.523+0000] {processor.py:925} INFO - DAG(s) 'etl_without_crawl' retrieved from /opt/airflow/dags/ETL_Without_Crawl.py
[2026-04-11T06:26:55.559+0000] {logging_mixin.py:190} INFO - [2026-04-11T06:26:55.559+0000] {dag.py:3239} INFO - Sync 1 DAGs
[2026-04-11T06:26:55.579+0000] {logging_mixin.py:190} INFO - [2026-04-11T06:26:55.579+0000] {dag.py:4180} INFO - Setting next_dagrun for etl_without_crawl to None, run_after=None
[2026-04-11T06:26:55.607+0000] {processor.py:208} INFO - Processing /opt/airflow/dags/ETL_Without_Crawl.py took 0.110 seconds
[2026-04-11T06:27:26.893+0000] {processor.py:186} INFO - Started process (PID=733) to work on /opt/airflow/dags/ETL_Without_Crawl.py
[2026-04-11T06:27:26.894+0000] {processor.py:914} INFO - Processing file /opt/airflow/dags/ETL_Without_Crawl.py for tasks to queue
[2026-04-11T06:27:26.896+0000] {logging_mixin.py:190} INFO - [2026-04-11T06:27:26.895+0000] {dagbag.py:588} INFO - Filling up the DagBag from /opt/airflow/dags/ETL_Without_Crawl.py
[2026-04-11T06:27:26.917+0000] {processor.py:925} INFO - DAG(s) 'etl_without_crawl' retrieved from /opt/airflow/dags/ETL_Without_Crawl.py
[2026-04-11T06:27:26.963+0000] {logging_mixin.py:190} INFO - [2026-04-11T06:27:26.963+0000] {dag.py:3239} INFO - Sync 1 DAGs
[2026-04-11T06:27:26.994+0000] {logging_mixin.py:190} INFO - [2026-04-11T06:27:26.994+0000] {dag.py:4180} INFO - Setting next_dagrun for etl_without_crawl to None, run_after=None
[2026-04-11T06:27:27.030+0000] {processor.py:208} INFO - Processing /opt/airflow/dags/ETL_Without_Crawl.py took 0.146 seconds
[2026-04-11T06:27:57.106+0000] {processor.py:186} INFO - Started process (PID=737) to work on /opt/airflow/dags/ETL_Without_Crawl.py
[2026-04-11T06:27:57.107+0000] {processor.py:914} INFO - Processing file /opt/airflow/dags/ETL_Without_Crawl.py for tasks to queue
[2026-04-11T06:27:57.109+0000] {logging_mixin.py:190} INFO - [2026-04-11T06:27:57.108+0000] {dagbag.py:588} INFO - Filling up the DagBag from /opt/airflow/dags/ETL_Without_Crawl.py
[2026-04-11T06:27:57.129+0000] {processor.py:925} INFO - DAG(s) 'etl_without_crawl' retrieved from /opt/airflow/dags/ETL_Without_Crawl.py
[2026-04-11T06:27:57.169+0000] {logging_mixin.py:190} INFO - [2026-04-11T06:27:57.168+0000] {dag.py:3239} INFO - Sync 1 DAGs
[2026-04-11T06:27:57.191+0000] {logging_mixin.py:190} INFO - [2026-04-11T06:27:57.191+0000] {dag.py:4180} INFO - Setting next_dagrun for etl_without_crawl to None, run_after=None
[2026-04-11T06:27:57.221+0000] {processor.py:208} INFO - Processing /opt/airflow/dags/ETL_Without_Crawl.py took 0.121 seconds
[2026-04-11T06:28:27.817+0000] {processor.py:186} INFO - Started process (PID=741) to work on /opt/airflow/dags/ETL_Without_Crawl.py
[2026-04-11T06:28:27.818+0000] {processor.py:914} INFO - Processing file /opt/airflow/dags/ETL_Without_Crawl.py for tasks to queue
[2026-04-11T06:28:27.820+0000] {logging_mixin.py:190} INFO - [2026-04-11T06:28:27.820+0000] {dagbag.py:588} INFO - Filling up the DagBag from /opt/airflow/dags/ETL_Without_Crawl.py
[2026-04-11T06:28:27.849+0000] {processor.py:925} INFO - DAG(s) 'etl_without_crawl' retrieved from /opt/airflow/dags/ETL_Without_Crawl.py
[2026-04-11T06:28:27.903+0000] {logging_mixin.py:190} INFO - [2026-04-11T06:28:27.903+0000] {dag.py:3239} INFO - Sync 1 DAGs
[2026-04-11T06:28:27.935+0000] {logging_mixin.py:190} INFO - [2026-04-11T06:28:27.935+0000] {dag.py:4180} INFO - Setting next_dagrun for etl_without_crawl to None, run_after=None
[2026-04-11T06:28:27.977+0000] {processor.py:208} INFO - Processing /opt/airflow/dags/ETL_Without_Crawl.py took 0.173 seconds
[2026-04-11T06:28:59.449+0000] {processor.py:186} INFO - Started process (PID=745) to work on /opt/airflow/dags/ETL_Without_Crawl.py
[2026-04-11T06:28:59.449+0000] {processor.py:914} INFO - Processing file /opt/airflow/dags/ETL_Without_Crawl.py for tasks to queue
[2026-04-11T06:28:59.451+0000] {logging_mixin.py:190} INFO - [2026-04-11T06:28:59.450+0000] {dagbag.py:588} INFO - Filling up the DagBag from /opt/airflow/dags/ETL_Without_Crawl.py
[2026-04-11T06:28:59.467+0000] {processor.py:925} INFO - DAG(s) 'etl_without_crawl' retrieved from /opt/airflow/dags/ETL_Without_Crawl.py
[2026-04-11T06:28:59.509+0000] {logging_mixin.py:190} INFO - [2026-04-11T06:28:59.509+0000] {dag.py:3239} INFO - Sync 1 DAGs
[2026-04-11T06:28:59.532+0000] {logging_mixin.py:190} INFO - [2026-04-11T06:28:59.531+0000] {dag.py:4180} INFO - Setting next_dagrun for etl_without_crawl to None, run_after=None
[2026-04-11T06:28:59.562+0000] {processor.py:208} INFO - Processing /opt/airflow/dags/ETL_Without_Crawl.py took 0.121 seconds
[2026-04-11T06:29:29.789+0000] {processor.py:186} INFO - Started process (PID=749) to work on /opt/airflow/dags/ETL_Without_Crawl.py
[2026-04-11T06:29:29.789+0000] {processor.py:914} INFO - Processing file /opt/airflow/dags/ETL_Without_Crawl.py for tasks to queue
[2026-04-11T06:29:29.791+0000] {logging_mixin.py:190} INFO - [2026-04-11T06:29:29.791+0000] {dagbag.py:588} INFO - Filling up the DagBag from /opt/airflow/dags/ETL_Without_Crawl.py
[2026-04-11T06:29:29.808+0000] {processor.py:925} INFO - DAG(s) 'etl_without_crawl' retrieved from /opt/airflow/dags/ETL_Without_Crawl.py
[2026-04-11T06:29:29.848+0000] {logging_mixin.py:190} INFO - [2026-04-11T06:29:29.848+0000] {dag.py:3239} INFO - Sync 1 DAGs
[2026-04-11T06:29:29.870+0000] {logging_mixin.py:190} INFO - [2026-04-11T06:29:29.870+0000] {dag.py:4180} INFO - Setting next_dagrun for etl_without_crawl to None, run_after=None
[2026-04-11T06:29:29.914+0000] {processor.py:208} INFO - Processing /opt/airflow/dags/ETL_Without_Crawl.py took 0.132 seconds
