[2026-04-07T20:56:40.602+0000] {local_task_job_runner.py:123} INFO - ::group::Pre task execution logs
[2026-04-07T20:56:40.643+0000] {taskinstance.py:2614} INFO - Dependencies all met for dep_context=non-requeueable deps ti=<TaskInstance: crawl_etl_itjob.build_gold scheduled__2026-04-06T02:00:00+00:00 [queued]>
[2026-04-07T20:56:40.653+0000] {taskinstance.py:2614} INFO - Dependencies all met for dep_context=requeueable deps ti=<TaskInstance: crawl_etl_itjob.build_gold scheduled__2026-04-06T02:00:00+00:00 [queued]>
[2026-04-07T20:56:40.654+0000] {taskinstance.py:2867} INFO - Starting attempt 2 of 3
[2026-04-07T20:56:40.666+0000] {taskinstance.py:2890} INFO - Executing <Task(BashOperator): build_gold> on 2026-04-06 02:00:00+00:00
[2026-04-07T20:56:40.672+0000] {standard_task_runner.py:72} INFO - Started process 275 to run task
[2026-04-07T20:56:40.676+0000] {standard_task_runner.py:104} INFO - Running: ['***', 'tasks', 'run', 'crawl_etl_itjob', 'build_gold', 'scheduled__2026-04-06T02:00:00+00:00', '--job-id', '19', '--raw', '--subdir', 'DAGS_FOLDER/Crawl_ETL_ITJob.py', '--cfg-path', '/tmp/tmpa_0jfq4k']
[2026-04-07T20:56:40.677+0000] {standard_task_runner.py:105} INFO - Job 19: Subtask build_gold
[2026-04-07T20:56:40.705+0000] {warnings.py:109} WARNING - /home/***/.local/lib/python3.8/site-packages/***/settings.py:209: DeprecationWarning: The sql_alchemy_conn option in [core] has been moved to the sql_alchemy_conn option in [database] - the old setting has been used, but please update your config.
  SQL_ALCHEMY_CONN = conf.get("database", "SQL_ALCHEMY_CONN")

[2026-04-07T20:56:40.782+0000] {task_command.py:467} INFO - Running <TaskInstance: crawl_etl_itjob.build_gold scheduled__2026-04-06T02:00:00+00:00 [running]> on host 64b3786bead1
[2026-04-07T20:56:40.783+0000] {warnings.py:109} WARNING - /home/***/.local/lib/python3.8/site-packages/***/settings.py:470: DeprecationWarning: The sql_alchemy_conn option in [core] has been moved to the sql_alchemy_conn option in [database] - the old setting has been used, but please update your config.
  if conf.get("database", "sql_alchemy_conn") == "none://":

[2026-04-07T20:56:40.946+0000] {taskinstance.py:3134} INFO - Exporting env vars: AIRFLOW_CTX_DAG_EMAIL='hoa856856@gmail.com' AIRFLOW_CTX_DAG_OWNER='***' AIRFLOW_CTX_DAG_ID='crawl_etl_itjob' AIRFLOW_CTX_TASK_ID='build_gold' AIRFLOW_CTX_EXECUTION_DATE='2026-04-06T02:00:00+00:00' AIRFLOW_CTX_TRY_NUMBER='2' AIRFLOW_CTX_DAG_RUN_ID='scheduled__2026-04-06T02:00:00+00:00'
[2026-04-07T20:56:40.948+0000] {taskinstance.py:732} INFO - ::endgroup::
[2026-04-07T20:56:40.959+0000] {subprocess.py:78} INFO - Tmp dir root location: /tmp
[2026-04-07T20:56:40.961+0000] {subprocess.py:88} INFO - Running command: ['/bin/bash', '-c', "\n        docker exec spark-submit bash -c '\n        /opt/spark/bin/spark-submit         --master spark://spark-master:7077         --deploy-mode client         --packages org.apache.iceberg:iceberg-spark-runtime-3.5_2.12:1.5.0,org.apache.hadoop:hadoop-aws:3.3.4,com.amazonaws:aws-java-sdk-bundle:1.12.262         /opt/spark/scripts/Build_Gold.py\n        '\n        "]
[2026-04-07T20:56:40.971+0000] {subprocess.py:99} INFO - Output:
[2026-04-07T20:56:42.843+0000] {subprocess.py:106} INFO - :: loading settings :: url = jar:file:/opt/spark/jars/ivy-2.5.1.jar!/org/apache/ivy/core/settings/ivysettings.xml
[2026-04-07T20:56:42.953+0000] {subprocess.py:106} INFO - Ivy Default Cache set to: /home/spark/.ivy2/cache
[2026-04-07T20:56:42.958+0000] {subprocess.py:106} INFO - The jars for the packages stored in: /home/spark/.ivy2/jars
[2026-04-07T20:56:42.961+0000] {subprocess.py:106} INFO - org.apache.iceberg#iceberg-spark-runtime-3.5_2.12 added as a dependency
[2026-04-07T20:56:42.961+0000] {subprocess.py:106} INFO - org.apache.hadoop#hadoop-aws added as a dependency
[2026-04-07T20:56:42.962+0000] {subprocess.py:106} INFO - com.amazonaws#aws-java-sdk-bundle added as a dependency
[2026-04-07T20:56:42.963+0000] {subprocess.py:106} INFO - :: resolving dependencies :: org.apache.spark#spark-submit-parent-f9fc109a-0666-468d-a155-76658f335cbf;1.0
[2026-04-07T20:56:42.964+0000] {subprocess.py:106} INFO - 	confs: [default]
[2026-04-07T20:56:43.073+0000] {subprocess.py:106} INFO - 	found org.apache.iceberg#iceberg-spark-runtime-3.5_2.12;1.5.0 in central
[2026-04-07T20:56:43.140+0000] {subprocess.py:106} INFO - 	found org.apache.hadoop#hadoop-aws;3.3.4 in central
[2026-04-07T20:56:43.170+0000] {subprocess.py:106} INFO - 	found com.amazonaws#aws-java-sdk-bundle;1.12.262 in central
[2026-04-07T20:56:43.198+0000] {subprocess.py:106} INFO - 	found org.wildfly.openssl#wildfly-openssl;1.0.7.Final in central
[2026-04-07T20:56:43.232+0000] {subprocess.py:106} INFO - :: resolution report :: resolve 252ms :: artifacts dl 18ms
[2026-04-07T20:56:43.235+0000] {subprocess.py:106} INFO - 	:: modules in use:
[2026-04-07T20:56:43.236+0000] {subprocess.py:106} INFO - 	com.amazonaws#aws-java-sdk-bundle;1.12.262 from central in [default]
[2026-04-07T20:56:43.237+0000] {subprocess.py:106} INFO - 	org.apache.hadoop#hadoop-aws;3.3.4 from central in [default]
[2026-04-07T20:56:43.238+0000] {subprocess.py:106} INFO - 	org.apache.iceberg#iceberg-spark-runtime-3.5_2.12;1.5.0 from central in [default]
[2026-04-07T20:56:43.238+0000] {subprocess.py:106} INFO - 	org.wildfly.openssl#wildfly-openssl;1.0.7.Final from central in [default]
[2026-04-07T20:56:43.239+0000] {subprocess.py:106} INFO - 	---------------------------------------------------------------------
[2026-04-07T20:56:43.239+0000] {subprocess.py:106} INFO - 	|                  |            modules            ||   artifacts   |
[2026-04-07T20:56:43.240+0000] {subprocess.py:106} INFO - 	|       conf       | number| search|dwnlded|evicted|| number|dwnlded|
[2026-04-07T20:56:43.240+0000] {subprocess.py:106} INFO - 	---------------------------------------------------------------------
[2026-04-07T20:56:43.241+0000] {subprocess.py:106} INFO - 	|      default     |   4   |   0   |   0   |   0   ||   4   |   0   |
[2026-04-07T20:56:43.242+0000] {subprocess.py:106} INFO - 	---------------------------------------------------------------------
[2026-04-07T20:56:43.242+0000] {subprocess.py:106} INFO - :: retrieving :: org.apache.spark#spark-submit-parent-f9fc109a-0666-468d-a155-76658f335cbf
[2026-04-07T20:56:43.243+0000] {subprocess.py:106} INFO - 	confs: [default]
[2026-04-07T20:56:43.249+0000] {subprocess.py:106} INFO - 	0 artifacts copied, 4 already retrieved (0kB/8ms)
[2026-04-07T20:56:43.522+0000] {subprocess.py:106} INFO - 26/04/07 20:56:43 WARN NativeCodeLoader: Unable to load native-hadoop library for your platform... using builtin-java classes where applicable
[2026-04-07T20:56:44.477+0000] {subprocess.py:106} INFO - 26/04/07 20:56:44 INFO SparkContext: Running Spark version 3.5.3
[2026-04-07T20:56:44.477+0000] {subprocess.py:106} INFO - 26/04/07 20:56:44 INFO SparkContext: OS info Linux, 6.6.87.2-microsoft-standard-WSL2, amd64
[2026-04-07T20:56:44.478+0000] {subprocess.py:106} INFO - 26/04/07 20:56:44 INFO SparkContext: Java version 11.0.24
[2026-04-07T20:56:44.508+0000] {subprocess.py:106} INFO - 26/04/07 20:56:44 INFO ResourceUtils: ==============================================================
[2026-04-07T20:56:44.509+0000] {subprocess.py:106} INFO - 26/04/07 20:56:44 INFO ResourceUtils: No custom resources configured for spark.driver.
[2026-04-07T20:56:44.510+0000] {subprocess.py:106} INFO - 26/04/07 20:56:44 INFO ResourceUtils: ==============================================================
[2026-04-07T20:56:44.511+0000] {subprocess.py:106} INFO - 26/04/07 20:56:44 INFO SparkContext: Submitted application: Build_Gold_Layer_Star_Schema
[2026-04-07T20:56:44.545+0000] {subprocess.py:106} INFO - 26/04/07 20:56:44 INFO ResourceProfile: Default ResourceProfile created, executor resources: Map(memory -> name: memory, amount: 1024, script: , vendor: , offHeap -> name: offHeap, amount: 0, script: , vendor: ), task resources: Map(cpus -> name: cpus, amount: 1.0)
[2026-04-07T20:56:44.560+0000] {subprocess.py:106} INFO - 26/04/07 20:56:44 INFO ResourceProfile: Limiting resource is cpu
[2026-04-07T20:56:44.561+0000] {subprocess.py:106} INFO - 26/04/07 20:56:44 INFO ResourceProfileManager: Added ResourceProfile id: 0
[2026-04-07T20:56:44.642+0000] {subprocess.py:106} INFO - 26/04/07 20:56:44 INFO SecurityManager: Changing view acls to: spark
[2026-04-07T20:56:44.644+0000] {subprocess.py:106} INFO - 26/04/07 20:56:44 INFO SecurityManager: Changing modify acls to: spark
[2026-04-07T20:56:44.646+0000] {subprocess.py:106} INFO - 26/04/07 20:56:44 INFO SecurityManager: Changing view acls groups to:
[2026-04-07T20:56:44.646+0000] {subprocess.py:106} INFO - 26/04/07 20:56:44 INFO SecurityManager: Changing modify acls groups to:
[2026-04-07T20:56:44.647+0000] {subprocess.py:106} INFO - 26/04/07 20:56:44 INFO SecurityManager: SecurityManager: authentication disabled; ui acls disabled; users with view permissions: spark; groups with view permissions: EMPTY; users with modify permissions: spark; groups with modify permissions: EMPTY
[2026-04-07T20:56:44.914+0000] {subprocess.py:106} INFO - 26/04/07 20:56:44 INFO Utils: Successfully started service 'sparkDriver' on port 41485.
[2026-04-07T20:56:44.948+0000] {subprocess.py:106} INFO - 26/04/07 20:56:44 INFO SparkEnv: Registering MapOutputTracker
[2026-04-07T20:56:44.981+0000] {subprocess.py:106} INFO - 26/04/07 20:56:44 INFO SparkEnv: Registering BlockManagerMaster
[2026-04-07T20:56:44.999+0000] {subprocess.py:106} INFO - 26/04/07 20:56:44 INFO BlockManagerMasterEndpoint: Using org.apache.spark.storage.DefaultTopologyMapper for getting topology information
[2026-04-07T20:56:45.000+0000] {subprocess.py:106} INFO - 26/04/07 20:56:44 INFO BlockManagerMasterEndpoint: BlockManagerMasterEndpoint up
[2026-04-07T20:56:45.006+0000] {subprocess.py:106} INFO - 26/04/07 20:56:45 INFO SparkEnv: Registering BlockManagerMasterHeartbeat
[2026-04-07T20:56:45.038+0000] {subprocess.py:106} INFO - 26/04/07 20:56:45 INFO DiskBlockManager: Created local directory at /tmp/blockmgr-00ba09c1-3937-4105-814f-f0471fd99af2
[2026-04-07T20:56:45.053+0000] {subprocess.py:106} INFO - 26/04/07 20:56:45 INFO MemoryStore: MemoryStore started with capacity 434.4 MiB
[2026-04-07T20:56:45.073+0000] {subprocess.py:106} INFO - 26/04/07 20:56:45 INFO SparkEnv: Registering OutputCommitCoordinator
[2026-04-07T20:56:45.234+0000] {subprocess.py:106} INFO - 26/04/07 20:56:45 INFO JettyUtils: Start Jetty 0.0.0.0:4040 for SparkUI
[2026-04-07T20:56:45.296+0000] {subprocess.py:106} INFO - 26/04/07 20:56:45 INFO Utils: Successfully started service 'SparkUI' on port 4040.
[2026-04-07T20:56:45.340+0000] {subprocess.py:106} INFO - 26/04/07 20:56:45 INFO SparkContext: Added JAR file:///home/spark/.ivy2/jars/org.apache.iceberg_iceberg-spark-runtime-3.5_2.12-1.5.0.jar at spark://c05002f484b8:41485/jars/org.apache.iceberg_iceberg-spark-runtime-3.5_2.12-1.5.0.jar with timestamp 1775595404467
[2026-04-07T20:56:45.341+0000] {subprocess.py:106} INFO - 26/04/07 20:56:45 INFO SparkContext: Added JAR file:///home/spark/.ivy2/jars/org.apache.hadoop_hadoop-aws-3.3.4.jar at spark://c05002f484b8:41485/jars/org.apache.hadoop_hadoop-aws-3.3.4.jar with timestamp 1775595404467
[2026-04-07T20:56:45.346+0000] {subprocess.py:106} INFO - 26/04/07 20:56:45 INFO SparkContext: Added JAR file:///home/spark/.ivy2/jars/com.amazonaws_aws-java-sdk-bundle-1.12.262.jar at spark://c05002f484b8:41485/jars/com.amazonaws_aws-java-sdk-bundle-1.12.262.jar with timestamp 1775595404467
[2026-04-07T20:56:45.347+0000] {subprocess.py:106} INFO - 26/04/07 20:56:45 INFO SparkContext: Added JAR file:///home/spark/.ivy2/jars/org.wildfly.openssl_wildfly-openssl-1.0.7.Final.jar at spark://c05002f484b8:41485/jars/org.wildfly.openssl_wildfly-openssl-1.0.7.Final.jar with timestamp 1775595404467
[2026-04-07T20:56:45.347+0000] {subprocess.py:106} INFO - 26/04/07 20:56:45 INFO SparkContext: Added file file:///home/spark/.ivy2/jars/org.apache.iceberg_iceberg-spark-runtime-3.5_2.12-1.5.0.jar at spark://c05002f484b8:41485/files/org.apache.iceberg_iceberg-spark-runtime-3.5_2.12-1.5.0.jar with timestamp 1775595404467
[2026-04-07T20:56:45.348+0000] {subprocess.py:106} INFO - 26/04/07 20:56:45 INFO Utils: Copying /home/spark/.ivy2/jars/org.apache.iceberg_iceberg-spark-runtime-3.5_2.12-1.5.0.jar to /tmp/spark-5813b8fa-77b2-43d4-8c2c-c994a52e1c31/userFiles-f719aa06-4a05-48bc-a317-624560d716e9/org.apache.iceberg_iceberg-spark-runtime-3.5_2.12-1.5.0.jar
[2026-04-07T20:56:45.386+0000] {subprocess.py:106} INFO - 26/04/07 20:56:45 INFO SparkContext: Added file file:///home/spark/.ivy2/jars/org.apache.hadoop_hadoop-aws-3.3.4.jar at spark://c05002f484b8:41485/files/org.apache.hadoop_hadoop-aws-3.3.4.jar with timestamp 1775595404467
[2026-04-07T20:56:45.387+0000] {subprocess.py:106} INFO - 26/04/07 20:56:45 INFO Utils: Copying /home/spark/.ivy2/jars/org.apache.hadoop_hadoop-aws-3.3.4.jar to /tmp/spark-5813b8fa-77b2-43d4-8c2c-c994a52e1c31/userFiles-f719aa06-4a05-48bc-a317-624560d716e9/org.apache.hadoop_hadoop-aws-3.3.4.jar
[2026-04-07T20:56:45.392+0000] {subprocess.py:106} INFO - 26/04/07 20:56:45 INFO SparkContext: Added file file:///home/spark/.ivy2/jars/com.amazonaws_aws-java-sdk-bundle-1.12.262.jar at spark://c05002f484b8:41485/files/com.amazonaws_aws-java-sdk-bundle-1.12.262.jar with timestamp 1775595404467
[2026-04-07T20:56:45.392+0000] {subprocess.py:106} INFO - 26/04/07 20:56:45 INFO Utils: Copying /home/spark/.ivy2/jars/com.amazonaws_aws-java-sdk-bundle-1.12.262.jar to /tmp/spark-5813b8fa-77b2-43d4-8c2c-c994a52e1c31/userFiles-f719aa06-4a05-48bc-a317-624560d716e9/com.amazonaws_aws-java-sdk-bundle-1.12.262.jar
[2026-04-07T20:56:45.574+0000] {subprocess.py:106} INFO - 26/04/07 20:56:45 INFO SparkContext: Added file file:///home/spark/.ivy2/jars/org.wildfly.openssl_wildfly-openssl-1.0.7.Final.jar at spark://c05002f484b8:41485/files/org.wildfly.openssl_wildfly-openssl-1.0.7.Final.jar with timestamp 1775595404467
[2026-04-07T20:56:45.574+0000] {subprocess.py:106} INFO - 26/04/07 20:56:45 INFO Utils: Copying /home/spark/.ivy2/jars/org.wildfly.openssl_wildfly-openssl-1.0.7.Final.jar to /tmp/spark-5813b8fa-77b2-43d4-8c2c-c994a52e1c31/userFiles-f719aa06-4a05-48bc-a317-624560d716e9/org.wildfly.openssl_wildfly-openssl-1.0.7.Final.jar
[2026-04-07T20:56:45.653+0000] {subprocess.py:106} INFO - 26/04/07 20:56:45 INFO StandaloneAppClient$ClientEndpoint: Connecting to master spark://spark-master:7077...
[2026-04-07T20:56:45.694+0000] {subprocess.py:106} INFO - 26/04/07 20:56:45 INFO TransportClientFactory: Successfully created connection to spark-master/172.30.0.5:7077 after 24 ms (0 ms spent in bootstraps)
[2026-04-07T20:56:45.776+0000] {subprocess.py:106} INFO - 26/04/07 20:56:45 INFO StandaloneSchedulerBackend: Connected to Spark cluster with app ID app-20260407205645-0002
[2026-04-07T20:56:45.778+0000] {subprocess.py:106} INFO - 26/04/07 20:56:45 INFO StandaloneAppClient$ClientEndpoint: Executor added: app-20260407205645-0002/0 on worker-20260407203634-172.30.0.6-43929 (172.30.0.6:43929) with 1 core(s)
[2026-04-07T20:56:45.781+0000] {subprocess.py:106} INFO - 26/04/07 20:56:45 INFO StandaloneSchedulerBackend: Granted executor ID app-20260407205645-0002/0 on hostPort 172.30.0.6:43929 with 1 core(s), 1024.0 MiB RAM
[2026-04-07T20:56:45.789+0000] {subprocess.py:106} INFO - 26/04/07 20:56:45 INFO Utils: Successfully started service 'org.apache.spark.network.netty.NettyBlockTransferService' on port 40059.
[2026-04-07T20:56:45.789+0000] {subprocess.py:106} INFO - 26/04/07 20:56:45 INFO NettyBlockTransferService: Server created on c05002f484b8:40059
[2026-04-07T20:56:45.792+0000] {subprocess.py:106} INFO - 26/04/07 20:56:45 INFO BlockManager: Using org.apache.spark.storage.RandomBlockReplicationPolicy for block replication policy
[2026-04-07T20:56:45.801+0000] {subprocess.py:106} INFO - 26/04/07 20:56:45 INFO BlockManagerMaster: Registering BlockManager BlockManagerId(driver, c05002f484b8, 40059, None)
[2026-04-07T20:56:45.828+0000] {subprocess.py:106} INFO - 26/04/07 20:56:45 INFO BlockManagerMasterEndpoint: Registering block manager c05002f484b8:40059 with 434.4 MiB RAM, BlockManagerId(driver, c05002f484b8, 40059, None)
[2026-04-07T20:56:45.835+0000] {subprocess.py:106} INFO - 26/04/07 20:56:45 INFO BlockManagerMaster: Registered BlockManager BlockManagerId(driver, c05002f484b8, 40059, None)
[2026-04-07T20:56:45.842+0000] {subprocess.py:106} INFO - 26/04/07 20:56:45 INFO BlockManager: Initialized BlockManager: BlockManagerId(driver, c05002f484b8, 40059, None)
[2026-04-07T20:56:45.875+0000] {subprocess.py:106} INFO - 26/04/07 20:56:45 INFO StandaloneAppClient$ClientEndpoint: Executor updated: app-20260407205645-0002/0 is now RUNNING
[2026-04-07T20:56:46.128+0000] {subprocess.py:106} INFO - 26/04/07 20:56:46 INFO StandaloneSchedulerBackend: SchedulerBackend is ready for scheduling beginning after reached minRegisteredResourcesRatio: 0.0
[2026-04-07T20:56:46.442+0000] {subprocess.py:106} INFO - 26/04/07 20:56:46 INFO SharedState: Setting hive.metastore.warehouse.dir ('null') to the value of spark.sql.warehouse.dir.
[2026-04-07T20:56:46.444+0000] {subprocess.py:106} INFO - 26/04/07 20:56:46 INFO SharedState: Warehouse path is 'file:/opt/spark/work-dir/spark-warehouse'.
[2026-04-07T20:56:49.698+0000] {subprocess.py:106} INFO - 26/04/07 20:56:49 INFO StandaloneSchedulerBackend$StandaloneDriverEndpoint: Registered executor NettyRpcEndpointRef(spark-client://Executor) (172.30.0.6:50786) with ID 0,  ResourceProfileId 0
[2026-04-07T20:56:49.790+0000] {subprocess.py:106} INFO - 26/04/07 20:56:49 INFO BlockManagerMasterEndpoint: Registering block manager 172.30.0.6:44319 with 434.4 MiB RAM, BlockManagerId(0, 172.30.0.6, 44319, None)
[2026-04-07T20:56:50.339+0000] {subprocess.py:106} INFO - 26/04/07 20:56:50 INFO HiveConf: Found configuration file null
[2026-04-07T20:56:50.675+0000] {subprocess.py:106} INFO - 26/04/07 20:56:50 INFO metastore: Trying to connect to metastore with URI thrift://hive-metastore:9083
[2026-04-07T20:56:50.697+0000] {subprocess.py:106} INFO - 26/04/07 20:56:50 INFO metastore: Opened a connection to metastore, current connections: 1
[2026-04-07T20:56:51.644+0000] {subprocess.py:106} INFO - 26/04/07 20:56:51 INFO metastore: Connected to metastore.
[2026-04-07T20:56:51.771+0000] {subprocess.py:106} INFO - >>> Dropping existing GOLD tables for Full Refresh...
[2026-04-07T20:56:51.912+0000] {subprocess.py:106} INFO - 26/04/07 20:56:51 INFO BaseMetastoreTableOperations: Refreshing table metadata from new version: s3a://warehouse/iceberg_data/gold.db/fact_job_posting/metadata/00000-5a435409-ce31-472d-8fab-03a3d9bb27cf.metadata.json
[2026-04-07T20:56:52.176+0000] {subprocess.py:106} INFO - 26/04/07 20:56:52 WARN MetricsConfig: Cannot locate configuration: tried hadoop-metrics2-s3a-file-system.properties,hadoop-metrics2.properties
[2026-04-07T20:56:52.202+0000] {subprocess.py:106} INFO - 26/04/07 20:56:52 INFO MetricsSystemImpl: Scheduled Metric snapshot period at 10 second(s).
[2026-04-07T20:56:52.203+0000] {subprocess.py:106} INFO - 26/04/07 20:56:52 INFO MetricsSystemImpl: s3a-file-system metrics system started
[2026-04-07T20:56:53.705+0000] {subprocess.py:106} INFO - 26/04/07 20:56:53 INFO BaseMetastoreCatalog: Table loaded by catalog: iceberg.gold.fact_job_posting
[2026-04-07T20:56:56.521+0000] {subprocess.py:106} INFO - 26/04/07 20:56:56 INFO HiveCatalog: Dropped table: gold.fact_job_posting
[2026-04-07T20:56:56.579+0000] {subprocess.py:106} INFO - 26/04/07 20:56:56 INFO BaseMetastoreTableOperations: Refreshing table metadata from new version: s3a://warehouse/iceberg_data/gold.db/dim_skill/metadata/00000-6125bcc3-1f17-4e1d-84fe-357f00d72123.metadata.json
[2026-04-07T20:56:56.612+0000] {subprocess.py:106} INFO - 26/04/07 20:56:56 INFO BaseMetastoreCatalog: Table loaded by catalog: iceberg.gold.dim_skill
[2026-04-07T20:56:56.779+0000] {subprocess.py:106} INFO - 26/04/07 20:56:56 INFO HiveCatalog: Dropped table: gold.dim_skill
[2026-04-07T20:56:56.877+0000] {subprocess.py:106} INFO - 26/04/07 20:56:56 INFO BaseMetastoreTableOperations: Refreshing table metadata from new version: s3a://warehouse/iceberg_data/gold.db/dim_location/metadata/00000-80f75573-d8c1-4268-befa-81eab23c168f.metadata.json
[2026-04-07T20:56:56.913+0000] {subprocess.py:106} INFO - 26/04/07 20:56:56 INFO BaseMetastoreCatalog: Table loaded by catalog: iceberg.gold.dim_location
[2026-04-07T20:56:57.060+0000] {subprocess.py:106} INFO - 26/04/07 20:56:57 INFO HiveCatalog: Dropped table: gold.dim_location
[2026-04-07T20:56:57.113+0000] {subprocess.py:106} INFO - 26/04/07 20:56:57 INFO BaseMetastoreTableOperations: Refreshing table metadata from new version: s3a://warehouse/iceberg_data/gold.db/dim_company/metadata/00000-297d1438-29d3-41c1-b2a5-1ac7dae7dcfd.metadata.json
[2026-04-07T20:56:57.151+0000] {subprocess.py:106} INFO - 26/04/07 20:56:57 INFO BaseMetastoreCatalog: Table loaded by catalog: iceberg.gold.dim_company
[2026-04-07T20:56:57.269+0000] {subprocess.py:106} INFO - 26/04/07 20:56:57 INFO HiveCatalog: Dropped table: gold.dim_company
[2026-04-07T20:56:57.302+0000] {subprocess.py:106} INFO - 26/04/07 20:56:57 INFO BaseMetastoreTableOperations: Refreshing table metadata from new version: s3a://warehouse/iceberg_data/gold.db/dim_date/metadata/00000-f7674f07-8fbf-4905-80f6-4773e4ead6cb.metadata.json
[2026-04-07T20:56:57.321+0000] {subprocess.py:106} INFO - 26/04/07 20:56:57 INFO BaseMetastoreCatalog: Table loaded by catalog: iceberg.gold.dim_date
[2026-04-07T20:56:57.489+0000] {subprocess.py:106} INFO - 26/04/07 20:56:57 INFO HiveCatalog: Dropped table: gold.dim_date
[2026-04-07T20:56:57.573+0000] {subprocess.py:106} INFO - 26/04/07 20:56:57 INFO BaseMetastoreTableOperations: Refreshing table metadata from new version: s3a://warehouse/iceberg_data/gold.db/dim_work_mode/metadata/00000-5955f7f5-effb-47dc-a522-2806848bfa98.metadata.json
[2026-04-07T20:56:57.620+0000] {subprocess.py:106} INFO - 26/04/07 20:56:57 INFO BaseMetastoreCatalog: Table loaded by catalog: iceberg.gold.dim_work_mode
[2026-04-07T20:56:57.764+0000] {subprocess.py:106} INFO - 26/04/07 20:56:57 INFO HiveCatalog: Dropped table: gold.dim_work_mode
[2026-04-07T20:56:57.819+0000] {subprocess.py:106} INFO - 26/04/07 20:56:57 INFO BaseMetastoreTableOperations: Refreshing table metadata from new version: s3a://warehouse/iceberg_data/gold.db/dim_job_category/metadata/00000-f9ac9487-6794-418c-9266-22e34e6e97dd.metadata.json
[2026-04-07T20:56:57.847+0000] {subprocess.py:106} INFO - 26/04/07 20:56:57 INFO BaseMetastoreCatalog: Table loaded by catalog: iceberg.gold.dim_job_category
[2026-04-07T20:56:57.972+0000] {subprocess.py:106} INFO - 26/04/07 20:56:57 INFO HiveCatalog: Dropped table: gold.dim_job_category
[2026-04-07T20:56:57.974+0000] {subprocess.py:106} INFO - >>> Reading Silver Data from iceberg.silver.it_jobs_clean...
[2026-04-07T20:56:58.009+0000] {subprocess.py:106} INFO - 26/04/07 20:56:58 INFO BaseMetastoreTableOperations: Refreshing table metadata from new version: s3a://warehouse/iceberg_data/silver.db/it_jobs_clean/metadata/00001-019507f5-4dab-4ccd-8ba9-03ec7a4db7b4.metadata.json
[2026-04-07T20:56:58.031+0000] {subprocess.py:106} INFO - 26/04/07 20:56:58 INFO BaseMetastoreCatalog: Table loaded by catalog: iceberg.silver.it_jobs_clean
[2026-04-07T20:56:58.333+0000] {subprocess.py:106} INFO - 26/04/07 20:56:58 INFO SnapshotScan: Scanning table iceberg.silver.it_jobs_clean snapshot 6184797946885530623 created at 2026-04-07T20:56:38.725+00:00 with filter true
[2026-04-07T20:56:58.581+0000] {subprocess.py:106} INFO - 26/04/07 20:56:58 INFO BaseDistributedDataScan: Planning file tasks locally for table iceberg.silver.it_jobs_clean
[2026-04-07T20:56:58.718+0000] {subprocess.py:106} INFO - 26/04/07 20:56:58 INFO V2ScanRelationPushDown:
[2026-04-07T20:56:58.719+0000] {subprocess.py:106} INFO - Pushing operators to iceberg.silver.it_jobs_clean
[2026-04-07T20:56:58.719+0000] {subprocess.py:106} INFO - Pushed Aggregate Functions:
[2026-04-07T20:56:58.720+0000] {subprocess.py:106} INFO -  COUNT(*)
[2026-04-07T20:56:58.720+0000] {subprocess.py:106} INFO - Pushed Group by:
[2026-04-07T20:56:58.721+0000] {subprocess.py:106} INFO - 
[2026-04-07T20:56:58.721+0000] {subprocess.py:106} INFO - 
[2026-04-07T20:56:59.545+0000] {subprocess.py:106} INFO - 26/04/07 20:56:59 INFO CodeGenerator: Code generated in 250.888227 ms
[2026-04-07T20:56:59.573+0000] {subprocess.py:106} INFO - 26/04/07 20:56:59 INFO CodeGenerator: Code generated in 15.678655 ms
[2026-04-07T20:56:59.724+0000] {subprocess.py:106} INFO - 26/04/07 20:56:59 INFO DAGScheduler: Registering RDD 2 (count at <unknown>:0) as input to shuffle 0
[2026-04-07T20:56:59.731+0000] {subprocess.py:106} INFO - 26/04/07 20:56:59 INFO DAGScheduler: Got map stage job 0 (count at <unknown>:0) with 1 output partitions
[2026-04-07T20:56:59.732+0000] {subprocess.py:106} INFO - 26/04/07 20:56:59 INFO DAGScheduler: Final stage: ShuffleMapStage 0 (count at <unknown>:0)
[2026-04-07T20:56:59.733+0000] {subprocess.py:106} INFO - 26/04/07 20:56:59 INFO DAGScheduler: Parents of final stage: List()
[2026-04-07T20:56:59.735+0000] {subprocess.py:106} INFO - 26/04/07 20:56:59 INFO DAGScheduler: Missing parents: List()
[2026-04-07T20:56:59.739+0000] {subprocess.py:106} INFO - 26/04/07 20:56:59 INFO DAGScheduler: Submitting ShuffleMapStage 0 (MapPartitionsRDD[2] at count at <unknown>:0), which has no missing parents
[2026-04-07T20:56:59.870+0000] {subprocess.py:106} INFO - 26/04/07 20:56:59 INFO MemoryStore: Block broadcast_0 stored as values in memory (estimated size 12.6 KiB, free 434.4 MiB)
[2026-04-07T20:56:59.920+0000] {subprocess.py:106} INFO - 26/04/07 20:56:59 INFO MemoryStore: Block broadcast_0_piece0 stored as bytes in memory (estimated size 6.2 KiB, free 434.4 MiB)
[2026-04-07T20:56:59.925+0000] {subprocess.py:106} INFO - 26/04/07 20:56:59 INFO BlockManagerInfo: Added broadcast_0_piece0 in memory on c05002f484b8:40059 (size: 6.2 KiB, free: 434.4 MiB)
[2026-04-07T20:56:59.934+0000] {subprocess.py:106} INFO - 26/04/07 20:56:59 INFO SparkContext: Created broadcast 0 from broadcast at DAGScheduler.scala:1585
[2026-04-07T20:56:59.987+0000] {subprocess.py:106} INFO - 26/04/07 20:56:59 INFO DAGScheduler: Submitting 1 missing tasks from ShuffleMapStage 0 (MapPartitionsRDD[2] at count at <unknown>:0) (first 15 tasks are for partitions Vector(0))
[2026-04-07T20:56:59.989+0000] {subprocess.py:106} INFO - 26/04/07 20:56:59 INFO TaskSchedulerImpl: Adding task set 0.0 with 1 tasks resource profile 0
[2026-04-07T20:57:00.024+0000] {subprocess.py:106} INFO - 26/04/07 20:57:00 INFO TaskSetManager: Starting task 0.0 in stage 0.0 (TID 0) (172.30.0.6, executor 0, partition 0, PROCESS_LOCAL, 10137 bytes)
[2026-04-07T20:57:00.327+0000] {subprocess.py:106} INFO - 26/04/07 20:57:00 INFO BlockManagerInfo: Added broadcast_0_piece0 in memory on 172.30.0.6:44319 (size: 6.2 KiB, free: 434.4 MiB)
[2026-04-07T20:57:01.297+0000] {subprocess.py:106} INFO - 26/04/07 20:57:01 INFO TaskSetManager: Finished task 0.0 in stage 0.0 (TID 0) in 1288 ms on 172.30.0.6 (executor 0) (1/1)
[2026-04-07T20:57:01.301+0000] {subprocess.py:106} INFO - 26/04/07 20:57:01 INFO TaskSchedulerImpl: Removed TaskSet 0.0, whose tasks have all completed, from pool
[2026-04-07T20:57:01.314+0000] {subprocess.py:106} INFO - 26/04/07 20:57:01 INFO DAGScheduler: ShuffleMapStage 0 (count at <unknown>:0) finished in 1.555 s
[2026-04-07T20:57:01.316+0000] {subprocess.py:106} INFO - 26/04/07 20:57:01 INFO DAGScheduler: looking for newly runnable stages
[2026-04-07T20:57:01.318+0000] {subprocess.py:106} INFO - 26/04/07 20:57:01 INFO DAGScheduler: running: Set()
[2026-04-07T20:57:01.319+0000] {subprocess.py:106} INFO - 26/04/07 20:57:01 INFO DAGScheduler: waiting: Set()
[2026-04-07T20:57:01.320+0000] {subprocess.py:106} INFO - 26/04/07 20:57:01 INFO DAGScheduler: failed: Set()
[2026-04-07T20:57:01.377+0000] {subprocess.py:106} INFO - 26/04/07 20:57:01 INFO CodeGenerator: Code generated in 13.612985 ms
[2026-04-07T20:57:01.430+0000] {subprocess.py:106} INFO - 26/04/07 20:57:01 INFO SparkContext: Starting job: count at <unknown>:0
[2026-04-07T20:57:01.434+0000] {subprocess.py:106} INFO - 26/04/07 20:57:01 INFO DAGScheduler: Got job 1 (count at <unknown>:0) with 1 output partitions
[2026-04-07T20:57:01.436+0000] {subprocess.py:106} INFO - 26/04/07 20:57:01 INFO DAGScheduler: Final stage: ResultStage 2 (count at <unknown>:0)
[2026-04-07T20:57:01.437+0000] {subprocess.py:106} INFO - 26/04/07 20:57:01 INFO DAGScheduler: Parents of final stage: List(ShuffleMapStage 1)
[2026-04-07T20:57:01.438+0000] {subprocess.py:106} INFO - 26/04/07 20:57:01 INFO DAGScheduler: Missing parents: List()
[2026-04-07T20:57:01.441+0000] {subprocess.py:106} INFO - 26/04/07 20:57:01 INFO DAGScheduler: Submitting ResultStage 2 (MapPartitionsRDD[5] at count at <unknown>:0), which has no missing parents
[2026-04-07T20:57:01.457+0000] {subprocess.py:106} INFO - 26/04/07 20:57:01 INFO MemoryStore: Block broadcast_1 stored as values in memory (estimated size 13.7 KiB, free 434.4 MiB)
[2026-04-07T20:57:01.470+0000] {subprocess.py:106} INFO - 26/04/07 20:57:01 INFO MemoryStore: Block broadcast_1_piece0 stored as bytes in memory (estimated size 6.3 KiB, free 434.4 MiB)
[2026-04-07T20:57:01.474+0000] {subprocess.py:106} INFO - 26/04/07 20:57:01 INFO BlockManagerInfo: Added broadcast_1_piece0 in memory on c05002f484b8:40059 (size: 6.3 KiB, free: 434.4 MiB)
[2026-04-07T20:57:01.475+0000] {subprocess.py:106} INFO - 26/04/07 20:57:01 INFO SparkContext: Created broadcast 1 from broadcast at DAGScheduler.scala:1585
[2026-04-07T20:57:01.475+0000] {subprocess.py:106} INFO - 26/04/07 20:57:01 INFO DAGScheduler: Submitting 1 missing tasks from ResultStage 2 (MapPartitionsRDD[5] at count at <unknown>:0) (first 15 tasks are for partitions Vector(0))
[2026-04-07T20:57:01.476+0000] {subprocess.py:106} INFO - 26/04/07 20:57:01 INFO TaskSchedulerImpl: Adding task set 2.0 with 1 tasks resource profile 0
[2026-04-07T20:57:01.484+0000] {subprocess.py:106} INFO - 26/04/07 20:57:01 INFO TaskSetManager: Starting task 0.0 in stage 2.0 (TID 1) (172.30.0.6, executor 0, partition 0, NODE_LOCAL, 9976 bytes)
[2026-04-07T20:57:01.508+0000] {subprocess.py:106} INFO - 26/04/07 20:57:01 INFO BlockManagerInfo: Removed broadcast_0_piece0 on c05002f484b8:40059 in memory (size: 6.2 KiB, free: 434.4 MiB)
[2026-04-07T20:57:01.535+0000] {subprocess.py:106} INFO - 26/04/07 20:57:01 INFO BlockManagerInfo: Removed broadcast_0_piece0 on 172.30.0.6:44319 in memory (size: 6.2 KiB, free: 434.4 MiB)
[2026-04-07T20:57:01.541+0000] {subprocess.py:106} INFO - 26/04/07 20:57:01 INFO BlockManagerInfo: Added broadcast_1_piece0 in memory on 172.30.0.6:44319 (size: 6.3 KiB, free: 434.4 MiB)
[2026-04-07T20:57:01.626+0000] {subprocess.py:106} INFO - 26/04/07 20:57:01 INFO MapOutputTrackerMasterEndpoint: Asked to send map output locations for shuffle 0 to 172.30.0.6:50786
[2026-04-07T20:57:01.798+0000] {subprocess.py:106} INFO - 26/04/07 20:57:01 INFO TaskSetManager: Finished task 0.0 in stage 2.0 (TID 1) in 314 ms on 172.30.0.6 (executor 0) (1/1)
[2026-04-07T20:57:01.806+0000] {subprocess.py:106} INFO - 26/04/07 20:57:01 INFO TaskSchedulerImpl: Removed TaskSet 2.0, whose tasks have all completed, from pool
[2026-04-07T20:57:01.807+0000] {subprocess.py:106} INFO - 26/04/07 20:57:01 INFO DAGScheduler: ResultStage 2 (count at <unknown>:0) finished in 0.343 s
[2026-04-07T20:57:01.808+0000] {subprocess.py:106} INFO - 26/04/07 20:57:01 INFO DAGScheduler: Job 1 is finished. Cancelling potential speculative or zombie tasks for this job
[2026-04-07T20:57:01.809+0000] {subprocess.py:106} INFO - 26/04/07 20:57:01 INFO TaskSchedulerImpl: Killing all running tasks in stage 2: Stage finished
[2026-04-07T20:57:01.810+0000] {subprocess.py:106} INFO - 26/04/07 20:57:01 INFO DAGScheduler: Job 1 finished: count at <unknown>:0, took 0.375858 s
[2026-04-07T20:57:01.823+0000] {subprocess.py:106} INFO - >>> Loaded Silver Data: 9491 records.
[2026-04-07T20:57:01.825+0000] {subprocess.py:106} INFO - >>> Building DIM_SKILL...
[2026-04-07T20:57:02.279+0000] {subprocess.py:106} INFO - 26/04/07 20:57:02 INFO BlockManagerInfo: Removed broadcast_1_piece0 on c05002f484b8:40059 in memory (size: 6.3 KiB, free: 434.4 MiB)
[2026-04-07T20:57:02.282+0000] {subprocess.py:106} INFO - 26/04/07 20:57:02 INFO BlockManagerInfo: Removed broadcast_1_piece0 on 172.30.0.6:44319 in memory (size: 6.3 KiB, free: 434.4 MiB)
[2026-04-07T20:57:02.333+0000] {subprocess.py:106} INFO - 26/04/07 20:57:02 INFO BaseMetastoreCatalog: Table properties set at catalog level through catalog properties: {}
[2026-04-07T20:57:02.343+0000] {subprocess.py:106} INFO - 26/04/07 20:57:02 INFO BaseMetastoreCatalog: Table properties enforced at catalog level through catalog properties: {}
[2026-04-07T20:57:02.480+0000] {subprocess.py:106} INFO - 26/04/07 20:57:02 INFO V2ScanRelationPushDown:
[2026-04-07T20:57:02.483+0000] {subprocess.py:106} INFO - Pushing operators to iceberg.silver.it_jobs_clean
[2026-04-07T20:57:02.484+0000] {subprocess.py:106} INFO - Pushed Filters: skills_required IS NOT NULL
[2026-04-07T20:57:02.484+0000] {subprocess.py:106} INFO - Post-Scan Filters: isnotnull(skills_required#3),(size(skills_required#3, true) > 0)
[2026-04-07T20:57:02.484+0000] {subprocess.py:106} INFO - 
[2026-04-07T20:57:02.502+0000] {subprocess.py:106} INFO - 26/04/07 20:57:02 INFO V2ScanRelationPushDown:
[2026-04-07T20:57:02.503+0000] {subprocess.py:106} INFO - Output: skills_required#3
[2026-04-07T20:57:02.504+0000] {subprocess.py:106} INFO - 
[2026-04-07T20:57:02.508+0000] {subprocess.py:106} INFO - 26/04/07 20:57:02 INFO SnapshotScan: Scanning table iceberg.silver.it_jobs_clean snapshot 6184797946885530623 created at 2026-04-07T20:56:38.725+00:00 with filter skills_required IS NOT NULL
[2026-04-07T20:57:02.516+0000] {subprocess.py:106} INFO - 26/04/07 20:57:02 INFO BaseDistributedDataScan: Planning file tasks locally for table iceberg.silver.it_jobs_clean
[2026-04-07T20:57:02.570+0000] {subprocess.py:106} INFO - 26/04/07 20:57:02 INFO SparkPartitioningAwareScan: Reporting UnknownPartitioning with 1 partition(s) for table iceberg.silver.it_jobs_clean
[2026-04-07T20:57:02.594+0000] {subprocess.py:106} INFO - 26/04/07 20:57:02 INFO SparkWrite: Requesting 0 bytes advisory partition size for table gold.dim_skill
[2026-04-07T20:57:02.595+0000] {subprocess.py:106} INFO - 26/04/07 20:57:02 INFO SparkWrite: Requesting UnspecifiedDistribution as write distribution for table gold.dim_skill
[2026-04-07T20:57:02.597+0000] {subprocess.py:106} INFO - 26/04/07 20:57:02 INFO SparkWrite: Requesting [] as write ordering for table gold.dim_skill
[2026-04-07T20:57:02.670+0000] {subprocess.py:106} INFO - 26/04/07 20:57:02 INFO MemoryStore: Block broadcast_2 stored as values in memory (estimated size 32.0 KiB, free 434.4 MiB)
[2026-04-07T20:57:02.697+0000] {subprocess.py:106} INFO - 26/04/07 20:57:02 INFO MemoryStore: Block broadcast_2_piece0 stored as bytes in memory (estimated size 30.4 KiB, free 434.3 MiB)
[2026-04-07T20:57:02.702+0000] {subprocess.py:106} INFO - 26/04/07 20:57:02 INFO BlockManagerInfo: Added broadcast_2_piece0 in memory on c05002f484b8:40059 (size: 30.4 KiB, free: 434.4 MiB)
[2026-04-07T20:57:02.703+0000] {subprocess.py:106} INFO - 26/04/07 20:57:02 INFO SparkContext: Created broadcast 2 from broadcast at SparkBatch.java:79
[2026-04-07T20:57:02.716+0000] {subprocess.py:106} INFO - 26/04/07 20:57:02 INFO MemoryStore: Block broadcast_3 stored as values in memory (estimated size 32.0 KiB, free 434.3 MiB)
[2026-04-07T20:57:02.721+0000] {subprocess.py:106} INFO - 26/04/07 20:57:02 INFO MemoryStore: Block broadcast_3_piece0 stored as bytes in memory (estimated size 30.3 KiB, free 434.3 MiB)
[2026-04-07T20:57:02.722+0000] {subprocess.py:106} INFO - 26/04/07 20:57:02 INFO BlockManagerInfo: Added broadcast_3_piece0 in memory on c05002f484b8:40059 (size: 30.3 KiB, free: 434.3 MiB)
[2026-04-07T20:57:02.723+0000] {subprocess.py:106} INFO - 26/04/07 20:57:02 INFO SparkContext: Created broadcast 3 from broadcast at SparkBatch.java:79
[2026-04-07T20:57:02.913+0000] {subprocess.py:106} INFO - 26/04/07 20:57:02 INFO CodeGenerator: Code generated in 63.616509 ms
[2026-04-07T20:57:02.998+0000] {subprocess.py:106} INFO - 26/04/07 20:57:02 INFO DAGScheduler: Registering RDD 9 (create at <unknown>:0) as input to shuffle 1
[2026-04-07T20:57:02.999+0000] {subprocess.py:106} INFO - 26/04/07 20:57:02 INFO DAGScheduler: Got map stage job 2 (create at <unknown>:0) with 1 output partitions
[2026-04-07T20:57:03.000+0000] {subprocess.py:106} INFO - 26/04/07 20:57:02 INFO DAGScheduler: Final stage: ShuffleMapStage 3 (create at <unknown>:0)
[2026-04-07T20:57:03.004+0000] {subprocess.py:106} INFO - 26/04/07 20:57:02 INFO DAGScheduler: Parents of final stage: List()
[2026-04-07T20:57:03.005+0000] {subprocess.py:106} INFO - 26/04/07 20:57:02 INFO DAGScheduler: Missing parents: List()
[2026-04-07T20:57:03.006+0000] {subprocess.py:106} INFO - 26/04/07 20:57:03 INFO DAGScheduler: Submitting ShuffleMapStage 3 (MapPartitionsRDD[9] at create at <unknown>:0), which has no missing parents
[2026-04-07T20:57:03.012+0000] {subprocess.py:106} INFO - 26/04/07 20:57:03 INFO MemoryStore: Block broadcast_4 stored as values in memory (estimated size 40.1 KiB, free 434.2 MiB)
[2026-04-07T20:57:03.029+0000] {subprocess.py:106} INFO - 26/04/07 20:57:03 INFO MemoryStore: Block broadcast_4_piece0 stored as bytes in memory (estimated size 17.5 KiB, free 434.2 MiB)
[2026-04-07T20:57:03.034+0000] {subprocess.py:106} INFO - 26/04/07 20:57:03 INFO BlockManagerInfo: Added broadcast_4_piece0 in memory on c05002f484b8:40059 (size: 17.5 KiB, free: 434.3 MiB)
[2026-04-07T20:57:03.035+0000] {subprocess.py:106} INFO - 26/04/07 20:57:03 INFO SparkContext: Created broadcast 4 from broadcast at DAGScheduler.scala:1585
[2026-04-07T20:57:03.035+0000] {subprocess.py:106} INFO - 26/04/07 20:57:03 INFO DAGScheduler: Submitting 1 missing tasks from ShuffleMapStage 3 (MapPartitionsRDD[9] at create at <unknown>:0) (first 15 tasks are for partitions Vector(0))
[2026-04-07T20:57:03.036+0000] {subprocess.py:106} INFO - 26/04/07 20:57:03 INFO TaskSchedulerImpl: Adding task set 3.0 with 1 tasks resource profile 0
[2026-04-07T20:57:03.063+0000] {subprocess.py:106} INFO - 26/04/07 20:57:03 INFO TaskSetManager: Starting task 0.0 in stage 3.0 (TID 2) (172.30.0.6, executor 0, partition 0, PROCESS_LOCAL, 15991 bytes)
[2026-04-07T20:57:03.495+0000] {subprocess.py:106} INFO - 26/04/07 20:57:03 INFO BlockManagerInfo: Added broadcast_4_piece0 in memory on 172.30.0.6:44319 (size: 17.5 KiB, free: 434.4 MiB)
[2026-04-07T20:57:03.977+0000] {subprocess.py:106} INFO - 26/04/07 20:57:03 INFO BlockManagerInfo: Added broadcast_3_piece0 in memory on 172.30.0.6:44319 (size: 30.3 KiB, free: 434.4 MiB)
[2026-04-07T20:57:10.190+0000] {subprocess.py:106} INFO - 26/04/07 20:57:10 INFO TaskSetManager: Finished task 0.0 in stage 3.0 (TID 2) in 7153 ms on 172.30.0.6 (executor 0) (1/1)
[2026-04-07T20:57:10.197+0000] {subprocess.py:106} INFO - 26/04/07 20:57:10 INFO TaskSchedulerImpl: Removed TaskSet 3.0, whose tasks have all completed, from pool
[2026-04-07T20:57:10.198+0000] {subprocess.py:106} INFO - 26/04/07 20:57:10 INFO DAGScheduler: ShuffleMapStage 3 (create at <unknown>:0) finished in 7.187 s
[2026-04-07T20:57:10.199+0000] {subprocess.py:106} INFO - 26/04/07 20:57:10 INFO DAGScheduler: looking for newly runnable stages
[2026-04-07T20:57:10.200+0000] {subprocess.py:106} INFO - 26/04/07 20:57:10 INFO DAGScheduler: running: Set()
[2026-04-07T20:57:10.201+0000] {subprocess.py:106} INFO - 26/04/07 20:57:10 INFO DAGScheduler: waiting: Set()
[2026-04-07T20:57:10.202+0000] {subprocess.py:106} INFO - 26/04/07 20:57:10 INFO DAGScheduler: failed: Set()
[2026-04-07T20:57:10.224+0000] {subprocess.py:106} INFO - 26/04/07 20:57:10 INFO ShufflePartitionsUtil: For shuffle(1), advisory target size: 67108864, actual target size 1048576, minimum partition size: 1048576
[2026-04-07T20:57:10.359+0000] {subprocess.py:106} INFO - 26/04/07 20:57:10 INFO CodeGenerator: Code generated in 64.570617 ms
[2026-04-07T20:57:10.390+0000] {subprocess.py:106} INFO - 26/04/07 20:57:10 INFO MemoryStore: Block broadcast_5 stored as values in memory (estimated size 32.0 KiB, free 434.2 MiB)
[2026-04-07T20:57:10.408+0000] {subprocess.py:106} INFO - 26/04/07 20:57:10 INFO MemoryStore: Block broadcast_5_piece0 stored as bytes in memory (estimated size 29.9 KiB, free 434.2 MiB)
[2026-04-07T20:57:10.411+0000] {subprocess.py:106} INFO - 26/04/07 20:57:10 INFO BlockManagerInfo: Removed broadcast_4_piece0 on c05002f484b8:40059 in memory (size: 17.5 KiB, free: 434.3 MiB)
[2026-04-07T20:57:10.412+0000] {subprocess.py:106} INFO - 26/04/07 20:57:10 INFO BlockManagerInfo: Added broadcast_5_piece0 in memory on c05002f484b8:40059 (size: 29.9 KiB, free: 434.3 MiB)
[2026-04-07T20:57:10.413+0000] {subprocess.py:106} INFO - 26/04/07 20:57:10 INFO SparkContext: Created broadcast 5 from broadcast at SparkWrite.java:193
[2026-04-07T20:57:10.414+0000] {subprocess.py:106} INFO - 26/04/07 20:57:10 INFO AppendDataExec: Start processing data source write support: IcebergBatchWrite(table=gold.dim_skill, format=PARQUET). The input RDD has 1 partitions.
[2026-04-07T20:57:10.418+0000] {subprocess.py:106} INFO - 26/04/07 20:57:10 INFO BlockManagerInfo: Removed broadcast_4_piece0 on 172.30.0.6:44319 in memory (size: 17.5 KiB, free: 434.4 MiB)
[2026-04-07T20:57:10.426+0000] {subprocess.py:106} INFO - 26/04/07 20:57:10 INFO SparkContext: Starting job: create at <unknown>:0
[2026-04-07T20:57:10.429+0000] {subprocess.py:106} INFO - 26/04/07 20:57:10 INFO DAGScheduler: Got job 3 (create at <unknown>:0) with 1 output partitions
[2026-04-07T20:57:10.430+0000] {subprocess.py:106} INFO - 26/04/07 20:57:10 INFO DAGScheduler: Final stage: ResultStage 5 (create at <unknown>:0)
[2026-04-07T20:57:10.430+0000] {subprocess.py:106} INFO - 26/04/07 20:57:10 INFO DAGScheduler: Parents of final stage: List(ShuffleMapStage 4)
[2026-04-07T20:57:10.432+0000] {subprocess.py:106} INFO - 26/04/07 20:57:10 INFO DAGScheduler: Missing parents: List()
[2026-04-07T20:57:10.432+0000] {subprocess.py:106} INFO - 26/04/07 20:57:10 INFO DAGScheduler: Submitting ResultStage 5 (MapPartitionsRDD[11] at create at <unknown>:0), which has no missing parents
[2026-04-07T20:57:10.447+0000] {subprocess.py:106} INFO - 26/04/07 20:57:10 INFO MemoryStore: Block broadcast_6 stored as values in memory (estimated size 50.8 KiB, free 434.2 MiB)
[2026-04-07T20:57:10.453+0000] {subprocess.py:106} INFO - 26/04/07 20:57:10 INFO MemoryStore: Block broadcast_6_piece0 stored as bytes in memory (estimated size 22.2 KiB, free 434.1 MiB)
[2026-04-07T20:57:10.454+0000] {subprocess.py:106} INFO - 26/04/07 20:57:10 INFO BlockManagerInfo: Added broadcast_6_piece0 in memory on c05002f484b8:40059 (size: 22.2 KiB, free: 434.3 MiB)
[2026-04-07T20:57:10.456+0000] {subprocess.py:106} INFO - 26/04/07 20:57:10 INFO SparkContext: Created broadcast 6 from broadcast at DAGScheduler.scala:1585
[2026-04-07T20:57:10.457+0000] {subprocess.py:106} INFO - 26/04/07 20:57:10 INFO DAGScheduler: Submitting 1 missing tasks from ResultStage 5 (MapPartitionsRDD[11] at create at <unknown>:0) (first 15 tasks are for partitions Vector(0))
[2026-04-07T20:57:10.462+0000] {subprocess.py:106} INFO - 26/04/07 20:57:10 INFO TaskSchedulerImpl: Adding task set 5.0 with 1 tasks resource profile 0
[2026-04-07T20:57:10.463+0000] {subprocess.py:106} INFO - 26/04/07 20:57:10 INFO TaskSetManager: Starting task 0.0 in stage 5.0 (TID 3) (172.30.0.6, executor 0, partition 0, NODE_LOCAL, 9976 bytes)
[2026-04-07T20:57:10.533+0000] {subprocess.py:106} INFO - 26/04/07 20:57:10 INFO BlockManagerInfo: Added broadcast_6_piece0 in memory on 172.30.0.6:44319 (size: 22.2 KiB, free: 434.3 MiB)
[2026-04-07T20:57:10.624+0000] {subprocess.py:106} INFO - 26/04/07 20:57:10 INFO MapOutputTrackerMasterEndpoint: Asked to send map output locations for shuffle 1 to 172.30.0.6:50786
[2026-04-07T20:57:10.741+0000] {subprocess.py:106} INFO - 26/04/07 20:57:10 INFO BlockManagerInfo: Added broadcast_5_piece0 in memory on 172.30.0.6:44319 (size: 29.9 KiB, free: 434.3 MiB)
[2026-04-07T20:57:11.495+0000] {subprocess.py:106} INFO - 26/04/07 20:57:11 INFO TaskSetManager: Finished task 0.0 in stage 5.0 (TID 3) in 1036 ms on 172.30.0.6 (executor 0) (1/1)
[2026-04-07T20:57:11.497+0000] {subprocess.py:106} INFO - 26/04/07 20:57:11 INFO TaskSchedulerImpl: Removed TaskSet 5.0, whose tasks have all completed, from pool
[2026-04-07T20:57:11.498+0000] {subprocess.py:106} INFO - 26/04/07 20:57:11 INFO DAGScheduler: ResultStage 5 (create at <unknown>:0) finished in 1.054 s
[2026-04-07T20:57:11.499+0000] {subprocess.py:106} INFO - 26/04/07 20:57:11 INFO DAGScheduler: Job 3 is finished. Cancelling potential speculative or zombie tasks for this job
[2026-04-07T20:57:11.500+0000] {subprocess.py:106} INFO - 26/04/07 20:57:11 INFO TaskSchedulerImpl: Killing all running tasks in stage 5: Stage finished
[2026-04-07T20:57:11.500+0000] {subprocess.py:106} INFO - 26/04/07 20:57:11 INFO DAGScheduler: Job 3 finished: create at <unknown>:0, took 1.071791 s
[2026-04-07T20:57:11.501+0000] {subprocess.py:106} INFO - 26/04/07 20:57:11 INFO AppendDataExec: Data source write support IcebergBatchWrite(table=gold.dim_skill, format=PARQUET) is committing.
[2026-04-07T20:57:11.528+0000] {subprocess.py:106} INFO - 26/04/07 20:57:11 INFO SparkWrite: Committing append with 1 new data files to table gold.dim_skill
[2026-04-07T20:57:11.677+0000] {subprocess.py:106} INFO - 26/04/07 20:57:11 INFO BlockManagerInfo: Removed broadcast_6_piece0 on c05002f484b8:40059 in memory (size: 22.2 KiB, free: 434.3 MiB)
[2026-04-07T20:57:11.680+0000] {subprocess.py:106} INFO - 26/04/07 20:57:11 INFO BlockManagerInfo: Removed broadcast_6_piece0 on 172.30.0.6:44319 in memory (size: 22.2 KiB, free: 434.3 MiB)
[2026-04-07T20:57:11.902+0000] {subprocess.py:106} INFO - 26/04/07 20:57:11 INFO SnapshotProducer: Committed snapshot 1145943900605421919 (MergeAppend)
[2026-04-07T20:57:11.939+0000] {subprocess.py:106} INFO - 26/04/07 20:57:11 INFO LoggingMetricsReporter: Received metrics report: CommitReport{tableName=gold.dim_skill, snapshotId=1145943900605421919, sequenceNumber=1, operation=append, commitMetrics=CommitMetricsResult{totalDuration=TimerResult{timeUnit=NANOSECONDS, totalDuration=PT0.399571462S, count=1}, attempts=CounterResult{unit=COUNT, value=1}, addedDataFiles=CounterResult{unit=COUNT, value=1}, removedDataFiles=null, totalDataFiles=CounterResult{unit=COUNT, value=1}, addedDeleteFiles=null, addedEqualityDeleteFiles=null, addedPositionalDeleteFiles=null, removedDeleteFiles=null, removedEqualityDeleteFiles=null, removedPositionalDeleteFiles=null, totalDeleteFiles=CounterResult{unit=COUNT, value=0}, addedRecords=CounterResult{unit=COUNT, value=489}, removedRecords=null, totalRecords=CounterResult{unit=COUNT, value=489}, addedFilesSizeInBytes=CounterResult{unit=BYTES, value=8352}, removedFilesSizeInBytes=null, totalFilesSizeInBytes=CounterResult{unit=BYTES, value=8352}, addedPositionalDeletes=null, removedPositionalDeletes=null, totalPositionalDeletes=CounterResult{unit=COUNT, value=0}, addedEqualityDeletes=null, removedEqualityDeletes=null, totalEqualityDeletes=CounterResult{unit=COUNT, value=0}}, metadata={engine-version=3.5.3, app-id=app-20260407205645-0002, engine-name=spark, iceberg-version=Apache Iceberg 1.6.1 (commit 8e9d59d299be42b0bca9461457cd1e95dbaad086)}}
[2026-04-07T20:57:11.940+0000] {subprocess.py:106} INFO - 26/04/07 20:57:11 INFO SparkWrite: Committed in 410 ms
[2026-04-07T20:57:11.940+0000] {subprocess.py:106} INFO - 26/04/07 20:57:11 INFO AppendDataExec: Data source write support IcebergBatchWrite(table=gold.dim_skill, format=PARQUET) committed.
[2026-04-07T20:57:12.064+0000] {subprocess.py:106} INFO - 26/04/07 20:57:12 INFO BlockManagerInfo: Removed broadcast_5_piece0 on c05002f484b8:40059 in memory (size: 29.9 KiB, free: 434.3 MiB)
[2026-04-07T20:57:12.065+0000] {subprocess.py:106} INFO - 26/04/07 20:57:12 INFO BlockManagerInfo: Removed broadcast_5_piece0 on 172.30.0.6:44319 in memory (size: 29.9 KiB, free: 434.4 MiB)
[2026-04-07T20:57:12.275+0000] {subprocess.py:106} INFO - 26/04/07 20:57:12 INFO HiveTableOperations: Committed to table iceberg.gold.dim_skill with the new metadata location s3a://warehouse/iceberg_data/gold.db/dim_skill/metadata/00000-7f15b310-4d4c-4532-b7a7-b70f5d7046e3.metadata.json
[2026-04-07T20:57:12.276+0000] {subprocess.py:106} INFO - 26/04/07 20:57:12 INFO BaseMetastoreTableOperations: Successfully committed to table iceberg.gold.dim_skill in 332 ms
[2026-04-07T20:57:12.277+0000] {subprocess.py:106} INFO - >>> Building DIM_LOCATION...
[2026-04-07T20:57:12.454+0000] {subprocess.py:106} INFO - 26/04/07 20:57:12 INFO BaseMetastoreCatalog: Table properties set at catalog level through catalog properties: {}
[2026-04-07T20:57:12.462+0000] {subprocess.py:106} INFO - 26/04/07 20:57:12 INFO BaseMetastoreCatalog: Table properties enforced at catalog level through catalog properties: {}
[2026-04-07T20:57:12.502+0000] {subprocess.py:106} INFO - 26/04/07 20:57:12 INFO V2ScanRelationPushDown:
[2026-04-07T20:57:12.503+0000] {subprocess.py:106} INFO - Pushing operators to iceberg.silver.it_jobs_clean
[2026-04-07T20:57:12.504+0000] {subprocess.py:106} INFO - Pushed Filters: location IS NOT NULL
[2026-04-07T20:57:12.505+0000] {subprocess.py:106} INFO - Post-Scan Filters: isnotnull(location#2),(size(location#2, true) > 0)
[2026-04-07T20:57:12.506+0000] {subprocess.py:106} INFO - 
[2026-04-07T20:57:12.508+0000] {subprocess.py:106} INFO - 26/04/07 20:57:12 INFO V2ScanRelationPushDown:
[2026-04-07T20:57:12.509+0000] {subprocess.py:106} INFO - Output: location#2
[2026-04-07T20:57:12.509+0000] {subprocess.py:106} INFO - 
[2026-04-07T20:57:12.510+0000] {subprocess.py:106} INFO - 26/04/07 20:57:12 INFO SnapshotScan: Scanning table iceberg.silver.it_jobs_clean snapshot 6184797946885530623 created at 2026-04-07T20:56:38.725+00:00 with filter location IS NOT NULL
[2026-04-07T20:57:12.511+0000] {subprocess.py:106} INFO - 26/04/07 20:57:12 INFO BaseDistributedDataScan: Planning file tasks locally for table iceberg.silver.it_jobs_clean
[2026-04-07T20:57:12.546+0000] {subprocess.py:106} INFO - 26/04/07 20:57:12 INFO SparkPartitioningAwareScan: Reporting UnknownPartitioning with 1 partition(s) for table iceberg.silver.it_jobs_clean
[2026-04-07T20:57:12.547+0000] {subprocess.py:106} INFO - 26/04/07 20:57:12 INFO SparkWrite: Requesting 0 bytes advisory partition size for table gold.dim_location
[2026-04-07T20:57:12.548+0000] {subprocess.py:106} INFO - 26/04/07 20:57:12 INFO SparkWrite: Requesting UnspecifiedDistribution as write distribution for table gold.dim_location
[2026-04-07T20:57:12.548+0000] {subprocess.py:106} INFO - 26/04/07 20:57:12 INFO SparkWrite: Requesting [] as write ordering for table gold.dim_location
[2026-04-07T20:57:12.560+0000] {subprocess.py:106} INFO - 26/04/07 20:57:12 INFO MemoryStore: Block broadcast_7 stored as values in memory (estimated size 32.0 KiB, free 434.2 MiB)
[2026-04-07T20:57:12.569+0000] {subprocess.py:106} INFO - 26/04/07 20:57:12 INFO MemoryStore: Block broadcast_7_piece0 stored as bytes in memory (estimated size 30.3 KiB, free 434.2 MiB)
[2026-04-07T20:57:12.570+0000] {subprocess.py:106} INFO - 26/04/07 20:57:12 INFO BlockManagerInfo: Added broadcast_7_piece0 in memory on c05002f484b8:40059 (size: 30.3 KiB, free: 434.3 MiB)
[2026-04-07T20:57:12.571+0000] {subprocess.py:106} INFO - 26/04/07 20:57:12 INFO SparkContext: Created broadcast 7 from broadcast at SparkBatch.java:79
[2026-04-07T20:57:12.579+0000] {subprocess.py:106} INFO - 26/04/07 20:57:12 INFO MemoryStore: Block broadcast_8 stored as values in memory (estimated size 32.0 KiB, free 434.2 MiB)
[2026-04-07T20:57:12.583+0000] {subprocess.py:106} INFO - 26/04/07 20:57:12 INFO MemoryStore: Block broadcast_8_piece0 stored as bytes in memory (estimated size 30.4 KiB, free 434.2 MiB)
[2026-04-07T20:57:12.585+0000] {subprocess.py:106} INFO - 26/04/07 20:57:12 INFO BlockManagerInfo: Added broadcast_8_piece0 in memory on c05002f484b8:40059 (size: 30.4 KiB, free: 434.3 MiB)
[2026-04-07T20:57:12.586+0000] {subprocess.py:106} INFO - 26/04/07 20:57:12 INFO SparkContext: Created broadcast 8 from broadcast at SparkBatch.java:79
[2026-04-07T20:57:12.673+0000] {subprocess.py:106} INFO - 26/04/07 20:57:12 INFO CodeGenerator: Code generated in 41.875794 ms
[2026-04-07T20:57:12.684+0000] {subprocess.py:106} INFO - 26/04/07 20:57:12 INFO DAGScheduler: Registering RDD 15 (create at <unknown>:0) as input to shuffle 2
[2026-04-07T20:57:12.685+0000] {subprocess.py:106} INFO - 26/04/07 20:57:12 INFO DAGScheduler: Got map stage job 4 (create at <unknown>:0) with 1 output partitions
[2026-04-07T20:57:12.686+0000] {subprocess.py:106} INFO - 26/04/07 20:57:12 INFO DAGScheduler: Final stage: ShuffleMapStage 6 (create at <unknown>:0)
[2026-04-07T20:57:12.686+0000] {subprocess.py:106} INFO - 26/04/07 20:57:12 INFO DAGScheduler: Parents of final stage: List()
[2026-04-07T20:57:12.687+0000] {subprocess.py:106} INFO - 26/04/07 20:57:12 INFO DAGScheduler: Missing parents: List()
[2026-04-07T20:57:12.688+0000] {subprocess.py:106} INFO - 26/04/07 20:57:12 INFO DAGScheduler: Submitting ShuffleMapStage 6 (MapPartitionsRDD[15] at create at <unknown>:0), which has no missing parents
[2026-04-07T20:57:12.691+0000] {subprocess.py:106} INFO - 26/04/07 20:57:12 INFO MemoryStore: Block broadcast_9 stored as values in memory (estimated size 39.5 KiB, free 434.1 MiB)
[2026-04-07T20:57:12.700+0000] {subprocess.py:106} INFO - 26/04/07 20:57:12 INFO MemoryStore: Block broadcast_9_piece0 stored as bytes in memory (estimated size 17.2 KiB, free 434.1 MiB)
[2026-04-07T20:57:12.701+0000] {subprocess.py:106} INFO - 26/04/07 20:57:12 INFO BlockManagerInfo: Added broadcast_9_piece0 in memory on c05002f484b8:40059 (size: 17.2 KiB, free: 434.3 MiB)
[2026-04-07T20:57:12.702+0000] {subprocess.py:106} INFO - 26/04/07 20:57:12 INFO SparkContext: Created broadcast 9 from broadcast at DAGScheduler.scala:1585
[2026-04-07T20:57:12.704+0000] {subprocess.py:106} INFO - 26/04/07 20:57:12 INFO DAGScheduler: Submitting 1 missing tasks from ShuffleMapStage 6 (MapPartitionsRDD[15] at create at <unknown>:0) (first 15 tasks are for partitions Vector(0))
[2026-04-07T20:57:12.705+0000] {subprocess.py:106} INFO - 26/04/07 20:57:12 INFO TaskSchedulerImpl: Adding task set 6.0 with 1 tasks resource profile 0
[2026-04-07T20:57:12.708+0000] {subprocess.py:106} INFO - 26/04/07 20:57:12 INFO TaskSetManager: Starting task 0.0 in stage 6.0 (TID 4) (172.30.0.6, executor 0, partition 0, PROCESS_LOCAL, 15977 bytes)
[2026-04-07T20:57:12.732+0000] {subprocess.py:106} INFO - 26/04/07 20:57:12 INFO BlockManagerInfo: Added broadcast_9_piece0 in memory on 172.30.0.6:44319 (size: 17.2 KiB, free: 434.4 MiB)
[2026-04-07T20:57:12.768+0000] {subprocess.py:106} INFO - 26/04/07 20:57:12 INFO BlockManagerInfo: Removed broadcast_2_piece0 on c05002f484b8:40059 in memory (size: 30.4 KiB, free: 434.3 MiB)
[2026-04-07T20:57:12.792+0000] {subprocess.py:106} INFO - 26/04/07 20:57:12 INFO BlockManagerInfo: Removed broadcast_3_piece0 on c05002f484b8:40059 in memory (size: 30.3 KiB, free: 434.3 MiB)
[2026-04-07T20:57:12.793+0000] {subprocess.py:106} INFO - 26/04/07 20:57:12 INFO BlockManagerInfo: Removed broadcast_3_piece0 on 172.30.0.6:44319 in memory (size: 30.3 KiB, free: 434.4 MiB)
[2026-04-07T20:57:12.834+0000] {subprocess.py:106} INFO - 26/04/07 20:57:12 INFO BlockManagerInfo: Added broadcast_8_piece0 in memory on 172.30.0.6:44319 (size: 30.4 KiB, free: 434.4 MiB)
[2026-04-07T20:57:13.130+0000] {subprocess.py:106} INFO - 26/04/07 20:57:13 INFO TaskSetManager: Finished task 0.0 in stage 6.0 (TID 4) in 423 ms on 172.30.0.6 (executor 0) (1/1)
[2026-04-07T20:57:13.131+0000] {subprocess.py:106} INFO - 26/04/07 20:57:13 INFO TaskSchedulerImpl: Removed TaskSet 6.0, whose tasks have all completed, from pool
[2026-04-07T20:57:13.134+0000] {subprocess.py:106} INFO - 26/04/07 20:57:13 INFO DAGScheduler: ShuffleMapStage 6 (create at <unknown>:0) finished in 0.442 s
[2026-04-07T20:57:13.136+0000] {subprocess.py:106} INFO - 26/04/07 20:57:13 INFO DAGScheduler: looking for newly runnable stages
[2026-04-07T20:57:13.137+0000] {subprocess.py:106} INFO - 26/04/07 20:57:13 INFO DAGScheduler: running: Set()
[2026-04-07T20:57:13.138+0000] {subprocess.py:106} INFO - 26/04/07 20:57:13 INFO DAGScheduler: waiting: Set()
[2026-04-07T20:57:13.138+0000] {subprocess.py:106} INFO - 26/04/07 20:57:13 INFO DAGScheduler: failed: Set()
[2026-04-07T20:57:13.142+0000] {subprocess.py:106} INFO - 26/04/07 20:57:13 INFO ShufflePartitionsUtil: For shuffle(2), advisory target size: 67108864, actual target size 1048576, minimum partition size: 1048576
[2026-04-07T20:57:13.230+0000] {subprocess.py:106} INFO - 26/04/07 20:57:13 INFO CodeGenerator: Code generated in 59.812257 ms
[2026-04-07T20:57:13.245+0000] {subprocess.py:106} INFO - 26/04/07 20:57:13 INFO MemoryStore: Block broadcast_10 stored as values in memory (estimated size 32.0 KiB, free 434.2 MiB)
[2026-04-07T20:57:13.260+0000] {subprocess.py:106} INFO - 26/04/07 20:57:13 INFO MemoryStore: Block broadcast_10_piece0 stored as bytes in memory (estimated size 29.8 KiB, free 434.2 MiB)
[2026-04-07T20:57:13.272+0000] {subprocess.py:106} INFO - 26/04/07 20:57:13 INFO BlockManagerInfo: Added broadcast_10_piece0 in memory on c05002f484b8:40059 (size: 29.8 KiB, free: 434.3 MiB)
[2026-04-07T20:57:13.273+0000] {subprocess.py:106} INFO - 26/04/07 20:57:13 INFO BlockManagerInfo: Removed broadcast_9_piece0 on c05002f484b8:40059 in memory (size: 17.2 KiB, free: 434.3 MiB)
[2026-04-07T20:57:13.274+0000] {subprocess.py:106} INFO - 26/04/07 20:57:13 INFO SparkContext: Created broadcast 10 from broadcast at SparkWrite.java:193
[2026-04-07T20:57:13.275+0000] {subprocess.py:106} INFO - 26/04/07 20:57:13 INFO AppendDataExec: Start processing data source write support: IcebergBatchWrite(table=gold.dim_location, format=PARQUET). The input RDD has 1 partitions.
[2026-04-07T20:57:13.280+0000] {subprocess.py:106} INFO - 26/04/07 20:57:13 INFO SparkContext: Starting job: create at <unknown>:0
[2026-04-07T20:57:13.282+0000] {subprocess.py:106} INFO - 26/04/07 20:57:13 INFO BlockManagerInfo: Removed broadcast_9_piece0 on 172.30.0.6:44319 in memory (size: 17.2 KiB, free: 434.4 MiB)
[2026-04-07T20:57:13.283+0000] {subprocess.py:106} INFO - 26/04/07 20:57:13 INFO DAGScheduler: Got job 5 (create at <unknown>:0) with 1 output partitions
[2026-04-07T20:57:13.286+0000] {subprocess.py:106} INFO - 26/04/07 20:57:13 INFO DAGScheduler: Final stage: ResultStage 8 (create at <unknown>:0)
[2026-04-07T20:57:13.286+0000] {subprocess.py:106} INFO - 26/04/07 20:57:13 INFO DAGScheduler: Parents of final stage: List(ShuffleMapStage 7)
[2026-04-07T20:57:13.287+0000] {subprocess.py:106} INFO - 26/04/07 20:57:13 INFO DAGScheduler: Missing parents: List()
[2026-04-07T20:57:13.290+0000] {subprocess.py:106} INFO - 26/04/07 20:57:13 INFO DAGScheduler: Submitting ResultStage 8 (MapPartitionsRDD[17] at create at <unknown>:0), which has no missing parents
[2026-04-07T20:57:13.296+0000] {subprocess.py:106} INFO - 26/04/07 20:57:13 INFO MemoryStore: Block broadcast_11 stored as values in memory (estimated size 53.3 KiB, free 434.2 MiB)
[2026-04-07T20:57:13.299+0000] {subprocess.py:106} INFO - 26/04/07 20:57:13 INFO MemoryStore: Block broadcast_11_piece0 stored as bytes in memory (estimated size 22.5 KiB, free 434.1 MiB)
[2026-04-07T20:57:13.302+0000] {subprocess.py:106} INFO - 26/04/07 20:57:13 INFO BlockManagerInfo: Added broadcast_11_piece0 in memory on c05002f484b8:40059 (size: 22.5 KiB, free: 434.3 MiB)
[2026-04-07T20:57:13.303+0000] {subprocess.py:106} INFO - 26/04/07 20:57:13 INFO SparkContext: Created broadcast 11 from broadcast at DAGScheduler.scala:1585
[2026-04-07T20:57:13.311+0000] {subprocess.py:106} INFO - 26/04/07 20:57:13 INFO DAGScheduler: Submitting 1 missing tasks from ResultStage 8 (MapPartitionsRDD[17] at create at <unknown>:0) (first 15 tasks are for partitions Vector(0))
[2026-04-07T20:57:13.313+0000] {subprocess.py:106} INFO - 26/04/07 20:57:13 INFO TaskSchedulerImpl: Adding task set 8.0 with 1 tasks resource profile 0
[2026-04-07T20:57:13.316+0000] {subprocess.py:106} INFO - 26/04/07 20:57:13 INFO TaskSetManager: Starting task 0.0 in stage 8.0 (TID 5) (172.30.0.6, executor 0, partition 0, NODE_LOCAL, 9976 bytes)
[2026-04-07T20:57:13.360+0000] {subprocess.py:106} INFO - 26/04/07 20:57:13 INFO BlockManagerInfo: Added broadcast_11_piece0 in memory on 172.30.0.6:44319 (size: 22.5 KiB, free: 434.3 MiB)
[2026-04-07T20:57:13.389+0000] {subprocess.py:106} INFO - 26/04/07 20:57:13 INFO MapOutputTrackerMasterEndpoint: Asked to send map output locations for shuffle 2 to 172.30.0.6:50786
[2026-04-07T20:57:13.499+0000] {subprocess.py:106} INFO - 26/04/07 20:57:13 INFO BlockManagerInfo: Added broadcast_10_piece0 in memory on 172.30.0.6:44319 (size: 29.8 KiB, free: 434.3 MiB)
[2026-04-07T20:57:13.749+0000] {subprocess.py:106} INFO - 26/04/07 20:57:13 INFO TaskSetManager: Finished task 0.0 in stage 8.0 (TID 5) in 442 ms on 172.30.0.6 (executor 0) (1/1)
[2026-04-07T20:57:13.758+0000] {subprocess.py:106} INFO - 26/04/07 20:57:13 INFO TaskSchedulerImpl: Removed TaskSet 8.0, whose tasks have all completed, from pool
[2026-04-07T20:57:13.759+0000] {subprocess.py:106} INFO - 26/04/07 20:57:13 INFO DAGScheduler: ResultStage 8 (create at <unknown>:0) finished in 0.464 s
[2026-04-07T20:57:13.762+0000] {subprocess.py:106} INFO - 26/04/07 20:57:13 INFO DAGScheduler: Job 5 is finished. Cancelling potential speculative or zombie tasks for this job
[2026-04-07T20:57:13.763+0000] {subprocess.py:106} INFO - 26/04/07 20:57:13 INFO TaskSchedulerImpl: Killing all running tasks in stage 8: Stage finished
[2026-04-07T20:57:13.763+0000] {subprocess.py:106} INFO - 26/04/07 20:57:13 INFO DAGScheduler: Job 5 finished: create at <unknown>:0, took 0.489478 s
[2026-04-07T20:57:13.763+0000] {subprocess.py:106} INFO - 26/04/07 20:57:13 INFO AppendDataExec: Data source write support IcebergBatchWrite(table=gold.dim_location, format=PARQUET) is committing.
[2026-04-07T20:57:13.764+0000] {subprocess.py:106} INFO - 26/04/07 20:57:13 INFO SparkWrite: Committing append with 1 new data files to table gold.dim_location
[2026-04-07T20:57:14.048+0000] {subprocess.py:106} INFO - 26/04/07 20:57:14 INFO SnapshotProducer: Committed snapshot 5522594650856879389 (MergeAppend)
[2026-04-07T20:57:14.079+0000] {subprocess.py:106} INFO - 26/04/07 20:57:14 INFO LoggingMetricsReporter: Received metrics report: CommitReport{tableName=gold.dim_location, snapshotId=5522594650856879389, sequenceNumber=1, operation=append, commitMetrics=CommitMetricsResult{totalDuration=TimerResult{timeUnit=NANOSECONDS, totalDuration=PT0.316061973S, count=1}, attempts=CounterResult{unit=COUNT, value=1}, addedDataFiles=CounterResult{unit=COUNT, value=1}, removedDataFiles=null, totalDataFiles=CounterResult{unit=COUNT, value=1}, addedDeleteFiles=null, addedEqualityDeleteFiles=null, addedPositionalDeleteFiles=null, removedDeleteFiles=null, removedEqualityDeleteFiles=null, removedPositionalDeleteFiles=null, totalDeleteFiles=CounterResult{unit=COUNT, value=0}, addedRecords=CounterResult{unit=COUNT, value=10}, removedRecords=null, totalRecords=CounterResult{unit=COUNT, value=10}, addedFilesSizeInBytes=CounterResult{unit=BYTES, value=1182}, removedFilesSizeInBytes=null, totalFilesSizeInBytes=CounterResult{unit=BYTES, value=1182}, addedPositionalDeletes=null, removedPositionalDeletes=null, totalPositionalDeletes=CounterResult{unit=COUNT, value=0}, addedEqualityDeletes=null, removedEqualityDeletes=null, totalEqualityDeletes=CounterResult{unit=COUNT, value=0}}, metadata={engine-version=3.5.3, app-id=app-20260407205645-0002, engine-name=spark, iceberg-version=Apache Iceberg 1.6.1 (commit 8e9d59d299be42b0bca9461457cd1e95dbaad086)}}
[2026-04-07T20:57:14.079+0000] {subprocess.py:106} INFO - 26/04/07 20:57:14 INFO SparkWrite: Committed in 316 ms
[2026-04-07T20:57:14.081+0000] {subprocess.py:106} INFO - 26/04/07 20:57:14 INFO AppendDataExec: Data source write support IcebergBatchWrite(table=gold.dim_location, format=PARQUET) committed.
[2026-04-07T20:57:14.236+0000] {subprocess.py:106} INFO - 26/04/07 20:57:14 INFO HiveTableOperations: Committed to table iceberg.gold.dim_location with the new metadata location s3a://warehouse/iceberg_data/gold.db/dim_location/metadata/00000-3c6f4bb4-6f15-4a83-8c6d-d9945aac3537.metadata.json
[2026-04-07T20:57:14.237+0000] {subprocess.py:106} INFO - 26/04/07 20:57:14 INFO BaseMetastoreTableOperations: Successfully committed to table iceberg.gold.dim_location in 157 ms
[2026-04-07T20:57:14.237+0000] {subprocess.py:106} INFO - >>> Building DIM_COMPANY...
[2026-04-07T20:57:14.290+0000] {subprocess.py:106} INFO - 26/04/07 20:57:14 INFO BaseMetastoreCatalog: Table properties set at catalog level through catalog properties: {}
[2026-04-07T20:57:14.296+0000] {subprocess.py:106} INFO - 26/04/07 20:57:14 INFO BaseMetastoreCatalog: Table properties enforced at catalog level through catalog properties: {}
[2026-04-07T20:57:14.317+0000] {subprocess.py:106} INFO - 26/04/07 20:57:14 INFO V2ScanRelationPushDown:
[2026-04-07T20:57:14.320+0000] {subprocess.py:106} INFO - Pushing operators to iceberg.silver.it_jobs_clean
[2026-04-07T20:57:14.321+0000] {subprocess.py:106} INFO - Pushed Filters: company_name IS NOT NULL
[2026-04-07T20:57:14.322+0000] {subprocess.py:106} INFO - Post-Scan Filters: isnotnull(company_name#1)
[2026-04-07T20:57:14.323+0000] {subprocess.py:106} INFO - 
[2026-04-07T20:57:14.326+0000] {subprocess.py:106} INFO - 26/04/07 20:57:14 INFO V2ScanRelationPushDown:
[2026-04-07T20:57:14.327+0000] {subprocess.py:106} INFO - Output: company_name#1
[2026-04-07T20:57:14.328+0000] {subprocess.py:106} INFO - 
[2026-04-07T20:57:14.328+0000] {subprocess.py:106} INFO - 26/04/07 20:57:14 INFO SnapshotScan: Scanning table iceberg.silver.it_jobs_clean snapshot 6184797946885530623 created at 2026-04-07T20:56:38.725+00:00 with filter company_name IS NOT NULL
[2026-04-07T20:57:14.329+0000] {subprocess.py:106} INFO - 26/04/07 20:57:14 INFO BaseDistributedDataScan: Planning file tasks locally for table iceberg.silver.it_jobs_clean
[2026-04-07T20:57:14.348+0000] {subprocess.py:106} INFO - 26/04/07 20:57:14 INFO BlockManagerInfo: Removed broadcast_8_piece0 on c05002f484b8:40059 in memory (size: 30.4 KiB, free: 434.3 MiB)
[2026-04-07T20:57:14.349+0000] {subprocess.py:106} INFO - 26/04/07 20:57:14 INFO BlockManagerInfo: Removed broadcast_8_piece0 on 172.30.0.6:44319 in memory (size: 30.4 KiB, free: 434.3 MiB)
[2026-04-07T20:57:14.359+0000] {subprocess.py:106} INFO - 26/04/07 20:57:14 INFO BlockManagerInfo: Removed broadcast_10_piece0 on c05002f484b8:40059 in memory (size: 29.8 KiB, free: 434.3 MiB)
[2026-04-07T20:57:14.360+0000] {subprocess.py:106} INFO - 26/04/07 20:57:14 INFO BlockManagerInfo: Removed broadcast_10_piece0 on 172.30.0.6:44319 in memory (size: 29.8 KiB, free: 434.4 MiB)
[2026-04-07T20:57:14.367+0000] {subprocess.py:106} INFO - 26/04/07 20:57:14 INFO SparkPartitioningAwareScan: Reporting UnknownPartitioning with 1 partition(s) for table iceberg.silver.it_jobs_clean
[2026-04-07T20:57:14.367+0000] {subprocess.py:106} INFO - 26/04/07 20:57:14 INFO SparkWrite: Requesting 0 bytes advisory partition size for table gold.dim_company
[2026-04-07T20:57:14.368+0000] {subprocess.py:106} INFO - 26/04/07 20:57:14 INFO SparkWrite: Requesting UnspecifiedDistribution as write distribution for table gold.dim_company
[2026-04-07T20:57:14.369+0000] {subprocess.py:106} INFO - 26/04/07 20:57:14 INFO SparkWrite: Requesting [] as write ordering for table gold.dim_company
[2026-04-07T20:57:14.371+0000] {subprocess.py:106} INFO - 26/04/07 20:57:14 INFO BlockManagerInfo: Removed broadcast_7_piece0 on c05002f484b8:40059 in memory (size: 30.3 KiB, free: 434.4 MiB)
[2026-04-07T20:57:14.381+0000] {subprocess.py:106} INFO - 26/04/07 20:57:14 INFO BlockManagerInfo: Removed broadcast_11_piece0 on c05002f484b8:40059 in memory (size: 22.5 KiB, free: 434.4 MiB)
[2026-04-07T20:57:14.382+0000] {subprocess.py:106} INFO - 26/04/07 20:57:14 INFO BlockManagerInfo: Removed broadcast_11_piece0 on 172.30.0.6:44319 in memory (size: 22.5 KiB, free: 434.4 MiB)
[2026-04-07T20:57:14.383+0000] {subprocess.py:106} INFO - 26/04/07 20:57:14 INFO MemoryStore: Block broadcast_12 stored as values in memory (estimated size 32.0 KiB, free 434.4 MiB)
[2026-04-07T20:57:14.393+0000] {subprocess.py:106} INFO - 26/04/07 20:57:14 INFO MemoryStore: Block broadcast_12_piece0 stored as bytes in memory (estimated size 30.4 KiB, free 434.3 MiB)
[2026-04-07T20:57:14.396+0000] {subprocess.py:106} INFO - 26/04/07 20:57:14 INFO BlockManagerInfo: Added broadcast_12_piece0 in memory on c05002f484b8:40059 (size: 30.4 KiB, free: 434.4 MiB)
[2026-04-07T20:57:14.399+0000] {subprocess.py:106} INFO - 26/04/07 20:57:14 INFO SparkContext: Created broadcast 12 from broadcast at SparkBatch.java:79
[2026-04-07T20:57:14.404+0000] {subprocess.py:106} INFO - 26/04/07 20:57:14 INFO MemoryStore: Block broadcast_13 stored as values in memory (estimated size 32.0 KiB, free 434.3 MiB)
[2026-04-07T20:57:14.407+0000] {subprocess.py:106} INFO - 26/04/07 20:57:14 INFO MemoryStore: Block broadcast_13_piece0 stored as bytes in memory (estimated size 30.3 KiB, free 434.3 MiB)
[2026-04-07T20:57:14.408+0000] {subprocess.py:106} INFO - 26/04/07 20:57:14 INFO BlockManagerInfo: Added broadcast_13_piece0 in memory on c05002f484b8:40059 (size: 30.3 KiB, free: 434.3 MiB)
[2026-04-07T20:57:14.412+0000] {subprocess.py:106} INFO - 26/04/07 20:57:14 INFO SparkContext: Created broadcast 13 from broadcast at SparkBatch.java:79
[2026-04-07T20:57:14.482+0000] {subprocess.py:106} INFO - 26/04/07 20:57:14 INFO CodeGenerator: Code generated in 32.882035 ms
[2026-04-07T20:57:14.499+0000] {subprocess.py:106} INFO - 26/04/07 20:57:14 INFO DAGScheduler: Registering RDD 21 (create at <unknown>:0) as input to shuffle 3
[2026-04-07T20:57:14.500+0000] {subprocess.py:106} INFO - 26/04/07 20:57:14 INFO DAGScheduler: Got map stage job 6 (create at <unknown>:0) with 1 output partitions
[2026-04-07T20:57:14.501+0000] {subprocess.py:106} INFO - 26/04/07 20:57:14 INFO DAGScheduler: Final stage: ShuffleMapStage 9 (create at <unknown>:0)
[2026-04-07T20:57:14.501+0000] {subprocess.py:106} INFO - 26/04/07 20:57:14 INFO DAGScheduler: Parents of final stage: List()
[2026-04-07T20:57:14.502+0000] {subprocess.py:106} INFO - 26/04/07 20:57:14 INFO DAGScheduler: Missing parents: List()
[2026-04-07T20:57:14.503+0000] {subprocess.py:106} INFO - 26/04/07 20:57:14 INFO DAGScheduler: Submitting ShuffleMapStage 9 (MapPartitionsRDD[21] at create at <unknown>:0), which has no missing parents
[2026-04-07T20:57:14.508+0000] {subprocess.py:106} INFO - 26/04/07 20:57:14 INFO MemoryStore: Block broadcast_14 stored as values in memory (estimated size 37.1 KiB, free 434.2 MiB)
[2026-04-07T20:57:14.520+0000] {subprocess.py:106} INFO - 26/04/07 20:57:14 INFO MemoryStore: Block broadcast_14_piece0 stored as bytes in memory (estimated size 16.2 KiB, free 434.2 MiB)
[2026-04-07T20:57:14.521+0000] {subprocess.py:106} INFO - 26/04/07 20:57:14 INFO BlockManagerInfo: Added broadcast_14_piece0 in memory on c05002f484b8:40059 (size: 16.2 KiB, free: 434.3 MiB)
[2026-04-07T20:57:14.522+0000] {subprocess.py:106} INFO - 26/04/07 20:57:14 INFO SparkContext: Created broadcast 14 from broadcast at DAGScheduler.scala:1585
[2026-04-07T20:57:14.524+0000] {subprocess.py:106} INFO - 26/04/07 20:57:14 INFO DAGScheduler: Submitting 1 missing tasks from ShuffleMapStage 9 (MapPartitionsRDD[21] at create at <unknown>:0) (first 15 tasks are for partitions Vector(0))
[2026-04-07T20:57:14.524+0000] {subprocess.py:106} INFO - 26/04/07 20:57:14 INFO TaskSchedulerImpl: Adding task set 9.0 with 1 tasks resource profile 0
[2026-04-07T20:57:14.525+0000] {subprocess.py:106} INFO - 26/04/07 20:57:14 INFO TaskSetManager: Starting task 0.0 in stage 9.0 (TID 6) (172.30.0.6, executor 0, partition 0, PROCESS_LOCAL, 15918 bytes)
[2026-04-07T20:57:14.543+0000] {subprocess.py:106} INFO - 26/04/07 20:57:14 INFO BlockManagerInfo: Added broadcast_14_piece0 in memory on 172.30.0.6:44319 (size: 16.2 KiB, free: 434.4 MiB)
[2026-04-07T20:57:14.641+0000] {subprocess.py:106} INFO - 26/04/07 20:57:14 INFO BlockManagerInfo: Added broadcast_13_piece0 in memory on 172.30.0.6:44319 (size: 30.3 KiB, free: 434.4 MiB)
[2026-04-07T20:57:15.290+0000] {subprocess.py:106} INFO - 26/04/07 20:57:15 INFO TaskSetManager: Finished task 0.0 in stage 9.0 (TID 6) in 767 ms on 172.30.0.6 (executor 0) (1/1)
[2026-04-07T20:57:15.293+0000] {subprocess.py:106} INFO - 26/04/07 20:57:15 INFO TaskSchedulerImpl: Removed TaskSet 9.0, whose tasks have all completed, from pool
[2026-04-07T20:57:15.294+0000] {subprocess.py:106} INFO - 26/04/07 20:57:15 INFO DAGScheduler: ShuffleMapStage 9 (create at <unknown>:0) finished in 0.787 s
[2026-04-07T20:57:15.295+0000] {subprocess.py:106} INFO - 26/04/07 20:57:15 INFO DAGScheduler: looking for newly runnable stages
[2026-04-07T20:57:15.296+0000] {subprocess.py:106} INFO - 26/04/07 20:57:15 INFO DAGScheduler: running: Set()
[2026-04-07T20:57:15.296+0000] {subprocess.py:106} INFO - 26/04/07 20:57:15 INFO DAGScheduler: waiting: Set()
[2026-04-07T20:57:15.298+0000] {subprocess.py:106} INFO - 26/04/07 20:57:15 INFO DAGScheduler: failed: Set()
[2026-04-07T20:57:15.298+0000] {subprocess.py:106} INFO - 26/04/07 20:57:15 INFO ShufflePartitionsUtil: For shuffle(3), advisory target size: 67108864, actual target size 1048576, minimum partition size: 1048576
[2026-04-07T20:57:15.342+0000] {subprocess.py:106} INFO - 26/04/07 20:57:15 INFO CodeGenerator: Code generated in 33.939074 ms
[2026-04-07T20:57:15.350+0000] {subprocess.py:106} INFO - 26/04/07 20:57:15 INFO MemoryStore: Block broadcast_15 stored as values in memory (estimated size 32.0 KiB, free 434.2 MiB)
[2026-04-07T20:57:15.364+0000] {subprocess.py:106} INFO - 26/04/07 20:57:15 INFO MemoryStore: Block broadcast_15_piece0 stored as bytes in memory (estimated size 29.9 KiB, free 434.2 MiB)
[2026-04-07T20:57:15.365+0000] {subprocess.py:106} INFO - 26/04/07 20:57:15 INFO BlockManagerInfo: Removed broadcast_14_piece0 on c05002f484b8:40059 in memory (size: 16.2 KiB, free: 434.3 MiB)
[2026-04-07T20:57:15.368+0000] {subprocess.py:106} INFO - 26/04/07 20:57:15 INFO BlockManagerInfo: Added broadcast_15_piece0 in memory on c05002f484b8:40059 (size: 29.9 KiB, free: 434.3 MiB)
[2026-04-07T20:57:15.371+0000] {subprocess.py:106} INFO - 26/04/07 20:57:15 INFO SparkContext: Created broadcast 15 from broadcast at SparkWrite.java:193
[2026-04-07T20:57:15.372+0000] {subprocess.py:106} INFO - 26/04/07 20:57:15 INFO AppendDataExec: Start processing data source write support: IcebergBatchWrite(table=gold.dim_company, format=PARQUET). The input RDD has 1 partitions.
[2026-04-07T20:57:15.374+0000] {subprocess.py:106} INFO - 26/04/07 20:57:15 INFO SparkContext: Starting job: create at <unknown>:0
[2026-04-07T20:57:15.375+0000] {subprocess.py:106} INFO - 26/04/07 20:57:15 INFO DAGScheduler: Got job 7 (create at <unknown>:0) with 1 output partitions
[2026-04-07T20:57:15.377+0000] {subprocess.py:106} INFO - 26/04/07 20:57:15 INFO DAGScheduler: Final stage: ResultStage 11 (create at <unknown>:0)
[2026-04-07T20:57:15.378+0000] {subprocess.py:106} INFO - 26/04/07 20:57:15 INFO DAGScheduler: Parents of final stage: List(ShuffleMapStage 10)
[2026-04-07T20:57:15.379+0000] {subprocess.py:106} INFO - 26/04/07 20:57:15 INFO DAGScheduler: Missing parents: List()
[2026-04-07T20:57:15.380+0000] {subprocess.py:106} INFO - 26/04/07 20:57:15 INFO DAGScheduler: Submitting ResultStage 11 (MapPartitionsRDD[23] at create at <unknown>:0), which has no missing parents
[2026-04-07T20:57:15.380+0000] {subprocess.py:106} INFO - 26/04/07 20:57:15 INFO BlockManagerInfo: Removed broadcast_14_piece0 on 172.30.0.6:44319 in memory (size: 16.2 KiB, free: 434.4 MiB)
[2026-04-07T20:57:15.391+0000] {subprocess.py:106} INFO - 26/04/07 20:57:15 INFO MemoryStore: Block broadcast_16 stored as values in memory (estimated size 43.6 KiB, free 434.2 MiB)
[2026-04-07T20:57:15.394+0000] {subprocess.py:106} INFO - 26/04/07 20:57:15 INFO MemoryStore: Block broadcast_16_piece0 stored as bytes in memory (estimated size 19.8 KiB, free 434.2 MiB)
[2026-04-07T20:57:15.395+0000] {subprocess.py:106} INFO - 26/04/07 20:57:15 INFO BlockManagerInfo: Added broadcast_16_piece0 in memory on c05002f484b8:40059 (size: 19.8 KiB, free: 434.3 MiB)
[2026-04-07T20:57:15.398+0000] {subprocess.py:106} INFO - 26/04/07 20:57:15 INFO SparkContext: Created broadcast 16 from broadcast at DAGScheduler.scala:1585
[2026-04-07T20:57:15.398+0000] {subprocess.py:106} INFO - 26/04/07 20:57:15 INFO DAGScheduler: Submitting 1 missing tasks from ResultStage 11 (MapPartitionsRDD[23] at create at <unknown>:0) (first 15 tasks are for partitions Vector(0))
[2026-04-07T20:57:15.399+0000] {subprocess.py:106} INFO - 26/04/07 20:57:15 INFO TaskSchedulerImpl: Adding task set 11.0 with 1 tasks resource profile 0
[2026-04-07T20:57:15.403+0000] {subprocess.py:106} INFO - 26/04/07 20:57:15 INFO TaskSetManager: Starting task 0.0 in stage 11.0 (TID 7) (172.30.0.6, executor 0, partition 0, NODE_LOCAL, 9976 bytes)
[2026-04-07T20:57:15.440+0000] {subprocess.py:106} INFO - 26/04/07 20:57:15 INFO BlockManagerInfo: Added broadcast_16_piece0 in memory on 172.30.0.6:44319 (size: 19.8 KiB, free: 434.4 MiB)
[2026-04-07T20:57:15.457+0000] {subprocess.py:106} INFO - 26/04/07 20:57:15 INFO MapOutputTrackerMasterEndpoint: Asked to send map output locations for shuffle 3 to 172.30.0.6:50786
[2026-04-07T20:57:15.549+0000] {subprocess.py:106} INFO - 26/04/07 20:57:15 INFO BlockManagerInfo: Added broadcast_15_piece0 in memory on 172.30.0.6:44319 (size: 29.9 KiB, free: 434.3 MiB)
[2026-04-07T20:57:15.701+0000] {subprocess.py:106} INFO - 26/04/07 20:57:15 INFO TaskSetManager: Finished task 0.0 in stage 11.0 (TID 7) in 289 ms on 172.30.0.6 (executor 0) (1/1)
[2026-04-07T20:57:15.702+0000] {subprocess.py:106} INFO - 26/04/07 20:57:15 INFO TaskSchedulerImpl: Removed TaskSet 11.0, whose tasks have all completed, from pool
[2026-04-07T20:57:15.704+0000] {subprocess.py:106} INFO - 26/04/07 20:57:15 INFO DAGScheduler: ResultStage 11 (create at <unknown>:0) finished in 0.307 s
[2026-04-07T20:57:15.704+0000] {subprocess.py:106} INFO - 26/04/07 20:57:15 INFO DAGScheduler: Job 7 is finished. Cancelling potential speculative or zombie tasks for this job
[2026-04-07T20:57:15.707+0000] {subprocess.py:106} INFO - 26/04/07 20:57:15 INFO TaskSchedulerImpl: Killing all running tasks in stage 11: Stage finished
[2026-04-07T20:57:15.708+0000] {subprocess.py:106} INFO - 26/04/07 20:57:15 INFO DAGScheduler: Job 7 finished: create at <unknown>:0, took 0.328336 s
[2026-04-07T20:57:15.709+0000] {subprocess.py:106} INFO - 26/04/07 20:57:15 INFO AppendDataExec: Data source write support IcebergBatchWrite(table=gold.dim_company, format=PARQUET) is committing.
[2026-04-07T20:57:15.709+0000] {subprocess.py:106} INFO - 26/04/07 20:57:15 INFO SparkWrite: Committing append with 1 new data files to table gold.dim_company
[2026-04-07T20:57:15.915+0000] {subprocess.py:106} INFO - 26/04/07 20:57:15 INFO SnapshotProducer: Committed snapshot 499324967018747167 (MergeAppend)
[2026-04-07T20:57:15.957+0000] {subprocess.py:106} INFO - 26/04/07 20:57:15 INFO LoggingMetricsReporter: Received metrics report: CommitReport{tableName=gold.dim_company, snapshotId=499324967018747167, sequenceNumber=1, operation=append, commitMetrics=CommitMetricsResult{totalDuration=TimerResult{timeUnit=NANOSECONDS, totalDuration=PT0.259792138S, count=1}, attempts=CounterResult{unit=COUNT, value=1}, addedDataFiles=CounterResult{unit=COUNT, value=1}, removedDataFiles=null, totalDataFiles=CounterResult{unit=COUNT, value=1}, addedDeleteFiles=null, addedEqualityDeleteFiles=null, addedPositionalDeleteFiles=null, removedDeleteFiles=null, removedEqualityDeleteFiles=null, removedPositionalDeleteFiles=null, totalDeleteFiles=CounterResult{unit=COUNT, value=0}, addedRecords=CounterResult{unit=COUNT, value=1175}, removedRecords=null, totalRecords=CounterResult{unit=COUNT, value=1175}, addedFilesSizeInBytes=CounterResult{unit=BYTES, value=21807}, removedFilesSizeInBytes=null, totalFilesSizeInBytes=CounterResult{unit=BYTES, value=21807}, addedPositionalDeletes=null, removedPositionalDeletes=null, totalPositionalDeletes=CounterResult{unit=COUNT, value=0}, addedEqualityDeletes=null, removedEqualityDeletes=null, totalEqualityDeletes=CounterResult{unit=COUNT, value=0}}, metadata={engine-version=3.5.3, app-id=app-20260407205645-0002, engine-name=spark, iceberg-version=Apache Iceberg 1.6.1 (commit 8e9d59d299be42b0bca9461457cd1e95dbaad086)}}
[2026-04-07T20:57:15.958+0000] {subprocess.py:106} INFO - 26/04/07 20:57:15 INFO SparkWrite: Committed in 260 ms
[2026-04-07T20:57:15.959+0000] {subprocess.py:106} INFO - 26/04/07 20:57:15 INFO AppendDataExec: Data source write support IcebergBatchWrite(table=gold.dim_company, format=PARQUET) committed.
[2026-04-07T20:57:16.184+0000] {subprocess.py:106} INFO - 26/04/07 20:57:16 INFO HiveTableOperations: Committed to table iceberg.gold.dim_company with the new metadata location s3a://warehouse/iceberg_data/gold.db/dim_company/metadata/00000-99f7d7f4-3989-4b3f-86bd-ee439d4fa035.metadata.json
[2026-04-07T20:57:16.185+0000] {subprocess.py:106} INFO - 26/04/07 20:57:16 INFO BaseMetastoreTableOperations: Successfully committed to table iceberg.gold.dim_company in 228 ms
[2026-04-07T20:57:16.186+0000] {subprocess.py:106} INFO - >>> Building DIM_WORK_MODE...
[2026-04-07T20:57:16.253+0000] {subprocess.py:106} INFO - 26/04/07 20:57:16 INFO BaseMetastoreCatalog: Table properties set at catalog level through catalog properties: {}
[2026-04-07T20:57:16.260+0000] {subprocess.py:106} INFO - 26/04/07 20:57:16 INFO BaseMetastoreCatalog: Table properties enforced at catalog level through catalog properties: {}
[2026-04-07T20:57:16.278+0000] {subprocess.py:106} INFO - 26/04/07 20:57:16 INFO V2ScanRelationPushDown:
[2026-04-07T20:57:16.278+0000] {subprocess.py:106} INFO - Pushing operators to iceberg.silver.it_jobs_clean
[2026-04-07T20:57:16.279+0000] {subprocess.py:106} INFO - Pushed Filters: work_mode IS NOT NULL
[2026-04-07T20:57:16.279+0000] {subprocess.py:106} INFO - Post-Scan Filters: isnotnull(work_mode#7)
[2026-04-07T20:57:16.279+0000] {subprocess.py:106} INFO - 
[2026-04-07T20:57:16.280+0000] {subprocess.py:106} INFO - 26/04/07 20:57:16 INFO V2ScanRelationPushDown:
[2026-04-07T20:57:16.280+0000] {subprocess.py:106} INFO - Output: work_mode#7
[2026-04-07T20:57:16.280+0000] {subprocess.py:106} INFO - 
[2026-04-07T20:57:16.281+0000] {subprocess.py:106} INFO - 26/04/07 20:57:16 INFO SnapshotScan: Scanning table iceberg.silver.it_jobs_clean snapshot 6184797946885530623 created at 2026-04-07T20:56:38.725+00:00 with filter work_mode IS NOT NULL
[2026-04-07T20:57:16.281+0000] {subprocess.py:106} INFO - 26/04/07 20:57:16 INFO BaseDistributedDataScan: Planning file tasks locally for table iceberg.silver.it_jobs_clean
[2026-04-07T20:57:16.315+0000] {subprocess.py:106} INFO - 26/04/07 20:57:16 INFO BlockManagerInfo: Removed broadcast_13_piece0 on c05002f484b8:40059 in memory (size: 30.3 KiB, free: 434.3 MiB)
[2026-04-07T20:57:16.319+0000] {subprocess.py:106} INFO - 26/04/07 20:57:16 INFO BlockManagerInfo: Removed broadcast_13_piece0 on 172.30.0.6:44319 in memory (size: 30.3 KiB, free: 434.4 MiB)
[2026-04-07T20:57:16.324+0000] {subprocess.py:106} INFO - 26/04/07 20:57:16 INFO SparkPartitioningAwareScan: Reporting UnknownPartitioning with 1 partition(s) for table iceberg.silver.it_jobs_clean
[2026-04-07T20:57:16.325+0000] {subprocess.py:106} INFO - 26/04/07 20:57:16 INFO SparkWrite: Requesting 0 bytes advisory partition size for table gold.dim_work_mode
[2026-04-07T20:57:16.325+0000] {subprocess.py:106} INFO - 26/04/07 20:57:16 INFO SparkWrite: Requesting UnspecifiedDistribution as write distribution for table gold.dim_work_mode
[2026-04-07T20:57:16.326+0000] {subprocess.py:106} INFO - 26/04/07 20:57:16 INFO SparkWrite: Requesting [] as write ordering for table gold.dim_work_mode
[2026-04-07T20:57:16.330+0000] {subprocess.py:106} INFO - 26/04/07 20:57:16 INFO BlockManagerInfo: Removed broadcast_12_piece0 on c05002f484b8:40059 in memory (size: 30.4 KiB, free: 434.4 MiB)
[2026-04-07T20:57:16.337+0000] {subprocess.py:106} INFO - 26/04/07 20:57:16 INFO MemoryStore: Block broadcast_17 stored as values in memory (estimated size 32.0 KiB, free 434.2 MiB)
[2026-04-07T20:57:16.350+0000] {subprocess.py:106} INFO - 26/04/07 20:57:16 INFO BlockManagerInfo: Removed broadcast_16_piece0 on c05002f484b8:40059 in memory (size: 19.8 KiB, free: 434.4 MiB)
[2026-04-07T20:57:16.352+0000] {subprocess.py:106} INFO - 26/04/07 20:57:16 INFO MemoryStore: Block broadcast_17_piece0 stored as bytes in memory (estimated size 30.3 KiB, free 434.2 MiB)
[2026-04-07T20:57:16.353+0000] {subprocess.py:106} INFO - 26/04/07 20:57:16 INFO BlockManagerInfo: Removed broadcast_16_piece0 on 172.30.0.6:44319 in memory (size: 19.8 KiB, free: 434.4 MiB)
[2026-04-07T20:57:16.355+0000] {subprocess.py:106} INFO - 26/04/07 20:57:16 INFO BlockManagerInfo: Added broadcast_17_piece0 in memory on c05002f484b8:40059 (size: 30.3 KiB, free: 434.3 MiB)
[2026-04-07T20:57:16.355+0000] {subprocess.py:106} INFO - 26/04/07 20:57:16 INFO SparkContext: Created broadcast 17 from broadcast at SparkBatch.java:79
[2026-04-07T20:57:16.360+0000] {subprocess.py:106} INFO - 26/04/07 20:57:16 INFO MemoryStore: Block broadcast_18 stored as values in memory (estimated size 32.0 KiB, free 434.2 MiB)
[2026-04-07T20:57:16.364+0000] {subprocess.py:106} INFO - 26/04/07 20:57:16 INFO MemoryStore: Block broadcast_18_piece0 stored as bytes in memory (estimated size 30.4 KiB, free 434.2 MiB)
[2026-04-07T20:57:16.365+0000] {subprocess.py:106} INFO - 26/04/07 20:57:16 INFO BlockManagerInfo: Added broadcast_18_piece0 in memory on c05002f484b8:40059 (size: 30.4 KiB, free: 434.3 MiB)
[2026-04-07T20:57:16.367+0000] {subprocess.py:106} INFO - 26/04/07 20:57:16 INFO SparkContext: Created broadcast 18 from broadcast at SparkBatch.java:79
[2026-04-07T20:57:16.378+0000] {subprocess.py:106} INFO - 26/04/07 20:57:16 INFO BlockManagerInfo: Removed broadcast_15_piece0 on c05002f484b8:40059 in memory (size: 29.9 KiB, free: 434.3 MiB)
[2026-04-07T20:57:16.381+0000] {subprocess.py:106} INFO - 26/04/07 20:57:16 INFO BlockManagerInfo: Removed broadcast_15_piece0 on 172.30.0.6:44319 in memory (size: 29.9 KiB, free: 434.4 MiB)
[2026-04-07T20:57:16.421+0000] {subprocess.py:106} INFO - 26/04/07 20:57:16 INFO DAGScheduler: Registering RDD 27 (create at <unknown>:0) as input to shuffle 4
[2026-04-07T20:57:16.422+0000] {subprocess.py:106} INFO - 26/04/07 20:57:16 INFO DAGScheduler: Got map stage job 8 (create at <unknown>:0) with 1 output partitions
[2026-04-07T20:57:16.424+0000] {subprocess.py:106} INFO - 26/04/07 20:57:16 INFO DAGScheduler: Final stage: ShuffleMapStage 12 (create at <unknown>:0)
[2026-04-07T20:57:16.425+0000] {subprocess.py:106} INFO - 26/04/07 20:57:16 INFO DAGScheduler: Parents of final stage: List()
[2026-04-07T20:57:16.426+0000] {subprocess.py:106} INFO - 26/04/07 20:57:16 INFO DAGScheduler: Missing parents: List()
[2026-04-07T20:57:16.427+0000] {subprocess.py:106} INFO - 26/04/07 20:57:16 INFO DAGScheduler: Submitting ShuffleMapStage 12 (MapPartitionsRDD[27] at create at <unknown>:0), which has no missing parents
[2026-04-07T20:57:16.433+0000] {subprocess.py:106} INFO - 26/04/07 20:57:16 INFO MemoryStore: Block broadcast_19 stored as values in memory (estimated size 37.1 KiB, free 434.2 MiB)
[2026-04-07T20:57:16.435+0000] {subprocess.py:106} INFO - 26/04/07 20:57:16 INFO MemoryStore: Block broadcast_19_piece0 stored as bytes in memory (estimated size 16.2 KiB, free 434.2 MiB)
[2026-04-07T20:57:16.437+0000] {subprocess.py:106} INFO - 26/04/07 20:57:16 INFO BlockManagerInfo: Added broadcast_19_piece0 in memory on c05002f484b8:40059 (size: 16.2 KiB, free: 434.3 MiB)
[2026-04-07T20:57:16.439+0000] {subprocess.py:106} INFO - 26/04/07 20:57:16 INFO SparkContext: Created broadcast 19 from broadcast at DAGScheduler.scala:1585
[2026-04-07T20:57:16.440+0000] {subprocess.py:106} INFO - 26/04/07 20:57:16 INFO DAGScheduler: Submitting 1 missing tasks from ShuffleMapStage 12 (MapPartitionsRDD[27] at create at <unknown>:0) (first 15 tasks are for partitions Vector(0))
[2026-04-07T20:57:16.440+0000] {subprocess.py:106} INFO - 26/04/07 20:57:16 INFO TaskSchedulerImpl: Adding task set 12.0 with 1 tasks resource profile 0
[2026-04-07T20:57:16.443+0000] {subprocess.py:106} INFO - 26/04/07 20:57:16 INFO TaskSetManager: Starting task 0.0 in stage 12.0 (TID 8) (172.30.0.6, executor 0, partition 0, PROCESS_LOCAL, 15912 bytes)
[2026-04-07T20:57:16.468+0000] {subprocess.py:106} INFO - 26/04/07 20:57:16 INFO BlockManagerInfo: Added broadcast_19_piece0 in memory on 172.30.0.6:44319 (size: 16.2 KiB, free: 434.4 MiB)
[2026-04-07T20:57:16.494+0000] {subprocess.py:106} INFO - 26/04/07 20:57:16 INFO BlockManagerInfo: Added broadcast_18_piece0 in memory on 172.30.0.6:44319 (size: 30.4 KiB, free: 434.4 MiB)
[2026-04-07T20:57:16.712+0000] {subprocess.py:106} INFO - 26/04/07 20:57:16 INFO TaskSetManager: Finished task 0.0 in stage 12.0 (TID 8) in 270 ms on 172.30.0.6 (executor 0) (1/1)
[2026-04-07T20:57:16.713+0000] {subprocess.py:106} INFO - 26/04/07 20:57:16 INFO TaskSchedulerImpl: Removed TaskSet 12.0, whose tasks have all completed, from pool
[2026-04-07T20:57:16.716+0000] {subprocess.py:106} INFO - 26/04/07 20:57:16 INFO DAGScheduler: ShuffleMapStage 12 (create at <unknown>:0) finished in 0.284 s
[2026-04-07T20:57:16.717+0000] {subprocess.py:106} INFO - 26/04/07 20:57:16 INFO DAGScheduler: looking for newly runnable stages
[2026-04-07T20:57:16.718+0000] {subprocess.py:106} INFO - 26/04/07 20:57:16 INFO DAGScheduler: running: Set()
[2026-04-07T20:57:16.718+0000] {subprocess.py:106} INFO - 26/04/07 20:57:16 INFO DAGScheduler: waiting: Set()
[2026-04-07T20:57:16.719+0000] {subprocess.py:106} INFO - 26/04/07 20:57:16 INFO DAGScheduler: failed: Set()
[2026-04-07T20:57:16.721+0000] {subprocess.py:106} INFO - 26/04/07 20:57:16 INFO ShufflePartitionsUtil: For shuffle(4), advisory target size: 67108864, actual target size 1048576, minimum partition size: 1048576
[2026-04-07T20:57:16.741+0000] {subprocess.py:106} INFO - 26/04/07 20:57:16 INFO MemoryStore: Block broadcast_20 stored as values in memory (estimated size 32.0 KiB, free 434.2 MiB)
[2026-04-07T20:57:16.763+0000] {subprocess.py:106} INFO - 26/04/07 20:57:16 INFO MemoryStore: Block broadcast_20_piece0 stored as bytes in memory (estimated size 29.8 KiB, free 434.2 MiB)
[2026-04-07T20:57:16.764+0000] {subprocess.py:106} INFO - 26/04/07 20:57:16 INFO BlockManagerInfo: Added broadcast_20_piece0 in memory on c05002f484b8:40059 (size: 29.8 KiB, free: 434.3 MiB)
[2026-04-07T20:57:16.768+0000] {subprocess.py:106} INFO - 26/04/07 20:57:16 INFO SparkContext: Created broadcast 20 from broadcast at SparkWrite.java:193
[2026-04-07T20:57:16.769+0000] {subprocess.py:106} INFO - 26/04/07 20:57:16 INFO AppendDataExec: Start processing data source write support: IcebergBatchWrite(table=gold.dim_work_mode, format=PARQUET). The input RDD has 1 partitions.
[2026-04-07T20:57:16.770+0000] {subprocess.py:106} INFO - 26/04/07 20:57:16 INFO SparkContext: Starting job: create at <unknown>:0
[2026-04-07T20:57:16.771+0000] {subprocess.py:106} INFO - 26/04/07 20:57:16 INFO DAGScheduler: Got job 9 (create at <unknown>:0) with 1 output partitions
[2026-04-07T20:57:16.771+0000] {subprocess.py:106} INFO - 26/04/07 20:57:16 INFO DAGScheduler: Final stage: ResultStage 14 (create at <unknown>:0)
[2026-04-07T20:57:16.772+0000] {subprocess.py:106} INFO - 26/04/07 20:57:16 INFO BlockManagerInfo: Removed broadcast_19_piece0 on 172.30.0.6:44319 in memory (size: 16.2 KiB, free: 434.4 MiB)
[2026-04-07T20:57:16.773+0000] {subprocess.py:106} INFO - 26/04/07 20:57:16 INFO DAGScheduler: Parents of final stage: List(ShuffleMapStage 13)
[2026-04-07T20:57:16.778+0000] {subprocess.py:106} INFO - 26/04/07 20:57:16 INFO BlockManagerInfo: Removed broadcast_19_piece0 on c05002f484b8:40059 in memory (size: 16.2 KiB, free: 434.3 MiB)
[2026-04-07T20:57:16.779+0000] {subprocess.py:106} INFO - 26/04/07 20:57:16 INFO DAGScheduler: Missing parents: List()
[2026-04-07T20:57:16.788+0000] {subprocess.py:106} INFO - 26/04/07 20:57:16 INFO DAGScheduler: Submitting ResultStage 14 (MapPartitionsRDD[29] at create at <unknown>:0), which has no missing parents
[2026-04-07T20:57:16.804+0000] {subprocess.py:106} INFO - 26/04/07 20:57:16 INFO MemoryStore: Block broadcast_21 stored as values in memory (estimated size 43.6 KiB, free 434.2 MiB)
[2026-04-07T20:57:16.808+0000] {subprocess.py:106} INFO - 26/04/07 20:57:16 INFO MemoryStore: Block broadcast_21_piece0 stored as bytes in memory (estimated size 19.8 KiB, free 434.2 MiB)
[2026-04-07T20:57:16.809+0000] {subprocess.py:106} INFO - 26/04/07 20:57:16 INFO BlockManagerInfo: Added broadcast_21_piece0 in memory on c05002f484b8:40059 (size: 19.8 KiB, free: 434.3 MiB)
[2026-04-07T20:57:16.811+0000] {subprocess.py:106} INFO - 26/04/07 20:57:16 INFO SparkContext: Created broadcast 21 from broadcast at DAGScheduler.scala:1585
[2026-04-07T20:57:16.814+0000] {subprocess.py:106} INFO - 26/04/07 20:57:16 INFO DAGScheduler: Submitting 1 missing tasks from ResultStage 14 (MapPartitionsRDD[29] at create at <unknown>:0) (first 15 tasks are for partitions Vector(0))
[2026-04-07T20:57:16.820+0000] {subprocess.py:106} INFO - 26/04/07 20:57:16 INFO TaskSchedulerImpl: Adding task set 14.0 with 1 tasks resource profile 0
[2026-04-07T20:57:16.821+0000] {subprocess.py:106} INFO - 26/04/07 20:57:16 INFO TaskSetManager: Starting task 0.0 in stage 14.0 (TID 9) (172.30.0.6, executor 0, partition 0, NODE_LOCAL, 9976 bytes)
[2026-04-07T20:57:16.893+0000] {subprocess.py:106} INFO - 26/04/07 20:57:16 INFO BlockManagerInfo: Added broadcast_21_piece0 in memory on 172.30.0.6:44319 (size: 19.8 KiB, free: 434.4 MiB)
[2026-04-07T20:57:16.909+0000] {subprocess.py:106} INFO - 26/04/07 20:57:16 INFO MapOutputTrackerMasterEndpoint: Asked to send map output locations for shuffle 4 to 172.30.0.6:50786
[2026-04-07T20:57:16.948+0000] {subprocess.py:106} INFO - 26/04/07 20:57:16 INFO BlockManagerInfo: Added broadcast_20_piece0 in memory on 172.30.0.6:44319 (size: 29.8 KiB, free: 434.3 MiB)
[2026-04-07T20:57:17.103+0000] {subprocess.py:106} INFO - 26/04/07 20:57:17 INFO TaskSetManager: Finished task 0.0 in stage 14.0 (TID 9) in 286 ms on 172.30.0.6 (executor 0) (1/1)
[2026-04-07T20:57:17.104+0000] {subprocess.py:106} INFO - 26/04/07 20:57:17 INFO TaskSchedulerImpl: Removed TaskSet 14.0, whose tasks have all completed, from pool
[2026-04-07T20:57:17.108+0000] {subprocess.py:106} INFO - 26/04/07 20:57:17 INFO DAGScheduler: ResultStage 14 (create at <unknown>:0) finished in 0.320 s
[2026-04-07T20:57:17.109+0000] {subprocess.py:106} INFO - 26/04/07 20:57:17 INFO DAGScheduler: Job 9 is finished. Cancelling potential speculative or zombie tasks for this job
[2026-04-07T20:57:17.110+0000] {subprocess.py:106} INFO - 26/04/07 20:57:17 INFO TaskSchedulerImpl: Killing all running tasks in stage 14: Stage finished
[2026-04-07T20:57:17.111+0000] {subprocess.py:106} INFO - 26/04/07 20:57:17 INFO DAGScheduler: Job 9 finished: create at <unknown>:0, took 0.341067 s
[2026-04-07T20:57:17.112+0000] {subprocess.py:106} INFO - 26/04/07 20:57:17 INFO AppendDataExec: Data source write support IcebergBatchWrite(table=gold.dim_work_mode, format=PARQUET) is committing.
[2026-04-07T20:57:17.113+0000] {subprocess.py:106} INFO - 26/04/07 20:57:17 INFO SparkWrite: Committing append with 1 new data files to table gold.dim_work_mode
[2026-04-07T20:57:17.312+0000] {subprocess.py:106} INFO - 26/04/07 20:57:17 INFO SnapshotProducer: Committed snapshot 2086157000199565723 (MergeAppend)
[2026-04-07T20:57:17.343+0000] {subprocess.py:106} INFO - 26/04/07 20:57:17 INFO LoggingMetricsReporter: Received metrics report: CommitReport{tableName=gold.dim_work_mode, snapshotId=2086157000199565723, sequenceNumber=1, operation=append, commitMetrics=CommitMetricsResult{totalDuration=TimerResult{timeUnit=NANOSECONDS, totalDuration=PT0.234901508S, count=1}, attempts=CounterResult{unit=COUNT, value=1}, addedDataFiles=CounterResult{unit=COUNT, value=1}, removedDataFiles=null, totalDataFiles=CounterResult{unit=COUNT, value=1}, addedDeleteFiles=null, addedEqualityDeleteFiles=null, addedPositionalDeleteFiles=null, removedDeleteFiles=null, removedEqualityDeleteFiles=null, removedPositionalDeleteFiles=null, totalDeleteFiles=CounterResult{unit=COUNT, value=0}, addedRecords=CounterResult{unit=COUNT, value=3}, removedRecords=null, totalRecords=CounterResult{unit=COUNT, value=3}, addedFilesSizeInBytes=CounterResult{unit=BYTES, value=731}, removedFilesSizeInBytes=null, totalFilesSizeInBytes=CounterResult{unit=BYTES, value=731}, addedPositionalDeletes=null, removedPositionalDeletes=null, totalPositionalDeletes=CounterResult{unit=COUNT, value=0}, addedEqualityDeletes=null, removedEqualityDeletes=null, totalEqualityDeletes=CounterResult{unit=COUNT, value=0}}, metadata={engine-version=3.5.3, app-id=app-20260407205645-0002, engine-name=spark, iceberg-version=Apache Iceberg 1.6.1 (commit 8e9d59d299be42b0bca9461457cd1e95dbaad086)}}
[2026-04-07T20:57:17.344+0000] {subprocess.py:106} INFO - 26/04/07 20:57:17 INFO SparkWrite: Committed in 235 ms
[2026-04-07T20:57:17.348+0000] {subprocess.py:106} INFO - 26/04/07 20:57:17 INFO AppendDataExec: Data source write support IcebergBatchWrite(table=gold.dim_work_mode, format=PARQUET) committed.
[2026-04-07T20:57:17.513+0000] {subprocess.py:106} INFO - 26/04/07 20:57:17 INFO HiveTableOperations: Committed to table iceberg.gold.dim_work_mode with the new metadata location s3a://warehouse/iceberg_data/gold.db/dim_work_mode/metadata/00000-08819a4f-0ef4-43e9-8cfa-3cbdb30a124d.metadata.json
[2026-04-07T20:57:17.514+0000] {subprocess.py:106} INFO - 26/04/07 20:57:17 INFO BaseMetastoreTableOperations: Successfully committed to table iceberg.gold.dim_work_mode in 170 ms
[2026-04-07T20:57:17.514+0000] {subprocess.py:106} INFO - >>> Building DIM_DATE...
[2026-04-07T20:57:17.559+0000] {subprocess.py:106} INFO - 26/04/07 20:57:17 INFO BlockManagerInfo: Removed broadcast_21_piece0 on c05002f484b8:40059 in memory (size: 19.8 KiB, free: 434.3 MiB)
[2026-04-07T20:57:17.562+0000] {subprocess.py:106} INFO - 26/04/07 20:57:17 INFO BlockManagerInfo: Removed broadcast_21_piece0 on 172.30.0.6:44319 in memory (size: 19.8 KiB, free: 434.3 MiB)
[2026-04-07T20:57:17.573+0000] {subprocess.py:106} INFO - 26/04/07 20:57:17 INFO BlockManagerInfo: Removed broadcast_20_piece0 on c05002f484b8:40059 in memory (size: 29.8 KiB, free: 434.3 MiB)
[2026-04-07T20:57:17.574+0000] {subprocess.py:106} INFO - 26/04/07 20:57:17 INFO BlockManagerInfo: Removed broadcast_20_piece0 on 172.30.0.6:44319 in memory (size: 29.8 KiB, free: 434.4 MiB)
[2026-04-07T20:57:17.581+0000] {subprocess.py:106} INFO - 26/04/07 20:57:17 INFO BlockManagerInfo: Removed broadcast_18_piece0 on c05002f484b8:40059 in memory (size: 30.4 KiB, free: 434.4 MiB)
[2026-04-07T20:57:17.588+0000] {subprocess.py:106} INFO - 26/04/07 20:57:17 INFO BlockManagerInfo: Removed broadcast_18_piece0 on 172.30.0.6:44319 in memory (size: 30.4 KiB, free: 434.4 MiB)
[2026-04-07T20:57:17.598+0000] {subprocess.py:106} INFO - 26/04/07 20:57:17 INFO BlockManagerInfo: Removed broadcast_17_piece0 on c05002f484b8:40059 in memory (size: 30.3 KiB, free: 434.4 MiB)
[2026-04-07T20:57:17.693+0000] {subprocess.py:106} INFO - 26/04/07 20:57:17 INFO BaseMetastoreCatalog: Table properties set at catalog level through catalog properties: {}
[2026-04-07T20:57:17.700+0000] {subprocess.py:106} INFO - 26/04/07 20:57:17 INFO BaseMetastoreCatalog: Table properties enforced at catalog level through catalog properties: {}
[2026-04-07T20:57:17.725+0000] {subprocess.py:106} INFO - 26/04/07 20:57:17 INFO V2ScanRelationPushDown:
[2026-04-07T20:57:17.726+0000] {subprocess.py:106} INFO - Pushing operators to iceberg.silver.it_jobs_clean
[2026-04-07T20:57:17.726+0000] {subprocess.py:106} INFO - Pushed Filters: date_posted IS NOT NULL
[2026-04-07T20:57:17.727+0000] {subprocess.py:106} INFO - Post-Scan Filters: isnotnull(date_posted#4)
[2026-04-07T20:57:17.728+0000] {subprocess.py:106} INFO - 
[2026-04-07T20:57:17.729+0000] {subprocess.py:106} INFO - 26/04/07 20:57:17 INFO V2ScanRelationPushDown:
[2026-04-07T20:57:17.729+0000] {subprocess.py:106} INFO - Output: date_posted#4
[2026-04-07T20:57:17.730+0000] {subprocess.py:106} INFO - 
[2026-04-07T20:57:17.730+0000] {subprocess.py:106} INFO - 26/04/07 20:57:17 INFO SnapshotScan: Scanning table iceberg.silver.it_jobs_clean snapshot 6184797946885530623 created at 2026-04-07T20:56:38.725+00:00 with filter date_posted IS NOT NULL
[2026-04-07T20:57:17.731+0000] {subprocess.py:106} INFO - 26/04/07 20:57:17 INFO BaseDistributedDataScan: Planning file tasks locally for table iceberg.silver.it_jobs_clean
[2026-04-07T20:57:17.763+0000] {subprocess.py:106} INFO - 26/04/07 20:57:17 INFO SparkPartitioningAwareScan: Reporting UnknownPartitioning with 1 partition(s) for table iceberg.silver.it_jobs_clean
[2026-04-07T20:57:17.765+0000] {subprocess.py:106} INFO - 26/04/07 20:57:17 INFO SparkWrite: Requesting 0 bytes advisory partition size for table gold.dim_date
[2026-04-07T20:57:17.768+0000] {subprocess.py:106} INFO - 26/04/07 20:57:17 INFO SparkWrite: Requesting UnspecifiedDistribution as write distribution for table gold.dim_date
[2026-04-07T20:57:17.772+0000] {subprocess.py:106} INFO - 26/04/07 20:57:17 INFO SparkWrite: Requesting [] as write ordering for table gold.dim_date
[2026-04-07T20:57:17.790+0000] {subprocess.py:106} INFO - 26/04/07 20:57:17 INFO MemoryStore: Block broadcast_22 stored as values in memory (estimated size 32.0 KiB, free 434.4 MiB)
[2026-04-07T20:57:17.796+0000] {subprocess.py:106} INFO - 26/04/07 20:57:17 INFO MemoryStore: Block broadcast_22_piece0 stored as bytes in memory (estimated size 30.4 KiB, free 434.3 MiB)
[2026-04-07T20:57:17.804+0000] {subprocess.py:106} INFO - 26/04/07 20:57:17 INFO BlockManagerInfo: Added broadcast_22_piece0 in memory on c05002f484b8:40059 (size: 30.4 KiB, free: 434.4 MiB)
[2026-04-07T20:57:17.805+0000] {subprocess.py:106} INFO - 26/04/07 20:57:17 INFO SparkContext: Created broadcast 22 from broadcast at SparkBatch.java:79
[2026-04-07T20:57:17.807+0000] {subprocess.py:106} INFO - 26/04/07 20:57:17 INFO MemoryStore: Block broadcast_23 stored as values in memory (estimated size 32.0 KiB, free 434.3 MiB)
[2026-04-07T20:57:17.808+0000] {subprocess.py:106} INFO - 26/04/07 20:57:17 INFO MemoryStore: Block broadcast_23_piece0 stored as bytes in memory (estimated size 30.3 KiB, free 434.3 MiB)
[2026-04-07T20:57:17.810+0000] {subprocess.py:106} INFO - 26/04/07 20:57:17 INFO BlockManagerInfo: Added broadcast_23_piece0 in memory on c05002f484b8:40059 (size: 30.3 KiB, free: 434.3 MiB)
[2026-04-07T20:57:17.826+0000] {subprocess.py:106} INFO - 26/04/07 20:57:17 INFO SparkContext: Created broadcast 23 from broadcast at SparkBatch.java:79
[2026-04-07T20:57:17.884+0000] {subprocess.py:106} INFO - 26/04/07 20:57:17 INFO CodeGenerator: Code generated in 26.531286 ms
[2026-04-07T20:57:17.899+0000] {subprocess.py:106} INFO - 26/04/07 20:57:17 INFO DAGScheduler: Registering RDD 33 (create at <unknown>:0) as input to shuffle 5
[2026-04-07T20:57:17.900+0000] {subprocess.py:106} INFO - 26/04/07 20:57:17 INFO DAGScheduler: Got map stage job 10 (create at <unknown>:0) with 1 output partitions
[2026-04-07T20:57:17.900+0000] {subprocess.py:106} INFO - 26/04/07 20:57:17 INFO DAGScheduler: Final stage: ShuffleMapStage 15 (create at <unknown>:0)
[2026-04-07T20:57:17.901+0000] {subprocess.py:106} INFO - 26/04/07 20:57:17 INFO DAGScheduler: Parents of final stage: List()
[2026-04-07T20:57:17.902+0000] {subprocess.py:106} INFO - 26/04/07 20:57:17 INFO DAGScheduler: Missing parents: List()
[2026-04-07T20:57:17.902+0000] {subprocess.py:106} INFO - 26/04/07 20:57:17 INFO DAGScheduler: Submitting ShuffleMapStage 15 (MapPartitionsRDD[33] at create at <unknown>:0), which has no missing parents
[2026-04-07T20:57:17.907+0000] {subprocess.py:106} INFO - 26/04/07 20:57:17 INFO MemoryStore: Block broadcast_24 stored as values in memory (estimated size 36.8 KiB, free 434.2 MiB)
[2026-04-07T20:57:17.917+0000] {subprocess.py:106} INFO - 26/04/07 20:57:17 INFO MemoryStore: Block broadcast_24_piece0 stored as bytes in memory (estimated size 16.1 KiB, free 434.2 MiB)
[2026-04-07T20:57:17.920+0000] {subprocess.py:106} INFO - 26/04/07 20:57:17 INFO BlockManagerInfo: Added broadcast_24_piece0 in memory on c05002f484b8:40059 (size: 16.1 KiB, free: 434.3 MiB)
[2026-04-07T20:57:17.921+0000] {subprocess.py:106} INFO - 26/04/07 20:57:17 INFO SparkContext: Created broadcast 24 from broadcast at DAGScheduler.scala:1585
[2026-04-07T20:57:17.926+0000] {subprocess.py:106} INFO - 26/04/07 20:57:17 INFO DAGScheduler: Submitting 1 missing tasks from ShuffleMapStage 15 (MapPartitionsRDD[33] at create at <unknown>:0) (first 15 tasks are for partitions Vector(0))
[2026-04-07T20:57:17.928+0000] {subprocess.py:106} INFO - 26/04/07 20:57:17 INFO TaskSchedulerImpl: Adding task set 15.0 with 1 tasks resource profile 0
[2026-04-07T20:57:17.929+0000] {subprocess.py:106} INFO - 26/04/07 20:57:17 INFO TaskSetManager: Starting task 0.0 in stage 15.0 (TID 10) (172.30.0.6, executor 0, partition 0, PROCESS_LOCAL, 15914 bytes)
[2026-04-07T20:57:17.960+0000] {subprocess.py:106} INFO - 26/04/07 20:57:17 INFO BlockManagerInfo: Added broadcast_24_piece0 in memory on 172.30.0.6:44319 (size: 16.1 KiB, free: 434.4 MiB)
[2026-04-07T20:57:18.104+0000] {subprocess.py:106} INFO - 26/04/07 20:57:18 INFO BlockManagerInfo: Added broadcast_23_piece0 in memory on 172.30.0.6:44319 (size: 30.3 KiB, free: 434.4 MiB)
[2026-04-07T20:57:18.354+0000] {subprocess.py:106} INFO - 26/04/07 20:57:18 INFO TaskSetManager: Finished task 0.0 in stage 15.0 (TID 10) in 432 ms on 172.30.0.6 (executor 0) (1/1)
[2026-04-07T20:57:18.355+0000] {subprocess.py:106} INFO - 26/04/07 20:57:18 INFO TaskSchedulerImpl: Removed TaskSet 15.0, whose tasks have all completed, from pool
[2026-04-07T20:57:18.356+0000] {subprocess.py:106} INFO - 26/04/07 20:57:18 INFO DAGScheduler: ShuffleMapStage 15 (create at <unknown>:0) finished in 0.452 s
[2026-04-07T20:57:18.356+0000] {subprocess.py:106} INFO - 26/04/07 20:57:18 INFO DAGScheduler: looking for newly runnable stages
[2026-04-07T20:57:18.357+0000] {subprocess.py:106} INFO - 26/04/07 20:57:18 INFO DAGScheduler: running: Set()
[2026-04-07T20:57:18.357+0000] {subprocess.py:106} INFO - 26/04/07 20:57:18 INFO DAGScheduler: waiting: Set()
[2026-04-07T20:57:18.359+0000] {subprocess.py:106} INFO - 26/04/07 20:57:18 INFO DAGScheduler: failed: Set()
[2026-04-07T20:57:18.365+0000] {subprocess.py:106} INFO - 26/04/07 20:57:18 INFO ShufflePartitionsUtil: For shuffle(5), advisory target size: 67108864, actual target size 1048576, minimum partition size: 1048576
[2026-04-07T20:57:18.428+0000] {subprocess.py:106} INFO - 26/04/07 20:57:18 INFO CodeGenerator: Code generated in 27.892149 ms
[2026-04-07T20:57:18.458+0000] {subprocess.py:106} INFO - 26/04/07 20:57:18 INFO MemoryStore: Block broadcast_25 stored as values in memory (estimated size 32.0 KiB, free 434.2 MiB)
[2026-04-07T20:57:18.470+0000] {subprocess.py:106} INFO - 26/04/07 20:57:18 INFO MemoryStore: Block broadcast_25_piece0 stored as bytes in memory (estimated size 29.9 KiB, free 434.2 MiB)
[2026-04-07T20:57:18.476+0000] {subprocess.py:106} INFO - 26/04/07 20:57:18 INFO BlockManagerInfo: Added broadcast_25_piece0 in memory on c05002f484b8:40059 (size: 29.9 KiB, free: 434.3 MiB)
[2026-04-07T20:57:18.477+0000] {subprocess.py:106} INFO - 26/04/07 20:57:18 INFO BlockManagerInfo: Removed broadcast_24_piece0 on c05002f484b8:40059 in memory (size: 16.1 KiB, free: 434.3 MiB)
[2026-04-07T20:57:18.478+0000] {subprocess.py:106} INFO - 26/04/07 20:57:18 INFO SparkContext: Created broadcast 25 from broadcast at SparkWrite.java:193
[2026-04-07T20:57:18.479+0000] {subprocess.py:106} INFO - 26/04/07 20:57:18 INFO AppendDataExec: Start processing data source write support: IcebergBatchWrite(table=gold.dim_date, format=PARQUET). The input RDD has 1 partitions.
[2026-04-07T20:57:18.479+0000] {subprocess.py:106} INFO - 26/04/07 20:57:18 INFO BlockManagerInfo: Removed broadcast_24_piece0 on 172.30.0.6:44319 in memory (size: 16.1 KiB, free: 434.4 MiB)
[2026-04-07T20:57:18.480+0000] {subprocess.py:106} INFO - 26/04/07 20:57:18 INFO SparkContext: Starting job: create at <unknown>:0
[2026-04-07T20:57:18.482+0000] {subprocess.py:106} INFO - 26/04/07 20:57:18 INFO DAGScheduler: Got job 11 (create at <unknown>:0) with 1 output partitions
[2026-04-07T20:57:18.483+0000] {subprocess.py:106} INFO - 26/04/07 20:57:18 INFO DAGScheduler: Final stage: ResultStage 17 (create at <unknown>:0)
[2026-04-07T20:57:18.483+0000] {subprocess.py:106} INFO - 26/04/07 20:57:18 INFO DAGScheduler: Parents of final stage: List(ShuffleMapStage 16)
[2026-04-07T20:57:18.488+0000] {subprocess.py:106} INFO - 26/04/07 20:57:18 INFO DAGScheduler: Missing parents: List()
[2026-04-07T20:57:18.489+0000] {subprocess.py:106} INFO - 26/04/07 20:57:18 INFO DAGScheduler: Submitting ResultStage 17 (MapPartitionsRDD[35] at create at <unknown>:0), which has no missing parents
[2026-04-07T20:57:18.494+0000] {subprocess.py:106} INFO - 26/04/07 20:57:18 INFO MemoryStore: Block broadcast_26 stored as values in memory (estimated size 51.2 KiB, free 434.2 MiB)
[2026-04-07T20:57:18.495+0000] {subprocess.py:106} INFO - 26/04/07 20:57:18 INFO MemoryStore: Block broadcast_26_piece0 stored as bytes in memory (estimated size 22.4 KiB, free 434.1 MiB)
[2026-04-07T20:57:18.496+0000] {subprocess.py:106} INFO - 26/04/07 20:57:18 INFO BlockManagerInfo: Added broadcast_26_piece0 in memory on c05002f484b8:40059 (size: 22.4 KiB, free: 434.3 MiB)
[2026-04-07T20:57:18.497+0000] {subprocess.py:106} INFO - 26/04/07 20:57:18 INFO SparkContext: Created broadcast 26 from broadcast at DAGScheduler.scala:1585
[2026-04-07T20:57:18.498+0000] {subprocess.py:106} INFO - 26/04/07 20:57:18 INFO DAGScheduler: Submitting 1 missing tasks from ResultStage 17 (MapPartitionsRDD[35] at create at <unknown>:0) (first 15 tasks are for partitions Vector(0))
[2026-04-07T20:57:18.499+0000] {subprocess.py:106} INFO - 26/04/07 20:57:18 INFO TaskSchedulerImpl: Adding task set 17.0 with 1 tasks resource profile 0
[2026-04-07T20:57:18.502+0000] {subprocess.py:106} INFO - 26/04/07 20:57:18 INFO TaskSetManager: Starting task 0.0 in stage 17.0 (TID 11) (172.30.0.6, executor 0, partition 0, NODE_LOCAL, 9976 bytes)
[2026-04-07T20:57:18.520+0000] {subprocess.py:106} INFO - 26/04/07 20:57:18 INFO BlockManagerInfo: Added broadcast_26_piece0 in memory on 172.30.0.6:44319 (size: 22.4 KiB, free: 434.3 MiB)
[2026-04-07T20:57:18.605+0000] {subprocess.py:106} INFO - 26/04/07 20:57:18 INFO MapOutputTrackerMasterEndpoint: Asked to send map output locations for shuffle 5 to 172.30.0.6:50786
[2026-04-07T20:57:18.726+0000] {subprocess.py:106} INFO - 26/04/07 20:57:18 INFO BlockManagerInfo: Added broadcast_25_piece0 in memory on 172.30.0.6:44319 (size: 29.9 KiB, free: 434.3 MiB)
[2026-04-07T20:57:18.970+0000] {subprocess.py:106} INFO - 26/04/07 20:57:18 INFO TaskSetManager: Finished task 0.0 in stage 17.0 (TID 11) in 470 ms on 172.30.0.6 (executor 0) (1/1)
[2026-04-07T20:57:18.971+0000] {subprocess.py:106} INFO - 26/04/07 20:57:18 INFO TaskSchedulerImpl: Removed TaskSet 17.0, whose tasks have all completed, from pool
[2026-04-07T20:57:18.974+0000] {subprocess.py:106} INFO - 26/04/07 20:57:18 INFO DAGScheduler: ResultStage 17 (create at <unknown>:0) finished in 0.481 s
[2026-04-07T20:57:18.976+0000] {subprocess.py:106} INFO - 26/04/07 20:57:18 INFO DAGScheduler: Job 11 is finished. Cancelling potential speculative or zombie tasks for this job
[2026-04-07T20:57:18.979+0000] {subprocess.py:106} INFO - 26/04/07 20:57:18 INFO TaskSchedulerImpl: Killing all running tasks in stage 17: Stage finished
[2026-04-07T20:57:18.980+0000] {subprocess.py:106} INFO - 26/04/07 20:57:18 INFO DAGScheduler: Job 11 finished: create at <unknown>:0, took 0.491684 s
[2026-04-07T20:57:18.981+0000] {subprocess.py:106} INFO - 26/04/07 20:57:18 INFO AppendDataExec: Data source write support IcebergBatchWrite(table=gold.dim_date, format=PARQUET) is committing.
[2026-04-07T20:57:18.981+0000] {subprocess.py:106} INFO - 26/04/07 20:57:18 INFO SparkWrite: Committing append with 1 new data files to table gold.dim_date
[2026-04-07T20:57:19.161+0000] {subprocess.py:106} INFO - 26/04/07 20:57:19 INFO SnapshotProducer: Committed snapshot 2197984847399685683 (MergeAppend)
[2026-04-07T20:57:19.185+0000] {subprocess.py:106} INFO - 26/04/07 20:57:19 INFO LoggingMetricsReporter: Received metrics report: CommitReport{tableName=gold.dim_date, snapshotId=2197984847399685683, sequenceNumber=1, operation=append, commitMetrics=CommitMetricsResult{totalDuration=TimerResult{timeUnit=NANOSECONDS, totalDuration=PT0.21156672S, count=1}, attempts=CounterResult{unit=COUNT, value=1}, addedDataFiles=CounterResult{unit=COUNT, value=1}, removedDataFiles=null, totalDataFiles=CounterResult{unit=COUNT, value=1}, addedDeleteFiles=null, addedEqualityDeleteFiles=null, addedPositionalDeleteFiles=null, removedDeleteFiles=null, removedEqualityDeleteFiles=null, removedPositionalDeleteFiles=null, totalDeleteFiles=CounterResult{unit=COUNT, value=0}, addedRecords=CounterResult{unit=COUNT, value=196}, removedRecords=null, totalRecords=CounterResult{unit=COUNT, value=196}, addedFilesSizeInBytes=CounterResult{unit=BYTES, value=3460}, removedFilesSizeInBytes=null, totalFilesSizeInBytes=CounterResult{unit=BYTES, value=3460}, addedPositionalDeletes=null, removedPositionalDeletes=null, totalPositionalDeletes=CounterResult{unit=COUNT, value=0}, addedEqualityDeletes=null, removedEqualityDeletes=null, totalEqualityDeletes=CounterResult{unit=COUNT, value=0}}, metadata={engine-version=3.5.3, app-id=app-20260407205645-0002, engine-name=spark, iceberg-version=Apache Iceberg 1.6.1 (commit 8e9d59d299be42b0bca9461457cd1e95dbaad086)}}
[2026-04-07T20:57:19.186+0000] {subprocess.py:106} INFO - 26/04/07 20:57:19 INFO SparkWrite: Committed in 212 ms
[2026-04-07T20:57:19.188+0000] {subprocess.py:106} INFO - 26/04/07 20:57:19 INFO AppendDataExec: Data source write support IcebergBatchWrite(table=gold.dim_date, format=PARQUET) committed.
[2026-04-07T20:57:19.341+0000] {subprocess.py:106} INFO - 26/04/07 20:57:19 INFO HiveTableOperations: Committed to table iceberg.gold.dim_date with the new metadata location s3a://warehouse/iceberg_data/gold.db/dim_date/metadata/00000-f7759ea2-9874-47eb-86c8-8f9a2cf44b95.metadata.json
[2026-04-07T20:57:19.342+0000] {subprocess.py:106} INFO - 26/04/07 20:57:19 INFO BaseMetastoreTableOperations: Successfully committed to table iceberg.gold.dim_date in 155 ms
[2026-04-07T20:57:19.342+0000] {subprocess.py:106} INFO - >>> Building DIM_JOB_CATEGORY...
[2026-04-07T20:57:19.436+0000] {subprocess.py:106} INFO - 26/04/07 20:57:19 INFO BlockManagerInfo: Removed broadcast_26_piece0 on c05002f484b8:40059 in memory (size: 22.4 KiB, free: 434.3 MiB)
[2026-04-07T20:57:19.440+0000] {subprocess.py:106} INFO - 26/04/07 20:57:19 INFO BlockManagerInfo: Removed broadcast_26_piece0 on 172.30.0.6:44319 in memory (size: 22.4 KiB, free: 434.3 MiB)
[2026-04-07T20:57:19.450+0000] {subprocess.py:106} INFO - 26/04/07 20:57:19 INFO BlockManagerInfo: Removed broadcast_25_piece0 on c05002f484b8:40059 in memory (size: 29.9 KiB, free: 434.3 MiB)
[2026-04-07T20:57:19.451+0000] {subprocess.py:106} INFO - 26/04/07 20:57:19 INFO BlockManagerInfo: Removed broadcast_25_piece0 on 172.30.0.6:44319 in memory (size: 29.9 KiB, free: 434.4 MiB)
[2026-04-07T20:57:19.483+0000] {subprocess.py:106} INFO - 26/04/07 20:57:19 INFO BaseMetastoreCatalog: Table properties set at catalog level through catalog properties: {}
[2026-04-07T20:57:19.490+0000] {subprocess.py:106} INFO - 26/04/07 20:57:19 INFO BaseMetastoreCatalog: Table properties enforced at catalog level through catalog properties: {}
[2026-04-07T20:57:19.516+0000] {subprocess.py:106} INFO - 26/04/07 20:57:19 INFO SparkScanBuilder: Skipping aggregate pushdown: group by aggregation push down is not supported
[2026-04-07T20:57:19.520+0000] {subprocess.py:106} INFO - 26/04/07 20:57:19 INFO V2ScanRelationPushDown:
[2026-04-07T20:57:19.521+0000] {subprocess.py:106} INFO - Output: job_title#0
[2026-04-07T20:57:19.522+0000] {subprocess.py:106} INFO - 
[2026-04-07T20:57:19.524+0000] {subprocess.py:106} INFO - 26/04/07 20:57:19 INFO SnapshotScan: Scanning table iceberg.silver.it_jobs_clean snapshot 6184797946885530623 created at 2026-04-07T20:56:38.725+00:00 with filter true
[2026-04-07T20:57:19.524+0000] {subprocess.py:106} INFO - 26/04/07 20:57:19 INFO BaseDistributedDataScan: Planning file tasks locally for table iceberg.silver.it_jobs_clean
[2026-04-07T20:57:19.553+0000] {subprocess.py:106} INFO - 26/04/07 20:57:19 INFO SparkPartitioningAwareScan: Reporting UnknownPartitioning with 1 partition(s) for table iceberg.silver.it_jobs_clean
[2026-04-07T20:57:19.555+0000] {subprocess.py:106} INFO - 26/04/07 20:57:19 INFO SparkWrite: Requesting 0 bytes advisory partition size for table gold.dim_job_category
[2026-04-07T20:57:19.556+0000] {subprocess.py:106} INFO - 26/04/07 20:57:19 INFO SparkWrite: Requesting UnspecifiedDistribution as write distribution for table gold.dim_job_category
[2026-04-07T20:57:19.556+0000] {subprocess.py:106} INFO - 26/04/07 20:57:19 INFO SparkWrite: Requesting [] as write ordering for table gold.dim_job_category
[2026-04-07T20:57:19.576+0000] {subprocess.py:106} INFO - 26/04/07 20:57:19 INFO MemoryStore: Block broadcast_27 stored as values in memory (estimated size 32.0 KiB, free 434.2 MiB)
[2026-04-07T20:57:19.586+0000] {subprocess.py:106} INFO - 26/04/07 20:57:19 INFO MemoryStore: Block broadcast_27_piece0 stored as bytes in memory (estimated size 30.3 KiB, free 434.2 MiB)
[2026-04-07T20:57:19.592+0000] {subprocess.py:106} INFO - 26/04/07 20:57:19 INFO BlockManagerInfo: Added broadcast_27_piece0 in memory on c05002f484b8:40059 (size: 30.3 KiB, free: 434.3 MiB)
[2026-04-07T20:57:19.593+0000] {subprocess.py:106} INFO - 26/04/07 20:57:19 INFO SparkContext: Created broadcast 27 from broadcast at SparkBatch.java:79
[2026-04-07T20:57:19.607+0000] {subprocess.py:106} INFO - 26/04/07 20:57:19 INFO MemoryStore: Block broadcast_28 stored as values in memory (estimated size 32.0 KiB, free 434.2 MiB)
[2026-04-07T20:57:19.612+0000] {subprocess.py:106} INFO - 26/04/07 20:57:19 INFO MemoryStore: Block broadcast_28_piece0 stored as bytes in memory (estimated size 30.4 KiB, free 434.2 MiB)
[2026-04-07T20:57:19.613+0000] {subprocess.py:106} INFO - 26/04/07 20:57:19 INFO BlockManagerInfo: Added broadcast_28_piece0 in memory on c05002f484b8:40059 (size: 30.4 KiB, free: 434.3 MiB)
[2026-04-07T20:57:19.614+0000] {subprocess.py:106} INFO - 26/04/07 20:57:19 INFO SparkContext: Created broadcast 28 from broadcast at SparkBatch.java:79
[2026-04-07T20:57:19.687+0000] {subprocess.py:106} INFO - 26/04/07 20:57:19 INFO CodeGenerator: Code generated in 57.345491 ms
[2026-04-07T20:57:19.703+0000] {subprocess.py:106} INFO - 26/04/07 20:57:19 INFO DAGScheduler: Registering RDD 39 (create at <unknown>:0) as input to shuffle 6
[2026-04-07T20:57:19.704+0000] {subprocess.py:106} INFO - 26/04/07 20:57:19 INFO DAGScheduler: Got map stage job 12 (create at <unknown>:0) with 1 output partitions
[2026-04-07T20:57:19.704+0000] {subprocess.py:106} INFO - 26/04/07 20:57:19 INFO DAGScheduler: Final stage: ShuffleMapStage 18 (create at <unknown>:0)
[2026-04-07T20:57:19.705+0000] {subprocess.py:106} INFO - 26/04/07 20:57:19 INFO DAGScheduler: Parents of final stage: List()
[2026-04-07T20:57:19.706+0000] {subprocess.py:106} INFO - 26/04/07 20:57:19 INFO DAGScheduler: Missing parents: List()
[2026-04-07T20:57:19.707+0000] {subprocess.py:106} INFO - 26/04/07 20:57:19 INFO DAGScheduler: Submitting ShuffleMapStage 18 (MapPartitionsRDD[39] at create at <unknown>:0), which has no missing parents
[2026-04-07T20:57:19.712+0000] {subprocess.py:106} INFO - 26/04/07 20:57:19 INFO MemoryStore: Block broadcast_29 stored as values in memory (estimated size 29.4 KiB, free 434.1 MiB)
[2026-04-07T20:57:19.725+0000] {subprocess.py:106} INFO - 26/04/07 20:57:19 INFO MemoryStore: Block broadcast_29_piece0 stored as bytes in memory (estimated size 12.3 KiB, free 434.1 MiB)
[2026-04-07T20:57:19.728+0000] {subprocess.py:106} INFO - 26/04/07 20:57:19 INFO BlockManagerInfo: Added broadcast_29_piece0 in memory on c05002f484b8:40059 (size: 12.3 KiB, free: 434.3 MiB)
[2026-04-07T20:57:19.729+0000] {subprocess.py:106} INFO - 26/04/07 20:57:19 INFO SparkContext: Created broadcast 29 from broadcast at DAGScheduler.scala:1585
[2026-04-07T20:57:19.730+0000] {subprocess.py:106} INFO - 26/04/07 20:57:19 INFO DAGScheduler: Submitting 1 missing tasks from ShuffleMapStage 18 (MapPartitionsRDD[39] at create at <unknown>:0) (first 15 tasks are for partitions Vector(0))
[2026-04-07T20:57:19.730+0000] {subprocess.py:106} INFO - 26/04/07 20:57:19 INFO TaskSchedulerImpl: Adding task set 18.0 with 1 tasks resource profile 0
[2026-04-07T20:57:19.734+0000] {subprocess.py:106} INFO - 26/04/07 20:57:19 INFO TaskSetManager: Starting task 0.0 in stage 18.0 (TID 12) (172.30.0.6, executor 0, partition 0, PROCESS_LOCAL, 15616 bytes)
[2026-04-07T20:57:19.759+0000] {subprocess.py:106} INFO - 26/04/07 20:57:19 INFO BlockManagerInfo: Added broadcast_29_piece0 in memory on 172.30.0.6:44319 (size: 12.3 KiB, free: 434.4 MiB)
[2026-04-07T20:57:19.865+0000] {subprocess.py:106} INFO - 26/04/07 20:57:19 INFO BlockManagerInfo: Added broadcast_28_piece0 in memory on 172.30.0.6:44319 (size: 30.4 KiB, free: 434.3 MiB)
[2026-04-07T20:57:20.208+0000] {subprocess.py:106} INFO - 26/04/07 20:57:20 INFO TaskSetManager: Finished task 0.0 in stage 18.0 (TID 12) in 475 ms on 172.30.0.6 (executor 0) (1/1)
[2026-04-07T20:57:20.209+0000] {subprocess.py:106} INFO - 26/04/07 20:57:20 INFO TaskSchedulerImpl: Removed TaskSet 18.0, whose tasks have all completed, from pool
[2026-04-07T20:57:20.210+0000] {subprocess.py:106} INFO - 26/04/07 20:57:20 INFO DAGScheduler: ShuffleMapStage 18 (create at <unknown>:0) finished in 0.500 s
[2026-04-07T20:57:20.211+0000] {subprocess.py:106} INFO - 26/04/07 20:57:20 INFO DAGScheduler: looking for newly runnable stages
[2026-04-07T20:57:20.212+0000] {subprocess.py:106} INFO - 26/04/07 20:57:20 INFO DAGScheduler: running: Set()
[2026-04-07T20:57:20.213+0000] {subprocess.py:106} INFO - 26/04/07 20:57:20 INFO DAGScheduler: waiting: Set()
[2026-04-07T20:57:20.213+0000] {subprocess.py:106} INFO - 26/04/07 20:57:20 INFO DAGScheduler: failed: Set()
[2026-04-07T20:57:20.227+0000] {subprocess.py:106} INFO - 26/04/07 20:57:20 INFO ShufflePartitionsUtil: For shuffle(6), advisory target size: 67108864, actual target size 1048576, minimum partition size: 1048576
[2026-04-07T20:57:20.284+0000] {subprocess.py:106} INFO - 26/04/07 20:57:20 INFO CodeGenerator: Code generated in 36.562504 ms
[2026-04-07T20:57:20.299+0000] {subprocess.py:106} INFO - 26/04/07 20:57:20 INFO DAGScheduler: Registering RDD 42 (create at <unknown>:0) as input to shuffle 7
[2026-04-07T20:57:20.299+0000] {subprocess.py:106} INFO - 26/04/07 20:57:20 INFO DAGScheduler: Got map stage job 13 (create at <unknown>:0) with 1 output partitions
[2026-04-07T20:57:20.300+0000] {subprocess.py:106} INFO - 26/04/07 20:57:20 INFO DAGScheduler: Final stage: ShuffleMapStage 20 (create at <unknown>:0)
[2026-04-07T20:57:20.301+0000] {subprocess.py:106} INFO - 26/04/07 20:57:20 INFO DAGScheduler: Parents of final stage: List(ShuffleMapStage 19)
[2026-04-07T20:57:20.301+0000] {subprocess.py:106} INFO - 26/04/07 20:57:20 INFO DAGScheduler: Missing parents: List()
[2026-04-07T20:57:20.302+0000] {subprocess.py:106} INFO - 26/04/07 20:57:20 INFO DAGScheduler: Submitting ShuffleMapStage 20 (MapPartitionsRDD[42] at create at <unknown>:0), which has no missing parents
[2026-04-07T20:57:20.309+0000] {subprocess.py:106} INFO - 26/04/07 20:57:20 INFO MemoryStore: Block broadcast_30 stored as values in memory (estimated size 57.0 KiB, free 434.1 MiB)
[2026-04-07T20:57:20.321+0000] {subprocess.py:106} INFO - 26/04/07 20:57:20 INFO MemoryStore: Block broadcast_30_piece0 stored as bytes in memory (estimated size 21.6 KiB, free 434.0 MiB)
[2026-04-07T20:57:20.325+0000] {subprocess.py:106} INFO - 26/04/07 20:57:20 INFO BlockManagerInfo: Added broadcast_30_piece0 in memory on c05002f484b8:40059 (size: 21.6 KiB, free: 434.2 MiB)
[2026-04-07T20:57:20.326+0000] {subprocess.py:106} INFO - 26/04/07 20:57:20 INFO SparkContext: Created broadcast 30 from broadcast at DAGScheduler.scala:1585
[2026-04-07T20:57:20.326+0000] {subprocess.py:106} INFO - 26/04/07 20:57:20 INFO BlockManagerInfo: Removed broadcast_29_piece0 on c05002f484b8:40059 in memory (size: 12.3 KiB, free: 434.3 MiB)
[2026-04-07T20:57:20.327+0000] {subprocess.py:106} INFO - 26/04/07 20:57:20 INFO DAGScheduler: Submitting 1 missing tasks from ShuffleMapStage 20 (MapPartitionsRDD[42] at create at <unknown>:0) (first 15 tasks are for partitions Vector(0))
[2026-04-07T20:57:20.328+0000] {subprocess.py:106} INFO - 26/04/07 20:57:20 INFO TaskSchedulerImpl: Adding task set 20.0 with 1 tasks resource profile 0
[2026-04-07T20:57:20.328+0000] {subprocess.py:106} INFO - 26/04/07 20:57:20 INFO BlockManagerInfo: Removed broadcast_29_piece0 on 172.30.0.6:44319 in memory (size: 12.3 KiB, free: 434.3 MiB)
[2026-04-07T20:57:20.333+0000] {subprocess.py:106} INFO - 26/04/07 20:57:20 INFO TaskSetManager: Starting task 0.0 in stage 20.0 (TID 13) (172.30.0.6, executor 0, partition 0, NODE_LOCAL, 9965 bytes)
[2026-04-07T20:57:20.349+0000] {subprocess.py:106} INFO - 26/04/07 20:57:20 INFO BlockManagerInfo: Added broadcast_30_piece0 in memory on 172.30.0.6:44319 (size: 21.6 KiB, free: 434.3 MiB)
[2026-04-07T20:57:20.362+0000] {subprocess.py:106} INFO - 26/04/07 20:57:20 INFO MapOutputTrackerMasterEndpoint: Asked to send map output locations for shuffle 6 to 172.30.0.6:50786
[2026-04-07T20:57:20.548+0000] {subprocess.py:106} INFO - 26/04/07 20:57:20 INFO TaskSetManager: Finished task 0.0 in stage 20.0 (TID 13) in 216 ms on 172.30.0.6 (executor 0) (1/1)
[2026-04-07T20:57:20.552+0000] {subprocess.py:106} INFO - 26/04/07 20:57:20 INFO TaskSchedulerImpl: Removed TaskSet 20.0, whose tasks have all completed, from pool
[2026-04-07T20:57:20.553+0000] {subprocess.py:106} INFO - 26/04/07 20:57:20 INFO DAGScheduler: ShuffleMapStage 20 (create at <unknown>:0) finished in 0.243 s
[2026-04-07T20:57:20.554+0000] {subprocess.py:106} INFO - 26/04/07 20:57:20 INFO DAGScheduler: looking for newly runnable stages
[2026-04-07T20:57:20.554+0000] {subprocess.py:106} INFO - 26/04/07 20:57:20 INFO DAGScheduler: running: Set()
[2026-04-07T20:57:20.555+0000] {subprocess.py:106} INFO - 26/04/07 20:57:20 INFO DAGScheduler: waiting: Set()
[2026-04-07T20:57:20.555+0000] {subprocess.py:106} INFO - 26/04/07 20:57:20 INFO DAGScheduler: failed: Set()
[2026-04-07T20:57:20.566+0000] {subprocess.py:106} INFO - 26/04/07 20:57:20 INFO ShufflePartitionsUtil: For shuffle(7), advisory target size: 67108864, actual target size 1048576, minimum partition size: 1048576
[2026-04-07T20:57:20.619+0000] {subprocess.py:106} INFO - 26/04/07 20:57:20 INFO CodeGenerator: Code generated in 31.641562 ms
[2026-04-07T20:57:20.629+0000] {subprocess.py:106} INFO - 26/04/07 20:57:20 INFO MemoryStore: Block broadcast_31 stored as values in memory (estimated size 32.0 KiB, free 434.0 MiB)
[2026-04-07T20:57:20.645+0000] {subprocess.py:106} INFO - 26/04/07 20:57:20 INFO MemoryStore: Block broadcast_31_piece0 stored as bytes in memory (estimated size 29.8 KiB, free 434.0 MiB)
[2026-04-07T20:57:20.652+0000] {subprocess.py:106} INFO - 26/04/07 20:57:20 INFO BlockManagerInfo: Added broadcast_31_piece0 in memory on c05002f484b8:40059 (size: 29.8 KiB, free: 434.2 MiB)
[2026-04-07T20:57:20.655+0000] {subprocess.py:106} INFO - 26/04/07 20:57:20 INFO BlockManagerInfo: Removed broadcast_30_piece0 on c05002f484b8:40059 in memory (size: 21.6 KiB, free: 434.3 MiB)
[2026-04-07T20:57:20.657+0000] {subprocess.py:106} INFO - 26/04/07 20:57:20 INFO SparkContext: Created broadcast 31 from broadcast at SparkWrite.java:193
[2026-04-07T20:57:20.658+0000] {subprocess.py:106} INFO - 26/04/07 20:57:20 INFO AppendDataExec: Start processing data source write support: IcebergBatchWrite(table=gold.dim_job_category, format=PARQUET). The input RDD has 1 partitions.
[2026-04-07T20:57:20.659+0000] {subprocess.py:106} INFO - 26/04/07 20:57:20 INFO BlockManagerInfo: Removed broadcast_30_piece0 on 172.30.0.6:44319 in memory (size: 21.6 KiB, free: 434.3 MiB)
[2026-04-07T20:57:20.660+0000] {subprocess.py:106} INFO - 26/04/07 20:57:20 INFO SparkContext: Starting job: create at <unknown>:0
[2026-04-07T20:57:20.662+0000] {subprocess.py:106} INFO - 26/04/07 20:57:20 INFO DAGScheduler: Got job 14 (create at <unknown>:0) with 1 output partitions
[2026-04-07T20:57:20.663+0000] {subprocess.py:106} INFO - 26/04/07 20:57:20 INFO DAGScheduler: Final stage: ResultStage 23 (create at <unknown>:0)
[2026-04-07T20:57:20.668+0000] {subprocess.py:106} INFO - 26/04/07 20:57:20 INFO DAGScheduler: Parents of final stage: List(ShuffleMapStage 22)
[2026-04-07T20:57:20.670+0000] {subprocess.py:106} INFO - 26/04/07 20:57:20 INFO DAGScheduler: Missing parents: List()
[2026-04-07T20:57:20.671+0000] {subprocess.py:106} INFO - 26/04/07 20:57:20 INFO DAGScheduler: Submitting ResultStage 23 (MapPartitionsRDD[44] at create at <unknown>:0), which has no missing parents
[2026-04-07T20:57:20.672+0000] {subprocess.py:106} INFO - 26/04/07 20:57:20 INFO MemoryStore: Block broadcast_32 stored as values in memory (estimated size 50.7 KiB, free 434.0 MiB)
[2026-04-07T20:57:20.673+0000] {subprocess.py:106} INFO - 26/04/07 20:57:20 INFO MemoryStore: Block broadcast_32_piece0 stored as bytes in memory (estimated size 22.0 KiB, free 434.0 MiB)
[2026-04-07T20:57:20.674+0000] {subprocess.py:106} INFO - 26/04/07 20:57:20 INFO BlockManagerInfo: Added broadcast_32_piece0 in memory on c05002f484b8:40059 (size: 22.0 KiB, free: 434.2 MiB)
[2026-04-07T20:57:20.678+0000] {subprocess.py:106} INFO - 26/04/07 20:57:20 INFO SparkContext: Created broadcast 32 from broadcast at DAGScheduler.scala:1585
[2026-04-07T20:57:20.678+0000] {subprocess.py:106} INFO - 26/04/07 20:57:20 INFO DAGScheduler: Submitting 1 missing tasks from ResultStage 23 (MapPartitionsRDD[44] at create at <unknown>:0) (first 15 tasks are for partitions Vector(0))
[2026-04-07T20:57:20.679+0000] {subprocess.py:106} INFO - 26/04/07 20:57:20 INFO TaskSchedulerImpl: Adding task set 23.0 with 1 tasks resource profile 0
[2026-04-07T20:57:20.680+0000] {subprocess.py:106} INFO - 26/04/07 20:57:20 INFO TaskSetManager: Starting task 0.0 in stage 23.0 (TID 14) (172.30.0.6, executor 0, partition 0, NODE_LOCAL, 9976 bytes)
[2026-04-07T20:57:20.697+0000] {subprocess.py:106} INFO - 26/04/07 20:57:20 INFO BlockManagerInfo: Added broadcast_32_piece0 in memory on 172.30.0.6:44319 (size: 22.0 KiB, free: 434.3 MiB)
[2026-04-07T20:57:20.724+0000] {subprocess.py:106} INFO - 26/04/07 20:57:20 INFO MapOutputTrackerMasterEndpoint: Asked to send map output locations for shuffle 7 to 172.30.0.6:50786
[2026-04-07T20:57:20.771+0000] {subprocess.py:106} INFO - 26/04/07 20:57:20 INFO BlockManagerInfo: Added broadcast_31_piece0 in memory on 172.30.0.6:44319 (size: 29.8 KiB, free: 434.3 MiB)
[2026-04-07T20:57:20.884+0000] {subprocess.py:106} INFO - 26/04/07 20:57:20 INFO TaskSetManager: Finished task 0.0 in stage 23.0 (TID 14) in 205 ms on 172.30.0.6 (executor 0) (1/1)
[2026-04-07T20:57:20.886+0000] {subprocess.py:106} INFO - 26/04/07 20:57:20 INFO TaskSchedulerImpl: Removed TaskSet 23.0, whose tasks have all completed, from pool
[2026-04-07T20:57:20.887+0000] {subprocess.py:106} INFO - 26/04/07 20:57:20 INFO DAGScheduler: ResultStage 23 (create at <unknown>:0) finished in 0.216 s
[2026-04-07T20:57:20.888+0000] {subprocess.py:106} INFO - 26/04/07 20:57:20 INFO DAGScheduler: Job 14 is finished. Cancelling potential speculative or zombie tasks for this job
[2026-04-07T20:57:20.889+0000] {subprocess.py:106} INFO - 26/04/07 20:57:20 INFO TaskSchedulerImpl: Killing all running tasks in stage 23: Stage finished
[2026-04-07T20:57:20.889+0000] {subprocess.py:106} INFO - 26/04/07 20:57:20 INFO DAGScheduler: Job 14 finished: create at <unknown>:0, took 0.230856 s
[2026-04-07T20:57:20.890+0000] {subprocess.py:106} INFO - 26/04/07 20:57:20 INFO AppendDataExec: Data source write support IcebergBatchWrite(table=gold.dim_job_category, format=PARQUET) is committing.
[2026-04-07T20:57:20.890+0000] {subprocess.py:106} INFO - 26/04/07 20:57:20 INFO SparkWrite: Committing append with 1 new data files to table gold.dim_job_category
[2026-04-07T20:57:21.068+0000] {subprocess.py:106} INFO - 26/04/07 20:57:21 INFO SnapshotProducer: Committed snapshot 5325154294815277788 (MergeAppend)
[2026-04-07T20:57:21.098+0000] {subprocess.py:106} INFO - 26/04/07 20:57:21 INFO LoggingMetricsReporter: Received metrics report: CommitReport{tableName=gold.dim_job_category, snapshotId=5325154294815277788, sequenceNumber=1, operation=append, commitMetrics=CommitMetricsResult{totalDuration=TimerResult{timeUnit=NANOSECONDS, totalDuration=PT0.210902729S, count=1}, attempts=CounterResult{unit=COUNT, value=1}, addedDataFiles=CounterResult{unit=COUNT, value=1}, removedDataFiles=null, totalDataFiles=CounterResult{unit=COUNT, value=1}, addedDeleteFiles=null, addedEqualityDeleteFiles=null, addedPositionalDeleteFiles=null, removedDeleteFiles=null, removedEqualityDeleteFiles=null, removedPositionalDeleteFiles=null, totalDeleteFiles=CounterResult{unit=COUNT, value=0}, addedRecords=CounterResult{unit=COUNT, value=9}, removedRecords=null, totalRecords=CounterResult{unit=COUNT, value=9}, addedFilesSizeInBytes=CounterResult{unit=BYTES, value=899}, removedFilesSizeInBytes=null, totalFilesSizeInBytes=CounterResult{unit=BYTES, value=899}, addedPositionalDeletes=null, removedPositionalDeletes=null, totalPositionalDeletes=CounterResult{unit=COUNT, value=0}, addedEqualityDeletes=null, removedEqualityDeletes=null, totalEqualityDeletes=CounterResult{unit=COUNT, value=0}}, metadata={engine-version=3.5.3, app-id=app-20260407205645-0002, engine-name=spark, iceberg-version=Apache Iceberg 1.6.1 (commit 8e9d59d299be42b0bca9461457cd1e95dbaad086)}}
[2026-04-07T20:57:21.100+0000] {subprocess.py:106} INFO - 26/04/07 20:57:21 INFO SparkWrite: Committed in 211 ms
[2026-04-07T20:57:21.100+0000] {subprocess.py:106} INFO - 26/04/07 20:57:21 INFO AppendDataExec: Data source write support IcebergBatchWrite(table=gold.dim_job_category, format=PARQUET) committed.
[2026-04-07T20:57:21.266+0000] {subprocess.py:106} INFO - 26/04/07 20:57:21 INFO HiveTableOperations: Committed to table iceberg.gold.dim_job_category with the new metadata location s3a://warehouse/iceberg_data/gold.db/dim_job_category/metadata/00000-914005d3-5965-40ce-a097-d34ba8ec9216.metadata.json
[2026-04-07T20:57:21.267+0000] {subprocess.py:106} INFO - 26/04/07 20:57:21 INFO BaseMetastoreTableOperations: Successfully committed to table iceberg.gold.dim_job_category in 169 ms
[2026-04-07T20:57:21.268+0000] {subprocess.py:106} INFO - >>> Building FACT_JOB_POSTING...
[2026-04-07T20:57:21.583+0000] {subprocess.py:106} INFO - 26/04/07 20:57:21 INFO BlockManagerInfo: Removed broadcast_32_piece0 on c05002f484b8:40059 in memory (size: 22.0 KiB, free: 434.3 MiB)
[2026-04-07T20:57:21.584+0000] {subprocess.py:106} INFO - 26/04/07 20:57:21 INFO BlockManagerInfo: Removed broadcast_32_piece0 on 172.30.0.6:44319 in memory (size: 22.0 KiB, free: 434.3 MiB)
[2026-04-07T20:57:21.589+0000] {subprocess.py:106} INFO - 26/04/07 20:57:21 INFO BlockManagerInfo: Removed broadcast_27_piece0 on c05002f484b8:40059 in memory (size: 30.3 KiB, free: 434.3 MiB)
[2026-04-07T20:57:21.596+0000] {subprocess.py:106} INFO - 26/04/07 20:57:21 INFO BlockManagerInfo: Removed broadcast_31_piece0 on c05002f484b8:40059 in memory (size: 29.8 KiB, free: 434.3 MiB)
[2026-04-07T20:57:21.602+0000] {subprocess.py:106} INFO - 26/04/07 20:57:21 INFO BlockManagerInfo: Removed broadcast_31_piece0 on 172.30.0.6:44319 in memory (size: 29.8 KiB, free: 434.3 MiB)
[2026-04-07T20:57:21.612+0000] {subprocess.py:106} INFO - 26/04/07 20:57:21 INFO BlockManagerInfo: Removed broadcast_28_piece0 on c05002f484b8:40059 in memory (size: 30.4 KiB, free: 434.3 MiB)
[2026-04-07T20:57:21.616+0000] {subprocess.py:106} INFO - 26/04/07 20:57:21 INFO BlockManagerInfo: Removed broadcast_28_piece0 on 172.30.0.6:44319 in memory (size: 30.4 KiB, free: 434.4 MiB)
[2026-04-07T20:57:21.751+0000] {subprocess.py:106} INFO - 26/04/07 20:57:21 INFO BaseMetastoreCatalog: Table properties set at catalog level through catalog properties: {}
[2026-04-07T20:57:21.757+0000] {subprocess.py:106} INFO - 26/04/07 20:57:21 INFO BaseMetastoreCatalog: Table properties enforced at catalog level through catalog properties: {}
[2026-04-07T20:57:21.870+0000] {subprocess.py:106} INFO - 26/04/07 20:57:21 INFO V2ScanRelationPushDown:
[2026-04-07T20:57:21.871+0000] {subprocess.py:106} INFO - Pushing operators to iceberg.silver.it_jobs_clean
[2026-04-07T20:57:21.872+0000] {subprocess.py:106} INFO - Pushed Filters: location IS NOT NULL, skills_required IS NOT NULL
[2026-04-07T20:57:21.873+0000] {subprocess.py:106} INFO - Post-Scan Filters: isnotnull(location#2),isnotnull(skills_required#3),(size(location#2, true) > 0),(size(skills_required#3, true) > 0)
[2026-04-07T20:57:21.873+0000] {subprocess.py:106} INFO - 
[2026-04-07T20:57:21.874+0000] {subprocess.py:106} INFO - 26/04/07 20:57:21 INFO V2ScanRelationPushDown:
[2026-04-07T20:57:21.875+0000] {subprocess.py:106} INFO - Pushing operators to iceberg.silver.it_jobs_clean
[2026-04-07T20:57:21.875+0000] {subprocess.py:106} INFO - Pushed Filters: company_name IS NOT NULL
[2026-04-07T20:57:21.876+0000] {subprocess.py:106} INFO - Post-Scan Filters: isnotnull(company_name#265)
[2026-04-07T20:57:21.876+0000] {subprocess.py:106} INFO - 
[2026-04-07T20:57:21.877+0000] {subprocess.py:106} INFO - 26/04/07 20:57:21 INFO V2ScanRelationPushDown:
[2026-04-07T20:57:21.877+0000] {subprocess.py:106} INFO - Pushing operators to iceberg.silver.it_jobs_clean
[2026-04-07T20:57:21.878+0000] {subprocess.py:106} INFO - Pushed Filters: location IS NOT NULL
[2026-04-07T20:57:21.878+0000] {subprocess.py:106} INFO - Post-Scan Filters: isnotnull(location#322),(size(location#322, true) > 0)
[2026-04-07T20:57:21.879+0000] {subprocess.py:106} INFO - 
[2026-04-07T20:57:21.879+0000] {subprocess.py:106} INFO - 26/04/07 20:57:21 INFO V2ScanRelationPushDown:
[2026-04-07T20:57:21.880+0000] {subprocess.py:106} INFO - Pushing operators to iceberg.silver.it_jobs_clean
[2026-04-07T20:57:21.881+0000] {subprocess.py:106} INFO - Pushed Filters: skills_required IS NOT NULL
[2026-04-07T20:57:21.882+0000] {subprocess.py:106} INFO - Post-Scan Filters: isnotnull(skills_required#385),(size(skills_required#385, true) > 0)
[2026-04-07T20:57:21.883+0000] {subprocess.py:106} INFO - 
[2026-04-07T20:57:21.884+0000] {subprocess.py:106} INFO - 26/04/07 20:57:21 INFO V2ScanRelationPushDown:
[2026-04-07T20:57:21.885+0000] {subprocess.py:106} INFO - Pushing operators to iceberg.silver.it_jobs_clean
[2026-04-07T20:57:21.888+0000] {subprocess.py:106} INFO - Pushed Filters: work_mode IS NOT NULL
[2026-04-07T20:57:21.889+0000] {subprocess.py:106} INFO - Post-Scan Filters: isnotnull(work_mode#457)
[2026-04-07T20:57:21.889+0000] {subprocess.py:106} INFO - 
[2026-04-07T20:57:21.890+0000] {subprocess.py:106} INFO - 26/04/07 20:57:21 INFO SparkScanBuilder: Skipping aggregate pushdown: group by aggregation push down is not supported
[2026-04-07T20:57:21.891+0000] {subprocess.py:106} INFO - 26/04/07 20:57:21 INFO V2ScanRelationPushDown:
[2026-04-07T20:57:21.891+0000] {subprocess.py:106} INFO - Output: job_title#0, company_name#1, location#2, skills_required#3, date_posted#4, job_link#5, work_mode#7
[2026-04-07T20:57:21.892+0000] {subprocess.py:106} INFO - 
[2026-04-07T20:57:21.893+0000] {subprocess.py:106} INFO - 26/04/07 20:57:21 INFO V2ScanRelationPushDown:
[2026-04-07T20:57:21.893+0000] {subprocess.py:106} INFO - Output: company_name#265
[2026-04-07T20:57:21.894+0000] {subprocess.py:106} INFO - 
[2026-04-07T20:57:21.896+0000] {subprocess.py:106} INFO - 26/04/07 20:57:21 INFO V2ScanRelationPushDown:
[2026-04-07T20:57:21.896+0000] {subprocess.py:106} INFO - Output: location#322
[2026-04-07T20:57:21.897+0000] {subprocess.py:106} INFO - 
[2026-04-07T20:57:21.898+0000] {subprocess.py:106} INFO - 26/04/07 20:57:21 INFO V2ScanRelationPushDown:
[2026-04-07T20:57:21.899+0000] {subprocess.py:106} INFO - Output: skills_required#385
[2026-04-07T20:57:21.899+0000] {subprocess.py:106} INFO - 
[2026-04-07T20:57:21.901+0000] {subprocess.py:106} INFO - 26/04/07 20:57:21 INFO V2ScanRelationPushDown:
[2026-04-07T20:57:21.902+0000] {subprocess.py:106} INFO - Output: work_mode#457
[2026-04-07T20:57:21.902+0000] {subprocess.py:106} INFO - 
[2026-04-07T20:57:21.903+0000] {subprocess.py:106} INFO - 26/04/07 20:57:21 INFO V2ScanRelationPushDown:
[2026-04-07T20:57:21.904+0000] {subprocess.py:106} INFO - Output: job_title#522
[2026-04-07T20:57:21.904+0000] {subprocess.py:106} INFO - 
[2026-04-07T20:57:21.905+0000] {subprocess.py:106} INFO - 26/04/07 20:57:21 INFO SnapshotScan: Scanning table iceberg.silver.it_jobs_clean snapshot 6184797946885530623 created at 2026-04-07T20:56:38.725+00:00 with filter (location IS NOT NULL AND skills_required IS NOT NULL)
[2026-04-07T20:57:21.906+0000] {subprocess.py:106} INFO - 26/04/07 20:57:21 INFO BaseDistributedDataScan: Planning file tasks locally for table iceberg.silver.it_jobs_clean
[2026-04-07T20:57:21.939+0000] {subprocess.py:106} INFO - 26/04/07 20:57:21 INFO SparkPartitioningAwareScan: Reporting UnknownPartitioning with 1 partition(s) for table iceberg.silver.it_jobs_clean
[2026-04-07T20:57:21.940+0000] {subprocess.py:106} INFO - 26/04/07 20:57:21 INFO SnapshotScan: Scanning table iceberg.silver.it_jobs_clean snapshot 6184797946885530623 created at 2026-04-07T20:56:38.725+00:00 with filter company_name IS NOT NULL
[2026-04-07T20:57:21.941+0000] {subprocess.py:106} INFO - 26/04/07 20:57:21 INFO BaseDistributedDataScan: Planning file tasks locally for table iceberg.silver.it_jobs_clean
[2026-04-07T20:57:21.967+0000] {subprocess.py:106} INFO - 26/04/07 20:57:21 INFO BlockManagerInfo: Removed broadcast_22_piece0 on c05002f484b8:40059 in memory (size: 30.4 KiB, free: 434.4 MiB)
[2026-04-07T20:57:21.976+0000] {subprocess.py:106} INFO - 26/04/07 20:57:21 INFO BlockManagerInfo: Removed broadcast_23_piece0 on c05002f484b8:40059 in memory (size: 30.3 KiB, free: 434.4 MiB)
[2026-04-07T20:57:21.977+0000] {subprocess.py:106} INFO - 26/04/07 20:57:21 INFO BlockManagerInfo: Removed broadcast_23_piece0 on 172.30.0.6:44319 in memory (size: 30.3 KiB, free: 434.4 MiB)
[2026-04-07T20:57:22.003+0000] {subprocess.py:106} INFO - 26/04/07 20:57:22 INFO SparkPartitioningAwareScan: Reporting UnknownPartitioning with 1 partition(s) for table iceberg.silver.it_jobs_clean
[2026-04-07T20:57:22.004+0000] {subprocess.py:106} INFO - 26/04/07 20:57:22 INFO SnapshotScan: Scanning table iceberg.silver.it_jobs_clean snapshot 6184797946885530623 created at 2026-04-07T20:56:38.725+00:00 with filter location IS NOT NULL
[2026-04-07T20:57:22.006+0000] {subprocess.py:106} INFO - 26/04/07 20:57:22 INFO BaseDistributedDataScan: Planning file tasks locally for table iceberg.silver.it_jobs_clean
[2026-04-07T20:57:22.037+0000] {subprocess.py:106} INFO - 26/04/07 20:57:22 INFO SparkPartitioningAwareScan: Reporting UnknownPartitioning with 1 partition(s) for table iceberg.silver.it_jobs_clean
[2026-04-07T20:57:22.038+0000] {subprocess.py:106} INFO - 26/04/07 20:57:22 INFO SnapshotScan: Scanning table iceberg.silver.it_jobs_clean snapshot 6184797946885530623 created at 2026-04-07T20:56:38.725+00:00 with filter skills_required IS NOT NULL
[2026-04-07T20:57:22.038+0000] {subprocess.py:106} INFO - 26/04/07 20:57:22 INFO BaseDistributedDataScan: Planning file tasks locally for table iceberg.silver.it_jobs_clean
[2026-04-07T20:57:22.069+0000] {subprocess.py:106} INFO - 26/04/07 20:57:22 INFO SparkPartitioningAwareScan: Reporting UnknownPartitioning with 1 partition(s) for table iceberg.silver.it_jobs_clean
[2026-04-07T20:57:22.070+0000] {subprocess.py:106} INFO - 26/04/07 20:57:22 INFO SnapshotScan: Scanning table iceberg.silver.it_jobs_clean snapshot 6184797946885530623 created at 2026-04-07T20:56:38.725+00:00 with filter work_mode IS NOT NULL
[2026-04-07T20:57:22.072+0000] {subprocess.py:106} INFO - 26/04/07 20:57:22 INFO BaseDistributedDataScan: Planning file tasks locally for table iceberg.silver.it_jobs_clean
[2026-04-07T20:57:22.101+0000] {subprocess.py:106} INFO - 26/04/07 20:57:22 INFO SparkPartitioningAwareScan: Reporting UnknownPartitioning with 1 partition(s) for table iceberg.silver.it_jobs_clean
[2026-04-07T20:57:22.102+0000] {subprocess.py:106} INFO - 26/04/07 20:57:22 INFO SnapshotScan: Scanning table iceberg.silver.it_jobs_clean snapshot 6184797946885530623 created at 2026-04-07T20:56:38.725+00:00 with filter true
[2026-04-07T20:57:22.103+0000] {subprocess.py:106} INFO - 26/04/07 20:57:22 INFO BaseDistributedDataScan: Planning file tasks locally for table iceberg.silver.it_jobs_clean
[2026-04-07T20:57:22.123+0000] {subprocess.py:106} INFO - 26/04/07 20:57:22 INFO SparkPartitioningAwareScan: Reporting UnknownPartitioning with 1 partition(s) for table iceberg.silver.it_jobs_clean
[2026-04-07T20:57:22.130+0000] {subprocess.py:106} INFO - 26/04/07 20:57:22 INFO SparkWrite: Requesting 402653184 bytes advisory partition size for table gold.fact_job_posting
[2026-04-07T20:57:22.131+0000] {subprocess.py:106} INFO - 26/04/07 20:57:22 INFO SparkWrite: Requesting ClusteredDistribution(date_id) as write distribution for table gold.fact_job_posting
[2026-04-07T20:57:22.139+0000] {subprocess.py:106} INFO - 26/04/07 20:57:22 INFO SparkWrite: Requesting [] as write ordering for table gold.fact_job_posting
[2026-04-07T20:57:22.229+0000] {subprocess.py:106} INFO - 26/04/07 20:57:22 INFO MemoryStore: Block broadcast_33 stored as values in memory (estimated size 32.0 KiB, free 434.4 MiB)
[2026-04-07T20:57:22.245+0000] {subprocess.py:106} INFO - 26/04/07 20:57:22 INFO MemoryStore: Block broadcast_33_piece0 stored as bytes in memory (estimated size 30.4 KiB, free 434.3 MiB)
[2026-04-07T20:57:22.247+0000] {subprocess.py:106} INFO - 26/04/07 20:57:22 INFO BlockManagerInfo: Added broadcast_33_piece0 in memory on c05002f484b8:40059 (size: 30.4 KiB, free: 434.4 MiB)
[2026-04-07T20:57:22.248+0000] {subprocess.py:106} INFO - 26/04/07 20:57:22 INFO SparkContext: Created broadcast 33 from broadcast at SparkBatch.java:79
[2026-04-07T20:57:22.253+0000] {subprocess.py:106} INFO - 26/04/07 20:57:22 INFO MemoryStore: Block broadcast_34 stored as values in memory (estimated size 32.0 KiB, free 434.3 MiB)
[2026-04-07T20:57:22.255+0000] {subprocess.py:106} INFO - 26/04/07 20:57:22 INFO MemoryStore: Block broadcast_34_piece0 stored as bytes in memory (estimated size 30.3 KiB, free 434.3 MiB)
[2026-04-07T20:57:22.257+0000] {subprocess.py:106} INFO - 26/04/07 20:57:22 INFO BlockManagerInfo: Added broadcast_34_piece0 in memory on c05002f484b8:40059 (size: 30.3 KiB, free: 434.3 MiB)
[2026-04-07T20:57:22.260+0000] {subprocess.py:106} INFO - 26/04/07 20:57:22 INFO SparkContext: Created broadcast 34 from broadcast at SparkBatch.java:79
[2026-04-07T20:57:22.263+0000] {subprocess.py:106} INFO - 26/04/07 20:57:22 INFO MemoryStore: Block broadcast_35 stored as values in memory (estimated size 32.0 KiB, free 434.2 MiB)
[2026-04-07T20:57:22.268+0000] {subprocess.py:106} INFO - 26/04/07 20:57:22 INFO MemoryStore: Block broadcast_35_piece0 stored as bytes in memory (estimated size 30.4 KiB, free 434.2 MiB)
[2026-04-07T20:57:22.272+0000] {subprocess.py:106} INFO - 26/04/07 20:57:22 INFO BlockManagerInfo: Added broadcast_35_piece0 in memory on c05002f484b8:40059 (size: 30.4 KiB, free: 434.3 MiB)
[2026-04-07T20:57:22.274+0000] {subprocess.py:106} INFO - 26/04/07 20:57:22 INFO SparkContext: Created broadcast 35 from broadcast at SparkBatch.java:79
[2026-04-07T20:57:22.275+0000] {subprocess.py:106} INFO - 26/04/07 20:57:22 INFO MemoryStore: Block broadcast_36 stored as values in memory (estimated size 32.0 KiB, free 434.2 MiB)
[2026-04-07T20:57:22.279+0000] {subprocess.py:106} INFO - 26/04/07 20:57:22 INFO MemoryStore: Block broadcast_36_piece0 stored as bytes in memory (estimated size 30.3 KiB, free 434.2 MiB)
[2026-04-07T20:57:22.280+0000] {subprocess.py:106} INFO - 26/04/07 20:57:22 INFO BlockManagerInfo: Added broadcast_36_piece0 in memory on c05002f484b8:40059 (size: 30.3 KiB, free: 434.3 MiB)
[2026-04-07T20:57:22.281+0000] {subprocess.py:106} INFO - 26/04/07 20:57:22 INFO SparkContext: Created broadcast 36 from broadcast at SparkBatch.java:79
[2026-04-07T20:57:22.287+0000] {subprocess.py:106} INFO - 26/04/07 20:57:22 INFO MemoryStore: Block broadcast_37 stored as values in memory (estimated size 32.0 KiB, free 434.1 MiB)
[2026-04-07T20:57:22.289+0000] {subprocess.py:106} INFO - 26/04/07 20:57:22 INFO MemoryStore: Block broadcast_37_piece0 stored as bytes in memory (estimated size 30.4 KiB, free 434.1 MiB)
[2026-04-07T20:57:22.291+0000] {subprocess.py:106} INFO - 26/04/07 20:57:22 INFO BlockManagerInfo: Added broadcast_37_piece0 in memory on c05002f484b8:40059 (size: 30.4 KiB, free: 434.3 MiB)
[2026-04-07T20:57:22.291+0000] {subprocess.py:106} INFO - 26/04/07 20:57:22 INFO SparkContext: Created broadcast 37 from broadcast at SparkBatch.java:79
[2026-04-07T20:57:22.298+0000] {subprocess.py:106} INFO - 26/04/07 20:57:22 INFO MemoryStore: Block broadcast_38 stored as values in memory (estimated size 32.0 KiB, free 434.1 MiB)
[2026-04-07T20:57:22.303+0000] {subprocess.py:106} INFO - 26/04/07 20:57:22 INFO MemoryStore: Block broadcast_38_piece0 stored as bytes in memory (estimated size 30.3 KiB, free 434.0 MiB)
[2026-04-07T20:57:22.316+0000] {subprocess.py:106} INFO - 26/04/07 20:57:22 INFO BlockManagerInfo: Added broadcast_38_piece0 in memory on c05002f484b8:40059 (size: 30.3 KiB, free: 434.2 MiB)
[2026-04-07T20:57:22.320+0000] {subprocess.py:106} INFO - 26/04/07 20:57:22 INFO SparkContext: Created broadcast 38 from broadcast at SparkBatch.java:79
[2026-04-07T20:57:22.331+0000] {subprocess.py:106} INFO - 26/04/07 20:57:22 INFO MemoryStore: Block broadcast_39 stored as values in memory (estimated size 32.0 KiB, free 434.0 MiB)
[2026-04-07T20:57:22.335+0000] {subprocess.py:106} INFO - 26/04/07 20:57:22 INFO MemoryStore: Block broadcast_39_piece0 stored as bytes in memory (estimated size 30.4 KiB, free 434.0 MiB)
[2026-04-07T20:57:22.336+0000] {subprocess.py:106} INFO - 26/04/07 20:57:22 INFO BlockManagerInfo: Added broadcast_39_piece0 in memory on c05002f484b8:40059 (size: 30.4 KiB, free: 434.2 MiB)
[2026-04-07T20:57:22.337+0000] {subprocess.py:106} INFO - 26/04/07 20:57:22 INFO SparkContext: Created broadcast 39 from broadcast at SparkBatch.java:79
[2026-04-07T20:57:22.340+0000] {subprocess.py:106} INFO - 26/04/07 20:57:22 INFO MemoryStore: Block broadcast_40 stored as values in memory (estimated size 32.0 KiB, free 433.9 MiB)
[2026-04-07T20:57:22.345+0000] {subprocess.py:106} INFO - 26/04/07 20:57:22 INFO MemoryStore: Block broadcast_40_piece0 stored as bytes in memory (estimated size 30.3 KiB, free 433.9 MiB)
[2026-04-07T20:57:22.346+0000] {subprocess.py:106} INFO - 26/04/07 20:57:22 INFO BlockManagerInfo: Added broadcast_40_piece0 in memory on c05002f484b8:40059 (size: 30.3 KiB, free: 434.2 MiB)
[2026-04-07T20:57:22.349+0000] {subprocess.py:106} INFO - 26/04/07 20:57:22 INFO SparkContext: Created broadcast 40 from broadcast at SparkBatch.java:79
[2026-04-07T20:57:22.350+0000] {subprocess.py:106} INFO - 26/04/07 20:57:22 INFO MemoryStore: Block broadcast_41 stored as values in memory (estimated size 32.0 KiB, free 433.9 MiB)
[2026-04-07T20:57:22.370+0000] {subprocess.py:106} INFO - 26/04/07 20:57:22 INFO MemoryStore: Block broadcast_41_piece0 stored as bytes in memory (estimated size 30.4 KiB, free 433.9 MiB)
[2026-04-07T20:57:22.371+0000] {subprocess.py:106} INFO - 26/04/07 20:57:22 INFO BlockManagerInfo: Added broadcast_41_piece0 in memory on c05002f484b8:40059 (size: 30.4 KiB, free: 434.1 MiB)
[2026-04-07T20:57:22.376+0000] {subprocess.py:106} INFO - 26/04/07 20:57:22 INFO SparkContext: Created broadcast 41 from broadcast at SparkBatch.java:79
[2026-04-07T20:57:22.377+0000] {subprocess.py:106} INFO - 26/04/07 20:57:22 INFO MemoryStore: Block broadcast_42 stored as values in memory (estimated size 32.0 KiB, free 433.8 MiB)
[2026-04-07T20:57:22.382+0000] {subprocess.py:106} INFO - 26/04/07 20:57:22 INFO MemoryStore: Block broadcast_42_piece0 stored as bytes in memory (estimated size 30.3 KiB, free 433.8 MiB)
[2026-04-07T20:57:22.383+0000] {subprocess.py:106} INFO - 26/04/07 20:57:22 INFO BlockManagerInfo: Added broadcast_42_piece0 in memory on c05002f484b8:40059 (size: 30.3 KiB, free: 434.1 MiB)
[2026-04-07T20:57:22.385+0000] {subprocess.py:106} INFO - 26/04/07 20:57:22 INFO SparkContext: Created broadcast 42 from broadcast at SparkBatch.java:79
[2026-04-07T20:57:22.386+0000] {subprocess.py:106} INFO - 26/04/07 20:57:22 INFO MemoryStore: Block broadcast_43 stored as values in memory (estimated size 32.0 KiB, free 433.8 MiB)
[2026-04-07T20:57:22.388+0000] {subprocess.py:106} INFO - 26/04/07 20:57:22 INFO MemoryStore: Block broadcast_43_piece0 stored as bytes in memory (estimated size 30.4 KiB, free 433.7 MiB)
[2026-04-07T20:57:22.389+0000] {subprocess.py:106} INFO - 26/04/07 20:57:22 INFO BlockManagerInfo: Added broadcast_43_piece0 in memory on c05002f484b8:40059 (size: 30.4 KiB, free: 434.1 MiB)
[2026-04-07T20:57:22.392+0000] {subprocess.py:106} INFO - 26/04/07 20:57:22 INFO SparkContext: Created broadcast 43 from broadcast at SparkBatch.java:79
[2026-04-07T20:57:22.481+0000] {subprocess.py:106} INFO - 26/04/07 20:57:22 INFO MemoryStore: Block broadcast_44 stored as values in memory (estimated size 32.0 KiB, free 433.7 MiB)
[2026-04-07T20:57:22.502+0000] {subprocess.py:106} INFO - 26/04/07 20:57:22 INFO MemoryStore: Block broadcast_44_piece0 stored as bytes in memory (estimated size 30.3 KiB, free 433.7 MiB)
[2026-04-07T20:57:22.505+0000] {subprocess.py:106} INFO - 26/04/07 20:57:22 INFO BlockManagerInfo: Added broadcast_44_piece0 in memory on c05002f484b8:40059 (size: 30.3 KiB, free: 434.0 MiB)
[2026-04-07T20:57:22.506+0000] {subprocess.py:106} INFO - 26/04/07 20:57:22 INFO SparkContext: Created broadcast 44 from broadcast at SparkBatch.java:79
[2026-04-07T20:57:22.543+0000] {subprocess.py:106} INFO - 26/04/07 20:57:22 INFO DAGScheduler: Registering RDD 48 (create at <unknown>:0) as input to shuffle 8
[2026-04-07T20:57:22.544+0000] {subprocess.py:106} INFO - 26/04/07 20:57:22 INFO DAGScheduler: Got map stage job 15 (create at <unknown>:0) with 1 output partitions
[2026-04-07T20:57:22.544+0000] {subprocess.py:106} INFO - 26/04/07 20:57:22 INFO DAGScheduler: Final stage: ShuffleMapStage 24 (create at <unknown>:0)
[2026-04-07T20:57:22.545+0000] {subprocess.py:106} INFO - 26/04/07 20:57:22 INFO DAGScheduler: Parents of final stage: List()
[2026-04-07T20:57:22.550+0000] {subprocess.py:106} INFO - 26/04/07 20:57:22 INFO DAGScheduler: Missing parents: List()
[2026-04-07T20:57:22.555+0000] {subprocess.py:106} INFO - 26/04/07 20:57:22 INFO DAGScheduler: Submitting ShuffleMapStage 24 (MapPartitionsRDD[48] at create at <unknown>:0), which has no missing parents
[2026-04-07T20:57:22.585+0000] {subprocess.py:106} INFO - 26/04/07 20:57:22 INFO MemoryStore: Block broadcast_45 stored as values in memory (estimated size 37.2 KiB, free 433.6 MiB)
[2026-04-07T20:57:22.587+0000] {subprocess.py:106} INFO - 26/04/07 20:57:22 INFO MemoryStore: Block broadcast_45_piece0 stored as bytes in memory (estimated size 16.2 KiB, free 433.6 MiB)
[2026-04-07T20:57:22.589+0000] {subprocess.py:106} INFO - 26/04/07 20:57:22 INFO BlockManagerInfo: Added broadcast_45_piece0 in memory on c05002f484b8:40059 (size: 16.2 KiB, free: 434.0 MiB)
[2026-04-07T20:57:22.590+0000] {subprocess.py:106} INFO - 26/04/07 20:57:22 INFO SparkContext: Created broadcast 45 from broadcast at DAGScheduler.scala:1585
[2026-04-07T20:57:22.591+0000] {subprocess.py:106} INFO - 26/04/07 20:57:22 INFO DAGScheduler: Submitting 1 missing tasks from ShuffleMapStage 24 (MapPartitionsRDD[48] at create at <unknown>:0) (first 15 tasks are for partitions Vector(0))
[2026-04-07T20:57:22.591+0000] {subprocess.py:106} INFO - 26/04/07 20:57:22 INFO TaskSchedulerImpl: Adding task set 24.0 with 1 tasks resource profile 0
[2026-04-07T20:57:22.595+0000] {subprocess.py:106} INFO - 26/04/07 20:57:22 INFO TaskSetManager: Starting task 0.0 in stage 24.0 (TID 15) (172.30.0.6, executor 0, partition 0, PROCESS_LOCAL, 15918 bytes)
[2026-04-07T20:57:22.620+0000] {subprocess.py:106} INFO - 26/04/07 20:57:22 INFO CodeGenerator: Code generated in 39.151747 ms
[2026-04-07T20:57:22.621+0000] {subprocess.py:106} INFO - 26/04/07 20:57:22 INFO BlockManagerInfo: Added broadcast_45_piece0 in memory on 172.30.0.6:44319 (size: 16.2 KiB, free: 434.4 MiB)
[2026-04-07T20:57:22.638+0000] {subprocess.py:106} INFO - 26/04/07 20:57:22 INFO DAGScheduler: Registering RDD 52 (create at <unknown>:0) as input to shuffle 9
[2026-04-07T20:57:22.639+0000] {subprocess.py:106} INFO - 26/04/07 20:57:22 INFO DAGScheduler: Got map stage job 16 (create at <unknown>:0) with 1 output partitions
[2026-04-07T20:57:22.644+0000] {subprocess.py:106} INFO - 26/04/07 20:57:22 INFO DAGScheduler: Final stage: ShuffleMapStage 25 (create at <unknown>:0)
[2026-04-07T20:57:22.645+0000] {subprocess.py:106} INFO - 26/04/07 20:57:22 INFO DAGScheduler: Parents of final stage: List()
[2026-04-07T20:57:22.647+0000] {subprocess.py:106} INFO - 26/04/07 20:57:22 INFO DAGScheduler: Missing parents: List()
[2026-04-07T20:57:22.652+0000] {subprocess.py:106} INFO - 26/04/07 20:57:22 INFO DAGScheduler: Submitting ShuffleMapStage 25 (MapPartitionsRDD[52] at create at <unknown>:0), which has no missing parents
[2026-04-07T20:57:22.658+0000] {subprocess.py:106} INFO - 26/04/07 20:57:22 INFO MemoryStore: Block broadcast_46 stored as values in memory (estimated size 39.5 KiB, free 433.6 MiB)
[2026-04-07T20:57:22.671+0000] {subprocess.py:106} INFO - 26/04/07 20:57:22 INFO MemoryStore: Block broadcast_46_piece0 stored as bytes in memory (estimated size 17.2 KiB, free 433.6 MiB)
[2026-04-07T20:57:22.680+0000] {subprocess.py:106} INFO - 26/04/07 20:57:22 INFO BlockManagerInfo: Added broadcast_46_piece0 in memory on c05002f484b8:40059 (size: 17.2 KiB, free: 434.0 MiB)
[2026-04-07T20:57:22.681+0000] {subprocess.py:106} INFO - 26/04/07 20:57:22 INFO SparkContext: Created broadcast 46 from broadcast at DAGScheduler.scala:1585
[2026-04-07T20:57:22.682+0000] {subprocess.py:106} INFO - 26/04/07 20:57:22 INFO DAGScheduler: Submitting 1 missing tasks from ShuffleMapStage 25 (MapPartitionsRDD[52] at create at <unknown>:0) (first 15 tasks are for partitions Vector(0))
[2026-04-07T20:57:22.683+0000] {subprocess.py:106} INFO - 26/04/07 20:57:22 INFO TaskSchedulerImpl: Adding task set 25.0 with 1 tasks resource profile 0
[2026-04-07T20:57:22.688+0000] {subprocess.py:106} INFO - 26/04/07 20:57:22 INFO BlockManagerInfo: Added broadcast_40_piece0 in memory on 172.30.0.6:44319 (size: 30.3 KiB, free: 434.4 MiB)
[2026-04-07T20:57:22.733+0000] {subprocess.py:106} INFO - 26/04/07 20:57:22 INFO CodeGenerator: Code generated in 77.350383 ms
[2026-04-07T20:57:22.773+0000] {subprocess.py:106} INFO - 26/04/07 20:57:22 INFO DAGScheduler: Registering RDD 56 (create at <unknown>:0) as input to shuffle 10
[2026-04-07T20:57:22.774+0000] {subprocess.py:106} INFO - 26/04/07 20:57:22 INFO DAGScheduler: Got map stage job 17 (create at <unknown>:0) with 1 output partitions
[2026-04-07T20:57:22.776+0000] {subprocess.py:106} INFO - 26/04/07 20:57:22 INFO DAGScheduler: Final stage: ShuffleMapStage 26 (create at <unknown>:0)
[2026-04-07T20:57:22.777+0000] {subprocess.py:106} INFO - 26/04/07 20:57:22 INFO DAGScheduler: Parents of final stage: List()
[2026-04-07T20:57:22.782+0000] {subprocess.py:106} INFO - 26/04/07 20:57:22 INFO DAGScheduler: Missing parents: List()
[2026-04-07T20:57:22.785+0000] {subprocess.py:106} INFO - 26/04/07 20:57:22 INFO DAGScheduler: Submitting ShuffleMapStage 26 (MapPartitionsRDD[56] at create at <unknown>:0), which has no missing parents
[2026-04-07T20:57:22.796+0000] {subprocess.py:106} INFO - 26/04/07 20:57:22 INFO MemoryStore: Block broadcast_47 stored as values in memory (estimated size 40.1 KiB, free 433.5 MiB)
[2026-04-07T20:57:22.797+0000] {subprocess.py:106} INFO - 26/04/07 20:57:22 INFO MemoryStore: Block broadcast_47_piece0 stored as bytes in memory (estimated size 17.5 KiB, free 433.5 MiB)
[2026-04-07T20:57:22.798+0000] {subprocess.py:106} INFO - 26/04/07 20:57:22 INFO BlockManagerInfo: Added broadcast_47_piece0 in memory on c05002f484b8:40059 (size: 17.5 KiB, free: 434.0 MiB)
[2026-04-07T20:57:22.799+0000] {subprocess.py:106} INFO - 26/04/07 20:57:22 INFO SparkContext: Created broadcast 47 from broadcast at DAGScheduler.scala:1585
[2026-04-07T20:57:22.799+0000] {subprocess.py:106} INFO - 26/04/07 20:57:22 INFO DAGScheduler: Submitting 1 missing tasks from ShuffleMapStage 26 (MapPartitionsRDD[56] at create at <unknown>:0) (first 15 tasks are for partitions Vector(0))
[2026-04-07T20:57:22.800+0000] {subprocess.py:106} INFO - 26/04/07 20:57:22 INFO TaskSchedulerImpl: Adding task set 26.0 with 1 tasks resource profile 0
[2026-04-07T20:57:22.824+0000] {subprocess.py:106} INFO - 26/04/07 20:57:22 INFO CodeGenerator: Code generated in 38.811929 ms
[2026-04-07T20:57:22.838+0000] {subprocess.py:106} INFO - 26/04/07 20:57:22 INFO DAGScheduler: Registering RDD 60 (create at <unknown>:0) as input to shuffle 11
[2026-04-07T20:57:22.839+0000] {subprocess.py:106} INFO - 26/04/07 20:57:22 INFO DAGScheduler: Got map stage job 18 (create at <unknown>:0) with 1 output partitions
[2026-04-07T20:57:22.839+0000] {subprocess.py:106} INFO - 26/04/07 20:57:22 INFO DAGScheduler: Final stage: ShuffleMapStage 27 (create at <unknown>:0)
[2026-04-07T20:57:22.840+0000] {subprocess.py:106} INFO - 26/04/07 20:57:22 INFO DAGScheduler: Parents of final stage: List()
[2026-04-07T20:57:22.840+0000] {subprocess.py:106} INFO - 26/04/07 20:57:22 INFO DAGScheduler: Missing parents: List()
[2026-04-07T20:57:22.842+0000] {subprocess.py:106} INFO - 26/04/07 20:57:22 INFO DAGScheduler: Submitting ShuffleMapStage 27 (MapPartitionsRDD[60] at create at <unknown>:0), which has no missing parents
[2026-04-07T20:57:22.846+0000] {subprocess.py:106} INFO - 26/04/07 20:57:22 INFO MemoryStore: Block broadcast_48 stored as values in memory (estimated size 37.2 KiB, free 433.5 MiB)
[2026-04-07T20:57:22.859+0000] {subprocess.py:106} INFO - 26/04/07 20:57:22 INFO MemoryStore: Block broadcast_48_piece0 stored as bytes in memory (estimated size 16.3 KiB, free 433.5 MiB)
[2026-04-07T20:57:22.863+0000] {subprocess.py:106} INFO - 26/04/07 20:57:22 INFO BlockManagerInfo: Added broadcast_48_piece0 in memory on c05002f484b8:40059 (size: 16.3 KiB, free: 434.0 MiB)
[2026-04-07T20:57:22.865+0000] {subprocess.py:106} INFO - 26/04/07 20:57:22 INFO SparkContext: Created broadcast 48 from broadcast at DAGScheduler.scala:1585
[2026-04-07T20:57:22.866+0000] {subprocess.py:106} INFO - 26/04/07 20:57:22 INFO DAGScheduler: Submitting 1 missing tasks from ShuffleMapStage 27 (MapPartitionsRDD[60] at create at <unknown>:0) (first 15 tasks are for partitions Vector(0))
[2026-04-07T20:57:22.867+0000] {subprocess.py:106} INFO - 26/04/07 20:57:22 INFO TaskSchedulerImpl: Adding task set 27.0 with 1 tasks resource profile 0
[2026-04-07T20:57:22.898+0000] {subprocess.py:106} INFO - 26/04/07 20:57:22 INFO CodeGenerator: Code generated in 49.834772 ms
[2026-04-07T20:57:22.915+0000] {subprocess.py:106} INFO - 26/04/07 20:57:22 INFO DAGScheduler: Registering RDD 64 (create at <unknown>:0) as input to shuffle 12
[2026-04-07T20:57:22.916+0000] {subprocess.py:106} INFO - 26/04/07 20:57:22 INFO DAGScheduler: Got map stage job 19 (create at <unknown>:0) with 1 output partitions
[2026-04-07T20:57:22.920+0000] {subprocess.py:106} INFO - 26/04/07 20:57:22 INFO DAGScheduler: Final stage: ShuffleMapStage 28 (create at <unknown>:0)
[2026-04-07T20:57:22.920+0000] {subprocess.py:106} INFO - 26/04/07 20:57:22 INFO DAGScheduler: Parents of final stage: List()
[2026-04-07T20:57:22.921+0000] {subprocess.py:106} INFO - 26/04/07 20:57:22 INFO DAGScheduler: Missing parents: List()
[2026-04-07T20:57:22.922+0000] {subprocess.py:106} INFO - 26/04/07 20:57:22 INFO DAGScheduler: Submitting ShuffleMapStage 28 (MapPartitionsRDD[64] at create at <unknown>:0), which has no missing parents
[2026-04-07T20:57:22.946+0000] {subprocess.py:106} INFO - 26/04/07 20:57:22 INFO MemoryStore: Block broadcast_49 stored as values in memory (estimated size 29.4 KiB, free 433.4 MiB)
[2026-04-07T20:57:22.946+0000] {subprocess.py:106} INFO - 26/04/07 20:57:22 INFO MemoryStore: Block broadcast_49_piece0 stored as bytes in memory (estimated size 12.3 KiB, free 433.4 MiB)
[2026-04-07T20:57:22.947+0000] {subprocess.py:106} INFO - 26/04/07 20:57:22 INFO BlockManagerInfo: Added broadcast_49_piece0 in memory on c05002f484b8:40059 (size: 12.3 KiB, free: 434.0 MiB)
[2026-04-07T20:57:22.948+0000] {subprocess.py:106} INFO - 26/04/07 20:57:22 INFO SparkContext: Created broadcast 49 from broadcast at DAGScheduler.scala:1585
[2026-04-07T20:57:22.953+0000] {subprocess.py:106} INFO - 26/04/07 20:57:22 INFO DAGScheduler: Submitting 1 missing tasks from ShuffleMapStage 28 (MapPartitionsRDD[64] at create at <unknown>:0) (first 15 tasks are for partitions Vector(0))
[2026-04-07T20:57:22.956+0000] {subprocess.py:106} INFO - 26/04/07 20:57:22 INFO TaskSchedulerImpl: Adding task set 28.0 with 1 tasks resource profile 0
[2026-04-07T20:57:23.059+0000] {subprocess.py:106} INFO - 26/04/07 20:57:23 INFO TaskSetManager: Starting task 0.0 in stage 25.0 (TID 16) (172.30.0.6, executor 0, partition 0, PROCESS_LOCAL, 15977 bytes)
[2026-04-07T20:57:23.063+0000] {subprocess.py:106} INFO - 26/04/07 20:57:23 INFO TaskSetManager: Finished task 0.0 in stage 24.0 (TID 15) in 470 ms on 172.30.0.6 (executor 0) (1/1)
[2026-04-07T20:57:23.065+0000] {subprocess.py:106} INFO - 26/04/07 20:57:23 INFO TaskSchedulerImpl: Removed TaskSet 24.0, whose tasks have all completed, from pool
[2026-04-07T20:57:23.067+0000] {subprocess.py:106} INFO - 26/04/07 20:57:23 INFO DAGScheduler: ShuffleMapStage 24 (create at <unknown>:0) finished in 0.507 s
[2026-04-07T20:57:23.068+0000] {subprocess.py:106} INFO - 26/04/07 20:57:23 INFO DAGScheduler: looking for newly runnable stages
[2026-04-07T20:57:23.068+0000] {subprocess.py:106} INFO - 26/04/07 20:57:23 INFO DAGScheduler: running: Set(ShuffleMapStage 27, ShuffleMapStage 28, ShuffleMapStage 25, ShuffleMapStage 26)
[2026-04-07T20:57:23.069+0000] {subprocess.py:106} INFO - 26/04/07 20:57:23 INFO DAGScheduler: waiting: Set()
[2026-04-07T20:57:23.070+0000] {subprocess.py:106} INFO - 26/04/07 20:57:23 INFO DAGScheduler: failed: Set()
[2026-04-07T20:57:23.082+0000] {subprocess.py:106} INFO - 26/04/07 20:57:23 INFO BlockManagerInfo: Added broadcast_46_piece0 in memory on 172.30.0.6:44319 (size: 17.2 KiB, free: 434.3 MiB)
[2026-04-07T20:57:23.089+0000] {subprocess.py:106} INFO - 26/04/07 20:57:23 INFO MemoryStore: Block broadcast_50 stored as values in memory (estimated size 32.0 KiB, free 433.4 MiB)
[2026-04-07T20:57:23.109+0000] {subprocess.py:106} INFO - 26/04/07 20:57:23 INFO MemoryStore: Block broadcast_50_piece0 stored as bytes in memory (estimated size 30.4 KiB, free 433.4 MiB)
[2026-04-07T20:57:23.117+0000] {subprocess.py:106} INFO - 26/04/07 20:57:23 INFO BlockManagerInfo: Added broadcast_50_piece0 in memory on c05002f484b8:40059 (size: 30.4 KiB, free: 433.9 MiB)
[2026-04-07T20:57:23.121+0000] {subprocess.py:106} INFO - 26/04/07 20:57:23 INFO BlockManagerInfo: Removed broadcast_45_piece0 on 172.30.0.6:44319 in memory (size: 16.2 KiB, free: 434.4 MiB)
[2026-04-07T20:57:23.124+0000] {subprocess.py:106} INFO - 26/04/07 20:57:23 INFO BlockManagerInfo: Removed broadcast_45_piece0 on c05002f484b8:40059 in memory (size: 16.2 KiB, free: 434.0 MiB)
[2026-04-07T20:57:23.125+0000] {subprocess.py:106} INFO - 26/04/07 20:57:23 INFO SparkContext: Created broadcast 50 from broadcast at SparkBatch.java:79
[2026-04-07T20:57:23.150+0000] {subprocess.py:106} INFO - 26/04/07 20:57:23 INFO ShufflePartitionsUtil: For shuffle(8), advisory target size: 67108864, actual target size 1048576, minimum partition size: 1048576
[2026-04-07T20:57:23.183+0000] {subprocess.py:106} INFO - 26/04/07 20:57:23 INFO BlockManagerInfo: Added broadcast_41_piece0 in memory on 172.30.0.6:44319 (size: 30.4 KiB, free: 434.3 MiB)
[2026-04-07T20:57:23.247+0000] {subprocess.py:106} INFO - 26/04/07 20:57:23 INFO CodeGenerator: Code generated in 47.475017 ms
[2026-04-07T20:57:23.290+0000] {subprocess.py:106} INFO - 26/04/07 20:57:23 INFO SparkContext: Starting job: $anonfun$withThreadLocalCaptured$1 at <unknown>:0
[2026-04-07T20:57:23.296+0000] {subprocess.py:106} INFO - 26/04/07 20:57:23 INFO DAGScheduler: Got job 20 ($anonfun$withThreadLocalCaptured$1 at <unknown>:0) with 1 output partitions
[2026-04-07T20:57:23.297+0000] {subprocess.py:106} INFO - 26/04/07 20:57:23 INFO DAGScheduler: Final stage: ResultStage 30 ($anonfun$withThreadLocalCaptured$1 at <unknown>:0)
[2026-04-07T20:57:23.299+0000] {subprocess.py:106} INFO - 26/04/07 20:57:23 INFO DAGScheduler: Parents of final stage: List(ShuffleMapStage 29)
[2026-04-07T20:57:23.300+0000] {subprocess.py:106} INFO - 26/04/07 20:57:23 INFO DAGScheduler: Missing parents: List()
[2026-04-07T20:57:23.302+0000] {subprocess.py:106} INFO - 26/04/07 20:57:23 INFO DAGScheduler: Submitting ResultStage 30 (MapPartitionsRDD[67] at $anonfun$withThreadLocalCaptured$1 at <unknown>:0), which has no missing parents
[2026-04-07T20:57:23.304+0000] {subprocess.py:106} INFO - 26/04/07 20:57:23 INFO MemoryStore: Block broadcast_51 stored as values in memory (estimated size 42.2 KiB, free 433.4 MiB)
[2026-04-07T20:57:23.337+0000] {subprocess.py:106} INFO - 26/04/07 20:57:23 INFO MemoryStore: Block broadcast_51_piece0 stored as bytes in memory (estimated size 18.7 KiB, free 433.3 MiB)
[2026-04-07T20:57:23.342+0000] {subprocess.py:106} INFO - 26/04/07 20:57:23 INFO BlockManagerInfo: Removed broadcast_50_piece0 on c05002f484b8:40059 in memory (size: 30.4 KiB, free: 434.0 MiB)
[2026-04-07T20:57:23.342+0000] {subprocess.py:106} INFO - 26/04/07 20:57:23 INFO BlockManagerInfo: Added broadcast_51_piece0 in memory on c05002f484b8:40059 (size: 18.7 KiB, free: 434.0 MiB)
[2026-04-07T20:57:23.343+0000] {subprocess.py:106} INFO - 26/04/07 20:57:23 INFO SparkContext: Created broadcast 51 from broadcast at DAGScheduler.scala:1585
[2026-04-07T20:57:23.344+0000] {subprocess.py:106} INFO - 26/04/07 20:57:23 INFO DAGScheduler: Submitting 1 missing tasks from ResultStage 30 (MapPartitionsRDD[67] at $anonfun$withThreadLocalCaptured$1 at <unknown>:0) (first 15 tasks are for partitions Vector(0))
[2026-04-07T20:57:23.344+0000] {subprocess.py:106} INFO - 26/04/07 20:57:23 INFO TaskSchedulerImpl: Adding task set 30.0 with 1 tasks resource profile 0
[2026-04-07T20:57:23.484+0000] {subprocess.py:106} INFO - 26/04/07 20:57:23 INFO TaskSetManager: Starting task 0.0 in stage 26.0 (TID 17) (172.30.0.6, executor 0, partition 0, PROCESS_LOCAL, 15991 bytes)
[2026-04-07T20:57:23.485+0000] {subprocess.py:106} INFO - 26/04/07 20:57:23 INFO TaskSetManager: Finished task 0.0 in stage 25.0 (TID 16) in 421 ms on 172.30.0.6 (executor 0) (1/1)
[2026-04-07T20:57:23.488+0000] {subprocess.py:106} INFO - 26/04/07 20:57:23 INFO TaskSchedulerImpl: Removed TaskSet 25.0, whose tasks have all completed, from pool
[2026-04-07T20:57:23.489+0000] {subprocess.py:106} INFO - 26/04/07 20:57:23 INFO DAGScheduler: ShuffleMapStage 25 (create at <unknown>:0) finished in 0.829 s
[2026-04-07T20:57:23.490+0000] {subprocess.py:106} INFO - 26/04/07 20:57:23 INFO DAGScheduler: looking for newly runnable stages
[2026-04-07T20:57:23.490+0000] {subprocess.py:106} INFO - 26/04/07 20:57:23 INFO DAGScheduler: running: Set(ResultStage 30, ShuffleMapStage 27, ShuffleMapStage 28, ShuffleMapStage 26)
[2026-04-07T20:57:23.491+0000] {subprocess.py:106} INFO - 26/04/07 20:57:23 INFO DAGScheduler: waiting: Set()
[2026-04-07T20:57:23.491+0000] {subprocess.py:106} INFO - 26/04/07 20:57:23 INFO DAGScheduler: failed: Set()
[2026-04-07T20:57:23.494+0000] {subprocess.py:106} INFO - 26/04/07 20:57:23 INFO BlockManagerInfo: Added broadcast_47_piece0 in memory on 172.30.0.6:44319 (size: 17.5 KiB, free: 434.3 MiB)
[2026-04-07T20:57:23.504+0000] {subprocess.py:106} INFO - 26/04/07 20:57:23 INFO MemoryStore: Block broadcast_52 stored as values in memory (estimated size 32.0 KiB, free 433.4 MiB)
[2026-04-07T20:57:23.521+0000] {subprocess.py:106} INFO - 26/04/07 20:57:23 INFO MemoryStore: Block broadcast_52_piece0 stored as bytes in memory (estimated size 30.3 KiB, free 433.3 MiB)
[2026-04-07T20:57:23.523+0000] {subprocess.py:106} INFO - 26/04/07 20:57:23 INFO BlockManagerInfo: Added broadcast_52_piece0 in memory on c05002f484b8:40059 (size: 30.3 KiB, free: 433.9 MiB)
[2026-04-07T20:57:23.526+0000] {subprocess.py:106} INFO - 26/04/07 20:57:23 INFO BlockManagerInfo: Removed broadcast_46_piece0 on c05002f484b8:40059 in memory (size: 17.2 KiB, free: 434.0 MiB)
[2026-04-07T20:57:23.527+0000] {subprocess.py:106} INFO - 26/04/07 20:57:23 INFO SparkContext: Created broadcast 52 from broadcast at SparkBatch.java:79
[2026-04-07T20:57:23.536+0000] {subprocess.py:106} INFO - 26/04/07 20:57:23 INFO BlockManagerInfo: Removed broadcast_46_piece0 on 172.30.0.6:44319 in memory (size: 17.2 KiB, free: 434.3 MiB)
[2026-04-07T20:57:23.552+0000] {subprocess.py:106} INFO - 26/04/07 20:57:23 INFO ShufflePartitionsUtil: For shuffle(9), advisory target size: 67108864, actual target size 1048576, minimum partition size: 1048576
[2026-04-07T20:57:23.632+0000] {subprocess.py:106} INFO - 26/04/07 20:57:23 INFO BlockManagerInfo: Added broadcast_42_piece0 in memory on 172.30.0.6:44319 (size: 30.3 KiB, free: 434.3 MiB)
[2026-04-07T20:57:23.683+0000] {subprocess.py:106} INFO - 26/04/07 20:57:23 INFO CodeGenerator: Code generated in 55.822003 ms
[2026-04-07T20:57:23.727+0000] {subprocess.py:106} INFO - 26/04/07 20:57:23 INFO SparkContext: Starting job: $anonfun$withThreadLocalCaptured$1 at <unknown>:0
[2026-04-07T20:57:23.728+0000] {subprocess.py:106} INFO - 26/04/07 20:57:23 INFO DAGScheduler: Got job 21 ($anonfun$withThreadLocalCaptured$1 at <unknown>:0) with 1 output partitions
[2026-04-07T20:57:23.729+0000] {subprocess.py:106} INFO - 26/04/07 20:57:23 INFO DAGScheduler: Final stage: ResultStage 32 ($anonfun$withThreadLocalCaptured$1 at <unknown>:0)
[2026-04-07T20:57:23.730+0000] {subprocess.py:106} INFO - 26/04/07 20:57:23 INFO DAGScheduler: Parents of final stage: List(ShuffleMapStage 31)
[2026-04-07T20:57:23.730+0000] {subprocess.py:106} INFO - 26/04/07 20:57:23 INFO DAGScheduler: Missing parents: List()
[2026-04-07T20:57:23.731+0000] {subprocess.py:106} INFO - 26/04/07 20:57:23 INFO DAGScheduler: Submitting ResultStage 32 (MapPartitionsRDD[70] at $anonfun$withThreadLocalCaptured$1 at <unknown>:0), which has no missing parents
[2026-04-07T20:57:23.735+0000] {subprocess.py:106} INFO - 26/04/07 20:57:23 INFO MemoryStore: Block broadcast_53 stored as values in memory (estimated size 44.6 KiB, free 433.4 MiB)
[2026-04-07T20:57:23.764+0000] {subprocess.py:106} INFO - 26/04/07 20:57:23 INFO MemoryStore: Block broadcast_53_piece0 stored as bytes in memory (estimated size 19.7 KiB, free 433.3 MiB)
[2026-04-07T20:57:23.772+0000] {subprocess.py:106} INFO - 26/04/07 20:57:23 INFO BlockManagerInfo: Added broadcast_53_piece0 in memory on c05002f484b8:40059 (size: 19.7 KiB, free: 433.9 MiB)
[2026-04-07T20:57:23.782+0000] {subprocess.py:106} INFO - 26/04/07 20:57:23 INFO BlockManagerInfo: Removed broadcast_52_piece0 on c05002f484b8:40059 in memory (size: 30.3 KiB, free: 434.0 MiB)
[2026-04-07T20:57:23.787+0000] {subprocess.py:106} INFO - 26/04/07 20:57:23 INFO SparkContext: Created broadcast 53 from broadcast at DAGScheduler.scala:1585
[2026-04-07T20:57:23.790+0000] {subprocess.py:106} INFO - 26/04/07 20:57:23 INFO DAGScheduler: Submitting 1 missing tasks from ResultStage 32 (MapPartitionsRDD[70] at $anonfun$withThreadLocalCaptured$1 at <unknown>:0) (first 15 tasks are for partitions Vector(0))
[2026-04-07T20:57:23.791+0000] {subprocess.py:106} INFO - 26/04/07 20:57:23 INFO TaskSchedulerImpl: Adding task set 32.0 with 1 tasks resource profile 0
[2026-04-07T20:57:24.003+0000] {subprocess.py:106} INFO - 26/04/07 20:57:23 INFO TaskSetManager: Starting task 0.0 in stage 27.0 (TID 18) (172.30.0.6, executor 0, partition 0, PROCESS_LOCAL, 15912 bytes)
[2026-04-07T20:57:24.018+0000] {subprocess.py:106} INFO - 26/04/07 20:57:23 INFO TaskSetManager: Finished task 0.0 in stage 26.0 (TID 17) in 522 ms on 172.30.0.6 (executor 0) (1/1)
[2026-04-07T20:57:24.019+0000] {subprocess.py:106} INFO - 26/04/07 20:57:23 INFO TaskSchedulerImpl: Removed TaskSet 26.0, whose tasks have all completed, from pool
[2026-04-07T20:57:24.020+0000] {subprocess.py:106} INFO - 26/04/07 20:57:24 INFO DAGScheduler: ShuffleMapStage 26 (create at <unknown>:0) finished in 1.216 s
[2026-04-07T20:57:24.020+0000] {subprocess.py:106} INFO - 26/04/07 20:57:24 INFO DAGScheduler: looking for newly runnable stages
[2026-04-07T20:57:24.021+0000] {subprocess.py:106} INFO - 26/04/07 20:57:24 INFO DAGScheduler: running: Set(ResultStage 30, ShuffleMapStage 27, ResultStage 32, ShuffleMapStage 28)
[2026-04-07T20:57:24.021+0000] {subprocess.py:106} INFO - 26/04/07 20:57:24 INFO DAGScheduler: waiting: Set()
[2026-04-07T20:57:24.022+0000] {subprocess.py:106} INFO - 26/04/07 20:57:24 INFO DAGScheduler: failed: Set()
[2026-04-07T20:57:24.022+0000] {subprocess.py:106} INFO - 26/04/07 20:57:24 INFO MemoryStore: Block broadcast_54 stored as values in memory (estimated size 32.0 KiB, free 433.4 MiB)
[2026-04-07T20:57:24.056+0000] {subprocess.py:106} INFO - 26/04/07 20:57:24 INFO MemoryStore: Block broadcast_54_piece0 stored as bytes in memory (estimated size 30.4 KiB, free 433.3 MiB)
[2026-04-07T20:57:24.067+0000] {subprocess.py:106} INFO - 26/04/07 20:57:24 INFO BlockManagerInfo: Added broadcast_54_piece0 in memory on c05002f484b8:40059 (size: 30.4 KiB, free: 433.9 MiB)
[2026-04-07T20:57:24.068+0000] {subprocess.py:106} INFO - 26/04/07 20:57:24 INFO BlockManagerInfo: Added broadcast_48_piece0 in memory on 172.30.0.6:44319 (size: 16.3 KiB, free: 434.3 MiB)
[2026-04-07T20:57:24.072+0000] {subprocess.py:106} INFO - 26/04/07 20:57:24 INFO BlockManagerInfo: Removed broadcast_47_piece0 on c05002f484b8:40059 in memory (size: 17.5 KiB, free: 433.9 MiB)
[2026-04-07T20:57:24.075+0000] {subprocess.py:106} INFO - 26/04/07 20:57:24 INFO BlockManagerInfo: Removed broadcast_47_piece0 on 172.30.0.6:44319 in memory (size: 17.5 KiB, free: 434.3 MiB)
[2026-04-07T20:57:24.075+0000] {subprocess.py:106} INFO - 26/04/07 20:57:24 INFO SparkContext: Created broadcast 54 from broadcast at SparkBatch.java:79
[2026-04-07T20:57:24.089+0000] {subprocess.py:106} INFO - 26/04/07 20:57:24 INFO ShufflePartitionsUtil: For shuffle(10), advisory target size: 67108864, actual target size 1048576, minimum partition size: 1048576
[2026-04-07T20:57:24.180+0000] {subprocess.py:106} INFO - 26/04/07 20:57:24 INFO BlockManagerInfo: Added broadcast_43_piece0 in memory on 172.30.0.6:44319 (size: 30.4 KiB, free: 434.3 MiB)
[2026-04-07T20:57:24.208+0000] {subprocess.py:106} INFO - 26/04/07 20:57:24 INFO CodeGenerator: Code generated in 36.759644 ms
[2026-04-07T20:57:24.241+0000] {subprocess.py:106} INFO - 26/04/07 20:57:24 INFO SparkContext: Starting job: $anonfun$withThreadLocalCaptured$1 at <unknown>:0
[2026-04-07T20:57:24.244+0000] {subprocess.py:106} INFO - 26/04/07 20:57:24 INFO DAGScheduler: Got job 22 ($anonfun$withThreadLocalCaptured$1 at <unknown>:0) with 1 output partitions
[2026-04-07T20:57:24.246+0000] {subprocess.py:106} INFO - 26/04/07 20:57:24 INFO DAGScheduler: Final stage: ResultStage 34 ($anonfun$withThreadLocalCaptured$1 at <unknown>:0)
[2026-04-07T20:57:24.247+0000] {subprocess.py:106} INFO - 26/04/07 20:57:24 INFO DAGScheduler: Parents of final stage: List(ShuffleMapStage 33)
[2026-04-07T20:57:24.248+0000] {subprocess.py:106} INFO - 26/04/07 20:57:24 INFO DAGScheduler: Missing parents: List()
[2026-04-07T20:57:24.249+0000] {subprocess.py:106} INFO - 26/04/07 20:57:24 INFO DAGScheduler: Submitting ResultStage 34 (MapPartitionsRDD[73] at $anonfun$withThreadLocalCaptured$1 at <unknown>:0), which has no missing parents
[2026-04-07T20:57:24.252+0000] {subprocess.py:106} INFO - 26/04/07 20:57:24 INFO MemoryStore: Block broadcast_55 stored as values in memory (estimated size 45.1 KiB, free 433.3 MiB)
[2026-04-07T20:57:24.268+0000] {subprocess.py:106} INFO - 26/04/07 20:57:24 INFO MemoryStore: Block broadcast_55_piece0 stored as bytes in memory (estimated size 19.9 KiB, free 433.3 MiB)
[2026-04-07T20:57:24.270+0000] {subprocess.py:106} INFO - 26/04/07 20:57:24 INFO BlockManagerInfo: Added broadcast_55_piece0 in memory on c05002f484b8:40059 (size: 19.9 KiB, free: 433.9 MiB)
[2026-04-07T20:57:24.270+0000] {subprocess.py:106} INFO - 26/04/07 20:57:24 INFO SparkContext: Created broadcast 55 from broadcast at DAGScheduler.scala:1585
[2026-04-07T20:57:24.272+0000] {subprocess.py:106} INFO - 26/04/07 20:57:24 INFO DAGScheduler: Submitting 1 missing tasks from ResultStage 34 (MapPartitionsRDD[73] at $anonfun$withThreadLocalCaptured$1 at <unknown>:0) (first 15 tasks are for partitions Vector(0))
[2026-04-07T20:57:24.275+0000] {subprocess.py:106} INFO - 26/04/07 20:57:24 INFO TaskSchedulerImpl: Adding task set 34.0 with 1 tasks resource profile 0
[2026-04-07T20:57:24.280+0000] {subprocess.py:106} INFO - 26/04/07 20:57:24 INFO BlockManagerInfo: Removed broadcast_54_piece0 on c05002f484b8:40059 in memory (size: 30.4 KiB, free: 434.0 MiB)
[2026-04-07T20:57:24.477+0000] {subprocess.py:106} INFO - 26/04/07 20:57:24 INFO TaskSetManager: Starting task 0.0 in stage 28.0 (TID 19) (172.30.0.6, executor 0, partition 0, PROCESS_LOCAL, 15616 bytes)
[2026-04-07T20:57:24.478+0000] {subprocess.py:106} INFO - 26/04/07 20:57:24 INFO TaskSetManager: Finished task 0.0 in stage 27.0 (TID 18) in 481 ms on 172.30.0.6 (executor 0) (1/1)
[2026-04-07T20:57:24.478+0000] {subprocess.py:106} INFO - 26/04/07 20:57:24 INFO TaskSchedulerImpl: Removed TaskSet 27.0, whose tasks have all completed, from pool
[2026-04-07T20:57:24.479+0000] {subprocess.py:106} INFO - 26/04/07 20:57:24 INFO DAGScheduler: ShuffleMapStage 27 (create at <unknown>:0) finished in 1.635 s
[2026-04-07T20:57:24.480+0000] {subprocess.py:106} INFO - 26/04/07 20:57:24 INFO DAGScheduler: looking for newly runnable stages
[2026-04-07T20:57:24.481+0000] {subprocess.py:106} INFO - 26/04/07 20:57:24 INFO DAGScheduler: running: Set(ResultStage 30, ResultStage 34, ResultStage 32, ShuffleMapStage 28)
[2026-04-07T20:57:24.481+0000] {subprocess.py:106} INFO - 26/04/07 20:57:24 INFO DAGScheduler: waiting: Set()
[2026-04-07T20:57:24.482+0000] {subprocess.py:106} INFO - 26/04/07 20:57:24 INFO DAGScheduler: failed: Set()
[2026-04-07T20:57:24.491+0000] {subprocess.py:106} INFO - 26/04/07 20:57:24 INFO BlockManagerInfo: Added broadcast_49_piece0 in memory on 172.30.0.6:44319 (size: 12.3 KiB, free: 434.3 MiB)
[2026-04-07T20:57:24.495+0000] {subprocess.py:106} INFO - 26/04/07 20:57:24 INFO MemoryStore: Block broadcast_56 stored as values in memory (estimated size 32.0 KiB, free 433.4 MiB)
[2026-04-07T20:57:24.497+0000] {subprocess.py:106} INFO - 26/04/07 20:57:24 INFO MemoryStore: Block broadcast_56_piece0 stored as bytes in memory (estimated size 30.3 KiB, free 433.3 MiB)
[2026-04-07T20:57:24.499+0000] {subprocess.py:106} INFO - 26/04/07 20:57:24 INFO BlockManagerInfo: Added broadcast_56_piece0 in memory on c05002f484b8:40059 (size: 30.3 KiB, free: 433.9 MiB)
[2026-04-07T20:57:24.500+0000] {subprocess.py:106} INFO - 26/04/07 20:57:24 INFO SparkContext: Created broadcast 56 from broadcast at SparkBatch.java:79
[2026-04-07T20:57:24.513+0000] {subprocess.py:106} INFO - 26/04/07 20:57:24 INFO ShufflePartitionsUtil: For shuffle(11), advisory target size: 67108864, actual target size 1048576, minimum partition size: 1048576
[2026-04-07T20:57:24.546+0000] {subprocess.py:106} INFO - 26/04/07 20:57:24 INFO BlockManagerInfo: Added broadcast_44_piece0 in memory on 172.30.0.6:44319 (size: 30.3 KiB, free: 434.2 MiB)
[2026-04-07T20:57:24.577+0000] {subprocess.py:106} INFO - 26/04/07 20:57:24 INFO CodeGenerator: Code generated in 34.613853 ms
[2026-04-07T20:57:24.615+0000] {subprocess.py:106} INFO - 26/04/07 20:57:24 INFO SparkContext: Starting job: $anonfun$withThreadLocalCaptured$1 at <unknown>:0
[2026-04-07T20:57:24.617+0000] {subprocess.py:106} INFO - 26/04/07 20:57:24 INFO DAGScheduler: Got job 23 ($anonfun$withThreadLocalCaptured$1 at <unknown>:0) with 1 output partitions
[2026-04-07T20:57:24.624+0000] {subprocess.py:106} INFO - 26/04/07 20:57:24 INFO DAGScheduler: Final stage: ResultStage 36 ($anonfun$withThreadLocalCaptured$1 at <unknown>:0)
[2026-04-07T20:57:24.625+0000] {subprocess.py:106} INFO - 26/04/07 20:57:24 INFO DAGScheduler: Parents of final stage: List(ShuffleMapStage 35)
[2026-04-07T20:57:24.625+0000] {subprocess.py:106} INFO - 26/04/07 20:57:24 INFO DAGScheduler: Missing parents: List()
[2026-04-07T20:57:24.626+0000] {subprocess.py:106} INFO - 26/04/07 20:57:24 INFO DAGScheduler: Submitting ResultStage 36 (MapPartitionsRDD[76] at $anonfun$withThreadLocalCaptured$1 at <unknown>:0), which has no missing parents
[2026-04-07T20:57:24.626+0000] {subprocess.py:106} INFO - 26/04/07 20:57:24 INFO MemoryStore: Block broadcast_57 stored as values in memory (estimated size 42.1 KiB, free 433.3 MiB)
[2026-04-07T20:57:24.627+0000] {subprocess.py:106} INFO - 26/04/07 20:57:24 INFO MemoryStore: Block broadcast_57_piece0 stored as bytes in memory (estimated size 18.7 KiB, free 433.3 MiB)
[2026-04-07T20:57:24.628+0000] {subprocess.py:106} INFO - 26/04/07 20:57:24 INFO BlockManagerInfo: Added broadcast_57_piece0 in memory on c05002f484b8:40059 (size: 18.7 KiB, free: 433.9 MiB)
[2026-04-07T20:57:24.629+0000] {subprocess.py:106} INFO - 26/04/07 20:57:24 INFO SparkContext: Created broadcast 57 from broadcast at DAGScheduler.scala:1585
[2026-04-07T20:57:24.629+0000] {subprocess.py:106} INFO - 26/04/07 20:57:24 INFO DAGScheduler: Submitting 1 missing tasks from ResultStage 36 (MapPartitionsRDD[76] at $anonfun$withThreadLocalCaptured$1 at <unknown>:0) (first 15 tasks are for partitions Vector(0))
[2026-04-07T20:57:24.630+0000] {subprocess.py:106} INFO - 26/04/07 20:57:24 INFO TaskSchedulerImpl: Adding task set 36.0 with 1 tasks resource profile 0
[2026-04-07T20:57:24.803+0000] {subprocess.py:106} INFO - 26/04/07 20:57:24 INFO TaskSetManager: Starting task 0.0 in stage 30.0 (TID 20) (172.30.0.6, executor 0, partition 0, NODE_LOCAL, 9976 bytes)
[2026-04-07T20:57:24.804+0000] {subprocess.py:106} INFO - 26/04/07 20:57:24 INFO TaskSetManager: Finished task 0.0 in stage 28.0 (TID 19) in 321 ms on 172.30.0.6 (executor 0) (1/1)
[2026-04-07T20:57:24.805+0000] {subprocess.py:106} INFO - 26/04/07 20:57:24 INFO TaskSchedulerImpl: Removed TaskSet 28.0, whose tasks have all completed, from pool
[2026-04-07T20:57:24.806+0000] {subprocess.py:106} INFO - 26/04/07 20:57:24 INFO DAGScheduler: ShuffleMapStage 28 (create at <unknown>:0) finished in 1.878 s
[2026-04-07T20:57:24.807+0000] {subprocess.py:106} INFO - 26/04/07 20:57:24 INFO DAGScheduler: looking for newly runnable stages
[2026-04-07T20:57:24.808+0000] {subprocess.py:106} INFO - 26/04/07 20:57:24 INFO DAGScheduler: running: Set(ResultStage 30, ResultStage 34, ResultStage 32, ResultStage 36)
[2026-04-07T20:57:24.812+0000] {subprocess.py:106} INFO - 26/04/07 20:57:24 INFO DAGScheduler: waiting: Set()
[2026-04-07T20:57:24.813+0000] {subprocess.py:106} INFO - 26/04/07 20:57:24 INFO DAGScheduler: failed: Set()
[2026-04-07T20:57:24.822+0000] {subprocess.py:106} INFO - 26/04/07 20:57:24 INFO MemoryStore: Block broadcast_58 stored as values in memory (estimated size 32.0 KiB, free 433.2 MiB)
[2026-04-07T20:57:24.825+0000] {subprocess.py:106} INFO - 26/04/07 20:57:24 INFO BlockManagerInfo: Added broadcast_51_piece0 in memory on 172.30.0.6:44319 (size: 18.7 KiB, free: 434.2 MiB)
[2026-04-07T20:57:24.826+0000] {subprocess.py:106} INFO - 26/04/07 20:57:24 INFO MemoryStore: Block broadcast_58_piece0 stored as bytes in memory (estimated size 30.4 KiB, free 433.2 MiB)
[2026-04-07T20:57:24.827+0000] {subprocess.py:106} INFO - 26/04/07 20:57:24 INFO BlockManagerInfo: Added broadcast_58_piece0 in memory on c05002f484b8:40059 (size: 30.4 KiB, free: 433.9 MiB)
[2026-04-07T20:57:24.828+0000] {subprocess.py:106} INFO - 26/04/07 20:57:24 INFO SparkContext: Created broadcast 58 from broadcast at SparkBatch.java:79
[2026-04-07T20:57:24.835+0000] {subprocess.py:106} INFO - 26/04/07 20:57:24 INFO MapOutputTrackerMasterEndpoint: Asked to send map output locations for shuffle 8 to 172.30.0.6:50786
[2026-04-07T20:57:24.841+0000] {subprocess.py:106} INFO - 26/04/07 20:57:24 INFO ShufflePartitionsUtil: For shuffle(12), advisory target size: 67108864, actual target size 1048576, minimum partition size: 1048576
[2026-04-07T20:57:24.899+0000] {subprocess.py:106} INFO - 26/04/07 20:57:24 INFO TaskSetManager: Starting task 0.0 in stage 32.0 (TID 21) (172.30.0.6, executor 0, partition 0, NODE_LOCAL, 9976 bytes)
[2026-04-07T20:57:24.901+0000] {subprocess.py:106} INFO - 26/04/07 20:57:24 INFO TaskSetManager: Finished task 0.0 in stage 30.0 (TID 20) in 104 ms on 172.30.0.6 (executor 0) (1/1)
[2026-04-07T20:57:24.902+0000] {subprocess.py:106} INFO - 26/04/07 20:57:24 INFO TaskSchedulerImpl: Removed TaskSet 30.0, whose tasks have all completed, from pool
[2026-04-07T20:57:24.904+0000] {subprocess.py:106} INFO - 26/04/07 20:57:24 INFO DAGScheduler: ResultStage 30 ($anonfun$withThreadLocalCaptured$1 at <unknown>:0) finished in 1.601 s
[2026-04-07T20:57:24.905+0000] {subprocess.py:106} INFO - 26/04/07 20:57:24 INFO DAGScheduler: Job 20 is finished. Cancelling potential speculative or zombie tasks for this job
[2026-04-07T20:57:24.906+0000] {subprocess.py:106} INFO - 26/04/07 20:57:24 INFO TaskSchedulerImpl: Killing all running tasks in stage 30: Stage finished
[2026-04-07T20:57:24.907+0000] {subprocess.py:106} INFO - 26/04/07 20:57:24 INFO DAGScheduler: Job 20 finished: $anonfun$withThreadLocalCaptured$1 at <unknown>:0, took 1.611929 s
[2026-04-07T20:57:24.916+0000] {subprocess.py:106} INFO - 26/04/07 20:57:24 INFO BlockManagerInfo: Added broadcast_53_piece0 in memory on 172.30.0.6:44319 (size: 19.7 KiB, free: 434.2 MiB)
[2026-04-07T20:57:24.925+0000] {subprocess.py:106} INFO - 26/04/07 20:57:24 INFO MapOutputTrackerMasterEndpoint: Asked to send map output locations for shuffle 9 to 172.30.0.6:50786
[2026-04-07T20:57:24.933+0000] {subprocess.py:106} INFO - 26/04/07 20:57:24 INFO CodeGenerator: Code generated in 7.908887 ms
[2026-04-07T20:57:24.949+0000] {subprocess.py:106} INFO - 26/04/07 20:57:24 INFO CodeGenerator: Code generated in 70.97585 ms
[2026-04-07T20:57:24.969+0000] {subprocess.py:106} INFO - 26/04/07 20:57:24 INFO DAGScheduler: Registering RDD 79 (create at <unknown>:0) as input to shuffle 13
[2026-04-07T20:57:24.970+0000] {subprocess.py:106} INFO - 26/04/07 20:57:24 INFO DAGScheduler: Got map stage job 24 (create at <unknown>:0) with 1 output partitions
[2026-04-07T20:57:24.971+0000] {subprocess.py:106} INFO - 26/04/07 20:57:24 INFO DAGScheduler: Final stage: ShuffleMapStage 38 (create at <unknown>:0)
[2026-04-07T20:57:24.971+0000] {subprocess.py:106} INFO - 26/04/07 20:57:24 INFO DAGScheduler: Parents of final stage: List(ShuffleMapStage 37)
[2026-04-07T20:57:24.972+0000] {subprocess.py:106} INFO - 26/04/07 20:57:24 INFO DAGScheduler: Missing parents: List()
[2026-04-07T20:57:24.972+0000] {subprocess.py:106} INFO - 26/04/07 20:57:24 INFO DAGScheduler: Submitting ShuffleMapStage 38 (MapPartitionsRDD[79] at create at <unknown>:0), which has no missing parents
[2026-04-07T20:57:24.978+0000] {subprocess.py:106} INFO - 26/04/07 20:57:24 INFO TaskSetManager: Starting task 0.0 in stage 34.0 (TID 22) (172.30.0.6, executor 0, partition 0, NODE_LOCAL, 9976 bytes)
[2026-04-07T20:57:24.979+0000] {subprocess.py:106} INFO - 26/04/07 20:57:24 INFO TaskSetManager: Finished task 0.0 in stage 32.0 (TID 21) in 82 ms on 172.30.0.6 (executor 0) (1/1)
[2026-04-07T20:57:24.980+0000] {subprocess.py:106} INFO - 26/04/07 20:57:24 INFO TaskSchedulerImpl: Removed TaskSet 32.0, whose tasks have all completed, from pool
[2026-04-07T20:57:24.987+0000] {subprocess.py:106} INFO - 26/04/07 20:57:24 INFO MemoryStore: Block broadcast_60 stored as values in memory (estimated size 57.2 KiB, free 433.2 MiB)
[2026-04-07T20:57:24.988+0000] {subprocess.py:106} INFO - 26/04/07 20:57:24 INFO MemoryStore: Block broadcast_60_piece0 stored as bytes in memory (estimated size 21.7 KiB, free 433.1 MiB)
[2026-04-07T20:57:24.991+0000] {subprocess.py:106} INFO - 26/04/07 20:57:24 INFO BlockManagerInfo: Added broadcast_60_piece0 in memory on c05002f484b8:40059 (size: 21.7 KiB, free: 433.9 MiB)
[2026-04-07T20:57:24.993+0000] {subprocess.py:106} INFO - 26/04/07 20:57:24 INFO SparkContext: Created broadcast 60 from broadcast at DAGScheduler.scala:1585
[2026-04-07T20:57:24.993+0000] {subprocess.py:106} INFO - 26/04/07 20:57:24 INFO DAGScheduler: Submitting 1 missing tasks from ShuffleMapStage 38 (MapPartitionsRDD[79] at create at <unknown>:0) (first 15 tasks are for partitions Vector(0))
[2026-04-07T20:57:24.994+0000] {subprocess.py:106} INFO - 26/04/07 20:57:24 INFO TaskSchedulerImpl: Adding task set 38.0 with 1 tasks resource profile 0
[2026-04-07T20:57:24.995+0000] {subprocess.py:106} INFO - 26/04/07 20:57:24 INFO MemoryStore: Block broadcast_59_piece0 stored as bytes in memory (estimated size 52.3 KiB, free 433.1 MiB)
[2026-04-07T20:57:24.995+0000] {subprocess.py:106} INFO - 26/04/07 20:57:24 INFO BlockManagerInfo: Added broadcast_59_piece0 in memory on c05002f484b8:40059 (size: 52.3 KiB, free: 433.8 MiB)
[2026-04-07T20:57:24.996+0000] {subprocess.py:106} INFO - 26/04/07 20:57:24 INFO DAGScheduler: ResultStage 32 ($anonfun$withThreadLocalCaptured$1 at <unknown>:0) finished in 1.256 s
[2026-04-07T20:57:24.997+0000] {subprocess.py:106} INFO - 26/04/07 20:57:24 INFO SparkContext: Created broadcast 59 from $anonfun$withThreadLocalCaptured$1 at <unknown>:0
[2026-04-07T20:57:24.998+0000] {subprocess.py:106} INFO - 26/04/07 20:57:24 INFO DAGScheduler: Job 21 is finished. Cancelling potential speculative or zombie tasks for this job
[2026-04-07T20:57:24.998+0000] {subprocess.py:106} INFO - 26/04/07 20:57:24 INFO TaskSchedulerImpl: Killing all running tasks in stage 32: Stage finished
[2026-04-07T20:57:24.999+0000] {subprocess.py:106} INFO - 26/04/07 20:57:24 INFO DAGScheduler: Job 21 finished: $anonfun$withThreadLocalCaptured$1 at <unknown>:0, took 1.261169 s
[2026-04-07T20:57:25.014+0000] {subprocess.py:106} INFO - 26/04/07 20:57:25 INFO MemoryStore: Block broadcast_61_piece0 stored as bytes in memory (estimated size 559.0 B, free 433.1 MiB)
[2026-04-07T20:57:25.019+0000] {subprocess.py:106} INFO - 26/04/07 20:57:25 INFO BlockManagerInfo: Added broadcast_55_piece0 in memory on 172.30.0.6:44319 (size: 19.9 KiB, free: 434.2 MiB)
[2026-04-07T20:57:25.021+0000] {subprocess.py:106} INFO - 26/04/07 20:57:25 INFO BlockManagerInfo: Added broadcast_61_piece0 in memory on c05002f484b8:40059 (size: 559.0 B, free: 433.8 MiB)
[2026-04-07T20:57:25.022+0000] {subprocess.py:106} INFO - 26/04/07 20:57:25 INFO SparkContext: Created broadcast 61 from $anonfun$withThreadLocalCaptured$1 at <unknown>:0
[2026-04-07T20:57:25.026+0000] {subprocess.py:106} INFO - 26/04/07 20:57:25 INFO BlockManagerInfo: Removed broadcast_51_piece0 on c05002f484b8:40059 in memory (size: 18.7 KiB, free: 433.8 MiB)
[2026-04-07T20:57:25.027+0000] {subprocess.py:106} INFO - 26/04/07 20:57:25 INFO BlockManagerInfo: Removed broadcast_51_piece0 on 172.30.0.6:44319 in memory (size: 18.7 KiB, free: 434.2 MiB)
[2026-04-07T20:57:25.045+0000] {subprocess.py:106} INFO - 26/04/07 20:57:25 INFO MemoryStore: Block broadcast_62 stored as values in memory (estimated size 32.0 KiB, free 433.1 MiB)
[2026-04-07T20:57:25.047+0000] {subprocess.py:106} INFO - 26/04/07 20:57:25 INFO MemoryStore: Block broadcast_62_piece0 stored as bytes in memory (estimated size 30.3 KiB, free 433.1 MiB)
[2026-04-07T20:57:25.048+0000] {subprocess.py:106} INFO - 26/04/07 20:57:25 INFO MapOutputTrackerMasterEndpoint: Asked to send map output locations for shuffle 10 to 172.30.0.6:50786
[2026-04-07T20:57:25.049+0000] {subprocess.py:106} INFO - 26/04/07 20:57:25 INFO BlockManagerInfo: Added broadcast_62_piece0 in memory on c05002f484b8:40059 (size: 30.3 KiB, free: 433.8 MiB)
[2026-04-07T20:57:25.053+0000] {subprocess.py:106} INFO - 26/04/07 20:57:25 INFO BlockManagerInfo: Removed broadcast_56_piece0 on c05002f484b8:40059 in memory (size: 30.3 KiB, free: 433.8 MiB)
[2026-04-07T20:57:25.055+0000] {subprocess.py:106} INFO - 26/04/07 20:57:25 INFO SparkContext: Created broadcast 62 from broadcast at SparkBatch.java:79
[2026-04-07T20:57:25.094+0000] {subprocess.py:106} INFO - 26/04/07 20:57:25 INFO BlockManagerInfo: Removed broadcast_58_piece0 on c05002f484b8:40059 in memory (size: 30.4 KiB, free: 433.9 MiB)
[2026-04-07T20:57:25.110+0000] {subprocess.py:106} INFO - 26/04/07 20:57:25 INFO BlockManagerInfo: Removed broadcast_53_piece0 on c05002f484b8:40059 in memory (size: 19.7 KiB, free: 433.9 MiB)
[2026-04-07T20:57:25.132+0000] {subprocess.py:106} INFO - 26/04/07 20:57:25 INFO BlockManagerInfo: Removed broadcast_53_piece0 on 172.30.0.6:44319 in memory (size: 19.7 KiB, free: 434.2 MiB)
[2026-04-07T20:57:25.137+0000] {subprocess.py:106} INFO - 26/04/07 20:57:25 INFO MemoryStore: Block broadcast_63 stored as values in memory (estimated size 32.0 KiB, free 433.2 MiB)
[2026-04-07T20:57:25.138+0000] {subprocess.py:106} INFO - 26/04/07 20:57:25 INFO MemoryStore: Block broadcast_63_piece0 stored as bytes in memory (estimated size 30.4 KiB, free 433.2 MiB)
[2026-04-07T20:57:25.144+0000] {subprocess.py:106} INFO - 26/04/07 20:57:25 INFO BlockManagerInfo: Added broadcast_63_piece0 in memory on c05002f484b8:40059 (size: 30.4 KiB, free: 433.8 MiB)
[2026-04-07T20:57:25.152+0000] {subprocess.py:106} INFO - 26/04/07 20:57:25 INFO BlockManagerInfo: Removed broadcast_49_piece0 on c05002f484b8:40059 in memory (size: 12.3 KiB, free: 433.9 MiB)
[2026-04-07T20:57:25.152+0000] {subprocess.py:106} INFO - 26/04/07 20:57:25 INFO SparkContext: Created broadcast 63 from broadcast at SparkBatch.java:79
[2026-04-07T20:57:25.193+0000] {subprocess.py:106} INFO - 26/04/07 20:57:25 INFO BlockManagerInfo: Removed broadcast_49_piece0 on 172.30.0.6:44319 in memory (size: 12.3 KiB, free: 434.2 MiB)
[2026-04-07T20:57:25.200+0000] {subprocess.py:106} INFO - 26/04/07 20:57:25 INFO TaskSetManager: Starting task 0.0 in stage 36.0 (TID 23) (172.30.0.6, executor 0, partition 0, NODE_LOCAL, 9976 bytes)
[2026-04-07T20:57:25.202+0000] {subprocess.py:106} INFO - 26/04/07 20:57:25 INFO TaskSetManager: Finished task 0.0 in stage 34.0 (TID 22) in 224 ms on 172.30.0.6 (executor 0) (1/1)
[2026-04-07T20:57:25.203+0000] {subprocess.py:106} INFO - 26/04/07 20:57:25 INFO TaskSchedulerImpl: Removed TaskSet 34.0, whose tasks have all completed, from pool
[2026-04-07T20:57:25.216+0000] {subprocess.py:106} INFO - 26/04/07 20:57:25 INFO DAGScheduler: ResultStage 34 ($anonfun$withThreadLocalCaptured$1 at <unknown>:0) finished in 0.961 s
[2026-04-07T20:57:25.217+0000] {subprocess.py:106} INFO - 26/04/07 20:57:25 INFO DAGScheduler: Job 22 is finished. Cancelling potential speculative or zombie tasks for this job
[2026-04-07T20:57:25.222+0000] {subprocess.py:106} INFO - 26/04/07 20:57:25 INFO TaskSchedulerImpl: Killing all running tasks in stage 34: Stage finished
[2026-04-07T20:57:25.224+0000] {subprocess.py:106} INFO - 26/04/07 20:57:25 INFO DAGScheduler: Job 22 finished: $anonfun$withThreadLocalCaptured$1 at <unknown>:0, took 0.976902 s
[2026-04-07T20:57:25.227+0000] {subprocess.py:106} INFO - 26/04/07 20:57:25 INFO BlockManagerInfo: Removed broadcast_48_piece0 on c05002f484b8:40059 in memory (size: 16.3 KiB, free: 433.9 MiB)
[2026-04-07T20:57:25.243+0000] {subprocess.py:106} INFO - 26/04/07 20:57:25 INFO MemoryStore: Block broadcast_64_piece0 stored as bytes in memory (estimated size 18.8 KiB, free 433.3 MiB)
[2026-04-07T20:57:25.245+0000] {subprocess.py:106} INFO - 26/04/07 20:57:25 INFO BlockManagerInfo: Removed broadcast_48_piece0 on 172.30.0.6:44319 in memory (size: 16.3 KiB, free: 434.2 MiB)
[2026-04-07T20:57:25.246+0000] {subprocess.py:106} INFO - 26/04/07 20:57:25 INFO BlockManagerInfo: Added broadcast_64_piece0 in memory on c05002f484b8:40059 (size: 18.8 KiB, free: 433.9 MiB)
[2026-04-07T20:57:25.248+0000] {subprocess.py:106} INFO - 26/04/07 20:57:25 INFO SparkContext: Created broadcast 64 from $anonfun$withThreadLocalCaptured$1 at <unknown>:0
[2026-04-07T20:57:25.259+0000] {subprocess.py:106} INFO - 26/04/07 20:57:25 INFO BlockManagerInfo: Added broadcast_57_piece0 in memory on 172.30.0.6:44319 (size: 18.7 KiB, free: 434.2 MiB)
[2026-04-07T20:57:25.268+0000] {subprocess.py:106} INFO - 26/04/07 20:57:25 INFO MapOutputTrackerMasterEndpoint: Asked to send map output locations for shuffle 11 to 172.30.0.6:50786
[2026-04-07T20:57:25.273+0000] {subprocess.py:106} INFO - 26/04/07 20:57:25 INFO MemoryStore: Block broadcast_65 stored as values in memory (estimated size 32.0 KiB, free 433.2 MiB)
[2026-04-07T20:57:25.274+0000] {subprocess.py:106} INFO - 26/04/07 20:57:25 INFO MemoryStore: Block broadcast_65_piece0 stored as bytes in memory (estimated size 30.3 KiB, free 433.2 MiB)
[2026-04-07T20:57:25.274+0000] {subprocess.py:106} INFO - 26/04/07 20:57:25 INFO BlockManagerInfo: Added broadcast_65_piece0 in memory on c05002f484b8:40059 (size: 30.3 KiB, free: 433.8 MiB)
[2026-04-07T20:57:25.275+0000] {subprocess.py:106} INFO - 26/04/07 20:57:25 INFO SparkContext: Created broadcast 65 from broadcast at SparkBatch.java:79
[2026-04-07T20:57:25.333+0000] {subprocess.py:106} INFO - 26/04/07 20:57:25 INFO TaskSetManager: Starting task 0.0 in stage 38.0 (TID 24) (172.30.0.6, executor 0, partition 0, NODE_LOCAL, 9965 bytes)
[2026-04-07T20:57:25.334+0000] {subprocess.py:106} INFO - 26/04/07 20:57:25 INFO TaskSetManager: Finished task 0.0 in stage 36.0 (TID 23) in 140 ms on 172.30.0.6 (executor 0) (1/1)
[2026-04-07T20:57:25.335+0000] {subprocess.py:106} INFO - 26/04/07 20:57:25 INFO TaskSchedulerImpl: Removed TaskSet 36.0, whose tasks have all completed, from pool
[2026-04-07T20:57:25.336+0000] {subprocess.py:106} INFO - 26/04/07 20:57:25 INFO DAGScheduler: ResultStage 36 ($anonfun$withThreadLocalCaptured$1 at <unknown>:0) finished in 0.716 s
[2026-04-07T20:57:25.337+0000] {subprocess.py:106} INFO - 26/04/07 20:57:25 INFO DAGScheduler: Job 23 is finished. Cancelling potential speculative or zombie tasks for this job
[2026-04-07T20:57:25.337+0000] {subprocess.py:106} INFO - 26/04/07 20:57:25 INFO TaskSchedulerImpl: Killing all running tasks in stage 36: Stage finished
[2026-04-07T20:57:25.338+0000] {subprocess.py:106} INFO - 26/04/07 20:57:25 INFO DAGScheduler: Job 23 finished: $anonfun$withThreadLocalCaptured$1 at <unknown>:0, took 0.722255 s
[2026-04-07T20:57:25.352+0000] {subprocess.py:106} INFO - 26/04/07 20:57:25 INFO BlockManagerInfo: Added broadcast_60_piece0 in memory on 172.30.0.6:44319 (size: 21.7 KiB, free: 434.2 MiB)
[2026-04-07T20:57:25.375+0000] {subprocess.py:106} INFO - 26/04/07 20:57:25 INFO MemoryStore: Block broadcast_66_piece0 stored as bytes in memory (estimated size 270.0 B, free 433.2 MiB)
[2026-04-07T20:57:25.378+0000] {subprocess.py:106} INFO - 26/04/07 20:57:25 INFO MapOutputTrackerMasterEndpoint: Asked to send map output locations for shuffle 12 to 172.30.0.6:50786
[2026-04-07T20:57:25.379+0000] {subprocess.py:106} INFO - 26/04/07 20:57:25 INFO BlockManagerInfo: Added broadcast_66_piece0 in memory on c05002f484b8:40059 (size: 270.0 B, free: 433.8 MiB)
[2026-04-07T20:57:25.379+0000] {subprocess.py:106} INFO - 26/04/07 20:57:25 INFO BlockManagerInfo: Removed broadcast_63_piece0 on c05002f484b8:40059 in memory (size: 30.4 KiB, free: 433.9 MiB)
[2026-04-07T20:57:25.383+0000] {subprocess.py:106} INFO - 26/04/07 20:57:25 INFO SparkContext: Created broadcast 66 from $anonfun$withThreadLocalCaptured$1 at <unknown>:0
[2026-04-07T20:57:25.395+0000] {subprocess.py:106} INFO - 26/04/07 20:57:25 INFO BlockManagerInfo: Removed broadcast_55_piece0 on c05002f484b8:40059 in memory (size: 19.9 KiB, free: 433.9 MiB)
[2026-04-07T20:57:25.398+0000] {subprocess.py:106} INFO - 26/04/07 20:57:25 INFO MemoryStore: Block broadcast_67 stored as values in memory (estimated size 32.0 KiB, free 433.3 MiB)
[2026-04-07T20:57:25.400+0000] {subprocess.py:106} INFO - 26/04/07 20:57:25 INFO MemoryStore: Block broadcast_67_piece0 stored as bytes in memory (estimated size 30.4 KiB, free 433.3 MiB)
[2026-04-07T20:57:25.402+0000] {subprocess.py:106} INFO - 26/04/07 20:57:25 INFO BlockManagerInfo: Added broadcast_67_piece0 in memory on c05002f484b8:40059 (size: 30.4 KiB, free: 433.8 MiB)
[2026-04-07T20:57:25.403+0000] {subprocess.py:106} INFO - 26/04/07 20:57:25 INFO SparkContext: Created broadcast 67 from broadcast at SparkBatch.java:79
[2026-04-07T20:57:25.411+0000] {subprocess.py:106} INFO - 26/04/07 20:57:25 INFO BlockManagerInfo: Removed broadcast_55_piece0 on 172.30.0.6:44319 in memory (size: 19.9 KiB, free: 434.2 MiB)
[2026-04-07T20:57:25.419+0000] {subprocess.py:106} INFO - 26/04/07 20:57:25 INFO BlockManagerInfo: Removed broadcast_62_piece0 on c05002f484b8:40059 in memory (size: 30.3 KiB, free: 433.9 MiB)
[2026-04-07T20:57:25.422+0000] {subprocess.py:106} INFO - 26/04/07 20:57:25 INFO BlockManagerInfo: Removed broadcast_57_piece0 on c05002f484b8:40059 in memory (size: 18.7 KiB, free: 433.9 MiB)
[2026-04-07T20:57:25.425+0000] {subprocess.py:106} INFO - 26/04/07 20:57:25 INFO BlockManagerInfo: Removed broadcast_57_piece0 on 172.30.0.6:44319 in memory (size: 18.7 KiB, free: 434.2 MiB)
[2026-04-07T20:57:25.434+0000] {subprocess.py:106} INFO - 26/04/07 20:57:25 INFO BlockManagerInfo: Removed broadcast_65_piece0 on c05002f484b8:40059 in memory (size: 30.3 KiB, free: 433.9 MiB)
[2026-04-07T20:57:25.568+0000] {subprocess.py:106} INFO - 26/04/07 20:57:25 INFO TaskSetManager: Finished task 0.0 in stage 38.0 (TID 24) in 236 ms on 172.30.0.6 (executor 0) (1/1)
[2026-04-07T20:57:25.568+0000] {subprocess.py:106} INFO - 26/04/07 20:57:25 INFO TaskSchedulerImpl: Removed TaskSet 38.0, whose tasks have all completed, from pool
[2026-04-07T20:57:25.569+0000] {subprocess.py:106} INFO - 26/04/07 20:57:25 INFO DAGScheduler: ShuffleMapStage 38 (create at <unknown>:0) finished in 0.598 s
[2026-04-07T20:57:25.570+0000] {subprocess.py:106} INFO - 26/04/07 20:57:25 INFO DAGScheduler: looking for newly runnable stages
[2026-04-07T20:57:25.571+0000] {subprocess.py:106} INFO - 26/04/07 20:57:25 INFO DAGScheduler: running: Set()
[2026-04-07T20:57:25.571+0000] {subprocess.py:106} INFO - 26/04/07 20:57:25 INFO DAGScheduler: waiting: Set()
[2026-04-07T20:57:25.572+0000] {subprocess.py:106} INFO - 26/04/07 20:57:25 INFO DAGScheduler: failed: Set()
[2026-04-07T20:57:25.584+0000] {subprocess.py:106} INFO - 26/04/07 20:57:25 INFO MemoryStore: Block broadcast_68 stored as values in memory (estimated size 32.0 KiB, free 433.4 MiB)
[2026-04-07T20:57:25.588+0000] {subprocess.py:106} INFO - 26/04/07 20:57:25 INFO MemoryStore: Block broadcast_68_piece0 stored as bytes in memory (estimated size 30.3 KiB, free 433.4 MiB)
[2026-04-07T20:57:25.589+0000] {subprocess.py:106} INFO - 26/04/07 20:57:25 INFO BlockManagerInfo: Added broadcast_68_piece0 in memory on c05002f484b8:40059 (size: 30.3 KiB, free: 433.9 MiB)
[2026-04-07T20:57:25.590+0000] {subprocess.py:106} INFO - 26/04/07 20:57:25 INFO SparkContext: Created broadcast 68 from broadcast at SparkBatch.java:79
[2026-04-07T20:57:25.597+0000] {subprocess.py:106} INFO - 26/04/07 20:57:25 INFO ShufflePartitionsUtil: For shuffle(13), advisory target size: 67108864, actual target size 1048576, minimum partition size: 1048576
[2026-04-07T20:57:25.647+0000] {subprocess.py:106} INFO - 26/04/07 20:57:25 INFO CodeGenerator: Code generated in 19.555629 ms
[2026-04-07T20:57:25.676+0000] {subprocess.py:106} INFO - 26/04/07 20:57:25 INFO SparkContext: Starting job: $anonfun$withThreadLocalCaptured$1 at <unknown>:0
[2026-04-07T20:57:25.679+0000] {subprocess.py:106} INFO - 26/04/07 20:57:25 INFO DAGScheduler: Got job 25 ($anonfun$withThreadLocalCaptured$1 at <unknown>:0) with 1 output partitions
[2026-04-07T20:57:25.680+0000] {subprocess.py:106} INFO - 26/04/07 20:57:25 INFO DAGScheduler: Final stage: ResultStage 41 ($anonfun$withThreadLocalCaptured$1 at <unknown>:0)
[2026-04-07T20:57:25.680+0000] {subprocess.py:106} INFO - 26/04/07 20:57:25 INFO DAGScheduler: Parents of final stage: List(ShuffleMapStage 40)
[2026-04-07T20:57:25.681+0000] {subprocess.py:106} INFO - 26/04/07 20:57:25 INFO DAGScheduler: Missing parents: List()
[2026-04-07T20:57:25.681+0000] {subprocess.py:106} INFO - 26/04/07 20:57:25 INFO DAGScheduler: Submitting ResultStage 41 (MapPartitionsRDD[82] at $anonfun$withThreadLocalCaptured$1 at <unknown>:0), which has no missing parents
[2026-04-07T20:57:25.683+0000] {subprocess.py:106} INFO - 26/04/07 20:57:25 INFO MemoryStore: Block broadcast_69 stored as values in memory (estimated size 49.4 KiB, free 433.4 MiB)
[2026-04-07T20:57:25.683+0000] {subprocess.py:106} INFO - 26/04/07 20:57:25 INFO MemoryStore: Block broadcast_69_piece0 stored as bytes in memory (estimated size 20.9 KiB, free 433.3 MiB)
[2026-04-07T20:57:25.684+0000] {subprocess.py:106} INFO - 26/04/07 20:57:25 INFO BlockManagerInfo: Added broadcast_69_piece0 in memory on c05002f484b8:40059 (size: 20.9 KiB, free: 433.9 MiB)
[2026-04-07T20:57:25.684+0000] {subprocess.py:106} INFO - 26/04/07 20:57:25 INFO SparkContext: Created broadcast 69 from broadcast at DAGScheduler.scala:1585
[2026-04-07T20:57:25.685+0000] {subprocess.py:106} INFO - 26/04/07 20:57:25 INFO DAGScheduler: Submitting 1 missing tasks from ResultStage 41 (MapPartitionsRDD[82] at $anonfun$withThreadLocalCaptured$1 at <unknown>:0) (first 15 tasks are for partitions Vector(0))
[2026-04-07T20:57:25.685+0000] {subprocess.py:106} INFO - 26/04/07 20:57:25 INFO TaskSchedulerImpl: Adding task set 41.0 with 1 tasks resource profile 0
[2026-04-07T20:57:25.687+0000] {subprocess.py:106} INFO - 26/04/07 20:57:25 INFO TaskSetManager: Starting task 0.0 in stage 41.0 (TID 25) (172.30.0.6, executor 0, partition 0, NODE_LOCAL, 9976 bytes)
[2026-04-07T20:57:25.698+0000] {subprocess.py:106} INFO - 26/04/07 20:57:25 INFO BlockManagerInfo: Added broadcast_69_piece0 in memory on 172.30.0.6:44319 (size: 20.9 KiB, free: 434.2 MiB)
[2026-04-07T20:57:25.704+0000] {subprocess.py:106} INFO - 26/04/07 20:57:25 INFO MapOutputTrackerMasterEndpoint: Asked to send map output locations for shuffle 13 to 172.30.0.6:50786
[2026-04-07T20:57:25.746+0000] {subprocess.py:106} INFO - 26/04/07 20:57:25 INFO TaskSetManager: Finished task 0.0 in stage 41.0 (TID 25) in 58 ms on 172.30.0.6 (executor 0) (1/1)
[2026-04-07T20:57:25.747+0000] {subprocess.py:106} INFO - 26/04/07 20:57:25 INFO TaskSchedulerImpl: Removed TaskSet 41.0, whose tasks have all completed, from pool
[2026-04-07T20:57:25.748+0000] {subprocess.py:106} INFO - 26/04/07 20:57:25 INFO DAGScheduler: ResultStage 41 ($anonfun$withThreadLocalCaptured$1 at <unknown>:0) finished in 0.066 s
[2026-04-07T20:57:25.748+0000] {subprocess.py:106} INFO - 26/04/07 20:57:25 INFO DAGScheduler: Job 25 is finished. Cancelling potential speculative or zombie tasks for this job
[2026-04-07T20:57:25.752+0000] {subprocess.py:106} INFO - 26/04/07 20:57:25 INFO TaskSchedulerImpl: Killing all running tasks in stage 41: Stage finished
[2026-04-07T20:57:25.753+0000] {subprocess.py:106} INFO - 26/04/07 20:57:25 INFO DAGScheduler: Job 25 finished: $anonfun$withThreadLocalCaptured$1 at <unknown>:0, took 0.070576 s
[2026-04-07T20:57:25.757+0000] {subprocess.py:106} INFO - 26/04/07 20:57:25 INFO CodeGenerator: Code generated in 7.001414 ms
[2026-04-07T20:57:25.759+0000] {subprocess.py:106} INFO - 26/04/07 20:57:25 INFO MemoryStore: Block broadcast_70_piece0 stored as bytes in memory (estimated size 560.0 B, free 433.3 MiB)
[2026-04-07T20:57:25.760+0000] {subprocess.py:106} INFO - 26/04/07 20:57:25 INFO BlockManagerInfo: Added broadcast_70_piece0 in memory on c05002f484b8:40059 (size: 560.0 B, free: 433.9 MiB)
[2026-04-07T20:57:25.761+0000] {subprocess.py:106} INFO - 26/04/07 20:57:25 INFO SparkContext: Created broadcast 70 from $anonfun$withThreadLocalCaptured$1 at <unknown>:0
[2026-04-07T20:57:25.779+0000] {subprocess.py:106} INFO - 26/04/07 20:57:25 INFO MemoryStore: Block broadcast_71 stored as values in memory (estimated size 32.0 KiB, free 433.3 MiB)
[2026-04-07T20:57:25.781+0000] {subprocess.py:106} INFO - 26/04/07 20:57:25 INFO MemoryStore: Block broadcast_71_piece0 stored as bytes in memory (estimated size 30.4 KiB, free 433.3 MiB)
[2026-04-07T20:57:25.782+0000] {subprocess.py:106} INFO - 26/04/07 20:57:25 INFO BlockManagerInfo: Added broadcast_71_piece0 in memory on c05002f484b8:40059 (size: 30.4 KiB, free: 433.8 MiB)
[2026-04-07T20:57:25.782+0000] {subprocess.py:106} INFO - 26/04/07 20:57:25 INFO SparkContext: Created broadcast 71 from broadcast at SparkBatch.java:79
[2026-04-07T20:57:25.821+0000] {subprocess.py:106} INFO - 26/04/07 20:57:25 INFO TorrentBroadcast: Started reading broadcast variable 59 with 1 pieces (estimated total size 4.0 MiB)
[2026-04-07T20:57:25.836+0000] {subprocess.py:106} INFO - 26/04/07 20:57:25 INFO TorrentBroadcast: Reading broadcast variable 59 took 14 ms
[2026-04-07T20:57:25.857+0000] {subprocess.py:106} INFO - 26/04/07 20:57:25 INFO BlockManagerInfo: Removed broadcast_67_piece0 on c05002f484b8:40059 in memory (size: 30.4 KiB, free: 433.9 MiB)
[2026-04-07T20:57:25.860+0000] {subprocess.py:106} INFO - 26/04/07 20:57:25 INFO BlockManagerInfo: Removed broadcast_60_piece0 on c05002f484b8:40059 in memory (size: 21.7 KiB, free: 433.9 MiB)
[2026-04-07T20:57:25.862+0000] {subprocess.py:106} INFO - 26/04/07 20:57:25 INFO BlockManagerInfo: Removed broadcast_60_piece0 on 172.30.0.6:44319 in memory (size: 21.7 KiB, free: 434.2 MiB)
[2026-04-07T20:57:25.866+0000] {subprocess.py:106} INFO - 26/04/07 20:57:25 INFO BlockManagerInfo: Removed broadcast_71_piece0 on c05002f484b8:40059 in memory (size: 30.4 KiB, free: 433.9 MiB)
[2026-04-07T20:57:25.870+0000] {subprocess.py:106} INFO - 26/04/07 20:57:25 INFO TorrentBroadcast: Started reading broadcast variable 61 with 1 pieces (estimated total size 4.0 MiB)
[2026-04-07T20:57:25.874+0000] {subprocess.py:106} INFO - 26/04/07 20:57:25 INFO TorrentBroadcast: Reading broadcast variable 61 took 0 ms
[2026-04-07T20:57:25.883+0000] {subprocess.py:106} INFO - 26/04/07 20:57:25 INFO TorrentBroadcast: Started reading broadcast variable 64 with 1 pieces (estimated total size 4.0 MiB)
[2026-04-07T20:57:25.884+0000] {subprocess.py:106} INFO - 26/04/07 20:57:25 INFO TorrentBroadcast: Reading broadcast variable 64 took 0 ms
[2026-04-07T20:57:25.884+0000] {subprocess.py:106} INFO - 26/04/07 20:57:25 INFO BlockManagerInfo: Removed broadcast_68_piece0 on c05002f484b8:40059 in memory (size: 30.3 KiB, free: 434.0 MiB)
[2026-04-07T20:57:25.888+0000] {subprocess.py:106} INFO - 26/04/07 20:57:25 INFO BlockManagerInfo: Removed broadcast_69_piece0 on c05002f484b8:40059 in memory (size: 20.9 KiB, free: 434.0 MiB)
[2026-04-07T20:57:25.890+0000] {subprocess.py:106} INFO - 26/04/07 20:57:25 INFO TorrentBroadcast: Started reading broadcast variable 66 with 1 pieces (estimated total size 4.0 MiB)
[2026-04-07T20:57:25.895+0000] {subprocess.py:106} INFO - 26/04/07 20:57:25 INFO TorrentBroadcast: Reading broadcast variable 66 took 0 ms
[2026-04-07T20:57:25.898+0000] {subprocess.py:106} INFO - 26/04/07 20:57:25 INFO BlockManagerInfo: Removed broadcast_69_piece0 on 172.30.0.6:44319 in memory (size: 20.9 KiB, free: 434.3 MiB)
[2026-04-07T20:57:25.898+0000] {subprocess.py:106} INFO - 26/04/07 20:57:25 INFO TorrentBroadcast: Started reading broadcast variable 70 with 1 pieces (estimated total size 4.0 MiB)
[2026-04-07T20:57:25.899+0000] {subprocess.py:106} INFO - 26/04/07 20:57:25 INFO TorrentBroadcast: Reading broadcast variable 70 took 0 ms
[2026-04-07T20:57:25.983+0000] {subprocess.py:106} INFO - 26/04/07 20:57:25 INFO CodeGenerator: Code generated in 68.729767 ms
[2026-04-07T20:57:25.996+0000] {subprocess.py:106} INFO - 26/04/07 20:57:25 INFO DAGScheduler: Registering RDD 86 (create at <unknown>:0) as input to shuffle 14
[2026-04-07T20:57:25.999+0000] {subprocess.py:106} INFO - 26/04/07 20:57:25 INFO DAGScheduler: Got map stage job 26 (create at <unknown>:0) with 1 output partitions
[2026-04-07T20:57:26.000+0000] {subprocess.py:106} INFO - 26/04/07 20:57:25 INFO DAGScheduler: Final stage: ShuffleMapStage 42 (create at <unknown>:0)
[2026-04-07T20:57:26.001+0000] {subprocess.py:106} INFO - 26/04/07 20:57:25 INFO DAGScheduler: Parents of final stage: List()
[2026-04-07T20:57:26.002+0000] {subprocess.py:106} INFO - 26/04/07 20:57:25 INFO DAGScheduler: Missing parents: List()
[2026-04-07T20:57:26.003+0000] {subprocess.py:106} INFO - 26/04/07 20:57:25 INFO DAGScheduler: Submitting ShuffleMapStage 42 (MapPartitionsRDD[86] at create at <unknown>:0), which has no missing parents
[2026-04-07T20:57:26.004+0000] {subprocess.py:106} INFO - 26/04/07 20:57:26 INFO MemoryStore: Block broadcast_72 stored as values in memory (estimated size 39.3 KiB, free 433.6 MiB)
[2026-04-07T20:57:26.006+0000] {subprocess.py:106} INFO - 26/04/07 20:57:26 INFO MemoryStore: Block broadcast_72_piece0 stored as bytes in memory (estimated size 13.6 KiB, free 433.5 MiB)
[2026-04-07T20:57:26.007+0000] {subprocess.py:106} INFO - 26/04/07 20:57:26 INFO BlockManagerInfo: Added broadcast_72_piece0 in memory on c05002f484b8:40059 (size: 13.6 KiB, free: 434.0 MiB)
[2026-04-07T20:57:26.008+0000] {subprocess.py:106} INFO - 26/04/07 20:57:26 INFO SparkContext: Created broadcast 72 from broadcast at DAGScheduler.scala:1585
[2026-04-07T20:57:26.010+0000] {subprocess.py:106} INFO - 26/04/07 20:57:26 INFO DAGScheduler: Submitting 1 missing tasks from ShuffleMapStage 42 (MapPartitionsRDD[86] at create at <unknown>:0) (first 15 tasks are for partitions Vector(0))
[2026-04-07T20:57:26.011+0000] {subprocess.py:106} INFO - 26/04/07 20:57:26 INFO TaskSchedulerImpl: Adding task set 42.0 with 1 tasks resource profile 0
[2026-04-07T20:57:26.013+0000] {subprocess.py:106} INFO - 26/04/07 20:57:26 INFO TaskSetManager: Starting task 0.0 in stage 42.0 (TID 26) (172.30.0.6, executor 0, partition 0, PROCESS_LOCAL, 16530 bytes)
[2026-04-07T20:57:26.034+0000] {subprocess.py:106} INFO - 26/04/07 20:57:26 INFO BlockManagerInfo: Added broadcast_72_piece0 in memory on 172.30.0.6:44319 (size: 13.6 KiB, free: 434.2 MiB)
[2026-04-07T20:57:26.110+0000] {subprocess.py:106} INFO - 26/04/07 20:57:26 INFO BlockManagerInfo: Added broadcast_59_piece0 in memory on 172.30.0.6:44319 (size: 52.3 KiB, free: 434.2 MiB)
[2026-04-07T20:57:26.135+0000] {subprocess.py:106} INFO - 26/04/07 20:57:26 INFO BlockManagerInfo: Added broadcast_61_piece0 in memory on 172.30.0.6:44319 (size: 559.0 B, free: 434.2 MiB)
[2026-04-07T20:57:26.148+0000] {subprocess.py:106} INFO - 26/04/07 20:57:26 INFO BlockManagerInfo: Added broadcast_64_piece0 in memory on 172.30.0.6:44319 (size: 18.8 KiB, free: 434.2 MiB)
[2026-04-07T20:57:26.162+0000] {subprocess.py:106} INFO - 26/04/07 20:57:26 INFO BlockManagerInfo: Added broadcast_66_piece0 in memory on 172.30.0.6:44319 (size: 270.0 B, free: 434.2 MiB)
[2026-04-07T20:57:26.228+0000] {subprocess.py:106} INFO - 26/04/07 20:57:26 INFO BlockManagerInfo: Added broadcast_70_piece0 in memory on 172.30.0.6:44319 (size: 560.0 B, free: 434.2 MiB)
[2026-04-07T20:57:26.293+0000] {subprocess.py:106} INFO - 26/04/07 20:57:26 INFO BlockManagerInfo: Added broadcast_39_piece0 in memory on 172.30.0.6:44319 (size: 30.4 KiB, free: 434.1 MiB)
[2026-04-07T20:57:27.062+0000] {subprocess.py:106} INFO - 26/04/07 20:57:27 INFO TaskSetManager: Finished task 0.0 in stage 42.0 (TID 26) in 1053 ms on 172.30.0.6 (executor 0) (1/1)
[2026-04-07T20:57:27.063+0000] {subprocess.py:106} INFO - 26/04/07 20:57:27 INFO TaskSchedulerImpl: Removed TaskSet 42.0, whose tasks have all completed, from pool
[2026-04-07T20:57:27.068+0000] {subprocess.py:106} INFO - 26/04/07 20:57:27 INFO DAGScheduler: ShuffleMapStage 42 (create at <unknown>:0) finished in 1.063 s
[2026-04-07T20:57:27.069+0000] {subprocess.py:106} INFO - 26/04/07 20:57:27 INFO DAGScheduler: looking for newly runnable stages
[2026-04-07T20:57:27.070+0000] {subprocess.py:106} INFO - 26/04/07 20:57:27 INFO DAGScheduler: running: Set()
[2026-04-07T20:57:27.071+0000] {subprocess.py:106} INFO - 26/04/07 20:57:27 INFO DAGScheduler: waiting: Set()
[2026-04-07T20:57:27.071+0000] {subprocess.py:106} INFO - 26/04/07 20:57:27 INFO DAGScheduler: failed: Set()
[2026-04-07T20:57:27.072+0000] {subprocess.py:106} INFO - 26/04/07 20:57:27 INFO ShufflePartitionsUtil: For shuffle(14), advisory target size: 402653184, actual target size 1048576, minimum partition size: 1048576
[2026-04-07T20:57:27.087+0000] {subprocess.py:106} INFO - 26/04/07 20:57:27 INFO MemoryStore: Block broadcast_73 stored as values in memory (estimated size 32.0 KiB, free 433.5 MiB)
[2026-04-07T20:57:27.088+0000] {subprocess.py:106} INFO - 26/04/07 20:57:27 INFO MemoryStore: Block broadcast_73_piece0 stored as bytes in memory (estimated size 29.9 KiB, free 433.5 MiB)
[2026-04-07T20:57:27.089+0000] {subprocess.py:106} INFO - 26/04/07 20:57:27 INFO BlockManagerInfo: Added broadcast_73_piece0 in memory on c05002f484b8:40059 (size: 29.9 KiB, free: 433.9 MiB)
[2026-04-07T20:57:27.091+0000] {subprocess.py:106} INFO - 26/04/07 20:57:27 INFO SparkContext: Created broadcast 73 from broadcast at SparkWrite.java:193
[2026-04-07T20:57:27.092+0000] {subprocess.py:106} INFO - 26/04/07 20:57:27 INFO AppendDataExec: Start processing data source write support: IcebergBatchWrite(table=gold.fact_job_posting, format=PARQUET). The input RDD has 1 partitions.
[2026-04-07T20:57:27.093+0000] {subprocess.py:106} INFO - 26/04/07 20:57:27 INFO SparkContext: Starting job: create at <unknown>:0
[2026-04-07T20:57:27.104+0000] {subprocess.py:106} INFO - 26/04/07 20:57:27 INFO DAGScheduler: Got job 27 (create at <unknown>:0) with 1 output partitions
[2026-04-07T20:57:27.105+0000] {subprocess.py:106} INFO - 26/04/07 20:57:27 INFO DAGScheduler: Final stage: ResultStage 44 (create at <unknown>:0)
[2026-04-07T20:57:27.105+0000] {subprocess.py:106} INFO - 26/04/07 20:57:27 INFO DAGScheduler: Parents of final stage: List(ShuffleMapStage 43)
[2026-04-07T20:57:27.107+0000] {subprocess.py:106} INFO - 26/04/07 20:57:27 INFO DAGScheduler: Missing parents: List()
[2026-04-07T20:57:27.107+0000] {subprocess.py:106} INFO - 26/04/07 20:57:27 INFO DAGScheduler: Submitting ResultStage 44 (ShuffledRowRDD[87] at create at <unknown>:0), which has no missing parents
[2026-04-07T20:57:27.108+0000] {subprocess.py:106} INFO - 26/04/07 20:57:27 INFO MemoryStore: Block broadcast_74 stored as values in memory (estimated size 10.7 KiB, free 433.5 MiB)
[2026-04-07T20:57:27.109+0000] {subprocess.py:106} INFO - 26/04/07 20:57:27 INFO MemoryStore: Block broadcast_74_piece0 stored as bytes in memory (estimated size 5.7 KiB, free 433.5 MiB)
[2026-04-07T20:57:27.109+0000] {subprocess.py:106} INFO - 26/04/07 20:57:27 INFO BlockManagerInfo: Added broadcast_74_piece0 in memory on c05002f484b8:40059 (size: 5.7 KiB, free: 433.9 MiB)
[2026-04-07T20:57:27.110+0000] {subprocess.py:106} INFO - 26/04/07 20:57:27 INFO SparkContext: Created broadcast 74 from broadcast at DAGScheduler.scala:1585
[2026-04-07T20:57:27.111+0000] {subprocess.py:106} INFO - 26/04/07 20:57:27 INFO DAGScheduler: Submitting 1 missing tasks from ResultStage 44 (ShuffledRowRDD[87] at create at <unknown>:0) (first 15 tasks are for partitions Vector(0))
[2026-04-07T20:57:27.111+0000] {subprocess.py:106} INFO - 26/04/07 20:57:27 INFO TaskSchedulerImpl: Adding task set 44.0 with 1 tasks resource profile 0
[2026-04-07T20:57:27.112+0000] {subprocess.py:106} INFO - 26/04/07 20:57:27 INFO TaskSetManager: Starting task 0.0 in stage 44.0 (TID 27) (172.30.0.6, executor 0, partition 0, NODE_LOCAL, 9976 bytes)
[2026-04-07T20:57:27.126+0000] {subprocess.py:106} INFO - 26/04/07 20:57:27 INFO BlockManagerInfo: Added broadcast_74_piece0 in memory on 172.30.0.6:44319 (size: 5.7 KiB, free: 434.1 MiB)
[2026-04-07T20:57:27.133+0000] {subprocess.py:106} INFO - 26/04/07 20:57:27 INFO MapOutputTrackerMasterEndpoint: Asked to send map output locations for shuffle 14 to 172.30.0.6:50786
[2026-04-07T20:57:27.151+0000] {subprocess.py:106} INFO - 26/04/07 20:57:27 INFO BlockManagerInfo: Added broadcast_73_piece0 in memory on 172.30.0.6:44319 (size: 29.9 KiB, free: 434.1 MiB)
[2026-04-07T20:57:46.088+0000] {subprocess.py:106} INFO - 26/04/07 20:57:46 INFO TaskSetManager: Finished task 0.0 in stage 44.0 (TID 27) in 18981 ms on 172.30.0.6 (executor 0) (1/1)
[2026-04-07T20:57:46.089+0000] {subprocess.py:106} INFO - 26/04/07 20:57:46 INFO TaskSchedulerImpl: Removed TaskSet 44.0, whose tasks have all completed, from pool
[2026-04-07T20:57:46.089+0000] {subprocess.py:106} INFO - 26/04/07 20:57:46 INFO DAGScheduler: ResultStage 44 (create at <unknown>:0) finished in 18.990 s
[2026-04-07T20:57:46.090+0000] {subprocess.py:106} INFO - 26/04/07 20:57:46 INFO DAGScheduler: Job 27 is finished. Cancelling potential speculative or zombie tasks for this job
[2026-04-07T20:57:46.091+0000] {subprocess.py:106} INFO - 26/04/07 20:57:46 INFO TaskSchedulerImpl: Killing all running tasks in stage 44: Stage finished
[2026-04-07T20:57:46.091+0000] {subprocess.py:106} INFO - 26/04/07 20:57:46 INFO DAGScheduler: Job 27 finished: create at <unknown>:0, took 16.270807 s
[2026-04-07T20:57:46.092+0000] {subprocess.py:106} INFO - 26/04/07 20:57:46 INFO AppendDataExec: Data source write support IcebergBatchWrite(table=gold.fact_job_posting, format=PARQUET) is committing.
[2026-04-07T20:57:46.095+0000] {subprocess.py:106} INFO - 26/04/07 20:57:46 INFO SparkWrite: Committing append with 195 new data files to table gold.fact_job_posting
[2026-04-07T20:57:46.293+0000] {subprocess.py:106} INFO - 26/04/07 20:57:46 INFO SnapshotProducer: Committed snapshot 2809872552842964587 (MergeAppend)
[2026-04-07T20:57:46.321+0000] {subprocess.py:106} INFO - 26/04/07 20:57:46 INFO LoggingMetricsReporter: Received metrics report: CommitReport{tableName=gold.fact_job_posting, snapshotId=2809872552842964587, sequenceNumber=1, operation=append, commitMetrics=CommitMetricsResult{totalDuration=TimerResult{timeUnit=NANOSECONDS, totalDuration=PT0.225443348S, count=1}, attempts=CounterResult{unit=COUNT, value=1}, addedDataFiles=CounterResult{unit=COUNT, value=195}, removedDataFiles=null, totalDataFiles=CounterResult{unit=COUNT, value=195}, addedDeleteFiles=null, addedEqualityDeleteFiles=null, addedPositionalDeleteFiles=null, removedDeleteFiles=null, removedEqualityDeleteFiles=null, removedPositionalDeleteFiles=null, totalDeleteFiles=CounterResult{unit=COUNT, value=0}, addedRecords=CounterResult{unit=COUNT, value=44807}, removedRecords=null, totalRecords=CounterResult{unit=COUNT, value=44807}, addedFilesSizeInBytes=CounterResult{unit=BYTES, value=1753822}, removedFilesSizeInBytes=null, totalFilesSizeInBytes=CounterResult{unit=BYTES, value=1753822}, addedPositionalDeletes=null, removedPositionalDeletes=null, totalPositionalDeletes=CounterResult{unit=COUNT, value=0}, addedEqualityDeletes=null, removedEqualityDeletes=null, totalEqualityDeletes=CounterResult{unit=COUNT, value=0}}, metadata={engine-version=3.5.3, app-id=app-20260407205645-0002, engine-name=spark, iceberg-version=Apache Iceberg 1.6.1 (commit 8e9d59d299be42b0bca9461457cd1e95dbaad086)}}
[2026-04-07T20:57:46.322+0000] {subprocess.py:106} INFO - 26/04/07 20:57:46 INFO SparkWrite: Committed in 226 ms
[2026-04-07T20:57:46.326+0000] {subprocess.py:106} INFO - 26/04/07 20:57:46 INFO AppendDataExec: Data source write support IcebergBatchWrite(table=gold.fact_job_posting, format=PARQUET) committed.
[2026-04-07T20:57:46.539+0000] {subprocess.py:106} INFO - 26/04/07 20:57:46 INFO HiveTableOperations: Committed to table iceberg.gold.fact_job_posting with the new metadata location s3a://warehouse/iceberg_data/gold.db/fact_job_posting/metadata/00000-f14ef8fd-ba9b-4f68-a783-27e9930fc688.metadata.json
[2026-04-07T20:57:46.540+0000] {subprocess.py:106} INFO - 26/04/07 20:57:46 INFO BaseMetastoreTableOperations: Successfully committed to table iceberg.gold.fact_job_posting in 218 ms
[2026-04-07T20:57:46.612+0000] {subprocess.py:106} INFO - 26/04/07 20:57:46 INFO V2ScanRelationPushDown:
[2026-04-07T20:57:46.613+0000] {subprocess.py:106} INFO - Pushing operators to iceberg.silver.it_jobs_clean
[2026-04-07T20:57:46.614+0000] {subprocess.py:106} INFO - Pushed Filters: location IS NOT NULL, skills_required IS NOT NULL
[2026-04-07T20:57:46.614+0000] {subprocess.py:106} INFO - Post-Scan Filters: isnotnull(location#2),isnotnull(skills_required#3),(size(location#2, true) > 0),(size(skills_required#3, true) > 0)
[2026-04-07T20:57:46.615+0000] {subprocess.py:106} INFO - 
[2026-04-07T20:57:46.615+0000] {subprocess.py:106} INFO - 26/04/07 20:57:46 INFO V2ScanRelationPushDown:
[2026-04-07T20:57:46.616+0000] {subprocess.py:106} INFO - Output: location#2, skills_required#3
[2026-04-07T20:57:46.616+0000] {subprocess.py:106} INFO - 
[2026-04-07T20:57:46.617+0000] {subprocess.py:106} INFO - 26/04/07 20:57:46 INFO SnapshotScan: Scanning table iceberg.silver.it_jobs_clean snapshot 6184797946885530623 created at 2026-04-07T20:56:38.725+00:00 with filter (location IS NOT NULL AND skills_required IS NOT NULL)
[2026-04-07T20:57:46.617+0000] {subprocess.py:106} INFO - 26/04/07 20:57:46 INFO BaseDistributedDataScan: Planning file tasks locally for table iceberg.silver.it_jobs_clean
[2026-04-07T20:57:46.648+0000] {subprocess.py:106} INFO - 26/04/07 20:57:46 INFO SparkPartitioningAwareScan: Reporting UnknownPartitioning with 1 partition(s) for table iceberg.silver.it_jobs_clean
[2026-04-07T20:57:46.655+0000] {subprocess.py:106} INFO - 26/04/07 20:57:46 INFO MemoryStore: Block broadcast_75 stored as values in memory (estimated size 32.0 KiB, free 433.4 MiB)
[2026-04-07T20:57:46.657+0000] {subprocess.py:106} INFO - 26/04/07 20:57:46 INFO MemoryStore: Block broadcast_75_piece0 stored as bytes in memory (estimated size 30.4 KiB, free 433.4 MiB)
[2026-04-07T20:57:46.658+0000] {subprocess.py:106} INFO - 26/04/07 20:57:46 INFO BlockManagerInfo: Added broadcast_75_piece0 in memory on c05002f484b8:40059 (size: 30.4 KiB, free: 433.9 MiB)
[2026-04-07T20:57:46.658+0000] {subprocess.py:106} INFO - 26/04/07 20:57:46 INFO SparkContext: Created broadcast 75 from broadcast at SparkBatch.java:79
[2026-04-07T20:57:46.663+0000] {subprocess.py:106} INFO - 26/04/07 20:57:46 INFO MemoryStore: Block broadcast_76 stored as values in memory (estimated size 32.0 KiB, free 433.4 MiB)
[2026-04-07T20:57:46.665+0000] {subprocess.py:106} INFO - 26/04/07 20:57:46 INFO MemoryStore: Block broadcast_76_piece0 stored as bytes in memory (estimated size 30.3 KiB, free 433.3 MiB)
[2026-04-07T20:57:46.670+0000] {subprocess.py:106} INFO - 26/04/07 20:57:46 INFO BlockManagerInfo: Added broadcast_76_piece0 in memory on c05002f484b8:40059 (size: 30.3 KiB, free: 433.9 MiB)
[2026-04-07T20:57:46.670+0000] {subprocess.py:106} INFO - 26/04/07 20:57:46 INFO SparkContext: Created broadcast 76 from broadcast at SparkBatch.java:79
[2026-04-07T20:57:46.700+0000] {subprocess.py:106} INFO - 26/04/07 20:57:46 INFO CodeGenerator: Code generated in 10.341657 ms
[2026-04-07T20:57:46.710+0000] {subprocess.py:106} INFO - 26/04/07 20:57:46 INFO DAGScheduler: Registering RDD 91 (count at <unknown>:0) as input to shuffle 15
[2026-04-07T20:57:46.711+0000] {subprocess.py:106} INFO - 26/04/07 20:57:46 INFO DAGScheduler: Got map stage job 28 (count at <unknown>:0) with 1 output partitions
[2026-04-07T20:57:46.712+0000] {subprocess.py:106} INFO - 26/04/07 20:57:46 INFO DAGScheduler: Final stage: ShuffleMapStage 45 (count at <unknown>:0)
[2026-04-07T20:57:46.713+0000] {subprocess.py:106} INFO - 26/04/07 20:57:46 INFO DAGScheduler: Parents of final stage: List()
[2026-04-07T20:57:46.713+0000] {subprocess.py:106} INFO - 26/04/07 20:57:46 INFO DAGScheduler: Missing parents: List()
[2026-04-07T20:57:46.714+0000] {subprocess.py:106} INFO - 26/04/07 20:57:46 INFO DAGScheduler: Submitting ShuffleMapStage 45 (MapPartitionsRDD[91] at count at <unknown>:0), which has no missing parents
[2026-04-07T20:57:46.718+0000] {subprocess.py:106} INFO - 26/04/07 20:57:46 INFO MemoryStore: Block broadcast_77 stored as values in memory (estimated size 19.7 KiB, free 433.3 MiB)
[2026-04-07T20:57:46.724+0000] {subprocess.py:106} INFO - 26/04/07 20:57:46 INFO MemoryStore: Block broadcast_77_piece0 stored as bytes in memory (estimated size 7.8 KiB, free 433.3 MiB)
[2026-04-07T20:57:46.725+0000] {subprocess.py:106} INFO - 26/04/07 20:57:46 INFO BlockManagerInfo: Added broadcast_77_piece0 in memory on c05002f484b8:40059 (size: 7.8 KiB, free: 433.9 MiB)
[2026-04-07T20:57:46.726+0000] {subprocess.py:106} INFO - 26/04/07 20:57:46 INFO BlockManagerInfo: Removed broadcast_74_piece0 on c05002f484b8:40059 in memory (size: 5.7 KiB, free: 433.9 MiB)
[2026-04-07T20:57:46.728+0000] {subprocess.py:106} INFO - 26/04/07 20:57:46 INFO SparkContext: Created broadcast 77 from broadcast at DAGScheduler.scala:1585
[2026-04-07T20:57:46.731+0000] {subprocess.py:106} INFO - 26/04/07 20:57:46 INFO DAGScheduler: Submitting 1 missing tasks from ShuffleMapStage 45 (MapPartitionsRDD[91] at count at <unknown>:0) (first 15 tasks are for partitions Vector(0))
[2026-04-07T20:57:46.732+0000] {subprocess.py:106} INFO - 26/04/07 20:57:46 INFO TaskSchedulerImpl: Adding task set 45.0 with 1 tasks resource profile 0
[2026-04-07T20:57:46.733+0000] {subprocess.py:106} INFO - 26/04/07 20:57:46 INFO TaskSetManager: Starting task 0.0 in stage 45.0 (TID 28) (172.30.0.6, executor 0, partition 0, PROCESS_LOCAL, 16223 bytes)
[2026-04-07T20:57:46.733+0000] {subprocess.py:106} INFO - 26/04/07 20:57:46 INFO BlockManagerInfo: Removed broadcast_74_piece0 on 172.30.0.6:44319 in memory (size: 5.7 KiB, free: 434.1 MiB)
[2026-04-07T20:57:46.738+0000] {subprocess.py:106} INFO - 26/04/07 20:57:46 INFO BlockManagerInfo: Removed broadcast_72_piece0 on c05002f484b8:40059 in memory (size: 13.6 KiB, free: 433.9 MiB)
[2026-04-07T20:57:46.740+0000] {subprocess.py:106} INFO - 26/04/07 20:57:46 INFO BlockManagerInfo: Removed broadcast_72_piece0 on 172.30.0.6:44319 in memory (size: 13.6 KiB, free: 434.1 MiB)
[2026-04-07T20:57:46.747+0000] {subprocess.py:106} INFO - 26/04/07 20:57:46 INFO BlockManagerInfo: Added broadcast_77_piece0 in memory on 172.30.0.6:44319 (size: 7.8 KiB, free: 434.1 MiB)
[2026-04-07T20:57:46.751+0000] {subprocess.py:106} INFO - 26/04/07 20:57:46 INFO BlockManagerInfo: Removed broadcast_73_piece0 on c05002f484b8:40059 in memory (size: 29.9 KiB, free: 433.9 MiB)
[2026-04-07T20:57:46.753+0000] {subprocess.py:106} INFO - 26/04/07 20:57:46 INFO BlockManagerInfo: Removed broadcast_73_piece0 on 172.30.0.6:44319 in memory (size: 29.9 KiB, free: 434.1 MiB)
[2026-04-07T20:57:46.801+0000] {subprocess.py:106} INFO - 26/04/07 20:57:46 INFO BlockManagerInfo: Added broadcast_76_piece0 in memory on 172.30.0.6:44319 (size: 30.3 KiB, free: 434.1 MiB)
[2026-04-07T20:57:47.044+0000] {subprocess.py:106} INFO - 26/04/07 20:57:47 INFO TaskSetManager: Finished task 0.0 in stage 45.0 (TID 28) in 307 ms on 172.30.0.6 (executor 0) (1/1)
[2026-04-07T20:57:47.047+0000] {subprocess.py:106} INFO - 26/04/07 20:57:47 INFO TaskSchedulerImpl: Removed TaskSet 45.0, whose tasks have all completed, from pool
[2026-04-07T20:57:47.054+0000] {subprocess.py:106} INFO - 26/04/07 20:57:47 INFO DAGScheduler: ShuffleMapStage 45 (count at <unknown>:0) finished in 0.323 s
[2026-04-07T20:57:47.055+0000] {subprocess.py:106} INFO - 26/04/07 20:57:47 INFO DAGScheduler: looking for newly runnable stages
[2026-04-07T20:57:47.057+0000] {subprocess.py:106} INFO - 26/04/07 20:57:47 INFO DAGScheduler: running: Set()
[2026-04-07T20:57:47.059+0000] {subprocess.py:106} INFO - 26/04/07 20:57:47 INFO DAGScheduler: waiting: Set()
[2026-04-07T20:57:47.061+0000] {subprocess.py:106} INFO - 26/04/07 20:57:47 INFO DAGScheduler: failed: Set()
[2026-04-07T20:57:47.078+0000] {subprocess.py:106} INFO - 26/04/07 20:57:47 INFO CodeGenerator: Code generated in 18.981802 ms
[2026-04-07T20:57:47.098+0000] {subprocess.py:106} INFO - 26/04/07 20:57:47 INFO SparkContext: Starting job: count at <unknown>:0
[2026-04-07T20:57:47.104+0000] {subprocess.py:106} INFO - 26/04/07 20:57:47 INFO DAGScheduler: Got job 29 (count at <unknown>:0) with 1 output partitions
[2026-04-07T20:57:47.104+0000] {subprocess.py:106} INFO - 26/04/07 20:57:47 INFO DAGScheduler: Final stage: ResultStage 47 (count at <unknown>:0)
[2026-04-07T20:57:47.105+0000] {subprocess.py:106} INFO - 26/04/07 20:57:47 INFO DAGScheduler: Parents of final stage: List(ShuffleMapStage 46)
[2026-04-07T20:57:47.109+0000] {subprocess.py:106} INFO - 26/04/07 20:57:47 INFO DAGScheduler: Missing parents: List()
[2026-04-07T20:57:47.119+0000] {subprocess.py:106} INFO - 26/04/07 20:57:47 INFO DAGScheduler: Submitting ResultStage 47 (MapPartitionsRDD[94] at count at <unknown>:0), which has no missing parents
[2026-04-07T20:57:47.122+0000] {subprocess.py:106} INFO - 26/04/07 20:57:47 INFO MemoryStore: Block broadcast_78 stored as values in memory (estimated size 12.5 KiB, free 433.4 MiB)
[2026-04-07T20:57:47.123+0000] {subprocess.py:106} INFO - 26/04/07 20:57:47 INFO MemoryStore: Block broadcast_78_piece0 stored as bytes in memory (estimated size 6.0 KiB, free 433.4 MiB)
[2026-04-07T20:57:47.135+0000] {subprocess.py:106} INFO - 26/04/07 20:57:47 INFO BlockManagerInfo: Added broadcast_78_piece0 in memory on c05002f484b8:40059 (size: 6.0 KiB, free: 433.9 MiB)
[2026-04-07T20:57:47.137+0000] {subprocess.py:106} INFO - 26/04/07 20:57:47 INFO SparkContext: Created broadcast 78 from broadcast at DAGScheduler.scala:1585
[2026-04-07T20:57:47.138+0000] {subprocess.py:106} INFO - 26/04/07 20:57:47 INFO DAGScheduler: Submitting 1 missing tasks from ResultStage 47 (MapPartitionsRDD[94] at count at <unknown>:0) (first 15 tasks are for partitions Vector(0))
[2026-04-07T20:57:47.143+0000] {subprocess.py:106} INFO - 26/04/07 20:57:47 INFO TaskSchedulerImpl: Adding task set 47.0 with 1 tasks resource profile 0
[2026-04-07T20:57:47.146+0000] {subprocess.py:106} INFO - 26/04/07 20:57:47 INFO TaskSetManager: Starting task 0.0 in stage 47.0 (TID 29) (172.30.0.6, executor 0, partition 0, NODE_LOCAL, 9976 bytes)
[2026-04-07T20:57:47.149+0000] {subprocess.py:106} INFO - 26/04/07 20:57:47 INFO BlockManagerInfo: Added broadcast_78_piece0 in memory on 172.30.0.6:44319 (size: 6.0 KiB, free: 434.1 MiB)
[2026-04-07T20:57:47.161+0000] {subprocess.py:106} INFO - 26/04/07 20:57:47 INFO MapOutputTrackerMasterEndpoint: Asked to send map output locations for shuffle 15 to 172.30.0.6:50786
[2026-04-07T20:57:47.210+0000] {subprocess.py:106} INFO - 26/04/07 20:57:47 INFO TaskSetManager: Finished task 0.0 in stage 47.0 (TID 29) in 85 ms on 172.30.0.6 (executor 0) (1/1)
[2026-04-07T20:57:47.212+0000] {subprocess.py:106} INFO - 26/04/07 20:57:47 INFO TaskSchedulerImpl: Removed TaskSet 47.0, whose tasks have all completed, from pool
[2026-04-07T20:57:47.213+0000] {subprocess.py:106} INFO - 26/04/07 20:57:47 INFO DAGScheduler: ResultStage 47 (count at <unknown>:0) finished in 0.110 s
[2026-04-07T20:57:47.224+0000] {subprocess.py:106} INFO - 26/04/07 20:57:47 INFO DAGScheduler: Job 29 is finished. Cancelling potential speculative or zombie tasks for this job
[2026-04-07T20:57:47.226+0000] {subprocess.py:106} INFO - 26/04/07 20:57:47 INFO TaskSchedulerImpl: Killing all running tasks in stage 47: Stage finished
[2026-04-07T20:57:47.227+0000] {subprocess.py:106} INFO - 26/04/07 20:57:47 INFO DAGScheduler: Job 29 finished: count at <unknown>:0, took 0.117592 s
[2026-04-07T20:57:47.228+0000] {subprocess.py:106} INFO - >>> GOLD Layer Built Successfully. Fact records: 44807
[2026-04-07T20:57:47.229+0000] {subprocess.py:106} INFO - 26/04/07 20:57:47 INFO SparkContext: SparkContext is stopping with exitCode 0.
[2026-04-07T20:57:47.255+0000] {subprocess.py:106} INFO - 26/04/07 20:57:47 INFO SparkUI: Stopped Spark web UI at http://c05002f484b8:4040
[2026-04-07T20:57:47.265+0000] {subprocess.py:106} INFO - 26/04/07 20:57:47 INFO StandaloneSchedulerBackend: Shutting down all executors
[2026-04-07T20:57:47.269+0000] {subprocess.py:106} INFO - 26/04/07 20:57:47 INFO StandaloneSchedulerBackend$StandaloneDriverEndpoint: Asking each executor to shut down
[2026-04-07T20:57:47.329+0000] {subprocess.py:106} INFO - 26/04/07 20:57:47 INFO MapOutputTrackerMasterEndpoint: MapOutputTrackerMasterEndpoint stopped!
[2026-04-07T20:57:47.410+0000] {subprocess.py:106} INFO - 26/04/07 20:57:47 INFO MemoryStore: MemoryStore cleared
[2026-04-07T20:57:47.411+0000] {subprocess.py:106} INFO - 26/04/07 20:57:47 INFO BlockManager: BlockManager stopped
[2026-04-07T20:57:47.425+0000] {subprocess.py:106} INFO - 26/04/07 20:57:47 INFO BlockManagerMaster: BlockManagerMaster stopped
[2026-04-07T20:57:47.451+0000] {subprocess.py:106} INFO - 26/04/07 20:57:47 INFO OutputCommitCoordinator$OutputCommitCoordinatorEndpoint: OutputCommitCoordinator stopped!
[2026-04-07T20:57:47.566+0000] {subprocess.py:106} INFO - 26/04/07 20:57:47 INFO SparkContext: Successfully stopped SparkContext
[2026-04-07T20:57:47.726+0000] {subprocess.py:106} INFO - 26/04/07 20:57:47 INFO ShutdownHookManager: Shutdown hook called
[2026-04-07T20:57:47.726+0000] {subprocess.py:106} INFO - 26/04/07 20:57:47 INFO ShutdownHookManager: Deleting directory /tmp/spark-f76b4c95-8491-4cd6-9ce4-4b61c8a80b4f
[2026-04-07T20:57:47.729+0000] {subprocess.py:106} INFO - 26/04/07 20:57:47 INFO ShutdownHookManager: Deleting directory /tmp/spark-5813b8fa-77b2-43d4-8c2c-c994a52e1c31/pyspark-de51816c-c163-4a58-9ca6-fd82e30fa2dc
[2026-04-07T20:57:47.732+0000] {subprocess.py:106} INFO - 26/04/07 20:57:47 INFO ShutdownHookManager: Deleting directory /tmp/spark-5813b8fa-77b2-43d4-8c2c-c994a52e1c31
[2026-04-07T20:57:47.744+0000] {subprocess.py:106} INFO - 26/04/07 20:57:47 INFO MetricsSystemImpl: Stopping s3a-file-system metrics system...
[2026-04-07T20:57:47.745+0000] {subprocess.py:106} INFO - 26/04/07 20:57:47 INFO MetricsSystemImpl: s3a-file-system metrics system stopped.
[2026-04-07T20:57:47.745+0000] {subprocess.py:106} INFO - 26/04/07 20:57:47 INFO MetricsSystemImpl: s3a-file-system metrics system shutdown complete.
[2026-04-07T20:57:47.823+0000] {subprocess.py:110} INFO - Command exited with return code 0
[2026-04-07T20:57:47.900+0000] {taskinstance.py:341} INFO - ::group::Post task execution logs
[2026-04-07T20:57:47.901+0000] {taskinstance.py:353} INFO - Marking task as SUCCESS. dag_id=crawl_etl_itjob, task_id=build_gold, run_id=scheduled__2026-04-06T02:00:00+00:00, execution_date=20260406T020000, start_date=20260407T205640, end_date=20260407T205747
[2026-04-07T20:57:48.014+0000] {local_task_job_runner.py:266} INFO - Task exited with return code 0
[2026-04-07T20:57:48.042+0000] {taskinstance.py:3901} INFO - 0 downstream tasks scheduled from follow-on schedule check
[2026-04-07T20:57:48.044+0000] {local_task_job_runner.py:245} INFO - ::endgroup::
