[2026-03-13T05:05:36.577+0000] {local_task_job_runner.py:123} INFO - ::group::Pre task execution logs
[2026-03-13T05:05:36.608+0000] {taskinstance.py:2614} INFO - Dependencies all met for dep_context=non-requeueable deps ti=<TaskInstance: crawl_etl_itjob.build_gold scheduled__2026-03-11T02:00:00+00:00 [queued]>
[2026-03-13T05:05:36.617+0000] {taskinstance.py:2614} INFO - Dependencies all met for dep_context=requeueable deps ti=<TaskInstance: crawl_etl_itjob.build_gold scheduled__2026-03-11T02:00:00+00:00 [queued]>
[2026-03-13T05:05:36.617+0000] {taskinstance.py:2867} INFO - Starting attempt 1 of 2
[2026-03-13T05:05:36.629+0000] {taskinstance.py:2890} INFO - Executing <Task(BashOperator): build_gold> on 2026-03-11 02:00:00+00:00
[2026-03-13T05:05:36.634+0000] {standard_task_runner.py:72} INFO - Started process 84 to run task
[2026-03-13T05:05:36.637+0000] {standard_task_runner.py:104} INFO - Running: ['***', 'tasks', 'run', 'crawl_etl_itjob', 'build_gold', 'scheduled__2026-03-11T02:00:00+00:00', '--job-id', '647', '--raw', '--subdir', 'DAGS_FOLDER/Crawl_ETL_ITJob.py', '--cfg-path', '/tmp/tmpo3z2tqfm']
[2026-03-13T05:05:36.639+0000] {standard_task_runner.py:105} INFO - Job 647: Subtask build_gold
[2026-03-13T05:05:36.662+0000] {warnings.py:109} WARNING - /home/***/.local/lib/python3.8/site-packages/***/settings.py:209: DeprecationWarning: The sql_alchemy_conn option in [core] has been moved to the sql_alchemy_conn option in [database] - the old setting has been used, but please update your config.
  SQL_ALCHEMY_CONN = conf.get("database", "SQL_ALCHEMY_CONN")

[2026-03-13T05:05:36.731+0000] {task_command.py:467} INFO - Running <TaskInstance: crawl_etl_itjob.build_gold scheduled__2026-03-11T02:00:00+00:00 [running]> on host 19d569223134
[2026-03-13T05:05:36.732+0000] {warnings.py:109} WARNING - /home/***/.local/lib/python3.8/site-packages/***/settings.py:470: DeprecationWarning: The sql_alchemy_conn option in [core] has been moved to the sql_alchemy_conn option in [database] - the old setting has been used, but please update your config.
  if conf.get("database", "sql_alchemy_conn") == "none://":

[2026-03-13T05:05:36.897+0000] {taskinstance.py:3134} INFO - Exporting env vars: AIRFLOW_CTX_DAG_EMAIL='hoa856856@gmail.com' AIRFLOW_CTX_DAG_OWNER='***' AIRFLOW_CTX_DAG_ID='crawl_etl_itjob' AIRFLOW_CTX_TASK_ID='build_gold' AIRFLOW_CTX_EXECUTION_DATE='2026-03-11T02:00:00+00:00' AIRFLOW_CTX_TRY_NUMBER='1' AIRFLOW_CTX_DAG_RUN_ID='scheduled__2026-03-11T02:00:00+00:00'
[2026-03-13T05:05:36.899+0000] {taskinstance.py:732} INFO - ::endgroup::
[2026-03-13T05:05:36.924+0000] {subprocess.py:78} INFO - Tmp dir root location: /tmp
[2026-03-13T05:05:36.926+0000] {subprocess.py:88} INFO - Running command: ['/bin/bash', '-c', "\n        docker exec spark-submit bash -c '\n        /opt/spark/bin/spark-submit         --master spark://spark-master:7077         --deploy-mode client         --packages org.apache.iceberg:iceberg-spark-runtime-3.5_2.12:1.5.0,org.apache.hadoop:hadoop-aws:3.3.4,com.amazonaws:aws-java-sdk-bundle:1.12.262         /opt/spark/scripts/Build_Gold.py\n        '\n        "]
[2026-03-13T05:05:36.943+0000] {subprocess.py:99} INFO - Output:
[2026-03-13T05:05:38.740+0000] {subprocess.py:106} INFO - :: loading settings :: url = jar:file:/opt/spark/jars/ivy-2.5.1.jar!/org/apache/ivy/core/settings/ivysettings.xml
[2026-03-13T05:05:38.846+0000] {subprocess.py:106} INFO - Ivy Default Cache set to: /home/spark/.ivy2/cache
[2026-03-13T05:05:38.847+0000] {subprocess.py:106} INFO - The jars for the packages stored in: /home/spark/.ivy2/jars
[2026-03-13T05:05:38.852+0000] {subprocess.py:106} INFO - org.apache.iceberg#iceberg-spark-runtime-3.5_2.12 added as a dependency
[2026-03-13T05:05:38.852+0000] {subprocess.py:106} INFO - org.apache.hadoop#hadoop-aws added as a dependency
[2026-03-13T05:05:38.853+0000] {subprocess.py:106} INFO - com.amazonaws#aws-java-sdk-bundle added as a dependency
[2026-03-13T05:05:38.853+0000] {subprocess.py:106} INFO - :: resolving dependencies :: org.apache.spark#spark-submit-parent-3b36d3a4-ae2c-4177-9c0b-4853280f580f;1.0
[2026-03-13T05:05:38.854+0000] {subprocess.py:106} INFO - 	confs: [default]
[2026-03-13T05:05:38.933+0000] {subprocess.py:106} INFO - 	found org.apache.iceberg#iceberg-spark-runtime-3.5_2.12;1.5.0 in central
[2026-03-13T05:05:39.001+0000] {subprocess.py:106} INFO - 	found org.apache.hadoop#hadoop-aws;3.3.4 in central
[2026-03-13T05:05:39.029+0000] {subprocess.py:106} INFO - 	found com.amazonaws#aws-java-sdk-bundle;1.12.262 in central
[2026-03-13T05:05:39.054+0000] {subprocess.py:106} INFO - 	found org.wildfly.openssl#wildfly-openssl;1.0.7.Final in central
[2026-03-13T05:05:39.083+0000] {subprocess.py:106} INFO - :: resolution report :: resolve 217ms :: artifacts dl 12ms
[2026-03-13T05:05:39.084+0000] {subprocess.py:106} INFO - 	:: modules in use:
[2026-03-13T05:05:39.084+0000] {subprocess.py:106} INFO - 	com.amazonaws#aws-java-sdk-bundle;1.12.262 from central in [default]
[2026-03-13T05:05:39.085+0000] {subprocess.py:106} INFO - 	org.apache.hadoop#hadoop-aws;3.3.4 from central in [default]
[2026-03-13T05:05:39.086+0000] {subprocess.py:106} INFO - 	org.apache.iceberg#iceberg-spark-runtime-3.5_2.12;1.5.0 from central in [default]
[2026-03-13T05:05:39.086+0000] {subprocess.py:106} INFO - 	org.wildfly.openssl#wildfly-openssl;1.0.7.Final from central in [default]
[2026-03-13T05:05:39.087+0000] {subprocess.py:106} INFO - 	---------------------------------------------------------------------
[2026-03-13T05:05:39.087+0000] {subprocess.py:106} INFO - 	|                  |            modules            ||   artifacts   |
[2026-03-13T05:05:39.087+0000] {subprocess.py:106} INFO - 	|       conf       | number| search|dwnlded|evicted|| number|dwnlded|
[2026-03-13T05:05:39.088+0000] {subprocess.py:106} INFO - 	---------------------------------------------------------------------
[2026-03-13T05:05:39.088+0000] {subprocess.py:106} INFO - 	|      default     |   4   |   0   |   0   |   0   ||   4   |   0   |
[2026-03-13T05:05:39.088+0000] {subprocess.py:106} INFO - 	---------------------------------------------------------------------
[2026-03-13T05:05:39.090+0000] {subprocess.py:106} INFO - :: retrieving :: org.apache.spark#spark-submit-parent-3b36d3a4-ae2c-4177-9c0b-4853280f580f
[2026-03-13T05:05:39.091+0000] {subprocess.py:106} INFO - 	confs: [default]
[2026-03-13T05:05:39.100+0000] {subprocess.py:106} INFO - 	0 artifacts copied, 4 already retrieved (0kB/10ms)
[2026-03-13T05:05:39.372+0000] {subprocess.py:106} INFO - 26/03/13 05:05:39 WARN NativeCodeLoader: Unable to load native-hadoop library for your platform... using builtin-java classes where applicable
[2026-03-13T05:05:40.368+0000] {subprocess.py:106} INFO - 26/03/13 05:05:40 INFO SparkContext: Running Spark version 3.5.3
[2026-03-13T05:05:40.369+0000] {subprocess.py:106} INFO - 26/03/13 05:05:40 INFO SparkContext: OS info Linux, 6.6.87.2-microsoft-standard-WSL2, amd64
[2026-03-13T05:05:40.374+0000] {subprocess.py:106} INFO - 26/03/13 05:05:40 INFO SparkContext: Java version 11.0.24
[2026-03-13T05:05:40.392+0000] {subprocess.py:106} INFO - 26/03/13 05:05:40 INFO ResourceUtils: ==============================================================
[2026-03-13T05:05:40.393+0000] {subprocess.py:106} INFO - 26/03/13 05:05:40 INFO ResourceUtils: No custom resources configured for spark.driver.
[2026-03-13T05:05:40.394+0000] {subprocess.py:106} INFO - 26/03/13 05:05:40 INFO ResourceUtils: ==============================================================
[2026-03-13T05:05:40.394+0000] {subprocess.py:106} INFO - 26/03/13 05:05:40 INFO SparkContext: Submitted application: Build_Gold_Layer_Star_Schema
[2026-03-13T05:05:40.428+0000] {subprocess.py:106} INFO - 26/03/13 05:05:40 INFO ResourceProfile: Default ResourceProfile created, executor resources: Map(memory -> name: memory, amount: 1024, script: , vendor: , offHeap -> name: offHeap, amount: 0, script: , vendor: ), task resources: Map(cpus -> name: cpus, amount: 1.0)
[2026-03-13T05:05:40.439+0000] {subprocess.py:106} INFO - 26/03/13 05:05:40 INFO ResourceProfile: Limiting resource is cpu
[2026-03-13T05:05:40.440+0000] {subprocess.py:106} INFO - 26/03/13 05:05:40 INFO ResourceProfileManager: Added ResourceProfile id: 0
[2026-03-13T05:05:40.490+0000] {subprocess.py:106} INFO - 26/03/13 05:05:40 INFO SecurityManager: Changing view acls to: spark
[2026-03-13T05:05:40.492+0000] {subprocess.py:106} INFO - 26/03/13 05:05:40 INFO SecurityManager: Changing modify acls to: spark
[2026-03-13T05:05:40.492+0000] {subprocess.py:106} INFO - 26/03/13 05:05:40 INFO SecurityManager: Changing view acls groups to:
[2026-03-13T05:05:40.495+0000] {subprocess.py:106} INFO - 26/03/13 05:05:40 INFO SecurityManager: Changing modify acls groups to:
[2026-03-13T05:05:40.498+0000] {subprocess.py:106} INFO - 26/03/13 05:05:40 INFO SecurityManager: SecurityManager: authentication disabled; ui acls disabled; users with view permissions: spark; groups with view permissions: EMPTY; users with modify permissions: spark; groups with modify permissions: EMPTY
[2026-03-13T05:05:40.730+0000] {subprocess.py:106} INFO - 26/03/13 05:05:40 INFO Utils: Successfully started service 'sparkDriver' on port 45197.
[2026-03-13T05:05:40.757+0000] {subprocess.py:106} INFO - 26/03/13 05:05:40 INFO SparkEnv: Registering MapOutputTracker
[2026-03-13T05:05:40.791+0000] {subprocess.py:106} INFO - 26/03/13 05:05:40 INFO SparkEnv: Registering BlockManagerMaster
[2026-03-13T05:05:40.815+0000] {subprocess.py:106} INFO - 26/03/13 05:05:40 INFO BlockManagerMasterEndpoint: Using org.apache.spark.storage.DefaultTopologyMapper for getting topology information
[2026-03-13T05:05:40.816+0000] {subprocess.py:106} INFO - 26/03/13 05:05:40 INFO BlockManagerMasterEndpoint: BlockManagerMasterEndpoint up
[2026-03-13T05:05:40.822+0000] {subprocess.py:106} INFO - 26/03/13 05:05:40 INFO SparkEnv: Registering BlockManagerMasterHeartbeat
[2026-03-13T05:05:40.872+0000] {subprocess.py:106} INFO - 26/03/13 05:05:40 INFO DiskBlockManager: Created local directory at /tmp/blockmgr-299425b4-f2de-4bc2-9198-5b4635ec5cfa
[2026-03-13T05:05:40.898+0000] {subprocess.py:106} INFO - 26/03/13 05:05:40 INFO MemoryStore: MemoryStore started with capacity 434.4 MiB
[2026-03-13T05:05:40.924+0000] {subprocess.py:106} INFO - 26/03/13 05:05:40 INFO SparkEnv: Registering OutputCommitCoordinator
[2026-03-13T05:05:41.066+0000] {subprocess.py:106} INFO - 26/03/13 05:05:41 INFO JettyUtils: Start Jetty 0.0.0.0:4040 for SparkUI
[2026-03-13T05:05:41.112+0000] {subprocess.py:106} INFO - 26/03/13 05:05:41 INFO Utils: Successfully started service 'SparkUI' on port 4040.
[2026-03-13T05:05:41.144+0000] {subprocess.py:106} INFO - 26/03/13 05:05:41 INFO SparkContext: Added JAR file:///home/spark/.ivy2/jars/org.apache.iceberg_iceberg-spark-runtime-3.5_2.12-1.5.0.jar at spark://499f1d118d82:45197/jars/org.apache.iceberg_iceberg-spark-runtime-3.5_2.12-1.5.0.jar with timestamp 1773378340355
[2026-03-13T05:05:41.145+0000] {subprocess.py:106} INFO - 26/03/13 05:05:41 INFO SparkContext: Added JAR file:///home/spark/.ivy2/jars/org.apache.hadoop_hadoop-aws-3.3.4.jar at spark://499f1d118d82:45197/jars/org.apache.hadoop_hadoop-aws-3.3.4.jar with timestamp 1773378340355
[2026-03-13T05:05:41.146+0000] {subprocess.py:106} INFO - 26/03/13 05:05:41 INFO SparkContext: Added JAR file:///home/spark/.ivy2/jars/com.amazonaws_aws-java-sdk-bundle-1.12.262.jar at spark://499f1d118d82:45197/jars/com.amazonaws_aws-java-sdk-bundle-1.12.262.jar with timestamp 1773378340355
[2026-03-13T05:05:41.146+0000] {subprocess.py:106} INFO - 26/03/13 05:05:41 INFO SparkContext: Added JAR file:///home/spark/.ivy2/jars/org.wildfly.openssl_wildfly-openssl-1.0.7.Final.jar at spark://499f1d118d82:45197/jars/org.wildfly.openssl_wildfly-openssl-1.0.7.Final.jar with timestamp 1773378340355
[2026-03-13T05:05:41.149+0000] {subprocess.py:106} INFO - 26/03/13 05:05:41 INFO SparkContext: Added file file:///home/spark/.ivy2/jars/org.apache.iceberg_iceberg-spark-runtime-3.5_2.12-1.5.0.jar at spark://499f1d118d82:45197/files/org.apache.iceberg_iceberg-spark-runtime-3.5_2.12-1.5.0.jar with timestamp 1773378340355
[2026-03-13T05:05:41.150+0000] {subprocess.py:106} INFO - 26/03/13 05:05:41 INFO Utils: Copying /home/spark/.ivy2/jars/org.apache.iceberg_iceberg-spark-runtime-3.5_2.12-1.5.0.jar to /tmp/spark-719eb89f-f615-4043-9212-fd87fde40d0d/userFiles-4f04358d-9d5c-4e20-9f71-dc254d309c1c/org.apache.iceberg_iceberg-spark-runtime-3.5_2.12-1.5.0.jar
[2026-03-13T05:05:41.187+0000] {subprocess.py:106} INFO - 26/03/13 05:05:41 INFO SparkContext: Added file file:///home/spark/.ivy2/jars/org.apache.hadoop_hadoop-aws-3.3.4.jar at spark://499f1d118d82:45197/files/org.apache.hadoop_hadoop-aws-3.3.4.jar with timestamp 1773378340355
[2026-03-13T05:05:41.187+0000] {subprocess.py:106} INFO - 26/03/13 05:05:41 INFO Utils: Copying /home/spark/.ivy2/jars/org.apache.hadoop_hadoop-aws-3.3.4.jar to /tmp/spark-719eb89f-f615-4043-9212-fd87fde40d0d/userFiles-4f04358d-9d5c-4e20-9f71-dc254d309c1c/org.apache.hadoop_hadoop-aws-3.3.4.jar
[2026-03-13T05:05:41.191+0000] {subprocess.py:106} INFO - 26/03/13 05:05:41 INFO SparkContext: Added file file:///home/spark/.ivy2/jars/com.amazonaws_aws-java-sdk-bundle-1.12.262.jar at spark://499f1d118d82:45197/files/com.amazonaws_aws-java-sdk-bundle-1.12.262.jar with timestamp 1773378340355
[2026-03-13T05:05:41.191+0000] {subprocess.py:106} INFO - 26/03/13 05:05:41 INFO Utils: Copying /home/spark/.ivy2/jars/com.amazonaws_aws-java-sdk-bundle-1.12.262.jar to /tmp/spark-719eb89f-f615-4043-9212-fd87fde40d0d/userFiles-4f04358d-9d5c-4e20-9f71-dc254d309c1c/com.amazonaws_aws-java-sdk-bundle-1.12.262.jar
[2026-03-13T05:05:41.357+0000] {subprocess.py:106} INFO - 26/03/13 05:05:41 INFO SparkContext: Added file file:///home/spark/.ivy2/jars/org.wildfly.openssl_wildfly-openssl-1.0.7.Final.jar at spark://499f1d118d82:45197/files/org.wildfly.openssl_wildfly-openssl-1.0.7.Final.jar with timestamp 1773378340355
[2026-03-13T05:05:41.357+0000] {subprocess.py:106} INFO - 26/03/13 05:05:41 INFO Utils: Copying /home/spark/.ivy2/jars/org.wildfly.openssl_wildfly-openssl-1.0.7.Final.jar to /tmp/spark-719eb89f-f615-4043-9212-fd87fde40d0d/userFiles-4f04358d-9d5c-4e20-9f71-dc254d309c1c/org.wildfly.openssl_wildfly-openssl-1.0.7.Final.jar
[2026-03-13T05:05:41.504+0000] {subprocess.py:106} INFO - 26/03/13 05:05:41 INFO StandaloneAppClient$ClientEndpoint: Connecting to master spark://spark-master:7077...
[2026-03-13T05:05:41.573+0000] {subprocess.py:106} INFO - 26/03/13 05:05:41 INFO TransportClientFactory: Successfully created connection to spark-master/172.30.0.6:7077 after 41 ms (0 ms spent in bootstraps)
[2026-03-13T05:05:41.733+0000] {subprocess.py:106} INFO - 26/03/13 05:05:41 INFO StandaloneSchedulerBackend: Connected to Spark cluster with app ID app-20260313050541-0002
[2026-03-13T05:05:41.735+0000] {subprocess.py:106} INFO - 26/03/13 05:05:41 INFO StandaloneAppClient$ClientEndpoint: Executor added: app-20260313050541-0002/0 on worker-20260313045145-172.30.0.7-34487 (172.30.0.7:34487) with 1 core(s)
[2026-03-13T05:05:41.740+0000] {subprocess.py:106} INFO - 26/03/13 05:05:41 INFO StandaloneSchedulerBackend: Granted executor ID app-20260313050541-0002/0 on hostPort 172.30.0.7:34487 with 1 core(s), 1024.0 MiB RAM
[2026-03-13T05:05:41.751+0000] {subprocess.py:106} INFO - 26/03/13 05:05:41 INFO Utils: Successfully started service 'org.apache.spark.network.netty.NettyBlockTransferService' on port 39745.
[2026-03-13T05:05:41.754+0000] {subprocess.py:106} INFO - 26/03/13 05:05:41 INFO NettyBlockTransferService: Server created on 499f1d118d82:39745
[2026-03-13T05:05:41.755+0000] {subprocess.py:106} INFO - 26/03/13 05:05:41 INFO BlockManager: Using org.apache.spark.storage.RandomBlockReplicationPolicy for block replication policy
[2026-03-13T05:05:41.767+0000] {subprocess.py:106} INFO - 26/03/13 05:05:41 INFO BlockManagerMaster: Registering BlockManager BlockManagerId(driver, 499f1d118d82, 39745, None)
[2026-03-13T05:05:41.780+0000] {subprocess.py:106} INFO - 26/03/13 05:05:41 INFO BlockManagerMasterEndpoint: Registering block manager 499f1d118d82:39745 with 434.4 MiB RAM, BlockManagerId(driver, 499f1d118d82, 39745, None)
[2026-03-13T05:05:41.786+0000] {subprocess.py:106} INFO - 26/03/13 05:05:41 INFO BlockManagerMaster: Registered BlockManager BlockManagerId(driver, 499f1d118d82, 39745, None)
[2026-03-13T05:05:41.789+0000] {subprocess.py:106} INFO - 26/03/13 05:05:41 INFO BlockManager: Initialized BlockManager: BlockManagerId(driver, 499f1d118d82, 39745, None)
[2026-03-13T05:05:41.797+0000] {subprocess.py:106} INFO - 26/03/13 05:05:41 INFO StandaloneAppClient$ClientEndpoint: Executor updated: app-20260313050541-0002/0 is now RUNNING
[2026-03-13T05:05:42.031+0000] {subprocess.py:106} INFO - 26/03/13 05:05:42 INFO StandaloneSchedulerBackend: SchedulerBackend is ready for scheduling beginning after reached minRegisteredResourcesRatio: 0.0
[2026-03-13T05:05:42.307+0000] {subprocess.py:106} INFO - 26/03/13 05:05:42 INFO SharedState: Setting hive.metastore.warehouse.dir ('null') to the value of spark.sql.warehouse.dir.
[2026-03-13T05:05:42.311+0000] {subprocess.py:106} INFO - 26/03/13 05:05:42 INFO SharedState: Warehouse path is 'file:/opt/spark/work-dir/spark-warehouse'.
[2026-03-13T05:05:44.911+0000] {subprocess.py:106} INFO - 26/03/13 05:05:44 INFO StandaloneSchedulerBackend$StandaloneDriverEndpoint: Registered executor NettyRpcEndpointRef(spark-client://Executor) (172.30.0.7:51492) with ID 0,  ResourceProfileId 0
[2026-03-13T05:05:45.006+0000] {subprocess.py:106} INFO - 26/03/13 05:05:45 INFO BlockManagerMasterEndpoint: Registering block manager 172.30.0.7:37987 with 434.4 MiB RAM, BlockManagerId(0, 172.30.0.7, 37987, None)
[2026-03-13T05:05:45.329+0000] {subprocess.py:106} INFO - 26/03/13 05:05:45 INFO HiveConf: Found configuration file null
[2026-03-13T05:05:45.572+0000] {subprocess.py:106} INFO - 26/03/13 05:05:45 INFO metastore: Trying to connect to metastore with URI thrift://hive-metastore:9083
[2026-03-13T05:05:45.602+0000] {subprocess.py:106} INFO - 26/03/13 05:05:45 INFO metastore: Opened a connection to metastore, current connections: 1
[2026-03-13T05:05:45.712+0000] {subprocess.py:106} INFO - 26/03/13 05:05:45 INFO metastore: Connected to metastore.
[2026-03-13T05:05:45.838+0000] {subprocess.py:106} INFO - >>> Dropping existing GOLD tables for Full Refresh...
[2026-03-13T05:05:46.450+0000] {subprocess.py:106} INFO - 26/03/13 05:05:45 INFO BaseMetastoreTableOperations: Refreshing table metadata from new version: s3a://warehouse/iceberg_data/gold.db/fact_job_posting/metadata/00000-1ef8e1f1-f25a-4875-b677-7cd5d3fb7801.metadata.json
[2026-03-13T05:05:46.513+0000] {subprocess.py:106} INFO - 26/03/13 05:05:46 WARN MetricsConfig: Cannot locate configuration: tried hadoop-metrics2-s3a-file-system.properties,hadoop-metrics2.properties
[2026-03-13T05:05:46.525+0000] {subprocess.py:106} INFO - 26/03/13 05:05:46 INFO MetricsSystemImpl: Scheduled Metric snapshot period at 10 second(s).
[2026-03-13T05:05:46.525+0000] {subprocess.py:106} INFO - 26/03/13 05:05:46 INFO MetricsSystemImpl: s3a-file-system metrics system started
[2026-03-13T05:05:48.226+0000] {subprocess.py:106} INFO - 26/03/13 05:05:48 INFO BaseMetastoreCatalog: Table loaded by catalog: iceberg.gold.fact_job_posting
[2026-03-13T05:05:48.693+0000] {subprocess.py:106} INFO - 26/03/13 05:05:48 INFO HiveCatalog: Dropped table: gold.fact_job_posting
[2026-03-13T05:05:48.727+0000] {subprocess.py:106} INFO - 26/03/13 05:05:48 INFO BaseMetastoreTableOperations: Refreshing table metadata from new version: s3a://warehouse/iceberg_data/gold.db/dim_skill/metadata/00000-692977ab-1355-48ec-ac41-c98579630927.metadata.json
[2026-03-13T05:05:48.743+0000] {subprocess.py:106} INFO - 26/03/13 05:05:48 INFO BaseMetastoreCatalog: Table loaded by catalog: iceberg.gold.dim_skill
[2026-03-13T05:05:48.802+0000] {subprocess.py:106} INFO - 26/03/13 05:05:48 INFO HiveCatalog: Dropped table: gold.dim_skill
[2026-03-13T05:05:48.829+0000] {subprocess.py:106} INFO - 26/03/13 05:05:48 INFO BaseMetastoreTableOperations: Refreshing table metadata from new version: s3a://warehouse/iceberg_data/gold.db/dim_location/metadata/00000-c5742bde-f94f-4537-905e-2c646cd57751.metadata.json
[2026-03-13T05:05:48.844+0000] {subprocess.py:106} INFO - 26/03/13 05:05:48 INFO BaseMetastoreCatalog: Table loaded by catalog: iceberg.gold.dim_location
[2026-03-13T05:05:48.897+0000] {subprocess.py:106} INFO - 26/03/13 05:05:48 INFO HiveCatalog: Dropped table: gold.dim_location
[2026-03-13T05:05:48.921+0000] {subprocess.py:106} INFO - 26/03/13 05:05:48 INFO BaseMetastoreTableOperations: Refreshing table metadata from new version: s3a://warehouse/iceberg_data/gold.db/dim_company/metadata/00000-7d1b0061-0983-463d-9cde-1981aac0884e.metadata.json
[2026-03-13T05:05:48.940+0000] {subprocess.py:106} INFO - 26/03/13 05:05:48 INFO BaseMetastoreCatalog: Table loaded by catalog: iceberg.gold.dim_company
[2026-03-13T05:05:48.997+0000] {subprocess.py:106} INFO - 26/03/13 05:05:48 INFO HiveCatalog: Dropped table: gold.dim_company
[2026-03-13T05:05:49.025+0000] {subprocess.py:106} INFO - 26/03/13 05:05:49 INFO BaseMetastoreTableOperations: Refreshing table metadata from new version: s3a://warehouse/iceberg_data/gold.db/dim_date/metadata/00000-7c95428b-1d1f-4c5f-9b90-b8217352b6d8.metadata.json
[2026-03-13T05:05:49.042+0000] {subprocess.py:106} INFO - 26/03/13 05:05:49 INFO BaseMetastoreCatalog: Table loaded by catalog: iceberg.gold.dim_date
[2026-03-13T05:05:49.103+0000] {subprocess.py:106} INFO - 26/03/13 05:05:49 INFO HiveCatalog: Dropped table: gold.dim_date
[2026-03-13T05:05:49.133+0000] {subprocess.py:106} INFO - 26/03/13 05:05:49 INFO BaseMetastoreTableOperations: Refreshing table metadata from new version: s3a://warehouse/iceberg_data/gold.db/dim_work_mode/metadata/00000-bfc4738f-d517-423e-b161-83376ff7b8e7.metadata.json
[2026-03-13T05:05:49.152+0000] {subprocess.py:106} INFO - 26/03/13 05:05:49 INFO BaseMetastoreCatalog: Table loaded by catalog: iceberg.gold.dim_work_mode
[2026-03-13T05:05:49.202+0000] {subprocess.py:106} INFO - 26/03/13 05:05:49 INFO HiveCatalog: Dropped table: gold.dim_work_mode
[2026-03-13T05:05:49.224+0000] {subprocess.py:106} INFO - 26/03/13 05:05:49 INFO BaseMetastoreTableOperations: Refreshing table metadata from new version: s3a://warehouse/iceberg_data/gold.db/dim_job_category/metadata/00000-278c5a6b-b763-4d7e-8b96-3dfc3ce2bcc0.metadata.json
[2026-03-13T05:05:49.246+0000] {subprocess.py:106} INFO - 26/03/13 05:05:49 INFO BaseMetastoreCatalog: Table loaded by catalog: iceberg.gold.dim_job_category
[2026-03-13T05:05:49.295+0000] {subprocess.py:106} INFO - 26/03/13 05:05:49 INFO HiveCatalog: Dropped table: gold.dim_job_category
[2026-03-13T05:05:49.296+0000] {subprocess.py:106} INFO - >>> Reading Silver Data from iceberg.silver.it_jobs_clean...
[2026-03-13T05:05:49.317+0000] {subprocess.py:106} INFO - 26/03/13 05:05:49 INFO BaseMetastoreTableOperations: Refreshing table metadata from new version: s3a://warehouse/iceberg_data/silver.db/it_jobs_clean/metadata/00013-138f7ed5-6b06-4a79-b056-eed27b0e5477.metadata.json
[2026-03-13T05:05:49.338+0000] {subprocess.py:106} INFO - 26/03/13 05:05:49 INFO BaseMetastoreCatalog: Table loaded by catalog: iceberg.silver.it_jobs_clean
[2026-03-13T05:05:49.599+0000] {subprocess.py:106} INFO - 26/03/13 05:05:49 INFO SnapshotScan: Scanning table iceberg.silver.it_jobs_clean snapshot 8335972138811178080 created at 2026-03-13T05:05:34.072+00:00 with filter true
[2026-03-13T05:05:49.782+0000] {subprocess.py:106} INFO - 26/03/13 05:05:49 INFO BaseDistributedDataScan: Planning file tasks locally for table iceberg.silver.it_jobs_clean
[2026-03-13T05:05:49.973+0000] {subprocess.py:106} INFO - 26/03/13 05:05:49 INFO V2ScanRelationPushDown:
[2026-03-13T05:05:49.974+0000] {subprocess.py:106} INFO - Pushing operators to iceberg.silver.it_jobs_clean
[2026-03-13T05:05:49.975+0000] {subprocess.py:106} INFO - Pushed Aggregate Functions:
[2026-03-13T05:05:49.975+0000] {subprocess.py:106} INFO -  COUNT(*)
[2026-03-13T05:05:49.976+0000] {subprocess.py:106} INFO - Pushed Group by:
[2026-03-13T05:05:49.976+0000] {subprocess.py:106} INFO - 
[2026-03-13T05:05:49.976+0000] {subprocess.py:106} INFO - 
[2026-03-13T05:05:50.697+0000] {subprocess.py:106} INFO - 26/03/13 05:05:50 INFO CodeGenerator: Code generated in 260.727772 ms
[2026-03-13T05:05:50.714+0000] {subprocess.py:106} INFO - 26/03/13 05:05:50 INFO CodeGenerator: Code generated in 9.670957 ms
[2026-03-13T05:05:50.802+0000] {subprocess.py:106} INFO - 26/03/13 05:05:50 INFO DAGScheduler: Registering RDD 2 (count at <unknown>:0) as input to shuffle 0
[2026-03-13T05:05:50.806+0000] {subprocess.py:106} INFO - 26/03/13 05:05:50 INFO DAGScheduler: Got map stage job 0 (count at <unknown>:0) with 1 output partitions
[2026-03-13T05:05:50.806+0000] {subprocess.py:106} INFO - 26/03/13 05:05:50 INFO DAGScheduler: Final stage: ShuffleMapStage 0 (count at <unknown>:0)
[2026-03-13T05:05:50.807+0000] {subprocess.py:106} INFO - 26/03/13 05:05:50 INFO DAGScheduler: Parents of final stage: List()
[2026-03-13T05:05:50.809+0000] {subprocess.py:106} INFO - 26/03/13 05:05:50 INFO DAGScheduler: Missing parents: List()
[2026-03-13T05:05:50.812+0000] {subprocess.py:106} INFO - 26/03/13 05:05:50 INFO DAGScheduler: Submitting ShuffleMapStage 0 (MapPartitionsRDD[2] at count at <unknown>:0), which has no missing parents
[2026-03-13T05:05:50.900+0000] {subprocess.py:106} INFO - 26/03/13 05:05:50 INFO MemoryStore: Block broadcast_0 stored as values in memory (estimated size 12.6 KiB, free 434.4 MiB)
[2026-03-13T05:05:50.947+0000] {subprocess.py:106} INFO - 26/03/13 05:05:50 INFO MemoryStore: Block broadcast_0_piece0 stored as bytes in memory (estimated size 6.2 KiB, free 434.4 MiB)
[2026-03-13T05:05:50.951+0000] {subprocess.py:106} INFO - 26/03/13 05:05:50 INFO BlockManagerInfo: Added broadcast_0_piece0 in memory on 499f1d118d82:39745 (size: 6.2 KiB, free: 434.4 MiB)
[2026-03-13T05:05:50.956+0000] {subprocess.py:106} INFO - 26/03/13 05:05:50 INFO SparkContext: Created broadcast 0 from broadcast at DAGScheduler.scala:1585
[2026-03-13T05:05:50.984+0000] {subprocess.py:106} INFO - 26/03/13 05:05:50 INFO DAGScheduler: Submitting 1 missing tasks from ShuffleMapStage 0 (MapPartitionsRDD[2] at count at <unknown>:0) (first 15 tasks are for partitions Vector(0))
[2026-03-13T05:05:50.985+0000] {subprocess.py:106} INFO - 26/03/13 05:05:50 INFO TaskSchedulerImpl: Adding task set 0.0 with 1 tasks resource profile 0
[2026-03-13T05:05:51.017+0000] {subprocess.py:106} INFO - 26/03/13 05:05:51 INFO TaskSetManager: Starting task 0.0 in stage 0.0 (TID 0) (172.30.0.7, executor 0, partition 0, PROCESS_LOCAL, 10137 bytes)
[2026-03-13T05:05:51.245+0000] {subprocess.py:106} INFO - 26/03/13 05:05:51 INFO BlockManagerInfo: Added broadcast_0_piece0 in memory on 172.30.0.7:37987 (size: 6.2 KiB, free: 434.4 MiB)
[2026-03-13T05:05:52.084+0000] {subprocess.py:106} INFO - 26/03/13 05:05:52 INFO TaskSetManager: Finished task 0.0 in stage 0.0 (TID 0) in 1080 ms on 172.30.0.7 (executor 0) (1/1)
[2026-03-13T05:05:52.086+0000] {subprocess.py:106} INFO - 26/03/13 05:05:52 INFO TaskSchedulerImpl: Removed TaskSet 0.0, whose tasks have all completed, from pool
[2026-03-13T05:05:52.092+0000] {subprocess.py:106} INFO - 26/03/13 05:05:52 INFO DAGScheduler: ShuffleMapStage 0 (count at <unknown>:0) finished in 1.269 s
[2026-03-13T05:05:52.093+0000] {subprocess.py:106} INFO - 26/03/13 05:05:52 INFO DAGScheduler: looking for newly runnable stages
[2026-03-13T05:05:52.094+0000] {subprocess.py:106} INFO - 26/03/13 05:05:52 INFO DAGScheduler: running: Set()
[2026-03-13T05:05:52.094+0000] {subprocess.py:106} INFO - 26/03/13 05:05:52 INFO DAGScheduler: waiting: Set()
[2026-03-13T05:05:52.095+0000] {subprocess.py:106} INFO - 26/03/13 05:05:52 INFO DAGScheduler: failed: Set()
[2026-03-13T05:05:52.141+0000] {subprocess.py:106} INFO - 26/03/13 05:05:52 INFO CodeGenerator: Code generated in 12.785135 ms
[2026-03-13T05:05:52.190+0000] {subprocess.py:106} INFO - 26/03/13 05:05:52 INFO SparkContext: Starting job: count at <unknown>:0
[2026-03-13T05:05:52.194+0000] {subprocess.py:106} INFO - 26/03/13 05:05:52 INFO DAGScheduler: Got job 1 (count at <unknown>:0) with 1 output partitions
[2026-03-13T05:05:52.195+0000] {subprocess.py:106} INFO - 26/03/13 05:05:52 INFO DAGScheduler: Final stage: ResultStage 2 (count at <unknown>:0)
[2026-03-13T05:05:52.196+0000] {subprocess.py:106} INFO - 26/03/13 05:05:52 INFO DAGScheduler: Parents of final stage: List(ShuffleMapStage 1)
[2026-03-13T05:05:52.197+0000] {subprocess.py:106} INFO - 26/03/13 05:05:52 INFO DAGScheduler: Missing parents: List()
[2026-03-13T05:05:52.200+0000] {subprocess.py:106} INFO - 26/03/13 05:05:52 INFO DAGScheduler: Submitting ResultStage 2 (MapPartitionsRDD[5] at count at <unknown>:0), which has no missing parents
[2026-03-13T05:05:52.210+0000] {subprocess.py:106} INFO - 26/03/13 05:05:52 INFO MemoryStore: Block broadcast_1 stored as values in memory (estimated size 13.7 KiB, free 434.4 MiB)
[2026-03-13T05:05:52.222+0000] {subprocess.py:106} INFO - 26/03/13 05:05:52 INFO MemoryStore: Block broadcast_1_piece0 stored as bytes in memory (estimated size 6.3 KiB, free 434.4 MiB)
[2026-03-13T05:05:52.223+0000] {subprocess.py:106} INFO - 26/03/13 05:05:52 INFO BlockManagerInfo: Added broadcast_1_piece0 in memory on 499f1d118d82:39745 (size: 6.3 KiB, free: 434.4 MiB)
[2026-03-13T05:05:52.224+0000] {subprocess.py:106} INFO - 26/03/13 05:05:52 INFO SparkContext: Created broadcast 1 from broadcast at DAGScheduler.scala:1585
[2026-03-13T05:05:52.227+0000] {subprocess.py:106} INFO - 26/03/13 05:05:52 INFO DAGScheduler: Submitting 1 missing tasks from ResultStage 2 (MapPartitionsRDD[5] at count at <unknown>:0) (first 15 tasks are for partitions Vector(0))
[2026-03-13T05:05:52.227+0000] {subprocess.py:106} INFO - 26/03/13 05:05:52 INFO TaskSchedulerImpl: Adding task set 2.0 with 1 tasks resource profile 0
[2026-03-13T05:05:52.234+0000] {subprocess.py:106} INFO - 26/03/13 05:05:52 INFO TaskSetManager: Starting task 0.0 in stage 2.0 (TID 1) (172.30.0.7, executor 0, partition 0, NODE_LOCAL, 9976 bytes)
[2026-03-13T05:05:52.256+0000] {subprocess.py:106} INFO - 26/03/13 05:05:52 INFO BlockManagerInfo: Removed broadcast_0_piece0 on 499f1d118d82:39745 in memory (size: 6.2 KiB, free: 434.4 MiB)
[2026-03-13T05:05:52.274+0000] {subprocess.py:106} INFO - 26/03/13 05:05:52 INFO BlockManagerInfo: Removed broadcast_0_piece0 on 172.30.0.7:37987 in memory (size: 6.2 KiB, free: 434.4 MiB)
[2026-03-13T05:05:52.283+0000] {subprocess.py:106} INFO - 26/03/13 05:05:52 INFO BlockManagerInfo: Added broadcast_1_piece0 in memory on 172.30.0.7:37987 (size: 6.3 KiB, free: 434.4 MiB)
[2026-03-13T05:05:52.357+0000] {subprocess.py:106} INFO - 26/03/13 05:05:52 INFO MapOutputTrackerMasterEndpoint: Asked to send map output locations for shuffle 0 to 172.30.0.7:51492
[2026-03-13T05:05:52.497+0000] {subprocess.py:106} INFO - 26/03/13 05:05:52 INFO TaskSetManager: Finished task 0.0 in stage 2.0 (TID 1) in 266 ms on 172.30.0.7 (executor 0) (1/1)
[2026-03-13T05:05:52.498+0000] {subprocess.py:106} INFO - 26/03/13 05:05:52 INFO TaskSchedulerImpl: Removed TaskSet 2.0, whose tasks have all completed, from pool
[2026-03-13T05:05:52.499+0000] {subprocess.py:106} INFO - 26/03/13 05:05:52 INFO DAGScheduler: ResultStage 2 (count at <unknown>:0) finished in 0.292 s
[2026-03-13T05:05:52.502+0000] {subprocess.py:106} INFO - 26/03/13 05:05:52 INFO DAGScheduler: Job 1 is finished. Cancelling potential speculative or zombie tasks for this job
[2026-03-13T05:05:52.503+0000] {subprocess.py:106} INFO - 26/03/13 05:05:52 INFO TaskSchedulerImpl: Killing all running tasks in stage 2: Stage finished
[2026-03-13T05:05:52.505+0000] {subprocess.py:106} INFO - 26/03/13 05:05:52 INFO DAGScheduler: Job 1 finished: count at <unknown>:0, took 0.314167 s
[2026-03-13T05:05:52.515+0000] {subprocess.py:106} INFO - >>> Loaded Silver Data: 8635 records.
[2026-03-13T05:05:52.516+0000] {subprocess.py:106} INFO - >>> Building DIM_SKILL...
[2026-03-13T05:05:54.108+0000] {subprocess.py:106} INFO - 26/03/13 05:05:54 INFO BaseMetastoreCatalog: Table properties set at catalog level through catalog properties: {}
[2026-03-13T05:05:54.115+0000] {subprocess.py:106} INFO - 26/03/13 05:05:54 INFO BaseMetastoreCatalog: Table properties enforced at catalog level through catalog properties: {}
[2026-03-13T05:05:54.233+0000] {subprocess.py:106} INFO - 26/03/13 05:05:54 INFO V2ScanRelationPushDown:
[2026-03-13T05:05:54.234+0000] {subprocess.py:106} INFO - Pushing operators to iceberg.silver.it_jobs_clean
[2026-03-13T05:05:54.234+0000] {subprocess.py:106} INFO - Pushed Filters: skills_required IS NOT NULL
[2026-03-13T05:05:54.234+0000] {subprocess.py:106} INFO - Post-Scan Filters: isnotnull(skills_required#3),(size(skills_required#3, true) > 0)
[2026-03-13T05:05:54.235+0000] {subprocess.py:106} INFO - 
[2026-03-13T05:05:54.256+0000] {subprocess.py:106} INFO - 26/03/13 05:05:54 INFO V2ScanRelationPushDown:
[2026-03-13T05:05:54.257+0000] {subprocess.py:106} INFO - Output: skills_required#3
[2026-03-13T05:05:54.258+0000] {subprocess.py:106} INFO - 
[2026-03-13T05:05:54.262+0000] {subprocess.py:106} INFO - 26/03/13 05:05:54 INFO SnapshotScan: Scanning table iceberg.silver.it_jobs_clean snapshot 8335972138811178080 created at 2026-03-13T05:05:34.072+00:00 with filter skills_required IS NOT NULL
[2026-03-13T05:05:54.272+0000] {subprocess.py:106} INFO - 26/03/13 05:05:54 INFO BaseDistributedDataScan: Planning file tasks locally for table iceberg.silver.it_jobs_clean
[2026-03-13T05:05:54.362+0000] {subprocess.py:106} INFO - 26/03/13 05:05:54 INFO BlockManagerInfo: Removed broadcast_1_piece0 on 499f1d118d82:39745 in memory (size: 6.3 KiB, free: 434.4 MiB)
[2026-03-13T05:05:54.365+0000] {subprocess.py:106} INFO - 26/03/13 05:05:54 INFO BlockManagerInfo: Removed broadcast_1_piece0 on 172.30.0.7:37987 in memory (size: 6.3 KiB, free: 434.4 MiB)
[2026-03-13T05:05:54.383+0000] {subprocess.py:106} INFO - 26/03/13 05:05:54 INFO SparkPartitioningAwareScan: Reporting UnknownPartitioning with 4 partition(s) for table iceberg.silver.it_jobs_clean
[2026-03-13T05:05:54.405+0000] {subprocess.py:106} INFO - 26/03/13 05:05:54 INFO SparkWrite: Requesting 0 bytes advisory partition size for table gold.dim_skill
[2026-03-13T05:05:54.406+0000] {subprocess.py:106} INFO - 26/03/13 05:05:54 INFO SparkWrite: Requesting UnspecifiedDistribution as write distribution for table gold.dim_skill
[2026-03-13T05:05:54.409+0000] {subprocess.py:106} INFO - 26/03/13 05:05:54 INFO SparkWrite: Requesting [] as write ordering for table gold.dim_skill
[2026-03-13T05:05:54.453+0000] {subprocess.py:106} INFO - 26/03/13 05:05:54 INFO MemoryStore: Block broadcast_2 stored as values in memory (estimated size 32.0 KiB, free 434.4 MiB)
[2026-03-13T05:05:54.473+0000] {subprocess.py:106} INFO - 26/03/13 05:05:54 INFO MemoryStore: Block broadcast_2_piece0 stored as bytes in memory (estimated size 30.4 KiB, free 434.3 MiB)
[2026-03-13T05:05:54.478+0000] {subprocess.py:106} INFO - 26/03/13 05:05:54 INFO BlockManagerInfo: Added broadcast_2_piece0 in memory on 499f1d118d82:39745 (size: 30.4 KiB, free: 434.4 MiB)
[2026-03-13T05:05:54.479+0000] {subprocess.py:106} INFO - 26/03/13 05:05:54 INFO SparkContext: Created broadcast 2 from broadcast at SparkBatch.java:79
[2026-03-13T05:05:54.490+0000] {subprocess.py:106} INFO - 26/03/13 05:05:54 INFO MemoryStore: Block broadcast_3 stored as values in memory (estimated size 32.0 KiB, free 434.3 MiB)
[2026-03-13T05:05:54.493+0000] {subprocess.py:106} INFO - 26/03/13 05:05:54 INFO MemoryStore: Block broadcast_3_piece0 stored as bytes in memory (estimated size 30.3 KiB, free 434.3 MiB)
[2026-03-13T05:05:54.494+0000] {subprocess.py:106} INFO - 26/03/13 05:05:54 INFO BlockManagerInfo: Added broadcast_3_piece0 in memory on 499f1d118d82:39745 (size: 30.3 KiB, free: 434.3 MiB)
[2026-03-13T05:05:54.495+0000] {subprocess.py:106} INFO - 26/03/13 05:05:54 INFO SparkContext: Created broadcast 3 from broadcast at SparkBatch.java:79
[2026-03-13T05:05:54.674+0000] {subprocess.py:106} INFO - 26/03/13 05:05:54 INFO CodeGenerator: Code generated in 56.650763 ms
[2026-03-13T05:05:54.739+0000] {subprocess.py:106} INFO - 26/03/13 05:05:54 INFO DAGScheduler: Registering RDD 9 (create at <unknown>:0) as input to shuffle 1
[2026-03-13T05:05:54.740+0000] {subprocess.py:106} INFO - 26/03/13 05:05:54 INFO DAGScheduler: Got map stage job 2 (create at <unknown>:0) with 4 output partitions
[2026-03-13T05:05:54.740+0000] {subprocess.py:106} INFO - 26/03/13 05:05:54 INFO DAGScheduler: Final stage: ShuffleMapStage 3 (create at <unknown>:0)
[2026-03-13T05:05:54.741+0000] {subprocess.py:106} INFO - 26/03/13 05:05:54 INFO DAGScheduler: Parents of final stage: List()
[2026-03-13T05:05:54.742+0000] {subprocess.py:106} INFO - 26/03/13 05:05:54 INFO DAGScheduler: Missing parents: List()
[2026-03-13T05:05:54.743+0000] {subprocess.py:106} INFO - 26/03/13 05:05:54 INFO DAGScheduler: Submitting ShuffleMapStage 3 (MapPartitionsRDD[9] at create at <unknown>:0), which has no missing parents
[2026-03-13T05:05:54.754+0000] {subprocess.py:106} INFO - 26/03/13 05:05:54 INFO MemoryStore: Block broadcast_4 stored as values in memory (estimated size 40.1 KiB, free 434.2 MiB)
[2026-03-13T05:05:54.771+0000] {subprocess.py:106} INFO - 26/03/13 05:05:54 INFO MemoryStore: Block broadcast_4_piece0 stored as bytes in memory (estimated size 17.5 KiB, free 434.2 MiB)
[2026-03-13T05:05:54.772+0000] {subprocess.py:106} INFO - 26/03/13 05:05:54 INFO BlockManagerInfo: Added broadcast_4_piece0 in memory on 499f1d118d82:39745 (size: 17.5 KiB, free: 434.3 MiB)
[2026-03-13T05:05:54.777+0000] {subprocess.py:106} INFO - 26/03/13 05:05:54 INFO SparkContext: Created broadcast 4 from broadcast at DAGScheduler.scala:1585
[2026-03-13T05:05:54.777+0000] {subprocess.py:106} INFO - 26/03/13 05:05:54 INFO DAGScheduler: Submitting 4 missing tasks from ShuffleMapStage 3 (MapPartitionsRDD[9] at create at <unknown>:0) (first 15 tasks are for partitions Vector(0, 1, 2, 3))
[2026-03-13T05:05:54.783+0000] {subprocess.py:106} INFO - 26/03/13 05:05:54 INFO TaskSchedulerImpl: Adding task set 3.0 with 4 tasks resource profile 0
[2026-03-13T05:05:54.816+0000] {subprocess.py:106} INFO - 26/03/13 05:05:54 INFO TaskSetManager: Starting task 0.0 in stage 3.0 (TID 2) (172.30.0.7, executor 0, partition 0, PROCESS_LOCAL, 16617 bytes)
[2026-03-13T05:05:55.181+0000] {subprocess.py:106} INFO - 26/03/13 05:05:55 INFO BlockManagerInfo: Added broadcast_4_piece0 in memory on 172.30.0.7:37987 (size: 17.5 KiB, free: 434.4 MiB)
[2026-03-13T05:05:55.615+0000] {subprocess.py:106} INFO - 26/03/13 05:05:55 INFO BlockManagerInfo: Added broadcast_3_piece0 in memory on 172.30.0.7:37987 (size: 30.3 KiB, free: 434.4 MiB)
[2026-03-13T05:05:57.829+0000] {subprocess.py:106} INFO - 26/03/13 05:05:57 INFO TaskSetManager: Starting task 1.0 in stage 3.0 (TID 3) (172.30.0.7, executor 0, partition 1, PROCESS_LOCAL, 16618 bytes)
[2026-03-13T05:05:57.831+0000] {subprocess.py:106} INFO - 26/03/13 05:05:57 INFO TaskSetManager: Finished task 0.0 in stage 3.0 (TID 2) in 3051 ms on 172.30.0.7 (executor 0) (1/4)
[2026-03-13T05:05:58.104+0000] {subprocess.py:106} INFO - 26/03/13 05:05:58 INFO TaskSetManager: Starting task 2.0 in stage 3.0 (TID 4) (172.30.0.7, executor 0, partition 2, PROCESS_LOCAL, 16618 bytes)
[2026-03-13T05:05:58.105+0000] {subprocess.py:106} INFO - 26/03/13 05:05:58 INFO TaskSetManager: Finished task 1.0 in stage 3.0 (TID 3) in 276 ms on 172.30.0.7 (executor 0) (2/4)
[2026-03-13T05:05:58.395+0000] {subprocess.py:106} INFO - 26/03/13 05:05:58 INFO TaskSetManager: Starting task 3.0 in stage 3.0 (TID 5) (172.30.0.7, executor 0, partition 3, PROCESS_LOCAL, 15694 bytes)
[2026-03-13T05:05:58.397+0000] {subprocess.py:106} INFO - 26/03/13 05:05:58 INFO TaskSetManager: Finished task 2.0 in stage 3.0 (TID 4) in 294 ms on 172.30.0.7 (executor 0) (3/4)
[2026-03-13T05:05:58.546+0000] {subprocess.py:106} INFO - 26/03/13 05:05:58 INFO TaskSetManager: Finished task 3.0 in stage 3.0 (TID 5) in 153 ms on 172.30.0.7 (executor 0) (4/4)
[2026-03-13T05:05:58.547+0000] {subprocess.py:106} INFO - 26/03/13 05:05:58 INFO TaskSchedulerImpl: Removed TaskSet 3.0, whose tasks have all completed, from pool
[2026-03-13T05:05:58.548+0000] {subprocess.py:106} INFO - 26/03/13 05:05:58 INFO DAGScheduler: ShuffleMapStage 3 (create at <unknown>:0) finished in 3.802 s
[2026-03-13T05:05:58.549+0000] {subprocess.py:106} INFO - 26/03/13 05:05:58 INFO DAGScheduler: looking for newly runnable stages
[2026-03-13T05:05:58.553+0000] {subprocess.py:106} INFO - 26/03/13 05:05:58 INFO DAGScheduler: running: Set()
[2026-03-13T05:05:58.554+0000] {subprocess.py:106} INFO - 26/03/13 05:05:58 INFO DAGScheduler: waiting: Set()
[2026-03-13T05:05:58.555+0000] {subprocess.py:106} INFO - 26/03/13 05:05:58 INFO DAGScheduler: failed: Set()
[2026-03-13T05:05:58.563+0000] {subprocess.py:106} INFO - 26/03/13 05:05:58 INFO ShufflePartitionsUtil: For shuffle(1), advisory target size: 67108864, actual target size 1048576, minimum partition size: 1048576
[2026-03-13T05:05:58.662+0000] {subprocess.py:106} INFO - 26/03/13 05:05:58 INFO CodeGenerator: Code generated in 44.694279 ms
[2026-03-13T05:05:58.688+0000] {subprocess.py:106} INFO - 26/03/13 05:05:58 INFO MemoryStore: Block broadcast_5 stored as values in memory (estimated size 32.0 KiB, free 434.2 MiB)
[2026-03-13T05:05:58.703+0000] {subprocess.py:106} INFO - 26/03/13 05:05:58 INFO MemoryStore: Block broadcast_5_piece0 stored as bytes in memory (estimated size 29.9 KiB, free 434.2 MiB)
[2026-03-13T05:05:58.706+0000] {subprocess.py:106} INFO - 26/03/13 05:05:58 INFO BlockManagerInfo: Removed broadcast_4_piece0 on 499f1d118d82:39745 in memory (size: 17.5 KiB, free: 434.3 MiB)
[2026-03-13T05:05:58.707+0000] {subprocess.py:106} INFO - 26/03/13 05:05:58 INFO BlockManagerInfo: Added broadcast_5_piece0 in memory on 499f1d118d82:39745 (size: 29.9 KiB, free: 434.3 MiB)
[2026-03-13T05:05:58.708+0000] {subprocess.py:106} INFO - 26/03/13 05:05:58 INFO SparkContext: Created broadcast 5 from broadcast at SparkWrite.java:193
[2026-03-13T05:05:58.708+0000] {subprocess.py:106} INFO - 26/03/13 05:05:58 INFO BlockManagerInfo: Removed broadcast_4_piece0 on 172.30.0.7:37987 in memory (size: 17.5 KiB, free: 434.4 MiB)
[2026-03-13T05:05:58.710+0000] {subprocess.py:106} INFO - 26/03/13 05:05:58 INFO AppendDataExec: Start processing data source write support: IcebergBatchWrite(table=gold.dim_skill, format=PARQUET). The input RDD has 1 partitions.
[2026-03-13T05:05:58.720+0000] {subprocess.py:106} INFO - 26/03/13 05:05:58 INFO SparkContext: Starting job: create at <unknown>:0
[2026-03-13T05:05:58.722+0000] {subprocess.py:106} INFO - 26/03/13 05:05:58 INFO DAGScheduler: Got job 3 (create at <unknown>:0) with 1 output partitions
[2026-03-13T05:05:58.722+0000] {subprocess.py:106} INFO - 26/03/13 05:05:58 INFO DAGScheduler: Final stage: ResultStage 5 (create at <unknown>:0)
[2026-03-13T05:05:58.723+0000] {subprocess.py:106} INFO - 26/03/13 05:05:58 INFO DAGScheduler: Parents of final stage: List(ShuffleMapStage 4)
[2026-03-13T05:05:58.724+0000] {subprocess.py:106} INFO - 26/03/13 05:05:58 INFO DAGScheduler: Missing parents: List()
[2026-03-13T05:05:58.725+0000] {subprocess.py:106} INFO - 26/03/13 05:05:58 INFO DAGScheduler: Submitting ResultStage 5 (MapPartitionsRDD[11] at create at <unknown>:0), which has no missing parents
[2026-03-13T05:05:58.752+0000] {subprocess.py:106} INFO - 26/03/13 05:05:58 INFO MemoryStore: Block broadcast_6 stored as values in memory (estimated size 50.8 KiB, free 434.2 MiB)
[2026-03-13T05:05:58.755+0000] {subprocess.py:106} INFO - 26/03/13 05:05:58 INFO MemoryStore: Block broadcast_6_piece0 stored as bytes in memory (estimated size 22.2 KiB, free 434.1 MiB)
[2026-03-13T05:05:58.757+0000] {subprocess.py:106} INFO - 26/03/13 05:05:58 INFO BlockManagerInfo: Added broadcast_6_piece0 in memory on 499f1d118d82:39745 (size: 22.2 KiB, free: 434.3 MiB)
[2026-03-13T05:05:58.758+0000] {subprocess.py:106} INFO - 26/03/13 05:05:58 INFO SparkContext: Created broadcast 6 from broadcast at DAGScheduler.scala:1585
[2026-03-13T05:05:58.760+0000] {subprocess.py:106} INFO - 26/03/13 05:05:58 INFO DAGScheduler: Submitting 1 missing tasks from ResultStage 5 (MapPartitionsRDD[11] at create at <unknown>:0) (first 15 tasks are for partitions Vector(0))
[2026-03-13T05:05:58.761+0000] {subprocess.py:106} INFO - 26/03/13 05:05:58 INFO TaskSchedulerImpl: Adding task set 5.0 with 1 tasks resource profile 0
[2026-03-13T05:05:58.763+0000] {subprocess.py:106} INFO - 26/03/13 05:05:58 INFO TaskSetManager: Starting task 0.0 in stage 5.0 (TID 6) (172.30.0.7, executor 0, partition 0, NODE_LOCAL, 9976 bytes)
[2026-03-13T05:05:58.782+0000] {subprocess.py:106} INFO - 26/03/13 05:05:58 INFO BlockManagerInfo: Added broadcast_6_piece0 in memory on 172.30.0.7:37987 (size: 22.2 KiB, free: 434.3 MiB)
[2026-03-13T05:05:58.840+0000] {subprocess.py:106} INFO - 26/03/13 05:05:58 INFO MapOutputTrackerMasterEndpoint: Asked to send map output locations for shuffle 1 to 172.30.0.7:51492
[2026-03-13T05:05:58.937+0000] {subprocess.py:106} INFO - 26/03/13 05:05:58 INFO BlockManagerInfo: Added broadcast_5_piece0 in memory on 172.30.0.7:37987 (size: 29.9 KiB, free: 434.3 MiB)
[2026-03-13T05:05:59.434+0000] {subprocess.py:106} INFO - 26/03/13 05:05:59 INFO TaskSetManager: Finished task 0.0 in stage 5.0 (TID 6) in 672 ms on 172.30.0.7 (executor 0) (1/1)
[2026-03-13T05:05:59.435+0000] {subprocess.py:106} INFO - 26/03/13 05:05:59 INFO TaskSchedulerImpl: Removed TaskSet 5.0, whose tasks have all completed, from pool
[2026-03-13T05:05:59.437+0000] {subprocess.py:106} INFO - 26/03/13 05:05:59 INFO DAGScheduler: ResultStage 5 (create at <unknown>:0) finished in 0.701 s
[2026-03-13T05:05:59.441+0000] {subprocess.py:106} INFO - 26/03/13 05:05:59 INFO DAGScheduler: Job 3 is finished. Cancelling potential speculative or zombie tasks for this job
[2026-03-13T05:05:59.442+0000] {subprocess.py:106} INFO - 26/03/13 05:05:59 INFO TaskSchedulerImpl: Killing all running tasks in stage 5: Stage finished
[2026-03-13T05:05:59.442+0000] {subprocess.py:106} INFO - 26/03/13 05:05:59 INFO DAGScheduler: Job 3 finished: create at <unknown>:0, took 0.717269 s
[2026-03-13T05:05:59.443+0000] {subprocess.py:106} INFO - 26/03/13 05:05:59 INFO AppendDataExec: Data source write support IcebergBatchWrite(table=gold.dim_skill, format=PARQUET) is committing.
[2026-03-13T05:05:59.474+0000] {subprocess.py:106} INFO - 26/03/13 05:05:59 INFO SparkWrite: Committing append with 1 new data files to table gold.dim_skill
[2026-03-13T05:05:59.862+0000] {subprocess.py:106} INFO - 26/03/13 05:05:59 INFO SnapshotProducer: Committed snapshot 7784462603368022542 (MergeAppend)
[2026-03-13T05:05:59.921+0000] {subprocess.py:106} INFO - 26/03/13 05:05:59 INFO LoggingMetricsReporter: Received metrics report: CommitReport{tableName=gold.dim_skill, snapshotId=7784462603368022542, sequenceNumber=1, operation=append, commitMetrics=CommitMetricsResult{totalDuration=TimerResult{timeUnit=NANOSECONDS, totalDuration=PT0.433495059S, count=1}, attempts=CounterResult{unit=COUNT, value=1}, addedDataFiles=CounterResult{unit=COUNT, value=1}, removedDataFiles=null, totalDataFiles=CounterResult{unit=COUNT, value=1}, addedDeleteFiles=null, addedEqualityDeleteFiles=null, addedPositionalDeleteFiles=null, removedDeleteFiles=null, removedEqualityDeleteFiles=null, removedPositionalDeleteFiles=null, totalDeleteFiles=CounterResult{unit=COUNT, value=0}, addedRecords=CounterResult{unit=COUNT, value=476}, removedRecords=null, totalRecords=CounterResult{unit=COUNT, value=476}, addedFilesSizeInBytes=CounterResult{unit=BYTES, value=8124}, removedFilesSizeInBytes=null, totalFilesSizeInBytes=CounterResult{unit=BYTES, value=8124}, addedPositionalDeletes=null, removedPositionalDeletes=null, totalPositionalDeletes=CounterResult{unit=COUNT, value=0}, addedEqualityDeletes=null, removedEqualityDeletes=null, totalEqualityDeletes=CounterResult{unit=COUNT, value=0}}, metadata={engine-version=3.5.3, app-id=app-20260313050541-0002, engine-name=spark, iceberg-version=Apache Iceberg 1.6.1 (commit 8e9d59d299be42b0bca9461457cd1e95dbaad086)}}
[2026-03-13T05:05:59.922+0000] {subprocess.py:106} INFO - 26/03/13 05:05:59 INFO SparkWrite: Committed in 445 ms
[2026-03-13T05:05:59.923+0000] {subprocess.py:106} INFO - 26/03/13 05:05:59 INFO AppendDataExec: Data source write support IcebergBatchWrite(table=gold.dim_skill, format=PARQUET) committed.
[2026-03-13T05:06:00.081+0000] {subprocess.py:106} INFO - 26/03/13 05:06:00 INFO BlockManagerInfo: Removed broadcast_5_piece0 on 499f1d118d82:39745 in memory (size: 29.9 KiB, free: 434.3 MiB)
[2026-03-13T05:06:00.086+0000] {subprocess.py:106} INFO - 26/03/13 05:06:00 INFO BlockManagerInfo: Removed broadcast_5_piece0 on 172.30.0.7:37987 in memory (size: 29.9 KiB, free: 434.3 MiB)
[2026-03-13T05:06:00.105+0000] {subprocess.py:106} INFO - 26/03/13 05:06:00 INFO BlockManagerInfo: Removed broadcast_6_piece0 on 499f1d118d82:39745 in memory (size: 22.2 KiB, free: 434.3 MiB)
[2026-03-13T05:06:00.106+0000] {subprocess.py:106} INFO - 26/03/13 05:06:00 INFO BlockManagerInfo: Removed broadcast_6_piece0 on 172.30.0.7:37987 in memory (size: 22.2 KiB, free: 434.4 MiB)
[2026-03-13T05:06:00.490+0000] {subprocess.py:106} INFO - 26/03/13 05:06:00 INFO HiveTableOperations: Committed to table iceberg.gold.dim_skill with the new metadata location s3a://warehouse/iceberg_data/gold.db/dim_skill/metadata/00000-35e96b1c-b38a-4484-b49b-a60d02187d59.metadata.json
[2026-03-13T05:06:00.491+0000] {subprocess.py:106} INFO - 26/03/13 05:06:00 INFO BaseMetastoreTableOperations: Successfully committed to table iceberg.gold.dim_skill in 564 ms
[2026-03-13T05:06:00.491+0000] {subprocess.py:106} INFO - >>> Building DIM_LOCATION...
[2026-03-13T05:06:00.595+0000] {subprocess.py:106} INFO - 26/03/13 05:06:00 INFO BaseMetastoreCatalog: Table properties set at catalog level through catalog properties: {}
[2026-03-13T05:06:00.600+0000] {subprocess.py:106} INFO - 26/03/13 05:06:00 INFO BaseMetastoreCatalog: Table properties enforced at catalog level through catalog properties: {}
[2026-03-13T05:06:00.630+0000] {subprocess.py:106} INFO - 26/03/13 05:06:00 INFO V2ScanRelationPushDown:
[2026-03-13T05:06:00.631+0000] {subprocess.py:106} INFO - Pushing operators to iceberg.silver.it_jobs_clean
[2026-03-13T05:06:00.631+0000] {subprocess.py:106} INFO - Pushed Filters: location IS NOT NULL
[2026-03-13T05:06:00.632+0000] {subprocess.py:106} INFO - Post-Scan Filters: isnotnull(location#2),(size(location#2, true) > 0)
[2026-03-13T05:06:00.632+0000] {subprocess.py:106} INFO - 
[2026-03-13T05:06:00.633+0000] {subprocess.py:106} INFO - 26/03/13 05:06:00 INFO V2ScanRelationPushDown:
[2026-03-13T05:06:00.633+0000] {subprocess.py:106} INFO - Output: location#2
[2026-03-13T05:06:00.634+0000] {subprocess.py:106} INFO - 
[2026-03-13T05:06:00.634+0000] {subprocess.py:106} INFO - 26/03/13 05:06:00 INFO SnapshotScan: Scanning table iceberg.silver.it_jobs_clean snapshot 8335972138811178080 created at 2026-03-13T05:05:34.072+00:00 with filter location IS NOT NULL
[2026-03-13T05:06:00.640+0000] {subprocess.py:106} INFO - 26/03/13 05:06:00 INFO BaseDistributedDataScan: Planning file tasks locally for table iceberg.silver.it_jobs_clean
[2026-03-13T05:06:00.701+0000] {subprocess.py:106} INFO - 26/03/13 05:06:00 INFO SparkPartitioningAwareScan: Reporting UnknownPartitioning with 4 partition(s) for table iceberg.silver.it_jobs_clean
[2026-03-13T05:06:00.702+0000] {subprocess.py:106} INFO - 26/03/13 05:06:00 INFO SparkWrite: Requesting 0 bytes advisory partition size for table gold.dim_location
[2026-03-13T05:06:00.702+0000] {subprocess.py:106} INFO - 26/03/13 05:06:00 INFO SparkWrite: Requesting UnspecifiedDistribution as write distribution for table gold.dim_location
[2026-03-13T05:06:00.703+0000] {subprocess.py:106} INFO - 26/03/13 05:06:00 INFO SparkWrite: Requesting [] as write ordering for table gold.dim_location
[2026-03-13T05:06:00.714+0000] {subprocess.py:106} INFO - 26/03/13 05:06:00 INFO MemoryStore: Block broadcast_7 stored as values in memory (estimated size 32.0 KiB, free 434.2 MiB)
[2026-03-13T05:06:00.726+0000] {subprocess.py:106} INFO - 26/03/13 05:06:00 INFO MemoryStore: Block broadcast_7_piece0 stored as bytes in memory (estimated size 30.3 KiB, free 434.2 MiB)
[2026-03-13T05:06:00.727+0000] {subprocess.py:106} INFO - 26/03/13 05:06:00 INFO BlockManagerInfo: Added broadcast_7_piece0 in memory on 499f1d118d82:39745 (size: 30.3 KiB, free: 434.3 MiB)
[2026-03-13T05:06:00.728+0000] {subprocess.py:106} INFO - 26/03/13 05:06:00 INFO SparkContext: Created broadcast 7 from broadcast at SparkBatch.java:79
[2026-03-13T05:06:00.735+0000] {subprocess.py:106} INFO - 26/03/13 05:06:00 INFO MemoryStore: Block broadcast_8 stored as values in memory (estimated size 32.0 KiB, free 434.2 MiB)
[2026-03-13T05:06:00.738+0000] {subprocess.py:106} INFO - 26/03/13 05:06:00 INFO MemoryStore: Block broadcast_8_piece0 stored as bytes in memory (estimated size 30.4 KiB, free 434.2 MiB)
[2026-03-13T05:06:00.740+0000] {subprocess.py:106} INFO - 26/03/13 05:06:00 INFO BlockManagerInfo: Added broadcast_8_piece0 in memory on 499f1d118d82:39745 (size: 30.4 KiB, free: 434.3 MiB)
[2026-03-13T05:06:00.741+0000] {subprocess.py:106} INFO - 26/03/13 05:06:00 INFO SparkContext: Created broadcast 8 from broadcast at SparkBatch.java:79
[2026-03-13T05:06:00.833+0000] {subprocess.py:106} INFO - 26/03/13 05:06:00 INFO CodeGenerator: Code generated in 36.296244 ms
[2026-03-13T05:06:00.845+0000] {subprocess.py:106} INFO - 26/03/13 05:06:00 INFO DAGScheduler: Registering RDD 15 (create at <unknown>:0) as input to shuffle 2
[2026-03-13T05:06:00.845+0000] {subprocess.py:106} INFO - 26/03/13 05:06:00 INFO DAGScheduler: Got map stage job 4 (create at <unknown>:0) with 4 output partitions
[2026-03-13T05:06:00.846+0000] {subprocess.py:106} INFO - 26/03/13 05:06:00 INFO DAGScheduler: Final stage: ShuffleMapStage 6 (create at <unknown>:0)
[2026-03-13T05:06:00.847+0000] {subprocess.py:106} INFO - 26/03/13 05:06:00 INFO DAGScheduler: Parents of final stage: List()
[2026-03-13T05:06:00.848+0000] {subprocess.py:106} INFO - 26/03/13 05:06:00 INFO DAGScheduler: Missing parents: List()
[2026-03-13T05:06:00.849+0000] {subprocess.py:106} INFO - 26/03/13 05:06:00 INFO DAGScheduler: Submitting ShuffleMapStage 6 (MapPartitionsRDD[15] at create at <unknown>:0), which has no missing parents
[2026-03-13T05:06:00.852+0000] {subprocess.py:106} INFO - 26/03/13 05:06:00 INFO MemoryStore: Block broadcast_9 stored as values in memory (estimated size 39.5 KiB, free 434.1 MiB)
[2026-03-13T05:06:00.862+0000] {subprocess.py:106} INFO - 26/03/13 05:06:00 INFO MemoryStore: Block broadcast_9_piece0 stored as bytes in memory (estimated size 17.2 KiB, free 434.1 MiB)
[2026-03-13T05:06:00.868+0000] {subprocess.py:106} INFO - 26/03/13 05:06:00 INFO BlockManagerInfo: Added broadcast_9_piece0 in memory on 499f1d118d82:39745 (size: 17.2 KiB, free: 434.3 MiB)
[2026-03-13T05:06:00.868+0000] {subprocess.py:106} INFO - 26/03/13 05:06:00 INFO SparkContext: Created broadcast 9 from broadcast at DAGScheduler.scala:1585
[2026-03-13T05:06:00.869+0000] {subprocess.py:106} INFO - 26/03/13 05:06:00 INFO DAGScheduler: Submitting 4 missing tasks from ShuffleMapStage 6 (MapPartitionsRDD[15] at create at <unknown>:0) (first 15 tasks are for partitions Vector(0, 1, 2, 3))
[2026-03-13T05:06:00.870+0000] {subprocess.py:106} INFO - 26/03/13 05:06:00 INFO TaskSchedulerImpl: Adding task set 6.0 with 4 tasks resource profile 0
[2026-03-13T05:06:00.870+0000] {subprocess.py:106} INFO - 26/03/13 05:06:00 INFO TaskSetManager: Starting task 0.0 in stage 6.0 (TID 7) (172.30.0.7, executor 0, partition 0, PROCESS_LOCAL, 16604 bytes)
[2026-03-13T05:06:00.885+0000] {subprocess.py:106} INFO - 26/03/13 05:06:00 INFO BlockManagerInfo: Added broadcast_9_piece0 in memory on 172.30.0.7:37987 (size: 17.2 KiB, free: 434.4 MiB)
[2026-03-13T05:06:00.967+0000] {subprocess.py:106} INFO - 26/03/13 05:06:00 INFO BlockManagerInfo: Added broadcast_8_piece0 in memory on 172.30.0.7:37987 (size: 30.4 KiB, free: 434.3 MiB)
[2026-03-13T05:06:01.164+0000] {subprocess.py:106} INFO - 26/03/13 05:06:01 INFO TaskSetManager: Starting task 1.0 in stage 6.0 (TID 8) (172.30.0.7, executor 0, partition 1, PROCESS_LOCAL, 16603 bytes)
[2026-03-13T05:06:01.172+0000] {subprocess.py:106} INFO - 26/03/13 05:06:01 INFO TaskSetManager: Finished task 0.0 in stage 6.0 (TID 7) in 299 ms on 172.30.0.7 (executor 0) (1/4)
[2026-03-13T05:06:01.380+0000] {subprocess.py:106} INFO - 26/03/13 05:06:01 INFO TaskSetManager: Starting task 2.0 in stage 6.0 (TID 9) (172.30.0.7, executor 0, partition 2, PROCESS_LOCAL, 16604 bytes)
[2026-03-13T05:06:01.381+0000] {subprocess.py:106} INFO - 26/03/13 05:06:01 INFO TaskSetManager: Finished task 1.0 in stage 6.0 (TID 8) in 213 ms on 172.30.0.7 (executor 0) (2/4)
[2026-03-13T05:06:01.619+0000] {subprocess.py:106} INFO - 26/03/13 05:06:01 INFO TaskSetManager: Starting task 3.0 in stage 6.0 (TID 10) (172.30.0.7, executor 0, partition 3, PROCESS_LOCAL, 15680 bytes)
[2026-03-13T05:06:01.620+0000] {subprocess.py:106} INFO - 26/03/13 05:06:01 INFO TaskSetManager: Finished task 2.0 in stage 6.0 (TID 9) in 243 ms on 172.30.0.7 (executor 0) (3/4)
[2026-03-13T05:06:01.729+0000] {subprocess.py:106} INFO - 26/03/13 05:06:01 INFO TaskSetManager: Finished task 3.0 in stage 6.0 (TID 10) in 112 ms on 172.30.0.7 (executor 0) (4/4)
[2026-03-13T05:06:01.731+0000] {subprocess.py:106} INFO - 26/03/13 05:06:01 INFO TaskSchedulerImpl: Removed TaskSet 6.0, whose tasks have all completed, from pool
[2026-03-13T05:06:01.732+0000] {subprocess.py:106} INFO - 26/03/13 05:06:01 INFO DAGScheduler: ShuffleMapStage 6 (create at <unknown>:0) finished in 0.880 s
[2026-03-13T05:06:01.732+0000] {subprocess.py:106} INFO - 26/03/13 05:06:01 INFO DAGScheduler: looking for newly runnable stages
[2026-03-13T05:06:01.733+0000] {subprocess.py:106} INFO - 26/03/13 05:06:01 INFO DAGScheduler: running: Set()
[2026-03-13T05:06:01.733+0000] {subprocess.py:106} INFO - 26/03/13 05:06:01 INFO DAGScheduler: waiting: Set()
[2026-03-13T05:06:01.734+0000] {subprocess.py:106} INFO - 26/03/13 05:06:01 INFO DAGScheduler: failed: Set()
[2026-03-13T05:06:01.736+0000] {subprocess.py:106} INFO - 26/03/13 05:06:01 INFO ShufflePartitionsUtil: For shuffle(2), advisory target size: 67108864, actual target size 1048576, minimum partition size: 1048576
[2026-03-13T05:06:01.800+0000] {subprocess.py:106} INFO - 26/03/13 05:06:01 INFO CodeGenerator: Code generated in 41.752063 ms
[2026-03-13T05:06:01.812+0000] {subprocess.py:106} INFO - 26/03/13 05:06:01 INFO MemoryStore: Block broadcast_10 stored as values in memory (estimated size 32.0 KiB, free 434.1 MiB)
[2026-03-13T05:06:01.826+0000] {subprocess.py:106} INFO - 26/03/13 05:06:01 INFO MemoryStore: Block broadcast_10_piece0 stored as bytes in memory (estimated size 29.8 KiB, free 434.0 MiB)
[2026-03-13T05:06:01.829+0000] {subprocess.py:106} INFO - 26/03/13 05:06:01 INFO BlockManagerInfo: Added broadcast_10_piece0 in memory on 499f1d118d82:39745 (size: 29.8 KiB, free: 434.2 MiB)
[2026-03-13T05:06:01.830+0000] {subprocess.py:106} INFO - 26/03/13 05:06:01 INFO BlockManagerInfo: Removed broadcast_9_piece0 on 499f1d118d82:39745 in memory (size: 17.2 KiB, free: 434.3 MiB)
[2026-03-13T05:06:01.835+0000] {subprocess.py:106} INFO - 26/03/13 05:06:01 INFO SparkContext: Created broadcast 10 from broadcast at SparkWrite.java:193
[2026-03-13T05:06:01.836+0000] {subprocess.py:106} INFO - 26/03/13 05:06:01 INFO AppendDataExec: Start processing data source write support: IcebergBatchWrite(table=gold.dim_location, format=PARQUET). The input RDD has 1 partitions.
[2026-03-13T05:06:01.837+0000] {subprocess.py:106} INFO - 26/03/13 05:06:01 INFO SparkContext: Starting job: create at <unknown>:0
[2026-03-13T05:06:01.838+0000] {subprocess.py:106} INFO - 26/03/13 05:06:01 INFO DAGScheduler: Got job 5 (create at <unknown>:0) with 1 output partitions
[2026-03-13T05:06:01.839+0000] {subprocess.py:106} INFO - 26/03/13 05:06:01 INFO DAGScheduler: Final stage: ResultStage 8 (create at <unknown>:0)
[2026-03-13T05:06:01.839+0000] {subprocess.py:106} INFO - 26/03/13 05:06:01 INFO DAGScheduler: Parents of final stage: List(ShuffleMapStage 7)
[2026-03-13T05:06:01.840+0000] {subprocess.py:106} INFO - 26/03/13 05:06:01 INFO BlockManagerInfo: Removed broadcast_9_piece0 on 172.30.0.7:37987 in memory (size: 17.2 KiB, free: 434.3 MiB)
[2026-03-13T05:06:01.841+0000] {subprocess.py:106} INFO - 26/03/13 05:06:01 INFO DAGScheduler: Missing parents: List()
[2026-03-13T05:06:01.842+0000] {subprocess.py:106} INFO - 26/03/13 05:06:01 INFO DAGScheduler: Submitting ResultStage 8 (MapPartitionsRDD[17] at create at <unknown>:0), which has no missing parents
[2026-03-13T05:06:01.846+0000] {subprocess.py:106} INFO - 26/03/13 05:06:01 INFO MemoryStore: Block broadcast_11 stored as values in memory (estimated size 53.3 KiB, free 434.0 MiB)
[2026-03-13T05:06:01.848+0000] {subprocess.py:106} INFO - 26/03/13 05:06:01 INFO MemoryStore: Block broadcast_11_piece0 stored as bytes in memory (estimated size 22.5 KiB, free 434.0 MiB)
[2026-03-13T05:06:01.854+0000] {subprocess.py:106} INFO - 26/03/13 05:06:01 INFO BlockManagerInfo: Added broadcast_11_piece0 in memory on 499f1d118d82:39745 (size: 22.5 KiB, free: 434.2 MiB)
[2026-03-13T05:06:01.856+0000] {subprocess.py:106} INFO - 26/03/13 05:06:01 INFO SparkContext: Created broadcast 11 from broadcast at DAGScheduler.scala:1585
[2026-03-13T05:06:01.856+0000] {subprocess.py:106} INFO - 26/03/13 05:06:01 INFO DAGScheduler: Submitting 1 missing tasks from ResultStage 8 (MapPartitionsRDD[17] at create at <unknown>:0) (first 15 tasks are for partitions Vector(0))
[2026-03-13T05:06:01.857+0000] {subprocess.py:106} INFO - 26/03/13 05:06:01 INFO TaskSchedulerImpl: Adding task set 8.0 with 1 tasks resource profile 0
[2026-03-13T05:06:01.857+0000] {subprocess.py:106} INFO - 26/03/13 05:06:01 INFO TaskSetManager: Starting task 0.0 in stage 8.0 (TID 11) (172.30.0.7, executor 0, partition 0, NODE_LOCAL, 9976 bytes)
[2026-03-13T05:06:01.888+0000] {subprocess.py:106} INFO - 26/03/13 05:06:01 INFO BlockManagerInfo: Added broadcast_11_piece0 in memory on 172.30.0.7:37987 (size: 22.5 KiB, free: 434.3 MiB)
[2026-03-13T05:06:01.894+0000] {subprocess.py:106} INFO - 26/03/13 05:06:01 INFO BlockManagerInfo: Removed broadcast_2_piece0 on 499f1d118d82:39745 in memory (size: 30.4 KiB, free: 434.3 MiB)
[2026-03-13T05:06:01.905+0000] {subprocess.py:106} INFO - 26/03/13 05:06:01 INFO MapOutputTrackerMasterEndpoint: Asked to send map output locations for shuffle 2 to 172.30.0.7:51492
[2026-03-13T05:06:01.964+0000] {subprocess.py:106} INFO - 26/03/13 05:06:01 INFO BlockManagerInfo: Added broadcast_10_piece0 in memory on 172.30.0.7:37987 (size: 29.8 KiB, free: 434.3 MiB)
[2026-03-13T05:06:02.087+0000] {subprocess.py:106} INFO - 26/03/13 05:06:02 INFO TaskSetManager: Finished task 0.0 in stage 8.0 (TID 11) in 230 ms on 172.30.0.7 (executor 0) (1/1)
[2026-03-13T05:06:02.090+0000] {subprocess.py:106} INFO - 26/03/13 05:06:02 INFO TaskSchedulerImpl: Removed TaskSet 8.0, whose tasks have all completed, from pool
[2026-03-13T05:06:02.091+0000] {subprocess.py:106} INFO - 26/03/13 05:06:02 INFO DAGScheduler: ResultStage 8 (create at <unknown>:0) finished in 0.246 s
[2026-03-13T05:06:02.092+0000] {subprocess.py:106} INFO - 26/03/13 05:06:02 INFO DAGScheduler: Job 5 is finished. Cancelling potential speculative or zombie tasks for this job
[2026-03-13T05:06:02.092+0000] {subprocess.py:106} INFO - 26/03/13 05:06:02 INFO TaskSchedulerImpl: Killing all running tasks in stage 8: Stage finished
[2026-03-13T05:06:02.093+0000] {subprocess.py:106} INFO - 26/03/13 05:06:02 INFO DAGScheduler: Job 5 finished: create at <unknown>:0, took 0.257071 s
[2026-03-13T05:06:02.095+0000] {subprocess.py:106} INFO - 26/03/13 05:06:02 INFO AppendDataExec: Data source write support IcebergBatchWrite(table=gold.dim_location, format=PARQUET) is committing.
[2026-03-13T05:06:02.096+0000] {subprocess.py:106} INFO - 26/03/13 05:06:02 INFO SparkWrite: Committing append with 1 new data files to table gold.dim_location
[2026-03-13T05:06:02.256+0000] {subprocess.py:106} INFO - 26/03/13 05:06:02 INFO SnapshotProducer: Committed snapshot 7363692360292668562 (MergeAppend)
[2026-03-13T05:06:02.282+0000] {subprocess.py:106} INFO - 26/03/13 05:06:02 INFO LoggingMetricsReporter: Received metrics report: CommitReport{tableName=gold.dim_location, snapshotId=7363692360292668562, sequenceNumber=1, operation=append, commitMetrics=CommitMetricsResult{totalDuration=TimerResult{timeUnit=NANOSECONDS, totalDuration=PT0.190701783S, count=1}, attempts=CounterResult{unit=COUNT, value=1}, addedDataFiles=CounterResult{unit=COUNT, value=1}, removedDataFiles=null, totalDataFiles=CounterResult{unit=COUNT, value=1}, addedDeleteFiles=null, addedEqualityDeleteFiles=null, addedPositionalDeleteFiles=null, removedDeleteFiles=null, removedEqualityDeleteFiles=null, removedPositionalDeleteFiles=null, totalDeleteFiles=CounterResult{unit=COUNT, value=0}, addedRecords=CounterResult{unit=COUNT, value=10}, removedRecords=null, totalRecords=CounterResult{unit=COUNT, value=10}, addedFilesSizeInBytes=CounterResult{unit=BYTES, value=1181}, removedFilesSizeInBytes=null, totalFilesSizeInBytes=CounterResult{unit=BYTES, value=1181}, addedPositionalDeletes=null, removedPositionalDeletes=null, totalPositionalDeletes=CounterResult{unit=COUNT, value=0}, addedEqualityDeletes=null, removedEqualityDeletes=null, totalEqualityDeletes=CounterResult{unit=COUNT, value=0}}, metadata={engine-version=3.5.3, app-id=app-20260313050541-0002, engine-name=spark, iceberg-version=Apache Iceberg 1.6.1 (commit 8e9d59d299be42b0bca9461457cd1e95dbaad086)}}
[2026-03-13T05:06:02.283+0000] {subprocess.py:106} INFO - 26/03/13 05:06:02 INFO SparkWrite: Committed in 191 ms
[2026-03-13T05:06:02.283+0000] {subprocess.py:106} INFO - 26/03/13 05:06:02 INFO AppendDataExec: Data source write support IcebergBatchWrite(table=gold.dim_location, format=PARQUET) committed.
[2026-03-13T05:06:02.403+0000] {subprocess.py:106} INFO - 26/03/13 05:06:02 INFO HiveTableOperations: Committed to table iceberg.gold.dim_location with the new metadata location s3a://warehouse/iceberg_data/gold.db/dim_location/metadata/00000-7f46592f-045d-456e-ba5c-666348f6568c.metadata.json
[2026-03-13T05:06:02.404+0000] {subprocess.py:106} INFO - 26/03/13 05:06:02 INFO BaseMetastoreTableOperations: Successfully committed to table iceberg.gold.dim_location in 121 ms
[2026-03-13T05:06:02.405+0000] {subprocess.py:106} INFO - >>> Building DIM_COMPANY...
[2026-03-13T05:06:02.460+0000] {subprocess.py:106} INFO - 26/03/13 05:06:02 INFO BaseMetastoreCatalog: Table properties set at catalog level through catalog properties: {}
[2026-03-13T05:06:02.467+0000] {subprocess.py:106} INFO - 26/03/13 05:06:02 INFO BaseMetastoreCatalog: Table properties enforced at catalog level through catalog properties: {}
[2026-03-13T05:06:02.481+0000] {subprocess.py:106} INFO - 26/03/13 05:06:02 INFO V2ScanRelationPushDown:
[2026-03-13T05:06:02.481+0000] {subprocess.py:106} INFO - Pushing operators to iceberg.silver.it_jobs_clean
[2026-03-13T05:06:02.482+0000] {subprocess.py:106} INFO - Pushed Filters: company_name IS NOT NULL
[2026-03-13T05:06:02.482+0000] {subprocess.py:106} INFO - Post-Scan Filters: isnotnull(company_name#1)
[2026-03-13T05:06:02.483+0000] {subprocess.py:106} INFO - 
[2026-03-13T05:06:02.483+0000] {subprocess.py:106} INFO - 26/03/13 05:06:02 INFO V2ScanRelationPushDown:
[2026-03-13T05:06:02.483+0000] {subprocess.py:106} INFO - Output: company_name#1
[2026-03-13T05:06:02.484+0000] {subprocess.py:106} INFO - 
[2026-03-13T05:06:02.484+0000] {subprocess.py:106} INFO - 26/03/13 05:06:02 INFO SnapshotScan: Scanning table iceberg.silver.it_jobs_clean snapshot 8335972138811178080 created at 2026-03-13T05:05:34.072+00:00 with filter company_name IS NOT NULL
[2026-03-13T05:06:02.485+0000] {subprocess.py:106} INFO - 26/03/13 05:06:02 INFO BaseDistributedDataScan: Planning file tasks locally for table iceberg.silver.it_jobs_clean
[2026-03-13T05:06:02.558+0000] {subprocess.py:106} INFO - 26/03/13 05:06:02 INFO SparkPartitioningAwareScan: Reporting UnknownPartitioning with 4 partition(s) for table iceberg.silver.it_jobs_clean
[2026-03-13T05:06:02.559+0000] {subprocess.py:106} INFO - 26/03/13 05:06:02 INFO SparkWrite: Requesting 0 bytes advisory partition size for table gold.dim_company
[2026-03-13T05:06:02.559+0000] {subprocess.py:106} INFO - 26/03/13 05:06:02 INFO SparkWrite: Requesting UnspecifiedDistribution as write distribution for table gold.dim_company
[2026-03-13T05:06:02.560+0000] {subprocess.py:106} INFO - 26/03/13 05:06:02 INFO SparkWrite: Requesting [] as write ordering for table gold.dim_company
[2026-03-13T05:06:02.567+0000] {subprocess.py:106} INFO - 26/03/13 05:06:02 INFO MemoryStore: Block broadcast_12 stored as values in memory (estimated size 32.0 KiB, free 434.1 MiB)
[2026-03-13T05:06:02.581+0000] {subprocess.py:106} INFO - 26/03/13 05:06:02 INFO MemoryStore: Block broadcast_12_piece0 stored as bytes in memory (estimated size 30.4 KiB, free 434.0 MiB)
[2026-03-13T05:06:02.582+0000] {subprocess.py:106} INFO - 26/03/13 05:06:02 INFO BlockManagerInfo: Added broadcast_12_piece0 in memory on 499f1d118d82:39745 (size: 30.4 KiB, free: 434.2 MiB)
[2026-03-13T05:06:02.584+0000] {subprocess.py:106} INFO - 26/03/13 05:06:02 INFO SparkContext: Created broadcast 12 from broadcast at SparkBatch.java:79
[2026-03-13T05:06:02.584+0000] {subprocess.py:106} INFO - 26/03/13 05:06:02 INFO BlockManagerInfo: Removed broadcast_8_piece0 on 499f1d118d82:39745 in memory (size: 30.4 KiB, free: 434.3 MiB)
[2026-03-13T05:06:02.589+0000] {subprocess.py:106} INFO - 26/03/13 05:06:02 INFO BlockManagerInfo: Removed broadcast_8_piece0 on 172.30.0.7:37987 in memory (size: 30.4 KiB, free: 434.3 MiB)
[2026-03-13T05:06:02.594+0000] {subprocess.py:106} INFO - 26/03/13 05:06:02 INFO MemoryStore: Block broadcast_13 stored as values in memory (estimated size 32.0 KiB, free 434.1 MiB)
[2026-03-13T05:06:02.603+0000] {subprocess.py:106} INFO - 26/03/13 05:06:02 INFO BlockManagerInfo: Removed broadcast_10_piece0 on 499f1d118d82:39745 in memory (size: 29.8 KiB, free: 434.3 MiB)
[2026-03-13T05:06:02.605+0000] {subprocess.py:106} INFO - 26/03/13 05:06:02 INFO MemoryStore: Block broadcast_13_piece0 stored as bytes in memory (estimated size 30.3 KiB, free 434.1 MiB)
[2026-03-13T05:06:02.607+0000] {subprocess.py:106} INFO - 26/03/13 05:06:02 INFO BlockManagerInfo: Added broadcast_13_piece0 in memory on 499f1d118d82:39745 (size: 30.3 KiB, free: 434.3 MiB)
[2026-03-13T05:06:02.609+0000] {subprocess.py:106} INFO - 26/03/13 05:06:02 INFO SparkContext: Created broadcast 13 from broadcast at SparkBatch.java:79
[2026-03-13T05:06:02.610+0000] {subprocess.py:106} INFO - 26/03/13 05:06:02 INFO BlockManagerInfo: Removed broadcast_10_piece0 on 172.30.0.7:37987 in memory (size: 29.8 KiB, free: 434.3 MiB)
[2026-03-13T05:06:02.621+0000] {subprocess.py:106} INFO - 26/03/13 05:06:02 INFO BlockManagerInfo: Removed broadcast_11_piece0 on 499f1d118d82:39745 in memory (size: 22.5 KiB, free: 434.3 MiB)
[2026-03-13T05:06:02.622+0000] {subprocess.py:106} INFO - 26/03/13 05:06:02 INFO BlockManagerInfo: Removed broadcast_11_piece0 on 172.30.0.7:37987 in memory (size: 22.5 KiB, free: 434.4 MiB)
[2026-03-13T05:06:02.643+0000] {subprocess.py:106} INFO - 26/03/13 05:06:02 INFO BlockManagerInfo: Removed broadcast_7_piece0 on 499f1d118d82:39745 in memory (size: 30.3 KiB, free: 434.3 MiB)
[2026-03-13T05:06:02.691+0000] {subprocess.py:106} INFO - 26/03/13 05:06:02 INFO CodeGenerator: Code generated in 29.201592 ms
[2026-03-13T05:06:02.706+0000] {subprocess.py:106} INFO - 26/03/13 05:06:02 INFO DAGScheduler: Registering RDD 21 (create at <unknown>:0) as input to shuffle 3
[2026-03-13T05:06:02.707+0000] {subprocess.py:106} INFO - 26/03/13 05:06:02 INFO DAGScheduler: Got map stage job 6 (create at <unknown>:0) with 4 output partitions
[2026-03-13T05:06:02.707+0000] {subprocess.py:106} INFO - 26/03/13 05:06:02 INFO DAGScheduler: Final stage: ShuffleMapStage 9 (create at <unknown>:0)
[2026-03-13T05:06:02.708+0000] {subprocess.py:106} INFO - 26/03/13 05:06:02 INFO DAGScheduler: Parents of final stage: List()
[2026-03-13T05:06:02.709+0000] {subprocess.py:106} INFO - 26/03/13 05:06:02 INFO DAGScheduler: Missing parents: List()
[2026-03-13T05:06:02.709+0000] {subprocess.py:106} INFO - 26/03/13 05:06:02 INFO DAGScheduler: Submitting ShuffleMapStage 9 (MapPartitionsRDD[21] at create at <unknown>:0), which has no missing parents
[2026-03-13T05:06:02.713+0000] {subprocess.py:106} INFO - 26/03/13 05:06:02 INFO MemoryStore: Block broadcast_14 stored as values in memory (estimated size 37.1 KiB, free 434.2 MiB)
[2026-03-13T05:06:02.721+0000] {subprocess.py:106} INFO - 26/03/13 05:06:02 INFO MemoryStore: Block broadcast_14_piece0 stored as bytes in memory (estimated size 16.2 KiB, free 434.2 MiB)
[2026-03-13T05:06:02.722+0000] {subprocess.py:106} INFO - 26/03/13 05:06:02 INFO BlockManagerInfo: Added broadcast_14_piece0 in memory on 499f1d118d82:39745 (size: 16.2 KiB, free: 434.3 MiB)
[2026-03-13T05:06:02.723+0000] {subprocess.py:106} INFO - 26/03/13 05:06:02 INFO SparkContext: Created broadcast 14 from broadcast at DAGScheduler.scala:1585
[2026-03-13T05:06:02.725+0000] {subprocess.py:106} INFO - 26/03/13 05:06:02 INFO DAGScheduler: Submitting 4 missing tasks from ShuffleMapStage 9 (MapPartitionsRDD[21] at create at <unknown>:0) (first 15 tasks are for partitions Vector(0, 1, 2, 3))
[2026-03-13T05:06:02.726+0000] {subprocess.py:106} INFO - 26/03/13 05:06:02 INFO TaskSchedulerImpl: Adding task set 9.0 with 4 tasks resource profile 0
[2026-03-13T05:06:02.727+0000] {subprocess.py:106} INFO - 26/03/13 05:06:02 INFO TaskSetManager: Starting task 0.0 in stage 9.0 (TID 12) (172.30.0.7, executor 0, partition 0, PROCESS_LOCAL, 16535 bytes)
[2026-03-13T05:06:02.742+0000] {subprocess.py:106} INFO - 26/03/13 05:06:02 INFO BlockManagerInfo: Added broadcast_14_piece0 in memory on 172.30.0.7:37987 (size: 16.2 KiB, free: 434.4 MiB)
[2026-03-13T05:06:02.829+0000] {subprocess.py:106} INFO - 26/03/13 05:06:02 INFO BlockManagerInfo: Added broadcast_13_piece0 in memory on 172.30.0.7:37987 (size: 30.3 KiB, free: 434.3 MiB)
[2026-03-13T05:06:03.296+0000] {subprocess.py:106} INFO - 26/03/13 05:06:03 INFO TaskSetManager: Starting task 1.0 in stage 9.0 (TID 13) (172.30.0.7, executor 0, partition 1, PROCESS_LOCAL, 16545 bytes)
[2026-03-13T05:06:03.297+0000] {subprocess.py:106} INFO - 26/03/13 05:06:03 INFO TaskSetManager: Finished task 0.0 in stage 9.0 (TID 12) in 570 ms on 172.30.0.7 (executor 0) (1/4)
[2026-03-13T05:06:03.517+0000] {subprocess.py:106} INFO - 26/03/13 05:06:03 INFO TaskSetManager: Starting task 2.0 in stage 9.0 (TID 14) (172.30.0.7, executor 0, partition 2, PROCESS_LOCAL, 16545 bytes)
[2026-03-13T05:06:03.517+0000] {subprocess.py:106} INFO - 26/03/13 05:06:03 INFO TaskSetManager: Finished task 1.0 in stage 9.0 (TID 13) in 225 ms on 172.30.0.7 (executor 0) (2/4)
[2026-03-13T05:06:03.730+0000] {subprocess.py:106} INFO - 26/03/13 05:06:03 INFO TaskSetManager: Starting task 3.0 in stage 9.0 (TID 15) (172.30.0.7, executor 0, partition 3, PROCESS_LOCAL, 15621 bytes)
[2026-03-13T05:06:03.732+0000] {subprocess.py:106} INFO - 26/03/13 05:06:03 INFO TaskSetManager: Finished task 2.0 in stage 9.0 (TID 14) in 215 ms on 172.30.0.7 (executor 0) (3/4)
[2026-03-13T05:06:03.906+0000] {subprocess.py:106} INFO - 26/03/13 05:06:03 INFO TaskSetManager: Finished task 3.0 in stage 9.0 (TID 15) in 176 ms on 172.30.0.7 (executor 0) (4/4)
[2026-03-13T05:06:03.908+0000] {subprocess.py:106} INFO - 26/03/13 05:06:03 INFO DAGScheduler: ShuffleMapStage 9 (create at <unknown>:0) finished in 1.196 s
[2026-03-13T05:06:03.909+0000] {subprocess.py:106} INFO - 26/03/13 05:06:03 INFO DAGScheduler: looking for newly runnable stages
[2026-03-13T05:06:03.910+0000] {subprocess.py:106} INFO - 26/03/13 05:06:03 INFO DAGScheduler: running: Set()
[2026-03-13T05:06:03.911+0000] {subprocess.py:106} INFO - 26/03/13 05:06:03 INFO DAGScheduler: waiting: Set()
[2026-03-13T05:06:03.911+0000] {subprocess.py:106} INFO - 26/03/13 05:06:03 INFO DAGScheduler: failed: Set()
[2026-03-13T05:06:03.912+0000] {subprocess.py:106} INFO - 26/03/13 05:06:03 INFO TaskSchedulerImpl: Removed TaskSet 9.0, whose tasks have all completed, from pool
[2026-03-13T05:06:03.913+0000] {subprocess.py:106} INFO - 26/03/13 05:06:03 INFO ShufflePartitionsUtil: For shuffle(3), advisory target size: 67108864, actual target size 1048576, minimum partition size: 1048576
[2026-03-13T05:06:03.959+0000] {subprocess.py:106} INFO - 26/03/13 05:06:03 INFO CodeGenerator: Code generated in 35.03353 ms
[2026-03-13T05:06:03.966+0000] {subprocess.py:106} INFO - 26/03/13 05:06:03 INFO MemoryStore: Block broadcast_15 stored as values in memory (estimated size 32.0 KiB, free 434.1 MiB)
[2026-03-13T05:06:03.978+0000] {subprocess.py:106} INFO - 26/03/13 05:06:03 INFO MemoryStore: Block broadcast_15_piece0 stored as bytes in memory (estimated size 29.8 KiB, free 434.1 MiB)
[2026-03-13T05:06:03.980+0000] {subprocess.py:106} INFO - 26/03/13 05:06:03 INFO BlockManagerInfo: Added broadcast_15_piece0 in memory on 499f1d118d82:39745 (size: 29.8 KiB, free: 434.3 MiB)
[2026-03-13T05:06:03.982+0000] {subprocess.py:106} INFO - 26/03/13 05:06:03 INFO SparkContext: Created broadcast 15 from broadcast at SparkWrite.java:193
[2026-03-13T05:06:03.984+0000] {subprocess.py:106} INFO - 26/03/13 05:06:03 INFO BlockManagerInfo: Removed broadcast_14_piece0 on 499f1d118d82:39745 in memory (size: 16.2 KiB, free: 434.3 MiB)
[2026-03-13T05:06:03.985+0000] {subprocess.py:106} INFO - 26/03/13 05:06:03 INFO AppendDataExec: Start processing data source write support: IcebergBatchWrite(table=gold.dim_company, format=PARQUET). The input RDD has 1 partitions.
[2026-03-13T05:06:03.986+0000] {subprocess.py:106} INFO - 26/03/13 05:06:03 INFO SparkContext: Starting job: create at <unknown>:0
[2026-03-13T05:06:03.986+0000] {subprocess.py:106} INFO - 26/03/13 05:06:03 INFO BlockManagerInfo: Removed broadcast_14_piece0 on 172.30.0.7:37987 in memory (size: 16.2 KiB, free: 434.3 MiB)
[2026-03-13T05:06:03.989+0000] {subprocess.py:106} INFO - 26/03/13 05:06:03 INFO DAGScheduler: Got job 7 (create at <unknown>:0) with 1 output partitions
[2026-03-13T05:06:03.990+0000] {subprocess.py:106} INFO - 26/03/13 05:06:03 INFO DAGScheduler: Final stage: ResultStage 11 (create at <unknown>:0)
[2026-03-13T05:06:03.990+0000] {subprocess.py:106} INFO - 26/03/13 05:06:03 INFO DAGScheduler: Parents of final stage: List(ShuffleMapStage 10)
[2026-03-13T05:06:03.992+0000] {subprocess.py:106} INFO - 26/03/13 05:06:03 INFO DAGScheduler: Missing parents: List()
[2026-03-13T05:06:03.997+0000] {subprocess.py:106} INFO - 26/03/13 05:06:03 INFO DAGScheduler: Submitting ResultStage 11 (MapPartitionsRDD[23] at create at <unknown>:0), which has no missing parents
[2026-03-13T05:06:04.004+0000] {subprocess.py:106} INFO - 26/03/13 05:06:04 INFO MemoryStore: Block broadcast_16 stored as values in memory (estimated size 43.6 KiB, free 434.1 MiB)
[2026-03-13T05:06:04.006+0000] {subprocess.py:106} INFO - 26/03/13 05:06:04 INFO MemoryStore: Block broadcast_16_piece0 stored as bytes in memory (estimated size 19.8 KiB, free 434.1 MiB)
[2026-03-13T05:06:04.007+0000] {subprocess.py:106} INFO - 26/03/13 05:06:04 INFO BlockManagerInfo: Added broadcast_16_piece0 in memory on 499f1d118d82:39745 (size: 19.8 KiB, free: 434.3 MiB)
[2026-03-13T05:06:04.008+0000] {subprocess.py:106} INFO - 26/03/13 05:06:04 INFO SparkContext: Created broadcast 16 from broadcast at DAGScheduler.scala:1585
[2026-03-13T05:06:04.009+0000] {subprocess.py:106} INFO - 26/03/13 05:06:04 INFO DAGScheduler: Submitting 1 missing tasks from ResultStage 11 (MapPartitionsRDD[23] at create at <unknown>:0) (first 15 tasks are for partitions Vector(0))
[2026-03-13T05:06:04.009+0000] {subprocess.py:106} INFO - 26/03/13 05:06:04 INFO TaskSchedulerImpl: Adding task set 11.0 with 1 tasks resource profile 0
[2026-03-13T05:06:04.011+0000] {subprocess.py:106} INFO - 26/03/13 05:06:04 INFO TaskSetManager: Starting task 0.0 in stage 11.0 (TID 16) (172.30.0.7, executor 0, partition 0, NODE_LOCAL, 9976 bytes)
[2026-03-13T05:06:04.039+0000] {subprocess.py:106} INFO - 26/03/13 05:06:04 INFO BlockManagerInfo: Added broadcast_16_piece0 in memory on 172.30.0.7:37987 (size: 19.8 KiB, free: 434.3 MiB)
[2026-03-13T05:06:04.047+0000] {subprocess.py:106} INFO - 26/03/13 05:06:04 INFO MapOutputTrackerMasterEndpoint: Asked to send map output locations for shuffle 3 to 172.30.0.7:51492
[2026-03-13T05:06:04.095+0000] {subprocess.py:106} INFO - 26/03/13 05:06:04 INFO BlockManagerInfo: Added broadcast_15_piece0 in memory on 172.30.0.7:37987 (size: 29.8 KiB, free: 434.3 MiB)
[2026-03-13T05:06:04.196+0000] {subprocess.py:106} INFO - 26/03/13 05:06:04 INFO TaskSetManager: Finished task 0.0 in stage 11.0 (TID 16) in 185 ms on 172.30.0.7 (executor 0) (1/1)
[2026-03-13T05:06:04.200+0000] {subprocess.py:106} INFO - 26/03/13 05:06:04 INFO TaskSchedulerImpl: Removed TaskSet 11.0, whose tasks have all completed, from pool
[2026-03-13T05:06:04.201+0000] {subprocess.py:106} INFO - 26/03/13 05:06:04 INFO DAGScheduler: ResultStage 11 (create at <unknown>:0) finished in 0.196 s
[2026-03-13T05:06:04.202+0000] {subprocess.py:106} INFO - 26/03/13 05:06:04 INFO DAGScheduler: Job 7 is finished. Cancelling potential speculative or zombie tasks for this job
[2026-03-13T05:06:04.202+0000] {subprocess.py:106} INFO - 26/03/13 05:06:04 INFO TaskSchedulerImpl: Killing all running tasks in stage 11: Stage finished
[2026-03-13T05:06:04.203+0000] {subprocess.py:106} INFO - 26/03/13 05:06:04 INFO DAGScheduler: Job 7 finished: create at <unknown>:0, took 0.213556 s
[2026-03-13T05:06:04.203+0000] {subprocess.py:106} INFO - 26/03/13 05:06:04 INFO AppendDataExec: Data source write support IcebergBatchWrite(table=gold.dim_company, format=PARQUET) is committing.
[2026-03-13T05:06:04.208+0000] {subprocess.py:106} INFO - 26/03/13 05:06:04 INFO SparkWrite: Committing append with 1 new data files to table gold.dim_company
[2026-03-13T05:06:04.378+0000] {subprocess.py:106} INFO - 26/03/13 05:06:04 INFO SnapshotProducer: Committed snapshot 3896825364692192509 (MergeAppend)
[2026-03-13T05:06:04.407+0000] {subprocess.py:106} INFO - 26/03/13 05:06:04 INFO LoggingMetricsReporter: Received metrics report: CommitReport{tableName=gold.dim_company, snapshotId=3896825364692192509, sequenceNumber=1, operation=append, commitMetrics=CommitMetricsResult{totalDuration=TimerResult{timeUnit=NANOSECONDS, totalDuration=PT0.207369568S, count=1}, attempts=CounterResult{unit=COUNT, value=1}, addedDataFiles=CounterResult{unit=COUNT, value=1}, removedDataFiles=null, totalDataFiles=CounterResult{unit=COUNT, value=1}, addedDeleteFiles=null, addedEqualityDeleteFiles=null, addedPositionalDeleteFiles=null, removedDeleteFiles=null, removedEqualityDeleteFiles=null, removedPositionalDeleteFiles=null, totalDeleteFiles=CounterResult{unit=COUNT, value=0}, addedRecords=CounterResult{unit=COUNT, value=1099}, removedRecords=null, totalRecords=CounterResult{unit=COUNT, value=1099}, addedFilesSizeInBytes=CounterResult{unit=BYTES, value=20434}, removedFilesSizeInBytes=null, totalFilesSizeInBytes=CounterResult{unit=BYTES, value=20434}, addedPositionalDeletes=null, removedPositionalDeletes=null, totalPositionalDeletes=CounterResult{unit=COUNT, value=0}, addedEqualityDeletes=null, removedEqualityDeletes=null, totalEqualityDeletes=CounterResult{unit=COUNT, value=0}}, metadata={engine-version=3.5.3, app-id=app-20260313050541-0002, engine-name=spark, iceberg-version=Apache Iceberg 1.6.1 (commit 8e9d59d299be42b0bca9461457cd1e95dbaad086)}}
[2026-03-13T05:06:04.408+0000] {subprocess.py:106} INFO - 26/03/13 05:06:04 INFO SparkWrite: Committed in 207 ms
[2026-03-13T05:06:04.409+0000] {subprocess.py:106} INFO - 26/03/13 05:06:04 INFO AppendDataExec: Data source write support IcebergBatchWrite(table=gold.dim_company, format=PARQUET) committed.
[2026-03-13T05:06:04.556+0000] {subprocess.py:106} INFO - 26/03/13 05:06:04 INFO HiveTableOperations: Committed to table iceberg.gold.dim_company with the new metadata location s3a://warehouse/iceberg_data/gold.db/dim_company/metadata/00000-46dff904-ba04-4ae8-92fe-9d41ddbf6858.metadata.json
[2026-03-13T05:06:04.557+0000] {subprocess.py:106} INFO - 26/03/13 05:06:04 INFO BaseMetastoreTableOperations: Successfully committed to table iceberg.gold.dim_company in 149 ms
[2026-03-13T05:06:04.558+0000] {subprocess.py:106} INFO - >>> Building DIM_WORK_MODE...
[2026-03-13T05:06:04.610+0000] {subprocess.py:106} INFO - 26/03/13 05:06:04 INFO BaseMetastoreCatalog: Table properties set at catalog level through catalog properties: {}
[2026-03-13T05:06:04.615+0000] {subprocess.py:106} INFO - 26/03/13 05:06:04 INFO BaseMetastoreCatalog: Table properties enforced at catalog level through catalog properties: {}
[2026-03-13T05:06:04.632+0000] {subprocess.py:106} INFO - 26/03/13 05:06:04 INFO V2ScanRelationPushDown:
[2026-03-13T05:06:04.633+0000] {subprocess.py:106} INFO - Pushing operators to iceberg.silver.it_jobs_clean
[2026-03-13T05:06:04.634+0000] {subprocess.py:106} INFO - Pushed Filters: work_mode IS NOT NULL
[2026-03-13T05:06:04.635+0000] {subprocess.py:106} INFO - Post-Scan Filters: isnotnull(work_mode#7)
[2026-03-13T05:06:04.635+0000] {subprocess.py:106} INFO - 
[2026-03-13T05:06:04.636+0000] {subprocess.py:106} INFO - 26/03/13 05:06:04 INFO V2ScanRelationPushDown:
[2026-03-13T05:06:04.636+0000] {subprocess.py:106} INFO - Output: work_mode#7
[2026-03-13T05:06:04.638+0000] {subprocess.py:106} INFO - 
[2026-03-13T05:06:04.639+0000] {subprocess.py:106} INFO - 26/03/13 05:06:04 INFO SnapshotScan: Scanning table iceberg.silver.it_jobs_clean snapshot 8335972138811178080 created at 2026-03-13T05:05:34.072+00:00 with filter work_mode IS NOT NULL
[2026-03-13T05:06:04.639+0000] {subprocess.py:106} INFO - 26/03/13 05:06:04 INFO BaseDistributedDataScan: Planning file tasks locally for table iceberg.silver.it_jobs_clean
[2026-03-13T05:06:04.700+0000] {subprocess.py:106} INFO - 26/03/13 05:06:04 INFO SparkPartitioningAwareScan: Reporting UnknownPartitioning with 4 partition(s) for table iceberg.silver.it_jobs_clean
[2026-03-13T05:06:04.701+0000] {subprocess.py:106} INFO - 26/03/13 05:06:04 INFO SparkWrite: Requesting 0 bytes advisory partition size for table gold.dim_work_mode
[2026-03-13T05:06:04.702+0000] {subprocess.py:106} INFO - 26/03/13 05:06:04 INFO SparkWrite: Requesting UnspecifiedDistribution as write distribution for table gold.dim_work_mode
[2026-03-13T05:06:04.703+0000] {subprocess.py:106} INFO - 26/03/13 05:06:04 INFO SparkWrite: Requesting [] as write ordering for table gold.dim_work_mode
[2026-03-13T05:06:04.710+0000] {subprocess.py:106} INFO - 26/03/13 05:06:04 INFO MemoryStore: Block broadcast_17 stored as values in memory (estimated size 32.0 KiB, free 434.1 MiB)
[2026-03-13T05:06:04.722+0000] {subprocess.py:106} INFO - 26/03/13 05:06:04 INFO MemoryStore: Block broadcast_17_piece0 stored as bytes in memory (estimated size 30.3 KiB, free 434.0 MiB)
[2026-03-13T05:06:04.724+0000] {subprocess.py:106} INFO - 26/03/13 05:06:04 INFO BlockManagerInfo: Added broadcast_17_piece0 in memory on 499f1d118d82:39745 (size: 30.3 KiB, free: 434.2 MiB)
[2026-03-13T05:06:04.726+0000] {subprocess.py:106} INFO - 26/03/13 05:06:04 INFO SparkContext: Created broadcast 17 from broadcast at SparkBatch.java:79
[2026-03-13T05:06:04.729+0000] {subprocess.py:106} INFO - 26/03/13 05:06:04 INFO BlockManagerInfo: Removed broadcast_13_piece0 on 499f1d118d82:39745 in memory (size: 30.3 KiB, free: 434.3 MiB)
[2026-03-13T05:06:04.730+0000] {subprocess.py:106} INFO - 26/03/13 05:06:04 INFO BlockManagerInfo: Removed broadcast_13_piece0 on 172.30.0.7:37987 in memory (size: 30.3 KiB, free: 434.3 MiB)
[2026-03-13T05:06:04.733+0000] {subprocess.py:106} INFO - 26/03/13 05:06:04 INFO MemoryStore: Block broadcast_18 stored as values in memory (estimated size 32.0 KiB, free 434.1 MiB)
[2026-03-13T05:06:04.737+0000] {subprocess.py:106} INFO - 26/03/13 05:06:04 INFO MemoryStore: Block broadcast_18_piece0 stored as bytes in memory (estimated size 30.4 KiB, free 434.0 MiB)
[2026-03-13T05:06:04.740+0000] {subprocess.py:106} INFO - 26/03/13 05:06:04 INFO BlockManagerInfo: Added broadcast_18_piece0 in memory on 499f1d118d82:39745 (size: 30.4 KiB, free: 434.2 MiB)
[2026-03-13T05:06:04.741+0000] {subprocess.py:106} INFO - 26/03/13 05:06:04 INFO SparkContext: Created broadcast 18 from broadcast at SparkBatch.java:79
[2026-03-13T05:06:04.742+0000] {subprocess.py:106} INFO - 26/03/13 05:06:04 INFO BlockManagerInfo: Removed broadcast_15_piece0 on 499f1d118d82:39745 in memory (size: 29.8 KiB, free: 434.3 MiB)
[2026-03-13T05:06:04.744+0000] {subprocess.py:106} INFO - 26/03/13 05:06:04 INFO BlockManagerInfo: Removed broadcast_15_piece0 on 172.30.0.7:37987 in memory (size: 29.8 KiB, free: 434.4 MiB)
[2026-03-13T05:06:04.761+0000] {subprocess.py:106} INFO - 26/03/13 05:06:04 INFO BlockManagerInfo: Removed broadcast_16_piece0 on 499f1d118d82:39745 in memory (size: 19.8 KiB, free: 434.3 MiB)
[2026-03-13T05:06:04.764+0000] {subprocess.py:106} INFO - 26/03/13 05:06:04 INFO BlockManagerInfo: Removed broadcast_16_piece0 on 172.30.0.7:37987 in memory (size: 19.8 KiB, free: 434.4 MiB)
[2026-03-13T05:06:04.785+0000] {subprocess.py:106} INFO - 26/03/13 05:06:04 INFO BlockManagerInfo: Removed broadcast_12_piece0 on 499f1d118d82:39745 in memory (size: 30.4 KiB, free: 434.3 MiB)
[2026-03-13T05:06:04.789+0000] {subprocess.py:106} INFO - 26/03/13 05:06:04 INFO DAGScheduler: Registering RDD 27 (create at <unknown>:0) as input to shuffle 4
[2026-03-13T05:06:04.789+0000] {subprocess.py:106} INFO - 26/03/13 05:06:04 INFO DAGScheduler: Got map stage job 8 (create at <unknown>:0) with 4 output partitions
[2026-03-13T05:06:04.791+0000] {subprocess.py:106} INFO - 26/03/13 05:06:04 INFO DAGScheduler: Final stage: ShuffleMapStage 12 (create at <unknown>:0)
[2026-03-13T05:06:04.791+0000] {subprocess.py:106} INFO - 26/03/13 05:06:04 INFO DAGScheduler: Parents of final stage: List()
[2026-03-13T05:06:04.792+0000] {subprocess.py:106} INFO - 26/03/13 05:06:04 INFO DAGScheduler: Missing parents: List()
[2026-03-13T05:06:04.797+0000] {subprocess.py:106} INFO - 26/03/13 05:06:04 INFO DAGScheduler: Submitting ShuffleMapStage 12 (MapPartitionsRDD[27] at create at <unknown>:0), which has no missing parents
[2026-03-13T05:06:04.801+0000] {subprocess.py:106} INFO - 26/03/13 05:06:04 INFO MemoryStore: Block broadcast_19 stored as values in memory (estimated size 37.1 KiB, free 434.2 MiB)
[2026-03-13T05:06:04.803+0000] {subprocess.py:106} INFO - 26/03/13 05:06:04 INFO MemoryStore: Block broadcast_19_piece0 stored as bytes in memory (estimated size 16.2 KiB, free 434.2 MiB)
[2026-03-13T05:06:04.804+0000] {subprocess.py:106} INFO - 26/03/13 05:06:04 INFO BlockManagerInfo: Added broadcast_19_piece0 in memory on 499f1d118d82:39745 (size: 16.2 KiB, free: 434.3 MiB)
[2026-03-13T05:06:04.806+0000] {subprocess.py:106} INFO - 26/03/13 05:06:04 INFO SparkContext: Created broadcast 19 from broadcast at DAGScheduler.scala:1585
[2026-03-13T05:06:04.807+0000] {subprocess.py:106} INFO - 26/03/13 05:06:04 INFO DAGScheduler: Submitting 4 missing tasks from ShuffleMapStage 12 (MapPartitionsRDD[27] at create at <unknown>:0) (first 15 tasks are for partitions Vector(0, 1, 2, 3))
[2026-03-13T05:06:04.807+0000] {subprocess.py:106} INFO - 26/03/13 05:06:04 INFO TaskSchedulerImpl: Adding task set 12.0 with 4 tasks resource profile 0
[2026-03-13T05:06:04.808+0000] {subprocess.py:106} INFO - 26/03/13 05:06:04 INFO TaskSetManager: Starting task 0.0 in stage 12.0 (TID 17) (172.30.0.7, executor 0, partition 0, PROCESS_LOCAL, 16538 bytes)
[2026-03-13T05:06:04.828+0000] {subprocess.py:106} INFO - 26/03/13 05:06:04 INFO BlockManagerInfo: Added broadcast_19_piece0 in memory on 172.30.0.7:37987 (size: 16.2 KiB, free: 434.4 MiB)
[2026-03-13T05:06:04.854+0000] {subprocess.py:106} INFO - 26/03/13 05:06:04 INFO BlockManagerInfo: Added broadcast_18_piece0 in memory on 172.30.0.7:37987 (size: 30.4 KiB, free: 434.3 MiB)
[2026-03-13T05:06:05.065+0000] {subprocess.py:106} INFO - 26/03/13 05:06:05 INFO TaskSetManager: Starting task 1.0 in stage 12.0 (TID 18) (172.30.0.7, executor 0, partition 1, PROCESS_LOCAL, 16539 bytes)
[2026-03-13T05:06:05.066+0000] {subprocess.py:106} INFO - 26/03/13 05:06:05 INFO TaskSetManager: Finished task 0.0 in stage 12.0 (TID 17) in 258 ms on 172.30.0.7 (executor 0) (1/4)
[2026-03-13T05:06:05.263+0000] {subprocess.py:106} INFO - 26/03/13 05:06:05 INFO TaskSetManager: Starting task 2.0 in stage 12.0 (TID 19) (172.30.0.7, executor 0, partition 2, PROCESS_LOCAL, 16539 bytes)
[2026-03-13T05:06:05.264+0000] {subprocess.py:106} INFO - 26/03/13 05:06:05 INFO TaskSetManager: Finished task 1.0 in stage 12.0 (TID 18) in 199 ms on 172.30.0.7 (executor 0) (2/4)
[2026-03-13T05:06:05.458+0000] {subprocess.py:106} INFO - 26/03/13 05:06:05 INFO TaskSetManager: Starting task 3.0 in stage 12.0 (TID 20) (172.30.0.7, executor 0, partition 3, PROCESS_LOCAL, 15615 bytes)
[2026-03-13T05:06:05.459+0000] {subprocess.py:106} INFO - 26/03/13 05:06:05 INFO TaskSetManager: Finished task 2.0 in stage 12.0 (TID 19) in 197 ms on 172.30.0.7 (executor 0) (3/4)
[2026-03-13T05:06:05.560+0000] {subprocess.py:106} INFO - 26/03/13 05:06:05 INFO TaskSetManager: Finished task 3.0 in stage 12.0 (TID 20) in 103 ms on 172.30.0.7 (executor 0) (4/4)
[2026-03-13T05:06:05.561+0000] {subprocess.py:106} INFO - 26/03/13 05:06:05 INFO TaskSchedulerImpl: Removed TaskSet 12.0, whose tasks have all completed, from pool
[2026-03-13T05:06:05.563+0000] {subprocess.py:106} INFO - 26/03/13 05:06:05 INFO DAGScheduler: ShuffleMapStage 12 (create at <unknown>:0) finished in 0.766 s
[2026-03-13T05:06:05.564+0000] {subprocess.py:106} INFO - 26/03/13 05:06:05 INFO DAGScheduler: looking for newly runnable stages
[2026-03-13T05:06:05.565+0000] {subprocess.py:106} INFO - 26/03/13 05:06:05 INFO DAGScheduler: running: Set()
[2026-03-13T05:06:05.565+0000] {subprocess.py:106} INFO - 26/03/13 05:06:05 INFO DAGScheduler: waiting: Set()
[2026-03-13T05:06:05.566+0000] {subprocess.py:106} INFO - 26/03/13 05:06:05 INFO DAGScheduler: failed: Set()
[2026-03-13T05:06:05.566+0000] {subprocess.py:106} INFO - 26/03/13 05:06:05 INFO ShufflePartitionsUtil: For shuffle(4), advisory target size: 67108864, actual target size 1048576, minimum partition size: 1048576
[2026-03-13T05:06:05.579+0000] {subprocess.py:106} INFO - 26/03/13 05:06:05 INFO MemoryStore: Block broadcast_20 stored as values in memory (estimated size 32.0 KiB, free 434.1 MiB)
[2026-03-13T05:06:05.594+0000] {subprocess.py:106} INFO - 26/03/13 05:06:05 INFO MemoryStore: Block broadcast_20_piece0 stored as bytes in memory (estimated size 29.7 KiB, free 434.1 MiB)
[2026-03-13T05:06:05.602+0000] {subprocess.py:106} INFO - 26/03/13 05:06:05 INFO BlockManagerInfo: Added broadcast_20_piece0 in memory on 499f1d118d82:39745 (size: 29.7 KiB, free: 434.3 MiB)
[2026-03-13T05:06:05.605+0000] {subprocess.py:106} INFO - 26/03/13 05:06:05 INFO BlockManagerInfo: Removed broadcast_19_piece0 on 499f1d118d82:39745 in memory (size: 16.2 KiB, free: 434.3 MiB)
[2026-03-13T05:06:05.606+0000] {subprocess.py:106} INFO - 26/03/13 05:06:05 INFO BlockManagerInfo: Removed broadcast_19_piece0 on 172.30.0.7:37987 in memory (size: 16.2 KiB, free: 434.3 MiB)
[2026-03-13T05:06:05.607+0000] {subprocess.py:106} INFO - 26/03/13 05:06:05 INFO SparkContext: Created broadcast 20 from broadcast at SparkWrite.java:193
[2026-03-13T05:06:05.608+0000] {subprocess.py:106} INFO - 26/03/13 05:06:05 INFO AppendDataExec: Start processing data source write support: IcebergBatchWrite(table=gold.dim_work_mode, format=PARQUET). The input RDD has 1 partitions.
[2026-03-13T05:06:05.609+0000] {subprocess.py:106} INFO - 26/03/13 05:06:05 INFO SparkContext: Starting job: create at <unknown>:0
[2026-03-13T05:06:05.609+0000] {subprocess.py:106} INFO - 26/03/13 05:06:05 INFO DAGScheduler: Got job 9 (create at <unknown>:0) with 1 output partitions
[2026-03-13T05:06:05.609+0000] {subprocess.py:106} INFO - 26/03/13 05:06:05 INFO DAGScheduler: Final stage: ResultStage 14 (create at <unknown>:0)
[2026-03-13T05:06:05.610+0000] {subprocess.py:106} INFO - 26/03/13 05:06:05 INFO DAGScheduler: Parents of final stage: List(ShuffleMapStage 13)
[2026-03-13T05:06:05.610+0000] {subprocess.py:106} INFO - 26/03/13 05:06:05 INFO DAGScheduler: Missing parents: List()
[2026-03-13T05:06:05.612+0000] {subprocess.py:106} INFO - 26/03/13 05:06:05 INFO DAGScheduler: Submitting ResultStage 14 (MapPartitionsRDD[29] at create at <unknown>:0), which has no missing parents
[2026-03-13T05:06:05.618+0000] {subprocess.py:106} INFO - 26/03/13 05:06:05 INFO MemoryStore: Block broadcast_21 stored as values in memory (estimated size 43.6 KiB, free 434.1 MiB)
[2026-03-13T05:06:05.619+0000] {subprocess.py:106} INFO - 26/03/13 05:06:05 INFO MemoryStore: Block broadcast_21_piece0 stored as bytes in memory (estimated size 19.8 KiB, free 434.1 MiB)
[2026-03-13T05:06:05.622+0000] {subprocess.py:106} INFO - 26/03/13 05:06:05 INFO BlockManagerInfo: Added broadcast_21_piece0 in memory on 499f1d118d82:39745 (size: 19.8 KiB, free: 434.3 MiB)
[2026-03-13T05:06:05.623+0000] {subprocess.py:106} INFO - 26/03/13 05:06:05 INFO SparkContext: Created broadcast 21 from broadcast at DAGScheduler.scala:1585
[2026-03-13T05:06:05.623+0000] {subprocess.py:106} INFO - 26/03/13 05:06:05 INFO DAGScheduler: Submitting 1 missing tasks from ResultStage 14 (MapPartitionsRDD[29] at create at <unknown>:0) (first 15 tasks are for partitions Vector(0))
[2026-03-13T05:06:05.624+0000] {subprocess.py:106} INFO - 26/03/13 05:06:05 INFO TaskSchedulerImpl: Adding task set 14.0 with 1 tasks resource profile 0
[2026-03-13T05:06:05.625+0000] {subprocess.py:106} INFO - 26/03/13 05:06:05 INFO TaskSetManager: Starting task 0.0 in stage 14.0 (TID 21) (172.30.0.7, executor 0, partition 0, NODE_LOCAL, 9976 bytes)
[2026-03-13T05:06:05.653+0000] {subprocess.py:106} INFO - 26/03/13 05:06:05 INFO BlockManagerInfo: Added broadcast_21_piece0 in memory on 172.30.0.7:37987 (size: 19.8 KiB, free: 434.3 MiB)
[2026-03-13T05:06:05.662+0000] {subprocess.py:106} INFO - 26/03/13 05:06:05 INFO MapOutputTrackerMasterEndpoint: Asked to send map output locations for shuffle 4 to 172.30.0.7:51492
[2026-03-13T05:06:05.680+0000] {subprocess.py:106} INFO - 26/03/13 05:06:05 INFO BlockManagerInfo: Added broadcast_20_piece0 in memory on 172.30.0.7:37987 (size: 29.7 KiB, free: 434.3 MiB)
[2026-03-13T05:06:05.747+0000] {subprocess.py:106} INFO - 26/03/13 05:06:05 INFO TaskSetManager: Finished task 0.0 in stage 14.0 (TID 21) in 122 ms on 172.30.0.7 (executor 0) (1/1)
[2026-03-13T05:06:05.748+0000] {subprocess.py:106} INFO - 26/03/13 05:06:05 INFO TaskSchedulerImpl: Removed TaskSet 14.0, whose tasks have all completed, from pool
[2026-03-13T05:06:05.748+0000] {subprocess.py:106} INFO - 26/03/13 05:06:05 INFO DAGScheduler: ResultStage 14 (create at <unknown>:0) finished in 0.132 s
[2026-03-13T05:06:05.749+0000] {subprocess.py:106} INFO - 26/03/13 05:06:05 INFO DAGScheduler: Job 9 is finished. Cancelling potential speculative or zombie tasks for this job
[2026-03-13T05:06:05.749+0000] {subprocess.py:106} INFO - 26/03/13 05:06:05 INFO TaskSchedulerImpl: Killing all running tasks in stage 14: Stage finished
[2026-03-13T05:06:05.749+0000] {subprocess.py:106} INFO - 26/03/13 05:06:05 INFO DAGScheduler: Job 9 finished: create at <unknown>:0, took 0.143125 s
[2026-03-13T05:06:05.750+0000] {subprocess.py:106} INFO - 26/03/13 05:06:05 INFO AppendDataExec: Data source write support IcebergBatchWrite(table=gold.dim_work_mode, format=PARQUET) is committing.
[2026-03-13T05:06:05.750+0000] {subprocess.py:106} INFO - 26/03/13 05:06:05 INFO SparkWrite: Committing append with 1 new data files to table gold.dim_work_mode
[2026-03-13T05:06:05.879+0000] {subprocess.py:106} INFO - 26/03/13 05:06:05 INFO SnapshotProducer: Committed snapshot 7555902533774670168 (MergeAppend)
[2026-03-13T05:06:05.902+0000] {subprocess.py:106} INFO - 26/03/13 05:06:05 INFO LoggingMetricsReporter: Received metrics report: CommitReport{tableName=gold.dim_work_mode, snapshotId=7555902533774670168, sequenceNumber=1, operation=append, commitMetrics=CommitMetricsResult{totalDuration=TimerResult{timeUnit=NANOSECONDS, totalDuration=PT0.151472697S, count=1}, attempts=CounterResult{unit=COUNT, value=1}, addedDataFiles=CounterResult{unit=COUNT, value=1}, removedDataFiles=null, totalDataFiles=CounterResult{unit=COUNT, value=1}, addedDeleteFiles=null, addedEqualityDeleteFiles=null, addedPositionalDeleteFiles=null, removedDeleteFiles=null, removedEqualityDeleteFiles=null, removedPositionalDeleteFiles=null, totalDeleteFiles=CounterResult{unit=COUNT, value=0}, addedRecords=CounterResult{unit=COUNT, value=3}, removedRecords=null, totalRecords=CounterResult{unit=COUNT, value=3}, addedFilesSizeInBytes=CounterResult{unit=BYTES, value=731}, removedFilesSizeInBytes=null, totalFilesSizeInBytes=CounterResult{unit=BYTES, value=731}, addedPositionalDeletes=null, removedPositionalDeletes=null, totalPositionalDeletes=CounterResult{unit=COUNT, value=0}, addedEqualityDeletes=null, removedEqualityDeletes=null, totalEqualityDeletes=CounterResult{unit=COUNT, value=0}}, metadata={engine-version=3.5.3, app-id=app-20260313050541-0002, engine-name=spark, iceberg-version=Apache Iceberg 1.6.1 (commit 8e9d59d299be42b0bca9461457cd1e95dbaad086)}}
[2026-03-13T05:06:05.907+0000] {subprocess.py:106} INFO - 26/03/13 05:06:05 INFO SparkWrite: Committed in 152 ms
[2026-03-13T05:06:05.908+0000] {subprocess.py:106} INFO - 26/03/13 05:06:05 INFO AppendDataExec: Data source write support IcebergBatchWrite(table=gold.dim_work_mode, format=PARQUET) committed.
[2026-03-13T05:06:06.036+0000] {subprocess.py:106} INFO - 26/03/13 05:06:06 INFO HiveTableOperations: Committed to table iceberg.gold.dim_work_mode with the new metadata location s3a://warehouse/iceberg_data/gold.db/dim_work_mode/metadata/00000-e13cd8f3-0b88-42e9-9a30-916c7344dd3b.metadata.json
[2026-03-13T05:06:06.037+0000] {subprocess.py:106} INFO - 26/03/13 05:06:06 INFO BaseMetastoreTableOperations: Successfully committed to table iceberg.gold.dim_work_mode in 134 ms
[2026-03-13T05:06:06.037+0000] {subprocess.py:106} INFO - >>> Building DIM_DATE...
[2026-03-13T05:06:06.175+0000] {subprocess.py:106} INFO - 26/03/13 05:06:06 INFO BaseMetastoreCatalog: Table properties set at catalog level through catalog properties: {}
[2026-03-13T05:06:06.182+0000] {subprocess.py:106} INFO - 26/03/13 05:06:06 INFO BaseMetastoreCatalog: Table properties enforced at catalog level through catalog properties: {}
[2026-03-13T05:06:06.202+0000] {subprocess.py:106} INFO - 26/03/13 05:06:06 INFO V2ScanRelationPushDown:
[2026-03-13T05:06:06.203+0000] {subprocess.py:106} INFO - Pushing operators to iceberg.silver.it_jobs_clean
[2026-03-13T05:06:06.203+0000] {subprocess.py:106} INFO - Pushed Filters: date_posted IS NOT NULL
[2026-03-13T05:06:06.204+0000] {subprocess.py:106} INFO - Post-Scan Filters: isnotnull(date_posted#4)
[2026-03-13T05:06:06.205+0000] {subprocess.py:106} INFO - 
[2026-03-13T05:06:06.205+0000] {subprocess.py:106} INFO - 26/03/13 05:06:06 INFO V2ScanRelationPushDown:
[2026-03-13T05:06:06.206+0000] {subprocess.py:106} INFO - Output: date_posted#4
[2026-03-13T05:06:06.206+0000] {subprocess.py:106} INFO - 
[2026-03-13T05:06:06.207+0000] {subprocess.py:106} INFO - 26/03/13 05:06:06 INFO SnapshotScan: Scanning table iceberg.silver.it_jobs_clean snapshot 8335972138811178080 created at 2026-03-13T05:05:34.072+00:00 with filter date_posted IS NOT NULL
[2026-03-13T05:06:06.207+0000] {subprocess.py:106} INFO - 26/03/13 05:06:06 INFO BaseDistributedDataScan: Planning file tasks locally for table iceberg.silver.it_jobs_clean
[2026-03-13T05:06:06.269+0000] {subprocess.py:106} INFO - 26/03/13 05:06:06 INFO SparkPartitioningAwareScan: Reporting UnknownPartitioning with 4 partition(s) for table iceberg.silver.it_jobs_clean
[2026-03-13T05:06:06.270+0000] {subprocess.py:106} INFO - 26/03/13 05:06:06 INFO SparkWrite: Requesting 0 bytes advisory partition size for table gold.dim_date
[2026-03-13T05:06:06.271+0000] {subprocess.py:106} INFO - 26/03/13 05:06:06 INFO SparkWrite: Requesting UnspecifiedDistribution as write distribution for table gold.dim_date
[2026-03-13T05:06:06.271+0000] {subprocess.py:106} INFO - 26/03/13 05:06:06 INFO SparkWrite: Requesting [] as write ordering for table gold.dim_date
[2026-03-13T05:06:06.280+0000] {subprocess.py:106} INFO - 26/03/13 05:06:06 INFO MemoryStore: Block broadcast_22 stored as values in memory (estimated size 32.0 KiB, free 434.1 MiB)
[2026-03-13T05:06:06.292+0000] {subprocess.py:106} INFO - 26/03/13 05:06:06 INFO MemoryStore: Block broadcast_22_piece0 stored as bytes in memory (estimated size 30.4 KiB, free 434.1 MiB)
[2026-03-13T05:06:06.294+0000] {subprocess.py:106} INFO - 26/03/13 05:06:06 INFO BlockManagerInfo: Removed broadcast_17_piece0 on 499f1d118d82:39745 in memory (size: 30.3 KiB, free: 434.3 MiB)
[2026-03-13T05:06:06.295+0000] {subprocess.py:106} INFO - 26/03/13 05:06:06 INFO BlockManagerInfo: Added broadcast_22_piece0 in memory on 499f1d118d82:39745 (size: 30.4 KiB, free: 434.3 MiB)
[2026-03-13T05:06:06.296+0000] {subprocess.py:106} INFO - 26/03/13 05:06:06 INFO SparkContext: Created broadcast 22 from broadcast at SparkBatch.java:79
[2026-03-13T05:06:06.304+0000] {subprocess.py:106} INFO - 26/03/13 05:06:06 INFO MemoryStore: Block broadcast_23 stored as values in memory (estimated size 32.0 KiB, free 434.1 MiB)
[2026-03-13T05:06:06.305+0000] {subprocess.py:106} INFO - 26/03/13 05:06:06 INFO MemoryStore: Block broadcast_23_piece0 stored as bytes in memory (estimated size 30.3 KiB, free 434.0 MiB)
[2026-03-13T05:06:06.306+0000] {subprocess.py:106} INFO - 26/03/13 05:06:06 INFO BlockManagerInfo: Added broadcast_23_piece0 in memory on 499f1d118d82:39745 (size: 30.3 KiB, free: 434.2 MiB)
[2026-03-13T05:06:06.308+0000] {subprocess.py:106} INFO - 26/03/13 05:06:06 INFO SparkContext: Created broadcast 23 from broadcast at SparkBatch.java:79
[2026-03-13T05:06:06.312+0000] {subprocess.py:106} INFO - 26/03/13 05:06:06 INFO BlockManagerInfo: Removed broadcast_18_piece0 on 499f1d118d82:39745 in memory (size: 30.4 KiB, free: 434.3 MiB)
[2026-03-13T05:06:06.313+0000] {subprocess.py:106} INFO - 26/03/13 05:06:06 INFO BlockManagerInfo: Removed broadcast_18_piece0 on 172.30.0.7:37987 in memory (size: 30.4 KiB, free: 434.3 MiB)
[2026-03-13T05:06:06.325+0000] {subprocess.py:106} INFO - 26/03/13 05:06:06 INFO BlockManagerInfo: Removed broadcast_21_piece0 on 172.30.0.7:37987 in memory (size: 19.8 KiB, free: 434.3 MiB)
[2026-03-13T05:06:06.336+0000] {subprocess.py:106} INFO - 26/03/13 05:06:06 INFO BlockManagerInfo: Removed broadcast_21_piece0 on 499f1d118d82:39745 in memory (size: 19.8 KiB, free: 434.3 MiB)
[2026-03-13T05:06:06.354+0000] {subprocess.py:106} INFO - 26/03/13 05:06:06 INFO BlockManagerInfo: Removed broadcast_20_piece0 on 499f1d118d82:39745 in memory (size: 29.7 KiB, free: 434.3 MiB)
[2026-03-13T05:06:06.356+0000] {subprocess.py:106} INFO - 26/03/13 05:06:06 INFO BlockManagerInfo: Removed broadcast_20_piece0 on 172.30.0.7:37987 in memory (size: 29.7 KiB, free: 434.4 MiB)
[2026-03-13T05:06:06.382+0000] {subprocess.py:106} INFO - 26/03/13 05:06:06 INFO CodeGenerator: Code generated in 43.172396 ms
[2026-03-13T05:06:06.391+0000] {subprocess.py:106} INFO - 26/03/13 05:06:06 INFO DAGScheduler: Registering RDD 33 (create at <unknown>:0) as input to shuffle 5
[2026-03-13T05:06:06.392+0000] {subprocess.py:106} INFO - 26/03/13 05:06:06 INFO DAGScheduler: Got map stage job 10 (create at <unknown>:0) with 4 output partitions
[2026-03-13T05:06:06.392+0000] {subprocess.py:106} INFO - 26/03/13 05:06:06 INFO DAGScheduler: Final stage: ShuffleMapStage 15 (create at <unknown>:0)
[2026-03-13T05:06:06.395+0000] {subprocess.py:106} INFO - 26/03/13 05:06:06 INFO DAGScheduler: Parents of final stage: List()
[2026-03-13T05:06:06.397+0000] {subprocess.py:106} INFO - 26/03/13 05:06:06 INFO DAGScheduler: Missing parents: List()
[2026-03-13T05:06:06.398+0000] {subprocess.py:106} INFO - 26/03/13 05:06:06 INFO DAGScheduler: Submitting ShuffleMapStage 15 (MapPartitionsRDD[33] at create at <unknown>:0), which has no missing parents
[2026-03-13T05:06:06.402+0000] {subprocess.py:106} INFO - 26/03/13 05:06:06 INFO MemoryStore: Block broadcast_24 stored as values in memory (estimated size 36.8 KiB, free 434.2 MiB)
[2026-03-13T05:06:06.416+0000] {subprocess.py:106} INFO - 26/03/13 05:06:06 INFO MemoryStore: Block broadcast_24_piece0 stored as bytes in memory (estimated size 16.1 KiB, free 434.2 MiB)
[2026-03-13T05:06:06.429+0000] {subprocess.py:106} INFO - 26/03/13 05:06:06 INFO BlockManagerInfo: Added broadcast_24_piece0 in memory on 499f1d118d82:39745 (size: 16.1 KiB, free: 434.3 MiB)
[2026-03-13T05:06:06.432+0000] {subprocess.py:106} INFO - 26/03/13 05:06:06 INFO SparkContext: Created broadcast 24 from broadcast at DAGScheduler.scala:1585
[2026-03-13T05:06:06.440+0000] {subprocess.py:106} INFO - 26/03/13 05:06:06 INFO DAGScheduler: Submitting 4 missing tasks from ShuffleMapStage 15 (MapPartitionsRDD[33] at create at <unknown>:0) (first 15 tasks are for partitions Vector(0, 1, 2, 3))
[2026-03-13T05:06:06.441+0000] {subprocess.py:106} INFO - 26/03/13 05:06:06 INFO TaskSchedulerImpl: Adding task set 15.0 with 4 tasks resource profile 0
[2026-03-13T05:06:06.444+0000] {subprocess.py:106} INFO - 26/03/13 05:06:06 INFO TaskSetManager: Starting task 0.0 in stage 15.0 (TID 22) (172.30.0.7, executor 0, partition 0, PROCESS_LOCAL, 16532 bytes)
[2026-03-13T05:06:06.482+0000] {subprocess.py:106} INFO - 26/03/13 05:06:06 INFO BlockManagerInfo: Added broadcast_24_piece0 in memory on 172.30.0.7:37987 (size: 16.1 KiB, free: 434.4 MiB)
[2026-03-13T05:06:06.527+0000] {subprocess.py:106} INFO - 26/03/13 05:06:06 INFO BlockManagerInfo: Removed broadcast_3_piece0 on 499f1d118d82:39745 in memory (size: 30.3 KiB, free: 434.3 MiB)
[2026-03-13T05:06:06.544+0000] {subprocess.py:106} INFO - 26/03/13 05:06:06 INFO BlockManagerInfo: Removed broadcast_3_piece0 on 172.30.0.7:37987 in memory (size: 30.3 KiB, free: 434.4 MiB)
[2026-03-13T05:06:06.612+0000] {subprocess.py:106} INFO - 26/03/13 05:06:06 INFO BlockManagerInfo: Added broadcast_23_piece0 in memory on 172.30.0.7:37987 (size: 30.3 KiB, free: 434.4 MiB)
[2026-03-13T05:06:06.933+0000] {subprocess.py:106} INFO - 26/03/13 05:06:06 INFO TaskSetManager: Starting task 1.0 in stage 15.0 (TID 23) (172.30.0.7, executor 0, partition 1, PROCESS_LOCAL, 16540 bytes)
[2026-03-13T05:06:06.935+0000] {subprocess.py:106} INFO - 26/03/13 05:06:06 INFO TaskSetManager: Finished task 0.0 in stage 15.0 (TID 22) in 506 ms on 172.30.0.7 (executor 0) (1/4)
[2026-03-13T05:06:07.128+0000] {subprocess.py:106} INFO - 26/03/13 05:06:07 INFO TaskSetManager: Starting task 2.0 in stage 15.0 (TID 24) (172.30.0.7, executor 0, partition 2, PROCESS_LOCAL, 16541 bytes)
[2026-03-13T05:06:07.129+0000] {subprocess.py:106} INFO - 26/03/13 05:06:07 INFO TaskSetManager: Finished task 1.0 in stage 15.0 (TID 23) in 198 ms on 172.30.0.7 (executor 0) (2/4)
[2026-03-13T05:06:07.287+0000] {subprocess.py:106} INFO - 26/03/13 05:06:07 INFO TaskSetManager: Starting task 3.0 in stage 15.0 (TID 25) (172.30.0.7, executor 0, partition 3, PROCESS_LOCAL, 15617 bytes)
[2026-03-13T05:06:07.288+0000] {subprocess.py:106} INFO - 26/03/13 05:06:07 INFO TaskSetManager: Finished task 2.0 in stage 15.0 (TID 24) in 160 ms on 172.30.0.7 (executor 0) (3/4)
[2026-03-13T05:06:07.393+0000] {subprocess.py:106} INFO - 26/03/13 05:06:07 INFO TaskSetManager: Finished task 3.0 in stage 15.0 (TID 25) in 106 ms on 172.30.0.7 (executor 0) (4/4)
[2026-03-13T05:06:07.393+0000] {subprocess.py:106} INFO - 26/03/13 05:06:07 INFO TaskSchedulerImpl: Removed TaskSet 15.0, whose tasks have all completed, from pool
[2026-03-13T05:06:07.397+0000] {subprocess.py:106} INFO - 26/03/13 05:06:07 INFO DAGScheduler: ShuffleMapStage 15 (create at <unknown>:0) finished in 0.998 s
[2026-03-13T05:06:07.398+0000] {subprocess.py:106} INFO - 26/03/13 05:06:07 INFO DAGScheduler: looking for newly runnable stages
[2026-03-13T05:06:07.398+0000] {subprocess.py:106} INFO - 26/03/13 05:06:07 INFO DAGScheduler: running: Set()
[2026-03-13T05:06:07.399+0000] {subprocess.py:106} INFO - 26/03/13 05:06:07 INFO DAGScheduler: waiting: Set()
[2026-03-13T05:06:07.399+0000] {subprocess.py:106} INFO - 26/03/13 05:06:07 INFO DAGScheduler: failed: Set()
[2026-03-13T05:06:07.399+0000] {subprocess.py:106} INFO - 26/03/13 05:06:07 INFO ShufflePartitionsUtil: For shuffle(5), advisory target size: 67108864, actual target size 1048576, minimum partition size: 1048576
[2026-03-13T05:06:07.449+0000] {subprocess.py:106} INFO - 26/03/13 05:06:07 INFO CodeGenerator: Code generated in 22.994914 ms
[2026-03-13T05:06:07.469+0000] {subprocess.py:106} INFO - 26/03/13 05:06:07 INFO MemoryStore: Block broadcast_25 stored as values in memory (estimated size 32.0 KiB, free 434.2 MiB)
[2026-03-13T05:06:07.478+0000] {subprocess.py:106} INFO - 26/03/13 05:06:07 INFO MemoryStore: Block broadcast_25_piece0 stored as bytes in memory (estimated size 29.9 KiB, free 434.2 MiB)
[2026-03-13T05:06:07.480+0000] {subprocess.py:106} INFO - 26/03/13 05:06:07 INFO BlockManagerInfo: Added broadcast_25_piece0 in memory on 499f1d118d82:39745 (size: 29.9 KiB, free: 434.3 MiB)
[2026-03-13T05:06:07.481+0000] {subprocess.py:106} INFO - 26/03/13 05:06:07 INFO BlockManagerInfo: Removed broadcast_24_piece0 on 499f1d118d82:39745 in memory (size: 16.1 KiB, free: 434.3 MiB)
[2026-03-13T05:06:07.482+0000] {subprocess.py:106} INFO - 26/03/13 05:06:07 INFO SparkContext: Created broadcast 25 from broadcast at SparkWrite.java:193
[2026-03-13T05:06:07.483+0000] {subprocess.py:106} INFO - 26/03/13 05:06:07 INFO AppendDataExec: Start processing data source write support: IcebergBatchWrite(table=gold.dim_date, format=PARQUET). The input RDD has 1 partitions.
[2026-03-13T05:06:07.486+0000] {subprocess.py:106} INFO - 26/03/13 05:06:07 INFO BlockManagerInfo: Removed broadcast_24_piece0 on 172.30.0.7:37987 in memory (size: 16.1 KiB, free: 434.4 MiB)
[2026-03-13T05:06:07.487+0000] {subprocess.py:106} INFO - 26/03/13 05:06:07 INFO SparkContext: Starting job: create at <unknown>:0
[2026-03-13T05:06:07.488+0000] {subprocess.py:106} INFO - 26/03/13 05:06:07 INFO DAGScheduler: Got job 11 (create at <unknown>:0) with 1 output partitions
[2026-03-13T05:06:07.489+0000] {subprocess.py:106} INFO - 26/03/13 05:06:07 INFO DAGScheduler: Final stage: ResultStage 17 (create at <unknown>:0)
[2026-03-13T05:06:07.489+0000] {subprocess.py:106} INFO - 26/03/13 05:06:07 INFO DAGScheduler: Parents of final stage: List(ShuffleMapStage 16)
[2026-03-13T05:06:07.490+0000] {subprocess.py:106} INFO - 26/03/13 05:06:07 INFO DAGScheduler: Missing parents: List()
[2026-03-13T05:06:07.491+0000] {subprocess.py:106} INFO - 26/03/13 05:06:07 INFO DAGScheduler: Submitting ResultStage 17 (MapPartitionsRDD[35] at create at <unknown>:0), which has no missing parents
[2026-03-13T05:06:07.497+0000] {subprocess.py:106} INFO - 26/03/13 05:06:07 INFO MemoryStore: Block broadcast_26 stored as values in memory (estimated size 51.2 KiB, free 434.2 MiB)
[2026-03-13T05:06:07.498+0000] {subprocess.py:106} INFO - 26/03/13 05:06:07 INFO MemoryStore: Block broadcast_26_piece0 stored as bytes in memory (estimated size 22.3 KiB, free 434.1 MiB)
[2026-03-13T05:06:07.499+0000] {subprocess.py:106} INFO - 26/03/13 05:06:07 INFO BlockManagerInfo: Added broadcast_26_piece0 in memory on 499f1d118d82:39745 (size: 22.3 KiB, free: 434.3 MiB)
[2026-03-13T05:06:07.500+0000] {subprocess.py:106} INFO - 26/03/13 05:06:07 INFO SparkContext: Created broadcast 26 from broadcast at DAGScheduler.scala:1585
[2026-03-13T05:06:07.501+0000] {subprocess.py:106} INFO - 26/03/13 05:06:07 INFO DAGScheduler: Submitting 1 missing tasks from ResultStage 17 (MapPartitionsRDD[35] at create at <unknown>:0) (first 15 tasks are for partitions Vector(0))
[2026-03-13T05:06:07.501+0000] {subprocess.py:106} INFO - 26/03/13 05:06:07 INFO TaskSchedulerImpl: Adding task set 17.0 with 1 tasks resource profile 0
[2026-03-13T05:06:07.504+0000] {subprocess.py:106} INFO - 26/03/13 05:06:07 INFO TaskSetManager: Starting task 0.0 in stage 17.0 (TID 26) (172.30.0.7, executor 0, partition 0, NODE_LOCAL, 9976 bytes)
[2026-03-13T05:06:07.518+0000] {subprocess.py:106} INFO - 26/03/13 05:06:07 INFO BlockManagerInfo: Added broadcast_26_piece0 in memory on 172.30.0.7:37987 (size: 22.3 KiB, free: 434.3 MiB)
[2026-03-13T05:06:07.577+0000] {subprocess.py:106} INFO - 26/03/13 05:06:07 INFO MapOutputTrackerMasterEndpoint: Asked to send map output locations for shuffle 5 to 172.30.0.7:51492
[2026-03-13T05:06:07.652+0000] {subprocess.py:106} INFO - 26/03/13 05:06:07 INFO BlockManagerInfo: Added broadcast_25_piece0 in memory on 172.30.0.7:37987 (size: 29.9 KiB, free: 434.3 MiB)
[2026-03-13T05:06:07.804+0000] {subprocess.py:106} INFO - 26/03/13 05:06:07 INFO TaskSetManager: Finished task 0.0 in stage 17.0 (TID 26) in 302 ms on 172.30.0.7 (executor 0) (1/1)
[2026-03-13T05:06:07.809+0000] {subprocess.py:106} INFO - 26/03/13 05:06:07 INFO TaskSchedulerImpl: Removed TaskSet 17.0, whose tasks have all completed, from pool
[2026-03-13T05:06:07.810+0000] {subprocess.py:106} INFO - 26/03/13 05:06:07 INFO DAGScheduler: ResultStage 17 (create at <unknown>:0) finished in 0.309 s
[2026-03-13T05:06:07.810+0000] {subprocess.py:106} INFO - 26/03/13 05:06:07 INFO DAGScheduler: Job 11 is finished. Cancelling potential speculative or zombie tasks for this job
[2026-03-13T05:06:07.810+0000] {subprocess.py:106} INFO - 26/03/13 05:06:07 INFO TaskSchedulerImpl: Killing all running tasks in stage 17: Stage finished
[2026-03-13T05:06:07.811+0000] {subprocess.py:106} INFO - 26/03/13 05:06:07 INFO DAGScheduler: Job 11 finished: create at <unknown>:0, took 0.320303 s
[2026-03-13T05:06:07.811+0000] {subprocess.py:106} INFO - 26/03/13 05:06:07 INFO AppendDataExec: Data source write support IcebergBatchWrite(table=gold.dim_date, format=PARQUET) is committing.
[2026-03-13T05:06:07.812+0000] {subprocess.py:106} INFO - 26/03/13 05:06:07 INFO SparkWrite: Committing append with 1 new data files to table gold.dim_date
[2026-03-13T05:06:07.947+0000] {subprocess.py:106} INFO - 26/03/13 05:06:07 INFO SnapshotProducer: Committed snapshot 7874976359610780051 (MergeAppend)
[2026-03-13T05:06:07.965+0000] {subprocess.py:106} INFO - 26/03/13 05:06:07 INFO LoggingMetricsReporter: Received metrics report: CommitReport{tableName=gold.dim_date, snapshotId=7874976359610780051, sequenceNumber=1, operation=append, commitMetrics=CommitMetricsResult{totalDuration=TimerResult{timeUnit=NANOSECONDS, totalDuration=PT0.157867287S, count=1}, attempts=CounterResult{unit=COUNT, value=1}, addedDataFiles=CounterResult{unit=COUNT, value=1}, removedDataFiles=null, totalDataFiles=CounterResult{unit=COUNT, value=1}, addedDeleteFiles=null, addedEqualityDeleteFiles=null, addedPositionalDeleteFiles=null, removedDeleteFiles=null, removedEqualityDeleteFiles=null, removedPositionalDeleteFiles=null, totalDeleteFiles=CounterResult{unit=COUNT, value=0}, addedRecords=CounterResult{unit=COUNT, value=171}, removedRecords=null, totalRecords=CounterResult{unit=COUNT, value=171}, addedFilesSizeInBytes=CounterResult{unit=BYTES, value=3263}, removedFilesSizeInBytes=null, totalFilesSizeInBytes=CounterResult{unit=BYTES, value=3263}, addedPositionalDeletes=null, removedPositionalDeletes=null, totalPositionalDeletes=CounterResult{unit=COUNT, value=0}, addedEqualityDeletes=null, removedEqualityDeletes=null, totalEqualityDeletes=CounterResult{unit=COUNT, value=0}}, metadata={engine-version=3.5.3, app-id=app-20260313050541-0002, engine-name=spark, iceberg-version=Apache Iceberg 1.6.1 (commit 8e9d59d299be42b0bca9461457cd1e95dbaad086)}}
[2026-03-13T05:06:07.968+0000] {subprocess.py:106} INFO - 26/03/13 05:06:07 INFO SparkWrite: Committed in 158 ms
[2026-03-13T05:06:07.968+0000] {subprocess.py:106} INFO - 26/03/13 05:06:07 INFO AppendDataExec: Data source write support IcebergBatchWrite(table=gold.dim_date, format=PARQUET) committed.
[2026-03-13T05:06:08.091+0000] {subprocess.py:106} INFO - 26/03/13 05:06:08 INFO HiveTableOperations: Committed to table iceberg.gold.dim_date with the new metadata location s3a://warehouse/iceberg_data/gold.db/dim_date/metadata/00000-2d7a2375-74bb-4d4b-ab84-38058952feef.metadata.json
[2026-03-13T05:06:08.092+0000] {subprocess.py:106} INFO - 26/03/13 05:06:08 INFO BaseMetastoreTableOperations: Successfully committed to table iceberg.gold.dim_date in 126 ms
[2026-03-13T05:06:08.093+0000] {subprocess.py:106} INFO - >>> Building DIM_JOB_CATEGORY...
[2026-03-13T05:06:08.176+0000] {subprocess.py:106} INFO - 26/03/13 05:06:08 INFO BaseMetastoreCatalog: Table properties set at catalog level through catalog properties: {}
[2026-03-13T05:06:08.181+0000] {subprocess.py:106} INFO - 26/03/13 05:06:08 INFO BaseMetastoreCatalog: Table properties enforced at catalog level through catalog properties: {}
[2026-03-13T05:06:08.198+0000] {subprocess.py:106} INFO - 26/03/13 05:06:08 INFO SparkScanBuilder: Skipping aggregate pushdown: group by aggregation push down is not supported
[2026-03-13T05:06:08.199+0000] {subprocess.py:106} INFO - 26/03/13 05:06:08 INFO V2ScanRelationPushDown:
[2026-03-13T05:06:08.200+0000] {subprocess.py:106} INFO - Output: job_title#0
[2026-03-13T05:06:08.201+0000] {subprocess.py:106} INFO - 
[2026-03-13T05:06:08.201+0000] {subprocess.py:106} INFO - 26/03/13 05:06:08 INFO SnapshotScan: Scanning table iceberg.silver.it_jobs_clean snapshot 8335972138811178080 created at 2026-03-13T05:05:34.072+00:00 with filter true
[2026-03-13T05:06:08.208+0000] {subprocess.py:106} INFO - 26/03/13 05:06:08 INFO BaseDistributedDataScan: Planning file tasks locally for table iceberg.silver.it_jobs_clean
[2026-03-13T05:06:08.273+0000] {subprocess.py:106} INFO - 26/03/13 05:06:08 INFO SparkPartitioningAwareScan: Reporting UnknownPartitioning with 4 partition(s) for table iceberg.silver.it_jobs_clean
[2026-03-13T05:06:08.274+0000] {subprocess.py:106} INFO - 26/03/13 05:06:08 INFO SparkWrite: Requesting 0 bytes advisory partition size for table gold.dim_job_category
[2026-03-13T05:06:08.275+0000] {subprocess.py:106} INFO - 26/03/13 05:06:08 INFO SparkWrite: Requesting UnspecifiedDistribution as write distribution for table gold.dim_job_category
[2026-03-13T05:06:08.275+0000] {subprocess.py:106} INFO - 26/03/13 05:06:08 INFO SparkWrite: Requesting [] as write ordering for table gold.dim_job_category
[2026-03-13T05:06:08.283+0000] {subprocess.py:106} INFO - 26/03/13 05:06:08 INFO MemoryStore: Block broadcast_27 stored as values in memory (estimated size 32.0 KiB, free 434.1 MiB)
[2026-03-13T05:06:08.294+0000] {subprocess.py:106} INFO - 26/03/13 05:06:08 INFO MemoryStore: Block broadcast_27_piece0 stored as bytes in memory (estimated size 30.3 KiB, free 434.1 MiB)
[2026-03-13T05:06:08.303+0000] {subprocess.py:106} INFO - 26/03/13 05:06:08 INFO BlockManagerInfo: Added broadcast_27_piece0 in memory on 499f1d118d82:39745 (size: 30.3 KiB, free: 434.3 MiB)
[2026-03-13T05:06:08.304+0000] {subprocess.py:106} INFO - 26/03/13 05:06:08 INFO SparkContext: Created broadcast 27 from broadcast at SparkBatch.java:79
[2026-03-13T05:06:08.305+0000] {subprocess.py:106} INFO - 26/03/13 05:06:08 INFO BlockManagerInfo: Removed broadcast_26_piece0 on 499f1d118d82:39745 in memory (size: 22.3 KiB, free: 434.3 MiB)
[2026-03-13T05:06:08.306+0000] {subprocess.py:106} INFO - 26/03/13 05:06:08 INFO BlockManagerInfo: Removed broadcast_26_piece0 on 172.30.0.7:37987 in memory (size: 22.3 KiB, free: 434.3 MiB)
[2026-03-13T05:06:08.321+0000] {subprocess.py:106} INFO - 26/03/13 05:06:08 INFO MemoryStore: Block broadcast_28 stored as values in memory (estimated size 32.0 KiB, free 434.1 MiB)
[2026-03-13T05:06:08.328+0000] {subprocess.py:106} INFO - 26/03/13 05:06:08 INFO MemoryStore: Block broadcast_28_piece0 stored as bytes in memory (estimated size 30.4 KiB, free 434.1 MiB)
[2026-03-13T05:06:08.329+0000] {subprocess.py:106} INFO - 26/03/13 05:06:08 INFO BlockManagerInfo: Added broadcast_28_piece0 in memory on 499f1d118d82:39745 (size: 30.4 KiB, free: 434.3 MiB)
[2026-03-13T05:06:08.330+0000] {subprocess.py:106} INFO - 26/03/13 05:06:08 INFO BlockManagerInfo: Removed broadcast_25_piece0 on 499f1d118d82:39745 in memory (size: 29.9 KiB, free: 434.3 MiB)
[2026-03-13T05:06:08.330+0000] {subprocess.py:106} INFO - 26/03/13 05:06:08 INFO BlockManagerInfo: Removed broadcast_25_piece0 on 172.30.0.7:37987 in memory (size: 29.9 KiB, free: 434.4 MiB)
[2026-03-13T05:06:08.332+0000] {subprocess.py:106} INFO - 26/03/13 05:06:08 INFO SparkContext: Created broadcast 28 from broadcast at SparkBatch.java:79
[2026-03-13T05:06:08.341+0000] {subprocess.py:106} INFO - 26/03/13 05:06:08 INFO BlockManagerInfo: Removed broadcast_22_piece0 on 499f1d118d82:39745 in memory (size: 30.4 KiB, free: 434.3 MiB)
[2026-03-13T05:06:08.365+0000] {subprocess.py:106} INFO - 26/03/13 05:06:08 INFO BlockManagerInfo: Removed broadcast_23_piece0 on 499f1d118d82:39745 in memory (size: 30.3 KiB, free: 434.3 MiB)
[2026-03-13T05:06:08.368+0000] {subprocess.py:106} INFO - 26/03/13 05:06:08 INFO BlockManagerInfo: Removed broadcast_23_piece0 on 172.30.0.7:37987 in memory (size: 30.3 KiB, free: 434.4 MiB)
[2026-03-13T05:06:08.386+0000] {subprocess.py:106} INFO - 26/03/13 05:06:08 INFO CodeGenerator: Code generated in 26.867057 ms
[2026-03-13T05:06:08.395+0000] {subprocess.py:106} INFO - 26/03/13 05:06:08 INFO DAGScheduler: Registering RDD 39 (create at <unknown>:0) as input to shuffle 6
[2026-03-13T05:06:08.396+0000] {subprocess.py:106} INFO - 26/03/13 05:06:08 INFO DAGScheduler: Got map stage job 12 (create at <unknown>:0) with 4 output partitions
[2026-03-13T05:06:08.396+0000] {subprocess.py:106} INFO - 26/03/13 05:06:08 INFO DAGScheduler: Final stage: ShuffleMapStage 18 (create at <unknown>:0)
[2026-03-13T05:06:08.399+0000] {subprocess.py:106} INFO - 26/03/13 05:06:08 INFO DAGScheduler: Parents of final stage: List()
[2026-03-13T05:06:08.401+0000] {subprocess.py:106} INFO - 26/03/13 05:06:08 INFO DAGScheduler: Missing parents: List()
[2026-03-13T05:06:08.401+0000] {subprocess.py:106} INFO - 26/03/13 05:06:08 INFO DAGScheduler: Submitting ShuffleMapStage 18 (MapPartitionsRDD[39] at create at <unknown>:0), which has no missing parents
[2026-03-13T05:06:08.403+0000] {subprocess.py:106} INFO - 26/03/13 05:06:08 INFO MemoryStore: Block broadcast_29 stored as values in memory (estimated size 29.4 KiB, free 434.2 MiB)
[2026-03-13T05:06:08.412+0000] {subprocess.py:106} INFO - 26/03/13 05:06:08 INFO MemoryStore: Block broadcast_29_piece0 stored as bytes in memory (estimated size 12.3 KiB, free 434.2 MiB)
[2026-03-13T05:06:08.415+0000] {subprocess.py:106} INFO - 26/03/13 05:06:08 INFO BlockManagerInfo: Added broadcast_29_piece0 in memory on 499f1d118d82:39745 (size: 12.3 KiB, free: 434.3 MiB)
[2026-03-13T05:06:08.415+0000] {subprocess.py:106} INFO - 26/03/13 05:06:08 INFO SparkContext: Created broadcast 29 from broadcast at DAGScheduler.scala:1585
[2026-03-13T05:06:08.417+0000] {subprocess.py:106} INFO - 26/03/13 05:06:08 INFO DAGScheduler: Submitting 4 missing tasks from ShuffleMapStage 18 (MapPartitionsRDD[39] at create at <unknown>:0) (first 15 tasks are for partitions Vector(0, 1, 2, 3))
[2026-03-13T05:06:08.417+0000] {subprocess.py:106} INFO - 26/03/13 05:06:08 INFO TaskSchedulerImpl: Adding task set 18.0 with 4 tasks resource profile 0
[2026-03-13T05:06:08.419+0000] {subprocess.py:106} INFO - 26/03/13 05:06:08 INFO TaskSetManager: Starting task 0.0 in stage 18.0 (TID 27) (172.30.0.7, executor 0, partition 0, PROCESS_LOCAL, 16203 bytes)
[2026-03-13T05:06:08.438+0000] {subprocess.py:106} INFO - 26/03/13 05:06:08 INFO BlockManagerInfo: Added broadcast_29_piece0 in memory on 172.30.0.7:37987 (size: 12.3 KiB, free: 434.4 MiB)
[2026-03-13T05:06:08.536+0000] {subprocess.py:106} INFO - 26/03/13 05:06:08 INFO BlockManagerInfo: Added broadcast_28_piece0 in memory on 172.30.0.7:37987 (size: 30.4 KiB, free: 434.4 MiB)
[2026-03-13T05:06:08.851+0000] {subprocess.py:106} INFO - 26/03/13 05:06:08 INFO TaskSetManager: Starting task 1.0 in stage 18.0 (TID 28) (172.30.0.7, executor 0, partition 1, PROCESS_LOCAL, 16202 bytes)
[2026-03-13T05:06:08.852+0000] {subprocess.py:106} INFO - 26/03/13 05:06:08 INFO TaskSetManager: Finished task 0.0 in stage 18.0 (TID 27) in 435 ms on 172.30.0.7 (executor 0) (1/4)
[2026-03-13T05:06:09.141+0000] {subprocess.py:106} INFO - 26/03/13 05:06:09 INFO TaskSetManager: Starting task 2.0 in stage 18.0 (TID 29) (172.30.0.7, executor 0, partition 2, PROCESS_LOCAL, 16202 bytes)
[2026-03-13T05:06:09.142+0000] {subprocess.py:106} INFO - 26/03/13 05:06:09 INFO TaskSetManager: Finished task 1.0 in stage 18.0 (TID 28) in 290 ms on 172.30.0.7 (executor 0) (2/4)
[2026-03-13T05:06:09.359+0000] {subprocess.py:106} INFO - 26/03/13 05:06:09 INFO TaskSetManager: Starting task 3.0 in stage 18.0 (TID 30) (172.30.0.7, executor 0, partition 3, PROCESS_LOCAL, 15320 bytes)
[2026-03-13T05:06:09.360+0000] {subprocess.py:106} INFO - 26/03/13 05:06:09 INFO TaskSetManager: Finished task 2.0 in stage 18.0 (TID 29) in 220 ms on 172.30.0.7 (executor 0) (3/4)
[2026-03-13T05:06:09.484+0000] {subprocess.py:106} INFO - 26/03/13 05:06:09 INFO TaskSetManager: Finished task 3.0 in stage 18.0 (TID 30) in 126 ms on 172.30.0.7 (executor 0) (4/4)
[2026-03-13T05:06:09.485+0000] {subprocess.py:106} INFO - 26/03/13 05:06:09 INFO TaskSchedulerImpl: Removed TaskSet 18.0, whose tasks have all completed, from pool
[2026-03-13T05:06:09.486+0000] {subprocess.py:106} INFO - 26/03/13 05:06:09 INFO DAGScheduler: ShuffleMapStage 18 (create at <unknown>:0) finished in 1.086 s
[2026-03-13T05:06:09.487+0000] {subprocess.py:106} INFO - 26/03/13 05:06:09 INFO DAGScheduler: looking for newly runnable stages
[2026-03-13T05:06:09.487+0000] {subprocess.py:106} INFO - 26/03/13 05:06:09 INFO DAGScheduler: running: Set()
[2026-03-13T05:06:09.487+0000] {subprocess.py:106} INFO - 26/03/13 05:06:09 INFO DAGScheduler: waiting: Set()
[2026-03-13T05:06:09.488+0000] {subprocess.py:106} INFO - 26/03/13 05:06:09 INFO DAGScheduler: failed: Set()
[2026-03-13T05:06:09.505+0000] {subprocess.py:106} INFO - 26/03/13 05:06:09 INFO ShufflePartitionsUtil: For shuffle(6), advisory target size: 67108864, actual target size 1048576, minimum partition size: 1048576
[2026-03-13T05:06:09.573+0000] {subprocess.py:106} INFO - 26/03/13 05:06:09 INFO CodeGenerator: Code generated in 43.27469 ms
[2026-03-13T05:06:09.585+0000] {subprocess.py:106} INFO - 26/03/13 05:06:09 INFO DAGScheduler: Registering RDD 42 (create at <unknown>:0) as input to shuffle 7
[2026-03-13T05:06:09.586+0000] {subprocess.py:106} INFO - 26/03/13 05:06:09 INFO DAGScheduler: Got map stage job 13 (create at <unknown>:0) with 1 output partitions
[2026-03-13T05:06:09.589+0000] {subprocess.py:106} INFO - 26/03/13 05:06:09 INFO DAGScheduler: Final stage: ShuffleMapStage 20 (create at <unknown>:0)
[2026-03-13T05:06:09.590+0000] {subprocess.py:106} INFO - 26/03/13 05:06:09 INFO DAGScheduler: Parents of final stage: List(ShuffleMapStage 19)
[2026-03-13T05:06:09.591+0000] {subprocess.py:106} INFO - 26/03/13 05:06:09 INFO DAGScheduler: Missing parents: List()
[2026-03-13T05:06:09.591+0000] {subprocess.py:106} INFO - 26/03/13 05:06:09 INFO DAGScheduler: Submitting ShuffleMapStage 20 (MapPartitionsRDD[42] at create at <unknown>:0), which has no missing parents
[2026-03-13T05:06:09.596+0000] {subprocess.py:106} INFO - 26/03/13 05:06:09 INFO MemoryStore: Block broadcast_30 stored as values in memory (estimated size 57.0 KiB, free 434.2 MiB)
[2026-03-13T05:06:09.609+0000] {subprocess.py:106} INFO - 26/03/13 05:06:09 INFO MemoryStore: Block broadcast_30_piece0 stored as bytes in memory (estimated size 21.6 KiB, free 434.2 MiB)
[2026-03-13T05:06:09.613+0000] {subprocess.py:106} INFO - 26/03/13 05:06:09 INFO BlockManagerInfo: Added broadcast_30_piece0 in memory on 499f1d118d82:39745 (size: 21.6 KiB, free: 434.3 MiB)
[2026-03-13T05:06:09.614+0000] {subprocess.py:106} INFO - 26/03/13 05:06:09 INFO SparkContext: Created broadcast 30 from broadcast at DAGScheduler.scala:1585
[2026-03-13T05:06:09.615+0000] {subprocess.py:106} INFO - 26/03/13 05:06:09 INFO DAGScheduler: Submitting 1 missing tasks from ShuffleMapStage 20 (MapPartitionsRDD[42] at create at <unknown>:0) (first 15 tasks are for partitions Vector(0))
[2026-03-13T05:06:09.616+0000] {subprocess.py:106} INFO - 26/03/13 05:06:09 INFO TaskSchedulerImpl: Adding task set 20.0 with 1 tasks resource profile 0
[2026-03-13T05:06:09.616+0000] {subprocess.py:106} INFO - 26/03/13 05:06:09 INFO BlockManagerInfo: Removed broadcast_29_piece0 on 499f1d118d82:39745 in memory (size: 12.3 KiB, free: 434.3 MiB)
[2026-03-13T05:06:09.617+0000] {subprocess.py:106} INFO - 26/03/13 05:06:09 INFO BlockManagerInfo: Removed broadcast_29_piece0 on 172.30.0.7:37987 in memory (size: 12.3 KiB, free: 434.4 MiB)
[2026-03-13T05:06:09.618+0000] {subprocess.py:106} INFO - 26/03/13 05:06:09 INFO TaskSetManager: Starting task 0.0 in stage 20.0 (TID 31) (172.30.0.7, executor 0, partition 0, NODE_LOCAL, 9965 bytes)
[2026-03-13T05:06:09.636+0000] {subprocess.py:106} INFO - 26/03/13 05:06:09 INFO BlockManagerInfo: Added broadcast_30_piece0 in memory on 172.30.0.7:37987 (size: 21.6 KiB, free: 434.3 MiB)
[2026-03-13T05:06:09.648+0000] {subprocess.py:106} INFO - 26/03/13 05:06:09 INFO MapOutputTrackerMasterEndpoint: Asked to send map output locations for shuffle 6 to 172.30.0.7:51492
[2026-03-13T05:06:09.845+0000] {subprocess.py:106} INFO - 26/03/13 05:06:09 INFO TaskSetManager: Finished task 0.0 in stage 20.0 (TID 31) in 227 ms on 172.30.0.7 (executor 0) (1/1)
[2026-03-13T05:06:09.846+0000] {subprocess.py:106} INFO - 26/03/13 05:06:09 INFO TaskSchedulerImpl: Removed TaskSet 20.0, whose tasks have all completed, from pool
[2026-03-13T05:06:09.846+0000] {subprocess.py:106} INFO - 26/03/13 05:06:09 INFO DAGScheduler: ShuffleMapStage 20 (create at <unknown>:0) finished in 0.252 s
[2026-03-13T05:06:09.847+0000] {subprocess.py:106} INFO - 26/03/13 05:06:09 INFO DAGScheduler: looking for newly runnable stages
[2026-03-13T05:06:09.848+0000] {subprocess.py:106} INFO - 26/03/13 05:06:09 INFO DAGScheduler: running: Set()
[2026-03-13T05:06:09.848+0000] {subprocess.py:106} INFO - 26/03/13 05:06:09 INFO DAGScheduler: waiting: Set()
[2026-03-13T05:06:09.849+0000] {subprocess.py:106} INFO - 26/03/13 05:06:09 INFO DAGScheduler: failed: Set()
[2026-03-13T05:06:09.850+0000] {subprocess.py:106} INFO - 26/03/13 05:06:09 INFO ShufflePartitionsUtil: For shuffle(7), advisory target size: 67108864, actual target size 1048576, minimum partition size: 1048576
[2026-03-13T05:06:09.882+0000] {subprocess.py:106} INFO - 26/03/13 05:06:09 INFO CodeGenerator: Code generated in 21.720338 ms
[2026-03-13T05:06:09.892+0000] {subprocess.py:106} INFO - 26/03/13 05:06:09 INFO MemoryStore: Block broadcast_31 stored as values in memory (estimated size 32.0 KiB, free 434.2 MiB)
[2026-03-13T05:06:09.904+0000] {subprocess.py:106} INFO - 26/03/13 05:06:09 INFO MemoryStore: Block broadcast_31_piece0 stored as bytes in memory (estimated size 29.7 KiB, free 434.1 MiB)
[2026-03-13T05:06:09.905+0000] {subprocess.py:106} INFO - 26/03/13 05:06:09 INFO BlockManagerInfo: Added broadcast_31_piece0 in memory on 499f1d118d82:39745 (size: 29.7 KiB, free: 434.3 MiB)
[2026-03-13T05:06:09.910+0000] {subprocess.py:106} INFO - 26/03/13 05:06:09 INFO SparkContext: Created broadcast 31 from broadcast at SparkWrite.java:193
[2026-03-13T05:06:09.911+0000] {subprocess.py:106} INFO - 26/03/13 05:06:09 INFO AppendDataExec: Start processing data source write support: IcebergBatchWrite(table=gold.dim_job_category, format=PARQUET). The input RDD has 1 partitions.
[2026-03-13T05:06:09.912+0000] {subprocess.py:106} INFO - 26/03/13 05:06:09 INFO SparkContext: Starting job: create at <unknown>:0
[2026-03-13T05:06:09.913+0000] {subprocess.py:106} INFO - 26/03/13 05:06:09 INFO DAGScheduler: Got job 14 (create at <unknown>:0) with 1 output partitions
[2026-03-13T05:06:09.914+0000] {subprocess.py:106} INFO - 26/03/13 05:06:09 INFO BlockManagerInfo: Removed broadcast_30_piece0 on 172.30.0.7:37987 in memory (size: 21.6 KiB, free: 434.4 MiB)
[2026-03-13T05:06:09.915+0000] {subprocess.py:106} INFO - 26/03/13 05:06:09 INFO DAGScheduler: Final stage: ResultStage 23 (create at <unknown>:0)
[2026-03-13T05:06:09.916+0000] {subprocess.py:106} INFO - 26/03/13 05:06:09 INFO DAGScheduler: Parents of final stage: List(ShuffleMapStage 22)
[2026-03-13T05:06:09.917+0000] {subprocess.py:106} INFO - 26/03/13 05:06:09 INFO DAGScheduler: Missing parents: List()
[2026-03-13T05:06:09.918+0000] {subprocess.py:106} INFO - 26/03/13 05:06:09 INFO BlockManagerInfo: Removed broadcast_30_piece0 on 499f1d118d82:39745 in memory (size: 21.6 KiB, free: 434.3 MiB)
[2026-03-13T05:06:09.920+0000] {subprocess.py:106} INFO - 26/03/13 05:06:09 INFO DAGScheduler: Submitting ResultStage 23 (MapPartitionsRDD[44] at create at <unknown>:0), which has no missing parents
[2026-03-13T05:06:09.923+0000] {subprocess.py:106} INFO - 26/03/13 05:06:09 INFO MemoryStore: Block broadcast_32 stored as values in memory (estimated size 50.7 KiB, free 434.2 MiB)
[2026-03-13T05:06:09.924+0000] {subprocess.py:106} INFO - 26/03/13 05:06:09 INFO MemoryStore: Block broadcast_32_piece0 stored as bytes in memory (estimated size 22.0 KiB, free 434.1 MiB)
[2026-03-13T05:06:09.925+0000] {subprocess.py:106} INFO - 26/03/13 05:06:09 INFO BlockManagerInfo: Added broadcast_32_piece0 in memory on 499f1d118d82:39745 (size: 22.0 KiB, free: 434.3 MiB)
[2026-03-13T05:06:09.926+0000] {subprocess.py:106} INFO - 26/03/13 05:06:09 INFO SparkContext: Created broadcast 32 from broadcast at DAGScheduler.scala:1585
[2026-03-13T05:06:09.928+0000] {subprocess.py:106} INFO - 26/03/13 05:06:09 INFO DAGScheduler: Submitting 1 missing tasks from ResultStage 23 (MapPartitionsRDD[44] at create at <unknown>:0) (first 15 tasks are for partitions Vector(0))
[2026-03-13T05:06:09.929+0000] {subprocess.py:106} INFO - 26/03/13 05:06:09 INFO TaskSchedulerImpl: Adding task set 23.0 with 1 tasks resource profile 0
[2026-03-13T05:06:09.930+0000] {subprocess.py:106} INFO - 26/03/13 05:06:09 INFO TaskSetManager: Starting task 0.0 in stage 23.0 (TID 32) (172.30.0.7, executor 0, partition 0, NODE_LOCAL, 9976 bytes)
[2026-03-13T05:06:09.947+0000] {subprocess.py:106} INFO - 26/03/13 05:06:09 INFO BlockManagerInfo: Added broadcast_32_piece0 in memory on 172.30.0.7:37987 (size: 22.0 KiB, free: 434.3 MiB)
[2026-03-13T05:06:09.957+0000] {subprocess.py:106} INFO - 26/03/13 05:06:09 INFO MapOutputTrackerMasterEndpoint: Asked to send map output locations for shuffle 7 to 172.30.0.7:51492
[2026-03-13T05:06:10.018+0000] {subprocess.py:106} INFO - 26/03/13 05:06:10 INFO BlockManagerInfo: Added broadcast_31_piece0 in memory on 172.30.0.7:37987 (size: 29.7 KiB, free: 434.3 MiB)
[2026-03-13T05:06:10.123+0000] {subprocess.py:106} INFO - 26/03/13 05:06:10 INFO TaskSetManager: Finished task 0.0 in stage 23.0 (TID 32) in 193 ms on 172.30.0.7 (executor 0) (1/1)
[2026-03-13T05:06:10.124+0000] {subprocess.py:106} INFO - 26/03/13 05:06:10 INFO TaskSchedulerImpl: Removed TaskSet 23.0, whose tasks have all completed, from pool
[2026-03-13T05:06:10.125+0000] {subprocess.py:106} INFO - 26/03/13 05:06:10 INFO DAGScheduler: ResultStage 23 (create at <unknown>:0) finished in 0.204 s
[2026-03-13T05:06:10.126+0000] {subprocess.py:106} INFO - 26/03/13 05:06:10 INFO DAGScheduler: Job 14 is finished. Cancelling potential speculative or zombie tasks for this job
[2026-03-13T05:06:10.126+0000] {subprocess.py:106} INFO - 26/03/13 05:06:10 INFO TaskSchedulerImpl: Killing all running tasks in stage 23: Stage finished
[2026-03-13T05:06:10.127+0000] {subprocess.py:106} INFO - 26/03/13 05:06:10 INFO DAGScheduler: Job 14 finished: create at <unknown>:0, took 0.214425 s
[2026-03-13T05:06:10.127+0000] {subprocess.py:106} INFO - 26/03/13 05:06:10 INFO AppendDataExec: Data source write support IcebergBatchWrite(table=gold.dim_job_category, format=PARQUET) is committing.
[2026-03-13T05:06:10.128+0000] {subprocess.py:106} INFO - 26/03/13 05:06:10 INFO SparkWrite: Committing append with 1 new data files to table gold.dim_job_category
[2026-03-13T05:06:10.290+0000] {subprocess.py:106} INFO - 26/03/13 05:06:10 INFO SnapshotProducer: Committed snapshot 7619946984360834357 (MergeAppend)
[2026-03-13T05:06:10.313+0000] {subprocess.py:106} INFO - 26/03/13 05:06:10 INFO LoggingMetricsReporter: Received metrics report: CommitReport{tableName=gold.dim_job_category, snapshotId=7619946984360834357, sequenceNumber=1, operation=append, commitMetrics=CommitMetricsResult{totalDuration=TimerResult{timeUnit=NANOSECONDS, totalDuration=PT0.187592885S, count=1}, attempts=CounterResult{unit=COUNT, value=1}, addedDataFiles=CounterResult{unit=COUNT, value=1}, removedDataFiles=null, totalDataFiles=CounterResult{unit=COUNT, value=1}, addedDeleteFiles=null, addedEqualityDeleteFiles=null, addedPositionalDeleteFiles=null, removedDeleteFiles=null, removedEqualityDeleteFiles=null, removedPositionalDeleteFiles=null, totalDeleteFiles=CounterResult{unit=COUNT, value=0}, addedRecords=CounterResult{unit=COUNT, value=9}, removedRecords=null, totalRecords=CounterResult{unit=COUNT, value=9}, addedFilesSizeInBytes=CounterResult{unit=BYTES, value=899}, removedFilesSizeInBytes=null, totalFilesSizeInBytes=CounterResult{unit=BYTES, value=899}, addedPositionalDeletes=null, removedPositionalDeletes=null, totalPositionalDeletes=CounterResult{unit=COUNT, value=0}, addedEqualityDeletes=null, removedEqualityDeletes=null, totalEqualityDeletes=CounterResult{unit=COUNT, value=0}}, metadata={engine-version=3.5.3, app-id=app-20260313050541-0002, engine-name=spark, iceberg-version=Apache Iceberg 1.6.1 (commit 8e9d59d299be42b0bca9461457cd1e95dbaad086)}}
[2026-03-13T05:06:10.316+0000] {subprocess.py:106} INFO - 26/03/13 05:06:10 INFO SparkWrite: Committed in 188 ms
[2026-03-13T05:06:10.316+0000] {subprocess.py:106} INFO - 26/03/13 05:06:10 INFO AppendDataExec: Data source write support IcebergBatchWrite(table=gold.dim_job_category, format=PARQUET) committed.
[2026-03-13T05:06:10.445+0000] {subprocess.py:106} INFO - 26/03/13 05:06:10 INFO HiveTableOperations: Committed to table iceberg.gold.dim_job_category with the new metadata location s3a://warehouse/iceberg_data/gold.db/dim_job_category/metadata/00000-ea8f8ff8-ca6b-40cb-bd43-d387d75286ec.metadata.json
[2026-03-13T05:06:10.446+0000] {subprocess.py:106} INFO - 26/03/13 05:06:10 INFO BaseMetastoreTableOperations: Successfully committed to table iceberg.gold.dim_job_category in 132 ms
[2026-03-13T05:06:10.446+0000] {subprocess.py:106} INFO - >>> Building FACT_JOB_POSTING...
[2026-03-13T05:06:10.730+0000] {subprocess.py:106} INFO - 26/03/13 05:06:10 INFO BlockManagerInfo: Removed broadcast_27_piece0 on 499f1d118d82:39745 in memory (size: 30.3 KiB, free: 434.3 MiB)
[2026-03-13T05:06:10.734+0000] {subprocess.py:106} INFO - 26/03/13 05:06:10 INFO BlockManagerInfo: Removed broadcast_32_piece0 on 499f1d118d82:39745 in memory (size: 22.0 KiB, free: 434.3 MiB)
[2026-03-13T05:06:10.737+0000] {subprocess.py:106} INFO - 26/03/13 05:06:10 INFO BlockManagerInfo: Removed broadcast_32_piece0 on 172.30.0.7:37987 in memory (size: 22.0 KiB, free: 434.3 MiB)
[2026-03-13T05:06:10.742+0000] {subprocess.py:106} INFO - 26/03/13 05:06:10 INFO BlockManagerInfo: Removed broadcast_31_piece0 on 499f1d118d82:39745 in memory (size: 29.7 KiB, free: 434.4 MiB)
[2026-03-13T05:06:10.745+0000] {subprocess.py:106} INFO - 26/03/13 05:06:10 INFO BlockManagerInfo: Removed broadcast_31_piece0 on 172.30.0.7:37987 in memory (size: 29.7 KiB, free: 434.4 MiB)
[2026-03-13T05:06:10.752+0000] {subprocess.py:106} INFO - 26/03/13 05:06:10 INFO BlockManagerInfo: Removed broadcast_28_piece0 on 499f1d118d82:39745 in memory (size: 30.4 KiB, free: 434.4 MiB)
[2026-03-13T05:06:10.755+0000] {subprocess.py:106} INFO - 26/03/13 05:06:10 INFO BlockManagerInfo: Removed broadcast_28_piece0 on 172.30.0.7:37987 in memory (size: 30.4 KiB, free: 434.4 MiB)
[2026-03-13T05:06:10.776+0000] {subprocess.py:106} INFO - 26/03/13 05:06:10 INFO BaseMetastoreCatalog: Table properties set at catalog level through catalog properties: {}
[2026-03-13T05:06:10.781+0000] {subprocess.py:106} INFO - 26/03/13 05:06:10 INFO BaseMetastoreCatalog: Table properties enforced at catalog level through catalog properties: {}
[2026-03-13T05:06:10.891+0000] {subprocess.py:106} INFO - 26/03/13 05:06:10 INFO V2ScanRelationPushDown:
[2026-03-13T05:06:10.892+0000] {subprocess.py:106} INFO - Pushing operators to iceberg.silver.it_jobs_clean
[2026-03-13T05:06:10.893+0000] {subprocess.py:106} INFO - Pushed Filters: location IS NOT NULL, skills_required IS NOT NULL
[2026-03-13T05:06:10.893+0000] {subprocess.py:106} INFO - Post-Scan Filters: isnotnull(location#2),isnotnull(skills_required#3),(size(location#2, true) > 0),(size(skills_required#3, true) > 0)
[2026-03-13T05:06:10.894+0000] {subprocess.py:106} INFO - 
[2026-03-13T05:06:10.894+0000] {subprocess.py:106} INFO - 26/03/13 05:06:10 INFO V2ScanRelationPushDown:
[2026-03-13T05:06:10.895+0000] {subprocess.py:106} INFO - Pushing operators to iceberg.silver.it_jobs_clean
[2026-03-13T05:06:10.895+0000] {subprocess.py:106} INFO - Pushed Filters: company_name IS NOT NULL
[2026-03-13T05:06:10.895+0000] {subprocess.py:106} INFO - Post-Scan Filters: isnotnull(company_name#265)
[2026-03-13T05:06:10.896+0000] {subprocess.py:106} INFO - 
[2026-03-13T05:06:10.896+0000] {subprocess.py:106} INFO - 26/03/13 05:06:10 INFO V2ScanRelationPushDown:
[2026-03-13T05:06:10.897+0000] {subprocess.py:106} INFO - Pushing operators to iceberg.silver.it_jobs_clean
[2026-03-13T05:06:10.897+0000] {subprocess.py:106} INFO - Pushed Filters: location IS NOT NULL
[2026-03-13T05:06:10.898+0000] {subprocess.py:106} INFO - Post-Scan Filters: isnotnull(location#322),(size(location#322, true) > 0)
[2026-03-13T05:06:10.898+0000] {subprocess.py:106} INFO - 
[2026-03-13T05:06:10.899+0000] {subprocess.py:106} INFO - 26/03/13 05:06:10 INFO V2ScanRelationPushDown:
[2026-03-13T05:06:10.899+0000] {subprocess.py:106} INFO - Pushing operators to iceberg.silver.it_jobs_clean
[2026-03-13T05:06:10.900+0000] {subprocess.py:106} INFO - Pushed Filters: skills_required IS NOT NULL
[2026-03-13T05:06:10.900+0000] {subprocess.py:106} INFO - Post-Scan Filters: isnotnull(skills_required#385),(size(skills_required#385, true) > 0)
[2026-03-13T05:06:10.901+0000] {subprocess.py:106} INFO - 
[2026-03-13T05:06:10.901+0000] {subprocess.py:106} INFO - 26/03/13 05:06:10 INFO V2ScanRelationPushDown:
[2026-03-13T05:06:10.901+0000] {subprocess.py:106} INFO - Pushing operators to iceberg.silver.it_jobs_clean
[2026-03-13T05:06:10.902+0000] {subprocess.py:106} INFO - Pushed Filters: work_mode IS NOT NULL
[2026-03-13T05:06:10.902+0000] {subprocess.py:106} INFO - Post-Scan Filters: isnotnull(work_mode#457)
[2026-03-13T05:06:10.903+0000] {subprocess.py:106} INFO - 
[2026-03-13T05:06:10.903+0000] {subprocess.py:106} INFO - 26/03/13 05:06:10 INFO SparkScanBuilder: Skipping aggregate pushdown: group by aggregation push down is not supported
[2026-03-13T05:06:10.904+0000] {subprocess.py:106} INFO - 26/03/13 05:06:10 INFO V2ScanRelationPushDown:
[2026-03-13T05:06:10.904+0000] {subprocess.py:106} INFO - Output: job_title#0, company_name#1, location#2, skills_required#3, date_posted#4, job_link#5, work_mode#7
[2026-03-13T05:06:10.905+0000] {subprocess.py:106} INFO - 
[2026-03-13T05:06:10.905+0000] {subprocess.py:106} INFO - 26/03/13 05:06:10 INFO V2ScanRelationPushDown:
[2026-03-13T05:06:10.906+0000] {subprocess.py:106} INFO - Output: company_name#265
[2026-03-13T05:06:10.906+0000] {subprocess.py:106} INFO - 
[2026-03-13T05:06:10.907+0000] {subprocess.py:106} INFO - 26/03/13 05:06:10 INFO V2ScanRelationPushDown:
[2026-03-13T05:06:10.907+0000] {subprocess.py:106} INFO - Output: location#322
[2026-03-13T05:06:10.908+0000] {subprocess.py:106} INFO - 
[2026-03-13T05:06:10.909+0000] {subprocess.py:106} INFO - 26/03/13 05:06:10 INFO V2ScanRelationPushDown:
[2026-03-13T05:06:10.909+0000] {subprocess.py:106} INFO - Output: skills_required#385
[2026-03-13T05:06:10.910+0000] {subprocess.py:106} INFO - 
[2026-03-13T05:06:10.911+0000] {subprocess.py:106} INFO - 26/03/13 05:06:10 INFO V2ScanRelationPushDown:
[2026-03-13T05:06:10.911+0000] {subprocess.py:106} INFO - Output: work_mode#457
[2026-03-13T05:06:10.913+0000] {subprocess.py:106} INFO - 
[2026-03-13T05:06:10.913+0000] {subprocess.py:106} INFO - 26/03/13 05:06:10 INFO V2ScanRelationPushDown:
[2026-03-13T05:06:10.914+0000] {subprocess.py:106} INFO - Output: job_title#522
[2026-03-13T05:06:10.914+0000] {subprocess.py:106} INFO - 
[2026-03-13T05:06:10.915+0000] {subprocess.py:106} INFO - 26/03/13 05:06:10 INFO SnapshotScan: Scanning table iceberg.silver.it_jobs_clean snapshot 8335972138811178080 created at 2026-03-13T05:05:34.072+00:00 with filter (location IS NOT NULL AND skills_required IS NOT NULL)
[2026-03-13T05:06:10.916+0000] {subprocess.py:106} INFO - 26/03/13 05:06:10 INFO BaseDistributedDataScan: Planning file tasks locally for table iceberg.silver.it_jobs_clean
[2026-03-13T05:06:10.972+0000] {subprocess.py:106} INFO - 26/03/13 05:06:10 INFO SparkPartitioningAwareScan: Reporting UnknownPartitioning with 4 partition(s) for table iceberg.silver.it_jobs_clean
[2026-03-13T05:06:10.973+0000] {subprocess.py:106} INFO - 26/03/13 05:06:10 INFO SnapshotScan: Scanning table iceberg.silver.it_jobs_clean snapshot 8335972138811178080 created at 2026-03-13T05:05:34.072+00:00 with filter company_name IS NOT NULL
[2026-03-13T05:06:10.976+0000] {subprocess.py:106} INFO - 26/03/13 05:06:10 INFO BaseDistributedDataScan: Planning file tasks locally for table iceberg.silver.it_jobs_clean
[2026-03-13T05:06:11.025+0000] {subprocess.py:106} INFO - 26/03/13 05:06:11 INFO SparkPartitioningAwareScan: Reporting UnknownPartitioning with 4 partition(s) for table iceberg.silver.it_jobs_clean
[2026-03-13T05:06:11.026+0000] {subprocess.py:106} INFO - 26/03/13 05:06:11 INFO SnapshotScan: Scanning table iceberg.silver.it_jobs_clean snapshot 8335972138811178080 created at 2026-03-13T05:05:34.072+00:00 with filter location IS NOT NULL
[2026-03-13T05:06:11.027+0000] {subprocess.py:106} INFO - 26/03/13 05:06:11 INFO BaseDistributedDataScan: Planning file tasks locally for table iceberg.silver.it_jobs_clean
[2026-03-13T05:06:11.128+0000] {subprocess.py:106} INFO - 26/03/13 05:06:11 INFO SparkPartitioningAwareScan: Reporting UnknownPartitioning with 4 partition(s) for table iceberg.silver.it_jobs_clean
[2026-03-13T05:06:11.131+0000] {subprocess.py:106} INFO - 26/03/13 05:06:11 INFO SnapshotScan: Scanning table iceberg.silver.it_jobs_clean snapshot 8335972138811178080 created at 2026-03-13T05:05:34.072+00:00 with filter skills_required IS NOT NULL
[2026-03-13T05:06:11.132+0000] {subprocess.py:106} INFO - 26/03/13 05:06:11 INFO BaseDistributedDataScan: Planning file tasks locally for table iceberg.silver.it_jobs_clean
[2026-03-13T05:06:11.194+0000] {subprocess.py:106} INFO - 26/03/13 05:06:11 INFO SparkPartitioningAwareScan: Reporting UnknownPartitioning with 4 partition(s) for table iceberg.silver.it_jobs_clean
[2026-03-13T05:06:11.195+0000] {subprocess.py:106} INFO - 26/03/13 05:06:11 INFO SnapshotScan: Scanning table iceberg.silver.it_jobs_clean snapshot 8335972138811178080 created at 2026-03-13T05:05:34.072+00:00 with filter work_mode IS NOT NULL
[2026-03-13T05:06:11.195+0000] {subprocess.py:106} INFO - 26/03/13 05:06:11 INFO BaseDistributedDataScan: Planning file tasks locally for table iceberg.silver.it_jobs_clean
[2026-03-13T05:06:11.258+0000] {subprocess.py:106} INFO - 26/03/13 05:06:11 INFO SparkPartitioningAwareScan: Reporting UnknownPartitioning with 4 partition(s) for table iceberg.silver.it_jobs_clean
[2026-03-13T05:06:11.259+0000] {subprocess.py:106} INFO - 26/03/13 05:06:11 INFO SnapshotScan: Scanning table iceberg.silver.it_jobs_clean snapshot 8335972138811178080 created at 2026-03-13T05:05:34.072+00:00 with filter true
[2026-03-13T05:06:11.261+0000] {subprocess.py:106} INFO - 26/03/13 05:06:11 INFO BaseDistributedDataScan: Planning file tasks locally for table iceberg.silver.it_jobs_clean
[2026-03-13T05:06:11.322+0000] {subprocess.py:106} INFO - 26/03/13 05:06:11 INFO SparkPartitioningAwareScan: Reporting UnknownPartitioning with 4 partition(s) for table iceberg.silver.it_jobs_clean
[2026-03-13T05:06:11.330+0000] {subprocess.py:106} INFO - 26/03/13 05:06:11 INFO SparkWrite: Requesting 402653184 bytes advisory partition size for table gold.fact_job_posting
[2026-03-13T05:06:11.330+0000] {subprocess.py:106} INFO - 26/03/13 05:06:11 INFO SparkWrite: Requesting ClusteredDistribution(date_id) as write distribution for table gold.fact_job_posting
[2026-03-13T05:06:11.338+0000] {subprocess.py:106} INFO - 26/03/13 05:06:11 INFO SparkWrite: Requesting [] as write ordering for table gold.fact_job_posting
[2026-03-13T05:06:11.405+0000] {subprocess.py:106} INFO - 26/03/13 05:06:11 INFO MemoryStore: Block broadcast_33 stored as values in memory (estimated size 32.0 KiB, free 434.4 MiB)
[2026-03-13T05:06:11.413+0000] {subprocess.py:106} INFO - 26/03/13 05:06:11 INFO MemoryStore: Block broadcast_33_piece0 stored as bytes in memory (estimated size 30.4 KiB, free 434.3 MiB)
[2026-03-13T05:06:11.414+0000] {subprocess.py:106} INFO - 26/03/13 05:06:11 INFO BlockManagerInfo: Added broadcast_33_piece0 in memory on 499f1d118d82:39745 (size: 30.4 KiB, free: 434.4 MiB)
[2026-03-13T05:06:11.415+0000] {subprocess.py:106} INFO - 26/03/13 05:06:11 INFO SparkContext: Created broadcast 33 from broadcast at SparkBatch.java:79
[2026-03-13T05:06:11.419+0000] {subprocess.py:106} INFO - 26/03/13 05:06:11 INFO MemoryStore: Block broadcast_34 stored as values in memory (estimated size 32.0 KiB, free 434.3 MiB)
[2026-03-13T05:06:11.422+0000] {subprocess.py:106} INFO - 26/03/13 05:06:11 INFO MemoryStore: Block broadcast_34_piece0 stored as bytes in memory (estimated size 30.3 KiB, free 434.3 MiB)
[2026-03-13T05:06:11.423+0000] {subprocess.py:106} INFO - 26/03/13 05:06:11 INFO BlockManagerInfo: Added broadcast_34_piece0 in memory on 499f1d118d82:39745 (size: 30.3 KiB, free: 434.3 MiB)
[2026-03-13T05:06:11.424+0000] {subprocess.py:106} INFO - 26/03/13 05:06:11 INFO SparkContext: Created broadcast 34 from broadcast at SparkBatch.java:79
[2026-03-13T05:06:11.429+0000] {subprocess.py:106} INFO - 26/03/13 05:06:11 INFO MemoryStore: Block broadcast_35 stored as values in memory (estimated size 32.0 KiB, free 434.2 MiB)
[2026-03-13T05:06:11.430+0000] {subprocess.py:106} INFO - 26/03/13 05:06:11 INFO MemoryStore: Block broadcast_35_piece0 stored as bytes in memory (estimated size 30.4 KiB, free 434.2 MiB)
[2026-03-13T05:06:11.431+0000] {subprocess.py:106} INFO - 26/03/13 05:06:11 INFO BlockManagerInfo: Added broadcast_35_piece0 in memory on 499f1d118d82:39745 (size: 30.4 KiB, free: 434.3 MiB)
[2026-03-13T05:06:11.432+0000] {subprocess.py:106} INFO - 26/03/13 05:06:11 INFO SparkContext: Created broadcast 35 from broadcast at SparkBatch.java:79
[2026-03-13T05:06:11.436+0000] {subprocess.py:106} INFO - 26/03/13 05:06:11 INFO MemoryStore: Block broadcast_36 stored as values in memory (estimated size 32.0 KiB, free 434.2 MiB)
[2026-03-13T05:06:11.438+0000] {subprocess.py:106} INFO - 26/03/13 05:06:11 INFO MemoryStore: Block broadcast_36_piece0 stored as bytes in memory (estimated size 30.3 KiB, free 434.2 MiB)
[2026-03-13T05:06:11.439+0000] {subprocess.py:106} INFO - 26/03/13 05:06:11 INFO BlockManagerInfo: Added broadcast_36_piece0 in memory on 499f1d118d82:39745 (size: 30.3 KiB, free: 434.3 MiB)
[2026-03-13T05:06:11.440+0000] {subprocess.py:106} INFO - 26/03/13 05:06:11 INFO SparkContext: Created broadcast 36 from broadcast at SparkBatch.java:79
[2026-03-13T05:06:11.445+0000] {subprocess.py:106} INFO - 26/03/13 05:06:11 INFO MemoryStore: Block broadcast_37 stored as values in memory (estimated size 32.0 KiB, free 434.1 MiB)
[2026-03-13T05:06:11.447+0000] {subprocess.py:106} INFO - 26/03/13 05:06:11 INFO MemoryStore: Block broadcast_37_piece0 stored as bytes in memory (estimated size 30.4 KiB, free 434.1 MiB)
[2026-03-13T05:06:11.448+0000] {subprocess.py:106} INFO - 26/03/13 05:06:11 INFO BlockManagerInfo: Added broadcast_37_piece0 in memory on 499f1d118d82:39745 (size: 30.4 KiB, free: 434.3 MiB)
[2026-03-13T05:06:11.449+0000] {subprocess.py:106} INFO - 26/03/13 05:06:11 INFO SparkContext: Created broadcast 37 from broadcast at SparkBatch.java:79
[2026-03-13T05:06:11.454+0000] {subprocess.py:106} INFO - 26/03/13 05:06:11 INFO MemoryStore: Block broadcast_38 stored as values in memory (estimated size 32.0 KiB, free 434.1 MiB)
[2026-03-13T05:06:11.456+0000] {subprocess.py:106} INFO - 26/03/13 05:06:11 INFO MemoryStore: Block broadcast_38_piece0 stored as bytes in memory (estimated size 30.3 KiB, free 434.0 MiB)
[2026-03-13T05:06:11.457+0000] {subprocess.py:106} INFO - 26/03/13 05:06:11 INFO BlockManagerInfo: Added broadcast_38_piece0 in memory on 499f1d118d82:39745 (size: 30.3 KiB, free: 434.2 MiB)
[2026-03-13T05:06:11.458+0000] {subprocess.py:106} INFO - 26/03/13 05:06:11 INFO SparkContext: Created broadcast 38 from broadcast at SparkBatch.java:79
[2026-03-13T05:06:11.477+0000] {subprocess.py:106} INFO - 26/03/13 05:06:11 INFO MemoryStore: Block broadcast_39 stored as values in memory (estimated size 32.0 KiB, free 434.0 MiB)
[2026-03-13T05:06:11.479+0000] {subprocess.py:106} INFO - 26/03/13 05:06:11 INFO MemoryStore: Block broadcast_39_piece0 stored as bytes in memory (estimated size 30.4 KiB, free 434.0 MiB)
[2026-03-13T05:06:11.484+0000] {subprocess.py:106} INFO - 26/03/13 05:06:11 INFO BlockManagerInfo: Added broadcast_39_piece0 in memory on 499f1d118d82:39745 (size: 30.4 KiB, free: 434.2 MiB)
[2026-03-13T05:06:11.485+0000] {subprocess.py:106} INFO - 26/03/13 05:06:11 INFO SparkContext: Created broadcast 39 from broadcast at SparkBatch.java:79
[2026-03-13T05:06:11.485+0000] {subprocess.py:106} INFO - 26/03/13 05:06:11 INFO MemoryStore: Block broadcast_40 stored as values in memory (estimated size 32.0 KiB, free 433.9 MiB)
[2026-03-13T05:06:11.487+0000] {subprocess.py:106} INFO - 26/03/13 05:06:11 INFO MemoryStore: Block broadcast_40_piece0 stored as bytes in memory (estimated size 30.3 KiB, free 433.9 MiB)
[2026-03-13T05:06:11.491+0000] {subprocess.py:106} INFO - 26/03/13 05:06:11 INFO BlockManagerInfo: Added broadcast_40_piece0 in memory on 499f1d118d82:39745 (size: 30.3 KiB, free: 434.2 MiB)
[2026-03-13T05:06:11.492+0000] {subprocess.py:106} INFO - 26/03/13 05:06:11 INFO SparkContext: Created broadcast 40 from broadcast at SparkBatch.java:79
[2026-03-13T05:06:11.492+0000] {subprocess.py:106} INFO - 26/03/13 05:06:11 INFO MemoryStore: Block broadcast_41 stored as values in memory (estimated size 32.0 KiB, free 433.9 MiB)
[2026-03-13T05:06:11.493+0000] {subprocess.py:106} INFO - 26/03/13 05:06:11 INFO MemoryStore: Block broadcast_41_piece0 stored as bytes in memory (estimated size 30.4 KiB, free 433.9 MiB)
[2026-03-13T05:06:11.494+0000] {subprocess.py:106} INFO - 26/03/13 05:06:11 INFO BlockManagerInfo: Added broadcast_41_piece0 in memory on 499f1d118d82:39745 (size: 30.4 KiB, free: 434.1 MiB)
[2026-03-13T05:06:11.495+0000] {subprocess.py:106} INFO - 26/03/13 05:06:11 INFO SparkContext: Created broadcast 41 from broadcast at SparkBatch.java:79
[2026-03-13T05:06:11.499+0000] {subprocess.py:106} INFO - 26/03/13 05:06:11 INFO MemoryStore: Block broadcast_42 stored as values in memory (estimated size 32.0 KiB, free 433.8 MiB)
[2026-03-13T05:06:11.512+0000] {subprocess.py:106} INFO - 26/03/13 05:06:11 INFO MemoryStore: Block broadcast_42_piece0 stored as bytes in memory (estimated size 30.3 KiB, free 433.8 MiB)
[2026-03-13T05:06:11.513+0000] {subprocess.py:106} INFO - 26/03/13 05:06:11 INFO BlockManagerInfo: Added broadcast_42_piece0 in memory on 499f1d118d82:39745 (size: 30.3 KiB, free: 434.1 MiB)
[2026-03-13T05:06:11.513+0000] {subprocess.py:106} INFO - 26/03/13 05:06:11 INFO SparkContext: Created broadcast 42 from broadcast at SparkBatch.java:79
[2026-03-13T05:06:11.516+0000] {subprocess.py:106} INFO - 26/03/13 05:06:11 INFO MemoryStore: Block broadcast_43 stored as values in memory (estimated size 32.0 KiB, free 433.8 MiB)
[2026-03-13T05:06:11.518+0000] {subprocess.py:106} INFO - 26/03/13 05:06:11 INFO MemoryStore: Block broadcast_43_piece0 stored as bytes in memory (estimated size 30.4 KiB, free 433.7 MiB)
[2026-03-13T05:06:11.519+0000] {subprocess.py:106} INFO - 26/03/13 05:06:11 INFO BlockManagerInfo: Added broadcast_43_piece0 in memory on 499f1d118d82:39745 (size: 30.4 KiB, free: 434.1 MiB)
[2026-03-13T05:06:11.520+0000] {subprocess.py:106} INFO - 26/03/13 05:06:11 INFO SparkContext: Created broadcast 43 from broadcast at SparkBatch.java:79
[2026-03-13T05:06:11.590+0000] {subprocess.py:106} INFO - 26/03/13 05:06:11 INFO MemoryStore: Block broadcast_44 stored as values in memory (estimated size 32.0 KiB, free 433.7 MiB)
[2026-03-13T05:06:11.600+0000] {subprocess.py:106} INFO - 26/03/13 05:06:11 INFO MemoryStore: Block broadcast_44_piece0 stored as bytes in memory (estimated size 30.3 KiB, free 433.7 MiB)
[2026-03-13T05:06:11.601+0000] {subprocess.py:106} INFO - 26/03/13 05:06:11 INFO BlockManagerInfo: Added broadcast_44_piece0 in memory on 499f1d118d82:39745 (size: 30.3 KiB, free: 434.0 MiB)
[2026-03-13T05:06:11.602+0000] {subprocess.py:106} INFO - 26/03/13 05:06:11 INFO SparkContext: Created broadcast 44 from broadcast at SparkBatch.java:79
[2026-03-13T05:06:11.630+0000] {subprocess.py:106} INFO - 26/03/13 05:06:11 INFO DAGScheduler: Registering RDD 48 (create at <unknown>:0) as input to shuffle 8
[2026-03-13T05:06:11.631+0000] {subprocess.py:106} INFO - 26/03/13 05:06:11 INFO DAGScheduler: Got map stage job 15 (create at <unknown>:0) with 4 output partitions
[2026-03-13T05:06:11.631+0000] {subprocess.py:106} INFO - 26/03/13 05:06:11 INFO DAGScheduler: Final stage: ShuffleMapStage 24 (create at <unknown>:0)
[2026-03-13T05:06:11.632+0000] {subprocess.py:106} INFO - 26/03/13 05:06:11 INFO DAGScheduler: Parents of final stage: List()
[2026-03-13T05:06:11.634+0000] {subprocess.py:106} INFO - 26/03/13 05:06:11 INFO DAGScheduler: Missing parents: List()
[2026-03-13T05:06:11.637+0000] {subprocess.py:106} INFO - 26/03/13 05:06:11 INFO DAGScheduler: Submitting ShuffleMapStage 24 (MapPartitionsRDD[48] at create at <unknown>:0), which has no missing parents
[2026-03-13T05:06:11.639+0000] {subprocess.py:106} INFO - 26/03/13 05:06:11 INFO MemoryStore: Block broadcast_45 stored as values in memory (estimated size 37.2 KiB, free 433.6 MiB)
[2026-03-13T05:06:11.642+0000] {subprocess.py:106} INFO - 26/03/13 05:06:11 INFO MemoryStore: Block broadcast_45_piece0 stored as bytes in memory (estimated size 16.2 KiB, free 433.6 MiB)
[2026-03-13T05:06:11.642+0000] {subprocess.py:106} INFO - 26/03/13 05:06:11 INFO BlockManagerInfo: Added broadcast_45_piece0 in memory on 499f1d118d82:39745 (size: 16.2 KiB, free: 434.0 MiB)
[2026-03-13T05:06:11.643+0000] {subprocess.py:106} INFO - 26/03/13 05:06:11 INFO SparkContext: Created broadcast 45 from broadcast at DAGScheduler.scala:1585
[2026-03-13T05:06:11.656+0000] {subprocess.py:106} INFO - 26/03/13 05:06:11 INFO DAGScheduler: Submitting 4 missing tasks from ShuffleMapStage 24 (MapPartitionsRDD[48] at create at <unknown>:0) (first 15 tasks are for partitions Vector(0, 1, 2, 3))
[2026-03-13T05:06:11.657+0000] {subprocess.py:106} INFO - 26/03/13 05:06:11 INFO TaskSchedulerImpl: Adding task set 24.0 with 4 tasks resource profile 0
[2026-03-13T05:06:11.661+0000] {subprocess.py:106} INFO - 26/03/13 05:06:11 INFO TaskSetManager: Starting task 0.0 in stage 24.0 (TID 33) (172.30.0.7, executor 0, partition 0, PROCESS_LOCAL, 16544 bytes)
[2026-03-13T05:06:11.676+0000] {subprocess.py:106} INFO - 26/03/13 05:06:11 INFO BlockManagerInfo: Added broadcast_45_piece0 in memory on 172.30.0.7:37987 (size: 16.2 KiB, free: 434.4 MiB)
[2026-03-13T05:06:11.688+0000] {subprocess.py:106} INFO - 26/03/13 05:06:11 INFO CodeGenerator: Code generated in 33.289684 ms
[2026-03-13T05:06:11.701+0000] {subprocess.py:106} INFO - 26/03/13 05:06:11 INFO DAGScheduler: Registering RDD 52 (create at <unknown>:0) as input to shuffle 9
[2026-03-13T05:06:11.702+0000] {subprocess.py:106} INFO - 26/03/13 05:06:11 INFO DAGScheduler: Got map stage job 16 (create at <unknown>:0) with 4 output partitions
[2026-03-13T05:06:11.703+0000] {subprocess.py:106} INFO - 26/03/13 05:06:11 INFO DAGScheduler: Final stage: ShuffleMapStage 25 (create at <unknown>:0)
[2026-03-13T05:06:11.704+0000] {subprocess.py:106} INFO - 26/03/13 05:06:11 INFO DAGScheduler: Parents of final stage: List()
[2026-03-13T05:06:11.704+0000] {subprocess.py:106} INFO - 26/03/13 05:06:11 INFO BlockManagerInfo: Added broadcast_40_piece0 in memory on 172.30.0.7:37987 (size: 30.3 KiB, free: 434.4 MiB)
[2026-03-13T05:06:11.705+0000] {subprocess.py:106} INFO - 26/03/13 05:06:11 INFO DAGScheduler: Missing parents: List()
[2026-03-13T05:06:11.708+0000] {subprocess.py:106} INFO - 26/03/13 05:06:11 INFO DAGScheduler: Submitting ShuffleMapStage 25 (MapPartitionsRDD[52] at create at <unknown>:0), which has no missing parents
[2026-03-13T05:06:11.712+0000] {subprocess.py:106} INFO - 26/03/13 05:06:11 INFO MemoryStore: Block broadcast_46 stored as values in memory (estimated size 39.5 KiB, free 433.6 MiB)
[2026-03-13T05:06:11.729+0000] {subprocess.py:106} INFO - 26/03/13 05:06:11 INFO MemoryStore: Block broadcast_46_piece0 stored as bytes in memory (estimated size 17.2 KiB, free 433.6 MiB)
[2026-03-13T05:06:11.732+0000] {subprocess.py:106} INFO - 26/03/13 05:06:11 INFO BlockManagerInfo: Added broadcast_46_piece0 in memory on 499f1d118d82:39745 (size: 17.2 KiB, free: 434.0 MiB)
[2026-03-13T05:06:11.733+0000] {subprocess.py:106} INFO - 26/03/13 05:06:11 INFO SparkContext: Created broadcast 46 from broadcast at DAGScheduler.scala:1585
[2026-03-13T05:06:11.734+0000] {subprocess.py:106} INFO - 26/03/13 05:06:11 INFO DAGScheduler: Submitting 4 missing tasks from ShuffleMapStage 25 (MapPartitionsRDD[52] at create at <unknown>:0) (first 15 tasks are for partitions Vector(0, 1, 2, 3))
[2026-03-13T05:06:11.734+0000] {subprocess.py:106} INFO - 26/03/13 05:06:11 INFO TaskSchedulerImpl: Adding task set 25.0 with 4 tasks resource profile 0
[2026-03-13T05:06:11.770+0000] {subprocess.py:106} INFO - 26/03/13 05:06:11 INFO CodeGenerator: Code generated in 39.288016 ms
[2026-03-13T05:06:11.783+0000] {subprocess.py:106} INFO - 26/03/13 05:06:11 INFO DAGScheduler: Registering RDD 56 (create at <unknown>:0) as input to shuffle 10
[2026-03-13T05:06:11.784+0000] {subprocess.py:106} INFO - 26/03/13 05:06:11 INFO DAGScheduler: Got map stage job 17 (create at <unknown>:0) with 4 output partitions
[2026-03-13T05:06:11.785+0000] {subprocess.py:106} INFO - 26/03/13 05:06:11 INFO DAGScheduler: Final stage: ShuffleMapStage 26 (create at <unknown>:0)
[2026-03-13T05:06:11.785+0000] {subprocess.py:106} INFO - 26/03/13 05:06:11 INFO DAGScheduler: Parents of final stage: List()
[2026-03-13T05:06:11.792+0000] {subprocess.py:106} INFO - 26/03/13 05:06:11 INFO DAGScheduler: Missing parents: List()
[2026-03-13T05:06:11.792+0000] {subprocess.py:106} INFO - 26/03/13 05:06:11 INFO DAGScheduler: Submitting ShuffleMapStage 26 (MapPartitionsRDD[56] at create at <unknown>:0), which has no missing parents
[2026-03-13T05:06:11.795+0000] {subprocess.py:106} INFO - 26/03/13 05:06:11 INFO MemoryStore: Block broadcast_47 stored as values in memory (estimated size 40.1 KiB, free 433.5 MiB)
[2026-03-13T05:06:11.800+0000] {subprocess.py:106} INFO - 26/03/13 05:06:11 INFO MemoryStore: Block broadcast_47_piece0 stored as bytes in memory (estimated size 17.5 KiB, free 433.5 MiB)
[2026-03-13T05:06:11.802+0000] {subprocess.py:106} INFO - 26/03/13 05:06:11 INFO BlockManagerInfo: Added broadcast_47_piece0 in memory on 499f1d118d82:39745 (size: 17.5 KiB, free: 434.0 MiB)
[2026-03-13T05:06:11.802+0000] {subprocess.py:106} INFO - 26/03/13 05:06:11 INFO SparkContext: Created broadcast 47 from broadcast at DAGScheduler.scala:1585
[2026-03-13T05:06:11.803+0000] {subprocess.py:106} INFO - 26/03/13 05:06:11 INFO DAGScheduler: Submitting 4 missing tasks from ShuffleMapStage 26 (MapPartitionsRDD[56] at create at <unknown>:0) (first 15 tasks are for partitions Vector(0, 1, 2, 3))
[2026-03-13T05:06:11.803+0000] {subprocess.py:106} INFO - 26/03/13 05:06:11 INFO TaskSchedulerImpl: Adding task set 26.0 with 4 tasks resource profile 0
[2026-03-13T05:06:11.857+0000] {subprocess.py:106} INFO - 26/03/13 05:06:11 INFO CodeGenerator: Code generated in 58.541017 ms
[2026-03-13T05:06:11.869+0000] {subprocess.py:106} INFO - 26/03/13 05:06:11 INFO DAGScheduler: Registering RDD 60 (create at <unknown>:0) as input to shuffle 11
[2026-03-13T05:06:11.871+0000] {subprocess.py:106} INFO - 26/03/13 05:06:11 INFO DAGScheduler: Got map stage job 18 (create at <unknown>:0) with 4 output partitions
[2026-03-13T05:06:11.872+0000] {subprocess.py:106} INFO - 26/03/13 05:06:11 INFO DAGScheduler: Final stage: ShuffleMapStage 27 (create at <unknown>:0)
[2026-03-13T05:06:11.872+0000] {subprocess.py:106} INFO - 26/03/13 05:06:11 INFO DAGScheduler: Parents of final stage: List()
[2026-03-13T05:06:11.873+0000] {subprocess.py:106} INFO - 26/03/13 05:06:11 INFO DAGScheduler: Missing parents: List()
[2026-03-13T05:06:11.880+0000] {subprocess.py:106} INFO - 26/03/13 05:06:11 INFO DAGScheduler: Submitting ShuffleMapStage 27 (MapPartitionsRDD[60] at create at <unknown>:0), which has no missing parents
[2026-03-13T05:06:11.883+0000] {subprocess.py:106} INFO - 26/03/13 05:06:11 INFO MemoryStore: Block broadcast_48 stored as values in memory (estimated size 37.2 KiB, free 433.5 MiB)
[2026-03-13T05:06:11.908+0000] {subprocess.py:106} INFO - 26/03/13 05:06:11 INFO MemoryStore: Block broadcast_48_piece0 stored as bytes in memory (estimated size 16.3 KiB, free 433.5 MiB)
[2026-03-13T05:06:11.908+0000] {subprocess.py:106} INFO - 26/03/13 05:06:11 INFO BlockManagerInfo: Added broadcast_48_piece0 in memory on 499f1d118d82:39745 (size: 16.3 KiB, free: 434.0 MiB)
[2026-03-13T05:06:11.909+0000] {subprocess.py:106} INFO - 26/03/13 05:06:11 INFO SparkContext: Created broadcast 48 from broadcast at DAGScheduler.scala:1585
[2026-03-13T05:06:11.910+0000] {subprocess.py:106} INFO - 26/03/13 05:06:11 INFO DAGScheduler: Submitting 4 missing tasks from ShuffleMapStage 27 (MapPartitionsRDD[60] at create at <unknown>:0) (first 15 tasks are for partitions Vector(0, 1, 2, 3))
[2026-03-13T05:06:11.910+0000] {subprocess.py:106} INFO - 26/03/13 05:06:11 INFO TaskSchedulerImpl: Adding task set 27.0 with 4 tasks resource profile 0
[2026-03-13T05:06:11.935+0000] {subprocess.py:106} INFO - 26/03/13 05:06:11 INFO CodeGenerator: Code generated in 53.007197 ms
[2026-03-13T05:06:11.949+0000] {subprocess.py:106} INFO - 26/03/13 05:06:11 INFO DAGScheduler: Registering RDD 64 (create at <unknown>:0) as input to shuffle 12
[2026-03-13T05:06:11.954+0000] {subprocess.py:106} INFO - 26/03/13 05:06:11 INFO DAGScheduler: Got map stage job 19 (create at <unknown>:0) with 4 output partitions
[2026-03-13T05:06:11.955+0000] {subprocess.py:106} INFO - 26/03/13 05:06:11 INFO DAGScheduler: Final stage: ShuffleMapStage 28 (create at <unknown>:0)
[2026-03-13T05:06:11.960+0000] {subprocess.py:106} INFO - 26/03/13 05:06:11 INFO DAGScheduler: Parents of final stage: List()
[2026-03-13T05:06:11.961+0000] {subprocess.py:106} INFO - 26/03/13 05:06:11 INFO DAGScheduler: Missing parents: List()
[2026-03-13T05:06:11.961+0000] {subprocess.py:106} INFO - 26/03/13 05:06:11 INFO DAGScheduler: Submitting ShuffleMapStage 28 (MapPartitionsRDD[64] at create at <unknown>:0), which has no missing parents
[2026-03-13T05:06:11.962+0000] {subprocess.py:106} INFO - 26/03/13 05:06:11 INFO MemoryStore: Block broadcast_49 stored as values in memory (estimated size 29.4 KiB, free 433.4 MiB)
[2026-03-13T05:06:11.963+0000] {subprocess.py:106} INFO - 26/03/13 05:06:11 INFO MemoryStore: Block broadcast_49_piece0 stored as bytes in memory (estimated size 12.3 KiB, free 433.4 MiB)
[2026-03-13T05:06:11.963+0000] {subprocess.py:106} INFO - 26/03/13 05:06:11 INFO BlockManagerInfo: Added broadcast_49_piece0 in memory on 499f1d118d82:39745 (size: 12.3 KiB, free: 434.0 MiB)
[2026-03-13T05:06:11.981+0000] {subprocess.py:106} INFO - 26/03/13 05:06:11 INFO SparkContext: Created broadcast 49 from broadcast at DAGScheduler.scala:1585
[2026-03-13T05:06:11.992+0000] {subprocess.py:106} INFO - 26/03/13 05:06:11 INFO DAGScheduler: Submitting 4 missing tasks from ShuffleMapStage 28 (MapPartitionsRDD[64] at create at <unknown>:0) (first 15 tasks are for partitions Vector(0, 1, 2, 3))
[2026-03-13T05:06:11.992+0000] {subprocess.py:106} INFO - 26/03/13 05:06:11 INFO TaskSchedulerImpl: Adding task set 28.0 with 4 tasks resource profile 0
[2026-03-13T05:06:12.006+0000] {subprocess.py:106} INFO - 26/03/13 05:06:12 INFO TaskSetManager: Starting task 1.0 in stage 24.0 (TID 34) (172.30.0.7, executor 0, partition 1, PROCESS_LOCAL, 16545 bytes)
[2026-03-13T05:06:12.009+0000] {subprocess.py:106} INFO - 26/03/13 05:06:12 INFO TaskSetManager: Finished task 0.0 in stage 24.0 (TID 33) in 350 ms on 172.30.0.7 (executor 0) (1/4)
[2026-03-13T05:06:12.196+0000] {subprocess.py:106} INFO - 26/03/13 05:06:12 INFO TaskSetManager: Starting task 2.0 in stage 24.0 (TID 35) (172.30.0.7, executor 0, partition 2, PROCESS_LOCAL, 16543 bytes)
[2026-03-13T05:06:12.197+0000] {subprocess.py:106} INFO - 26/03/13 05:06:12 INFO TaskSetManager: Finished task 1.0 in stage 24.0 (TID 34) in 194 ms on 172.30.0.7 (executor 0) (2/4)
[2026-03-13T05:06:12.421+0000] {subprocess.py:106} INFO - 26/03/13 05:06:12 INFO TaskSetManager: Starting task 3.0 in stage 24.0 (TID 36) (172.30.0.7, executor 0, partition 3, PROCESS_LOCAL, 15623 bytes)
[2026-03-13T05:06:12.423+0000] {subprocess.py:106} INFO - 26/03/13 05:06:12 INFO TaskSetManager: Finished task 2.0 in stage 24.0 (TID 35) in 229 ms on 172.30.0.7 (executor 0) (3/4)
[2026-03-13T05:06:12.531+0000] {subprocess.py:106} INFO - 26/03/13 05:06:12 INFO TaskSetManager: Starting task 0.0 in stage 25.0 (TID 37) (172.30.0.7, executor 0, partition 0, PROCESS_LOCAL, 16603 bytes)
[2026-03-13T05:06:12.536+0000] {subprocess.py:106} INFO - 26/03/13 05:06:12 INFO TaskSetManager: Finished task 3.0 in stage 24.0 (TID 36) in 107 ms on 172.30.0.7 (executor 0) (4/4)
[2026-03-13T05:06:12.537+0000] {subprocess.py:106} INFO - 26/03/13 05:06:12 INFO TaskSchedulerImpl: Removed TaskSet 24.0, whose tasks have all completed, from pool
[2026-03-13T05:06:12.538+0000] {subprocess.py:106} INFO - 26/03/13 05:06:12 INFO DAGScheduler: ShuffleMapStage 24 (create at <unknown>:0) finished in 0.891 s
[2026-03-13T05:06:12.539+0000] {subprocess.py:106} INFO - 26/03/13 05:06:12 INFO DAGScheduler: looking for newly runnable stages
[2026-03-13T05:06:12.539+0000] {subprocess.py:106} INFO - 26/03/13 05:06:12 INFO DAGScheduler: running: Set(ShuffleMapStage 27, ShuffleMapStage 28, ShuffleMapStage 25, ShuffleMapStage 26)
[2026-03-13T05:06:12.540+0000] {subprocess.py:106} INFO - 26/03/13 05:06:12 INFO DAGScheduler: waiting: Set()
[2026-03-13T05:06:12.540+0000] {subprocess.py:106} INFO - 26/03/13 05:06:12 INFO DAGScheduler: failed: Set()
[2026-03-13T05:06:12.544+0000] {subprocess.py:106} INFO - 26/03/13 05:06:12 INFO BlockManagerInfo: Added broadcast_46_piece0 in memory on 172.30.0.7:37987 (size: 17.2 KiB, free: 434.3 MiB)
[2026-03-13T05:06:12.558+0000] {subprocess.py:106} INFO - 26/03/13 05:06:12 INFO MemoryStore: Block broadcast_50 stored as values in memory (estimated size 32.0 KiB, free 433.4 MiB)
[2026-03-13T05:06:12.583+0000] {subprocess.py:106} INFO - 26/03/13 05:06:12 INFO MemoryStore: Block broadcast_50_piece0 stored as bytes in memory (estimated size 30.4 KiB, free 433.4 MiB)
[2026-03-13T05:06:12.588+0000] {subprocess.py:106} INFO - 26/03/13 05:06:12 INFO BlockManagerInfo: Added broadcast_50_piece0 in memory on 499f1d118d82:39745 (size: 30.4 KiB, free: 433.9 MiB)
[2026-03-13T05:06:12.592+0000] {subprocess.py:106} INFO - 26/03/13 05:06:12 INFO BlockManagerInfo: Removed broadcast_45_piece0 on 499f1d118d82:39745 in memory (size: 16.2 KiB, free: 434.0 MiB)
[2026-03-13T05:06:12.592+0000] {subprocess.py:106} INFO - 26/03/13 05:06:12 INFO SparkContext: Created broadcast 50 from broadcast at SparkBatch.java:79
[2026-03-13T05:06:12.596+0000] {subprocess.py:106} INFO - 26/03/13 05:06:12 INFO BlockManagerInfo: Removed broadcast_45_piece0 on 172.30.0.7:37987 in memory (size: 16.2 KiB, free: 434.4 MiB)
[2026-03-13T05:06:12.619+0000] {subprocess.py:106} INFO - 26/03/13 05:06:12 INFO ShufflePartitionsUtil: For shuffle(8), advisory target size: 67108864, actual target size 1048576, minimum partition size: 1048576
[2026-03-13T05:06:12.624+0000] {subprocess.py:106} INFO - 26/03/13 05:06:12 INFO BlockManagerInfo: Added broadcast_41_piece0 in memory on 172.30.0.7:37987 (size: 30.4 KiB, free: 434.3 MiB)
[2026-03-13T05:06:12.709+0000] {subprocess.py:106} INFO - 26/03/13 05:06:12 INFO CodeGenerator: Code generated in 29.485511 ms
[2026-03-13T05:06:12.741+0000] {subprocess.py:106} INFO - 26/03/13 05:06:12 INFO SparkContext: Starting job: $anonfun$withThreadLocalCaptured$1 at <unknown>:0
[2026-03-13T05:06:12.742+0000] {subprocess.py:106} INFO - 26/03/13 05:06:12 INFO DAGScheduler: Got job 20 ($anonfun$withThreadLocalCaptured$1 at <unknown>:0) with 1 output partitions
[2026-03-13T05:06:12.743+0000] {subprocess.py:106} INFO - 26/03/13 05:06:12 INFO DAGScheduler: Final stage: ResultStage 30 ($anonfun$withThreadLocalCaptured$1 at <unknown>:0)
[2026-03-13T05:06:12.743+0000] {subprocess.py:106} INFO - 26/03/13 05:06:12 INFO DAGScheduler: Parents of final stage: List(ShuffleMapStage 29)
[2026-03-13T05:06:12.744+0000] {subprocess.py:106} INFO - 26/03/13 05:06:12 INFO DAGScheduler: Missing parents: List()
[2026-03-13T05:06:12.744+0000] {subprocess.py:106} INFO - 26/03/13 05:06:12 INFO DAGScheduler: Submitting ResultStage 30 (MapPartitionsRDD[67] at $anonfun$withThreadLocalCaptured$1 at <unknown>:0), which has no missing parents
[2026-03-13T05:06:12.748+0000] {subprocess.py:106} INFO - 26/03/13 05:06:12 INFO MemoryStore: Block broadcast_51 stored as values in memory (estimated size 42.2 KiB, free 433.4 MiB)
[2026-03-13T05:06:12.757+0000] {subprocess.py:106} INFO - 26/03/13 05:06:12 INFO MemoryStore: Block broadcast_51_piece0 stored as bytes in memory (estimated size 18.7 KiB, free 433.3 MiB)
[2026-03-13T05:06:12.760+0000] {subprocess.py:106} INFO - 26/03/13 05:06:12 INFO BlockManagerInfo: Added broadcast_51_piece0 in memory on 499f1d118d82:39745 (size: 18.7 KiB, free: 433.9 MiB)
[2026-03-13T05:06:12.761+0000] {subprocess.py:106} INFO - 26/03/13 05:06:12 INFO BlockManagerInfo: Removed broadcast_50_piece0 on 499f1d118d82:39745 in memory (size: 30.4 KiB, free: 434.0 MiB)
[2026-03-13T05:06:12.761+0000] {subprocess.py:106} INFO - 26/03/13 05:06:12 INFO SparkContext: Created broadcast 51 from broadcast at DAGScheduler.scala:1585
[2026-03-13T05:06:12.762+0000] {subprocess.py:106} INFO - 26/03/13 05:06:12 INFO DAGScheduler: Submitting 1 missing tasks from ResultStage 30 (MapPartitionsRDD[67] at $anonfun$withThreadLocalCaptured$1 at <unknown>:0) (first 15 tasks are for partitions Vector(0))
[2026-03-13T05:06:12.762+0000] {subprocess.py:106} INFO - 26/03/13 05:06:12 INFO TaskSchedulerImpl: Adding task set 30.0 with 1 tasks resource profile 0
[2026-03-13T05:06:12.858+0000] {subprocess.py:106} INFO - 26/03/13 05:06:12 INFO TaskSetManager: Starting task 1.0 in stage 25.0 (TID 38) (172.30.0.7, executor 0, partition 1, PROCESS_LOCAL, 16604 bytes)
[2026-03-13T05:06:12.859+0000] {subprocess.py:106} INFO - 26/03/13 05:06:12 INFO TaskSetManager: Finished task 0.0 in stage 25.0 (TID 37) in 332 ms on 172.30.0.7 (executor 0) (1/4)
[2026-03-13T05:06:13.012+0000] {subprocess.py:106} INFO - 26/03/13 05:06:13 INFO TaskSetManager: Starting task 2.0 in stage 25.0 (TID 39) (172.30.0.7, executor 0, partition 2, PROCESS_LOCAL, 16604 bytes)
[2026-03-13T05:06:13.013+0000] {subprocess.py:106} INFO - 26/03/13 05:06:13 INFO TaskSetManager: Finished task 1.0 in stage 25.0 (TID 38) in 156 ms on 172.30.0.7 (executor 0) (2/4)
[2026-03-13T05:06:13.209+0000] {subprocess.py:106} INFO - 26/03/13 05:06:13 INFO TaskSetManager: Starting task 3.0 in stage 25.0 (TID 40) (172.30.0.7, executor 0, partition 3, PROCESS_LOCAL, 15680 bytes)
[2026-03-13T05:06:13.213+0000] {subprocess.py:106} INFO - 26/03/13 05:06:13 INFO TaskSetManager: Finished task 2.0 in stage 25.0 (TID 39) in 198 ms on 172.30.0.7 (executor 0) (3/4)
[2026-03-13T05:06:13.309+0000] {subprocess.py:106} INFO - 26/03/13 05:06:13 INFO TaskSetManager: Starting task 0.0 in stage 26.0 (TID 41) (172.30.0.7, executor 0, partition 0, PROCESS_LOCAL, 16608 bytes)
[2026-03-13T05:06:13.310+0000] {subprocess.py:106} INFO - 26/03/13 05:06:13 INFO TaskSetManager: Finished task 3.0 in stage 25.0 (TID 40) in 101 ms on 172.30.0.7 (executor 0) (4/4)
[2026-03-13T05:06:13.311+0000] {subprocess.py:106} INFO - 26/03/13 05:06:13 INFO TaskSchedulerImpl: Removed TaskSet 25.0, whose tasks have all completed, from pool
[2026-03-13T05:06:13.312+0000] {subprocess.py:106} INFO - 26/03/13 05:06:13 INFO DAGScheduler: ShuffleMapStage 25 (create at <unknown>:0) finished in 1.601 s
[2026-03-13T05:06:13.312+0000] {subprocess.py:106} INFO - 26/03/13 05:06:13 INFO DAGScheduler: looking for newly runnable stages
[2026-03-13T05:06:13.313+0000] {subprocess.py:106} INFO - 26/03/13 05:06:13 INFO DAGScheduler: running: Set(ResultStage 30, ShuffleMapStage 27, ShuffleMapStage 28, ShuffleMapStage 26)
[2026-03-13T05:06:13.313+0000] {subprocess.py:106} INFO - 26/03/13 05:06:13 INFO DAGScheduler: waiting: Set()
[2026-03-13T05:06:13.314+0000] {subprocess.py:106} INFO - 26/03/13 05:06:13 INFO DAGScheduler: failed: Set()
[2026-03-13T05:06:13.325+0000] {subprocess.py:106} INFO - 26/03/13 05:06:13 INFO BlockManagerInfo: Added broadcast_47_piece0 in memory on 172.30.0.7:37987 (size: 17.5 KiB, free: 434.3 MiB)
[2026-03-13T05:06:13.327+0000] {subprocess.py:106} INFO - 26/03/13 05:06:13 INFO MemoryStore: Block broadcast_52 stored as values in memory (estimated size 32.0 KiB, free 433.4 MiB)
[2026-03-13T05:06:13.348+0000] {subprocess.py:106} INFO - 26/03/13 05:06:13 INFO MemoryStore: Block broadcast_52_piece0 stored as bytes in memory (estimated size 30.3 KiB, free 433.3 MiB)
[2026-03-13T05:06:13.351+0000] {subprocess.py:106} INFO - 26/03/13 05:06:13 INFO BlockManagerInfo: Added broadcast_52_piece0 in memory on 499f1d118d82:39745 (size: 30.3 KiB, free: 433.9 MiB)
[2026-03-13T05:06:13.354+0000] {subprocess.py:106} INFO - 26/03/13 05:06:13 INFO SparkContext: Created broadcast 52 from broadcast at SparkBatch.java:79
[2026-03-13T05:06:13.356+0000] {subprocess.py:106} INFO - 26/03/13 05:06:13 INFO BlockManagerInfo: Removed broadcast_46_piece0 on 499f1d118d82:39745 in memory (size: 17.2 KiB, free: 434.0 MiB)
[2026-03-13T05:06:13.366+0000] {subprocess.py:106} INFO - 26/03/13 05:06:13 INFO BlockManagerInfo: Removed broadcast_46_piece0 on 172.30.0.7:37987 in memory (size: 17.2 KiB, free: 434.3 MiB)
[2026-03-13T05:06:13.373+0000] {subprocess.py:106} INFO - 26/03/13 05:06:13 INFO ShufflePartitionsUtil: For shuffle(9), advisory target size: 67108864, actual target size 1048576, minimum partition size: 1048576
[2026-03-13T05:06:13.405+0000] {subprocess.py:106} INFO - 26/03/13 05:06:13 INFO BlockManagerInfo: Added broadcast_42_piece0 in memory on 172.30.0.7:37987 (size: 30.3 KiB, free: 434.3 MiB)
[2026-03-13T05:06:13.460+0000] {subprocess.py:106} INFO - 26/03/13 05:06:13 INFO CodeGenerator: Code generated in 41.759975 ms
[2026-03-13T05:06:13.486+0000] {subprocess.py:106} INFO - 26/03/13 05:06:13 INFO SparkContext: Starting job: $anonfun$withThreadLocalCaptured$1 at <unknown>:0
[2026-03-13T05:06:13.488+0000] {subprocess.py:106} INFO - 26/03/13 05:06:13 INFO DAGScheduler: Got job 21 ($anonfun$withThreadLocalCaptured$1 at <unknown>:0) with 1 output partitions
[2026-03-13T05:06:13.489+0000] {subprocess.py:106} INFO - 26/03/13 05:06:13 INFO DAGScheduler: Final stage: ResultStage 32 ($anonfun$withThreadLocalCaptured$1 at <unknown>:0)
[2026-03-13T05:06:13.489+0000] {subprocess.py:106} INFO - 26/03/13 05:06:13 INFO DAGScheduler: Parents of final stage: List(ShuffleMapStage 31)
[2026-03-13T05:06:13.490+0000] {subprocess.py:106} INFO - 26/03/13 05:06:13 INFO DAGScheduler: Missing parents: List()
[2026-03-13T05:06:13.490+0000] {subprocess.py:106} INFO - 26/03/13 05:06:13 INFO DAGScheduler: Submitting ResultStage 32 (MapPartitionsRDD[70] at $anonfun$withThreadLocalCaptured$1 at <unknown>:0), which has no missing parents
[2026-03-13T05:06:13.491+0000] {subprocess.py:106} INFO - 26/03/13 05:06:13 INFO MemoryStore: Block broadcast_53 stored as values in memory (estimated size 44.6 KiB, free 433.4 MiB)
[2026-03-13T05:06:13.500+0000] {subprocess.py:106} INFO - 26/03/13 05:06:13 INFO MemoryStore: Block broadcast_53_piece0 stored as bytes in memory (estimated size 19.7 KiB, free 433.3 MiB)
[2026-03-13T05:06:13.503+0000] {subprocess.py:106} INFO - 26/03/13 05:06:13 INFO BlockManagerInfo: Added broadcast_53_piece0 in memory on 499f1d118d82:39745 (size: 19.7 KiB, free: 433.9 MiB)
[2026-03-13T05:06:13.504+0000] {subprocess.py:106} INFO - 26/03/13 05:06:13 INFO SparkContext: Created broadcast 53 from broadcast at DAGScheduler.scala:1585
[2026-03-13T05:06:13.505+0000] {subprocess.py:106} INFO - 26/03/13 05:06:13 INFO DAGScheduler: Submitting 1 missing tasks from ResultStage 32 (MapPartitionsRDD[70] at $anonfun$withThreadLocalCaptured$1 at <unknown>:0) (first 15 tasks are for partitions Vector(0))
[2026-03-13T05:06:13.505+0000] {subprocess.py:106} INFO - 26/03/13 05:06:13 INFO TaskSchedulerImpl: Adding task set 32.0 with 1 tasks resource profile 0
[2026-03-13T05:06:13.507+0000] {subprocess.py:106} INFO - 26/03/13 05:06:13 INFO BlockManagerInfo: Removed broadcast_52_piece0 on 499f1d118d82:39745 in memory (size: 30.3 KiB, free: 434.0 MiB)
[2026-03-13T05:06:13.633+0000] {subprocess.py:106} INFO - 26/03/13 05:06:13 INFO TaskSetManager: Starting task 1.0 in stage 26.0 (TID 42) (172.30.0.7, executor 0, partition 1, PROCESS_LOCAL, 16618 bytes)
[2026-03-13T05:06:13.634+0000] {subprocess.py:106} INFO - 26/03/13 05:06:13 INFO TaskSetManager: Finished task 0.0 in stage 26.0 (TID 41) in 326 ms on 172.30.0.7 (executor 0) (1/4)
[2026-03-13T05:06:13.775+0000] {subprocess.py:106} INFO - 26/03/13 05:06:13 INFO TaskSetManager: Starting task 2.0 in stage 26.0 (TID 43) (172.30.0.7, executor 0, partition 2, PROCESS_LOCAL, 16618 bytes)
[2026-03-13T05:06:13.775+0000] {subprocess.py:106} INFO - 26/03/13 05:06:13 INFO TaskSetManager: Finished task 1.0 in stage 26.0 (TID 42) in 142 ms on 172.30.0.7 (executor 0) (2/4)
[2026-03-13T05:06:13.985+0000] {subprocess.py:106} INFO - 26/03/13 05:06:13 INFO TaskSetManager: Starting task 3.0 in stage 26.0 (TID 44) (172.30.0.7, executor 0, partition 3, PROCESS_LOCAL, 15694 bytes)
[2026-03-13T05:06:13.986+0000] {subprocess.py:106} INFO - 26/03/13 05:06:13 INFO TaskSetManager: Finished task 2.0 in stage 26.0 (TID 43) in 212 ms on 172.30.0.7 (executor 0) (3/4)
[2026-03-13T05:06:14.109+0000] {subprocess.py:106} INFO - 26/03/13 05:06:14 INFO TaskSetManager: Starting task 0.0 in stage 27.0 (TID 45) (172.30.0.7, executor 0, partition 0, PROCESS_LOCAL, 16538 bytes)
[2026-03-13T05:06:14.112+0000] {subprocess.py:106} INFO - 26/03/13 05:06:14 INFO TaskSetManager: Finished task 3.0 in stage 26.0 (TID 44) in 125 ms on 172.30.0.7 (executor 0) (4/4)
[2026-03-13T05:06:14.113+0000] {subprocess.py:106} INFO - 26/03/13 05:06:14 INFO TaskSchedulerImpl: Removed TaskSet 26.0, whose tasks have all completed, from pool
[2026-03-13T05:06:14.114+0000] {subprocess.py:106} INFO - 26/03/13 05:06:14 INFO DAGScheduler: ShuffleMapStage 26 (create at <unknown>:0) finished in 2.319 s
[2026-03-13T05:06:14.114+0000] {subprocess.py:106} INFO - 26/03/13 05:06:14 INFO DAGScheduler: looking for newly runnable stages
[2026-03-13T05:06:14.115+0000] {subprocess.py:106} INFO - 26/03/13 05:06:14 INFO DAGScheduler: running: Set(ResultStage 30, ShuffleMapStage 27, ResultStage 32, ShuffleMapStage 28)
[2026-03-13T05:06:14.115+0000] {subprocess.py:106} INFO - 26/03/13 05:06:14 INFO DAGScheduler: waiting: Set()
[2026-03-13T05:06:14.115+0000] {subprocess.py:106} INFO - 26/03/13 05:06:14 INFO DAGScheduler: failed: Set()
[2026-03-13T05:06:14.131+0000] {subprocess.py:106} INFO - 26/03/13 05:06:14 INFO BlockManagerInfo: Added broadcast_48_piece0 in memory on 172.30.0.7:37987 (size: 16.3 KiB, free: 434.3 MiB)
[2026-03-13T05:06:14.140+0000] {subprocess.py:106} INFO - 26/03/13 05:06:14 INFO MemoryStore: Block broadcast_54 stored as values in memory (estimated size 32.0 KiB, free 433.4 MiB)
[2026-03-13T05:06:14.159+0000] {subprocess.py:106} INFO - 26/03/13 05:06:14 INFO MemoryStore: Block broadcast_54_piece0 stored as bytes in memory (estimated size 30.4 KiB, free 433.3 MiB)
[2026-03-13T05:06:14.160+0000] {subprocess.py:106} INFO - 26/03/13 05:06:14 INFO BlockManagerInfo: Added broadcast_54_piece0 in memory on 499f1d118d82:39745 (size: 30.4 KiB, free: 433.9 MiB)
[2026-03-13T05:06:14.161+0000] {subprocess.py:106} INFO - 26/03/13 05:06:14 INFO SparkContext: Created broadcast 54 from broadcast at SparkBatch.java:79
[2026-03-13T05:06:14.175+0000] {subprocess.py:106} INFO - 26/03/13 05:06:14 INFO BlockManagerInfo: Removed broadcast_47_piece0 on 499f1d118d82:39745 in memory (size: 17.5 KiB, free: 433.9 MiB)
[2026-03-13T05:06:14.176+0000] {subprocess.py:106} INFO - 26/03/13 05:06:14 INFO ShufflePartitionsUtil: For shuffle(10), advisory target size: 67108864, actual target size 1048576, minimum partition size: 1048576
[2026-03-13T05:06:14.177+0000] {subprocess.py:106} INFO - 26/03/13 05:06:14 INFO BlockManagerInfo: Removed broadcast_47_piece0 on 172.30.0.7:37987 in memory (size: 17.5 KiB, free: 434.3 MiB)
[2026-03-13T05:06:14.236+0000] {subprocess.py:106} INFO - 26/03/13 05:06:14 INFO BlockManagerInfo: Added broadcast_43_piece0 in memory on 172.30.0.7:37987 (size: 30.4 KiB, free: 434.3 MiB)
[2026-03-13T05:06:14.299+0000] {subprocess.py:106} INFO - 26/03/13 05:06:14 INFO CodeGenerator: Code generated in 71.282544 ms
[2026-03-13T05:06:14.326+0000] {subprocess.py:106} INFO - 26/03/13 05:06:14 INFO SparkContext: Starting job: $anonfun$withThreadLocalCaptured$1 at <unknown>:0
[2026-03-13T05:06:14.327+0000] {subprocess.py:106} INFO - 26/03/13 05:06:14 INFO DAGScheduler: Got job 22 ($anonfun$withThreadLocalCaptured$1 at <unknown>:0) with 1 output partitions
[2026-03-13T05:06:14.328+0000] {subprocess.py:106} INFO - 26/03/13 05:06:14 INFO DAGScheduler: Final stage: ResultStage 34 ($anonfun$withThreadLocalCaptured$1 at <unknown>:0)
[2026-03-13T05:06:14.328+0000] {subprocess.py:106} INFO - 26/03/13 05:06:14 INFO DAGScheduler: Parents of final stage: List(ShuffleMapStage 33)
[2026-03-13T05:06:14.329+0000] {subprocess.py:106} INFO - 26/03/13 05:06:14 INFO DAGScheduler: Missing parents: List()
[2026-03-13T05:06:14.329+0000] {subprocess.py:106} INFO - 26/03/13 05:06:14 INFO DAGScheduler: Submitting ResultStage 34 (MapPartitionsRDD[73] at $anonfun$withThreadLocalCaptured$1 at <unknown>:0), which has no missing parents
[2026-03-13T05:06:14.334+0000] {subprocess.py:106} INFO - 26/03/13 05:06:14 INFO MemoryStore: Block broadcast_55 stored as values in memory (estimated size 45.1 KiB, free 433.3 MiB)
[2026-03-13T05:06:14.346+0000] {subprocess.py:106} INFO - 26/03/13 05:06:14 INFO MemoryStore: Block broadcast_55_piece0 stored as bytes in memory (estimated size 19.9 KiB, free 433.3 MiB)
[2026-03-13T05:06:14.349+0000] {subprocess.py:106} INFO - 26/03/13 05:06:14 INFO BlockManagerInfo: Added broadcast_55_piece0 in memory on 499f1d118d82:39745 (size: 19.9 KiB, free: 433.9 MiB)
[2026-03-13T05:06:14.350+0000] {subprocess.py:106} INFO - 26/03/13 05:06:14 INFO BlockManagerInfo: Removed broadcast_54_piece0 on 499f1d118d82:39745 in memory (size: 30.4 KiB, free: 434.0 MiB)
[2026-03-13T05:06:14.351+0000] {subprocess.py:106} INFO - 26/03/13 05:06:14 INFO SparkContext: Created broadcast 55 from broadcast at DAGScheduler.scala:1585
[2026-03-13T05:06:14.356+0000] {subprocess.py:106} INFO - 26/03/13 05:06:14 INFO DAGScheduler: Submitting 1 missing tasks from ResultStage 34 (MapPartitionsRDD[73] at $anonfun$withThreadLocalCaptured$1 at <unknown>:0) (first 15 tasks are for partitions Vector(0))
[2026-03-13T05:06:14.357+0000] {subprocess.py:106} INFO - 26/03/13 05:06:14 INFO TaskSchedulerImpl: Adding task set 34.0 with 1 tasks resource profile 0
[2026-03-13T05:06:14.473+0000] {subprocess.py:106} INFO - 26/03/13 05:06:14 INFO TaskSetManager: Starting task 1.0 in stage 27.0 (TID 46) (172.30.0.7, executor 0, partition 1, PROCESS_LOCAL, 16539 bytes)
[2026-03-13T05:06:14.476+0000] {subprocess.py:106} INFO - 26/03/13 05:06:14 INFO TaskSetManager: Finished task 0.0 in stage 27.0 (TID 45) in 361 ms on 172.30.0.7 (executor 0) (1/4)
[2026-03-13T05:06:14.634+0000] {subprocess.py:106} INFO - 26/03/13 05:06:14 INFO TaskSetManager: Starting task 2.0 in stage 27.0 (TID 47) (172.30.0.7, executor 0, partition 2, PROCESS_LOCAL, 16539 bytes)
[2026-03-13T05:06:14.638+0000] {subprocess.py:106} INFO - 26/03/13 05:06:14 INFO TaskSetManager: Finished task 1.0 in stage 27.0 (TID 46) in 170 ms on 172.30.0.7 (executor 0) (2/4)
[2026-03-13T05:06:14.836+0000] {subprocess.py:106} INFO - 26/03/13 05:06:14 INFO TaskSetManager: Starting task 3.0 in stage 27.0 (TID 48) (172.30.0.7, executor 0, partition 3, PROCESS_LOCAL, 15615 bytes)
[2026-03-13T05:06:14.836+0000] {subprocess.py:106} INFO - 26/03/13 05:06:14 INFO TaskSetManager: Finished task 2.0 in stage 27.0 (TID 47) in 203 ms on 172.30.0.7 (executor 0) (3/4)
[2026-03-13T05:06:14.934+0000] {subprocess.py:106} INFO - 26/03/13 05:06:14 INFO TaskSetManager: Starting task 0.0 in stage 28.0 (TID 49) (172.30.0.7, executor 0, partition 0, PROCESS_LOCAL, 16202 bytes)
[2026-03-13T05:06:14.935+0000] {subprocess.py:106} INFO - 26/03/13 05:06:14 INFO TaskSetManager: Finished task 3.0 in stage 27.0 (TID 48) in 99 ms on 172.30.0.7 (executor 0) (4/4)
[2026-03-13T05:06:14.936+0000] {subprocess.py:106} INFO - 26/03/13 05:06:14 INFO TaskSchedulerImpl: Removed TaskSet 27.0, whose tasks have all completed, from pool
[2026-03-13T05:06:14.936+0000] {subprocess.py:106} INFO - 26/03/13 05:06:14 INFO DAGScheduler: ShuffleMapStage 27 (create at <unknown>:0) finished in 3.054 s
[2026-03-13T05:06:14.937+0000] {subprocess.py:106} INFO - 26/03/13 05:06:14 INFO DAGScheduler: looking for newly runnable stages
[2026-03-13T05:06:14.938+0000] {subprocess.py:106} INFO - 26/03/13 05:06:14 INFO DAGScheduler: running: Set(ResultStage 30, ResultStage 34, ResultStage 32, ShuffleMapStage 28)
[2026-03-13T05:06:14.944+0000] {subprocess.py:106} INFO - 26/03/13 05:06:14 INFO DAGScheduler: waiting: Set()
[2026-03-13T05:06:14.944+0000] {subprocess.py:106} INFO - 26/03/13 05:06:14 INFO DAGScheduler: failed: Set()
[2026-03-13T05:06:14.945+0000] {subprocess.py:106} INFO - 26/03/13 05:06:14 INFO BlockManagerInfo: Added broadcast_49_piece0 in memory on 172.30.0.7:37987 (size: 12.3 KiB, free: 434.3 MiB)
[2026-03-13T05:06:14.949+0000] {subprocess.py:106} INFO - 26/03/13 05:06:14 INFO MemoryStore: Block broadcast_56 stored as values in memory (estimated size 32.0 KiB, free 433.4 MiB)
[2026-03-13T05:06:14.968+0000] {subprocess.py:106} INFO - 26/03/13 05:06:14 INFO MemoryStore: Block broadcast_56_piece0 stored as bytes in memory (estimated size 30.3 KiB, free 433.3 MiB)
[2026-03-13T05:06:14.969+0000] {subprocess.py:106} INFO - 26/03/13 05:06:14 INFO BlockManagerInfo: Added broadcast_56_piece0 in memory on 499f1d118d82:39745 (size: 30.3 KiB, free: 433.9 MiB)
[2026-03-13T05:06:14.974+0000] {subprocess.py:106} INFO - 26/03/13 05:06:14 INFO SparkContext: Created broadcast 56 from broadcast at SparkBatch.java:79
[2026-03-13T05:06:14.975+0000] {subprocess.py:106} INFO - 26/03/13 05:06:14 INFO ShufflePartitionsUtil: For shuffle(11), advisory target size: 67108864, actual target size 1048576, minimum partition size: 1048576
[2026-03-13T05:06:14.977+0000] {subprocess.py:106} INFO - 26/03/13 05:06:14 INFO BlockManagerInfo: Removed broadcast_48_piece0 on 172.30.0.7:37987 in memory (size: 16.3 KiB, free: 434.3 MiB)
[2026-03-13T05:06:14.978+0000] {subprocess.py:106} INFO - 26/03/13 05:06:14 INFO BlockManagerInfo: Removed broadcast_48_piece0 on 499f1d118d82:39745 in memory (size: 16.3 KiB, free: 433.9 MiB)
[2026-03-13T05:06:15.000+0000] {subprocess.py:106} INFO - 26/03/13 05:06:14 INFO BlockManagerInfo: Added broadcast_44_piece0 in memory on 172.30.0.7:37987 (size: 30.3 KiB, free: 434.2 MiB)
[2026-03-13T05:06:15.051+0000] {subprocess.py:106} INFO - 26/03/13 05:06:15 INFO CodeGenerator: Code generated in 44.513167 ms
[2026-03-13T05:06:15.075+0000] {subprocess.py:106} INFO - 26/03/13 05:06:15 INFO SparkContext: Starting job: $anonfun$withThreadLocalCaptured$1 at <unknown>:0
[2026-03-13T05:06:15.080+0000] {subprocess.py:106} INFO - 26/03/13 05:06:15 INFO DAGScheduler: Got job 23 ($anonfun$withThreadLocalCaptured$1 at <unknown>:0) with 1 output partitions
[2026-03-13T05:06:15.081+0000] {subprocess.py:106} INFO - 26/03/13 05:06:15 INFO DAGScheduler: Final stage: ResultStage 36 ($anonfun$withThreadLocalCaptured$1 at <unknown>:0)
[2026-03-13T05:06:15.085+0000] {subprocess.py:106} INFO - 26/03/13 05:06:15 INFO DAGScheduler: Parents of final stage: List(ShuffleMapStage 35)
[2026-03-13T05:06:15.085+0000] {subprocess.py:106} INFO - 26/03/13 05:06:15 INFO DAGScheduler: Missing parents: List()
[2026-03-13T05:06:15.086+0000] {subprocess.py:106} INFO - 26/03/13 05:06:15 INFO DAGScheduler: Submitting ResultStage 36 (MapPartitionsRDD[76] at $anonfun$withThreadLocalCaptured$1 at <unknown>:0), which has no missing parents
[2026-03-13T05:06:15.087+0000] {subprocess.py:106} INFO - 26/03/13 05:06:15 INFO MemoryStore: Block broadcast_57 stored as values in memory (estimated size 42.1 KiB, free 433.3 MiB)
[2026-03-13T05:06:15.095+0000] {subprocess.py:106} INFO - 26/03/13 05:06:15 INFO MemoryStore: Block broadcast_57_piece0 stored as bytes in memory (estimated size 18.7 KiB, free 433.3 MiB)
[2026-03-13T05:06:15.096+0000] {subprocess.py:106} INFO - 26/03/13 05:06:15 INFO BlockManagerInfo: Removed broadcast_56_piece0 on 499f1d118d82:39745 in memory (size: 30.3 KiB, free: 434.0 MiB)
[2026-03-13T05:06:15.096+0000] {subprocess.py:106} INFO - 26/03/13 05:06:15 INFO BlockManagerInfo: Added broadcast_57_piece0 in memory on 499f1d118d82:39745 (size: 18.7 KiB, free: 434.0 MiB)
[2026-03-13T05:06:15.097+0000] {subprocess.py:106} INFO - 26/03/13 05:06:15 INFO SparkContext: Created broadcast 57 from broadcast at DAGScheduler.scala:1585
[2026-03-13T05:06:15.098+0000] {subprocess.py:106} INFO - 26/03/13 05:06:15 INFO DAGScheduler: Submitting 1 missing tasks from ResultStage 36 (MapPartitionsRDD[76] at $anonfun$withThreadLocalCaptured$1 at <unknown>:0) (first 15 tasks are for partitions Vector(0))
[2026-03-13T05:06:15.098+0000] {subprocess.py:106} INFO - 26/03/13 05:06:15 INFO TaskSchedulerImpl: Adding task set 36.0 with 1 tasks resource profile 0
[2026-03-13T05:06:15.258+0000] {subprocess.py:106} INFO - 26/03/13 05:06:15 INFO TaskSetManager: Starting task 1.0 in stage 28.0 (TID 50) (172.30.0.7, executor 0, partition 1, PROCESS_LOCAL, 16194 bytes)
[2026-03-13T05:06:15.264+0000] {subprocess.py:106} INFO - 26/03/13 05:06:15 INFO TaskSetManager: Finished task 0.0 in stage 28.0 (TID 49) in 325 ms on 172.30.0.7 (executor 0) (1/4)
[2026-03-13T05:06:15.426+0000] {subprocess.py:106} INFO - 26/03/13 05:06:15 INFO TaskSetManager: Starting task 2.0 in stage 28.0 (TID 51) (172.30.0.7, executor 0, partition 2, PROCESS_LOCAL, 16203 bytes)
[2026-03-13T05:06:15.432+0000] {subprocess.py:106} INFO - 26/03/13 05:06:15 INFO TaskSetManager: Finished task 1.0 in stage 28.0 (TID 50) in 169 ms on 172.30.0.7 (executor 0) (2/4)
[2026-03-13T05:06:15.649+0000] {subprocess.py:106} INFO - 26/03/13 05:06:15 INFO TaskSetManager: Starting task 3.0 in stage 28.0 (TID 52) (172.30.0.7, executor 0, partition 3, PROCESS_LOCAL, 15319 bytes)
[2026-03-13T05:06:15.650+0000] {subprocess.py:106} INFO - 26/03/13 05:06:15 INFO TaskSetManager: Finished task 2.0 in stage 28.0 (TID 51) in 224 ms on 172.30.0.7 (executor 0) (3/4)
[2026-03-13T05:06:15.786+0000] {subprocess.py:106} INFO - 26/03/13 05:06:15 INFO TaskSetManager: Starting task 0.0 in stage 30.0 (TID 53) (172.30.0.7, executor 0, partition 0, NODE_LOCAL, 9976 bytes)
[2026-03-13T05:06:15.787+0000] {subprocess.py:106} INFO - 26/03/13 05:06:15 INFO TaskSetManager: Finished task 3.0 in stage 28.0 (TID 52) in 138 ms on 172.30.0.7 (executor 0) (4/4)
[2026-03-13T05:06:15.788+0000] {subprocess.py:106} INFO - 26/03/13 05:06:15 INFO TaskSchedulerImpl: Removed TaskSet 28.0, whose tasks have all completed, from pool
[2026-03-13T05:06:15.788+0000] {subprocess.py:106} INFO - 26/03/13 05:06:15 INFO DAGScheduler: ShuffleMapStage 28 (create at <unknown>:0) finished in 3.838 s
[2026-03-13T05:06:15.789+0000] {subprocess.py:106} INFO - 26/03/13 05:06:15 INFO DAGScheduler: looking for newly runnable stages
[2026-03-13T05:06:15.789+0000] {subprocess.py:106} INFO - 26/03/13 05:06:15 INFO DAGScheduler: running: Set(ResultStage 30, ResultStage 34, ResultStage 32, ResultStage 36)
[2026-03-13T05:06:15.790+0000] {subprocess.py:106} INFO - 26/03/13 05:06:15 INFO DAGScheduler: waiting: Set()
[2026-03-13T05:06:15.790+0000] {subprocess.py:106} INFO - 26/03/13 05:06:15 INFO DAGScheduler: failed: Set()
[2026-03-13T05:06:15.800+0000] {subprocess.py:106} INFO - 26/03/13 05:06:15 INFO BlockManagerInfo: Added broadcast_51_piece0 in memory on 172.30.0.7:37987 (size: 18.7 KiB, free: 434.2 MiB)
[2026-03-13T05:06:15.808+0000] {subprocess.py:106} INFO - 26/03/13 05:06:15 INFO MemoryStore: Block broadcast_58 stored as values in memory (estimated size 32.0 KiB, free 433.4 MiB)
[2026-03-13T05:06:15.808+0000] {subprocess.py:106} INFO - 26/03/13 05:06:15 INFO MapOutputTrackerMasterEndpoint: Asked to send map output locations for shuffle 8 to 172.30.0.7:51492
[2026-03-13T05:06:15.834+0000] {subprocess.py:106} INFO - 26/03/13 05:06:15 INFO MemoryStore: Block broadcast_58_piece0 stored as bytes in memory (estimated size 30.4 KiB, free 433.3 MiB)
[2026-03-13T05:06:15.835+0000] {subprocess.py:106} INFO - 26/03/13 05:06:15 INFO BlockManagerInfo: Added broadcast_58_piece0 in memory on 499f1d118d82:39745 (size: 30.4 KiB, free: 433.9 MiB)
[2026-03-13T05:06:15.843+0000] {subprocess.py:106} INFO - 26/03/13 05:06:15 INFO BlockManagerInfo: Removed broadcast_49_piece0 on 499f1d118d82:39745 in memory (size: 12.3 KiB, free: 433.9 MiB)
[2026-03-13T05:06:15.845+0000] {subprocess.py:106} INFO - 26/03/13 05:06:15 INFO SparkContext: Created broadcast 58 from broadcast at SparkBatch.java:79
[2026-03-13T05:06:15.852+0000] {subprocess.py:106} INFO - 26/03/13 05:06:15 INFO BlockManagerInfo: Removed broadcast_49_piece0 on 172.30.0.7:37987 in memory (size: 12.3 KiB, free: 434.2 MiB)
[2026-03-13T05:06:15.858+0000] {subprocess.py:106} INFO - 26/03/13 05:06:15 INFO ShufflePartitionsUtil: For shuffle(12), advisory target size: 67108864, actual target size 1048576, minimum partition size: 1048576
[2026-03-13T05:06:15.899+0000] {subprocess.py:106} INFO - 26/03/13 05:06:15 INFO TaskSetManager: Starting task 0.0 in stage 32.0 (TID 54) (172.30.0.7, executor 0, partition 0, NODE_LOCAL, 9976 bytes)
[2026-03-13T05:06:15.918+0000] {subprocess.py:106} INFO - 26/03/13 05:06:15 INFO TaskSetManager: Finished task 0.0 in stage 30.0 (TID 53) in 133 ms on 172.30.0.7 (executor 0) (1/1)
[2026-03-13T05:06:15.919+0000] {subprocess.py:106} INFO - 26/03/13 05:06:15 INFO TaskSchedulerImpl: Removed TaskSet 30.0, whose tasks have all completed, from pool
[2026-03-13T05:06:15.923+0000] {subprocess.py:106} INFO - 26/03/13 05:06:15 INFO DAGScheduler: ResultStage 30 ($anonfun$withThreadLocalCaptured$1 at <unknown>:0) finished in 3.175 s
[2026-03-13T05:06:15.924+0000] {subprocess.py:106} INFO - 26/03/13 05:06:15 INFO DAGScheduler: Job 20 is finished. Cancelling potential speculative or zombie tasks for this job
[2026-03-13T05:06:15.925+0000] {subprocess.py:106} INFO - 26/03/13 05:06:15 INFO TaskSchedulerImpl: Killing all running tasks in stage 30: Stage finished
[2026-03-13T05:06:15.925+0000] {subprocess.py:106} INFO - 26/03/13 05:06:15 INFO DAGScheduler: Job 20 finished: $anonfun$withThreadLocalCaptured$1 at <unknown>:0, took 3.181623 s
[2026-03-13T05:06:15.944+0000] {subprocess.py:106} INFO - 26/03/13 05:06:15 INFO BlockManagerInfo: Added broadcast_53_piece0 in memory on 172.30.0.7:37987 (size: 19.7 KiB, free: 434.2 MiB)
[2026-03-13T05:06:15.951+0000] {subprocess.py:106} INFO - 26/03/13 05:06:15 INFO MapOutputTrackerMasterEndpoint: Asked to send map output locations for shuffle 9 to 172.30.0.7:51492
[2026-03-13T05:06:15.967+0000] {subprocess.py:106} INFO - 26/03/13 05:06:15 INFO BlockManagerInfo: Removed broadcast_51_piece0 on 499f1d118d82:39745 in memory (size: 18.7 KiB, free: 434.0 MiB)
[2026-03-13T05:06:15.968+0000] {subprocess.py:106} INFO - 26/03/13 05:06:15 INFO BlockManagerInfo: Removed broadcast_51_piece0 on 172.30.0.7:37987 in memory (size: 18.7 KiB, free: 434.2 MiB)
[2026-03-13T05:06:15.969+0000] {subprocess.py:106} INFO - 26/03/13 05:06:15 INFO CodeGenerator: Code generated in 19.305276 ms
[2026-03-13T05:06:15.977+0000] {subprocess.py:106} INFO - 26/03/13 05:06:15 INFO CodeGenerator: Code generated in 88.123764 ms
[2026-03-13T05:06:15.988+0000] {subprocess.py:106} INFO - 26/03/13 05:06:15 INFO BlockManagerInfo: Removed broadcast_58_piece0 on 499f1d118d82:39745 in memory (size: 30.4 KiB, free: 434.0 MiB)
[2026-03-13T05:06:15.992+0000] {subprocess.py:106} INFO - 26/03/13 05:06:15 INFO DAGScheduler: Registering RDD 79 (create at <unknown>:0) as input to shuffle 13
[2026-03-13T05:06:15.998+0000] {subprocess.py:106} INFO - 26/03/13 05:06:15 INFO DAGScheduler: Got map stage job 24 (create at <unknown>:0) with 1 output partitions
[2026-03-13T05:06:15.999+0000] {subprocess.py:106} INFO - 26/03/13 05:06:15 INFO DAGScheduler: Final stage: ShuffleMapStage 38 (create at <unknown>:0)
[2026-03-13T05:06:16.000+0000] {subprocess.py:106} INFO - 26/03/13 05:06:15 INFO DAGScheduler: Parents of final stage: List(ShuffleMapStage 37)
[2026-03-13T05:06:16.001+0000] {subprocess.py:106} INFO - 26/03/13 05:06:15 INFO DAGScheduler: Missing parents: List()
[2026-03-13T05:06:16.001+0000] {subprocess.py:106} INFO - 26/03/13 05:06:15 INFO DAGScheduler: Submitting ShuffleMapStage 38 (MapPartitionsRDD[79] at create at <unknown>:0), which has no missing parents
[2026-03-13T05:06:16.001+0000] {subprocess.py:106} INFO - 26/03/13 05:06:15 INFO MemoryStore: Block broadcast_59 stored as values in memory (estimated size 57.2 KiB, free 433.4 MiB)
[2026-03-13T05:06:16.005+0000] {subprocess.py:106} INFO - 26/03/13 05:06:16 INFO MemoryStore: Block broadcast_59_piece0 stored as bytes in memory (estimated size 21.7 KiB, free 433.4 MiB)
[2026-03-13T05:06:16.009+0000] {subprocess.py:106} INFO - 26/03/13 05:06:16 INFO BlockManagerInfo: Added broadcast_59_piece0 in memory on 499f1d118d82:39745 (size: 21.7 KiB, free: 434.0 MiB)
[2026-03-13T05:06:16.012+0000] {subprocess.py:106} INFO - 26/03/13 05:06:16 INFO SparkContext: Created broadcast 59 from broadcast at DAGScheduler.scala:1585
[2026-03-13T05:06:16.016+0000] {subprocess.py:106} INFO - 26/03/13 05:06:16 INFO DAGScheduler: Submitting 1 missing tasks from ShuffleMapStage 38 (MapPartitionsRDD[79] at create at <unknown>:0) (first 15 tasks are for partitions Vector(0))
[2026-03-13T05:06:16.016+0000] {subprocess.py:106} INFO - 26/03/13 05:06:16 INFO TaskSchedulerImpl: Adding task set 38.0 with 1 tasks resource profile 0
[2026-03-13T05:06:16.018+0000] {subprocess.py:106} INFO - 26/03/13 05:06:16 INFO TaskSetManager: Starting task 0.0 in stage 34.0 (TID 55) (172.30.0.7, executor 0, partition 0, NODE_LOCAL, 9976 bytes)
[2026-03-13T05:06:16.019+0000] {subprocess.py:106} INFO - 26/03/13 05:06:16 INFO TaskSetManager: Finished task 0.0 in stage 32.0 (TID 54) in 115 ms on 172.30.0.7 (executor 0) (1/1)
[2026-03-13T05:06:16.021+0000] {subprocess.py:106} INFO - 26/03/13 05:06:16 INFO TaskSchedulerImpl: Removed TaskSet 32.0, whose tasks have all completed, from pool
[2026-03-13T05:06:16.022+0000] {subprocess.py:106} INFO - 26/03/13 05:06:16 INFO DAGScheduler: ResultStage 32 ($anonfun$withThreadLocalCaptured$1 at <unknown>:0) finished in 2.530 s
[2026-03-13T05:06:16.023+0000] {subprocess.py:106} INFO - 26/03/13 05:06:16 INFO DAGScheduler: Job 21 is finished. Cancelling potential speculative or zombie tasks for this job
[2026-03-13T05:06:16.024+0000] {subprocess.py:106} INFO - 26/03/13 05:06:16 INFO TaskSchedulerImpl: Killing all running tasks in stage 32: Stage finished
[2026-03-13T05:06:16.025+0000] {subprocess.py:106} INFO - 26/03/13 05:06:16 INFO DAGScheduler: Job 21 finished: $anonfun$withThreadLocalCaptured$1 at <unknown>:0, took 2.534807 s
[2026-03-13T05:06:16.028+0000] {subprocess.py:106} INFO - 26/03/13 05:06:16 INFO MemoryStore: Block broadcast_60_piece0 stored as bytes in memory (estimated size 48.8 KiB, free 433.4 MiB)
[2026-03-13T05:06:16.029+0000] {subprocess.py:106} INFO - 26/03/13 05:06:16 INFO BlockManagerInfo: Added broadcast_60_piece0 in memory on 499f1d118d82:39745 (size: 48.8 KiB, free: 433.9 MiB)
[2026-03-13T05:06:16.031+0000] {subprocess.py:106} INFO - 26/03/13 05:06:16 INFO MemoryStore: Block broadcast_61_piece0 stored as bytes in memory (estimated size 554.0 B, free 433.4 MiB)
[2026-03-13T05:06:16.033+0000] {subprocess.py:106} INFO - 26/03/13 05:06:16 INFO SparkContext: Created broadcast 60 from $anonfun$withThreadLocalCaptured$1 at <unknown>:0
[2026-03-13T05:06:16.033+0000] {subprocess.py:106} INFO - 26/03/13 05:06:16 INFO BlockManagerInfo: Added broadcast_61_piece0 in memory on 499f1d118d82:39745 (size: 554.0 B, free: 433.9 MiB)
[2026-03-13T05:06:16.034+0000] {subprocess.py:106} INFO - 26/03/13 05:06:16 INFO SparkContext: Created broadcast 61 from $anonfun$withThreadLocalCaptured$1 at <unknown>:0
[2026-03-13T05:06:16.038+0000] {subprocess.py:106} INFO - 26/03/13 05:06:16 INFO BlockManagerInfo: Added broadcast_55_piece0 in memory on 172.30.0.7:37987 (size: 19.9 KiB, free: 434.2 MiB)
[2026-03-13T05:06:16.059+0000] {subprocess.py:106} INFO - 26/03/13 05:06:16 INFO MapOutputTrackerMasterEndpoint: Asked to send map output locations for shuffle 10 to 172.30.0.7:51492
[2026-03-13T05:06:16.067+0000] {subprocess.py:106} INFO - 26/03/13 05:06:16 INFO MemoryStore: Block broadcast_62 stored as values in memory (estimated size 32.0 KiB, free 433.3 MiB)
[2026-03-13T05:06:16.068+0000] {subprocess.py:106} INFO - 26/03/13 05:06:16 INFO MemoryStore: Block broadcast_62_piece0 stored as bytes in memory (estimated size 30.3 KiB, free 433.3 MiB)
[2026-03-13T05:06:16.069+0000] {subprocess.py:106} INFO - 26/03/13 05:06:16 INFO BlockManagerInfo: Added broadcast_62_piece0 in memory on 499f1d118d82:39745 (size: 30.3 KiB, free: 433.9 MiB)
[2026-03-13T05:06:16.075+0000] {subprocess.py:106} INFO - 26/03/13 05:06:16 INFO SparkContext: Created broadcast 62 from broadcast at SparkBatch.java:79
[2026-03-13T05:06:16.096+0000] {subprocess.py:106} INFO - 26/03/13 05:06:16 INFO MemoryStore: Block broadcast_63 stored as values in memory (estimated size 32.0 KiB, free 433.3 MiB)
[2026-03-13T05:06:16.112+0000] {subprocess.py:106} INFO - 26/03/13 05:06:16 INFO MemoryStore: Block broadcast_63_piece0 stored as bytes in memory (estimated size 30.4 KiB, free 433.2 MiB)
[2026-03-13T05:06:16.113+0000] {subprocess.py:106} INFO - 26/03/13 05:06:16 INFO BlockManagerInfo: Added broadcast_63_piece0 in memory on 499f1d118d82:39745 (size: 30.4 KiB, free: 433.9 MiB)
[2026-03-13T05:06:16.114+0000] {subprocess.py:106} INFO - 26/03/13 05:06:16 INFO BlockManagerInfo: Removed broadcast_62_piece0 on 499f1d118d82:39745 in memory (size: 30.3 KiB, free: 433.9 MiB)
[2026-03-13T05:06:16.114+0000] {subprocess.py:106} INFO - 26/03/13 05:06:16 INFO SparkContext: Created broadcast 63 from broadcast at SparkBatch.java:79
[2026-03-13T05:06:16.117+0000] {subprocess.py:106} INFO - 26/03/13 05:06:16 INFO TaskSetManager: Starting task 0.0 in stage 36.0 (TID 56) (172.30.0.7, executor 0, partition 0, NODE_LOCAL, 9976 bytes)
[2026-03-13T05:06:16.119+0000] {subprocess.py:106} INFO - 26/03/13 05:06:16 INFO TaskSetManager: Finished task 0.0 in stage 34.0 (TID 55) in 105 ms on 172.30.0.7 (executor 0) (1/1)
[2026-03-13T05:06:16.121+0000] {subprocess.py:106} INFO - 26/03/13 05:06:16 INFO TaskSchedulerImpl: Removed TaskSet 34.0, whose tasks have all completed, from pool
[2026-03-13T05:06:16.121+0000] {subprocess.py:106} INFO - 26/03/13 05:06:16 INFO DAGScheduler: ResultStage 34 ($anonfun$withThreadLocalCaptured$1 at <unknown>:0) finished in 1.788 s
[2026-03-13T05:06:16.122+0000] {subprocess.py:106} INFO - 26/03/13 05:06:16 INFO DAGScheduler: Job 22 is finished. Cancelling potential speculative or zombie tasks for this job
[2026-03-13T05:06:16.123+0000] {subprocess.py:106} INFO - 26/03/13 05:06:16 INFO TaskSchedulerImpl: Killing all running tasks in stage 34: Stage finished
[2026-03-13T05:06:16.124+0000] {subprocess.py:106} INFO - 26/03/13 05:06:16 INFO BlockManagerInfo: Removed broadcast_53_piece0 on 499f1d118d82:39745 in memory (size: 19.7 KiB, free: 433.9 MiB)
[2026-03-13T05:06:16.124+0000] {subprocess.py:106} INFO - 26/03/13 05:06:16 INFO DAGScheduler: Job 22 finished: $anonfun$withThreadLocalCaptured$1 at <unknown>:0, took 1.799688 s
[2026-03-13T05:06:16.128+0000] {subprocess.py:106} INFO - 26/03/13 05:06:16 INFO BlockManagerInfo: Removed broadcast_53_piece0 on 172.30.0.7:37987 in memory (size: 19.7 KiB, free: 434.2 MiB)
[2026-03-13T05:06:16.135+0000] {subprocess.py:106} INFO - 26/03/13 05:06:16 INFO BlockManagerInfo: Added broadcast_57_piece0 in memory on 172.30.0.7:37987 (size: 18.7 KiB, free: 434.2 MiB)
[2026-03-13T05:06:16.143+0000] {subprocess.py:106} INFO - 26/03/13 05:06:16 INFO MapOutputTrackerMasterEndpoint: Asked to send map output locations for shuffle 11 to 172.30.0.7:51492
[2026-03-13T05:06:16.148+0000] {subprocess.py:106} INFO - 26/03/13 05:06:16 INFO MemoryStore: Block broadcast_64_piece0 stored as bytes in memory (estimated size 18.3 KiB, free 433.3 MiB)
[2026-03-13T05:06:16.149+0000] {subprocess.py:106} INFO - 26/03/13 05:06:16 INFO BlockManagerInfo: Added broadcast_64_piece0 in memory on 499f1d118d82:39745 (size: 18.3 KiB, free: 433.9 MiB)
[2026-03-13T05:06:16.152+0000] {subprocess.py:106} INFO - 26/03/13 05:06:16 INFO SparkContext: Created broadcast 64 from $anonfun$withThreadLocalCaptured$1 at <unknown>:0
[2026-03-13T05:06:16.201+0000] {subprocess.py:106} INFO - 26/03/13 05:06:16 INFO TaskSetManager: Starting task 0.0 in stage 38.0 (TID 57) (172.30.0.7, executor 0, partition 0, NODE_LOCAL, 9965 bytes)
[2026-03-13T05:06:16.202+0000] {subprocess.py:106} INFO - 26/03/13 05:06:16 INFO MemoryStore: Block broadcast_65 stored as values in memory (estimated size 32.0 KiB, free 433.3 MiB)
[2026-03-13T05:06:16.203+0000] {subprocess.py:106} INFO - 26/03/13 05:06:16 INFO TaskSetManager: Finished task 0.0 in stage 36.0 (TID 56) in 84 ms on 172.30.0.7 (executor 0) (1/1)
[2026-03-13T05:06:16.204+0000] {subprocess.py:106} INFO - 26/03/13 05:06:16 INFO TaskSchedulerImpl: Removed TaskSet 36.0, whose tasks have all completed, from pool
[2026-03-13T05:06:16.208+0000] {subprocess.py:106} INFO - 26/03/13 05:06:16 INFO DAGScheduler: ResultStage 36 ($anonfun$withThreadLocalCaptured$1 at <unknown>:0) finished in 1.122 s
[2026-03-13T05:06:16.209+0000] {subprocess.py:106} INFO - 26/03/13 05:06:16 INFO DAGScheduler: Job 23 is finished. Cancelling potential speculative or zombie tasks for this job
[2026-03-13T05:06:16.210+0000] {subprocess.py:106} INFO - 26/03/13 05:06:16 INFO TaskSchedulerImpl: Killing all running tasks in stage 36: Stage finished
[2026-03-13T05:06:16.211+0000] {subprocess.py:106} INFO - 26/03/13 05:06:16 INFO DAGScheduler: Job 23 finished: $anonfun$withThreadLocalCaptured$1 at <unknown>:0, took 1.132936 s
[2026-03-13T05:06:16.212+0000] {subprocess.py:106} INFO - 26/03/13 05:06:16 INFO MemoryStore: Block broadcast_65_piece0 stored as bytes in memory (estimated size 30.3 KiB, free 433.3 MiB)
[2026-03-13T05:06:16.212+0000] {subprocess.py:106} INFO - 26/03/13 05:06:16 INFO BlockManagerInfo: Added broadcast_65_piece0 in memory on 499f1d118d82:39745 (size: 30.3 KiB, free: 433.9 MiB)
[2026-03-13T05:06:16.214+0000] {subprocess.py:106} INFO - 26/03/13 05:06:16 INFO SparkContext: Created broadcast 65 from broadcast at SparkBatch.java:79
[2026-03-13T05:06:16.216+0000] {subprocess.py:106} INFO - 26/03/13 05:06:16 INFO MemoryStore: Block broadcast_66_piece0 stored as bytes in memory (estimated size 285.0 B, free 433.3 MiB)
[2026-03-13T05:06:16.217+0000] {subprocess.py:106} INFO - 26/03/13 05:06:16 INFO BlockManagerInfo: Added broadcast_66_piece0 in memory on 499f1d118d82:39745 (size: 285.0 B, free: 433.9 MiB)
[2026-03-13T05:06:16.217+0000] {subprocess.py:106} INFO - 26/03/13 05:06:16 INFO SparkContext: Created broadcast 66 from $anonfun$withThreadLocalCaptured$1 at <unknown>:0
[2026-03-13T05:06:16.221+0000] {subprocess.py:106} INFO - 26/03/13 05:06:16 INFO BlockManagerInfo: Added broadcast_59_piece0 in memory on 172.30.0.7:37987 (size: 21.7 KiB, free: 434.2 MiB)
[2026-03-13T05:06:16.230+0000] {subprocess.py:106} INFO - 26/03/13 05:06:16 INFO MapOutputTrackerMasterEndpoint: Asked to send map output locations for shuffle 12 to 172.30.0.7:51492
[2026-03-13T05:06:16.247+0000] {subprocess.py:106} INFO - 26/03/13 05:06:16 INFO BlockManagerInfo: Removed broadcast_65_piece0 on 499f1d118d82:39745 in memory (size: 30.3 KiB, free: 433.9 MiB)
[2026-03-13T05:06:16.249+0000] {subprocess.py:106} INFO - 26/03/13 05:06:16 INFO MemoryStore: Block broadcast_67 stored as values in memory (estimated size 32.0 KiB, free 433.3 MiB)
[2026-03-13T05:06:16.250+0000] {subprocess.py:106} INFO - 26/03/13 05:06:16 INFO MemoryStore: Block broadcast_67_piece0 stored as bytes in memory (estimated size 30.4 KiB, free 433.3 MiB)
[2026-03-13T05:06:16.253+0000] {subprocess.py:106} INFO - 26/03/13 05:06:16 INFO BlockManagerInfo: Added broadcast_67_piece0 in memory on 499f1d118d82:39745 (size: 30.4 KiB, free: 433.9 MiB)
[2026-03-13T05:06:16.254+0000] {subprocess.py:106} INFO - 26/03/13 05:06:16 INFO SparkContext: Created broadcast 67 from broadcast at SparkBatch.java:79
[2026-03-13T05:06:16.254+0000] {subprocess.py:106} INFO - 26/03/13 05:06:16 INFO BlockManagerInfo: Removed broadcast_57_piece0 on 499f1d118d82:39745 in memory (size: 18.7 KiB, free: 433.9 MiB)
[2026-03-13T05:06:16.258+0000] {subprocess.py:106} INFO - 26/03/13 05:06:16 INFO BlockManagerInfo: Removed broadcast_57_piece0 on 172.30.0.7:37987 in memory (size: 18.7 KiB, free: 434.2 MiB)
[2026-03-13T05:06:16.265+0000] {subprocess.py:106} INFO - 26/03/13 05:06:16 INFO BlockManagerInfo: Removed broadcast_55_piece0 on 499f1d118d82:39745 in memory (size: 19.9 KiB, free: 433.9 MiB)
[2026-03-13T05:06:16.266+0000] {subprocess.py:106} INFO - 26/03/13 05:06:16 INFO BlockManagerInfo: Removed broadcast_55_piece0 on 172.30.0.7:37987 in memory (size: 19.9 KiB, free: 434.2 MiB)
[2026-03-13T05:06:16.284+0000] {subprocess.py:106} INFO - 26/03/13 05:06:16 INFO BlockManagerInfo: Removed broadcast_63_piece0 on 499f1d118d82:39745 in memory (size: 30.4 KiB, free: 433.9 MiB)
[2026-03-13T05:06:16.409+0000] {subprocess.py:106} INFO - 26/03/13 05:06:16 INFO TaskSetManager: Finished task 0.0 in stage 38.0 (TID 57) in 209 ms on 172.30.0.7 (executor 0) (1/1)
[2026-03-13T05:06:16.410+0000] {subprocess.py:106} INFO - 26/03/13 05:06:16 INFO TaskSchedulerImpl: Removed TaskSet 38.0, whose tasks have all completed, from pool
[2026-03-13T05:06:16.411+0000] {subprocess.py:106} INFO - 26/03/13 05:06:16 INFO DAGScheduler: ShuffleMapStage 38 (create at <unknown>:0) finished in 0.412 s
[2026-03-13T05:06:16.412+0000] {subprocess.py:106} INFO - 26/03/13 05:06:16 INFO DAGScheduler: looking for newly runnable stages
[2026-03-13T05:06:16.413+0000] {subprocess.py:106} INFO - 26/03/13 05:06:16 INFO DAGScheduler: running: Set()
[2026-03-13T05:06:16.414+0000] {subprocess.py:106} INFO - 26/03/13 05:06:16 INFO DAGScheduler: waiting: Set()
[2026-03-13T05:06:16.422+0000] {subprocess.py:106} INFO - 26/03/13 05:06:16 INFO DAGScheduler: failed: Set()
[2026-03-13T05:06:16.433+0000] {subprocess.py:106} INFO - 26/03/13 05:06:16 INFO MemoryStore: Block broadcast_68 stored as values in memory (estimated size 32.0 KiB, free 433.4 MiB)
[2026-03-13T05:06:16.462+0000] {subprocess.py:106} INFO - 26/03/13 05:06:16 INFO MemoryStore: Block broadcast_68_piece0 stored as bytes in memory (estimated size 30.3 KiB, free 433.4 MiB)
[2026-03-13T05:06:16.464+0000] {subprocess.py:106} INFO - 26/03/13 05:06:16 INFO BlockManagerInfo: Added broadcast_68_piece0 in memory on 499f1d118d82:39745 (size: 30.3 KiB, free: 433.9 MiB)
[2026-03-13T05:06:16.467+0000] {subprocess.py:106} INFO - 26/03/13 05:06:16 INFO SparkContext: Created broadcast 68 from broadcast at SparkBatch.java:79
[2026-03-13T05:06:16.475+0000] {subprocess.py:106} INFO - 26/03/13 05:06:16 INFO BlockManagerInfo: Removed broadcast_59_piece0 on 499f1d118d82:39745 in memory (size: 21.7 KiB, free: 433.9 MiB)
[2026-03-13T05:06:16.476+0000] {subprocess.py:106} INFO - 26/03/13 05:06:16 INFO ShufflePartitionsUtil: For shuffle(13), advisory target size: 67108864, actual target size 1048576, minimum partition size: 1048576
[2026-03-13T05:06:16.484+0000] {subprocess.py:106} INFO - 26/03/13 05:06:16 INFO BlockManagerInfo: Removed broadcast_59_piece0 on 172.30.0.7:37987 in memory (size: 21.7 KiB, free: 434.3 MiB)
[2026-03-13T05:06:16.522+0000] {subprocess.py:106} INFO - 26/03/13 05:06:16 INFO BlockManagerInfo: Removed broadcast_67_piece0 on 499f1d118d82:39745 in memory (size: 30.4 KiB, free: 433.9 MiB)
[2026-03-13T05:06:16.564+0000] {subprocess.py:106} INFO - 26/03/13 05:06:16 INFO CodeGenerator: Code generated in 34.330224 ms
[2026-03-13T05:06:16.614+0000] {subprocess.py:106} INFO - 26/03/13 05:06:16 INFO SparkContext: Starting job: $anonfun$withThreadLocalCaptured$1 at <unknown>:0
[2026-03-13T05:06:16.618+0000] {subprocess.py:106} INFO - 26/03/13 05:06:16 INFO DAGScheduler: Got job 25 ($anonfun$withThreadLocalCaptured$1 at <unknown>:0) with 1 output partitions
[2026-03-13T05:06:16.619+0000] {subprocess.py:106} INFO - 26/03/13 05:06:16 INFO DAGScheduler: Final stage: ResultStage 41 ($anonfun$withThreadLocalCaptured$1 at <unknown>:0)
[2026-03-13T05:06:16.620+0000] {subprocess.py:106} INFO - 26/03/13 05:06:16 INFO DAGScheduler: Parents of final stage: List(ShuffleMapStage 40)
[2026-03-13T05:06:16.620+0000] {subprocess.py:106} INFO - 26/03/13 05:06:16 INFO DAGScheduler: Missing parents: List()
[2026-03-13T05:06:16.622+0000] {subprocess.py:106} INFO - 26/03/13 05:06:16 INFO DAGScheduler: Submitting ResultStage 41 (MapPartitionsRDD[82] at $anonfun$withThreadLocalCaptured$1 at <unknown>:0), which has no missing parents
[2026-03-13T05:06:16.625+0000] {subprocess.py:106} INFO - 26/03/13 05:06:16 INFO MemoryStore: Block broadcast_69 stored as values in memory (estimated size 49.4 KiB, free 433.5 MiB)
[2026-03-13T05:06:16.627+0000] {subprocess.py:106} INFO - 26/03/13 05:06:16 INFO MemoryStore: Block broadcast_69_piece0 stored as bytes in memory (estimated size 20.9 KiB, free 433.5 MiB)
[2026-03-13T05:06:16.629+0000] {subprocess.py:106} INFO - 26/03/13 05:06:16 INFO BlockManagerInfo: Added broadcast_69_piece0 in memory on 499f1d118d82:39745 (size: 20.9 KiB, free: 433.9 MiB)
[2026-03-13T05:06:16.630+0000] {subprocess.py:106} INFO - 26/03/13 05:06:16 INFO SparkContext: Created broadcast 69 from broadcast at DAGScheduler.scala:1585
[2026-03-13T05:06:16.631+0000] {subprocess.py:106} INFO - 26/03/13 05:06:16 INFO DAGScheduler: Submitting 1 missing tasks from ResultStage 41 (MapPartitionsRDD[82] at $anonfun$withThreadLocalCaptured$1 at <unknown>:0) (first 15 tasks are for partitions Vector(0))
[2026-03-13T05:06:16.632+0000] {subprocess.py:106} INFO - 26/03/13 05:06:16 INFO TaskSchedulerImpl: Adding task set 41.0 with 1 tasks resource profile 0
[2026-03-13T05:06:16.642+0000] {subprocess.py:106} INFO - 26/03/13 05:06:16 INFO TaskSetManager: Starting task 0.0 in stage 41.0 (TID 58) (172.30.0.7, executor 0, partition 0, NODE_LOCAL, 9976 bytes)
[2026-03-13T05:06:16.668+0000] {subprocess.py:106} INFO - 26/03/13 05:06:16 INFO BlockManagerInfo: Added broadcast_69_piece0 in memory on 172.30.0.7:37987 (size: 20.9 KiB, free: 434.2 MiB)
[2026-03-13T05:06:16.677+0000] {subprocess.py:106} INFO - 26/03/13 05:06:16 INFO MapOutputTrackerMasterEndpoint: Asked to send map output locations for shuffle 13 to 172.30.0.7:51492
[2026-03-13T05:06:16.700+0000] {subprocess.py:106} INFO - 26/03/13 05:06:16 INFO BlockManagerInfo: Removed broadcast_68_piece0 on 499f1d118d82:39745 in memory (size: 30.3 KiB, free: 434.0 MiB)
[2026-03-13T05:06:16.796+0000] {subprocess.py:106} INFO - 26/03/13 05:06:16 INFO TaskSetManager: Finished task 0.0 in stage 41.0 (TID 58) in 157 ms on 172.30.0.7 (executor 0) (1/1)
[2026-03-13T05:06:16.798+0000] {subprocess.py:106} INFO - 26/03/13 05:06:16 INFO TaskSchedulerImpl: Removed TaskSet 41.0, whose tasks have all completed, from pool
[2026-03-13T05:06:16.798+0000] {subprocess.py:106} INFO - 26/03/13 05:06:16 INFO DAGScheduler: ResultStage 41 ($anonfun$withThreadLocalCaptured$1 at <unknown>:0) finished in 0.176 s
[2026-03-13T05:06:16.799+0000] {subprocess.py:106} INFO - 26/03/13 05:06:16 INFO DAGScheduler: Job 25 is finished. Cancelling potential speculative or zombie tasks for this job
[2026-03-13T05:06:16.799+0000] {subprocess.py:106} INFO - 26/03/13 05:06:16 INFO TaskSchedulerImpl: Killing all running tasks in stage 41: Stage finished
[2026-03-13T05:06:16.800+0000] {subprocess.py:106} INFO - 26/03/13 05:06:16 INFO DAGScheduler: Job 25 finished: $anonfun$withThreadLocalCaptured$1 at <unknown>:0, took 0.185356 s
[2026-03-13T05:06:16.819+0000] {subprocess.py:106} INFO - 26/03/13 05:06:16 INFO CodeGenerator: Code generated in 17.117854 ms
[2026-03-13T05:06:16.829+0000] {subprocess.py:106} INFO - 26/03/13 05:06:16 INFO MemoryStore: Block broadcast_70_piece0 stored as bytes in memory (estimated size 560.0 B, free 433.5 MiB)
[2026-03-13T05:06:16.833+0000] {subprocess.py:106} INFO - 26/03/13 05:06:16 INFO BlockManagerInfo: Added broadcast_70_piece0 in memory on 499f1d118d82:39745 (size: 560.0 B, free: 434.0 MiB)
[2026-03-13T05:06:16.838+0000] {subprocess.py:106} INFO - 26/03/13 05:06:16 INFO SparkContext: Created broadcast 70 from $anonfun$withThreadLocalCaptured$1 at <unknown>:0
[2026-03-13T05:06:16.868+0000] {subprocess.py:106} INFO - 26/03/13 05:06:16 INFO MemoryStore: Block broadcast_71 stored as values in memory (estimated size 32.0 KiB, free 433.5 MiB)
[2026-03-13T05:06:16.901+0000] {subprocess.py:106} INFO - 26/03/13 05:06:16 INFO MemoryStore: Block broadcast_71_piece0 stored as bytes in memory (estimated size 30.4 KiB, free 433.5 MiB)
[2026-03-13T05:06:16.904+0000] {subprocess.py:106} INFO - 26/03/13 05:06:16 INFO BlockManagerInfo: Added broadcast_71_piece0 in memory on 499f1d118d82:39745 (size: 30.4 KiB, free: 433.9 MiB)
[2026-03-13T05:06:16.907+0000] {subprocess.py:106} INFO - 26/03/13 05:06:16 INFO SparkContext: Created broadcast 71 from broadcast at SparkBatch.java:79
[2026-03-13T05:06:16.908+0000] {subprocess.py:106} INFO - 26/03/13 05:06:16 INFO BlockManagerInfo: Removed broadcast_69_piece0 on 499f1d118d82:39745 in memory (size: 20.9 KiB, free: 433.9 MiB)
[2026-03-13T05:06:16.912+0000] {subprocess.py:106} INFO - 26/03/13 05:06:16 INFO BlockManagerInfo: Removed broadcast_69_piece0 on 172.30.0.7:37987 in memory (size: 20.9 KiB, free: 434.3 MiB)
[2026-03-13T05:06:17.004+0000] {subprocess.py:106} INFO - 26/03/13 05:06:17 INFO TorrentBroadcast: Started reading broadcast variable 60 with 1 pieces (estimated total size 4.0 MiB)
[2026-03-13T05:06:17.015+0000] {subprocess.py:106} INFO - 26/03/13 05:06:17 INFO TorrentBroadcast: Reading broadcast variable 60 took 10 ms
[2026-03-13T05:06:17.033+0000] {subprocess.py:106} INFO - 26/03/13 05:06:17 INFO TorrentBroadcast: Started reading broadcast variable 61 with 1 pieces (estimated total size 4.0 MiB)
[2026-03-13T05:06:17.034+0000] {subprocess.py:106} INFO - 26/03/13 05:06:17 INFO TorrentBroadcast: Reading broadcast variable 61 took 0 ms
[2026-03-13T05:06:17.042+0000] {subprocess.py:106} INFO - 26/03/13 05:06:17 INFO BlockManagerInfo: Removed broadcast_71_piece0 on 499f1d118d82:39745 in memory (size: 30.4 KiB, free: 434.0 MiB)
[2026-03-13T05:06:17.046+0000] {subprocess.py:106} INFO - 26/03/13 05:06:17 INFO TorrentBroadcast: Started reading broadcast variable 64 with 1 pieces (estimated total size 4.0 MiB)
[2026-03-13T05:06:17.048+0000] {subprocess.py:106} INFO - 26/03/13 05:06:17 INFO TorrentBroadcast: Reading broadcast variable 64 took 0 ms
[2026-03-13T05:06:17.053+0000] {subprocess.py:106} INFO - 26/03/13 05:06:17 INFO TorrentBroadcast: Started reading broadcast variable 66 with 1 pieces (estimated total size 4.0 MiB)
[2026-03-13T05:06:17.054+0000] {subprocess.py:106} INFO - 26/03/13 05:06:17 INFO TorrentBroadcast: Reading broadcast variable 66 took 0 ms
[2026-03-13T05:06:17.058+0000] {subprocess.py:106} INFO - 26/03/13 05:06:17 INFO TorrentBroadcast: Started reading broadcast variable 70 with 1 pieces (estimated total size 4.0 MiB)
[2026-03-13T05:06:17.059+0000] {subprocess.py:106} INFO - 26/03/13 05:06:17 INFO TorrentBroadcast: Reading broadcast variable 70 took 0 ms
[2026-03-13T05:06:17.128+0000] {subprocess.py:106} INFO - 26/03/13 05:06:17 INFO CodeGenerator: Code generated in 52.192741 ms
[2026-03-13T05:06:17.136+0000] {subprocess.py:106} INFO - 26/03/13 05:06:17 INFO DAGScheduler: Registering RDD 86 (create at <unknown>:0) as input to shuffle 14
[2026-03-13T05:06:17.137+0000] {subprocess.py:106} INFO - 26/03/13 05:06:17 INFO DAGScheduler: Got map stage job 26 (create at <unknown>:0) with 4 output partitions
[2026-03-13T05:06:17.138+0000] {subprocess.py:106} INFO - 26/03/13 05:06:17 INFO DAGScheduler: Final stage: ShuffleMapStage 42 (create at <unknown>:0)
[2026-03-13T05:06:17.138+0000] {subprocess.py:106} INFO - 26/03/13 05:06:17 INFO DAGScheduler: Parents of final stage: List()
[2026-03-13T05:06:17.139+0000] {subprocess.py:106} INFO - 26/03/13 05:06:17 INFO DAGScheduler: Missing parents: List()
[2026-03-13T05:06:17.139+0000] {subprocess.py:106} INFO - 26/03/13 05:06:17 INFO DAGScheduler: Submitting ShuffleMapStage 42 (MapPartitionsRDD[86] at create at <unknown>:0), which has no missing parents
[2026-03-13T05:06:17.140+0000] {subprocess.py:106} INFO - 26/03/13 05:06:17 INFO MemoryStore: Block broadcast_72 stored as values in memory (estimated size 39.3 KiB, free 433.6 MiB)
[2026-03-13T05:06:17.141+0000] {subprocess.py:106} INFO - 26/03/13 05:06:17 INFO MemoryStore: Block broadcast_72_piece0 stored as bytes in memory (estimated size 13.6 KiB, free 433.6 MiB)
[2026-03-13T05:06:17.141+0000] {subprocess.py:106} INFO - 26/03/13 05:06:17 INFO BlockManagerInfo: Added broadcast_72_piece0 in memory on 499f1d118d82:39745 (size: 13.6 KiB, free: 434.0 MiB)
[2026-03-13T05:06:17.142+0000] {subprocess.py:106} INFO - 26/03/13 05:06:17 INFO SparkContext: Created broadcast 72 from broadcast at DAGScheduler.scala:1585
[2026-03-13T05:06:17.143+0000] {subprocess.py:106} INFO - 26/03/13 05:06:17 INFO DAGScheduler: Submitting 4 missing tasks from ShuffleMapStage 42 (MapPartitionsRDD[86] at create at <unknown>:0) (first 15 tasks are for partitions Vector(0, 1, 2, 3))
[2026-03-13T05:06:17.143+0000] {subprocess.py:106} INFO - 26/03/13 05:06:17 INFO TaskSchedulerImpl: Adding task set 42.0 with 4 tasks resource profile 0
[2026-03-13T05:06:17.145+0000] {subprocess.py:106} INFO - 26/03/13 05:06:17 INFO TaskSetManager: Starting task 0.0 in stage 42.0 (TID 59) (172.30.0.7, executor 0, partition 0, PROCESS_LOCAL, 17156 bytes)
[2026-03-13T05:06:17.157+0000] {subprocess.py:106} INFO - 26/03/13 05:06:17 INFO BlockManagerInfo: Added broadcast_72_piece0 in memory on 172.30.0.7:37987 (size: 13.6 KiB, free: 434.2 MiB)
[2026-03-13T05:06:17.197+0000] {subprocess.py:106} INFO - 26/03/13 05:06:17 INFO BlockManagerInfo: Added broadcast_60_piece0 in memory on 172.30.0.7:37987 (size: 48.8 KiB, free: 434.2 MiB)
[2026-03-13T05:06:17.215+0000] {subprocess.py:106} INFO - 26/03/13 05:06:17 INFO BlockManagerInfo: Added broadcast_61_piece0 in memory on 172.30.0.7:37987 (size: 554.0 B, free: 434.2 MiB)
[2026-03-13T05:06:17.224+0000] {subprocess.py:106} INFO - 26/03/13 05:06:17 INFO BlockManagerInfo: Added broadcast_64_piece0 in memory on 172.30.0.7:37987 (size: 18.3 KiB, free: 434.2 MiB)
[2026-03-13T05:06:17.234+0000] {subprocess.py:106} INFO - 26/03/13 05:06:17 INFO BlockManagerInfo: Added broadcast_66_piece0 in memory on 172.30.0.7:37987 (size: 285.0 B, free: 434.2 MiB)
[2026-03-13T05:06:17.258+0000] {subprocess.py:106} INFO - 26/03/13 05:06:17 INFO BlockManagerInfo: Added broadcast_70_piece0 in memory on 172.30.0.7:37987 (size: 560.0 B, free: 434.2 MiB)
[2026-03-13T05:06:17.325+0000] {subprocess.py:106} INFO - 26/03/13 05:06:17 INFO BlockManagerInfo: Added broadcast_39_piece0 in memory on 172.30.0.7:37987 (size: 30.4 KiB, free: 434.1 MiB)
[2026-03-13T05:06:17.555+0000] {subprocess.py:106} INFO - 26/03/13 05:06:17 INFO TaskSetManager: Starting task 1.0 in stage 42.0 (TID 60) (172.30.0.7, executor 0, partition 1, PROCESS_LOCAL, 17157 bytes)
[2026-03-13T05:06:17.558+0000] {subprocess.py:106} INFO - 26/03/13 05:06:17 INFO TaskSetManager: Finished task 0.0 in stage 42.0 (TID 59) in 412 ms on 172.30.0.7 (executor 0) (1/4)
[2026-03-13T05:06:17.786+0000] {subprocess.py:106} INFO - 26/03/13 05:06:17 INFO TaskSetManager: Starting task 2.0 in stage 42.0 (TID 61) (172.30.0.7, executor 0, partition 2, PROCESS_LOCAL, 17156 bytes)
[2026-03-13T05:06:17.788+0000] {subprocess.py:106} INFO - 26/03/13 05:06:17 INFO TaskSetManager: Finished task 1.0 in stage 42.0 (TID 60) in 231 ms on 172.30.0.7 (executor 0) (2/4)
[2026-03-13T05:06:18.539+0000] {subprocess.py:106} INFO - 26/03/13 05:06:18 INFO TaskSetManager: Starting task 3.0 in stage 42.0 (TID 62) (172.30.0.7, executor 0, partition 3, PROCESS_LOCAL, 16234 bytes)
[2026-03-13T05:06:18.540+0000] {subprocess.py:106} INFO - 26/03/13 05:06:18 INFO TaskSetManager: Finished task 2.0 in stage 42.0 (TID 61) in 753 ms on 172.30.0.7 (executor 0) (3/4)
[2026-03-13T05:06:18.673+0000] {subprocess.py:106} INFO - 26/03/13 05:06:18 INFO TaskSetManager: Finished task 3.0 in stage 42.0 (TID 62) in 135 ms on 172.30.0.7 (executor 0) (4/4)
[2026-03-13T05:06:18.674+0000] {subprocess.py:106} INFO - 26/03/13 05:06:18 INFO TaskSchedulerImpl: Removed TaskSet 42.0, whose tasks have all completed, from pool
[2026-03-13T05:06:18.675+0000] {subprocess.py:106} INFO - 26/03/13 05:06:18 INFO DAGScheduler: ShuffleMapStage 42 (create at <unknown>:0) finished in 1.535 s
[2026-03-13T05:06:18.675+0000] {subprocess.py:106} INFO - 26/03/13 05:06:18 INFO DAGScheduler: looking for newly runnable stages
[2026-03-13T05:06:18.676+0000] {subprocess.py:106} INFO - 26/03/13 05:06:18 INFO DAGScheduler: running: Set()
[2026-03-13T05:06:18.676+0000] {subprocess.py:106} INFO - 26/03/13 05:06:18 INFO DAGScheduler: waiting: Set()
[2026-03-13T05:06:18.677+0000] {subprocess.py:106} INFO - 26/03/13 05:06:18 INFO DAGScheduler: failed: Set()
[2026-03-13T05:06:18.678+0000] {subprocess.py:106} INFO - 26/03/13 05:06:18 INFO ShufflePartitionsUtil: For shuffle(14), advisory target size: 402653184, actual target size 1048576, minimum partition size: 1048576
[2026-03-13T05:06:18.706+0000] {subprocess.py:106} INFO - 26/03/13 05:06:18 INFO MemoryStore: Block broadcast_73 stored as values in memory (estimated size 32.0 KiB, free 433.5 MiB)
[2026-03-13T05:06:18.709+0000] {subprocess.py:106} INFO - 26/03/13 05:06:18 INFO MemoryStore: Block broadcast_73_piece0 stored as bytes in memory (estimated size 29.9 KiB, free 433.5 MiB)
[2026-03-13T05:06:18.709+0000] {subprocess.py:106} INFO - 26/03/13 05:06:18 INFO BlockManagerInfo: Added broadcast_73_piece0 in memory on 499f1d118d82:39745 (size: 29.9 KiB, free: 433.9 MiB)
[2026-03-13T05:06:18.710+0000] {subprocess.py:106} INFO - 26/03/13 05:06:18 INFO SparkContext: Created broadcast 73 from broadcast at SparkWrite.java:193
[2026-03-13T05:06:18.711+0000] {subprocess.py:106} INFO - 26/03/13 05:06:18 INFO AppendDataExec: Start processing data source write support: IcebergBatchWrite(table=gold.fact_job_posting, format=PARQUET). The input RDD has 1 partitions.
[2026-03-13T05:06:18.713+0000] {subprocess.py:106} INFO - 26/03/13 05:06:18 INFO SparkContext: Starting job: create at <unknown>:0
[2026-03-13T05:06:18.714+0000] {subprocess.py:106} INFO - 26/03/13 05:06:18 INFO DAGScheduler: Got job 27 (create at <unknown>:0) with 1 output partitions
[2026-03-13T05:06:18.718+0000] {subprocess.py:106} INFO - 26/03/13 05:06:18 INFO DAGScheduler: Final stage: ResultStage 44 (create at <unknown>:0)
[2026-03-13T05:06:18.719+0000] {subprocess.py:106} INFO - 26/03/13 05:06:18 INFO DAGScheduler: Parents of final stage: List(ShuffleMapStage 43)
[2026-03-13T05:06:18.720+0000] {subprocess.py:106} INFO - 26/03/13 05:06:18 INFO DAGScheduler: Missing parents: List()
[2026-03-13T05:06:18.721+0000] {subprocess.py:106} INFO - 26/03/13 05:06:18 INFO DAGScheduler: Submitting ResultStage 44 (ShuffledRowRDD[87] at create at <unknown>:0), which has no missing parents
[2026-03-13T05:06:18.726+0000] {subprocess.py:106} INFO - 26/03/13 05:06:18 INFO MemoryStore: Block broadcast_74 stored as values in memory (estimated size 10.7 KiB, free 433.5 MiB)
[2026-03-13T05:06:18.735+0000] {subprocess.py:106} INFO - 26/03/13 05:06:18 INFO MemoryStore: Block broadcast_74_piece0 stored as bytes in memory (estimated size 5.7 KiB, free 433.5 MiB)
[2026-03-13T05:06:18.736+0000] {subprocess.py:106} INFO - 26/03/13 05:06:18 INFO BlockManagerInfo: Added broadcast_74_piece0 in memory on 499f1d118d82:39745 (size: 5.7 KiB, free: 433.9 MiB)
[2026-03-13T05:06:18.739+0000] {subprocess.py:106} INFO - 26/03/13 05:06:18 INFO SparkContext: Created broadcast 74 from broadcast at DAGScheduler.scala:1585
[2026-03-13T05:06:18.740+0000] {subprocess.py:106} INFO - 26/03/13 05:06:18 INFO BlockManagerInfo: Removed broadcast_72_piece0 on 499f1d118d82:39745 in memory (size: 13.6 KiB, free: 433.9 MiB)
[2026-03-13T05:06:18.741+0000] {subprocess.py:106} INFO - 26/03/13 05:06:18 INFO DAGScheduler: Submitting 1 missing tasks from ResultStage 44 (ShuffledRowRDD[87] at create at <unknown>:0) (first 15 tasks are for partitions Vector(0))
[2026-03-13T05:06:18.742+0000] {subprocess.py:106} INFO - 26/03/13 05:06:18 INFO TaskSchedulerImpl: Adding task set 44.0 with 1 tasks resource profile 0
[2026-03-13T05:06:18.743+0000] {subprocess.py:106} INFO - 26/03/13 05:06:18 INFO TaskSetManager: Starting task 0.0 in stage 44.0 (TID 63) (172.30.0.7, executor 0, partition 0, NODE_LOCAL, 9976 bytes)
[2026-03-13T05:06:18.745+0000] {subprocess.py:106} INFO - 26/03/13 05:06:18 INFO BlockManagerInfo: Removed broadcast_72_piece0 on 172.30.0.7:37987 in memory (size: 13.6 KiB, free: 434.2 MiB)
[2026-03-13T05:06:18.756+0000] {subprocess.py:106} INFO - 26/03/13 05:06:18 INFO BlockManagerInfo: Added broadcast_74_piece0 in memory on 172.30.0.7:37987 (size: 5.7 KiB, free: 434.1 MiB)
[2026-03-13T05:06:18.761+0000] {subprocess.py:106} INFO - 26/03/13 05:06:18 INFO MapOutputTrackerMasterEndpoint: Asked to send map output locations for shuffle 14 to 172.30.0.7:51492
[2026-03-13T05:06:18.774+0000] {subprocess.py:106} INFO - 26/03/13 05:06:18 INFO BlockManagerInfo: Added broadcast_73_piece0 in memory on 172.30.0.7:37987 (size: 29.9 KiB, free: 434.1 MiB)
[2026-03-13T05:06:27.010+0000] {subprocess.py:106} INFO - 26/03/13 05:06:27 INFO TaskSetManager: Finished task 0.0 in stage 44.0 (TID 63) in 8272 ms on 172.30.0.7 (executor 0) (1/1)
[2026-03-13T05:06:27.013+0000] {subprocess.py:106} INFO - 26/03/13 05:06:27 INFO DAGScheduler: ResultStage 44 (create at <unknown>:0) finished in 8.294 s
[2026-03-13T05:06:27.019+0000] {subprocess.py:106} INFO - 26/03/13 05:06:27 INFO DAGScheduler: Job 27 is finished. Cancelling potential speculative or zombie tasks for this job
[2026-03-13T05:06:27.019+0000] {subprocess.py:106} INFO - 26/03/13 05:06:27 INFO TaskSchedulerImpl: Removed TaskSet 44.0, whose tasks have all completed, from pool
[2026-03-13T05:06:27.020+0000] {subprocess.py:106} INFO - 26/03/13 05:06:27 INFO TaskSchedulerImpl: Killing all running tasks in stage 44: Stage finished
[2026-03-13T05:06:27.021+0000] {subprocess.py:106} INFO - 26/03/13 05:06:27 INFO DAGScheduler: Job 27 finished: create at <unknown>:0, took 8.299488 s
[2026-03-13T05:06:27.032+0000] {subprocess.py:106} INFO - 26/03/13 05:06:27 INFO AppendDataExec: Data source write support IcebergBatchWrite(table=gold.fact_job_posting, format=PARQUET) is committing.
[2026-03-13T05:06:27.032+0000] {subprocess.py:106} INFO - 26/03/13 05:06:27 INFO SparkWrite: Committing append with 170 new data files to table gold.fact_job_posting
[2026-03-13T05:06:27.229+0000] {subprocess.py:106} INFO - 26/03/13 05:06:27 INFO SnapshotProducer: Committed snapshot 6961096967915871195 (MergeAppend)
[2026-03-13T05:06:27.246+0000] {subprocess.py:106} INFO - 26/03/13 05:06:27 INFO LoggingMetricsReporter: Received metrics report: CommitReport{tableName=gold.fact_job_posting, snapshotId=6961096967915871195, sequenceNumber=1, operation=append, commitMetrics=CommitMetricsResult{totalDuration=TimerResult{timeUnit=NANOSECONDS, totalDuration=PT0.228871073S, count=1}, attempts=CounterResult{unit=COUNT, value=1}, addedDataFiles=CounterResult{unit=COUNT, value=170}, removedDataFiles=null, totalDataFiles=CounterResult{unit=COUNT, value=170}, addedDeleteFiles=null, addedEqualityDeleteFiles=null, addedPositionalDeleteFiles=null, removedDeleteFiles=null, removedEqualityDeleteFiles=null, removedPositionalDeleteFiles=null, totalDeleteFiles=CounterResult{unit=COUNT, value=0}, addedRecords=CounterResult{unit=COUNT, value=40306}, removedRecords=null, totalRecords=CounterResult{unit=COUNT, value=40306}, addedFilesSizeInBytes=CounterResult{unit=BYTES, value=1550700}, removedFilesSizeInBytes=null, totalFilesSizeInBytes=CounterResult{unit=BYTES, value=1550700}, addedPositionalDeletes=null, removedPositionalDeletes=null, totalPositionalDeletes=CounterResult{unit=COUNT, value=0}, addedEqualityDeletes=null, removedEqualityDeletes=null, totalEqualityDeletes=CounterResult{unit=COUNT, value=0}}, metadata={engine-version=3.5.3, app-id=app-20260313050541-0002, engine-name=spark, iceberg-version=Apache Iceberg 1.6.1 (commit 8e9d59d299be42b0bca9461457cd1e95dbaad086)}}
[2026-03-13T05:06:27.247+0000] {subprocess.py:106} INFO - 26/03/13 05:06:27 INFO SparkWrite: Committed in 229 ms
[2026-03-13T05:06:27.248+0000] {subprocess.py:106} INFO - 26/03/13 05:06:27 INFO AppendDataExec: Data source write support IcebergBatchWrite(table=gold.fact_job_posting, format=PARQUET) committed.
[2026-03-13T05:06:27.394+0000] {subprocess.py:106} INFO - 26/03/13 05:06:27 INFO HiveTableOperations: Committed to table iceberg.gold.fact_job_posting with the new metadata location s3a://warehouse/iceberg_data/gold.db/fact_job_posting/metadata/00000-f792bcc3-1207-406d-b169-75990df2552e.metadata.json
[2026-03-13T05:06:27.394+0000] {subprocess.py:106} INFO - 26/03/13 05:06:27 INFO BaseMetastoreTableOperations: Successfully committed to table iceberg.gold.fact_job_posting in 148 ms
[2026-03-13T05:06:27.430+0000] {subprocess.py:106} INFO - 26/03/13 05:06:27 INFO V2ScanRelationPushDown:
[2026-03-13T05:06:27.431+0000] {subprocess.py:106} INFO - Pushing operators to iceberg.silver.it_jobs_clean
[2026-03-13T05:06:27.431+0000] {subprocess.py:106} INFO - Pushed Filters: location IS NOT NULL, skills_required IS NOT NULL
[2026-03-13T05:06:27.432+0000] {subprocess.py:106} INFO - Post-Scan Filters: isnotnull(location#2),isnotnull(skills_required#3),(size(location#2, true) > 0),(size(skills_required#3, true) > 0)
[2026-03-13T05:06:27.432+0000] {subprocess.py:106} INFO - 
[2026-03-13T05:06:27.433+0000] {subprocess.py:106} INFO - 26/03/13 05:06:27 INFO V2ScanRelationPushDown:
[2026-03-13T05:06:27.438+0000] {subprocess.py:106} INFO - Output: location#2, skills_required#3
[2026-03-13T05:06:27.439+0000] {subprocess.py:106} INFO - 
[2026-03-13T05:06:27.441+0000] {subprocess.py:106} INFO - 26/03/13 05:06:27 INFO SnapshotScan: Scanning table iceberg.silver.it_jobs_clean snapshot 8335972138811178080 created at 2026-03-13T05:05:34.072+00:00 with filter (location IS NOT NULL AND skills_required IS NOT NULL)
[2026-03-13T05:06:27.442+0000] {subprocess.py:106} INFO - 26/03/13 05:06:27 INFO BaseDistributedDataScan: Planning file tasks locally for table iceberg.silver.it_jobs_clean
[2026-03-13T05:06:27.486+0000] {subprocess.py:106} INFO - 26/03/13 05:06:27 INFO SparkPartitioningAwareScan: Reporting UnknownPartitioning with 4 partition(s) for table iceberg.silver.it_jobs_clean
[2026-03-13T05:06:27.491+0000] {subprocess.py:106} INFO - 26/03/13 05:06:27 INFO MemoryStore: Block broadcast_75 stored as values in memory (estimated size 32.0 KiB, free 433.5 MiB)
[2026-03-13T05:06:27.494+0000] {subprocess.py:106} INFO - 26/03/13 05:06:27 INFO MemoryStore: Block broadcast_75_piece0 stored as bytes in memory (estimated size 30.4 KiB, free 433.5 MiB)
[2026-03-13T05:06:27.495+0000] {subprocess.py:106} INFO - 26/03/13 05:06:27 INFO BlockManagerInfo: Added broadcast_75_piece0 in memory on 499f1d118d82:39745 (size: 30.4 KiB, free: 433.9 MiB)
[2026-03-13T05:06:27.495+0000] {subprocess.py:106} INFO - 26/03/13 05:06:27 INFO SparkContext: Created broadcast 75 from broadcast at SparkBatch.java:79
[2026-03-13T05:06:27.499+0000] {subprocess.py:106} INFO - 26/03/13 05:06:27 INFO MemoryStore: Block broadcast_76 stored as values in memory (estimated size 32.0 KiB, free 433.4 MiB)
[2026-03-13T05:06:27.501+0000] {subprocess.py:106} INFO - 26/03/13 05:06:27 INFO MemoryStore: Block broadcast_76_piece0 stored as bytes in memory (estimated size 30.3 KiB, free 433.4 MiB)
[2026-03-13T05:06:27.502+0000] {subprocess.py:106} INFO - 26/03/13 05:06:27 INFO BlockManagerInfo: Added broadcast_76_piece0 in memory on 499f1d118d82:39745 (size: 30.3 KiB, free: 433.9 MiB)
[2026-03-13T05:06:27.502+0000] {subprocess.py:106} INFO - 26/03/13 05:06:27 INFO SparkContext: Created broadcast 76 from broadcast at SparkBatch.java:79
[2026-03-13T05:06:27.532+0000] {subprocess.py:106} INFO - 26/03/13 05:06:27 INFO CodeGenerator: Code generated in 7.797766 ms
[2026-03-13T05:06:27.537+0000] {subprocess.py:106} INFO - 26/03/13 05:06:27 INFO DAGScheduler: Registering RDD 91 (count at <unknown>:0) as input to shuffle 15
[2026-03-13T05:06:27.538+0000] {subprocess.py:106} INFO - 26/03/13 05:06:27 INFO DAGScheduler: Got map stage job 28 (count at <unknown>:0) with 4 output partitions
[2026-03-13T05:06:27.539+0000] {subprocess.py:106} INFO - 26/03/13 05:06:27 INFO DAGScheduler: Final stage: ShuffleMapStage 45 (count at <unknown>:0)
[2026-03-13T05:06:27.539+0000] {subprocess.py:106} INFO - 26/03/13 05:06:27 INFO DAGScheduler: Parents of final stage: List()
[2026-03-13T05:06:27.540+0000] {subprocess.py:106} INFO - 26/03/13 05:06:27 INFO DAGScheduler: Missing parents: List()
[2026-03-13T05:06:27.540+0000] {subprocess.py:106} INFO - 26/03/13 05:06:27 INFO DAGScheduler: Submitting ShuffleMapStage 45 (MapPartitionsRDD[91] at count at <unknown>:0), which has no missing parents
[2026-03-13T05:06:27.541+0000] {subprocess.py:106} INFO - 26/03/13 05:06:27 INFO MemoryStore: Block broadcast_77 stored as values in memory (estimated size 19.7 KiB, free 433.4 MiB)
[2026-03-13T05:06:27.552+0000] {subprocess.py:106} INFO - 26/03/13 05:06:27 INFO BlockManagerInfo: Removed broadcast_74_piece0 on 499f1d118d82:39745 in memory (size: 5.7 KiB, free: 433.9 MiB)
[2026-03-13T05:06:27.553+0000] {subprocess.py:106} INFO - 26/03/13 05:06:27 INFO MemoryStore: Block broadcast_77_piece0 stored as bytes in memory (estimated size 7.8 KiB, free 433.4 MiB)
[2026-03-13T05:06:27.555+0000] {subprocess.py:106} INFO - 26/03/13 05:06:27 INFO BlockManagerInfo: Added broadcast_77_piece0 in memory on 499f1d118d82:39745 (size: 7.8 KiB, free: 433.9 MiB)
[2026-03-13T05:06:27.555+0000] {subprocess.py:106} INFO - 26/03/13 05:06:27 INFO SparkContext: Created broadcast 77 from broadcast at DAGScheduler.scala:1585
[2026-03-13T05:06:27.556+0000] {subprocess.py:106} INFO - 26/03/13 05:06:27 INFO DAGScheduler: Submitting 4 missing tasks from ShuffleMapStage 45 (MapPartitionsRDD[91] at count at <unknown>:0) (first 15 tasks are for partitions Vector(0, 1, 2, 3))
[2026-03-13T05:06:27.557+0000] {subprocess.py:106} INFO - 26/03/13 05:06:27 INFO TaskSchedulerImpl: Adding task set 45.0 with 4 tasks resource profile 0
[2026-03-13T05:06:27.558+0000] {subprocess.py:106} INFO - 26/03/13 05:06:27 INFO BlockManagerInfo: Removed broadcast_74_piece0 on 172.30.0.7:37987 in memory (size: 5.7 KiB, free: 434.1 MiB)
[2026-03-13T05:06:27.559+0000] {subprocess.py:106} INFO - 26/03/13 05:06:27 INFO TaskSetManager: Starting task 0.0 in stage 45.0 (TID 64) (172.30.0.7, executor 0, partition 0, PROCESS_LOCAL, 16849 bytes)
[2026-03-13T05:06:27.560+0000] {subprocess.py:106} INFO - 26/03/13 05:06:27 INFO BlockManagerInfo: Removed broadcast_73_piece0 on 499f1d118d82:39745 in memory (size: 29.9 KiB, free: 433.9 MiB)
[2026-03-13T05:06:27.562+0000] {subprocess.py:106} INFO - 26/03/13 05:06:27 INFO BlockManagerInfo: Removed broadcast_73_piece0 on 172.30.0.7:37987 in memory (size: 29.9 KiB, free: 434.2 MiB)
[2026-03-13T05:06:27.569+0000] {subprocess.py:106} INFO - 26/03/13 05:06:27 INFO BlockManagerInfo: Added broadcast_77_piece0 in memory on 172.30.0.7:37987 (size: 7.8 KiB, free: 434.1 MiB)
[2026-03-13T05:06:27.590+0000] {subprocess.py:106} INFO - 26/03/13 05:06:27 INFO BlockManagerInfo: Added broadcast_76_piece0 in memory on 172.30.0.7:37987 (size: 30.3 KiB, free: 434.1 MiB)
[2026-03-13T05:06:27.779+0000] {subprocess.py:106} INFO - 26/03/13 05:06:27 INFO TaskSetManager: Starting task 1.0 in stage 45.0 (TID 65) (172.30.0.7, executor 0, partition 1, PROCESS_LOCAL, 16850 bytes)
[2026-03-13T05:06:27.780+0000] {subprocess.py:106} INFO - 26/03/13 05:06:27 INFO TaskSetManager: Finished task 0.0 in stage 45.0 (TID 64) in 225 ms on 172.30.0.7 (executor 0) (1/4)
[2026-03-13T05:06:27.940+0000] {subprocess.py:106} INFO - 26/03/13 05:06:27 INFO TaskSetManager: Starting task 2.0 in stage 45.0 (TID 66) (172.30.0.7, executor 0, partition 2, PROCESS_LOCAL, 16850 bytes)
[2026-03-13T05:06:27.947+0000] {subprocess.py:106} INFO - 26/03/13 05:06:27 INFO TaskSetManager: Finished task 1.0 in stage 45.0 (TID 65) in 162 ms on 172.30.0.7 (executor 0) (2/4)
[2026-03-13T05:06:28.072+0000] {subprocess.py:106} INFO - 26/03/13 05:06:28 INFO TaskSetManager: Starting task 3.0 in stage 45.0 (TID 67) (172.30.0.7, executor 0, partition 3, PROCESS_LOCAL, 15926 bytes)
[2026-03-13T05:06:28.076+0000] {subprocess.py:106} INFO - 26/03/13 05:06:28 INFO TaskSetManager: Finished task 2.0 in stage 45.0 (TID 66) in 133 ms on 172.30.0.7 (executor 0) (3/4)
[2026-03-13T05:06:28.173+0000] {subprocess.py:106} INFO - 26/03/13 05:06:28 INFO TaskSetManager: Finished task 3.0 in stage 45.0 (TID 67) in 101 ms on 172.30.0.7 (executor 0) (4/4)
[2026-03-13T05:06:28.174+0000] {subprocess.py:106} INFO - 26/03/13 05:06:28 INFO TaskSchedulerImpl: Removed TaskSet 45.0, whose tasks have all completed, from pool
[2026-03-13T05:06:28.174+0000] {subprocess.py:106} INFO - 26/03/13 05:06:28 INFO DAGScheduler: ShuffleMapStage 45 (count at <unknown>:0) finished in 0.634 s
[2026-03-13T05:06:28.175+0000] {subprocess.py:106} INFO - 26/03/13 05:06:28 INFO DAGScheduler: looking for newly runnable stages
[2026-03-13T05:06:28.175+0000] {subprocess.py:106} INFO - 26/03/13 05:06:28 INFO DAGScheduler: running: Set()
[2026-03-13T05:06:28.176+0000] {subprocess.py:106} INFO - 26/03/13 05:06:28 INFO DAGScheduler: waiting: Set()
[2026-03-13T05:06:28.176+0000] {subprocess.py:106} INFO - 26/03/13 05:06:28 INFO DAGScheduler: failed: Set()
[2026-03-13T05:06:28.193+0000] {subprocess.py:106} INFO - 26/03/13 05:06:28 INFO CodeGenerator: Code generated in 9.192717 ms
[2026-03-13T05:06:28.204+0000] {subprocess.py:106} INFO - 26/03/13 05:06:28 INFO SparkContext: Starting job: count at <unknown>:0
[2026-03-13T05:06:28.205+0000] {subprocess.py:106} INFO - 26/03/13 05:06:28 INFO DAGScheduler: Got job 29 (count at <unknown>:0) with 1 output partitions
[2026-03-13T05:06:28.205+0000] {subprocess.py:106} INFO - 26/03/13 05:06:28 INFO DAGScheduler: Final stage: ResultStage 47 (count at <unknown>:0)
[2026-03-13T05:06:28.206+0000] {subprocess.py:106} INFO - 26/03/13 05:06:28 INFO DAGScheduler: Parents of final stage: List(ShuffleMapStage 46)
[2026-03-13T05:06:28.207+0000] {subprocess.py:106} INFO - 26/03/13 05:06:28 INFO DAGScheduler: Missing parents: List()
[2026-03-13T05:06:28.207+0000] {subprocess.py:106} INFO - 26/03/13 05:06:28 INFO DAGScheduler: Submitting ResultStage 47 (MapPartitionsRDD[94] at count at <unknown>:0), which has no missing parents
[2026-03-13T05:06:28.208+0000] {subprocess.py:106} INFO - 26/03/13 05:06:28 INFO MemoryStore: Block broadcast_78 stored as values in memory (estimated size 12.5 KiB, free 433.4 MiB)
[2026-03-13T05:06:28.209+0000] {subprocess.py:106} INFO - 26/03/13 05:06:28 INFO MemoryStore: Block broadcast_78_piece0 stored as bytes in memory (estimated size 6.0 KiB, free 433.4 MiB)
[2026-03-13T05:06:28.210+0000] {subprocess.py:106} INFO - 26/03/13 05:06:28 INFO BlockManagerInfo: Added broadcast_78_piece0 in memory on 499f1d118d82:39745 (size: 6.0 KiB, free: 433.9 MiB)
[2026-03-13T05:06:28.210+0000] {subprocess.py:106} INFO - 26/03/13 05:06:28 INFO SparkContext: Created broadcast 78 from broadcast at DAGScheduler.scala:1585
[2026-03-13T05:06:28.212+0000] {subprocess.py:106} INFO - 26/03/13 05:06:28 INFO DAGScheduler: Submitting 1 missing tasks from ResultStage 47 (MapPartitionsRDD[94] at count at <unknown>:0) (first 15 tasks are for partitions Vector(0))
[2026-03-13T05:06:28.213+0000] {subprocess.py:106} INFO - 26/03/13 05:06:28 INFO TaskSchedulerImpl: Adding task set 47.0 with 1 tasks resource profile 0
[2026-03-13T05:06:28.213+0000] {subprocess.py:106} INFO - 26/03/13 05:06:28 INFO TaskSetManager: Starting task 0.0 in stage 47.0 (TID 68) (172.30.0.7, executor 0, partition 0, NODE_LOCAL, 9976 bytes)
[2026-03-13T05:06:28.223+0000] {subprocess.py:106} INFO - 26/03/13 05:06:28 INFO BlockManagerInfo: Added broadcast_78_piece0 in memory on 172.30.0.7:37987 (size: 6.0 KiB, free: 434.1 MiB)
[2026-03-13T05:06:28.227+0000] {subprocess.py:106} INFO - 26/03/13 05:06:28 INFO MapOutputTrackerMasterEndpoint: Asked to send map output locations for shuffle 15 to 172.30.0.7:51492
[2026-03-13T05:06:28.242+0000] {subprocess.py:106} INFO - 26/03/13 05:06:28 INFO TaskSetManager: Finished task 0.0 in stage 47.0 (TID 68) in 30 ms on 172.30.0.7 (executor 0) (1/1)
[2026-03-13T05:06:28.243+0000] {subprocess.py:106} INFO - 26/03/13 05:06:28 INFO TaskSchedulerImpl: Removed TaskSet 47.0, whose tasks have all completed, from pool
[2026-03-13T05:06:28.244+0000] {subprocess.py:106} INFO - 26/03/13 05:06:28 INFO DAGScheduler: ResultStage 47 (count at <unknown>:0) finished in 0.036 s
[2026-03-13T05:06:28.244+0000] {subprocess.py:106} INFO - 26/03/13 05:06:28 INFO DAGScheduler: Job 29 is finished. Cancelling potential speculative or zombie tasks for this job
[2026-03-13T05:06:28.245+0000] {subprocess.py:106} INFO - 26/03/13 05:06:28 INFO TaskSchedulerImpl: Killing all running tasks in stage 47: Stage finished
[2026-03-13T05:06:28.246+0000] {subprocess.py:106} INFO - 26/03/13 05:06:28 INFO DAGScheduler: Job 29 finished: count at <unknown>:0, took 0.039834 s
[2026-03-13T05:06:28.246+0000] {subprocess.py:106} INFO - >>> GOLD Layer Built Successfully. Fact records: 40306
[2026-03-13T05:06:28.247+0000] {subprocess.py:106} INFO - 26/03/13 05:06:28 INFO SparkContext: SparkContext is stopping with exitCode 0.
[2026-03-13T05:06:28.259+0000] {subprocess.py:106} INFO - 26/03/13 05:06:28 INFO SparkUI: Stopped Spark web UI at http://499f1d118d82:4040
[2026-03-13T05:06:28.263+0000] {subprocess.py:106} INFO - 26/03/13 05:06:28 INFO StandaloneSchedulerBackend: Shutting down all executors
[2026-03-13T05:06:28.264+0000] {subprocess.py:106} INFO - 26/03/13 05:06:28 INFO StandaloneSchedulerBackend$StandaloneDriverEndpoint: Asking each executor to shut down
[2026-03-13T05:06:28.288+0000] {subprocess.py:106} INFO - 26/03/13 05:06:28 INFO MapOutputTrackerMasterEndpoint: MapOutputTrackerMasterEndpoint stopped!
[2026-03-13T05:06:28.313+0000] {subprocess.py:106} INFO - 26/03/13 05:06:28 INFO MemoryStore: MemoryStore cleared
[2026-03-13T05:06:28.320+0000] {subprocess.py:106} INFO - 26/03/13 05:06:28 INFO BlockManager: BlockManager stopped
[2026-03-13T05:06:28.320+0000] {subprocess.py:106} INFO - 26/03/13 05:06:28 INFO BlockManagerMaster: BlockManagerMaster stopped
[2026-03-13T05:06:28.334+0000] {subprocess.py:106} INFO - 26/03/13 05:06:28 INFO OutputCommitCoordinator$OutputCommitCoordinatorEndpoint: OutputCommitCoordinator stopped!
[2026-03-13T05:06:28.394+0000] {subprocess.py:106} INFO - 26/03/13 05:06:28 INFO SparkContext: Successfully stopped SparkContext
[2026-03-13T05:06:28.659+0000] {subprocess.py:106} INFO - 26/03/13 05:06:28 INFO ShutdownHookManager: Shutdown hook called
[2026-03-13T05:06:28.659+0000] {subprocess.py:106} INFO - 26/03/13 05:06:28 INFO ShutdownHookManager: Deleting directory /tmp/spark-719eb89f-f615-4043-9212-fd87fde40d0d/pyspark-ad54219e-82e0-4b2e-af32-dc027d9f137f
[2026-03-13T05:06:28.661+0000] {subprocess.py:106} INFO - 26/03/13 05:06:28 INFO ShutdownHookManager: Deleting directory /tmp/spark-8d7e4357-ba17-4900-878b-146c9676ea4f
[2026-03-13T05:06:28.664+0000] {subprocess.py:106} INFO - 26/03/13 05:06:28 INFO ShutdownHookManager: Deleting directory /tmp/spark-719eb89f-f615-4043-9212-fd87fde40d0d
[2026-03-13T05:06:28.674+0000] {subprocess.py:106} INFO - 26/03/13 05:06:28 INFO MetricsSystemImpl: Stopping s3a-file-system metrics system...
[2026-03-13T05:06:28.675+0000] {subprocess.py:106} INFO - 26/03/13 05:06:28 INFO MetricsSystemImpl: s3a-file-system metrics system stopped.
[2026-03-13T05:06:28.675+0000] {subprocess.py:106} INFO - 26/03/13 05:06:28 INFO MetricsSystemImpl: s3a-file-system metrics system shutdown complete.
[2026-03-13T05:06:28.769+0000] {subprocess.py:110} INFO - Command exited with return code 0
[2026-03-13T05:06:28.836+0000] {taskinstance.py:341} INFO - ::group::Post task execution logs
[2026-03-13T05:06:28.836+0000] {taskinstance.py:353} INFO - Marking task as SUCCESS. dag_id=crawl_etl_itjob, task_id=build_gold, run_id=scheduled__2026-03-11T02:00:00+00:00, execution_date=20260311T020000, start_date=20260313T050536, end_date=20260313T050628
[2026-03-13T05:06:28.949+0000] {local_task_job_runner.py:266} INFO - Task exited with return code 0
[2026-03-13T05:06:28.975+0000] {taskinstance.py:3901} INFO - 0 downstream tasks scheduled from follow-on schedule check
[2026-03-13T05:06:28.977+0000] {local_task_job_runner.py:245} INFO - ::endgroup::
