[2026-04-05T10:11:28.891+0000] {processor.py:186} INFO - Started process (PID=38) to work on /opt/airflow/dags/Crawl_ETL_ITJob.py
[2026-04-05T10:11:28.893+0000] {processor.py:914} INFO - Processing file /opt/airflow/dags/Crawl_ETL_ITJob.py for tasks to queue
[2026-04-05T10:11:28.896+0000] {logging_mixin.py:190} INFO - [2026-04-05T10:11:28.895+0000] {dagbag.py:588} INFO - Filling up the DagBag from /opt/airflow/dags/Crawl_ETL_ITJob.py
[2026-04-05T10:11:28.957+0000] {processor.py:925} INFO - DAG(s) 'crawl_etl_itjob' retrieved from /opt/airflow/dags/Crawl_ETL_ITJob.py
[2026-04-05T10:11:29.120+0000] {logging_mixin.py:190} INFO - [2026-04-05T10:11:29.119+0000] {dag.py:3239} INFO - Sync 1 DAGs
[2026-04-05T10:11:29.435+0000] {processor.py:208} INFO - Processing /opt/airflow/dags/Crawl_ETL_ITJob.py took 0.568 seconds
[2026-04-05T10:11:59.617+0000] {processor.py:186} INFO - Started process (PID=42) to work on /opt/airflow/dags/Crawl_ETL_ITJob.py
[2026-04-05T10:11:59.619+0000] {processor.py:914} INFO - Processing file /opt/airflow/dags/Crawl_ETL_ITJob.py for tasks to queue
[2026-04-05T10:11:59.624+0000] {logging_mixin.py:190} INFO - [2026-04-05T10:11:59.623+0000] {dagbag.py:588} INFO - Filling up the DagBag from /opt/airflow/dags/Crawl_ETL_ITJob.py
[2026-04-05T10:11:59.695+0000] {processor.py:925} INFO - DAG(s) 'crawl_etl_itjob' retrieved from /opt/airflow/dags/Crawl_ETL_ITJob.py
[2026-04-05T10:11:59.793+0000] {logging_mixin.py:190} INFO - [2026-04-05T10:11:59.792+0000] {dag.py:3239} INFO - Sync 1 DAGs
[2026-04-05T10:11:59.951+0000] {processor.py:208} INFO - Processing /opt/airflow/dags/Crawl_ETL_ITJob.py took 0.359 seconds
[2026-04-05T10:12:30.288+0000] {processor.py:186} INFO - Started process (PID=47) to work on /opt/airflow/dags/Crawl_ETL_ITJob.py
[2026-04-05T10:12:30.289+0000] {processor.py:914} INFO - Processing file /opt/airflow/dags/Crawl_ETL_ITJob.py for tasks to queue
[2026-04-05T10:12:30.292+0000] {logging_mixin.py:190} INFO - [2026-04-05T10:12:30.291+0000] {dagbag.py:588} INFO - Filling up the DagBag from /opt/airflow/dags/Crawl_ETL_ITJob.py
[2026-04-05T10:12:30.323+0000] {processor.py:925} INFO - DAG(s) 'crawl_etl_itjob' retrieved from /opt/airflow/dags/Crawl_ETL_ITJob.py
[2026-04-05T10:12:30.389+0000] {logging_mixin.py:190} INFO - [2026-04-05T10:12:30.388+0000] {dag.py:3239} INFO - Sync 1 DAGs
[2026-04-05T10:12:30.487+0000] {processor.py:208} INFO - Processing /opt/airflow/dags/Crawl_ETL_ITJob.py took 0.209 seconds
[2026-04-05T10:13:01.310+0000] {processor.py:186} INFO - Started process (PID=51) to work on /opt/airflow/dags/Crawl_ETL_ITJob.py
[2026-04-05T10:13:01.311+0000] {processor.py:914} INFO - Processing file /opt/airflow/dags/Crawl_ETL_ITJob.py for tasks to queue
[2026-04-05T10:13:01.313+0000] {logging_mixin.py:190} INFO - [2026-04-05T10:13:01.313+0000] {dagbag.py:588} INFO - Filling up the DagBag from /opt/airflow/dags/Crawl_ETL_ITJob.py
[2026-04-05T10:13:01.365+0000] {processor.py:925} INFO - DAG(s) 'crawl_etl_itjob' retrieved from /opt/airflow/dags/Crawl_ETL_ITJob.py
[2026-04-05T10:13:01.455+0000] {logging_mixin.py:190} INFO - [2026-04-05T10:13:01.455+0000] {dag.py:3239} INFO - Sync 1 DAGs
[2026-04-05T10:13:01.607+0000] {processor.py:208} INFO - Processing /opt/airflow/dags/Crawl_ETL_ITJob.py took 0.309 seconds
[2026-04-05T10:13:32.131+0000] {processor.py:186} INFO - Started process (PID=55) to work on /opt/airflow/dags/Crawl_ETL_ITJob.py
[2026-04-05T10:13:32.133+0000] {processor.py:914} INFO - Processing file /opt/airflow/dags/Crawl_ETL_ITJob.py for tasks to queue
[2026-04-05T10:13:32.136+0000] {logging_mixin.py:190} INFO - [2026-04-05T10:13:32.135+0000] {dagbag.py:588} INFO - Filling up the DagBag from /opt/airflow/dags/Crawl_ETL_ITJob.py
[2026-04-05T10:13:32.192+0000] {processor.py:925} INFO - DAG(s) 'crawl_etl_itjob' retrieved from /opt/airflow/dags/Crawl_ETL_ITJob.py
[2026-04-05T10:13:32.271+0000] {logging_mixin.py:190} INFO - [2026-04-05T10:13:32.270+0000] {dag.py:3239} INFO - Sync 1 DAGs
[2026-04-05T10:13:32.418+0000] {processor.py:208} INFO - Processing /opt/airflow/dags/Crawl_ETL_ITJob.py took 0.317 seconds
[2026-04-05T10:14:03.018+0000] {processor.py:186} INFO - Started process (PID=59) to work on /opt/airflow/dags/Crawl_ETL_ITJob.py
[2026-04-05T10:14:03.021+0000] {processor.py:914} INFO - Processing file /opt/airflow/dags/Crawl_ETL_ITJob.py for tasks to queue
[2026-04-05T10:14:03.031+0000] {logging_mixin.py:190} INFO - [2026-04-05T10:14:03.030+0000] {dagbag.py:588} INFO - Filling up the DagBag from /opt/airflow/dags/Crawl_ETL_ITJob.py
[2026-04-05T10:14:03.095+0000] {processor.py:925} INFO - DAG(s) 'crawl_etl_itjob' retrieved from /opt/airflow/dags/Crawl_ETL_ITJob.py
[2026-04-05T10:14:03.199+0000] {logging_mixin.py:190} INFO - [2026-04-05T10:14:03.198+0000] {dag.py:3239} INFO - Sync 1 DAGs
[2026-04-05T10:14:03.461+0000] {processor.py:208} INFO - Processing /opt/airflow/dags/Crawl_ETL_ITJob.py took 0.464 seconds
[2026-04-05T10:14:33.928+0000] {processor.py:186} INFO - Started process (PID=63) to work on /opt/airflow/dags/Crawl_ETL_ITJob.py
[2026-04-05T10:14:33.929+0000] {processor.py:914} INFO - Processing file /opt/airflow/dags/Crawl_ETL_ITJob.py for tasks to queue
[2026-04-05T10:14:33.931+0000] {logging_mixin.py:190} INFO - [2026-04-05T10:14:33.931+0000] {dagbag.py:588} INFO - Filling up the DagBag from /opt/airflow/dags/Crawl_ETL_ITJob.py
[2026-04-05T10:14:33.976+0000] {processor.py:925} INFO - DAG(s) 'crawl_etl_itjob' retrieved from /opt/airflow/dags/Crawl_ETL_ITJob.py
[2026-04-05T10:14:34.066+0000] {logging_mixin.py:190} INFO - [2026-04-05T10:14:34.066+0000] {dag.py:3239} INFO - Sync 1 DAGs
[2026-04-05T10:14:34.173+0000] {processor.py:208} INFO - Processing /opt/airflow/dags/Crawl_ETL_ITJob.py took 0.256 seconds
[2026-04-05T10:15:04.327+0000] {processor.py:186} INFO - Started process (PID=67) to work on /opt/airflow/dags/Crawl_ETL_ITJob.py
[2026-04-05T10:15:04.328+0000] {processor.py:914} INFO - Processing file /opt/airflow/dags/Crawl_ETL_ITJob.py for tasks to queue
[2026-04-05T10:15:04.330+0000] {logging_mixin.py:190} INFO - [2026-04-05T10:15:04.330+0000] {dagbag.py:588} INFO - Filling up the DagBag from /opt/airflow/dags/Crawl_ETL_ITJob.py
[2026-04-05T10:15:04.361+0000] {processor.py:925} INFO - DAG(s) 'crawl_etl_itjob' retrieved from /opt/airflow/dags/Crawl_ETL_ITJob.py
[2026-04-05T10:15:04.444+0000] {logging_mixin.py:190} INFO - [2026-04-05T10:15:04.443+0000] {dag.py:3239} INFO - Sync 1 DAGs
[2026-04-05T10:15:04.576+0000] {processor.py:208} INFO - Processing /opt/airflow/dags/Crawl_ETL_ITJob.py took 0.260 seconds
[2026-04-05T10:15:35.048+0000] {processor.py:186} INFO - Started process (PID=71) to work on /opt/airflow/dags/Crawl_ETL_ITJob.py
[2026-04-05T10:15:35.049+0000] {processor.py:914} INFO - Processing file /opt/airflow/dags/Crawl_ETL_ITJob.py for tasks to queue
[2026-04-05T10:15:35.052+0000] {logging_mixin.py:190} INFO - [2026-04-05T10:15:35.052+0000] {dagbag.py:588} INFO - Filling up the DagBag from /opt/airflow/dags/Crawl_ETL_ITJob.py
[2026-04-05T10:15:35.086+0000] {processor.py:925} INFO - DAG(s) 'crawl_etl_itjob' retrieved from /opt/airflow/dags/Crawl_ETL_ITJob.py
[2026-04-05T10:15:35.153+0000] {logging_mixin.py:190} INFO - [2026-04-05T10:15:35.153+0000] {dag.py:3239} INFO - Sync 1 DAGs
[2026-04-05T10:15:35.289+0000] {processor.py:208} INFO - Processing /opt/airflow/dags/Crawl_ETL_ITJob.py took 0.255 seconds
[2026-04-05T10:16:05.661+0000] {processor.py:186} INFO - Started process (PID=75) to work on /opt/airflow/dags/Crawl_ETL_ITJob.py
[2026-04-05T10:16:05.662+0000] {processor.py:914} INFO - Processing file /opt/airflow/dags/Crawl_ETL_ITJob.py for tasks to queue
[2026-04-05T10:16:05.664+0000] {logging_mixin.py:190} INFO - [2026-04-05T10:16:05.663+0000] {dagbag.py:588} INFO - Filling up the DagBag from /opt/airflow/dags/Crawl_ETL_ITJob.py
[2026-04-05T10:16:05.695+0000] {processor.py:925} INFO - DAG(s) 'crawl_etl_itjob' retrieved from /opt/airflow/dags/Crawl_ETL_ITJob.py
[2026-04-05T10:16:05.798+0000] {logging_mixin.py:190} INFO - [2026-04-05T10:16:05.797+0000] {dag.py:3239} INFO - Sync 1 DAGs
[2026-04-05T10:16:05.969+0000] {processor.py:208} INFO - Processing /opt/airflow/dags/Crawl_ETL_ITJob.py took 0.317 seconds
[2026-04-05T10:16:36.391+0000] {processor.py:186} INFO - Started process (PID=79) to work on /opt/airflow/dags/Crawl_ETL_ITJob.py
[2026-04-05T10:16:36.392+0000] {processor.py:914} INFO - Processing file /opt/airflow/dags/Crawl_ETL_ITJob.py for tasks to queue
[2026-04-05T10:16:36.396+0000] {logging_mixin.py:190} INFO - [2026-04-05T10:16:36.395+0000] {dagbag.py:588} INFO - Filling up the DagBag from /opt/airflow/dags/Crawl_ETL_ITJob.py
[2026-04-05T10:16:36.440+0000] {processor.py:925} INFO - DAG(s) 'crawl_etl_itjob' retrieved from /opt/airflow/dags/Crawl_ETL_ITJob.py
[2026-04-05T10:16:36.540+0000] {logging_mixin.py:190} INFO - [2026-04-05T10:16:36.540+0000] {dag.py:3239} INFO - Sync 1 DAGs
[2026-04-05T10:16:36.799+0000] {processor.py:208} INFO - Processing /opt/airflow/dags/Crawl_ETL_ITJob.py took 0.428 seconds
[2026-04-05T10:17:06.960+0000] {processor.py:186} INFO - Started process (PID=83) to work on /opt/airflow/dags/Crawl_ETL_ITJob.py
[2026-04-05T10:17:06.962+0000] {processor.py:914} INFO - Processing file /opt/airflow/dags/Crawl_ETL_ITJob.py for tasks to queue
[2026-04-05T10:17:06.964+0000] {logging_mixin.py:190} INFO - [2026-04-05T10:17:06.964+0000] {dagbag.py:588} INFO - Filling up the DagBag from /opt/airflow/dags/Crawl_ETL_ITJob.py
[2026-04-05T10:17:07.006+0000] {processor.py:925} INFO - DAG(s) 'crawl_etl_itjob' retrieved from /opt/airflow/dags/Crawl_ETL_ITJob.py
[2026-04-05T10:17:07.090+0000] {logging_mixin.py:190} INFO - [2026-04-05T10:17:07.089+0000] {dag.py:3239} INFO - Sync 1 DAGs
[2026-04-05T10:17:07.236+0000] {processor.py:208} INFO - Processing /opt/airflow/dags/Crawl_ETL_ITJob.py took 0.289 seconds
[2026-04-05T10:17:37.396+0000] {processor.py:186} INFO - Started process (PID=87) to work on /opt/airflow/dags/Crawl_ETL_ITJob.py
[2026-04-05T10:17:37.397+0000] {processor.py:914} INFO - Processing file /opt/airflow/dags/Crawl_ETL_ITJob.py for tasks to queue
[2026-04-05T10:17:37.400+0000] {logging_mixin.py:190} INFO - [2026-04-05T10:17:37.400+0000] {dagbag.py:588} INFO - Filling up the DagBag from /opt/airflow/dags/Crawl_ETL_ITJob.py
[2026-04-05T10:17:37.434+0000] {processor.py:925} INFO - DAG(s) 'crawl_etl_itjob' retrieved from /opt/airflow/dags/Crawl_ETL_ITJob.py
[2026-04-05T10:17:37.505+0000] {logging_mixin.py:190} INFO - [2026-04-05T10:17:37.505+0000] {dag.py:3239} INFO - Sync 1 DAGs
[2026-04-05T10:17:37.590+0000] {processor.py:208} INFO - Processing /opt/airflow/dags/Crawl_ETL_ITJob.py took 0.204 seconds
[2026-04-05T10:18:08.027+0000] {processor.py:186} INFO - Started process (PID=91) to work on /opt/airflow/dags/Crawl_ETL_ITJob.py
[2026-04-05T10:18:08.028+0000] {processor.py:914} INFO - Processing file /opt/airflow/dags/Crawl_ETL_ITJob.py for tasks to queue
[2026-04-05T10:18:08.030+0000] {logging_mixin.py:190} INFO - [2026-04-05T10:18:08.030+0000] {dagbag.py:588} INFO - Filling up the DagBag from /opt/airflow/dags/Crawl_ETL_ITJob.py
[2026-04-05T10:18:08.073+0000] {processor.py:925} INFO - DAG(s) 'crawl_etl_itjob' retrieved from /opt/airflow/dags/Crawl_ETL_ITJob.py
[2026-04-05T10:18:08.143+0000] {logging_mixin.py:190} INFO - [2026-04-05T10:18:08.143+0000] {dag.py:3239} INFO - Sync 1 DAGs
[2026-04-05T10:18:08.276+0000] {processor.py:208} INFO - Processing /opt/airflow/dags/Crawl_ETL_ITJob.py took 0.265 seconds
[2026-04-05T10:18:39.469+0000] {processor.py:186} INFO - Started process (PID=94) to work on /opt/airflow/dags/Crawl_ETL_ITJob.py
[2026-04-05T10:18:39.478+0000] {processor.py:914} INFO - Processing file /opt/airflow/dags/Crawl_ETL_ITJob.py for tasks to queue
[2026-04-05T10:18:39.480+0000] {logging_mixin.py:190} INFO - [2026-04-05T10:18:39.480+0000] {dagbag.py:588} INFO - Filling up the DagBag from /opt/airflow/dags/Crawl_ETL_ITJob.py
[2026-04-05T10:18:39.507+0000] {processor.py:925} INFO - DAG(s) 'crawl_etl_itjob' retrieved from /opt/airflow/dags/Crawl_ETL_ITJob.py
[2026-04-05T10:18:39.571+0000] {logging_mixin.py:190} INFO - [2026-04-05T10:18:39.571+0000] {dag.py:3239} INFO - Sync 1 DAGs
[2026-04-05T10:18:39.656+0000] {processor.py:208} INFO - Processing /opt/airflow/dags/Crawl_ETL_ITJob.py took 0.198 seconds
[2026-04-05T10:19:12.045+0000] {processor.py:186} INFO - Started process (PID=98) to work on /opt/airflow/dags/Crawl_ETL_ITJob.py
[2026-04-05T10:19:12.048+0000] {processor.py:914} INFO - Processing file /opt/airflow/dags/Crawl_ETL_ITJob.py for tasks to queue
[2026-04-05T10:19:12.050+0000] {logging_mixin.py:190} INFO - [2026-04-05T10:19:12.050+0000] {dagbag.py:588} INFO - Filling up the DagBag from /opt/airflow/dags/Crawl_ETL_ITJob.py
[2026-04-05T10:19:12.098+0000] {processor.py:925} INFO - DAG(s) 'crawl_etl_itjob' retrieved from /opt/airflow/dags/Crawl_ETL_ITJob.py
[2026-04-05T10:19:12.176+0000] {logging_mixin.py:190} INFO - [2026-04-05T10:19:12.176+0000] {dag.py:3239} INFO - Sync 1 DAGs
[2026-04-05T10:19:12.316+0000] {processor.py:208} INFO - Processing /opt/airflow/dags/Crawl_ETL_ITJob.py took 0.282 seconds
[2026-04-05T10:19:44.841+0000] {processor.py:186} INFO - Started process (PID=102) to work on /opt/airflow/dags/Crawl_ETL_ITJob.py
[2026-04-05T10:19:44.841+0000] {processor.py:914} INFO - Processing file /opt/airflow/dags/Crawl_ETL_ITJob.py for tasks to queue
[2026-04-05T10:19:44.843+0000] {logging_mixin.py:190} INFO - [2026-04-05T10:19:44.843+0000] {dagbag.py:588} INFO - Filling up the DagBag from /opt/airflow/dags/Crawl_ETL_ITJob.py
[2026-04-05T10:19:44.874+0000] {processor.py:925} INFO - DAG(s) 'crawl_etl_itjob' retrieved from /opt/airflow/dags/Crawl_ETL_ITJob.py
[2026-04-05T10:19:44.940+0000] {logging_mixin.py:190} INFO - [2026-04-05T10:19:44.940+0000] {dag.py:3239} INFO - Sync 1 DAGs
[2026-04-05T10:19:45.077+0000] {processor.py:208} INFO - Processing /opt/airflow/dags/Crawl_ETL_ITJob.py took 0.246 seconds
[2026-04-05T10:20:17.670+0000] {processor.py:186} INFO - Started process (PID=106) to work on /opt/airflow/dags/Crawl_ETL_ITJob.py
[2026-04-05T10:20:17.672+0000] {processor.py:914} INFO - Processing file /opt/airflow/dags/Crawl_ETL_ITJob.py for tasks to queue
[2026-04-05T10:20:17.674+0000] {logging_mixin.py:190} INFO - [2026-04-05T10:20:17.674+0000] {dagbag.py:588} INFO - Filling up the DagBag from /opt/airflow/dags/Crawl_ETL_ITJob.py
[2026-04-05T10:20:17.769+0000] {processor.py:925} INFO - DAG(s) 'crawl_etl_itjob' retrieved from /opt/airflow/dags/Crawl_ETL_ITJob.py
[2026-04-05T10:20:17.900+0000] {logging_mixin.py:190} INFO - [2026-04-05T10:20:17.899+0000] {dag.py:3239} INFO - Sync 1 DAGs
[2026-04-05T10:20:18.062+0000] {processor.py:208} INFO - Processing /opt/airflow/dags/Crawl_ETL_ITJob.py took 0.412 seconds
[2026-04-05T10:20:50.282+0000] {processor.py:186} INFO - Started process (PID=110) to work on /opt/airflow/dags/Crawl_ETL_ITJob.py
[2026-04-05T10:20:50.288+0000] {processor.py:914} INFO - Processing file /opt/airflow/dags/Crawl_ETL_ITJob.py for tasks to queue
[2026-04-05T10:20:50.294+0000] {logging_mixin.py:190} INFO - [2026-04-05T10:20:50.293+0000] {dagbag.py:588} INFO - Filling up the DagBag from /opt/airflow/dags/Crawl_ETL_ITJob.py
[2026-04-05T10:20:50.382+0000] {processor.py:925} INFO - DAG(s) 'crawl_etl_itjob' retrieved from /opt/airflow/dags/Crawl_ETL_ITJob.py
[2026-04-05T10:20:50.486+0000] {logging_mixin.py:190} INFO - [2026-04-05T10:20:50.485+0000] {dag.py:3239} INFO - Sync 1 DAGs
[2026-04-05T10:20:50.622+0000] {processor.py:208} INFO - Processing /opt/airflow/dags/Crawl_ETL_ITJob.py took 0.358 seconds
[2026-04-05T10:21:23.113+0000] {processor.py:186} INFO - Started process (PID=114) to work on /opt/airflow/dags/Crawl_ETL_ITJob.py
[2026-04-05T10:21:23.114+0000] {processor.py:914} INFO - Processing file /opt/airflow/dags/Crawl_ETL_ITJob.py for tasks to queue
[2026-04-05T10:21:23.115+0000] {logging_mixin.py:190} INFO - [2026-04-05T10:21:23.115+0000] {dagbag.py:588} INFO - Filling up the DagBag from /opt/airflow/dags/Crawl_ETL_ITJob.py
[2026-04-05T10:21:23.144+0000] {processor.py:925} INFO - DAG(s) 'crawl_etl_itjob' retrieved from /opt/airflow/dags/Crawl_ETL_ITJob.py
[2026-04-05T10:21:23.204+0000] {logging_mixin.py:190} INFO - [2026-04-05T10:21:23.204+0000] {dag.py:3239} INFO - Sync 1 DAGs
[2026-04-05T10:21:23.307+0000] {processor.py:208} INFO - Processing /opt/airflow/dags/Crawl_ETL_ITJob.py took 0.205 seconds
[2026-04-05T10:21:55.853+0000] {processor.py:186} INFO - Started process (PID=118) to work on /opt/airflow/dags/Crawl_ETL_ITJob.py
[2026-04-05T10:21:55.855+0000] {processor.py:914} INFO - Processing file /opt/airflow/dags/Crawl_ETL_ITJob.py for tasks to queue
[2026-04-05T10:21:55.858+0000] {logging_mixin.py:190} INFO - [2026-04-05T10:21:55.857+0000] {dagbag.py:588} INFO - Filling up the DagBag from /opt/airflow/dags/Crawl_ETL_ITJob.py
[2026-04-05T10:21:55.908+0000] {processor.py:925} INFO - DAG(s) 'crawl_etl_itjob' retrieved from /opt/airflow/dags/Crawl_ETL_ITJob.py
[2026-04-05T10:21:56.022+0000] {logging_mixin.py:190} INFO - [2026-04-05T10:21:56.022+0000] {dag.py:3239} INFO - Sync 1 DAGs
[2026-04-05T10:21:56.172+0000] {processor.py:208} INFO - Processing /opt/airflow/dags/Crawl_ETL_ITJob.py took 0.334 seconds
[2026-04-05T10:22:28.239+0000] {processor.py:186} INFO - Started process (PID=122) to work on /opt/airflow/dags/Crawl_ETL_ITJob.py
[2026-04-05T10:22:28.240+0000] {processor.py:914} INFO - Processing file /opt/airflow/dags/Crawl_ETL_ITJob.py for tasks to queue
[2026-04-05T10:22:28.242+0000] {logging_mixin.py:190} INFO - [2026-04-05T10:22:28.241+0000] {dagbag.py:588} INFO - Filling up the DagBag from /opt/airflow/dags/Crawl_ETL_ITJob.py
[2026-04-05T10:22:28.275+0000] {processor.py:925} INFO - DAG(s) 'crawl_etl_itjob' retrieved from /opt/airflow/dags/Crawl_ETL_ITJob.py
[2026-04-05T10:22:28.356+0000] {logging_mixin.py:190} INFO - [2026-04-05T10:22:28.355+0000] {dag.py:3239} INFO - Sync 1 DAGs
[2026-04-05T10:22:28.482+0000] {processor.py:208} INFO - Processing /opt/airflow/dags/Crawl_ETL_ITJob.py took 0.253 seconds
[2026-04-05T10:23:00.995+0000] {processor.py:186} INFO - Started process (PID=126) to work on /opt/airflow/dags/Crawl_ETL_ITJob.py
[2026-04-05T10:23:00.996+0000] {processor.py:914} INFO - Processing file /opt/airflow/dags/Crawl_ETL_ITJob.py for tasks to queue
[2026-04-05T10:23:00.999+0000] {logging_mixin.py:190} INFO - [2026-04-05T10:23:00.998+0000] {dagbag.py:588} INFO - Filling up the DagBag from /opt/airflow/dags/Crawl_ETL_ITJob.py
[2026-04-05T10:23:01.034+0000] {processor.py:925} INFO - DAG(s) 'crawl_etl_itjob' retrieved from /opt/airflow/dags/Crawl_ETL_ITJob.py
[2026-04-05T10:23:01.107+0000] {logging_mixin.py:190} INFO - [2026-04-05T10:23:01.107+0000] {dag.py:3239} INFO - Sync 1 DAGs
[2026-04-05T10:23:01.211+0000] {processor.py:208} INFO - Processing /opt/airflow/dags/Crawl_ETL_ITJob.py took 0.227 seconds
[2026-04-05T10:23:33.652+0000] {processor.py:186} INFO - Started process (PID=130) to work on /opt/airflow/dags/Crawl_ETL_ITJob.py
[2026-04-05T10:23:33.653+0000] {processor.py:914} INFO - Processing file /opt/airflow/dags/Crawl_ETL_ITJob.py for tasks to queue
[2026-04-05T10:23:33.657+0000] {logging_mixin.py:190} INFO - [2026-04-05T10:23:33.656+0000] {dagbag.py:588} INFO - Filling up the DagBag from /opt/airflow/dags/Crawl_ETL_ITJob.py
[2026-04-05T10:23:33.698+0000] {processor.py:925} INFO - DAG(s) 'crawl_etl_itjob' retrieved from /opt/airflow/dags/Crawl_ETL_ITJob.py
[2026-04-05T10:23:33.772+0000] {logging_mixin.py:190} INFO - [2026-04-05T10:23:33.771+0000] {dag.py:3239} INFO - Sync 1 DAGs
[2026-04-05T10:23:33.968+0000] {processor.py:208} INFO - Processing /opt/airflow/dags/Crawl_ETL_ITJob.py took 0.327 seconds
[2026-04-05T10:24:06.638+0000] {processor.py:186} INFO - Started process (PID=134) to work on /opt/airflow/dags/Crawl_ETL_ITJob.py
[2026-04-05T10:24:06.639+0000] {processor.py:914} INFO - Processing file /opt/airflow/dags/Crawl_ETL_ITJob.py for tasks to queue
[2026-04-05T10:24:06.645+0000] {logging_mixin.py:190} INFO - [2026-04-05T10:24:06.645+0000] {dagbag.py:588} INFO - Filling up the DagBag from /opt/airflow/dags/Crawl_ETL_ITJob.py
[2026-04-05T10:24:06.680+0000] {processor.py:925} INFO - DAG(s) 'crawl_etl_itjob' retrieved from /opt/airflow/dags/Crawl_ETL_ITJob.py
[2026-04-05T10:24:06.761+0000] {logging_mixin.py:190} INFO - [2026-04-05T10:24:06.761+0000] {dag.py:3239} INFO - Sync 1 DAGs
[2026-04-05T10:24:06.919+0000] {processor.py:208} INFO - Processing /opt/airflow/dags/Crawl_ETL_ITJob.py took 0.296 seconds
[2026-04-05T10:24:39.682+0000] {processor.py:186} INFO - Started process (PID=138) to work on /opt/airflow/dags/Crawl_ETL_ITJob.py
[2026-04-05T10:24:39.684+0000] {processor.py:914} INFO - Processing file /opt/airflow/dags/Crawl_ETL_ITJob.py for tasks to queue
[2026-04-05T10:24:39.687+0000] {logging_mixin.py:190} INFO - [2026-04-05T10:24:39.686+0000] {dagbag.py:588} INFO - Filling up the DagBag from /opt/airflow/dags/Crawl_ETL_ITJob.py
[2026-04-05T10:24:39.797+0000] {processor.py:925} INFO - DAG(s) 'crawl_etl_itjob' retrieved from /opt/airflow/dags/Crawl_ETL_ITJob.py
[2026-04-05T10:24:39.985+0000] {logging_mixin.py:190} INFO - [2026-04-05T10:24:39.985+0000] {dag.py:3239} INFO - Sync 1 DAGs
[2026-04-05T10:24:40.217+0000] {processor.py:208} INFO - Processing /opt/airflow/dags/Crawl_ETL_ITJob.py took 0.570 seconds
[2026-04-05T10:25:12.178+0000] {processor.py:186} INFO - Started process (PID=142) to work on /opt/airflow/dags/Crawl_ETL_ITJob.py
[2026-04-05T10:25:12.179+0000] {processor.py:914} INFO - Processing file /opt/airflow/dags/Crawl_ETL_ITJob.py for tasks to queue
[2026-04-05T10:25:12.184+0000] {logging_mixin.py:190} INFO - [2026-04-05T10:25:12.184+0000] {dagbag.py:588} INFO - Filling up the DagBag from /opt/airflow/dags/Crawl_ETL_ITJob.py
[2026-04-05T10:25:12.245+0000] {processor.py:925} INFO - DAG(s) 'crawl_etl_itjob' retrieved from /opt/airflow/dags/Crawl_ETL_ITJob.py
[2026-04-05T10:25:12.368+0000] {logging_mixin.py:190} INFO - [2026-04-05T10:25:12.368+0000] {dag.py:3239} INFO - Sync 1 DAGs
[2026-04-05T10:25:12.496+0000] {processor.py:208} INFO - Processing /opt/airflow/dags/Crawl_ETL_ITJob.py took 0.331 seconds
[2026-04-05T10:25:45.120+0000] {processor.py:186} INFO - Started process (PID=146) to work on /opt/airflow/dags/Crawl_ETL_ITJob.py
[2026-04-05T10:25:45.121+0000] {processor.py:914} INFO - Processing file /opt/airflow/dags/Crawl_ETL_ITJob.py for tasks to queue
[2026-04-05T10:25:45.124+0000] {logging_mixin.py:190} INFO - [2026-04-05T10:25:45.123+0000] {dagbag.py:588} INFO - Filling up the DagBag from /opt/airflow/dags/Crawl_ETL_ITJob.py
[2026-04-05T10:25:45.183+0000] {processor.py:925} INFO - DAG(s) 'crawl_etl_itjob' retrieved from /opt/airflow/dags/Crawl_ETL_ITJob.py
[2026-04-05T10:25:45.341+0000] {logging_mixin.py:190} INFO - [2026-04-05T10:25:45.341+0000] {dag.py:3239} INFO - Sync 1 DAGs
[2026-04-05T10:25:46.658+0000] {processor.py:208} INFO - Processing /opt/airflow/dags/Crawl_ETL_ITJob.py took 1.553 seconds
[2026-04-05T10:26:17.736+0000] {processor.py:186} INFO - Started process (PID=150) to work on /opt/airflow/dags/Crawl_ETL_ITJob.py
[2026-04-05T10:26:17.737+0000] {processor.py:914} INFO - Processing file /opt/airflow/dags/Crawl_ETL_ITJob.py for tasks to queue
[2026-04-05T10:26:17.740+0000] {logging_mixin.py:190} INFO - [2026-04-05T10:26:17.739+0000] {dagbag.py:588} INFO - Filling up the DagBag from /opt/airflow/dags/Crawl_ETL_ITJob.py
[2026-04-05T10:26:17.833+0000] {processor.py:925} INFO - DAG(s) 'crawl_etl_itjob' retrieved from /opt/airflow/dags/Crawl_ETL_ITJob.py
[2026-04-05T10:26:18.005+0000] {logging_mixin.py:190} INFO - [2026-04-05T10:26:18.004+0000] {dag.py:3239} INFO - Sync 1 DAGs
[2026-04-05T10:26:18.299+0000] {processor.py:208} INFO - Processing /opt/airflow/dags/Crawl_ETL_ITJob.py took 0.580 seconds
[2026-04-05T10:26:51.584+0000] {processor.py:186} INFO - Started process (PID=154) to work on /opt/airflow/dags/Crawl_ETL_ITJob.py
[2026-04-05T10:26:51.585+0000] {processor.py:914} INFO - Processing file /opt/airflow/dags/Crawl_ETL_ITJob.py for tasks to queue
[2026-04-05T10:26:51.595+0000] {logging_mixin.py:190} INFO - [2026-04-05T10:26:51.594+0000] {dagbag.py:588} INFO - Filling up the DagBag from /opt/airflow/dags/Crawl_ETL_ITJob.py
[2026-04-05T10:26:51.708+0000] {processor.py:925} INFO - DAG(s) 'crawl_etl_itjob' retrieved from /opt/airflow/dags/Crawl_ETL_ITJob.py
[2026-04-05T10:26:51.897+0000] {logging_mixin.py:190} INFO - [2026-04-05T10:26:51.897+0000] {dag.py:3239} INFO - Sync 1 DAGs
[2026-04-05T10:26:52.089+0000] {processor.py:208} INFO - Processing /opt/airflow/dags/Crawl_ETL_ITJob.py took 0.532 seconds
[2026-04-05T10:27:24.512+0000] {processor.py:186} INFO - Started process (PID=158) to work on /opt/airflow/dags/Crawl_ETL_ITJob.py
[2026-04-05T10:27:24.515+0000] {processor.py:914} INFO - Processing file /opt/airflow/dags/Crawl_ETL_ITJob.py for tasks to queue
[2026-04-05T10:27:24.523+0000] {logging_mixin.py:190} INFO - [2026-04-05T10:27:24.522+0000] {dagbag.py:588} INFO - Filling up the DagBag from /opt/airflow/dags/Crawl_ETL_ITJob.py
[2026-04-05T10:27:24.669+0000] {processor.py:925} INFO - DAG(s) 'crawl_etl_itjob' retrieved from /opt/airflow/dags/Crawl_ETL_ITJob.py
[2026-04-05T10:27:24.995+0000] {logging_mixin.py:190} INFO - [2026-04-05T10:27:24.994+0000] {dag.py:3239} INFO - Sync 1 DAGs
[2026-04-05T10:27:25.347+0000] {processor.py:208} INFO - Processing /opt/airflow/dags/Crawl_ETL_ITJob.py took 0.895 seconds
[2026-04-05T10:27:56.820+0000] {processor.py:186} INFO - Started process (PID=162) to work on /opt/airflow/dags/Crawl_ETL_ITJob.py
[2026-04-05T10:27:56.821+0000] {processor.py:914} INFO - Processing file /opt/airflow/dags/Crawl_ETL_ITJob.py for tasks to queue
[2026-04-05T10:27:56.829+0000] {logging_mixin.py:190} INFO - [2026-04-05T10:27:56.828+0000] {dagbag.py:588} INFO - Filling up the DagBag from /opt/airflow/dags/Crawl_ETL_ITJob.py
[2026-04-05T10:27:56.928+0000] {processor.py:925} INFO - DAG(s) 'crawl_etl_itjob' retrieved from /opt/airflow/dags/Crawl_ETL_ITJob.py
[2026-04-05T10:27:57.035+0000] {logging_mixin.py:190} INFO - [2026-04-05T10:27:57.035+0000] {dag.py:3239} INFO - Sync 1 DAGs
[2026-04-05T10:27:57.157+0000] {processor.py:208} INFO - Processing /opt/airflow/dags/Crawl_ETL_ITJob.py took 0.356 seconds
[2026-04-05T10:28:28.968+0000] {processor.py:186} INFO - Started process (PID=166) to work on /opt/airflow/dags/Crawl_ETL_ITJob.py
[2026-04-05T10:28:28.971+0000] {processor.py:914} INFO - Processing file /opt/airflow/dags/Crawl_ETL_ITJob.py for tasks to queue
[2026-04-05T10:28:28.975+0000] {logging_mixin.py:190} INFO - [2026-04-05T10:28:28.975+0000] {dagbag.py:588} INFO - Filling up the DagBag from /opt/airflow/dags/Crawl_ETL_ITJob.py
[2026-04-05T10:28:29.020+0000] {processor.py:925} INFO - DAG(s) 'crawl_etl_itjob' retrieved from /opt/airflow/dags/Crawl_ETL_ITJob.py
[2026-04-05T10:28:29.096+0000] {logging_mixin.py:190} INFO - [2026-04-05T10:28:29.096+0000] {dag.py:3239} INFO - Sync 1 DAGs
[2026-04-05T10:28:29.230+0000] {processor.py:208} INFO - Processing /opt/airflow/dags/Crawl_ETL_ITJob.py took 0.272 seconds
[2026-04-05T10:29:01.951+0000] {processor.py:186} INFO - Started process (PID=170) to work on /opt/airflow/dags/Crawl_ETL_ITJob.py
[2026-04-05T10:29:01.954+0000] {processor.py:914} INFO - Processing file /opt/airflow/dags/Crawl_ETL_ITJob.py for tasks to queue
[2026-04-05T10:29:01.963+0000] {logging_mixin.py:190} INFO - [2026-04-05T10:29:01.962+0000] {dagbag.py:588} INFO - Filling up the DagBag from /opt/airflow/dags/Crawl_ETL_ITJob.py
[2026-04-05T10:29:02.055+0000] {processor.py:925} INFO - DAG(s) 'crawl_etl_itjob' retrieved from /opt/airflow/dags/Crawl_ETL_ITJob.py
[2026-04-05T10:29:02.172+0000] {logging_mixin.py:190} INFO - [2026-04-05T10:29:02.172+0000] {dag.py:3239} INFO - Sync 1 DAGs
[2026-04-05T10:29:02.362+0000] {processor.py:208} INFO - Processing /opt/airflow/dags/Crawl_ETL_ITJob.py took 0.432 seconds
[2026-04-05T10:29:34.752+0000] {processor.py:186} INFO - Started process (PID=174) to work on /opt/airflow/dags/Crawl_ETL_ITJob.py
[2026-04-05T10:29:34.753+0000] {processor.py:914} INFO - Processing file /opt/airflow/dags/Crawl_ETL_ITJob.py for tasks to queue
[2026-04-05T10:29:34.755+0000] {logging_mixin.py:190} INFO - [2026-04-05T10:29:34.755+0000] {dagbag.py:588} INFO - Filling up the DagBag from /opt/airflow/dags/Crawl_ETL_ITJob.py
[2026-04-05T10:29:34.800+0000] {processor.py:925} INFO - DAG(s) 'crawl_etl_itjob' retrieved from /opt/airflow/dags/Crawl_ETL_ITJob.py
[2026-04-05T10:29:34.891+0000] {logging_mixin.py:190} INFO - [2026-04-05T10:29:34.891+0000] {dag.py:3239} INFO - Sync 1 DAGs
[2026-04-05T10:29:35.025+0000] {processor.py:208} INFO - Processing /opt/airflow/dags/Crawl_ETL_ITJob.py took 0.286 seconds
[2026-04-05T10:30:07.426+0000] {processor.py:186} INFO - Started process (PID=178) to work on /opt/airflow/dags/Crawl_ETL_ITJob.py
[2026-04-05T10:30:07.437+0000] {processor.py:914} INFO - Processing file /opt/airflow/dags/Crawl_ETL_ITJob.py for tasks to queue
[2026-04-05T10:30:07.440+0000] {logging_mixin.py:190} INFO - [2026-04-05T10:30:07.439+0000] {dagbag.py:588} INFO - Filling up the DagBag from /opt/airflow/dags/Crawl_ETL_ITJob.py
[2026-04-05T10:30:07.478+0000] {processor.py:925} INFO - DAG(s) 'crawl_etl_itjob' retrieved from /opt/airflow/dags/Crawl_ETL_ITJob.py
[2026-04-05T10:30:07.554+0000] {logging_mixin.py:190} INFO - [2026-04-05T10:30:07.553+0000] {dag.py:3239} INFO - Sync 1 DAGs
[2026-04-05T10:30:07.739+0000] {processor.py:208} INFO - Processing /opt/airflow/dags/Crawl_ETL_ITJob.py took 0.330 seconds
[2026-04-05T10:30:40.382+0000] {processor.py:186} INFO - Started process (PID=182) to work on /opt/airflow/dags/Crawl_ETL_ITJob.py
[2026-04-05T10:30:40.382+0000] {processor.py:914} INFO - Processing file /opt/airflow/dags/Crawl_ETL_ITJob.py for tasks to queue
[2026-04-05T10:30:40.384+0000] {logging_mixin.py:190} INFO - [2026-04-05T10:30:40.384+0000] {dagbag.py:588} INFO - Filling up the DagBag from /opt/airflow/dags/Crawl_ETL_ITJob.py
[2026-04-05T10:30:40.406+0000] {processor.py:925} INFO - DAG(s) 'crawl_etl_itjob' retrieved from /opt/airflow/dags/Crawl_ETL_ITJob.py
[2026-04-05T10:30:40.450+0000] {logging_mixin.py:190} INFO - [2026-04-05T10:30:40.450+0000] {dag.py:3239} INFO - Sync 1 DAGs
[2026-04-05T10:30:40.523+0000] {processor.py:208} INFO - Processing /opt/airflow/dags/Crawl_ETL_ITJob.py took 0.149 seconds
[2026-04-05T10:31:12.965+0000] {processor.py:186} INFO - Started process (PID=186) to work on /opt/airflow/dags/Crawl_ETL_ITJob.py
[2026-04-05T10:31:12.966+0000] {processor.py:914} INFO - Processing file /opt/airflow/dags/Crawl_ETL_ITJob.py for tasks to queue
[2026-04-05T10:31:12.970+0000] {logging_mixin.py:190} INFO - [2026-04-05T10:31:12.968+0000] {dagbag.py:588} INFO - Filling up the DagBag from /opt/airflow/dags/Crawl_ETL_ITJob.py
[2026-04-05T10:31:13.025+0000] {processor.py:925} INFO - DAG(s) 'crawl_etl_itjob' retrieved from /opt/airflow/dags/Crawl_ETL_ITJob.py
[2026-04-05T10:31:13.174+0000] {logging_mixin.py:190} INFO - [2026-04-05T10:31:13.174+0000] {dag.py:3239} INFO - Sync 1 DAGs
[2026-04-05T10:31:13.416+0000] {processor.py:208} INFO - Processing /opt/airflow/dags/Crawl_ETL_ITJob.py took 0.472 seconds
[2026-04-05T10:31:45.934+0000] {processor.py:186} INFO - Started process (PID=190) to work on /opt/airflow/dags/Crawl_ETL_ITJob.py
[2026-04-05T10:31:45.936+0000] {processor.py:914} INFO - Processing file /opt/airflow/dags/Crawl_ETL_ITJob.py for tasks to queue
[2026-04-05T10:31:45.937+0000] {logging_mixin.py:190} INFO - [2026-04-05T10:31:45.937+0000] {dagbag.py:588} INFO - Filling up the DagBag from /opt/airflow/dags/Crawl_ETL_ITJob.py
[2026-04-05T10:31:45.974+0000] {processor.py:925} INFO - DAG(s) 'crawl_etl_itjob' retrieved from /opt/airflow/dags/Crawl_ETL_ITJob.py
[2026-04-05T10:31:46.041+0000] {logging_mixin.py:190} INFO - [2026-04-05T10:31:46.041+0000] {dag.py:3239} INFO - Sync 1 DAGs
[2026-04-05T10:31:46.141+0000] {processor.py:208} INFO - Processing /opt/airflow/dags/Crawl_ETL_ITJob.py took 0.220 seconds
[2026-04-05T10:32:18.545+0000] {processor.py:186} INFO - Started process (PID=194) to work on /opt/airflow/dags/Crawl_ETL_ITJob.py
[2026-04-05T10:32:18.546+0000] {processor.py:914} INFO - Processing file /opt/airflow/dags/Crawl_ETL_ITJob.py for tasks to queue
[2026-04-05T10:32:18.548+0000] {logging_mixin.py:190} INFO - [2026-04-05T10:32:18.547+0000] {dagbag.py:588} INFO - Filling up the DagBag from /opt/airflow/dags/Crawl_ETL_ITJob.py
[2026-04-05T10:32:18.570+0000] {processor.py:925} INFO - DAG(s) 'crawl_etl_itjob' retrieved from /opt/airflow/dags/Crawl_ETL_ITJob.py
[2026-04-05T10:32:18.620+0000] {logging_mixin.py:190} INFO - [2026-04-05T10:32:18.620+0000] {dag.py:3239} INFO - Sync 1 DAGs
[2026-04-05T10:32:18.693+0000] {processor.py:208} INFO - Processing /opt/airflow/dags/Crawl_ETL_ITJob.py took 0.156 seconds
[2026-04-05T10:32:52.132+0000] {processor.py:186} INFO - Started process (PID=198) to work on /opt/airflow/dags/Crawl_ETL_ITJob.py
[2026-04-05T10:32:52.133+0000] {processor.py:914} INFO - Processing file /opt/airflow/dags/Crawl_ETL_ITJob.py for tasks to queue
[2026-04-05T10:32:52.135+0000] {logging_mixin.py:190} INFO - [2026-04-05T10:32:52.134+0000] {dagbag.py:588} INFO - Filling up the DagBag from /opt/airflow/dags/Crawl_ETL_ITJob.py
[2026-04-05T10:32:52.163+0000] {processor.py:925} INFO - DAG(s) 'crawl_etl_itjob' retrieved from /opt/airflow/dags/Crawl_ETL_ITJob.py
[2026-04-05T10:32:52.223+0000] {logging_mixin.py:190} INFO - [2026-04-05T10:32:52.222+0000] {dag.py:3239} INFO - Sync 1 DAGs
[2026-04-05T10:32:52.378+0000] {processor.py:208} INFO - Processing /opt/airflow/dags/Crawl_ETL_ITJob.py took 0.255 seconds
[2026-04-05T10:33:24.283+0000] {processor.py:186} INFO - Started process (PID=202) to work on /opt/airflow/dags/Crawl_ETL_ITJob.py
[2026-04-05T10:33:24.284+0000] {processor.py:914} INFO - Processing file /opt/airflow/dags/Crawl_ETL_ITJob.py for tasks to queue
[2026-04-05T10:33:24.285+0000] {logging_mixin.py:190} INFO - [2026-04-05T10:33:24.285+0000] {dagbag.py:588} INFO - Filling up the DagBag from /opt/airflow/dags/Crawl_ETL_ITJob.py
[2026-04-05T10:33:24.322+0000] {processor.py:925} INFO - DAG(s) 'crawl_etl_itjob' retrieved from /opt/airflow/dags/Crawl_ETL_ITJob.py
[2026-04-05T10:33:24.379+0000] {logging_mixin.py:190} INFO - [2026-04-05T10:33:24.379+0000] {dag.py:3239} INFO - Sync 1 DAGs
[2026-04-05T10:33:24.473+0000] {processor.py:208} INFO - Processing /opt/airflow/dags/Crawl_ETL_ITJob.py took 0.198 seconds
[2026-04-05T10:33:57.007+0000] {processor.py:186} INFO - Started process (PID=206) to work on /opt/airflow/dags/Crawl_ETL_ITJob.py
[2026-04-05T10:33:57.007+0000] {processor.py:914} INFO - Processing file /opt/airflow/dags/Crawl_ETL_ITJob.py for tasks to queue
[2026-04-05T10:33:57.009+0000] {logging_mixin.py:190} INFO - [2026-04-05T10:33:57.008+0000] {dagbag.py:588} INFO - Filling up the DagBag from /opt/airflow/dags/Crawl_ETL_ITJob.py
[2026-04-05T10:33:57.026+0000] {processor.py:925} INFO - DAG(s) 'crawl_etl_itjob' retrieved from /opt/airflow/dags/Crawl_ETL_ITJob.py
[2026-04-05T10:33:57.071+0000] {logging_mixin.py:190} INFO - [2026-04-05T10:33:57.070+0000] {dag.py:3239} INFO - Sync 1 DAGs
[2026-04-05T10:33:57.340+0000] {processor.py:208} INFO - Processing /opt/airflow/dags/Crawl_ETL_ITJob.py took 0.339 seconds
[2026-04-05T10:34:29.709+0000] {processor.py:186} INFO - Started process (PID=210) to work on /opt/airflow/dags/Crawl_ETL_ITJob.py
[2026-04-05T10:34:29.710+0000] {processor.py:914} INFO - Processing file /opt/airflow/dags/Crawl_ETL_ITJob.py for tasks to queue
[2026-04-05T10:34:29.711+0000] {logging_mixin.py:190} INFO - [2026-04-05T10:34:29.711+0000] {dagbag.py:588} INFO - Filling up the DagBag from /opt/airflow/dags/Crawl_ETL_ITJob.py
[2026-04-05T10:34:29.735+0000] {processor.py:925} INFO - DAG(s) 'crawl_etl_itjob' retrieved from /opt/airflow/dags/Crawl_ETL_ITJob.py
[2026-04-05T10:34:29.806+0000] {logging_mixin.py:190} INFO - [2026-04-05T10:34:29.805+0000] {dag.py:3239} INFO - Sync 1 DAGs
[2026-04-05T10:34:29.969+0000] {processor.py:208} INFO - Processing /opt/airflow/dags/Crawl_ETL_ITJob.py took 0.264 seconds
[2026-04-05T10:35:02.655+0000] {processor.py:186} INFO - Started process (PID=214) to work on /opt/airflow/dags/Crawl_ETL_ITJob.py
[2026-04-05T10:35:02.656+0000] {processor.py:914} INFO - Processing file /opt/airflow/dags/Crawl_ETL_ITJob.py for tasks to queue
[2026-04-05T10:35:02.658+0000] {logging_mixin.py:190} INFO - [2026-04-05T10:35:02.657+0000] {dagbag.py:588} INFO - Filling up the DagBag from /opt/airflow/dags/Crawl_ETL_ITJob.py
[2026-04-05T10:35:02.697+0000] {processor.py:925} INFO - DAG(s) 'crawl_etl_itjob' retrieved from /opt/airflow/dags/Crawl_ETL_ITJob.py
[2026-04-05T10:35:02.768+0000] {logging_mixin.py:190} INFO - [2026-04-05T10:35:02.768+0000] {dag.py:3239} INFO - Sync 1 DAGs
[2026-04-05T10:35:02.916+0000] {processor.py:208} INFO - Processing /opt/airflow/dags/Crawl_ETL_ITJob.py took 0.272 seconds
[2026-04-05T10:35:35.657+0000] {processor.py:186} INFO - Started process (PID=218) to work on /opt/airflow/dags/Crawl_ETL_ITJob.py
[2026-04-05T10:35:35.660+0000] {processor.py:914} INFO - Processing file /opt/airflow/dags/Crawl_ETL_ITJob.py for tasks to queue
[2026-04-05T10:35:35.662+0000] {logging_mixin.py:190} INFO - [2026-04-05T10:35:35.661+0000] {dagbag.py:588} INFO - Filling up the DagBag from /opt/airflow/dags/Crawl_ETL_ITJob.py
[2026-04-05T10:35:35.695+0000] {processor.py:925} INFO - DAG(s) 'crawl_etl_itjob' retrieved from /opt/airflow/dags/Crawl_ETL_ITJob.py
[2026-04-05T10:35:35.773+0000] {logging_mixin.py:190} INFO - [2026-04-05T10:35:35.772+0000] {dag.py:3239} INFO - Sync 1 DAGs
[2026-04-05T10:35:35.869+0000] {processor.py:208} INFO - Processing /opt/airflow/dags/Crawl_ETL_ITJob.py took 0.223 seconds
[2026-04-05T10:36:08.230+0000] {processor.py:186} INFO - Started process (PID=222) to work on /opt/airflow/dags/Crawl_ETL_ITJob.py
[2026-04-05T10:36:08.231+0000] {processor.py:914} INFO - Processing file /opt/airflow/dags/Crawl_ETL_ITJob.py for tasks to queue
[2026-04-05T10:36:08.233+0000] {logging_mixin.py:190} INFO - [2026-04-05T10:36:08.233+0000] {dagbag.py:588} INFO - Filling up the DagBag from /opt/airflow/dags/Crawl_ETL_ITJob.py
[2026-04-05T10:36:08.259+0000] {processor.py:925} INFO - DAG(s) 'crawl_etl_itjob' retrieved from /opt/airflow/dags/Crawl_ETL_ITJob.py
[2026-04-05T10:36:08.313+0000] {logging_mixin.py:190} INFO - [2026-04-05T10:36:08.313+0000] {dag.py:3239} INFO - Sync 1 DAGs
[2026-04-05T10:36:08.421+0000] {processor.py:208} INFO - Processing /opt/airflow/dags/Crawl_ETL_ITJob.py took 0.198 seconds
[2026-04-05T10:36:40.950+0000] {processor.py:186} INFO - Started process (PID=226) to work on /opt/airflow/dags/Crawl_ETL_ITJob.py
[2026-04-05T10:36:40.951+0000] {processor.py:914} INFO - Processing file /opt/airflow/dags/Crawl_ETL_ITJob.py for tasks to queue
[2026-04-05T10:36:40.954+0000] {logging_mixin.py:190} INFO - [2026-04-05T10:36:40.954+0000] {dagbag.py:588} INFO - Filling up the DagBag from /opt/airflow/dags/Crawl_ETL_ITJob.py
[2026-04-05T10:36:40.983+0000] {processor.py:925} INFO - DAG(s) 'crawl_etl_itjob' retrieved from /opt/airflow/dags/Crawl_ETL_ITJob.py
[2026-04-05T10:36:41.033+0000] {logging_mixin.py:190} INFO - [2026-04-05T10:36:41.033+0000] {dag.py:3239} INFO - Sync 1 DAGs
[2026-04-05T10:36:41.122+0000] {processor.py:208} INFO - Processing /opt/airflow/dags/Crawl_ETL_ITJob.py took 0.181 seconds
[2026-04-05T10:37:14.445+0000] {processor.py:186} INFO - Started process (PID=230) to work on /opt/airflow/dags/Crawl_ETL_ITJob.py
[2026-04-05T10:37:14.445+0000] {processor.py:914} INFO - Processing file /opt/airflow/dags/Crawl_ETL_ITJob.py for tasks to queue
[2026-04-05T10:37:14.446+0000] {logging_mixin.py:190} INFO - [2026-04-05T10:37:14.446+0000] {dagbag.py:588} INFO - Filling up the DagBag from /opt/airflow/dags/Crawl_ETL_ITJob.py
[2026-04-05T10:37:14.465+0000] {processor.py:925} INFO - DAG(s) 'crawl_etl_itjob' retrieved from /opt/airflow/dags/Crawl_ETL_ITJob.py
[2026-04-05T10:37:14.504+0000] {logging_mixin.py:190} INFO - [2026-04-05T10:37:14.503+0000] {dag.py:3239} INFO - Sync 1 DAGs
[2026-04-05T10:37:14.563+0000] {processor.py:208} INFO - Processing /opt/airflow/dags/Crawl_ETL_ITJob.py took 0.124 seconds
[2026-04-05T10:37:46.946+0000] {processor.py:186} INFO - Started process (PID=234) to work on /opt/airflow/dags/Crawl_ETL_ITJob.py
[2026-04-05T10:37:46.947+0000] {processor.py:914} INFO - Processing file /opt/airflow/dags/Crawl_ETL_ITJob.py for tasks to queue
[2026-04-05T10:37:46.949+0000] {logging_mixin.py:190} INFO - [2026-04-05T10:37:46.949+0000] {dagbag.py:588} INFO - Filling up the DagBag from /opt/airflow/dags/Crawl_ETL_ITJob.py
[2026-04-05T10:37:46.980+0000] {processor.py:925} INFO - DAG(s) 'crawl_etl_itjob' retrieved from /opt/airflow/dags/Crawl_ETL_ITJob.py
[2026-04-05T10:37:47.037+0000] {logging_mixin.py:190} INFO - [2026-04-05T10:37:47.037+0000] {dag.py:3239} INFO - Sync 1 DAGs
[2026-04-05T10:37:47.121+0000] {processor.py:208} INFO - Processing /opt/airflow/dags/Crawl_ETL_ITJob.py took 0.185 seconds
[2026-04-05T10:38:19.424+0000] {processor.py:186} INFO - Started process (PID=238) to work on /opt/airflow/dags/Crawl_ETL_ITJob.py
[2026-04-05T10:38:19.425+0000] {processor.py:914} INFO - Processing file /opt/airflow/dags/Crawl_ETL_ITJob.py for tasks to queue
[2026-04-05T10:38:19.427+0000] {logging_mixin.py:190} INFO - [2026-04-05T10:38:19.426+0000] {dagbag.py:588} INFO - Filling up the DagBag from /opt/airflow/dags/Crawl_ETL_ITJob.py
[2026-04-05T10:38:19.447+0000] {processor.py:925} INFO - DAG(s) 'crawl_etl_itjob' retrieved from /opt/airflow/dags/Crawl_ETL_ITJob.py
[2026-04-05T10:38:19.489+0000] {logging_mixin.py:190} INFO - [2026-04-05T10:38:19.489+0000] {dag.py:3239} INFO - Sync 1 DAGs
[2026-04-05T10:38:19.563+0000] {processor.py:208} INFO - Processing /opt/airflow/dags/Crawl_ETL_ITJob.py took 0.146 seconds
[2026-04-05T10:38:52.981+0000] {processor.py:186} INFO - Started process (PID=242) to work on /opt/airflow/dags/Crawl_ETL_ITJob.py
[2026-04-05T10:38:52.982+0000] {processor.py:914} INFO - Processing file /opt/airflow/dags/Crawl_ETL_ITJob.py for tasks to queue
[2026-04-05T10:38:52.984+0000] {logging_mixin.py:190} INFO - [2026-04-05T10:38:52.983+0000] {dagbag.py:588} INFO - Filling up the DagBag from /opt/airflow/dags/Crawl_ETL_ITJob.py
[2026-04-05T10:38:53.023+0000] {processor.py:925} INFO - DAG(s) 'crawl_etl_itjob' retrieved from /opt/airflow/dags/Crawl_ETL_ITJob.py
[2026-04-05T10:38:53.096+0000] {logging_mixin.py:190} INFO - [2026-04-05T10:38:53.095+0000] {dag.py:3239} INFO - Sync 1 DAGs
[2026-04-05T10:38:53.207+0000] {processor.py:208} INFO - Processing /opt/airflow/dags/Crawl_ETL_ITJob.py took 0.242 seconds
[2026-04-05T10:39:25.772+0000] {processor.py:186} INFO - Started process (PID=246) to work on /opt/airflow/dags/Crawl_ETL_ITJob.py
[2026-04-05T10:39:25.773+0000] {processor.py:914} INFO - Processing file /opt/airflow/dags/Crawl_ETL_ITJob.py for tasks to queue
[2026-04-05T10:39:25.779+0000] {logging_mixin.py:190} INFO - [2026-04-05T10:39:25.776+0000] {dagbag.py:588} INFO - Filling up the DagBag from /opt/airflow/dags/Crawl_ETL_ITJob.py
[2026-04-05T10:39:25.820+0000] {processor.py:925} INFO - DAG(s) 'crawl_etl_itjob' retrieved from /opt/airflow/dags/Crawl_ETL_ITJob.py
[2026-04-05T10:39:25.921+0000] {logging_mixin.py:190} INFO - [2026-04-05T10:39:25.921+0000] {dag.py:3239} INFO - Sync 1 DAGs
[2026-04-05T10:39:26.078+0000] {processor.py:208} INFO - Processing /opt/airflow/dags/Crawl_ETL_ITJob.py took 0.319 seconds
[2026-04-05T10:39:57.707+0000] {processor.py:186} INFO - Started process (PID=250) to work on /opt/airflow/dags/Crawl_ETL_ITJob.py
[2026-04-05T10:39:57.707+0000] {processor.py:914} INFO - Processing file /opt/airflow/dags/Crawl_ETL_ITJob.py for tasks to queue
[2026-04-05T10:39:57.709+0000] {logging_mixin.py:190} INFO - [2026-04-05T10:39:57.709+0000] {dagbag.py:588} INFO - Filling up the DagBag from /opt/airflow/dags/Crawl_ETL_ITJob.py
[2026-04-05T10:39:57.727+0000] {processor.py:925} INFO - DAG(s) 'crawl_etl_itjob' retrieved from /opt/airflow/dags/Crawl_ETL_ITJob.py
[2026-04-05T10:39:57.774+0000] {logging_mixin.py:190} INFO - [2026-04-05T10:39:57.774+0000] {dag.py:3239} INFO - Sync 1 DAGs
[2026-04-05T10:39:57.851+0000] {processor.py:208} INFO - Processing /opt/airflow/dags/Crawl_ETL_ITJob.py took 0.151 seconds
[2026-04-05T10:40:31.387+0000] {processor.py:186} INFO - Started process (PID=254) to work on /opt/airflow/dags/Crawl_ETL_ITJob.py
[2026-04-05T10:40:31.391+0000] {processor.py:914} INFO - Processing file /opt/airflow/dags/Crawl_ETL_ITJob.py for tasks to queue
[2026-04-05T10:40:31.397+0000] {logging_mixin.py:190} INFO - [2026-04-05T10:40:31.396+0000] {dagbag.py:588} INFO - Filling up the DagBag from /opt/airflow/dags/Crawl_ETL_ITJob.py
[2026-04-05T10:40:31.471+0000] {processor.py:925} INFO - DAG(s) 'crawl_etl_itjob' retrieved from /opt/airflow/dags/Crawl_ETL_ITJob.py
[2026-04-05T10:40:31.625+0000] {logging_mixin.py:190} INFO - [2026-04-05T10:40:31.625+0000] {dag.py:3239} INFO - Sync 1 DAGs
[2026-04-05T10:40:31.858+0000] {processor.py:208} INFO - Processing /opt/airflow/dags/Crawl_ETL_ITJob.py took 0.515 seconds
[2026-04-05T10:41:03.659+0000] {processor.py:186} INFO - Started process (PID=258) to work on /opt/airflow/dags/Crawl_ETL_ITJob.py
[2026-04-05T10:41:03.661+0000] {processor.py:914} INFO - Processing file /opt/airflow/dags/Crawl_ETL_ITJob.py for tasks to queue
[2026-04-05T10:41:03.665+0000] {logging_mixin.py:190} INFO - [2026-04-05T10:41:03.665+0000] {dagbag.py:588} INFO - Filling up the DagBag from /opt/airflow/dags/Crawl_ETL_ITJob.py
[2026-04-05T10:41:03.787+0000] {processor.py:925} INFO - DAG(s) 'crawl_etl_itjob' retrieved from /opt/airflow/dags/Crawl_ETL_ITJob.py
[2026-04-05T10:41:03.914+0000] {logging_mixin.py:190} INFO - [2026-04-05T10:41:03.914+0000] {dag.py:3239} INFO - Sync 1 DAGs
[2026-04-05T10:41:04.112+0000] {processor.py:208} INFO - Processing /opt/airflow/dags/Crawl_ETL_ITJob.py took 0.489 seconds
[2026-04-05T10:41:36.880+0000] {processor.py:186} INFO - Started process (PID=262) to work on /opt/airflow/dags/Crawl_ETL_ITJob.py
[2026-04-05T10:41:36.884+0000] {processor.py:914} INFO - Processing file /opt/airflow/dags/Crawl_ETL_ITJob.py for tasks to queue
[2026-04-05T10:41:36.887+0000] {logging_mixin.py:190} INFO - [2026-04-05T10:41:36.887+0000] {dagbag.py:588} INFO - Filling up the DagBag from /opt/airflow/dags/Crawl_ETL_ITJob.py
[2026-04-05T10:41:36.940+0000] {processor.py:925} INFO - DAG(s) 'crawl_etl_itjob' retrieved from /opt/airflow/dags/Crawl_ETL_ITJob.py
[2026-04-05T10:41:37.042+0000] {logging_mixin.py:190} INFO - [2026-04-05T10:41:37.041+0000] {dag.py:3239} INFO - Sync 1 DAGs
[2026-04-05T10:41:37.174+0000] {processor.py:208} INFO - Processing /opt/airflow/dags/Crawl_ETL_ITJob.py took 0.316 seconds
[2026-04-05T10:42:09.262+0000] {processor.py:186} INFO - Started process (PID=266) to work on /opt/airflow/dags/Crawl_ETL_ITJob.py
[2026-04-05T10:42:09.263+0000] {processor.py:914} INFO - Processing file /opt/airflow/dags/Crawl_ETL_ITJob.py for tasks to queue
[2026-04-05T10:42:09.266+0000] {logging_mixin.py:190} INFO - [2026-04-05T10:42:09.265+0000] {dagbag.py:588} INFO - Filling up the DagBag from /opt/airflow/dags/Crawl_ETL_ITJob.py
[2026-04-05T10:42:09.297+0000] {processor.py:925} INFO - DAG(s) 'crawl_etl_itjob' retrieved from /opt/airflow/dags/Crawl_ETL_ITJob.py
[2026-04-05T10:42:09.364+0000] {logging_mixin.py:190} INFO - [2026-04-05T10:42:09.364+0000] {dag.py:3239} INFO - Sync 1 DAGs
[2026-04-05T10:42:09.469+0000] {processor.py:208} INFO - Processing /opt/airflow/dags/Crawl_ETL_ITJob.py took 0.216 seconds
[2026-04-05T10:42:42.070+0000] {processor.py:186} INFO - Started process (PID=270) to work on /opt/airflow/dags/Crawl_ETL_ITJob.py
[2026-04-05T10:42:42.071+0000] {processor.py:914} INFO - Processing file /opt/airflow/dags/Crawl_ETL_ITJob.py for tasks to queue
[2026-04-05T10:42:42.075+0000] {logging_mixin.py:190} INFO - [2026-04-05T10:42:42.074+0000] {dagbag.py:588} INFO - Filling up the DagBag from /opt/airflow/dags/Crawl_ETL_ITJob.py
[2026-04-05T10:42:42.119+0000] {processor.py:925} INFO - DAG(s) 'crawl_etl_itjob' retrieved from /opt/airflow/dags/Crawl_ETL_ITJob.py
[2026-04-05T10:42:42.190+0000] {logging_mixin.py:190} INFO - [2026-04-05T10:42:42.190+0000] {dag.py:3239} INFO - Sync 1 DAGs
[2026-04-05T10:42:42.303+0000] {processor.py:208} INFO - Processing /opt/airflow/dags/Crawl_ETL_ITJob.py took 0.247 seconds
[2026-04-05T10:43:14.860+0000] {processor.py:186} INFO - Started process (PID=274) to work on /opt/airflow/dags/Crawl_ETL_ITJob.py
[2026-04-05T10:43:14.869+0000] {processor.py:914} INFO - Processing file /opt/airflow/dags/Crawl_ETL_ITJob.py for tasks to queue
[2026-04-05T10:43:14.878+0000] {logging_mixin.py:190} INFO - [2026-04-05T10:43:14.877+0000] {dagbag.py:588} INFO - Filling up the DagBag from /opt/airflow/dags/Crawl_ETL_ITJob.py
[2026-04-05T10:43:14.931+0000] {processor.py:925} INFO - DAG(s) 'crawl_etl_itjob' retrieved from /opt/airflow/dags/Crawl_ETL_ITJob.py
[2026-04-05T10:43:15.021+0000] {logging_mixin.py:190} INFO - [2026-04-05T10:43:15.020+0000] {dag.py:3239} INFO - Sync 1 DAGs
[2026-04-05T10:43:15.152+0000] {processor.py:208} INFO - Processing /opt/airflow/dags/Crawl_ETL_ITJob.py took 0.308 seconds
[2026-04-05T10:43:47.521+0000] {processor.py:186} INFO - Started process (PID=278) to work on /opt/airflow/dags/Crawl_ETL_ITJob.py
[2026-04-05T10:43:47.522+0000] {processor.py:914} INFO - Processing file /opt/airflow/dags/Crawl_ETL_ITJob.py for tasks to queue
[2026-04-05T10:43:47.523+0000] {logging_mixin.py:190} INFO - [2026-04-05T10:43:47.523+0000] {dagbag.py:588} INFO - Filling up the DagBag from /opt/airflow/dags/Crawl_ETL_ITJob.py
[2026-04-05T10:43:47.545+0000] {processor.py:925} INFO - DAG(s) 'crawl_etl_itjob' retrieved from /opt/airflow/dags/Crawl_ETL_ITJob.py
[2026-04-05T10:43:47.591+0000] {logging_mixin.py:190} INFO - [2026-04-05T10:43:47.591+0000] {dag.py:3239} INFO - Sync 1 DAGs
[2026-04-05T10:43:47.709+0000] {processor.py:208} INFO - Processing /opt/airflow/dags/Crawl_ETL_ITJob.py took 0.195 seconds
[2026-04-05T10:44:20.586+0000] {processor.py:186} INFO - Started process (PID=282) to work on /opt/airflow/dags/Crawl_ETL_ITJob.py
[2026-04-05T10:44:20.588+0000] {processor.py:914} INFO - Processing file /opt/airflow/dags/Crawl_ETL_ITJob.py for tasks to queue
[2026-04-05T10:44:20.591+0000] {logging_mixin.py:190} INFO - [2026-04-05T10:44:20.591+0000] {dagbag.py:588} INFO - Filling up the DagBag from /opt/airflow/dags/Crawl_ETL_ITJob.py
[2026-04-05T10:44:20.624+0000] {processor.py:925} INFO - DAG(s) 'crawl_etl_itjob' retrieved from /opt/airflow/dags/Crawl_ETL_ITJob.py
[2026-04-05T10:44:20.678+0000] {logging_mixin.py:190} INFO - [2026-04-05T10:44:20.677+0000] {dag.py:3239} INFO - Sync 1 DAGs
[2026-04-05T10:44:20.756+0000] {processor.py:208} INFO - Processing /opt/airflow/dags/Crawl_ETL_ITJob.py took 0.185 seconds
[2026-04-05T10:44:53.081+0000] {processor.py:186} INFO - Started process (PID=286) to work on /opt/airflow/dags/Crawl_ETL_ITJob.py
[2026-04-05T10:44:53.085+0000] {processor.py:914} INFO - Processing file /opt/airflow/dags/Crawl_ETL_ITJob.py for tasks to queue
[2026-04-05T10:44:53.090+0000] {logging_mixin.py:190} INFO - [2026-04-05T10:44:53.089+0000] {dagbag.py:588} INFO - Filling up the DagBag from /opt/airflow/dags/Crawl_ETL_ITJob.py
[2026-04-05T10:44:53.127+0000] {processor.py:925} INFO - DAG(s) 'crawl_etl_itjob' retrieved from /opt/airflow/dags/Crawl_ETL_ITJob.py
[2026-04-05T10:44:53.209+0000] {logging_mixin.py:190} INFO - [2026-04-05T10:44:53.208+0000] {dag.py:3239} INFO - Sync 1 DAGs
[2026-04-05T10:44:53.316+0000] {processor.py:208} INFO - Processing /opt/airflow/dags/Crawl_ETL_ITJob.py took 0.248 seconds
[2026-04-05T10:45:25.783+0000] {processor.py:186} INFO - Started process (PID=290) to work on /opt/airflow/dags/Crawl_ETL_ITJob.py
[2026-04-05T10:45:25.784+0000] {processor.py:914} INFO - Processing file /opt/airflow/dags/Crawl_ETL_ITJob.py for tasks to queue
[2026-04-05T10:45:25.786+0000] {logging_mixin.py:190} INFO - [2026-04-05T10:45:25.786+0000] {dagbag.py:588} INFO - Filling up the DagBag from /opt/airflow/dags/Crawl_ETL_ITJob.py
[2026-04-05T10:45:25.813+0000] {processor.py:925} INFO - DAG(s) 'crawl_etl_itjob' retrieved from /opt/airflow/dags/Crawl_ETL_ITJob.py
[2026-04-05T10:45:25.874+0000] {logging_mixin.py:190} INFO - [2026-04-05T10:45:25.874+0000] {dag.py:3239} INFO - Sync 1 DAGs
[2026-04-05T10:45:25.947+0000] {processor.py:208} INFO - Processing /opt/airflow/dags/Crawl_ETL_ITJob.py took 0.174 seconds
[2026-04-05T10:45:56.644+0000] {processor.py:186} INFO - Started process (PID=294) to work on /opt/airflow/dags/Crawl_ETL_ITJob.py
[2026-04-05T10:45:56.645+0000] {processor.py:914} INFO - Processing file /opt/airflow/dags/Crawl_ETL_ITJob.py for tasks to queue
[2026-04-05T10:45:56.649+0000] {logging_mixin.py:190} INFO - [2026-04-05T10:45:56.649+0000] {dagbag.py:588} INFO - Filling up the DagBag from /opt/airflow/dags/Crawl_ETL_ITJob.py
[2026-04-05T10:45:56.667+0000] {processor.py:925} INFO - DAG(s) 'crawl_etl_itjob' retrieved from /opt/airflow/dags/Crawl_ETL_ITJob.py
[2026-04-05T10:45:56.700+0000] {logging_mixin.py:190} INFO - [2026-04-05T10:45:56.700+0000] {dag.py:3239} INFO - Sync 1 DAGs
[2026-04-05T10:45:56.781+0000] {processor.py:208} INFO - Processing /opt/airflow/dags/Crawl_ETL_ITJob.py took 0.142 seconds
[2026-04-05T10:46:27.264+0000] {processor.py:186} INFO - Started process (PID=298) to work on /opt/airflow/dags/Crawl_ETL_ITJob.py
[2026-04-05T10:46:27.265+0000] {processor.py:914} INFO - Processing file /opt/airflow/dags/Crawl_ETL_ITJob.py for tasks to queue
[2026-04-05T10:46:27.267+0000] {logging_mixin.py:190} INFO - [2026-04-05T10:46:27.266+0000] {dagbag.py:588} INFO - Filling up the DagBag from /opt/airflow/dags/Crawl_ETL_ITJob.py
[2026-04-05T10:46:27.301+0000] {processor.py:925} INFO - DAG(s) 'crawl_etl_itjob' retrieved from /opt/airflow/dags/Crawl_ETL_ITJob.py
[2026-04-05T10:46:27.365+0000] {logging_mixin.py:190} INFO - [2026-04-05T10:46:27.364+0000] {dag.py:3239} INFO - Sync 1 DAGs
[2026-04-05T10:46:27.463+0000] {processor.py:208} INFO - Processing /opt/airflow/dags/Crawl_ETL_ITJob.py took 0.208 seconds
[2026-04-05T10:46:58.394+0000] {processor.py:186} INFO - Started process (PID=302) to work on /opt/airflow/dags/Crawl_ETL_ITJob.py
[2026-04-05T10:46:58.395+0000] {processor.py:914} INFO - Processing file /opt/airflow/dags/Crawl_ETL_ITJob.py for tasks to queue
[2026-04-05T10:46:58.397+0000] {logging_mixin.py:190} INFO - [2026-04-05T10:46:58.396+0000] {dagbag.py:588} INFO - Filling up the DagBag from /opt/airflow/dags/Crawl_ETL_ITJob.py
[2026-04-05T10:46:58.427+0000] {processor.py:925} INFO - DAG(s) 'crawl_etl_itjob' retrieved from /opt/airflow/dags/Crawl_ETL_ITJob.py
[2026-04-05T10:46:58.489+0000] {logging_mixin.py:190} INFO - [2026-04-05T10:46:58.488+0000] {dag.py:3239} INFO - Sync 1 DAGs
[2026-04-05T10:46:58.597+0000] {processor.py:208} INFO - Processing /opt/airflow/dags/Crawl_ETL_ITJob.py took 0.213 seconds
[2026-04-05T10:47:28.905+0000] {processor.py:186} INFO - Started process (PID=306) to work on /opt/airflow/dags/Crawl_ETL_ITJob.py
[2026-04-05T10:47:28.906+0000] {processor.py:914} INFO - Processing file /opt/airflow/dags/Crawl_ETL_ITJob.py for tasks to queue
[2026-04-05T10:47:28.907+0000] {logging_mixin.py:190} INFO - [2026-04-05T10:47:28.907+0000] {dagbag.py:588} INFO - Filling up the DagBag from /opt/airflow/dags/Crawl_ETL_ITJob.py
[2026-04-05T10:47:28.927+0000] {processor.py:925} INFO - DAG(s) 'crawl_etl_itjob' retrieved from /opt/airflow/dags/Crawl_ETL_ITJob.py
[2026-04-05T10:47:28.975+0000] {logging_mixin.py:190} INFO - [2026-04-05T10:47:28.974+0000] {dag.py:3239} INFO - Sync 1 DAGs
[2026-04-05T10:47:29.068+0000] {processor.py:208} INFO - Processing /opt/airflow/dags/Crawl_ETL_ITJob.py took 0.169 seconds
[2026-04-05T10:47:59.172+0000] {processor.py:186} INFO - Started process (PID=310) to work on /opt/airflow/dags/Crawl_ETL_ITJob.py
[2026-04-05T10:47:59.173+0000] {processor.py:914} INFO - Processing file /opt/airflow/dags/Crawl_ETL_ITJob.py for tasks to queue
[2026-04-05T10:47:59.175+0000] {logging_mixin.py:190} INFO - [2026-04-05T10:47:59.175+0000] {dagbag.py:588} INFO - Filling up the DagBag from /opt/airflow/dags/Crawl_ETL_ITJob.py
[2026-04-05T10:47:59.201+0000] {processor.py:925} INFO - DAG(s) 'crawl_etl_itjob' retrieved from /opt/airflow/dags/Crawl_ETL_ITJob.py
[2026-04-05T10:47:59.261+0000] {logging_mixin.py:190} INFO - [2026-04-05T10:47:59.260+0000] {dag.py:3239} INFO - Sync 1 DAGs
[2026-04-05T10:47:59.373+0000] {processor.py:208} INFO - Processing /opt/airflow/dags/Crawl_ETL_ITJob.py took 0.211 seconds
[2026-04-05T10:48:29.699+0000] {processor.py:186} INFO - Started process (PID=314) to work on /opt/airflow/dags/Crawl_ETL_ITJob.py
[2026-04-05T10:48:29.700+0000] {processor.py:914} INFO - Processing file /opt/airflow/dags/Crawl_ETL_ITJob.py for tasks to queue
[2026-04-05T10:48:29.701+0000] {logging_mixin.py:190} INFO - [2026-04-05T10:48:29.701+0000] {dagbag.py:588} INFO - Filling up the DagBag from /opt/airflow/dags/Crawl_ETL_ITJob.py
[2026-04-05T10:48:29.728+0000] {processor.py:925} INFO - DAG(s) 'crawl_etl_itjob' retrieved from /opt/airflow/dags/Crawl_ETL_ITJob.py
[2026-04-05T10:48:29.776+0000] {logging_mixin.py:190} INFO - [2026-04-05T10:48:29.776+0000] {dag.py:3239} INFO - Sync 1 DAGs
[2026-04-05T10:48:29.871+0000] {processor.py:208} INFO - Processing /opt/airflow/dags/Crawl_ETL_ITJob.py took 0.183 seconds
[2026-04-05T10:49:00.198+0000] {processor.py:186} INFO - Started process (PID=318) to work on /opt/airflow/dags/Crawl_ETL_ITJob.py
[2026-04-05T10:49:00.204+0000] {processor.py:914} INFO - Processing file /opt/airflow/dags/Crawl_ETL_ITJob.py for tasks to queue
[2026-04-05T10:49:00.206+0000] {logging_mixin.py:190} INFO - [2026-04-05T10:49:00.205+0000] {dagbag.py:588} INFO - Filling up the DagBag from /opt/airflow/dags/Crawl_ETL_ITJob.py
[2026-04-05T10:49:00.227+0000] {processor.py:925} INFO - DAG(s) 'crawl_etl_itjob' retrieved from /opt/airflow/dags/Crawl_ETL_ITJob.py
[2026-04-05T10:49:00.277+0000] {logging_mixin.py:190} INFO - [2026-04-05T10:49:00.277+0000] {dag.py:3239} INFO - Sync 1 DAGs
[2026-04-05T10:49:00.369+0000] {processor.py:208} INFO - Processing /opt/airflow/dags/Crawl_ETL_ITJob.py took 0.179 seconds
[2026-04-05T10:49:30.711+0000] {processor.py:186} INFO - Started process (PID=322) to work on /opt/airflow/dags/Crawl_ETL_ITJob.py
[2026-04-05T10:49:30.711+0000] {processor.py:914} INFO - Processing file /opt/airflow/dags/Crawl_ETL_ITJob.py for tasks to queue
[2026-04-05T10:49:30.713+0000] {logging_mixin.py:190} INFO - [2026-04-05T10:49:30.713+0000] {dagbag.py:588} INFO - Filling up the DagBag from /opt/airflow/dags/Crawl_ETL_ITJob.py
[2026-04-05T10:49:30.746+0000] {processor.py:925} INFO - DAG(s) 'crawl_etl_itjob' retrieved from /opt/airflow/dags/Crawl_ETL_ITJob.py
[2026-04-05T10:49:30.811+0000] {logging_mixin.py:190} INFO - [2026-04-05T10:49:30.811+0000] {dag.py:3239} INFO - Sync 1 DAGs
[2026-04-05T10:49:30.907+0000] {processor.py:208} INFO - Processing /opt/airflow/dags/Crawl_ETL_ITJob.py took 0.203 seconds
[2026-04-05T10:50:01.282+0000] {processor.py:186} INFO - Started process (PID=326) to work on /opt/airflow/dags/Crawl_ETL_ITJob.py
[2026-04-05T10:50:01.283+0000] {processor.py:914} INFO - Processing file /opt/airflow/dags/Crawl_ETL_ITJob.py for tasks to queue
[2026-04-05T10:50:01.285+0000] {logging_mixin.py:190} INFO - [2026-04-05T10:50:01.285+0000] {dagbag.py:588} INFO - Filling up the DagBag from /opt/airflow/dags/Crawl_ETL_ITJob.py
[2026-04-05T10:50:01.308+0000] {processor.py:925} INFO - DAG(s) 'crawl_etl_itjob' retrieved from /opt/airflow/dags/Crawl_ETL_ITJob.py
[2026-04-05T10:50:01.356+0000] {logging_mixin.py:190} INFO - [2026-04-05T10:50:01.356+0000] {dag.py:3239} INFO - Sync 1 DAGs
[2026-04-05T10:50:01.472+0000] {processor.py:208} INFO - Processing /opt/airflow/dags/Crawl_ETL_ITJob.py took 0.199 seconds
[2026-04-05T10:50:31.803+0000] {processor.py:186} INFO - Started process (PID=330) to work on /opt/airflow/dags/Crawl_ETL_ITJob.py
[2026-04-05T10:50:31.803+0000] {processor.py:914} INFO - Processing file /opt/airflow/dags/Crawl_ETL_ITJob.py for tasks to queue
[2026-04-05T10:50:31.805+0000] {logging_mixin.py:190} INFO - [2026-04-05T10:50:31.805+0000] {dagbag.py:588} INFO - Filling up the DagBag from /opt/airflow/dags/Crawl_ETL_ITJob.py
[2026-04-05T10:50:31.821+0000] {processor.py:925} INFO - DAG(s) 'crawl_etl_itjob' retrieved from /opt/airflow/dags/Crawl_ETL_ITJob.py
[2026-04-05T10:50:31.859+0000] {logging_mixin.py:190} INFO - [2026-04-05T10:50:31.859+0000] {dag.py:3239} INFO - Sync 1 DAGs
[2026-04-05T10:50:31.917+0000] {processor.py:208} INFO - Processing /opt/airflow/dags/Crawl_ETL_ITJob.py took 0.119 seconds
[2026-04-05T10:51:02.410+0000] {processor.py:186} INFO - Started process (PID=334) to work on /opt/airflow/dags/Crawl_ETL_ITJob.py
[2026-04-05T10:51:02.411+0000] {processor.py:914} INFO - Processing file /opt/airflow/dags/Crawl_ETL_ITJob.py for tasks to queue
[2026-04-05T10:51:02.413+0000] {logging_mixin.py:190} INFO - [2026-04-05T10:51:02.413+0000] {dagbag.py:588} INFO - Filling up the DagBag from /opt/airflow/dags/Crawl_ETL_ITJob.py
[2026-04-05T10:51:02.443+0000] {processor.py:925} INFO - DAG(s) 'crawl_etl_itjob' retrieved from /opt/airflow/dags/Crawl_ETL_ITJob.py
[2026-04-05T10:51:02.513+0000] {logging_mixin.py:190} INFO - [2026-04-05T10:51:02.513+0000] {dag.py:3239} INFO - Sync 1 DAGs
[2026-04-05T10:51:02.614+0000] {processor.py:208} INFO - Processing /opt/airflow/dags/Crawl_ETL_ITJob.py took 0.216 seconds
[2026-04-05T10:51:32.979+0000] {processor.py:186} INFO - Started process (PID=338) to work on /opt/airflow/dags/Crawl_ETL_ITJob.py
[2026-04-05T10:51:32.980+0000] {processor.py:914} INFO - Processing file /opt/airflow/dags/Crawl_ETL_ITJob.py for tasks to queue
[2026-04-05T10:51:32.982+0000] {logging_mixin.py:190} INFO - [2026-04-05T10:51:32.981+0000] {dagbag.py:588} INFO - Filling up the DagBag from /opt/airflow/dags/Crawl_ETL_ITJob.py
[2026-04-05T10:51:33.008+0000] {processor.py:925} INFO - DAG(s) 'crawl_etl_itjob' retrieved from /opt/airflow/dags/Crawl_ETL_ITJob.py
[2026-04-05T10:51:33.071+0000] {logging_mixin.py:190} INFO - [2026-04-05T10:51:33.070+0000] {dag.py:3239} INFO - Sync 1 DAGs
[2026-04-05T10:51:33.168+0000] {processor.py:208} INFO - Processing /opt/airflow/dags/Crawl_ETL_ITJob.py took 0.196 seconds
[2026-04-05T10:52:03.540+0000] {processor.py:186} INFO - Started process (PID=342) to work on /opt/airflow/dags/Crawl_ETL_ITJob.py
[2026-04-05T10:52:03.540+0000] {processor.py:914} INFO - Processing file /opt/airflow/dags/Crawl_ETL_ITJob.py for tasks to queue
[2026-04-05T10:52:03.542+0000] {logging_mixin.py:190} INFO - [2026-04-05T10:52:03.541+0000] {dagbag.py:588} INFO - Filling up the DagBag from /opt/airflow/dags/Crawl_ETL_ITJob.py
[2026-04-05T10:52:03.562+0000] {processor.py:925} INFO - DAG(s) 'crawl_etl_itjob' retrieved from /opt/airflow/dags/Crawl_ETL_ITJob.py
[2026-04-05T10:52:03.608+0000] {logging_mixin.py:190} INFO - [2026-04-05T10:52:03.608+0000] {dag.py:3239} INFO - Sync 1 DAGs
[2026-04-05T10:52:03.682+0000] {processor.py:208} INFO - Processing /opt/airflow/dags/Crawl_ETL_ITJob.py took 0.151 seconds
[2026-04-05T10:52:33.920+0000] {processor.py:186} INFO - Started process (PID=346) to work on /opt/airflow/dags/Crawl_ETL_ITJob.py
[2026-04-05T10:52:33.921+0000] {processor.py:914} INFO - Processing file /opt/airflow/dags/Crawl_ETL_ITJob.py for tasks to queue
[2026-04-05T10:52:33.922+0000] {logging_mixin.py:190} INFO - [2026-04-05T10:52:33.922+0000] {dagbag.py:588} INFO - Filling up the DagBag from /opt/airflow/dags/Crawl_ETL_ITJob.py
[2026-04-05T10:52:33.960+0000] {processor.py:925} INFO - DAG(s) 'crawl_etl_itjob' retrieved from /opt/airflow/dags/Crawl_ETL_ITJob.py
[2026-04-05T10:52:34.018+0000] {logging_mixin.py:190} INFO - [2026-04-05T10:52:34.018+0000] {dag.py:3239} INFO - Sync 1 DAGs
[2026-04-05T10:52:34.103+0000] {processor.py:208} INFO - Processing /opt/airflow/dags/Crawl_ETL_ITJob.py took 0.193 seconds
[2026-04-05T10:53:05.389+0000] {processor.py:186} INFO - Started process (PID=350) to work on /opt/airflow/dags/Crawl_ETL_ITJob.py
[2026-04-05T10:53:05.390+0000] {processor.py:914} INFO - Processing file /opt/airflow/dags/Crawl_ETL_ITJob.py for tasks to queue
[2026-04-05T10:53:05.391+0000] {logging_mixin.py:190} INFO - [2026-04-05T10:53:05.391+0000] {dagbag.py:588} INFO - Filling up the DagBag from /opt/airflow/dags/Crawl_ETL_ITJob.py
[2026-04-05T10:53:05.407+0000] {processor.py:925} INFO - DAG(s) 'crawl_etl_itjob' retrieved from /opt/airflow/dags/Crawl_ETL_ITJob.py
[2026-04-05T10:53:05.451+0000] {logging_mixin.py:190} INFO - [2026-04-05T10:53:05.451+0000] {dag.py:3239} INFO - Sync 1 DAGs
[2026-04-05T10:53:05.515+0000] {processor.py:208} INFO - Processing /opt/airflow/dags/Crawl_ETL_ITJob.py took 0.132 seconds
[2026-04-05T10:53:37.934+0000] {processor.py:186} INFO - Started process (PID=354) to work on /opt/airflow/dags/Crawl_ETL_ITJob.py
[2026-04-05T10:53:37.936+0000] {processor.py:914} INFO - Processing file /opt/airflow/dags/Crawl_ETL_ITJob.py for tasks to queue
[2026-04-05T10:53:37.941+0000] {logging_mixin.py:190} INFO - [2026-04-05T10:53:37.940+0000] {dagbag.py:588} INFO - Filling up the DagBag from /opt/airflow/dags/Crawl_ETL_ITJob.py
[2026-04-05T10:53:37.996+0000] {processor.py:925} INFO - DAG(s) 'crawl_etl_itjob' retrieved from /opt/airflow/dags/Crawl_ETL_ITJob.py
[2026-04-05T10:53:38.089+0000] {logging_mixin.py:190} INFO - [2026-04-05T10:53:38.088+0000] {dag.py:3239} INFO - Sync 1 DAGs
[2026-04-05T10:53:38.207+0000] {processor.py:208} INFO - Processing /opt/airflow/dags/Crawl_ETL_ITJob.py took 0.304 seconds
[2026-04-05T10:54:10.817+0000] {processor.py:186} INFO - Started process (PID=358) to work on /opt/airflow/dags/Crawl_ETL_ITJob.py
[2026-04-05T10:54:10.819+0000] {processor.py:914} INFO - Processing file /opt/airflow/dags/Crawl_ETL_ITJob.py for tasks to queue
[2026-04-05T10:54:10.824+0000] {logging_mixin.py:190} INFO - [2026-04-05T10:54:10.823+0000] {dagbag.py:588} INFO - Filling up the DagBag from /opt/airflow/dags/Crawl_ETL_ITJob.py
[2026-04-05T10:54:10.901+0000] {processor.py:925} INFO - DAG(s) 'crawl_etl_itjob' retrieved from /opt/airflow/dags/Crawl_ETL_ITJob.py
[2026-04-05T10:54:11.066+0000] {logging_mixin.py:190} INFO - [2026-04-05T10:54:11.065+0000] {dag.py:3239} INFO - Sync 1 DAGs
[2026-04-05T10:54:11.237+0000] {processor.py:208} INFO - Processing /opt/airflow/dags/Crawl_ETL_ITJob.py took 0.434 seconds
[2026-04-05T10:54:43.931+0000] {processor.py:186} INFO - Started process (PID=362) to work on /opt/airflow/dags/Crawl_ETL_ITJob.py
[2026-04-05T10:54:43.933+0000] {processor.py:914} INFO - Processing file /opt/airflow/dags/Crawl_ETL_ITJob.py for tasks to queue
[2026-04-05T10:54:43.936+0000] {logging_mixin.py:190} INFO - [2026-04-05T10:54:43.935+0000] {dagbag.py:588} INFO - Filling up the DagBag from /opt/airflow/dags/Crawl_ETL_ITJob.py
[2026-04-05T10:54:43.972+0000] {processor.py:925} INFO - DAG(s) 'crawl_etl_itjob' retrieved from /opt/airflow/dags/Crawl_ETL_ITJob.py
[2026-04-05T10:54:44.128+0000] {logging_mixin.py:190} INFO - [2026-04-05T10:54:44.128+0000] {dag.py:3239} INFO - Sync 1 DAGs
[2026-04-05T10:54:44.272+0000] {processor.py:208} INFO - Processing /opt/airflow/dags/Crawl_ETL_ITJob.py took 0.354 seconds
[2026-04-05T10:55:17.003+0000] {processor.py:186} INFO - Started process (PID=366) to work on /opt/airflow/dags/Crawl_ETL_ITJob.py
[2026-04-05T10:55:17.004+0000] {processor.py:914} INFO - Processing file /opt/airflow/dags/Crawl_ETL_ITJob.py for tasks to queue
[2026-04-05T10:55:17.007+0000] {logging_mixin.py:190} INFO - [2026-04-05T10:55:17.006+0000] {dagbag.py:588} INFO - Filling up the DagBag from /opt/airflow/dags/Crawl_ETL_ITJob.py
[2026-04-05T10:55:17.044+0000] {processor.py:925} INFO - DAG(s) 'crawl_etl_itjob' retrieved from /opt/airflow/dags/Crawl_ETL_ITJob.py
[2026-04-05T10:55:17.138+0000] {logging_mixin.py:190} INFO - [2026-04-05T10:55:17.137+0000] {dag.py:3239} INFO - Sync 1 DAGs
[2026-04-05T10:55:17.252+0000] {processor.py:208} INFO - Processing /opt/airflow/dags/Crawl_ETL_ITJob.py took 0.269 seconds
[2026-04-05T10:55:49.586+0000] {processor.py:186} INFO - Started process (PID=370) to work on /opt/airflow/dags/Crawl_ETL_ITJob.py
[2026-04-05T10:55:49.586+0000] {processor.py:914} INFO - Processing file /opt/airflow/dags/Crawl_ETL_ITJob.py for tasks to queue
[2026-04-05T10:55:49.588+0000] {logging_mixin.py:190} INFO - [2026-04-05T10:55:49.588+0000] {dagbag.py:588} INFO - Filling up the DagBag from /opt/airflow/dags/Crawl_ETL_ITJob.py
[2026-04-05T10:55:49.610+0000] {processor.py:925} INFO - DAG(s) 'crawl_etl_itjob' retrieved from /opt/airflow/dags/Crawl_ETL_ITJob.py
[2026-04-05T10:55:49.656+0000] {logging_mixin.py:190} INFO - [2026-04-05T10:55:49.656+0000] {dag.py:3239} INFO - Sync 1 DAGs
[2026-04-05T10:55:49.692+0000] {logging_mixin.py:190} INFO - [2026-04-05T10:55:49.691+0000] {dag.py:4180} INFO - Setting next_dagrun for crawl_etl_itjob to 2026-04-05T02:00:00+00:00, run_after=2026-04-06T02:00:00+00:00
[2026-04-05T10:55:49.729+0000] {processor.py:208} INFO - Processing /opt/airflow/dags/Crawl_ETL_ITJob.py took 0.151 seconds
[2026-04-05T10:56:23.024+0000] {processor.py:186} INFO - Started process (PID=374) to work on /opt/airflow/dags/Crawl_ETL_ITJob.py
[2026-04-05T10:56:23.025+0000] {processor.py:914} INFO - Processing file /opt/airflow/dags/Crawl_ETL_ITJob.py for tasks to queue
[2026-04-05T10:56:23.026+0000] {logging_mixin.py:190} INFO - [2026-04-05T10:56:23.026+0000] {dagbag.py:588} INFO - Filling up the DagBag from /opt/airflow/dags/Crawl_ETL_ITJob.py
[2026-04-05T10:56:23.042+0000] {processor.py:925} INFO - DAG(s) 'crawl_etl_itjob' retrieved from /opt/airflow/dags/Crawl_ETL_ITJob.py
[2026-04-05T10:56:23.076+0000] {logging_mixin.py:190} INFO - [2026-04-05T10:56:23.076+0000] {dag.py:3239} INFO - Sync 1 DAGs
[2026-04-05T10:56:23.108+0000] {logging_mixin.py:190} INFO - [2026-04-05T10:56:23.108+0000] {dag.py:4180} INFO - Setting next_dagrun for crawl_etl_itjob to 2026-04-05T02:00:00+00:00, run_after=2026-04-06T02:00:00+00:00
[2026-04-05T10:56:23.146+0000] {processor.py:208} INFO - Processing /opt/airflow/dags/Crawl_ETL_ITJob.py took 0.127 seconds
[2026-04-05T10:56:55.573+0000] {processor.py:186} INFO - Started process (PID=378) to work on /opt/airflow/dags/Crawl_ETL_ITJob.py
[2026-04-05T10:56:55.578+0000] {processor.py:914} INFO - Processing file /opt/airflow/dags/Crawl_ETL_ITJob.py for tasks to queue
[2026-04-05T10:56:55.580+0000] {logging_mixin.py:190} INFO - [2026-04-05T10:56:55.580+0000] {dagbag.py:588} INFO - Filling up the DagBag from /opt/airflow/dags/Crawl_ETL_ITJob.py
[2026-04-05T10:56:55.610+0000] {processor.py:925} INFO - DAG(s) 'crawl_etl_itjob' retrieved from /opt/airflow/dags/Crawl_ETL_ITJob.py
[2026-04-05T10:56:55.827+0000] {logging_mixin.py:190} INFO - [2026-04-05T10:56:55.827+0000] {dag.py:3239} INFO - Sync 1 DAGs
[2026-04-05T10:56:56.058+0000] {logging_mixin.py:190} INFO - [2026-04-05T10:56:56.057+0000] {dag.py:4180} INFO - Setting next_dagrun for crawl_etl_itjob to 2026-04-05T02:00:00+00:00, run_after=2026-04-06T02:00:00+00:00
[2026-04-05T10:56:56.126+0000] {processor.py:208} INFO - Processing /opt/airflow/dags/Crawl_ETL_ITJob.py took 0.566 seconds
[2026-04-05T10:57:28.636+0000] {processor.py:186} INFO - Started process (PID=382) to work on /opt/airflow/dags/Crawl_ETL_ITJob.py
[2026-04-05T10:57:28.637+0000] {processor.py:914} INFO - Processing file /opt/airflow/dags/Crawl_ETL_ITJob.py for tasks to queue
[2026-04-05T10:57:28.639+0000] {logging_mixin.py:190} INFO - [2026-04-05T10:57:28.638+0000] {dagbag.py:588} INFO - Filling up the DagBag from /opt/airflow/dags/Crawl_ETL_ITJob.py
[2026-04-05T10:57:28.669+0000] {processor.py:925} INFO - DAG(s) 'crawl_etl_itjob' retrieved from /opt/airflow/dags/Crawl_ETL_ITJob.py
[2026-04-05T10:57:28.733+0000] {logging_mixin.py:190} INFO - [2026-04-05T10:57:28.733+0000] {dag.py:3239} INFO - Sync 1 DAGs
[2026-04-05T10:57:28.782+0000] {logging_mixin.py:190} INFO - [2026-04-05T10:57:28.781+0000] {dag.py:4180} INFO - Setting next_dagrun for crawl_etl_itjob to 2026-04-05T02:00:00+00:00, run_after=2026-04-06T02:00:00+00:00
[2026-04-05T10:57:28.823+0000] {processor.py:208} INFO - Processing /opt/airflow/dags/Crawl_ETL_ITJob.py took 0.197 seconds
[2026-04-05T10:58:01.221+0000] {processor.py:186} INFO - Started process (PID=386) to work on /opt/airflow/dags/Crawl_ETL_ITJob.py
[2026-04-05T10:58:01.222+0000] {processor.py:914} INFO - Processing file /opt/airflow/dags/Crawl_ETL_ITJob.py for tasks to queue
[2026-04-05T10:58:01.225+0000] {logging_mixin.py:190} INFO - [2026-04-05T10:58:01.224+0000] {dagbag.py:588} INFO - Filling up the DagBag from /opt/airflow/dags/Crawl_ETL_ITJob.py
[2026-04-05T10:58:01.288+0000] {processor.py:925} INFO - DAG(s) 'crawl_etl_itjob' retrieved from /opt/airflow/dags/Crawl_ETL_ITJob.py
[2026-04-05T10:58:01.400+0000] {logging_mixin.py:190} INFO - [2026-04-05T10:58:01.399+0000] {dag.py:3239} INFO - Sync 1 DAGs
[2026-04-05T10:58:01.455+0000] {logging_mixin.py:190} INFO - [2026-04-05T10:58:01.455+0000] {dag.py:4180} INFO - Setting next_dagrun for crawl_etl_itjob to 2026-04-05T02:00:00+00:00, run_after=2026-04-06T02:00:00+00:00
[2026-04-05T10:58:01.498+0000] {processor.py:208} INFO - Processing /opt/airflow/dags/Crawl_ETL_ITJob.py took 0.296 seconds
[2026-04-05T10:58:33.590+0000] {processor.py:186} INFO - Started process (PID=390) to work on /opt/airflow/dags/Crawl_ETL_ITJob.py
[2026-04-05T10:58:33.591+0000] {processor.py:914} INFO - Processing file /opt/airflow/dags/Crawl_ETL_ITJob.py for tasks to queue
[2026-04-05T10:58:33.593+0000] {logging_mixin.py:190} INFO - [2026-04-05T10:58:33.592+0000] {dagbag.py:588} INFO - Filling up the DagBag from /opt/airflow/dags/Crawl_ETL_ITJob.py
[2026-04-05T10:58:33.628+0000] {processor.py:925} INFO - DAG(s) 'crawl_etl_itjob' retrieved from /opt/airflow/dags/Crawl_ETL_ITJob.py
[2026-04-05T10:58:33.700+0000] {logging_mixin.py:190} INFO - [2026-04-05T10:58:33.700+0000] {dag.py:3239} INFO - Sync 1 DAGs
[2026-04-05T10:58:33.753+0000] {logging_mixin.py:190} INFO - [2026-04-05T10:58:33.753+0000] {dag.py:4180} INFO - Setting next_dagrun for crawl_etl_itjob to 2026-04-05T02:00:00+00:00, run_after=2026-04-06T02:00:00+00:00
[2026-04-05T10:58:33.796+0000] {processor.py:208} INFO - Processing /opt/airflow/dags/Crawl_ETL_ITJob.py took 0.213 seconds
[2026-04-05T10:59:07.106+0000] {processor.py:186} INFO - Started process (PID=394) to work on /opt/airflow/dags/Crawl_ETL_ITJob.py
[2026-04-05T10:59:07.113+0000] {processor.py:914} INFO - Processing file /opt/airflow/dags/Crawl_ETL_ITJob.py for tasks to queue
[2026-04-05T10:59:07.114+0000] {logging_mixin.py:190} INFO - [2026-04-05T10:59:07.114+0000] {dagbag.py:588} INFO - Filling up the DagBag from /opt/airflow/dags/Crawl_ETL_ITJob.py
[2026-04-05T10:59:07.139+0000] {processor.py:925} INFO - DAG(s) 'crawl_etl_itjob' retrieved from /opt/airflow/dags/Crawl_ETL_ITJob.py
[2026-04-05T10:59:07.179+0000] {logging_mixin.py:190} INFO - [2026-04-05T10:59:07.179+0000] {dag.py:3239} INFO - Sync 1 DAGs
[2026-04-05T10:59:07.212+0000] {logging_mixin.py:190} INFO - [2026-04-05T10:59:07.212+0000] {dag.py:4180} INFO - Setting next_dagrun for crawl_etl_itjob to 2026-04-05T02:00:00+00:00, run_after=2026-04-06T02:00:00+00:00
[2026-04-05T10:59:07.244+0000] {processor.py:208} INFO - Processing /opt/airflow/dags/Crawl_ETL_ITJob.py took 0.144 seconds
[2026-04-05T10:59:39.495+0000] {processor.py:186} INFO - Started process (PID=398) to work on /opt/airflow/dags/Crawl_ETL_ITJob.py
[2026-04-05T10:59:39.500+0000] {processor.py:914} INFO - Processing file /opt/airflow/dags/Crawl_ETL_ITJob.py for tasks to queue
[2026-04-05T10:59:39.502+0000] {logging_mixin.py:190} INFO - [2026-04-05T10:59:39.501+0000] {dagbag.py:588} INFO - Filling up the DagBag from /opt/airflow/dags/Crawl_ETL_ITJob.py
[2026-04-05T10:59:39.520+0000] {processor.py:925} INFO - DAG(s) 'crawl_etl_itjob' retrieved from /opt/airflow/dags/Crawl_ETL_ITJob.py
[2026-04-05T10:59:39.559+0000] {logging_mixin.py:190} INFO - [2026-04-05T10:59:39.559+0000] {dag.py:3239} INFO - Sync 1 DAGs
[2026-04-05T10:59:39.594+0000] {logging_mixin.py:190} INFO - [2026-04-05T10:59:39.594+0000] {dag.py:4180} INFO - Setting next_dagrun for crawl_etl_itjob to 2026-04-05T02:00:00+00:00, run_after=2026-04-06T02:00:00+00:00
[2026-04-05T10:59:39.641+0000] {processor.py:208} INFO - Processing /opt/airflow/dags/Crawl_ETL_ITJob.py took 0.153 seconds
[2026-04-05T11:00:10.304+0000] {processor.py:186} INFO - Started process (PID=402) to work on /opt/airflow/dags/Crawl_ETL_ITJob.py
[2026-04-05T11:00:10.305+0000] {processor.py:914} INFO - Processing file /opt/airflow/dags/Crawl_ETL_ITJob.py for tasks to queue
[2026-04-05T11:00:10.306+0000] {logging_mixin.py:190} INFO - [2026-04-05T11:00:10.305+0000] {dagbag.py:588} INFO - Filling up the DagBag from /opt/airflow/dags/Crawl_ETL_ITJob.py
[2026-04-05T11:00:10.323+0000] {processor.py:925} INFO - DAG(s) 'crawl_etl_itjob' retrieved from /opt/airflow/dags/Crawl_ETL_ITJob.py
[2026-04-05T11:00:10.365+0000] {logging_mixin.py:190} INFO - [2026-04-05T11:00:10.365+0000] {dag.py:3239} INFO - Sync 1 DAGs
[2026-04-05T11:00:10.402+0000] {logging_mixin.py:190} INFO - [2026-04-05T11:00:10.402+0000] {dag.py:4180} INFO - Setting next_dagrun for crawl_etl_itjob to 2026-04-05T02:00:00+00:00, run_after=2026-04-06T02:00:00+00:00
[2026-04-05T11:00:10.433+0000] {processor.py:208} INFO - Processing /opt/airflow/dags/Crawl_ETL_ITJob.py took 0.136 seconds
[2026-04-05T11:00:40.902+0000] {processor.py:186} INFO - Started process (PID=406) to work on /opt/airflow/dags/Crawl_ETL_ITJob.py
[2026-04-05T11:00:40.907+0000] {processor.py:914} INFO - Processing file /opt/airflow/dags/Crawl_ETL_ITJob.py for tasks to queue
[2026-04-05T11:00:40.909+0000] {logging_mixin.py:190} INFO - [2026-04-05T11:00:40.908+0000] {dagbag.py:588} INFO - Filling up the DagBag from /opt/airflow/dags/Crawl_ETL_ITJob.py
[2026-04-05T11:00:40.934+0000] {processor.py:925} INFO - DAG(s) 'crawl_etl_itjob' retrieved from /opt/airflow/dags/Crawl_ETL_ITJob.py
[2026-04-05T11:00:40.984+0000] {logging_mixin.py:190} INFO - [2026-04-05T11:00:40.983+0000] {dag.py:3239} INFO - Sync 1 DAGs
[2026-04-05T11:00:41.020+0000] {logging_mixin.py:190} INFO - [2026-04-05T11:00:41.020+0000] {dag.py:4180} INFO - Setting next_dagrun for crawl_etl_itjob to 2026-04-05T02:00:00+00:00, run_after=2026-04-06T02:00:00+00:00
[2026-04-05T11:00:41.053+0000] {processor.py:208} INFO - Processing /opt/airflow/dags/Crawl_ETL_ITJob.py took 0.159 seconds
[2026-04-05T11:01:11.833+0000] {processor.py:186} INFO - Started process (PID=410) to work on /opt/airflow/dags/Crawl_ETL_ITJob.py
[2026-04-05T11:01:11.834+0000] {processor.py:914} INFO - Processing file /opt/airflow/dags/Crawl_ETL_ITJob.py for tasks to queue
[2026-04-05T11:01:11.835+0000] {logging_mixin.py:190} INFO - [2026-04-05T11:01:11.835+0000] {dagbag.py:588} INFO - Filling up the DagBag from /opt/airflow/dags/Crawl_ETL_ITJob.py
[2026-04-05T11:01:11.856+0000] {processor.py:925} INFO - DAG(s) 'crawl_etl_itjob' retrieved from /opt/airflow/dags/Crawl_ETL_ITJob.py
[2026-04-05T11:01:11.907+0000] {logging_mixin.py:190} INFO - [2026-04-05T11:01:11.907+0000] {dag.py:3239} INFO - Sync 1 DAGs
[2026-04-05T11:01:11.947+0000] {logging_mixin.py:190} INFO - [2026-04-05T11:01:11.947+0000] {dag.py:4180} INFO - Setting next_dagrun for crawl_etl_itjob to 2026-04-05T02:00:00+00:00, run_after=2026-04-06T02:00:00+00:00
[2026-04-05T11:01:11.981+0000] {processor.py:208} INFO - Processing /opt/airflow/dags/Crawl_ETL_ITJob.py took 0.157 seconds
[2026-04-05T11:01:42.901+0000] {processor.py:186} INFO - Started process (PID=414) to work on /opt/airflow/dags/Crawl_ETL_ITJob.py
[2026-04-05T11:01:42.901+0000] {processor.py:914} INFO - Processing file /opt/airflow/dags/Crawl_ETL_ITJob.py for tasks to queue
[2026-04-05T11:01:42.902+0000] {logging_mixin.py:190} INFO - [2026-04-05T11:01:42.902+0000] {dagbag.py:588} INFO - Filling up the DagBag from /opt/airflow/dags/Crawl_ETL_ITJob.py
[2026-04-05T11:01:42.920+0000] {processor.py:925} INFO - DAG(s) 'crawl_etl_itjob' retrieved from /opt/airflow/dags/Crawl_ETL_ITJob.py
[2026-04-05T11:01:42.964+0000] {logging_mixin.py:190} INFO - [2026-04-05T11:01:42.964+0000] {dag.py:3239} INFO - Sync 1 DAGs
[2026-04-05T11:01:43.000+0000] {logging_mixin.py:190} INFO - [2026-04-05T11:01:43.000+0000] {dag.py:4180} INFO - Setting next_dagrun for crawl_etl_itjob to 2026-04-05T02:00:00+00:00, run_after=2026-04-06T02:00:00+00:00
[2026-04-05T11:01:43.038+0000] {processor.py:208} INFO - Processing /opt/airflow/dags/Crawl_ETL_ITJob.py took 0.144 seconds
[2026-04-05T11:02:13.543+0000] {processor.py:186} INFO - Started process (PID=418) to work on /opt/airflow/dags/Crawl_ETL_ITJob.py
[2026-04-05T11:02:13.544+0000] {processor.py:914} INFO - Processing file /opt/airflow/dags/Crawl_ETL_ITJob.py for tasks to queue
[2026-04-05T11:02:13.545+0000] {logging_mixin.py:190} INFO - [2026-04-05T11:02:13.545+0000] {dagbag.py:588} INFO - Filling up the DagBag from /opt/airflow/dags/Crawl_ETL_ITJob.py
[2026-04-05T11:02:13.562+0000] {processor.py:925} INFO - DAG(s) 'crawl_etl_itjob' retrieved from /opt/airflow/dags/Crawl_ETL_ITJob.py
[2026-04-05T11:02:13.607+0000] {logging_mixin.py:190} INFO - [2026-04-05T11:02:13.606+0000] {dag.py:3239} INFO - Sync 1 DAGs
[2026-04-05T11:02:13.640+0000] {logging_mixin.py:190} INFO - [2026-04-05T11:02:13.640+0000] {dag.py:4180} INFO - Setting next_dagrun for crawl_etl_itjob to 2026-04-05T02:00:00+00:00, run_after=2026-04-06T02:00:00+00:00
[2026-04-05T11:02:13.670+0000] {processor.py:208} INFO - Processing /opt/airflow/dags/Crawl_ETL_ITJob.py took 0.134 seconds
[2026-04-05T11:02:43.854+0000] {processor.py:186} INFO - Started process (PID=422) to work on /opt/airflow/dags/Crawl_ETL_ITJob.py
[2026-04-05T11:02:43.854+0000] {processor.py:914} INFO - Processing file /opt/airflow/dags/Crawl_ETL_ITJob.py for tasks to queue
[2026-04-05T11:02:43.855+0000] {logging_mixin.py:190} INFO - [2026-04-05T11:02:43.855+0000] {dagbag.py:588} INFO - Filling up the DagBag from /opt/airflow/dags/Crawl_ETL_ITJob.py
[2026-04-05T11:02:43.872+0000] {processor.py:925} INFO - DAG(s) 'crawl_etl_itjob' retrieved from /opt/airflow/dags/Crawl_ETL_ITJob.py
[2026-04-05T11:02:43.914+0000] {logging_mixin.py:190} INFO - [2026-04-05T11:02:43.914+0000] {dag.py:3239} INFO - Sync 1 DAGs
[2026-04-05T11:02:43.951+0000] {logging_mixin.py:190} INFO - [2026-04-05T11:02:43.951+0000] {dag.py:4180} INFO - Setting next_dagrun for crawl_etl_itjob to 2026-04-05T02:00:00+00:00, run_after=2026-04-06T02:00:00+00:00
[2026-04-05T11:02:43.982+0000] {processor.py:208} INFO - Processing /opt/airflow/dags/Crawl_ETL_ITJob.py took 0.134 seconds
[2026-04-05T11:03:14.174+0000] {processor.py:186} INFO - Started process (PID=426) to work on /opt/airflow/dags/Crawl_ETL_ITJob.py
[2026-04-05T11:03:14.175+0000] {processor.py:914} INFO - Processing file /opt/airflow/dags/Crawl_ETL_ITJob.py for tasks to queue
[2026-04-05T11:03:14.176+0000] {logging_mixin.py:190} INFO - [2026-04-05T11:03:14.176+0000] {dagbag.py:588} INFO - Filling up the DagBag from /opt/airflow/dags/Crawl_ETL_ITJob.py
[2026-04-05T11:03:14.192+0000] {processor.py:925} INFO - DAG(s) 'crawl_etl_itjob' retrieved from /opt/airflow/dags/Crawl_ETL_ITJob.py
[2026-04-05T11:03:14.229+0000] {logging_mixin.py:190} INFO - [2026-04-05T11:03:14.229+0000] {dag.py:3239} INFO - Sync 1 DAGs
[2026-04-05T11:03:14.260+0000] {logging_mixin.py:190} INFO - [2026-04-05T11:03:14.260+0000] {dag.py:4180} INFO - Setting next_dagrun for crawl_etl_itjob to 2026-04-05T02:00:00+00:00, run_after=2026-04-06T02:00:00+00:00
[2026-04-05T11:03:14.289+0000] {processor.py:208} INFO - Processing /opt/airflow/dags/Crawl_ETL_ITJob.py took 0.120 seconds
[2026-04-05T11:03:44.502+0000] {processor.py:186} INFO - Started process (PID=430) to work on /opt/airflow/dags/Crawl_ETL_ITJob.py
[2026-04-05T11:03:44.502+0000] {processor.py:914} INFO - Processing file /opt/airflow/dags/Crawl_ETL_ITJob.py for tasks to queue
[2026-04-05T11:03:44.503+0000] {logging_mixin.py:190} INFO - [2026-04-05T11:03:44.503+0000] {dagbag.py:588} INFO - Filling up the DagBag from /opt/airflow/dags/Crawl_ETL_ITJob.py
[2026-04-05T11:03:44.521+0000] {processor.py:925} INFO - DAG(s) 'crawl_etl_itjob' retrieved from /opt/airflow/dags/Crawl_ETL_ITJob.py
[2026-04-05T11:03:44.559+0000] {logging_mixin.py:190} INFO - [2026-04-05T11:03:44.559+0000] {dag.py:3239} INFO - Sync 1 DAGs
[2026-04-05T11:03:44.594+0000] {logging_mixin.py:190} INFO - [2026-04-05T11:03:44.594+0000] {dag.py:4180} INFO - Setting next_dagrun for crawl_etl_itjob to 2026-04-05T02:00:00+00:00, run_after=2026-04-06T02:00:00+00:00
[2026-04-05T11:03:44.634+0000] {processor.py:208} INFO - Processing /opt/airflow/dags/Crawl_ETL_ITJob.py took 0.138 seconds
[2026-04-05T11:04:14.837+0000] {processor.py:186} INFO - Started process (PID=434) to work on /opt/airflow/dags/Crawl_ETL_ITJob.py
[2026-04-05T11:04:14.838+0000] {processor.py:914} INFO - Processing file /opt/airflow/dags/Crawl_ETL_ITJob.py for tasks to queue
[2026-04-05T11:04:14.840+0000] {logging_mixin.py:190} INFO - [2026-04-05T11:04:14.839+0000] {dagbag.py:588} INFO - Filling up the DagBag from /opt/airflow/dags/Crawl_ETL_ITJob.py
[2026-04-05T11:04:14.857+0000] {processor.py:925} INFO - DAG(s) 'crawl_etl_itjob' retrieved from /opt/airflow/dags/Crawl_ETL_ITJob.py
[2026-04-05T11:04:14.891+0000] {logging_mixin.py:190} INFO - [2026-04-05T11:04:14.891+0000] {dag.py:3239} INFO - Sync 1 DAGs
[2026-04-05T11:04:14.920+0000] {logging_mixin.py:190} INFO - [2026-04-05T11:04:14.919+0000] {dag.py:4180} INFO - Setting next_dagrun for crawl_etl_itjob to 2026-04-05T02:00:00+00:00, run_after=2026-04-06T02:00:00+00:00
[2026-04-05T11:04:14.961+0000] {processor.py:208} INFO - Processing /opt/airflow/dags/Crawl_ETL_ITJob.py took 0.130 seconds
[2026-04-05T11:04:45.081+0000] {processor.py:186} INFO - Started process (PID=438) to work on /opt/airflow/dags/Crawl_ETL_ITJob.py
[2026-04-05T11:04:45.082+0000] {processor.py:914} INFO - Processing file /opt/airflow/dags/Crawl_ETL_ITJob.py for tasks to queue
[2026-04-05T11:04:45.083+0000] {logging_mixin.py:190} INFO - [2026-04-05T11:04:45.082+0000] {dagbag.py:588} INFO - Filling up the DagBag from /opt/airflow/dags/Crawl_ETL_ITJob.py
[2026-04-05T11:04:45.101+0000] {processor.py:925} INFO - DAG(s) 'crawl_etl_itjob' retrieved from /opt/airflow/dags/Crawl_ETL_ITJob.py
[2026-04-05T11:04:45.141+0000] {logging_mixin.py:190} INFO - [2026-04-05T11:04:45.141+0000] {dag.py:3239} INFO - Sync 1 DAGs
[2026-04-05T11:04:45.175+0000] {logging_mixin.py:190} INFO - [2026-04-05T11:04:45.175+0000] {dag.py:4180} INFO - Setting next_dagrun for crawl_etl_itjob to 2026-04-05T02:00:00+00:00, run_after=2026-04-06T02:00:00+00:00
[2026-04-05T11:04:45.203+0000] {processor.py:208} INFO - Processing /opt/airflow/dags/Crawl_ETL_ITJob.py took 0.127 seconds
[2026-04-05T11:05:16.031+0000] {processor.py:186} INFO - Started process (PID=442) to work on /opt/airflow/dags/Crawl_ETL_ITJob.py
[2026-04-05T11:05:16.032+0000] {processor.py:914} INFO - Processing file /opt/airflow/dags/Crawl_ETL_ITJob.py for tasks to queue
[2026-04-05T11:05:16.033+0000] {logging_mixin.py:190} INFO - [2026-04-05T11:05:16.033+0000] {dagbag.py:588} INFO - Filling up the DagBag from /opt/airflow/dags/Crawl_ETL_ITJob.py
[2026-04-05T11:05:16.051+0000] {processor.py:925} INFO - DAG(s) 'crawl_etl_itjob' retrieved from /opt/airflow/dags/Crawl_ETL_ITJob.py
[2026-04-05T11:05:16.088+0000] {logging_mixin.py:190} INFO - [2026-04-05T11:05:16.088+0000] {dag.py:3239} INFO - Sync 1 DAGs
[2026-04-05T11:05:16.119+0000] {logging_mixin.py:190} INFO - [2026-04-05T11:05:16.119+0000] {dag.py:4180} INFO - Setting next_dagrun for crawl_etl_itjob to 2026-04-05T02:00:00+00:00, run_after=2026-04-06T02:00:00+00:00
[2026-04-05T11:05:16.149+0000] {processor.py:208} INFO - Processing /opt/airflow/dags/Crawl_ETL_ITJob.py took 0.123 seconds
[2026-04-05T11:05:46.235+0000] {processor.py:186} INFO - Started process (PID=446) to work on /opt/airflow/dags/Crawl_ETL_ITJob.py
[2026-04-05T11:05:46.236+0000] {processor.py:914} INFO - Processing file /opt/airflow/dags/Crawl_ETL_ITJob.py for tasks to queue
[2026-04-05T11:05:46.238+0000] {logging_mixin.py:190} INFO - [2026-04-05T11:05:46.237+0000] {dagbag.py:588} INFO - Filling up the DagBag from /opt/airflow/dags/Crawl_ETL_ITJob.py
[2026-04-05T11:05:46.257+0000] {processor.py:925} INFO - DAG(s) 'crawl_etl_itjob' retrieved from /opt/airflow/dags/Crawl_ETL_ITJob.py
[2026-04-05T11:05:46.294+0000] {logging_mixin.py:190} INFO - [2026-04-05T11:05:46.294+0000] {dag.py:3239} INFO - Sync 1 DAGs
[2026-04-05T11:05:46.323+0000] {logging_mixin.py:190} INFO - [2026-04-05T11:05:46.323+0000] {dag.py:4180} INFO - Setting next_dagrun for crawl_etl_itjob to 2026-04-05T02:00:00+00:00, run_after=2026-04-06T02:00:00+00:00
[2026-04-05T11:05:46.349+0000] {processor.py:208} INFO - Processing /opt/airflow/dags/Crawl_ETL_ITJob.py took 0.120 seconds
[2026-04-05T11:06:17.114+0000] {processor.py:186} INFO - Started process (PID=450) to work on /opt/airflow/dags/Crawl_ETL_ITJob.py
[2026-04-05T11:06:17.115+0000] {processor.py:914} INFO - Processing file /opt/airflow/dags/Crawl_ETL_ITJob.py for tasks to queue
[2026-04-05T11:06:17.116+0000] {logging_mixin.py:190} INFO - [2026-04-05T11:06:17.116+0000] {dagbag.py:588} INFO - Filling up the DagBag from /opt/airflow/dags/Crawl_ETL_ITJob.py
[2026-04-05T11:06:17.134+0000] {processor.py:925} INFO - DAG(s) 'crawl_etl_itjob' retrieved from /opt/airflow/dags/Crawl_ETL_ITJob.py
[2026-04-05T11:06:17.172+0000] {logging_mixin.py:190} INFO - [2026-04-05T11:06:17.172+0000] {dag.py:3239} INFO - Sync 1 DAGs
[2026-04-05T11:06:17.203+0000] {logging_mixin.py:190} INFO - [2026-04-05T11:06:17.203+0000] {dag.py:4180} INFO - Setting next_dagrun for crawl_etl_itjob to 2026-04-05T02:00:00+00:00, run_after=2026-04-06T02:00:00+00:00
[2026-04-05T11:06:17.238+0000] {processor.py:208} INFO - Processing /opt/airflow/dags/Crawl_ETL_ITJob.py took 0.129 seconds
[2026-04-05T11:06:47.359+0000] {processor.py:186} INFO - Started process (PID=454) to work on /opt/airflow/dags/Crawl_ETL_ITJob.py
[2026-04-05T11:06:47.360+0000] {processor.py:914} INFO - Processing file /opt/airflow/dags/Crawl_ETL_ITJob.py for tasks to queue
[2026-04-05T11:06:47.361+0000] {logging_mixin.py:190} INFO - [2026-04-05T11:06:47.360+0000] {dagbag.py:588} INFO - Filling up the DagBag from /opt/airflow/dags/Crawl_ETL_ITJob.py
[2026-04-05T11:06:47.382+0000] {processor.py:925} INFO - DAG(s) 'crawl_etl_itjob' retrieved from /opt/airflow/dags/Crawl_ETL_ITJob.py
[2026-04-05T11:06:47.429+0000] {logging_mixin.py:190} INFO - [2026-04-05T11:06:47.429+0000] {dag.py:3239} INFO - Sync 1 DAGs
[2026-04-05T11:06:47.469+0000] {logging_mixin.py:190} INFO - [2026-04-05T11:06:47.469+0000] {dag.py:4180} INFO - Setting next_dagrun for crawl_etl_itjob to 2026-04-05T02:00:00+00:00, run_after=2026-04-06T02:00:00+00:00
[2026-04-05T11:06:47.504+0000] {processor.py:208} INFO - Processing /opt/airflow/dags/Crawl_ETL_ITJob.py took 0.152 seconds
[2026-04-05T11:07:18.743+0000] {processor.py:186} INFO - Started process (PID=458) to work on /opt/airflow/dags/Crawl_ETL_ITJob.py
[2026-04-05T11:07:18.744+0000] {processor.py:914} INFO - Processing file /opt/airflow/dags/Crawl_ETL_ITJob.py for tasks to queue
[2026-04-05T11:07:18.745+0000] {logging_mixin.py:190} INFO - [2026-04-05T11:07:18.745+0000] {dagbag.py:588} INFO - Filling up the DagBag from /opt/airflow/dags/Crawl_ETL_ITJob.py
[2026-04-05T11:07:18.764+0000] {processor.py:925} INFO - DAG(s) 'crawl_etl_itjob' retrieved from /opt/airflow/dags/Crawl_ETL_ITJob.py
[2026-04-05T11:07:18.806+0000] {logging_mixin.py:190} INFO - [2026-04-05T11:07:18.806+0000] {dag.py:3239} INFO - Sync 1 DAGs
[2026-04-05T11:07:18.843+0000] {logging_mixin.py:190} INFO - [2026-04-05T11:07:18.842+0000] {dag.py:4180} INFO - Setting next_dagrun for crawl_etl_itjob to 2026-04-05T02:00:00+00:00, run_after=2026-04-06T02:00:00+00:00
[2026-04-05T11:07:18.878+0000] {processor.py:208} INFO - Processing /opt/airflow/dags/Crawl_ETL_ITJob.py took 0.140 seconds
[2026-04-05T11:07:52.000+0000] {processor.py:186} INFO - Started process (PID=462) to work on /opt/airflow/dags/Crawl_ETL_ITJob.py
[2026-04-05T11:07:52.001+0000] {processor.py:914} INFO - Processing file /opt/airflow/dags/Crawl_ETL_ITJob.py for tasks to queue
[2026-04-05T11:07:52.002+0000] {logging_mixin.py:190} INFO - [2026-04-05T11:07:52.002+0000] {dagbag.py:588} INFO - Filling up the DagBag from /opt/airflow/dags/Crawl_ETL_ITJob.py
[2026-04-05T11:07:52.020+0000] {processor.py:925} INFO - DAG(s) 'crawl_etl_itjob' retrieved from /opt/airflow/dags/Crawl_ETL_ITJob.py
[2026-04-05T11:07:52.058+0000] {logging_mixin.py:190} INFO - [2026-04-05T11:07:52.058+0000] {dag.py:3239} INFO - Sync 1 DAGs
[2026-04-05T11:07:52.092+0000] {logging_mixin.py:190} INFO - [2026-04-05T11:07:52.091+0000] {dag.py:4180} INFO - Setting next_dagrun for crawl_etl_itjob to 2026-04-05T02:00:00+00:00, run_after=2026-04-06T02:00:00+00:00
[2026-04-05T11:07:52.124+0000] {processor.py:208} INFO - Processing /opt/airflow/dags/Crawl_ETL_ITJob.py took 0.130 seconds
[2026-04-05T11:08:22.758+0000] {processor.py:186} INFO - Started process (PID=466) to work on /opt/airflow/dags/Crawl_ETL_ITJob.py
[2026-04-05T11:08:22.759+0000] {processor.py:914} INFO - Processing file /opt/airflow/dags/Crawl_ETL_ITJob.py for tasks to queue
[2026-04-05T11:08:22.761+0000] {logging_mixin.py:190} INFO - [2026-04-05T11:08:22.760+0000] {dagbag.py:588} INFO - Filling up the DagBag from /opt/airflow/dags/Crawl_ETL_ITJob.py
[2026-04-05T11:08:22.778+0000] {processor.py:925} INFO - DAG(s) 'crawl_etl_itjob' retrieved from /opt/airflow/dags/Crawl_ETL_ITJob.py
[2026-04-05T11:08:22.816+0000] {logging_mixin.py:190} INFO - [2026-04-05T11:08:22.816+0000] {dag.py:3239} INFO - Sync 1 DAGs
[2026-04-05T11:08:22.849+0000] {logging_mixin.py:190} INFO - [2026-04-05T11:08:22.849+0000] {dag.py:4180} INFO - Setting next_dagrun for crawl_etl_itjob to 2026-04-05T02:00:00+00:00, run_after=2026-04-06T02:00:00+00:00
[2026-04-05T11:08:22.879+0000] {processor.py:208} INFO - Processing /opt/airflow/dags/Crawl_ETL_ITJob.py took 0.127 seconds
[2026-04-05T11:08:53.293+0000] {processor.py:186} INFO - Started process (PID=470) to work on /opt/airflow/dags/Crawl_ETL_ITJob.py
[2026-04-05T11:08:53.294+0000] {processor.py:914} INFO - Processing file /opt/airflow/dags/Crawl_ETL_ITJob.py for tasks to queue
[2026-04-05T11:08:53.296+0000] {logging_mixin.py:190} INFO - [2026-04-05T11:08:53.295+0000] {dagbag.py:588} INFO - Filling up the DagBag from /opt/airflow/dags/Crawl_ETL_ITJob.py
[2026-04-05T11:08:53.317+0000] {processor.py:925} INFO - DAG(s) 'crawl_etl_itjob' retrieved from /opt/airflow/dags/Crawl_ETL_ITJob.py
[2026-04-05T11:08:53.362+0000] {logging_mixin.py:190} INFO - [2026-04-05T11:08:53.362+0000] {dag.py:3239} INFO - Sync 1 DAGs
[2026-04-05T11:08:53.403+0000] {logging_mixin.py:190} INFO - [2026-04-05T11:08:53.403+0000] {dag.py:4180} INFO - Setting next_dagrun for crawl_etl_itjob to 2026-04-05T02:00:00+00:00, run_after=2026-04-06T02:00:00+00:00
[2026-04-05T11:08:53.447+0000] {processor.py:208} INFO - Processing /opt/airflow/dags/Crawl_ETL_ITJob.py took 0.161 seconds
[2026-04-05T11:09:24.093+0000] {processor.py:186} INFO - Started process (PID=474) to work on /opt/airflow/dags/Crawl_ETL_ITJob.py
[2026-04-05T11:09:24.094+0000] {processor.py:914} INFO - Processing file /opt/airflow/dags/Crawl_ETL_ITJob.py for tasks to queue
[2026-04-05T11:09:24.095+0000] {logging_mixin.py:190} INFO - [2026-04-05T11:09:24.095+0000] {dagbag.py:588} INFO - Filling up the DagBag from /opt/airflow/dags/Crawl_ETL_ITJob.py
[2026-04-05T11:09:24.115+0000] {processor.py:925} INFO - DAG(s) 'crawl_etl_itjob' retrieved from /opt/airflow/dags/Crawl_ETL_ITJob.py
[2026-04-05T11:09:24.167+0000] {logging_mixin.py:190} INFO - [2026-04-05T11:09:24.167+0000] {dag.py:3239} INFO - Sync 1 DAGs
[2026-04-05T11:09:24.210+0000] {logging_mixin.py:190} INFO - [2026-04-05T11:09:24.210+0000] {dag.py:4180} INFO - Setting next_dagrun for crawl_etl_itjob to 2026-04-05T02:00:00+00:00, run_after=2026-04-06T02:00:00+00:00
[2026-04-05T11:09:24.246+0000] {processor.py:208} INFO - Processing /opt/airflow/dags/Crawl_ETL_ITJob.py took 0.161 seconds
[2026-04-05T11:09:54.788+0000] {processor.py:186} INFO - Started process (PID=478) to work on /opt/airflow/dags/Crawl_ETL_ITJob.py
[2026-04-05T11:09:54.789+0000] {processor.py:914} INFO - Processing file /opt/airflow/dags/Crawl_ETL_ITJob.py for tasks to queue
[2026-04-05T11:09:54.791+0000] {logging_mixin.py:190} INFO - [2026-04-05T11:09:54.791+0000] {dagbag.py:588} INFO - Filling up the DagBag from /opt/airflow/dags/Crawl_ETL_ITJob.py
[2026-04-05T11:09:54.817+0000] {processor.py:925} INFO - DAG(s) 'crawl_etl_itjob' retrieved from /opt/airflow/dags/Crawl_ETL_ITJob.py
[2026-04-05T11:09:54.864+0000] {logging_mixin.py:190} INFO - [2026-04-05T11:09:54.863+0000] {dag.py:3239} INFO - Sync 1 DAGs
[2026-04-05T11:09:54.901+0000] {logging_mixin.py:190} INFO - [2026-04-05T11:09:54.900+0000] {dag.py:4180} INFO - Setting next_dagrun for crawl_etl_itjob to 2026-04-05T02:00:00+00:00, run_after=2026-04-06T02:00:00+00:00
[2026-04-05T11:09:54.932+0000] {processor.py:208} INFO - Processing /opt/airflow/dags/Crawl_ETL_ITJob.py took 0.153 seconds
[2026-04-05T11:10:25.162+0000] {processor.py:186} INFO - Started process (PID=482) to work on /opt/airflow/dags/Crawl_ETL_ITJob.py
[2026-04-05T11:10:25.163+0000] {processor.py:914} INFO - Processing file /opt/airflow/dags/Crawl_ETL_ITJob.py for tasks to queue
[2026-04-05T11:10:25.164+0000] {logging_mixin.py:190} INFO - [2026-04-05T11:10:25.164+0000] {dagbag.py:588} INFO - Filling up the DagBag from /opt/airflow/dags/Crawl_ETL_ITJob.py
[2026-04-05T11:10:25.183+0000] {processor.py:925} INFO - DAG(s) 'crawl_etl_itjob' retrieved from /opt/airflow/dags/Crawl_ETL_ITJob.py
[2026-04-05T11:10:25.225+0000] {logging_mixin.py:190} INFO - [2026-04-05T11:10:25.225+0000] {dag.py:3239} INFO - Sync 1 DAGs
[2026-04-05T11:10:25.261+0000] {logging_mixin.py:190} INFO - [2026-04-05T11:10:25.261+0000] {dag.py:4180} INFO - Setting next_dagrun for crawl_etl_itjob to 2026-04-05T02:00:00+00:00, run_after=2026-04-06T02:00:00+00:00
[2026-04-05T11:10:25.306+0000] {processor.py:208} INFO - Processing /opt/airflow/dags/Crawl_ETL_ITJob.py took 0.149 seconds
[2026-04-05T11:10:55.603+0000] {processor.py:186} INFO - Started process (PID=486) to work on /opt/airflow/dags/Crawl_ETL_ITJob.py
[2026-04-05T11:10:55.604+0000] {processor.py:914} INFO - Processing file /opt/airflow/dags/Crawl_ETL_ITJob.py for tasks to queue
[2026-04-05T11:10:55.606+0000] {logging_mixin.py:190} INFO - [2026-04-05T11:10:55.606+0000] {dagbag.py:588} INFO - Filling up the DagBag from /opt/airflow/dags/Crawl_ETL_ITJob.py
[2026-04-05T11:10:55.622+0000] {processor.py:925} INFO - DAG(s) 'crawl_etl_itjob' retrieved from /opt/airflow/dags/Crawl_ETL_ITJob.py
[2026-04-05T11:10:55.658+0000] {logging_mixin.py:190} INFO - [2026-04-05T11:10:55.658+0000] {dag.py:3239} INFO - Sync 1 DAGs
[2026-04-05T11:10:55.691+0000] {logging_mixin.py:190} INFO - [2026-04-05T11:10:55.691+0000] {dag.py:4180} INFO - Setting next_dagrun for crawl_etl_itjob to 2026-04-05T02:00:00+00:00, run_after=2026-04-06T02:00:00+00:00
[2026-04-05T11:10:55.749+0000] {processor.py:208} INFO - Processing /opt/airflow/dags/Crawl_ETL_ITJob.py took 0.152 seconds
[2026-04-05T11:11:25.904+0000] {processor.py:186} INFO - Started process (PID=490) to work on /opt/airflow/dags/Crawl_ETL_ITJob.py
[2026-04-05T11:11:25.904+0000] {processor.py:914} INFO - Processing file /opt/airflow/dags/Crawl_ETL_ITJob.py for tasks to queue
[2026-04-05T11:11:25.906+0000] {logging_mixin.py:190} INFO - [2026-04-05T11:11:25.905+0000] {dagbag.py:588} INFO - Filling up the DagBag from /opt/airflow/dags/Crawl_ETL_ITJob.py
[2026-04-05T11:11:25.924+0000] {processor.py:925} INFO - DAG(s) 'crawl_etl_itjob' retrieved from /opt/airflow/dags/Crawl_ETL_ITJob.py
[2026-04-05T11:11:25.968+0000] {logging_mixin.py:190} INFO - [2026-04-05T11:11:25.967+0000] {dag.py:3239} INFO - Sync 1 DAGs
[2026-04-05T11:11:26.002+0000] {logging_mixin.py:190} INFO - [2026-04-05T11:11:26.002+0000] {dag.py:4180} INFO - Setting next_dagrun for crawl_etl_itjob to 2026-04-05T02:00:00+00:00, run_after=2026-04-06T02:00:00+00:00
[2026-04-05T11:11:26.034+0000] {processor.py:208} INFO - Processing /opt/airflow/dags/Crawl_ETL_ITJob.py took 0.138 seconds
[2026-04-05T11:11:56.322+0000] {processor.py:186} INFO - Started process (PID=494) to work on /opt/airflow/dags/Crawl_ETL_ITJob.py
[2026-04-05T11:11:56.323+0000] {processor.py:914} INFO - Processing file /opt/airflow/dags/Crawl_ETL_ITJob.py for tasks to queue
[2026-04-05T11:11:56.324+0000] {logging_mixin.py:190} INFO - [2026-04-05T11:11:56.324+0000] {dagbag.py:588} INFO - Filling up the DagBag from /opt/airflow/dags/Crawl_ETL_ITJob.py
[2026-04-05T11:11:56.340+0000] {processor.py:925} INFO - DAG(s) 'crawl_etl_itjob' retrieved from /opt/airflow/dags/Crawl_ETL_ITJob.py
[2026-04-05T11:11:56.381+0000] {logging_mixin.py:190} INFO - [2026-04-05T11:11:56.381+0000] {dag.py:3239} INFO - Sync 1 DAGs
[2026-04-05T11:11:56.411+0000] {logging_mixin.py:190} INFO - [2026-04-05T11:11:56.411+0000] {dag.py:4180} INFO - Setting next_dagrun for crawl_etl_itjob to 2026-04-05T02:00:00+00:00, run_after=2026-04-06T02:00:00+00:00
[2026-04-05T11:11:56.445+0000] {processor.py:208} INFO - Processing /opt/airflow/dags/Crawl_ETL_ITJob.py took 0.128 seconds
[2026-04-05T11:12:26.578+0000] {processor.py:186} INFO - Started process (PID=498) to work on /opt/airflow/dags/Crawl_ETL_ITJob.py
[2026-04-05T11:12:26.583+0000] {processor.py:914} INFO - Processing file /opt/airflow/dags/Crawl_ETL_ITJob.py for tasks to queue
[2026-04-05T11:12:26.584+0000] {logging_mixin.py:190} INFO - [2026-04-05T11:12:26.584+0000] {dagbag.py:588} INFO - Filling up the DagBag from /opt/airflow/dags/Crawl_ETL_ITJob.py
[2026-04-05T11:12:26.601+0000] {processor.py:925} INFO - DAG(s) 'crawl_etl_itjob' retrieved from /opt/airflow/dags/Crawl_ETL_ITJob.py
[2026-04-05T11:12:26.637+0000] {logging_mixin.py:190} INFO - [2026-04-05T11:12:26.637+0000] {dag.py:3239} INFO - Sync 1 DAGs
[2026-04-05T11:12:26.670+0000] {logging_mixin.py:190} INFO - [2026-04-05T11:12:26.670+0000] {dag.py:4180} INFO - Setting next_dagrun for crawl_etl_itjob to 2026-04-05T02:00:00+00:00, run_after=2026-04-06T02:00:00+00:00
[2026-04-05T11:12:26.699+0000] {processor.py:208} INFO - Processing /opt/airflow/dags/Crawl_ETL_ITJob.py took 0.127 seconds
[2026-04-05T11:12:57.129+0000] {processor.py:186} INFO - Started process (PID=502) to work on /opt/airflow/dags/Crawl_ETL_ITJob.py
[2026-04-05T11:12:57.132+0000] {processor.py:914} INFO - Processing file /opt/airflow/dags/Crawl_ETL_ITJob.py for tasks to queue
[2026-04-05T11:12:57.134+0000] {logging_mixin.py:190} INFO - [2026-04-05T11:12:57.134+0000] {dagbag.py:588} INFO - Filling up the DagBag from /opt/airflow/dags/Crawl_ETL_ITJob.py
[2026-04-05T11:12:57.151+0000] {processor.py:925} INFO - DAG(s) 'crawl_etl_itjob' retrieved from /opt/airflow/dags/Crawl_ETL_ITJob.py
[2026-04-05T11:12:57.190+0000] {logging_mixin.py:190} INFO - [2026-04-05T11:12:57.190+0000] {dag.py:3239} INFO - Sync 1 DAGs
[2026-04-05T11:12:57.221+0000] {logging_mixin.py:190} INFO - [2026-04-05T11:12:57.220+0000] {dag.py:4180} INFO - Setting next_dagrun for crawl_etl_itjob to 2026-04-05T02:00:00+00:00, run_after=2026-04-06T02:00:00+00:00
[2026-04-05T11:12:57.250+0000] {processor.py:208} INFO - Processing /opt/airflow/dags/Crawl_ETL_ITJob.py took 0.126 seconds
[2026-04-05T11:13:28.193+0000] {processor.py:186} INFO - Started process (PID=506) to work on /opt/airflow/dags/Crawl_ETL_ITJob.py
[2026-04-05T11:13:28.194+0000] {processor.py:914} INFO - Processing file /opt/airflow/dags/Crawl_ETL_ITJob.py for tasks to queue
[2026-04-05T11:13:28.197+0000] {logging_mixin.py:190} INFO - [2026-04-05T11:13:28.197+0000] {dagbag.py:588} INFO - Filling up the DagBag from /opt/airflow/dags/Crawl_ETL_ITJob.py
[2026-04-05T11:13:28.215+0000] {processor.py:925} INFO - DAG(s) 'crawl_etl_itjob' retrieved from /opt/airflow/dags/Crawl_ETL_ITJob.py
[2026-04-05T11:13:28.251+0000] {logging_mixin.py:190} INFO - [2026-04-05T11:13:28.250+0000] {dag.py:3239} INFO - Sync 1 DAGs
[2026-04-05T11:13:28.279+0000] {logging_mixin.py:190} INFO - [2026-04-05T11:13:28.278+0000] {dag.py:4180} INFO - Setting next_dagrun for crawl_etl_itjob to 2026-04-05T02:00:00+00:00, run_after=2026-04-06T02:00:00+00:00
[2026-04-05T11:13:28.307+0000] {processor.py:208} INFO - Processing /opt/airflow/dags/Crawl_ETL_ITJob.py took 0.122 seconds
[2026-04-05T11:13:58.500+0000] {processor.py:186} INFO - Started process (PID=510) to work on /opt/airflow/dags/Crawl_ETL_ITJob.py
[2026-04-05T11:13:58.501+0000] {processor.py:914} INFO - Processing file /opt/airflow/dags/Crawl_ETL_ITJob.py for tasks to queue
[2026-04-05T11:13:58.503+0000] {logging_mixin.py:190} INFO - [2026-04-05T11:13:58.503+0000] {dagbag.py:588} INFO - Filling up the DagBag from /opt/airflow/dags/Crawl_ETL_ITJob.py
[2026-04-05T11:13:58.527+0000] {processor.py:925} INFO - DAG(s) 'crawl_etl_itjob' retrieved from /opt/airflow/dags/Crawl_ETL_ITJob.py
[2026-04-05T11:13:58.582+0000] {logging_mixin.py:190} INFO - [2026-04-05T11:13:58.582+0000] {dag.py:3239} INFO - Sync 1 DAGs
[2026-04-05T11:13:58.620+0000] {logging_mixin.py:190} INFO - [2026-04-05T11:13:58.620+0000] {dag.py:4180} INFO - Setting next_dagrun for crawl_etl_itjob to 2026-04-05T02:00:00+00:00, run_after=2026-04-06T02:00:00+00:00
[2026-04-05T11:13:58.657+0000] {processor.py:208} INFO - Processing /opt/airflow/dags/Crawl_ETL_ITJob.py took 0.164 seconds
[2026-04-05T11:14:28.864+0000] {processor.py:186} INFO - Started process (PID=514) to work on /opt/airflow/dags/Crawl_ETL_ITJob.py
[2026-04-05T11:14:28.864+0000] {processor.py:914} INFO - Processing file /opt/airflow/dags/Crawl_ETL_ITJob.py for tasks to queue
[2026-04-05T11:14:28.865+0000] {logging_mixin.py:190} INFO - [2026-04-05T11:14:28.865+0000] {dagbag.py:588} INFO - Filling up the DagBag from /opt/airflow/dags/Crawl_ETL_ITJob.py
[2026-04-05T11:14:28.882+0000] {processor.py:925} INFO - DAG(s) 'crawl_etl_itjob' retrieved from /opt/airflow/dags/Crawl_ETL_ITJob.py
[2026-04-05T11:14:28.918+0000] {logging_mixin.py:190} INFO - [2026-04-05T11:14:28.918+0000] {dag.py:3239} INFO - Sync 1 DAGs
[2026-04-05T11:14:28.947+0000] {logging_mixin.py:190} INFO - [2026-04-05T11:14:28.947+0000] {dag.py:4180} INFO - Setting next_dagrun for crawl_etl_itjob to 2026-04-05T02:00:00+00:00, run_after=2026-04-06T02:00:00+00:00
[2026-04-05T11:14:28.974+0000] {processor.py:208} INFO - Processing /opt/airflow/dags/Crawl_ETL_ITJob.py took 0.116 seconds
[2026-04-05T11:14:59.170+0000] {processor.py:186} INFO - Started process (PID=518) to work on /opt/airflow/dags/Crawl_ETL_ITJob.py
[2026-04-05T11:14:59.171+0000] {processor.py:914} INFO - Processing file /opt/airflow/dags/Crawl_ETL_ITJob.py for tasks to queue
[2026-04-05T11:14:59.177+0000] {logging_mixin.py:190} INFO - [2026-04-05T11:14:59.177+0000] {dagbag.py:588} INFO - Filling up the DagBag from /opt/airflow/dags/Crawl_ETL_ITJob.py
[2026-04-05T11:14:59.194+0000] {processor.py:925} INFO - DAG(s) 'crawl_etl_itjob' retrieved from /opt/airflow/dags/Crawl_ETL_ITJob.py
[2026-04-05T11:14:59.234+0000] {logging_mixin.py:190} INFO - [2026-04-05T11:14:59.234+0000] {dag.py:3239} INFO - Sync 1 DAGs
[2026-04-05T11:14:59.263+0000] {logging_mixin.py:190} INFO - [2026-04-05T11:14:59.262+0000] {dag.py:4180} INFO - Setting next_dagrun for crawl_etl_itjob to 2026-04-05T02:00:00+00:00, run_after=2026-04-06T02:00:00+00:00
[2026-04-05T11:14:59.298+0000] {processor.py:208} INFO - Processing /opt/airflow/dags/Crawl_ETL_ITJob.py took 0.134 seconds
[2026-04-05T11:15:29.480+0000] {processor.py:186} INFO - Started process (PID=522) to work on /opt/airflow/dags/Crawl_ETL_ITJob.py
[2026-04-05T11:15:29.480+0000] {processor.py:914} INFO - Processing file /opt/airflow/dags/Crawl_ETL_ITJob.py for tasks to queue
[2026-04-05T11:15:29.482+0000] {logging_mixin.py:190} INFO - [2026-04-05T11:15:29.481+0000] {dagbag.py:588} INFO - Filling up the DagBag from /opt/airflow/dags/Crawl_ETL_ITJob.py
[2026-04-05T11:15:29.500+0000] {processor.py:925} INFO - DAG(s) 'crawl_etl_itjob' retrieved from /opt/airflow/dags/Crawl_ETL_ITJob.py
[2026-04-05T11:15:29.536+0000] {logging_mixin.py:190} INFO - [2026-04-05T11:15:29.536+0000] {dag.py:3239} INFO - Sync 1 DAGs
[2026-04-05T11:15:29.565+0000] {logging_mixin.py:190} INFO - [2026-04-05T11:15:29.565+0000] {dag.py:4180} INFO - Setting next_dagrun for crawl_etl_itjob to 2026-04-05T02:00:00+00:00, run_after=2026-04-06T02:00:00+00:00
[2026-04-05T11:15:29.592+0000] {processor.py:208} INFO - Processing /opt/airflow/dags/Crawl_ETL_ITJob.py took 0.118 seconds
[2026-04-05T11:15:59.822+0000] {processor.py:186} INFO - Started process (PID=526) to work on /opt/airflow/dags/Crawl_ETL_ITJob.py
[2026-04-05T11:15:59.823+0000] {processor.py:914} INFO - Processing file /opt/airflow/dags/Crawl_ETL_ITJob.py for tasks to queue
[2026-04-05T11:15:59.825+0000] {logging_mixin.py:190} INFO - [2026-04-05T11:15:59.825+0000] {dagbag.py:588} INFO - Filling up the DagBag from /opt/airflow/dags/Crawl_ETL_ITJob.py
[2026-04-05T11:15:59.842+0000] {processor.py:925} INFO - DAG(s) 'crawl_etl_itjob' retrieved from /opt/airflow/dags/Crawl_ETL_ITJob.py
[2026-04-05T11:15:59.881+0000] {logging_mixin.py:190} INFO - [2026-04-05T11:15:59.881+0000] {dag.py:3239} INFO - Sync 1 DAGs
[2026-04-05T11:15:59.910+0000] {logging_mixin.py:190} INFO - [2026-04-05T11:15:59.909+0000] {dag.py:4180} INFO - Setting next_dagrun for crawl_etl_itjob to 2026-04-05T02:00:00+00:00, run_after=2026-04-06T02:00:00+00:00
[2026-04-05T11:15:59.939+0000] {processor.py:208} INFO - Processing /opt/airflow/dags/Crawl_ETL_ITJob.py took 0.124 seconds
[2026-04-05T11:16:31.179+0000] {processor.py:186} INFO - Started process (PID=530) to work on /opt/airflow/dags/Crawl_ETL_ITJob.py
[2026-04-05T11:16:31.179+0000] {processor.py:914} INFO - Processing file /opt/airflow/dags/Crawl_ETL_ITJob.py for tasks to queue
[2026-04-05T11:16:31.181+0000] {logging_mixin.py:190} INFO - [2026-04-05T11:16:31.181+0000] {dagbag.py:588} INFO - Filling up the DagBag from /opt/airflow/dags/Crawl_ETL_ITJob.py
[2026-04-05T11:16:31.199+0000] {processor.py:925} INFO - DAG(s) 'crawl_etl_itjob' retrieved from /opt/airflow/dags/Crawl_ETL_ITJob.py
[2026-04-05T11:16:31.236+0000] {logging_mixin.py:190} INFO - [2026-04-05T11:16:31.235+0000] {dag.py:3239} INFO - Sync 1 DAGs
[2026-04-05T11:16:31.268+0000] {logging_mixin.py:190} INFO - [2026-04-05T11:16:31.268+0000] {dag.py:4180} INFO - Setting next_dagrun for crawl_etl_itjob to 2026-04-05T02:00:00+00:00, run_after=2026-04-06T02:00:00+00:00
[2026-04-05T11:16:31.296+0000] {processor.py:208} INFO - Processing /opt/airflow/dags/Crawl_ETL_ITJob.py took 0.122 seconds
[2026-04-05T11:17:04.556+0000] {processor.py:186} INFO - Started process (PID=534) to work on /opt/airflow/dags/Crawl_ETL_ITJob.py
[2026-04-05T11:17:04.557+0000] {processor.py:914} INFO - Processing file /opt/airflow/dags/Crawl_ETL_ITJob.py for tasks to queue
[2026-04-05T11:17:04.558+0000] {logging_mixin.py:190} INFO - [2026-04-05T11:17:04.558+0000] {dagbag.py:588} INFO - Filling up the DagBag from /opt/airflow/dags/Crawl_ETL_ITJob.py
[2026-04-05T11:17:04.579+0000] {processor.py:925} INFO - DAG(s) 'crawl_etl_itjob' retrieved from /opt/airflow/dags/Crawl_ETL_ITJob.py
[2026-04-05T11:17:04.648+0000] {logging_mixin.py:190} INFO - [2026-04-05T11:17:04.647+0000] {dag.py:3239} INFO - Sync 1 DAGs
[2026-04-05T11:17:04.689+0000] {logging_mixin.py:190} INFO - [2026-04-05T11:17:04.689+0000] {dag.py:4180} INFO - Setting next_dagrun for crawl_etl_itjob to 2026-04-05T02:00:00+00:00, run_after=2026-04-06T02:00:00+00:00
[2026-04-05T11:17:04.728+0000] {processor.py:208} INFO - Processing /opt/airflow/dags/Crawl_ETL_ITJob.py took 0.180 seconds
[2026-04-05T11:17:36.951+0000] {processor.py:186} INFO - Started process (PID=538) to work on /opt/airflow/dags/Crawl_ETL_ITJob.py
[2026-04-05T11:17:36.952+0000] {processor.py:914} INFO - Processing file /opt/airflow/dags/Crawl_ETL_ITJob.py for tasks to queue
[2026-04-05T11:17:36.954+0000] {logging_mixin.py:190} INFO - [2026-04-05T11:17:36.953+0000] {dagbag.py:588} INFO - Filling up the DagBag from /opt/airflow/dags/Crawl_ETL_ITJob.py
[2026-04-05T11:17:36.978+0000] {processor.py:925} INFO - DAG(s) 'crawl_etl_itjob' retrieved from /opt/airflow/dags/Crawl_ETL_ITJob.py
[2026-04-05T11:17:37.029+0000] {logging_mixin.py:190} INFO - [2026-04-05T11:17:37.029+0000] {dag.py:3239} INFO - Sync 1 DAGs
[2026-04-05T11:17:37.062+0000] {logging_mixin.py:190} INFO - [2026-04-05T11:17:37.062+0000] {dag.py:4180} INFO - Setting next_dagrun for crawl_etl_itjob to 2026-04-05T02:00:00+00:00, run_after=2026-04-06T02:00:00+00:00
[2026-04-05T11:17:37.094+0000] {processor.py:208} INFO - Processing /opt/airflow/dags/Crawl_ETL_ITJob.py took 0.150 seconds
[2026-04-05T11:18:10.496+0000] {processor.py:186} INFO - Started process (PID=542) to work on /opt/airflow/dags/Crawl_ETL_ITJob.py
[2026-04-05T11:18:10.497+0000] {processor.py:914} INFO - Processing file /opt/airflow/dags/Crawl_ETL_ITJob.py for tasks to queue
[2026-04-05T11:18:10.499+0000] {logging_mixin.py:190} INFO - [2026-04-05T11:18:10.498+0000] {dagbag.py:588} INFO - Filling up the DagBag from /opt/airflow/dags/Crawl_ETL_ITJob.py
[2026-04-05T11:18:10.525+0000] {processor.py:925} INFO - DAG(s) 'crawl_etl_itjob' retrieved from /opt/airflow/dags/Crawl_ETL_ITJob.py
[2026-04-05T11:18:10.576+0000] {logging_mixin.py:190} INFO - [2026-04-05T11:18:10.576+0000] {dag.py:3239} INFO - Sync 1 DAGs
[2026-04-05T11:18:10.617+0000] {logging_mixin.py:190} INFO - [2026-04-05T11:18:10.617+0000] {dag.py:4180} INFO - Setting next_dagrun for crawl_etl_itjob to 2026-04-05T02:00:00+00:00, run_after=2026-04-06T02:00:00+00:00
[2026-04-05T11:18:10.671+0000] {processor.py:208} INFO - Processing /opt/airflow/dags/Crawl_ETL_ITJob.py took 0.182 seconds
[2026-04-05T11:18:42.891+0000] {processor.py:186} INFO - Started process (PID=546) to work on /opt/airflow/dags/Crawl_ETL_ITJob.py
[2026-04-05T11:18:42.892+0000] {processor.py:914} INFO - Processing file /opt/airflow/dags/Crawl_ETL_ITJob.py for tasks to queue
[2026-04-05T11:18:42.893+0000] {logging_mixin.py:190} INFO - [2026-04-05T11:18:42.893+0000] {dagbag.py:588} INFO - Filling up the DagBag from /opt/airflow/dags/Crawl_ETL_ITJob.py
[2026-04-05T11:18:42.916+0000] {processor.py:925} INFO - DAG(s) 'crawl_etl_itjob' retrieved from /opt/airflow/dags/Crawl_ETL_ITJob.py
[2026-04-05T11:18:42.976+0000] {logging_mixin.py:190} INFO - [2026-04-05T11:18:42.976+0000] {dag.py:3239} INFO - Sync 1 DAGs
[2026-04-05T11:18:43.016+0000] {logging_mixin.py:190} INFO - [2026-04-05T11:18:43.016+0000] {dag.py:4180} INFO - Setting next_dagrun for crawl_etl_itjob to 2026-04-05T02:00:00+00:00, run_after=2026-04-06T02:00:00+00:00
[2026-04-05T11:18:43.050+0000] {processor.py:208} INFO - Processing /opt/airflow/dags/Crawl_ETL_ITJob.py took 0.168 seconds
[2026-04-05T11:19:15.365+0000] {processor.py:186} INFO - Started process (PID=550) to work on /opt/airflow/dags/Crawl_ETL_ITJob.py
[2026-04-05T11:19:15.368+0000] {processor.py:914} INFO - Processing file /opt/airflow/dags/Crawl_ETL_ITJob.py for tasks to queue
[2026-04-05T11:19:15.370+0000] {logging_mixin.py:190} INFO - [2026-04-05T11:19:15.370+0000] {dagbag.py:588} INFO - Filling up the DagBag from /opt/airflow/dags/Crawl_ETL_ITJob.py
[2026-04-05T11:19:15.409+0000] {processor.py:925} INFO - DAG(s) 'crawl_etl_itjob' retrieved from /opt/airflow/dags/Crawl_ETL_ITJob.py
[2026-04-05T11:19:15.483+0000] {logging_mixin.py:190} INFO - [2026-04-05T11:19:15.483+0000] {dag.py:3239} INFO - Sync 1 DAGs
[2026-04-05T11:19:15.536+0000] {logging_mixin.py:190} INFO - [2026-04-05T11:19:15.536+0000] {dag.py:4180} INFO - Setting next_dagrun for crawl_etl_itjob to 2026-04-05T02:00:00+00:00, run_after=2026-04-06T02:00:00+00:00
[2026-04-05T11:19:15.578+0000] {processor.py:208} INFO - Processing /opt/airflow/dags/Crawl_ETL_ITJob.py took 0.231 seconds
[2026-04-05T11:19:48.002+0000] {processor.py:186} INFO - Started process (PID=554) to work on /opt/airflow/dags/Crawl_ETL_ITJob.py
[2026-04-05T11:19:48.003+0000] {processor.py:914} INFO - Processing file /opt/airflow/dags/Crawl_ETL_ITJob.py for tasks to queue
[2026-04-05T11:19:48.004+0000] {logging_mixin.py:190} INFO - [2026-04-05T11:19:48.004+0000] {dagbag.py:588} INFO - Filling up the DagBag from /opt/airflow/dags/Crawl_ETL_ITJob.py
[2026-04-05T11:19:48.026+0000] {processor.py:925} INFO - DAG(s) 'crawl_etl_itjob' retrieved from /opt/airflow/dags/Crawl_ETL_ITJob.py
[2026-04-05T11:19:48.076+0000] {logging_mixin.py:190} INFO - [2026-04-05T11:19:48.075+0000] {dag.py:3239} INFO - Sync 1 DAGs
[2026-04-05T11:19:48.118+0000] {logging_mixin.py:190} INFO - [2026-04-05T11:19:48.118+0000] {dag.py:4180} INFO - Setting next_dagrun for crawl_etl_itjob to 2026-04-05T02:00:00+00:00, run_after=2026-04-06T02:00:00+00:00
[2026-04-05T11:19:48.157+0000] {processor.py:208} INFO - Processing /opt/airflow/dags/Crawl_ETL_ITJob.py took 0.161 seconds
[2026-04-05T11:20:21.496+0000] {processor.py:186} INFO - Started process (PID=558) to work on /opt/airflow/dags/Crawl_ETL_ITJob.py
[2026-04-05T11:20:21.496+0000] {processor.py:914} INFO - Processing file /opt/airflow/dags/Crawl_ETL_ITJob.py for tasks to queue
[2026-04-05T11:20:21.498+0000] {logging_mixin.py:190} INFO - [2026-04-05T11:20:21.498+0000] {dagbag.py:588} INFO - Filling up the DagBag from /opt/airflow/dags/Crawl_ETL_ITJob.py
[2026-04-05T11:20:21.516+0000] {processor.py:925} INFO - DAG(s) 'crawl_etl_itjob' retrieved from /opt/airflow/dags/Crawl_ETL_ITJob.py
[2026-04-05T11:20:21.561+0000] {logging_mixin.py:190} INFO - [2026-04-05T11:20:21.561+0000] {dag.py:3239} INFO - Sync 1 DAGs
[2026-04-05T11:20:21.600+0000] {logging_mixin.py:190} INFO - [2026-04-05T11:20:21.600+0000] {dag.py:4180} INFO - Setting next_dagrun for crawl_etl_itjob to 2026-04-05T02:00:00+00:00, run_after=2026-04-06T02:00:00+00:00
[2026-04-05T11:20:21.632+0000] {processor.py:208} INFO - Processing /opt/airflow/dags/Crawl_ETL_ITJob.py took 0.145 seconds
[2026-04-05T11:20:53.861+0000] {processor.py:186} INFO - Started process (PID=562) to work on /opt/airflow/dags/Crawl_ETL_ITJob.py
[2026-04-05T11:20:53.861+0000] {processor.py:914} INFO - Processing file /opt/airflow/dags/Crawl_ETL_ITJob.py for tasks to queue
[2026-04-05T11:20:53.863+0000] {logging_mixin.py:190} INFO - [2026-04-05T11:20:53.863+0000] {dagbag.py:588} INFO - Filling up the DagBag from /opt/airflow/dags/Crawl_ETL_ITJob.py
[2026-04-05T11:20:53.884+0000] {processor.py:925} INFO - DAG(s) 'crawl_etl_itjob' retrieved from /opt/airflow/dags/Crawl_ETL_ITJob.py
[2026-04-05T11:20:53.930+0000] {logging_mixin.py:190} INFO - [2026-04-05T11:20:53.930+0000] {dag.py:3239} INFO - Sync 1 DAGs
[2026-04-05T11:20:53.967+0000] {logging_mixin.py:190} INFO - [2026-04-05T11:20:53.967+0000] {dag.py:4180} INFO - Setting next_dagrun for crawl_etl_itjob to 2026-04-05T02:00:00+00:00, run_after=2026-04-06T02:00:00+00:00
[2026-04-05T11:20:54.000+0000] {processor.py:208} INFO - Processing /opt/airflow/dags/Crawl_ETL_ITJob.py took 0.147 seconds
[2026-04-05T11:21:27.244+0000] {processor.py:186} INFO - Started process (PID=566) to work on /opt/airflow/dags/Crawl_ETL_ITJob.py
[2026-04-05T11:21:27.245+0000] {processor.py:914} INFO - Processing file /opt/airflow/dags/Crawl_ETL_ITJob.py for tasks to queue
[2026-04-05T11:21:27.246+0000] {logging_mixin.py:190} INFO - [2026-04-05T11:21:27.246+0000] {dagbag.py:588} INFO - Filling up the DagBag from /opt/airflow/dags/Crawl_ETL_ITJob.py
[2026-04-05T11:21:27.271+0000] {processor.py:925} INFO - DAG(s) 'crawl_etl_itjob' retrieved from /opt/airflow/dags/Crawl_ETL_ITJob.py
[2026-04-05T11:21:27.320+0000] {logging_mixin.py:190} INFO - [2026-04-05T11:21:27.319+0000] {dag.py:3239} INFO - Sync 1 DAGs
[2026-04-05T11:21:27.355+0000] {logging_mixin.py:190} INFO - [2026-04-05T11:21:27.355+0000] {dag.py:4180} INFO - Setting next_dagrun for crawl_etl_itjob to 2026-04-05T02:00:00+00:00, run_after=2026-04-06T02:00:00+00:00
[2026-04-05T11:21:27.388+0000] {processor.py:208} INFO - Processing /opt/airflow/dags/Crawl_ETL_ITJob.py took 0.154 seconds
[2026-04-05T11:21:59.716+0000] {processor.py:186} INFO - Started process (PID=570) to work on /opt/airflow/dags/Crawl_ETL_ITJob.py
[2026-04-05T11:21:59.717+0000] {processor.py:914} INFO - Processing file /opt/airflow/dags/Crawl_ETL_ITJob.py for tasks to queue
[2026-04-05T11:21:59.718+0000] {logging_mixin.py:190} INFO - [2026-04-05T11:21:59.718+0000] {dagbag.py:588} INFO - Filling up the DagBag from /opt/airflow/dags/Crawl_ETL_ITJob.py
[2026-04-05T11:21:59.740+0000] {processor.py:925} INFO - DAG(s) 'crawl_etl_itjob' retrieved from /opt/airflow/dags/Crawl_ETL_ITJob.py
[2026-04-05T11:21:59.787+0000] {logging_mixin.py:190} INFO - [2026-04-05T11:21:59.787+0000] {dag.py:3239} INFO - Sync 1 DAGs
[2026-04-05T11:21:59.824+0000] {logging_mixin.py:190} INFO - [2026-04-05T11:21:59.824+0000] {dag.py:4180} INFO - Setting next_dagrun for crawl_etl_itjob to 2026-04-05T02:00:00+00:00, run_after=2026-04-06T02:00:00+00:00
[2026-04-05T11:21:59.858+0000] {processor.py:208} INFO - Processing /opt/airflow/dags/Crawl_ETL_ITJob.py took 0.148 seconds
[2026-04-05T11:22:31.985+0000] {processor.py:186} INFO - Started process (PID=574) to work on /opt/airflow/dags/Crawl_ETL_ITJob.py
[2026-04-05T11:22:31.986+0000] {processor.py:914} INFO - Processing file /opt/airflow/dags/Crawl_ETL_ITJob.py for tasks to queue
[2026-04-05T11:22:31.988+0000] {logging_mixin.py:190} INFO - [2026-04-05T11:22:31.987+0000] {dagbag.py:588} INFO - Filling up the DagBag from /opt/airflow/dags/Crawl_ETL_ITJob.py
[2026-04-05T11:22:32.005+0000] {processor.py:925} INFO - DAG(s) 'crawl_etl_itjob' retrieved from /opt/airflow/dags/Crawl_ETL_ITJob.py
[2026-04-05T11:22:32.043+0000] {logging_mixin.py:190} INFO - [2026-04-05T11:22:32.043+0000] {dag.py:3239} INFO - Sync 1 DAGs
[2026-04-05T11:22:32.079+0000] {logging_mixin.py:190} INFO - [2026-04-05T11:22:32.079+0000] {dag.py:4180} INFO - Setting next_dagrun for crawl_etl_itjob to 2026-04-05T02:00:00+00:00, run_after=2026-04-06T02:00:00+00:00
[2026-04-05T11:22:32.114+0000] {processor.py:208} INFO - Processing /opt/airflow/dags/Crawl_ETL_ITJob.py took 0.134 seconds
[2026-04-05T11:23:05.359+0000] {processor.py:186} INFO - Started process (PID=578) to work on /opt/airflow/dags/Crawl_ETL_ITJob.py
[2026-04-05T11:23:05.360+0000] {processor.py:914} INFO - Processing file /opt/airflow/dags/Crawl_ETL_ITJob.py for tasks to queue
[2026-04-05T11:23:05.365+0000] {logging_mixin.py:190} INFO - [2026-04-05T11:23:05.364+0000] {dagbag.py:588} INFO - Filling up the DagBag from /opt/airflow/dags/Crawl_ETL_ITJob.py
[2026-04-05T11:23:05.391+0000] {processor.py:925} INFO - DAG(s) 'crawl_etl_itjob' retrieved from /opt/airflow/dags/Crawl_ETL_ITJob.py
[2026-04-05T11:23:05.448+0000] {logging_mixin.py:190} INFO - [2026-04-05T11:23:05.448+0000] {dag.py:3239} INFO - Sync 1 DAGs
[2026-04-05T11:23:05.506+0000] {logging_mixin.py:190} INFO - [2026-04-05T11:23:05.506+0000] {dag.py:4180} INFO - Setting next_dagrun for crawl_etl_itjob to 2026-04-05T02:00:00+00:00, run_after=2026-04-06T02:00:00+00:00
[2026-04-05T11:23:05.555+0000] {processor.py:208} INFO - Processing /opt/airflow/dags/Crawl_ETL_ITJob.py took 0.212 seconds
[2026-04-05T11:23:37.845+0000] {processor.py:186} INFO - Started process (PID=582) to work on /opt/airflow/dags/Crawl_ETL_ITJob.py
[2026-04-05T11:23:37.846+0000] {processor.py:914} INFO - Processing file /opt/airflow/dags/Crawl_ETL_ITJob.py for tasks to queue
[2026-04-05T11:23:37.847+0000] {logging_mixin.py:190} INFO - [2026-04-05T11:23:37.847+0000] {dagbag.py:588} INFO - Filling up the DagBag from /opt/airflow/dags/Crawl_ETL_ITJob.py
[2026-04-05T11:23:37.864+0000] {processor.py:925} INFO - DAG(s) 'crawl_etl_itjob' retrieved from /opt/airflow/dags/Crawl_ETL_ITJob.py
[2026-04-05T11:23:37.902+0000] {logging_mixin.py:190} INFO - [2026-04-05T11:23:37.901+0000] {dag.py:3239} INFO - Sync 1 DAGs
[2026-04-05T11:23:37.935+0000] {logging_mixin.py:190} INFO - [2026-04-05T11:23:37.934+0000] {dag.py:4180} INFO - Setting next_dagrun for crawl_etl_itjob to 2026-04-05T02:00:00+00:00, run_after=2026-04-06T02:00:00+00:00
[2026-04-05T11:23:37.974+0000] {processor.py:208} INFO - Processing /opt/airflow/dags/Crawl_ETL_ITJob.py took 0.134 seconds
[2026-04-05T11:24:11.213+0000] {processor.py:186} INFO - Started process (PID=586) to work on /opt/airflow/dags/Crawl_ETL_ITJob.py
[2026-04-05T11:24:11.213+0000] {processor.py:914} INFO - Processing file /opt/airflow/dags/Crawl_ETL_ITJob.py for tasks to queue
[2026-04-05T11:24:11.215+0000] {logging_mixin.py:190} INFO - [2026-04-05T11:24:11.214+0000] {dagbag.py:588} INFO - Filling up the DagBag from /opt/airflow/dags/Crawl_ETL_ITJob.py
[2026-04-05T11:24:11.234+0000] {processor.py:925} INFO - DAG(s) 'crawl_etl_itjob' retrieved from /opt/airflow/dags/Crawl_ETL_ITJob.py
[2026-04-05T11:24:11.274+0000] {logging_mixin.py:190} INFO - [2026-04-05T11:24:11.274+0000] {dag.py:3239} INFO - Sync 1 DAGs
[2026-04-05T11:24:11.307+0000] {logging_mixin.py:190} INFO - [2026-04-05T11:24:11.307+0000] {dag.py:4180} INFO - Setting next_dagrun for crawl_etl_itjob to 2026-04-05T02:00:00+00:00, run_after=2026-04-06T02:00:00+00:00
[2026-04-05T11:24:11.339+0000] {processor.py:208} INFO - Processing /opt/airflow/dags/Crawl_ETL_ITJob.py took 0.133 seconds
[2026-04-05T11:24:43.566+0000] {processor.py:186} INFO - Started process (PID=590) to work on /opt/airflow/dags/Crawl_ETL_ITJob.py
[2026-04-05T11:24:43.568+0000] {processor.py:914} INFO - Processing file /opt/airflow/dags/Crawl_ETL_ITJob.py for tasks to queue
[2026-04-05T11:24:43.572+0000] {logging_mixin.py:190} INFO - [2026-04-05T11:24:43.571+0000] {dagbag.py:588} INFO - Filling up the DagBag from /opt/airflow/dags/Crawl_ETL_ITJob.py
[2026-04-05T11:24:43.606+0000] {processor.py:925} INFO - DAG(s) 'crawl_etl_itjob' retrieved from /opt/airflow/dags/Crawl_ETL_ITJob.py
[2026-04-05T11:24:43.650+0000] {logging_mixin.py:190} INFO - [2026-04-05T11:24:43.650+0000] {dag.py:3239} INFO - Sync 1 DAGs
[2026-04-05T11:24:43.686+0000] {logging_mixin.py:190} INFO - [2026-04-05T11:24:43.686+0000] {dag.py:4180} INFO - Setting next_dagrun for crawl_etl_itjob to 2026-04-05T02:00:00+00:00, run_after=2026-04-06T02:00:00+00:00
[2026-04-05T11:24:43.726+0000] {processor.py:208} INFO - Processing /opt/airflow/dags/Crawl_ETL_ITJob.py took 0.175 seconds
[2026-04-05T11:25:16.075+0000] {processor.py:186} INFO - Started process (PID=594) to work on /opt/airflow/dags/Crawl_ETL_ITJob.py
[2026-04-05T11:25:16.076+0000] {processor.py:914} INFO - Processing file /opt/airflow/dags/Crawl_ETL_ITJob.py for tasks to queue
[2026-04-05T11:25:16.084+0000] {logging_mixin.py:190} INFO - [2026-04-05T11:25:16.083+0000] {dagbag.py:588} INFO - Filling up the DagBag from /opt/airflow/dags/Crawl_ETL_ITJob.py
[2026-04-05T11:25:16.111+0000] {processor.py:925} INFO - DAG(s) 'crawl_etl_itjob' retrieved from /opt/airflow/dags/Crawl_ETL_ITJob.py
[2026-04-05T11:25:16.166+0000] {logging_mixin.py:190} INFO - [2026-04-05T11:25:16.165+0000] {dag.py:3239} INFO - Sync 1 DAGs
[2026-04-05T11:25:16.214+0000] {logging_mixin.py:190} INFO - [2026-04-05T11:25:16.214+0000] {dag.py:4180} INFO - Setting next_dagrun for crawl_etl_itjob to 2026-04-05T02:00:00+00:00, run_after=2026-04-06T02:00:00+00:00
[2026-04-05T11:25:16.259+0000] {processor.py:208} INFO - Processing /opt/airflow/dags/Crawl_ETL_ITJob.py took 0.193 seconds
[2026-04-05T11:25:49.601+0000] {processor.py:186} INFO - Started process (PID=598) to work on /opt/airflow/dags/Crawl_ETL_ITJob.py
[2026-04-05T11:25:49.602+0000] {processor.py:914} INFO - Processing file /opt/airflow/dags/Crawl_ETL_ITJob.py for tasks to queue
[2026-04-05T11:25:49.605+0000] {logging_mixin.py:190} INFO - [2026-04-05T11:25:49.604+0000] {dagbag.py:588} INFO - Filling up the DagBag from /opt/airflow/dags/Crawl_ETL_ITJob.py
[2026-04-05T11:25:49.632+0000] {processor.py:925} INFO - DAG(s) 'crawl_etl_itjob' retrieved from /opt/airflow/dags/Crawl_ETL_ITJob.py
[2026-04-05T11:25:49.689+0000] {logging_mixin.py:190} INFO - [2026-04-05T11:25:49.688+0000] {dag.py:3239} INFO - Sync 1 DAGs
[2026-04-05T11:25:49.727+0000] {logging_mixin.py:190} INFO - [2026-04-05T11:25:49.727+0000] {dag.py:4180} INFO - Setting next_dagrun for crawl_etl_itjob to 2026-04-05T02:00:00+00:00, run_after=2026-04-06T02:00:00+00:00
[2026-04-05T11:25:49.767+0000] {processor.py:208} INFO - Processing /opt/airflow/dags/Crawl_ETL_ITJob.py took 0.176 seconds
[2026-04-05T11:26:22.059+0000] {processor.py:186} INFO - Started process (PID=602) to work on /opt/airflow/dags/Crawl_ETL_ITJob.py
[2026-04-05T11:26:22.059+0000] {processor.py:914} INFO - Processing file /opt/airflow/dags/Crawl_ETL_ITJob.py for tasks to queue
[2026-04-05T11:26:22.061+0000] {logging_mixin.py:190} INFO - [2026-04-05T11:26:22.061+0000] {dagbag.py:588} INFO - Filling up the DagBag from /opt/airflow/dags/Crawl_ETL_ITJob.py
[2026-04-05T11:26:22.083+0000] {processor.py:925} INFO - DAG(s) 'crawl_etl_itjob' retrieved from /opt/airflow/dags/Crawl_ETL_ITJob.py
[2026-04-05T11:26:22.142+0000] {logging_mixin.py:190} INFO - [2026-04-05T11:26:22.142+0000] {dag.py:3239} INFO - Sync 1 DAGs
[2026-04-05T11:26:22.189+0000] {logging_mixin.py:190} INFO - [2026-04-05T11:26:22.188+0000] {dag.py:4180} INFO - Setting next_dagrun for crawl_etl_itjob to 2026-04-05T02:00:00+00:00, run_after=2026-04-06T02:00:00+00:00
[2026-04-05T11:26:22.223+0000] {processor.py:208} INFO - Processing /opt/airflow/dags/Crawl_ETL_ITJob.py took 0.172 seconds
[2026-04-05T11:26:54.481+0000] {processor.py:186} INFO - Started process (PID=606) to work on /opt/airflow/dags/Crawl_ETL_ITJob.py
[2026-04-05T11:26:54.481+0000] {processor.py:914} INFO - Processing file /opt/airflow/dags/Crawl_ETL_ITJob.py for tasks to queue
[2026-04-05T11:26:54.482+0000] {logging_mixin.py:190} INFO - [2026-04-05T11:26:54.482+0000] {dagbag.py:588} INFO - Filling up the DagBag from /opt/airflow/dags/Crawl_ETL_ITJob.py
[2026-04-05T11:26:54.505+0000] {processor.py:925} INFO - DAG(s) 'crawl_etl_itjob' retrieved from /opt/airflow/dags/Crawl_ETL_ITJob.py
[2026-04-05T11:26:54.552+0000] {logging_mixin.py:190} INFO - [2026-04-05T11:26:54.551+0000] {dag.py:3239} INFO - Sync 1 DAGs
[2026-04-05T11:26:54.587+0000] {logging_mixin.py:190} INFO - [2026-04-05T11:26:54.587+0000] {dag.py:4180} INFO - Setting next_dagrun for crawl_etl_itjob to 2026-04-05T02:00:00+00:00, run_after=2026-04-06T02:00:00+00:00
[2026-04-05T11:26:54.620+0000] {processor.py:208} INFO - Processing /opt/airflow/dags/Crawl_ETL_ITJob.py took 0.146 seconds
[2026-04-05T11:27:27.834+0000] {processor.py:186} INFO - Started process (PID=610) to work on /opt/airflow/dags/Crawl_ETL_ITJob.py
[2026-04-05T11:27:27.834+0000] {processor.py:914} INFO - Processing file /opt/airflow/dags/Crawl_ETL_ITJob.py for tasks to queue
[2026-04-05T11:27:27.835+0000] {logging_mixin.py:190} INFO - [2026-04-05T11:27:27.835+0000] {dagbag.py:588} INFO - Filling up the DagBag from /opt/airflow/dags/Crawl_ETL_ITJob.py
[2026-04-05T11:27:27.854+0000] {processor.py:925} INFO - DAG(s) 'crawl_etl_itjob' retrieved from /opt/airflow/dags/Crawl_ETL_ITJob.py
[2026-04-05T11:27:27.895+0000] {logging_mixin.py:190} INFO - [2026-04-05T11:27:27.894+0000] {dag.py:3239} INFO - Sync 1 DAGs
[2026-04-05T11:27:27.926+0000] {logging_mixin.py:190} INFO - [2026-04-05T11:27:27.926+0000] {dag.py:4180} INFO - Setting next_dagrun for crawl_etl_itjob to 2026-04-05T02:00:00+00:00, run_after=2026-04-06T02:00:00+00:00
[2026-04-05T11:27:27.957+0000] {processor.py:208} INFO - Processing /opt/airflow/dags/Crawl_ETL_ITJob.py took 0.130 seconds
[2026-04-05T11:28:00.167+0000] {processor.py:186} INFO - Started process (PID=614) to work on /opt/airflow/dags/Crawl_ETL_ITJob.py
[2026-04-05T11:28:00.167+0000] {processor.py:914} INFO - Processing file /opt/airflow/dags/Crawl_ETL_ITJob.py for tasks to queue
[2026-04-05T11:28:00.169+0000] {logging_mixin.py:190} INFO - [2026-04-05T11:28:00.169+0000] {dagbag.py:588} INFO - Filling up the DagBag from /opt/airflow/dags/Crawl_ETL_ITJob.py
[2026-04-05T11:28:00.187+0000] {processor.py:925} INFO - DAG(s) 'crawl_etl_itjob' retrieved from /opt/airflow/dags/Crawl_ETL_ITJob.py
[2026-04-05T11:28:00.226+0000] {logging_mixin.py:190} INFO - [2026-04-05T11:28:00.226+0000] {dag.py:3239} INFO - Sync 1 DAGs
[2026-04-05T11:28:00.262+0000] {logging_mixin.py:190} INFO - [2026-04-05T11:28:00.262+0000] {dag.py:4180} INFO - Setting next_dagrun for crawl_etl_itjob to 2026-04-05T02:00:00+00:00, run_after=2026-04-06T02:00:00+00:00
[2026-04-05T11:28:00.293+0000] {processor.py:208} INFO - Processing /opt/airflow/dags/Crawl_ETL_ITJob.py took 0.132 seconds
[2026-04-05T11:28:33.510+0000] {processor.py:186} INFO - Started process (PID=618) to work on /opt/airflow/dags/Crawl_ETL_ITJob.py
[2026-04-05T11:28:33.511+0000] {processor.py:914} INFO - Processing file /opt/airflow/dags/Crawl_ETL_ITJob.py for tasks to queue
[2026-04-05T11:28:33.512+0000] {logging_mixin.py:190} INFO - [2026-04-05T11:28:33.512+0000] {dagbag.py:588} INFO - Filling up the DagBag from /opt/airflow/dags/Crawl_ETL_ITJob.py
[2026-04-05T11:28:33.530+0000] {processor.py:925} INFO - DAG(s) 'crawl_etl_itjob' retrieved from /opt/airflow/dags/Crawl_ETL_ITJob.py
[2026-04-05T11:28:33.570+0000] {logging_mixin.py:190} INFO - [2026-04-05T11:28:33.570+0000] {dag.py:3239} INFO - Sync 1 DAGs
[2026-04-05T11:28:33.610+0000] {logging_mixin.py:190} INFO - [2026-04-05T11:28:33.610+0000] {dag.py:4180} INFO - Setting next_dagrun for crawl_etl_itjob to 2026-04-05T02:00:00+00:00, run_after=2026-04-06T02:00:00+00:00
[2026-04-05T11:28:33.641+0000] {processor.py:208} INFO - Processing /opt/airflow/dags/Crawl_ETL_ITJob.py took 0.138 seconds
[2026-04-05T11:29:05.849+0000] {processor.py:186} INFO - Started process (PID=622) to work on /opt/airflow/dags/Crawl_ETL_ITJob.py
[2026-04-05T11:29:05.850+0000] {processor.py:914} INFO - Processing file /opt/airflow/dags/Crawl_ETL_ITJob.py for tasks to queue
[2026-04-05T11:29:05.852+0000] {logging_mixin.py:190} INFO - [2026-04-05T11:29:05.851+0000] {dagbag.py:588} INFO - Filling up the DagBag from /opt/airflow/dags/Crawl_ETL_ITJob.py
[2026-04-05T11:29:05.874+0000] {processor.py:925} INFO - DAG(s) 'crawl_etl_itjob' retrieved from /opt/airflow/dags/Crawl_ETL_ITJob.py
[2026-04-05T11:29:05.926+0000] {logging_mixin.py:190} INFO - [2026-04-05T11:29:05.926+0000] {dag.py:3239} INFO - Sync 1 DAGs
[2026-04-05T11:29:05.964+0000] {logging_mixin.py:190} INFO - [2026-04-05T11:29:05.964+0000] {dag.py:4180} INFO - Setting next_dagrun for crawl_etl_itjob to 2026-04-05T02:00:00+00:00, run_after=2026-04-06T02:00:00+00:00
[2026-04-05T11:29:06.001+0000] {processor.py:208} INFO - Processing /opt/airflow/dags/Crawl_ETL_ITJob.py took 0.159 seconds
[2026-04-05T11:29:39.254+0000] {processor.py:186} INFO - Started process (PID=626) to work on /opt/airflow/dags/Crawl_ETL_ITJob.py
[2026-04-05T11:29:39.255+0000] {processor.py:914} INFO - Processing file /opt/airflow/dags/Crawl_ETL_ITJob.py for tasks to queue
[2026-04-05T11:29:39.257+0000] {logging_mixin.py:190} INFO - [2026-04-05T11:29:39.257+0000] {dagbag.py:588} INFO - Filling up the DagBag from /opt/airflow/dags/Crawl_ETL_ITJob.py
[2026-04-05T11:29:39.286+0000] {processor.py:925} INFO - DAG(s) 'crawl_etl_itjob' retrieved from /opt/airflow/dags/Crawl_ETL_ITJob.py
[2026-04-05T11:29:39.335+0000] {logging_mixin.py:190} INFO - [2026-04-05T11:29:39.335+0000] {dag.py:3239} INFO - Sync 1 DAGs
[2026-04-05T11:29:39.376+0000] {logging_mixin.py:190} INFO - [2026-04-05T11:29:39.376+0000] {dag.py:4180} INFO - Setting next_dagrun for crawl_etl_itjob to 2026-04-05T02:00:00+00:00, run_after=2026-04-06T02:00:00+00:00
[2026-04-05T11:29:39.409+0000] {processor.py:208} INFO - Processing /opt/airflow/dags/Crawl_ETL_ITJob.py took 0.166 seconds
[2026-04-05T11:30:11.800+0000] {processor.py:186} INFO - Started process (PID=630) to work on /opt/airflow/dags/Crawl_ETL_ITJob.py
[2026-04-05T11:30:11.801+0000] {processor.py:914} INFO - Processing file /opt/airflow/dags/Crawl_ETL_ITJob.py for tasks to queue
[2026-04-05T11:30:11.808+0000] {logging_mixin.py:190} INFO - [2026-04-05T11:30:11.807+0000] {dagbag.py:588} INFO - Filling up the DagBag from /opt/airflow/dags/Crawl_ETL_ITJob.py
[2026-04-05T11:30:11.850+0000] {processor.py:925} INFO - DAG(s) 'crawl_etl_itjob' retrieved from /opt/airflow/dags/Crawl_ETL_ITJob.py
[2026-04-05T11:30:11.917+0000] {logging_mixin.py:190} INFO - [2026-04-05T11:30:11.917+0000] {dag.py:3239} INFO - Sync 1 DAGs
[2026-04-05T11:30:11.978+0000] {logging_mixin.py:190} INFO - [2026-04-05T11:30:11.977+0000] {dag.py:4180} INFO - Setting next_dagrun for crawl_etl_itjob to 2026-04-05T02:00:00+00:00, run_after=2026-04-06T02:00:00+00:00
[2026-04-05T11:30:12.041+0000] {processor.py:208} INFO - Processing /opt/airflow/dags/Crawl_ETL_ITJob.py took 0.253 seconds
[2026-04-05T11:30:44.451+0000] {processor.py:186} INFO - Started process (PID=634) to work on /opt/airflow/dags/Crawl_ETL_ITJob.py
[2026-04-05T11:30:44.453+0000] {processor.py:914} INFO - Processing file /opt/airflow/dags/Crawl_ETL_ITJob.py for tasks to queue
[2026-04-05T11:30:44.454+0000] {logging_mixin.py:190} INFO - [2026-04-05T11:30:44.454+0000] {dagbag.py:588} INFO - Filling up the DagBag from /opt/airflow/dags/Crawl_ETL_ITJob.py
[2026-04-05T11:30:44.484+0000] {processor.py:925} INFO - DAG(s) 'crawl_etl_itjob' retrieved from /opt/airflow/dags/Crawl_ETL_ITJob.py
[2026-04-05T11:30:44.542+0000] {logging_mixin.py:190} INFO - [2026-04-05T11:30:44.542+0000] {dag.py:3239} INFO - Sync 1 DAGs
[2026-04-05T11:30:44.588+0000] {logging_mixin.py:190} INFO - [2026-04-05T11:30:44.587+0000] {dag.py:4180} INFO - Setting next_dagrun for crawl_etl_itjob to 2026-04-05T02:00:00+00:00, run_after=2026-04-06T02:00:00+00:00
[2026-04-05T11:30:44.636+0000] {processor.py:208} INFO - Processing /opt/airflow/dags/Crawl_ETL_ITJob.py took 0.195 seconds
[2026-04-05T11:31:16.992+0000] {processor.py:186} INFO - Started process (PID=638) to work on /opt/airflow/dags/Crawl_ETL_ITJob.py
[2026-04-05T11:31:16.993+0000] {processor.py:914} INFO - Processing file /opt/airflow/dags/Crawl_ETL_ITJob.py for tasks to queue
[2026-04-05T11:31:16.998+0000] {logging_mixin.py:190} INFO - [2026-04-05T11:31:16.998+0000] {dagbag.py:588} INFO - Filling up the DagBag from /opt/airflow/dags/Crawl_ETL_ITJob.py
[2026-04-05T11:31:17.023+0000] {processor.py:925} INFO - DAG(s) 'crawl_etl_itjob' retrieved from /opt/airflow/dags/Crawl_ETL_ITJob.py
[2026-04-05T11:31:17.074+0000] {logging_mixin.py:190} INFO - [2026-04-05T11:31:17.073+0000] {dag.py:3239} INFO - Sync 1 DAGs
[2026-04-05T11:31:17.118+0000] {logging_mixin.py:190} INFO - [2026-04-05T11:31:17.118+0000] {dag.py:4180} INFO - Setting next_dagrun for crawl_etl_itjob to 2026-04-05T02:00:00+00:00, run_after=2026-04-06T02:00:00+00:00
[2026-04-05T11:31:17.160+0000] {processor.py:208} INFO - Processing /opt/airflow/dags/Crawl_ETL_ITJob.py took 0.178 seconds
[2026-04-05T11:31:50.475+0000] {processor.py:186} INFO - Started process (PID=642) to work on /opt/airflow/dags/Crawl_ETL_ITJob.py
[2026-04-05T11:31:50.476+0000] {processor.py:914} INFO - Processing file /opt/airflow/dags/Crawl_ETL_ITJob.py for tasks to queue
[2026-04-05T11:31:50.483+0000] {logging_mixin.py:190} INFO - [2026-04-05T11:31:50.482+0000] {dagbag.py:588} INFO - Filling up the DagBag from /opt/airflow/dags/Crawl_ETL_ITJob.py
[2026-04-05T11:31:50.509+0000] {processor.py:925} INFO - DAG(s) 'crawl_etl_itjob' retrieved from /opt/airflow/dags/Crawl_ETL_ITJob.py
[2026-04-05T11:31:50.562+0000] {logging_mixin.py:190} INFO - [2026-04-05T11:31:50.562+0000] {dag.py:3239} INFO - Sync 1 DAGs
[2026-04-05T11:31:50.607+0000] {logging_mixin.py:190} INFO - [2026-04-05T11:31:50.607+0000] {dag.py:4180} INFO - Setting next_dagrun for crawl_etl_itjob to 2026-04-05T02:00:00+00:00, run_after=2026-04-06T02:00:00+00:00
[2026-04-05T11:31:50.649+0000] {processor.py:208} INFO - Processing /opt/airflow/dags/Crawl_ETL_ITJob.py took 0.182 seconds
[2026-04-05T11:32:24.158+0000] {processor.py:186} INFO - Started process (PID=646) to work on /opt/airflow/dags/Crawl_ETL_ITJob.py
[2026-04-05T11:32:24.161+0000] {processor.py:914} INFO - Processing file /opt/airflow/dags/Crawl_ETL_ITJob.py for tasks to queue
[2026-04-05T11:32:24.164+0000] {logging_mixin.py:190} INFO - [2026-04-05T11:32:24.163+0000] {dagbag.py:588} INFO - Filling up the DagBag from /opt/airflow/dags/Crawl_ETL_ITJob.py
[2026-04-05T11:32:24.249+0000] {processor.py:925} INFO - DAG(s) 'crawl_etl_itjob' retrieved from /opt/airflow/dags/Crawl_ETL_ITJob.py
[2026-04-05T11:32:24.326+0000] {logging_mixin.py:190} INFO - [2026-04-05T11:32:24.326+0000] {dag.py:3239} INFO - Sync 1 DAGs
[2026-04-05T11:32:24.388+0000] {logging_mixin.py:190} INFO - [2026-04-05T11:32:24.388+0000] {dag.py:4180} INFO - Setting next_dagrun for crawl_etl_itjob to 2026-04-05T02:00:00+00:00, run_after=2026-04-06T02:00:00+00:00
[2026-04-05T11:32:24.443+0000] {processor.py:208} INFO - Processing /opt/airflow/dags/Crawl_ETL_ITJob.py took 0.299 seconds
[2026-04-05T11:32:55.911+0000] {processor.py:186} INFO - Started process (PID=650) to work on /opt/airflow/dags/Crawl_ETL_ITJob.py
[2026-04-05T11:32:55.911+0000] {processor.py:914} INFO - Processing file /opt/airflow/dags/Crawl_ETL_ITJob.py for tasks to queue
[2026-04-05T11:32:55.913+0000] {logging_mixin.py:190} INFO - [2026-04-05T11:32:55.912+0000] {dagbag.py:588} INFO - Filling up the DagBag from /opt/airflow/dags/Crawl_ETL_ITJob.py
[2026-04-05T11:32:55.942+0000] {processor.py:925} INFO - DAG(s) 'crawl_etl_itjob' retrieved from /opt/airflow/dags/Crawl_ETL_ITJob.py
[2026-04-05T11:32:56.018+0000] {logging_mixin.py:190} INFO - [2026-04-05T11:32:56.017+0000] {dag.py:3239} INFO - Sync 1 DAGs
[2026-04-05T11:32:56.068+0000] {logging_mixin.py:190} INFO - [2026-04-05T11:32:56.068+0000] {dag.py:4180} INFO - Setting next_dagrun for crawl_etl_itjob to 2026-04-05T02:00:00+00:00, run_after=2026-04-06T02:00:00+00:00
[2026-04-05T11:32:56.117+0000] {processor.py:208} INFO - Processing /opt/airflow/dags/Crawl_ETL_ITJob.py took 0.214 seconds
[2026-04-05T11:33:28.548+0000] {processor.py:186} INFO - Started process (PID=654) to work on /opt/airflow/dags/Crawl_ETL_ITJob.py
[2026-04-05T11:33:28.549+0000] {processor.py:914} INFO - Processing file /opt/airflow/dags/Crawl_ETL_ITJob.py for tasks to queue
[2026-04-05T11:33:28.552+0000] {logging_mixin.py:190} INFO - [2026-04-05T11:33:28.551+0000] {dagbag.py:588} INFO - Filling up the DagBag from /opt/airflow/dags/Crawl_ETL_ITJob.py
[2026-04-05T11:33:28.582+0000] {processor.py:925} INFO - DAG(s) 'crawl_etl_itjob' retrieved from /opt/airflow/dags/Crawl_ETL_ITJob.py
[2026-04-05T11:33:28.645+0000] {logging_mixin.py:190} INFO - [2026-04-05T11:33:28.645+0000] {dag.py:3239} INFO - Sync 1 DAGs
[2026-04-05T11:33:28.696+0000] {logging_mixin.py:190} INFO - [2026-04-05T11:33:28.695+0000] {dag.py:4180} INFO - Setting next_dagrun for crawl_etl_itjob to 2026-04-05T02:00:00+00:00, run_after=2026-04-06T02:00:00+00:00
[2026-04-05T11:33:28.741+0000] {processor.py:208} INFO - Processing /opt/airflow/dags/Crawl_ETL_ITJob.py took 0.203 seconds
[2026-04-05T11:34:01.265+0000] {processor.py:186} INFO - Started process (PID=658) to work on /opt/airflow/dags/Crawl_ETL_ITJob.py
[2026-04-05T11:34:01.289+0000] {processor.py:914} INFO - Processing file /opt/airflow/dags/Crawl_ETL_ITJob.py for tasks to queue
[2026-04-05T11:34:01.296+0000] {logging_mixin.py:190} INFO - [2026-04-05T11:34:01.295+0000] {dagbag.py:588} INFO - Filling up the DagBag from /opt/airflow/dags/Crawl_ETL_ITJob.py
[2026-04-05T11:34:01.344+0000] {processor.py:925} INFO - DAG(s) 'crawl_etl_itjob' retrieved from /opt/airflow/dags/Crawl_ETL_ITJob.py
[2026-04-05T11:34:01.460+0000] {logging_mixin.py:190} INFO - [2026-04-05T11:34:01.459+0000] {dag.py:3239} INFO - Sync 1 DAGs
[2026-04-05T11:34:01.539+0000] {logging_mixin.py:190} INFO - [2026-04-05T11:34:01.539+0000] {dag.py:4180} INFO - Setting next_dagrun for crawl_etl_itjob to 2026-04-05T02:00:00+00:00, run_after=2026-04-06T02:00:00+00:00
[2026-04-05T11:34:01.610+0000] {processor.py:208} INFO - Processing /opt/airflow/dags/Crawl_ETL_ITJob.py took 0.377 seconds
[2026-04-05T11:34:34.055+0000] {processor.py:186} INFO - Started process (PID=662) to work on /opt/airflow/dags/Crawl_ETL_ITJob.py
[2026-04-05T11:34:34.056+0000] {processor.py:914} INFO - Processing file /opt/airflow/dags/Crawl_ETL_ITJob.py for tasks to queue
[2026-04-05T11:34:34.057+0000] {logging_mixin.py:190} INFO - [2026-04-05T11:34:34.057+0000] {dagbag.py:588} INFO - Filling up the DagBag from /opt/airflow/dags/Crawl_ETL_ITJob.py
[2026-04-05T11:34:34.085+0000] {processor.py:925} INFO - DAG(s) 'crawl_etl_itjob' retrieved from /opt/airflow/dags/Crawl_ETL_ITJob.py
[2026-04-05T11:34:34.149+0000] {logging_mixin.py:190} INFO - [2026-04-05T11:34:34.148+0000] {dag.py:3239} INFO - Sync 1 DAGs
[2026-04-05T11:34:34.201+0000] {logging_mixin.py:190} INFO - [2026-04-05T11:34:34.201+0000] {dag.py:4180} INFO - Setting next_dagrun for crawl_etl_itjob to 2026-04-05T02:00:00+00:00, run_after=2026-04-06T02:00:00+00:00
[2026-04-05T11:34:34.240+0000] {processor.py:208} INFO - Processing /opt/airflow/dags/Crawl_ETL_ITJob.py took 0.194 seconds
[2026-04-05T11:35:06.571+0000] {processor.py:186} INFO - Started process (PID=666) to work on /opt/airflow/dags/Crawl_ETL_ITJob.py
[2026-04-05T11:35:06.572+0000] {processor.py:914} INFO - Processing file /opt/airflow/dags/Crawl_ETL_ITJob.py for tasks to queue
[2026-04-05T11:35:06.574+0000] {logging_mixin.py:190} INFO - [2026-04-05T11:35:06.574+0000] {dagbag.py:588} INFO - Filling up the DagBag from /opt/airflow/dags/Crawl_ETL_ITJob.py
[2026-04-05T11:35:06.604+0000] {processor.py:925} INFO - DAG(s) 'crawl_etl_itjob' retrieved from /opt/airflow/dags/Crawl_ETL_ITJob.py
[2026-04-05T11:35:06.674+0000] {logging_mixin.py:190} INFO - [2026-04-05T11:35:06.674+0000] {dag.py:3239} INFO - Sync 1 DAGs
[2026-04-05T11:35:06.721+0000] {logging_mixin.py:190} INFO - [2026-04-05T11:35:06.720+0000] {dag.py:4180} INFO - Setting next_dagrun for crawl_etl_itjob to 2026-04-05T02:00:00+00:00, run_after=2026-04-06T02:00:00+00:00
[2026-04-05T11:35:06.765+0000] {processor.py:208} INFO - Processing /opt/airflow/dags/Crawl_ETL_ITJob.py took 0.204 seconds
[2026-04-05T11:35:40.322+0000] {processor.py:186} INFO - Started process (PID=670) to work on /opt/airflow/dags/Crawl_ETL_ITJob.py
[2026-04-05T11:35:40.323+0000] {processor.py:914} INFO - Processing file /opt/airflow/dags/Crawl_ETL_ITJob.py for tasks to queue
[2026-04-05T11:35:40.326+0000] {logging_mixin.py:190} INFO - [2026-04-05T11:35:40.325+0000] {dagbag.py:588} INFO - Filling up the DagBag from /opt/airflow/dags/Crawl_ETL_ITJob.py
[2026-04-05T11:35:40.358+0000] {processor.py:925} INFO - DAG(s) 'crawl_etl_itjob' retrieved from /opt/airflow/dags/Crawl_ETL_ITJob.py
[2026-04-05T11:35:40.423+0000] {logging_mixin.py:190} INFO - [2026-04-05T11:35:40.422+0000] {dag.py:3239} INFO - Sync 1 DAGs
[2026-04-05T11:35:40.468+0000] {logging_mixin.py:190} INFO - [2026-04-05T11:35:40.467+0000] {dag.py:4180} INFO - Setting next_dagrun for crawl_etl_itjob to 2026-04-05T02:00:00+00:00, run_after=2026-04-06T02:00:00+00:00
[2026-04-05T11:35:40.511+0000] {processor.py:208} INFO - Processing /opt/airflow/dags/Crawl_ETL_ITJob.py took 0.202 seconds
[2026-04-05T11:36:12.739+0000] {processor.py:186} INFO - Started process (PID=674) to work on /opt/airflow/dags/Crawl_ETL_ITJob.py
[2026-04-05T11:36:12.740+0000] {processor.py:914} INFO - Processing file /opt/airflow/dags/Crawl_ETL_ITJob.py for tasks to queue
[2026-04-05T11:36:12.742+0000] {logging_mixin.py:190} INFO - [2026-04-05T11:36:12.742+0000] {dagbag.py:588} INFO - Filling up the DagBag from /opt/airflow/dags/Crawl_ETL_ITJob.py
[2026-04-05T11:36:12.770+0000] {processor.py:925} INFO - DAG(s) 'crawl_etl_itjob' retrieved from /opt/airflow/dags/Crawl_ETL_ITJob.py
[2026-04-05T11:36:12.829+0000] {logging_mixin.py:190} INFO - [2026-04-05T11:36:12.828+0000] {dag.py:3239} INFO - Sync 1 DAGs
[2026-04-05T11:36:12.886+0000] {logging_mixin.py:190} INFO - [2026-04-05T11:36:12.885+0000] {dag.py:4180} INFO - Setting next_dagrun for crawl_etl_itjob to 2026-04-05T02:00:00+00:00, run_after=2026-04-06T02:00:00+00:00
[2026-04-05T11:36:12.961+0000] {processor.py:208} INFO - Processing /opt/airflow/dags/Crawl_ETL_ITJob.py took 0.233 seconds
[2026-04-05T11:36:45.724+0000] {processor.py:186} INFO - Started process (PID=678) to work on /opt/airflow/dags/Crawl_ETL_ITJob.py
[2026-04-05T11:36:45.729+0000] {processor.py:914} INFO - Processing file /opt/airflow/dags/Crawl_ETL_ITJob.py for tasks to queue
[2026-04-05T11:36:45.739+0000] {logging_mixin.py:190} INFO - [2026-04-05T11:36:45.732+0000] {dagbag.py:588} INFO - Filling up the DagBag from /opt/airflow/dags/Crawl_ETL_ITJob.py
[2026-04-05T11:36:45.828+0000] {processor.py:925} INFO - DAG(s) 'crawl_etl_itjob' retrieved from /opt/airflow/dags/Crawl_ETL_ITJob.py
[2026-04-05T11:36:45.899+0000] {logging_mixin.py:190} INFO - [2026-04-05T11:36:45.899+0000] {dag.py:3239} INFO - Sync 1 DAGs
[2026-04-05T11:36:45.956+0000] {logging_mixin.py:190} INFO - [2026-04-05T11:36:45.956+0000] {dag.py:4180} INFO - Setting next_dagrun for crawl_etl_itjob to 2026-04-05T02:00:00+00:00, run_after=2026-04-06T02:00:00+00:00
[2026-04-05T11:36:46.011+0000] {processor.py:208} INFO - Processing /opt/airflow/dags/Crawl_ETL_ITJob.py took 0.304 seconds
[2026-04-05T11:37:18.405+0000] {processor.py:186} INFO - Started process (PID=682) to work on /opt/airflow/dags/Crawl_ETL_ITJob.py
[2026-04-05T11:37:18.406+0000] {processor.py:914} INFO - Processing file /opt/airflow/dags/Crawl_ETL_ITJob.py for tasks to queue
[2026-04-05T11:37:18.407+0000] {logging_mixin.py:190} INFO - [2026-04-05T11:37:18.407+0000] {dagbag.py:588} INFO - Filling up the DagBag from /opt/airflow/dags/Crawl_ETL_ITJob.py
[2026-04-05T11:37:18.436+0000] {processor.py:925} INFO - DAG(s) 'crawl_etl_itjob' retrieved from /opt/airflow/dags/Crawl_ETL_ITJob.py
[2026-04-05T11:37:18.491+0000] {logging_mixin.py:190} INFO - [2026-04-05T11:37:18.491+0000] {dag.py:3239} INFO - Sync 1 DAGs
[2026-04-05T11:37:18.541+0000] {logging_mixin.py:190} INFO - [2026-04-05T11:37:18.541+0000] {dag.py:4180} INFO - Setting next_dagrun for crawl_etl_itjob to 2026-04-05T02:00:00+00:00, run_after=2026-04-06T02:00:00+00:00
[2026-04-05T11:37:18.586+0000] {processor.py:208} INFO - Processing /opt/airflow/dags/Crawl_ETL_ITJob.py took 0.190 seconds
[2026-04-05T11:37:50.967+0000] {processor.py:186} INFO - Started process (PID=686) to work on /opt/airflow/dags/Crawl_ETL_ITJob.py
[2026-04-05T11:37:50.968+0000] {processor.py:914} INFO - Processing file /opt/airflow/dags/Crawl_ETL_ITJob.py for tasks to queue
[2026-04-05T11:37:50.971+0000] {logging_mixin.py:190} INFO - [2026-04-05T11:37:50.970+0000] {dagbag.py:588} INFO - Filling up the DagBag from /opt/airflow/dags/Crawl_ETL_ITJob.py
[2026-04-05T11:37:51.012+0000] {processor.py:925} INFO - DAG(s) 'crawl_etl_itjob' retrieved from /opt/airflow/dags/Crawl_ETL_ITJob.py
[2026-04-05T11:37:51.091+0000] {logging_mixin.py:190} INFO - [2026-04-05T11:37:51.091+0000] {dag.py:3239} INFO - Sync 1 DAGs
[2026-04-05T11:37:51.151+0000] {logging_mixin.py:190} INFO - [2026-04-05T11:37:51.150+0000] {dag.py:4180} INFO - Setting next_dagrun for crawl_etl_itjob to 2026-04-05T02:00:00+00:00, run_after=2026-04-06T02:00:00+00:00
[2026-04-05T11:37:51.205+0000] {processor.py:208} INFO - Processing /opt/airflow/dags/Crawl_ETL_ITJob.py took 0.251 seconds
[2026-04-05T11:38:23.657+0000] {processor.py:186} INFO - Started process (PID=690) to work on /opt/airflow/dags/Crawl_ETL_ITJob.py
[2026-04-05T11:38:23.658+0000] {processor.py:914} INFO - Processing file /opt/airflow/dags/Crawl_ETL_ITJob.py for tasks to queue
[2026-04-05T11:38:23.662+0000] {logging_mixin.py:190} INFO - [2026-04-05T11:38:23.662+0000] {dagbag.py:588} INFO - Filling up the DagBag from /opt/airflow/dags/Crawl_ETL_ITJob.py
[2026-04-05T11:38:23.697+0000] {processor.py:925} INFO - DAG(s) 'crawl_etl_itjob' retrieved from /opt/airflow/dags/Crawl_ETL_ITJob.py
[2026-04-05T11:38:23.762+0000] {logging_mixin.py:190} INFO - [2026-04-05T11:38:23.762+0000] {dag.py:3239} INFO - Sync 1 DAGs
[2026-04-05T11:38:23.819+0000] {logging_mixin.py:190} INFO - [2026-04-05T11:38:23.819+0000] {dag.py:4180} INFO - Setting next_dagrun for crawl_etl_itjob to 2026-04-05T02:00:00+00:00, run_after=2026-04-06T02:00:00+00:00
[2026-04-05T11:38:23.865+0000] {processor.py:208} INFO - Processing /opt/airflow/dags/Crawl_ETL_ITJob.py took 0.216 seconds
[2026-04-05T11:38:56.258+0000] {processor.py:186} INFO - Started process (PID=694) to work on /opt/airflow/dags/Crawl_ETL_ITJob.py
[2026-04-05T11:38:56.262+0000] {processor.py:914} INFO - Processing file /opt/airflow/dags/Crawl_ETL_ITJob.py for tasks to queue
[2026-04-05T11:38:56.265+0000] {logging_mixin.py:190} INFO - [2026-04-05T11:38:56.265+0000] {dagbag.py:588} INFO - Filling up the DagBag from /opt/airflow/dags/Crawl_ETL_ITJob.py
[2026-04-05T11:38:56.300+0000] {processor.py:925} INFO - DAG(s) 'crawl_etl_itjob' retrieved from /opt/airflow/dags/Crawl_ETL_ITJob.py
[2026-04-05T11:38:56.404+0000] {logging_mixin.py:190} INFO - [2026-04-05T11:38:56.403+0000] {dag.py:3239} INFO - Sync 1 DAGs
[2026-04-05T11:38:56.482+0000] {logging_mixin.py:190} INFO - [2026-04-05T11:38:56.482+0000] {dag.py:4180} INFO - Setting next_dagrun for crawl_etl_itjob to 2026-04-05T02:00:00+00:00, run_after=2026-04-06T02:00:00+00:00
[2026-04-05T11:38:56.542+0000] {processor.py:208} INFO - Processing /opt/airflow/dags/Crawl_ETL_ITJob.py took 0.299 seconds
[2026-04-05T11:39:29.130+0000] {processor.py:186} INFO - Started process (PID=698) to work on /opt/airflow/dags/Crawl_ETL_ITJob.py
[2026-04-05T11:39:29.131+0000] {processor.py:914} INFO - Processing file /opt/airflow/dags/Crawl_ETL_ITJob.py for tasks to queue
[2026-04-05T11:39:29.134+0000] {logging_mixin.py:190} INFO - [2026-04-05T11:39:29.134+0000] {dagbag.py:588} INFO - Filling up the DagBag from /opt/airflow/dags/Crawl_ETL_ITJob.py
[2026-04-05T11:39:29.168+0000] {processor.py:925} INFO - DAG(s) 'crawl_etl_itjob' retrieved from /opt/airflow/dags/Crawl_ETL_ITJob.py
[2026-04-05T11:39:29.233+0000] {logging_mixin.py:190} INFO - [2026-04-05T11:39:29.232+0000] {dag.py:3239} INFO - Sync 1 DAGs
[2026-04-05T11:39:29.280+0000] {logging_mixin.py:190} INFO - [2026-04-05T11:39:29.280+0000] {dag.py:4180} INFO - Setting next_dagrun for crawl_etl_itjob to 2026-04-05T02:00:00+00:00, run_after=2026-04-06T02:00:00+00:00
[2026-04-05T11:39:29.327+0000] {processor.py:208} INFO - Processing /opt/airflow/dags/Crawl_ETL_ITJob.py took 0.209 seconds
[2026-04-05T11:40:02.722+0000] {processor.py:186} INFO - Started process (PID=702) to work on /opt/airflow/dags/Crawl_ETL_ITJob.py
[2026-04-05T11:40:02.723+0000] {processor.py:914} INFO - Processing file /opt/airflow/dags/Crawl_ETL_ITJob.py for tasks to queue
[2026-04-05T11:40:02.724+0000] {logging_mixin.py:190} INFO - [2026-04-05T11:40:02.724+0000] {dagbag.py:588} INFO - Filling up the DagBag from /opt/airflow/dags/Crawl_ETL_ITJob.py
[2026-04-05T11:40:02.757+0000] {processor.py:925} INFO - DAG(s) 'crawl_etl_itjob' retrieved from /opt/airflow/dags/Crawl_ETL_ITJob.py
[2026-04-05T11:40:02.815+0000] {logging_mixin.py:190} INFO - [2026-04-05T11:40:02.814+0000] {dag.py:3239} INFO - Sync 1 DAGs
[2026-04-05T11:40:02.857+0000] {logging_mixin.py:190} INFO - [2026-04-05T11:40:02.857+0000] {dag.py:4180} INFO - Setting next_dagrun for crawl_etl_itjob to 2026-04-05T02:00:00+00:00, run_after=2026-04-06T02:00:00+00:00
[2026-04-05T11:40:02.895+0000] {processor.py:208} INFO - Processing /opt/airflow/dags/Crawl_ETL_ITJob.py took 0.185 seconds
[2026-04-05T11:40:34.581+0000] {processor.py:186} INFO - Started process (PID=706) to work on /opt/airflow/dags/Crawl_ETL_ITJob.py
[2026-04-05T11:40:34.581+0000] {processor.py:914} INFO - Processing file /opt/airflow/dags/Crawl_ETL_ITJob.py for tasks to queue
[2026-04-05T11:40:34.583+0000] {logging_mixin.py:190} INFO - [2026-04-05T11:40:34.582+0000] {dagbag.py:588} INFO - Filling up the DagBag from /opt/airflow/dags/Crawl_ETL_ITJob.py
[2026-04-05T11:40:34.605+0000] {processor.py:925} INFO - DAG(s) 'crawl_etl_itjob' retrieved from /opt/airflow/dags/Crawl_ETL_ITJob.py
[2026-04-05T11:40:34.659+0000] {logging_mixin.py:190} INFO - [2026-04-05T11:40:34.659+0000] {dag.py:3239} INFO - Sync 1 DAGs
[2026-04-05T11:40:34.712+0000] {logging_mixin.py:190} INFO - [2026-04-05T11:40:34.712+0000] {dag.py:4180} INFO - Setting next_dagrun for crawl_etl_itjob to 2026-04-05T02:00:00+00:00, run_after=2026-04-06T02:00:00+00:00
[2026-04-05T11:40:34.755+0000] {processor.py:208} INFO - Processing /opt/airflow/dags/Crawl_ETL_ITJob.py took 0.180 seconds
[2026-04-05T11:41:08.078+0000] {processor.py:186} INFO - Started process (PID=710) to work on /opt/airflow/dags/Crawl_ETL_ITJob.py
[2026-04-05T11:41:08.079+0000] {processor.py:914} INFO - Processing file /opt/airflow/dags/Crawl_ETL_ITJob.py for tasks to queue
[2026-04-05T11:41:08.080+0000] {logging_mixin.py:190} INFO - [2026-04-05T11:41:08.080+0000] {dagbag.py:588} INFO - Filling up the DagBag from /opt/airflow/dags/Crawl_ETL_ITJob.py
[2026-04-05T11:41:08.103+0000] {processor.py:925} INFO - DAG(s) 'crawl_etl_itjob' retrieved from /opt/airflow/dags/Crawl_ETL_ITJob.py
[2026-04-05T11:41:08.161+0000] {logging_mixin.py:190} INFO - [2026-04-05T11:41:08.161+0000] {dag.py:3239} INFO - Sync 1 DAGs
[2026-04-05T11:41:08.209+0000] {logging_mixin.py:190} INFO - [2026-04-05T11:41:08.209+0000] {dag.py:4180} INFO - Setting next_dagrun for crawl_etl_itjob to 2026-04-05T02:00:00+00:00, run_after=2026-04-06T02:00:00+00:00
[2026-04-05T11:41:08.248+0000] {processor.py:208} INFO - Processing /opt/airflow/dags/Crawl_ETL_ITJob.py took 0.179 seconds
[2026-04-05T11:41:40.715+0000] {processor.py:186} INFO - Started process (PID=714) to work on /opt/airflow/dags/Crawl_ETL_ITJob.py
[2026-04-05T11:41:40.716+0000] {processor.py:914} INFO - Processing file /opt/airflow/dags/Crawl_ETL_ITJob.py for tasks to queue
[2026-04-05T11:41:40.718+0000] {logging_mixin.py:190} INFO - [2026-04-05T11:41:40.718+0000] {dagbag.py:588} INFO - Filling up the DagBag from /opt/airflow/dags/Crawl_ETL_ITJob.py
[2026-04-05T11:41:40.752+0000] {processor.py:925} INFO - DAG(s) 'crawl_etl_itjob' retrieved from /opt/airflow/dags/Crawl_ETL_ITJob.py
[2026-04-05T11:41:40.813+0000] {logging_mixin.py:190} INFO - [2026-04-05T11:41:40.813+0000] {dag.py:3239} INFO - Sync 1 DAGs
[2026-04-05T11:41:40.868+0000] {logging_mixin.py:190} INFO - [2026-04-05T11:41:40.868+0000] {dag.py:4180} INFO - Setting next_dagrun for crawl_etl_itjob to 2026-04-05T02:00:00+00:00, run_after=2026-04-06T02:00:00+00:00
[2026-04-05T11:41:40.918+0000] {processor.py:208} INFO - Processing /opt/airflow/dags/Crawl_ETL_ITJob.py took 0.216 seconds
[2026-04-05T11:42:13.345+0000] {processor.py:186} INFO - Started process (PID=718) to work on /opt/airflow/dags/Crawl_ETL_ITJob.py
[2026-04-05T11:42:13.345+0000] {processor.py:914} INFO - Processing file /opt/airflow/dags/Crawl_ETL_ITJob.py for tasks to queue
[2026-04-05T11:42:13.347+0000] {logging_mixin.py:190} INFO - [2026-04-05T11:42:13.347+0000] {dagbag.py:588} INFO - Filling up the DagBag from /opt/airflow/dags/Crawl_ETL_ITJob.py
[2026-04-05T11:42:13.379+0000] {processor.py:925} INFO - DAG(s) 'crawl_etl_itjob' retrieved from /opt/airflow/dags/Crawl_ETL_ITJob.py
[2026-04-05T11:42:13.568+0000] {logging_mixin.py:190} INFO - [2026-04-05T11:42:13.567+0000] {dag.py:3239} INFO - Sync 1 DAGs
[2026-04-05T11:42:13.646+0000] {logging_mixin.py:190} INFO - [2026-04-05T11:42:13.646+0000] {dag.py:4180} INFO - Setting next_dagrun for crawl_etl_itjob to 2026-04-05T02:00:00+00:00, run_after=2026-04-06T02:00:00+00:00
[2026-04-05T11:42:13.732+0000] {processor.py:208} INFO - Processing /opt/airflow/dags/Crawl_ETL_ITJob.py took 0.398 seconds
[2026-04-05T11:42:46.238+0000] {processor.py:186} INFO - Started process (PID=722) to work on /opt/airflow/dags/Crawl_ETL_ITJob.py
[2026-04-05T11:42:46.238+0000] {processor.py:914} INFO - Processing file /opt/airflow/dags/Crawl_ETL_ITJob.py for tasks to queue
[2026-04-05T11:42:46.240+0000] {logging_mixin.py:190} INFO - [2026-04-05T11:42:46.240+0000] {dagbag.py:588} INFO - Filling up the DagBag from /opt/airflow/dags/Crawl_ETL_ITJob.py
[2026-04-05T11:42:46.268+0000] {processor.py:925} INFO - DAG(s) 'crawl_etl_itjob' retrieved from /opt/airflow/dags/Crawl_ETL_ITJob.py
[2026-04-05T11:42:46.318+0000] {logging_mixin.py:190} INFO - [2026-04-05T11:42:46.317+0000] {dag.py:3239} INFO - Sync 1 DAGs
[2026-04-05T11:42:46.360+0000] {logging_mixin.py:190} INFO - [2026-04-05T11:42:46.360+0000] {dag.py:4180} INFO - Setting next_dagrun for crawl_etl_itjob to 2026-04-05T02:00:00+00:00, run_after=2026-04-06T02:00:00+00:00
[2026-04-05T11:42:46.420+0000] {processor.py:208} INFO - Processing /opt/airflow/dags/Crawl_ETL_ITJob.py took 0.190 seconds
[2026-04-05T11:43:18.803+0000] {processor.py:186} INFO - Started process (PID=726) to work on /opt/airflow/dags/Crawl_ETL_ITJob.py
[2026-04-05T11:43:18.804+0000] {processor.py:914} INFO - Processing file /opt/airflow/dags/Crawl_ETL_ITJob.py for tasks to queue
[2026-04-05T11:43:18.808+0000] {logging_mixin.py:190} INFO - [2026-04-05T11:43:18.807+0000] {dagbag.py:588} INFO - Filling up the DagBag from /opt/airflow/dags/Crawl_ETL_ITJob.py
[2026-04-05T11:43:18.848+0000] {processor.py:925} INFO - DAG(s) 'crawl_etl_itjob' retrieved from /opt/airflow/dags/Crawl_ETL_ITJob.py
[2026-04-05T11:43:18.910+0000] {logging_mixin.py:190} INFO - [2026-04-05T11:43:18.909+0000] {dag.py:3239} INFO - Sync 1 DAGs
[2026-04-05T11:43:18.951+0000] {logging_mixin.py:190} INFO - [2026-04-05T11:43:18.950+0000] {dag.py:4180} INFO - Setting next_dagrun for crawl_etl_itjob to 2026-04-05T02:00:00+00:00, run_after=2026-04-06T02:00:00+00:00
[2026-04-05T11:43:18.990+0000] {processor.py:208} INFO - Processing /opt/airflow/dags/Crawl_ETL_ITJob.py took 0.200 seconds
[2026-04-05T11:43:52.173+0000] {processor.py:186} INFO - Started process (PID=730) to work on /opt/airflow/dags/Crawl_ETL_ITJob.py
[2026-04-05T11:43:52.174+0000] {processor.py:914} INFO - Processing file /opt/airflow/dags/Crawl_ETL_ITJob.py for tasks to queue
[2026-04-05T11:43:52.177+0000] {logging_mixin.py:190} INFO - [2026-04-05T11:43:52.176+0000] {dagbag.py:588} INFO - Filling up the DagBag from /opt/airflow/dags/Crawl_ETL_ITJob.py
[2026-04-05T11:43:52.206+0000] {processor.py:925} INFO - DAG(s) 'crawl_etl_itjob' retrieved from /opt/airflow/dags/Crawl_ETL_ITJob.py
[2026-04-05T11:43:52.263+0000] {logging_mixin.py:190} INFO - [2026-04-05T11:43:52.262+0000] {dag.py:3239} INFO - Sync 1 DAGs
[2026-04-05T11:43:52.310+0000] {logging_mixin.py:190} INFO - [2026-04-05T11:43:52.310+0000] {dag.py:4180} INFO - Setting next_dagrun for crawl_etl_itjob to 2026-04-05T02:00:00+00:00, run_after=2026-04-06T02:00:00+00:00
[2026-04-05T11:43:52.351+0000] {processor.py:208} INFO - Processing /opt/airflow/dags/Crawl_ETL_ITJob.py took 0.188 seconds
[2026-04-05T11:44:25.053+0000] {processor.py:186} INFO - Started process (PID=734) to work on /opt/airflow/dags/Crawl_ETL_ITJob.py
[2026-04-05T11:44:25.054+0000] {processor.py:914} INFO - Processing file /opt/airflow/dags/Crawl_ETL_ITJob.py for tasks to queue
[2026-04-05T11:44:25.055+0000] {logging_mixin.py:190} INFO - [2026-04-05T11:44:25.055+0000] {dagbag.py:588} INFO - Filling up the DagBag from /opt/airflow/dags/Crawl_ETL_ITJob.py
[2026-04-05T11:44:25.083+0000] {processor.py:925} INFO - DAG(s) 'crawl_etl_itjob' retrieved from /opt/airflow/dags/Crawl_ETL_ITJob.py
[2026-04-05T11:44:25.144+0000] {logging_mixin.py:190} INFO - [2026-04-05T11:44:25.144+0000] {dag.py:3239} INFO - Sync 1 DAGs
[2026-04-05T11:44:25.189+0000] {logging_mixin.py:190} INFO - [2026-04-05T11:44:25.189+0000] {dag.py:4180} INFO - Setting next_dagrun for crawl_etl_itjob to 2026-04-05T02:00:00+00:00, run_after=2026-04-06T02:00:00+00:00
[2026-04-05T11:44:25.230+0000] {processor.py:208} INFO - Processing /opt/airflow/dags/Crawl_ETL_ITJob.py took 0.185 seconds
[2026-04-05T11:44:57.602+0000] {processor.py:186} INFO - Started process (PID=738) to work on /opt/airflow/dags/Crawl_ETL_ITJob.py
[2026-04-05T11:44:57.603+0000] {processor.py:914} INFO - Processing file /opt/airflow/dags/Crawl_ETL_ITJob.py for tasks to queue
[2026-04-05T11:44:57.605+0000] {logging_mixin.py:190} INFO - [2026-04-05T11:44:57.604+0000] {dagbag.py:588} INFO - Filling up the DagBag from /opt/airflow/dags/Crawl_ETL_ITJob.py
[2026-04-05T11:44:57.634+0000] {processor.py:925} INFO - DAG(s) 'crawl_etl_itjob' retrieved from /opt/airflow/dags/Crawl_ETL_ITJob.py
[2026-04-05T11:44:57.694+0000] {logging_mixin.py:190} INFO - [2026-04-05T11:44:57.694+0000] {dag.py:3239} INFO - Sync 1 DAGs
[2026-04-05T11:44:57.743+0000] {logging_mixin.py:190} INFO - [2026-04-05T11:44:57.743+0000] {dag.py:4180} INFO - Setting next_dagrun for crawl_etl_itjob to 2026-04-05T02:00:00+00:00, run_after=2026-04-06T02:00:00+00:00
[2026-04-05T11:44:57.788+0000] {processor.py:208} INFO - Processing /opt/airflow/dags/Crawl_ETL_ITJob.py took 0.198 seconds
[2026-04-05T11:45:30.133+0000] {processor.py:186} INFO - Started process (PID=742) to work on /opt/airflow/dags/Crawl_ETL_ITJob.py
[2026-04-05T11:45:30.134+0000] {processor.py:914} INFO - Processing file /opt/airflow/dags/Crawl_ETL_ITJob.py for tasks to queue
[2026-04-05T11:45:30.136+0000] {logging_mixin.py:190} INFO - [2026-04-05T11:45:30.136+0000] {dagbag.py:588} INFO - Filling up the DagBag from /opt/airflow/dags/Crawl_ETL_ITJob.py
[2026-04-05T11:45:30.165+0000] {processor.py:925} INFO - DAG(s) 'crawl_etl_itjob' retrieved from /opt/airflow/dags/Crawl_ETL_ITJob.py
[2026-04-05T11:45:30.225+0000] {logging_mixin.py:190} INFO - [2026-04-05T11:45:30.225+0000] {dag.py:3239} INFO - Sync 1 DAGs
[2026-04-05T11:45:30.267+0000] {logging_mixin.py:190} INFO - [2026-04-05T11:45:30.267+0000] {dag.py:4180} INFO - Setting next_dagrun for crawl_etl_itjob to 2026-04-05T02:00:00+00:00, run_after=2026-04-06T02:00:00+00:00
[2026-04-05T11:45:30.310+0000] {processor.py:208} INFO - Processing /opt/airflow/dags/Crawl_ETL_ITJob.py took 0.186 seconds
[2026-04-05T11:46:02.838+0000] {processor.py:186} INFO - Started process (PID=746) to work on /opt/airflow/dags/Crawl_ETL_ITJob.py
[2026-04-05T11:46:02.839+0000] {processor.py:914} INFO - Processing file /opt/airflow/dags/Crawl_ETL_ITJob.py for tasks to queue
[2026-04-05T11:46:02.841+0000] {logging_mixin.py:190} INFO - [2026-04-05T11:46:02.840+0000] {dagbag.py:588} INFO - Filling up the DagBag from /opt/airflow/dags/Crawl_ETL_ITJob.py
[2026-04-05T11:46:02.867+0000] {processor.py:925} INFO - DAG(s) 'crawl_etl_itjob' retrieved from /opt/airflow/dags/Crawl_ETL_ITJob.py
[2026-04-05T11:46:02.926+0000] {logging_mixin.py:190} INFO - [2026-04-05T11:46:02.925+0000] {dag.py:3239} INFO - Sync 1 DAGs
[2026-04-05T11:46:02.969+0000] {logging_mixin.py:190} INFO - [2026-04-05T11:46:02.969+0000] {dag.py:4180} INFO - Setting next_dagrun for crawl_etl_itjob to 2026-04-05T02:00:00+00:00, run_after=2026-04-06T02:00:00+00:00
[2026-04-05T11:46:03.003+0000] {processor.py:208} INFO - Processing /opt/airflow/dags/Crawl_ETL_ITJob.py took 0.177 seconds
[2026-04-05T11:46:35.841+0000] {processor.py:186} INFO - Started process (PID=750) to work on /opt/airflow/dags/Crawl_ETL_ITJob.py
[2026-04-05T11:46:35.842+0000] {processor.py:914} INFO - Processing file /opt/airflow/dags/Crawl_ETL_ITJob.py for tasks to queue
[2026-04-05T11:46:35.844+0000] {logging_mixin.py:190} INFO - [2026-04-05T11:46:35.843+0000] {dagbag.py:588} INFO - Filling up the DagBag from /opt/airflow/dags/Crawl_ETL_ITJob.py
[2026-04-05T11:46:35.869+0000] {processor.py:925} INFO - DAG(s) 'crawl_etl_itjob' retrieved from /opt/airflow/dags/Crawl_ETL_ITJob.py
[2026-04-05T11:46:35.926+0000] {logging_mixin.py:190} INFO - [2026-04-05T11:46:35.926+0000] {dag.py:3239} INFO - Sync 1 DAGs
[2026-04-05T11:46:35.974+0000] {logging_mixin.py:190} INFO - [2026-04-05T11:46:35.974+0000] {dag.py:4180} INFO - Setting next_dagrun for crawl_etl_itjob to 2026-04-05T02:00:00+00:00, run_after=2026-04-06T02:00:00+00:00
[2026-04-05T11:46:36.036+0000] {processor.py:208} INFO - Processing /opt/airflow/dags/Crawl_ETL_ITJob.py took 0.203 seconds
[2026-04-05T11:47:08.450+0000] {processor.py:186} INFO - Started process (PID=754) to work on /opt/airflow/dags/Crawl_ETL_ITJob.py
[2026-04-05T11:47:08.451+0000] {processor.py:914} INFO - Processing file /opt/airflow/dags/Crawl_ETL_ITJob.py for tasks to queue
[2026-04-05T11:47:08.454+0000] {logging_mixin.py:190} INFO - [2026-04-05T11:47:08.453+0000] {dagbag.py:588} INFO - Filling up the DagBag from /opt/airflow/dags/Crawl_ETL_ITJob.py
[2026-04-05T11:47:08.480+0000] {processor.py:925} INFO - DAG(s) 'crawl_etl_itjob' retrieved from /opt/airflow/dags/Crawl_ETL_ITJob.py
[2026-04-05T11:47:08.537+0000] {logging_mixin.py:190} INFO - [2026-04-05T11:47:08.537+0000] {dag.py:3239} INFO - Sync 1 DAGs
[2026-04-05T11:47:08.582+0000] {logging_mixin.py:190} INFO - [2026-04-05T11:47:08.582+0000] {dag.py:4180} INFO - Setting next_dagrun for crawl_etl_itjob to 2026-04-05T02:00:00+00:00, run_after=2026-04-06T02:00:00+00:00
[2026-04-05T11:47:08.622+0000] {processor.py:208} INFO - Processing /opt/airflow/dags/Crawl_ETL_ITJob.py took 0.182 seconds
[2026-04-05T11:47:41.303+0000] {processor.py:186} INFO - Started process (PID=758) to work on /opt/airflow/dags/Crawl_ETL_ITJob.py
[2026-04-05T11:47:41.303+0000] {processor.py:914} INFO - Processing file /opt/airflow/dags/Crawl_ETL_ITJob.py for tasks to queue
[2026-04-05T11:47:41.306+0000] {logging_mixin.py:190} INFO - [2026-04-05T11:47:41.305+0000] {dagbag.py:588} INFO - Filling up the DagBag from /opt/airflow/dags/Crawl_ETL_ITJob.py
[2026-04-05T11:47:41.335+0000] {processor.py:925} INFO - DAG(s) 'crawl_etl_itjob' retrieved from /opt/airflow/dags/Crawl_ETL_ITJob.py
[2026-04-05T11:47:41.414+0000] {logging_mixin.py:190} INFO - [2026-04-05T11:47:41.413+0000] {dag.py:3239} INFO - Sync 1 DAGs
[2026-04-05T11:47:41.479+0000] {logging_mixin.py:190} INFO - [2026-04-05T11:47:41.478+0000] {dag.py:4180} INFO - Setting next_dagrun for crawl_etl_itjob to 2026-04-05T02:00:00+00:00, run_after=2026-04-06T02:00:00+00:00
[2026-04-05T11:47:41.521+0000] {processor.py:208} INFO - Processing /opt/airflow/dags/Crawl_ETL_ITJob.py took 0.226 seconds
[2026-04-05T11:48:14.066+0000] {processor.py:186} INFO - Started process (PID=762) to work on /opt/airflow/dags/Crawl_ETL_ITJob.py
[2026-04-05T11:48:14.067+0000] {processor.py:914} INFO - Processing file /opt/airflow/dags/Crawl_ETL_ITJob.py for tasks to queue
[2026-04-05T11:48:14.071+0000] {logging_mixin.py:190} INFO - [2026-04-05T11:48:14.070+0000] {dagbag.py:588} INFO - Filling up the DagBag from /opt/airflow/dags/Crawl_ETL_ITJob.py
[2026-04-05T11:48:14.134+0000] {processor.py:925} INFO - DAG(s) 'crawl_etl_itjob' retrieved from /opt/airflow/dags/Crawl_ETL_ITJob.py
[2026-04-05T11:48:14.263+0000] {logging_mixin.py:190} INFO - [2026-04-05T11:48:14.262+0000] {dag.py:3239} INFO - Sync 1 DAGs
[2026-04-05T11:48:14.325+0000] {logging_mixin.py:190} INFO - [2026-04-05T11:48:14.325+0000] {dag.py:4180} INFO - Setting next_dagrun for crawl_etl_itjob to 2026-04-05T02:00:00+00:00, run_after=2026-04-06T02:00:00+00:00
[2026-04-05T11:48:14.384+0000] {processor.py:208} INFO - Processing /opt/airflow/dags/Crawl_ETL_ITJob.py took 0.332 seconds
[2026-04-05T11:48:46.779+0000] {processor.py:186} INFO - Started process (PID=766) to work on /opt/airflow/dags/Crawl_ETL_ITJob.py
[2026-04-05T11:48:46.781+0000] {processor.py:914} INFO - Processing file /opt/airflow/dags/Crawl_ETL_ITJob.py for tasks to queue
[2026-04-05T11:48:46.784+0000] {logging_mixin.py:190} INFO - [2026-04-05T11:48:46.784+0000] {dagbag.py:588} INFO - Filling up the DagBag from /opt/airflow/dags/Crawl_ETL_ITJob.py
[2026-04-05T11:48:46.816+0000] {processor.py:925} INFO - DAG(s) 'crawl_etl_itjob' retrieved from /opt/airflow/dags/Crawl_ETL_ITJob.py
[2026-04-05T11:48:46.887+0000] {logging_mixin.py:190} INFO - [2026-04-05T11:48:46.887+0000] {dag.py:3239} INFO - Sync 1 DAGs
[2026-04-05T11:48:46.946+0000] {logging_mixin.py:190} INFO - [2026-04-05T11:48:46.945+0000] {dag.py:4180} INFO - Setting next_dagrun for crawl_etl_itjob to 2026-04-05T02:00:00+00:00, run_after=2026-04-06T02:00:00+00:00
[2026-04-05T11:48:46.996+0000] {processor.py:208} INFO - Processing /opt/airflow/dags/Crawl_ETL_ITJob.py took 0.229 seconds
[2026-04-05T11:49:20.779+0000] {processor.py:186} INFO - Started process (PID=770) to work on /opt/airflow/dags/Crawl_ETL_ITJob.py
[2026-04-05T11:49:20.779+0000] {processor.py:914} INFO - Processing file /opt/airflow/dags/Crawl_ETL_ITJob.py for tasks to queue
[2026-04-05T11:49:20.781+0000] {logging_mixin.py:190} INFO - [2026-04-05T11:49:20.781+0000] {dagbag.py:588} INFO - Filling up the DagBag from /opt/airflow/dags/Crawl_ETL_ITJob.py
[2026-04-05T11:49:20.806+0000] {processor.py:925} INFO - DAG(s) 'crawl_etl_itjob' retrieved from /opt/airflow/dags/Crawl_ETL_ITJob.py
[2026-04-05T11:49:20.859+0000] {logging_mixin.py:190} INFO - [2026-04-05T11:49:20.859+0000] {dag.py:3239} INFO - Sync 1 DAGs
[2026-04-05T11:49:20.903+0000] {logging_mixin.py:190} INFO - [2026-04-05T11:49:20.903+0000] {dag.py:4180} INFO - Setting next_dagrun for crawl_etl_itjob to 2026-04-05T02:00:00+00:00, run_after=2026-04-06T02:00:00+00:00
[2026-04-05T11:49:20.941+0000] {processor.py:208} INFO - Processing /opt/airflow/dags/Crawl_ETL_ITJob.py took 0.172 seconds
[2026-04-05T11:49:52.258+0000] {processor.py:186} INFO - Started process (PID=774) to work on /opt/airflow/dags/Crawl_ETL_ITJob.py
[2026-04-05T11:49:52.259+0000] {processor.py:914} INFO - Processing file /opt/airflow/dags/Crawl_ETL_ITJob.py for tasks to queue
[2026-04-05T11:49:52.260+0000] {logging_mixin.py:190} INFO - [2026-04-05T11:49:52.260+0000] {dagbag.py:588} INFO - Filling up the DagBag from /opt/airflow/dags/Crawl_ETL_ITJob.py
[2026-04-05T11:49:52.283+0000] {processor.py:925} INFO - DAG(s) 'crawl_etl_itjob' retrieved from /opt/airflow/dags/Crawl_ETL_ITJob.py
[2026-04-05T11:49:52.347+0000] {logging_mixin.py:190} INFO - [2026-04-05T11:49:52.346+0000] {dag.py:3239} INFO - Sync 1 DAGs
[2026-04-05T11:49:52.397+0000] {logging_mixin.py:190} INFO - [2026-04-05T11:49:52.397+0000] {dag.py:4180} INFO - Setting next_dagrun for crawl_etl_itjob to 2026-04-05T02:00:00+00:00, run_after=2026-04-06T02:00:00+00:00
[2026-04-05T11:49:52.446+0000] {processor.py:208} INFO - Processing /opt/airflow/dags/Crawl_ETL_ITJob.py took 0.196 seconds
[2026-04-05T11:50:25.092+0000] {processor.py:186} INFO - Started process (PID=778) to work on /opt/airflow/dags/Crawl_ETL_ITJob.py
[2026-04-05T11:50:25.093+0000] {processor.py:914} INFO - Processing file /opt/airflow/dags/Crawl_ETL_ITJob.py for tasks to queue
[2026-04-05T11:50:25.096+0000] {logging_mixin.py:190} INFO - [2026-04-05T11:50:25.096+0000] {dagbag.py:588} INFO - Filling up the DagBag from /opt/airflow/dags/Crawl_ETL_ITJob.py
[2026-04-05T11:50:25.121+0000] {processor.py:925} INFO - DAG(s) 'crawl_etl_itjob' retrieved from /opt/airflow/dags/Crawl_ETL_ITJob.py
[2026-04-05T11:50:25.178+0000] {logging_mixin.py:190} INFO - [2026-04-05T11:50:25.178+0000] {dag.py:3239} INFO - Sync 1 DAGs
[2026-04-05T11:50:25.219+0000] {logging_mixin.py:190} INFO - [2026-04-05T11:50:25.219+0000] {dag.py:4180} INFO - Setting next_dagrun for crawl_etl_itjob to 2026-04-05T02:00:00+00:00, run_after=2026-04-06T02:00:00+00:00
[2026-04-05T11:50:25.259+0000] {processor.py:208} INFO - Processing /opt/airflow/dags/Crawl_ETL_ITJob.py took 0.175 seconds
[2026-04-05T11:50:58.472+0000] {processor.py:186} INFO - Started process (PID=782) to work on /opt/airflow/dags/Crawl_ETL_ITJob.py
[2026-04-05T11:50:58.472+0000] {processor.py:914} INFO - Processing file /opt/airflow/dags/Crawl_ETL_ITJob.py for tasks to queue
[2026-04-05T11:50:58.474+0000] {logging_mixin.py:190} INFO - [2026-04-05T11:50:58.474+0000] {dagbag.py:588} INFO - Filling up the DagBag from /opt/airflow/dags/Crawl_ETL_ITJob.py
[2026-04-05T11:50:58.498+0000] {processor.py:925} INFO - DAG(s) 'crawl_etl_itjob' retrieved from /opt/airflow/dags/Crawl_ETL_ITJob.py
[2026-04-05T11:50:58.581+0000] {logging_mixin.py:190} INFO - [2026-04-05T11:50:58.581+0000] {dag.py:3239} INFO - Sync 1 DAGs
[2026-04-05T11:50:58.649+0000] {logging_mixin.py:190} INFO - [2026-04-05T11:50:58.648+0000] {dag.py:4180} INFO - Setting next_dagrun for crawl_etl_itjob to 2026-04-05T02:00:00+00:00, run_after=2026-04-06T02:00:00+00:00
[2026-04-05T11:50:58.706+0000] {processor.py:208} INFO - Processing /opt/airflow/dags/Crawl_ETL_ITJob.py took 0.244 seconds
[2026-04-05T11:51:31.405+0000] {processor.py:186} INFO - Started process (PID=786) to work on /opt/airflow/dags/Crawl_ETL_ITJob.py
[2026-04-05T11:51:31.406+0000] {processor.py:914} INFO - Processing file /opt/airflow/dags/Crawl_ETL_ITJob.py for tasks to queue
[2026-04-05T11:51:31.408+0000] {logging_mixin.py:190} INFO - [2026-04-05T11:51:31.407+0000] {dagbag.py:588} INFO - Filling up the DagBag from /opt/airflow/dags/Crawl_ETL_ITJob.py
[2026-04-05T11:51:31.433+0000] {processor.py:925} INFO - DAG(s) 'crawl_etl_itjob' retrieved from /opt/airflow/dags/Crawl_ETL_ITJob.py
[2026-04-05T11:51:31.491+0000] {logging_mixin.py:190} INFO - [2026-04-05T11:51:31.491+0000] {dag.py:3239} INFO - Sync 1 DAGs
[2026-04-05T11:51:31.533+0000] {logging_mixin.py:190} INFO - [2026-04-05T11:51:31.532+0000] {dag.py:4180} INFO - Setting next_dagrun for crawl_etl_itjob to 2026-04-05T02:00:00+00:00, run_after=2026-04-06T02:00:00+00:00
[2026-04-05T11:51:31.574+0000] {processor.py:208} INFO - Processing /opt/airflow/dags/Crawl_ETL_ITJob.py took 0.179 seconds
[2026-04-05T11:52:04.222+0000] {processor.py:186} INFO - Started process (PID=790) to work on /opt/airflow/dags/Crawl_ETL_ITJob.py
[2026-04-05T11:52:04.224+0000] {processor.py:914} INFO - Processing file /opt/airflow/dags/Crawl_ETL_ITJob.py for tasks to queue
[2026-04-05T11:52:04.228+0000] {logging_mixin.py:190} INFO - [2026-04-05T11:52:04.228+0000] {dagbag.py:588} INFO - Filling up the DagBag from /opt/airflow/dags/Crawl_ETL_ITJob.py
[2026-04-05T11:52:04.289+0000] {processor.py:925} INFO - DAG(s) 'crawl_etl_itjob' retrieved from /opt/airflow/dags/Crawl_ETL_ITJob.py
[2026-04-05T11:52:04.387+0000] {logging_mixin.py:190} INFO - [2026-04-05T11:52:04.386+0000] {dag.py:3239} INFO - Sync 1 DAGs
[2026-04-05T11:52:04.469+0000] {logging_mixin.py:190} INFO - [2026-04-05T11:52:04.469+0000] {dag.py:4180} INFO - Setting next_dagrun for crawl_etl_itjob to 2026-04-05T02:00:00+00:00, run_after=2026-04-06T02:00:00+00:00
[2026-04-05T11:52:04.535+0000] {processor.py:208} INFO - Processing /opt/airflow/dags/Crawl_ETL_ITJob.py took 0.330 seconds
[2026-04-05T11:52:37.024+0000] {processor.py:186} INFO - Started process (PID=794) to work on /opt/airflow/dags/Crawl_ETL_ITJob.py
[2026-04-05T11:52:37.025+0000] {processor.py:914} INFO - Processing file /opt/airflow/dags/Crawl_ETL_ITJob.py for tasks to queue
[2026-04-05T11:52:37.027+0000] {logging_mixin.py:190} INFO - [2026-04-05T11:52:37.027+0000] {dagbag.py:588} INFO - Filling up the DagBag from /opt/airflow/dags/Crawl_ETL_ITJob.py
[2026-04-05T11:52:37.057+0000] {processor.py:925} INFO - DAG(s) 'crawl_etl_itjob' retrieved from /opt/airflow/dags/Crawl_ETL_ITJob.py
[2026-04-05T11:52:37.118+0000] {logging_mixin.py:190} INFO - [2026-04-05T11:52:37.118+0000] {dag.py:3239} INFO - Sync 1 DAGs
[2026-04-05T11:52:37.177+0000] {logging_mixin.py:190} INFO - [2026-04-05T11:52:37.177+0000] {dag.py:4180} INFO - Setting next_dagrun for crawl_etl_itjob to 2026-04-05T02:00:00+00:00, run_after=2026-04-06T02:00:00+00:00
[2026-04-05T11:52:37.224+0000] {processor.py:208} INFO - Processing /opt/airflow/dags/Crawl_ETL_ITJob.py took 0.209 seconds
[2026-04-05T11:53:09.712+0000] {processor.py:186} INFO - Started process (PID=798) to work on /opt/airflow/dags/Crawl_ETL_ITJob.py
[2026-04-05T11:53:09.713+0000] {processor.py:914} INFO - Processing file /opt/airflow/dags/Crawl_ETL_ITJob.py for tasks to queue
[2026-04-05T11:53:09.715+0000] {logging_mixin.py:190} INFO - [2026-04-05T11:53:09.715+0000] {dagbag.py:588} INFO - Filling up the DagBag from /opt/airflow/dags/Crawl_ETL_ITJob.py
[2026-04-05T11:53:09.755+0000] {processor.py:925} INFO - DAG(s) 'crawl_etl_itjob' retrieved from /opt/airflow/dags/Crawl_ETL_ITJob.py
[2026-04-05T11:53:09.886+0000] {logging_mixin.py:190} INFO - [2026-04-05T11:53:09.885+0000] {dag.py:3239} INFO - Sync 1 DAGs
[2026-04-05T11:53:09.941+0000] {logging_mixin.py:190} INFO - [2026-04-05T11:53:09.940+0000] {dag.py:4180} INFO - Setting next_dagrun for crawl_etl_itjob to 2026-04-05T02:00:00+00:00, run_after=2026-04-06T02:00:00+00:00
[2026-04-05T11:53:09.986+0000] {processor.py:208} INFO - Processing /opt/airflow/dags/Crawl_ETL_ITJob.py took 0.287 seconds
[2026-04-05T11:53:42.502+0000] {processor.py:186} INFO - Started process (PID=802) to work on /opt/airflow/dags/Crawl_ETL_ITJob.py
[2026-04-05T11:53:42.503+0000] {processor.py:914} INFO - Processing file /opt/airflow/dags/Crawl_ETL_ITJob.py for tasks to queue
[2026-04-05T11:53:42.505+0000] {logging_mixin.py:190} INFO - [2026-04-05T11:53:42.505+0000] {dagbag.py:588} INFO - Filling up the DagBag from /opt/airflow/dags/Crawl_ETL_ITJob.py
[2026-04-05T11:53:42.531+0000] {processor.py:925} INFO - DAG(s) 'crawl_etl_itjob' retrieved from /opt/airflow/dags/Crawl_ETL_ITJob.py
[2026-04-05T11:53:42.615+0000] {logging_mixin.py:190} INFO - [2026-04-05T11:53:42.615+0000] {dag.py:3239} INFO - Sync 1 DAGs
[2026-04-05T11:53:42.666+0000] {logging_mixin.py:190} INFO - [2026-04-05T11:53:42.666+0000] {dag.py:4180} INFO - Setting next_dagrun for crawl_etl_itjob to 2026-04-05T02:00:00+00:00, run_after=2026-04-06T02:00:00+00:00
[2026-04-05T11:53:42.719+0000] {processor.py:208} INFO - Processing /opt/airflow/dags/Crawl_ETL_ITJob.py took 0.230 seconds
[2026-04-05T11:54:15.111+0000] {processor.py:186} INFO - Started process (PID=806) to work on /opt/airflow/dags/Crawl_ETL_ITJob.py
[2026-04-05T11:54:15.116+0000] {processor.py:914} INFO - Processing file /opt/airflow/dags/Crawl_ETL_ITJob.py for tasks to queue
[2026-04-05T11:54:15.117+0000] {logging_mixin.py:190} INFO - [2026-04-05T11:54:15.117+0000] {dagbag.py:588} INFO - Filling up the DagBag from /opt/airflow/dags/Crawl_ETL_ITJob.py
[2026-04-05T11:54:15.139+0000] {processor.py:925} INFO - DAG(s) 'crawl_etl_itjob' retrieved from /opt/airflow/dags/Crawl_ETL_ITJob.py
[2026-04-05T11:54:15.183+0000] {logging_mixin.py:190} INFO - [2026-04-05T11:54:15.182+0000] {dag.py:3239} INFO - Sync 1 DAGs
[2026-04-05T11:54:15.221+0000] {logging_mixin.py:190} INFO - [2026-04-05T11:54:15.221+0000] {dag.py:4180} INFO - Setting next_dagrun for crawl_etl_itjob to 2026-04-05T02:00:00+00:00, run_after=2026-04-06T02:00:00+00:00
[2026-04-05T11:54:15.271+0000] {processor.py:208} INFO - Processing /opt/airflow/dags/Crawl_ETL_ITJob.py took 0.167 seconds
[2026-04-05T11:54:47.733+0000] {processor.py:186} INFO - Started process (PID=810) to work on /opt/airflow/dags/Crawl_ETL_ITJob.py
[2026-04-05T11:54:47.734+0000] {processor.py:914} INFO - Processing file /opt/airflow/dags/Crawl_ETL_ITJob.py for tasks to queue
[2026-04-05T11:54:47.735+0000] {logging_mixin.py:190} INFO - [2026-04-05T11:54:47.735+0000] {dagbag.py:588} INFO - Filling up the DagBag from /opt/airflow/dags/Crawl_ETL_ITJob.py
[2026-04-05T11:54:47.757+0000] {processor.py:925} INFO - DAG(s) 'crawl_etl_itjob' retrieved from /opt/airflow/dags/Crawl_ETL_ITJob.py
[2026-04-05T11:54:47.813+0000] {logging_mixin.py:190} INFO - [2026-04-05T11:54:47.812+0000] {dag.py:3239} INFO - Sync 1 DAGs
[2026-04-05T11:54:47.861+0000] {logging_mixin.py:190} INFO - [2026-04-05T11:54:47.861+0000] {dag.py:4180} INFO - Setting next_dagrun for crawl_etl_itjob to 2026-04-05T02:00:00+00:00, run_after=2026-04-06T02:00:00+00:00
[2026-04-05T11:54:47.900+0000] {processor.py:208} INFO - Processing /opt/airflow/dags/Crawl_ETL_ITJob.py took 0.177 seconds
[2026-04-05T11:55:21.201+0000] {processor.py:186} INFO - Started process (PID=814) to work on /opt/airflow/dags/Crawl_ETL_ITJob.py
[2026-04-05T11:55:21.201+0000] {processor.py:914} INFO - Processing file /opt/airflow/dags/Crawl_ETL_ITJob.py for tasks to queue
[2026-04-05T11:55:21.203+0000] {logging_mixin.py:190} INFO - [2026-04-05T11:55:21.202+0000] {dagbag.py:588} INFO - Filling up the DagBag from /opt/airflow/dags/Crawl_ETL_ITJob.py
[2026-04-05T11:55:21.228+0000] {processor.py:925} INFO - DAG(s) 'crawl_etl_itjob' retrieved from /opt/airflow/dags/Crawl_ETL_ITJob.py
[2026-04-05T11:55:21.280+0000] {logging_mixin.py:190} INFO - [2026-04-05T11:55:21.280+0000] {dag.py:3239} INFO - Sync 1 DAGs
[2026-04-05T11:55:21.323+0000] {logging_mixin.py:190} INFO - [2026-04-05T11:55:21.323+0000] {dag.py:4180} INFO - Setting next_dagrun for crawl_etl_itjob to 2026-04-05T02:00:00+00:00, run_after=2026-04-06T02:00:00+00:00
[2026-04-05T11:55:21.367+0000] {processor.py:208} INFO - Processing /opt/airflow/dags/Crawl_ETL_ITJob.py took 0.174 seconds
[2026-04-05T11:55:53.203+0000] {processor.py:186} INFO - Started process (PID=818) to work on /opt/airflow/dags/Crawl_ETL_ITJob.py
[2026-04-05T11:55:53.204+0000] {processor.py:914} INFO - Processing file /opt/airflow/dags/Crawl_ETL_ITJob.py for tasks to queue
[2026-04-05T11:55:53.206+0000] {logging_mixin.py:190} INFO - [2026-04-05T11:55:53.206+0000] {dagbag.py:588} INFO - Filling up the DagBag from /opt/airflow/dags/Crawl_ETL_ITJob.py
[2026-04-05T11:55:53.244+0000] {processor.py:925} INFO - DAG(s) 'crawl_etl_itjob' retrieved from /opt/airflow/dags/Crawl_ETL_ITJob.py
[2026-04-05T11:55:53.329+0000] {logging_mixin.py:190} INFO - [2026-04-05T11:55:53.329+0000] {dag.py:3239} INFO - Sync 1 DAGs
[2026-04-05T11:55:53.394+0000] {logging_mixin.py:190} INFO - [2026-04-05T11:55:53.394+0000] {dag.py:4180} INFO - Setting next_dagrun for crawl_etl_itjob to 2026-04-05T02:00:00+00:00, run_after=2026-04-06T02:00:00+00:00
[2026-04-05T11:55:53.448+0000] {processor.py:208} INFO - Processing /opt/airflow/dags/Crawl_ETL_ITJob.py took 0.256 seconds
[2026-04-05T11:56:26.031+0000] {processor.py:186} INFO - Started process (PID=822) to work on /opt/airflow/dags/Crawl_ETL_ITJob.py
[2026-04-05T11:56:26.032+0000] {processor.py:914} INFO - Processing file /opt/airflow/dags/Crawl_ETL_ITJob.py for tasks to queue
[2026-04-05T11:56:26.034+0000] {logging_mixin.py:190} INFO - [2026-04-05T11:56:26.034+0000] {dagbag.py:588} INFO - Filling up the DagBag from /opt/airflow/dags/Crawl_ETL_ITJob.py
[2026-04-05T11:56:26.062+0000] {processor.py:925} INFO - DAG(s) 'crawl_etl_itjob' retrieved from /opt/airflow/dags/Crawl_ETL_ITJob.py
[2026-04-05T11:56:26.111+0000] {logging_mixin.py:190} INFO - [2026-04-05T11:56:26.111+0000] {dag.py:3239} INFO - Sync 1 DAGs
[2026-04-05T11:56:26.156+0000] {logging_mixin.py:190} INFO - [2026-04-05T11:56:26.156+0000] {dag.py:4180} INFO - Setting next_dagrun for crawl_etl_itjob to 2026-04-05T02:00:00+00:00, run_after=2026-04-06T02:00:00+00:00
[2026-04-05T11:56:26.195+0000] {processor.py:208} INFO - Processing /opt/airflow/dags/Crawl_ETL_ITJob.py took 0.172 seconds
[2026-04-05T11:56:58.782+0000] {processor.py:186} INFO - Started process (PID=826) to work on /opt/airflow/dags/Crawl_ETL_ITJob.py
[2026-04-05T11:56:58.783+0000] {processor.py:914} INFO - Processing file /opt/airflow/dags/Crawl_ETL_ITJob.py for tasks to queue
[2026-04-05T11:56:58.785+0000] {logging_mixin.py:190} INFO - [2026-04-05T11:56:58.785+0000] {dagbag.py:588} INFO - Filling up the DagBag from /opt/airflow/dags/Crawl_ETL_ITJob.py
[2026-04-05T11:56:58.808+0000] {processor.py:925} INFO - DAG(s) 'crawl_etl_itjob' retrieved from /opt/airflow/dags/Crawl_ETL_ITJob.py
[2026-04-05T11:56:58.853+0000] {logging_mixin.py:190} INFO - [2026-04-05T11:56:58.852+0000] {dag.py:3239} INFO - Sync 1 DAGs
[2026-04-05T11:56:58.891+0000] {logging_mixin.py:190} INFO - [2026-04-05T11:56:58.891+0000] {dag.py:4180} INFO - Setting next_dagrun for crawl_etl_itjob to 2026-04-05T02:00:00+00:00, run_after=2026-04-06T02:00:00+00:00
[2026-04-05T11:56:58.930+0000] {processor.py:208} INFO - Processing /opt/airflow/dags/Crawl_ETL_ITJob.py took 0.155 seconds
[2026-04-05T11:57:32.246+0000] {processor.py:186} INFO - Started process (PID=830) to work on /opt/airflow/dags/Crawl_ETL_ITJob.py
[2026-04-05T11:57:32.247+0000] {processor.py:914} INFO - Processing file /opt/airflow/dags/Crawl_ETL_ITJob.py for tasks to queue
[2026-04-05T11:57:32.248+0000] {logging_mixin.py:190} INFO - [2026-04-05T11:57:32.248+0000] {dagbag.py:588} INFO - Filling up the DagBag from /opt/airflow/dags/Crawl_ETL_ITJob.py
[2026-04-05T11:57:32.275+0000] {processor.py:925} INFO - DAG(s) 'crawl_etl_itjob' retrieved from /opt/airflow/dags/Crawl_ETL_ITJob.py
[2026-04-05T11:57:32.329+0000] {logging_mixin.py:190} INFO - [2026-04-05T11:57:32.329+0000] {dag.py:3239} INFO - Sync 1 DAGs
[2026-04-05T11:57:32.375+0000] {logging_mixin.py:190} INFO - [2026-04-05T11:57:32.375+0000] {dag.py:4180} INFO - Setting next_dagrun for crawl_etl_itjob to 2026-04-05T02:00:00+00:00, run_after=2026-04-06T02:00:00+00:00
[2026-04-05T11:57:32.424+0000] {processor.py:208} INFO - Processing /opt/airflow/dags/Crawl_ETL_ITJob.py took 0.184 seconds
[2026-04-05T11:58:04.524+0000] {processor.py:186} INFO - Started process (PID=834) to work on /opt/airflow/dags/Crawl_ETL_ITJob.py
[2026-04-05T11:58:04.525+0000] {processor.py:914} INFO - Processing file /opt/airflow/dags/Crawl_ETL_ITJob.py for tasks to queue
[2026-04-05T11:58:04.528+0000] {logging_mixin.py:190} INFO - [2026-04-05T11:58:04.528+0000] {dagbag.py:588} INFO - Filling up the DagBag from /opt/airflow/dags/Crawl_ETL_ITJob.py
[2026-04-05T11:58:04.576+0000] {processor.py:925} INFO - DAG(s) 'crawl_etl_itjob' retrieved from /opt/airflow/dags/Crawl_ETL_ITJob.py
[2026-04-05T11:58:04.681+0000] {logging_mixin.py:190} INFO - [2026-04-05T11:58:04.680+0000] {dag.py:3239} INFO - Sync 1 DAGs
[2026-04-05T11:58:04.735+0000] {logging_mixin.py:190} INFO - [2026-04-05T11:58:04.734+0000] {dag.py:4180} INFO - Setting next_dagrun for crawl_etl_itjob to 2026-04-05T02:00:00+00:00, run_after=2026-04-06T02:00:00+00:00
[2026-04-05T11:58:04.780+0000] {processor.py:208} INFO - Processing /opt/airflow/dags/Crawl_ETL_ITJob.py took 0.271 seconds
[2026-04-05T11:58:37.111+0000] {processor.py:186} INFO - Started process (PID=838) to work on /opt/airflow/dags/Crawl_ETL_ITJob.py
[2026-04-05T11:58:37.112+0000] {processor.py:914} INFO - Processing file /opt/airflow/dags/Crawl_ETL_ITJob.py for tasks to queue
[2026-04-05T11:58:37.115+0000] {logging_mixin.py:190} INFO - [2026-04-05T11:58:37.115+0000] {dagbag.py:588} INFO - Filling up the DagBag from /opt/airflow/dags/Crawl_ETL_ITJob.py
[2026-04-05T11:58:37.143+0000] {processor.py:925} INFO - DAG(s) 'crawl_etl_itjob' retrieved from /opt/airflow/dags/Crawl_ETL_ITJob.py
[2026-04-05T11:58:37.197+0000] {logging_mixin.py:190} INFO - [2026-04-05T11:58:37.196+0000] {dag.py:3239} INFO - Sync 1 DAGs
[2026-04-05T11:58:37.259+0000] {logging_mixin.py:190} INFO - [2026-04-05T11:58:37.259+0000] {dag.py:4180} INFO - Setting next_dagrun for crawl_etl_itjob to 2026-04-05T02:00:00+00:00, run_after=2026-04-06T02:00:00+00:00
[2026-04-05T11:58:37.310+0000] {processor.py:208} INFO - Processing /opt/airflow/dags/Crawl_ETL_ITJob.py took 0.209 seconds
[2026-04-05T11:59:10.850+0000] {processor.py:186} INFO - Started process (PID=842) to work on /opt/airflow/dags/Crawl_ETL_ITJob.py
[2026-04-05T11:59:10.851+0000] {processor.py:914} INFO - Processing file /opt/airflow/dags/Crawl_ETL_ITJob.py for tasks to queue
[2026-04-05T11:59:10.853+0000] {logging_mixin.py:190} INFO - [2026-04-05T11:59:10.853+0000] {dagbag.py:588} INFO - Filling up the DagBag from /opt/airflow/dags/Crawl_ETL_ITJob.py
[2026-04-05T11:59:10.880+0000] {processor.py:925} INFO - DAG(s) 'crawl_etl_itjob' retrieved from /opt/airflow/dags/Crawl_ETL_ITJob.py
[2026-04-05T11:59:10.936+0000] {logging_mixin.py:190} INFO - [2026-04-05T11:59:10.935+0000] {dag.py:3239} INFO - Sync 1 DAGs
[2026-04-05T11:59:10.983+0000] {logging_mixin.py:190} INFO - [2026-04-05T11:59:10.983+0000] {dag.py:4180} INFO - Setting next_dagrun for crawl_etl_itjob to 2026-04-05T02:00:00+00:00, run_after=2026-04-06T02:00:00+00:00
[2026-04-05T11:59:11.020+0000] {processor.py:208} INFO - Processing /opt/airflow/dags/Crawl_ETL_ITJob.py took 0.178 seconds
[2026-04-05T11:59:43.463+0000] {processor.py:186} INFO - Started process (PID=846) to work on /opt/airflow/dags/Crawl_ETL_ITJob.py
[2026-04-05T11:59:43.464+0000] {processor.py:914} INFO - Processing file /opt/airflow/dags/Crawl_ETL_ITJob.py for tasks to queue
[2026-04-05T11:59:43.466+0000] {logging_mixin.py:190} INFO - [2026-04-05T11:59:43.466+0000] {dagbag.py:588} INFO - Filling up the DagBag from /opt/airflow/dags/Crawl_ETL_ITJob.py
[2026-04-05T11:59:43.499+0000] {processor.py:925} INFO - DAG(s) 'crawl_etl_itjob' retrieved from /opt/airflow/dags/Crawl_ETL_ITJob.py
[2026-04-05T11:59:43.559+0000] {logging_mixin.py:190} INFO - [2026-04-05T11:59:43.559+0000] {dag.py:3239} INFO - Sync 1 DAGs
[2026-04-05T11:59:43.613+0000] {logging_mixin.py:190} INFO - [2026-04-05T11:59:43.613+0000] {dag.py:4180} INFO - Setting next_dagrun for crawl_etl_itjob to 2026-04-05T02:00:00+00:00, run_after=2026-04-06T02:00:00+00:00
[2026-04-05T11:59:43.668+0000] {processor.py:208} INFO - Processing /opt/airflow/dags/Crawl_ETL_ITJob.py took 0.215 seconds
[2026-04-05T12:00:16.189+0000] {processor.py:186} INFO - Started process (PID=850) to work on /opt/airflow/dags/Crawl_ETL_ITJob.py
[2026-04-05T12:00:16.190+0000] {processor.py:914} INFO - Processing file /opt/airflow/dags/Crawl_ETL_ITJob.py for tasks to queue
[2026-04-05T12:00:16.192+0000] {logging_mixin.py:190} INFO - [2026-04-05T12:00:16.191+0000] {dagbag.py:588} INFO - Filling up the DagBag from /opt/airflow/dags/Crawl_ETL_ITJob.py
[2026-04-05T12:00:16.226+0000] {processor.py:925} INFO - DAG(s) 'crawl_etl_itjob' retrieved from /opt/airflow/dags/Crawl_ETL_ITJob.py
[2026-04-05T12:00:16.311+0000] {logging_mixin.py:190} INFO - [2026-04-05T12:00:16.311+0000] {dag.py:3239} INFO - Sync 1 DAGs
[2026-04-05T12:00:16.395+0000] {logging_mixin.py:190} INFO - [2026-04-05T12:00:16.394+0000] {dag.py:4180} INFO - Setting next_dagrun for crawl_etl_itjob to 2026-04-05T02:00:00+00:00, run_after=2026-04-06T02:00:00+00:00
[2026-04-05T12:00:16.465+0000] {processor.py:208} INFO - Processing /opt/airflow/dags/Crawl_ETL_ITJob.py took 0.289 seconds
[2026-04-05T12:00:47.162+0000] {processor.py:186} INFO - Started process (PID=854) to work on /opt/airflow/dags/Crawl_ETL_ITJob.py
[2026-04-05T12:00:47.165+0000] {processor.py:914} INFO - Processing file /opt/airflow/dags/Crawl_ETL_ITJob.py for tasks to queue
[2026-04-05T12:00:47.171+0000] {logging_mixin.py:190} INFO - [2026-04-05T12:00:47.169+0000] {dagbag.py:588} INFO - Filling up the DagBag from /opt/airflow/dags/Crawl_ETL_ITJob.py
[2026-04-05T12:00:47.206+0000] {processor.py:925} INFO - DAG(s) 'crawl_etl_itjob' retrieved from /opt/airflow/dags/Crawl_ETL_ITJob.py
[2026-04-05T12:00:47.294+0000] {logging_mixin.py:190} INFO - [2026-04-05T12:00:47.294+0000] {dag.py:3239} INFO - Sync 1 DAGs
[2026-04-05T12:00:47.357+0000] {logging_mixin.py:190} INFO - [2026-04-05T12:00:47.357+0000] {dag.py:4180} INFO - Setting next_dagrun for crawl_etl_itjob to 2026-04-05T02:00:00+00:00, run_after=2026-04-06T02:00:00+00:00
[2026-04-05T12:00:47.405+0000] {processor.py:208} INFO - Processing /opt/airflow/dags/Crawl_ETL_ITJob.py took 0.253 seconds
[2026-04-05T12:01:18.079+0000] {processor.py:186} INFO - Started process (PID=858) to work on /opt/airflow/dags/Crawl_ETL_ITJob.py
[2026-04-05T12:01:18.080+0000] {processor.py:914} INFO - Processing file /opt/airflow/dags/Crawl_ETL_ITJob.py for tasks to queue
[2026-04-05T12:01:18.082+0000] {logging_mixin.py:190} INFO - [2026-04-05T12:01:18.081+0000] {dagbag.py:588} INFO - Filling up the DagBag from /opt/airflow/dags/Crawl_ETL_ITJob.py
[2026-04-05T12:01:18.116+0000] {processor.py:925} INFO - DAG(s) 'crawl_etl_itjob' retrieved from /opt/airflow/dags/Crawl_ETL_ITJob.py
[2026-04-05T12:01:18.183+0000] {logging_mixin.py:190} INFO - [2026-04-05T12:01:18.183+0000] {dag.py:3239} INFO - Sync 1 DAGs
[2026-04-05T12:01:18.240+0000] {logging_mixin.py:190} INFO - [2026-04-05T12:01:18.240+0000] {dag.py:4180} INFO - Setting next_dagrun for crawl_etl_itjob to 2026-04-05T02:00:00+00:00, run_after=2026-04-06T02:00:00+00:00
[2026-04-05T12:01:18.287+0000] {processor.py:208} INFO - Processing /opt/airflow/dags/Crawl_ETL_ITJob.py took 0.220 seconds
[2026-04-05T12:01:48.468+0000] {processor.py:186} INFO - Started process (PID=862) to work on /opt/airflow/dags/Crawl_ETL_ITJob.py
[2026-04-05T12:01:48.471+0000] {processor.py:914} INFO - Processing file /opt/airflow/dags/Crawl_ETL_ITJob.py for tasks to queue
[2026-04-05T12:01:48.475+0000] {logging_mixin.py:190} INFO - [2026-04-05T12:01:48.474+0000] {dagbag.py:588} INFO - Filling up the DagBag from /opt/airflow/dags/Crawl_ETL_ITJob.py
[2026-04-05T12:01:48.513+0000] {processor.py:925} INFO - DAG(s) 'crawl_etl_itjob' retrieved from /opt/airflow/dags/Crawl_ETL_ITJob.py
[2026-04-05T12:01:48.586+0000] {logging_mixin.py:190} INFO - [2026-04-05T12:01:48.586+0000] {dag.py:3239} INFO - Sync 1 DAGs
[2026-04-05T12:01:48.646+0000] {logging_mixin.py:190} INFO - [2026-04-05T12:01:48.646+0000] {dag.py:4180} INFO - Setting next_dagrun for crawl_etl_itjob to 2026-04-05T02:00:00+00:00, run_after=2026-04-06T02:00:00+00:00
[2026-04-05T12:01:48.721+0000] {processor.py:208} INFO - Processing /opt/airflow/dags/Crawl_ETL_ITJob.py took 0.280 seconds
[2026-04-05T12:02:19.500+0000] {processor.py:186} INFO - Started process (PID=866) to work on /opt/airflow/dags/Crawl_ETL_ITJob.py
[2026-04-05T12:02:19.501+0000] {processor.py:914} INFO - Processing file /opt/airflow/dags/Crawl_ETL_ITJob.py for tasks to queue
[2026-04-05T12:02:19.503+0000] {logging_mixin.py:190} INFO - [2026-04-05T12:02:19.503+0000] {dagbag.py:588} INFO - Filling up the DagBag from /opt/airflow/dags/Crawl_ETL_ITJob.py
[2026-04-05T12:02:19.547+0000] {processor.py:925} INFO - DAG(s) 'crawl_etl_itjob' retrieved from /opt/airflow/dags/Crawl_ETL_ITJob.py
[2026-04-05T12:02:19.620+0000] {logging_mixin.py:190} INFO - [2026-04-05T12:02:19.619+0000] {dag.py:3239} INFO - Sync 1 DAGs
[2026-04-05T12:02:19.663+0000] {logging_mixin.py:190} INFO - [2026-04-05T12:02:19.663+0000] {dag.py:4180} INFO - Setting next_dagrun for crawl_etl_itjob to 2026-04-05T02:00:00+00:00, run_after=2026-04-06T02:00:00+00:00
[2026-04-05T12:02:19.701+0000] {processor.py:208} INFO - Processing /opt/airflow/dags/Crawl_ETL_ITJob.py took 0.214 seconds
[2026-04-05T12:02:49.966+0000] {processor.py:186} INFO - Started process (PID=870) to work on /opt/airflow/dags/Crawl_ETL_ITJob.py
[2026-04-05T12:02:49.978+0000] {processor.py:914} INFO - Processing file /opt/airflow/dags/Crawl_ETL_ITJob.py for tasks to queue
[2026-04-05T12:02:49.983+0000] {logging_mixin.py:190} INFO - [2026-04-05T12:02:49.983+0000] {dagbag.py:588} INFO - Filling up the DagBag from /opt/airflow/dags/Crawl_ETL_ITJob.py
[2026-04-05T12:02:50.098+0000] {processor.py:925} INFO - DAG(s) 'crawl_etl_itjob' retrieved from /opt/airflow/dags/Crawl_ETL_ITJob.py
[2026-04-05T12:02:50.206+0000] {logging_mixin.py:190} INFO - [2026-04-05T12:02:50.205+0000] {dag.py:3239} INFO - Sync 1 DAGs
[2026-04-05T12:02:50.291+0000] {logging_mixin.py:190} INFO - [2026-04-05T12:02:50.291+0000] {dag.py:4180} INFO - Setting next_dagrun for crawl_etl_itjob to 2026-04-05T02:00:00+00:00, run_after=2026-04-06T02:00:00+00:00
[2026-04-05T12:02:50.359+0000] {processor.py:208} INFO - Processing /opt/airflow/dags/Crawl_ETL_ITJob.py took 0.425 seconds
[2026-04-05T12:03:20.924+0000] {processor.py:186} INFO - Started process (PID=874) to work on /opt/airflow/dags/Crawl_ETL_ITJob.py
[2026-04-05T12:03:20.926+0000] {processor.py:914} INFO - Processing file /opt/airflow/dags/Crawl_ETL_ITJob.py for tasks to queue
[2026-04-05T12:03:20.928+0000] {logging_mixin.py:190} INFO - [2026-04-05T12:03:20.928+0000] {dagbag.py:588} INFO - Filling up the DagBag from /opt/airflow/dags/Crawl_ETL_ITJob.py
[2026-04-05T12:03:20.960+0000] {processor.py:925} INFO - DAG(s) 'crawl_etl_itjob' retrieved from /opt/airflow/dags/Crawl_ETL_ITJob.py
[2026-04-05T12:03:21.019+0000] {logging_mixin.py:190} INFO - [2026-04-05T12:03:21.019+0000] {dag.py:3239} INFO - Sync 1 DAGs
[2026-04-05T12:03:21.071+0000] {logging_mixin.py:190} INFO - [2026-04-05T12:03:21.071+0000] {dag.py:4180} INFO - Setting next_dagrun for crawl_etl_itjob to 2026-04-05T02:00:00+00:00, run_after=2026-04-06T02:00:00+00:00
[2026-04-05T12:03:21.117+0000] {processor.py:208} INFO - Processing /opt/airflow/dags/Crawl_ETL_ITJob.py took 0.203 seconds
[2026-04-05T12:03:51.571+0000] {processor.py:186} INFO - Started process (PID=878) to work on /opt/airflow/dags/Crawl_ETL_ITJob.py
[2026-04-05T12:03:51.571+0000] {processor.py:914} INFO - Processing file /opt/airflow/dags/Crawl_ETL_ITJob.py for tasks to queue
[2026-04-05T12:03:51.573+0000] {logging_mixin.py:190} INFO - [2026-04-05T12:03:51.572+0000] {dagbag.py:588} INFO - Filling up the DagBag from /opt/airflow/dags/Crawl_ETL_ITJob.py
[2026-04-05T12:03:51.602+0000] {processor.py:925} INFO - DAG(s) 'crawl_etl_itjob' retrieved from /opt/airflow/dags/Crawl_ETL_ITJob.py
[2026-04-05T12:03:51.662+0000] {logging_mixin.py:190} INFO - [2026-04-05T12:03:51.661+0000] {dag.py:3239} INFO - Sync 1 DAGs
[2026-04-05T12:03:51.712+0000] {logging_mixin.py:190} INFO - [2026-04-05T12:03:51.712+0000] {dag.py:4180} INFO - Setting next_dagrun for crawl_etl_itjob to 2026-04-05T02:00:00+00:00, run_after=2026-04-06T02:00:00+00:00
[2026-04-05T12:03:51.760+0000] {processor.py:208} INFO - Processing /opt/airflow/dags/Crawl_ETL_ITJob.py took 0.199 seconds
[2026-04-05T12:04:22.134+0000] {processor.py:186} INFO - Started process (PID=882) to work on /opt/airflow/dags/Crawl_ETL_ITJob.py
[2026-04-05T12:04:22.135+0000] {processor.py:914} INFO - Processing file /opt/airflow/dags/Crawl_ETL_ITJob.py for tasks to queue
[2026-04-05T12:04:22.141+0000] {logging_mixin.py:190} INFO - [2026-04-05T12:04:22.140+0000] {dagbag.py:588} INFO - Filling up the DagBag from /opt/airflow/dags/Crawl_ETL_ITJob.py
[2026-04-05T12:04:22.163+0000] {processor.py:925} INFO - DAG(s) 'crawl_etl_itjob' retrieved from /opt/airflow/dags/Crawl_ETL_ITJob.py
[2026-04-05T12:04:22.218+0000] {logging_mixin.py:190} INFO - [2026-04-05T12:04:22.218+0000] {dag.py:3239} INFO - Sync 1 DAGs
[2026-04-05T12:04:22.257+0000] {logging_mixin.py:190} INFO - [2026-04-05T12:04:22.256+0000] {dag.py:4180} INFO - Setting next_dagrun for crawl_etl_itjob to 2026-04-05T02:00:00+00:00, run_after=2026-04-06T02:00:00+00:00
[2026-04-05T12:04:22.301+0000] {processor.py:208} INFO - Processing /opt/airflow/dags/Crawl_ETL_ITJob.py took 0.174 seconds
[2026-04-05T12:04:52.689+0000] {processor.py:186} INFO - Started process (PID=886) to work on /opt/airflow/dags/Crawl_ETL_ITJob.py
[2026-04-05T12:04:52.690+0000] {processor.py:914} INFO - Processing file /opt/airflow/dags/Crawl_ETL_ITJob.py for tasks to queue
[2026-04-05T12:04:52.692+0000] {logging_mixin.py:190} INFO - [2026-04-05T12:04:52.691+0000] {dagbag.py:588} INFO - Filling up the DagBag from /opt/airflow/dags/Crawl_ETL_ITJob.py
[2026-04-05T12:04:52.724+0000] {processor.py:925} INFO - DAG(s) 'crawl_etl_itjob' retrieved from /opt/airflow/dags/Crawl_ETL_ITJob.py
[2026-04-05T12:04:52.801+0000] {logging_mixin.py:190} INFO - [2026-04-05T12:04:52.801+0000] {dag.py:3239} INFO - Sync 1 DAGs
[2026-04-05T12:04:52.856+0000] {logging_mixin.py:190} INFO - [2026-04-05T12:04:52.856+0000] {dag.py:4180} INFO - Setting next_dagrun for crawl_etl_itjob to 2026-04-05T02:00:00+00:00, run_after=2026-04-06T02:00:00+00:00
[2026-04-05T12:04:52.920+0000] {processor.py:208} INFO - Processing /opt/airflow/dags/Crawl_ETL_ITJob.py took 0.241 seconds
[2026-04-05T12:05:23.196+0000] {processor.py:186} INFO - Started process (PID=890) to work on /opt/airflow/dags/Crawl_ETL_ITJob.py
[2026-04-05T12:05:23.197+0000] {processor.py:914} INFO - Processing file /opt/airflow/dags/Crawl_ETL_ITJob.py for tasks to queue
[2026-04-05T12:05:23.200+0000] {logging_mixin.py:190} INFO - [2026-04-05T12:05:23.199+0000] {dagbag.py:588} INFO - Filling up the DagBag from /opt/airflow/dags/Crawl_ETL_ITJob.py
[2026-04-05T12:05:23.224+0000] {processor.py:925} INFO - DAG(s) 'crawl_etl_itjob' retrieved from /opt/airflow/dags/Crawl_ETL_ITJob.py
[2026-04-05T12:05:23.285+0000] {logging_mixin.py:190} INFO - [2026-04-05T12:05:23.285+0000] {dag.py:3239} INFO - Sync 1 DAGs
[2026-04-05T12:05:23.339+0000] {logging_mixin.py:190} INFO - [2026-04-05T12:05:23.339+0000] {dag.py:4180} INFO - Setting next_dagrun for crawl_etl_itjob to 2026-04-05T02:00:00+00:00, run_after=2026-04-06T02:00:00+00:00
[2026-04-05T12:05:23.381+0000] {processor.py:208} INFO - Processing /opt/airflow/dags/Crawl_ETL_ITJob.py took 0.193 seconds
[2026-04-05T12:05:53.494+0000] {processor.py:186} INFO - Started process (PID=894) to work on /opt/airflow/dags/Crawl_ETL_ITJob.py
[2026-04-05T12:05:53.495+0000] {processor.py:914} INFO - Processing file /opt/airflow/dags/Crawl_ETL_ITJob.py for tasks to queue
[2026-04-05T12:05:53.497+0000] {logging_mixin.py:190} INFO - [2026-04-05T12:05:53.496+0000] {dagbag.py:588} INFO - Filling up the DagBag from /opt/airflow/dags/Crawl_ETL_ITJob.py
[2026-04-05T12:05:53.517+0000] {processor.py:925} INFO - DAG(s) 'crawl_etl_itjob' retrieved from /opt/airflow/dags/Crawl_ETL_ITJob.py
[2026-04-05T12:05:53.565+0000] {logging_mixin.py:190} INFO - [2026-04-05T12:05:53.565+0000] {dag.py:3239} INFO - Sync 1 DAGs
[2026-04-05T12:05:53.607+0000] {logging_mixin.py:190} INFO - [2026-04-05T12:05:53.606+0000] {dag.py:4180} INFO - Setting next_dagrun for crawl_etl_itjob to 2026-04-05T02:00:00+00:00, run_after=2026-04-06T02:00:00+00:00
[2026-04-05T12:05:53.658+0000] {processor.py:208} INFO - Processing /opt/airflow/dags/Crawl_ETL_ITJob.py took 0.174 seconds
[2026-04-05T12:06:23.818+0000] {processor.py:186} INFO - Started process (PID=898) to work on /opt/airflow/dags/Crawl_ETL_ITJob.py
[2026-04-05T12:06:23.818+0000] {processor.py:914} INFO - Processing file /opt/airflow/dags/Crawl_ETL_ITJob.py for tasks to queue
[2026-04-05T12:06:23.820+0000] {logging_mixin.py:190} INFO - [2026-04-05T12:06:23.820+0000] {dagbag.py:588} INFO - Filling up the DagBag from /opt/airflow/dags/Crawl_ETL_ITJob.py
[2026-04-05T12:06:23.850+0000] {processor.py:925} INFO - DAG(s) 'crawl_etl_itjob' retrieved from /opt/airflow/dags/Crawl_ETL_ITJob.py
[2026-04-05T12:06:23.938+0000] {logging_mixin.py:190} INFO - [2026-04-05T12:06:23.937+0000] {dag.py:3239} INFO - Sync 1 DAGs
[2026-04-05T12:06:24.077+0000] {logging_mixin.py:190} INFO - [2026-04-05T12:06:24.076+0000] {dag.py:4180} INFO - Setting next_dagrun for crawl_etl_itjob to 2026-04-05T02:00:00+00:00, run_after=2026-04-06T02:00:00+00:00
[2026-04-05T12:06:24.159+0000] {processor.py:208} INFO - Processing /opt/airflow/dags/Crawl_ETL_ITJob.py took 0.349 seconds
[2026-04-05T12:06:54.974+0000] {processor.py:186} INFO - Started process (PID=902) to work on /opt/airflow/dags/Crawl_ETL_ITJob.py
[2026-04-05T12:06:54.975+0000] {processor.py:914} INFO - Processing file /opt/airflow/dags/Crawl_ETL_ITJob.py for tasks to queue
[2026-04-05T12:06:54.976+0000] {logging_mixin.py:190} INFO - [2026-04-05T12:06:54.976+0000] {dagbag.py:588} INFO - Filling up the DagBag from /opt/airflow/dags/Crawl_ETL_ITJob.py
[2026-04-05T12:06:54.998+0000] {processor.py:925} INFO - DAG(s) 'crawl_etl_itjob' retrieved from /opt/airflow/dags/Crawl_ETL_ITJob.py
[2026-04-05T12:06:55.055+0000] {logging_mixin.py:190} INFO - [2026-04-05T12:06:55.055+0000] {dag.py:3239} INFO - Sync 1 DAGs
[2026-04-05T12:06:55.104+0000] {logging_mixin.py:190} INFO - [2026-04-05T12:06:55.104+0000] {dag.py:4180} INFO - Setting next_dagrun for crawl_etl_itjob to 2026-04-05T02:00:00+00:00, run_after=2026-04-06T02:00:00+00:00
[2026-04-05T12:06:55.140+0000] {processor.py:208} INFO - Processing /opt/airflow/dags/Crawl_ETL_ITJob.py took 0.174 seconds
[2026-04-05T12:07:25.761+0000] {processor.py:186} INFO - Started process (PID=906) to work on /opt/airflow/dags/Crawl_ETL_ITJob.py
[2026-04-05T12:07:25.761+0000] {processor.py:914} INFO - Processing file /opt/airflow/dags/Crawl_ETL_ITJob.py for tasks to queue
[2026-04-05T12:07:25.762+0000] {logging_mixin.py:190} INFO - [2026-04-05T12:07:25.762+0000] {dagbag.py:588} INFO - Filling up the DagBag from /opt/airflow/dags/Crawl_ETL_ITJob.py
[2026-04-05T12:07:25.787+0000] {processor.py:925} INFO - DAG(s) 'crawl_etl_itjob' retrieved from /opt/airflow/dags/Crawl_ETL_ITJob.py
[2026-04-05T12:07:25.844+0000] {logging_mixin.py:190} INFO - [2026-04-05T12:07:25.844+0000] {dag.py:3239} INFO - Sync 1 DAGs
[2026-04-05T12:07:25.891+0000] {logging_mixin.py:190} INFO - [2026-04-05T12:07:25.891+0000] {dag.py:4180} INFO - Setting next_dagrun for crawl_etl_itjob to 2026-04-05T02:00:00+00:00, run_after=2026-04-06T02:00:00+00:00
[2026-04-05T12:07:25.931+0000] {processor.py:208} INFO - Processing /opt/airflow/dags/Crawl_ETL_ITJob.py took 0.176 seconds
[2026-04-05T12:07:56.270+0000] {processor.py:186} INFO - Started process (PID=910) to work on /opt/airflow/dags/Crawl_ETL_ITJob.py
[2026-04-05T12:07:56.271+0000] {processor.py:914} INFO - Processing file /opt/airflow/dags/Crawl_ETL_ITJob.py for tasks to queue
[2026-04-05T12:07:56.273+0000] {logging_mixin.py:190} INFO - [2026-04-05T12:07:56.273+0000] {dagbag.py:588} INFO - Filling up the DagBag from /opt/airflow/dags/Crawl_ETL_ITJob.py
[2026-04-05T12:07:56.303+0000] {processor.py:925} INFO - DAG(s) 'crawl_etl_itjob' retrieved from /opt/airflow/dags/Crawl_ETL_ITJob.py
[2026-04-05T12:07:56.360+0000] {logging_mixin.py:190} INFO - [2026-04-05T12:07:56.360+0000] {dag.py:3239} INFO - Sync 1 DAGs
[2026-04-05T12:07:56.408+0000] {logging_mixin.py:190} INFO - [2026-04-05T12:07:56.407+0000] {dag.py:4180} INFO - Setting next_dagrun for crawl_etl_itjob to 2026-04-05T02:00:00+00:00, run_after=2026-04-06T02:00:00+00:00
[2026-04-05T12:07:56.453+0000] {processor.py:208} INFO - Processing /opt/airflow/dags/Crawl_ETL_ITJob.py took 0.189 seconds
[2026-04-05T12:08:28.155+0000] {processor.py:186} INFO - Started process (PID=914) to work on /opt/airflow/dags/Crawl_ETL_ITJob.py
[2026-04-05T12:08:28.156+0000] {processor.py:914} INFO - Processing file /opt/airflow/dags/Crawl_ETL_ITJob.py for tasks to queue
[2026-04-05T12:08:28.160+0000] {logging_mixin.py:190} INFO - [2026-04-05T12:08:28.160+0000] {dagbag.py:588} INFO - Filling up the DagBag from /opt/airflow/dags/Crawl_ETL_ITJob.py
[2026-04-05T12:08:28.186+0000] {processor.py:925} INFO - DAG(s) 'crawl_etl_itjob' retrieved from /opt/airflow/dags/Crawl_ETL_ITJob.py
[2026-04-05T12:08:28.242+0000] {logging_mixin.py:190} INFO - [2026-04-05T12:08:28.242+0000] {dag.py:3239} INFO - Sync 1 DAGs
[2026-04-05T12:08:28.289+0000] {logging_mixin.py:190} INFO - [2026-04-05T12:08:28.289+0000] {dag.py:4180} INFO - Setting next_dagrun for crawl_etl_itjob to 2026-04-05T02:00:00+00:00, run_after=2026-04-06T02:00:00+00:00
[2026-04-05T12:08:28.327+0000] {processor.py:208} INFO - Processing /opt/airflow/dags/Crawl_ETL_ITJob.py took 0.182 seconds
[2026-04-05T12:09:00.635+0000] {processor.py:186} INFO - Started process (PID=918) to work on /opt/airflow/dags/Crawl_ETL_ITJob.py
[2026-04-05T12:09:00.636+0000] {processor.py:914} INFO - Processing file /opt/airflow/dags/Crawl_ETL_ITJob.py for tasks to queue
[2026-04-05T12:09:00.638+0000] {logging_mixin.py:190} INFO - [2026-04-05T12:09:00.637+0000] {dagbag.py:588} INFO - Filling up the DagBag from /opt/airflow/dags/Crawl_ETL_ITJob.py
[2026-04-05T12:09:00.669+0000] {processor.py:925} INFO - DAG(s) 'crawl_etl_itjob' retrieved from /opt/airflow/dags/Crawl_ETL_ITJob.py
[2026-04-05T12:09:00.723+0000] {logging_mixin.py:190} INFO - [2026-04-05T12:09:00.722+0000] {dag.py:3239} INFO - Sync 1 DAGs
[2026-04-05T12:09:00.766+0000] {logging_mixin.py:190} INFO - [2026-04-05T12:09:00.766+0000] {dag.py:4180} INFO - Setting next_dagrun for crawl_etl_itjob to 2026-04-05T02:00:00+00:00, run_after=2026-04-06T02:00:00+00:00
[2026-04-05T12:09:00.807+0000] {processor.py:208} INFO - Processing /opt/airflow/dags/Crawl_ETL_ITJob.py took 0.179 seconds
[2026-04-05T12:09:33.339+0000] {processor.py:186} INFO - Started process (PID=922) to work on /opt/airflow/dags/Crawl_ETL_ITJob.py
[2026-04-05T12:09:33.340+0000] {processor.py:914} INFO - Processing file /opt/airflow/dags/Crawl_ETL_ITJob.py for tasks to queue
[2026-04-05T12:09:33.342+0000] {logging_mixin.py:190} INFO - [2026-04-05T12:09:33.342+0000] {dagbag.py:588} INFO - Filling up the DagBag from /opt/airflow/dags/Crawl_ETL_ITJob.py
[2026-04-05T12:09:33.371+0000] {processor.py:925} INFO - DAG(s) 'crawl_etl_itjob' retrieved from /opt/airflow/dags/Crawl_ETL_ITJob.py
[2026-04-05T12:09:33.446+0000] {logging_mixin.py:190} INFO - [2026-04-05T12:09:33.446+0000] {dag.py:3239} INFO - Sync 1 DAGs
[2026-04-05T12:09:33.497+0000] {logging_mixin.py:190} INFO - [2026-04-05T12:09:33.497+0000] {dag.py:4180} INFO - Setting next_dagrun for crawl_etl_itjob to 2026-04-05T02:00:00+00:00, run_after=2026-04-06T02:00:00+00:00
[2026-04-05T12:09:33.541+0000] {processor.py:208} INFO - Processing /opt/airflow/dags/Crawl_ETL_ITJob.py took 0.213 seconds
[2026-04-05T12:10:06.209+0000] {processor.py:186} INFO - Started process (PID=926) to work on /opt/airflow/dags/Crawl_ETL_ITJob.py
[2026-04-05T12:10:06.210+0000] {processor.py:914} INFO - Processing file /opt/airflow/dags/Crawl_ETL_ITJob.py for tasks to queue
[2026-04-05T12:10:06.212+0000] {logging_mixin.py:190} INFO - [2026-04-05T12:10:06.212+0000] {dagbag.py:588} INFO - Filling up the DagBag from /opt/airflow/dags/Crawl_ETL_ITJob.py
[2026-04-05T12:10:06.240+0000] {processor.py:925} INFO - DAG(s) 'crawl_etl_itjob' retrieved from /opt/airflow/dags/Crawl_ETL_ITJob.py
[2026-04-05T12:10:06.291+0000] {logging_mixin.py:190} INFO - [2026-04-05T12:10:06.291+0000] {dag.py:3239} INFO - Sync 1 DAGs
[2026-04-05T12:10:06.332+0000] {logging_mixin.py:190} INFO - [2026-04-05T12:10:06.332+0000] {dag.py:4180} INFO - Setting next_dagrun for crawl_etl_itjob to 2026-04-05T02:00:00+00:00, run_after=2026-04-06T02:00:00+00:00
[2026-04-05T12:10:06.374+0000] {processor.py:208} INFO - Processing /opt/airflow/dags/Crawl_ETL_ITJob.py took 0.174 seconds
[2026-04-05T12:10:39.783+0000] {processor.py:186} INFO - Started process (PID=930) to work on /opt/airflow/dags/Crawl_ETL_ITJob.py
[2026-04-05T12:10:39.784+0000] {processor.py:914} INFO - Processing file /opt/airflow/dags/Crawl_ETL_ITJob.py for tasks to queue
[2026-04-05T12:10:39.785+0000] {logging_mixin.py:190} INFO - [2026-04-05T12:10:39.785+0000] {dagbag.py:588} INFO - Filling up the DagBag from /opt/airflow/dags/Crawl_ETL_ITJob.py
[2026-04-05T12:10:39.811+0000] {processor.py:925} INFO - DAG(s) 'crawl_etl_itjob' retrieved from /opt/airflow/dags/Crawl_ETL_ITJob.py
[2026-04-05T12:10:39.870+0000] {logging_mixin.py:190} INFO - [2026-04-05T12:10:39.870+0000] {dag.py:3239} INFO - Sync 1 DAGs
[2026-04-05T12:10:39.918+0000] {logging_mixin.py:190} INFO - [2026-04-05T12:10:39.917+0000] {dag.py:4180} INFO - Setting next_dagrun for crawl_etl_itjob to 2026-04-05T02:00:00+00:00, run_after=2026-04-06T02:00:00+00:00
[2026-04-05T12:10:39.958+0000] {processor.py:208} INFO - Processing /opt/airflow/dags/Crawl_ETL_ITJob.py took 0.183 seconds
[2026-04-05T12:11:12.623+0000] {processor.py:186} INFO - Started process (PID=934) to work on /opt/airflow/dags/Crawl_ETL_ITJob.py
[2026-04-05T12:11:12.624+0000] {processor.py:914} INFO - Processing file /opt/airflow/dags/Crawl_ETL_ITJob.py for tasks to queue
[2026-04-05T12:11:12.626+0000] {logging_mixin.py:190} INFO - [2026-04-05T12:11:12.626+0000] {dagbag.py:588} INFO - Filling up the DagBag from /opt/airflow/dags/Crawl_ETL_ITJob.py
[2026-04-05T12:11:12.648+0000] {processor.py:925} INFO - DAG(s) 'crawl_etl_itjob' retrieved from /opt/airflow/dags/Crawl_ETL_ITJob.py
[2026-04-05T12:11:12.702+0000] {logging_mixin.py:190} INFO - [2026-04-05T12:11:12.702+0000] {dag.py:3239} INFO - Sync 1 DAGs
[2026-04-05T12:11:12.749+0000] {logging_mixin.py:190} INFO - [2026-04-05T12:11:12.748+0000] {dag.py:4180} INFO - Setting next_dagrun for crawl_etl_itjob to 2026-04-05T02:00:00+00:00, run_after=2026-04-06T02:00:00+00:00
[2026-04-05T12:11:12.802+0000] {processor.py:208} INFO - Processing /opt/airflow/dags/Crawl_ETL_ITJob.py took 0.186 seconds
[2026-04-05T12:11:45.351+0000] {processor.py:186} INFO - Started process (PID=938) to work on /opt/airflow/dags/Crawl_ETL_ITJob.py
[2026-04-05T12:11:45.352+0000] {processor.py:914} INFO - Processing file /opt/airflow/dags/Crawl_ETL_ITJob.py for tasks to queue
[2026-04-05T12:11:45.358+0000] {logging_mixin.py:190} INFO - [2026-04-05T12:11:45.357+0000] {dagbag.py:588} INFO - Filling up the DagBag from /opt/airflow/dags/Crawl_ETL_ITJob.py
[2026-04-05T12:11:45.403+0000] {processor.py:925} INFO - DAG(s) 'crawl_etl_itjob' retrieved from /opt/airflow/dags/Crawl_ETL_ITJob.py
[2026-04-05T12:11:45.470+0000] {logging_mixin.py:190} INFO - [2026-04-05T12:11:45.470+0000] {dag.py:3239} INFO - Sync 1 DAGs
[2026-04-05T12:11:45.512+0000] {logging_mixin.py:190} INFO - [2026-04-05T12:11:45.512+0000] {dag.py:4180} INFO - Setting next_dagrun for crawl_etl_itjob to 2026-04-05T02:00:00+00:00, run_after=2026-04-06T02:00:00+00:00
[2026-04-05T12:11:45.556+0000] {processor.py:208} INFO - Processing /opt/airflow/dags/Crawl_ETL_ITJob.py took 0.222 seconds
[2026-04-05T12:12:17.906+0000] {processor.py:186} INFO - Started process (PID=942) to work on /opt/airflow/dags/Crawl_ETL_ITJob.py
[2026-04-05T12:12:17.907+0000] {processor.py:914} INFO - Processing file /opt/airflow/dags/Crawl_ETL_ITJob.py for tasks to queue
[2026-04-05T12:12:17.909+0000] {logging_mixin.py:190} INFO - [2026-04-05T12:12:17.909+0000] {dagbag.py:588} INFO - Filling up the DagBag from /opt/airflow/dags/Crawl_ETL_ITJob.py
[2026-04-05T12:12:17.939+0000] {processor.py:925} INFO - DAG(s) 'crawl_etl_itjob' retrieved from /opt/airflow/dags/Crawl_ETL_ITJob.py
[2026-04-05T12:12:18.002+0000] {logging_mixin.py:190} INFO - [2026-04-05T12:12:18.002+0000] {dag.py:3239} INFO - Sync 1 DAGs
[2026-04-05T12:12:18.071+0000] {logging_mixin.py:190} INFO - [2026-04-05T12:12:18.071+0000] {dag.py:4180} INFO - Setting next_dagrun for crawl_etl_itjob to 2026-04-05T02:00:00+00:00, run_after=2026-04-06T02:00:00+00:00
[2026-04-05T12:12:18.121+0000] {processor.py:208} INFO - Processing /opt/airflow/dags/Crawl_ETL_ITJob.py took 0.224 seconds
[2026-04-05T12:12:50.472+0000] {processor.py:186} INFO - Started process (PID=946) to work on /opt/airflow/dags/Crawl_ETL_ITJob.py
[2026-04-05T12:12:50.473+0000] {processor.py:914} INFO - Processing file /opt/airflow/dags/Crawl_ETL_ITJob.py for tasks to queue
[2026-04-05T12:12:50.475+0000] {logging_mixin.py:190} INFO - [2026-04-05T12:12:50.475+0000] {dagbag.py:588} INFO - Filling up the DagBag from /opt/airflow/dags/Crawl_ETL_ITJob.py
[2026-04-05T12:12:50.538+0000] {processor.py:925} INFO - DAG(s) 'crawl_etl_itjob' retrieved from /opt/airflow/dags/Crawl_ETL_ITJob.py
[2026-04-05T12:12:50.637+0000] {logging_mixin.py:190} INFO - [2026-04-05T12:12:50.637+0000] {dag.py:3239} INFO - Sync 1 DAGs
[2026-04-05T12:12:50.731+0000] {logging_mixin.py:190} INFO - [2026-04-05T12:12:50.730+0000] {dag.py:4180} INFO - Setting next_dagrun for crawl_etl_itjob to 2026-04-05T02:00:00+00:00, run_after=2026-04-06T02:00:00+00:00
[2026-04-05T12:12:50.769+0000] {processor.py:208} INFO - Processing /opt/airflow/dags/Crawl_ETL_ITJob.py took 0.308 seconds
[2026-04-05T12:13:23.015+0000] {processor.py:186} INFO - Started process (PID=950) to work on /opt/airflow/dags/Crawl_ETL_ITJob.py
[2026-04-05T12:13:23.016+0000] {processor.py:914} INFO - Processing file /opt/airflow/dags/Crawl_ETL_ITJob.py for tasks to queue
[2026-04-05T12:13:23.017+0000] {logging_mixin.py:190} INFO - [2026-04-05T12:13:23.017+0000] {dagbag.py:588} INFO - Filling up the DagBag from /opt/airflow/dags/Crawl_ETL_ITJob.py
[2026-04-05T12:13:23.037+0000] {processor.py:925} INFO - DAG(s) 'crawl_etl_itjob' retrieved from /opt/airflow/dags/Crawl_ETL_ITJob.py
[2026-04-05T12:13:23.083+0000] {logging_mixin.py:190} INFO - [2026-04-05T12:13:23.083+0000] {dag.py:3239} INFO - Sync 1 DAGs
[2026-04-05T12:13:23.125+0000] {logging_mixin.py:190} INFO - [2026-04-05T12:13:23.124+0000] {dag.py:4180} INFO - Setting next_dagrun for crawl_etl_itjob to 2026-04-05T02:00:00+00:00, run_after=2026-04-06T02:00:00+00:00
[2026-04-05T12:13:23.165+0000] {processor.py:208} INFO - Processing /opt/airflow/dags/Crawl_ETL_ITJob.py took 0.155 seconds
[2026-04-05T12:13:56.488+0000] {processor.py:186} INFO - Started process (PID=954) to work on /opt/airflow/dags/Crawl_ETL_ITJob.py
[2026-04-05T12:13:56.489+0000] {processor.py:914} INFO - Processing file /opt/airflow/dags/Crawl_ETL_ITJob.py for tasks to queue
[2026-04-05T12:13:56.490+0000] {logging_mixin.py:190} INFO - [2026-04-05T12:13:56.490+0000] {dagbag.py:588} INFO - Filling up the DagBag from /opt/airflow/dags/Crawl_ETL_ITJob.py
[2026-04-05T12:13:56.515+0000] {processor.py:925} INFO - DAG(s) 'crawl_etl_itjob' retrieved from /opt/airflow/dags/Crawl_ETL_ITJob.py
[2026-04-05T12:13:56.561+0000] {logging_mixin.py:190} INFO - [2026-04-05T12:13:56.561+0000] {dag.py:3239} INFO - Sync 1 DAGs
[2026-04-05T12:13:56.597+0000] {logging_mixin.py:190} INFO - [2026-04-05T12:13:56.597+0000] {dag.py:4180} INFO - Setting next_dagrun for crawl_etl_itjob to 2026-04-05T02:00:00+00:00, run_after=2026-04-06T02:00:00+00:00
[2026-04-05T12:13:56.631+0000] {processor.py:208} INFO - Processing /opt/airflow/dags/Crawl_ETL_ITJob.py took 0.152 seconds
[2026-04-05T12:14:28.955+0000] {processor.py:186} INFO - Started process (PID=958) to work on /opt/airflow/dags/Crawl_ETL_ITJob.py
[2026-04-05T12:14:28.957+0000] {processor.py:914} INFO - Processing file /opt/airflow/dags/Crawl_ETL_ITJob.py for tasks to queue
[2026-04-05T12:14:28.959+0000] {logging_mixin.py:190} INFO - [2026-04-05T12:14:28.959+0000] {dagbag.py:588} INFO - Filling up the DagBag from /opt/airflow/dags/Crawl_ETL_ITJob.py
[2026-04-05T12:14:28.995+0000] {processor.py:925} INFO - DAG(s) 'crawl_etl_itjob' retrieved from /opt/airflow/dags/Crawl_ETL_ITJob.py
[2026-04-05T12:14:29.073+0000] {logging_mixin.py:190} INFO - [2026-04-05T12:14:29.073+0000] {dag.py:3239} INFO - Sync 1 DAGs
[2026-04-05T12:14:29.142+0000] {logging_mixin.py:190} INFO - [2026-04-05T12:14:29.141+0000] {dag.py:4180} INFO - Setting next_dagrun for crawl_etl_itjob to 2026-04-05T02:00:00+00:00, run_after=2026-04-06T02:00:00+00:00
[2026-04-05T12:14:29.211+0000] {processor.py:208} INFO - Processing /opt/airflow/dags/Crawl_ETL_ITJob.py took 0.270 seconds
[2026-04-05T12:15:01.877+0000] {processor.py:186} INFO - Started process (PID=962) to work on /opt/airflow/dags/Crawl_ETL_ITJob.py
[2026-04-05T12:15:01.879+0000] {processor.py:914} INFO - Processing file /opt/airflow/dags/Crawl_ETL_ITJob.py for tasks to queue
[2026-04-05T12:15:01.887+0000] {logging_mixin.py:190} INFO - [2026-04-05T12:15:01.886+0000] {dagbag.py:588} INFO - Filling up the DagBag from /opt/airflow/dags/Crawl_ETL_ITJob.py
[2026-04-05T12:15:01.977+0000] {processor.py:925} INFO - DAG(s) 'crawl_etl_itjob' retrieved from /opt/airflow/dags/Crawl_ETL_ITJob.py
[2026-04-05T12:15:02.174+0000] {logging_mixin.py:190} INFO - [2026-04-05T12:15:02.174+0000] {dag.py:3239} INFO - Sync 1 DAGs
[2026-04-05T12:15:02.310+0000] {logging_mixin.py:190} INFO - [2026-04-05T12:15:02.309+0000] {dag.py:4180} INFO - Setting next_dagrun for crawl_etl_itjob to 2026-04-05T02:00:00+00:00, run_after=2026-04-06T02:00:00+00:00
[2026-04-05T12:15:02.396+0000] {processor.py:208} INFO - Processing /opt/airflow/dags/Crawl_ETL_ITJob.py took 0.564 seconds
[2026-04-05T12:15:34.432+0000] {processor.py:186} INFO - Started process (PID=966) to work on /opt/airflow/dags/Crawl_ETL_ITJob.py
[2026-04-05T12:15:34.433+0000] {processor.py:914} INFO - Processing file /opt/airflow/dags/Crawl_ETL_ITJob.py for tasks to queue
[2026-04-05T12:15:34.435+0000] {logging_mixin.py:190} INFO - [2026-04-05T12:15:34.435+0000] {dagbag.py:588} INFO - Filling up the DagBag from /opt/airflow/dags/Crawl_ETL_ITJob.py
[2026-04-05T12:15:34.471+0000] {processor.py:925} INFO - DAG(s) 'crawl_etl_itjob' retrieved from /opt/airflow/dags/Crawl_ETL_ITJob.py
[2026-04-05T12:15:34.533+0000] {logging_mixin.py:190} INFO - [2026-04-05T12:15:34.533+0000] {dag.py:3239} INFO - Sync 1 DAGs
[2026-04-05T12:15:34.586+0000] {logging_mixin.py:190} INFO - [2026-04-05T12:15:34.585+0000] {dag.py:4180} INFO - Setting next_dagrun for crawl_etl_itjob to 2026-04-05T02:00:00+00:00, run_after=2026-04-06T02:00:00+00:00
[2026-04-05T12:15:34.624+0000] {processor.py:208} INFO - Processing /opt/airflow/dags/Crawl_ETL_ITJob.py took 0.205 seconds
[2026-04-05T12:16:07.045+0000] {processor.py:186} INFO - Started process (PID=970) to work on /opt/airflow/dags/Crawl_ETL_ITJob.py
[2026-04-05T12:16:07.045+0000] {processor.py:914} INFO - Processing file /opt/airflow/dags/Crawl_ETL_ITJob.py for tasks to queue
[2026-04-05T12:16:07.047+0000] {logging_mixin.py:190} INFO - [2026-04-05T12:16:07.047+0000] {dagbag.py:588} INFO - Filling up the DagBag from /opt/airflow/dags/Crawl_ETL_ITJob.py
[2026-04-05T12:16:07.068+0000] {processor.py:925} INFO - DAG(s) 'crawl_etl_itjob' retrieved from /opt/airflow/dags/Crawl_ETL_ITJob.py
[2026-04-05T12:16:07.118+0000] {logging_mixin.py:190} INFO - [2026-04-05T12:16:07.118+0000] {dag.py:3239} INFO - Sync 1 DAGs
[2026-04-05T12:16:07.156+0000] {logging_mixin.py:190} INFO - [2026-04-05T12:16:07.155+0000] {dag.py:4180} INFO - Setting next_dagrun for crawl_etl_itjob to 2026-04-05T02:00:00+00:00, run_after=2026-04-06T02:00:00+00:00
[2026-04-05T12:16:07.202+0000] {processor.py:208} INFO - Processing /opt/airflow/dags/Crawl_ETL_ITJob.py took 0.164 seconds
[2026-04-05T12:16:40.436+0000] {processor.py:186} INFO - Started process (PID=974) to work on /opt/airflow/dags/Crawl_ETL_ITJob.py
[2026-04-05T12:16:40.437+0000] {processor.py:914} INFO - Processing file /opt/airflow/dags/Crawl_ETL_ITJob.py for tasks to queue
[2026-04-05T12:16:40.438+0000] {logging_mixin.py:190} INFO - [2026-04-05T12:16:40.438+0000] {dagbag.py:588} INFO - Filling up the DagBag from /opt/airflow/dags/Crawl_ETL_ITJob.py
[2026-04-05T12:16:40.455+0000] {processor.py:925} INFO - DAG(s) 'crawl_etl_itjob' retrieved from /opt/airflow/dags/Crawl_ETL_ITJob.py
[2026-04-05T12:16:40.496+0000] {logging_mixin.py:190} INFO - [2026-04-05T12:16:40.496+0000] {dag.py:3239} INFO - Sync 1 DAGs
[2026-04-05T12:16:40.536+0000] {logging_mixin.py:190} INFO - [2026-04-05T12:16:40.536+0000] {dag.py:4180} INFO - Setting next_dagrun for crawl_etl_itjob to 2026-04-05T02:00:00+00:00, run_after=2026-04-06T02:00:00+00:00
[2026-04-05T12:16:40.589+0000] {processor.py:208} INFO - Processing /opt/airflow/dags/Crawl_ETL_ITJob.py took 0.159 seconds
[2026-04-05T12:17:12.868+0000] {processor.py:186} INFO - Started process (PID=978) to work on /opt/airflow/dags/Crawl_ETL_ITJob.py
[2026-04-05T12:17:12.869+0000] {processor.py:914} INFO - Processing file /opt/airflow/dags/Crawl_ETL_ITJob.py for tasks to queue
[2026-04-05T12:17:12.871+0000] {logging_mixin.py:190} INFO - [2026-04-05T12:17:12.871+0000] {dagbag.py:588} INFO - Filling up the DagBag from /opt/airflow/dags/Crawl_ETL_ITJob.py
[2026-04-05T12:17:12.897+0000] {processor.py:925} INFO - DAG(s) 'crawl_etl_itjob' retrieved from /opt/airflow/dags/Crawl_ETL_ITJob.py
[2026-04-05T12:17:12.954+0000] {logging_mixin.py:190} INFO - [2026-04-05T12:17:12.953+0000] {dag.py:3239} INFO - Sync 1 DAGs
[2026-04-05T12:17:12.997+0000] {logging_mixin.py:190} INFO - [2026-04-05T12:17:12.997+0000] {dag.py:4180} INFO - Setting next_dagrun for crawl_etl_itjob to 2026-04-05T02:00:00+00:00, run_after=2026-04-06T02:00:00+00:00
[2026-04-05T12:17:13.040+0000] {processor.py:208} INFO - Processing /opt/airflow/dags/Crawl_ETL_ITJob.py took 0.181 seconds
[2026-04-05T12:17:45.499+0000] {processor.py:186} INFO - Started process (PID=982) to work on /opt/airflow/dags/Crawl_ETL_ITJob.py
[2026-04-05T12:17:45.500+0000] {processor.py:914} INFO - Processing file /opt/airflow/dags/Crawl_ETL_ITJob.py for tasks to queue
[2026-04-05T12:17:45.506+0000] {logging_mixin.py:190} INFO - [2026-04-05T12:17:45.505+0000] {dagbag.py:588} INFO - Filling up the DagBag from /opt/airflow/dags/Crawl_ETL_ITJob.py
[2026-04-05T12:17:45.549+0000] {processor.py:925} INFO - DAG(s) 'crawl_etl_itjob' retrieved from /opt/airflow/dags/Crawl_ETL_ITJob.py
[2026-04-05T12:17:45.628+0000] {logging_mixin.py:190} INFO - [2026-04-05T12:17:45.628+0000] {dag.py:3239} INFO - Sync 1 DAGs
[2026-04-05T12:17:45.674+0000] {logging_mixin.py:190} INFO - [2026-04-05T12:17:45.674+0000] {dag.py:4180} INFO - Setting next_dagrun for crawl_etl_itjob to 2026-04-05T02:00:00+00:00, run_after=2026-04-06T02:00:00+00:00
[2026-04-05T12:17:45.707+0000] {processor.py:208} INFO - Processing /opt/airflow/dags/Crawl_ETL_ITJob.py took 0.221 seconds
[2026-04-05T12:18:18.948+0000] {processor.py:186} INFO - Started process (PID=986) to work on /opt/airflow/dags/Crawl_ETL_ITJob.py
[2026-04-05T12:18:18.949+0000] {processor.py:914} INFO - Processing file /opt/airflow/dags/Crawl_ETL_ITJob.py for tasks to queue
[2026-04-05T12:18:18.950+0000] {logging_mixin.py:190} INFO - [2026-04-05T12:18:18.950+0000] {dagbag.py:588} INFO - Filling up the DagBag from /opt/airflow/dags/Crawl_ETL_ITJob.py
[2026-04-05T12:18:18.973+0000] {processor.py:925} INFO - DAG(s) 'crawl_etl_itjob' retrieved from /opt/airflow/dags/Crawl_ETL_ITJob.py
[2026-04-05T12:18:19.039+0000] {logging_mixin.py:190} INFO - [2026-04-05T12:18:19.038+0000] {dag.py:3239} INFO - Sync 1 DAGs
[2026-04-05T12:18:19.095+0000] {logging_mixin.py:190} INFO - [2026-04-05T12:18:19.095+0000] {dag.py:4180} INFO - Setting next_dagrun for crawl_etl_itjob to 2026-04-05T02:00:00+00:00, run_after=2026-04-06T02:00:00+00:00
[2026-04-05T12:18:19.138+0000] {processor.py:208} INFO - Processing /opt/airflow/dags/Crawl_ETL_ITJob.py took 0.196 seconds
[2026-04-05T12:18:51.372+0000] {processor.py:186} INFO - Started process (PID=990) to work on /opt/airflow/dags/Crawl_ETL_ITJob.py
[2026-04-05T12:18:51.373+0000] {processor.py:914} INFO - Processing file /opt/airflow/dags/Crawl_ETL_ITJob.py for tasks to queue
[2026-04-05T12:18:51.375+0000] {logging_mixin.py:190} INFO - [2026-04-05T12:18:51.374+0000] {dagbag.py:588} INFO - Filling up the DagBag from /opt/airflow/dags/Crawl_ETL_ITJob.py
[2026-04-05T12:18:51.397+0000] {processor.py:925} INFO - DAG(s) 'crawl_etl_itjob' retrieved from /opt/airflow/dags/Crawl_ETL_ITJob.py
[2026-04-05T12:18:51.443+0000] {logging_mixin.py:190} INFO - [2026-04-05T12:18:51.443+0000] {dag.py:3239} INFO - Sync 1 DAGs
[2026-04-05T12:18:51.483+0000] {logging_mixin.py:190} INFO - [2026-04-05T12:18:51.482+0000] {dag.py:4180} INFO - Setting next_dagrun for crawl_etl_itjob to 2026-04-05T02:00:00+00:00, run_after=2026-04-06T02:00:00+00:00
[2026-04-05T12:18:51.518+0000] {processor.py:208} INFO - Processing /opt/airflow/dags/Crawl_ETL_ITJob.py took 0.152 seconds
[2026-04-05T12:19:23.849+0000] {processor.py:186} INFO - Started process (PID=994) to work on /opt/airflow/dags/Crawl_ETL_ITJob.py
[2026-04-05T12:19:23.850+0000] {processor.py:914} INFO - Processing file /opt/airflow/dags/Crawl_ETL_ITJob.py for tasks to queue
[2026-04-05T12:19:23.851+0000] {logging_mixin.py:190} INFO - [2026-04-05T12:19:23.851+0000] {dagbag.py:588} INFO - Filling up the DagBag from /opt/airflow/dags/Crawl_ETL_ITJob.py
[2026-04-05T12:19:23.870+0000] {processor.py:925} INFO - DAG(s) 'crawl_etl_itjob' retrieved from /opt/airflow/dags/Crawl_ETL_ITJob.py
[2026-04-05T12:19:23.918+0000] {logging_mixin.py:190} INFO - [2026-04-05T12:19:23.918+0000] {dag.py:3239} INFO - Sync 1 DAGs
[2026-04-05T12:19:23.956+0000] {logging_mixin.py:190} INFO - [2026-04-05T12:19:23.956+0000] {dag.py:4180} INFO - Setting next_dagrun for crawl_etl_itjob to 2026-04-05T02:00:00+00:00, run_after=2026-04-06T02:00:00+00:00
[2026-04-05T12:19:23.989+0000] {processor.py:208} INFO - Processing /opt/airflow/dags/Crawl_ETL_ITJob.py took 0.145 seconds
[2026-04-05T12:19:57.308+0000] {processor.py:186} INFO - Started process (PID=998) to work on /opt/airflow/dags/Crawl_ETL_ITJob.py
[2026-04-05T12:19:57.309+0000] {processor.py:914} INFO - Processing file /opt/airflow/dags/Crawl_ETL_ITJob.py for tasks to queue
[2026-04-05T12:19:57.311+0000] {logging_mixin.py:190} INFO - [2026-04-05T12:19:57.310+0000] {dagbag.py:588} INFO - Filling up the DagBag from /opt/airflow/dags/Crawl_ETL_ITJob.py
[2026-04-05T12:19:57.342+0000] {processor.py:925} INFO - DAG(s) 'crawl_etl_itjob' retrieved from /opt/airflow/dags/Crawl_ETL_ITJob.py
[2026-04-05T12:19:57.403+0000] {logging_mixin.py:190} INFO - [2026-04-05T12:19:57.403+0000] {dag.py:3239} INFO - Sync 1 DAGs
[2026-04-05T12:19:57.448+0000] {logging_mixin.py:190} INFO - [2026-04-05T12:19:57.448+0000] {dag.py:4180} INFO - Setting next_dagrun for crawl_etl_itjob to 2026-04-05T02:00:00+00:00, run_after=2026-04-06T02:00:00+00:00
[2026-04-05T12:19:57.504+0000] {processor.py:208} INFO - Processing /opt/airflow/dags/Crawl_ETL_ITJob.py took 0.210 seconds
[2026-04-05T12:20:29.895+0000] {processor.py:186} INFO - Started process (PID=1002) to work on /opt/airflow/dags/Crawl_ETL_ITJob.py
[2026-04-05T12:20:29.896+0000] {processor.py:914} INFO - Processing file /opt/airflow/dags/Crawl_ETL_ITJob.py for tasks to queue
[2026-04-05T12:20:29.897+0000] {logging_mixin.py:190} INFO - [2026-04-05T12:20:29.897+0000] {dagbag.py:588} INFO - Filling up the DagBag from /opt/airflow/dags/Crawl_ETL_ITJob.py
[2026-04-05T12:20:29.923+0000] {processor.py:925} INFO - DAG(s) 'crawl_etl_itjob' retrieved from /opt/airflow/dags/Crawl_ETL_ITJob.py
[2026-04-05T12:20:29.973+0000] {logging_mixin.py:190} INFO - [2026-04-05T12:20:29.973+0000] {dag.py:3239} INFO - Sync 1 DAGs
[2026-04-05T12:20:30.010+0000] {logging_mixin.py:190} INFO - [2026-04-05T12:20:30.009+0000] {dag.py:4180} INFO - Setting next_dagrun for crawl_etl_itjob to 2026-04-05T02:00:00+00:00, run_after=2026-04-06T02:00:00+00:00
[2026-04-05T12:20:30.044+0000] {processor.py:208} INFO - Processing /opt/airflow/dags/Crawl_ETL_ITJob.py took 0.156 seconds
[2026-04-05T12:21:02.280+0000] {processor.py:186} INFO - Started process (PID=1006) to work on /opt/airflow/dags/Crawl_ETL_ITJob.py
[2026-04-05T12:21:02.281+0000] {processor.py:914} INFO - Processing file /opt/airflow/dags/Crawl_ETL_ITJob.py for tasks to queue
[2026-04-05T12:21:02.282+0000] {logging_mixin.py:190} INFO - [2026-04-05T12:21:02.282+0000] {dagbag.py:588} INFO - Filling up the DagBag from /opt/airflow/dags/Crawl_ETL_ITJob.py
[2026-04-05T12:21:02.299+0000] {processor.py:925} INFO - DAG(s) 'crawl_etl_itjob' retrieved from /opt/airflow/dags/Crawl_ETL_ITJob.py
[2026-04-05T12:21:02.341+0000] {logging_mixin.py:190} INFO - [2026-04-05T12:21:02.340+0000] {dag.py:3239} INFO - Sync 1 DAGs
[2026-04-05T12:21:02.379+0000] {logging_mixin.py:190} INFO - [2026-04-05T12:21:02.378+0000] {dag.py:4180} INFO - Setting next_dagrun for crawl_etl_itjob to 2026-04-05T02:00:00+00:00, run_after=2026-04-06T02:00:00+00:00
[2026-04-05T12:21:02.411+0000] {processor.py:208} INFO - Processing /opt/airflow/dags/Crawl_ETL_ITJob.py took 0.137 seconds
[2026-04-05T12:21:35.608+0000] {processor.py:186} INFO - Started process (PID=1010) to work on /opt/airflow/dags/Crawl_ETL_ITJob.py
[2026-04-05T12:21:35.609+0000] {processor.py:914} INFO - Processing file /opt/airflow/dags/Crawl_ETL_ITJob.py for tasks to queue
[2026-04-05T12:21:35.613+0000] {logging_mixin.py:190} INFO - [2026-04-05T12:21:35.613+0000] {dagbag.py:588} INFO - Filling up the DagBag from /opt/airflow/dags/Crawl_ETL_ITJob.py
[2026-04-05T12:21:35.650+0000] {processor.py:925} INFO - DAG(s) 'crawl_etl_itjob' retrieved from /opt/airflow/dags/Crawl_ETL_ITJob.py
[2026-04-05T12:21:35.712+0000] {logging_mixin.py:190} INFO - [2026-04-05T12:21:35.712+0000] {dag.py:3239} INFO - Sync 1 DAGs
[2026-04-05T12:21:35.749+0000] {logging_mixin.py:190} INFO - [2026-04-05T12:21:35.749+0000] {dag.py:4180} INFO - Setting next_dagrun for crawl_etl_itjob to 2026-04-05T02:00:00+00:00, run_after=2026-04-06T02:00:00+00:00
[2026-04-05T12:21:35.789+0000] {processor.py:208} INFO - Processing /opt/airflow/dags/Crawl_ETL_ITJob.py took 0.194 seconds
[2026-04-05T12:22:08.038+0000] {processor.py:186} INFO - Started process (PID=1014) to work on /opt/airflow/dags/Crawl_ETL_ITJob.py
[2026-04-05T12:22:08.038+0000] {processor.py:914} INFO - Processing file /opt/airflow/dags/Crawl_ETL_ITJob.py for tasks to queue
[2026-04-05T12:22:08.039+0000] {logging_mixin.py:190} INFO - [2026-04-05T12:22:08.039+0000] {dagbag.py:588} INFO - Filling up the DagBag from /opt/airflow/dags/Crawl_ETL_ITJob.py
[2026-04-05T12:22:08.057+0000] {processor.py:925} INFO - DAG(s) 'crawl_etl_itjob' retrieved from /opt/airflow/dags/Crawl_ETL_ITJob.py
[2026-04-05T12:22:08.095+0000] {logging_mixin.py:190} INFO - [2026-04-05T12:22:08.095+0000] {dag.py:3239} INFO - Sync 1 DAGs
[2026-04-05T12:22:08.131+0000] {logging_mixin.py:190} INFO - [2026-04-05T12:22:08.131+0000] {dag.py:4180} INFO - Setting next_dagrun for crawl_etl_itjob to 2026-04-05T02:00:00+00:00, run_after=2026-04-06T02:00:00+00:00
[2026-04-05T12:22:08.162+0000] {processor.py:208} INFO - Processing /opt/airflow/dags/Crawl_ETL_ITJob.py took 0.129 seconds
[2026-04-05T12:22:40.610+0000] {processor.py:186} INFO - Started process (PID=1018) to work on /opt/airflow/dags/Crawl_ETL_ITJob.py
[2026-04-05T12:22:40.611+0000] {processor.py:914} INFO - Processing file /opt/airflow/dags/Crawl_ETL_ITJob.py for tasks to queue
[2026-04-05T12:22:40.613+0000] {logging_mixin.py:190} INFO - [2026-04-05T12:22:40.613+0000] {dagbag.py:588} INFO - Filling up the DagBag from /opt/airflow/dags/Crawl_ETL_ITJob.py
[2026-04-05T12:22:40.641+0000] {processor.py:925} INFO - DAG(s) 'crawl_etl_itjob' retrieved from /opt/airflow/dags/Crawl_ETL_ITJob.py
[2026-04-05T12:22:40.695+0000] {logging_mixin.py:190} INFO - [2026-04-05T12:22:40.695+0000] {dag.py:3239} INFO - Sync 1 DAGs
[2026-04-05T12:22:40.745+0000] {logging_mixin.py:190} INFO - [2026-04-05T12:22:40.745+0000] {dag.py:4180} INFO - Setting next_dagrun for crawl_etl_itjob to 2026-04-05T02:00:00+00:00, run_after=2026-04-06T02:00:00+00:00
[2026-04-05T12:22:40.781+0000] {processor.py:208} INFO - Processing /opt/airflow/dags/Crawl_ETL_ITJob.py took 0.180 seconds
[2026-04-05T12:23:14.012+0000] {processor.py:186} INFO - Started process (PID=1022) to work on /opt/airflow/dags/Crawl_ETL_ITJob.py
[2026-04-05T12:23:14.012+0000] {processor.py:914} INFO - Processing file /opt/airflow/dags/Crawl_ETL_ITJob.py for tasks to queue
[2026-04-05T12:23:14.015+0000] {logging_mixin.py:190} INFO - [2026-04-05T12:23:14.014+0000] {dagbag.py:588} INFO - Filling up the DagBag from /opt/airflow/dags/Crawl_ETL_ITJob.py
[2026-04-05T12:23:14.037+0000] {processor.py:925} INFO - DAG(s) 'crawl_etl_itjob' retrieved from /opt/airflow/dags/Crawl_ETL_ITJob.py
[2026-04-05T12:23:14.093+0000] {logging_mixin.py:190} INFO - [2026-04-05T12:23:14.093+0000] {dag.py:3239} INFO - Sync 1 DAGs
[2026-04-05T12:23:14.126+0000] {logging_mixin.py:190} INFO - [2026-04-05T12:23:14.126+0000] {dag.py:4180} INFO - Setting next_dagrun for crawl_etl_itjob to 2026-04-05T02:00:00+00:00, run_after=2026-04-06T02:00:00+00:00
[2026-04-05T12:23:14.157+0000] {processor.py:208} INFO - Processing /opt/airflow/dags/Crawl_ETL_ITJob.py took 0.151 seconds
[2026-04-05T12:23:46.386+0000] {processor.py:186} INFO - Started process (PID=1026) to work on /opt/airflow/dags/Crawl_ETL_ITJob.py
[2026-04-05T12:23:46.387+0000] {processor.py:914} INFO - Processing file /opt/airflow/dags/Crawl_ETL_ITJob.py for tasks to queue
[2026-04-05T12:23:46.388+0000] {logging_mixin.py:190} INFO - [2026-04-05T12:23:46.388+0000] {dagbag.py:588} INFO - Filling up the DagBag from /opt/airflow/dags/Crawl_ETL_ITJob.py
[2026-04-05T12:23:46.407+0000] {processor.py:925} INFO - DAG(s) 'crawl_etl_itjob' retrieved from /opt/airflow/dags/Crawl_ETL_ITJob.py
[2026-04-05T12:23:46.447+0000] {logging_mixin.py:190} INFO - [2026-04-05T12:23:46.447+0000] {dag.py:3239} INFO - Sync 1 DAGs
[2026-04-05T12:23:46.486+0000] {logging_mixin.py:190} INFO - [2026-04-05T12:23:46.486+0000] {dag.py:4180} INFO - Setting next_dagrun for crawl_etl_itjob to 2026-04-05T02:00:00+00:00, run_after=2026-04-06T02:00:00+00:00
[2026-04-05T12:23:46.519+0000] {processor.py:208} INFO - Processing /opt/airflow/dags/Crawl_ETL_ITJob.py took 0.139 seconds
[2026-04-05T12:24:19.715+0000] {processor.py:186} INFO - Started process (PID=1030) to work on /opt/airflow/dags/Crawl_ETL_ITJob.py
[2026-04-05T12:24:19.715+0000] {processor.py:914} INFO - Processing file /opt/airflow/dags/Crawl_ETL_ITJob.py for tasks to queue
[2026-04-05T12:24:19.716+0000] {logging_mixin.py:190} INFO - [2026-04-05T12:24:19.716+0000] {dagbag.py:588} INFO - Filling up the DagBag from /opt/airflow/dags/Crawl_ETL_ITJob.py
[2026-04-05T12:24:19.733+0000] {processor.py:925} INFO - DAG(s) 'crawl_etl_itjob' retrieved from /opt/airflow/dags/Crawl_ETL_ITJob.py
[2026-04-05T12:24:19.771+0000] {logging_mixin.py:190} INFO - [2026-04-05T12:24:19.771+0000] {dag.py:3239} INFO - Sync 1 DAGs
[2026-04-05T12:24:19.803+0000] {logging_mixin.py:190} INFO - [2026-04-05T12:24:19.802+0000] {dag.py:4180} INFO - Setting next_dagrun for crawl_etl_itjob to 2026-04-05T02:00:00+00:00, run_after=2026-04-06T02:00:00+00:00
[2026-04-05T12:24:19.836+0000] {processor.py:208} INFO - Processing /opt/airflow/dags/Crawl_ETL_ITJob.py took 0.127 seconds
[2026-04-05T12:24:52.086+0000] {processor.py:186} INFO - Started process (PID=1034) to work on /opt/airflow/dags/Crawl_ETL_ITJob.py
[2026-04-05T12:24:52.086+0000] {processor.py:914} INFO - Processing file /opt/airflow/dags/Crawl_ETL_ITJob.py for tasks to queue
[2026-04-05T12:24:52.088+0000] {logging_mixin.py:190} INFO - [2026-04-05T12:24:52.088+0000] {dagbag.py:588} INFO - Filling up the DagBag from /opt/airflow/dags/Crawl_ETL_ITJob.py
[2026-04-05T12:24:52.108+0000] {processor.py:925} INFO - DAG(s) 'crawl_etl_itjob' retrieved from /opt/airflow/dags/Crawl_ETL_ITJob.py
[2026-04-05T12:24:52.150+0000] {logging_mixin.py:190} INFO - [2026-04-05T12:24:52.149+0000] {dag.py:3239} INFO - Sync 1 DAGs
[2026-04-05T12:24:52.189+0000] {logging_mixin.py:190} INFO - [2026-04-05T12:24:52.189+0000] {dag.py:4180} INFO - Setting next_dagrun for crawl_etl_itjob to 2026-04-05T02:00:00+00:00, run_after=2026-04-06T02:00:00+00:00
[2026-04-05T12:24:52.227+0000] {processor.py:208} INFO - Processing /opt/airflow/dags/Crawl_ETL_ITJob.py took 0.148 seconds
[2026-04-05T12:25:25.438+0000] {processor.py:186} INFO - Started process (PID=1038) to work on /opt/airflow/dags/Crawl_ETL_ITJob.py
[2026-04-05T12:25:25.442+0000] {processor.py:914} INFO - Processing file /opt/airflow/dags/Crawl_ETL_ITJob.py for tasks to queue
[2026-04-05T12:25:25.444+0000] {logging_mixin.py:190} INFO - [2026-04-05T12:25:25.443+0000] {dagbag.py:588} INFO - Filling up the DagBag from /opt/airflow/dags/Crawl_ETL_ITJob.py
[2026-04-05T12:25:25.462+0000] {processor.py:925} INFO - DAG(s) 'crawl_etl_itjob' retrieved from /opt/airflow/dags/Crawl_ETL_ITJob.py
[2026-04-05T12:25:25.499+0000] {logging_mixin.py:190} INFO - [2026-04-05T12:25:25.498+0000] {dag.py:3239} INFO - Sync 1 DAGs
[2026-04-05T12:25:25.533+0000] {logging_mixin.py:190} INFO - [2026-04-05T12:25:25.533+0000] {dag.py:4180} INFO - Setting next_dagrun for crawl_etl_itjob to 2026-04-05T02:00:00+00:00, run_after=2026-04-06T02:00:00+00:00
[2026-04-05T12:25:25.569+0000] {processor.py:208} INFO - Processing /opt/airflow/dags/Crawl_ETL_ITJob.py took 0.136 seconds
[2026-04-05T12:25:58.003+0000] {processor.py:186} INFO - Started process (PID=1042) to work on /opt/airflow/dags/Crawl_ETL_ITJob.py
[2026-04-05T12:25:58.004+0000] {processor.py:914} INFO - Processing file /opt/airflow/dags/Crawl_ETL_ITJob.py for tasks to queue
[2026-04-05T12:25:58.005+0000] {logging_mixin.py:190} INFO - [2026-04-05T12:25:58.005+0000] {dagbag.py:588} INFO - Filling up the DagBag from /opt/airflow/dags/Crawl_ETL_ITJob.py
[2026-04-05T12:25:58.024+0000] {processor.py:925} INFO - DAG(s) 'crawl_etl_itjob' retrieved from /opt/airflow/dags/Crawl_ETL_ITJob.py
[2026-04-05T12:25:58.066+0000] {logging_mixin.py:190} INFO - [2026-04-05T12:25:58.066+0000] {dag.py:3239} INFO - Sync 1 DAGs
[2026-04-05T12:25:58.098+0000] {logging_mixin.py:190} INFO - [2026-04-05T12:25:58.098+0000] {dag.py:4180} INFO - Setting next_dagrun for crawl_etl_itjob to 2026-04-05T02:00:00+00:00, run_after=2026-04-06T02:00:00+00:00
[2026-04-05T12:25:58.127+0000] {processor.py:208} INFO - Processing /opt/airflow/dags/Crawl_ETL_ITJob.py took 0.130 seconds
[2026-04-05T12:26:30.330+0000] {processor.py:186} INFO - Started process (PID=1046) to work on /opt/airflow/dags/Crawl_ETL_ITJob.py
[2026-04-05T12:26:30.331+0000] {processor.py:914} INFO - Processing file /opt/airflow/dags/Crawl_ETL_ITJob.py for tasks to queue
[2026-04-05T12:26:30.332+0000] {logging_mixin.py:190} INFO - [2026-04-05T12:26:30.332+0000] {dagbag.py:588} INFO - Filling up the DagBag from /opt/airflow/dags/Crawl_ETL_ITJob.py
[2026-04-05T12:26:30.350+0000] {processor.py:925} INFO - DAG(s) 'crawl_etl_itjob' retrieved from /opt/airflow/dags/Crawl_ETL_ITJob.py
[2026-04-05T12:26:30.386+0000] {logging_mixin.py:190} INFO - [2026-04-05T12:26:30.386+0000] {dag.py:3239} INFO - Sync 1 DAGs
[2026-04-05T12:26:30.420+0000] {logging_mixin.py:190} INFO - [2026-04-05T12:26:30.420+0000] {dag.py:4180} INFO - Setting next_dagrun for crawl_etl_itjob to 2026-04-05T02:00:00+00:00, run_after=2026-04-06T02:00:00+00:00
[2026-04-05T12:26:30.458+0000] {processor.py:208} INFO - Processing /opt/airflow/dags/Crawl_ETL_ITJob.py took 0.134 seconds
[2026-04-05T12:27:03.666+0000] {processor.py:186} INFO - Started process (PID=1050) to work on /opt/airflow/dags/Crawl_ETL_ITJob.py
[2026-04-05T12:27:03.667+0000] {processor.py:914} INFO - Processing file /opt/airflow/dags/Crawl_ETL_ITJob.py for tasks to queue
[2026-04-05T12:27:03.668+0000] {logging_mixin.py:190} INFO - [2026-04-05T12:27:03.668+0000] {dagbag.py:588} INFO - Filling up the DagBag from /opt/airflow/dags/Crawl_ETL_ITJob.py
[2026-04-05T12:27:03.685+0000] {processor.py:925} INFO - DAG(s) 'crawl_etl_itjob' retrieved from /opt/airflow/dags/Crawl_ETL_ITJob.py
[2026-04-05T12:27:03.725+0000] {logging_mixin.py:190} INFO - [2026-04-05T12:27:03.725+0000] {dag.py:3239} INFO - Sync 1 DAGs
[2026-04-05T12:27:03.767+0000] {logging_mixin.py:190} INFO - [2026-04-05T12:27:03.766+0000] {dag.py:4180} INFO - Setting next_dagrun for crawl_etl_itjob to 2026-04-05T02:00:00+00:00, run_after=2026-04-06T02:00:00+00:00
[2026-04-05T12:27:03.803+0000] {processor.py:208} INFO - Processing /opt/airflow/dags/Crawl_ETL_ITJob.py took 0.142 seconds
[2026-04-05T12:27:36.160+0000] {processor.py:186} INFO - Started process (PID=1054) to work on /opt/airflow/dags/Crawl_ETL_ITJob.py
[2026-04-05T12:27:36.160+0000] {processor.py:914} INFO - Processing file /opt/airflow/dags/Crawl_ETL_ITJob.py for tasks to queue
[2026-04-05T12:27:36.162+0000] {logging_mixin.py:190} INFO - [2026-04-05T12:27:36.162+0000] {dagbag.py:588} INFO - Filling up the DagBag from /opt/airflow/dags/Crawl_ETL_ITJob.py
[2026-04-05T12:27:36.184+0000] {processor.py:925} INFO - DAG(s) 'crawl_etl_itjob' retrieved from /opt/airflow/dags/Crawl_ETL_ITJob.py
[2026-04-05T12:27:36.239+0000] {logging_mixin.py:190} INFO - [2026-04-05T12:27:36.239+0000] {dag.py:3239} INFO - Sync 1 DAGs
[2026-04-05T12:27:36.273+0000] {logging_mixin.py:190} INFO - [2026-04-05T12:27:36.273+0000] {dag.py:4180} INFO - Setting next_dagrun for crawl_etl_itjob to 2026-04-05T02:00:00+00:00, run_after=2026-04-06T02:00:00+00:00
[2026-04-05T12:27:36.302+0000] {processor.py:208} INFO - Processing /opt/airflow/dags/Crawl_ETL_ITJob.py took 0.152 seconds
[2026-04-05T12:28:08.623+0000] {processor.py:186} INFO - Started process (PID=1058) to work on /opt/airflow/dags/Crawl_ETL_ITJob.py
[2026-04-05T12:28:08.624+0000] {processor.py:914} INFO - Processing file /opt/airflow/dags/Crawl_ETL_ITJob.py for tasks to queue
[2026-04-05T12:28:08.625+0000] {logging_mixin.py:190} INFO - [2026-04-05T12:28:08.625+0000] {dagbag.py:588} INFO - Filling up the DagBag from /opt/airflow/dags/Crawl_ETL_ITJob.py
[2026-04-05T12:28:08.643+0000] {processor.py:925} INFO - DAG(s) 'crawl_etl_itjob' retrieved from /opt/airflow/dags/Crawl_ETL_ITJob.py
[2026-04-05T12:28:08.682+0000] {logging_mixin.py:190} INFO - [2026-04-05T12:28:08.681+0000] {dag.py:3239} INFO - Sync 1 DAGs
[2026-04-05T12:28:08.730+0000] {logging_mixin.py:190} INFO - [2026-04-05T12:28:08.730+0000] {dag.py:4180} INFO - Setting next_dagrun for crawl_etl_itjob to 2026-04-05T02:00:00+00:00, run_after=2026-04-06T02:00:00+00:00
[2026-04-05T12:28:08.765+0000] {processor.py:208} INFO - Processing /opt/airflow/dags/Crawl_ETL_ITJob.py took 0.147 seconds
[2026-04-05T12:28:41.996+0000] {processor.py:186} INFO - Started process (PID=1062) to work on /opt/airflow/dags/Crawl_ETL_ITJob.py
[2026-04-05T12:28:41.999+0000] {processor.py:914} INFO - Processing file /opt/airflow/dags/Crawl_ETL_ITJob.py for tasks to queue
[2026-04-05T12:28:42.000+0000] {logging_mixin.py:190} INFO - [2026-04-05T12:28:42.000+0000] {dagbag.py:588} INFO - Filling up the DagBag from /opt/airflow/dags/Crawl_ETL_ITJob.py
[2026-04-05T12:28:42.017+0000] {processor.py:925} INFO - DAG(s) 'crawl_etl_itjob' retrieved from /opt/airflow/dags/Crawl_ETL_ITJob.py
[2026-04-05T12:28:42.056+0000] {logging_mixin.py:190} INFO - [2026-04-05T12:28:42.056+0000] {dag.py:3239} INFO - Sync 1 DAGs
[2026-04-05T12:28:42.087+0000] {logging_mixin.py:190} INFO - [2026-04-05T12:28:42.087+0000] {dag.py:4180} INFO - Setting next_dagrun for crawl_etl_itjob to 2026-04-05T02:00:00+00:00, run_after=2026-04-06T02:00:00+00:00
[2026-04-05T12:28:42.117+0000] {processor.py:208} INFO - Processing /opt/airflow/dags/Crawl_ETL_ITJob.py took 0.126 seconds
[2026-04-05T12:29:14.334+0000] {processor.py:186} INFO - Started process (PID=1066) to work on /opt/airflow/dags/Crawl_ETL_ITJob.py
[2026-04-05T12:29:14.340+0000] {processor.py:914} INFO - Processing file /opt/airflow/dags/Crawl_ETL_ITJob.py for tasks to queue
[2026-04-05T12:29:14.341+0000] {logging_mixin.py:190} INFO - [2026-04-05T12:29:14.341+0000] {dagbag.py:588} INFO - Filling up the DagBag from /opt/airflow/dags/Crawl_ETL_ITJob.py
[2026-04-05T12:29:14.360+0000] {processor.py:925} INFO - DAG(s) 'crawl_etl_itjob' retrieved from /opt/airflow/dags/Crawl_ETL_ITJob.py
[2026-04-05T12:29:14.402+0000] {logging_mixin.py:190} INFO - [2026-04-05T12:29:14.402+0000] {dag.py:3239} INFO - Sync 1 DAGs
[2026-04-05T12:29:14.437+0000] {logging_mixin.py:190} INFO - [2026-04-05T12:29:14.437+0000] {dag.py:4180} INFO - Setting next_dagrun for crawl_etl_itjob to 2026-04-05T02:00:00+00:00, run_after=2026-04-06T02:00:00+00:00
[2026-04-05T12:29:14.470+0000] {processor.py:208} INFO - Processing /opt/airflow/dags/Crawl_ETL_ITJob.py took 0.143 seconds
[2026-04-05T12:29:47.685+0000] {processor.py:186} INFO - Started process (PID=1070) to work on /opt/airflow/dags/Crawl_ETL_ITJob.py
[2026-04-05T12:29:47.686+0000] {processor.py:914} INFO - Processing file /opt/airflow/dags/Crawl_ETL_ITJob.py for tasks to queue
[2026-04-05T12:29:47.687+0000] {logging_mixin.py:190} INFO - [2026-04-05T12:29:47.687+0000] {dagbag.py:588} INFO - Filling up the DagBag from /opt/airflow/dags/Crawl_ETL_ITJob.py
[2026-04-05T12:29:47.704+0000] {processor.py:925} INFO - DAG(s) 'crawl_etl_itjob' retrieved from /opt/airflow/dags/Crawl_ETL_ITJob.py
[2026-04-05T12:29:47.741+0000] {logging_mixin.py:190} INFO - [2026-04-05T12:29:47.741+0000] {dag.py:3239} INFO - Sync 1 DAGs
[2026-04-05T12:29:47.776+0000] {logging_mixin.py:190} INFO - [2026-04-05T12:29:47.776+0000] {dag.py:4180} INFO - Setting next_dagrun for crawl_etl_itjob to 2026-04-05T02:00:00+00:00, run_after=2026-04-06T02:00:00+00:00
[2026-04-05T12:29:47.804+0000] {processor.py:208} INFO - Processing /opt/airflow/dags/Crawl_ETL_ITJob.py took 0.125 seconds
[2026-04-05T12:30:20.028+0000] {processor.py:186} INFO - Started process (PID=1074) to work on /opt/airflow/dags/Crawl_ETL_ITJob.py
[2026-04-05T12:30:20.028+0000] {processor.py:914} INFO - Processing file /opt/airflow/dags/Crawl_ETL_ITJob.py for tasks to queue
[2026-04-05T12:30:20.029+0000] {logging_mixin.py:190} INFO - [2026-04-05T12:30:20.029+0000] {dagbag.py:588} INFO - Filling up the DagBag from /opt/airflow/dags/Crawl_ETL_ITJob.py
[2026-04-05T12:30:20.046+0000] {processor.py:925} INFO - DAG(s) 'crawl_etl_itjob' retrieved from /opt/airflow/dags/Crawl_ETL_ITJob.py
[2026-04-05T12:30:20.087+0000] {logging_mixin.py:190} INFO - [2026-04-05T12:30:20.087+0000] {dag.py:3239} INFO - Sync 1 DAGs
[2026-04-05T12:30:20.121+0000] {logging_mixin.py:190} INFO - [2026-04-05T12:30:20.121+0000] {dag.py:4180} INFO - Setting next_dagrun for crawl_etl_itjob to 2026-04-05T02:00:00+00:00, run_after=2026-04-06T02:00:00+00:00
[2026-04-05T12:30:20.150+0000] {processor.py:208} INFO - Processing /opt/airflow/dags/Crawl_ETL_ITJob.py took 0.128 seconds
[2026-04-05T12:30:53.370+0000] {processor.py:186} INFO - Started process (PID=1078) to work on /opt/airflow/dags/Crawl_ETL_ITJob.py
[2026-04-05T12:30:53.371+0000] {processor.py:914} INFO - Processing file /opt/airflow/dags/Crawl_ETL_ITJob.py for tasks to queue
[2026-04-05T12:30:53.372+0000] {logging_mixin.py:190} INFO - [2026-04-05T12:30:53.372+0000] {dagbag.py:588} INFO - Filling up the DagBag from /opt/airflow/dags/Crawl_ETL_ITJob.py
[2026-04-05T12:30:53.393+0000] {processor.py:925} INFO - DAG(s) 'crawl_etl_itjob' retrieved from /opt/airflow/dags/Crawl_ETL_ITJob.py
[2026-04-05T12:30:53.435+0000] {logging_mixin.py:190} INFO - [2026-04-05T12:30:53.434+0000] {dag.py:3239} INFO - Sync 1 DAGs
[2026-04-05T12:30:53.468+0000] {logging_mixin.py:190} INFO - [2026-04-05T12:30:53.468+0000] {dag.py:4180} INFO - Setting next_dagrun for crawl_etl_itjob to 2026-04-05T02:00:00+00:00, run_after=2026-04-06T02:00:00+00:00
[2026-04-05T12:30:53.498+0000] {processor.py:208} INFO - Processing /opt/airflow/dags/Crawl_ETL_ITJob.py took 0.134 seconds
[2026-04-05T12:31:25.653+0000] {processor.py:186} INFO - Started process (PID=1082) to work on /opt/airflow/dags/Crawl_ETL_ITJob.py
[2026-04-05T12:31:25.653+0000] {processor.py:914} INFO - Processing file /opt/airflow/dags/Crawl_ETL_ITJob.py for tasks to queue
[2026-04-05T12:31:25.655+0000] {logging_mixin.py:190} INFO - [2026-04-05T12:31:25.654+0000] {dagbag.py:588} INFO - Filling up the DagBag from /opt/airflow/dags/Crawl_ETL_ITJob.py
[2026-04-05T12:31:25.675+0000] {processor.py:925} INFO - DAG(s) 'crawl_etl_itjob' retrieved from /opt/airflow/dags/Crawl_ETL_ITJob.py
[2026-04-05T12:31:25.713+0000] {logging_mixin.py:190} INFO - [2026-04-05T12:31:25.713+0000] {dag.py:3239} INFO - Sync 1 DAGs
[2026-04-05T12:31:25.747+0000] {logging_mixin.py:190} INFO - [2026-04-05T12:31:25.747+0000] {dag.py:4180} INFO - Setting next_dagrun for crawl_etl_itjob to 2026-04-05T02:00:00+00:00, run_after=2026-04-06T02:00:00+00:00
[2026-04-05T12:31:25.778+0000] {processor.py:208} INFO - Processing /opt/airflow/dags/Crawl_ETL_ITJob.py took 0.131 seconds
[2026-04-05T12:31:58.417+0000] {processor.py:186} INFO - Started process (PID=1086) to work on /opt/airflow/dags/Crawl_ETL_ITJob.py
[2026-04-05T12:31:58.418+0000] {processor.py:914} INFO - Processing file /opt/airflow/dags/Crawl_ETL_ITJob.py for tasks to queue
[2026-04-05T12:31:58.420+0000] {logging_mixin.py:190} INFO - [2026-04-05T12:31:58.419+0000] {dagbag.py:588} INFO - Filling up the DagBag from /opt/airflow/dags/Crawl_ETL_ITJob.py
[2026-04-05T12:31:58.445+0000] {processor.py:925} INFO - DAG(s) 'crawl_etl_itjob' retrieved from /opt/airflow/dags/Crawl_ETL_ITJob.py
[2026-04-05T12:31:58.493+0000] {logging_mixin.py:190} INFO - [2026-04-05T12:31:58.493+0000] {dag.py:3239} INFO - Sync 1 DAGs
[2026-04-05T12:31:58.581+0000] {processor.py:208} INFO - Processing /opt/airflow/dags/Crawl_ETL_ITJob.py took 0.172 seconds
[2026-04-05T12:32:31.408+0000] {processor.py:186} INFO - Started process (PID=1090) to work on /opt/airflow/dags/Crawl_ETL_ITJob.py
[2026-04-05T12:32:31.416+0000] {processor.py:914} INFO - Processing file /opt/airflow/dags/Crawl_ETL_ITJob.py for tasks to queue
[2026-04-05T12:32:31.432+0000] {logging_mixin.py:190} INFO - [2026-04-05T12:32:31.430+0000] {dagbag.py:588} INFO - Filling up the DagBag from /opt/airflow/dags/Crawl_ETL_ITJob.py
[2026-04-05T12:32:31.610+0000] {processor.py:925} INFO - DAG(s) 'crawl_etl_itjob' retrieved from /opt/airflow/dags/Crawl_ETL_ITJob.py
[2026-04-05T12:32:31.867+0000] {logging_mixin.py:190} INFO - [2026-04-05T12:32:31.867+0000] {dag.py:3239} INFO - Sync 1 DAGs
[2026-04-05T12:32:32.119+0000] {processor.py:208} INFO - Processing /opt/airflow/dags/Crawl_ETL_ITJob.py took 0.827 seconds
[2026-04-05T12:33:05.000+0000] {processor.py:186} INFO - Started process (PID=1094) to work on /opt/airflow/dags/Crawl_ETL_ITJob.py
[2026-04-05T12:33:05.011+0000] {processor.py:914} INFO - Processing file /opt/airflow/dags/Crawl_ETL_ITJob.py for tasks to queue
[2026-04-05T12:33:05.020+0000] {logging_mixin.py:190} INFO - [2026-04-05T12:33:05.020+0000] {dagbag.py:588} INFO - Filling up the DagBag from /opt/airflow/dags/Crawl_ETL_ITJob.py
[2026-04-05T12:33:05.140+0000] {processor.py:925} INFO - DAG(s) 'crawl_etl_itjob' retrieved from /opt/airflow/dags/Crawl_ETL_ITJob.py
[2026-04-05T12:33:05.328+0000] {logging_mixin.py:190} INFO - [2026-04-05T12:33:05.327+0000] {dag.py:3239} INFO - Sync 1 DAGs
[2026-04-05T12:33:05.539+0000] {processor.py:208} INFO - Processing /opt/airflow/dags/Crawl_ETL_ITJob.py took 0.583 seconds
[2026-04-05T12:33:37.254+0000] {processor.py:186} INFO - Started process (PID=1098) to work on /opt/airflow/dags/Crawl_ETL_ITJob.py
[2026-04-05T12:33:37.256+0000] {processor.py:914} INFO - Processing file /opt/airflow/dags/Crawl_ETL_ITJob.py for tasks to queue
[2026-04-05T12:33:37.263+0000] {logging_mixin.py:190} INFO - [2026-04-05T12:33:37.261+0000] {dagbag.py:588} INFO - Filling up the DagBag from /opt/airflow/dags/Crawl_ETL_ITJob.py
[2026-04-05T12:33:37.459+0000] {processor.py:925} INFO - DAG(s) 'crawl_etl_itjob' retrieved from /opt/airflow/dags/Crawl_ETL_ITJob.py
[2026-04-05T12:33:37.628+0000] {logging_mixin.py:190} INFO - [2026-04-05T12:33:37.627+0000] {dag.py:3239} INFO - Sync 1 DAGs
[2026-04-05T12:33:37.914+0000] {processor.py:208} INFO - Processing /opt/airflow/dags/Crawl_ETL_ITJob.py took 0.715 seconds
[2026-04-05T12:34:09.849+0000] {processor.py:186} INFO - Started process (PID=1102) to work on /opt/airflow/dags/Crawl_ETL_ITJob.py
[2026-04-05T12:34:09.861+0000] {processor.py:914} INFO - Processing file /opt/airflow/dags/Crawl_ETL_ITJob.py for tasks to queue
[2026-04-05T12:34:09.871+0000] {logging_mixin.py:190} INFO - [2026-04-05T12:34:09.870+0000] {dagbag.py:588} INFO - Filling up the DagBag from /opt/airflow/dags/Crawl_ETL_ITJob.py
[2026-04-05T12:34:09.930+0000] {processor.py:925} INFO - DAG(s) 'crawl_etl_itjob' retrieved from /opt/airflow/dags/Crawl_ETL_ITJob.py
[2026-04-05T12:34:10.022+0000] {logging_mixin.py:190} INFO - [2026-04-05T12:34:10.021+0000] {dag.py:3239} INFO - Sync 1 DAGs
[2026-04-05T12:34:10.192+0000] {processor.py:208} INFO - Processing /opt/airflow/dags/Crawl_ETL_ITJob.py took 0.396 seconds
[2026-04-05T12:34:42.648+0000] {processor.py:186} INFO - Started process (PID=1106) to work on /opt/airflow/dags/Crawl_ETL_ITJob.py
[2026-04-05T12:34:42.649+0000] {processor.py:914} INFO - Processing file /opt/airflow/dags/Crawl_ETL_ITJob.py for tasks to queue
[2026-04-05T12:34:42.652+0000] {logging_mixin.py:190} INFO - [2026-04-05T12:34:42.652+0000] {dagbag.py:588} INFO - Filling up the DagBag from /opt/airflow/dags/Crawl_ETL_ITJob.py
[2026-04-05T12:34:42.681+0000] {processor.py:925} INFO - DAG(s) 'crawl_etl_itjob' retrieved from /opt/airflow/dags/Crawl_ETL_ITJob.py
[2026-04-05T12:34:42.738+0000] {logging_mixin.py:190} INFO - [2026-04-05T12:34:42.738+0000] {dag.py:3239} INFO - Sync 1 DAGs
[2026-04-05T12:34:42.783+0000] {logging_mixin.py:190} INFO - [2026-04-05T12:34:42.783+0000] {dag.py:4180} INFO - Setting next_dagrun for crawl_etl_itjob to 2026-04-05T02:00:00+00:00, run_after=2026-04-06T02:00:00+00:00
[2026-04-05T12:34:42.817+0000] {processor.py:208} INFO - Processing /opt/airflow/dags/Crawl_ETL_ITJob.py took 0.185 seconds
[2026-04-05T12:35:15.241+0000] {processor.py:186} INFO - Started process (PID=1110) to work on /opt/airflow/dags/Crawl_ETL_ITJob.py
[2026-04-05T12:35:15.242+0000] {processor.py:914} INFO - Processing file /opt/airflow/dags/Crawl_ETL_ITJob.py for tasks to queue
[2026-04-05T12:35:15.244+0000] {logging_mixin.py:190} INFO - [2026-04-05T12:35:15.243+0000] {dagbag.py:588} INFO - Filling up the DagBag from /opt/airflow/dags/Crawl_ETL_ITJob.py
[2026-04-05T12:35:15.266+0000] {processor.py:925} INFO - DAG(s) 'crawl_etl_itjob' retrieved from /opt/airflow/dags/Crawl_ETL_ITJob.py
[2026-04-05T12:35:15.313+0000] {logging_mixin.py:190} INFO - [2026-04-05T12:35:15.313+0000] {dag.py:3239} INFO - Sync 1 DAGs
[2026-04-05T12:35:15.351+0000] {logging_mixin.py:190} INFO - [2026-04-05T12:35:15.351+0000] {dag.py:4180} INFO - Setting next_dagrun for crawl_etl_itjob to 2026-04-05T02:00:00+00:00, run_after=2026-04-06T02:00:00+00:00
[2026-04-05T12:35:15.388+0000] {processor.py:208} INFO - Processing /opt/airflow/dags/Crawl_ETL_ITJob.py took 0.153 seconds
[2026-04-05T12:35:48.834+0000] {processor.py:186} INFO - Started process (PID=1114) to work on /opt/airflow/dags/Crawl_ETL_ITJob.py
[2026-04-05T12:35:48.835+0000] {processor.py:914} INFO - Processing file /opt/airflow/dags/Crawl_ETL_ITJob.py for tasks to queue
[2026-04-05T12:35:48.836+0000] {logging_mixin.py:190} INFO - [2026-04-05T12:35:48.836+0000] {dagbag.py:588} INFO - Filling up the DagBag from /opt/airflow/dags/Crawl_ETL_ITJob.py
[2026-04-05T12:35:48.862+0000] {processor.py:925} INFO - DAG(s) 'crawl_etl_itjob' retrieved from /opt/airflow/dags/Crawl_ETL_ITJob.py
[2026-04-05T12:35:48.913+0000] {logging_mixin.py:190} INFO - [2026-04-05T12:35:48.913+0000] {dag.py:3239} INFO - Sync 1 DAGs
[2026-04-05T12:35:48.954+0000] {logging_mixin.py:190} INFO - [2026-04-05T12:35:48.954+0000] {dag.py:4180} INFO - Setting next_dagrun for crawl_etl_itjob to 2026-04-05T02:00:00+00:00, run_after=2026-04-06T02:00:00+00:00
[2026-04-05T12:35:48.993+0000] {processor.py:208} INFO - Processing /opt/airflow/dags/Crawl_ETL_ITJob.py took 0.169 seconds
[2026-04-05T12:36:21.327+0000] {processor.py:186} INFO - Started process (PID=1118) to work on /opt/airflow/dags/Crawl_ETL_ITJob.py
[2026-04-05T12:36:21.328+0000] {processor.py:914} INFO - Processing file /opt/airflow/dags/Crawl_ETL_ITJob.py for tasks to queue
[2026-04-05T12:36:21.331+0000] {logging_mixin.py:190} INFO - [2026-04-05T12:36:21.330+0000] {dagbag.py:588} INFO - Filling up the DagBag from /opt/airflow/dags/Crawl_ETL_ITJob.py
[2026-04-05T12:36:21.359+0000] {processor.py:925} INFO - DAG(s) 'crawl_etl_itjob' retrieved from /opt/airflow/dags/Crawl_ETL_ITJob.py
[2026-04-05T12:36:21.413+0000] {logging_mixin.py:190} INFO - [2026-04-05T12:36:21.412+0000] {dag.py:3239} INFO - Sync 1 DAGs
[2026-04-05T12:36:21.461+0000] {logging_mixin.py:190} INFO - [2026-04-05T12:36:21.461+0000] {dag.py:4180} INFO - Setting next_dagrun for crawl_etl_itjob to 2026-04-05T02:00:00+00:00, run_after=2026-04-06T02:00:00+00:00
[2026-04-05T12:36:21.496+0000] {processor.py:208} INFO - Processing /opt/airflow/dags/Crawl_ETL_ITJob.py took 0.179 seconds
[2026-04-05T12:36:53.724+0000] {processor.py:186} INFO - Started process (PID=1122) to work on /opt/airflow/dags/Crawl_ETL_ITJob.py
[2026-04-05T12:36:53.725+0000] {processor.py:914} INFO - Processing file /opt/airflow/dags/Crawl_ETL_ITJob.py for tasks to queue
[2026-04-05T12:36:53.726+0000] {logging_mixin.py:190} INFO - [2026-04-05T12:36:53.726+0000] {dagbag.py:588} INFO - Filling up the DagBag from /opt/airflow/dags/Crawl_ETL_ITJob.py
[2026-04-05T12:36:53.745+0000] {processor.py:925} INFO - DAG(s) 'crawl_etl_itjob' retrieved from /opt/airflow/dags/Crawl_ETL_ITJob.py
[2026-04-05T12:36:53.793+0000] {logging_mixin.py:190} INFO - [2026-04-05T12:36:53.793+0000] {dag.py:3239} INFO - Sync 1 DAGs
[2026-04-05T12:36:53.825+0000] {logging_mixin.py:190} INFO - [2026-04-05T12:36:53.825+0000] {dag.py:4180} INFO - Setting next_dagrun for crawl_etl_itjob to 2026-04-05T02:00:00+00:00, run_after=2026-04-06T02:00:00+00:00
[2026-04-05T12:36:53.860+0000] {processor.py:208} INFO - Processing /opt/airflow/dags/Crawl_ETL_ITJob.py took 0.143 seconds
[2026-04-05T12:37:27.123+0000] {processor.py:186} INFO - Started process (PID=1126) to work on /opt/airflow/dags/Crawl_ETL_ITJob.py
[2026-04-05T12:37:27.124+0000] {processor.py:914} INFO - Processing file /opt/airflow/dags/Crawl_ETL_ITJob.py for tasks to queue
[2026-04-05T12:37:27.128+0000] {logging_mixin.py:190} INFO - [2026-04-05T12:37:27.128+0000] {dagbag.py:588} INFO - Filling up the DagBag from /opt/airflow/dags/Crawl_ETL_ITJob.py
[2026-04-05T12:37:27.152+0000] {processor.py:925} INFO - DAG(s) 'crawl_etl_itjob' retrieved from /opt/airflow/dags/Crawl_ETL_ITJob.py
[2026-04-05T12:37:27.203+0000] {logging_mixin.py:190} INFO - [2026-04-05T12:37:27.203+0000] {dag.py:3239} INFO - Sync 1 DAGs
[2026-04-05T12:37:27.250+0000] {logging_mixin.py:190} INFO - [2026-04-05T12:37:27.250+0000] {dag.py:4180} INFO - Setting next_dagrun for crawl_etl_itjob to 2026-04-05T02:00:00+00:00, run_after=2026-04-06T02:00:00+00:00
[2026-04-05T12:37:27.287+0000] {processor.py:208} INFO - Processing /opt/airflow/dags/Crawl_ETL_ITJob.py took 0.174 seconds
[2026-04-05T12:37:59.548+0000] {processor.py:186} INFO - Started process (PID=1130) to work on /opt/airflow/dags/Crawl_ETL_ITJob.py
[2026-04-05T12:37:59.549+0000] {processor.py:914} INFO - Processing file /opt/airflow/dags/Crawl_ETL_ITJob.py for tasks to queue
[2026-04-05T12:37:59.551+0000] {logging_mixin.py:190} INFO - [2026-04-05T12:37:59.550+0000] {dagbag.py:588} INFO - Filling up the DagBag from /opt/airflow/dags/Crawl_ETL_ITJob.py
[2026-04-05T12:37:59.586+0000] {processor.py:925} INFO - DAG(s) 'crawl_etl_itjob' retrieved from /opt/airflow/dags/Crawl_ETL_ITJob.py
[2026-04-05T12:37:59.648+0000] {logging_mixin.py:190} INFO - [2026-04-05T12:37:59.647+0000] {dag.py:3239} INFO - Sync 1 DAGs
[2026-04-05T12:37:59.699+0000] {logging_mixin.py:190} INFO - [2026-04-05T12:37:59.698+0000] {dag.py:4180} INFO - Setting next_dagrun for crawl_etl_itjob to 2026-04-05T02:00:00+00:00, run_after=2026-04-06T02:00:00+00:00
[2026-04-05T12:37:59.749+0000] {processor.py:208} INFO - Processing /opt/airflow/dags/Crawl_ETL_ITJob.py took 0.211 seconds
[2026-04-05T12:38:32.096+0000] {processor.py:186} INFO - Started process (PID=1134) to work on /opt/airflow/dags/Crawl_ETL_ITJob.py
[2026-04-05T12:38:32.096+0000] {processor.py:914} INFO - Processing file /opt/airflow/dags/Crawl_ETL_ITJob.py for tasks to queue
[2026-04-05T12:38:32.098+0000] {logging_mixin.py:190} INFO - [2026-04-05T12:38:32.098+0000] {dagbag.py:588} INFO - Filling up the DagBag from /opt/airflow/dags/Crawl_ETL_ITJob.py
[2026-04-05T12:38:32.127+0000] {processor.py:925} INFO - DAG(s) 'crawl_etl_itjob' retrieved from /opt/airflow/dags/Crawl_ETL_ITJob.py
[2026-04-05T12:38:32.189+0000] {logging_mixin.py:190} INFO - [2026-04-05T12:38:32.189+0000] {dag.py:3239} INFO - Sync 1 DAGs
[2026-04-05T12:38:32.255+0000] {logging_mixin.py:190} INFO - [2026-04-05T12:38:32.254+0000] {dag.py:4180} INFO - Setting next_dagrun for crawl_etl_itjob to 2026-04-05T02:00:00+00:00, run_after=2026-04-06T02:00:00+00:00
[2026-04-05T12:38:32.305+0000] {processor.py:208} INFO - Processing /opt/airflow/dags/Crawl_ETL_ITJob.py took 0.218 seconds
[2026-04-05T12:39:04.766+0000] {processor.py:186} INFO - Started process (PID=1138) to work on /opt/airflow/dags/Crawl_ETL_ITJob.py
[2026-04-05T12:39:04.767+0000] {processor.py:914} INFO - Processing file /opt/airflow/dags/Crawl_ETL_ITJob.py for tasks to queue
[2026-04-05T12:39:04.768+0000] {logging_mixin.py:190} INFO - [2026-04-05T12:39:04.768+0000] {dagbag.py:588} INFO - Filling up the DagBag from /opt/airflow/dags/Crawl_ETL_ITJob.py
[2026-04-05T12:39:04.787+0000] {processor.py:925} INFO - DAG(s) 'crawl_etl_itjob' retrieved from /opt/airflow/dags/Crawl_ETL_ITJob.py
[2026-04-05T12:39:04.834+0000] {logging_mixin.py:190} INFO - [2026-04-05T12:39:04.833+0000] {dag.py:3239} INFO - Sync 1 DAGs
[2026-04-05T12:39:04.865+0000] {logging_mixin.py:190} INFO - [2026-04-05T12:39:04.865+0000] {dag.py:4180} INFO - Setting next_dagrun for crawl_etl_itjob to 2026-04-05T02:00:00+00:00, run_after=2026-04-06T02:00:00+00:00
[2026-04-05T12:39:04.904+0000] {processor.py:208} INFO - Processing /opt/airflow/dags/Crawl_ETL_ITJob.py took 0.144 seconds
[2026-04-05T12:39:38.145+0000] {processor.py:186} INFO - Started process (PID=1142) to work on /opt/airflow/dags/Crawl_ETL_ITJob.py
[2026-04-05T12:39:38.146+0000] {processor.py:914} INFO - Processing file /opt/airflow/dags/Crawl_ETL_ITJob.py for tasks to queue
[2026-04-05T12:39:38.148+0000] {logging_mixin.py:190} INFO - [2026-04-05T12:39:38.148+0000] {dagbag.py:588} INFO - Filling up the DagBag from /opt/airflow/dags/Crawl_ETL_ITJob.py
[2026-04-05T12:39:38.172+0000] {processor.py:925} INFO - DAG(s) 'crawl_etl_itjob' retrieved from /opt/airflow/dags/Crawl_ETL_ITJob.py
[2026-04-05T12:39:38.221+0000] {logging_mixin.py:190} INFO - [2026-04-05T12:39:38.221+0000] {dag.py:3239} INFO - Sync 1 DAGs
[2026-04-05T12:39:38.270+0000] {logging_mixin.py:190} INFO - [2026-04-05T12:39:38.270+0000] {dag.py:4180} INFO - Setting next_dagrun for crawl_etl_itjob to 2026-04-05T02:00:00+00:00, run_after=2026-04-06T02:00:00+00:00
[2026-04-05T12:39:38.306+0000] {processor.py:208} INFO - Processing /opt/airflow/dags/Crawl_ETL_ITJob.py took 0.167 seconds
[2026-04-05T12:40:10.546+0000] {processor.py:186} INFO - Started process (PID=1146) to work on /opt/airflow/dags/Crawl_ETL_ITJob.py
[2026-04-05T12:40:10.547+0000] {processor.py:914} INFO - Processing file /opt/airflow/dags/Crawl_ETL_ITJob.py for tasks to queue
[2026-04-05T12:40:10.548+0000] {logging_mixin.py:190} INFO - [2026-04-05T12:40:10.548+0000] {dagbag.py:588} INFO - Filling up the DagBag from /opt/airflow/dags/Crawl_ETL_ITJob.py
[2026-04-05T12:40:10.574+0000] {processor.py:925} INFO - DAG(s) 'crawl_etl_itjob' retrieved from /opt/airflow/dags/Crawl_ETL_ITJob.py
[2026-04-05T12:40:10.625+0000] {logging_mixin.py:190} INFO - [2026-04-05T12:40:10.625+0000] {dag.py:3239} INFO - Sync 1 DAGs
[2026-04-05T12:40:10.667+0000] {logging_mixin.py:190} INFO - [2026-04-05T12:40:10.667+0000] {dag.py:4180} INFO - Setting next_dagrun for crawl_etl_itjob to 2026-04-05T02:00:00+00:00, run_after=2026-04-06T02:00:00+00:00
[2026-04-05T12:40:10.703+0000] {processor.py:208} INFO - Processing /opt/airflow/dags/Crawl_ETL_ITJob.py took 0.165 seconds
[2026-04-05T12:40:43.956+0000] {processor.py:186} INFO - Started process (PID=1150) to work on /opt/airflow/dags/Crawl_ETL_ITJob.py
[2026-04-05T12:40:43.956+0000] {processor.py:914} INFO - Processing file /opt/airflow/dags/Crawl_ETL_ITJob.py for tasks to queue
[2026-04-05T12:40:43.958+0000] {logging_mixin.py:190} INFO - [2026-04-05T12:40:43.958+0000] {dagbag.py:588} INFO - Filling up the DagBag from /opt/airflow/dags/Crawl_ETL_ITJob.py
[2026-04-05T12:40:43.984+0000] {processor.py:925} INFO - DAG(s) 'crawl_etl_itjob' retrieved from /opt/airflow/dags/Crawl_ETL_ITJob.py
[2026-04-05T12:40:44.038+0000] {logging_mixin.py:190} INFO - [2026-04-05T12:40:44.038+0000] {dag.py:3239} INFO - Sync 1 DAGs
[2026-04-05T12:40:44.081+0000] {logging_mixin.py:190} INFO - [2026-04-05T12:40:44.081+0000] {dag.py:4180} INFO - Setting next_dagrun for crawl_etl_itjob to 2026-04-05T02:00:00+00:00, run_after=2026-04-06T02:00:00+00:00
[2026-04-05T12:40:44.119+0000] {processor.py:208} INFO - Processing /opt/airflow/dags/Crawl_ETL_ITJob.py took 0.171 seconds
[2026-04-05T12:41:16.364+0000] {processor.py:186} INFO - Started process (PID=1154) to work on /opt/airflow/dags/Crawl_ETL_ITJob.py
[2026-04-05T12:41:16.364+0000] {processor.py:914} INFO - Processing file /opt/airflow/dags/Crawl_ETL_ITJob.py for tasks to queue
[2026-04-05T12:41:16.368+0000] {logging_mixin.py:190} INFO - [2026-04-05T12:41:16.368+0000] {dagbag.py:588} INFO - Filling up the DagBag from /opt/airflow/dags/Crawl_ETL_ITJob.py
[2026-04-05T12:41:16.392+0000] {processor.py:925} INFO - DAG(s) 'crawl_etl_itjob' retrieved from /opt/airflow/dags/Crawl_ETL_ITJob.py
[2026-04-05T12:41:16.451+0000] {logging_mixin.py:190} INFO - [2026-04-05T12:41:16.451+0000] {dag.py:3239} INFO - Sync 1 DAGs
[2026-04-05T12:41:16.552+0000] {logging_mixin.py:190} INFO - [2026-04-05T12:41:16.551+0000] {dag.py:4180} INFO - Setting next_dagrun for crawl_etl_itjob to 2026-04-05T02:00:00+00:00, run_after=2026-04-06T02:00:00+00:00
[2026-04-05T12:41:16.635+0000] {processor.py:208} INFO - Processing /opt/airflow/dags/Crawl_ETL_ITJob.py took 0.277 seconds
[2026-04-05T12:41:49.135+0000] {processor.py:186} INFO - Started process (PID=1158) to work on /opt/airflow/dags/Crawl_ETL_ITJob.py
[2026-04-05T12:41:49.136+0000] {processor.py:914} INFO - Processing file /opt/airflow/dags/Crawl_ETL_ITJob.py for tasks to queue
[2026-04-05T12:41:49.137+0000] {logging_mixin.py:190} INFO - [2026-04-05T12:41:49.137+0000] {dagbag.py:588} INFO - Filling up the DagBag from /opt/airflow/dags/Crawl_ETL_ITJob.py
[2026-04-05T12:41:49.159+0000] {processor.py:925} INFO - DAG(s) 'crawl_etl_itjob' retrieved from /opt/airflow/dags/Crawl_ETL_ITJob.py
[2026-04-05T12:41:49.204+0000] {logging_mixin.py:190} INFO - [2026-04-05T12:41:49.204+0000] {dag.py:3239} INFO - Sync 1 DAGs
[2026-04-05T12:41:49.239+0000] {logging_mixin.py:190} INFO - [2026-04-05T12:41:49.239+0000] {dag.py:4180} INFO - Setting next_dagrun for crawl_etl_itjob to 2026-04-05T02:00:00+00:00, run_after=2026-04-06T02:00:00+00:00
[2026-04-05T12:41:49.273+0000] {processor.py:208} INFO - Processing /opt/airflow/dags/Crawl_ETL_ITJob.py took 0.146 seconds
[2026-04-05T12:42:21.765+0000] {processor.py:186} INFO - Started process (PID=1162) to work on /opt/airflow/dags/Crawl_ETL_ITJob.py
[2026-04-05T12:42:21.766+0000] {processor.py:914} INFO - Processing file /opt/airflow/dags/Crawl_ETL_ITJob.py for tasks to queue
[2026-04-05T12:42:21.770+0000] {logging_mixin.py:190} INFO - [2026-04-05T12:42:21.769+0000] {dagbag.py:588} INFO - Filling up the DagBag from /opt/airflow/dags/Crawl_ETL_ITJob.py
[2026-04-05T12:42:21.806+0000] {processor.py:925} INFO - DAG(s) 'crawl_etl_itjob' retrieved from /opt/airflow/dags/Crawl_ETL_ITJob.py
[2026-04-05T12:42:21.870+0000] {logging_mixin.py:190} INFO - [2026-04-05T12:42:21.869+0000] {dag.py:3239} INFO - Sync 1 DAGs
[2026-04-05T12:42:21.922+0000] {logging_mixin.py:190} INFO - [2026-04-05T12:42:21.922+0000] {dag.py:4180} INFO - Setting next_dagrun for crawl_etl_itjob to 2026-04-05T02:00:00+00:00, run_after=2026-04-06T02:00:00+00:00
[2026-04-05T12:42:21.964+0000] {processor.py:208} INFO - Processing /opt/airflow/dags/Crawl_ETL_ITJob.py took 0.211 seconds
[2026-04-05T12:42:54.522+0000] {processor.py:186} INFO - Started process (PID=1166) to work on /opt/airflow/dags/Crawl_ETL_ITJob.py
[2026-04-05T12:42:54.523+0000] {processor.py:914} INFO - Processing file /opt/airflow/dags/Crawl_ETL_ITJob.py for tasks to queue
[2026-04-05T12:42:54.525+0000] {logging_mixin.py:190} INFO - [2026-04-05T12:42:54.525+0000] {dagbag.py:588} INFO - Filling up the DagBag from /opt/airflow/dags/Crawl_ETL_ITJob.py
[2026-04-05T12:42:54.552+0000] {processor.py:925} INFO - DAG(s) 'crawl_etl_itjob' retrieved from /opt/airflow/dags/Crawl_ETL_ITJob.py
[2026-04-05T12:42:54.614+0000] {logging_mixin.py:190} INFO - [2026-04-05T12:42:54.614+0000] {dag.py:3239} INFO - Sync 1 DAGs
[2026-04-05T12:42:54.660+0000] {logging_mixin.py:190} INFO - [2026-04-05T12:42:54.659+0000] {dag.py:4180} INFO - Setting next_dagrun for crawl_etl_itjob to 2026-04-05T02:00:00+00:00, run_after=2026-04-06T02:00:00+00:00
[2026-04-05T12:42:54.716+0000] {processor.py:208} INFO - Processing /opt/airflow/dags/Crawl_ETL_ITJob.py took 0.207 seconds
[2026-04-05T12:43:28.036+0000] {processor.py:186} INFO - Started process (PID=1170) to work on /opt/airflow/dags/Crawl_ETL_ITJob.py
[2026-04-05T12:43:28.037+0000] {processor.py:914} INFO - Processing file /opt/airflow/dags/Crawl_ETL_ITJob.py for tasks to queue
[2026-04-05T12:43:28.039+0000] {logging_mixin.py:190} INFO - [2026-04-05T12:43:28.039+0000] {dagbag.py:588} INFO - Filling up the DagBag from /opt/airflow/dags/Crawl_ETL_ITJob.py
[2026-04-05T12:43:28.072+0000] {processor.py:925} INFO - DAG(s) 'crawl_etl_itjob' retrieved from /opt/airflow/dags/Crawl_ETL_ITJob.py
[2026-04-05T12:43:28.140+0000] {logging_mixin.py:190} INFO - [2026-04-05T12:43:28.140+0000] {dag.py:3239} INFO - Sync 1 DAGs
[2026-04-05T12:43:28.193+0000] {logging_mixin.py:190} INFO - [2026-04-05T12:43:28.193+0000] {dag.py:4180} INFO - Setting next_dagrun for crawl_etl_itjob to 2026-04-05T02:00:00+00:00, run_after=2026-04-06T02:00:00+00:00
[2026-04-05T12:43:28.241+0000] {processor.py:208} INFO - Processing /opt/airflow/dags/Crawl_ETL_ITJob.py took 0.216 seconds
[2026-04-05T12:44:00.557+0000] {processor.py:186} INFO - Started process (PID=1174) to work on /opt/airflow/dags/Crawl_ETL_ITJob.py
[2026-04-05T12:44:00.558+0000] {processor.py:914} INFO - Processing file /opt/airflow/dags/Crawl_ETL_ITJob.py for tasks to queue
[2026-04-05T12:44:00.559+0000] {logging_mixin.py:190} INFO - [2026-04-05T12:44:00.559+0000] {dagbag.py:588} INFO - Filling up the DagBag from /opt/airflow/dags/Crawl_ETL_ITJob.py
[2026-04-05T12:44:00.582+0000] {processor.py:925} INFO - DAG(s) 'crawl_etl_itjob' retrieved from /opt/airflow/dags/Crawl_ETL_ITJob.py
[2026-04-05T12:44:00.632+0000] {logging_mixin.py:190} INFO - [2026-04-05T12:44:00.632+0000] {dag.py:3239} INFO - Sync 1 DAGs
[2026-04-05T12:44:00.685+0000] {logging_mixin.py:190} INFO - [2026-04-05T12:44:00.685+0000] {dag.py:4180} INFO - Setting next_dagrun for crawl_etl_itjob to 2026-04-05T02:00:00+00:00, run_after=2026-04-06T02:00:00+00:00
[2026-04-05T12:44:00.734+0000] {processor.py:208} INFO - Processing /opt/airflow/dags/Crawl_ETL_ITJob.py took 0.185 seconds
[2026-04-05T12:44:32.955+0000] {processor.py:186} INFO - Started process (PID=1178) to work on /opt/airflow/dags/Crawl_ETL_ITJob.py
[2026-04-05T12:44:32.956+0000] {processor.py:914} INFO - Processing file /opt/airflow/dags/Crawl_ETL_ITJob.py for tasks to queue
[2026-04-05T12:44:32.957+0000] {logging_mixin.py:190} INFO - [2026-04-05T12:44:32.957+0000] {dagbag.py:588} INFO - Filling up the DagBag from /opt/airflow/dags/Crawl_ETL_ITJob.py
[2026-04-05T12:44:32.979+0000] {processor.py:925} INFO - DAG(s) 'crawl_etl_itjob' retrieved from /opt/airflow/dags/Crawl_ETL_ITJob.py
[2026-04-05T12:44:33.032+0000] {logging_mixin.py:190} INFO - [2026-04-05T12:44:33.031+0000] {dag.py:3239} INFO - Sync 1 DAGs
[2026-04-05T12:44:33.081+0000] {logging_mixin.py:190} INFO - [2026-04-05T12:44:33.081+0000] {dag.py:4180} INFO - Setting next_dagrun for crawl_etl_itjob to 2026-04-05T02:00:00+00:00, run_after=2026-04-06T02:00:00+00:00
[2026-04-05T12:44:33.120+0000] {processor.py:208} INFO - Processing /opt/airflow/dags/Crawl_ETL_ITJob.py took 0.174 seconds
[2026-04-05T12:45:06.387+0000] {processor.py:186} INFO - Started process (PID=1182) to work on /opt/airflow/dags/Crawl_ETL_ITJob.py
[2026-04-05T12:45:06.387+0000] {processor.py:914} INFO - Processing file /opt/airflow/dags/Crawl_ETL_ITJob.py for tasks to queue
[2026-04-05T12:45:06.390+0000] {logging_mixin.py:190} INFO - [2026-04-05T12:45:06.389+0000] {dagbag.py:588} INFO - Filling up the DagBag from /opt/airflow/dags/Crawl_ETL_ITJob.py
[2026-04-05T12:45:06.413+0000] {processor.py:925} INFO - DAG(s) 'crawl_etl_itjob' retrieved from /opt/airflow/dags/Crawl_ETL_ITJob.py
[2026-04-05T12:45:06.476+0000] {logging_mixin.py:190} INFO - [2026-04-05T12:45:06.476+0000] {dag.py:3239} INFO - Sync 1 DAGs
[2026-04-05T12:45:06.535+0000] {logging_mixin.py:190} INFO - [2026-04-05T12:45:06.535+0000] {dag.py:4180} INFO - Setting next_dagrun for crawl_etl_itjob to 2026-04-05T02:00:00+00:00, run_after=2026-04-06T02:00:00+00:00
[2026-04-05T12:45:06.663+0000] {processor.py:208} INFO - Processing /opt/airflow/dags/Crawl_ETL_ITJob.py took 0.283 seconds
[2026-04-05T12:45:39.207+0000] {processor.py:186} INFO - Started process (PID=1186) to work on /opt/airflow/dags/Crawl_ETL_ITJob.py
[2026-04-05T12:45:39.209+0000] {processor.py:914} INFO - Processing file /opt/airflow/dags/Crawl_ETL_ITJob.py for tasks to queue
[2026-04-05T12:45:39.213+0000] {logging_mixin.py:190} INFO - [2026-04-05T12:45:39.212+0000] {dagbag.py:588} INFO - Filling up the DagBag from /opt/airflow/dags/Crawl_ETL_ITJob.py
[2026-04-05T12:45:39.260+0000] {processor.py:925} INFO - DAG(s) 'crawl_etl_itjob' retrieved from /opt/airflow/dags/Crawl_ETL_ITJob.py
[2026-04-05T12:45:39.318+0000] {logging_mixin.py:190} INFO - [2026-04-05T12:45:39.317+0000] {dag.py:3239} INFO - Sync 1 DAGs
[2026-04-05T12:45:39.368+0000] {logging_mixin.py:190} INFO - [2026-04-05T12:45:39.368+0000] {dag.py:4180} INFO - Setting next_dagrun for crawl_etl_itjob to 2026-04-05T02:00:00+00:00, run_after=2026-04-06T02:00:00+00:00
[2026-04-05T12:45:39.402+0000] {processor.py:208} INFO - Processing /opt/airflow/dags/Crawl_ETL_ITJob.py took 0.213 seconds
[2026-04-05T12:46:11.675+0000] {processor.py:186} INFO - Started process (PID=1190) to work on /opt/airflow/dags/Crawl_ETL_ITJob.py
[2026-04-05T12:46:11.675+0000] {processor.py:914} INFO - Processing file /opt/airflow/dags/Crawl_ETL_ITJob.py for tasks to queue
[2026-04-05T12:46:11.677+0000] {logging_mixin.py:190} INFO - [2026-04-05T12:46:11.677+0000] {dagbag.py:588} INFO - Filling up the DagBag from /opt/airflow/dags/Crawl_ETL_ITJob.py
[2026-04-05T12:46:11.705+0000] {processor.py:925} INFO - DAG(s) 'crawl_etl_itjob' retrieved from /opt/airflow/dags/Crawl_ETL_ITJob.py
[2026-04-05T12:46:11.761+0000] {logging_mixin.py:190} INFO - [2026-04-05T12:46:11.761+0000] {dag.py:3239} INFO - Sync 1 DAGs
[2026-04-05T12:46:11.805+0000] {logging_mixin.py:190} INFO - [2026-04-05T12:46:11.804+0000] {dag.py:4180} INFO - Setting next_dagrun for crawl_etl_itjob to 2026-04-05T02:00:00+00:00, run_after=2026-04-06T02:00:00+00:00
[2026-04-05T12:46:11.839+0000] {processor.py:208} INFO - Processing /opt/airflow/dags/Crawl_ETL_ITJob.py took 0.174 seconds
[2026-04-05T12:46:44.024+0000] {processor.py:186} INFO - Started process (PID=1194) to work on /opt/airflow/dags/Crawl_ETL_ITJob.py
[2026-04-05T12:46:44.024+0000] {processor.py:914} INFO - Processing file /opt/airflow/dags/Crawl_ETL_ITJob.py for tasks to queue
[2026-04-05T12:46:44.027+0000] {logging_mixin.py:190} INFO - [2026-04-05T12:46:44.026+0000] {dagbag.py:588} INFO - Filling up the DagBag from /opt/airflow/dags/Crawl_ETL_ITJob.py
[2026-04-05T12:46:44.045+0000] {processor.py:925} INFO - DAG(s) 'crawl_etl_itjob' retrieved from /opt/airflow/dags/Crawl_ETL_ITJob.py
[2026-04-05T12:46:44.092+0000] {logging_mixin.py:190} INFO - [2026-04-05T12:46:44.092+0000] {dag.py:3239} INFO - Sync 1 DAGs
[2026-04-05T12:46:44.132+0000] {logging_mixin.py:190} INFO - [2026-04-05T12:46:44.132+0000] {dag.py:4180} INFO - Setting next_dagrun for crawl_etl_itjob to 2026-04-05T02:00:00+00:00, run_after=2026-04-06T02:00:00+00:00
[2026-04-05T12:46:44.171+0000] {processor.py:208} INFO - Processing /opt/airflow/dags/Crawl_ETL_ITJob.py took 0.153 seconds
[2026-04-05T12:47:17.440+0000] {processor.py:186} INFO - Started process (PID=1198) to work on /opt/airflow/dags/Crawl_ETL_ITJob.py
[2026-04-05T12:47:17.441+0000] {processor.py:914} INFO - Processing file /opt/airflow/dags/Crawl_ETL_ITJob.py for tasks to queue
[2026-04-05T12:47:17.442+0000] {logging_mixin.py:190} INFO - [2026-04-05T12:47:17.442+0000] {dagbag.py:588} INFO - Filling up the DagBag from /opt/airflow/dags/Crawl_ETL_ITJob.py
[2026-04-05T12:47:17.467+0000] {processor.py:925} INFO - DAG(s) 'crawl_etl_itjob' retrieved from /opt/airflow/dags/Crawl_ETL_ITJob.py
[2026-04-05T12:47:17.539+0000] {logging_mixin.py:190} INFO - [2026-04-05T12:47:17.538+0000] {dag.py:3239} INFO - Sync 1 DAGs
[2026-04-05T12:47:17.581+0000] {logging_mixin.py:190} INFO - [2026-04-05T12:47:17.580+0000] {dag.py:4180} INFO - Setting next_dagrun for crawl_etl_itjob to 2026-04-05T02:00:00+00:00, run_after=2026-04-06T02:00:00+00:00
[2026-04-05T12:47:17.632+0000] {processor.py:208} INFO - Processing /opt/airflow/dags/Crawl_ETL_ITJob.py took 0.202 seconds
[2026-04-05T12:47:49.946+0000] {processor.py:186} INFO - Started process (PID=1202) to work on /opt/airflow/dags/Crawl_ETL_ITJob.py
[2026-04-05T12:47:49.947+0000] {processor.py:914} INFO - Processing file /opt/airflow/dags/Crawl_ETL_ITJob.py for tasks to queue
[2026-04-05T12:47:49.949+0000] {logging_mixin.py:190} INFO - [2026-04-05T12:47:49.949+0000] {dagbag.py:588} INFO - Filling up the DagBag from /opt/airflow/dags/Crawl_ETL_ITJob.py
[2026-04-05T12:47:49.981+0000] {processor.py:925} INFO - DAG(s) 'crawl_etl_itjob' retrieved from /opt/airflow/dags/Crawl_ETL_ITJob.py
[2026-04-05T12:47:50.045+0000] {logging_mixin.py:190} INFO - [2026-04-05T12:47:50.045+0000] {dag.py:3239} INFO - Sync 1 DAGs
[2026-04-05T12:47:50.095+0000] {logging_mixin.py:190} INFO - [2026-04-05T12:47:50.095+0000] {dag.py:4180} INFO - Setting next_dagrun for crawl_etl_itjob to 2026-04-05T02:00:00+00:00, run_after=2026-04-06T02:00:00+00:00
[2026-04-05T12:47:50.139+0000] {processor.py:208} INFO - Processing /opt/airflow/dags/Crawl_ETL_ITJob.py took 0.205 seconds
[2026-04-05T12:48:22.547+0000] {processor.py:186} INFO - Started process (PID=1206) to work on /opt/airflow/dags/Crawl_ETL_ITJob.py
[2026-04-05T12:48:22.549+0000] {processor.py:914} INFO - Processing file /opt/airflow/dags/Crawl_ETL_ITJob.py for tasks to queue
[2026-04-05T12:48:22.552+0000] {logging_mixin.py:190} INFO - [2026-04-05T12:48:22.552+0000] {dagbag.py:588} INFO - Filling up the DagBag from /opt/airflow/dags/Crawl_ETL_ITJob.py
[2026-04-05T12:48:22.577+0000] {processor.py:925} INFO - DAG(s) 'crawl_etl_itjob' retrieved from /opt/airflow/dags/Crawl_ETL_ITJob.py
[2026-04-05T12:48:22.626+0000] {logging_mixin.py:190} INFO - [2026-04-05T12:48:22.625+0000] {dag.py:3239} INFO - Sync 1 DAGs
[2026-04-05T12:48:22.672+0000] {logging_mixin.py:190} INFO - [2026-04-05T12:48:22.671+0000] {dag.py:4180} INFO - Setting next_dagrun for crawl_etl_itjob to 2026-04-05T02:00:00+00:00, run_after=2026-04-06T02:00:00+00:00
[2026-04-05T12:48:22.714+0000] {processor.py:208} INFO - Processing /opt/airflow/dags/Crawl_ETL_ITJob.py took 0.174 seconds
[2026-04-05T12:48:55.966+0000] {processor.py:186} INFO - Started process (PID=1210) to work on /opt/airflow/dags/Crawl_ETL_ITJob.py
[2026-04-05T12:48:55.966+0000] {processor.py:914} INFO - Processing file /opt/airflow/dags/Crawl_ETL_ITJob.py for tasks to queue
[2026-04-05T12:48:55.968+0000] {logging_mixin.py:190} INFO - [2026-04-05T12:48:55.968+0000] {dagbag.py:588} INFO - Filling up the DagBag from /opt/airflow/dags/Crawl_ETL_ITJob.py
[2026-04-05T12:48:55.998+0000] {processor.py:925} INFO - DAG(s) 'crawl_etl_itjob' retrieved from /opt/airflow/dags/Crawl_ETL_ITJob.py
[2026-04-05T12:48:56.046+0000] {logging_mixin.py:190} INFO - [2026-04-05T12:48:56.046+0000] {dag.py:3239} INFO - Sync 1 DAGs
[2026-04-05T12:48:56.084+0000] {logging_mixin.py:190} INFO - [2026-04-05T12:48:56.084+0000] {dag.py:4180} INFO - Setting next_dagrun for crawl_etl_itjob to 2026-04-05T02:00:00+00:00, run_after=2026-04-06T02:00:00+00:00
[2026-04-05T12:48:56.117+0000] {processor.py:208} INFO - Processing /opt/airflow/dags/Crawl_ETL_ITJob.py took 0.161 seconds
[2026-04-05T12:49:28.348+0000] {processor.py:186} INFO - Started process (PID=1214) to work on /opt/airflow/dags/Crawl_ETL_ITJob.py
[2026-04-05T12:49:28.351+0000] {processor.py:914} INFO - Processing file /opt/airflow/dags/Crawl_ETL_ITJob.py for tasks to queue
[2026-04-05T12:49:28.353+0000] {logging_mixin.py:190} INFO - [2026-04-05T12:49:28.353+0000] {dagbag.py:588} INFO - Filling up the DagBag from /opt/airflow/dags/Crawl_ETL_ITJob.py
[2026-04-05T12:49:28.383+0000] {processor.py:925} INFO - DAG(s) 'crawl_etl_itjob' retrieved from /opt/airflow/dags/Crawl_ETL_ITJob.py
[2026-04-05T12:49:28.431+0000] {logging_mixin.py:190} INFO - [2026-04-05T12:49:28.431+0000] {dag.py:3239} INFO - Sync 1 DAGs
[2026-04-05T12:49:28.475+0000] {logging_mixin.py:190} INFO - [2026-04-05T12:49:28.475+0000] {dag.py:4180} INFO - Setting next_dagrun for crawl_etl_itjob to 2026-04-05T02:00:00+00:00, run_after=2026-04-06T02:00:00+00:00
[2026-04-05T12:49:28.533+0000] {processor.py:208} INFO - Processing /opt/airflow/dags/Crawl_ETL_ITJob.py took 0.193 seconds
[2026-04-05T12:50:01.772+0000] {processor.py:186} INFO - Started process (PID=1218) to work on /opt/airflow/dags/Crawl_ETL_ITJob.py
[2026-04-05T12:50:01.773+0000] {processor.py:914} INFO - Processing file /opt/airflow/dags/Crawl_ETL_ITJob.py for tasks to queue
[2026-04-05T12:50:01.775+0000] {logging_mixin.py:190} INFO - [2026-04-05T12:50:01.774+0000] {dagbag.py:588} INFO - Filling up the DagBag from /opt/airflow/dags/Crawl_ETL_ITJob.py
[2026-04-05T12:50:01.796+0000] {processor.py:925} INFO - DAG(s) 'crawl_etl_itjob' retrieved from /opt/airflow/dags/Crawl_ETL_ITJob.py
[2026-04-05T12:50:01.916+0000] {logging_mixin.py:190} INFO - [2026-04-05T12:50:01.916+0000] {dag.py:3239} INFO - Sync 1 DAGs
[2026-04-05T12:50:01.961+0000] {logging_mixin.py:190} INFO - [2026-04-05T12:50:01.961+0000] {dag.py:4180} INFO - Setting next_dagrun for crawl_etl_itjob to 2026-04-05T02:00:00+00:00, run_after=2026-04-06T02:00:00+00:00
[2026-04-05T12:50:01.994+0000] {processor.py:208} INFO - Processing /opt/airflow/dags/Crawl_ETL_ITJob.py took 0.229 seconds
[2026-04-05T12:50:34.226+0000] {processor.py:186} INFO - Started process (PID=1222) to work on /opt/airflow/dags/Crawl_ETL_ITJob.py
[2026-04-05T12:50:34.227+0000] {processor.py:914} INFO - Processing file /opt/airflow/dags/Crawl_ETL_ITJob.py for tasks to queue
[2026-04-05T12:50:34.230+0000] {logging_mixin.py:190} INFO - [2026-04-05T12:50:34.230+0000] {dagbag.py:588} INFO - Filling up the DagBag from /opt/airflow/dags/Crawl_ETL_ITJob.py
[2026-04-05T12:50:34.260+0000] {processor.py:925} INFO - DAG(s) 'crawl_etl_itjob' retrieved from /opt/airflow/dags/Crawl_ETL_ITJob.py
[2026-04-05T12:50:34.348+0000] {logging_mixin.py:190} INFO - [2026-04-05T12:50:34.346+0000] {dag.py:3239} INFO - Sync 1 DAGs
[2026-04-05T12:50:34.402+0000] {logging_mixin.py:190} INFO - [2026-04-05T12:50:34.402+0000] {dag.py:4180} INFO - Setting next_dagrun for crawl_etl_itjob to 2026-04-05T02:00:00+00:00, run_after=2026-04-06T02:00:00+00:00
[2026-04-05T12:50:34.442+0000] {processor.py:208} INFO - Processing /opt/airflow/dags/Crawl_ETL_ITJob.py took 0.225 seconds
