[2026-04-09T08:02:21.086+0000] {local_task_job_runner.py:123} INFO - ::group::Pre task execution logs
[2026-04-09T08:02:21.126+0000] {taskinstance.py:2614} INFO - Dependencies all met for dep_context=non-requeueable deps ti=<TaskInstance: crawl_etl_itjob.build_gold scheduled__2026-04-07T02:00:00+00:00 [queued]>
[2026-04-09T08:02:21.140+0000] {taskinstance.py:2614} INFO - Dependencies all met for dep_context=requeueable deps ti=<TaskInstance: crawl_etl_itjob.build_gold scheduled__2026-04-07T02:00:00+00:00 [queued]>
[2026-04-09T08:02:21.140+0000] {taskinstance.py:2867} INFO - Starting attempt 4 of 5
[2026-04-09T08:02:21.154+0000] {taskinstance.py:2890} INFO - Executing <Task(BashOperator): build_gold> on 2026-04-07 02:00:00+00:00
[2026-04-09T08:02:21.161+0000] {standard_task_runner.py:72} INFO - Started process 52 to run task
[2026-04-09T08:02:21.171+0000] {standard_task_runner.py:104} INFO - Running: ['***', 'tasks', 'run', 'crawl_etl_itjob', 'build_gold', 'scheduled__2026-04-07T02:00:00+00:00', '--job-id', '74', '--raw', '--subdir', 'DAGS_FOLDER/Crawl_ETL_ITJob.py', '--cfg-path', '/tmp/tmpi73yvb7x']
[2026-04-09T08:02:21.175+0000] {standard_task_runner.py:105} INFO - Job 74: Subtask build_gold
[2026-04-09T08:02:21.212+0000] {warnings.py:109} WARNING - /home/***/.local/lib/python3.8/site-packages/***/settings.py:209: DeprecationWarning: The sql_alchemy_conn option in [core] has been moved to the sql_alchemy_conn option in [database] - the old setting has been used, but please update your config.
  SQL_ALCHEMY_CONN = conf.get("database", "SQL_ALCHEMY_CONN")

[2026-04-09T08:02:21.317+0000] {task_command.py:467} INFO - Running <TaskInstance: crawl_etl_itjob.build_gold scheduled__2026-04-07T02:00:00+00:00 [running]> on host 64b3786bead1
[2026-04-09T08:02:21.319+0000] {warnings.py:109} WARNING - /home/***/.local/lib/python3.8/site-packages/***/settings.py:470: DeprecationWarning: The sql_alchemy_conn option in [core] has been moved to the sql_alchemy_conn option in [database] - the old setting has been used, but please update your config.
  if conf.get("database", "sql_alchemy_conn") == "none://":

[2026-04-09T08:02:21.505+0000] {taskinstance.py:3134} INFO - Exporting env vars: AIRFLOW_CTX_DAG_EMAIL='hoa856856@gmail.com' AIRFLOW_CTX_DAG_OWNER='***' AIRFLOW_CTX_DAG_ID='crawl_etl_itjob' AIRFLOW_CTX_TASK_ID='build_gold' AIRFLOW_CTX_EXECUTION_DATE='2026-04-07T02:00:00+00:00' AIRFLOW_CTX_TRY_NUMBER='4' AIRFLOW_CTX_DAG_RUN_ID='scheduled__2026-04-07T02:00:00+00:00'
[2026-04-09T08:02:21.510+0000] {taskinstance.py:732} INFO - ::endgroup::
[2026-04-09T08:02:21.540+0000] {subprocess.py:78} INFO - Tmp dir root location: /tmp
[2026-04-09T08:02:21.542+0000] {subprocess.py:88} INFO - Running command: ['/bin/bash', '-c', "\n        docker exec spark-submit bash -c '\n        /opt/spark/bin/spark-submit         --master spark://spark-master:7077         --deploy-mode client         --packages org.apache.iceberg:iceberg-spark-runtime-3.5_2.12:1.5.0,org.apache.hadoop:hadoop-aws:3.3.4,com.amazonaws:aws-java-sdk-bundle:1.12.262         /opt/spark/scripts/Build_Gold.py\n        '\n        "]
[2026-04-09T08:02:21.561+0000] {subprocess.py:99} INFO - Output:
[2026-04-09T08:02:24.143+0000] {subprocess.py:106} INFO - :: loading settings :: url = jar:file:/opt/spark/jars/ivy-2.5.1.jar!/org/apache/ivy/core/settings/ivysettings.xml
[2026-04-09T08:02:24.284+0000] {subprocess.py:106} INFO - Ivy Default Cache set to: /home/spark/.ivy2/cache
[2026-04-09T08:02:24.285+0000] {subprocess.py:106} INFO - The jars for the packages stored in: /home/spark/.ivy2/jars
[2026-04-09T08:02:24.296+0000] {subprocess.py:106} INFO - org.apache.iceberg#iceberg-spark-runtime-3.5_2.12 added as a dependency
[2026-04-09T08:02:24.297+0000] {subprocess.py:106} INFO - org.apache.hadoop#hadoop-aws added as a dependency
[2026-04-09T08:02:24.298+0000] {subprocess.py:106} INFO - com.amazonaws#aws-java-sdk-bundle added as a dependency
[2026-04-09T08:02:24.298+0000] {subprocess.py:106} INFO - :: resolving dependencies :: org.apache.spark#spark-submit-parent-75686e51-0b88-475e-9577-34856a50f834;1.0
[2026-04-09T08:02:24.299+0000] {subprocess.py:106} INFO - 	confs: [default]
[2026-04-09T08:02:24.501+0000] {subprocess.py:106} INFO - 	found org.apache.iceberg#iceberg-spark-runtime-3.5_2.12;1.5.0 in central
[2026-04-09T08:02:24.578+0000] {subprocess.py:106} INFO - 	found org.apache.hadoop#hadoop-aws;3.3.4 in central
[2026-04-09T08:02:24.608+0000] {subprocess.py:106} INFO - 	found com.amazonaws#aws-java-sdk-bundle;1.12.262 in central
[2026-04-09T08:02:24.630+0000] {subprocess.py:106} INFO - 	found org.wildfly.openssl#wildfly-openssl;1.0.7.Final in central
[2026-04-09T08:02:24.652+0000] {subprocess.py:106} INFO - :: resolution report :: resolve 343ms :: artifacts dl 12ms
[2026-04-09T08:02:24.653+0000] {subprocess.py:106} INFO - 	:: modules in use:
[2026-04-09T08:02:24.653+0000] {subprocess.py:106} INFO - 	com.amazonaws#aws-java-sdk-bundle;1.12.262 from central in [default]
[2026-04-09T08:02:24.654+0000] {subprocess.py:106} INFO - 	org.apache.hadoop#hadoop-aws;3.3.4 from central in [default]
[2026-04-09T08:02:24.654+0000] {subprocess.py:106} INFO - 	org.apache.iceberg#iceberg-spark-runtime-3.5_2.12;1.5.0 from central in [default]
[2026-04-09T08:02:24.654+0000] {subprocess.py:106} INFO - 	org.wildfly.openssl#wildfly-openssl;1.0.7.Final from central in [default]
[2026-04-09T08:02:24.655+0000] {subprocess.py:106} INFO - 	---------------------------------------------------------------------
[2026-04-09T08:02:24.655+0000] {subprocess.py:106} INFO - 	|                  |            modules            ||   artifacts   |
[2026-04-09T08:02:24.656+0000] {subprocess.py:106} INFO - 	|       conf       | number| search|dwnlded|evicted|| number|dwnlded|
[2026-04-09T08:02:24.656+0000] {subprocess.py:106} INFO - 	---------------------------------------------------------------------
[2026-04-09T08:02:24.657+0000] {subprocess.py:106} INFO - 	|      default     |   4   |   0   |   0   |   0   ||   4   |   0   |
[2026-04-09T08:02:24.657+0000] {subprocess.py:106} INFO - 	---------------------------------------------------------------------
[2026-04-09T08:02:24.660+0000] {subprocess.py:106} INFO - :: retrieving :: org.apache.spark#spark-submit-parent-75686e51-0b88-475e-9577-34856a50f834
[2026-04-09T08:02:24.661+0000] {subprocess.py:106} INFO - 	confs: [default]
[2026-04-09T08:02:24.666+0000] {subprocess.py:106} INFO - 	0 artifacts copied, 4 already retrieved (0kB/6ms)
[2026-04-09T08:02:24.966+0000] {subprocess.py:106} INFO - 26/04/09 08:02:24 WARN NativeCodeLoader: Unable to load native-hadoop library for your platform... using builtin-java classes where applicable
[2026-04-09T08:02:26.536+0000] {subprocess.py:106} INFO - 26/04/09 08:02:26 INFO SparkContext: Running Spark version 3.5.3
[2026-04-09T08:02:26.537+0000] {subprocess.py:106} INFO - 26/04/09 08:02:26 INFO SparkContext: OS info Linux, 6.6.87.2-microsoft-standard-WSL2, amd64
[2026-04-09T08:02:26.538+0000] {subprocess.py:106} INFO - 26/04/09 08:02:26 INFO SparkContext: Java version 11.0.24
[2026-04-09T08:02:26.581+0000] {subprocess.py:106} INFO - 26/04/09 08:02:26 INFO ResourceUtils: ==============================================================
[2026-04-09T08:02:26.582+0000] {subprocess.py:106} INFO - 26/04/09 08:02:26 INFO ResourceUtils: No custom resources configured for spark.driver.
[2026-04-09T08:02:26.583+0000] {subprocess.py:106} INFO - 26/04/09 08:02:26 INFO ResourceUtils: ==============================================================
[2026-04-09T08:02:26.584+0000] {subprocess.py:106} INFO - 26/04/09 08:02:26 INFO SparkContext: Submitted application: Build_Gold_Layer_Star_Schema
[2026-04-09T08:02:26.625+0000] {subprocess.py:106} INFO - 26/04/09 08:02:26 INFO ResourceProfile: Default ResourceProfile created, executor resources: Map(memory -> name: memory, amount: 1024, script: , vendor: , offHeap -> name: offHeap, amount: 0, script: , vendor: ), task resources: Map(cpus -> name: cpus, amount: 1.0)
[2026-04-09T08:02:26.645+0000] {subprocess.py:106} INFO - 26/04/09 08:02:26 INFO ResourceProfile: Limiting resource is cpu
[2026-04-09T08:02:26.646+0000] {subprocess.py:106} INFO - 26/04/09 08:02:26 INFO ResourceProfileManager: Added ResourceProfile id: 0
[2026-04-09T08:02:26.753+0000] {subprocess.py:106} INFO - 26/04/09 08:02:26 INFO SecurityManager: Changing view acls to: spark
[2026-04-09T08:02:26.757+0000] {subprocess.py:106} INFO - 26/04/09 08:02:26 INFO SecurityManager: Changing modify acls to: spark
[2026-04-09T08:02:26.757+0000] {subprocess.py:106} INFO - 26/04/09 08:02:26 INFO SecurityManager: Changing view acls groups to:
[2026-04-09T08:02:26.758+0000] {subprocess.py:106} INFO - 26/04/09 08:02:26 INFO SecurityManager: Changing modify acls groups to:
[2026-04-09T08:02:26.758+0000] {subprocess.py:106} INFO - 26/04/09 08:02:26 INFO SecurityManager: SecurityManager: authentication disabled; ui acls disabled; users with view permissions: spark; groups with view permissions: EMPTY; users with modify permissions: spark; groups with modify permissions: EMPTY
[2026-04-09T08:02:27.040+0000] {subprocess.py:106} INFO - 26/04/09 08:02:27 INFO Utils: Successfully started service 'sparkDriver' on port 39945.
[2026-04-09T08:02:27.088+0000] {subprocess.py:106} INFO - 26/04/09 08:02:27 INFO SparkEnv: Registering MapOutputTracker
[2026-04-09T08:02:27.131+0000] {subprocess.py:106} INFO - 26/04/09 08:02:27 INFO SparkEnv: Registering BlockManagerMaster
[2026-04-09T08:02:27.150+0000] {subprocess.py:106} INFO - 26/04/09 08:02:27 INFO BlockManagerMasterEndpoint: Using org.apache.spark.storage.DefaultTopologyMapper for getting topology information
[2026-04-09T08:02:27.153+0000] {subprocess.py:106} INFO - 26/04/09 08:02:27 INFO BlockManagerMasterEndpoint: BlockManagerMasterEndpoint up
[2026-04-09T08:02:27.160+0000] {subprocess.py:106} INFO - 26/04/09 08:02:27 INFO SparkEnv: Registering BlockManagerMasterHeartbeat
[2026-04-09T08:02:27.203+0000] {subprocess.py:106} INFO - 26/04/09 08:02:27 INFO DiskBlockManager: Created local directory at /tmp/blockmgr-9a719840-c09c-443d-9616-3ff66a8a54fb
[2026-04-09T08:02:27.221+0000] {subprocess.py:106} INFO - 26/04/09 08:02:27 INFO MemoryStore: MemoryStore started with capacity 434.4 MiB
[2026-04-09T08:02:27.244+0000] {subprocess.py:106} INFO - 26/04/09 08:02:27 INFO SparkEnv: Registering OutputCommitCoordinator
[2026-04-09T08:02:27.427+0000] {subprocess.py:106} INFO - 26/04/09 08:02:27 INFO JettyUtils: Start Jetty 0.0.0.0:4040 for SparkUI
[2026-04-09T08:02:27.488+0000] {subprocess.py:106} INFO - 26/04/09 08:02:27 INFO Utils: Successfully started service 'SparkUI' on port 4040.
[2026-04-09T08:02:27.524+0000] {subprocess.py:106} INFO - 26/04/09 08:02:27 INFO SparkContext: Added JAR file:///home/spark/.ivy2/jars/org.apache.iceberg_iceberg-spark-runtime-3.5_2.12-1.5.0.jar at spark://c05002f484b8:39945/jars/org.apache.iceberg_iceberg-spark-runtime-3.5_2.12-1.5.0.jar with timestamp 1775721746525
[2026-04-09T08:02:27.524+0000] {subprocess.py:106} INFO - 26/04/09 08:02:27 INFO SparkContext: Added JAR file:///home/spark/.ivy2/jars/org.apache.hadoop_hadoop-aws-3.3.4.jar at spark://c05002f484b8:39945/jars/org.apache.hadoop_hadoop-aws-3.3.4.jar with timestamp 1775721746525
[2026-04-09T08:02:27.525+0000] {subprocess.py:106} INFO - 26/04/09 08:02:27 INFO SparkContext: Added JAR file:///home/spark/.ivy2/jars/com.amazonaws_aws-java-sdk-bundle-1.12.262.jar at spark://c05002f484b8:39945/jars/com.amazonaws_aws-java-sdk-bundle-1.12.262.jar with timestamp 1775721746525
[2026-04-09T08:02:27.525+0000] {subprocess.py:106} INFO - 26/04/09 08:02:27 INFO SparkContext: Added JAR file:///home/spark/.ivy2/jars/org.wildfly.openssl_wildfly-openssl-1.0.7.Final.jar at spark://c05002f484b8:39945/jars/org.wildfly.openssl_wildfly-openssl-1.0.7.Final.jar with timestamp 1775721746525
[2026-04-09T08:02:27.529+0000] {subprocess.py:106} INFO - 26/04/09 08:02:27 INFO SparkContext: Added file file:///home/spark/.ivy2/jars/org.apache.iceberg_iceberg-spark-runtime-3.5_2.12-1.5.0.jar at spark://c05002f484b8:39945/files/org.apache.iceberg_iceberg-spark-runtime-3.5_2.12-1.5.0.jar with timestamp 1775721746525
[2026-04-09T08:02:27.531+0000] {subprocess.py:106} INFO - 26/04/09 08:02:27 INFO Utils: Copying /home/spark/.ivy2/jars/org.apache.iceberg_iceberg-spark-runtime-3.5_2.12-1.5.0.jar to /tmp/spark-9cbba130-6b60-4466-8238-5336dc3ea3a7/userFiles-758ef1e9-c6e6-4c09-b5e6-39a31908d55d/org.apache.iceberg_iceberg-spark-runtime-3.5_2.12-1.5.0.jar
[2026-04-09T08:02:27.816+0000] {subprocess.py:106} INFO - 26/04/09 08:02:27 INFO SparkContext: Added file file:///home/spark/.ivy2/jars/org.apache.hadoop_hadoop-aws-3.3.4.jar at spark://c05002f484b8:39945/files/org.apache.hadoop_hadoop-aws-3.3.4.jar with timestamp 1775721746525
[2026-04-09T08:02:27.817+0000] {subprocess.py:106} INFO - 26/04/09 08:02:27 INFO Utils: Copying /home/spark/.ivy2/jars/org.apache.hadoop_hadoop-aws-3.3.4.jar to /tmp/spark-9cbba130-6b60-4466-8238-5336dc3ea3a7/userFiles-758ef1e9-c6e6-4c09-b5e6-39a31908d55d/org.apache.hadoop_hadoop-aws-3.3.4.jar
[2026-04-09T08:02:27.824+0000] {subprocess.py:106} INFO - 26/04/09 08:02:27 INFO SparkContext: Added file file:///home/spark/.ivy2/jars/com.amazonaws_aws-java-sdk-bundle-1.12.262.jar at spark://c05002f484b8:39945/files/com.amazonaws_aws-java-sdk-bundle-1.12.262.jar with timestamp 1775721746525
[2026-04-09T08:02:27.824+0000] {subprocess.py:106} INFO - 26/04/09 08:02:27 INFO Utils: Copying /home/spark/.ivy2/jars/com.amazonaws_aws-java-sdk-bundle-1.12.262.jar to /tmp/spark-9cbba130-6b60-4466-8238-5336dc3ea3a7/userFiles-758ef1e9-c6e6-4c09-b5e6-39a31908d55d/com.amazonaws_aws-java-sdk-bundle-1.12.262.jar
[2026-04-09T08:02:32.105+0000] {subprocess.py:106} INFO - 26/04/09 08:02:32 INFO SparkContext: Added file file:///home/spark/.ivy2/jars/org.wildfly.openssl_wildfly-openssl-1.0.7.Final.jar at spark://c05002f484b8:39945/files/org.wildfly.openssl_wildfly-openssl-1.0.7.Final.jar with timestamp 1775721746525
[2026-04-09T08:02:32.106+0000] {subprocess.py:106} INFO - 26/04/09 08:02:32 INFO Utils: Copying /home/spark/.ivy2/jars/org.wildfly.openssl_wildfly-openssl-1.0.7.Final.jar to /tmp/spark-9cbba130-6b60-4466-8238-5336dc3ea3a7/userFiles-758ef1e9-c6e6-4c09-b5e6-39a31908d55d/org.wildfly.openssl_wildfly-openssl-1.0.7.Final.jar
[2026-04-09T08:02:32.250+0000] {subprocess.py:106} INFO - 26/04/09 08:02:32 INFO StandaloneAppClient$ClientEndpoint: Connecting to master spark://spark-master:7077...
[2026-04-09T08:02:32.310+0000] {subprocess.py:106} INFO - 26/04/09 08:02:32 INFO TransportClientFactory: Successfully created connection to spark-master/172.30.0.6:7077 after 37 ms (0 ms spent in bootstraps)
[2026-04-09T08:02:32.481+0000] {subprocess.py:106} INFO - 26/04/09 08:02:32 INFO StandaloneSchedulerBackend: Connected to Spark cluster with app ID app-20260409080232-0000
[2026-04-09T08:02:32.496+0000] {subprocess.py:106} INFO - 26/04/09 08:02:32 INFO Utils: Successfully started service 'org.apache.spark.network.netty.NettyBlockTransferService' on port 38291.
[2026-04-09T08:02:32.498+0000] {subprocess.py:106} INFO - 26/04/09 08:02:32 INFO NettyBlockTransferService: Server created on c05002f484b8:38291
[2026-04-09T08:02:32.499+0000] {subprocess.py:106} INFO - 26/04/09 08:02:32 INFO BlockManager: Using org.apache.spark.storage.RandomBlockReplicationPolicy for block replication policy
[2026-04-09T08:02:32.510+0000] {subprocess.py:106} INFO - 26/04/09 08:02:32 INFO BlockManagerMaster: Registering BlockManager BlockManagerId(driver, c05002f484b8, 38291, None)
[2026-04-09T08:02:32.515+0000] {subprocess.py:106} INFO - 26/04/09 08:02:32 INFO BlockManagerMasterEndpoint: Registering block manager c05002f484b8:38291 with 434.4 MiB RAM, BlockManagerId(driver, c05002f484b8, 38291, None)
[2026-04-09T08:02:32.520+0000] {subprocess.py:106} INFO - 26/04/09 08:02:32 INFO BlockManagerMaster: Registered BlockManager BlockManagerId(driver, c05002f484b8, 38291, None)
[2026-04-09T08:02:32.523+0000] {subprocess.py:106} INFO - 26/04/09 08:02:32 INFO BlockManager: Initialized BlockManager: BlockManagerId(driver, c05002f484b8, 38291, None)
[2026-04-09T08:02:32.540+0000] {subprocess.py:106} INFO - 26/04/09 08:02:32 INFO StandaloneAppClient$ClientEndpoint: Executor added: app-20260409080232-0000/0 on worker-20260409080115-172.30.0.7-37013 (172.30.0.7:37013) with 1 core(s)
[2026-04-09T08:02:32.545+0000] {subprocess.py:106} INFO - 26/04/09 08:02:32 INFO StandaloneSchedulerBackend: Granted executor ID app-20260409080232-0000/0 on hostPort 172.30.0.7:37013 with 1 core(s), 1024.0 MiB RAM
[2026-04-09T08:02:32.839+0000] {subprocess.py:106} INFO - 26/04/09 08:02:32 INFO StandaloneSchedulerBackend: SchedulerBackend is ready for scheduling beginning after reached minRegisteredResourcesRatio: 0.0
[2026-04-09T08:02:32.841+0000] {subprocess.py:106} INFO - 26/04/09 08:02:32 INFO StandaloneAppClient$ClientEndpoint: Executor updated: app-20260409080232-0000/0 is now RUNNING
[2026-04-09T08:02:33.351+0000] {subprocess.py:106} INFO - 26/04/09 08:02:33 INFO SharedState: Setting hive.metastore.warehouse.dir ('null') to the value of spark.sql.warehouse.dir.
[2026-04-09T08:02:33.354+0000] {subprocess.py:106} INFO - 26/04/09 08:02:33 INFO SharedState: Warehouse path is 'file:/opt/spark/work-dir/spark-warehouse'.
[2026-04-09T08:02:36.879+0000] {subprocess.py:106} INFO - 26/04/09 08:02:36 INFO StandaloneSchedulerBackend$StandaloneDriverEndpoint: Registered executor NettyRpcEndpointRef(spark-client://Executor) (172.30.0.7:45394) with ID 0,  ResourceProfileId 0
[2026-04-09T08:02:37.006+0000] {subprocess.py:106} INFO - 26/04/09 08:02:37 INFO BlockManagerMasterEndpoint: Registering block manager 172.30.0.7:42237 with 434.4 MiB RAM, BlockManagerId(0, 172.30.0.7, 42237, None)
[2026-04-09T08:02:37.389+0000] {subprocess.py:106} INFO - 26/04/09 08:02:37 INFO HiveConf: Found configuration file null
[2026-04-09T08:02:37.664+0000] {subprocess.py:106} INFO - 26/04/09 08:02:37 INFO metastore: Trying to connect to metastore with URI thrift://hive-metastore:9083
[2026-04-09T08:02:37.698+0000] {subprocess.py:106} INFO - 26/04/09 08:02:37 INFO metastore: Opened a connection to metastore, current connections: 1
[2026-04-09T08:02:37.767+0000] {subprocess.py:106} INFO - 26/04/09 08:02:37 INFO metastore: Connected to metastore.
[2026-04-09T08:02:37.967+0000] {subprocess.py:106} INFO - >>> Dropping existing GOLD tables for Full Refresh...
[2026-04-09T08:02:39.098+0000] {subprocess.py:106} INFO - >>> Reading Silver Data from iceberg.silver.it_jobs_clean...
[2026-04-09T08:02:39.519+0000] {subprocess.py:106} INFO - 26/04/09 08:02:39 INFO BaseMetastoreTableOperations: Refreshing table metadata from new version: s3a://warehouse/iceberg_data/silver.db/it_jobs_clean/metadata/00003-5426f214-2e90-411d-b0f6-694315d6c5a5.metadata.json
[2026-04-09T08:02:39.749+0000] {subprocess.py:106} INFO - 26/04/09 08:02:39 WARN MetricsConfig: Cannot locate configuration: tried hadoop-metrics2-s3a-file-system.properties,hadoop-metrics2.properties
[2026-04-09T08:02:39.764+0000] {subprocess.py:106} INFO - 26/04/09 08:02:39 INFO MetricsSystemImpl: Scheduled Metric snapshot period at 10 second(s).
[2026-04-09T08:02:39.765+0000] {subprocess.py:106} INFO - 26/04/09 08:02:39 INFO MetricsSystemImpl: s3a-file-system metrics system started
[2026-04-09T08:02:41.833+0000] {subprocess.py:106} INFO - 26/04/09 08:02:41 INFO BaseMetastoreCatalog: Table loaded by catalog: iceberg.silver.it_jobs_clean
[2026-04-09T08:02:42.317+0000] {subprocess.py:106} INFO - 26/04/09 08:02:42 INFO SnapshotScan: Scanning table iceberg.silver.it_jobs_clean snapshot 58672078534282665 created at 2026-04-08T15:02:01.445+00:00 with filter true
[2026-04-09T08:02:42.751+0000] {subprocess.py:106} INFO - 26/04/09 08:02:42 INFO BaseDistributedDataScan: Planning file tasks locally for table iceberg.silver.it_jobs_clean
[2026-04-09T08:02:42.958+0000] {subprocess.py:106} INFO - 26/04/09 08:02:42 INFO V2ScanRelationPushDown:
[2026-04-09T08:02:42.958+0000] {subprocess.py:106} INFO - Pushing operators to iceberg.silver.it_jobs_clean
[2026-04-09T08:02:42.959+0000] {subprocess.py:106} INFO - Pushed Aggregate Functions:
[2026-04-09T08:02:42.959+0000] {subprocess.py:106} INFO -  COUNT(*)
[2026-04-09T08:02:42.960+0000] {subprocess.py:106} INFO - Pushed Group by:
[2026-04-09T08:02:42.960+0000] {subprocess.py:106} INFO - 
[2026-04-09T08:02:42.960+0000] {subprocess.py:106} INFO - 
[2026-04-09T08:02:43.723+0000] {subprocess.py:106} INFO - 26/04/09 08:02:43 INFO CodeGenerator: Code generated in 310.363212 ms
[2026-04-09T08:02:43.749+0000] {subprocess.py:106} INFO - 26/04/09 08:02:43 INFO CodeGenerator: Code generated in 16.054631 ms
[2026-04-09T08:02:43.874+0000] {subprocess.py:106} INFO - 26/04/09 08:02:43 INFO DAGScheduler: Registering RDD 2 (count at <unknown>:0) as input to shuffle 0
[2026-04-09T08:02:43.885+0000] {subprocess.py:106} INFO - 26/04/09 08:02:43 INFO DAGScheduler: Got map stage job 0 (count at <unknown>:0) with 1 output partitions
[2026-04-09T08:02:43.886+0000] {subprocess.py:106} INFO - 26/04/09 08:02:43 INFO DAGScheduler: Final stage: ShuffleMapStage 0 (count at <unknown>:0)
[2026-04-09T08:02:43.886+0000] {subprocess.py:106} INFO - 26/04/09 08:02:43 INFO DAGScheduler: Parents of final stage: List()
[2026-04-09T08:02:43.889+0000] {subprocess.py:106} INFO - 26/04/09 08:02:43 INFO DAGScheduler: Missing parents: List()
[2026-04-09T08:02:43.894+0000] {subprocess.py:106} INFO - 26/04/09 08:02:43 INFO DAGScheduler: Submitting ShuffleMapStage 0 (MapPartitionsRDD[2] at count at <unknown>:0), which has no missing parents
[2026-04-09T08:02:44.019+0000] {subprocess.py:106} INFO - 26/04/09 08:02:44 INFO MemoryStore: Block broadcast_0 stored as values in memory (estimated size 12.6 KiB, free 434.4 MiB)
[2026-04-09T08:02:44.062+0000] {subprocess.py:106} INFO - 26/04/09 08:02:44 INFO MemoryStore: Block broadcast_0_piece0 stored as bytes in memory (estimated size 6.2 KiB, free 434.4 MiB)
[2026-04-09T08:02:44.065+0000] {subprocess.py:106} INFO - 26/04/09 08:02:44 INFO BlockManagerInfo: Added broadcast_0_piece0 in memory on c05002f484b8:38291 (size: 6.2 KiB, free: 434.4 MiB)
[2026-04-09T08:02:44.072+0000] {subprocess.py:106} INFO - 26/04/09 08:02:44 INFO SparkContext: Created broadcast 0 from broadcast at DAGScheduler.scala:1585
[2026-04-09T08:02:44.100+0000] {subprocess.py:106} INFO - 26/04/09 08:02:44 INFO DAGScheduler: Submitting 1 missing tasks from ShuffleMapStage 0 (MapPartitionsRDD[2] at count at <unknown>:0) (first 15 tasks are for partitions Vector(0))
[2026-04-09T08:02:44.101+0000] {subprocess.py:106} INFO - 26/04/09 08:02:44 INFO TaskSchedulerImpl: Adding task set 0.0 with 1 tasks resource profile 0
[2026-04-09T08:02:44.133+0000] {subprocess.py:106} INFO - 26/04/09 08:02:44 INFO TaskSetManager: Starting task 0.0 in stage 0.0 (TID 0) (172.30.0.7, executor 0, partition 0, PROCESS_LOCAL, 10137 bytes)
[2026-04-09T08:02:44.473+0000] {subprocess.py:106} INFO - 26/04/09 08:02:44 INFO BlockManagerInfo: Added broadcast_0_piece0 in memory on 172.30.0.7:42237 (size: 6.2 KiB, free: 434.4 MiB)
[2026-04-09T08:02:45.624+0000] {subprocess.py:106} INFO - 26/04/09 08:02:45 INFO TaskSetManager: Finished task 0.0 in stage 0.0 (TID 0) in 1503 ms on 172.30.0.7 (executor 0) (1/1)
[2026-04-09T08:02:45.632+0000] {subprocess.py:106} INFO - 26/04/09 08:02:45 INFO TaskSchedulerImpl: Removed TaskSet 0.0, whose tasks have all completed, from pool
[2026-04-09T08:02:45.642+0000] {subprocess.py:106} INFO - 26/04/09 08:02:45 INFO DAGScheduler: ShuffleMapStage 0 (count at <unknown>:0) finished in 1.732 s
[2026-04-09T08:02:45.643+0000] {subprocess.py:106} INFO - 26/04/09 08:02:45 INFO DAGScheduler: looking for newly runnable stages
[2026-04-09T08:02:45.644+0000] {subprocess.py:106} INFO - 26/04/09 08:02:45 INFO DAGScheduler: running: Set()
[2026-04-09T08:02:45.646+0000] {subprocess.py:106} INFO - 26/04/09 08:02:45 INFO DAGScheduler: waiting: Set()
[2026-04-09T08:02:45.647+0000] {subprocess.py:106} INFO - 26/04/09 08:02:45 INFO DAGScheduler: failed: Set()
[2026-04-09T08:02:45.732+0000] {subprocess.py:106} INFO - 26/04/09 08:02:45 INFO CodeGenerator: Code generated in 25.289886 ms
[2026-04-09T08:02:45.824+0000] {subprocess.py:106} INFO - 26/04/09 08:02:45 INFO SparkContext: Starting job: count at <unknown>:0
[2026-04-09T08:02:45.825+0000] {subprocess.py:106} INFO - 26/04/09 08:02:45 INFO DAGScheduler: Got job 1 (count at <unknown>:0) with 1 output partitions
[2026-04-09T08:02:45.826+0000] {subprocess.py:106} INFO - 26/04/09 08:02:45 INFO DAGScheduler: Final stage: ResultStage 2 (count at <unknown>:0)
[2026-04-09T08:02:45.827+0000] {subprocess.py:106} INFO - 26/04/09 08:02:45 INFO DAGScheduler: Parents of final stage: List(ShuffleMapStage 1)
[2026-04-09T08:02:45.828+0000] {subprocess.py:106} INFO - 26/04/09 08:02:45 INFO DAGScheduler: Missing parents: List()
[2026-04-09T08:02:45.829+0000] {subprocess.py:106} INFO - 26/04/09 08:02:45 INFO DAGScheduler: Submitting ResultStage 2 (MapPartitionsRDD[5] at count at <unknown>:0), which has no missing parents
[2026-04-09T08:02:45.845+0000] {subprocess.py:106} INFO - 26/04/09 08:02:45 INFO MemoryStore: Block broadcast_1 stored as values in memory (estimated size 13.7 KiB, free 434.4 MiB)
[2026-04-09T08:02:45.874+0000] {subprocess.py:106} INFO - 26/04/09 08:02:45 INFO MemoryStore: Block broadcast_1_piece0 stored as bytes in memory (estimated size 6.3 KiB, free 434.4 MiB)
[2026-04-09T08:02:45.877+0000] {subprocess.py:106} INFO - 26/04/09 08:02:45 INFO BlockManagerInfo: Added broadcast_1_piece0 in memory on c05002f484b8:38291 (size: 6.3 KiB, free: 434.4 MiB)
[2026-04-09T08:02:45.878+0000] {subprocess.py:106} INFO - 26/04/09 08:02:45 INFO SparkContext: Created broadcast 1 from broadcast at DAGScheduler.scala:1585
[2026-04-09T08:02:45.884+0000] {subprocess.py:106} INFO - 26/04/09 08:02:45 INFO DAGScheduler: Submitting 1 missing tasks from ResultStage 2 (MapPartitionsRDD[5] at count at <unknown>:0) (first 15 tasks are for partitions Vector(0))
[2026-04-09T08:02:45.885+0000] {subprocess.py:106} INFO - 26/04/09 08:02:45 INFO TaskSchedulerImpl: Adding task set 2.0 with 1 tasks resource profile 0
[2026-04-09T08:02:45.908+0000] {subprocess.py:106} INFO - 26/04/09 08:02:45 INFO TaskSetManager: Starting task 0.0 in stage 2.0 (TID 1) (172.30.0.7, executor 0, partition 0, NODE_LOCAL, 9976 bytes)
[2026-04-09T08:02:45.946+0000] {subprocess.py:106} INFO - 26/04/09 08:02:45 INFO BlockManagerInfo: Removed broadcast_0_piece0 on 172.30.0.7:42237 in memory (size: 6.2 KiB, free: 434.4 MiB)
[2026-04-09T08:02:45.949+0000] {subprocess.py:106} INFO - 26/04/09 08:02:45 INFO BlockManagerInfo: Removed broadcast_0_piece0 on c05002f484b8:38291 in memory (size: 6.2 KiB, free: 434.4 MiB)
[2026-04-09T08:02:45.965+0000] {subprocess.py:106} INFO - 26/04/09 08:02:45 INFO BlockManagerInfo: Added broadcast_1_piece0 in memory on 172.30.0.7:42237 (size: 6.3 KiB, free: 434.4 MiB)
[2026-04-09T08:02:46.072+0000] {subprocess.py:106} INFO - 26/04/09 08:02:46 INFO MapOutputTrackerMasterEndpoint: Asked to send map output locations for shuffle 0 to 172.30.0.7:45394
[2026-04-09T08:02:46.223+0000] {subprocess.py:106} INFO - 26/04/09 08:02:46 INFO TaskSetManager: Finished task 0.0 in stage 2.0 (TID 1) in 327 ms on 172.30.0.7 (executor 0) (1/1)
[2026-04-09T08:02:46.224+0000] {subprocess.py:106} INFO - 26/04/09 08:02:46 INFO TaskSchedulerImpl: Removed TaskSet 2.0, whose tasks have all completed, from pool
[2026-04-09T08:02:46.225+0000] {subprocess.py:106} INFO - 26/04/09 08:02:46 INFO DAGScheduler: ResultStage 2 (count at <unknown>:0) finished in 0.383 s
[2026-04-09T08:02:46.227+0000] {subprocess.py:106} INFO - 26/04/09 08:02:46 INFO DAGScheduler: Job 1 is finished. Cancelling potential speculative or zombie tasks for this job
[2026-04-09T08:02:46.227+0000] {subprocess.py:106} INFO - 26/04/09 08:02:46 INFO TaskSchedulerImpl: Killing all running tasks in stage 2: Stage finished
[2026-04-09T08:02:46.230+0000] {subprocess.py:106} INFO - 26/04/09 08:02:46 INFO DAGScheduler: Job 1 finished: count at <unknown>:0, took 0.412043 s
[2026-04-09T08:02:46.240+0000] {subprocess.py:106} INFO - >>> Loaded Silver Data: 9533 records.
[2026-04-09T08:02:46.241+0000] {subprocess.py:106} INFO - >>> Building DIM_SKILL...
[2026-04-09T08:02:46.530+0000] {subprocess.py:106} INFO - 26/04/09 08:02:46 INFO BaseMetastoreCatalog: Table properties set at catalog level through catalog properties: {}
[2026-04-09T08:02:46.538+0000] {subprocess.py:106} INFO - 26/04/09 08:02:46 INFO BaseMetastoreCatalog: Table properties enforced at catalog level through catalog properties: {}
[2026-04-09T08:02:46.646+0000] {subprocess.py:106} INFO - 26/04/09 08:02:46 INFO V2ScanRelationPushDown:
[2026-04-09T08:02:46.647+0000] {subprocess.py:106} INFO - Pushing operators to iceberg.silver.it_jobs_clean
[2026-04-09T08:02:46.647+0000] {subprocess.py:106} INFO - Pushed Filters: skills_required IS NOT NULL
[2026-04-09T08:02:46.647+0000] {subprocess.py:106} INFO - Post-Scan Filters: isnotnull(skills_required#3),(size(skills_required#3, true) > 0)
[2026-04-09T08:02:46.648+0000] {subprocess.py:106} INFO - 
[2026-04-09T08:02:46.672+0000] {subprocess.py:106} INFO - 26/04/09 08:02:46 INFO V2ScanRelationPushDown:
[2026-04-09T08:02:46.672+0000] {subprocess.py:106} INFO - Output: skills_required#3
[2026-04-09T08:02:46.673+0000] {subprocess.py:106} INFO - 
[2026-04-09T08:02:46.678+0000] {subprocess.py:106} INFO - 26/04/09 08:02:46 INFO SnapshotScan: Scanning table iceberg.silver.it_jobs_clean snapshot 58672078534282665 created at 2026-04-08T15:02:01.445+00:00 with filter skills_required IS NOT NULL
[2026-04-09T08:02:46.688+0000] {subprocess.py:106} INFO - 26/04/09 08:02:46 INFO BlockManagerInfo: Removed broadcast_1_piece0 on c05002f484b8:38291 in memory (size: 6.3 KiB, free: 434.4 MiB)
[2026-04-09T08:02:46.691+0000] {subprocess.py:106} INFO - 26/04/09 08:02:46 INFO BlockManagerInfo: Removed broadcast_1_piece0 on 172.30.0.7:42237 in memory (size: 6.3 KiB, free: 434.4 MiB)
[2026-04-09T08:02:46.699+0000] {subprocess.py:106} INFO - 26/04/09 08:02:46 INFO BaseDistributedDataScan: Planning file tasks locally for table iceberg.silver.it_jobs_clean
[2026-04-09T08:02:46.762+0000] {subprocess.py:106} INFO - 26/04/09 08:02:46 INFO SparkPartitioningAwareScan: Reporting UnknownPartitioning with 2 partition(s) for table iceberg.silver.it_jobs_clean
[2026-04-09T08:02:46.789+0000] {subprocess.py:106} INFO - 26/04/09 08:02:46 INFO SparkWrite: Requesting 0 bytes advisory partition size for table gold.dim_skill
[2026-04-09T08:02:46.790+0000] {subprocess.py:106} INFO - 26/04/09 08:02:46 INFO SparkWrite: Requesting UnspecifiedDistribution as write distribution for table gold.dim_skill
[2026-04-09T08:02:46.793+0000] {subprocess.py:106} INFO - 26/04/09 08:02:46 INFO SparkWrite: Requesting [] as write ordering for table gold.dim_skill
[2026-04-09T08:02:46.841+0000] {subprocess.py:106} INFO - 26/04/09 08:02:46 INFO MemoryStore: Block broadcast_2 stored as values in memory (estimated size 32.0 KiB, free 434.4 MiB)
[2026-04-09T08:02:46.860+0000] {subprocess.py:106} INFO - 26/04/09 08:02:46 INFO MemoryStore: Block broadcast_2_piece0 stored as bytes in memory (estimated size 30.4 KiB, free 434.3 MiB)
[2026-04-09T08:02:46.861+0000] {subprocess.py:106} INFO - 26/04/09 08:02:46 INFO BlockManagerInfo: Added broadcast_2_piece0 in memory on c05002f484b8:38291 (size: 30.4 KiB, free: 434.4 MiB)
[2026-04-09T08:02:46.862+0000] {subprocess.py:106} INFO - 26/04/09 08:02:46 INFO SparkContext: Created broadcast 2 from broadcast at SparkBatch.java:79
[2026-04-09T08:02:46.879+0000] {subprocess.py:106} INFO - 26/04/09 08:02:46 INFO MemoryStore: Block broadcast_3 stored as values in memory (estimated size 32.0 KiB, free 434.3 MiB)
[2026-04-09T08:02:46.884+0000] {subprocess.py:106} INFO - 26/04/09 08:02:46 INFO MemoryStore: Block broadcast_3_piece0 stored as bytes in memory (estimated size 30.3 KiB, free 434.3 MiB)
[2026-04-09T08:02:46.885+0000] {subprocess.py:106} INFO - 26/04/09 08:02:46 INFO BlockManagerInfo: Added broadcast_3_piece0 in memory on c05002f484b8:38291 (size: 30.3 KiB, free: 434.3 MiB)
[2026-04-09T08:02:46.887+0000] {subprocess.py:106} INFO - 26/04/09 08:02:46 INFO SparkContext: Created broadcast 3 from broadcast at SparkBatch.java:79
[2026-04-09T08:02:47.098+0000] {subprocess.py:106} INFO - 26/04/09 08:02:47 INFO CodeGenerator: Code generated in 87.875152 ms
[2026-04-09T08:02:47.156+0000] {subprocess.py:106} INFO - 26/04/09 08:02:47 INFO DAGScheduler: Registering RDD 9 (create at <unknown>:0) as input to shuffle 1
[2026-04-09T08:02:47.157+0000] {subprocess.py:106} INFO - 26/04/09 08:02:47 INFO DAGScheduler: Got map stage job 2 (create at <unknown>:0) with 2 output partitions
[2026-04-09T08:02:47.158+0000] {subprocess.py:106} INFO - 26/04/09 08:02:47 INFO DAGScheduler: Final stage: ShuffleMapStage 3 (create at <unknown>:0)
[2026-04-09T08:02:47.163+0000] {subprocess.py:106} INFO - 26/04/09 08:02:47 INFO DAGScheduler: Parents of final stage: List()
[2026-04-09T08:02:47.166+0000] {subprocess.py:106} INFO - 26/04/09 08:02:47 INFO DAGScheduler: Missing parents: List()
[2026-04-09T08:02:47.167+0000] {subprocess.py:106} INFO - 26/04/09 08:02:47 INFO DAGScheduler: Submitting ShuffleMapStage 3 (MapPartitionsRDD[9] at create at <unknown>:0), which has no missing parents
[2026-04-09T08:02:47.168+0000] {subprocess.py:106} INFO - 26/04/09 08:02:47 INFO MemoryStore: Block broadcast_4 stored as values in memory (estimated size 40.1 KiB, free 434.2 MiB)
[2026-04-09T08:02:47.174+0000] {subprocess.py:106} INFO - 26/04/09 08:02:47 INFO MemoryStore: Block broadcast_4_piece0 stored as bytes in memory (estimated size 17.5 KiB, free 434.2 MiB)
[2026-04-09T08:02:47.181+0000] {subprocess.py:106} INFO - 26/04/09 08:02:47 INFO BlockManagerInfo: Added broadcast_4_piece0 in memory on c05002f484b8:38291 (size: 17.5 KiB, free: 434.3 MiB)
[2026-04-09T08:02:47.181+0000] {subprocess.py:106} INFO - 26/04/09 08:02:47 INFO SparkContext: Created broadcast 4 from broadcast at DAGScheduler.scala:1585
[2026-04-09T08:02:47.182+0000] {subprocess.py:106} INFO - 26/04/09 08:02:47 INFO DAGScheduler: Submitting 2 missing tasks from ShuffleMapStage 3 (MapPartitionsRDD[9] at create at <unknown>:0) (first 15 tasks are for partitions Vector(0, 1))
[2026-04-09T08:02:47.182+0000] {subprocess.py:106} INFO - 26/04/09 08:02:47 INFO TaskSchedulerImpl: Adding task set 3.0 with 2 tasks resource profile 0
[2026-04-09T08:02:47.195+0000] {subprocess.py:106} INFO - 26/04/09 08:02:47 INFO TaskSetManager: Starting task 0.0 in stage 3.0 (TID 2) (172.30.0.7, executor 0, partition 0, PROCESS_LOCAL, 16616 bytes)
[2026-04-09T08:02:47.551+0000] {subprocess.py:106} INFO - 26/04/09 08:02:47 INFO BlockManagerInfo: Added broadcast_4_piece0 in memory on 172.30.0.7:42237 (size: 17.5 KiB, free: 434.4 MiB)
[2026-04-09T08:02:40.745+0000] {subprocess.py:106} INFO - 26/04/09 08:02:40 INFO BlockManagerInfo: Added broadcast_3_piece0 in memory on 172.30.0.7:42237 (size: 30.3 KiB, free: 434.4 MiB)
[2026-04-09T08:02:53.152+0000] {subprocess.py:106} INFO - 26/04/09 08:02:53 INFO TaskSetManager: Starting task 1.0 in stage 3.0 (TID 3) (172.30.0.7, executor 0, partition 1, PROCESS_LOCAL, 15224 bytes)
[2026-04-09T08:02:53.153+0000] {subprocess.py:106} INFO - 26/04/09 08:02:53 INFO TaskSetManager: Finished task 0.0 in stage 3.0 (TID 2) in 5972 ms on 172.30.0.7 (executor 0) (1/2)
[2026-04-09T08:02:53.364+0000] {subprocess.py:106} INFO - 26/04/09 08:02:53 INFO TaskSetManager: Finished task 1.0 in stage 3.0 (TID 3) in 210 ms on 172.30.0.7 (executor 0) (2/2)
[2026-04-09T08:02:53.365+0000] {subprocess.py:106} INFO - 26/04/09 08:02:53 INFO TaskSchedulerImpl: Removed TaskSet 3.0, whose tasks have all completed, from pool
[2026-04-09T08:02:53.366+0000] {subprocess.py:106} INFO - 26/04/09 08:02:53 INFO DAGScheduler: ShuffleMapStage 3 (create at <unknown>:0) finished in 6.200 s
[2026-04-09T08:02:53.366+0000] {subprocess.py:106} INFO - 26/04/09 08:02:53 INFO DAGScheduler: looking for newly runnable stages
[2026-04-09T08:02:53.367+0000] {subprocess.py:106} INFO - 26/04/09 08:02:53 INFO DAGScheduler: running: Set()
[2026-04-09T08:02:53.367+0000] {subprocess.py:106} INFO - 26/04/09 08:02:53 INFO DAGScheduler: waiting: Set()
[2026-04-09T08:02:53.368+0000] {subprocess.py:106} INFO - 26/04/09 08:02:53 INFO DAGScheduler: failed: Set()
[2026-04-09T08:02:53.379+0000] {subprocess.py:106} INFO - 26/04/09 08:02:53 INFO ShufflePartitionsUtil: For shuffle(1), advisory target size: 67108864, actual target size 1048576, minimum partition size: 1048576
[2026-04-09T08:02:53.492+0000] {subprocess.py:106} INFO - 26/04/09 08:02:53 INFO CodeGenerator: Code generated in 65.337566 ms
[2026-04-09T08:02:53.521+0000] {subprocess.py:106} INFO - 26/04/09 08:02:53 INFO MemoryStore: Block broadcast_5 stored as values in memory (estimated size 32.0 KiB, free 434.2 MiB)
[2026-04-09T08:02:53.535+0000] {subprocess.py:106} INFO - 26/04/09 08:02:53 INFO MemoryStore: Block broadcast_5_piece0 stored as bytes in memory (estimated size 29.8 KiB, free 434.2 MiB)
[2026-04-09T08:02:53.541+0000] {subprocess.py:106} INFO - 26/04/09 08:02:53 INFO BlockManagerInfo: Added broadcast_5_piece0 in memory on c05002f484b8:38291 (size: 29.8 KiB, free: 434.3 MiB)
[2026-04-09T08:02:53.545+0000] {subprocess.py:106} INFO - 26/04/09 08:02:53 INFO BlockManagerInfo: Removed broadcast_4_piece0 on c05002f484b8:38291 in memory (size: 17.5 KiB, free: 434.3 MiB)
[2026-04-09T08:02:53.546+0000] {subprocess.py:106} INFO - 26/04/09 08:02:53 INFO SparkContext: Created broadcast 5 from broadcast at SparkWrite.java:193
[2026-04-09T08:02:53.547+0000] {subprocess.py:106} INFO - 26/04/09 08:02:53 INFO BlockManagerInfo: Removed broadcast_4_piece0 on 172.30.0.7:42237 in memory (size: 17.5 KiB, free: 434.4 MiB)
[2026-04-09T08:02:53.548+0000] {subprocess.py:106} INFO - 26/04/09 08:02:53 INFO AppendDataExec: Start processing data source write support: IcebergBatchWrite(table=gold.dim_skill, format=PARQUET). The input RDD has 1 partitions.
[2026-04-09T08:02:53.555+0000] {subprocess.py:106} INFO - 26/04/09 08:02:53 INFO SparkContext: Starting job: create at <unknown>:0
[2026-04-09T08:02:53.556+0000] {subprocess.py:106} INFO - 26/04/09 08:02:53 INFO DAGScheduler: Got job 3 (create at <unknown>:0) with 1 output partitions
[2026-04-09T08:02:53.557+0000] {subprocess.py:106} INFO - 26/04/09 08:02:53 INFO DAGScheduler: Final stage: ResultStage 5 (create at <unknown>:0)
[2026-04-09T08:02:53.557+0000] {subprocess.py:106} INFO - 26/04/09 08:02:53 INFO DAGScheduler: Parents of final stage: List(ShuffleMapStage 4)
[2026-04-09T08:02:53.558+0000] {subprocess.py:106} INFO - 26/04/09 08:02:53 INFO DAGScheduler: Missing parents: List()
[2026-04-09T08:02:53.568+0000] {subprocess.py:106} INFO - 26/04/09 08:02:53 INFO DAGScheduler: Submitting ResultStage 5 (MapPartitionsRDD[11] at create at <unknown>:0), which has no missing parents
[2026-04-09T08:02:53.576+0000] {subprocess.py:106} INFO - 26/04/09 08:02:53 INFO MemoryStore: Block broadcast_6 stored as values in memory (estimated size 50.7 KiB, free 434.2 MiB)
[2026-04-09T08:02:53.579+0000] {subprocess.py:106} INFO - 26/04/09 08:02:53 INFO MemoryStore: Block broadcast_6_piece0 stored as bytes in memory (estimated size 22.2 KiB, free 434.1 MiB)
[2026-04-09T08:02:53.595+0000] {subprocess.py:106} INFO - 26/04/09 08:02:53 INFO BlockManagerInfo: Added broadcast_6_piece0 in memory on c05002f484b8:38291 (size: 22.2 KiB, free: 434.3 MiB)
[2026-04-09T08:02:53.596+0000] {subprocess.py:106} INFO - 26/04/09 08:02:53 INFO SparkContext: Created broadcast 6 from broadcast at DAGScheduler.scala:1585
[2026-04-09T08:02:53.601+0000] {subprocess.py:106} INFO - 26/04/09 08:02:53 INFO DAGScheduler: Submitting 1 missing tasks from ResultStage 5 (MapPartitionsRDD[11] at create at <unknown>:0) (first 15 tasks are for partitions Vector(0))
[2026-04-09T08:02:53.602+0000] {subprocess.py:106} INFO - 26/04/09 08:02:53 INFO TaskSchedulerImpl: Adding task set 5.0 with 1 tasks resource profile 0
[2026-04-09T08:02:53.605+0000] {subprocess.py:106} INFO - 26/04/09 08:02:53 INFO TaskSetManager: Starting task 0.0 in stage 5.0 (TID 4) (172.30.0.7, executor 0, partition 0, NODE_LOCAL, 9976 bytes)
[2026-04-09T08:02:53.622+0000] {subprocess.py:106} INFO - 26/04/09 08:02:53 INFO BlockManagerInfo: Added broadcast_6_piece0 in memory on 172.30.0.7:42237 (size: 22.2 KiB, free: 434.3 MiB)
[2026-04-09T08:02:53.718+0000] {subprocess.py:106} INFO - 26/04/09 08:02:53 INFO MapOutputTrackerMasterEndpoint: Asked to send map output locations for shuffle 1 to 172.30.0.7:45394
[2026-04-09T08:02:53.836+0000] {subprocess.py:106} INFO - 26/04/09 08:02:53 INFO BlockManagerInfo: Added broadcast_5_piece0 in memory on 172.30.0.7:42237 (size: 29.8 KiB, free: 434.3 MiB)
[2026-04-09T08:02:54.710+0000] {subprocess.py:106} INFO - 26/04/09 08:02:54 INFO TaskSetManager: Finished task 0.0 in stage 5.0 (TID 4) in 1107 ms on 172.30.0.7 (executor 0) (1/1)
[2026-04-09T08:02:54.711+0000] {subprocess.py:106} INFO - 26/04/09 08:02:54 INFO TaskSchedulerImpl: Removed TaskSet 5.0, whose tasks have all completed, from pool
[2026-04-09T08:02:54.714+0000] {subprocess.py:106} INFO - 26/04/09 08:02:54 INFO DAGScheduler: ResultStage 5 (create at <unknown>:0) finished in 1.139 s
[2026-04-09T08:02:54.715+0000] {subprocess.py:106} INFO - 26/04/09 08:02:54 INFO DAGScheduler: Job 3 is finished. Cancelling potential speculative or zombie tasks for this job
[2026-04-09T08:02:54.716+0000] {subprocess.py:106} INFO - 26/04/09 08:02:54 INFO TaskSchedulerImpl: Killing all running tasks in stage 5: Stage finished
[2026-04-09T08:02:54.717+0000] {subprocess.py:106} INFO - 26/04/09 08:02:54 INFO DAGScheduler: Job 3 finished: create at <unknown>:0, took 1.160389 s
[2026-04-09T08:02:54.718+0000] {subprocess.py:106} INFO - 26/04/09 08:02:54 INFO AppendDataExec: Data source write support IcebergBatchWrite(table=gold.dim_skill, format=PARQUET) is committing.
[2026-04-09T08:02:54.750+0000] {subprocess.py:106} INFO - 26/04/09 08:02:54 INFO SparkWrite: Committing append with 1 new data files to table gold.dim_skill
[2026-04-09T08:02:54.973+0000] {subprocess.py:106} INFO - 26/04/09 08:02:54 INFO BlockManagerInfo: Removed broadcast_6_piece0 on c05002f484b8:38291 in memory (size: 22.2 KiB, free: 434.3 MiB)
[2026-04-09T08:02:54.974+0000] {subprocess.py:106} INFO - 26/04/09 08:02:54 INFO BlockManagerInfo: Removed broadcast_6_piece0 on 172.30.0.7:42237 in memory (size: 22.2 KiB, free: 434.3 MiB)
[2026-04-09T08:02:55.163+0000] {subprocess.py:106} INFO - 26/04/09 08:02:55 INFO SnapshotProducer: Committed snapshot 4673242741215563964 (MergeAppend)
[2026-04-09T08:02:55.192+0000] {subprocess.py:106} INFO - 26/04/09 08:02:55 INFO LoggingMetricsReporter: Received metrics report: CommitReport{tableName=gold.dim_skill, snapshotId=4673242741215563964, sequenceNumber=1, operation=append, commitMetrics=CommitMetricsResult{totalDuration=TimerResult{timeUnit=NANOSECONDS, totalDuration=PT0.433910791S, count=1}, attempts=CounterResult{unit=COUNT, value=1}, addedDataFiles=CounterResult{unit=COUNT, value=1}, removedDataFiles=null, totalDataFiles=CounterResult{unit=COUNT, value=1}, addedDeleteFiles=null, addedEqualityDeleteFiles=null, addedPositionalDeleteFiles=null, removedDeleteFiles=null, removedEqualityDeleteFiles=null, removedPositionalDeleteFiles=null, totalDeleteFiles=CounterResult{unit=COUNT, value=0}, addedRecords=CounterResult{unit=COUNT, value=511}, removedRecords=null, totalRecords=CounterResult{unit=COUNT, value=511}, addedFilesSizeInBytes=CounterResult{unit=BYTES, value=8721}, removedFilesSizeInBytes=null, totalFilesSizeInBytes=CounterResult{unit=BYTES, value=8721}, addedPositionalDeletes=null, removedPositionalDeletes=null, totalPositionalDeletes=CounterResult{unit=COUNT, value=0}, addedEqualityDeletes=null, removedEqualityDeletes=null, totalEqualityDeletes=CounterResult{unit=COUNT, value=0}}, metadata={engine-version=3.5.3, app-id=app-20260409080232-0000, engine-name=spark, iceberg-version=Apache Iceberg 1.6.1 (commit 8e9d59d299be42b0bca9461457cd1e95dbaad086)}}
[2026-04-09T08:02:55.192+0000] {subprocess.py:106} INFO - 26/04/09 08:02:55 INFO SparkWrite: Committed in 442 ms
[2026-04-09T08:02:55.193+0000] {subprocess.py:106} INFO - 26/04/09 08:02:55 INFO AppendDataExec: Data source write support IcebergBatchWrite(table=gold.dim_skill, format=PARQUET) committed.
[2026-04-09T08:02:57.543+0000] {subprocess.py:106} INFO - 26/04/09 08:02:57 INFO HiveTableOperations: Committed to table iceberg.gold.dim_skill with the new metadata location s3a://warehouse/iceberg_data/gold.db/dim_skill/metadata/00000-6752aabf-1ad5-4a51-8576-3e7f2f9fbf32.metadata.json
[2026-04-09T08:02:57.544+0000] {subprocess.py:106} INFO - 26/04/09 08:02:57 INFO BaseMetastoreTableOperations: Successfully committed to table iceberg.gold.dim_skill in 2349 ms
[2026-04-09T08:02:57.545+0000] {subprocess.py:106} INFO - >>> Building DIM_LOCATION...
[2026-04-09T08:02:57.574+0000] {subprocess.py:106} INFO - 26/04/09 08:02:57 INFO BlockManagerInfo: Removed broadcast_5_piece0 on c05002f484b8:38291 in memory (size: 29.8 KiB, free: 434.3 MiB)
[2026-04-09T08:02:57.578+0000] {subprocess.py:106} INFO - 26/04/09 08:02:57 INFO BlockManagerInfo: Removed broadcast_5_piece0 on 172.30.0.7:42237 in memory (size: 29.8 KiB, free: 434.4 MiB)
[2026-04-09T08:02:57.706+0000] {subprocess.py:106} INFO - 26/04/09 08:02:57 INFO BaseMetastoreCatalog: Table properties set at catalog level through catalog properties: {}
[2026-04-09T08:02:57.744+0000] {subprocess.py:106} INFO - 26/04/09 08:02:57 INFO BaseMetastoreCatalog: Table properties enforced at catalog level through catalog properties: {}
[2026-04-09T08:02:57.774+0000] {subprocess.py:106} INFO - 26/04/09 08:02:57 INFO V2ScanRelationPushDown:
[2026-04-09T08:02:57.775+0000] {subprocess.py:106} INFO - Pushing operators to iceberg.silver.it_jobs_clean
[2026-04-09T08:02:57.781+0000] {subprocess.py:106} INFO - Pushed Filters: location IS NOT NULL
[2026-04-09T08:02:57.782+0000] {subprocess.py:106} INFO - Post-Scan Filters: isnotnull(location#2),(size(location#2, true) > 0)
[2026-04-09T08:02:57.783+0000] {subprocess.py:106} INFO - 
[2026-04-09T08:02:57.783+0000] {subprocess.py:106} INFO - 26/04/09 08:02:57 INFO V2ScanRelationPushDown:
[2026-04-09T08:02:57.784+0000] {subprocess.py:106} INFO - Output: location#2
[2026-04-09T08:02:57.784+0000] {subprocess.py:106} INFO - 
[2026-04-09T08:02:57.785+0000] {subprocess.py:106} INFO - 26/04/09 08:02:57 INFO SnapshotScan: Scanning table iceberg.silver.it_jobs_clean snapshot 58672078534282665 created at 2026-04-08T15:02:01.445+00:00 with filter location IS NOT NULL
[2026-04-09T08:02:57.785+0000] {subprocess.py:106} INFO - 26/04/09 08:02:57 INFO BaseDistributedDataScan: Planning file tasks locally for table iceberg.silver.it_jobs_clean
[2026-04-09T08:02:57.822+0000] {subprocess.py:106} INFO - 26/04/09 08:02:57 INFO SparkPartitioningAwareScan: Reporting UnknownPartitioning with 2 partition(s) for table iceberg.silver.it_jobs_clean
[2026-04-09T08:02:57.825+0000] {subprocess.py:106} INFO - 26/04/09 08:02:57 INFO SparkWrite: Requesting 0 bytes advisory partition size for table gold.dim_location
[2026-04-09T08:02:57.826+0000] {subprocess.py:106} INFO - 26/04/09 08:02:57 INFO SparkWrite: Requesting UnspecifiedDistribution as write distribution for table gold.dim_location
[2026-04-09T08:02:57.827+0000] {subprocess.py:106} INFO - 26/04/09 08:02:57 INFO SparkWrite: Requesting [] as write ordering for table gold.dim_location
[2026-04-09T08:02:57.836+0000] {subprocess.py:106} INFO - 26/04/09 08:02:57 INFO MemoryStore: Block broadcast_7 stored as values in memory (estimated size 32.0 KiB, free 434.2 MiB)
[2026-04-09T08:02:57.848+0000] {subprocess.py:106} INFO - 26/04/09 08:02:57 INFO MemoryStore: Block broadcast_7_piece0 stored as bytes in memory (estimated size 30.3 KiB, free 434.2 MiB)
[2026-04-09T08:02:57.850+0000] {subprocess.py:106} INFO - 26/04/09 08:02:57 INFO BlockManagerInfo: Added broadcast_7_piece0 in memory on c05002f484b8:38291 (size: 30.3 KiB, free: 434.3 MiB)
[2026-04-09T08:02:57.854+0000] {subprocess.py:106} INFO - 26/04/09 08:02:57 INFO SparkContext: Created broadcast 7 from broadcast at SparkBatch.java:79
[2026-04-09T08:02:57.858+0000] {subprocess.py:106} INFO - 26/04/09 08:02:57 INFO MemoryStore: Block broadcast_8 stored as values in memory (estimated size 32.0 KiB, free 434.2 MiB)
[2026-04-09T08:02:57.861+0000] {subprocess.py:106} INFO - 26/04/09 08:02:57 INFO MemoryStore: Block broadcast_8_piece0 stored as bytes in memory (estimated size 30.4 KiB, free 434.2 MiB)
[2026-04-09T08:02:57.863+0000] {subprocess.py:106} INFO - 26/04/09 08:02:57 INFO BlockManagerInfo: Added broadcast_8_piece0 in memory on c05002f484b8:38291 (size: 30.4 KiB, free: 434.3 MiB)
[2026-04-09T08:02:57.873+0000] {subprocess.py:106} INFO - 26/04/09 08:02:57 INFO SparkContext: Created broadcast 8 from broadcast at SparkBatch.java:79
[2026-04-09T08:02:57.902+0000] {subprocess.py:106} INFO - 26/04/09 08:02:57 INFO BlockManagerInfo: Removed broadcast_2_piece0 on c05002f484b8:38291 in memory (size: 30.4 KiB, free: 434.3 MiB)
[2026-04-09T08:02:57.949+0000] {subprocess.py:106} INFO - 26/04/09 08:02:57 INFO CodeGenerator: Code generated in 34.793212 ms
[2026-04-09T08:02:57.958+0000] {subprocess.py:106} INFO - 26/04/09 08:02:57 INFO DAGScheduler: Registering RDD 15 (create at <unknown>:0) as input to shuffle 2
[2026-04-09T08:02:57.959+0000] {subprocess.py:106} INFO - 26/04/09 08:02:57 INFO DAGScheduler: Got map stage job 4 (create at <unknown>:0) with 2 output partitions
[2026-04-09T08:02:57.960+0000] {subprocess.py:106} INFO - 26/04/09 08:02:57 INFO DAGScheduler: Final stage: ShuffleMapStage 6 (create at <unknown>:0)
[2026-04-09T08:02:57.960+0000] {subprocess.py:106} INFO - 26/04/09 08:02:57 INFO DAGScheduler: Parents of final stage: List()
[2026-04-09T08:02:57.962+0000] {subprocess.py:106} INFO - 26/04/09 08:02:57 INFO DAGScheduler: Missing parents: List()
[2026-04-09T08:02:57.962+0000] {subprocess.py:106} INFO - 26/04/09 08:02:57 INFO DAGScheduler: Submitting ShuffleMapStage 6 (MapPartitionsRDD[15] at create at <unknown>:0), which has no missing parents
[2026-04-09T08:02:57.966+0000] {subprocess.py:106} INFO - 26/04/09 08:02:57 INFO MemoryStore: Block broadcast_9 stored as values in memory (estimated size 39.5 KiB, free 434.2 MiB)
[2026-04-09T08:02:57.975+0000] {subprocess.py:106} INFO - 26/04/09 08:02:57 INFO MemoryStore: Block broadcast_9_piece0 stored as bytes in memory (estimated size 17.2 KiB, free 434.2 MiB)
[2026-04-09T08:02:57.977+0000] {subprocess.py:106} INFO - 26/04/09 08:02:57 INFO BlockManagerInfo: Added broadcast_9_piece0 in memory on c05002f484b8:38291 (size: 17.2 KiB, free: 434.3 MiB)
[2026-04-09T08:02:57.978+0000] {subprocess.py:106} INFO - 26/04/09 08:02:57 INFO SparkContext: Created broadcast 9 from broadcast at DAGScheduler.scala:1585
[2026-04-09T08:02:57.980+0000] {subprocess.py:106} INFO - 26/04/09 08:02:57 INFO DAGScheduler: Submitting 2 missing tasks from ShuffleMapStage 6 (MapPartitionsRDD[15] at create at <unknown>:0) (first 15 tasks are for partitions Vector(0, 1))
[2026-04-09T08:02:57.980+0000] {subprocess.py:106} INFO - 26/04/09 08:02:57 INFO TaskSchedulerImpl: Adding task set 6.0 with 2 tasks resource profile 0
[2026-04-09T08:02:57.981+0000] {subprocess.py:106} INFO - 26/04/09 08:02:57 INFO TaskSetManager: Starting task 0.0 in stage 6.0 (TID 5) (172.30.0.7, executor 0, partition 0, PROCESS_LOCAL, 16602 bytes)
[2026-04-09T08:02:57.998+0000] {subprocess.py:106} INFO - 26/04/09 08:02:57 INFO BlockManagerInfo: Added broadcast_9_piece0 in memory on 172.30.0.7:42237 (size: 17.2 KiB, free: 434.4 MiB)
[2026-04-09T08:02:58.047+0000] {subprocess.py:106} INFO - 26/04/09 08:02:58 INFO BlockManagerInfo: Removed broadcast_3_piece0 on c05002f484b8:38291 in memory (size: 30.3 KiB, free: 434.3 MiB)
[2026-04-09T08:02:58.049+0000] {subprocess.py:106} INFO - 26/04/09 08:02:58 INFO BlockManagerInfo: Removed broadcast_3_piece0 on 172.30.0.7:42237 in memory (size: 30.3 KiB, free: 434.4 MiB)
[2026-04-09T08:02:58.097+0000] {subprocess.py:106} INFO - 26/04/09 08:02:58 INFO BlockManagerInfo: Added broadcast_8_piece0 in memory on 172.30.0.7:42237 (size: 30.4 KiB, free: 434.4 MiB)
[2026-04-09T08:02:58.357+0000] {subprocess.py:106} INFO - 26/04/09 08:02:58 INFO TaskSetManager: Starting task 1.0 in stage 6.0 (TID 6) (172.30.0.7, executor 0, partition 1, PROCESS_LOCAL, 15210 bytes)
[2026-04-09T08:02:58.358+0000] {subprocess.py:106} INFO - 26/04/09 08:02:58 INFO TaskSetManager: Finished task 0.0 in stage 6.0 (TID 5) in 376 ms on 172.30.0.7 (executor 0) (1/2)
[2026-04-09T08:02:58.484+0000] {subprocess.py:106} INFO - 26/04/09 08:02:58 INFO TaskSetManager: Finished task 1.0 in stage 6.0 (TID 6) in 128 ms on 172.30.0.7 (executor 0) (2/2)
[2026-04-09T08:02:58.493+0000] {subprocess.py:106} INFO - 26/04/09 08:02:58 INFO TaskSchedulerImpl: Removed TaskSet 6.0, whose tasks have all completed, from pool
[2026-04-09T08:02:58.494+0000] {subprocess.py:106} INFO - 26/04/09 08:02:58 INFO DAGScheduler: ShuffleMapStage 6 (create at <unknown>:0) finished in 0.521 s
[2026-04-09T08:02:58.495+0000] {subprocess.py:106} INFO - 26/04/09 08:02:58 INFO DAGScheduler: looking for newly runnable stages
[2026-04-09T08:02:58.495+0000] {subprocess.py:106} INFO - 26/04/09 08:02:58 INFO DAGScheduler: running: Set()
[2026-04-09T08:02:58.496+0000] {subprocess.py:106} INFO - 26/04/09 08:02:58 INFO DAGScheduler: waiting: Set()
[2026-04-09T08:02:58.496+0000] {subprocess.py:106} INFO - 26/04/09 08:02:58 INFO DAGScheduler: failed: Set()
[2026-04-09T08:02:58.497+0000] {subprocess.py:106} INFO - 26/04/09 08:02:58 INFO ShufflePartitionsUtil: For shuffle(2), advisory target size: 67108864, actual target size 1048576, minimum partition size: 1048576
[2026-04-09T08:02:58.554+0000] {subprocess.py:106} INFO - 26/04/09 08:02:58 INFO CodeGenerator: Code generated in 36.698021 ms
[2026-04-09T08:02:58.578+0000] {subprocess.py:106} INFO - 26/04/09 08:02:58 INFO MemoryStore: Block broadcast_10 stored as values in memory (estimated size 32.0 KiB, free 434.2 MiB)
[2026-04-09T08:02:58.593+0000] {subprocess.py:106} INFO - 26/04/09 08:02:58 INFO MemoryStore: Block broadcast_10_piece0 stored as bytes in memory (estimated size 29.8 KiB, free 434.2 MiB)
[2026-04-09T08:02:58.594+0000] {subprocess.py:106} INFO - 26/04/09 08:02:58 INFO BlockManagerInfo: Added broadcast_10_piece0 in memory on c05002f484b8:38291 (size: 29.8 KiB, free: 434.3 MiB)
[2026-04-09T08:02:58.598+0000] {subprocess.py:106} INFO - 26/04/09 08:02:58 INFO SparkContext: Created broadcast 10 from broadcast at SparkWrite.java:193
[2026-04-09T08:02:58.598+0000] {subprocess.py:106} INFO - 26/04/09 08:02:58 INFO AppendDataExec: Start processing data source write support: IcebergBatchWrite(table=gold.dim_location, format=PARQUET). The input RDD has 1 partitions.
[2026-04-09T08:02:58.599+0000] {subprocess.py:106} INFO - 26/04/09 08:02:58 INFO BlockManagerInfo: Removed broadcast_9_piece0 on 172.30.0.7:42237 in memory (size: 17.2 KiB, free: 434.4 MiB)
[2026-04-09T08:02:58.600+0000] {subprocess.py:106} INFO - 26/04/09 08:02:58 INFO SparkContext: Starting job: create at <unknown>:0
[2026-04-09T08:02:58.601+0000] {subprocess.py:106} INFO - 26/04/09 08:02:58 INFO DAGScheduler: Got job 5 (create at <unknown>:0) with 1 output partitions
[2026-04-09T08:02:58.602+0000] {subprocess.py:106} INFO - 26/04/09 08:02:58 INFO DAGScheduler: Final stage: ResultStage 8 (create at <unknown>:0)
[2026-04-09T08:02:58.602+0000] {subprocess.py:106} INFO - 26/04/09 08:02:58 INFO DAGScheduler: Parents of final stage: List(ShuffleMapStage 7)
[2026-04-09T08:02:58.603+0000] {subprocess.py:106} INFO - 26/04/09 08:02:58 INFO DAGScheduler: Missing parents: List()
[2026-04-09T08:02:58.604+0000] {subprocess.py:106} INFO - 26/04/09 08:02:58 INFO BlockManagerInfo: Removed broadcast_9_piece0 on c05002f484b8:38291 in memory (size: 17.2 KiB, free: 434.3 MiB)
[2026-04-09T08:02:58.616+0000] {subprocess.py:106} INFO - 26/04/09 08:02:58 INFO DAGScheduler: Submitting ResultStage 8 (MapPartitionsRDD[17] at create at <unknown>:0), which has no missing parents
[2026-04-09T08:02:58.625+0000] {subprocess.py:106} INFO - 26/04/09 08:02:58 INFO MemoryStore: Block broadcast_11 stored as values in memory (estimated size 53.3 KiB, free 434.2 MiB)
[2026-04-09T08:02:58.626+0000] {subprocess.py:106} INFO - 26/04/09 08:02:58 INFO MemoryStore: Block broadcast_11_piece0 stored as bytes in memory (estimated size 22.5 KiB, free 434.1 MiB)
[2026-04-09T08:02:58.628+0000] {subprocess.py:106} INFO - 26/04/09 08:02:58 INFO BlockManagerInfo: Added broadcast_11_piece0 in memory on c05002f484b8:38291 (size: 22.5 KiB, free: 434.3 MiB)
[2026-04-09T08:02:58.629+0000] {subprocess.py:106} INFO - 26/04/09 08:02:58 INFO SparkContext: Created broadcast 11 from broadcast at DAGScheduler.scala:1585
[2026-04-09T08:02:58.632+0000] {subprocess.py:106} INFO - 26/04/09 08:02:58 INFO DAGScheduler: Submitting 1 missing tasks from ResultStage 8 (MapPartitionsRDD[17] at create at <unknown>:0) (first 15 tasks are for partitions Vector(0))
[2026-04-09T08:02:58.633+0000] {subprocess.py:106} INFO - 26/04/09 08:02:58 INFO TaskSchedulerImpl: Adding task set 8.0 with 1 tasks resource profile 0
[2026-04-09T08:02:58.634+0000] {subprocess.py:106} INFO - 26/04/09 08:02:58 INFO TaskSetManager: Starting task 0.0 in stage 8.0 (TID 7) (172.30.0.7, executor 0, partition 0, NODE_LOCAL, 9976 bytes)
[2026-04-09T08:02:58.668+0000] {subprocess.py:106} INFO - 26/04/09 08:02:58 INFO BlockManagerInfo: Added broadcast_11_piece0 in memory on 172.30.0.7:42237 (size: 22.5 KiB, free: 434.3 MiB)
[2026-04-09T08:02:58.685+0000] {subprocess.py:106} INFO - 26/04/09 08:02:58 INFO MapOutputTrackerMasterEndpoint: Asked to send map output locations for shuffle 2 to 172.30.0.7:45394
[2026-04-09T08:02:58.774+0000] {subprocess.py:106} INFO - 26/04/09 08:02:58 INFO BlockManagerInfo: Added broadcast_10_piece0 in memory on 172.30.0.7:42237 (size: 29.8 KiB, free: 434.3 MiB)
[2026-04-09T08:02:58.914+0000] {subprocess.py:106} INFO - 26/04/09 08:02:58 INFO TaskSetManager: Finished task 0.0 in stage 8.0 (TID 7) in 278 ms on 172.30.0.7 (executor 0) (1/1)
[2026-04-09T08:02:58.917+0000] {subprocess.py:106} INFO - 26/04/09 08:02:58 INFO TaskSchedulerImpl: Removed TaskSet 8.0, whose tasks have all completed, from pool
[2026-04-09T08:02:58.918+0000] {subprocess.py:106} INFO - 26/04/09 08:02:58 INFO DAGScheduler: ResultStage 8 (create at <unknown>:0) finished in 0.290 s
[2026-04-09T08:02:58.919+0000] {subprocess.py:106} INFO - 26/04/09 08:02:58 INFO DAGScheduler: Job 5 is finished. Cancelling potential speculative or zombie tasks for this job
[2026-04-09T08:02:58.920+0000] {subprocess.py:106} INFO - 26/04/09 08:02:58 INFO TaskSchedulerImpl: Killing all running tasks in stage 8: Stage finished
[2026-04-09T08:02:58.920+0000] {subprocess.py:106} INFO - 26/04/09 08:02:58 INFO DAGScheduler: Job 5 finished: create at <unknown>:0, took 0.315716 s
[2026-04-09T08:02:58.921+0000] {subprocess.py:106} INFO - 26/04/09 08:02:58 INFO AppendDataExec: Data source write support IcebergBatchWrite(table=gold.dim_location, format=PARQUET) is committing.
[2026-04-09T08:02:58.922+0000] {subprocess.py:106} INFO - 26/04/09 08:02:58 INFO SparkWrite: Committing append with 1 new data files to table gold.dim_location
[2026-04-09T08:02:59.111+0000] {subprocess.py:106} INFO - 26/04/09 08:02:59 INFO SnapshotProducer: Committed snapshot 4442805989988244836 (MergeAppend)
[2026-04-09T08:02:59.143+0000] {subprocess.py:106} INFO - 26/04/09 08:02:59 INFO LoggingMetricsReporter: Received metrics report: CommitReport{tableName=gold.dim_location, snapshotId=4442805989988244836, sequenceNumber=1, operation=append, commitMetrics=CommitMetricsResult{totalDuration=TimerResult{timeUnit=NANOSECONDS, totalDuration=PT0.229179276S, count=1}, attempts=CounterResult{unit=COUNT, value=1}, addedDataFiles=CounterResult{unit=COUNT, value=1}, removedDataFiles=null, totalDataFiles=CounterResult{unit=COUNT, value=1}, addedDeleteFiles=null, addedEqualityDeleteFiles=null, addedPositionalDeleteFiles=null, removedDeleteFiles=null, removedEqualityDeleteFiles=null, removedPositionalDeleteFiles=null, totalDeleteFiles=CounterResult{unit=COUNT, value=0}, addedRecords=CounterResult{unit=COUNT, value=10}, removedRecords=null, totalRecords=CounterResult{unit=COUNT, value=10}, addedFilesSizeInBytes=CounterResult{unit=BYTES, value=1182}, removedFilesSizeInBytes=null, totalFilesSizeInBytes=CounterResult{unit=BYTES, value=1182}, addedPositionalDeletes=null, removedPositionalDeletes=null, totalPositionalDeletes=CounterResult{unit=COUNT, value=0}, addedEqualityDeletes=null, removedEqualityDeletes=null, totalEqualityDeletes=CounterResult{unit=COUNT, value=0}}, metadata={engine-version=3.5.3, app-id=app-20260409080232-0000, engine-name=spark, iceberg-version=Apache Iceberg 1.6.1 (commit 8e9d59d299be42b0bca9461457cd1e95dbaad086)}}
[2026-04-09T08:02:59.144+0000] {subprocess.py:106} INFO - 26/04/09 08:02:59 INFO SparkWrite: Committed in 230 ms
[2026-04-09T08:02:59.146+0000] {subprocess.py:106} INFO - 26/04/09 08:02:59 INFO AppendDataExec: Data source write support IcebergBatchWrite(table=gold.dim_location, format=PARQUET) committed.
[2026-04-09T08:02:59.317+0000] {subprocess.py:106} INFO - 26/04/09 08:02:59 INFO HiveTableOperations: Committed to table iceberg.gold.dim_location with the new metadata location s3a://warehouse/iceberg_data/gold.db/dim_location/metadata/00000-c414b81c-0185-4609-b249-b6781c2263bb.metadata.json
[2026-04-09T08:02:59.318+0000] {subprocess.py:106} INFO - 26/04/09 08:02:59 INFO BaseMetastoreTableOperations: Successfully committed to table iceberg.gold.dim_location in 174 ms
[2026-04-09T08:02:59.319+0000] {subprocess.py:106} INFO - >>> Building DIM_COMPANY...
[2026-04-09T08:02:59.383+0000] {subprocess.py:106} INFO - 26/04/09 08:02:59 INFO BaseMetastoreCatalog: Table properties set at catalog level through catalog properties: {}
[2026-04-09T08:02:59.391+0000] {subprocess.py:106} INFO - 26/04/09 08:02:59 INFO BaseMetastoreCatalog: Table properties enforced at catalog level through catalog properties: {}
[2026-04-09T08:02:59.409+0000] {subprocess.py:106} INFO - 26/04/09 08:02:59 INFO V2ScanRelationPushDown:
[2026-04-09T08:02:59.410+0000] {subprocess.py:106} INFO - Pushing operators to iceberg.silver.it_jobs_clean
[2026-04-09T08:02:59.411+0000] {subprocess.py:106} INFO - Pushed Filters: company_name IS NOT NULL
[2026-04-09T08:02:59.411+0000] {subprocess.py:106} INFO - Post-Scan Filters: isnotnull(company_name#1)
[2026-04-09T08:02:59.412+0000] {subprocess.py:106} INFO - 
[2026-04-09T08:02:59.413+0000] {subprocess.py:106} INFO - 26/04/09 08:02:59 INFO V2ScanRelationPushDown:
[2026-04-09T08:02:59.413+0000] {subprocess.py:106} INFO - Output: company_name#1
[2026-04-09T08:02:59.414+0000] {subprocess.py:106} INFO - 
[2026-04-09T08:02:59.414+0000] {subprocess.py:106} INFO - 26/04/09 08:02:59 INFO SnapshotScan: Scanning table iceberg.silver.it_jobs_clean snapshot 58672078534282665 created at 2026-04-08T15:02:01.445+00:00 with filter company_name IS NOT NULL
[2026-04-09T08:02:59.415+0000] {subprocess.py:106} INFO - 26/04/09 08:02:59 INFO BaseDistributedDataScan: Planning file tasks locally for table iceberg.silver.it_jobs_clean
[2026-04-09T08:02:59.457+0000] {subprocess.py:106} INFO - 26/04/09 08:02:59 INFO SparkPartitioningAwareScan: Reporting UnknownPartitioning with 2 partition(s) for table iceberg.silver.it_jobs_clean
[2026-04-09T08:02:59.459+0000] {subprocess.py:106} INFO - 26/04/09 08:02:59 INFO SparkWrite: Requesting 0 bytes advisory partition size for table gold.dim_company
[2026-04-09T08:02:59.459+0000] {subprocess.py:106} INFO - 26/04/09 08:02:59 INFO SparkWrite: Requesting UnspecifiedDistribution as write distribution for table gold.dim_company
[2026-04-09T08:02:59.460+0000] {subprocess.py:106} INFO - 26/04/09 08:02:59 INFO SparkWrite: Requesting [] as write ordering for table gold.dim_company
[2026-04-09T08:02:59.468+0000] {subprocess.py:106} INFO - 26/04/09 08:02:59 INFO MemoryStore: Block broadcast_12 stored as values in memory (estimated size 32.0 KiB, free 434.1 MiB)
[2026-04-09T08:02:59.487+0000] {subprocess.py:106} INFO - 26/04/09 08:02:59 INFO MemoryStore: Block broadcast_12_piece0 stored as bytes in memory (estimated size 30.4 KiB, free 434.1 MiB)
[2026-04-09T08:02:59.489+0000] {subprocess.py:106} INFO - 26/04/09 08:02:59 INFO BlockManagerInfo: Added broadcast_12_piece0 in memory on c05002f484b8:38291 (size: 30.4 KiB, free: 434.3 MiB)
[2026-04-09T08:02:59.490+0000] {subprocess.py:106} INFO - 26/04/09 08:02:59 INFO SparkContext: Created broadcast 12 from broadcast at SparkBatch.java:79
[2026-04-09T08:02:59.497+0000] {subprocess.py:106} INFO - 26/04/09 08:02:59 INFO BlockManagerInfo: Removed broadcast_8_piece0 on c05002f484b8:38291 in memory (size: 30.4 KiB, free: 434.3 MiB)
[2026-04-09T08:02:59.504+0000] {subprocess.py:106} INFO - 26/04/09 08:02:59 INFO MemoryStore: Block broadcast_13 stored as values in memory (estimated size 32.0 KiB, free 434.1 MiB)
[2026-04-09T08:02:59.505+0000] {subprocess.py:106} INFO - 26/04/09 08:02:59 INFO MemoryStore: Block broadcast_13_piece0 stored as bytes in memory (estimated size 30.3 KiB, free 434.1 MiB)
[2026-04-09T08:02:59.511+0000] {subprocess.py:106} INFO - 26/04/09 08:02:59 INFO BlockManagerInfo: Added broadcast_13_piece0 in memory on c05002f484b8:38291 (size: 30.3 KiB, free: 434.3 MiB)
[2026-04-09T08:02:59.512+0000] {subprocess.py:106} INFO - 26/04/09 08:02:59 INFO BlockManagerInfo: Removed broadcast_8_piece0 on 172.30.0.7:42237 in memory (size: 30.4 KiB, free: 434.3 MiB)
[2026-04-09T08:02:59.516+0000] {subprocess.py:106} INFO - 26/04/09 08:02:59 INFO SparkContext: Created broadcast 13 from broadcast at SparkBatch.java:79
[2026-04-09T08:02:59.540+0000] {subprocess.py:106} INFO - 26/04/09 08:02:59 INFO BlockManagerInfo: Removed broadcast_7_piece0 on c05002f484b8:38291 in memory (size: 30.3 KiB, free: 434.3 MiB)
[2026-04-09T08:02:59.557+0000] {subprocess.py:106} INFO - 26/04/09 08:02:59 INFO BlockManagerInfo: Removed broadcast_11_piece0 on 172.30.0.7:42237 in memory (size: 22.5 KiB, free: 434.4 MiB)
[2026-04-09T08:02:59.561+0000] {subprocess.py:106} INFO - 26/04/09 08:02:59 INFO BlockManagerInfo: Removed broadcast_11_piece0 on c05002f484b8:38291 in memory (size: 22.5 KiB, free: 434.3 MiB)
[2026-04-09T08:02:59.574+0000] {subprocess.py:106} INFO - 26/04/09 08:02:59 INFO BlockManagerInfo: Removed broadcast_10_piece0 on 172.30.0.7:42237 in memory (size: 29.8 KiB, free: 434.4 MiB)
[2026-04-09T08:02:59.577+0000] {subprocess.py:106} INFO - 26/04/09 08:02:59 INFO BlockManagerInfo: Removed broadcast_10_piece0 on c05002f484b8:38291 in memory (size: 29.8 KiB, free: 434.3 MiB)
[2026-04-09T08:02:59.620+0000] {subprocess.py:106} INFO - 26/04/09 08:02:59 INFO CodeGenerator: Code generated in 33.212452 ms
[2026-04-09T08:02:59.635+0000] {subprocess.py:106} INFO - 26/04/09 08:02:59 INFO DAGScheduler: Registering RDD 21 (create at <unknown>:0) as input to shuffle 3
[2026-04-09T08:02:59.636+0000] {subprocess.py:106} INFO - 26/04/09 08:02:59 INFO DAGScheduler: Got map stage job 6 (create at <unknown>:0) with 2 output partitions
[2026-04-09T08:02:59.636+0000] {subprocess.py:106} INFO - 26/04/09 08:02:59 INFO DAGScheduler: Final stage: ShuffleMapStage 9 (create at <unknown>:0)
[2026-04-09T08:02:59.637+0000] {subprocess.py:106} INFO - 26/04/09 08:02:59 INFO DAGScheduler: Parents of final stage: List()
[2026-04-09T08:02:59.637+0000] {subprocess.py:106} INFO - 26/04/09 08:02:59 INFO DAGScheduler: Missing parents: List()
[2026-04-09T08:02:59.638+0000] {subprocess.py:106} INFO - 26/04/09 08:02:59 INFO DAGScheduler: Submitting ShuffleMapStage 9 (MapPartitionsRDD[21] at create at <unknown>:0), which has no missing parents
[2026-04-09T08:02:59.643+0000] {subprocess.py:106} INFO - 26/04/09 08:02:59 INFO MemoryStore: Block broadcast_14 stored as values in memory (estimated size 37.1 KiB, free 434.2 MiB)
[2026-04-09T08:02:59.653+0000] {subprocess.py:106} INFO - 26/04/09 08:02:59 INFO MemoryStore: Block broadcast_14_piece0 stored as bytes in memory (estimated size 16.2 KiB, free 434.2 MiB)
[2026-04-09T08:02:59.654+0000] {subprocess.py:106} INFO - 26/04/09 08:02:59 INFO BlockManagerInfo: Added broadcast_14_piece0 in memory on c05002f484b8:38291 (size: 16.2 KiB, free: 434.3 MiB)
[2026-04-09T08:02:59.655+0000] {subprocess.py:106} INFO - 26/04/09 08:02:59 INFO SparkContext: Created broadcast 14 from broadcast at DAGScheduler.scala:1585
[2026-04-09T08:02:59.656+0000] {subprocess.py:106} INFO - 26/04/09 08:02:59 INFO DAGScheduler: Submitting 2 missing tasks from ShuffleMapStage 9 (MapPartitionsRDD[21] at create at <unknown>:0) (first 15 tasks are for partitions Vector(0, 1))
[2026-04-09T08:02:59.657+0000] {subprocess.py:106} INFO - 26/04/09 08:02:59 INFO TaskSchedulerImpl: Adding task set 9.0 with 2 tasks resource profile 0
[2026-04-09T08:02:59.657+0000] {subprocess.py:106} INFO - 26/04/09 08:02:59 INFO TaskSetManager: Starting task 0.0 in stage 9.0 (TID 8) (172.30.0.7, executor 0, partition 0, PROCESS_LOCAL, 16543 bytes)
[2026-04-09T08:02:59.674+0000] {subprocess.py:106} INFO - 26/04/09 08:02:59 INFO BlockManagerInfo: Added broadcast_14_piece0 in memory on 172.30.0.7:42237 (size: 16.2 KiB, free: 434.4 MiB)
[2026-04-09T08:02:59.778+0000] {subprocess.py:106} INFO - 26/04/09 08:02:59 INFO BlockManagerInfo: Added broadcast_13_piece0 in memory on 172.30.0.7:42237 (size: 30.3 KiB, free: 434.4 MiB)
[2026-04-09T08:03:00.465+0000] {subprocess.py:106} INFO - 26/04/09 08:03:00 INFO TaskSetManager: Starting task 1.0 in stage 9.0 (TID 9) (172.30.0.7, executor 0, partition 1, PROCESS_LOCAL, 15151 bytes)
[2026-04-09T08:03:00.466+0000] {subprocess.py:106} INFO - 26/04/09 08:03:00 INFO TaskSetManager: Finished task 0.0 in stage 9.0 (TID 8) in 811 ms on 172.30.0.7 (executor 0) (1/2)
[2026-04-09T08:03:00.626+0000] {subprocess.py:106} INFO - 26/04/09 08:03:00 INFO TaskSetManager: Finished task 1.0 in stage 9.0 (TID 9) in 160 ms on 172.30.0.7 (executor 0) (2/2)
[2026-04-09T08:03:00.627+0000] {subprocess.py:106} INFO - 26/04/09 08:03:00 INFO TaskSchedulerImpl: Removed TaskSet 9.0, whose tasks have all completed, from pool
[2026-04-09T08:03:00.628+0000] {subprocess.py:106} INFO - 26/04/09 08:03:00 INFO DAGScheduler: ShuffleMapStage 9 (create at <unknown>:0) finished in 0.987 s
[2026-04-09T08:03:00.628+0000] {subprocess.py:106} INFO - 26/04/09 08:03:00 INFO DAGScheduler: looking for newly runnable stages
[2026-04-09T08:03:00.629+0000] {subprocess.py:106} INFO - 26/04/09 08:03:00 INFO DAGScheduler: running: Set()
[2026-04-09T08:03:00.630+0000] {subprocess.py:106} INFO - 26/04/09 08:03:00 INFO DAGScheduler: waiting: Set()
[2026-04-09T08:03:00.631+0000] {subprocess.py:106} INFO - 26/04/09 08:03:00 INFO DAGScheduler: failed: Set()
[2026-04-09T08:03:00.648+0000] {subprocess.py:106} INFO - 26/04/09 08:03:00 INFO ShufflePartitionsUtil: For shuffle(3), advisory target size: 67108864, actual target size 1048576, minimum partition size: 1048576
[2026-04-09T08:03:00.706+0000] {subprocess.py:106} INFO - 26/04/09 08:03:00 INFO CodeGenerator: Code generated in 36.957235 ms
[2026-04-09T08:03:00.715+0000] {subprocess.py:106} INFO - 26/04/09 08:03:00 INFO MemoryStore: Block broadcast_15 stored as values in memory (estimated size 32.0 KiB, free 434.2 MiB)
[2026-04-09T08:03:00.732+0000] {subprocess.py:106} INFO - 26/04/09 08:03:00 INFO MemoryStore: Block broadcast_15_piece0 stored as bytes in memory (estimated size 29.8 KiB, free 434.2 MiB)
[2026-04-09T08:03:00.734+0000] {subprocess.py:106} INFO - 26/04/09 08:03:00 INFO BlockManagerInfo: Added broadcast_15_piece0 in memory on c05002f484b8:38291 (size: 29.8 KiB, free: 434.3 MiB)
[2026-04-09T08:03:00.741+0000] {subprocess.py:106} INFO - 26/04/09 08:03:00 INFO SparkContext: Created broadcast 15 from broadcast at SparkWrite.java:193
[2026-04-09T08:03:00.742+0000] {subprocess.py:106} INFO - 26/04/09 08:03:00 INFO AppendDataExec: Start processing data source write support: IcebergBatchWrite(table=gold.dim_company, format=PARQUET). The input RDD has 1 partitions.
[2026-04-09T08:03:00.742+0000] {subprocess.py:106} INFO - 26/04/09 08:03:00 INFO BlockManagerInfo: Removed broadcast_14_piece0 on c05002f484b8:38291 in memory (size: 16.2 KiB, free: 434.3 MiB)
[2026-04-09T08:03:00.745+0000] {subprocess.py:106} INFO - 26/04/09 08:03:00 INFO BlockManagerInfo: Removed broadcast_14_piece0 on 172.30.0.7:42237 in memory (size: 16.2 KiB, free: 434.4 MiB)
[2026-04-09T08:03:00.747+0000] {subprocess.py:106} INFO - 26/04/09 08:03:00 INFO SparkContext: Starting job: create at <unknown>:0
[2026-04-09T08:03:00.749+0000] {subprocess.py:106} INFO - 26/04/09 08:03:00 INFO DAGScheduler: Got job 7 (create at <unknown>:0) with 1 output partitions
[2026-04-09T08:03:00.750+0000] {subprocess.py:106} INFO - 26/04/09 08:03:00 INFO DAGScheduler: Final stage: ResultStage 11 (create at <unknown>:0)
[2026-04-09T08:03:00.751+0000] {subprocess.py:106} INFO - 26/04/09 08:03:00 INFO DAGScheduler: Parents of final stage: List(ShuffleMapStage 10)
[2026-04-09T08:03:00.752+0000] {subprocess.py:106} INFO - 26/04/09 08:03:00 INFO DAGScheduler: Missing parents: List()
[2026-04-09T08:03:00.752+0000] {subprocess.py:106} INFO - 26/04/09 08:03:00 INFO DAGScheduler: Submitting ResultStage 11 (MapPartitionsRDD[23] at create at <unknown>:0), which has no missing parents
[2026-04-09T08:03:00.773+0000] {subprocess.py:106} INFO - 26/04/09 08:03:00 INFO MemoryStore: Block broadcast_16 stored as values in memory (estimated size 43.6 KiB, free 434.2 MiB)
[2026-04-09T08:03:00.778+0000] {subprocess.py:106} INFO - 26/04/09 08:03:00 INFO MemoryStore: Block broadcast_16_piece0 stored as bytes in memory (estimated size 19.8 KiB, free 434.2 MiB)
[2026-04-09T08:03:00.779+0000] {subprocess.py:106} INFO - 26/04/09 08:03:00 INFO BlockManagerInfo: Added broadcast_16_piece0 in memory on c05002f484b8:38291 (size: 19.8 KiB, free: 434.3 MiB)
[2026-04-09T08:03:00.779+0000] {subprocess.py:106} INFO - 26/04/09 08:03:00 INFO SparkContext: Created broadcast 16 from broadcast at DAGScheduler.scala:1585
[2026-04-09T08:03:00.785+0000] {subprocess.py:106} INFO - 26/04/09 08:03:00 INFO DAGScheduler: Submitting 1 missing tasks from ResultStage 11 (MapPartitionsRDD[23] at create at <unknown>:0) (first 15 tasks are for partitions Vector(0))
[2026-04-09T08:03:00.786+0000] {subprocess.py:106} INFO - 26/04/09 08:03:00 INFO TaskSchedulerImpl: Adding task set 11.0 with 1 tasks resource profile 0
[2026-04-09T08:03:00.787+0000] {subprocess.py:106} INFO - 26/04/09 08:03:00 INFO TaskSetManager: Starting task 0.0 in stage 11.0 (TID 10) (172.30.0.7, executor 0, partition 0, NODE_LOCAL, 9976 bytes)
[2026-04-09T08:03:00.802+0000] {subprocess.py:106} INFO - 26/04/09 08:03:00 INFO BlockManagerInfo: Added broadcast_16_piece0 in memory on 172.30.0.7:42237 (size: 19.8 KiB, free: 434.4 MiB)
[2026-04-09T08:03:00.824+0000] {subprocess.py:106} INFO - 26/04/09 08:03:00 INFO MapOutputTrackerMasterEndpoint: Asked to send map output locations for shuffle 3 to 172.30.0.7:45394
[2026-04-09T08:03:00.884+0000] {subprocess.py:106} INFO - 26/04/09 08:03:00 INFO BlockManagerInfo: Added broadcast_15_piece0 in memory on 172.30.0.7:42237 (size: 29.8 KiB, free: 434.3 MiB)
[2026-04-09T08:03:01.045+0000] {subprocess.py:106} INFO - 26/04/09 08:03:01 INFO TaskSetManager: Finished task 0.0 in stage 11.0 (TID 10) in 268 ms on 172.30.0.7 (executor 0) (1/1)
[2026-04-09T08:03:01.046+0000] {subprocess.py:106} INFO - 26/04/09 08:03:01 INFO TaskSchedulerImpl: Removed TaskSet 11.0, whose tasks have all completed, from pool
[2026-04-09T08:03:01.049+0000] {subprocess.py:106} INFO - 26/04/09 08:03:01 INFO DAGScheduler: ResultStage 11 (create at <unknown>:0) finished in 0.284 s
[2026-04-09T08:03:01.050+0000] {subprocess.py:106} INFO - 26/04/09 08:03:01 INFO DAGScheduler: Job 7 is finished. Cancelling potential speculative or zombie tasks for this job
[2026-04-09T08:03:01.050+0000] {subprocess.py:106} INFO - 26/04/09 08:03:01 INFO TaskSchedulerImpl: Killing all running tasks in stage 11: Stage finished
[2026-04-09T08:03:01.051+0000] {subprocess.py:106} INFO - 26/04/09 08:03:01 INFO DAGScheduler: Job 7 finished: create at <unknown>:0, took 0.308189 s
[2026-04-09T08:03:01.052+0000] {subprocess.py:106} INFO - 26/04/09 08:03:01 INFO AppendDataExec: Data source write support IcebergBatchWrite(table=gold.dim_company, format=PARQUET) is committing.
[2026-04-09T08:03:01.052+0000] {subprocess.py:106} INFO - 26/04/09 08:03:01 INFO SparkWrite: Committing append with 1 new data files to table gold.dim_company
[2026-04-09T08:03:01.243+0000] {subprocess.py:106} INFO - 26/04/09 08:03:01 INFO SnapshotProducer: Committed snapshot 7389226101241280146 (MergeAppend)
[2026-04-09T08:03:01.276+0000] {subprocess.py:106} INFO - 26/04/09 08:03:01 INFO LoggingMetricsReporter: Received metrics report: CommitReport{tableName=gold.dim_company, snapshotId=7389226101241280146, sequenceNumber=1, operation=append, commitMetrics=CommitMetricsResult{totalDuration=TimerResult{timeUnit=NANOSECONDS, totalDuration=PT0.220469553S, count=1}, attempts=CounterResult{unit=COUNT, value=1}, addedDataFiles=CounterResult{unit=COUNT, value=1}, removedDataFiles=null, totalDataFiles=CounterResult{unit=COUNT, value=1}, addedDeleteFiles=null, addedEqualityDeleteFiles=null, addedPositionalDeleteFiles=null, removedDeleteFiles=null, removedEqualityDeleteFiles=null, removedPositionalDeleteFiles=null, totalDeleteFiles=CounterResult{unit=COUNT, value=0}, addedRecords=CounterResult{unit=COUNT, value=1181}, removedRecords=null, totalRecords=CounterResult{unit=COUNT, value=1181}, addedFilesSizeInBytes=CounterResult{unit=BYTES, value=21940}, removedFilesSizeInBytes=null, totalFilesSizeInBytes=CounterResult{unit=BYTES, value=21940}, addedPositionalDeletes=null, removedPositionalDeletes=null, totalPositionalDeletes=CounterResult{unit=COUNT, value=0}, addedEqualityDeletes=null, removedEqualityDeletes=null, totalEqualityDeletes=CounterResult{unit=COUNT, value=0}}, metadata={engine-version=3.5.3, app-id=app-20260409080232-0000, engine-name=spark, iceberg-version=Apache Iceberg 1.6.1 (commit 8e9d59d299be42b0bca9461457cd1e95dbaad086)}}
[2026-04-09T08:03:01.277+0000] {subprocess.py:106} INFO - 26/04/09 08:03:01 INFO SparkWrite: Committed in 221 ms
[2026-04-09T08:03:01.277+0000] {subprocess.py:106} INFO - 26/04/09 08:03:01 INFO AppendDataExec: Data source write support IcebergBatchWrite(table=gold.dim_company, format=PARQUET) committed.
[2026-04-09T08:03:01.468+0000] {subprocess.py:106} INFO - 26/04/09 08:03:01 INFO HiveTableOperations: Committed to table iceberg.gold.dim_company with the new metadata location s3a://warehouse/iceberg_data/gold.db/dim_company/metadata/00000-e8df626e-1b91-4c02-ab8d-521e6bd02dbf.metadata.json
[2026-04-09T08:03:01.468+0000] {subprocess.py:106} INFO - 26/04/09 08:03:01 INFO BaseMetastoreTableOperations: Successfully committed to table iceberg.gold.dim_company in 193 ms
[2026-04-09T08:03:01.469+0000] {subprocess.py:106} INFO - >>> Building DIM_WORK_MODE...
[2026-04-09T08:03:01.524+0000] {subprocess.py:106} INFO - 26/04/09 08:03:01 INFO BaseMetastoreCatalog: Table properties set at catalog level through catalog properties: {}
[2026-04-09T08:03:01.530+0000] {subprocess.py:106} INFO - 26/04/09 08:03:01 INFO BaseMetastoreCatalog: Table properties enforced at catalog level through catalog properties: {}
[2026-04-09T08:03:01.548+0000] {subprocess.py:106} INFO - 26/04/09 08:03:01 INFO V2ScanRelationPushDown:
[2026-04-09T08:03:01.549+0000] {subprocess.py:106} INFO - Pushing operators to iceberg.silver.it_jobs_clean
[2026-04-09T08:03:01.550+0000] {subprocess.py:106} INFO - Pushed Filters: work_mode IS NOT NULL
[2026-04-09T08:03:01.551+0000] {subprocess.py:106} INFO - Post-Scan Filters: isnotnull(work_mode#7)
[2026-04-09T08:03:01.552+0000] {subprocess.py:106} INFO - 
[2026-04-09T08:03:01.552+0000] {subprocess.py:106} INFO - 26/04/09 08:03:01 INFO V2ScanRelationPushDown:
[2026-04-09T08:03:01.553+0000] {subprocess.py:106} INFO - Output: work_mode#7
[2026-04-09T08:03:01.553+0000] {subprocess.py:106} INFO - 
[2026-04-09T08:03:01.555+0000] {subprocess.py:106} INFO - 26/04/09 08:03:01 INFO SnapshotScan: Scanning table iceberg.silver.it_jobs_clean snapshot 58672078534282665 created at 2026-04-08T15:02:01.445+00:00 with filter work_mode IS NOT NULL
[2026-04-09T08:03:01.557+0000] {subprocess.py:106} INFO - 26/04/09 08:03:01 INFO BaseDistributedDataScan: Planning file tasks locally for table iceberg.silver.it_jobs_clean
[2026-04-09T08:03:01.587+0000] {subprocess.py:106} INFO - 26/04/09 08:03:01 INFO SparkPartitioningAwareScan: Reporting UnknownPartitioning with 2 partition(s) for table iceberg.silver.it_jobs_clean
[2026-04-09T08:03:01.588+0000] {subprocess.py:106} INFO - 26/04/09 08:03:01 INFO SparkWrite: Requesting 0 bytes advisory partition size for table gold.dim_work_mode
[2026-04-09T08:03:01.588+0000] {subprocess.py:106} INFO - 26/04/09 08:03:01 INFO SparkWrite: Requesting UnspecifiedDistribution as write distribution for table gold.dim_work_mode
[2026-04-09T08:03:01.589+0000] {subprocess.py:106} INFO - 26/04/09 08:03:01 INFO SparkWrite: Requesting [] as write ordering for table gold.dim_work_mode
[2026-04-09T08:03:01.595+0000] {subprocess.py:106} INFO - 26/04/09 08:03:01 INFO MemoryStore: Block broadcast_17 stored as values in memory (estimated size 32.0 KiB, free 434.1 MiB)
[2026-04-09T08:03:01.610+0000] {subprocess.py:106} INFO - 26/04/09 08:03:01 INFO MemoryStore: Block broadcast_17_piece0 stored as bytes in memory (estimated size 30.3 KiB, free 434.1 MiB)
[2026-04-09T08:03:01.611+0000] {subprocess.py:106} INFO - 26/04/09 08:03:01 INFO BlockManagerInfo: Added broadcast_17_piece0 in memory on c05002f484b8:38291 (size: 30.3 KiB, free: 434.3 MiB)
[2026-04-09T08:03:01.612+0000] {subprocess.py:106} INFO - 26/04/09 08:03:01 INFO SparkContext: Created broadcast 17 from broadcast at SparkBatch.java:79
[2026-04-09T08:03:01.618+0000] {subprocess.py:106} INFO - 26/04/09 08:03:01 INFO BlockManagerInfo: Removed broadcast_16_piece0 on c05002f484b8:38291 in memory (size: 19.8 KiB, free: 434.3 MiB)
[2026-04-09T08:03:01.619+0000] {subprocess.py:106} INFO - 26/04/09 08:03:01 INFO BlockManagerInfo: Removed broadcast_16_piece0 on 172.30.0.7:42237 in memory (size: 19.8 KiB, free: 434.3 MiB)
[2026-04-09T08:03:01.621+0000] {subprocess.py:106} INFO - 26/04/09 08:03:01 INFO MemoryStore: Block broadcast_18 stored as values in memory (estimated size 32.0 KiB, free 434.1 MiB)
[2026-04-09T08:03:01.627+0000] {subprocess.py:106} INFO - 26/04/09 08:03:01 INFO MemoryStore: Block broadcast_18_piece0 stored as bytes in memory (estimated size 30.4 KiB, free 434.1 MiB)
[2026-04-09T08:03:01.629+0000] {subprocess.py:106} INFO - 26/04/09 08:03:01 INFO BlockManagerInfo: Added broadcast_18_piece0 in memory on c05002f484b8:38291 (size: 30.4 KiB, free: 434.3 MiB)
[2026-04-09T08:03:01.630+0000] {subprocess.py:106} INFO - 26/04/09 08:03:01 INFO SparkContext: Created broadcast 18 from broadcast at SparkBatch.java:79
[2026-04-09T08:03:01.636+0000] {subprocess.py:106} INFO - 26/04/09 08:03:01 INFO BlockManagerInfo: Removed broadcast_15_piece0 on 172.30.0.7:42237 in memory (size: 29.8 KiB, free: 434.4 MiB)
[2026-04-09T08:03:01.646+0000] {subprocess.py:106} INFO - 26/04/09 08:03:01 INFO BlockManagerInfo: Removed broadcast_15_piece0 on c05002f484b8:38291 in memory (size: 29.8 KiB, free: 434.3 MiB)
[2026-04-09T08:03:01.700+0000] {subprocess.py:106} INFO - 26/04/09 08:03:01 INFO BlockManagerInfo: Removed broadcast_12_piece0 on c05002f484b8:38291 in memory (size: 30.4 KiB, free: 434.3 MiB)
[2026-04-09T08:03:01.712+0000] {subprocess.py:106} INFO - 26/04/09 08:03:01 INFO BlockManagerInfo: Removed broadcast_13_piece0 on c05002f484b8:38291 in memory (size: 30.3 KiB, free: 434.3 MiB)
[2026-04-09T08:03:01.719+0000] {subprocess.py:106} INFO - 26/04/09 08:03:01 INFO BlockManagerInfo: Removed broadcast_13_piece0 on 172.30.0.7:42237 in memory (size: 30.3 KiB, free: 434.4 MiB)
[2026-04-09T08:03:01.720+0000] {subprocess.py:106} INFO - 26/04/09 08:03:01 INFO DAGScheduler: Registering RDD 27 (create at <unknown>:0) as input to shuffle 4
[2026-04-09T08:03:01.720+0000] {subprocess.py:106} INFO - 26/04/09 08:03:01 INFO DAGScheduler: Got map stage job 8 (create at <unknown>:0) with 2 output partitions
[2026-04-09T08:03:01.721+0000] {subprocess.py:106} INFO - 26/04/09 08:03:01 INFO DAGScheduler: Final stage: ShuffleMapStage 12 (create at <unknown>:0)
[2026-04-09T08:03:01.722+0000] {subprocess.py:106} INFO - 26/04/09 08:03:01 INFO DAGScheduler: Parents of final stage: List()
[2026-04-09T08:03:01.725+0000] {subprocess.py:106} INFO - 26/04/09 08:03:01 INFO DAGScheduler: Missing parents: List()
[2026-04-09T08:03:01.729+0000] {subprocess.py:106} INFO - 26/04/09 08:03:01 INFO DAGScheduler: Submitting ShuffleMapStage 12 (MapPartitionsRDD[27] at create at <unknown>:0), which has no missing parents
[2026-04-09T08:03:01.735+0000] {subprocess.py:106} INFO - 26/04/09 08:03:01 INFO MemoryStore: Block broadcast_19 stored as values in memory (estimated size 37.1 KiB, free 434.2 MiB)
[2026-04-09T08:03:01.755+0000] {subprocess.py:106} INFO - 26/04/09 08:03:01 INFO MemoryStore: Block broadcast_19_piece0 stored as bytes in memory (estimated size 16.2 KiB, free 434.2 MiB)
[2026-04-09T08:03:01.757+0000] {subprocess.py:106} INFO - 26/04/09 08:03:01 INFO BlockManagerInfo: Added broadcast_19_piece0 in memory on c05002f484b8:38291 (size: 16.2 KiB, free: 434.3 MiB)
[2026-04-09T08:03:01.761+0000] {subprocess.py:106} INFO - 26/04/09 08:03:01 INFO SparkContext: Created broadcast 19 from broadcast at DAGScheduler.scala:1585
[2026-04-09T08:03:01.765+0000] {subprocess.py:106} INFO - 26/04/09 08:03:01 INFO DAGScheduler: Submitting 2 missing tasks from ShuffleMapStage 12 (MapPartitionsRDD[27] at create at <unknown>:0) (first 15 tasks are for partitions Vector(0, 1))
[2026-04-09T08:03:01.767+0000] {subprocess.py:106} INFO - 26/04/09 08:03:01 INFO TaskSchedulerImpl: Adding task set 12.0 with 2 tasks resource profile 0
[2026-04-09T08:03:01.773+0000] {subprocess.py:106} INFO - 26/04/09 08:03:01 INFO TaskSetManager: Starting task 0.0 in stage 12.0 (TID 11) (172.30.0.7, executor 0, partition 0, PROCESS_LOCAL, 16373 bytes)
[2026-04-09T08:03:01.779+0000] {subprocess.py:106} INFO - 26/04/09 08:03:01 INFO BlockManagerInfo: Added broadcast_19_piece0 in memory on 172.30.0.7:42237 (size: 16.2 KiB, free: 434.4 MiB)
[2026-04-09T08:03:01.822+0000] {subprocess.py:106} INFO - 26/04/09 08:03:01 INFO BlockManagerInfo: Added broadcast_18_piece0 in memory on 172.30.0.7:42237 (size: 30.4 KiB, free: 434.4 MiB)
[2026-04-09T08:03:02.083+0000] {subprocess.py:106} INFO - 26/04/09 08:03:02 INFO TaskSetManager: Starting task 1.0 in stage 12.0 (TID 12) (172.30.0.7, executor 0, partition 1, PROCESS_LOCAL, 15154 bytes)
[2026-04-09T08:03:02.084+0000] {subprocess.py:106} INFO - 26/04/09 08:03:02 INFO TaskSetManager: Finished task 0.0 in stage 12.0 (TID 11) in 323 ms on 172.30.0.7 (executor 0) (1/2)
[2026-04-09T08:03:02.193+0000] {subprocess.py:106} INFO - 26/04/09 08:03:02 INFO TaskSetManager: Finished task 1.0 in stage 12.0 (TID 12) in 109 ms on 172.30.0.7 (executor 0) (2/2)
[2026-04-09T08:03:02.194+0000] {subprocess.py:106} INFO - 26/04/09 08:03:02 INFO TaskSchedulerImpl: Removed TaskSet 12.0, whose tasks have all completed, from pool
[2026-04-09T08:03:02.197+0000] {subprocess.py:106} INFO - 26/04/09 08:03:02 INFO DAGScheduler: ShuffleMapStage 12 (create at <unknown>:0) finished in 0.462 s
[2026-04-09T08:03:02.198+0000] {subprocess.py:106} INFO - 26/04/09 08:03:02 INFO DAGScheduler: looking for newly runnable stages
[2026-04-09T08:03:02.199+0000] {subprocess.py:106} INFO - 26/04/09 08:03:02 INFO DAGScheduler: running: Set()
[2026-04-09T08:03:02.199+0000] {subprocess.py:106} INFO - 26/04/09 08:03:02 INFO DAGScheduler: waiting: Set()
[2026-04-09T08:03:02.200+0000] {subprocess.py:106} INFO - 26/04/09 08:03:02 INFO DAGScheduler: failed: Set()
[2026-04-09T08:03:02.200+0000] {subprocess.py:106} INFO - 26/04/09 08:03:02 INFO ShufflePartitionsUtil: For shuffle(4), advisory target size: 67108864, actual target size 1048576, minimum partition size: 1048576
[2026-04-09T08:03:02.224+0000] {subprocess.py:106} INFO - 26/04/09 08:03:02 INFO MemoryStore: Block broadcast_20 stored as values in memory (estimated size 32.0 KiB, free 434.2 MiB)
[2026-04-09T08:03:02.246+0000] {subprocess.py:106} INFO - 26/04/09 08:03:02 INFO MemoryStore: Block broadcast_20_piece0 stored as bytes in memory (estimated size 29.7 KiB, free 434.2 MiB)
[2026-04-09T08:03:02.249+0000] {subprocess.py:106} INFO - 26/04/09 08:03:02 INFO BlockManagerInfo: Added broadcast_20_piece0 in memory on c05002f484b8:38291 (size: 29.7 KiB, free: 434.3 MiB)
[2026-04-09T08:03:02.250+0000] {subprocess.py:106} INFO - 26/04/09 08:03:02 INFO SparkContext: Created broadcast 20 from broadcast at SparkWrite.java:193
[2026-04-09T08:03:02.254+0000] {subprocess.py:106} INFO - 26/04/09 08:03:02 INFO AppendDataExec: Start processing data source write support: IcebergBatchWrite(table=gold.dim_work_mode, format=PARQUET). The input RDD has 1 partitions.
[2026-04-09T08:03:02.254+0000] {subprocess.py:106} INFO - 26/04/09 08:03:02 INFO SparkContext: Starting job: create at <unknown>:0
[2026-04-09T08:03:02.255+0000] {subprocess.py:106} INFO - 26/04/09 08:03:02 INFO BlockManagerInfo: Removed broadcast_19_piece0 on c05002f484b8:38291 in memory (size: 16.2 KiB, free: 434.3 MiB)
[2026-04-09T08:03:02.256+0000] {subprocess.py:106} INFO - 26/04/09 08:03:02 INFO BlockManagerInfo: Removed broadcast_19_piece0 on 172.30.0.7:42237 in memory (size: 16.2 KiB, free: 434.4 MiB)
[2026-04-09T08:03:02.256+0000] {subprocess.py:106} INFO - 26/04/09 08:03:02 INFO DAGScheduler: Got job 9 (create at <unknown>:0) with 1 output partitions
[2026-04-09T08:03:02.258+0000] {subprocess.py:106} INFO - 26/04/09 08:03:02 INFO DAGScheduler: Final stage: ResultStage 14 (create at <unknown>:0)
[2026-04-09T08:03:02.258+0000] {subprocess.py:106} INFO - 26/04/09 08:03:02 INFO DAGScheduler: Parents of final stage: List(ShuffleMapStage 13)
[2026-04-09T08:03:02.264+0000] {subprocess.py:106} INFO - 26/04/09 08:03:02 INFO DAGScheduler: Missing parents: List()
[2026-04-09T08:03:02.265+0000] {subprocess.py:106} INFO - 26/04/09 08:03:02 INFO DAGScheduler: Submitting ResultStage 14 (MapPartitionsRDD[29] at create at <unknown>:0), which has no missing parents
[2026-04-09T08:03:02.271+0000] {subprocess.py:106} INFO - 26/04/09 08:03:02 INFO MemoryStore: Block broadcast_21 stored as values in memory (estimated size 43.6 KiB, free 434.2 MiB)
[2026-04-09T08:03:02.273+0000] {subprocess.py:106} INFO - 26/04/09 08:03:02 INFO MemoryStore: Block broadcast_21_piece0 stored as bytes in memory (estimated size 19.8 KiB, free 434.2 MiB)
[2026-04-09T08:03:02.274+0000] {subprocess.py:106} INFO - 26/04/09 08:03:02 INFO BlockManagerInfo: Added broadcast_21_piece0 in memory on c05002f484b8:38291 (size: 19.8 KiB, free: 434.3 MiB)
[2026-04-09T08:03:02.277+0000] {subprocess.py:106} INFO - 26/04/09 08:03:02 INFO SparkContext: Created broadcast 21 from broadcast at DAGScheduler.scala:1585
[2026-04-09T08:03:02.278+0000] {subprocess.py:106} INFO - 26/04/09 08:03:02 INFO DAGScheduler: Submitting 1 missing tasks from ResultStage 14 (MapPartitionsRDD[29] at create at <unknown>:0) (first 15 tasks are for partitions Vector(0))
[2026-04-09T08:03:02.279+0000] {subprocess.py:106} INFO - 26/04/09 08:03:02 INFO TaskSchedulerImpl: Adding task set 14.0 with 1 tasks resource profile 0
[2026-04-09T08:03:02.279+0000] {subprocess.py:106} INFO - 26/04/09 08:03:02 INFO TaskSetManager: Starting task 0.0 in stage 14.0 (TID 13) (172.30.0.7, executor 0, partition 0, NODE_LOCAL, 9976 bytes)
[2026-04-09T08:03:02.294+0000] {subprocess.py:106} INFO - 26/04/09 08:03:02 INFO BlockManagerInfo: Added broadcast_21_piece0 in memory on 172.30.0.7:42237 (size: 19.8 KiB, free: 434.4 MiB)
[2026-04-09T08:03:02.320+0000] {subprocess.py:106} INFO - 26/04/09 08:03:02 INFO MapOutputTrackerMasterEndpoint: Asked to send map output locations for shuffle 4 to 172.30.0.7:45394
[2026-04-09T08:03:02.340+0000] {subprocess.py:106} INFO - 26/04/09 08:03:02 INFO BlockManagerInfo: Added broadcast_20_piece0 in memory on 172.30.0.7:42237 (size: 29.7 KiB, free: 434.3 MiB)
[2026-04-09T08:03:02.465+0000] {subprocess.py:106} INFO - 26/04/09 08:03:02 INFO TaskSetManager: Finished task 0.0 in stage 14.0 (TID 13) in 187 ms on 172.30.0.7 (executor 0) (1/1)
[2026-04-09T08:03:02.467+0000] {subprocess.py:106} INFO - 26/04/09 08:03:02 INFO TaskSchedulerImpl: Removed TaskSet 14.0, whose tasks have all completed, from pool
[2026-04-09T08:03:02.468+0000] {subprocess.py:106} INFO - 26/04/09 08:03:02 INFO DAGScheduler: ResultStage 14 (create at <unknown>:0) finished in 0.197 s
[2026-04-09T08:03:02.468+0000] {subprocess.py:106} INFO - 26/04/09 08:03:02 INFO DAGScheduler: Job 9 is finished. Cancelling potential speculative or zombie tasks for this job
[2026-04-09T08:03:02.469+0000] {subprocess.py:106} INFO - 26/04/09 08:03:02 INFO TaskSchedulerImpl: Killing all running tasks in stage 14: Stage finished
[2026-04-09T08:03:02.469+0000] {subprocess.py:106} INFO - 26/04/09 08:03:02 INFO DAGScheduler: Job 9 finished: create at <unknown>:0, took 0.213887 s
[2026-04-09T08:03:02.470+0000] {subprocess.py:106} INFO - 26/04/09 08:03:02 INFO AppendDataExec: Data source write support IcebergBatchWrite(table=gold.dim_work_mode, format=PARQUET) is committing.
[2026-04-09T08:03:02.470+0000] {subprocess.py:106} INFO - 26/04/09 08:03:02 INFO SparkWrite: Committing append with 1 new data files to table gold.dim_work_mode
[2026-04-09T08:03:02.644+0000] {subprocess.py:106} INFO - 26/04/09 08:03:02 INFO SnapshotProducer: Committed snapshot 6853790637323470039 (MergeAppend)
[2026-04-09T08:03:02.669+0000] {subprocess.py:106} INFO - 26/04/09 08:03:02 INFO LoggingMetricsReporter: Received metrics report: CommitReport{tableName=gold.dim_work_mode, snapshotId=6853790637323470039, sequenceNumber=1, operation=append, commitMetrics=CommitMetricsResult{totalDuration=TimerResult{timeUnit=NANOSECONDS, totalDuration=PT0.200437527S, count=1}, attempts=CounterResult{unit=COUNT, value=1}, addedDataFiles=CounterResult{unit=COUNT, value=1}, removedDataFiles=null, totalDataFiles=CounterResult{unit=COUNT, value=1}, addedDeleteFiles=null, addedEqualityDeleteFiles=null, addedPositionalDeleteFiles=null, removedDeleteFiles=null, removedEqualityDeleteFiles=null, removedPositionalDeleteFiles=null, totalDeleteFiles=CounterResult{unit=COUNT, value=0}, addedRecords=CounterResult{unit=COUNT, value=3}, removedRecords=null, totalRecords=CounterResult{unit=COUNT, value=3}, addedFilesSizeInBytes=CounterResult{unit=BYTES, value=731}, removedFilesSizeInBytes=null, totalFilesSizeInBytes=CounterResult{unit=BYTES, value=731}, addedPositionalDeletes=null, removedPositionalDeletes=null, totalPositionalDeletes=CounterResult{unit=COUNT, value=0}, addedEqualityDeletes=null, removedEqualityDeletes=null, totalEqualityDeletes=CounterResult{unit=COUNT, value=0}}, metadata={engine-version=3.5.3, app-id=app-20260409080232-0000, engine-name=spark, iceberg-version=Apache Iceberg 1.6.1 (commit 8e9d59d299be42b0bca9461457cd1e95dbaad086)}}
[2026-04-09T08:03:02.670+0000] {subprocess.py:106} INFO - 26/04/09 08:03:02 INFO SparkWrite: Committed in 201 ms
[2026-04-09T08:03:02.671+0000] {subprocess.py:106} INFO - 26/04/09 08:03:02 INFO AppendDataExec: Data source write support IcebergBatchWrite(table=gold.dim_work_mode, format=PARQUET) committed.
[2026-04-09T08:03:02.834+0000] {subprocess.py:106} INFO - 26/04/09 08:03:02 INFO HiveTableOperations: Committed to table iceberg.gold.dim_work_mode with the new metadata location s3a://warehouse/iceberg_data/gold.db/dim_work_mode/metadata/00000-9657f669-af95-4cc0-8f56-4a160472a5c4.metadata.json
[2026-04-09T08:03:02.835+0000] {subprocess.py:106} INFO - 26/04/09 08:03:02 INFO BaseMetastoreTableOperations: Successfully committed to table iceberg.gold.dim_work_mode in 163 ms
[2026-04-09T08:03:02.836+0000] {subprocess.py:106} INFO - >>> Building DIM_DATE...
[2026-04-09T08:03:02.956+0000] {subprocess.py:106} INFO - 26/04/09 08:03:02 INFO BlockManagerInfo: Removed broadcast_20_piece0 on c05002f484b8:38291 in memory (size: 29.7 KiB, free: 434.3 MiB)
[2026-04-09T08:03:02.957+0000] {subprocess.py:106} INFO - 26/04/09 08:03:02 INFO BlockManagerInfo: Removed broadcast_20_piece0 on 172.30.0.7:42237 in memory (size: 29.7 KiB, free: 434.4 MiB)
[2026-04-09T08:03:02.970+0000] {subprocess.py:106} INFO - 26/04/09 08:03:02 INFO BlockManagerInfo: Removed broadcast_17_piece0 on c05002f484b8:38291 in memory (size: 30.3 KiB, free: 434.4 MiB)
[2026-04-09T08:03:02.976+0000] {subprocess.py:106} INFO - 26/04/09 08:03:02 INFO BlockManagerInfo: Removed broadcast_21_piece0 on c05002f484b8:38291 in memory (size: 19.8 KiB, free: 434.4 MiB)
[2026-04-09T08:03:02.981+0000] {subprocess.py:106} INFO - 26/04/09 08:03:02 INFO BlockManagerInfo: Removed broadcast_21_piece0 on 172.30.0.7:42237 in memory (size: 19.8 KiB, free: 434.4 MiB)
[2026-04-09T08:03:02.990+0000] {subprocess.py:106} INFO - 26/04/09 08:03:02 INFO BlockManagerInfo: Removed broadcast_18_piece0 on c05002f484b8:38291 in memory (size: 30.4 KiB, free: 434.4 MiB)
[2026-04-09T08:03:02.992+0000] {subprocess.py:106} INFO - 26/04/09 08:03:02 INFO BlockManagerInfo: Removed broadcast_18_piece0 on 172.30.0.7:42237 in memory (size: 30.4 KiB, free: 434.4 MiB)
[2026-04-09T08:03:02.998+0000] {subprocess.py:106} INFO - 26/04/09 08:03:02 INFO BaseMetastoreCatalog: Table properties set at catalog level through catalog properties: {}
[2026-04-09T08:03:03.004+0000] {subprocess.py:106} INFO - 26/04/09 08:03:03 INFO BaseMetastoreCatalog: Table properties enforced at catalog level through catalog properties: {}
[2026-04-09T08:03:03.024+0000] {subprocess.py:106} INFO - 26/04/09 08:03:03 INFO V2ScanRelationPushDown:
[2026-04-09T08:03:03.024+0000] {subprocess.py:106} INFO - Pushing operators to iceberg.silver.it_jobs_clean
[2026-04-09T08:03:03.025+0000] {subprocess.py:106} INFO - Pushed Filters: date_posted IS NOT NULL
[2026-04-09T08:03:03.025+0000] {subprocess.py:106} INFO - Post-Scan Filters: isnotnull(date_posted#4)
[2026-04-09T08:03:03.026+0000] {subprocess.py:106} INFO - 
[2026-04-09T08:03:03.027+0000] {subprocess.py:106} INFO - 26/04/09 08:03:03 INFO V2ScanRelationPushDown:
[2026-04-09T08:03:03.027+0000] {subprocess.py:106} INFO - Output: date_posted#4
[2026-04-09T08:03:03.028+0000] {subprocess.py:106} INFO - 
[2026-04-09T08:03:03.030+0000] {subprocess.py:106} INFO - 26/04/09 08:03:03 INFO SnapshotScan: Scanning table iceberg.silver.it_jobs_clean snapshot 58672078534282665 created at 2026-04-08T15:02:01.445+00:00 with filter date_posted IS NOT NULL
[2026-04-09T08:03:03.031+0000] {subprocess.py:106} INFO - 26/04/09 08:03:03 INFO BaseDistributedDataScan: Planning file tasks locally for table iceberg.silver.it_jobs_clean
[2026-04-09T08:03:03.059+0000] {subprocess.py:106} INFO - 26/04/09 08:03:03 INFO SparkPartitioningAwareScan: Reporting UnknownPartitioning with 2 partition(s) for table iceberg.silver.it_jobs_clean
[2026-04-09T08:03:03.061+0000] {subprocess.py:106} INFO - 26/04/09 08:03:03 INFO SparkWrite: Requesting 0 bytes advisory partition size for table gold.dim_date
[2026-04-09T08:03:03.061+0000] {subprocess.py:106} INFO - 26/04/09 08:03:03 INFO SparkWrite: Requesting UnspecifiedDistribution as write distribution for table gold.dim_date
[2026-04-09T08:03:03.062+0000] {subprocess.py:106} INFO - 26/04/09 08:03:03 INFO SparkWrite: Requesting [] as write ordering for table gold.dim_date
[2026-04-09T08:03:03.069+0000] {subprocess.py:106} INFO - 26/04/09 08:03:03 INFO MemoryStore: Block broadcast_22 stored as values in memory (estimated size 32.0 KiB, free 434.4 MiB)
[2026-04-09T08:03:03.077+0000] {subprocess.py:106} INFO - 26/04/09 08:03:03 INFO MemoryStore: Block broadcast_22_piece0 stored as bytes in memory (estimated size 30.4 KiB, free 434.3 MiB)
[2026-04-09T08:03:03.077+0000] {subprocess.py:106} INFO - 26/04/09 08:03:03 INFO BlockManagerInfo: Added broadcast_22_piece0 in memory on c05002f484b8:38291 (size: 30.4 KiB, free: 434.4 MiB)
[2026-04-09T08:03:03.078+0000] {subprocess.py:106} INFO - 26/04/09 08:03:03 INFO SparkContext: Created broadcast 22 from broadcast at SparkBatch.java:79
[2026-04-09T08:03:03.083+0000] {subprocess.py:106} INFO - 26/04/09 08:03:03 INFO MemoryStore: Block broadcast_23 stored as values in memory (estimated size 32.0 KiB, free 434.3 MiB)
[2026-04-09T08:03:03.085+0000] {subprocess.py:106} INFO - 26/04/09 08:03:03 INFO MemoryStore: Block broadcast_23_piece0 stored as bytes in memory (estimated size 30.3 KiB, free 434.3 MiB)
[2026-04-09T08:03:03.087+0000] {subprocess.py:106} INFO - 26/04/09 08:03:03 INFO BlockManagerInfo: Added broadcast_23_piece0 in memory on c05002f484b8:38291 (size: 30.3 KiB, free: 434.3 MiB)
[2026-04-09T08:03:03.088+0000] {subprocess.py:106} INFO - 26/04/09 08:03:03 INFO SparkContext: Created broadcast 23 from broadcast at SparkBatch.java:79
[2026-04-09T08:03:03.158+0000] {subprocess.py:106} INFO - 26/04/09 08:03:03 INFO CodeGenerator: Code generated in 44.295232 ms
[2026-04-09T08:03:03.173+0000] {subprocess.py:106} INFO - 26/04/09 08:03:03 INFO DAGScheduler: Registering RDD 33 (create at <unknown>:0) as input to shuffle 5
[2026-04-09T08:03:03.174+0000] {subprocess.py:106} INFO - 26/04/09 08:03:03 INFO DAGScheduler: Got map stage job 10 (create at <unknown>:0) with 2 output partitions
[2026-04-09T08:03:03.174+0000] {subprocess.py:106} INFO - 26/04/09 08:03:03 INFO DAGScheduler: Final stage: ShuffleMapStage 15 (create at <unknown>:0)
[2026-04-09T08:03:03.175+0000] {subprocess.py:106} INFO - 26/04/09 08:03:03 INFO DAGScheduler: Parents of final stage: List()
[2026-04-09T08:03:03.181+0000] {subprocess.py:106} INFO - 26/04/09 08:03:03 INFO DAGScheduler: Missing parents: List()
[2026-04-09T08:03:03.187+0000] {subprocess.py:106} INFO - 26/04/09 08:03:03 INFO DAGScheduler: Submitting ShuffleMapStage 15 (MapPartitionsRDD[33] at create at <unknown>:0), which has no missing parents
[2026-04-09T08:03:03.193+0000] {subprocess.py:106} INFO - 26/04/09 08:03:03 INFO MemoryStore: Block broadcast_24 stored as values in memory (estimated size 36.8 KiB, free 434.2 MiB)
[2026-04-09T08:03:03.215+0000] {subprocess.py:106} INFO - 26/04/09 08:03:03 INFO MemoryStore: Block broadcast_24_piece0 stored as bytes in memory (estimated size 16.1 KiB, free 434.2 MiB)
[2026-04-09T08:03:03.221+0000] {subprocess.py:106} INFO - 26/04/09 08:03:03 INFO BlockManagerInfo: Added broadcast_24_piece0 in memory on c05002f484b8:38291 (size: 16.1 KiB, free: 434.3 MiB)
[2026-04-09T08:03:03.230+0000] {subprocess.py:106} INFO - 26/04/09 08:03:03 INFO SparkContext: Created broadcast 24 from broadcast at DAGScheduler.scala:1585
[2026-04-09T08:03:03.242+0000] {subprocess.py:106} INFO - 26/04/09 08:03:03 INFO DAGScheduler: Submitting 2 missing tasks from ShuffleMapStage 15 (MapPartitionsRDD[33] at create at <unknown>:0) (first 15 tasks are for partitions Vector(0, 1))
[2026-04-09T08:03:03.245+0000] {subprocess.py:106} INFO - 26/04/09 08:03:03 INFO TaskSchedulerImpl: Adding task set 15.0 with 2 tasks resource profile 0
[2026-04-09T08:03:03.252+0000] {subprocess.py:106} INFO - 26/04/09 08:03:03 INFO TaskSetManager: Starting task 0.0 in stage 15.0 (TID 14) (172.30.0.7, executor 0, partition 0, PROCESS_LOCAL, 16539 bytes)
[2026-04-09T08:03:03.285+0000] {subprocess.py:106} INFO - 26/04/09 08:03:03 INFO BlockManagerInfo: Added broadcast_24_piece0 in memory on 172.30.0.7:42237 (size: 16.1 KiB, free: 434.4 MiB)
[2026-04-09T08:03:03.481+0000] {subprocess.py:106} INFO - 26/04/09 08:03:03 INFO BlockManagerInfo: Added broadcast_23_piece0 in memory on 172.30.0.7:42237 (size: 30.3 KiB, free: 434.4 MiB)
[2026-04-09T08:03:03.912+0000] {subprocess.py:106} INFO - 26/04/09 08:03:03 INFO TaskSetManager: Starting task 1.0 in stage 15.0 (TID 15) (172.30.0.7, executor 0, partition 1, PROCESS_LOCAL, 15147 bytes)
[2026-04-09T08:03:03.913+0000] {subprocess.py:106} INFO - 26/04/09 08:03:03 INFO TaskSetManager: Finished task 0.0 in stage 15.0 (TID 14) in 690 ms on 172.30.0.7 (executor 0) (1/2)
[2026-04-09T08:03:04.045+0000] {subprocess.py:106} INFO - 26/04/09 08:03:04 INFO TaskSetManager: Finished task 1.0 in stage 15.0 (TID 15) in 133 ms on 172.30.0.7 (executor 0) (2/2)
[2026-04-09T08:03:04.048+0000] {subprocess.py:106} INFO - 26/04/09 08:03:04 INFO TaskSchedulerImpl: Removed TaskSet 15.0, whose tasks have all completed, from pool
[2026-04-09T08:03:04.051+0000] {subprocess.py:106} INFO - 26/04/09 08:03:04 INFO DAGScheduler: ShuffleMapStage 15 (create at <unknown>:0) finished in 0.859 s
[2026-04-09T08:03:04.054+0000] {subprocess.py:106} INFO - 26/04/09 08:03:04 INFO DAGScheduler: looking for newly runnable stages
[2026-04-09T08:03:04.061+0000] {subprocess.py:106} INFO - 26/04/09 08:03:04 INFO DAGScheduler: running: Set()
[2026-04-09T08:03:04.062+0000] {subprocess.py:106} INFO - 26/04/09 08:03:04 INFO DAGScheduler: waiting: Set()
[2026-04-09T08:03:04.065+0000] {subprocess.py:106} INFO - 26/04/09 08:03:04 INFO DAGScheduler: failed: Set()
[2026-04-09T08:03:04.069+0000] {subprocess.py:106} INFO - 26/04/09 08:03:04 INFO ShufflePartitionsUtil: For shuffle(5), advisory target size: 67108864, actual target size 1048576, minimum partition size: 1048576
[2026-04-09T08:03:04.139+0000] {subprocess.py:106} INFO - 26/04/09 08:03:04 INFO CodeGenerator: Code generated in 32.014982 ms
[2026-04-09T08:03:04.167+0000] {subprocess.py:106} INFO - 26/04/09 08:03:04 INFO MemoryStore: Block broadcast_25 stored as values in memory (estimated size 32.0 KiB, free 434.2 MiB)
[2026-04-09T08:03:04.179+0000] {subprocess.py:106} INFO - 26/04/09 08:03:04 INFO MemoryStore: Block broadcast_25_piece0 stored as bytes in memory (estimated size 29.9 KiB, free 434.2 MiB)
[2026-04-09T08:03:04.181+0000] {subprocess.py:106} INFO - 26/04/09 08:03:04 INFO BlockManagerInfo: Added broadcast_25_piece0 in memory on c05002f484b8:38291 (size: 29.9 KiB, free: 434.3 MiB)
[2026-04-09T08:03:04.182+0000] {subprocess.py:106} INFO - 26/04/09 08:03:04 INFO BlockManagerInfo: Removed broadcast_24_piece0 on c05002f484b8:38291 in memory (size: 16.1 KiB, free: 434.3 MiB)
[2026-04-09T08:03:04.182+0000] {subprocess.py:106} INFO - 26/04/09 08:03:04 INFO SparkContext: Created broadcast 25 from broadcast at SparkWrite.java:193
[2026-04-09T08:03:04.184+0000] {subprocess.py:106} INFO - 26/04/09 08:03:04 INFO AppendDataExec: Start processing data source write support: IcebergBatchWrite(table=gold.dim_date, format=PARQUET). The input RDD has 1 partitions.
[2026-04-09T08:03:04.185+0000] {subprocess.py:106} INFO - 26/04/09 08:03:04 INFO BlockManagerInfo: Removed broadcast_24_piece0 on 172.30.0.7:42237 in memory (size: 16.1 KiB, free: 434.4 MiB)
[2026-04-09T08:03:04.189+0000] {subprocess.py:106} INFO - 26/04/09 08:03:04 INFO SparkContext: Starting job: create at <unknown>:0
[2026-04-09T08:03:04.191+0000] {subprocess.py:106} INFO - 26/04/09 08:03:04 INFO DAGScheduler: Got job 11 (create at <unknown>:0) with 1 output partitions
[2026-04-09T08:03:04.192+0000] {subprocess.py:106} INFO - 26/04/09 08:03:04 INFO DAGScheduler: Final stage: ResultStage 17 (create at <unknown>:0)
[2026-04-09T08:03:04.193+0000] {subprocess.py:106} INFO - 26/04/09 08:03:04 INFO DAGScheduler: Parents of final stage: List(ShuffleMapStage 16)
[2026-04-09T08:03:04.193+0000] {subprocess.py:106} INFO - 26/04/09 08:03:04 INFO DAGScheduler: Missing parents: List()
[2026-04-09T08:03:04.195+0000] {subprocess.py:106} INFO - 26/04/09 08:03:04 INFO DAGScheduler: Submitting ResultStage 17 (MapPartitionsRDD[35] at create at <unknown>:0), which has no missing parents
[2026-04-09T08:03:04.201+0000] {subprocess.py:106} INFO - 26/04/09 08:03:04 INFO MemoryStore: Block broadcast_26 stored as values in memory (estimated size 51.2 KiB, free 434.2 MiB)
[2026-04-09T08:03:04.203+0000] {subprocess.py:106} INFO - 26/04/09 08:03:04 INFO MemoryStore: Block broadcast_26_piece0 stored as bytes in memory (estimated size 22.4 KiB, free 434.1 MiB)
[2026-04-09T08:03:04.203+0000] {subprocess.py:106} INFO - 26/04/09 08:03:04 INFO BlockManagerInfo: Added broadcast_26_piece0 in memory on c05002f484b8:38291 (size: 22.4 KiB, free: 434.3 MiB)
[2026-04-09T08:03:04.204+0000] {subprocess.py:106} INFO - 26/04/09 08:03:04 INFO SparkContext: Created broadcast 26 from broadcast at DAGScheduler.scala:1585
[2026-04-09T08:03:04.206+0000] {subprocess.py:106} INFO - 26/04/09 08:03:04 INFO DAGScheduler: Submitting 1 missing tasks from ResultStage 17 (MapPartitionsRDD[35] at create at <unknown>:0) (first 15 tasks are for partitions Vector(0))
[2026-04-09T08:03:04.206+0000] {subprocess.py:106} INFO - 26/04/09 08:03:04 INFO TaskSchedulerImpl: Adding task set 17.0 with 1 tasks resource profile 0
[2026-04-09T08:03:04.211+0000] {subprocess.py:106} INFO - 26/04/09 08:03:04 INFO TaskSetManager: Starting task 0.0 in stage 17.0 (TID 16) (172.30.0.7, executor 0, partition 0, NODE_LOCAL, 9976 bytes)
[2026-04-09T08:03:04.245+0000] {subprocess.py:106} INFO - 26/04/09 08:03:04 INFO BlockManagerInfo: Added broadcast_26_piece0 in memory on 172.30.0.7:42237 (size: 22.4 KiB, free: 434.3 MiB)
[2026-04-09T08:03:04.315+0000] {subprocess.py:106} INFO - 26/04/09 08:03:04 INFO MapOutputTrackerMasterEndpoint: Asked to send map output locations for shuffle 5 to 172.30.0.7:45394
[2026-04-09T08:03:04.417+0000] {subprocess.py:106} INFO - 26/04/09 08:03:04 INFO BlockManagerInfo: Added broadcast_25_piece0 in memory on 172.30.0.7:42237 (size: 29.9 KiB, free: 434.3 MiB)
[2026-04-09T08:03:04.684+0000] {subprocess.py:106} INFO - 26/04/09 08:03:04 INFO TaskSetManager: Finished task 0.0 in stage 17.0 (TID 16) in 462 ms on 172.30.0.7 (executor 0) (1/1)
[2026-04-09T08:03:04.685+0000] {subprocess.py:106} INFO - 26/04/09 08:03:04 INFO TaskSchedulerImpl: Removed TaskSet 17.0, whose tasks have all completed, from pool
[2026-04-09T08:03:04.686+0000] {subprocess.py:106} INFO - 26/04/09 08:03:04 INFO DAGScheduler: ResultStage 17 (create at <unknown>:0) finished in 0.476 s
[2026-04-09T08:03:04.687+0000] {subprocess.py:106} INFO - 26/04/09 08:03:04 INFO DAGScheduler: Job 11 is finished. Cancelling potential speculative or zombie tasks for this job
[2026-04-09T08:03:04.688+0000] {subprocess.py:106} INFO - 26/04/09 08:03:04 INFO TaskSchedulerImpl: Killing all running tasks in stage 17: Stage finished
[2026-04-09T08:03:04.689+0000] {subprocess.py:106} INFO - 26/04/09 08:03:04 INFO DAGScheduler: Job 11 finished: create at <unknown>:0, took 0.491331 s
[2026-04-09T08:03:04.690+0000] {subprocess.py:106} INFO - 26/04/09 08:03:04 INFO AppendDataExec: Data source write support IcebergBatchWrite(table=gold.dim_date, format=PARQUET) is committing.
[2026-04-09T08:03:04.690+0000] {subprocess.py:106} INFO - 26/04/09 08:03:04 INFO SparkWrite: Committing append with 1 new data files to table gold.dim_date
[2026-04-09T08:03:04.868+0000] {subprocess.py:106} INFO - 26/04/09 08:03:04 INFO SnapshotProducer: Committed snapshot 461950682129095349 (MergeAppend)
[2026-04-09T08:03:04.929+0000] {subprocess.py:106} INFO - 26/04/09 08:03:04 INFO LoggingMetricsReporter: Received metrics report: CommitReport{tableName=gold.dim_date, snapshotId=461950682129095349, sequenceNumber=1, operation=append, commitMetrics=CommitMetricsResult{totalDuration=TimerResult{timeUnit=NANOSECONDS, totalDuration=PT0.243219948S, count=1}, attempts=CounterResult{unit=COUNT, value=1}, addedDataFiles=CounterResult{unit=COUNT, value=1}, removedDataFiles=null, totalDataFiles=CounterResult{unit=COUNT, value=1}, addedDeleteFiles=null, addedEqualityDeleteFiles=null, addedPositionalDeleteFiles=null, removedDeleteFiles=null, removedEqualityDeleteFiles=null, removedPositionalDeleteFiles=null, totalDeleteFiles=CounterResult{unit=COUNT, value=0}, addedRecords=CounterResult{unit=COUNT, value=197}, removedRecords=null, totalRecords=CounterResult{unit=COUNT, value=197}, addedFilesSizeInBytes=CounterResult{unit=BYTES, value=3471}, removedFilesSizeInBytes=null, totalFilesSizeInBytes=CounterResult{unit=BYTES, value=3471}, addedPositionalDeletes=null, removedPositionalDeletes=null, totalPositionalDeletes=CounterResult{unit=COUNT, value=0}, addedEqualityDeletes=null, removedEqualityDeletes=null, totalEqualityDeletes=CounterResult{unit=COUNT, value=0}}, metadata={engine-version=3.5.3, app-id=app-20260409080232-0000, engine-name=spark, iceberg-version=Apache Iceberg 1.6.1 (commit 8e9d59d299be42b0bca9461457cd1e95dbaad086)}}
[2026-04-09T08:03:04.930+0000] {subprocess.py:106} INFO - 26/04/09 08:03:04 INFO SparkWrite: Committed in 244 ms
[2026-04-09T08:03:04.932+0000] {subprocess.py:106} INFO - 26/04/09 08:03:04 INFO AppendDataExec: Data source write support IcebergBatchWrite(table=gold.dim_date, format=PARQUET) committed.
[2026-04-09T08:03:05.231+0000] {subprocess.py:106} INFO - 26/04/09 08:03:05 INFO HiveTableOperations: Committed to table iceberg.gold.dim_date with the new metadata location s3a://warehouse/iceberg_data/gold.db/dim_date/metadata/00000-fa16deb4-bb6c-4766-9e4f-361d68e496ef.metadata.json
[2026-04-09T08:03:05.232+0000] {subprocess.py:106} INFO - 26/04/09 08:03:05 INFO BaseMetastoreTableOperations: Successfully committed to table iceberg.gold.dim_date in 304 ms
[2026-04-09T08:03:05.232+0000] {subprocess.py:106} INFO - >>> Building DIM_JOB_CATEGORY...
[2026-04-09T08:03:05.331+0000] {subprocess.py:106} INFO - 26/04/09 08:03:05 INFO BaseMetastoreCatalog: Table properties set at catalog level through catalog properties: {}
[2026-04-09T08:03:05.338+0000] {subprocess.py:106} INFO - 26/04/09 08:03:05 INFO BaseMetastoreCatalog: Table properties enforced at catalog level through catalog properties: {}
[2026-04-09T08:03:05.355+0000] {subprocess.py:106} INFO - 26/04/09 08:03:05 INFO SparkScanBuilder: Skipping aggregate pushdown: group by aggregation push down is not supported
[2026-04-09T08:03:05.357+0000] {subprocess.py:106} INFO - 26/04/09 08:03:05 INFO V2ScanRelationPushDown:
[2026-04-09T08:03:05.358+0000] {subprocess.py:106} INFO - Output: job_title#0
[2026-04-09T08:03:05.358+0000] {subprocess.py:106} INFO - 
[2026-04-09T08:03:05.361+0000] {subprocess.py:106} INFO - 26/04/09 08:03:05 INFO SnapshotScan: Scanning table iceberg.silver.it_jobs_clean snapshot 58672078534282665 created at 2026-04-08T15:02:01.445+00:00 with filter true
[2026-04-09T08:03:05.361+0000] {subprocess.py:106} INFO - 26/04/09 08:03:05 INFO BaseDistributedDataScan: Planning file tasks locally for table iceberg.silver.it_jobs_clean
[2026-04-09T08:03:05.389+0000] {subprocess.py:106} INFO - 26/04/09 08:03:05 INFO SparkPartitioningAwareScan: Reporting UnknownPartitioning with 2 partition(s) for table iceberg.silver.it_jobs_clean
[2026-04-09T08:03:05.391+0000] {subprocess.py:106} INFO - 26/04/09 08:03:05 INFO SparkWrite: Requesting 0 bytes advisory partition size for table gold.dim_job_category
[2026-04-09T08:03:05.392+0000] {subprocess.py:106} INFO - 26/04/09 08:03:05 INFO SparkWrite: Requesting UnspecifiedDistribution as write distribution for table gold.dim_job_category
[2026-04-09T08:03:05.392+0000] {subprocess.py:106} INFO - 26/04/09 08:03:05 INFO SparkWrite: Requesting [] as write ordering for table gold.dim_job_category
[2026-04-09T08:03:05.400+0000] {subprocess.py:106} INFO - 26/04/09 08:03:05 INFO MemoryStore: Block broadcast_27 stored as values in memory (estimated size 32.0 KiB, free 434.1 MiB)
[2026-04-09T08:03:05.414+0000] {subprocess.py:106} INFO - 26/04/09 08:03:05 INFO MemoryStore: Block broadcast_27_piece0 stored as bytes in memory (estimated size 30.3 KiB, free 434.1 MiB)
[2026-04-09T08:03:05.417+0000] {subprocess.py:106} INFO - 26/04/09 08:03:05 INFO BlockManagerInfo: Added broadcast_27_piece0 in memory on c05002f484b8:38291 (size: 30.3 KiB, free: 434.3 MiB)
[2026-04-09T08:03:05.418+0000] {subprocess.py:106} INFO - 26/04/09 08:03:05 INFO BlockManagerInfo: Removed broadcast_23_piece0 on c05002f484b8:38291 in memory (size: 30.3 KiB, free: 434.3 MiB)
[2026-04-09T08:03:05.419+0000] {subprocess.py:106} INFO - 26/04/09 08:03:05 INFO BlockManagerInfo: Removed broadcast_23_piece0 on 172.30.0.7:42237 in memory (size: 30.3 KiB, free: 434.3 MiB)
[2026-04-09T08:03:05.419+0000] {subprocess.py:106} INFO - 26/04/09 08:03:05 INFO SparkContext: Created broadcast 27 from broadcast at SparkBatch.java:79
[2026-04-09T08:03:05.428+0000] {subprocess.py:106} INFO - 26/04/09 08:03:05 INFO BlockManagerInfo: Removed broadcast_22_piece0 on c05002f484b8:38291 in memory (size: 30.4 KiB, free: 434.3 MiB)
[2026-04-09T08:03:05.439+0000] {subprocess.py:106} INFO - 26/04/09 08:03:05 INFO BlockManagerInfo: Removed broadcast_26_piece0 on c05002f484b8:38291 in memory (size: 22.4 KiB, free: 434.3 MiB)
[2026-04-09T08:03:05.441+0000] {subprocess.py:106} INFO - 26/04/09 08:03:05 INFO BlockManagerInfo: Removed broadcast_26_piece0 on 172.30.0.7:42237 in memory (size: 22.4 KiB, free: 434.4 MiB)
[2026-04-09T08:03:05.446+0000] {subprocess.py:106} INFO - 26/04/09 08:03:05 INFO MemoryStore: Block broadcast_28 stored as values in memory (estimated size 32.0 KiB, free 434.2 MiB)
[2026-04-09T08:03:05.447+0000] {subprocess.py:106} INFO - 26/04/09 08:03:05 INFO MemoryStore: Block broadcast_28_piece0 stored as bytes in memory (estimated size 30.4 KiB, free 434.2 MiB)
[2026-04-09T08:03:05.448+0000] {subprocess.py:106} INFO - 26/04/09 08:03:05 INFO BlockManagerInfo: Added broadcast_28_piece0 in memory on c05002f484b8:38291 (size: 30.4 KiB, free: 434.3 MiB)
[2026-04-09T08:03:05.453+0000] {subprocess.py:106} INFO - 26/04/09 08:03:05 INFO SparkContext: Created broadcast 28 from broadcast at SparkBatch.java:79
[2026-04-09T08:03:05.455+0000] {subprocess.py:106} INFO - 26/04/09 08:03:05 INFO BlockManagerInfo: Removed broadcast_25_piece0 on c05002f484b8:38291 in memory (size: 29.9 KiB, free: 434.3 MiB)
[2026-04-09T08:03:05.463+0000] {subprocess.py:106} INFO - 26/04/09 08:03:05 INFO BlockManagerInfo: Removed broadcast_25_piece0 on 172.30.0.7:42237 in memory (size: 29.9 KiB, free: 434.4 MiB)
[2026-04-09T08:03:05.507+0000] {subprocess.py:106} INFO - 26/04/09 08:03:05 INFO CodeGenerator: Code generated in 36.867101 ms
[2026-04-09T08:03:05.520+0000] {subprocess.py:106} INFO - 26/04/09 08:03:05 INFO DAGScheduler: Registering RDD 39 (create at <unknown>:0) as input to shuffle 6
[2026-04-09T08:03:05.521+0000] {subprocess.py:106} INFO - 26/04/09 08:03:05 INFO DAGScheduler: Got map stage job 12 (create at <unknown>:0) with 2 output partitions
[2026-04-09T08:03:05.523+0000] {subprocess.py:106} INFO - 26/04/09 08:03:05 INFO DAGScheduler: Final stage: ShuffleMapStage 18 (create at <unknown>:0)
[2026-04-09T08:03:05.524+0000] {subprocess.py:106} INFO - 26/04/09 08:03:05 INFO DAGScheduler: Parents of final stage: List()
[2026-04-09T08:03:05.525+0000] {subprocess.py:106} INFO - 26/04/09 08:03:05 INFO DAGScheduler: Missing parents: List()
[2026-04-09T08:03:05.526+0000] {subprocess.py:106} INFO - 26/04/09 08:03:05 INFO DAGScheduler: Submitting ShuffleMapStage 18 (MapPartitionsRDD[39] at create at <unknown>:0), which has no missing parents
[2026-04-09T08:03:05.527+0000] {subprocess.py:106} INFO - 26/04/09 08:03:05 INFO MemoryStore: Block broadcast_29 stored as values in memory (estimated size 29.4 KiB, free 434.2 MiB)
[2026-04-09T08:03:05.539+0000] {subprocess.py:106} INFO - 26/04/09 08:03:05 INFO MemoryStore: Block broadcast_29_piece0 stored as bytes in memory (estimated size 12.3 KiB, free 434.2 MiB)
[2026-04-09T08:03:05.540+0000] {subprocess.py:106} INFO - 26/04/09 08:03:05 INFO BlockManagerInfo: Added broadcast_29_piece0 in memory on c05002f484b8:38291 (size: 12.3 KiB, free: 434.3 MiB)
[2026-04-09T08:03:05.542+0000] {subprocess.py:106} INFO - 26/04/09 08:03:05 INFO SparkContext: Created broadcast 29 from broadcast at DAGScheduler.scala:1585
[2026-04-09T08:03:05.543+0000] {subprocess.py:106} INFO - 26/04/09 08:03:05 INFO DAGScheduler: Submitting 2 missing tasks from ShuffleMapStage 18 (MapPartitionsRDD[39] at create at <unknown>:0) (first 15 tasks are for partitions Vector(0, 1))
[2026-04-09T08:03:05.543+0000] {subprocess.py:106} INFO - 26/04/09 08:03:05 INFO TaskSchedulerImpl: Adding task set 18.0 with 2 tasks resource profile 0
[2026-04-09T08:03:05.546+0000] {subprocess.py:106} INFO - 26/04/09 08:03:05 INFO TaskSetManager: Starting task 0.0 in stage 18.0 (TID 17) (172.30.0.7, executor 0, partition 0, PROCESS_LOCAL, 16201 bytes)
[2026-04-09T08:03:05.569+0000] {subprocess.py:106} INFO - 26/04/09 08:03:05 INFO BlockManagerInfo: Added broadcast_29_piece0 in memory on 172.30.0.7:42237 (size: 12.3 KiB, free: 434.4 MiB)
[2026-04-09T08:03:05.669+0000] {subprocess.py:106} INFO - 26/04/09 08:03:05 INFO BlockManagerInfo: Added broadcast_28_piece0 in memory on 172.30.0.7:42237 (size: 30.4 KiB, free: 434.4 MiB)
[2026-04-09T08:03:06.031+0000] {subprocess.py:106} INFO - 26/04/09 08:03:06 INFO TaskSetManager: Starting task 1.0 in stage 18.0 (TID 18) (172.30.0.7, executor 0, partition 1, PROCESS_LOCAL, 14869 bytes)
[2026-04-09T08:03:06.033+0000] {subprocess.py:106} INFO - 26/04/09 08:03:06 INFO TaskSetManager: Finished task 0.0 in stage 18.0 (TID 17) in 490 ms on 172.30.0.7 (executor 0) (1/2)
[2026-04-09T08:03:06.177+0000] {subprocess.py:106} INFO - 26/04/09 08:03:06 INFO TaskSetManager: Finished task 1.0 in stage 18.0 (TID 18) in 147 ms on 172.30.0.7 (executor 0) (2/2)
[2026-04-09T08:03:06.179+0000] {subprocess.py:106} INFO - 26/04/09 08:03:06 INFO TaskSchedulerImpl: Removed TaskSet 18.0, whose tasks have all completed, from pool
[2026-04-09T08:03:06.185+0000] {subprocess.py:106} INFO - 26/04/09 08:03:06 INFO DAGScheduler: ShuffleMapStage 18 (create at <unknown>:0) finished in 0.654 s
[2026-04-09T08:03:06.186+0000] {subprocess.py:106} INFO - 26/04/09 08:03:06 INFO DAGScheduler: looking for newly runnable stages
[2026-04-09T08:03:06.187+0000] {subprocess.py:106} INFO - 26/04/09 08:03:06 INFO DAGScheduler: running: Set()
[2026-04-09T08:03:06.187+0000] {subprocess.py:106} INFO - 26/04/09 08:03:06 INFO DAGScheduler: waiting: Set()
[2026-04-09T08:03:06.188+0000] {subprocess.py:106} INFO - 26/04/09 08:03:06 INFO DAGScheduler: failed: Set()
[2026-04-09T08:03:06.198+0000] {subprocess.py:106} INFO - 26/04/09 08:03:06 INFO ShufflePartitionsUtil: For shuffle(6), advisory target size: 67108864, actual target size 1048576, minimum partition size: 1048576
[2026-04-09T08:03:06.284+0000] {subprocess.py:106} INFO - 26/04/09 08:03:06 INFO CodeGenerator: Code generated in 50.659177 ms
[2026-04-09T08:03:06.295+0000] {subprocess.py:106} INFO - 26/04/09 08:03:06 INFO DAGScheduler: Registering RDD 42 (create at <unknown>:0) as input to shuffle 7
[2026-04-09T08:03:06.296+0000] {subprocess.py:106} INFO - 26/04/09 08:03:06 INFO DAGScheduler: Got map stage job 13 (create at <unknown>:0) with 1 output partitions
[2026-04-09T08:03:06.299+0000] {subprocess.py:106} INFO - 26/04/09 08:03:06 INFO DAGScheduler: Final stage: ShuffleMapStage 20 (create at <unknown>:0)
[2026-04-09T08:03:06.300+0000] {subprocess.py:106} INFO - 26/04/09 08:03:06 INFO DAGScheduler: Parents of final stage: List(ShuffleMapStage 19)
[2026-04-09T08:03:06.302+0000] {subprocess.py:106} INFO - 26/04/09 08:03:06 INFO DAGScheduler: Missing parents: List()
[2026-04-09T08:03:06.303+0000] {subprocess.py:106} INFO - 26/04/09 08:03:06 INFO DAGScheduler: Submitting ShuffleMapStage 20 (MapPartitionsRDD[42] at create at <unknown>:0), which has no missing parents
[2026-04-09T08:03:06.306+0000] {subprocess.py:106} INFO - 26/04/09 08:03:06 INFO MemoryStore: Block broadcast_30 stored as values in memory (estimated size 57.0 KiB, free 434.2 MiB)
[2026-04-09T08:03:06.320+0000] {subprocess.py:106} INFO - 26/04/09 08:03:06 INFO MemoryStore: Block broadcast_30_piece0 stored as bytes in memory (estimated size 21.7 KiB, free 434.2 MiB)
[2026-04-09T08:03:06.322+0000] {subprocess.py:106} INFO - 26/04/09 08:03:06 INFO BlockManagerInfo: Added broadcast_30_piece0 in memory on c05002f484b8:38291 (size: 21.7 KiB, free: 434.3 MiB)
[2026-04-09T08:03:06.329+0000] {subprocess.py:106} INFO - 26/04/09 08:03:06 INFO SparkContext: Created broadcast 30 from broadcast at DAGScheduler.scala:1585
[2026-04-09T08:03:06.341+0000] {subprocess.py:106} INFO - 26/04/09 08:03:06 INFO BlockManagerInfo: Removed broadcast_29_piece0 on c05002f484b8:38291 in memory (size: 12.3 KiB, free: 434.3 MiB)
[2026-04-09T08:03:06.344+0000] {subprocess.py:106} INFO - 26/04/09 08:03:06 INFO DAGScheduler: Submitting 1 missing tasks from ShuffleMapStage 20 (MapPartitionsRDD[42] at create at <unknown>:0) (first 15 tasks are for partitions Vector(0))
[2026-04-09T08:03:06.359+0000] {subprocess.py:106} INFO - 26/04/09 08:03:06 INFO TaskSchedulerImpl: Adding task set 20.0 with 1 tasks resource profile 0
[2026-04-09T08:03:06.361+0000] {subprocess.py:106} INFO - 26/04/09 08:03:06 INFO TaskSetManager: Starting task 0.0 in stage 20.0 (TID 19) (172.30.0.7, executor 0, partition 0, NODE_LOCAL, 9965 bytes)
[2026-04-09T08:03:06.363+0000] {subprocess.py:106} INFO - 26/04/09 08:03:06 INFO BlockManagerInfo: Removed broadcast_29_piece0 on 172.30.0.7:42237 in memory (size: 12.3 KiB, free: 434.4 MiB)
[2026-04-09T08:03:06.377+0000] {subprocess.py:106} INFO - 26/04/09 08:03:06 INFO BlockManagerInfo: Added broadcast_30_piece0 in memory on 172.30.0.7:42237 (size: 21.7 KiB, free: 434.3 MiB)
[2026-04-09T08:03:06.421+0000] {subprocess.py:106} INFO - 26/04/09 08:03:06 INFO MapOutputTrackerMasterEndpoint: Asked to send map output locations for shuffle 6 to 172.30.0.7:45394
[2026-04-09T08:03:06.654+0000] {subprocess.py:106} INFO - 26/04/09 08:03:06 INFO TaskSetManager: Finished task 0.0 in stage 20.0 (TID 19) in 320 ms on 172.30.0.7 (executor 0) (1/1)
[2026-04-09T08:03:06.656+0000] {subprocess.py:106} INFO - 26/04/09 08:03:06 INFO TaskSchedulerImpl: Removed TaskSet 20.0, whose tasks have all completed, from pool
[2026-04-09T08:03:06.659+0000] {subprocess.py:106} INFO - 26/04/09 08:03:06 INFO DAGScheduler: ShuffleMapStage 20 (create at <unknown>:0) finished in 0.353 s
[2026-04-09T08:03:06.660+0000] {subprocess.py:106} INFO - 26/04/09 08:03:06 INFO DAGScheduler: looking for newly runnable stages
[2026-04-09T08:03:06.661+0000] {subprocess.py:106} INFO - 26/04/09 08:03:06 INFO DAGScheduler: running: Set()
[2026-04-09T08:03:06.661+0000] {subprocess.py:106} INFO - 26/04/09 08:03:06 INFO DAGScheduler: waiting: Set()
[2026-04-09T08:03:06.662+0000] {subprocess.py:106} INFO - 26/04/09 08:03:06 INFO DAGScheduler: failed: Set()
[2026-04-09T08:03:06.662+0000] {subprocess.py:106} INFO - 26/04/09 08:03:06 INFO ShufflePartitionsUtil: For shuffle(7), advisory target size: 67108864, actual target size 1048576, minimum partition size: 1048576
[2026-04-09T08:03:06.732+0000] {subprocess.py:106} INFO - 26/04/09 08:03:06 INFO CodeGenerator: Code generated in 53.64114 ms
[2026-04-09T08:03:06.746+0000] {subprocess.py:106} INFO - 26/04/09 08:03:06 INFO MemoryStore: Block broadcast_31 stored as values in memory (estimated size 32.0 KiB, free 434.2 MiB)
[2026-04-09T08:03:06.761+0000] {subprocess.py:106} INFO - 26/04/09 08:03:06 INFO MemoryStore: Block broadcast_31_piece0 stored as bytes in memory (estimated size 29.7 KiB, free 434.2 MiB)
[2026-04-09T08:03:06.765+0000] {subprocess.py:106} INFO - 26/04/09 08:03:06 INFO BlockManagerInfo: Removed broadcast_30_piece0 on c05002f484b8:38291 in memory (size: 21.7 KiB, free: 434.3 MiB)
[2026-04-09T08:03:06.766+0000] {subprocess.py:106} INFO - 26/04/09 08:03:06 INFO BlockManagerInfo: Added broadcast_31_piece0 in memory on c05002f484b8:38291 (size: 29.7 KiB, free: 434.3 MiB)
[2026-04-09T08:03:06.766+0000] {subprocess.py:106} INFO - 26/04/09 08:03:06 INFO BlockManagerInfo: Removed broadcast_30_piece0 on 172.30.0.7:42237 in memory (size: 21.7 KiB, free: 434.4 MiB)
[2026-04-09T08:03:06.767+0000] {subprocess.py:106} INFO - 26/04/09 08:03:06 INFO SparkContext: Created broadcast 31 from broadcast at SparkWrite.java:193
[2026-04-09T08:03:06.768+0000] {subprocess.py:106} INFO - 26/04/09 08:03:06 INFO AppendDataExec: Start processing data source write support: IcebergBatchWrite(table=gold.dim_job_category, format=PARQUET). The input RDD has 1 partitions.
[2026-04-09T08:03:06.769+0000] {subprocess.py:106} INFO - 26/04/09 08:03:06 INFO SparkContext: Starting job: create at <unknown>:0
[2026-04-09T08:03:06.770+0000] {subprocess.py:106} INFO - 26/04/09 08:03:06 INFO DAGScheduler: Got job 14 (create at <unknown>:0) with 1 output partitions
[2026-04-09T08:03:06.771+0000] {subprocess.py:106} INFO - 26/04/09 08:03:06 INFO DAGScheduler: Final stage: ResultStage 23 (create at <unknown>:0)
[2026-04-09T08:03:06.772+0000] {subprocess.py:106} INFO - 26/04/09 08:03:06 INFO DAGScheduler: Parents of final stage: List(ShuffleMapStage 22)
[2026-04-09T08:03:06.773+0000] {subprocess.py:106} INFO - 26/04/09 08:03:06 INFO DAGScheduler: Missing parents: List()
[2026-04-09T08:03:06.774+0000] {subprocess.py:106} INFO - 26/04/09 08:03:06 INFO DAGScheduler: Submitting ResultStage 23 (MapPartitionsRDD[44] at create at <unknown>:0), which has no missing parents
[2026-04-09T08:03:06.775+0000] {subprocess.py:106} INFO - 26/04/09 08:03:06 INFO MemoryStore: Block broadcast_32 stored as values in memory (estimated size 50.7 KiB, free 434.2 MiB)
[2026-04-09T08:03:06.776+0000] {subprocess.py:106} INFO - 26/04/09 08:03:06 INFO MemoryStore: Block broadcast_32_piece0 stored as bytes in memory (estimated size 22.0 KiB, free 434.1 MiB)
[2026-04-09T08:03:06.779+0000] {subprocess.py:106} INFO - 26/04/09 08:03:06 INFO BlockManagerInfo: Added broadcast_32_piece0 in memory on c05002f484b8:38291 (size: 22.0 KiB, free: 434.3 MiB)
[2026-04-09T08:03:06.780+0000] {subprocess.py:106} INFO - 26/04/09 08:03:06 INFO SparkContext: Created broadcast 32 from broadcast at DAGScheduler.scala:1585
[2026-04-09T08:03:06.781+0000] {subprocess.py:106} INFO - 26/04/09 08:03:06 INFO DAGScheduler: Submitting 1 missing tasks from ResultStage 23 (MapPartitionsRDD[44] at create at <unknown>:0) (first 15 tasks are for partitions Vector(0))
[2026-04-09T08:03:06.782+0000] {subprocess.py:106} INFO - 26/04/09 08:03:06 INFO TaskSchedulerImpl: Adding task set 23.0 with 1 tasks resource profile 0
[2026-04-09T08:03:06.783+0000] {subprocess.py:106} INFO - 26/04/09 08:03:06 INFO TaskSetManager: Starting task 0.0 in stage 23.0 (TID 20) (172.30.0.7, executor 0, partition 0, NODE_LOCAL, 9976 bytes)
[2026-04-09T08:03:06.797+0000] {subprocess.py:106} INFO - 26/04/09 08:03:06 INFO BlockManagerInfo: Added broadcast_32_piece0 in memory on 172.30.0.7:42237 (size: 22.0 KiB, free: 434.3 MiB)
[2026-04-09T08:03:06.820+0000] {subprocess.py:106} INFO - 26/04/09 08:03:06 INFO MapOutputTrackerMasterEndpoint: Asked to send map output locations for shuffle 7 to 172.30.0.7:45394
[2026-04-09T08:03:06.869+0000] {subprocess.py:106} INFO - 26/04/09 08:03:06 INFO BlockManagerInfo: Added broadcast_31_piece0 in memory on 172.30.0.7:42237 (size: 29.7 KiB, free: 434.3 MiB)
[2026-04-09T08:03:06.982+0000] {subprocess.py:106} INFO - 26/04/09 08:03:06 INFO TaskSetManager: Finished task 0.0 in stage 23.0 (TID 20) in 202 ms on 172.30.0.7 (executor 0) (1/1)
[2026-04-09T08:03:06.989+0000] {subprocess.py:106} INFO - 26/04/09 08:03:06 INFO TaskSchedulerImpl: Removed TaskSet 23.0, whose tasks have all completed, from pool
[2026-04-09T08:03:06.990+0000] {subprocess.py:106} INFO - 26/04/09 08:03:06 INFO DAGScheduler: ResultStage 23 (create at <unknown>:0) finished in 0.213 s
[2026-04-09T08:03:06.990+0000] {subprocess.py:106} INFO - 26/04/09 08:03:06 INFO DAGScheduler: Job 14 is finished. Cancelling potential speculative or zombie tasks for this job
[2026-04-09T08:03:06.991+0000] {subprocess.py:106} INFO - 26/04/09 08:03:06 INFO TaskSchedulerImpl: Killing all running tasks in stage 23: Stage finished
[2026-04-09T08:03:06.991+0000] {subprocess.py:106} INFO - 26/04/09 08:03:06 INFO DAGScheduler: Job 14 finished: create at <unknown>:0, took 0.221168 s
[2026-04-09T08:03:06.992+0000] {subprocess.py:106} INFO - 26/04/09 08:03:06 INFO AppendDataExec: Data source write support IcebergBatchWrite(table=gold.dim_job_category, format=PARQUET) is committing.
[2026-04-09T08:03:06.992+0000] {subprocess.py:106} INFO - 26/04/09 08:03:06 INFO SparkWrite: Committing append with 1 new data files to table gold.dim_job_category
[2026-04-09T08:03:07.185+0000] {subprocess.py:106} INFO - 26/04/09 08:03:07 INFO SnapshotProducer: Committed snapshot 7981122931223459170 (MergeAppend)
[2026-04-09T08:03:07.222+0000] {subprocess.py:106} INFO - 26/04/09 08:03:07 INFO LoggingMetricsReporter: Received metrics report: CommitReport{tableName=gold.dim_job_category, snapshotId=7981122931223459170, sequenceNumber=1, operation=append, commitMetrics=CommitMetricsResult{totalDuration=TimerResult{timeUnit=NANOSECONDS, totalDuration=PT0.235660522S, count=1}, attempts=CounterResult{unit=COUNT, value=1}, addedDataFiles=CounterResult{unit=COUNT, value=1}, removedDataFiles=null, totalDataFiles=CounterResult{unit=COUNT, value=1}, addedDeleteFiles=null, addedEqualityDeleteFiles=null, addedPositionalDeleteFiles=null, removedDeleteFiles=null, removedEqualityDeleteFiles=null, removedPositionalDeleteFiles=null, totalDeleteFiles=CounterResult{unit=COUNT, value=0}, addedRecords=CounterResult{unit=COUNT, value=9}, removedRecords=null, totalRecords=CounterResult{unit=COUNT, value=9}, addedFilesSizeInBytes=CounterResult{unit=BYTES, value=899}, removedFilesSizeInBytes=null, totalFilesSizeInBytes=CounterResult{unit=BYTES, value=899}, addedPositionalDeletes=null, removedPositionalDeletes=null, totalPositionalDeletes=CounterResult{unit=COUNT, value=0}, addedEqualityDeletes=null, removedEqualityDeletes=null, totalEqualityDeletes=CounterResult{unit=COUNT, value=0}}, metadata={engine-version=3.5.3, app-id=app-20260409080232-0000, engine-name=spark, iceberg-version=Apache Iceberg 1.6.1 (commit 8e9d59d299be42b0bca9461457cd1e95dbaad086)}}
[2026-04-09T08:03:07.223+0000] {subprocess.py:106} INFO - 26/04/09 08:03:07 INFO SparkWrite: Committed in 236 ms
[2026-04-09T08:03:07.223+0000] {subprocess.py:106} INFO - 26/04/09 08:03:07 INFO AppendDataExec: Data source write support IcebergBatchWrite(table=gold.dim_job_category, format=PARQUET) committed.
[2026-04-09T08:03:07.421+0000] {subprocess.py:106} INFO - 26/04/09 08:03:07 INFO HiveTableOperations: Committed to table iceberg.gold.dim_job_category with the new metadata location s3a://warehouse/iceberg_data/gold.db/dim_job_category/metadata/00000-01a8be8f-2cc2-47da-85ba-3f7aa4ff78c6.metadata.json
[2026-04-09T08:03:07.422+0000] {subprocess.py:106} INFO - 26/04/09 08:03:07 INFO BaseMetastoreTableOperations: Successfully committed to table iceberg.gold.dim_job_category in 199 ms
[2026-04-09T08:03:07.422+0000] {subprocess.py:106} INFO - >>> Building FACT_JOB_POSTING...
[2026-04-09T08:03:07.483+0000] {subprocess.py:106} INFO - 26/04/09 08:03:07 INFO BlockManagerInfo: Removed broadcast_27_piece0 on c05002f484b8:38291 in memory (size: 30.3 KiB, free: 434.3 MiB)
[2026-04-09T08:03:07.487+0000] {subprocess.py:106} INFO - 26/04/09 08:03:07 INFO BlockManagerInfo: Removed broadcast_28_piece0 on c05002f484b8:38291 in memory (size: 30.4 KiB, free: 434.3 MiB)
[2026-04-09T08:03:07.490+0000] {subprocess.py:106} INFO - 26/04/09 08:03:07 INFO BlockManagerInfo: Removed broadcast_28_piece0 on 172.30.0.7:42237 in memory (size: 30.4 KiB, free: 434.3 MiB)
[2026-04-09T08:03:07.496+0000] {subprocess.py:106} INFO - 26/04/09 08:03:07 INFO BlockManagerInfo: Removed broadcast_31_piece0 on c05002f484b8:38291 in memory (size: 29.7 KiB, free: 434.4 MiB)
[2026-04-09T08:03:07.499+0000] {subprocess.py:106} INFO - 26/04/09 08:03:07 INFO BlockManagerInfo: Removed broadcast_31_piece0 on 172.30.0.7:42237 in memory (size: 29.7 KiB, free: 434.4 MiB)
[2026-04-09T08:03:07.506+0000] {subprocess.py:106} INFO - 26/04/09 08:03:07 INFO BlockManagerInfo: Removed broadcast_32_piece0 on c05002f484b8:38291 in memory (size: 22.0 KiB, free: 434.4 MiB)
[2026-04-09T08:03:07.508+0000] {subprocess.py:106} INFO - 26/04/09 08:03:07 INFO BlockManagerInfo: Removed broadcast_32_piece0 on 172.30.0.7:42237 in memory (size: 22.0 KiB, free: 434.4 MiB)
[2026-04-09T08:03:07.879+0000] {subprocess.py:106} INFO - 26/04/09 08:03:07 INFO BaseMetastoreCatalog: Table properties set at catalog level through catalog properties: {}
[2026-04-09T08:03:07.890+0000] {subprocess.py:106} INFO - 26/04/09 08:03:07 INFO BaseMetastoreCatalog: Table properties enforced at catalog level through catalog properties: {}
[2026-04-09T08:03:08.105+0000] {subprocess.py:106} INFO - 26/04/09 08:03:08 INFO V2ScanRelationPushDown:
[2026-04-09T08:03:08.105+0000] {subprocess.py:106} INFO - Pushing operators to iceberg.silver.it_jobs_clean
[2026-04-09T08:03:08.106+0000] {subprocess.py:106} INFO - Pushed Filters: location IS NOT NULL, skills_required IS NOT NULL
[2026-04-09T08:03:08.107+0000] {subprocess.py:106} INFO - Post-Scan Filters: isnotnull(location#2),isnotnull(skills_required#3),(size(location#2, true) > 0),(size(skills_required#3, true) > 0)
[2026-04-09T08:03:08.108+0000] {subprocess.py:106} INFO - 
[2026-04-09T08:03:08.108+0000] {subprocess.py:106} INFO - 26/04/09 08:03:08 INFO V2ScanRelationPushDown:
[2026-04-09T08:03:08.109+0000] {subprocess.py:106} INFO - Pushing operators to iceberg.silver.it_jobs_clean
[2026-04-09T08:03:08.109+0000] {subprocess.py:106} INFO - Pushed Filters: company_name IS NOT NULL
[2026-04-09T08:03:08.110+0000] {subprocess.py:106} INFO - Post-Scan Filters: isnotnull(company_name#265)
[2026-04-09T08:03:08.110+0000] {subprocess.py:106} INFO - 
[2026-04-09T08:03:08.111+0000] {subprocess.py:106} INFO - 26/04/09 08:03:08 INFO V2ScanRelationPushDown:
[2026-04-09T08:03:08.111+0000] {subprocess.py:106} INFO - Pushing operators to iceberg.silver.it_jobs_clean
[2026-04-09T08:03:08.112+0000] {subprocess.py:106} INFO - Pushed Filters: location IS NOT NULL
[2026-04-09T08:03:08.112+0000] {subprocess.py:106} INFO - Post-Scan Filters: isnotnull(location#322),(size(location#322, true) > 0)
[2026-04-09T08:03:08.112+0000] {subprocess.py:106} INFO - 
[2026-04-09T08:03:08.113+0000] {subprocess.py:106} INFO - 26/04/09 08:03:08 INFO V2ScanRelationPushDown:
[2026-04-09T08:03:08.114+0000] {subprocess.py:106} INFO - Pushing operators to iceberg.silver.it_jobs_clean
[2026-04-09T08:03:08.115+0000] {subprocess.py:106} INFO - Pushed Filters: skills_required IS NOT NULL
[2026-04-09T08:03:08.116+0000] {subprocess.py:106} INFO - Post-Scan Filters: isnotnull(skills_required#385),(size(skills_required#385, true) > 0)
[2026-04-09T08:03:08.116+0000] {subprocess.py:106} INFO - 
[2026-04-09T08:03:08.117+0000] {subprocess.py:106} INFO - 26/04/09 08:03:08 INFO V2ScanRelationPushDown:
[2026-04-09T08:03:08.117+0000] {subprocess.py:106} INFO - Pushing operators to iceberg.silver.it_jobs_clean
[2026-04-09T08:03:08.118+0000] {subprocess.py:106} INFO - Pushed Filters: work_mode IS NOT NULL
[2026-04-09T08:03:08.118+0000] {subprocess.py:106} INFO - Post-Scan Filters: isnotnull(work_mode#457)
[2026-04-09T08:03:08.118+0000] {subprocess.py:106} INFO - 
[2026-04-09T08:03:08.119+0000] {subprocess.py:106} INFO - 26/04/09 08:03:08 INFO SparkScanBuilder: Skipping aggregate pushdown: group by aggregation push down is not supported
[2026-04-09T08:03:08.119+0000] {subprocess.py:106} INFO - 26/04/09 08:03:08 INFO V2ScanRelationPushDown:
[2026-04-09T08:03:08.120+0000] {subprocess.py:106} INFO - Output: job_title#0, company_name#1, location#2, skills_required#3, date_posted#4, job_link#5, work_mode#7
[2026-04-09T08:03:08.120+0000] {subprocess.py:106} INFO - 
[2026-04-09T08:03:08.121+0000] {subprocess.py:106} INFO - 26/04/09 08:03:08 INFO V2ScanRelationPushDown:
[2026-04-09T08:03:08.122+0000] {subprocess.py:106} INFO - Output: company_name#265
[2026-04-09T08:03:08.122+0000] {subprocess.py:106} INFO - 
[2026-04-09T08:03:08.123+0000] {subprocess.py:106} INFO - 26/04/09 08:03:08 INFO V2ScanRelationPushDown:
[2026-04-09T08:03:08.123+0000] {subprocess.py:106} INFO - Output: location#322
[2026-04-09T08:03:08.124+0000] {subprocess.py:106} INFO - 
[2026-04-09T08:03:08.125+0000] {subprocess.py:106} INFO - 26/04/09 08:03:08 INFO V2ScanRelationPushDown:
[2026-04-09T08:03:08.125+0000] {subprocess.py:106} INFO - Output: skills_required#385
[2026-04-09T08:03:08.126+0000] {subprocess.py:106} INFO - 
[2026-04-09T08:03:08.127+0000] {subprocess.py:106} INFO - 26/04/09 08:03:08 INFO V2ScanRelationPushDown:
[2026-04-09T08:03:08.128+0000] {subprocess.py:106} INFO - Output: work_mode#457
[2026-04-09T08:03:08.130+0000] {subprocess.py:106} INFO - 
[2026-04-09T08:03:08.133+0000] {subprocess.py:106} INFO - 26/04/09 08:03:08 INFO V2ScanRelationPushDown:
[2026-04-09T08:03:08.134+0000] {subprocess.py:106} INFO - Output: job_title#522
[2026-04-09T08:03:08.137+0000] {subprocess.py:106} INFO - 
[2026-04-09T08:03:08.138+0000] {subprocess.py:106} INFO - 26/04/09 08:03:08 INFO SnapshotScan: Scanning table iceberg.silver.it_jobs_clean snapshot 58672078534282665 created at 2026-04-08T15:02:01.445+00:00 with filter (location IS NOT NULL AND skills_required IS NOT NULL)
[2026-04-09T08:03:08.138+0000] {subprocess.py:106} INFO - 26/04/09 08:03:08 INFO BaseDistributedDataScan: Planning file tasks locally for table iceberg.silver.it_jobs_clean
[2026-04-09T08:03:08.173+0000] {subprocess.py:106} INFO - 26/04/09 08:03:08 INFO SparkPartitioningAwareScan: Reporting UnknownPartitioning with 2 partition(s) for table iceberg.silver.it_jobs_clean
[2026-04-09T08:03:08.175+0000] {subprocess.py:106} INFO - 26/04/09 08:03:08 INFO SnapshotScan: Scanning table iceberg.silver.it_jobs_clean snapshot 58672078534282665 created at 2026-04-08T15:02:01.445+00:00 with filter company_name IS NOT NULL
[2026-04-09T08:03:08.178+0000] {subprocess.py:106} INFO - 26/04/09 08:03:08 INFO BaseDistributedDataScan: Planning file tasks locally for table iceberg.silver.it_jobs_clean
[2026-04-09T08:03:08.217+0000] {subprocess.py:106} INFO - 26/04/09 08:03:08 INFO SparkPartitioningAwareScan: Reporting UnknownPartitioning with 2 partition(s) for table iceberg.silver.it_jobs_clean
[2026-04-09T08:03:08.218+0000] {subprocess.py:106} INFO - 26/04/09 08:03:08 INFO SnapshotScan: Scanning table iceberg.silver.it_jobs_clean snapshot 58672078534282665 created at 2026-04-08T15:02:01.445+00:00 with filter location IS NOT NULL
[2026-04-09T08:03:08.219+0000] {subprocess.py:106} INFO - 26/04/09 08:03:08 INFO BaseDistributedDataScan: Planning file tasks locally for table iceberg.silver.it_jobs_clean
[2026-04-09T08:03:08.249+0000] {subprocess.py:106} INFO - 26/04/09 08:03:08 INFO SparkPartitioningAwareScan: Reporting UnknownPartitioning with 2 partition(s) for table iceberg.silver.it_jobs_clean
[2026-04-09T08:03:08.250+0000] {subprocess.py:106} INFO - 26/04/09 08:03:08 INFO SnapshotScan: Scanning table iceberg.silver.it_jobs_clean snapshot 58672078534282665 created at 2026-04-08T15:02:01.445+00:00 with filter skills_required IS NOT NULL
[2026-04-09T08:03:08.250+0000] {subprocess.py:106} INFO - 26/04/09 08:03:08 INFO BaseDistributedDataScan: Planning file tasks locally for table iceberg.silver.it_jobs_clean
[2026-04-09T08:03:08.291+0000] {subprocess.py:106} INFO - 26/04/09 08:03:08 INFO SparkPartitioningAwareScan: Reporting UnknownPartitioning with 2 partition(s) for table iceberg.silver.it_jobs_clean
[2026-04-09T08:03:08.295+0000] {subprocess.py:106} INFO - 26/04/09 08:03:08 INFO SnapshotScan: Scanning table iceberg.silver.it_jobs_clean snapshot 58672078534282665 created at 2026-04-08T15:02:01.445+00:00 with filter work_mode IS NOT NULL
[2026-04-09T08:03:08.298+0000] {subprocess.py:106} INFO - 26/04/09 08:03:08 INFO BaseDistributedDataScan: Planning file tasks locally for table iceberg.silver.it_jobs_clean
[2026-04-09T08:03:08.334+0000] {subprocess.py:106} INFO - 26/04/09 08:03:08 INFO SparkPartitioningAwareScan: Reporting UnknownPartitioning with 2 partition(s) for table iceberg.silver.it_jobs_clean
[2026-04-09T08:03:08.335+0000] {subprocess.py:106} INFO - 26/04/09 08:03:08 INFO SnapshotScan: Scanning table iceberg.silver.it_jobs_clean snapshot 58672078534282665 created at 2026-04-08T15:02:01.445+00:00 with filter true
[2026-04-09T08:03:08.336+0000] {subprocess.py:106} INFO - 26/04/09 08:03:08 INFO BaseDistributedDataScan: Planning file tasks locally for table iceberg.silver.it_jobs_clean
[2026-04-09T08:03:08.390+0000] {subprocess.py:106} INFO - 26/04/09 08:03:08 INFO SparkPartitioningAwareScan: Reporting UnknownPartitioning with 2 partition(s) for table iceberg.silver.it_jobs_clean
[2026-04-09T08:03:08.397+0000] {subprocess.py:106} INFO - 26/04/09 08:03:08 INFO SparkWrite: Requesting 402653184 bytes advisory partition size for table gold.fact_job_posting
[2026-04-09T08:03:08.398+0000] {subprocess.py:106} INFO - 26/04/09 08:03:08 INFO SparkWrite: Requesting ClusteredDistribution(date_id) as write distribution for table gold.fact_job_posting
[2026-04-09T08:03:08.403+0000] {subprocess.py:106} INFO - 26/04/09 08:03:08 INFO SparkWrite: Requesting [] as write ordering for table gold.fact_job_posting
[2026-04-09T08:03:08.486+0000] {subprocess.py:106} INFO - 26/04/09 08:03:08 INFO MemoryStore: Block broadcast_33 stored as values in memory (estimated size 32.0 KiB, free 434.4 MiB)
[2026-04-09T08:03:08.494+0000] {subprocess.py:106} INFO - 26/04/09 08:03:08 INFO MemoryStore: Block broadcast_33_piece0 stored as bytes in memory (estimated size 30.4 KiB, free 434.3 MiB)
[2026-04-09T08:03:08.495+0000] {subprocess.py:106} INFO - 26/04/09 08:03:08 INFO BlockManagerInfo: Added broadcast_33_piece0 in memory on c05002f484b8:38291 (size: 30.4 KiB, free: 434.4 MiB)
[2026-04-09T08:03:08.497+0000] {subprocess.py:106} INFO - 26/04/09 08:03:08 INFO SparkContext: Created broadcast 33 from broadcast at SparkBatch.java:79
[2026-04-09T08:03:08.501+0000] {subprocess.py:106} INFO - 26/04/09 08:03:08 INFO MemoryStore: Block broadcast_34 stored as values in memory (estimated size 32.0 KiB, free 434.3 MiB)
[2026-04-09T08:03:08.503+0000] {subprocess.py:106} INFO - 26/04/09 08:03:08 INFO MemoryStore: Block broadcast_34_piece0 stored as bytes in memory (estimated size 30.3 KiB, free 434.3 MiB)
[2026-04-09T08:03:08.504+0000] {subprocess.py:106} INFO - 26/04/09 08:03:08 INFO BlockManagerInfo: Added broadcast_34_piece0 in memory on c05002f484b8:38291 (size: 30.3 KiB, free: 434.3 MiB)
[2026-04-09T08:03:08.505+0000] {subprocess.py:106} INFO - 26/04/09 08:03:08 INFO SparkContext: Created broadcast 34 from broadcast at SparkBatch.java:79
[2026-04-09T08:03:08.509+0000] {subprocess.py:106} INFO - 26/04/09 08:03:08 INFO MemoryStore: Block broadcast_35 stored as values in memory (estimated size 32.0 KiB, free 434.2 MiB)
[2026-04-09T08:03:08.510+0000] {subprocess.py:106} INFO - 26/04/09 08:03:08 INFO MemoryStore: Block broadcast_35_piece0 stored as bytes in memory (estimated size 30.4 KiB, free 434.2 MiB)
[2026-04-09T08:03:08.512+0000] {subprocess.py:106} INFO - 26/04/09 08:03:08 INFO BlockManagerInfo: Added broadcast_35_piece0 in memory on c05002f484b8:38291 (size: 30.4 KiB, free: 434.3 MiB)
[2026-04-09T08:03:08.513+0000] {subprocess.py:106} INFO - 26/04/09 08:03:08 INFO SparkContext: Created broadcast 35 from broadcast at SparkBatch.java:79
[2026-04-09T08:03:08.518+0000] {subprocess.py:106} INFO - 26/04/09 08:03:08 INFO MemoryStore: Block broadcast_36 stored as values in memory (estimated size 32.0 KiB, free 434.2 MiB)
[2026-04-09T08:03:08.520+0000] {subprocess.py:106} INFO - 26/04/09 08:03:08 INFO MemoryStore: Block broadcast_36_piece0 stored as bytes in memory (estimated size 30.3 KiB, free 434.2 MiB)
[2026-04-09T08:03:08.521+0000] {subprocess.py:106} INFO - 26/04/09 08:03:08 INFO BlockManagerInfo: Added broadcast_36_piece0 in memory on c05002f484b8:38291 (size: 30.3 KiB, free: 434.3 MiB)
[2026-04-09T08:03:08.522+0000] {subprocess.py:106} INFO - 26/04/09 08:03:08 INFO SparkContext: Created broadcast 36 from broadcast at SparkBatch.java:79
[2026-04-09T08:03:08.528+0000] {subprocess.py:106} INFO - 26/04/09 08:03:08 INFO MemoryStore: Block broadcast_37 stored as values in memory (estimated size 32.0 KiB, free 434.1 MiB)
[2026-04-09T08:03:08.531+0000] {subprocess.py:106} INFO - 26/04/09 08:03:08 INFO MemoryStore: Block broadcast_37_piece0 stored as bytes in memory (estimated size 30.4 KiB, free 434.1 MiB)
[2026-04-09T08:03:08.538+0000] {subprocess.py:106} INFO - 26/04/09 08:03:08 INFO BlockManagerInfo: Added broadcast_37_piece0 in memory on c05002f484b8:38291 (size: 30.4 KiB, free: 434.3 MiB)
[2026-04-09T08:03:08.539+0000] {subprocess.py:106} INFO - 26/04/09 08:03:08 INFO SparkContext: Created broadcast 37 from broadcast at SparkBatch.java:79
[2026-04-09T08:03:08.542+0000] {subprocess.py:106} INFO - 26/04/09 08:03:08 INFO MemoryStore: Block broadcast_38 stored as values in memory (estimated size 32.0 KiB, free 434.1 MiB)
[2026-04-09T08:03:08.546+0000] {subprocess.py:106} INFO - 26/04/09 08:03:08 INFO MemoryStore: Block broadcast_38_piece0 stored as bytes in memory (estimated size 30.3 KiB, free 434.0 MiB)
[2026-04-09T08:03:08.548+0000] {subprocess.py:106} INFO - 26/04/09 08:03:08 INFO BlockManagerInfo: Added broadcast_38_piece0 in memory on c05002f484b8:38291 (size: 30.3 KiB, free: 434.2 MiB)
[2026-04-09T08:03:08.549+0000] {subprocess.py:106} INFO - 26/04/09 08:03:08 INFO SparkContext: Created broadcast 38 from broadcast at SparkBatch.java:79
[2026-04-09T08:03:08.573+0000] {subprocess.py:106} INFO - 26/04/09 08:03:08 INFO MemoryStore: Block broadcast_39 stored as values in memory (estimated size 32.0 KiB, free 434.0 MiB)
[2026-04-09T08:03:08.575+0000] {subprocess.py:106} INFO - 26/04/09 08:03:08 INFO MemoryStore: Block broadcast_39_piece0 stored as bytes in memory (estimated size 30.4 KiB, free 434.0 MiB)
[2026-04-09T08:03:08.576+0000] {subprocess.py:106} INFO - 26/04/09 08:03:08 INFO BlockManagerInfo: Added broadcast_39_piece0 in memory on c05002f484b8:38291 (size: 30.4 KiB, free: 434.2 MiB)
[2026-04-09T08:03:08.578+0000] {subprocess.py:106} INFO - 26/04/09 08:03:08 INFO SparkContext: Created broadcast 39 from broadcast at SparkBatch.java:79
[2026-04-09T08:03:08.581+0000] {subprocess.py:106} INFO - 26/04/09 08:03:08 INFO MemoryStore: Block broadcast_40 stored as values in memory (estimated size 32.0 KiB, free 433.9 MiB)
[2026-04-09T08:03:08.583+0000] {subprocess.py:106} INFO - 26/04/09 08:03:08 INFO MemoryStore: Block broadcast_40_piece0 stored as bytes in memory (estimated size 30.3 KiB, free 433.9 MiB)
[2026-04-09T08:03:08.584+0000] {subprocess.py:106} INFO - 26/04/09 08:03:08 INFO BlockManagerInfo: Added broadcast_40_piece0 in memory on c05002f484b8:38291 (size: 30.3 KiB, free: 434.2 MiB)
[2026-04-09T08:03:08.585+0000] {subprocess.py:106} INFO - 26/04/09 08:03:08 INFO SparkContext: Created broadcast 40 from broadcast at SparkBatch.java:79
[2026-04-09T08:03:08.590+0000] {subprocess.py:106} INFO - 26/04/09 08:03:08 INFO MemoryStore: Block broadcast_41 stored as values in memory (estimated size 32.0 KiB, free 433.9 MiB)
[2026-04-09T08:03:08.612+0000] {subprocess.py:106} INFO - 26/04/09 08:03:08 INFO MemoryStore: Block broadcast_41_piece0 stored as bytes in memory (estimated size 30.4 KiB, free 433.9 MiB)
[2026-04-09T08:03:08.613+0000] {subprocess.py:106} INFO - 26/04/09 08:03:08 INFO BlockManagerInfo: Added broadcast_41_piece0 in memory on c05002f484b8:38291 (size: 30.4 KiB, free: 434.1 MiB)
[2026-04-09T08:03:08.614+0000] {subprocess.py:106} INFO - 26/04/09 08:03:08 INFO SparkContext: Created broadcast 41 from broadcast at SparkBatch.java:79
[2026-04-09T08:03:08.618+0000] {subprocess.py:106} INFO - 26/04/09 08:03:08 INFO MemoryStore: Block broadcast_42 stored as values in memory (estimated size 32.0 KiB, free 433.8 MiB)
[2026-04-09T08:03:08.633+0000] {subprocess.py:106} INFO - 26/04/09 08:03:08 INFO MemoryStore: Block broadcast_42_piece0 stored as bytes in memory (estimated size 30.3 KiB, free 433.8 MiB)
[2026-04-09T08:03:08.634+0000] {subprocess.py:106} INFO - 26/04/09 08:03:08 INFO BlockManagerInfo: Added broadcast_42_piece0 in memory on c05002f484b8:38291 (size: 30.3 KiB, free: 434.1 MiB)
[2026-04-09T08:03:08.636+0000] {subprocess.py:106} INFO - 26/04/09 08:03:08 INFO SparkContext: Created broadcast 42 from broadcast at SparkBatch.java:79
[2026-04-09T08:03:08.640+0000] {subprocess.py:106} INFO - 26/04/09 08:03:08 INFO MemoryStore: Block broadcast_43 stored as values in memory (estimated size 32.0 KiB, free 433.8 MiB)
[2026-04-09T08:03:08.643+0000] {subprocess.py:106} INFO - 26/04/09 08:03:08 INFO MemoryStore: Block broadcast_43_piece0 stored as bytes in memory (estimated size 30.4 KiB, free 433.7 MiB)
[2026-04-09T08:03:08.644+0000] {subprocess.py:106} INFO - 26/04/09 08:03:08 INFO BlockManagerInfo: Added broadcast_43_piece0 in memory on c05002f484b8:38291 (size: 30.4 KiB, free: 434.1 MiB)
[2026-04-09T08:03:08.646+0000] {subprocess.py:106} INFO - 26/04/09 08:03:08 INFO SparkContext: Created broadcast 43 from broadcast at SparkBatch.java:79
[2026-04-09T08:03:08.749+0000] {subprocess.py:106} INFO - 26/04/09 08:03:08 INFO MemoryStore: Block broadcast_44 stored as values in memory (estimated size 32.0 KiB, free 433.7 MiB)
[2026-04-09T08:03:08.764+0000] {subprocess.py:106} INFO - 26/04/09 08:03:08 INFO MemoryStore: Block broadcast_44_piece0 stored as bytes in memory (estimated size 30.3 KiB, free 433.7 MiB)
[2026-04-09T08:03:08.765+0000] {subprocess.py:106} INFO - 26/04/09 08:03:08 INFO BlockManagerInfo: Added broadcast_44_piece0 in memory on c05002f484b8:38291 (size: 30.3 KiB, free: 434.0 MiB)
[2026-04-09T08:03:08.767+0000] {subprocess.py:106} INFO - 26/04/09 08:03:08 INFO SparkContext: Created broadcast 44 from broadcast at SparkBatch.java:79
[2026-04-09T08:03:08.844+0000] {subprocess.py:106} INFO - 26/04/09 08:03:08 INFO DAGScheduler: Registering RDD 48 (create at <unknown>:0) as input to shuffle 8
[2026-04-09T08:03:08.846+0000] {subprocess.py:106} INFO - 26/04/09 08:03:08 INFO DAGScheduler: Got map stage job 15 (create at <unknown>:0) with 2 output partitions
[2026-04-09T08:03:08.846+0000] {subprocess.py:106} INFO - 26/04/09 08:03:08 INFO DAGScheduler: Final stage: ShuffleMapStage 24 (create at <unknown>:0)
[2026-04-09T08:03:08.849+0000] {subprocess.py:106} INFO - 26/04/09 08:03:08 INFO DAGScheduler: Parents of final stage: List()
[2026-04-09T08:03:08.851+0000] {subprocess.py:106} INFO - 26/04/09 08:03:08 INFO DAGScheduler: Missing parents: List()
[2026-04-09T08:03:08.859+0000] {subprocess.py:106} INFO - 26/04/09 08:03:08 INFO DAGScheduler: Submitting ShuffleMapStage 24 (MapPartitionsRDD[48] at create at <unknown>:0), which has no missing parents
[2026-04-09T08:03:08.865+0000] {subprocess.py:106} INFO - 26/04/09 08:03:08 INFO MemoryStore: Block broadcast_45 stored as values in memory (estimated size 37.2 KiB, free 433.6 MiB)
[2026-04-09T08:03:08.870+0000] {subprocess.py:106} INFO - 26/04/09 08:03:08 INFO MemoryStore: Block broadcast_45_piece0 stored as bytes in memory (estimated size 16.2 KiB, free 433.6 MiB)
[2026-04-09T08:03:08.873+0000] {subprocess.py:106} INFO - 26/04/09 08:03:08 INFO BlockManagerInfo: Added broadcast_45_piece0 in memory on c05002f484b8:38291 (size: 16.2 KiB, free: 434.0 MiB)
[2026-04-09T08:03:08.874+0000] {subprocess.py:106} INFO - 26/04/09 08:03:08 INFO SparkContext: Created broadcast 45 from broadcast at DAGScheduler.scala:1585
[2026-04-09T08:03:08.875+0000] {subprocess.py:106} INFO - 26/04/09 08:03:08 INFO DAGScheduler: Submitting 2 missing tasks from ShuffleMapStage 24 (MapPartitionsRDD[48] at create at <unknown>:0) (first 15 tasks are for partitions Vector(0, 1))
[2026-04-09T08:03:08.877+0000] {subprocess.py:106} INFO - 26/04/09 08:03:08 INFO TaskSchedulerImpl: Adding task set 24.0 with 2 tasks resource profile 0
[2026-04-09T08:03:08.886+0000] {subprocess.py:106} INFO - 26/04/09 08:03:08 INFO TaskSetManager: Starting task 0.0 in stage 24.0 (TID 21) (172.30.0.7, executor 0, partition 0, PROCESS_LOCAL, 16543 bytes)
[2026-04-09T08:03:08.907+0000] {subprocess.py:106} INFO - 26/04/09 08:03:08 INFO BlockManagerInfo: Added broadcast_45_piece0 in memory on 172.30.0.7:42237 (size: 16.2 KiB, free: 434.4 MiB)
[2026-04-09T08:03:08.916+0000] {subprocess.py:106} INFO - 26/04/09 08:03:08 INFO CodeGenerator: Code generated in 57.895468 ms
[2026-04-09T08:03:08.948+0000] {subprocess.py:106} INFO - 26/04/09 08:03:08 INFO DAGScheduler: Registering RDD 52 (create at <unknown>:0) as input to shuffle 9
[2026-04-09T08:03:08.950+0000] {subprocess.py:106} INFO - 26/04/09 08:03:08 INFO DAGScheduler: Got map stage job 16 (create at <unknown>:0) with 2 output partitions
[2026-04-09T08:03:08.951+0000] {subprocess.py:106} INFO - 26/04/09 08:03:08 INFO DAGScheduler: Final stage: ShuffleMapStage 25 (create at <unknown>:0)
[2026-04-09T08:03:08.952+0000] {subprocess.py:106} INFO - 26/04/09 08:03:08 INFO DAGScheduler: Parents of final stage: List()
[2026-04-09T08:03:08.957+0000] {subprocess.py:106} INFO - 26/04/09 08:03:08 INFO BlockManagerInfo: Added broadcast_40_piece0 in memory on 172.30.0.7:42237 (size: 30.3 KiB, free: 434.4 MiB)
[2026-04-09T08:03:08.962+0000] {subprocess.py:106} INFO - 26/04/09 08:03:08 INFO DAGScheduler: Missing parents: List()
[2026-04-09T08:03:08.963+0000] {subprocess.py:106} INFO - 26/04/09 08:03:08 INFO DAGScheduler: Submitting ShuffleMapStage 25 (MapPartitionsRDD[52] at create at <unknown>:0), which has no missing parents
[2026-04-09T08:03:08.972+0000] {subprocess.py:106} INFO - 26/04/09 08:03:08 INFO MemoryStore: Block broadcast_46 stored as values in memory (estimated size 39.5 KiB, free 433.6 MiB)
[2026-04-09T08:03:09.011+0000] {subprocess.py:106} INFO - 26/04/09 08:03:08 INFO MemoryStore: Block broadcast_46_piece0 stored as bytes in memory (estimated size 17.2 KiB, free 433.6 MiB)
[2026-04-09T08:03:09.013+0000] {subprocess.py:106} INFO - 26/04/09 08:03:09 INFO BlockManagerInfo: Added broadcast_46_piece0 in memory on c05002f484b8:38291 (size: 17.2 KiB, free: 434.0 MiB)
[2026-04-09T08:03:09.022+0000] {subprocess.py:106} INFO - 26/04/09 08:03:09 INFO SparkContext: Created broadcast 46 from broadcast at DAGScheduler.scala:1585
[2026-04-09T08:03:09.026+0000] {subprocess.py:106} INFO - 26/04/09 08:03:09 INFO DAGScheduler: Submitting 2 missing tasks from ShuffleMapStage 25 (MapPartitionsRDD[52] at create at <unknown>:0) (first 15 tasks are for partitions Vector(0, 1))
[2026-04-09T08:03:09.028+0000] {subprocess.py:106} INFO - 26/04/09 08:03:09 INFO TaskSchedulerImpl: Adding task set 25.0 with 2 tasks resource profile 0
[2026-04-09T08:03:09.047+0000] {subprocess.py:106} INFO - 26/04/09 08:03:09 INFO CodeGenerator: Code generated in 92.467957 ms
[2026-04-09T08:03:09.074+0000] {subprocess.py:106} INFO - 26/04/09 08:03:09 INFO DAGScheduler: Registering RDD 56 (create at <unknown>:0) as input to shuffle 10
[2026-04-09T08:03:09.075+0000] {subprocess.py:106} INFO - 26/04/09 08:03:09 INFO DAGScheduler: Got map stage job 17 (create at <unknown>:0) with 2 output partitions
[2026-04-09T08:03:09.076+0000] {subprocess.py:106} INFO - 26/04/09 08:03:09 INFO DAGScheduler: Final stage: ShuffleMapStage 26 (create at <unknown>:0)
[2026-04-09T08:03:09.078+0000] {subprocess.py:106} INFO - 26/04/09 08:03:09 INFO DAGScheduler: Parents of final stage: List()
[2026-04-09T08:03:09.080+0000] {subprocess.py:106} INFO - 26/04/09 08:03:09 INFO DAGScheduler: Missing parents: List()
[2026-04-09T08:03:09.103+0000] {subprocess.py:106} INFO - 26/04/09 08:03:09 INFO DAGScheduler: Submitting ShuffleMapStage 26 (MapPartitionsRDD[56] at create at <unknown>:0), which has no missing parents
[2026-04-09T08:03:09.109+0000] {subprocess.py:106} INFO - 26/04/09 08:03:09 INFO MemoryStore: Block broadcast_47 stored as values in memory (estimated size 40.1 KiB, free 433.5 MiB)
[2026-04-09T08:03:09.114+0000] {subprocess.py:106} INFO - 26/04/09 08:03:09 INFO MemoryStore: Block broadcast_47_piece0 stored as bytes in memory (estimated size 17.5 KiB, free 433.5 MiB)
[2026-04-09T08:03:09.117+0000] {subprocess.py:106} INFO - 26/04/09 08:03:09 INFO BlockManagerInfo: Added broadcast_47_piece0 in memory on c05002f484b8:38291 (size: 17.5 KiB, free: 434.0 MiB)
[2026-04-09T08:03:09.120+0000] {subprocess.py:106} INFO - 26/04/09 08:03:09 INFO SparkContext: Created broadcast 47 from broadcast at DAGScheduler.scala:1585
[2026-04-09T08:03:09.121+0000] {subprocess.py:106} INFO - 26/04/09 08:03:09 INFO DAGScheduler: Submitting 2 missing tasks from ShuffleMapStage 26 (MapPartitionsRDD[56] at create at <unknown>:0) (first 15 tasks are for partitions Vector(0, 1))
[2026-04-09T08:03:09.128+0000] {subprocess.py:106} INFO - 26/04/09 08:03:09 INFO TaskSchedulerImpl: Adding task set 26.0 with 2 tasks resource profile 0
[2026-04-09T08:03:09.164+0000] {subprocess.py:106} INFO - 26/04/09 08:03:09 INFO CodeGenerator: Code generated in 55.987001 ms
[2026-04-09T08:03:09.188+0000] {subprocess.py:106} INFO - 26/04/09 08:03:09 INFO DAGScheduler: Registering RDD 60 (create at <unknown>:0) as input to shuffle 11
[2026-04-09T08:03:09.189+0000] {subprocess.py:106} INFO - 26/04/09 08:03:09 INFO DAGScheduler: Got map stage job 18 (create at <unknown>:0) with 2 output partitions
[2026-04-09T08:03:09.190+0000] {subprocess.py:106} INFO - 26/04/09 08:03:09 INFO DAGScheduler: Final stage: ShuffleMapStage 27 (create at <unknown>:0)
[2026-04-09T08:03:09.192+0000] {subprocess.py:106} INFO - 26/04/09 08:03:09 INFO DAGScheduler: Parents of final stage: List()
[2026-04-09T08:03:09.193+0000] {subprocess.py:106} INFO - 26/04/09 08:03:09 INFO DAGScheduler: Missing parents: List()
[2026-04-09T08:03:09.194+0000] {subprocess.py:106} INFO - 26/04/09 08:03:09 INFO DAGScheduler: Submitting ShuffleMapStage 27 (MapPartitionsRDD[60] at create at <unknown>:0), which has no missing parents
[2026-04-09T08:03:09.205+0000] {subprocess.py:106} INFO - 26/04/09 08:03:09 INFO MemoryStore: Block broadcast_48 stored as values in memory (estimated size 37.2 KiB, free 433.5 MiB)
[2026-04-09T08:03:09.228+0000] {subprocess.py:106} INFO - 26/04/09 08:03:09 INFO MemoryStore: Block broadcast_48_piece0 stored as bytes in memory (estimated size 16.3 KiB, free 433.5 MiB)
[2026-04-09T08:03:09.231+0000] {subprocess.py:106} INFO - 26/04/09 08:03:09 INFO BlockManagerInfo: Added broadcast_48_piece0 in memory on c05002f484b8:38291 (size: 16.3 KiB, free: 434.0 MiB)
[2026-04-09T08:03:09.234+0000] {subprocess.py:106} INFO - 26/04/09 08:03:09 INFO SparkContext: Created broadcast 48 from broadcast at DAGScheduler.scala:1585
[2026-04-09T08:03:09.234+0000] {subprocess.py:106} INFO - 26/04/09 08:03:09 INFO DAGScheduler: Submitting 2 missing tasks from ShuffleMapStage 27 (MapPartitionsRDD[60] at create at <unknown>:0) (first 15 tasks are for partitions Vector(0, 1))
[2026-04-09T08:03:09.235+0000] {subprocess.py:106} INFO - 26/04/09 08:03:09 INFO TaskSchedulerImpl: Adding task set 27.0 with 2 tasks resource profile 0
[2026-04-09T08:03:09.257+0000] {subprocess.py:106} INFO - 26/04/09 08:03:09 INFO CodeGenerator: Code generated in 59.026326 ms
[2026-04-09T08:03:09.272+0000] {subprocess.py:106} INFO - 26/04/09 08:03:09 INFO DAGScheduler: Registering RDD 64 (create at <unknown>:0) as input to shuffle 12
[2026-04-09T08:03:09.272+0000] {subprocess.py:106} INFO - 26/04/09 08:03:09 INFO DAGScheduler: Got map stage job 19 (create at <unknown>:0) with 2 output partitions
[2026-04-09T08:03:09.273+0000] {subprocess.py:106} INFO - 26/04/09 08:03:09 INFO DAGScheduler: Final stage: ShuffleMapStage 28 (create at <unknown>:0)
[2026-04-09T08:03:09.274+0000] {subprocess.py:106} INFO - 26/04/09 08:03:09 INFO DAGScheduler: Parents of final stage: List()
[2026-04-09T08:03:09.277+0000] {subprocess.py:106} INFO - 26/04/09 08:03:09 INFO DAGScheduler: Missing parents: List()
[2026-04-09T08:03:09.278+0000] {subprocess.py:106} INFO - 26/04/09 08:03:09 INFO DAGScheduler: Submitting ShuffleMapStage 28 (MapPartitionsRDD[64] at create at <unknown>:0), which has no missing parents
[2026-04-09T08:03:09.281+0000] {subprocess.py:106} INFO - 26/04/09 08:03:09 INFO MemoryStore: Block broadcast_49 stored as values in memory (estimated size 29.4 KiB, free 433.4 MiB)
[2026-04-09T08:03:09.283+0000] {subprocess.py:106} INFO - 26/04/09 08:03:09 INFO MemoryStore: Block broadcast_49_piece0 stored as bytes in memory (estimated size 12.3 KiB, free 433.4 MiB)
[2026-04-09T08:03:09.284+0000] {subprocess.py:106} INFO - 26/04/09 08:03:09 INFO BlockManagerInfo: Added broadcast_49_piece0 in memory on c05002f484b8:38291 (size: 12.3 KiB, free: 434.0 MiB)
[2026-04-09T08:03:09.285+0000] {subprocess.py:106} INFO - 26/04/09 08:03:09 INFO SparkContext: Created broadcast 49 from broadcast at DAGScheduler.scala:1585
[2026-04-09T08:03:09.290+0000] {subprocess.py:106} INFO - 26/04/09 08:03:09 INFO DAGScheduler: Submitting 2 missing tasks from ShuffleMapStage 28 (MapPartitionsRDD[64] at create at <unknown>:0) (first 15 tasks are for partitions Vector(0, 1))
[2026-04-09T08:03:09.291+0000] {subprocess.py:106} INFO - 26/04/09 08:03:09 INFO TaskSchedulerImpl: Adding task set 28.0 with 2 tasks resource profile 0
[2026-04-09T08:03:09.485+0000] {subprocess.py:106} INFO - 26/04/09 08:03:09 INFO TaskSetManager: Starting task 1.0 in stage 24.0 (TID 22) (172.30.0.7, executor 0, partition 1, PROCESS_LOCAL, 15151 bytes)
[2026-04-09T08:03:09.486+0000] {subprocess.py:106} INFO - 26/04/09 08:03:09 INFO TaskSetManager: Finished task 0.0 in stage 24.0 (TID 21) in 608 ms on 172.30.0.7 (executor 0) (1/2)
[2026-04-09T08:03:09.632+0000] {subprocess.py:106} INFO - 26/04/09 08:03:09 INFO TaskSetManager: Starting task 0.0 in stage 25.0 (TID 23) (172.30.0.7, executor 0, partition 0, PROCESS_LOCAL, 16602 bytes)
[2026-04-09T08:03:09.632+0000] {subprocess.py:106} INFO - 26/04/09 08:03:09 INFO TaskSetManager: Finished task 1.0 in stage 24.0 (TID 22) in 149 ms on 172.30.0.7 (executor 0) (2/2)
[2026-04-09T08:03:09.633+0000] {subprocess.py:106} INFO - 26/04/09 08:03:09 INFO TaskSchedulerImpl: Removed TaskSet 24.0, whose tasks have all completed, from pool
[2026-04-09T08:03:09.635+0000] {subprocess.py:106} INFO - 26/04/09 08:03:09 INFO DAGScheduler: ShuffleMapStage 24 (create at <unknown>:0) finished in 0.777 s
[2026-04-09T08:03:09.635+0000] {subprocess.py:106} INFO - 26/04/09 08:03:09 INFO DAGScheduler: looking for newly runnable stages
[2026-04-09T08:03:09.636+0000] {subprocess.py:106} INFO - 26/04/09 08:03:09 INFO DAGScheduler: running: Set(ShuffleMapStage 27, ShuffleMapStage 28, ShuffleMapStage 25, ShuffleMapStage 26)
[2026-04-09T08:03:09.637+0000] {subprocess.py:106} INFO - 26/04/09 08:03:09 INFO DAGScheduler: waiting: Set()
[2026-04-09T08:03:09.638+0000] {subprocess.py:106} INFO - 26/04/09 08:03:09 INFO DAGScheduler: failed: Set()
[2026-04-09T08:03:09.650+0000] {subprocess.py:106} INFO - 26/04/09 08:03:09 INFO BlockManagerInfo: Added broadcast_46_piece0 in memory on 172.30.0.7:42237 (size: 17.2 KiB, free: 434.3 MiB)
[2026-04-09T08:03:09.658+0000] {subprocess.py:106} INFO - 26/04/09 08:03:09 INFO MemoryStore: Block broadcast_50 stored as values in memory (estimated size 32.0 KiB, free 433.4 MiB)
[2026-04-09T08:03:09.691+0000] {subprocess.py:106} INFO - 26/04/09 08:03:09 INFO MemoryStore: Block broadcast_50_piece0 stored as bytes in memory (estimated size 30.4 KiB, free 433.4 MiB)
[2026-04-09T08:03:09.693+0000] {subprocess.py:106} INFO - 26/04/09 08:03:09 INFO BlockManagerInfo: Added broadcast_50_piece0 in memory on c05002f484b8:38291 (size: 30.4 KiB, free: 433.9 MiB)
[2026-04-09T08:03:09.694+0000] {subprocess.py:106} INFO - 26/04/09 08:03:09 INFO SparkContext: Created broadcast 50 from broadcast at SparkBatch.java:79
[2026-04-09T08:03:09.697+0000] {subprocess.py:106} INFO - 26/04/09 08:03:09 INFO BlockManagerInfo: Removed broadcast_45_piece0 on c05002f484b8:38291 in memory (size: 16.2 KiB, free: 434.0 MiB)
[2026-04-09T08:03:09.706+0000] {subprocess.py:106} INFO - 26/04/09 08:03:09 INFO BlockManagerInfo: Removed broadcast_45_piece0 on 172.30.0.7:42237 in memory (size: 16.2 KiB, free: 434.4 MiB)
[2026-04-09T08:03:09.721+0000] {subprocess.py:106} INFO - 26/04/09 08:03:09 INFO ShufflePartitionsUtil: For shuffle(8), advisory target size: 67108864, actual target size 1048576, minimum partition size: 1048576
[2026-04-09T08:03:09.766+0000] {subprocess.py:106} INFO - 26/04/09 08:03:09 INFO BlockManagerInfo: Added broadcast_41_piece0 in memory on 172.30.0.7:42237 (size: 30.4 KiB, free: 434.3 MiB)
[2026-04-09T08:03:09.860+0000] {subprocess.py:106} INFO - 26/04/09 08:03:09 INFO CodeGenerator: Code generated in 38.516835 ms
[2026-04-09T08:03:09.888+0000] {subprocess.py:106} INFO - 26/04/09 08:03:09 INFO SparkContext: Starting job: $anonfun$withThreadLocalCaptured$1 at <unknown>:0
[2026-04-09T08:03:09.890+0000] {subprocess.py:106} INFO - 26/04/09 08:03:09 INFO DAGScheduler: Got job 20 ($anonfun$withThreadLocalCaptured$1 at <unknown>:0) with 1 output partitions
[2026-04-09T08:03:09.891+0000] {subprocess.py:106} INFO - 26/04/09 08:03:09 INFO DAGScheduler: Final stage: ResultStage 30 ($anonfun$withThreadLocalCaptured$1 at <unknown>:0)
[2026-04-09T08:03:09.892+0000] {subprocess.py:106} INFO - 26/04/09 08:03:09 INFO DAGScheduler: Parents of final stage: List(ShuffleMapStage 29)
[2026-04-09T08:03:09.893+0000] {subprocess.py:106} INFO - 26/04/09 08:03:09 INFO DAGScheduler: Missing parents: List()
[2026-04-09T08:03:09.894+0000] {subprocess.py:106} INFO - 26/04/09 08:03:09 INFO DAGScheduler: Submitting ResultStage 30 (MapPartitionsRDD[67] at $anonfun$withThreadLocalCaptured$1 at <unknown>:0), which has no missing parents
[2026-04-09T08:03:09.897+0000] {subprocess.py:106} INFO - 26/04/09 08:03:09 INFO MemoryStore: Block broadcast_51 stored as values in memory (estimated size 42.2 KiB, free 433.4 MiB)
[2026-04-09T08:03:09.912+0000] {subprocess.py:106} INFO - 26/04/09 08:03:09 INFO MemoryStore: Block broadcast_51_piece0 stored as bytes in memory (estimated size 18.7 KiB, free 433.3 MiB)
[2026-04-09T08:03:09.915+0000] {subprocess.py:106} INFO - 26/04/09 08:03:09 INFO BlockManagerInfo: Added broadcast_51_piece0 in memory on c05002f484b8:38291 (size: 18.7 KiB, free: 433.9 MiB)
[2026-04-09T08:03:09.923+0000] {subprocess.py:106} INFO - 26/04/09 08:03:09 INFO BlockManagerInfo: Removed broadcast_50_piece0 on c05002f484b8:38291 in memory (size: 30.4 KiB, free: 434.0 MiB)
[2026-04-09T08:03:09.924+0000] {subprocess.py:106} INFO - 26/04/09 08:03:09 INFO SparkContext: Created broadcast 51 from broadcast at DAGScheduler.scala:1585
[2026-04-09T08:03:09.924+0000] {subprocess.py:106} INFO - 26/04/09 08:03:09 INFO DAGScheduler: Submitting 1 missing tasks from ResultStage 30 (MapPartitionsRDD[67] at $anonfun$withThreadLocalCaptured$1 at <unknown>:0) (first 15 tasks are for partitions Vector(0))
[2026-04-09T08:03:09.925+0000] {subprocess.py:106} INFO - 26/04/09 08:03:09 INFO TaskSchedulerImpl: Adding task set 30.0 with 1 tasks resource profile 0
[2026-04-09T08:03:10.132+0000] {subprocess.py:106} INFO - 26/04/09 08:03:10 INFO TaskSetManager: Starting task 1.0 in stage 25.0 (TID 24) (172.30.0.7, executor 0, partition 1, PROCESS_LOCAL, 15210 bytes)
[2026-04-09T08:03:10.134+0000] {subprocess.py:106} INFO - 26/04/09 08:03:10 INFO TaskSetManager: Finished task 0.0 in stage 25.0 (TID 23) in 504 ms on 172.30.0.7 (executor 0) (1/2)
[2026-04-09T08:03:10.256+0000] {subprocess.py:106} INFO - 26/04/09 08:03:10 INFO TaskSetManager: Starting task 0.0 in stage 26.0 (TID 25) (172.30.0.7, executor 0, partition 0, PROCESS_LOCAL, 16452 bytes)
[2026-04-09T08:03:10.259+0000] {subprocess.py:106} INFO - 26/04/09 08:03:10 INFO TaskSetManager: Finished task 1.0 in stage 25.0 (TID 24) in 126 ms on 172.30.0.7 (executor 0) (2/2)
[2026-04-09T08:03:10.262+0000] {subprocess.py:106} INFO - 26/04/09 08:03:10 INFO TaskSchedulerImpl: Removed TaskSet 25.0, whose tasks have all completed, from pool
[2026-04-09T08:03:10.263+0000] {subprocess.py:106} INFO - 26/04/09 08:03:10 INFO DAGScheduler: ShuffleMapStage 25 (create at <unknown>:0) finished in 1.294 s
[2026-04-09T08:03:10.264+0000] {subprocess.py:106} INFO - 26/04/09 08:03:10 INFO DAGScheduler: looking for newly runnable stages
[2026-04-09T08:03:10.264+0000] {subprocess.py:106} INFO - 26/04/09 08:03:10 INFO DAGScheduler: running: Set(ResultStage 30, ShuffleMapStage 27, ShuffleMapStage 28, ShuffleMapStage 26)
[2026-04-09T08:03:10.265+0000] {subprocess.py:106} INFO - 26/04/09 08:03:10 INFO DAGScheduler: waiting: Set()
[2026-04-09T08:03:10.267+0000] {subprocess.py:106} INFO - 26/04/09 08:03:10 INFO DAGScheduler: failed: Set()
[2026-04-09T08:03:10.273+0000] {subprocess.py:106} INFO - 26/04/09 08:03:10 INFO BlockManagerInfo: Added broadcast_47_piece0 in memory on 172.30.0.7:42237 (size: 17.5 KiB, free: 434.3 MiB)
[2026-04-09T08:03:10.288+0000] {subprocess.py:106} INFO - 26/04/09 08:03:10 INFO MemoryStore: Block broadcast_52 stored as values in memory (estimated size 32.0 KiB, free 433.4 MiB)
[2026-04-09T08:03:10.316+0000] {subprocess.py:106} INFO - 26/04/09 08:03:10 INFO MemoryStore: Block broadcast_52_piece0 stored as bytes in memory (estimated size 30.3 KiB, free 433.3 MiB)
[2026-04-09T08:03:10.319+0000] {subprocess.py:106} INFO - 26/04/09 08:03:10 INFO BlockManagerInfo: Added broadcast_52_piece0 in memory on c05002f484b8:38291 (size: 30.3 KiB, free: 433.9 MiB)
[2026-04-09T08:03:10.325+0000] {subprocess.py:106} INFO - 26/04/09 08:03:10 INFO SparkContext: Created broadcast 52 from broadcast at SparkBatch.java:79
[2026-04-09T08:03:10.350+0000] {subprocess.py:106} INFO - 26/04/09 08:03:10 INFO ShufflePartitionsUtil: For shuffle(9), advisory target size: 67108864, actual target size 1048576, minimum partition size: 1048576
[2026-04-09T08:03:10.362+0000] {subprocess.py:106} INFO - 26/04/09 08:03:10 INFO BlockManagerInfo: Added broadcast_42_piece0 in memory on 172.30.0.7:42237 (size: 30.3 KiB, free: 434.3 MiB)
[2026-04-09T08:03:10.453+0000] {subprocess.py:106} INFO - 26/04/09 08:03:10 INFO CodeGenerator: Code generated in 38.530472 ms
[2026-04-09T08:03:10.488+0000] {subprocess.py:106} INFO - 26/04/09 08:03:10 INFO SparkContext: Starting job: $anonfun$withThreadLocalCaptured$1 at <unknown>:0
[2026-04-09T08:03:10.494+0000] {subprocess.py:106} INFO - 26/04/09 08:03:10 INFO DAGScheduler: Got job 21 ($anonfun$withThreadLocalCaptured$1 at <unknown>:0) with 1 output partitions
[2026-04-09T08:03:10.495+0000] {subprocess.py:106} INFO - 26/04/09 08:03:10 INFO DAGScheduler: Final stage: ResultStage 32 ($anonfun$withThreadLocalCaptured$1 at <unknown>:0)
[2026-04-09T08:03:10.495+0000] {subprocess.py:106} INFO - 26/04/09 08:03:10 INFO DAGScheduler: Parents of final stage: List(ShuffleMapStage 31)
[2026-04-09T08:03:10.496+0000] {subprocess.py:106} INFO - 26/04/09 08:03:10 INFO DAGScheduler: Missing parents: List()
[2026-04-09T08:03:10.497+0000] {subprocess.py:106} INFO - 26/04/09 08:03:10 INFO DAGScheduler: Submitting ResultStage 32 (MapPartitionsRDD[70] at $anonfun$withThreadLocalCaptured$1 at <unknown>:0), which has no missing parents
[2026-04-09T08:03:10.498+0000] {subprocess.py:106} INFO - 26/04/09 08:03:10 INFO MemoryStore: Block broadcast_53 stored as values in memory (estimated size 44.6 KiB, free 433.3 MiB)
[2026-04-09T08:03:10.511+0000] {subprocess.py:106} INFO - 26/04/09 08:03:10 INFO MemoryStore: Block broadcast_53_piece0 stored as bytes in memory (estimated size 19.7 KiB, free 433.3 MiB)
[2026-04-09T08:03:10.513+0000] {subprocess.py:106} INFO - 26/04/09 08:03:10 INFO BlockManagerInfo: Added broadcast_53_piece0 in memory on c05002f484b8:38291 (size: 19.7 KiB, free: 433.9 MiB)
[2026-04-09T08:03:10.514+0000] {subprocess.py:106} INFO - 26/04/09 08:03:10 INFO SparkContext: Created broadcast 53 from broadcast at DAGScheduler.scala:1585
[2026-04-09T08:03:10.514+0000] {subprocess.py:106} INFO - 26/04/09 08:03:10 INFO DAGScheduler: Submitting 1 missing tasks from ResultStage 32 (MapPartitionsRDD[70] at $anonfun$withThreadLocalCaptured$1 at <unknown>:0) (first 15 tasks are for partitions Vector(0))
[2026-04-09T08:03:10.515+0000] {subprocess.py:106} INFO - 26/04/09 08:03:10 INFO TaskSchedulerImpl: Adding task set 32.0 with 1 tasks resource profile 0
[2026-04-09T08:03:10.516+0000] {subprocess.py:106} INFO - 26/04/09 08:03:10 INFO BlockManagerInfo: Removed broadcast_52_piece0 on c05002f484b8:38291 in memory (size: 30.3 KiB, free: 433.9 MiB)
[2026-04-09T08:03:10.715+0000] {subprocess.py:106} INFO - 26/04/09 08:03:10 INFO TaskSetManager: Starting task 1.0 in stage 26.0 (TID 26) (172.30.0.7, executor 0, partition 1, PROCESS_LOCAL, 15233 bytes)
[2026-04-09T08:03:10.716+0000] {subprocess.py:106} INFO - 26/04/09 08:03:10 INFO TaskSetManager: Finished task 0.0 in stage 26.0 (TID 25) in 460 ms on 172.30.0.7 (executor 0) (1/2)
[2026-04-09T08:03:10.813+0000] {subprocess.py:106} INFO - 26/04/09 08:03:10 INFO TaskSetManager: Starting task 0.0 in stage 27.0 (TID 27) (172.30.0.7, executor 0, partition 0, PROCESS_LOCAL, 16373 bytes)
[2026-04-09T08:03:10.814+0000] {subprocess.py:106} INFO - 26/04/09 08:03:10 INFO TaskSetManager: Finished task 1.0 in stage 26.0 (TID 26) in 91 ms on 172.30.0.7 (executor 0) (2/2)
[2026-04-09T08:03:10.817+0000] {subprocess.py:106} INFO - 26/04/09 08:03:10 INFO TaskSchedulerImpl: Removed TaskSet 26.0, whose tasks have all completed, from pool
[2026-04-09T08:03:10.819+0000] {subprocess.py:106} INFO - 26/04/09 08:03:10 INFO DAGScheduler: ShuffleMapStage 26 (create at <unknown>:0) finished in 1.704 s
[2026-04-09T08:03:10.819+0000] {subprocess.py:106} INFO - 26/04/09 08:03:10 INFO DAGScheduler: looking for newly runnable stages
[2026-04-09T08:03:10.820+0000] {subprocess.py:106} INFO - 26/04/09 08:03:10 INFO DAGScheduler: running: Set(ResultStage 30, ShuffleMapStage 27, ResultStage 32, ShuffleMapStage 28)
[2026-04-09T08:03:10.822+0000] {subprocess.py:106} INFO - 26/04/09 08:03:10 INFO DAGScheduler: waiting: Set()
[2026-04-09T08:03:10.823+0000] {subprocess.py:106} INFO - 26/04/09 08:03:10 INFO DAGScheduler: failed: Set()
[2026-04-09T08:03:10.827+0000] {subprocess.py:106} INFO - 26/04/09 08:03:10 INFO BlockManagerInfo: Added broadcast_48_piece0 in memory on 172.30.0.7:42237 (size: 16.3 KiB, free: 434.3 MiB)
[2026-04-09T08:03:10.831+0000] {subprocess.py:106} INFO - 26/04/09 08:03:10 INFO MemoryStore: Block broadcast_54 stored as values in memory (estimated size 32.0 KiB, free 433.3 MiB)
[2026-04-09T08:03:10.847+0000] {subprocess.py:106} INFO - 26/04/09 08:03:10 INFO MemoryStore: Block broadcast_54_piece0 stored as bytes in memory (estimated size 30.4 KiB, free 433.3 MiB)
[2026-04-09T08:03:10.849+0000] {subprocess.py:106} INFO - 26/04/09 08:03:10 INFO BlockManagerInfo: Added broadcast_54_piece0 in memory on c05002f484b8:38291 (size: 30.4 KiB, free: 433.9 MiB)
[2026-04-09T08:03:10.849+0000] {subprocess.py:106} INFO - 26/04/09 08:03:10 INFO BlockManagerInfo: Removed broadcast_47_piece0 on c05002f484b8:38291 in memory (size: 17.5 KiB, free: 433.9 MiB)
[2026-04-09T08:03:10.853+0000] {subprocess.py:106} INFO - 26/04/09 08:03:10 INFO SparkContext: Created broadcast 54 from broadcast at SparkBatch.java:79
[2026-04-09T08:03:10.869+0000] {subprocess.py:106} INFO - 26/04/09 08:03:10 INFO BlockManagerInfo: Removed broadcast_47_piece0 on 172.30.0.7:42237 in memory (size: 17.5 KiB, free: 434.3 MiB)
[2026-04-09T08:03:10.875+0000] {subprocess.py:106} INFO - 26/04/09 08:03:10 INFO ShufflePartitionsUtil: For shuffle(10), advisory target size: 67108864, actual target size 1048576, minimum partition size: 1048576
[2026-04-09T08:03:10.904+0000] {subprocess.py:106} INFO - 26/04/09 08:03:10 INFO BlockManagerInfo: Added broadcast_43_piece0 in memory on 172.30.0.7:42237 (size: 30.4 KiB, free: 434.2 MiB)
[2026-04-09T08:03:10.975+0000] {subprocess.py:106} INFO - 26/04/09 08:03:10 INFO CodeGenerator: Code generated in 56.361668 ms
[2026-04-09T08:03:11.006+0000] {subprocess.py:106} INFO - 26/04/09 08:03:11 INFO SparkContext: Starting job: $anonfun$withThreadLocalCaptured$1 at <unknown>:0
[2026-04-09T08:03:11.006+0000] {subprocess.py:106} INFO - 26/04/09 08:03:11 INFO DAGScheduler: Got job 22 ($anonfun$withThreadLocalCaptured$1 at <unknown>:0) with 1 output partitions
[2026-04-09T08:03:11.007+0000] {subprocess.py:106} INFO - 26/04/09 08:03:11 INFO DAGScheduler: Final stage: ResultStage 34 ($anonfun$withThreadLocalCaptured$1 at <unknown>:0)
[2026-04-09T08:03:11.008+0000] {subprocess.py:106} INFO - 26/04/09 08:03:11 INFO DAGScheduler: Parents of final stage: List(ShuffleMapStage 33)
[2026-04-09T08:03:11.008+0000] {subprocess.py:106} INFO - 26/04/09 08:03:11 INFO DAGScheduler: Missing parents: List()
[2026-04-09T08:03:11.009+0000] {subprocess.py:106} INFO - 26/04/09 08:03:11 INFO DAGScheduler: Submitting ResultStage 34 (MapPartitionsRDD[73] at $anonfun$withThreadLocalCaptured$1 at <unknown>:0), which has no missing parents
[2026-04-09T08:03:11.013+0000] {subprocess.py:106} INFO - 26/04/09 08:03:11 INFO MemoryStore: Block broadcast_55 stored as values in memory (estimated size 45.1 KiB, free 433.3 MiB)
[2026-04-09T08:03:11.027+0000] {subprocess.py:106} INFO - 26/04/09 08:03:11 INFO MemoryStore: Block broadcast_55_piece0 stored as bytes in memory (estimated size 19.9 KiB, free 433.3 MiB)
[2026-04-09T08:03:11.033+0000] {subprocess.py:106} INFO - 26/04/09 08:03:11 INFO BlockManagerInfo: Added broadcast_55_piece0 in memory on c05002f484b8:38291 (size: 19.9 KiB, free: 433.9 MiB)
[2026-04-09T08:03:11.034+0000] {subprocess.py:106} INFO - 26/04/09 08:03:11 INFO BlockManagerInfo: Removed broadcast_54_piece0 on c05002f484b8:38291 in memory (size: 30.4 KiB, free: 433.9 MiB)
[2026-04-09T08:03:11.034+0000] {subprocess.py:106} INFO - 26/04/09 08:03:11 INFO SparkContext: Created broadcast 55 from broadcast at DAGScheduler.scala:1585
[2026-04-09T08:03:11.035+0000] {subprocess.py:106} INFO - 26/04/09 08:03:11 INFO DAGScheduler: Submitting 1 missing tasks from ResultStage 34 (MapPartitionsRDD[73] at $anonfun$withThreadLocalCaptured$1 at <unknown>:0) (first 15 tasks are for partitions Vector(0))
[2026-04-09T08:03:11.035+0000] {subprocess.py:106} INFO - 26/04/09 08:03:11 INFO TaskSchedulerImpl: Adding task set 34.0 with 1 tasks resource profile 0
[2026-04-09T08:03:11.214+0000] {subprocess.py:106} INFO - 26/04/09 08:03:11 INFO TaskSetManager: Starting task 1.0 in stage 27.0 (TID 28) (172.30.0.7, executor 0, partition 1, PROCESS_LOCAL, 15154 bytes)
[2026-04-09T08:03:11.218+0000] {subprocess.py:106} INFO - 26/04/09 08:03:11 INFO TaskSetManager: Finished task 0.0 in stage 27.0 (TID 27) in 412 ms on 172.30.0.7 (executor 0) (1/2)
[2026-04-09T08:03:11.288+0000] {subprocess.py:106} INFO - 26/04/09 08:03:11 INFO TaskSetManager: Starting task 0.0 in stage 28.0 (TID 29) (172.30.0.7, executor 0, partition 0, PROCESS_LOCAL, 16057 bytes)
[2026-04-09T08:03:11.289+0000] {subprocess.py:106} INFO - 26/04/09 08:03:11 INFO TaskSetManager: Finished task 1.0 in stage 27.0 (TID 28) in 77 ms on 172.30.0.7 (executor 0) (2/2)
[2026-04-09T08:03:11.290+0000] {subprocess.py:106} INFO - 26/04/09 08:03:11 INFO TaskSchedulerImpl: Removed TaskSet 27.0, whose tasks have all completed, from pool
[2026-04-09T08:03:11.291+0000] {subprocess.py:106} INFO - 26/04/09 08:03:11 INFO DAGScheduler: ShuffleMapStage 27 (create at <unknown>:0) finished in 2.097 s
[2026-04-09T08:03:11.291+0000] {subprocess.py:106} INFO - 26/04/09 08:03:11 INFO DAGScheduler: looking for newly runnable stages
[2026-04-09T08:03:11.292+0000] {subprocess.py:106} INFO - 26/04/09 08:03:11 INFO DAGScheduler: running: Set(ResultStage 30, ResultStage 34, ResultStage 32, ShuffleMapStage 28)
[2026-04-09T08:03:11.293+0000] {subprocess.py:106} INFO - 26/04/09 08:03:11 INFO DAGScheduler: waiting: Set()
[2026-04-09T08:03:11.293+0000] {subprocess.py:106} INFO - 26/04/09 08:03:11 INFO DAGScheduler: failed: Set()
[2026-04-09T08:03:11.302+0000] {subprocess.py:106} INFO - 26/04/09 08:03:11 INFO BlockManagerInfo: Added broadcast_49_piece0 in memory on 172.30.0.7:42237 (size: 12.3 KiB, free: 434.2 MiB)
[2026-04-09T08:03:11.304+0000] {subprocess.py:106} INFO - 26/04/09 08:03:11 INFO MemoryStore: Block broadcast_56 stored as values in memory (estimated size 32.0 KiB, free 433.3 MiB)
[2026-04-09T08:03:11.318+0000] {subprocess.py:106} INFO - 26/04/09 08:03:11 INFO MemoryStore: Block broadcast_56_piece0 stored as bytes in memory (estimated size 30.3 KiB, free 433.3 MiB)
[2026-04-09T08:03:11.319+0000] {subprocess.py:106} INFO - 26/04/09 08:03:11 INFO BlockManagerInfo: Added broadcast_56_piece0 in memory on c05002f484b8:38291 (size: 30.3 KiB, free: 433.9 MiB)
[2026-04-09T08:03:11.326+0000] {subprocess.py:106} INFO - 26/04/09 08:03:11 INFO SparkContext: Created broadcast 56 from broadcast at SparkBatch.java:79
[2026-04-09T08:03:11.327+0000] {subprocess.py:106} INFO - 26/04/09 08:03:11 INFO BlockManagerInfo: Removed broadcast_48_piece0 on c05002f484b8:38291 in memory (size: 16.3 KiB, free: 433.9 MiB)
[2026-04-09T08:03:11.331+0000] {subprocess.py:106} INFO - 26/04/09 08:03:11 INFO BlockManagerInfo: Removed broadcast_48_piece0 on 172.30.0.7:42237 in memory (size: 16.3 KiB, free: 434.3 MiB)
[2026-04-09T08:03:11.347+0000] {subprocess.py:106} INFO - 26/04/09 08:03:11 INFO ShufflePartitionsUtil: For shuffle(11), advisory target size: 67108864, actual target size 1048576, minimum partition size: 1048576
[2026-04-09T08:03:11.367+0000] {subprocess.py:106} INFO - 26/04/09 08:03:11 INFO BlockManagerInfo: Added broadcast_44_piece0 in memory on 172.30.0.7:42237 (size: 30.3 KiB, free: 434.2 MiB)
[2026-04-09T08:03:11.452+0000] {subprocess.py:106} INFO - 26/04/09 08:03:11 INFO CodeGenerator: Code generated in 45.051921 ms
[2026-04-09T08:03:11.481+0000] {subprocess.py:106} INFO - 26/04/09 08:03:11 INFO SparkContext: Starting job: $anonfun$withThreadLocalCaptured$1 at <unknown>:0
[2026-04-09T08:03:11.486+0000] {subprocess.py:106} INFO - 26/04/09 08:03:11 INFO DAGScheduler: Got job 23 ($anonfun$withThreadLocalCaptured$1 at <unknown>:0) with 1 output partitions
[2026-04-09T08:03:11.486+0000] {subprocess.py:106} INFO - 26/04/09 08:03:11 INFO DAGScheduler: Final stage: ResultStage 36 ($anonfun$withThreadLocalCaptured$1 at <unknown>:0)
[2026-04-09T08:03:11.487+0000] {subprocess.py:106} INFO - 26/04/09 08:03:11 INFO DAGScheduler: Parents of final stage: List(ShuffleMapStage 35)
[2026-04-09T08:03:11.488+0000] {subprocess.py:106} INFO - 26/04/09 08:03:11 INFO DAGScheduler: Missing parents: List()
[2026-04-09T08:03:11.488+0000] {subprocess.py:106} INFO - 26/04/09 08:03:11 INFO DAGScheduler: Submitting ResultStage 36 (MapPartitionsRDD[76] at $anonfun$withThreadLocalCaptured$1 at <unknown>:0), which has no missing parents
[2026-04-09T08:03:11.493+0000] {subprocess.py:106} INFO - 26/04/09 08:03:11 INFO MemoryStore: Block broadcast_57 stored as values in memory (estimated size 42.1 KiB, free 433.3 MiB)
[2026-04-09T08:03:11.495+0000] {subprocess.py:106} INFO - 26/04/09 08:03:11 INFO MemoryStore: Block broadcast_57_piece0 stored as bytes in memory (estimated size 18.7 KiB, free 433.3 MiB)
[2026-04-09T08:03:11.495+0000] {subprocess.py:106} INFO - 26/04/09 08:03:11 INFO BlockManagerInfo: Added broadcast_57_piece0 in memory on c05002f484b8:38291 (size: 18.7 KiB, free: 433.9 MiB)
[2026-04-09T08:03:11.496+0000] {subprocess.py:106} INFO - 26/04/09 08:03:11 INFO SparkContext: Created broadcast 57 from broadcast at DAGScheduler.scala:1585
[2026-04-09T08:03:11.497+0000] {subprocess.py:106} INFO - 26/04/09 08:03:11 INFO DAGScheduler: Submitting 1 missing tasks from ResultStage 36 (MapPartitionsRDD[76] at $anonfun$withThreadLocalCaptured$1 at <unknown>:0) (first 15 tasks are for partitions Vector(0))
[2026-04-09T08:03:11.497+0000] {subprocess.py:106} INFO - 26/04/09 08:03:11 INFO TaskSchedulerImpl: Adding task set 36.0 with 1 tasks resource profile 0
[2026-04-09T08:03:11.662+0000] {subprocess.py:106} INFO - 26/04/09 08:03:11 INFO TaskSetManager: Starting task 1.0 in stage 28.0 (TID 30) (172.30.0.7, executor 0, partition 1, PROCESS_LOCAL, 14878 bytes)
[2026-04-09T08:03:11.663+0000] {subprocess.py:106} INFO - 26/04/09 08:03:11 INFO TaskSetManager: Finished task 0.0 in stage 28.0 (TID 29) in 377 ms on 172.30.0.7 (executor 0) (1/2)
[2026-04-09T08:03:11.768+0000] {subprocess.py:106} INFO - 26/04/09 08:03:11 INFO TaskSetManager: Starting task 0.0 in stage 30.0 (TID 31) (172.30.0.7, executor 0, partition 0, NODE_LOCAL, 9976 bytes)
[2026-04-09T08:03:11.770+0000] {subprocess.py:106} INFO - 26/04/09 08:03:11 INFO TaskSetManager: Finished task 1.0 in stage 28.0 (TID 30) in 108 ms on 172.30.0.7 (executor 0) (2/2)
[2026-04-09T08:03:11.771+0000] {subprocess.py:106} INFO - 26/04/09 08:03:11 INFO TaskSchedulerImpl: Removed TaskSet 28.0, whose tasks have all completed, from pool
[2026-04-09T08:03:11.772+0000] {subprocess.py:106} INFO - 26/04/09 08:03:11 INFO DAGScheduler: ShuffleMapStage 28 (create at <unknown>:0) finished in 2.492 s
[2026-04-09T08:03:11.772+0000] {subprocess.py:106} INFO - 26/04/09 08:03:11 INFO DAGScheduler: looking for newly runnable stages
[2026-04-09T08:03:11.773+0000] {subprocess.py:106} INFO - 26/04/09 08:03:11 INFO DAGScheduler: running: Set(ResultStage 30, ResultStage 34, ResultStage 32, ResultStage 36)
[2026-04-09T08:03:11.774+0000] {subprocess.py:106} INFO - 26/04/09 08:03:11 INFO DAGScheduler: waiting: Set()
[2026-04-09T08:03:11.774+0000] {subprocess.py:106} INFO - 26/04/09 08:03:11 INFO DAGScheduler: failed: Set()
[2026-04-09T08:03:11.783+0000] {subprocess.py:106} INFO - 26/04/09 08:03:11 INFO BlockManagerInfo: Added broadcast_51_piece0 in memory on 172.30.0.7:42237 (size: 18.7 KiB, free: 434.2 MiB)
[2026-04-09T08:03:11.792+0000] {subprocess.py:106} INFO - 26/04/09 08:03:11 INFO MapOutputTrackerMasterEndpoint: Asked to send map output locations for shuffle 8 to 172.30.0.7:45394
[2026-04-09T08:03:11.811+0000] {subprocess.py:106} INFO - 26/04/09 08:03:11 INFO MemoryStore: Block broadcast_58 stored as values in memory (estimated size 32.0 KiB, free 433.2 MiB)
[2026-04-09T08:03:11.815+0000] {subprocess.py:106} INFO - 26/04/09 08:03:11 INFO BlockManagerInfo: Removed broadcast_49_piece0 on c05002f484b8:38291 in memory (size: 12.3 KiB, free: 433.9 MiB)
[2026-04-09T08:03:11.817+0000] {subprocess.py:106} INFO - 26/04/09 08:03:11 INFO MemoryStore: Block broadcast_58_piece0 stored as bytes in memory (estimated size 30.4 KiB, free 433.2 MiB)
[2026-04-09T08:03:11.819+0000] {subprocess.py:106} INFO - 26/04/09 08:03:11 INFO BlockManagerInfo: Added broadcast_58_piece0 in memory on c05002f484b8:38291 (size: 30.4 KiB, free: 433.9 MiB)
[2026-04-09T08:03:11.820+0000] {subprocess.py:106} INFO - 26/04/09 08:03:11 INFO SparkContext: Created broadcast 58 from broadcast at SparkBatch.java:79
[2026-04-09T08:03:11.829+0000] {subprocess.py:106} INFO - 26/04/09 08:03:11 INFO BlockManagerInfo: Removed broadcast_49_piece0 on 172.30.0.7:42237 in memory (size: 12.3 KiB, free: 434.2 MiB)
[2026-04-09T08:03:11.831+0000] {subprocess.py:106} INFO - 26/04/09 08:03:11 INFO ShufflePartitionsUtil: For shuffle(12), advisory target size: 67108864, actual target size 1048576, minimum partition size: 1048576
[2026-04-09T08:03:11.838+0000] {subprocess.py:106} INFO - 26/04/09 08:03:11 INFO BlockManagerInfo: Removed broadcast_56_piece0 on c05002f484b8:38291 in memory (size: 30.3 KiB, free: 433.9 MiB)
[2026-04-09T08:03:11.907+0000] {subprocess.py:106} INFO - 26/04/09 08:03:11 INFO TaskSetManager: Starting task 0.0 in stage 32.0 (TID 32) (172.30.0.7, executor 0, partition 0, NODE_LOCAL, 9976 bytes)
[2026-04-09T08:03:11.909+0000] {subprocess.py:106} INFO - 26/04/09 08:03:11 INFO TaskSetManager: Finished task 0.0 in stage 30.0 (TID 31) in 141 ms on 172.30.0.7 (executor 0) (1/1)
[2026-04-09T08:03:11.911+0000] {subprocess.py:106} INFO - 26/04/09 08:03:11 INFO TaskSchedulerImpl: Removed TaskSet 30.0, whose tasks have all completed, from pool
[2026-04-09T08:03:11.914+0000] {subprocess.py:106} INFO - 26/04/09 08:03:11 INFO DAGScheduler: ResultStage 30 ($anonfun$withThreadLocalCaptured$1 at <unknown>:0) finished in 2.018 s
[2026-04-09T08:03:11.917+0000] {subprocess.py:106} INFO - 26/04/09 08:03:11 INFO DAGScheduler: Job 20 is finished. Cancelling potential speculative or zombie tasks for this job
[2026-04-09T08:03:11.918+0000] {subprocess.py:106} INFO - 26/04/09 08:03:11 INFO TaskSchedulerImpl: Killing all running tasks in stage 30: Stage finished
[2026-04-09T08:03:11.920+0000] {subprocess.py:106} INFO - 26/04/09 08:03:11 INFO DAGScheduler: Job 20 finished: $anonfun$withThreadLocalCaptured$1 at <unknown>:0, took 2.028977 s
[2026-04-09T08:03:11.931+0000] {subprocess.py:106} INFO - 26/04/09 08:03:11 INFO BlockManagerInfo: Added broadcast_53_piece0 in memory on 172.30.0.7:42237 (size: 19.7 KiB, free: 434.2 MiB)
[2026-04-09T08:03:11.945+0000] {subprocess.py:106} INFO - 26/04/09 08:03:11 INFO MapOutputTrackerMasterEndpoint: Asked to send map output locations for shuffle 9 to 172.30.0.7:45394
[2026-04-09T08:03:11.956+0000] {subprocess.py:106} INFO - 26/04/09 08:03:11 INFO CodeGenerator: Code generated in 82.151398 ms
[2026-04-09T08:03:11.957+0000] {subprocess.py:106} INFO - 26/04/09 08:03:11 INFO CodeGenerator: Code generated in 9.405045 ms
[2026-04-09T08:03:11.994+0000] {subprocess.py:106} INFO - 26/04/09 08:03:11 INFO DAGScheduler: Registering RDD 79 (create at <unknown>:0) as input to shuffle 13
[2026-04-09T08:03:11.996+0000] {subprocess.py:106} INFO - 26/04/09 08:03:11 INFO DAGScheduler: Got map stage job 24 (create at <unknown>:0) with 1 output partitions
[2026-04-09T08:03:11.997+0000] {subprocess.py:106} INFO - 26/04/09 08:03:11 INFO DAGScheduler: Final stage: ShuffleMapStage 38 (create at <unknown>:0)
[2026-04-09T08:03:11.998+0000] {subprocess.py:106} INFO - 26/04/09 08:03:11 INFO DAGScheduler: Parents of final stage: List(ShuffleMapStage 37)
[2026-04-09T08:03:11.998+0000] {subprocess.py:106} INFO - 26/04/09 08:03:11 INFO DAGScheduler: Missing parents: List()
[2026-04-09T08:03:11.999+0000] {subprocess.py:106} INFO - 26/04/09 08:03:11 INFO DAGScheduler: Submitting ShuffleMapStage 38 (MapPartitionsRDD[79] at create at <unknown>:0), which has no missing parents
[2026-04-09T08:03:12.014+0000] {subprocess.py:106} INFO - 26/04/09 08:03:12 INFO BlockManagerInfo: Removed broadcast_58_piece0 on c05002f484b8:38291 in memory (size: 30.4 KiB, free: 434.0 MiB)
[2026-04-09T08:03:12.022+0000] {subprocess.py:106} INFO - 26/04/09 08:03:12 INFO MemoryStore: Block broadcast_59 stored as values in memory (estimated size 57.2 KiB, free 433.3 MiB)
[2026-04-09T08:03:12.024+0000] {subprocess.py:106} INFO - 26/04/09 08:03:12 INFO MemoryStore: Block broadcast_59_piece0 stored as bytes in memory (estimated size 21.7 KiB, free 433.3 MiB)
[2026-04-09T08:03:12.027+0000] {subprocess.py:106} INFO - 26/04/09 08:03:12 INFO BlockManagerInfo: Added broadcast_59_piece0 in memory on c05002f484b8:38291 (size: 21.7 KiB, free: 433.9 MiB)
[2026-04-09T08:03:12.031+0000] {subprocess.py:106} INFO - 26/04/09 08:03:12 INFO SparkContext: Created broadcast 59 from broadcast at DAGScheduler.scala:1585
[2026-04-09T08:03:12.040+0000] {subprocess.py:106} INFO - 26/04/09 08:03:12 INFO DAGScheduler: Submitting 1 missing tasks from ShuffleMapStage 38 (MapPartitionsRDD[79] at create at <unknown>:0) (first 15 tasks are for partitions Vector(0))
[2026-04-09T08:03:12.042+0000] {subprocess.py:106} INFO - 26/04/09 08:03:12 INFO TaskSchedulerImpl: Adding task set 38.0 with 1 tasks resource profile 0
[2026-04-09T08:03:12.043+0000] {subprocess.py:106} INFO - 26/04/09 08:03:12 INFO BlockManagerInfo: Removed broadcast_51_piece0 on c05002f484b8:38291 in memory (size: 18.7 KiB, free: 433.9 MiB)
[2026-04-09T08:03:12.056+0000] {subprocess.py:106} INFO - 26/04/09 08:03:12 INFO TaskSetManager: Starting task 0.0 in stage 34.0 (TID 33) (172.30.0.7, executor 0, partition 0, NODE_LOCAL, 9976 bytes)
[2026-04-09T08:03:12.057+0000] {subprocess.py:106} INFO - 26/04/09 08:03:12 INFO BlockManagerInfo: Removed broadcast_51_piece0 on 172.30.0.7:42237 in memory (size: 18.7 KiB, free: 434.2 MiB)
[2026-04-09T08:03:12.057+0000] {subprocess.py:106} INFO - 26/04/09 08:03:12 INFO TaskSetManager: Finished task 0.0 in stage 32.0 (TID 32) in 139 ms on 172.30.0.7 (executor 0) (1/1)
[2026-04-09T08:03:12.059+0000] {subprocess.py:106} INFO - 26/04/09 08:03:12 INFO TaskSchedulerImpl: Removed TaskSet 32.0, whose tasks have all completed, from pool
[2026-04-09T08:03:12.063+0000] {subprocess.py:106} INFO - 26/04/09 08:03:12 INFO DAGScheduler: ResultStage 32 ($anonfun$withThreadLocalCaptured$1 at <unknown>:0) finished in 1.552 s
[2026-04-09T08:03:12.064+0000] {subprocess.py:106} INFO - 26/04/09 08:03:12 INFO DAGScheduler: Job 21 is finished. Cancelling potential speculative or zombie tasks for this job
[2026-04-09T08:03:12.067+0000] {subprocess.py:106} INFO - 26/04/09 08:03:12 INFO TaskSchedulerImpl: Killing all running tasks in stage 32: Stage finished
[2026-04-09T08:03:12.073+0000] {subprocess.py:106} INFO - 26/04/09 08:03:12 INFO DAGScheduler: Job 21 finished: $anonfun$withThreadLocalCaptured$1 at <unknown>:0, took 1.563455 s
[2026-04-09T08:03:12.078+0000] {subprocess.py:106} INFO - 26/04/09 08:03:12 INFO MemoryStore: Block broadcast_61_piece0 stored as bytes in memory (estimated size 555.0 B, free 433.4 MiB)
[2026-04-09T08:03:12.080+0000] {subprocess.py:106} INFO - 26/04/09 08:03:12 INFO BlockManagerInfo: Added broadcast_61_piece0 in memory on c05002f484b8:38291 (size: 555.0 B, free: 433.9 MiB)
[2026-04-09T08:03:12.082+0000] {subprocess.py:106} INFO - 26/04/09 08:03:12 INFO SparkContext: Created broadcast 61 from $anonfun$withThreadLocalCaptured$1 at <unknown>:0
[2026-04-09T08:03:12.084+0000] {subprocess.py:106} INFO - 26/04/09 08:03:12 INFO MemoryStore: Block broadcast_60_piece0 stored as bytes in memory (estimated size 52.7 KiB, free 433.3 MiB)
[2026-04-09T08:03:12.086+0000] {subprocess.py:106} INFO - 26/04/09 08:03:12 INFO BlockManagerInfo: Added broadcast_60_piece0 in memory on c05002f484b8:38291 (size: 52.7 KiB, free: 433.9 MiB)
[2026-04-09T08:03:12.088+0000] {subprocess.py:106} INFO - 26/04/09 08:03:12 INFO SparkContext: Created broadcast 60 from $anonfun$withThreadLocalCaptured$1 at <unknown>:0
[2026-04-09T08:03:12.120+0000] {subprocess.py:106} INFO - 26/04/09 08:03:12 INFO BlockManagerInfo: Added broadcast_55_piece0 in memory on 172.30.0.7:42237 (size: 19.9 KiB, free: 434.2 MiB)
[2026-04-09T08:03:12.133+0000] {subprocess.py:106} INFO - 26/04/09 08:03:12 INFO MemoryStore: Block broadcast_62 stored as values in memory (estimated size 32.0 KiB, free 433.3 MiB)
[2026-04-09T08:03:12.134+0000] {subprocess.py:106} INFO - 26/04/09 08:03:12 INFO MapOutputTrackerMasterEndpoint: Asked to send map output locations for shuffle 10 to 172.30.0.7:45394
[2026-04-09T08:03:12.135+0000] {subprocess.py:106} INFO - 26/04/09 08:03:12 INFO MemoryStore: Block broadcast_62_piece0 stored as bytes in memory (estimated size 30.3 KiB, free 433.2 MiB)
[2026-04-09T08:03:12.137+0000] {subprocess.py:106} INFO - 26/04/09 08:03:12 INFO BlockManagerInfo: Added broadcast_62_piece0 in memory on c05002f484b8:38291 (size: 30.3 KiB, free: 433.9 MiB)
[2026-04-09T08:03:12.140+0000] {subprocess.py:106} INFO - 26/04/09 08:03:12 INFO SparkContext: Created broadcast 62 from broadcast at SparkBatch.java:79
[2026-04-09T08:03:12.181+0000] {subprocess.py:106} INFO - 26/04/09 08:03:12 INFO MemoryStore: Block broadcast_63 stored as values in memory (estimated size 32.0 KiB, free 433.2 MiB)
[2026-04-09T08:03:12.196+0000] {subprocess.py:106} INFO - 26/04/09 08:03:12 INFO MemoryStore: Block broadcast_63_piece0 stored as bytes in memory (estimated size 30.4 KiB, free 433.2 MiB)
[2026-04-09T08:03:12.202+0000] {subprocess.py:106} INFO - 26/04/09 08:03:12 INFO BlockManagerInfo: Removed broadcast_53_piece0 on c05002f484b8:38291 in memory (size: 19.7 KiB, free: 433.9 MiB)
[2026-04-09T08:03:12.209+0000] {subprocess.py:106} INFO - 26/04/09 08:03:12 INFO BlockManagerInfo: Added broadcast_63_piece0 in memory on c05002f484b8:38291 (size: 30.4 KiB, free: 433.9 MiB)
[2026-04-09T08:03:12.210+0000] {subprocess.py:106} INFO - 26/04/09 08:03:12 INFO BlockManagerInfo: Removed broadcast_53_piece0 on 172.30.0.7:42237 in memory (size: 19.7 KiB, free: 434.2 MiB)
[2026-04-09T08:03:12.211+0000] {subprocess.py:106} INFO - 26/04/09 08:03:12 INFO SparkContext: Created broadcast 63 from broadcast at SparkBatch.java:79
[2026-04-09T08:03:12.215+0000] {subprocess.py:106} INFO - 26/04/09 08:03:12 INFO BlockManagerInfo: Removed broadcast_62_piece0 on c05002f484b8:38291 in memory (size: 30.3 KiB, free: 433.9 MiB)
[2026-04-09T08:03:12.225+0000] {subprocess.py:106} INFO - 26/04/09 08:03:12 INFO TaskSetManager: Starting task 0.0 in stage 36.0 (TID 34) (172.30.0.7, executor 0, partition 0, NODE_LOCAL, 9976 bytes)
[2026-04-09T08:03:12.227+0000] {subprocess.py:106} INFO - 26/04/09 08:03:12 INFO TaskSetManager: Finished task 0.0 in stage 34.0 (TID 33) in 198 ms on 172.30.0.7 (executor 0) (1/1)
[2026-04-09T08:03:12.227+0000] {subprocess.py:106} INFO - 26/04/09 08:03:12 INFO TaskSchedulerImpl: Removed TaskSet 34.0, whose tasks have all completed, from pool
[2026-04-09T08:03:12.229+0000] {subprocess.py:106} INFO - 26/04/09 08:03:12 INFO DAGScheduler: ResultStage 34 ($anonfun$withThreadLocalCaptured$1 at <unknown>:0) finished in 1.221 s
[2026-04-09T08:03:12.230+0000] {subprocess.py:106} INFO - 26/04/09 08:03:12 INFO DAGScheduler: Job 22 is finished. Cancelling potential speculative or zombie tasks for this job
[2026-04-09T08:03:12.231+0000] {subprocess.py:106} INFO - 26/04/09 08:03:12 INFO TaskSchedulerImpl: Killing all running tasks in stage 34: Stage finished
[2026-04-09T08:03:12.231+0000] {subprocess.py:106} INFO - 26/04/09 08:03:12 INFO DAGScheduler: Job 22 finished: $anonfun$withThreadLocalCaptured$1 at <unknown>:0, took 1.227587 s
[2026-04-09T08:03:12.240+0000] {subprocess.py:106} INFO - 26/04/09 08:03:12 INFO MemoryStore: Block broadcast_64_piece0 stored as bytes in memory (estimated size 19.9 KiB, free 433.3 MiB)
[2026-04-09T08:03:12.241+0000] {subprocess.py:106} INFO - 26/04/09 08:03:12 INFO BlockManagerInfo: Added broadcast_64_piece0 in memory on c05002f484b8:38291 (size: 19.9 KiB, free: 433.9 MiB)
[2026-04-09T08:03:12.242+0000] {subprocess.py:106} INFO - 26/04/09 08:03:12 INFO SparkContext: Created broadcast 64 from $anonfun$withThreadLocalCaptured$1 at <unknown>:0
[2026-04-09T08:03:12.257+0000] {subprocess.py:106} INFO - 26/04/09 08:03:12 INFO BlockManagerInfo: Added broadcast_57_piece0 in memory on 172.30.0.7:42237 (size: 18.7 KiB, free: 434.2 MiB)
[2026-04-09T08:03:12.260+0000] {subprocess.py:106} INFO - 26/04/09 08:03:12 INFO MemoryStore: Block broadcast_65 stored as values in memory (estimated size 32.0 KiB, free 433.3 MiB)
[2026-04-09T08:03:12.284+0000] {subprocess.py:106} INFO - 26/04/09 08:03:12 INFO MapOutputTrackerMasterEndpoint: Asked to send map output locations for shuffle 11 to 172.30.0.7:45394
[2026-04-09T08:03:12.285+0000] {subprocess.py:106} INFO - 26/04/09 08:03:12 INFO MemoryStore: Block broadcast_65_piece0 stored as bytes in memory (estimated size 30.3 KiB, free 433.2 MiB)
[2026-04-09T08:03:12.286+0000] {subprocess.py:106} INFO - 26/04/09 08:03:12 INFO BlockManagerInfo: Added broadcast_65_piece0 in memory on c05002f484b8:38291 (size: 30.3 KiB, free: 433.8 MiB)
[2026-04-09T08:03:12.288+0000] {subprocess.py:106} INFO - 26/04/09 08:03:12 INFO SparkContext: Created broadcast 65 from broadcast at SparkBatch.java:79
[2026-04-09T08:03:12.340+0000] {subprocess.py:106} INFO - 26/04/09 08:03:12 INFO TaskSetManager: Starting task 0.0 in stage 38.0 (TID 35) (172.30.0.7, executor 0, partition 0, NODE_LOCAL, 9965 bytes)
[2026-04-09T08:03:12.342+0000] {subprocess.py:106} INFO - 26/04/09 08:03:12 INFO TaskSetManager: Finished task 0.0 in stage 36.0 (TID 34) in 116 ms on 172.30.0.7 (executor 0) (1/1)
[2026-04-09T08:03:12.343+0000] {subprocess.py:106} INFO - 26/04/09 08:03:12 INFO TaskSchedulerImpl: Removed TaskSet 36.0, whose tasks have all completed, from pool
[2026-04-09T08:03:12.345+0000] {subprocess.py:106} INFO - 26/04/09 08:03:12 INFO DAGScheduler: ResultStage 36 ($anonfun$withThreadLocalCaptured$1 at <unknown>:0) finished in 0.857 s
[2026-04-09T08:03:12.347+0000] {subprocess.py:106} INFO - 26/04/09 08:03:12 INFO DAGScheduler: Job 23 is finished. Cancelling potential speculative or zombie tasks for this job
[2026-04-09T08:03:12.348+0000] {subprocess.py:106} INFO - 26/04/09 08:03:12 INFO TaskSchedulerImpl: Killing all running tasks in stage 36: Stage finished
[2026-04-09T08:03:12.351+0000] {subprocess.py:106} INFO - 26/04/09 08:03:12 INFO DAGScheduler: Job 23 finished: $anonfun$withThreadLocalCaptured$1 at <unknown>:0, took 0.869038 s
[2026-04-09T08:03:12.370+0000] {subprocess.py:106} INFO - 26/04/09 08:03:12 INFO MemoryStore: Block broadcast_66_piece0 stored as bytes in memory (estimated size 270.0 B, free 433.2 MiB)
[2026-04-09T08:03:12.371+0000] {subprocess.py:106} INFO - 26/04/09 08:03:12 INFO BlockManagerInfo: Added broadcast_66_piece0 in memory on c05002f484b8:38291 (size: 270.0 B, free: 433.8 MiB)
[2026-04-09T08:03:12.372+0000] {subprocess.py:106} INFO - 26/04/09 08:03:12 INFO SparkContext: Created broadcast 66 from $anonfun$withThreadLocalCaptured$1 at <unknown>:0
[2026-04-09T08:03:12.373+0000] {subprocess.py:106} INFO - 26/04/09 08:03:12 INFO BlockManagerInfo: Removed broadcast_65_piece0 on c05002f484b8:38291 in memory (size: 30.3 KiB, free: 433.9 MiB)
[2026-04-09T08:03:12.400+0000] {subprocess.py:106} INFO - 26/04/09 08:03:12 INFO BlockManagerInfo: Added broadcast_59_piece0 in memory on 172.30.0.7:42237 (size: 21.7 KiB, free: 434.2 MiB)
[2026-04-09T08:03:12.403+0000] {subprocess.py:106} INFO - 26/04/09 08:03:12 INFO MemoryStore: Block broadcast_67 stored as values in memory (estimated size 32.0 KiB, free 433.3 MiB)
[2026-04-09T08:03:12.407+0000] {subprocess.py:106} INFO - 26/04/09 08:03:12 INFO MemoryStore: Block broadcast_67_piece0 stored as bytes in memory (estimated size 30.4 KiB, free 433.2 MiB)
[2026-04-09T08:03:12.411+0000] {subprocess.py:106} INFO - 26/04/09 08:03:12 INFO BlockManagerInfo: Added broadcast_67_piece0 in memory on c05002f484b8:38291 (size: 30.4 KiB, free: 433.8 MiB)
[2026-04-09T08:03:12.419+0000] {subprocess.py:106} INFO - 26/04/09 08:03:12 INFO SparkContext: Created broadcast 67 from broadcast at SparkBatch.java:79
[2026-04-09T08:03:12.422+0000] {subprocess.py:106} INFO - 26/04/09 08:03:12 INFO MapOutputTrackerMasterEndpoint: Asked to send map output locations for shuffle 12 to 172.30.0.7:45394
[2026-04-09T08:03:12.423+0000] {subprocess.py:106} INFO - 26/04/09 08:03:12 INFO BlockManagerInfo: Removed broadcast_57_piece0 on c05002f484b8:38291 in memory (size: 18.7 KiB, free: 433.9 MiB)
[2026-04-09T08:03:12.443+0000] {subprocess.py:106} INFO - 26/04/09 08:03:12 INFO BlockManagerInfo: Removed broadcast_57_piece0 on 172.30.0.7:42237 in memory (size: 18.7 KiB, free: 434.2 MiB)
[2026-04-09T08:03:12.459+0000] {subprocess.py:106} INFO - 26/04/09 08:03:12 INFO BlockManagerInfo: Removed broadcast_63_piece0 on c05002f484b8:38291 in memory (size: 30.4 KiB, free: 433.9 MiB)
[2026-04-09T08:03:12.466+0000] {subprocess.py:106} INFO - 26/04/09 08:03:12 INFO BlockManagerInfo: Removed broadcast_55_piece0 on c05002f484b8:38291 in memory (size: 19.9 KiB, free: 433.9 MiB)
[2026-04-09T08:03:12.509+0000] {subprocess.py:106} INFO - 26/04/09 08:03:12 INFO BlockManagerInfo: Removed broadcast_55_piece0 on 172.30.0.7:42237 in memory (size: 19.9 KiB, free: 434.2 MiB)
[2026-04-09T08:03:12.700+0000] {subprocess.py:106} INFO - 26/04/09 08:03:12 INFO TaskSetManager: Finished task 0.0 in stage 38.0 (TID 35) in 359 ms on 172.30.0.7 (executor 0) (1/1)
[2026-04-09T08:03:12.706+0000] {subprocess.py:106} INFO - 26/04/09 08:03:12 INFO DAGScheduler: ShuffleMapStage 38 (create at <unknown>:0) finished in 0.687 s
[2026-04-09T08:03:12.707+0000] {subprocess.py:106} INFO - 26/04/09 08:03:12 INFO DAGScheduler: looking for newly runnable stages
[2026-04-09T08:03:12.708+0000] {subprocess.py:106} INFO - 26/04/09 08:03:12 INFO DAGScheduler: running: Set()
[2026-04-09T08:03:12.709+0000] {subprocess.py:106} INFO - 26/04/09 08:03:12 INFO DAGScheduler: waiting: Set()
[2026-04-09T08:03:12.711+0000] {subprocess.py:106} INFO - 26/04/09 08:03:12 INFO DAGScheduler: failed: Set()
[2026-04-09T08:03:12.712+0000] {subprocess.py:106} INFO - 26/04/09 08:03:12 INFO TaskSchedulerImpl: Removed TaskSet 38.0, whose tasks have all completed, from pool
[2026-04-09T08:03:12.717+0000] {subprocess.py:106} INFO - 26/04/09 08:03:12 INFO MemoryStore: Block broadcast_68 stored as values in memory (estimated size 32.0 KiB, free 433.4 MiB)
[2026-04-09T08:03:12.764+0000] {subprocess.py:106} INFO - 26/04/09 08:03:12 INFO MemoryStore: Block broadcast_68_piece0 stored as bytes in memory (estimated size 30.3 KiB, free 433.3 MiB)
[2026-04-09T08:03:12.776+0000] {subprocess.py:106} INFO - 26/04/09 08:03:12 INFO BlockManagerInfo: Added broadcast_68_piece0 in memory on c05002f484b8:38291 (size: 30.3 KiB, free: 433.9 MiB)
[2026-04-09T08:03:12.779+0000] {subprocess.py:106} INFO - 26/04/09 08:03:12 INFO SparkContext: Created broadcast 68 from broadcast at SparkBatch.java:79
[2026-04-09T08:03:12.781+0000] {subprocess.py:106} INFO - 26/04/09 08:03:12 INFO ShufflePartitionsUtil: For shuffle(13), advisory target size: 67108864, actual target size 1048576, minimum partition size: 1048576
[2026-04-09T08:03:12.784+0000] {subprocess.py:106} INFO - 26/04/09 08:03:12 INFO BlockManagerInfo: Removed broadcast_67_piece0 on c05002f484b8:38291 in memory (size: 30.4 KiB, free: 433.9 MiB)
[2026-04-09T08:03:12.790+0000] {subprocess.py:106} INFO - 26/04/09 08:03:12 INFO BlockManagerInfo: Removed broadcast_59_piece0 on c05002f484b8:38291 in memory (size: 21.7 KiB, free: 433.9 MiB)
[2026-04-09T08:03:12.795+0000] {subprocess.py:106} INFO - 26/04/09 08:03:12 INFO BlockManagerInfo: Removed broadcast_59_piece0 on 172.30.0.7:42237 in memory (size: 21.7 KiB, free: 434.2 MiB)
[2026-04-09T08:03:12.888+0000] {subprocess.py:106} INFO - 26/04/09 08:03:12 INFO CodeGenerator: Code generated in 61.881823 ms
[2026-04-09T08:03:12.937+0000] {subprocess.py:106} INFO - 26/04/09 08:03:12 INFO SparkContext: Starting job: $anonfun$withThreadLocalCaptured$1 at <unknown>:0
[2026-04-09T08:03:12.938+0000] {subprocess.py:106} INFO - 26/04/09 08:03:12 INFO DAGScheduler: Got job 25 ($anonfun$withThreadLocalCaptured$1 at <unknown>:0) with 1 output partitions
[2026-04-09T08:03:12.939+0000] {subprocess.py:106} INFO - 26/04/09 08:03:12 INFO DAGScheduler: Final stage: ResultStage 41 ($anonfun$withThreadLocalCaptured$1 at <unknown>:0)
[2026-04-09T08:03:12.942+0000] {subprocess.py:106} INFO - 26/04/09 08:03:12 INFO DAGScheduler: Parents of final stage: List(ShuffleMapStage 40)
[2026-04-09T08:03:12.945+0000] {subprocess.py:106} INFO - 26/04/09 08:03:12 INFO DAGScheduler: Missing parents: List()
[2026-04-09T08:03:12.948+0000] {subprocess.py:106} INFO - 26/04/09 08:03:12 INFO DAGScheduler: Submitting ResultStage 41 (MapPartitionsRDD[82] at $anonfun$withThreadLocalCaptured$1 at <unknown>:0), which has no missing parents
[2026-04-09T08:03:12.952+0000] {subprocess.py:106} INFO - 26/04/09 08:03:12 INFO MemoryStore: Block broadcast_69 stored as values in memory (estimated size 49.4 KiB, free 433.4 MiB)
[2026-04-09T08:03:12.953+0000] {subprocess.py:106} INFO - 26/04/09 08:03:12 INFO MemoryStore: Block broadcast_69_piece0 stored as bytes in memory (estimated size 20.9 KiB, free 433.4 MiB)
[2026-04-09T08:03:12.954+0000] {subprocess.py:106} INFO - 26/04/09 08:03:12 INFO BlockManagerInfo: Added broadcast_69_piece0 in memory on c05002f484b8:38291 (size: 20.9 KiB, free: 433.9 MiB)
[2026-04-09T08:03:12.957+0000] {subprocess.py:106} INFO - 26/04/09 08:03:12 INFO SparkContext: Created broadcast 69 from broadcast at DAGScheduler.scala:1585
[2026-04-09T08:03:12.958+0000] {subprocess.py:106} INFO - 26/04/09 08:03:12 INFO DAGScheduler: Submitting 1 missing tasks from ResultStage 41 (MapPartitionsRDD[82] at $anonfun$withThreadLocalCaptured$1 at <unknown>:0) (first 15 tasks are for partitions Vector(0))
[2026-04-09T08:03:12.959+0000] {subprocess.py:106} INFO - 26/04/09 08:03:12 INFO TaskSchedulerImpl: Adding task set 41.0 with 1 tasks resource profile 0
[2026-04-09T08:03:12.964+0000] {subprocess.py:106} INFO - 26/04/09 08:03:12 INFO TaskSetManager: Starting task 0.0 in stage 41.0 (TID 36) (172.30.0.7, executor 0, partition 0, NODE_LOCAL, 9976 bytes)
[2026-04-09T08:03:12.988+0000] {subprocess.py:106} INFO - 26/04/09 08:03:12 INFO BlockManagerInfo: Added broadcast_69_piece0 in memory on 172.30.0.7:42237 (size: 20.9 KiB, free: 434.2 MiB)
[2026-04-09T08:03:13.006+0000] {subprocess.py:106} INFO - 26/04/09 08:03:13 INFO MapOutputTrackerMasterEndpoint: Asked to send map output locations for shuffle 13 to 172.30.0.7:45394
[2026-04-09T08:03:13.069+0000] {subprocess.py:106} INFO - 26/04/09 08:03:13 INFO BlockManagerInfo: Removed broadcast_68_piece0 on c05002f484b8:38291 in memory (size: 30.3 KiB, free: 433.9 MiB)
[2026-04-09T08:03:13.139+0000] {subprocess.py:106} INFO - 26/04/09 08:03:13 INFO TaskSetManager: Finished task 0.0 in stage 41.0 (TID 36) in 178 ms on 172.30.0.7 (executor 0) (1/1)
[2026-04-09T08:03:13.141+0000] {subprocess.py:106} INFO - 26/04/09 08:03:13 INFO TaskSchedulerImpl: Removed TaskSet 41.0, whose tasks have all completed, from pool
[2026-04-09T08:03:13.142+0000] {subprocess.py:106} INFO - 26/04/09 08:03:13 INFO DAGScheduler: ResultStage 41 ($anonfun$withThreadLocalCaptured$1 at <unknown>:0) finished in 0.192 s
[2026-04-09T08:03:13.143+0000] {subprocess.py:106} INFO - 26/04/09 08:03:13 INFO DAGScheduler: Job 25 is finished. Cancelling potential speculative or zombie tasks for this job
[2026-04-09T08:03:13.147+0000] {subprocess.py:106} INFO - 26/04/09 08:03:13 INFO TaskSchedulerImpl: Killing all running tasks in stage 41: Stage finished
[2026-04-09T08:03:13.148+0000] {subprocess.py:106} INFO - 26/04/09 08:03:13 INFO DAGScheduler: Job 25 finished: $anonfun$withThreadLocalCaptured$1 at <unknown>:0, took 0.210321 s
[2026-04-09T08:03:13.187+0000] {subprocess.py:106} INFO - 26/04/09 08:03:13 INFO CodeGenerator: Code generated in 9.384578 ms
[2026-04-09T08:03:13.190+0000] {subprocess.py:106} INFO - 26/04/09 08:03:13 INFO MemoryStore: Block broadcast_70_piece0 stored as bytes in memory (estimated size 560.0 B, free 433.5 MiB)
[2026-04-09T08:03:13.193+0000] {subprocess.py:106} INFO - 26/04/09 08:03:13 INFO BlockManagerInfo: Added broadcast_70_piece0 in memory on c05002f484b8:38291 (size: 560.0 B, free: 433.9 MiB)
[2026-04-09T08:03:13.196+0000] {subprocess.py:106} INFO - 26/04/09 08:03:13 INFO SparkContext: Created broadcast 70 from $anonfun$withThreadLocalCaptured$1 at <unknown>:0
[2026-04-09T08:03:13.216+0000] {subprocess.py:106} INFO - 26/04/09 08:03:13 INFO MemoryStore: Block broadcast_71 stored as values in memory (estimated size 32.0 KiB, free 433.4 MiB)
[2026-04-09T08:03:13.217+0000] {subprocess.py:106} INFO - 26/04/09 08:03:13 INFO MemoryStore: Block broadcast_71_piece0 stored as bytes in memory (estimated size 30.4 KiB, free 433.4 MiB)
[2026-04-09T08:03:13.219+0000] {subprocess.py:106} INFO - 26/04/09 08:03:13 INFO BlockManagerInfo: Added broadcast_71_piece0 in memory on c05002f484b8:38291 (size: 30.4 KiB, free: 433.9 MiB)
[2026-04-09T08:03:13.219+0000] {subprocess.py:106} INFO - 26/04/09 08:03:13 INFO SparkContext: Created broadcast 71 from broadcast at SparkBatch.java:79
[2026-04-09T08:03:13.280+0000] {subprocess.py:106} INFO - 26/04/09 08:03:13 INFO TorrentBroadcast: Started reading broadcast variable 60 with 1 pieces (estimated total size 4.0 MiB)
[2026-04-09T08:03:13.298+0000] {subprocess.py:106} INFO - 26/04/09 08:03:13 INFO TorrentBroadcast: Reading broadcast variable 60 took 16 ms
[2026-04-09T08:03:13.319+0000] {subprocess.py:106} INFO - 26/04/09 08:03:13 INFO TorrentBroadcast: Started reading broadcast variable 61 with 1 pieces (estimated total size 4.0 MiB)
[2026-04-09T08:03:13.320+0000] {subprocess.py:106} INFO - 26/04/09 08:03:13 INFO TorrentBroadcast: Reading broadcast variable 61 took 0 ms
[2026-04-09T08:03:13.326+0000] {subprocess.py:106} INFO - 26/04/09 08:03:13 INFO TorrentBroadcast: Started reading broadcast variable 64 with 1 pieces (estimated total size 4.0 MiB)
[2026-04-09T08:03:13.329+0000] {subprocess.py:106} INFO - 26/04/09 08:03:13 INFO TorrentBroadcast: Reading broadcast variable 64 took 0 ms
[2026-04-09T08:03:13.332+0000] {subprocess.py:106} INFO - 26/04/09 08:03:13 INFO TorrentBroadcast: Started reading broadcast variable 66 with 1 pieces (estimated total size 4.0 MiB)
[2026-04-09T08:03:13.333+0000] {subprocess.py:106} INFO - 26/04/09 08:03:13 INFO TorrentBroadcast: Reading broadcast variable 66 took 0 ms
[2026-04-09T08:03:13.430+0000] {subprocess.py:106} INFO - 26/04/09 08:03:13 INFO CodeGenerator: Code generated in 59.027173 ms
[2026-04-09T08:03:13.444+0000] {subprocess.py:106} INFO - 26/04/09 08:03:13 INFO DAGScheduler: Registering RDD 86 (create at <unknown>:0) as input to shuffle 14
[2026-04-09T08:03:13.445+0000] {subprocess.py:106} INFO - 26/04/09 08:03:13 INFO DAGScheduler: Got map stage job 26 (create at <unknown>:0) with 2 output partitions
[2026-04-09T08:03:13.446+0000] {subprocess.py:106} INFO - 26/04/09 08:03:13 INFO DAGScheduler: Final stage: ShuffleMapStage 42 (create at <unknown>:0)
[2026-04-09T08:03:13.447+0000] {subprocess.py:106} INFO - 26/04/09 08:03:13 INFO DAGScheduler: Parents of final stage: List()
[2026-04-09T08:03:13.447+0000] {subprocess.py:106} INFO - 26/04/09 08:03:13 INFO DAGScheduler: Missing parents: List()
[2026-04-09T08:03:13.448+0000] {subprocess.py:106} INFO - 26/04/09 08:03:13 INFO DAGScheduler: Submitting ShuffleMapStage 42 (MapPartitionsRDD[86] at create at <unknown>:0), which has no missing parents
[2026-04-09T08:03:13.450+0000] {subprocess.py:106} INFO - 26/04/09 08:03:13 INFO MemoryStore: Block broadcast_72 stored as values in memory (estimated size 39.3 KiB, free 433.4 MiB)
[2026-04-09T08:03:13.452+0000] {subprocess.py:106} INFO - 26/04/09 08:03:13 INFO MemoryStore: Block broadcast_72_piece0 stored as bytes in memory (estimated size 13.6 KiB, free 433.4 MiB)
[2026-04-09T08:03:13.452+0000] {subprocess.py:106} INFO - 26/04/09 08:03:13 INFO BlockManagerInfo: Added broadcast_72_piece0 in memory on c05002f484b8:38291 (size: 13.6 KiB, free: 433.9 MiB)
[2026-04-09T08:03:13.453+0000] {subprocess.py:106} INFO - 26/04/09 08:03:13 INFO SparkContext: Created broadcast 72 from broadcast at DAGScheduler.scala:1585
[2026-04-09T08:03:13.454+0000] {subprocess.py:106} INFO - 26/04/09 08:03:13 INFO DAGScheduler: Submitting 2 missing tasks from ShuffleMapStage 42 (MapPartitionsRDD[86] at create at <unknown>:0) (first 15 tasks are for partitions Vector(0, 1))
[2026-04-09T08:03:13.454+0000] {subprocess.py:106} INFO - 26/04/09 08:03:13 INFO TaskSchedulerImpl: Adding task set 42.0 with 2 tasks resource profile 0
[2026-04-09T08:03:13.458+0000] {subprocess.py:106} INFO - 26/04/09 08:03:13 INFO TaskSetManager: Starting task 0.0 in stage 42.0 (TID 37) (172.30.0.7, executor 0, partition 0, PROCESS_LOCAL, 17155 bytes)
[2026-04-09T08:03:13.472+0000] {subprocess.py:106} INFO - 26/04/09 08:03:13 INFO BlockManagerInfo: Added broadcast_72_piece0 in memory on 172.30.0.7:42237 (size: 13.6 KiB, free: 434.2 MiB)
[2026-04-09T08:03:13.524+0000] {subprocess.py:106} INFO - 26/04/09 08:03:13 INFO BlockManagerInfo: Added broadcast_60_piece0 in memory on 172.30.0.7:42237 (size: 52.7 KiB, free: 434.1 MiB)
[2026-04-09T08:03:13.542+0000] {subprocess.py:106} INFO - 26/04/09 08:03:13 INFO BlockManagerInfo: Added broadcast_61_piece0 in memory on 172.30.0.7:42237 (size: 555.0 B, free: 434.1 MiB)
[2026-04-09T08:03:13.553+0000] {subprocess.py:106} INFO - 26/04/09 08:03:13 INFO BlockManagerInfo: Added broadcast_64_piece0 in memory on 172.30.0.7:42237 (size: 19.9 KiB, free: 434.1 MiB)
[2026-04-09T08:03:13.563+0000] {subprocess.py:106} INFO - 26/04/09 08:03:13 INFO BlockManagerInfo: Added broadcast_66_piece0 in memory on 172.30.0.7:42237 (size: 270.0 B, free: 434.1 MiB)
[2026-04-09T08:03:13.629+0000] {subprocess.py:106} INFO - 26/04/09 08:03:13 INFO BlockManagerInfo: Added broadcast_70_piece0 in memory on 172.30.0.7:42237 (size: 560.0 B, free: 434.1 MiB)
[2026-04-09T08:03:13.708+0000] {subprocess.py:106} INFO - 26/04/09 08:03:13 INFO BlockManagerInfo: Added broadcast_39_piece0 in memory on 172.30.0.7:42237 (size: 30.4 KiB, free: 434.1 MiB)
[2026-04-09T08:03:14.285+0000] {subprocess.py:106} INFO - 26/04/09 08:03:14 INFO TaskSetManager: Starting task 1.0 in stage 42.0 (TID 38) (172.30.0.7, executor 0, partition 1, PROCESS_LOCAL, 15763 bytes)
[2026-04-09T08:03:14.286+0000] {subprocess.py:106} INFO - 26/04/09 08:03:14 INFO TaskSetManager: Finished task 0.0 in stage 42.0 (TID 37) in 830 ms on 172.30.0.7 (executor 0) (1/2)
[2026-04-09T08:03:14.951+0000] {subprocess.py:106} INFO - 26/04/09 08:03:14 INFO TaskSetManager: Finished task 1.0 in stage 42.0 (TID 38) in 670 ms on 172.30.0.7 (executor 0) (2/2)
[2026-04-09T08:03:14.952+0000] {subprocess.py:106} INFO - 26/04/09 08:03:14 INFO TaskSchedulerImpl: Removed TaskSet 42.0, whose tasks have all completed, from pool
[2026-04-09T08:03:14.954+0000] {subprocess.py:106} INFO - 26/04/09 08:03:14 INFO DAGScheduler: ShuffleMapStage 42 (create at <unknown>:0) finished in 1.507 s
[2026-04-09T08:03:14.954+0000] {subprocess.py:106} INFO - 26/04/09 08:03:14 INFO DAGScheduler: looking for newly runnable stages
[2026-04-09T08:03:14.955+0000] {subprocess.py:106} INFO - 26/04/09 08:03:14 INFO DAGScheduler: running: Set()
[2026-04-09T08:03:14.956+0000] {subprocess.py:106} INFO - 26/04/09 08:03:14 INFO DAGScheduler: waiting: Set()
[2026-04-09T08:03:14.957+0000] {subprocess.py:106} INFO - 26/04/09 08:03:14 INFO DAGScheduler: failed: Set()
[2026-04-09T08:03:14.961+0000] {subprocess.py:106} INFO - 26/04/09 08:03:14 INFO ShufflePartitionsUtil: For shuffle(14), advisory target size: 402653184, actual target size 1048576, minimum partition size: 1048576
[2026-04-09T08:03:14.994+0000] {subprocess.py:106} INFO - 26/04/09 08:03:14 INFO MemoryStore: Block broadcast_73 stored as values in memory (estimated size 32.0 KiB, free 433.3 MiB)
[2026-04-09T08:03:14.997+0000] {subprocess.py:106} INFO - 26/04/09 08:03:14 INFO MemoryStore: Block broadcast_73_piece0 stored as bytes in memory (estimated size 29.9 KiB, free 433.3 MiB)
[2026-04-09T08:03:14.998+0000] {subprocess.py:106} INFO - 26/04/09 08:03:14 INFO BlockManagerInfo: Added broadcast_73_piece0 in memory on c05002f484b8:38291 (size: 29.9 KiB, free: 433.9 MiB)
[2026-04-09T08:03:15.000+0000] {subprocess.py:106} INFO - 26/04/09 08:03:14 INFO SparkContext: Created broadcast 73 from broadcast at SparkWrite.java:193
[2026-04-09T08:03:15.000+0000] {subprocess.py:106} INFO - 26/04/09 08:03:14 INFO AppendDataExec: Start processing data source write support: IcebergBatchWrite(table=gold.fact_job_posting, format=PARQUET). The input RDD has 1 partitions.
[2026-04-09T08:03:15.005+0000] {subprocess.py:106} INFO - 26/04/09 08:03:15 INFO SparkContext: Starting job: create at <unknown>:0
[2026-04-09T08:03:15.006+0000] {subprocess.py:106} INFO - 26/04/09 08:03:15 INFO DAGScheduler: Got job 27 (create at <unknown>:0) with 1 output partitions
[2026-04-09T08:03:15.007+0000] {subprocess.py:106} INFO - 26/04/09 08:03:15 INFO DAGScheduler: Final stage: ResultStage 44 (create at <unknown>:0)
[2026-04-09T08:03:15.007+0000] {subprocess.py:106} INFO - 26/04/09 08:03:15 INFO DAGScheduler: Parents of final stage: List(ShuffleMapStage 43)
[2026-04-09T08:03:15.008+0000] {subprocess.py:106} INFO - 26/04/09 08:03:15 INFO DAGScheduler: Missing parents: List()
[2026-04-09T08:03:15.008+0000] {subprocess.py:106} INFO - 26/04/09 08:03:15 INFO DAGScheduler: Submitting ResultStage 44 (ShuffledRowRDD[87] at create at <unknown>:0), which has no missing parents
[2026-04-09T08:03:15.015+0000] {subprocess.py:106} INFO - 26/04/09 08:03:15 INFO MemoryStore: Block broadcast_74 stored as values in memory (estimated size 10.7 KiB, free 433.3 MiB)
[2026-04-09T08:03:15.017+0000] {subprocess.py:106} INFO - 26/04/09 08:03:15 INFO MemoryStore: Block broadcast_74_piece0 stored as bytes in memory (estimated size 5.7 KiB, free 433.3 MiB)
[2026-04-09T08:03:15.018+0000] {subprocess.py:106} INFO - 26/04/09 08:03:15 INFO BlockManagerInfo: Added broadcast_74_piece0 in memory on c05002f484b8:38291 (size: 5.7 KiB, free: 433.9 MiB)
[2026-04-09T08:03:15.019+0000] {subprocess.py:106} INFO - 26/04/09 08:03:15 INFO SparkContext: Created broadcast 74 from broadcast at DAGScheduler.scala:1585
[2026-04-09T08:03:15.020+0000] {subprocess.py:106} INFO - 26/04/09 08:03:15 INFO DAGScheduler: Submitting 1 missing tasks from ResultStage 44 (ShuffledRowRDD[87] at create at <unknown>:0) (first 15 tasks are for partitions Vector(0))
[2026-04-09T08:03:15.020+0000] {subprocess.py:106} INFO - 26/04/09 08:03:15 INFO TaskSchedulerImpl: Adding task set 44.0 with 1 tasks resource profile 0
[2026-04-09T08:03:15.023+0000] {subprocess.py:106} INFO - 26/04/09 08:03:15 INFO TaskSetManager: Starting task 0.0 in stage 44.0 (TID 39) (172.30.0.7, executor 0, partition 0, NODE_LOCAL, 9976 bytes)
[2026-04-09T08:03:15.037+0000] {subprocess.py:106} INFO - 26/04/09 08:03:15 INFO BlockManagerInfo: Added broadcast_74_piece0 in memory on 172.30.0.7:42237 (size: 5.7 KiB, free: 434.1 MiB)
[2026-04-09T08:03:15.043+0000] {subprocess.py:106} INFO - 26/04/09 08:03:15 INFO MapOutputTrackerMasterEndpoint: Asked to send map output locations for shuffle 14 to 172.30.0.7:45394
[2026-04-09T08:03:15.055+0000] {subprocess.py:106} INFO - 26/04/09 08:03:15 INFO BlockManagerInfo: Added broadcast_73_piece0 in memory on 172.30.0.7:42237 (size: 29.9 KiB, free: 434.1 MiB)
[2026-04-09T08:03:33.087+0000] {subprocess.py:106} INFO - 26/04/09 08:03:33 INFO TaskSetManager: Finished task 0.0 in stage 44.0 (TID 39) in 18064 ms on 172.30.0.7 (executor 0) (1/1)
[2026-04-09T08:03:33.088+0000] {subprocess.py:106} INFO - 26/04/09 08:03:33 INFO TaskSchedulerImpl: Removed TaskSet 44.0, whose tasks have all completed, from pool
[2026-04-09T08:03:33.088+0000] {subprocess.py:106} INFO - 26/04/09 08:03:33 INFO DAGScheduler: ResultStage 44 (create at <unknown>:0) finished in 18.075 s
[2026-04-09T08:03:33.089+0000] {subprocess.py:106} INFO - 26/04/09 08:03:33 INFO DAGScheduler: Job 27 is finished. Cancelling potential speculative or zombie tasks for this job
[2026-04-09T08:03:33.090+0000] {subprocess.py:106} INFO - 26/04/09 08:03:33 INFO TaskSchedulerImpl: Killing all running tasks in stage 44: Stage finished
[2026-04-09T08:03:33.090+0000] {subprocess.py:106} INFO - 26/04/09 08:03:33 INFO DAGScheduler: Job 27 finished: create at <unknown>:0, took 15.352668 s
[2026-04-09T08:03:33.091+0000] {subprocess.py:106} INFO - 26/04/09 08:03:33 INFO AppendDataExec: Data source write support IcebergBatchWrite(table=gold.fact_job_posting, format=PARQUET) is committing.
[2026-04-09T08:03:33.094+0000] {subprocess.py:106} INFO - 26/04/09 08:03:33 INFO SparkWrite: Committing append with 196 new data files to table gold.fact_job_posting
[2026-04-09T08:03:33.373+0000] {subprocess.py:106} INFO - 26/04/09 08:03:33 INFO SnapshotProducer: Committed snapshot 8980837458305185664 (MergeAppend)
[2026-04-09T08:03:33.400+0000] {subprocess.py:106} INFO - 26/04/09 08:03:33 INFO LoggingMetricsReporter: Received metrics report: CommitReport{tableName=gold.fact_job_posting, snapshotId=8980837458305185664, sequenceNumber=1, operation=append, commitMetrics=CommitMetricsResult{totalDuration=TimerResult{timeUnit=NANOSECONDS, totalDuration=PT0.304608369S, count=1}, attempts=CounterResult{unit=COUNT, value=1}, addedDataFiles=CounterResult{unit=COUNT, value=196}, removedDataFiles=null, totalDataFiles=CounterResult{unit=COUNT, value=196}, addedDeleteFiles=null, addedEqualityDeleteFiles=null, addedPositionalDeleteFiles=null, removedDeleteFiles=null, removedEqualityDeleteFiles=null, removedPositionalDeleteFiles=null, totalDeleteFiles=CounterResult{unit=COUNT, value=0}, addedRecords=CounterResult{unit=COUNT, value=45114}, removedRecords=null, totalRecords=CounterResult{unit=COUNT, value=45114}, addedFilesSizeInBytes=CounterResult{unit=BYTES, value=1763976}, removedFilesSizeInBytes=null, totalFilesSizeInBytes=CounterResult{unit=BYTES, value=1763976}, addedPositionalDeletes=null, removedPositionalDeletes=null, totalPositionalDeletes=CounterResult{unit=COUNT, value=0}, addedEqualityDeletes=null, removedEqualityDeletes=null, totalEqualityDeletes=CounterResult{unit=COUNT, value=0}}, metadata={engine-version=3.5.3, app-id=app-20260409080232-0000, engine-name=spark, iceberg-version=Apache Iceberg 1.6.1 (commit 8e9d59d299be42b0bca9461457cd1e95dbaad086)}}
[2026-04-09T08:03:33.400+0000] {subprocess.py:106} INFO - 26/04/09 08:03:33 INFO SparkWrite: Committed in 306 ms
[2026-04-09T08:03:33.401+0000] {subprocess.py:106} INFO - 26/04/09 08:03:33 INFO AppendDataExec: Data source write support IcebergBatchWrite(table=gold.fact_job_posting, format=PARQUET) committed.
[2026-04-09T08:03:33.721+0000] {subprocess.py:106} INFO - 26/04/09 08:03:33 INFO HiveTableOperations: Committed to table iceberg.gold.fact_job_posting with the new metadata location s3a://warehouse/iceberg_data/gold.db/fact_job_posting/metadata/00000-448b8591-98f4-45e8-838f-21ab0aa2a964.metadata.json
[2026-04-09T08:03:33.722+0000] {subprocess.py:106} INFO - 26/04/09 08:03:33 INFO BaseMetastoreTableOperations: Successfully committed to table iceberg.gold.fact_job_posting in 317 ms
[2026-04-09T08:03:33.832+0000] {subprocess.py:106} INFO - 26/04/09 08:03:33 INFO V2ScanRelationPushDown:
[2026-04-09T08:03:33.833+0000] {subprocess.py:106} INFO - Pushing operators to iceberg.silver.it_jobs_clean
[2026-04-09T08:03:33.834+0000] {subprocess.py:106} INFO - Pushed Filters: location IS NOT NULL, skills_required IS NOT NULL
[2026-04-09T08:03:33.835+0000] {subprocess.py:106} INFO - Post-Scan Filters: isnotnull(location#2),isnotnull(skills_required#3),(size(location#2, true) > 0),(size(skills_required#3, true) > 0)
[2026-04-09T08:03:33.835+0000] {subprocess.py:106} INFO - 
[2026-04-09T08:03:33.842+0000] {subprocess.py:106} INFO - 26/04/09 08:03:33 INFO V2ScanRelationPushDown:
[2026-04-09T08:03:33.848+0000] {subprocess.py:106} INFO - Output: location#2, skills_required#3
[2026-04-09T08:03:33.849+0000] {subprocess.py:106} INFO - 
[2026-04-09T08:03:33.851+0000] {subprocess.py:106} INFO - 26/04/09 08:03:33 INFO SnapshotScan: Scanning table iceberg.silver.it_jobs_clean snapshot 58672078534282665 created at 2026-04-08T15:02:01.445+00:00 with filter (location IS NOT NULL AND skills_required IS NOT NULL)
[2026-04-09T08:03:33.852+0000] {subprocess.py:106} INFO - 26/04/09 08:03:33 INFO BaseDistributedDataScan: Planning file tasks locally for table iceberg.silver.it_jobs_clean
[2026-04-09T08:03:33.901+0000] {subprocess.py:106} INFO - 26/04/09 08:03:33 INFO SparkPartitioningAwareScan: Reporting UnknownPartitioning with 2 partition(s) for table iceberg.silver.it_jobs_clean
[2026-04-09T08:03:33.911+0000] {subprocess.py:106} INFO - 26/04/09 08:03:33 INFO MemoryStore: Block broadcast_75 stored as values in memory (estimated size 32.0 KiB, free 433.3 MiB)
[2026-04-09T08:03:33.937+0000] {subprocess.py:106} INFO - 26/04/09 08:03:33 INFO MemoryStore: Block broadcast_75_piece0 stored as bytes in memory (estimated size 30.4 KiB, free 433.2 MiB)
[2026-04-09T08:03:33.937+0000] {subprocess.py:106} INFO - 26/04/09 08:03:33 INFO BlockManagerInfo: Removed broadcast_74_piece0 on c05002f484b8:38291 in memory (size: 5.7 KiB, free: 433.9 MiB)
[2026-04-09T08:03:33.938+0000] {subprocess.py:106} INFO - 26/04/09 08:03:33 INFO BlockManagerInfo: Added broadcast_75_piece0 in memory on c05002f484b8:38291 (size: 30.4 KiB, free: 433.8 MiB)
[2026-04-09T08:03:33.940+0000] {subprocess.py:106} INFO - 26/04/09 08:03:33 INFO SparkContext: Created broadcast 75 from broadcast at SparkBatch.java:79
[2026-04-09T08:03:33.961+0000] {subprocess.py:106} INFO - 26/04/09 08:03:33 INFO MemoryStore: Block broadcast_76 stored as values in memory (estimated size 32.0 KiB, free 433.2 MiB)
[2026-04-09T08:03:33.966+0000] {subprocess.py:106} INFO - 26/04/09 08:03:33 INFO MemoryStore: Block broadcast_76_piece0 stored as bytes in memory (estimated size 30.3 KiB, free 433.2 MiB)
[2026-04-09T08:03:33.967+0000] {subprocess.py:106} INFO - 26/04/09 08:03:33 INFO BlockManagerInfo: Added broadcast_76_piece0 in memory on c05002f484b8:38291 (size: 30.3 KiB, free: 433.8 MiB)
[2026-04-09T08:03:33.968+0000] {subprocess.py:106} INFO - 26/04/09 08:03:33 INFO BlockManagerInfo: Removed broadcast_74_piece0 on 172.30.0.7:42237 in memory (size: 5.7 KiB, free: 434.1 MiB)
[2026-04-09T08:03:33.970+0000] {subprocess.py:106} INFO - 26/04/09 08:03:33 INFO SparkContext: Created broadcast 76 from broadcast at SparkBatch.java:79
[2026-04-09T08:03:33.971+0000] {subprocess.py:106} INFO - 26/04/09 08:03:33 INFO BlockManagerInfo: Removed broadcast_73_piece0 on c05002f484b8:38291 in memory (size: 29.9 KiB, free: 433.8 MiB)
[2026-04-09T08:03:33.973+0000] {subprocess.py:106} INFO - 26/04/09 08:03:33 INFO BlockManagerInfo: Removed broadcast_73_piece0 on 172.30.0.7:42237 in memory (size: 29.9 KiB, free: 434.1 MiB)
[2026-04-09T08:03:33.982+0000] {subprocess.py:106} INFO - 26/04/09 08:03:33 INFO BlockManagerInfo: Removed broadcast_72_piece0 on c05002f484b8:38291 in memory (size: 13.6 KiB, free: 433.8 MiB)
[2026-04-09T08:03:33.988+0000] {subprocess.py:106} INFO - 26/04/09 08:03:33 INFO BlockManagerInfo: Removed broadcast_72_piece0 on 172.30.0.7:42237 in memory (size: 13.6 KiB, free: 434.1 MiB)
[2026-04-09T08:03:34.004+0000] {subprocess.py:106} INFO - 26/04/09 08:03:33 INFO BlockManagerInfo: Removed broadcast_69_piece0 on c05002f484b8:38291 in memory (size: 20.9 KiB, free: 433.9 MiB)
[2026-04-09T08:03:34.016+0000] {subprocess.py:106} INFO - 26/04/09 08:03:34 INFO BlockManagerInfo: Removed broadcast_69_piece0 on 172.30.0.7:42237 in memory (size: 20.9 KiB, free: 434.1 MiB)
[2026-04-09T08:03:34.019+0000] {subprocess.py:106} INFO - 26/04/09 08:03:34 INFO BlockManagerInfo: Removed broadcast_71_piece0 on c05002f484b8:38291 in memory (size: 30.4 KiB, free: 433.9 MiB)
[2026-04-09T08:03:34.026+0000] {subprocess.py:106} INFO - 26/04/09 08:03:34 INFO CodeGenerator: Code generated in 17.363128 ms
[2026-04-09T08:03:34.058+0000] {subprocess.py:106} INFO - 26/04/09 08:03:34 INFO DAGScheduler: Registering RDD 91 (count at <unknown>:0) as input to shuffle 15
[2026-04-09T08:03:34.060+0000] {subprocess.py:106} INFO - 26/04/09 08:03:34 INFO DAGScheduler: Got map stage job 28 (count at <unknown>:0) with 2 output partitions
[2026-04-09T08:03:34.061+0000] {subprocess.py:106} INFO - 26/04/09 08:03:34 INFO DAGScheduler: Final stage: ShuffleMapStage 45 (count at <unknown>:0)
[2026-04-09T08:03:34.063+0000] {subprocess.py:106} INFO - 26/04/09 08:03:34 INFO DAGScheduler: Parents of final stage: List()
[2026-04-09T08:03:34.064+0000] {subprocess.py:106} INFO - 26/04/09 08:03:34 INFO DAGScheduler: Missing parents: List()
[2026-04-09T08:03:34.066+0000] {subprocess.py:106} INFO - 26/04/09 08:03:34 INFO DAGScheduler: Submitting ShuffleMapStage 45 (MapPartitionsRDD[91] at count at <unknown>:0), which has no missing parents
[2026-04-09T08:03:34.068+0000] {subprocess.py:106} INFO - 26/04/09 08:03:34 INFO MemoryStore: Block broadcast_77 stored as values in memory (estimated size 19.7 KiB, free 433.4 MiB)
[2026-04-09T08:03:34.069+0000] {subprocess.py:106} INFO - 26/04/09 08:03:34 INFO MemoryStore: Block broadcast_77_piece0 stored as bytes in memory (estimated size 7.7 KiB, free 433.4 MiB)
[2026-04-09T08:03:34.070+0000] {subprocess.py:106} INFO - 26/04/09 08:03:34 INFO BlockManagerInfo: Added broadcast_77_piece0 in memory on c05002f484b8:38291 (size: 7.7 KiB, free: 433.9 MiB)
[2026-04-09T08:03:34.072+0000] {subprocess.py:106} INFO - 26/04/09 08:03:34 INFO SparkContext: Created broadcast 77 from broadcast at DAGScheduler.scala:1585
[2026-04-09T08:03:34.074+0000] {subprocess.py:106} INFO - 26/04/09 08:03:34 INFO DAGScheduler: Submitting 2 missing tasks from ShuffleMapStage 45 (MapPartitionsRDD[91] at count at <unknown>:0) (first 15 tasks are for partitions Vector(0, 1))
[2026-04-09T08:03:34.075+0000] {subprocess.py:106} INFO - 26/04/09 08:03:34 INFO TaskSchedulerImpl: Adding task set 45.0 with 2 tasks resource profile 0
[2026-04-09T08:03:34.076+0000] {subprocess.py:106} INFO - 26/04/09 08:03:34 INFO TaskSetManager: Starting task 0.0 in stage 45.0 (TID 40) (172.30.0.7, executor 0, partition 0, PROCESS_LOCAL, 16684 bytes)
[2026-04-09T08:03:34.095+0000] {subprocess.py:106} INFO - 26/04/09 08:03:34 INFO BlockManagerInfo: Added broadcast_77_piece0 in memory on 172.30.0.7:42237 (size: 7.7 KiB, free: 434.1 MiB)
[2026-04-09T08:03:34.158+0000] {subprocess.py:106} INFO - 26/04/09 08:03:34 INFO BlockManagerInfo: Added broadcast_76_piece0 in memory on 172.30.0.7:42237 (size: 30.3 KiB, free: 434.1 MiB)
[2026-04-09T08:03:34.477+0000] {subprocess.py:106} INFO - 26/04/09 08:03:34 INFO TaskSetManager: Starting task 1.0 in stage 45.0 (TID 41) (172.30.0.7, executor 0, partition 1, PROCESS_LOCAL, 15465 bytes)
[2026-04-09T08:03:34.478+0000] {subprocess.py:106} INFO - 26/04/09 08:03:34 INFO TaskSetManager: Finished task 0.0 in stage 45.0 (TID 40) in 397 ms on 172.30.0.7 (executor 0) (1/2)
[2026-04-09T08:03:34.564+0000] {subprocess.py:106} INFO - 26/04/09 08:03:34 INFO TaskSetManager: Finished task 1.0 in stage 45.0 (TID 41) in 98 ms on 172.30.0.7 (executor 0) (2/2)
[2026-04-09T08:03:34.565+0000] {subprocess.py:106} INFO - 26/04/09 08:03:34 INFO TaskSchedulerImpl: Removed TaskSet 45.0, whose tasks have all completed, from pool
[2026-04-09T08:03:34.566+0000] {subprocess.py:106} INFO - 26/04/09 08:03:34 INFO DAGScheduler: ShuffleMapStage 45 (count at <unknown>:0) finished in 0.507 s
[2026-04-09T08:03:34.567+0000] {subprocess.py:106} INFO - 26/04/09 08:03:34 INFO DAGScheduler: looking for newly runnable stages
[2026-04-09T08:03:34.567+0000] {subprocess.py:106} INFO - 26/04/09 08:03:34 INFO DAGScheduler: running: Set()
[2026-04-09T08:03:34.568+0000] {subprocess.py:106} INFO - 26/04/09 08:03:34 INFO DAGScheduler: waiting: Set()
[2026-04-09T08:03:34.568+0000] {subprocess.py:106} INFO - 26/04/09 08:03:34 INFO DAGScheduler: failed: Set()
[2026-04-09T08:03:34.585+0000] {subprocess.py:106} INFO - 26/04/09 08:03:34 INFO CodeGenerator: Code generated in 8.099955 ms
[2026-04-09T08:03:34.603+0000] {subprocess.py:106} INFO - 26/04/09 08:03:34 INFO SparkContext: Starting job: count at <unknown>:0
[2026-04-09T08:03:34.608+0000] {subprocess.py:106} INFO - 26/04/09 08:03:34 INFO DAGScheduler: Got job 29 (count at <unknown>:0) with 1 output partitions
[2026-04-09T08:03:34.609+0000] {subprocess.py:106} INFO - 26/04/09 08:03:34 INFO DAGScheduler: Final stage: ResultStage 47 (count at <unknown>:0)
[2026-04-09T08:03:34.610+0000] {subprocess.py:106} INFO - 26/04/09 08:03:34 INFO DAGScheduler: Parents of final stage: List(ShuffleMapStage 46)
[2026-04-09T08:03:34.611+0000] {subprocess.py:106} INFO - 26/04/09 08:03:34 INFO DAGScheduler: Missing parents: List()
[2026-04-09T08:03:34.612+0000] {subprocess.py:106} INFO - 26/04/09 08:03:34 INFO DAGScheduler: Submitting ResultStage 47 (MapPartitionsRDD[94] at count at <unknown>:0), which has no missing parents
[2026-04-09T08:03:34.612+0000] {subprocess.py:106} INFO - 26/04/09 08:03:34 INFO MemoryStore: Block broadcast_78 stored as values in memory (estimated size 12.5 KiB, free 433.4 MiB)
[2026-04-09T08:03:34.613+0000] {subprocess.py:106} INFO - 26/04/09 08:03:34 INFO MemoryStore: Block broadcast_78_piece0 stored as bytes in memory (estimated size 6.0 KiB, free 433.4 MiB)
[2026-04-09T08:03:34.616+0000] {subprocess.py:106} INFO - 26/04/09 08:03:34 INFO BlockManagerInfo: Added broadcast_78_piece0 in memory on c05002f484b8:38291 (size: 6.0 KiB, free: 433.9 MiB)
[2026-04-09T08:03:34.617+0000] {subprocess.py:106} INFO - 26/04/09 08:03:34 INFO SparkContext: Created broadcast 78 from broadcast at DAGScheduler.scala:1585
[2026-04-09T08:03:34.621+0000] {subprocess.py:106} INFO - 26/04/09 08:03:34 INFO DAGScheduler: Submitting 1 missing tasks from ResultStage 47 (MapPartitionsRDD[94] at count at <unknown>:0) (first 15 tasks are for partitions Vector(0))
[2026-04-09T08:03:34.622+0000] {subprocess.py:106} INFO - 26/04/09 08:03:34 INFO TaskSchedulerImpl: Adding task set 47.0 with 1 tasks resource profile 0
[2026-04-09T08:03:34.623+0000] {subprocess.py:106} INFO - 26/04/09 08:03:34 INFO TaskSetManager: Starting task 0.0 in stage 47.0 (TID 42) (172.30.0.7, executor 0, partition 0, NODE_LOCAL, 9976 bytes)
[2026-04-09T08:03:34.629+0000] {subprocess.py:106} INFO - 26/04/09 08:03:34 INFO BlockManagerInfo: Added broadcast_78_piece0 in memory on 172.30.0.7:42237 (size: 6.0 KiB, free: 434.1 MiB)
[2026-04-09T08:03:34.635+0000] {subprocess.py:106} INFO - 26/04/09 08:03:34 INFO MapOutputTrackerMasterEndpoint: Asked to send map output locations for shuffle 15 to 172.30.0.7:45394
[2026-04-09T08:03:34.657+0000] {subprocess.py:106} INFO - 26/04/09 08:03:34 INFO TaskSetManager: Finished task 0.0 in stage 47.0 (TID 42) in 41 ms on 172.30.0.7 (executor 0) (1/1)
[2026-04-09T08:03:34.658+0000] {subprocess.py:106} INFO - 26/04/09 08:03:34 INFO TaskSchedulerImpl: Removed TaskSet 47.0, whose tasks have all completed, from pool
[2026-04-09T08:03:34.659+0000] {subprocess.py:106} INFO - 26/04/09 08:03:34 INFO DAGScheduler: ResultStage 47 (count at <unknown>:0) finished in 0.050 s
[2026-04-09T08:03:34.659+0000] {subprocess.py:106} INFO - 26/04/09 08:03:34 INFO DAGScheduler: Job 29 is finished. Cancelling potential speculative or zombie tasks for this job
[2026-04-09T08:03:34.660+0000] {subprocess.py:106} INFO - 26/04/09 08:03:34 INFO TaskSchedulerImpl: Killing all running tasks in stage 47: Stage finished
[2026-04-09T08:03:34.661+0000] {subprocess.py:106} INFO - 26/04/09 08:03:34 INFO DAGScheduler: Job 29 finished: count at <unknown>:0, took 0.054809 s
[2026-04-09T08:03:34.662+0000] {subprocess.py:106} INFO - 26/04/09 08:03:34 INFO SparkContext: SparkContext is stopping with exitCode 0.
[2026-04-09T08:03:34.663+0000] {subprocess.py:106} INFO - >>> GOLD Layer Built Successfully. Fact records: 45114
[2026-04-09T08:03:34.683+0000] {subprocess.py:106} INFO - 26/04/09 08:03:34 INFO SparkUI: Stopped Spark web UI at http://c05002f484b8:4040
[2026-04-09T08:03:34.689+0000] {subprocess.py:106} INFO - 26/04/09 08:03:34 INFO StandaloneSchedulerBackend: Shutting down all executors
[2026-04-09T08:03:34.689+0000] {subprocess.py:106} INFO - 26/04/09 08:03:34 INFO StandaloneSchedulerBackend$StandaloneDriverEndpoint: Asking each executor to shut down
[2026-04-09T08:03:34.725+0000] {subprocess.py:106} INFO - 26/04/09 08:03:34 INFO MapOutputTrackerMasterEndpoint: MapOutputTrackerMasterEndpoint stopped!
[2026-04-09T08:03:34.754+0000] {subprocess.py:106} INFO - 26/04/09 08:03:34 INFO MemoryStore: MemoryStore cleared
[2026-04-09T08:03:34.755+0000] {subprocess.py:106} INFO - 26/04/09 08:03:34 INFO BlockManager: BlockManager stopped
[2026-04-09T08:03:34.764+0000] {subprocess.py:106} INFO - 26/04/09 08:03:34 INFO BlockManagerMaster: BlockManagerMaster stopped
[2026-04-09T08:03:34.777+0000] {subprocess.py:106} INFO - 26/04/09 08:03:34 INFO OutputCommitCoordinator$OutputCommitCoordinatorEndpoint: OutputCommitCoordinator stopped!
[2026-04-09T08:03:34.832+0000] {subprocess.py:106} INFO - 26/04/09 08:03:34 INFO SparkContext: Successfully stopped SparkContext
[2026-04-09T08:03:34.997+0000] {subprocess.py:106} INFO - 26/04/09 08:03:34 INFO ShutdownHookManager: Shutdown hook called
[2026-04-09T08:03:34.998+0000] {subprocess.py:106} INFO - 26/04/09 08:03:34 INFO ShutdownHookManager: Deleting directory /tmp/spark-9cbba130-6b60-4466-8238-5336dc3ea3a7
[2026-04-09T08:03:35.006+0000] {subprocess.py:106} INFO - 26/04/09 08:03:35 INFO ShutdownHookManager: Deleting directory /tmp/spark-faa7ec2d-c8d9-4de8-8d4e-405842e8e719
[2026-04-09T08:03:35.013+0000] {subprocess.py:106} INFO - 26/04/09 08:03:35 INFO ShutdownHookManager: Deleting directory /tmp/spark-9cbba130-6b60-4466-8238-5336dc3ea3a7/pyspark-af2c886f-f35e-4aab-b767-69782bb21505
[2026-04-09T08:03:35.035+0000] {subprocess.py:106} INFO - 26/04/09 08:03:35 INFO MetricsSystemImpl: Stopping s3a-file-system metrics system...
[2026-04-09T08:03:35.037+0000] {subprocess.py:106} INFO - 26/04/09 08:03:35 INFO MetricsSystemImpl: s3a-file-system metrics system stopped.
[2026-04-09T08:03:35.038+0000] {subprocess.py:106} INFO - 26/04/09 08:03:35 INFO MetricsSystemImpl: s3a-file-system metrics system shutdown complete.
[2026-04-09T08:03:35.168+0000] {subprocess.py:110} INFO - Command exited with return code 0
[2026-04-09T08:03:35.274+0000] {taskinstance.py:341} INFO - ::group::Post task execution logs
[2026-04-09T08:03:35.276+0000] {taskinstance.py:353} INFO - Marking task as SUCCESS. dag_id=crawl_etl_itjob, task_id=build_gold, run_id=scheduled__2026-04-07T02:00:00+00:00, execution_date=20260407T020000, start_date=20260409T080221, end_date=20260409T080335
[2026-04-09T08:03:35.485+0000] {local_task_job_runner.py:266} INFO - Task exited with return code 0
[2026-04-09T08:03:35.536+0000] {taskinstance.py:3901} INFO - 0 downstream tasks scheduled from follow-on schedule check
[2026-04-09T08:03:35.540+0000] {local_task_job_runner.py:245} INFO - ::endgroup::
