[2026-04-07T07:27:32.622+0000] {local_task_job_runner.py:123} INFO - ::group::Pre task execution logs
[2026-04-07T07:27:32.725+0000] {taskinstance.py:2614} INFO - Dependencies all met for dep_context=non-requeueable deps ti=<TaskInstance: crawl_etl_itjob.build_gold scheduled__2026-04-05T02:00:00+00:00 [queued]>
[2026-04-07T07:27:32.762+0000] {taskinstance.py:2614} INFO - Dependencies all met for dep_context=requeueable deps ti=<TaskInstance: crawl_etl_itjob.build_gold scheduled__2026-04-05T02:00:00+00:00 [queued]>
[2026-04-07T07:27:32.763+0000] {taskinstance.py:2867} INFO - Starting attempt 1 of 2
[2026-04-07T07:27:32.780+0000] {taskinstance.py:2890} INFO - Executing <Task(BashOperator): build_gold> on 2026-04-05 02:00:00+00:00
[2026-04-07T07:27:32.789+0000] {standard_task_runner.py:72} INFO - Started process 85 to run task
[2026-04-07T07:27:32.793+0000] {standard_task_runner.py:104} INFO - Running: ['***', 'tasks', 'run', 'crawl_etl_itjob', 'build_gold', 'scheduled__2026-04-05T02:00:00+00:00', '--job-id', '788', '--raw', '--subdir', 'DAGS_FOLDER/Crawl_ETL_ITJob.py', '--cfg-path', '/tmp/tmpe9o4hksq']
[2026-04-07T07:27:32.795+0000] {standard_task_runner.py:105} INFO - Job 788: Subtask build_gold
[2026-04-07T07:27:32.831+0000] {warnings.py:109} WARNING - /home/***/.local/lib/python3.8/site-packages/***/settings.py:209: DeprecationWarning: The sql_alchemy_conn option in [core] has been moved to the sql_alchemy_conn option in [database] - the old setting has been used, but please update your config.
  SQL_ALCHEMY_CONN = conf.get("database", "SQL_ALCHEMY_CONN")

[2026-04-07T07:27:32.924+0000] {task_command.py:467} INFO - Running <TaskInstance: crawl_etl_itjob.build_gold scheduled__2026-04-05T02:00:00+00:00 [running]> on host b48ab74ce2ed
[2026-04-07T07:27:32.925+0000] {warnings.py:109} WARNING - /home/***/.local/lib/python3.8/site-packages/***/settings.py:470: DeprecationWarning: The sql_alchemy_conn option in [core] has been moved to the sql_alchemy_conn option in [database] - the old setting has been used, but please update your config.
  if conf.get("database", "sql_alchemy_conn") == "none://":

[2026-04-07T07:27:33.111+0000] {taskinstance.py:3134} INFO - Exporting env vars: AIRFLOW_CTX_DAG_EMAIL='hoa856856@gmail.com' AIRFLOW_CTX_DAG_OWNER='***' AIRFLOW_CTX_DAG_ID='crawl_etl_itjob' AIRFLOW_CTX_TASK_ID='build_gold' AIRFLOW_CTX_EXECUTION_DATE='2026-04-05T02:00:00+00:00' AIRFLOW_CTX_TRY_NUMBER='1' AIRFLOW_CTX_DAG_RUN_ID='scheduled__2026-04-05T02:00:00+00:00'
[2026-04-07T07:27:33.113+0000] {taskinstance.py:732} INFO - ::endgroup::
[2026-04-07T07:27:33.129+0000] {subprocess.py:78} INFO - Tmp dir root location: /tmp
[2026-04-07T07:27:33.130+0000] {subprocess.py:88} INFO - Running command: ['/bin/bash', '-c', "\n        docker exec spark-submit bash -c '\n        /opt/spark/bin/spark-submit         --master spark://spark-master:7077         --deploy-mode client         --packages org.apache.iceberg:iceberg-spark-runtime-3.5_2.12:1.5.0,org.apache.hadoop:hadoop-aws:3.3.4,com.amazonaws:aws-java-sdk-bundle:1.12.262         /opt/spark/scripts/Build_Gold.py\n        '\n        "]
[2026-04-07T07:27:33.142+0000] {subprocess.py:99} INFO - Output:
[2026-04-07T07:27:33.270+0000] {subprocess.py:106} INFO - /opt/spark/bin/load-spark-env.sh: line 68: ps: command not found
[2026-04-07T07:27:35.160+0000] {subprocess.py:106} INFO - :: loading settings :: url = jar:file:/opt/spark/jars/ivy-2.5.1.jar!/org/apache/ivy/core/settings/ivysettings.xml
[2026-04-07T07:27:35.300+0000] {subprocess.py:106} INFO - Ivy Default Cache set to: /home/spark/.ivy2/cache
[2026-04-07T07:27:35.301+0000] {subprocess.py:106} INFO - The jars for the packages stored in: /home/spark/.ivy2/jars
[2026-04-07T07:27:35.310+0000] {subprocess.py:106} INFO - org.apache.iceberg#iceberg-spark-runtime-3.5_2.12 added as a dependency
[2026-04-07T07:27:35.311+0000] {subprocess.py:106} INFO - org.apache.hadoop#hadoop-aws added as a dependency
[2026-04-07T07:27:35.312+0000] {subprocess.py:106} INFO - com.amazonaws#aws-java-sdk-bundle added as a dependency
[2026-04-07T07:27:35.313+0000] {subprocess.py:106} INFO - :: resolving dependencies :: org.apache.spark#spark-submit-parent-e06197a6-f7a9-436a-b271-f04b44d04d03;1.0
[2026-04-07T07:27:35.314+0000] {subprocess.py:106} INFO - 	confs: [default]
[2026-04-07T07:27:35.468+0000] {subprocess.py:106} INFO - 	found org.apache.iceberg#iceberg-spark-runtime-3.5_2.12;1.5.0 in central
[2026-04-07T07:27:35.564+0000] {subprocess.py:106} INFO - 	found org.apache.hadoop#hadoop-aws;3.3.4 in central
[2026-04-07T07:27:35.596+0000] {subprocess.py:106} INFO - 	found com.amazonaws#aws-java-sdk-bundle;1.12.262 in central
[2026-04-07T07:27:35.631+0000] {subprocess.py:106} INFO - 	found org.wildfly.openssl#wildfly-openssl;1.0.7.Final in central
[2026-04-07T07:27:35.665+0000] {subprocess.py:106} INFO - :: resolution report :: resolve 338ms :: artifacts dl 14ms
[2026-04-07T07:27:35.666+0000] {subprocess.py:106} INFO - 	:: modules in use:
[2026-04-07T07:27:35.668+0000] {subprocess.py:106} INFO - 	com.amazonaws#aws-java-sdk-bundle;1.12.262 from central in [default]
[2026-04-07T07:27:35.669+0000] {subprocess.py:106} INFO - 	org.apache.hadoop#hadoop-aws;3.3.4 from central in [default]
[2026-04-07T07:27:35.669+0000] {subprocess.py:106} INFO - 	org.apache.iceberg#iceberg-spark-runtime-3.5_2.12;1.5.0 from central in [default]
[2026-04-07T07:27:35.670+0000] {subprocess.py:106} INFO - 	org.wildfly.openssl#wildfly-openssl;1.0.7.Final from central in [default]
[2026-04-07T07:27:35.672+0000] {subprocess.py:106} INFO - 	---------------------------------------------------------------------
[2026-04-07T07:27:35.672+0000] {subprocess.py:106} INFO - 	|                  |            modules            ||   artifacts   |
[2026-04-07T07:27:35.673+0000] {subprocess.py:106} INFO - 	|       conf       | number| search|dwnlded|evicted|| number|dwnlded|
[2026-04-07T07:27:35.674+0000] {subprocess.py:106} INFO - 	---------------------------------------------------------------------
[2026-04-07T07:27:35.674+0000] {subprocess.py:106} INFO - 	|      default     |   4   |   0   |   0   |   0   ||   4   |   0   |
[2026-04-07T07:27:35.675+0000] {subprocess.py:106} INFO - 	---------------------------------------------------------------------
[2026-04-07T07:27:35.677+0000] {subprocess.py:106} INFO - :: retrieving :: org.apache.spark#spark-submit-parent-e06197a6-f7a9-436a-b271-f04b44d04d03
[2026-04-07T07:27:35.678+0000] {subprocess.py:106} INFO - 	confs: [default]
[2026-04-07T07:27:35.690+0000] {subprocess.py:106} INFO - 	0 artifacts copied, 4 already retrieved (0kB/10ms)
[2026-04-07T07:27:35.970+0000] {subprocess.py:106} INFO - 26/04/07 07:27:35 WARN NativeCodeLoader: Unable to load native-hadoop library for your platform... using builtin-java classes where applicable
[2026-04-07T07:27:37.306+0000] {subprocess.py:106} INFO - 26/04/07 07:27:37 INFO SparkContext: Running Spark version 3.5.3
[2026-04-07T07:27:37.307+0000] {subprocess.py:106} INFO - 26/04/07 07:27:37 INFO SparkContext: OS info Linux, 6.6.87.2-microsoft-standard-WSL2, amd64
[2026-04-07T07:27:37.308+0000] {subprocess.py:106} INFO - 26/04/07 07:27:37 INFO SparkContext: Java version 11.0.30
[2026-04-07T07:27:37.333+0000] {subprocess.py:106} INFO - 26/04/07 07:27:37 INFO ResourceUtils: ==============================================================
[2026-04-07T07:27:37.334+0000] {subprocess.py:106} INFO - 26/04/07 07:27:37 INFO ResourceUtils: No custom resources configured for spark.driver.
[2026-04-07T07:27:37.334+0000] {subprocess.py:106} INFO - 26/04/07 07:27:37 INFO ResourceUtils: ==============================================================
[2026-04-07T07:27:37.335+0000] {subprocess.py:106} INFO - 26/04/07 07:27:37 INFO SparkContext: Submitted application: Build_Gold_Layer_Star_Schema
[2026-04-07T07:27:37.357+0000] {subprocess.py:106} INFO - 26/04/07 07:27:37 INFO ResourceProfile: Default ResourceProfile created, executor resources: Map(memory -> name: memory, amount: 1024, script: , vendor: , offHeap -> name: offHeap, amount: 0, script: , vendor: ), task resources: Map(cpus -> name: cpus, amount: 1.0)
[2026-04-07T07:27:37.369+0000] {subprocess.py:106} INFO - 26/04/07 07:27:37 INFO ResourceProfile: Limiting resource is cpu
[2026-04-07T07:27:37.372+0000] {subprocess.py:106} INFO - 26/04/07 07:27:37 INFO ResourceProfileManager: Added ResourceProfile id: 0
[2026-04-07T07:27:37.428+0000] {subprocess.py:106} INFO - 26/04/07 07:27:37 INFO SecurityManager: Changing view acls to: spark
[2026-04-07T07:27:37.429+0000] {subprocess.py:106} INFO - 26/04/07 07:27:37 INFO SecurityManager: Changing modify acls to: spark
[2026-04-07T07:27:37.430+0000] {subprocess.py:106} INFO - 26/04/07 07:27:37 INFO SecurityManager: Changing view acls groups to:
[2026-04-07T07:27:37.430+0000] {subprocess.py:106} INFO - 26/04/07 07:27:37 INFO SecurityManager: Changing modify acls groups to:
[2026-04-07T07:27:37.431+0000] {subprocess.py:106} INFO - 26/04/07 07:27:37 INFO SecurityManager: SecurityManager: authentication disabled; ui acls disabled; users with view permissions: spark; groups with view permissions: EMPTY; users with modify permissions: spark; groups with modify permissions: EMPTY
[2026-04-07T07:27:35.052+0000] {subprocess.py:106} INFO - 26/04/07 07:27:35 INFO Utils: Successfully started service 'sparkDriver' on port 43627.
[2026-04-07T07:27:35.076+0000] {subprocess.py:106} INFO - 26/04/07 07:27:35 INFO SparkEnv: Registering MapOutputTracker
[2026-04-07T07:27:35.110+0000] {subprocess.py:106} INFO - 26/04/07 07:27:35 INFO SparkEnv: Registering BlockManagerMaster
[2026-04-07T07:27:35.122+0000] {subprocess.py:106} INFO - 26/04/07 07:27:35 INFO BlockManagerMasterEndpoint: Using org.apache.spark.storage.DefaultTopologyMapper for getting topology information
[2026-04-07T07:27:35.123+0000] {subprocess.py:106} INFO - 26/04/07 07:27:35 INFO BlockManagerMasterEndpoint: BlockManagerMasterEndpoint up
[2026-04-07T07:27:35.127+0000] {subprocess.py:106} INFO - 26/04/07 07:27:35 INFO SparkEnv: Registering BlockManagerMasterHeartbeat
[2026-04-07T07:27:35.148+0000] {subprocess.py:106} INFO - 26/04/07 07:27:35 INFO DiskBlockManager: Created local directory at /tmp/blockmgr-de1a806f-7fdd-4692-8c28-87fdcfe2c014
[2026-04-07T07:27:35.160+0000] {subprocess.py:106} INFO - 26/04/07 07:27:35 INFO MemoryStore: MemoryStore started with capacity 434.4 MiB
[2026-04-07T07:27:35.172+0000] {subprocess.py:106} INFO - 26/04/07 07:27:35 INFO SparkEnv: Registering OutputCommitCoordinator
[2026-04-07T07:27:41.232+0000] {subprocess.py:106} INFO - 26/04/07 07:27:41 INFO JettyUtils: Start Jetty 0.0.0.0:4040 for SparkUI
[2026-04-07T07:27:41.277+0000] {subprocess.py:106} INFO - 26/04/07 07:27:41 INFO Utils: Successfully started service 'SparkUI' on port 4040.
[2026-04-07T07:27:41.314+0000] {subprocess.py:106} INFO - 26/04/07 07:27:41 INFO SparkContext: Added JAR file:///home/spark/.ivy2/jars/org.apache.iceberg_iceberg-spark-runtime-3.5_2.12-1.5.0.jar at spark://d0f687c55036:43627/jars/org.apache.iceberg_iceberg-spark-runtime-3.5_2.12-1.5.0.jar with timestamp 1775546857296
[2026-04-07T07:27:41.315+0000] {subprocess.py:106} INFO - 26/04/07 07:27:41 INFO SparkContext: Added JAR file:///home/spark/.ivy2/jars/org.apache.hadoop_hadoop-aws-3.3.4.jar at spark://d0f687c55036:43627/jars/org.apache.hadoop_hadoop-aws-3.3.4.jar with timestamp 1775546857296
[2026-04-07T07:27:41.316+0000] {subprocess.py:106} INFO - 26/04/07 07:27:41 INFO SparkContext: Added JAR file:///home/spark/.ivy2/jars/com.amazonaws_aws-java-sdk-bundle-1.12.262.jar at spark://d0f687c55036:43627/jars/com.amazonaws_aws-java-sdk-bundle-1.12.262.jar with timestamp 1775546857296
[2026-04-07T07:27:41.316+0000] {subprocess.py:106} INFO - 26/04/07 07:27:41 INFO SparkContext: Added JAR file:///home/spark/.ivy2/jars/org.wildfly.openssl_wildfly-openssl-1.0.7.Final.jar at spark://d0f687c55036:43627/jars/org.wildfly.openssl_wildfly-openssl-1.0.7.Final.jar with timestamp 1775546857296
[2026-04-07T07:27:41.320+0000] {subprocess.py:106} INFO - 26/04/07 07:27:41 INFO SparkContext: Added file file:///home/spark/.ivy2/jars/org.apache.iceberg_iceberg-spark-runtime-3.5_2.12-1.5.0.jar at spark://d0f687c55036:43627/files/org.apache.iceberg_iceberg-spark-runtime-3.5_2.12-1.5.0.jar with timestamp 1775546857296
[2026-04-07T07:27:41.322+0000] {subprocess.py:106} INFO - 26/04/07 07:27:41 INFO Utils: Copying /home/spark/.ivy2/jars/org.apache.iceberg_iceberg-spark-runtime-3.5_2.12-1.5.0.jar to /tmp/spark-110280fb-0982-4d22-8255-b2afc2d2df38/userFiles-677f1c3e-807e-47bc-a38a-59102b357ea7/org.apache.iceberg_iceberg-spark-runtime-3.5_2.12-1.5.0.jar
[2026-04-07T07:27:41.374+0000] {subprocess.py:106} INFO - 26/04/07 07:27:41 INFO SparkContext: Added file file:///home/spark/.ivy2/jars/org.apache.hadoop_hadoop-aws-3.3.4.jar at spark://d0f687c55036:43627/files/org.apache.hadoop_hadoop-aws-3.3.4.jar with timestamp 1775546857296
[2026-04-07T07:27:41.375+0000] {subprocess.py:106} INFO - 26/04/07 07:27:41 INFO Utils: Copying /home/spark/.ivy2/jars/org.apache.hadoop_hadoop-aws-3.3.4.jar to /tmp/spark-110280fb-0982-4d22-8255-b2afc2d2df38/userFiles-677f1c3e-807e-47bc-a38a-59102b357ea7/org.apache.hadoop_hadoop-aws-3.3.4.jar
[2026-04-07T07:27:41.380+0000] {subprocess.py:106} INFO - 26/04/07 07:27:41 INFO SparkContext: Added file file:///home/spark/.ivy2/jars/com.amazonaws_aws-java-sdk-bundle-1.12.262.jar at spark://d0f687c55036:43627/files/com.amazonaws_aws-java-sdk-bundle-1.12.262.jar with timestamp 1775546857296
[2026-04-07T07:27:41.380+0000] {subprocess.py:106} INFO - 26/04/07 07:27:41 INFO Utils: Copying /home/spark/.ivy2/jars/com.amazonaws_aws-java-sdk-bundle-1.12.262.jar to /tmp/spark-110280fb-0982-4d22-8255-b2afc2d2df38/userFiles-677f1c3e-807e-47bc-a38a-59102b357ea7/com.amazonaws_aws-java-sdk-bundle-1.12.262.jar
[2026-04-07T07:27:41.720+0000] {subprocess.py:106} INFO - 26/04/07 07:27:41 INFO SparkContext: Added file file:///home/spark/.ivy2/jars/org.wildfly.openssl_wildfly-openssl-1.0.7.Final.jar at spark://d0f687c55036:43627/files/org.wildfly.openssl_wildfly-openssl-1.0.7.Final.jar with timestamp 1775546857296
[2026-04-07T07:27:41.721+0000] {subprocess.py:106} INFO - 26/04/07 07:27:41 INFO Utils: Copying /home/spark/.ivy2/jars/org.wildfly.openssl_wildfly-openssl-1.0.7.Final.jar to /tmp/spark-110280fb-0982-4d22-8255-b2afc2d2df38/userFiles-677f1c3e-807e-47bc-a38a-59102b357ea7/org.wildfly.openssl_wildfly-openssl-1.0.7.Final.jar
[2026-04-07T07:27:41.825+0000] {subprocess.py:106} INFO - 26/04/07 07:27:41 INFO StandaloneAppClient$ClientEndpoint: Connecting to master spark://spark-master:7077...
[2026-04-07T07:27:41.883+0000] {subprocess.py:106} INFO - 26/04/07 07:27:41 INFO TransportClientFactory: Successfully created connection to spark-master/172.30.0.6:7077 after 36 ms (0 ms spent in bootstraps)
[2026-04-07T07:27:42.011+0000] {subprocess.py:106} INFO - 26/04/07 07:27:42 INFO StandaloneSchedulerBackend: Connected to Spark cluster with app ID app-20260407072741-0002
[2026-04-07T07:27:42.013+0000] {subprocess.py:106} INFO - 26/04/07 07:27:42 INFO StandaloneAppClient$ClientEndpoint: Executor added: app-20260407072741-0002/0 on worker-20260407071422-172.30.0.7-40989 (172.30.0.7:40989) with 8 core(s)
[2026-04-07T07:27:42.015+0000] {subprocess.py:106} INFO - 26/04/07 07:27:42 INFO StandaloneSchedulerBackend: Granted executor ID app-20260407072741-0002/0 on hostPort 172.30.0.7:40989 with 8 core(s), 1024.0 MiB RAM
[2026-04-07T07:27:42.024+0000] {subprocess.py:106} INFO - 26/04/07 07:27:42 INFO Utils: Successfully started service 'org.apache.spark.network.netty.NettyBlockTransferService' on port 33009.
[2026-04-07T07:27:42.024+0000] {subprocess.py:106} INFO - 26/04/07 07:27:42 INFO NettyBlockTransferService: Server created on d0f687c55036:33009
[2026-04-07T07:27:42.027+0000] {subprocess.py:106} INFO - 26/04/07 07:27:42 INFO BlockManager: Using org.apache.spark.storage.RandomBlockReplicationPolicy for block replication policy
[2026-04-07T07:27:42.034+0000] {subprocess.py:106} INFO - 26/04/07 07:27:42 INFO BlockManagerMaster: Registering BlockManager BlockManagerId(driver, d0f687c55036, 33009, None)
[2026-04-07T07:27:42.040+0000] {subprocess.py:106} INFO - 26/04/07 07:27:42 INFO BlockManagerMasterEndpoint: Registering block manager d0f687c55036:33009 with 434.4 MiB RAM, BlockManagerId(driver, d0f687c55036, 33009, None)
[2026-04-07T07:27:42.043+0000] {subprocess.py:106} INFO - 26/04/07 07:27:42 INFO BlockManagerMaster: Registered BlockManager BlockManagerId(driver, d0f687c55036, 33009, None)
[2026-04-07T07:27:42.046+0000] {subprocess.py:106} INFO - 26/04/07 07:27:42 INFO BlockManager: Initialized BlockManager: BlockManagerId(driver, d0f687c55036, 33009, None)
[2026-04-07T07:27:42.066+0000] {subprocess.py:106} INFO - 26/04/07 07:27:42 INFO StandaloneAppClient$ClientEndpoint: Executor updated: app-20260407072741-0002/0 is now RUNNING
[2026-04-07T07:27:42.367+0000] {subprocess.py:106} INFO - 26/04/07 07:27:42 INFO StandaloneSchedulerBackend: SchedulerBackend is ready for scheduling beginning after reached minRegisteredResourcesRatio: 0.0
[2026-04-07T07:27:42.688+0000] {subprocess.py:106} INFO - 26/04/07 07:27:42 INFO SharedState: Setting hive.metastore.warehouse.dir ('null') to the value of spark.sql.warehouse.dir.
[2026-04-07T07:27:42.692+0000] {subprocess.py:106} INFO - 26/04/07 07:27:42 INFO SharedState: Warehouse path is 'file:/opt/spark/spark-warehouse'.
[2026-04-07T07:27:43.295+0000] {job.py:229} INFO - Heartbeat recovered after 10.97 seconds
[2026-04-07T07:27:45.668+0000] {subprocess.py:106} INFO - 26/04/07 07:27:45 INFO StandaloneSchedulerBackend$StandaloneDriverEndpoint: Registered executor NettyRpcEndpointRef(spark-client://Executor) (172.30.0.7:56770) with ID 0,  ResourceProfileId 0
[2026-04-07T07:27:45.752+0000] {subprocess.py:106} INFO - 26/04/07 07:27:45 INFO BlockManagerMasterEndpoint: Registering block manager 172.30.0.7:44967 with 434.4 MiB RAM, BlockManagerId(0, 172.30.0.7, 44967, None)
[2026-04-07T07:27:46.100+0000] {subprocess.py:106} INFO - 26/04/07 07:27:46 INFO HiveConf: Found configuration file null
[2026-04-07T07:27:46.374+0000] {subprocess.py:106} INFO - 26/04/07 07:27:46 INFO metastore: Trying to connect to metastore with URI thrift://hive-metastore:9083
[2026-04-07T07:27:47.195+0000] {subprocess.py:106} INFO - 26/04/07 07:27:46 INFO metastore: Opened a connection to metastore, current connections: 1
[2026-04-07T07:27:48.045+0000] {subprocess.py:106} INFO - 26/04/07 07:27:48 INFO metastore: Connected to metastore.
[2026-04-07T07:27:48.150+0000] {subprocess.py:106} INFO - >>> Dropping existing GOLD tables for Full Refresh...
[2026-04-07T07:27:48.281+0000] {subprocess.py:106} INFO - 26/04/07 07:27:48 INFO BaseMetastoreTableOperations: Refreshing table metadata from new version: s3a://warehouse/iceberg_data/gold.db/fact_job_posting/metadata/00000-75306844-5098-406b-b9da-f9919cb9ca96.metadata.json
[2026-04-07T07:27:48.515+0000] {subprocess.py:106} INFO - 26/04/07 07:27:48 WARN MetricsConfig: Cannot locate configuration: tried hadoop-metrics2-s3a-file-system.properties,hadoop-metrics2.properties
[2026-04-07T07:27:48.547+0000] {subprocess.py:106} INFO - 26/04/07 07:27:48 INFO MetricsSystemImpl: Scheduled Metric snapshot period at 10 second(s).
[2026-04-07T07:27:48.548+0000] {subprocess.py:106} INFO - 26/04/07 07:27:48 INFO MetricsSystemImpl: s3a-file-system metrics system started
[2026-04-07T07:27:50.171+0000] {subprocess.py:106} INFO - 26/04/07 07:27:50 INFO BaseMetastoreCatalog: Table loaded by catalog: iceberg.gold.fact_job_posting
[2026-04-07T07:27:50.577+0000] {subprocess.py:106} INFO - 26/04/07 07:27:50 INFO HiveCatalog: Dropped table: gold.fact_job_posting
[2026-04-07T07:27:50.620+0000] {subprocess.py:106} INFO - 26/04/07 07:27:50 INFO BaseMetastoreTableOperations: Refreshing table metadata from new version: s3a://warehouse/iceberg_data/gold.db/dim_skill/metadata/00000-d75a3af4-8344-4c3d-9e12-00c8c022f865.metadata.json
[2026-04-07T07:27:50.650+0000] {subprocess.py:106} INFO - 26/04/07 07:27:50 INFO BaseMetastoreCatalog: Table loaded by catalog: iceberg.gold.dim_skill
[2026-04-07T07:27:50.708+0000] {subprocess.py:106} INFO - 26/04/07 07:27:50 INFO HiveCatalog: Dropped table: gold.dim_skill
[2026-04-07T07:27:50.736+0000] {subprocess.py:106} INFO - 26/04/07 07:27:50 INFO BaseMetastoreTableOperations: Refreshing table metadata from new version: s3a://warehouse/iceberg_data/gold.db/dim_location/metadata/00000-cc4cded2-416b-495c-8728-dadc4a0bfc76.metadata.json
[2026-04-07T07:27:50.761+0000] {subprocess.py:106} INFO - 26/04/07 07:27:50 INFO BaseMetastoreCatalog: Table loaded by catalog: iceberg.gold.dim_location
[2026-04-07T07:27:50.809+0000] {subprocess.py:106} INFO - 26/04/07 07:27:50 INFO HiveCatalog: Dropped table: gold.dim_location
[2026-04-07T07:27:50.832+0000] {subprocess.py:106} INFO - 26/04/07 07:27:50 INFO BaseMetastoreTableOperations: Refreshing table metadata from new version: s3a://warehouse/iceberg_data/gold.db/dim_company/metadata/00000-7267a667-7ff6-46cb-a9b9-ba0f24f30d7f.metadata.json
[2026-04-07T07:27:50.859+0000] {subprocess.py:106} INFO - 26/04/07 07:27:50 INFO BaseMetastoreCatalog: Table loaded by catalog: iceberg.gold.dim_company
[2026-04-07T07:27:50.911+0000] {subprocess.py:106} INFO - 26/04/07 07:27:50 INFO HiveCatalog: Dropped table: gold.dim_company
[2026-04-07T07:27:50.934+0000] {subprocess.py:106} INFO - 26/04/07 07:27:50 INFO BaseMetastoreTableOperations: Refreshing table metadata from new version: s3a://warehouse/iceberg_data/gold.db/dim_date/metadata/00000-6484227d-c078-4684-9c64-5a073f8aa1a8.metadata.json
[2026-04-07T07:27:50.963+0000] {subprocess.py:106} INFO - 26/04/07 07:27:50 INFO BaseMetastoreCatalog: Table loaded by catalog: iceberg.gold.dim_date
[2026-04-07T07:27:51.013+0000] {subprocess.py:106} INFO - 26/04/07 07:27:51 INFO HiveCatalog: Dropped table: gold.dim_date
[2026-04-07T07:27:51.038+0000] {subprocess.py:106} INFO - 26/04/07 07:27:51 INFO BaseMetastoreTableOperations: Refreshing table metadata from new version: s3a://warehouse/iceberg_data/gold.db/dim_work_mode/metadata/00000-70f66a1d-5d74-4c7f-8e33-3c16040406ef.metadata.json
[2026-04-07T07:27:51.067+0000] {subprocess.py:106} INFO - 26/04/07 07:27:51 INFO BaseMetastoreCatalog: Table loaded by catalog: iceberg.gold.dim_work_mode
[2026-04-07T07:27:51.118+0000] {subprocess.py:106} INFO - 26/04/07 07:27:51 INFO HiveCatalog: Dropped table: gold.dim_work_mode
[2026-04-07T07:27:51.139+0000] {subprocess.py:106} INFO - 26/04/07 07:27:51 INFO BaseMetastoreTableOperations: Refreshing table metadata from new version: s3a://warehouse/iceberg_data/gold.db/dim_job_category/metadata/00000-e71115e0-0533-4a51-b100-31ed60b83d25.metadata.json
[2026-04-07T07:27:51.166+0000] {subprocess.py:106} INFO - 26/04/07 07:27:51 INFO BaseMetastoreCatalog: Table loaded by catalog: iceberg.gold.dim_job_category
[2026-04-07T07:27:51.208+0000] {subprocess.py:106} INFO - 26/04/07 07:27:51 INFO HiveCatalog: Dropped table: gold.dim_job_category
[2026-04-07T07:27:51.209+0000] {subprocess.py:106} INFO - >>> Reading Silver Data from iceberg.silver.it_jobs_clean...
[2026-04-07T07:27:51.234+0000] {subprocess.py:106} INFO - 26/04/07 07:27:51 INFO BaseMetastoreTableOperations: Refreshing table metadata from new version: s3a://warehouse/iceberg_data/silver.db/it_jobs_clean/metadata/00001-f2fd103c-8e5a-4416-ae62-145d16bce9f6.metadata.json
[2026-04-07T07:27:51.258+0000] {subprocess.py:106} INFO - 26/04/07 07:27:51 INFO BaseMetastoreCatalog: Table loaded by catalog: iceberg.silver.it_jobs_clean
[2026-04-07T07:27:51.564+0000] {subprocess.py:106} INFO - 26/04/07 07:27:51 INFO SnapshotScan: Scanning table iceberg.silver.it_jobs_clean snapshot 5024751683210422763 created at 2026-04-07T07:27:29.452+00:00 with filter true
[2026-04-07T07:27:51.805+0000] {subprocess.py:106} INFO - 26/04/07 07:27:51 INFO BaseDistributedDataScan: Planning file tasks locally for table iceberg.silver.it_jobs_clean
[2026-04-07T07:27:51.897+0000] {subprocess.py:106} INFO - 26/04/07 07:27:51 INFO V2ScanRelationPushDown:
[2026-04-07T07:27:51.898+0000] {subprocess.py:106} INFO - Pushing operators to iceberg.silver.it_jobs_clean
[2026-04-07T07:27:51.898+0000] {subprocess.py:106} INFO - Pushed Aggregate Functions:
[2026-04-07T07:27:51.899+0000] {subprocess.py:106} INFO -  COUNT(*)
[2026-04-07T07:27:51.899+0000] {subprocess.py:106} INFO - Pushed Group by:
[2026-04-07T07:27:51.899+0000] {subprocess.py:106} INFO - 
[2026-04-07T07:27:51.899+0000] {subprocess.py:106} INFO - 
[2026-04-07T07:27:52.621+0000] {subprocess.py:106} INFO - 26/04/07 07:27:52 INFO CodeGenerator: Code generated in 207.040855 ms
[2026-04-07T07:27:52.650+0000] {subprocess.py:106} INFO - 26/04/07 07:27:52 INFO CodeGenerator: Code generated in 15.372583 ms
[2026-04-07T07:27:52.763+0000] {subprocess.py:106} INFO - 26/04/07 07:27:52 INFO DAGScheduler: Registering RDD 2 (count at NativeMethodAccessorImpl.java:0) as input to shuffle 0
[2026-04-07T07:27:52.770+0000] {subprocess.py:106} INFO - 26/04/07 07:27:52 INFO DAGScheduler: Got map stage job 0 (count at NativeMethodAccessorImpl.java:0) with 1 output partitions
[2026-04-07T07:27:52.771+0000] {subprocess.py:106} INFO - 26/04/07 07:27:52 INFO DAGScheduler: Final stage: ShuffleMapStage 0 (count at NativeMethodAccessorImpl.java:0)
[2026-04-07T07:27:52.772+0000] {subprocess.py:106} INFO - 26/04/07 07:27:52 INFO DAGScheduler: Parents of final stage: List()
[2026-04-07T07:27:52.776+0000] {subprocess.py:106} INFO - 26/04/07 07:27:52 INFO DAGScheduler: Missing parents: List()
[2026-04-07T07:27:52.781+0000] {subprocess.py:106} INFO - 26/04/07 07:27:52 INFO DAGScheduler: Submitting ShuffleMapStage 0 (MapPartitionsRDD[2] at count at NativeMethodAccessorImpl.java:0), which has no missing parents
[2026-04-07T07:27:52.889+0000] {subprocess.py:106} INFO - 26/04/07 07:27:52 INFO MemoryStore: Block broadcast_0 stored as values in memory (estimated size 12.6 KiB, free 434.4 MiB)
[2026-04-07T07:27:52.930+0000] {subprocess.py:106} INFO - 26/04/07 07:27:52 INFO MemoryStore: Block broadcast_0_piece0 stored as bytes in memory (estimated size 6.2 KiB, free 434.4 MiB)
[2026-04-07T07:27:52.933+0000] {subprocess.py:106} INFO - 26/04/07 07:27:52 INFO BlockManagerInfo: Added broadcast_0_piece0 in memory on d0f687c55036:33009 (size: 6.2 KiB, free: 434.4 MiB)
[2026-04-07T07:27:52.939+0000] {subprocess.py:106} INFO - 26/04/07 07:27:52 INFO SparkContext: Created broadcast 0 from broadcast at DAGScheduler.scala:1585
[2026-04-07T07:27:52.973+0000] {subprocess.py:106} INFO - 26/04/07 07:27:52 INFO DAGScheduler: Submitting 1 missing tasks from ShuffleMapStage 0 (MapPartitionsRDD[2] at count at NativeMethodAccessorImpl.java:0) (first 15 tasks are for partitions Vector(0))
[2026-04-07T07:27:52.974+0000] {subprocess.py:106} INFO - 26/04/07 07:27:52 INFO TaskSchedulerImpl: Adding task set 0.0 with 1 tasks resource profile 0
[2026-04-07T07:27:53.005+0000] {subprocess.py:106} INFO - 26/04/07 07:27:53 INFO TaskSetManager: Starting task 0.0 in stage 0.0 (TID 0) (172.30.0.7, executor 0, partition 0, PROCESS_LOCAL, 10137 bytes)
[2026-04-07T07:27:53.248+0000] {subprocess.py:106} INFO - 26/04/07 07:27:53 INFO BlockManagerInfo: Added broadcast_0_piece0 in memory on 172.30.0.7:44967 (size: 6.2 KiB, free: 434.4 MiB)
[2026-04-07T07:27:54.183+0000] {subprocess.py:106} INFO - 26/04/07 07:27:54 INFO TaskSetManager: Finished task 0.0 in stage 0.0 (TID 0) in 1191 ms on 172.30.0.7 (executor 0) (1/1)
[2026-04-07T07:27:54.185+0000] {subprocess.py:106} INFO - 26/04/07 07:27:54 INFO TaskSchedulerImpl: Removed TaskSet 0.0, whose tasks have all completed, from pool
[2026-04-07T07:27:54.195+0000] {subprocess.py:106} INFO - 26/04/07 07:27:54 INFO DAGScheduler: ShuffleMapStage 0 (count at NativeMethodAccessorImpl.java:0) finished in 1.392 s
[2026-04-07T07:27:54.196+0000] {subprocess.py:106} INFO - 26/04/07 07:27:54 INFO DAGScheduler: looking for newly runnable stages
[2026-04-07T07:27:54.196+0000] {subprocess.py:106} INFO - 26/04/07 07:27:54 INFO DAGScheduler: running: Set()
[2026-04-07T07:27:54.197+0000] {subprocess.py:106} INFO - 26/04/07 07:27:54 INFO DAGScheduler: waiting: Set()
[2026-04-07T07:27:54.199+0000] {subprocess.py:106} INFO - 26/04/07 07:27:54 INFO DAGScheduler: failed: Set()
[2026-04-07T07:27:54.250+0000] {subprocess.py:106} INFO - 26/04/07 07:27:54 INFO CodeGenerator: Code generated in 14.089903 ms
[2026-04-07T07:27:54.295+0000] {subprocess.py:106} INFO - 26/04/07 07:27:54 INFO SparkContext: Starting job: count at NativeMethodAccessorImpl.java:0
[2026-04-07T07:27:54.298+0000] {subprocess.py:106} INFO - 26/04/07 07:27:54 INFO DAGScheduler: Got job 1 (count at NativeMethodAccessorImpl.java:0) with 1 output partitions
[2026-04-07T07:27:54.299+0000] {subprocess.py:106} INFO - 26/04/07 07:27:54 INFO DAGScheduler: Final stage: ResultStage 2 (count at NativeMethodAccessorImpl.java:0)
[2026-04-07T07:27:54.299+0000] {subprocess.py:106} INFO - 26/04/07 07:27:54 INFO DAGScheduler: Parents of final stage: List(ShuffleMapStage 1)
[2026-04-07T07:27:54.299+0000] {subprocess.py:106} INFO - 26/04/07 07:27:54 INFO DAGScheduler: Missing parents: List()
[2026-04-07T07:27:54.302+0000] {subprocess.py:106} INFO - 26/04/07 07:27:54 INFO DAGScheduler: Submitting ResultStage 2 (MapPartitionsRDD[5] at count at NativeMethodAccessorImpl.java:0), which has no missing parents
[2026-04-07T07:27:54.312+0000] {subprocess.py:106} INFO - 26/04/07 07:27:54 INFO MemoryStore: Block broadcast_1 stored as values in memory (estimated size 13.7 KiB, free 434.4 MiB)
[2026-04-07T07:27:54.321+0000] {subprocess.py:106} INFO - 26/04/07 07:27:54 INFO MemoryStore: Block broadcast_1_piece0 stored as bytes in memory (estimated size 6.3 KiB, free 434.4 MiB)
[2026-04-07T07:27:54.322+0000] {subprocess.py:106} INFO - 26/04/07 07:27:54 INFO BlockManagerInfo: Added broadcast_1_piece0 in memory on d0f687c55036:33009 (size: 6.3 KiB, free: 434.4 MiB)
[2026-04-07T07:27:54.323+0000] {subprocess.py:106} INFO - 26/04/07 07:27:54 INFO SparkContext: Created broadcast 1 from broadcast at DAGScheduler.scala:1585
[2026-04-07T07:27:54.330+0000] {subprocess.py:106} INFO - 26/04/07 07:27:54 INFO DAGScheduler: Submitting 1 missing tasks from ResultStage 2 (MapPartitionsRDD[5] at count at NativeMethodAccessorImpl.java:0) (first 15 tasks are for partitions Vector(0))
[2026-04-07T07:27:54.331+0000] {subprocess.py:106} INFO - 26/04/07 07:27:54 INFO TaskSchedulerImpl: Adding task set 2.0 with 1 tasks resource profile 0
[2026-04-07T07:27:54.332+0000] {subprocess.py:106} INFO - 26/04/07 07:27:54 INFO TaskSetManager: Starting task 0.0 in stage 2.0 (TID 1) (172.30.0.7, executor 0, partition 0, NODE_LOCAL, 9976 bytes)
[2026-04-07T07:27:54.385+0000] {subprocess.py:106} INFO - 26/04/07 07:27:54 INFO BlockManagerInfo: Removed broadcast_0_piece0 on d0f687c55036:33009 in memory (size: 6.2 KiB, free: 434.4 MiB)
[2026-04-07T07:27:54.386+0000] {subprocess.py:106} INFO - 26/04/07 07:27:54 INFO BlockManagerInfo: Removed broadcast_0_piece0 on 172.30.0.7:44967 in memory (size: 6.2 KiB, free: 434.4 MiB)
[2026-04-07T07:27:54.393+0000] {subprocess.py:106} INFO - 26/04/07 07:27:54 INFO BlockManagerInfo: Added broadcast_1_piece0 in memory on 172.30.0.7:44967 (size: 6.3 KiB, free: 434.4 MiB)
[2026-04-07T07:27:54.478+0000] {subprocess.py:106} INFO - 26/04/07 07:27:54 INFO MapOutputTrackerMasterEndpoint: Asked to send map output locations for shuffle 0 to 172.30.0.7:56770
[2026-04-07T07:27:54.638+0000] {subprocess.py:106} INFO - 26/04/07 07:27:54 INFO TaskSetManager: Finished task 0.0 in stage 2.0 (TID 1) in 309 ms on 172.30.0.7 (executor 0) (1/1)
[2026-04-07T07:27:54.640+0000] {subprocess.py:106} INFO - 26/04/07 07:27:54 INFO DAGScheduler: ResultStage 2 (count at NativeMethodAccessorImpl.java:0) finished in 0.330 s
[2026-04-07T07:27:54.642+0000] {subprocess.py:106} INFO - 26/04/07 07:27:54 INFO DAGScheduler: Job 1 is finished. Cancelling potential speculative or zombie tasks for this job
[2026-04-07T07:27:54.646+0000] {subprocess.py:106} INFO - 26/04/07 07:27:54 INFO TaskSchedulerImpl: Removed TaskSet 2.0, whose tasks have all completed, from pool
[2026-04-07T07:27:54.647+0000] {subprocess.py:106} INFO - 26/04/07 07:27:54 INFO TaskSchedulerImpl: Killing all running tasks in stage 2: Stage finished
[2026-04-07T07:27:54.648+0000] {subprocess.py:106} INFO - 26/04/07 07:27:54 INFO DAGScheduler: Job 1 finished: count at NativeMethodAccessorImpl.java:0, took 0.350419 s
[2026-04-07T07:27:54.658+0000] {subprocess.py:106} INFO - >>> Loaded Silver Data: 9003 records.
[2026-04-07T07:27:54.659+0000] {subprocess.py:106} INFO - >>> Building DIM_SKILL...
[2026-04-07T07:27:55.078+0000] {subprocess.py:106} INFO - 26/04/07 07:27:55 INFO BaseMetastoreCatalog: Table properties set at catalog level through catalog properties: {}
[2026-04-07T07:27:55.087+0000] {subprocess.py:106} INFO - 26/04/07 07:27:55 INFO BaseMetastoreCatalog: Table properties enforced at catalog level through catalog properties: {}
[2026-04-07T07:27:55.206+0000] {subprocess.py:106} INFO - 26/04/07 07:27:55 INFO V2ScanRelationPushDown:
[2026-04-07T07:27:55.207+0000] {subprocess.py:106} INFO - Pushing operators to iceberg.silver.it_jobs_clean
[2026-04-07T07:27:55.207+0000] {subprocess.py:106} INFO - Pushed Filters: skills_required IS NOT NULL
[2026-04-07T07:27:55.208+0000] {subprocess.py:106} INFO - Post-Scan Filters: isnotnull(skills_required#3),(size(skills_required#3, true) > 0)
[2026-04-07T07:27:55.208+0000] {subprocess.py:106} INFO - 
[2026-04-07T07:27:55.229+0000] {subprocess.py:106} INFO - 26/04/07 07:27:55 INFO V2ScanRelationPushDown:
[2026-04-07T07:27:55.229+0000] {subprocess.py:106} INFO - Output: skills_required#3
[2026-04-07T07:27:55.230+0000] {subprocess.py:106} INFO - 
[2026-04-07T07:27:55.233+0000] {subprocess.py:106} INFO - 26/04/07 07:27:55 INFO SnapshotScan: Scanning table iceberg.silver.it_jobs_clean snapshot 5024751683210422763 created at 2026-04-07T07:27:29.452+00:00 with filter skills_required IS NOT NULL
[2026-04-07T07:27:55.241+0000] {subprocess.py:106} INFO - 26/04/07 07:27:55 INFO BaseDistributedDataScan: Planning file tasks locally for table iceberg.silver.it_jobs_clean
[2026-04-07T07:27:55.253+0000] {subprocess.py:106} INFO - 26/04/07 07:27:55 INFO BlockManagerInfo: Removed broadcast_1_piece0 on d0f687c55036:33009 in memory (size: 6.3 KiB, free: 434.4 MiB)
[2026-04-07T07:27:55.256+0000] {subprocess.py:106} INFO - 26/04/07 07:27:55 INFO BlockManagerInfo: Removed broadcast_1_piece0 on 172.30.0.7:44967 in memory (size: 6.3 KiB, free: 434.4 MiB)
[2026-04-07T07:27:55.292+0000] {subprocess.py:106} INFO - 26/04/07 07:27:55 INFO SparkPartitioningAwareScan: Reporting UnknownPartitioning with 1 partition(s) for table iceberg.silver.it_jobs_clean
[2026-04-07T07:27:55.314+0000] {subprocess.py:106} INFO - 26/04/07 07:27:55 INFO SparkWrite: Requesting 0 bytes advisory partition size for table gold.dim_skill
[2026-04-07T07:27:55.314+0000] {subprocess.py:106} INFO - 26/04/07 07:27:55 INFO SparkWrite: Requesting UnspecifiedDistribution as write distribution for table gold.dim_skill
[2026-04-07T07:27:55.316+0000] {subprocess.py:106} INFO - 26/04/07 07:27:55 INFO SparkWrite: Requesting [] as write ordering for table gold.dim_skill
[2026-04-07T07:27:55.358+0000] {subprocess.py:106} INFO - 26/04/07 07:27:55 INFO MemoryStore: Block broadcast_2 stored as values in memory (estimated size 32.0 KiB, free 434.4 MiB)
[2026-04-07T07:27:55.376+0000] {subprocess.py:106} INFO - 26/04/07 07:27:55 INFO MemoryStore: Block broadcast_2_piece0 stored as bytes in memory (estimated size 30.4 KiB, free 434.3 MiB)
[2026-04-07T07:27:55.377+0000] {subprocess.py:106} INFO - 26/04/07 07:27:55 INFO BlockManagerInfo: Added broadcast_2_piece0 in memory on d0f687c55036:33009 (size: 30.4 KiB, free: 434.4 MiB)
[2026-04-07T07:27:55.382+0000] {subprocess.py:106} INFO - 26/04/07 07:27:55 INFO SparkContext: Created broadcast 2 from broadcast at SparkBatch.java:79
[2026-04-07T07:27:55.392+0000] {subprocess.py:106} INFO - 26/04/07 07:27:55 INFO MemoryStore: Block broadcast_3 stored as values in memory (estimated size 32.0 KiB, free 434.3 MiB)
[2026-04-07T07:27:55.396+0000] {subprocess.py:106} INFO - 26/04/07 07:27:55 INFO MemoryStore: Block broadcast_3_piece0 stored as bytes in memory (estimated size 30.3 KiB, free 434.3 MiB)
[2026-04-07T07:27:55.396+0000] {subprocess.py:106} INFO - 26/04/07 07:27:55 INFO BlockManagerInfo: Added broadcast_3_piece0 in memory on d0f687c55036:33009 (size: 30.3 KiB, free: 434.3 MiB)
[2026-04-07T07:27:55.397+0000] {subprocess.py:106} INFO - 26/04/07 07:27:55 INFO SparkContext: Created broadcast 3 from broadcast at SparkBatch.java:79
[2026-04-07T07:27:55.558+0000] {subprocess.py:106} INFO - 26/04/07 07:27:55 INFO CodeGenerator: Code generated in 59.612535 ms
[2026-04-07T07:27:55.619+0000] {subprocess.py:106} INFO - 26/04/07 07:27:55 INFO DAGScheduler: Registering RDD 9 (create at NativeMethodAccessorImpl.java:0) as input to shuffle 1
[2026-04-07T07:27:55.620+0000] {subprocess.py:106} INFO - 26/04/07 07:27:55 INFO DAGScheduler: Got map stage job 2 (create at NativeMethodAccessorImpl.java:0) with 1 output partitions
[2026-04-07T07:27:55.620+0000] {subprocess.py:106} INFO - 26/04/07 07:27:55 INFO DAGScheduler: Final stage: ShuffleMapStage 3 (create at NativeMethodAccessorImpl.java:0)
[2026-04-07T07:27:55.621+0000] {subprocess.py:106} INFO - 26/04/07 07:27:55 INFO DAGScheduler: Parents of final stage: List()
[2026-04-07T07:27:55.623+0000] {subprocess.py:106} INFO - 26/04/07 07:27:55 INFO DAGScheduler: Missing parents: List()
[2026-04-07T07:27:55.624+0000] {subprocess.py:106} INFO - 26/04/07 07:27:55 INFO DAGScheduler: Submitting ShuffleMapStage 3 (MapPartitionsRDD[9] at create at NativeMethodAccessorImpl.java:0), which has no missing parents
[2026-04-07T07:27:55.629+0000] {subprocess.py:106} INFO - 26/04/07 07:27:55 INFO MemoryStore: Block broadcast_4 stored as values in memory (estimated size 40.1 KiB, free 434.2 MiB)
[2026-04-07T07:27:55.641+0000] {subprocess.py:106} INFO - 26/04/07 07:27:55 INFO MemoryStore: Block broadcast_4_piece0 stored as bytes in memory (estimated size 17.5 KiB, free 434.2 MiB)
[2026-04-07T07:27:55.642+0000] {subprocess.py:106} INFO - 26/04/07 07:27:55 INFO BlockManagerInfo: Added broadcast_4_piece0 in memory on d0f687c55036:33009 (size: 17.5 KiB, free: 434.3 MiB)
[2026-04-07T07:27:55.643+0000] {subprocess.py:106} INFO - 26/04/07 07:27:55 INFO SparkContext: Created broadcast 4 from broadcast at DAGScheduler.scala:1585
[2026-04-07T07:27:55.645+0000] {subprocess.py:106} INFO - 26/04/07 07:27:55 INFO DAGScheduler: Submitting 1 missing tasks from ShuffleMapStage 3 (MapPartitionsRDD[9] at create at NativeMethodAccessorImpl.java:0) (first 15 tasks are for partitions Vector(0))
[2026-04-07T07:27:55.645+0000] {subprocess.py:106} INFO - 26/04/07 07:27:55 INFO TaskSchedulerImpl: Adding task set 3.0 with 1 tasks resource profile 0
[2026-04-07T07:27:55.669+0000] {subprocess.py:106} INFO - 26/04/07 07:27:55 INFO TaskSetManager: Starting task 0.0 in stage 3.0 (TID 2) (172.30.0.7, executor 0, partition 0, PROCESS_LOCAL, 15530 bytes)
[2026-04-07T07:27:55.994+0000] {subprocess.py:106} INFO - 26/04/07 07:27:55 INFO BlockManagerInfo: Added broadcast_4_piece0 in memory on 172.30.0.7:44967 (size: 17.5 KiB, free: 434.4 MiB)
[2026-04-07T07:27:56.403+0000] {subprocess.py:106} INFO - 26/04/07 07:27:56 INFO BlockManagerInfo: Added broadcast_3_piece0 in memory on 172.30.0.7:44967 (size: 30.3 KiB, free: 434.4 MiB)
[2026-04-07T07:27:58.503+0000] {subprocess.py:106} INFO - 26/04/07 07:27:58 INFO TaskSetManager: Finished task 0.0 in stage 3.0 (TID 2) in 2856 ms on 172.30.0.7 (executor 0) (1/1)
[2026-04-07T07:27:58.505+0000] {subprocess.py:106} INFO - 26/04/07 07:27:58 INFO TaskSchedulerImpl: Removed TaskSet 3.0, whose tasks have all completed, from pool
[2026-04-07T07:27:58.505+0000] {subprocess.py:106} INFO - 26/04/07 07:27:58 INFO DAGScheduler: ShuffleMapStage 3 (create at NativeMethodAccessorImpl.java:0) finished in 2.880 s
[2026-04-07T07:27:58.506+0000] {subprocess.py:106} INFO - 26/04/07 07:27:58 INFO DAGScheduler: looking for newly runnable stages
[2026-04-07T07:27:58.509+0000] {subprocess.py:106} INFO - 26/04/07 07:27:58 INFO DAGScheduler: running: Set()
[2026-04-07T07:27:58.510+0000] {subprocess.py:106} INFO - 26/04/07 07:27:58 INFO DAGScheduler: waiting: Set()
[2026-04-07T07:27:58.510+0000] {subprocess.py:106} INFO - 26/04/07 07:27:58 INFO DAGScheduler: failed: Set()
[2026-04-07T07:27:58.519+0000] {subprocess.py:106} INFO - 26/04/07 07:27:58 INFO ShufflePartitionsUtil: For shuffle(1), advisory target size: 67108864, actual target size 1048576, minimum partition size: 1048576
[2026-04-07T07:27:58.596+0000] {subprocess.py:106} INFO - 26/04/07 07:27:58 INFO CodeGenerator: Code generated in 35.232223 ms
[2026-04-07T07:27:58.616+0000] {subprocess.py:106} INFO - 26/04/07 07:27:58 INFO MemoryStore: Block broadcast_5 stored as values in memory (estimated size 32.0 KiB, free 434.2 MiB)
[2026-04-07T07:27:58.627+0000] {subprocess.py:106} INFO - 26/04/07 07:27:58 INFO MemoryStore: Block broadcast_5_piece0 stored as bytes in memory (estimated size 29.9 KiB, free 434.2 MiB)
[2026-04-07T07:27:58.629+0000] {subprocess.py:106} INFO - 26/04/07 07:27:58 INFO BlockManagerInfo: Added broadcast_5_piece0 in memory on d0f687c55036:33009 (size: 29.9 KiB, free: 434.3 MiB)
[2026-04-07T07:27:58.633+0000] {subprocess.py:106} INFO - 26/04/07 07:27:58 INFO BlockManagerInfo: Removed broadcast_4_piece0 on d0f687c55036:33009 in memory (size: 17.5 KiB, free: 434.3 MiB)
[2026-04-07T07:27:58.634+0000] {subprocess.py:106} INFO - 26/04/07 07:27:58 INFO SparkContext: Created broadcast 5 from broadcast at SparkWrite.java:193
[2026-04-07T07:27:58.635+0000] {subprocess.py:106} INFO - 26/04/07 07:27:58 INFO AppendDataExec: Start processing data source write support: IcebergBatchWrite(table=gold.dim_skill, format=PARQUET). The input RDD has 1 partitions.
[2026-04-07T07:27:58.635+0000] {subprocess.py:106} INFO - 26/04/07 07:27:58 INFO BlockManagerInfo: Removed broadcast_4_piece0 on 172.30.0.7:44967 in memory (size: 17.5 KiB, free: 434.4 MiB)
[2026-04-07T07:27:58.643+0000] {subprocess.py:106} INFO - 26/04/07 07:27:58 INFO SparkContext: Starting job: create at NativeMethodAccessorImpl.java:0
[2026-04-07T07:27:58.645+0000] {subprocess.py:106} INFO - 26/04/07 07:27:58 INFO DAGScheduler: Got job 3 (create at NativeMethodAccessorImpl.java:0) with 1 output partitions
[2026-04-07T07:27:58.646+0000] {subprocess.py:106} INFO - 26/04/07 07:27:58 INFO DAGScheduler: Final stage: ResultStage 5 (create at NativeMethodAccessorImpl.java:0)
[2026-04-07T07:27:58.646+0000] {subprocess.py:106} INFO - 26/04/07 07:27:58 INFO DAGScheduler: Parents of final stage: List(ShuffleMapStage 4)
[2026-04-07T07:27:58.648+0000] {subprocess.py:106} INFO - 26/04/07 07:27:58 INFO DAGScheduler: Missing parents: List()
[2026-04-07T07:27:58.649+0000] {subprocess.py:106} INFO - 26/04/07 07:27:58 INFO DAGScheduler: Submitting ResultStage 5 (MapPartitionsRDD[11] at create at NativeMethodAccessorImpl.java:0), which has no missing parents
[2026-04-07T07:27:58.674+0000] {subprocess.py:106} INFO - 26/04/07 07:27:58 INFO MemoryStore: Block broadcast_6 stored as values in memory (estimated size 50.8 KiB, free 434.2 MiB)
[2026-04-07T07:27:58.676+0000] {subprocess.py:106} INFO - 26/04/07 07:27:58 INFO MemoryStore: Block broadcast_6_piece0 stored as bytes in memory (estimated size 22.2 KiB, free 434.1 MiB)
[2026-04-07T07:27:58.678+0000] {subprocess.py:106} INFO - 26/04/07 07:27:58 INFO BlockManagerInfo: Added broadcast_6_piece0 in memory on d0f687c55036:33009 (size: 22.2 KiB, free: 434.3 MiB)
[2026-04-07T07:27:58.679+0000] {subprocess.py:106} INFO - 26/04/07 07:27:58 INFO SparkContext: Created broadcast 6 from broadcast at DAGScheduler.scala:1585
[2026-04-07T07:27:58.679+0000] {subprocess.py:106} INFO - 26/04/07 07:27:58 INFO DAGScheduler: Submitting 1 missing tasks from ResultStage 5 (MapPartitionsRDD[11] at create at NativeMethodAccessorImpl.java:0) (first 15 tasks are for partitions Vector(0))
[2026-04-07T07:27:58.682+0000] {subprocess.py:106} INFO - 26/04/07 07:27:58 INFO TaskSchedulerImpl: Adding task set 5.0 with 1 tasks resource profile 0
[2026-04-07T07:27:58.683+0000] {subprocess.py:106} INFO - 26/04/07 07:27:58 INFO TaskSetManager: Starting task 0.0 in stage 5.0 (TID 3) (172.30.0.7, executor 0, partition 0, NODE_LOCAL, 9976 bytes)
[2026-04-07T07:27:58.722+0000] {subprocess.py:106} INFO - 26/04/07 07:27:58 INFO BlockManagerInfo: Added broadcast_6_piece0 in memory on 172.30.0.7:44967 (size: 22.2 KiB, free: 434.3 MiB)
[2026-04-07T07:27:58.787+0000] {subprocess.py:106} INFO - 26/04/07 07:27:58 INFO MapOutputTrackerMasterEndpoint: Asked to send map output locations for shuffle 1 to 172.30.0.7:56770
[2026-04-07T07:27:58.881+0000] {subprocess.py:106} INFO - 26/04/07 07:27:58 INFO BlockManagerInfo: Added broadcast_5_piece0 in memory on 172.30.0.7:44967 (size: 29.9 KiB, free: 434.3 MiB)
[2026-04-07T07:27:59.370+0000] {subprocess.py:106} INFO - 26/04/07 07:27:59 INFO TaskSetManager: Finished task 0.0 in stage 5.0 (TID 3) in 688 ms on 172.30.0.7 (executor 0) (1/1)
[2026-04-07T07:27:59.374+0000] {subprocess.py:106} INFO - 26/04/07 07:27:59 INFO TaskSchedulerImpl: Removed TaskSet 5.0, whose tasks have all completed, from pool
[2026-04-07T07:27:59.375+0000] {subprocess.py:106} INFO - 26/04/07 07:27:59 INFO DAGScheduler: ResultStage 5 (create at NativeMethodAccessorImpl.java:0) finished in 0.713 s
[2026-04-07T07:27:59.376+0000] {subprocess.py:106} INFO - 26/04/07 07:27:59 INFO DAGScheduler: Job 3 is finished. Cancelling potential speculative or zombie tasks for this job
[2026-04-07T07:27:59.376+0000] {subprocess.py:106} INFO - 26/04/07 07:27:59 INFO TaskSchedulerImpl: Killing all running tasks in stage 5: Stage finished
[2026-04-07T07:27:59.377+0000] {subprocess.py:106} INFO - 26/04/07 07:27:59 INFO DAGScheduler: Job 3 finished: create at NativeMethodAccessorImpl.java:0, took 0.729845 s
[2026-04-07T07:27:59.377+0000] {subprocess.py:106} INFO - 26/04/07 07:27:59 INFO AppendDataExec: Data source write support IcebergBatchWrite(table=gold.dim_skill, format=PARQUET) is committing.
[2026-04-07T07:27:59.395+0000] {subprocess.py:106} INFO - 26/04/07 07:27:59 INFO SparkWrite: Committing append with 1 new data files to table gold.dim_skill
[2026-04-07T07:27:59.741+0000] {subprocess.py:106} INFO - 26/04/07 07:27:59 INFO SnapshotProducer: Committed snapshot 3464684241353417896 (MergeAppend)
[2026-04-07T07:27:59.781+0000] {subprocess.py:106} INFO - 26/04/07 07:27:59 INFO BlockManagerInfo: Removed broadcast_6_piece0 on d0f687c55036:33009 in memory (size: 22.2 KiB, free: 434.3 MiB)
[2026-04-07T07:27:59.782+0000] {subprocess.py:106} INFO - 26/04/07 07:27:59 INFO BlockManagerInfo: Removed broadcast_6_piece0 on 172.30.0.7:44967 in memory (size: 22.2 KiB, free: 434.3 MiB)
[2026-04-07T07:27:59.784+0000] {subprocess.py:106} INFO - 26/04/07 07:27:59 INFO LoggingMetricsReporter: Received metrics report: CommitReport{tableName=gold.dim_skill, snapshotId=3464684241353417896, sequenceNumber=1, operation=append, commitMetrics=CommitMetricsResult{totalDuration=TimerResult{timeUnit=NANOSECONDS, totalDuration=PT0.37033219S, count=1}, attempts=CounterResult{unit=COUNT, value=1}, addedDataFiles=CounterResult{unit=COUNT, value=1}, removedDataFiles=null, totalDataFiles=CounterResult{unit=COUNT, value=1}, addedDeleteFiles=null, addedEqualityDeleteFiles=null, addedPositionalDeleteFiles=null, removedDeleteFiles=null, removedEqualityDeleteFiles=null, removedPositionalDeleteFiles=null, totalDeleteFiles=CounterResult{unit=COUNT, value=0}, addedRecords=CounterResult{unit=COUNT, value=485}, removedRecords=null, totalRecords=CounterResult{unit=COUNT, value=485}, addedFilesSizeInBytes=CounterResult{unit=BYTES, value=8294}, removedFilesSizeInBytes=null, totalFilesSizeInBytes=CounterResult{unit=BYTES, value=8294}, addedPositionalDeletes=null, removedPositionalDeletes=null, totalPositionalDeletes=CounterResult{unit=COUNT, value=0}, addedEqualityDeletes=null, removedEqualityDeletes=null, totalEqualityDeletes=CounterResult{unit=COUNT, value=0}}, metadata={engine-version=3.5.3, app-id=app-20260407072741-0002, engine-name=spark, iceberg-version=Apache Iceberg 1.6.1 (commit 8e9d59d299be42b0bca9461457cd1e95dbaad086)}}
[2026-04-07T07:27:59.785+0000] {subprocess.py:106} INFO - 26/04/07 07:27:59 INFO SparkWrite: Committed in 388 ms
[2026-04-07T07:27:59.785+0000] {subprocess.py:106} INFO - 26/04/07 07:27:59 INFO AppendDataExec: Data source write support IcebergBatchWrite(table=gold.dim_skill, format=PARQUET) committed.
[2026-04-07T07:28:00.279+0000] {subprocess.py:106} INFO - 26/04/07 07:28:00 INFO HiveTableOperations: Committed to table iceberg.gold.dim_skill with the new metadata location s3a://warehouse/iceberg_data/gold.db/dim_skill/metadata/00000-38588688-df8b-4b1a-b982-6425c38a30e7.metadata.json
[2026-04-07T07:28:00.280+0000] {subprocess.py:106} INFO - 26/04/07 07:28:00 INFO BaseMetastoreTableOperations: Successfully committed to table iceberg.gold.dim_skill in 492 ms
[2026-04-07T07:28:00.280+0000] {subprocess.py:106} INFO - >>> Building DIM_LOCATION...
[2026-04-07T07:28:00.391+0000] {subprocess.py:106} INFO - 26/04/07 07:28:00 INFO BaseMetastoreCatalog: Table properties set at catalog level through catalog properties: {}
[2026-04-07T07:28:00.396+0000] {subprocess.py:106} INFO - 26/04/07 07:28:00 INFO BaseMetastoreCatalog: Table properties enforced at catalog level through catalog properties: {}
[2026-04-07T07:28:00.429+0000] {subprocess.py:106} INFO - 26/04/07 07:28:00 INFO V2ScanRelationPushDown:
[2026-04-07T07:28:00.430+0000] {subprocess.py:106} INFO - Pushing operators to iceberg.silver.it_jobs_clean
[2026-04-07T07:28:00.430+0000] {subprocess.py:106} INFO - Pushed Filters: location IS NOT NULL
[2026-04-07T07:28:00.431+0000] {subprocess.py:106} INFO - Post-Scan Filters: isnotnull(location#2),(size(location#2, true) > 0)
[2026-04-07T07:28:00.432+0000] {subprocess.py:106} INFO - 
[2026-04-07T07:28:00.432+0000] {subprocess.py:106} INFO - 26/04/07 07:28:00 INFO V2ScanRelationPushDown:
[2026-04-07T07:28:00.433+0000] {subprocess.py:106} INFO - Output: location#2
[2026-04-07T07:28:00.433+0000] {subprocess.py:106} INFO - 
[2026-04-07T07:28:00.434+0000] {subprocess.py:106} INFO - 26/04/07 07:28:00 INFO SnapshotScan: Scanning table iceberg.silver.it_jobs_clean snapshot 5024751683210422763 created at 2026-04-07T07:27:29.452+00:00 with filter location IS NOT NULL
[2026-04-07T07:28:00.434+0000] {subprocess.py:106} INFO - 26/04/07 07:28:00 INFO BaseDistributedDataScan: Planning file tasks locally for table iceberg.silver.it_jobs_clean
[2026-04-07T07:28:00.455+0000] {subprocess.py:106} INFO - 26/04/07 07:28:00 INFO SparkPartitioningAwareScan: Reporting UnknownPartitioning with 1 partition(s) for table iceberg.silver.it_jobs_clean
[2026-04-07T07:28:00.458+0000] {subprocess.py:106} INFO - 26/04/07 07:28:00 INFO SparkWrite: Requesting 0 bytes advisory partition size for table gold.dim_location
[2026-04-07T07:28:00.459+0000] {subprocess.py:106} INFO - 26/04/07 07:28:00 INFO SparkWrite: Requesting UnspecifiedDistribution as write distribution for table gold.dim_location
[2026-04-07T07:28:00.459+0000] {subprocess.py:106} INFO - 26/04/07 07:28:00 INFO SparkWrite: Requesting [] as write ordering for table gold.dim_location
[2026-04-07T07:28:00.470+0000] {subprocess.py:106} INFO - 26/04/07 07:28:00 INFO MemoryStore: Block broadcast_7 stored as values in memory (estimated size 32.0 KiB, free 434.2 MiB)
[2026-04-07T07:28:00.481+0000] {subprocess.py:106} INFO - 26/04/07 07:28:00 INFO MemoryStore: Block broadcast_7_piece0 stored as bytes in memory (estimated size 30.3 KiB, free 434.2 MiB)
[2026-04-07T07:28:00.490+0000] {subprocess.py:106} INFO - 26/04/07 07:28:00 INFO BlockManagerInfo: Removed broadcast_5_piece0 on d0f687c55036:33009 in memory (size: 29.9 KiB, free: 434.3 MiB)
[2026-04-07T07:28:00.491+0000] {subprocess.py:106} INFO - 26/04/07 07:28:00 INFO BlockManagerInfo: Added broadcast_7_piece0 in memory on d0f687c55036:33009 (size: 30.3 KiB, free: 434.3 MiB)
[2026-04-07T07:28:00.492+0000] {subprocess.py:106} INFO - 26/04/07 07:28:00 INFO SparkContext: Created broadcast 7 from broadcast at SparkBatch.java:79
[2026-04-07T07:28:00.492+0000] {subprocess.py:106} INFO - 26/04/07 07:28:00 INFO BlockManagerInfo: Removed broadcast_5_piece0 on 172.30.0.7:44967 in memory (size: 29.9 KiB, free: 434.4 MiB)
[2026-04-07T07:28:00.493+0000] {subprocess.py:106} INFO - 26/04/07 07:28:00 INFO MemoryStore: Block broadcast_8 stored as values in memory (estimated size 32.0 KiB, free 434.2 MiB)
[2026-04-07T07:28:00.495+0000] {subprocess.py:106} INFO - 26/04/07 07:28:00 INFO MemoryStore: Block broadcast_8_piece0 stored as bytes in memory (estimated size 30.4 KiB, free 434.2 MiB)
[2026-04-07T07:28:00.497+0000] {subprocess.py:106} INFO - 26/04/07 07:28:00 INFO BlockManagerInfo: Added broadcast_8_piece0 in memory on d0f687c55036:33009 (size: 30.4 KiB, free: 434.3 MiB)
[2026-04-07T07:28:00.499+0000] {subprocess.py:106} INFO - 26/04/07 07:28:00 INFO SparkContext: Created broadcast 8 from broadcast at SparkBatch.java:79
[2026-04-07T07:28:00.590+0000] {subprocess.py:106} INFO - 26/04/07 07:28:00 INFO CodeGenerator: Code generated in 40.142424 ms
[2026-04-07T07:28:00.599+0000] {subprocess.py:106} INFO - 26/04/07 07:28:00 INFO DAGScheduler: Registering RDD 15 (create at NativeMethodAccessorImpl.java:0) as input to shuffle 2
[2026-04-07T07:28:00.600+0000] {subprocess.py:106} INFO - 26/04/07 07:28:00 INFO DAGScheduler: Got map stage job 4 (create at NativeMethodAccessorImpl.java:0) with 1 output partitions
[2026-04-07T07:28:00.601+0000] {subprocess.py:106} INFO - 26/04/07 07:28:00 INFO DAGScheduler: Final stage: ShuffleMapStage 6 (create at NativeMethodAccessorImpl.java:0)
[2026-04-07T07:28:00.602+0000] {subprocess.py:106} INFO - 26/04/07 07:28:00 INFO DAGScheduler: Parents of final stage: List()
[2026-04-07T07:28:00.602+0000] {subprocess.py:106} INFO - 26/04/07 07:28:00 INFO DAGScheduler: Missing parents: List()
[2026-04-07T07:28:00.603+0000] {subprocess.py:106} INFO - 26/04/07 07:28:00 INFO DAGScheduler: Submitting ShuffleMapStage 6 (MapPartitionsRDD[15] at create at NativeMethodAccessorImpl.java:0), which has no missing parents
[2026-04-07T07:28:00.608+0000] {subprocess.py:106} INFO - 26/04/07 07:28:00 INFO MemoryStore: Block broadcast_9 stored as values in memory (estimated size 39.5 KiB, free 434.1 MiB)
[2026-04-07T07:28:00.620+0000] {subprocess.py:106} INFO - 26/04/07 07:28:00 INFO MemoryStore: Block broadcast_9_piece0 stored as bytes in memory (estimated size 17.2 KiB, free 434.1 MiB)
[2026-04-07T07:28:00.622+0000] {subprocess.py:106} INFO - 26/04/07 07:28:00 INFO BlockManagerInfo: Added broadcast_9_piece0 in memory on d0f687c55036:33009 (size: 17.2 KiB, free: 434.3 MiB)
[2026-04-07T07:28:00.623+0000] {subprocess.py:106} INFO - 26/04/07 07:28:00 INFO SparkContext: Created broadcast 9 from broadcast at DAGScheduler.scala:1585
[2026-04-07T07:28:00.628+0000] {subprocess.py:106} INFO - 26/04/07 07:28:00 INFO DAGScheduler: Submitting 1 missing tasks from ShuffleMapStage 6 (MapPartitionsRDD[15] at create at NativeMethodAccessorImpl.java:0) (first 15 tasks are for partitions Vector(0))
[2026-04-07T07:28:00.628+0000] {subprocess.py:106} INFO - 26/04/07 07:28:00 INFO TaskSchedulerImpl: Adding task set 6.0 with 1 tasks resource profile 0
[2026-04-07T07:28:00.631+0000] {subprocess.py:106} INFO - 26/04/07 07:28:00 INFO TaskSetManager: Starting task 0.0 in stage 6.0 (TID 4) (172.30.0.7, executor 0, partition 0, PROCESS_LOCAL, 15516 bytes)
[2026-04-07T07:28:00.647+0000] {subprocess.py:106} INFO - 26/04/07 07:28:00 INFO BlockManagerInfo: Added broadcast_9_piece0 in memory on 172.30.0.7:44967 (size: 17.2 KiB, free: 434.4 MiB)
[2026-04-07T07:28:00.690+0000] {subprocess.py:106} INFO - 26/04/07 07:28:00 INFO BlockManagerInfo: Removed broadcast_2_piece0 on d0f687c55036:33009 in memory (size: 30.4 KiB, free: 434.3 MiB)
[2026-04-07T07:28:00.747+0000] {subprocess.py:106} INFO - 26/04/07 07:28:00 INFO BlockManagerInfo: Added broadcast_8_piece0 in memory on 172.30.0.7:44967 (size: 30.4 KiB, free: 434.3 MiB)
[2026-04-07T07:28:00.985+0000] {subprocess.py:106} INFO - 26/04/07 07:28:00 INFO TaskSetManager: Finished task 0.0 in stage 6.0 (TID 4) in 355 ms on 172.30.0.7 (executor 0) (1/1)
[2026-04-07T07:28:00.986+0000] {subprocess.py:106} INFO - 26/04/07 07:28:00 INFO TaskSchedulerImpl: Removed TaskSet 6.0, whose tasks have all completed, from pool
[2026-04-07T07:28:00.986+0000] {subprocess.py:106} INFO - 26/04/07 07:28:00 INFO DAGScheduler: ShuffleMapStage 6 (create at NativeMethodAccessorImpl.java:0) finished in 0.378 s
[2026-04-07T07:28:00.987+0000] {subprocess.py:106} INFO - 26/04/07 07:28:00 INFO DAGScheduler: looking for newly runnable stages
[2026-04-07T07:28:00.987+0000] {subprocess.py:106} INFO - 26/04/07 07:28:00 INFO DAGScheduler: running: Set()
[2026-04-07T07:28:00.988+0000] {subprocess.py:106} INFO - 26/04/07 07:28:00 INFO DAGScheduler: waiting: Set()
[2026-04-07T07:28:00.988+0000] {subprocess.py:106} INFO - 26/04/07 07:28:00 INFO DAGScheduler: failed: Set()
[2026-04-07T07:28:00.992+0000] {subprocess.py:106} INFO - 26/04/07 07:28:00 INFO ShufflePartitionsUtil: For shuffle(2), advisory target size: 67108864, actual target size 1048576, minimum partition size: 1048576
[2026-04-07T07:28:01.056+0000] {subprocess.py:106} INFO - 26/04/07 07:28:01 INFO CodeGenerator: Code generated in 42.672465 ms
[2026-04-07T07:28:01.070+0000] {subprocess.py:106} INFO - 26/04/07 07:28:01 INFO MemoryStore: Block broadcast_10 stored as values in memory (estimated size 32.0 KiB, free 434.1 MiB)
[2026-04-07T07:28:01.085+0000] {subprocess.py:106} INFO - 26/04/07 07:28:01 INFO MemoryStore: Block broadcast_10_piece0 stored as bytes in memory (estimated size 29.8 KiB, free 434.1 MiB)
[2026-04-07T07:28:01.087+0000] {subprocess.py:106} INFO - 26/04/07 07:28:01 INFO BlockManagerInfo: Added broadcast_10_piece0 in memory on d0f687c55036:33009 (size: 29.8 KiB, free: 434.3 MiB)
[2026-04-07T07:28:01.090+0000] {subprocess.py:106} INFO - 26/04/07 07:28:01 INFO SparkContext: Created broadcast 10 from broadcast at SparkWrite.java:193
[2026-04-07T07:28:01.091+0000] {subprocess.py:106} INFO - 26/04/07 07:28:01 INFO AppendDataExec: Start processing data source write support: IcebergBatchWrite(table=gold.dim_location, format=PARQUET). The input RDD has 1 partitions.
[2026-04-07T07:28:01.091+0000] {subprocess.py:106} INFO - 26/04/07 07:28:01 INFO SparkContext: Starting job: create at NativeMethodAccessorImpl.java:0
[2026-04-07T07:28:01.097+0000] {subprocess.py:106} INFO - 26/04/07 07:28:01 INFO BlockManagerInfo: Removed broadcast_9_piece0 on d0f687c55036:33009 in memory (size: 17.2 KiB, free: 434.3 MiB)
[2026-04-07T07:28:01.098+0000] {subprocess.py:106} INFO - 26/04/07 07:28:01 INFO BlockManagerInfo: Removed broadcast_9_piece0 on 172.30.0.7:44967 in memory (size: 17.2 KiB, free: 434.3 MiB)
[2026-04-07T07:28:01.099+0000] {subprocess.py:106} INFO - 26/04/07 07:28:01 INFO DAGScheduler: Got job 5 (create at NativeMethodAccessorImpl.java:0) with 1 output partitions
[2026-04-07T07:28:01.099+0000] {subprocess.py:106} INFO - 26/04/07 07:28:01 INFO DAGScheduler: Final stage: ResultStage 8 (create at NativeMethodAccessorImpl.java:0)
[2026-04-07T07:28:01.100+0000] {subprocess.py:106} INFO - 26/04/07 07:28:01 INFO DAGScheduler: Parents of final stage: List(ShuffleMapStage 7)
[2026-04-07T07:28:01.101+0000] {subprocess.py:106} INFO - 26/04/07 07:28:01 INFO DAGScheduler: Missing parents: List()
[2026-04-07T07:28:01.107+0000] {subprocess.py:106} INFO - 26/04/07 07:28:01 INFO DAGScheduler: Submitting ResultStage 8 (MapPartitionsRDD[17] at create at NativeMethodAccessorImpl.java:0), which has no missing parents
[2026-04-07T07:28:01.111+0000] {subprocess.py:106} INFO - 26/04/07 07:28:01 INFO MemoryStore: Block broadcast_11 stored as values in memory (estimated size 53.3 KiB, free 434.1 MiB)
[2026-04-07T07:28:01.113+0000] {subprocess.py:106} INFO - 26/04/07 07:28:01 INFO MemoryStore: Block broadcast_11_piece0 stored as bytes in memory (estimated size 22.5 KiB, free 434.1 MiB)
[2026-04-07T07:28:01.115+0000] {subprocess.py:106} INFO - 26/04/07 07:28:01 INFO BlockManagerInfo: Added broadcast_11_piece0 in memory on d0f687c55036:33009 (size: 22.5 KiB, free: 434.3 MiB)
[2026-04-07T07:28:01.116+0000] {subprocess.py:106} INFO - 26/04/07 07:28:01 INFO SparkContext: Created broadcast 11 from broadcast at DAGScheduler.scala:1585
[2026-04-07T07:28:01.117+0000] {subprocess.py:106} INFO - 26/04/07 07:28:01 INFO DAGScheduler: Submitting 1 missing tasks from ResultStage 8 (MapPartitionsRDD[17] at create at NativeMethodAccessorImpl.java:0) (first 15 tasks are for partitions Vector(0))
[2026-04-07T07:28:01.118+0000] {subprocess.py:106} INFO - 26/04/07 07:28:01 INFO TaskSchedulerImpl: Adding task set 8.0 with 1 tasks resource profile 0
[2026-04-07T07:28:01.125+0000] {subprocess.py:106} INFO - 26/04/07 07:28:01 INFO TaskSetManager: Starting task 0.0 in stage 8.0 (TID 5) (172.30.0.7, executor 0, partition 0, NODE_LOCAL, 9976 bytes)
[2026-04-07T07:28:01.163+0000] {subprocess.py:106} INFO - 26/04/07 07:28:01 INFO BlockManagerInfo: Added broadcast_11_piece0 in memory on 172.30.0.7:44967 (size: 22.5 KiB, free: 434.3 MiB)
[2026-04-07T07:28:01.182+0000] {subprocess.py:106} INFO - 26/04/07 07:28:01 INFO MapOutputTrackerMasterEndpoint: Asked to send map output locations for shuffle 2 to 172.30.0.7:56770
[2026-04-07T07:28:01.284+0000] {subprocess.py:106} INFO - 26/04/07 07:28:01 INFO BlockManagerInfo: Added broadcast_10_piece0 in memory on 172.30.0.7:44967 (size: 29.8 KiB, free: 434.3 MiB)
[2026-04-07T07:28:01.405+0000] {subprocess.py:106} INFO - 26/04/07 07:28:01 INFO TaskSetManager: Finished task 0.0 in stage 8.0 (TID 5) in 280 ms on 172.30.0.7 (executor 0) (1/1)
[2026-04-07T07:28:01.410+0000] {subprocess.py:106} INFO - 26/04/07 07:28:01 INFO TaskSchedulerImpl: Removed TaskSet 8.0, whose tasks have all completed, from pool
[2026-04-07T07:28:01.411+0000] {subprocess.py:106} INFO - 26/04/07 07:28:01 INFO DAGScheduler: ResultStage 8 (create at NativeMethodAccessorImpl.java:0) finished in 0.299 s
[2026-04-07T07:28:01.412+0000] {subprocess.py:106} INFO - 26/04/07 07:28:01 INFO DAGScheduler: Job 5 is finished. Cancelling potential speculative or zombie tasks for this job
[2026-04-07T07:28:01.412+0000] {subprocess.py:106} INFO - 26/04/07 07:28:01 INFO TaskSchedulerImpl: Killing all running tasks in stage 8: Stage finished
[2026-04-07T07:28:01.413+0000] {subprocess.py:106} INFO - 26/04/07 07:28:01 INFO DAGScheduler: Job 5 finished: create at NativeMethodAccessorImpl.java:0, took 0.315506 s
[2026-04-07T07:28:01.414+0000] {subprocess.py:106} INFO - 26/04/07 07:28:01 INFO AppendDataExec: Data source write support IcebergBatchWrite(table=gold.dim_location, format=PARQUET) is committing.
[2026-04-07T07:28:01.414+0000] {subprocess.py:106} INFO - 26/04/07 07:28:01 INFO SparkWrite: Committing append with 1 new data files to table gold.dim_location
[2026-04-07T07:28:01.571+0000] {subprocess.py:106} INFO - 26/04/07 07:28:01 INFO SnapshotProducer: Committed snapshot 2563703948906416190 (MergeAppend)
[2026-04-07T07:28:01.594+0000] {subprocess.py:106} INFO - 26/04/07 07:28:01 INFO LoggingMetricsReporter: Received metrics report: CommitReport{tableName=gold.dim_location, snapshotId=2563703948906416190, sequenceNumber=1, operation=append, commitMetrics=CommitMetricsResult{totalDuration=TimerResult{timeUnit=NANOSECONDS, totalDuration=PT0.18257486S, count=1}, attempts=CounterResult{unit=COUNT, value=1}, addedDataFiles=CounterResult{unit=COUNT, value=1}, removedDataFiles=null, totalDataFiles=CounterResult{unit=COUNT, value=1}, addedDeleteFiles=null, addedEqualityDeleteFiles=null, addedPositionalDeleteFiles=null, removedDeleteFiles=null, removedEqualityDeleteFiles=null, removedPositionalDeleteFiles=null, totalDeleteFiles=CounterResult{unit=COUNT, value=0}, addedRecords=CounterResult{unit=COUNT, value=10}, removedRecords=null, totalRecords=CounterResult{unit=COUNT, value=10}, addedFilesSizeInBytes=CounterResult{unit=BYTES, value=1182}, removedFilesSizeInBytes=null, totalFilesSizeInBytes=CounterResult{unit=BYTES, value=1182}, addedPositionalDeletes=null, removedPositionalDeletes=null, totalPositionalDeletes=CounterResult{unit=COUNT, value=0}, addedEqualityDeletes=null, removedEqualityDeletes=null, totalEqualityDeletes=CounterResult{unit=COUNT, value=0}}, metadata={engine-version=3.5.3, app-id=app-20260407072741-0002, engine-name=spark, iceberg-version=Apache Iceberg 1.6.1 (commit 8e9d59d299be42b0bca9461457cd1e95dbaad086)}}
[2026-04-07T07:28:01.598+0000] {subprocess.py:106} INFO - 26/04/07 07:28:01 INFO SparkWrite: Committed in 183 ms
[2026-04-07T07:28:01.599+0000] {subprocess.py:106} INFO - 26/04/07 07:28:01 INFO AppendDataExec: Data source write support IcebergBatchWrite(table=gold.dim_location, format=PARQUET) committed.
[2026-04-07T07:28:01.705+0000] {subprocess.py:106} INFO - 26/04/07 07:28:01 INFO HiveTableOperations: Committed to table iceberg.gold.dim_location with the new metadata location s3a://warehouse/iceberg_data/gold.db/dim_location/metadata/00000-935bf73a-d373-4617-abd6-3119b8e7978b.metadata.json
[2026-04-07T07:28:01.706+0000] {subprocess.py:106} INFO - 26/04/07 07:28:01 INFO BaseMetastoreTableOperations: Successfully committed to table iceberg.gold.dim_location in 113 ms
[2026-04-07T07:28:01.706+0000] {subprocess.py:106} INFO - >>> Building DIM_COMPANY...
[2026-04-07T07:28:01.760+0000] {subprocess.py:106} INFO - 26/04/07 07:28:01 INFO BaseMetastoreCatalog: Table properties set at catalog level through catalog properties: {}
[2026-04-07T07:28:01.767+0000] {subprocess.py:106} INFO - 26/04/07 07:28:01 INFO BaseMetastoreCatalog: Table properties enforced at catalog level through catalog properties: {}
[2026-04-07T07:28:01.785+0000] {subprocess.py:106} INFO - 26/04/07 07:28:01 INFO V2ScanRelationPushDown:
[2026-04-07T07:28:01.786+0000] {subprocess.py:106} INFO - Pushing operators to iceberg.silver.it_jobs_clean
[2026-04-07T07:28:01.787+0000] {subprocess.py:106} INFO - Pushed Filters: company_name IS NOT NULL
[2026-04-07T07:28:01.787+0000] {subprocess.py:106} INFO - Post-Scan Filters: isnotnull(company_name#1)
[2026-04-07T07:28:01.788+0000] {subprocess.py:106} INFO - 
[2026-04-07T07:28:01.788+0000] {subprocess.py:106} INFO - 26/04/07 07:28:01 INFO V2ScanRelationPushDown:
[2026-04-07T07:28:01.789+0000] {subprocess.py:106} INFO - Output: company_name#1
[2026-04-07T07:28:01.789+0000] {subprocess.py:106} INFO - 
[2026-04-07T07:28:01.790+0000] {subprocess.py:106} INFO - 26/04/07 07:28:01 INFO SnapshotScan: Scanning table iceberg.silver.it_jobs_clean snapshot 5024751683210422763 created at 2026-04-07T07:27:29.452+00:00 with filter company_name IS NOT NULL
[2026-04-07T07:28:01.790+0000] {subprocess.py:106} INFO - 26/04/07 07:28:01 INFO BaseDistributedDataScan: Planning file tasks locally for table iceberg.silver.it_jobs_clean
[2026-04-07T07:28:01.810+0000] {subprocess.py:106} INFO - 26/04/07 07:28:01 INFO SparkPartitioningAwareScan: Reporting UnknownPartitioning with 1 partition(s) for table iceberg.silver.it_jobs_clean
[2026-04-07T07:28:01.812+0000] {subprocess.py:106} INFO - 26/04/07 07:28:01 INFO SparkWrite: Requesting 0 bytes advisory partition size for table gold.dim_company
[2026-04-07T07:28:01.812+0000] {subprocess.py:106} INFO - 26/04/07 07:28:01 INFO SparkWrite: Requesting UnspecifiedDistribution as write distribution for table gold.dim_company
[2026-04-07T07:28:01.813+0000] {subprocess.py:106} INFO - 26/04/07 07:28:01 INFO SparkWrite: Requesting [] as write ordering for table gold.dim_company
[2026-04-07T07:28:01.821+0000] {subprocess.py:106} INFO - 26/04/07 07:28:01 INFO MemoryStore: Block broadcast_12 stored as values in memory (estimated size 32.0 KiB, free 434.1 MiB)
[2026-04-07T07:28:01.839+0000] {subprocess.py:106} INFO - 26/04/07 07:28:01 INFO MemoryStore: Block broadcast_12_piece0 stored as bytes in memory (estimated size 30.4 KiB, free 434.0 MiB)
[2026-04-07T07:28:01.839+0000] {subprocess.py:106} INFO - 26/04/07 07:28:01 INFO BlockManagerInfo: Added broadcast_12_piece0 in memory on d0f687c55036:33009 (size: 30.4 KiB, free: 434.2 MiB)
[2026-04-07T07:28:01.843+0000] {subprocess.py:106} INFO - 26/04/07 07:28:01 INFO BlockManagerInfo: Removed broadcast_7_piece0 on d0f687c55036:33009 in memory (size: 30.3 KiB, free: 434.3 MiB)
[2026-04-07T07:28:01.844+0000] {subprocess.py:106} INFO - 26/04/07 07:28:01 INFO SparkContext: Created broadcast 12 from broadcast at SparkBatch.java:79
[2026-04-07T07:28:01.845+0000] {subprocess.py:106} INFO - 26/04/07 07:28:01 INFO MemoryStore: Block broadcast_13 stored as values in memory (estimated size 32.0 KiB, free 434.1 MiB)
[2026-04-07T07:28:01.848+0000] {subprocess.py:106} INFO - 26/04/07 07:28:01 INFO MemoryStore: Block broadcast_13_piece0 stored as bytes in memory (estimated size 30.3 KiB, free 434.0 MiB)
[2026-04-07T07:28:01.849+0000] {subprocess.py:106} INFO - 26/04/07 07:28:01 INFO BlockManagerInfo: Added broadcast_13_piece0 in memory on d0f687c55036:33009 (size: 30.3 KiB, free: 434.2 MiB)
[2026-04-07T07:28:01.850+0000] {subprocess.py:106} INFO - 26/04/07 07:28:01 INFO BlockManagerInfo: Removed broadcast_10_piece0 on d0f687c55036:33009 in memory (size: 29.8 KiB, free: 434.3 MiB)
[2026-04-07T07:28:01.850+0000] {subprocess.py:106} INFO - 26/04/07 07:28:01 INFO SparkContext: Created broadcast 13 from broadcast at SparkBatch.java:79
[2026-04-07T07:28:01.855+0000] {subprocess.py:106} INFO - 26/04/07 07:28:01 INFO BlockManagerInfo: Removed broadcast_10_piece0 on 172.30.0.7:44967 in memory (size: 29.8 KiB, free: 434.3 MiB)
[2026-04-07T07:28:01.876+0000] {subprocess.py:106} INFO - 26/04/07 07:28:01 INFO BlockManagerInfo: Removed broadcast_8_piece0 on d0f687c55036:33009 in memory (size: 30.4 KiB, free: 434.3 MiB)
[2026-04-07T07:28:01.879+0000] {subprocess.py:106} INFO - 26/04/07 07:28:01 INFO BlockManagerInfo: Removed broadcast_8_piece0 on 172.30.0.7:44967 in memory (size: 30.4 KiB, free: 434.3 MiB)
[2026-04-07T07:28:01.908+0000] {subprocess.py:106} INFO - 26/04/07 07:28:01 INFO BlockManagerInfo: Removed broadcast_11_piece0 on 172.30.0.7:44967 in memory (size: 22.5 KiB, free: 434.4 MiB)
[2026-04-07T07:28:01.914+0000] {subprocess.py:106} INFO - 26/04/07 07:28:01 INFO BlockManagerInfo: Removed broadcast_11_piece0 on d0f687c55036:33009 in memory (size: 22.5 KiB, free: 434.3 MiB)
[2026-04-07T07:28:01.947+0000] {subprocess.py:106} INFO - 26/04/07 07:28:01 INFO CodeGenerator: Code generated in 39.62257 ms
[2026-04-07T07:28:01.969+0000] {subprocess.py:106} INFO - 26/04/07 07:28:01 INFO DAGScheduler: Registering RDD 21 (create at NativeMethodAccessorImpl.java:0) as input to shuffle 3
[2026-04-07T07:28:01.969+0000] {subprocess.py:106} INFO - 26/04/07 07:28:01 INFO DAGScheduler: Got map stage job 6 (create at NativeMethodAccessorImpl.java:0) with 1 output partitions
[2026-04-07T07:28:01.970+0000] {subprocess.py:106} INFO - 26/04/07 07:28:01 INFO DAGScheduler: Final stage: ShuffleMapStage 9 (create at NativeMethodAccessorImpl.java:0)
[2026-04-07T07:28:01.972+0000] {subprocess.py:106} INFO - 26/04/07 07:28:01 INFO DAGScheduler: Parents of final stage: List()
[2026-04-07T07:28:01.973+0000] {subprocess.py:106} INFO - 26/04/07 07:28:01 INFO DAGScheduler: Missing parents: List()
[2026-04-07T07:28:01.976+0000] {subprocess.py:106} INFO - 26/04/07 07:28:01 INFO DAGScheduler: Submitting ShuffleMapStage 9 (MapPartitionsRDD[21] at create at NativeMethodAccessorImpl.java:0), which has no missing parents
[2026-04-07T07:28:01.976+0000] {subprocess.py:106} INFO - 26/04/07 07:28:01 INFO MemoryStore: Block broadcast_14 stored as values in memory (estimated size 37.1 KiB, free 434.2 MiB)
[2026-04-07T07:28:01.986+0000] {subprocess.py:106} INFO - 26/04/07 07:28:01 INFO MemoryStore: Block broadcast_14_piece0 stored as bytes in memory (estimated size 16.2 KiB, free 434.2 MiB)
[2026-04-07T07:28:01.987+0000] {subprocess.py:106} INFO - 26/04/07 07:28:01 INFO BlockManagerInfo: Added broadcast_14_piece0 in memory on d0f687c55036:33009 (size: 16.2 KiB, free: 434.3 MiB)
[2026-04-07T07:28:01.990+0000] {subprocess.py:106} INFO - 26/04/07 07:28:01 INFO SparkContext: Created broadcast 14 from broadcast at DAGScheduler.scala:1585
[2026-04-07T07:28:01.991+0000] {subprocess.py:106} INFO - 26/04/07 07:28:01 INFO DAGScheduler: Submitting 1 missing tasks from ShuffleMapStage 9 (MapPartitionsRDD[21] at create at NativeMethodAccessorImpl.java:0) (first 15 tasks are for partitions Vector(0))
[2026-04-07T07:28:01.991+0000] {subprocess.py:106} INFO - 26/04/07 07:28:01 INFO TaskSchedulerImpl: Adding task set 9.0 with 1 tasks resource profile 0
[2026-04-07T07:28:01.992+0000] {subprocess.py:106} INFO - 26/04/07 07:28:01 INFO TaskSetManager: Starting task 0.0 in stage 9.0 (TID 6) (172.30.0.7, executor 0, partition 0, PROCESS_LOCAL, 15457 bytes)
[2026-04-07T07:28:02.007+0000] {subprocess.py:106} INFO - 26/04/07 07:28:02 INFO BlockManagerInfo: Added broadcast_14_piece0 in memory on 172.30.0.7:44967 (size: 16.2 KiB, free: 434.4 MiB)
[2026-04-07T07:28:02.057+0000] {subprocess.py:106} INFO - 26/04/07 07:28:02 INFO BlockManagerInfo: Removed broadcast_3_piece0 on 172.30.0.7:44967 in memory (size: 30.3 KiB, free: 434.4 MiB)
[2026-04-07T07:28:02.059+0000] {subprocess.py:106} INFO - 26/04/07 07:28:02 INFO BlockManagerInfo: Removed broadcast_3_piece0 on d0f687c55036:33009 in memory (size: 30.3 KiB, free: 434.3 MiB)
[2026-04-07T07:28:02.120+0000] {subprocess.py:106} INFO - 26/04/07 07:28:02 INFO BlockManagerInfo: Added broadcast_13_piece0 in memory on 172.30.0.7:44967 (size: 30.3 KiB, free: 434.4 MiB)
[2026-04-07T07:28:02.611+0000] {subprocess.py:106} INFO - 26/04/07 07:28:02 INFO TaskSetManager: Finished task 0.0 in stage 9.0 (TID 6) in 621 ms on 172.30.0.7 (executor 0) (1/1)
[2026-04-07T07:28:02.614+0000] {subprocess.py:106} INFO - 26/04/07 07:28:02 INFO TaskSchedulerImpl: Removed TaskSet 9.0, whose tasks have all completed, from pool
[2026-04-07T07:28:02.616+0000] {subprocess.py:106} INFO - 26/04/07 07:28:02 INFO DAGScheduler: ShuffleMapStage 9 (create at NativeMethodAccessorImpl.java:0) finished in 0.640 s
[2026-04-07T07:28:02.616+0000] {subprocess.py:106} INFO - 26/04/07 07:28:02 INFO DAGScheduler: looking for newly runnable stages
[2026-04-07T07:28:02.617+0000] {subprocess.py:106} INFO - 26/04/07 07:28:02 INFO DAGScheduler: running: Set()
[2026-04-07T07:28:02.618+0000] {subprocess.py:106} INFO - 26/04/07 07:28:02 INFO DAGScheduler: waiting: Set()
[2026-04-07T07:28:02.618+0000] {subprocess.py:106} INFO - 26/04/07 07:28:02 INFO DAGScheduler: failed: Set()
[2026-04-07T07:28:02.621+0000] {subprocess.py:106} INFO - 26/04/07 07:28:02 INFO ShufflePartitionsUtil: For shuffle(3), advisory target size: 67108864, actual target size 1048576, minimum partition size: 1048576
[2026-04-07T07:28:02.668+0000] {subprocess.py:106} INFO - 26/04/07 07:28:02 INFO CodeGenerator: Code generated in 35.097269 ms
[2026-04-07T07:28:02.687+0000] {subprocess.py:106} INFO - 26/04/07 07:28:02 INFO MemoryStore: Block broadcast_15 stored as values in memory (estimated size 32.0 KiB, free 434.2 MiB)
[2026-04-07T07:28:02.716+0000] {subprocess.py:106} INFO - 26/04/07 07:28:02 INFO MemoryStore: Block broadcast_15_piece0 stored as bytes in memory (estimated size 29.9 KiB, free 434.2 MiB)
[2026-04-07T07:28:02.717+0000] {subprocess.py:106} INFO - 26/04/07 07:28:02 INFO BlockManagerInfo: Added broadcast_15_piece0 in memory on d0f687c55036:33009 (size: 29.9 KiB, free: 434.3 MiB)
[2026-04-07T07:28:02.717+0000] {subprocess.py:106} INFO - 26/04/07 07:28:02 INFO SparkContext: Created broadcast 15 from broadcast at SparkWrite.java:193
[2026-04-07T07:28:02.718+0000] {subprocess.py:106} INFO - 26/04/07 07:28:02 INFO AppendDataExec: Start processing data source write support: IcebergBatchWrite(table=gold.dim_company, format=PARQUET). The input RDD has 1 partitions.
[2026-04-07T07:28:02.719+0000] {subprocess.py:106} INFO - 26/04/07 07:28:02 INFO SparkContext: Starting job: create at NativeMethodAccessorImpl.java:0
[2026-04-07T07:28:02.721+0000] {subprocess.py:106} INFO - 26/04/07 07:28:02 INFO DAGScheduler: Got job 7 (create at NativeMethodAccessorImpl.java:0) with 1 output partitions
[2026-04-07T07:28:02.724+0000] {subprocess.py:106} INFO - 26/04/07 07:28:02 INFO BlockManagerInfo: Removed broadcast_14_piece0 on 172.30.0.7:44967 in memory (size: 16.2 KiB, free: 434.4 MiB)
[2026-04-07T07:28:02.727+0000] {subprocess.py:106} INFO - 26/04/07 07:28:02 INFO DAGScheduler: Final stage: ResultStage 11 (create at NativeMethodAccessorImpl.java:0)
[2026-04-07T07:28:02.731+0000] {subprocess.py:106} INFO - 26/04/07 07:28:02 INFO DAGScheduler: Parents of final stage: List(ShuffleMapStage 10)
[2026-04-07T07:28:02.738+0000] {subprocess.py:106} INFO - 26/04/07 07:28:02 INFO BlockManagerInfo: Removed broadcast_14_piece0 on d0f687c55036:33009 in memory (size: 16.2 KiB, free: 434.3 MiB)
[2026-04-07T07:28:02.739+0000] {subprocess.py:106} INFO - 26/04/07 07:28:02 INFO DAGScheduler: Missing parents: List()
[2026-04-07T07:28:02.746+0000] {subprocess.py:106} INFO - 26/04/07 07:28:02 INFO DAGScheduler: Submitting ResultStage 11 (MapPartitionsRDD[23] at create at NativeMethodAccessorImpl.java:0), which has no missing parents
[2026-04-07T07:28:02.750+0000] {subprocess.py:106} INFO - 26/04/07 07:28:02 INFO MemoryStore: Block broadcast_16 stored as values in memory (estimated size 43.6 KiB, free 434.2 MiB)
[2026-04-07T07:28:02.755+0000] {subprocess.py:106} INFO - 26/04/07 07:28:02 INFO MemoryStore: Block broadcast_16_piece0 stored as bytes in memory (estimated size 19.8 KiB, free 434.2 MiB)
[2026-04-07T07:28:02.756+0000] {subprocess.py:106} INFO - 26/04/07 07:28:02 INFO BlockManagerInfo: Added broadcast_16_piece0 in memory on d0f687c55036:33009 (size: 19.8 KiB, free: 434.3 MiB)
[2026-04-07T07:28:02.757+0000] {subprocess.py:106} INFO - 26/04/07 07:28:02 INFO SparkContext: Created broadcast 16 from broadcast at DAGScheduler.scala:1585
[2026-04-07T07:28:02.758+0000] {subprocess.py:106} INFO - 26/04/07 07:28:02 INFO DAGScheduler: Submitting 1 missing tasks from ResultStage 11 (MapPartitionsRDD[23] at create at NativeMethodAccessorImpl.java:0) (first 15 tasks are for partitions Vector(0))
[2026-04-07T07:28:02.759+0000] {subprocess.py:106} INFO - 26/04/07 07:28:02 INFO TaskSchedulerImpl: Adding task set 11.0 with 1 tasks resource profile 0
[2026-04-07T07:28:02.764+0000] {subprocess.py:106} INFO - 26/04/07 07:28:02 INFO TaskSetManager: Starting task 0.0 in stage 11.0 (TID 7) (172.30.0.7, executor 0, partition 0, NODE_LOCAL, 9976 bytes)
[2026-04-07T07:28:02.811+0000] {subprocess.py:106} INFO - 26/04/07 07:28:02 INFO BlockManagerInfo: Added broadcast_16_piece0 in memory on 172.30.0.7:44967 (size: 19.8 KiB, free: 434.4 MiB)
[2026-04-07T07:28:02.827+0000] {subprocess.py:106} INFO - 26/04/07 07:28:02 INFO MapOutputTrackerMasterEndpoint: Asked to send map output locations for shuffle 3 to 172.30.0.7:56770
[2026-04-07T07:28:02.895+0000] {subprocess.py:106} INFO - 26/04/07 07:28:02 INFO BlockManagerInfo: Added broadcast_15_piece0 in memory on 172.30.0.7:44967 (size: 29.9 KiB, free: 434.3 MiB)
[2026-04-07T07:28:03.094+0000] {subprocess.py:106} INFO - 26/04/07 07:28:03 INFO TaskSetManager: Finished task 0.0 in stage 11.0 (TID 7) in 333 ms on 172.30.0.7 (executor 0) (1/1)
[2026-04-07T07:28:03.097+0000] {subprocess.py:106} INFO - 26/04/07 07:28:03 INFO TaskSchedulerImpl: Removed TaskSet 11.0, whose tasks have all completed, from pool
[2026-04-07T07:28:03.100+0000] {subprocess.py:106} INFO - 26/04/07 07:28:03 INFO DAGScheduler: ResultStage 11 (create at NativeMethodAccessorImpl.java:0) finished in 0.352 s
[2026-04-07T07:28:03.103+0000] {subprocess.py:106} INFO - 26/04/07 07:28:03 INFO DAGScheduler: Job 7 is finished. Cancelling potential speculative or zombie tasks for this job
[2026-04-07T07:28:03.104+0000] {subprocess.py:106} INFO - 26/04/07 07:28:03 INFO TaskSchedulerImpl: Killing all running tasks in stage 11: Stage finished
[2026-04-07T07:28:03.106+0000] {subprocess.py:106} INFO - 26/04/07 07:28:03 INFO DAGScheduler: Job 7 finished: create at NativeMethodAccessorImpl.java:0, took 0.385655 s
[2026-04-07T07:28:03.108+0000] {subprocess.py:106} INFO - 26/04/07 07:28:03 INFO AppendDataExec: Data source write support IcebergBatchWrite(table=gold.dim_company, format=PARQUET) is committing.
[2026-04-07T07:28:03.112+0000] {subprocess.py:106} INFO - 26/04/07 07:28:03 INFO SparkWrite: Committing append with 1 new data files to table gold.dim_company
[2026-04-07T07:28:03.323+0000] {subprocess.py:106} INFO - 26/04/07 07:28:03 INFO SnapshotProducer: Committed snapshot 7812797431646926129 (MergeAppend)
[2026-04-07T07:28:03.350+0000] {subprocess.py:106} INFO - 26/04/07 07:28:03 INFO LoggingMetricsReporter: Received metrics report: CommitReport{tableName=gold.dim_company, snapshotId=7812797431646926129, sequenceNumber=1, operation=append, commitMetrics=CommitMetricsResult{totalDuration=TimerResult{timeUnit=NANOSECONDS, totalDuration=PT0.23723828S, count=1}, attempts=CounterResult{unit=COUNT, value=1}, addedDataFiles=CounterResult{unit=COUNT, value=1}, removedDataFiles=null, totalDataFiles=CounterResult{unit=COUNT, value=1}, addedDeleteFiles=null, addedEqualityDeleteFiles=null, addedPositionalDeleteFiles=null, removedDeleteFiles=null, removedEqualityDeleteFiles=null, removedPositionalDeleteFiles=null, totalDeleteFiles=CounterResult{unit=COUNT, value=0}, addedRecords=CounterResult{unit=COUNT, value=1144}, removedRecords=null, totalRecords=CounterResult{unit=COUNT, value=1144}, addedFilesSizeInBytes=CounterResult{unit=BYTES, value=21265}, removedFilesSizeInBytes=null, totalFilesSizeInBytes=CounterResult{unit=BYTES, value=21265}, addedPositionalDeletes=null, removedPositionalDeletes=null, totalPositionalDeletes=CounterResult{unit=COUNT, value=0}, addedEqualityDeletes=null, removedEqualityDeletes=null, totalEqualityDeletes=CounterResult{unit=COUNT, value=0}}, metadata={engine-version=3.5.3, app-id=app-20260407072741-0002, engine-name=spark, iceberg-version=Apache Iceberg 1.6.1 (commit 8e9d59d299be42b0bca9461457cd1e95dbaad086)}}
[2026-04-07T07:28:03.351+0000] {subprocess.py:106} INFO - 26/04/07 07:28:03 INFO SparkWrite: Committed in 238 ms
[2026-04-07T07:28:03.352+0000] {subprocess.py:106} INFO - 26/04/07 07:28:03 INFO AppendDataExec: Data source write support IcebergBatchWrite(table=gold.dim_company, format=PARQUET) committed.
[2026-04-07T07:28:03.509+0000] {subprocess.py:106} INFO - 26/04/07 07:28:03 INFO HiveTableOperations: Committed to table iceberg.gold.dim_company with the new metadata location s3a://warehouse/iceberg_data/gold.db/dim_company/metadata/00000-b981bdff-84ad-4c98-b964-674345070c57.metadata.json
[2026-04-07T07:28:03.509+0000] {subprocess.py:106} INFO - 26/04/07 07:28:03 INFO BaseMetastoreTableOperations: Successfully committed to table iceberg.gold.dim_company in 160 ms
[2026-04-07T07:28:03.510+0000] {subprocess.py:106} INFO - >>> Building DIM_WORK_MODE...
[2026-04-07T07:28:03.571+0000] {subprocess.py:106} INFO - 26/04/07 07:28:03 INFO BaseMetastoreCatalog: Table properties set at catalog level through catalog properties: {}
[2026-04-07T07:28:03.578+0000] {subprocess.py:106} INFO - 26/04/07 07:28:03 INFO BaseMetastoreCatalog: Table properties enforced at catalog level through catalog properties: {}
[2026-04-07T07:28:03.603+0000] {subprocess.py:106} INFO - 26/04/07 07:28:03 INFO V2ScanRelationPushDown:
[2026-04-07T07:28:03.604+0000] {subprocess.py:106} INFO - Pushing operators to iceberg.silver.it_jobs_clean
[2026-04-07T07:28:03.605+0000] {subprocess.py:106} INFO - Pushed Filters: work_mode IS NOT NULL
[2026-04-07T07:28:03.606+0000] {subprocess.py:106} INFO - Post-Scan Filters: isnotnull(work_mode#7)
[2026-04-07T07:28:03.606+0000] {subprocess.py:106} INFO - 
[2026-04-07T07:28:03.607+0000] {subprocess.py:106} INFO - 26/04/07 07:28:03 INFO V2ScanRelationPushDown:
[2026-04-07T07:28:03.608+0000] {subprocess.py:106} INFO - Output: work_mode#7
[2026-04-07T07:28:03.609+0000] {subprocess.py:106} INFO - 
[2026-04-07T07:28:03.609+0000] {subprocess.py:106} INFO - 26/04/07 07:28:03 INFO SnapshotScan: Scanning table iceberg.silver.it_jobs_clean snapshot 5024751683210422763 created at 2026-04-07T07:27:29.452+00:00 with filter work_mode IS NOT NULL
[2026-04-07T07:28:03.611+0000] {subprocess.py:106} INFO - 26/04/07 07:28:03 INFO BaseDistributedDataScan: Planning file tasks locally for table iceberg.silver.it_jobs_clean
[2026-04-07T07:28:03.647+0000] {subprocess.py:106} INFO - 26/04/07 07:28:03 INFO SparkPartitioningAwareScan: Reporting UnknownPartitioning with 1 partition(s) for table iceberg.silver.it_jobs_clean
[2026-04-07T07:28:03.648+0000] {subprocess.py:106} INFO - 26/04/07 07:28:03 INFO SparkWrite: Requesting 0 bytes advisory partition size for table gold.dim_work_mode
[2026-04-07T07:28:03.649+0000] {subprocess.py:106} INFO - 26/04/07 07:28:03 INFO SparkWrite: Requesting UnspecifiedDistribution as write distribution for table gold.dim_work_mode
[2026-04-07T07:28:03.650+0000] {subprocess.py:106} INFO - 26/04/07 07:28:03 INFO SparkWrite: Requesting [] as write ordering for table gold.dim_work_mode
[2026-04-07T07:28:03.663+0000] {subprocess.py:106} INFO - 26/04/07 07:28:03 INFO MemoryStore: Block broadcast_17 stored as values in memory (estimated size 32.0 KiB, free 434.1 MiB)
[2026-04-07T07:28:03.681+0000] {subprocess.py:106} INFO - 26/04/07 07:28:03 INFO MemoryStore: Block broadcast_17_piece0 stored as bytes in memory (estimated size 30.3 KiB, free 434.1 MiB)
[2026-04-07T07:28:03.690+0000] {subprocess.py:106} INFO - 26/04/07 07:28:03 INFO BlockManagerInfo: Added broadcast_17_piece0 in memory on d0f687c55036:33009 (size: 30.3 KiB, free: 434.3 MiB)
[2026-04-07T07:28:03.694+0000] {subprocess.py:106} INFO - 26/04/07 07:28:03 INFO SparkContext: Created broadcast 17 from broadcast at SparkBatch.java:79
[2026-04-07T07:28:03.695+0000] {subprocess.py:106} INFO - 26/04/07 07:28:03 INFO BlockManagerInfo: Removed broadcast_16_piece0 on 172.30.0.7:44967 in memory (size: 19.8 KiB, free: 434.3 MiB)
[2026-04-07T07:28:03.695+0000] {subprocess.py:106} INFO - 26/04/07 07:28:03 INFO BlockManagerInfo: Removed broadcast_16_piece0 on d0f687c55036:33009 in memory (size: 19.8 KiB, free: 434.3 MiB)
[2026-04-07T07:28:03.696+0000] {subprocess.py:106} INFO - 26/04/07 07:28:03 INFO MemoryStore: Block broadcast_18 stored as values in memory (estimated size 32.0 KiB, free 434.1 MiB)
[2026-04-07T07:28:03.702+0000] {subprocess.py:106} INFO - 26/04/07 07:28:03 INFO MemoryStore: Block broadcast_18_piece0 stored as bytes in memory (estimated size 30.4 KiB, free 434.1 MiB)
[2026-04-07T07:28:03.711+0000] {subprocess.py:106} INFO - 26/04/07 07:28:03 INFO BlockManagerInfo: Added broadcast_18_piece0 in memory on d0f687c55036:33009 (size: 30.4 KiB, free: 434.3 MiB)
[2026-04-07T07:28:03.712+0000] {subprocess.py:106} INFO - 26/04/07 07:28:03 INFO BlockManagerInfo: Removed broadcast_15_piece0 on d0f687c55036:33009 in memory (size: 29.9 KiB, free: 434.3 MiB)
[2026-04-07T07:28:03.713+0000] {subprocess.py:106} INFO - 26/04/07 07:28:03 INFO SparkContext: Created broadcast 18 from broadcast at SparkBatch.java:79
[2026-04-07T07:28:03.716+0000] {subprocess.py:106} INFO - 26/04/07 07:28:03 INFO BlockManagerInfo: Removed broadcast_15_piece0 on 172.30.0.7:44967 in memory (size: 29.9 KiB, free: 434.4 MiB)
[2026-04-07T07:28:03.747+0000] {subprocess.py:106} INFO - 26/04/07 07:28:03 INFO BlockManagerInfo: Removed broadcast_12_piece0 on d0f687c55036:33009 in memory (size: 30.4 KiB, free: 434.3 MiB)
[2026-04-07T07:28:03.765+0000] {subprocess.py:106} INFO - 26/04/07 07:28:03 INFO BlockManagerInfo: Removed broadcast_13_piece0 on 172.30.0.7:44967 in memory (size: 30.3 KiB, free: 434.4 MiB)
[2026-04-07T07:28:03.769+0000] {subprocess.py:106} INFO - 26/04/07 07:28:03 INFO BlockManagerInfo: Removed broadcast_13_piece0 on d0f687c55036:33009 in memory (size: 30.3 KiB, free: 434.3 MiB)
[2026-04-07T07:28:03.774+0000] {subprocess.py:106} INFO - 26/04/07 07:28:03 INFO DAGScheduler: Registering RDD 27 (create at NativeMethodAccessorImpl.java:0) as input to shuffle 4
[2026-04-07T07:28:03.775+0000] {subprocess.py:106} INFO - 26/04/07 07:28:03 INFO DAGScheduler: Got map stage job 8 (create at NativeMethodAccessorImpl.java:0) with 1 output partitions
[2026-04-07T07:28:03.775+0000] {subprocess.py:106} INFO - 26/04/07 07:28:03 INFO DAGScheduler: Final stage: ShuffleMapStage 12 (create at NativeMethodAccessorImpl.java:0)
[2026-04-07T07:28:03.776+0000] {subprocess.py:106} INFO - 26/04/07 07:28:03 INFO DAGScheduler: Parents of final stage: List()
[2026-04-07T07:28:03.777+0000] {subprocess.py:106} INFO - 26/04/07 07:28:03 INFO DAGScheduler: Missing parents: List()
[2026-04-07T07:28:03.779+0000] {subprocess.py:106} INFO - 26/04/07 07:28:03 INFO DAGScheduler: Submitting ShuffleMapStage 12 (MapPartitionsRDD[27] at create at NativeMethodAccessorImpl.java:0), which has no missing parents
[2026-04-07T07:28:03.784+0000] {subprocess.py:106} INFO - 26/04/07 07:28:03 INFO MemoryStore: Block broadcast_19 stored as values in memory (estimated size 37.1 KiB, free 434.2 MiB)
[2026-04-07T07:28:03.801+0000] {subprocess.py:106} INFO - 26/04/07 07:28:03 INFO MemoryStore: Block broadcast_19_piece0 stored as bytes in memory (estimated size 16.2 KiB, free 434.2 MiB)
[2026-04-07T07:28:03.802+0000] {subprocess.py:106} INFO - 26/04/07 07:28:03 INFO BlockManagerInfo: Added broadcast_19_piece0 in memory on d0f687c55036:33009 (size: 16.2 KiB, free: 434.3 MiB)
[2026-04-07T07:28:03.803+0000] {subprocess.py:106} INFO - 26/04/07 07:28:03 INFO SparkContext: Created broadcast 19 from broadcast at DAGScheduler.scala:1585
[2026-04-07T07:28:03.805+0000] {subprocess.py:106} INFO - 26/04/07 07:28:03 INFO DAGScheduler: Submitting 1 missing tasks from ShuffleMapStage 12 (MapPartitionsRDD[27] at create at NativeMethodAccessorImpl.java:0) (first 15 tasks are for partitions Vector(0))
[2026-04-07T07:28:03.809+0000] {subprocess.py:106} INFO - 26/04/07 07:28:03 INFO TaskSchedulerImpl: Adding task set 12.0 with 1 tasks resource profile 0
[2026-04-07T07:28:03.810+0000] {subprocess.py:106} INFO - 26/04/07 07:28:03 INFO TaskSetManager: Starting task 0.0 in stage 12.0 (TID 8) (172.30.0.7, executor 0, partition 0, PROCESS_LOCAL, 15451 bytes)
[2026-04-07T07:28:03.835+0000] {subprocess.py:106} INFO - 26/04/07 07:28:03 INFO BlockManagerInfo: Added broadcast_19_piece0 in memory on 172.30.0.7:44967 (size: 16.2 KiB, free: 434.4 MiB)
[2026-04-07T07:28:03.897+0000] {subprocess.py:106} INFO - 26/04/07 07:28:03 INFO BlockManagerInfo: Added broadcast_18_piece0 in memory on 172.30.0.7:44967 (size: 30.4 KiB, free: 434.4 MiB)
[2026-04-07T07:28:04.078+0000] {subprocess.py:106} INFO - 26/04/07 07:28:04 INFO TaskSetManager: Finished task 0.0 in stage 12.0 (TID 8) in 272 ms on 172.30.0.7 (executor 0) (1/1)
[2026-04-07T07:28:04.082+0000] {subprocess.py:106} INFO - 26/04/07 07:28:04 INFO TaskSchedulerImpl: Removed TaskSet 12.0, whose tasks have all completed, from pool
[2026-04-07T07:28:04.083+0000] {subprocess.py:106} INFO - 26/04/07 07:28:04 INFO DAGScheduler: ShuffleMapStage 12 (create at NativeMethodAccessorImpl.java:0) finished in 0.299 s
[2026-04-07T07:28:04.083+0000] {subprocess.py:106} INFO - 26/04/07 07:28:04 INFO DAGScheduler: looking for newly runnable stages
[2026-04-07T07:28:04.084+0000] {subprocess.py:106} INFO - 26/04/07 07:28:04 INFO DAGScheduler: running: Set()
[2026-04-07T07:28:04.084+0000] {subprocess.py:106} INFO - 26/04/07 07:28:04 INFO DAGScheduler: waiting: Set()
[2026-04-07T07:28:04.085+0000] {subprocess.py:106} INFO - 26/04/07 07:28:04 INFO DAGScheduler: failed: Set()
[2026-04-07T07:28:04.085+0000] {subprocess.py:106} INFO - 26/04/07 07:28:04 INFO ShufflePartitionsUtil: For shuffle(4), advisory target size: 67108864, actual target size 1048576, minimum partition size: 1048576
[2026-04-07T07:28:04.110+0000] {subprocess.py:106} INFO - 26/04/07 07:28:04 INFO MemoryStore: Block broadcast_20 stored as values in memory (estimated size 32.0 KiB, free 434.2 MiB)
[2026-04-07T07:28:04.137+0000] {subprocess.py:106} INFO - 26/04/07 07:28:04 INFO MemoryStore: Block broadcast_20_piece0 stored as bytes in memory (estimated size 29.8 KiB, free 434.2 MiB)
[2026-04-07T07:28:04.142+0000] {subprocess.py:106} INFO - 26/04/07 07:28:04 INFO BlockManagerInfo: Added broadcast_20_piece0 in memory on d0f687c55036:33009 (size: 29.8 KiB, free: 434.3 MiB)
[2026-04-07T07:28:04.142+0000] {subprocess.py:106} INFO - 26/04/07 07:28:04 INFO SparkContext: Created broadcast 20 from broadcast at SparkWrite.java:193
[2026-04-07T07:28:04.143+0000] {subprocess.py:106} INFO - 26/04/07 07:28:04 INFO AppendDataExec: Start processing data source write support: IcebergBatchWrite(table=gold.dim_work_mode, format=PARQUET). The input RDD has 1 partitions.
[2026-04-07T07:28:04.144+0000] {subprocess.py:106} INFO - 26/04/07 07:28:04 INFO BlockManagerInfo: Removed broadcast_19_piece0 on d0f687c55036:33009 in memory (size: 16.2 KiB, free: 434.3 MiB)
[2026-04-07T07:28:04.146+0000] {subprocess.py:106} INFO - 26/04/07 07:28:04 INFO SparkContext: Starting job: create at NativeMethodAccessorImpl.java:0
[2026-04-07T07:28:04.147+0000] {subprocess.py:106} INFO - 26/04/07 07:28:04 INFO BlockManagerInfo: Removed broadcast_19_piece0 on 172.30.0.7:44967 in memory (size: 16.2 KiB, free: 434.4 MiB)
[2026-04-07T07:28:04.149+0000] {subprocess.py:106} INFO - 26/04/07 07:28:04 INFO DAGScheduler: Got job 9 (create at NativeMethodAccessorImpl.java:0) with 1 output partitions
[2026-04-07T07:28:04.149+0000] {subprocess.py:106} INFO - 26/04/07 07:28:04 INFO DAGScheduler: Final stage: ResultStage 14 (create at NativeMethodAccessorImpl.java:0)
[2026-04-07T07:28:04.150+0000] {subprocess.py:106} INFO - 26/04/07 07:28:04 INFO DAGScheduler: Parents of final stage: List(ShuffleMapStage 13)
[2026-04-07T07:28:04.151+0000] {subprocess.py:106} INFO - 26/04/07 07:28:04 INFO DAGScheduler: Missing parents: List()
[2026-04-07T07:28:04.155+0000] {subprocess.py:106} INFO - 26/04/07 07:28:04 INFO DAGScheduler: Submitting ResultStage 14 (MapPartitionsRDD[29] at create at NativeMethodAccessorImpl.java:0), which has no missing parents
[2026-04-07T07:28:04.163+0000] {subprocess.py:106} INFO - 26/04/07 07:28:04 INFO MemoryStore: Block broadcast_21 stored as values in memory (estimated size 43.6 KiB, free 434.2 MiB)
[2026-04-07T07:28:04.166+0000] {subprocess.py:106} INFO - 26/04/07 07:28:04 INFO MemoryStore: Block broadcast_21_piece0 stored as bytes in memory (estimated size 19.8 KiB, free 434.2 MiB)
[2026-04-07T07:28:04.169+0000] {subprocess.py:106} INFO - 26/04/07 07:28:04 INFO BlockManagerInfo: Added broadcast_21_piece0 in memory on d0f687c55036:33009 (size: 19.8 KiB, free: 434.3 MiB)
[2026-04-07T07:28:04.170+0000] {subprocess.py:106} INFO - 26/04/07 07:28:04 INFO SparkContext: Created broadcast 21 from broadcast at DAGScheduler.scala:1585
[2026-04-07T07:28:04.171+0000] {subprocess.py:106} INFO - 26/04/07 07:28:04 INFO DAGScheduler: Submitting 1 missing tasks from ResultStage 14 (MapPartitionsRDD[29] at create at NativeMethodAccessorImpl.java:0) (first 15 tasks are for partitions Vector(0))
[2026-04-07T07:28:04.171+0000] {subprocess.py:106} INFO - 26/04/07 07:28:04 INFO TaskSchedulerImpl: Adding task set 14.0 with 1 tasks resource profile 0
[2026-04-07T07:28:04.175+0000] {subprocess.py:106} INFO - 26/04/07 07:28:04 INFO TaskSetManager: Starting task 0.0 in stage 14.0 (TID 9) (172.30.0.7, executor 0, partition 0, NODE_LOCAL, 9976 bytes)
[2026-04-07T07:28:04.211+0000] {subprocess.py:106} INFO - 26/04/07 07:28:04 INFO BlockManagerInfo: Added broadcast_21_piece0 in memory on 172.30.0.7:44967 (size: 19.8 KiB, free: 434.4 MiB)
[2026-04-07T07:28:04.221+0000] {subprocess.py:106} INFO - 26/04/07 07:28:04 INFO MapOutputTrackerMasterEndpoint: Asked to send map output locations for shuffle 4 to 172.30.0.7:56770
[2026-04-07T07:28:04.238+0000] {subprocess.py:106} INFO - 26/04/07 07:28:04 INFO BlockManagerInfo: Added broadcast_20_piece0 in memory on 172.30.0.7:44967 (size: 29.8 KiB, free: 434.3 MiB)
[2026-04-07T07:28:04.830+0000] {subprocess.py:106} INFO - 26/04/07 07:28:04 INFO TaskSetManager: Finished task 0.0 in stage 14.0 (TID 9) in 655 ms on 172.30.0.7 (executor 0) (1/1)
[2026-04-07T07:28:04.834+0000] {subprocess.py:106} INFO - 26/04/07 07:28:04 INFO TaskSchedulerImpl: Removed TaskSet 14.0, whose tasks have all completed, from pool
[2026-04-07T07:28:04.836+0000] {subprocess.py:106} INFO - 26/04/07 07:28:04 INFO DAGScheduler: ResultStage 14 (create at NativeMethodAccessorImpl.java:0) finished in 0.669 s
[2026-04-07T07:28:04.837+0000] {subprocess.py:106} INFO - 26/04/07 07:28:04 INFO DAGScheduler: Job 9 is finished. Cancelling potential speculative or zombie tasks for this job
[2026-04-07T07:28:04.837+0000] {subprocess.py:106} INFO - 26/04/07 07:28:04 INFO TaskSchedulerImpl: Killing all running tasks in stage 14: Stage finished
[2026-04-07T07:28:04.842+0000] {subprocess.py:106} INFO - 26/04/07 07:28:04 INFO DAGScheduler: Job 9 finished: create at NativeMethodAccessorImpl.java:0, took 0.683478 s
[2026-04-07T07:28:04.843+0000] {subprocess.py:106} INFO - 26/04/07 07:28:04 INFO AppendDataExec: Data source write support IcebergBatchWrite(table=gold.dim_work_mode, format=PARQUET) is committing.
[2026-04-07T07:28:04.846+0000] {subprocess.py:106} INFO - 26/04/07 07:28:04 INFO SparkWrite: Committing append with 1 new data files to table gold.dim_work_mode
[2026-04-07T07:28:04.974+0000] {subprocess.py:106} INFO - 26/04/07 07:28:04 INFO SnapshotProducer: Committed snapshot 7977198286058839011 (MergeAppend)
[2026-04-07T07:28:04.996+0000] {subprocess.py:106} INFO - 26/04/07 07:28:04 INFO LoggingMetricsReporter: Received metrics report: CommitReport{tableName=gold.dim_work_mode, snapshotId=7977198286058839011, sequenceNumber=1, operation=append, commitMetrics=CommitMetricsResult{totalDuration=TimerResult{timeUnit=NANOSECONDS, totalDuration=PT0.163118109S, count=1}, attempts=CounterResult{unit=COUNT, value=1}, addedDataFiles=CounterResult{unit=COUNT, value=1}, removedDataFiles=null, totalDataFiles=CounterResult{unit=COUNT, value=1}, addedDeleteFiles=null, addedEqualityDeleteFiles=null, addedPositionalDeleteFiles=null, removedDeleteFiles=null, removedEqualityDeleteFiles=null, removedPositionalDeleteFiles=null, totalDeleteFiles=CounterResult{unit=COUNT, value=0}, addedRecords=CounterResult{unit=COUNT, value=3}, removedRecords=null, totalRecords=CounterResult{unit=COUNT, value=3}, addedFilesSizeInBytes=CounterResult{unit=BYTES, value=731}, removedFilesSizeInBytes=null, totalFilesSizeInBytes=CounterResult{unit=BYTES, value=731}, addedPositionalDeletes=null, removedPositionalDeletes=null, totalPositionalDeletes=CounterResult{unit=COUNT, value=0}, addedEqualityDeletes=null, removedEqualityDeletes=null, totalEqualityDeletes=CounterResult{unit=COUNT, value=0}}, metadata={engine-version=3.5.3, app-id=app-20260407072741-0002, engine-name=spark, iceberg-version=Apache Iceberg 1.6.1 (commit 8e9d59d299be42b0bca9461457cd1e95dbaad086)}}
[2026-04-07T07:28:04.997+0000] {subprocess.py:106} INFO - 26/04/07 07:28:04 INFO SparkWrite: Committed in 164 ms
[2026-04-07T07:28:04.998+0000] {subprocess.py:106} INFO - 26/04/07 07:28:04 INFO AppendDataExec: Data source write support IcebergBatchWrite(table=gold.dim_work_mode, format=PARQUET) committed.
[2026-04-07T07:28:05.168+0000] {subprocess.py:106} INFO - 26/04/07 07:28:05 INFO HiveTableOperations: Committed to table iceberg.gold.dim_work_mode with the new metadata location s3a://warehouse/iceberg_data/gold.db/dim_work_mode/metadata/00000-0945faf7-ab42-4493-8657-23fb6546edd9.metadata.json
[2026-04-07T07:28:05.171+0000] {subprocess.py:106} INFO - 26/04/07 07:28:05 INFO BaseMetastoreTableOperations: Successfully committed to table iceberg.gold.dim_work_mode in 167 ms
[2026-04-07T07:28:05.174+0000] {subprocess.py:106} INFO - >>> Building DIM_DATE...
[2026-04-07T07:28:05.330+0000] {subprocess.py:106} INFO - 26/04/07 07:28:05 INFO BaseMetastoreCatalog: Table properties set at catalog level through catalog properties: {}
[2026-04-07T07:28:05.336+0000] {subprocess.py:106} INFO - 26/04/07 07:28:05 INFO BaseMetastoreCatalog: Table properties enforced at catalog level through catalog properties: {}
[2026-04-07T07:28:05.356+0000] {subprocess.py:106} INFO - 26/04/07 07:28:05 INFO V2ScanRelationPushDown:
[2026-04-07T07:28:05.357+0000] {subprocess.py:106} INFO - Pushing operators to iceberg.silver.it_jobs_clean
[2026-04-07T07:28:05.357+0000] {subprocess.py:106} INFO - Pushed Filters: date_posted IS NOT NULL
[2026-04-07T07:28:05.358+0000] {subprocess.py:106} INFO - Post-Scan Filters: isnotnull(date_posted#4)
[2026-04-07T07:28:05.358+0000] {subprocess.py:106} INFO - 
[2026-04-07T07:28:05.358+0000] {subprocess.py:106} INFO - 26/04/07 07:28:05 INFO V2ScanRelationPushDown:
[2026-04-07T07:28:05.359+0000] {subprocess.py:106} INFO - Output: date_posted#4
[2026-04-07T07:28:05.359+0000] {subprocess.py:106} INFO - 
[2026-04-07T07:28:05.360+0000] {subprocess.py:106} INFO - 26/04/07 07:28:05 INFO SnapshotScan: Scanning table iceberg.silver.it_jobs_clean snapshot 5024751683210422763 created at 2026-04-07T07:27:29.452+00:00 with filter date_posted IS NOT NULL
[2026-04-07T07:28:05.360+0000] {subprocess.py:106} INFO - 26/04/07 07:28:05 INFO BaseDistributedDataScan: Planning file tasks locally for table iceberg.silver.it_jobs_clean
[2026-04-07T07:28:05.378+0000] {subprocess.py:106} INFO - 26/04/07 07:28:05 INFO SparkPartitioningAwareScan: Reporting UnknownPartitioning with 1 partition(s) for table iceberg.silver.it_jobs_clean
[2026-04-07T07:28:05.379+0000] {subprocess.py:106} INFO - 26/04/07 07:28:05 INFO SparkWrite: Requesting 0 bytes advisory partition size for table gold.dim_date
[2026-04-07T07:28:05.380+0000] {subprocess.py:106} INFO - 26/04/07 07:28:05 INFO SparkWrite: Requesting UnspecifiedDistribution as write distribution for table gold.dim_date
[2026-04-07T07:28:05.380+0000] {subprocess.py:106} INFO - 26/04/07 07:28:05 INFO SparkWrite: Requesting [] as write ordering for table gold.dim_date
[2026-04-07T07:28:05.387+0000] {subprocess.py:106} INFO - 26/04/07 07:28:05 INFO MemoryStore: Block broadcast_22 stored as values in memory (estimated size 32.0 KiB, free 434.1 MiB)
[2026-04-07T07:28:05.399+0000] {subprocess.py:106} INFO - 26/04/07 07:28:05 INFO MemoryStore: Block broadcast_22_piece0 stored as bytes in memory (estimated size 30.4 KiB, free 434.1 MiB)
[2026-04-07T07:28:05.405+0000] {subprocess.py:106} INFO - 26/04/07 07:28:05 INFO BlockManagerInfo: Added broadcast_22_piece0 in memory on d0f687c55036:33009 (size: 30.4 KiB, free: 434.3 MiB)
[2026-04-07T07:28:05.406+0000] {subprocess.py:106} INFO - 26/04/07 07:28:05 INFO BlockManagerInfo: Removed broadcast_20_piece0 on d0f687c55036:33009 in memory (size: 29.8 KiB, free: 434.3 MiB)
[2026-04-07T07:28:05.407+0000] {subprocess.py:106} INFO - 26/04/07 07:28:05 INFO BlockManagerInfo: Removed broadcast_20_piece0 on 172.30.0.7:44967 in memory (size: 29.8 KiB, free: 434.4 MiB)
[2026-04-07T07:28:05.407+0000] {subprocess.py:106} INFO - 26/04/07 07:28:05 INFO SparkContext: Created broadcast 22 from broadcast at SparkBatch.java:79
[2026-04-07T07:28:05.409+0000] {subprocess.py:106} INFO - 26/04/07 07:28:05 INFO MemoryStore: Block broadcast_23 stored as values in memory (estimated size 32.0 KiB, free 434.1 MiB)
[2026-04-07T07:28:05.415+0000] {subprocess.py:106} INFO - 26/04/07 07:28:05 INFO MemoryStore: Block broadcast_23_piece0 stored as bytes in memory (estimated size 30.3 KiB, free 434.1 MiB)
[2026-04-07T07:28:05.416+0000] {subprocess.py:106} INFO - 26/04/07 07:28:05 INFO BlockManagerInfo: Added broadcast_23_piece0 in memory on d0f687c55036:33009 (size: 30.3 KiB, free: 434.3 MiB)
[2026-04-07T07:28:05.420+0000] {subprocess.py:106} INFO - 26/04/07 07:28:05 INFO SparkContext: Created broadcast 23 from broadcast at SparkBatch.java:79
[2026-04-07T07:28:05.430+0000] {subprocess.py:106} INFO - 26/04/07 07:28:05 INFO BlockManagerInfo: Removed broadcast_21_piece0 on d0f687c55036:33009 in memory (size: 19.8 KiB, free: 434.3 MiB)
[2026-04-07T07:28:05.435+0000] {subprocess.py:106} INFO - 26/04/07 07:28:05 INFO BlockManagerInfo: Removed broadcast_21_piece0 on 172.30.0.7:44967 in memory (size: 19.8 KiB, free: 434.4 MiB)
[2026-04-07T07:28:05.464+0000] {subprocess.py:106} INFO - 26/04/07 07:28:05 INFO BlockManagerInfo: Removed broadcast_18_piece0 on d0f687c55036:33009 in memory (size: 30.4 KiB, free: 434.3 MiB)
[2026-04-07T07:28:05.472+0000] {subprocess.py:106} INFO - 26/04/07 07:28:05 INFO BlockManagerInfo: Removed broadcast_18_piece0 on 172.30.0.7:44967 in memory (size: 30.4 KiB, free: 434.4 MiB)
[2026-04-07T07:28:05.482+0000] {subprocess.py:106} INFO - 26/04/07 07:28:05 INFO BlockManagerInfo: Removed broadcast_17_piece0 on d0f687c55036:33009 in memory (size: 30.3 KiB, free: 434.3 MiB)
[2026-04-07T07:28:05.507+0000] {subprocess.py:106} INFO - 26/04/07 07:28:05 INFO CodeGenerator: Code generated in 34.118108 ms
[2026-04-07T07:28:05.519+0000] {subprocess.py:106} INFO - 26/04/07 07:28:05 INFO DAGScheduler: Registering RDD 33 (create at NativeMethodAccessorImpl.java:0) as input to shuffle 5
[2026-04-07T07:28:05.520+0000] {subprocess.py:106} INFO - 26/04/07 07:28:05 INFO DAGScheduler: Got map stage job 10 (create at NativeMethodAccessorImpl.java:0) with 1 output partitions
[2026-04-07T07:28:05.521+0000] {subprocess.py:106} INFO - 26/04/07 07:28:05 INFO DAGScheduler: Final stage: ShuffleMapStage 15 (create at NativeMethodAccessorImpl.java:0)
[2026-04-07T07:28:05.521+0000] {subprocess.py:106} INFO - 26/04/07 07:28:05 INFO DAGScheduler: Parents of final stage: List()
[2026-04-07T07:28:05.522+0000] {subprocess.py:106} INFO - 26/04/07 07:28:05 INFO DAGScheduler: Missing parents: List()
[2026-04-07T07:28:05.523+0000] {subprocess.py:106} INFO - 26/04/07 07:28:05 INFO DAGScheduler: Submitting ShuffleMapStage 15 (MapPartitionsRDD[33] at create at NativeMethodAccessorImpl.java:0), which has no missing parents
[2026-04-07T07:28:05.526+0000] {subprocess.py:106} INFO - 26/04/07 07:28:05 INFO MemoryStore: Block broadcast_24 stored as values in memory (estimated size 36.8 KiB, free 434.2 MiB)
[2026-04-07T07:28:05.536+0000] {subprocess.py:106} INFO - 26/04/07 07:28:05 INFO MemoryStore: Block broadcast_24_piece0 stored as bytes in memory (estimated size 16.1 KiB, free 434.2 MiB)
[2026-04-07T07:28:05.538+0000] {subprocess.py:106} INFO - 26/04/07 07:28:05 INFO BlockManagerInfo: Added broadcast_24_piece0 in memory on d0f687c55036:33009 (size: 16.1 KiB, free: 434.3 MiB)
[2026-04-07T07:28:05.539+0000] {subprocess.py:106} INFO - 26/04/07 07:28:05 INFO SparkContext: Created broadcast 24 from broadcast at DAGScheduler.scala:1585
[2026-04-07T07:28:05.539+0000] {subprocess.py:106} INFO - 26/04/07 07:28:05 INFO DAGScheduler: Submitting 1 missing tasks from ShuffleMapStage 15 (MapPartitionsRDD[33] at create at NativeMethodAccessorImpl.java:0) (first 15 tasks are for partitions Vector(0))
[2026-04-07T07:28:05.540+0000] {subprocess.py:106} INFO - 26/04/07 07:28:05 INFO TaskSchedulerImpl: Adding task set 15.0 with 1 tasks resource profile 0
[2026-04-07T07:28:05.541+0000] {subprocess.py:106} INFO - 26/04/07 07:28:05 INFO TaskSetManager: Starting task 0.0 in stage 15.0 (TID 10) (172.30.0.7, executor 0, partition 0, PROCESS_LOCAL, 15453 bytes)
[2026-04-07T07:28:05.559+0000] {subprocess.py:106} INFO - 26/04/07 07:28:05 INFO BlockManagerInfo: Added broadcast_24_piece0 in memory on 172.30.0.7:44967 (size: 16.1 KiB, free: 434.4 MiB)
[2026-04-07T07:28:05.680+0000] {subprocess.py:106} INFO - 26/04/07 07:28:05 INFO BlockManagerInfo: Added broadcast_23_piece0 in memory on 172.30.0.7:44967 (size: 30.3 KiB, free: 434.4 MiB)
[2026-04-07T07:28:05.918+0000] {subprocess.py:106} INFO - 26/04/07 07:28:05 INFO TaskSetManager: Finished task 0.0 in stage 15.0 (TID 10) in 378 ms on 172.30.0.7 (executor 0) (1/1)
[2026-04-07T07:28:05.918+0000] {subprocess.py:106} INFO - 26/04/07 07:28:05 INFO TaskSchedulerImpl: Removed TaskSet 15.0, whose tasks have all completed, from pool
[2026-04-07T07:28:05.919+0000] {subprocess.py:106} INFO - 26/04/07 07:28:05 INFO DAGScheduler: ShuffleMapStage 15 (create at NativeMethodAccessorImpl.java:0) finished in 0.395 s
[2026-04-07T07:28:05.921+0000] {subprocess.py:106} INFO - 26/04/07 07:28:05 INFO DAGScheduler: looking for newly runnable stages
[2026-04-07T07:28:05.922+0000] {subprocess.py:106} INFO - 26/04/07 07:28:05 INFO DAGScheduler: running: Set()
[2026-04-07T07:28:05.923+0000] {subprocess.py:106} INFO - 26/04/07 07:28:05 INFO DAGScheduler: waiting: Set()
[2026-04-07T07:28:05.924+0000] {subprocess.py:106} INFO - 26/04/07 07:28:05 INFO DAGScheduler: failed: Set()
[2026-04-07T07:28:05.930+0000] {subprocess.py:106} INFO - 26/04/07 07:28:05 INFO ShufflePartitionsUtil: For shuffle(5), advisory target size: 67108864, actual target size 1048576, minimum partition size: 1048576
[2026-04-07T07:28:06.013+0000] {subprocess.py:106} INFO - 26/04/07 07:28:06 INFO CodeGenerator: Code generated in 31.249857 ms
[2026-04-07T07:28:06.041+0000] {subprocess.py:106} INFO - 26/04/07 07:28:06 INFO MemoryStore: Block broadcast_25 stored as values in memory (estimated size 32.0 KiB, free 434.2 MiB)
[2026-04-07T07:28:06.053+0000] {subprocess.py:106} INFO - 26/04/07 07:28:06 INFO MemoryStore: Block broadcast_25_piece0 stored as bytes in memory (estimated size 29.9 KiB, free 434.2 MiB)
[2026-04-07T07:28:06.055+0000] {subprocess.py:106} INFO - 26/04/07 07:28:06 INFO BlockManagerInfo: Added broadcast_25_piece0 in memory on d0f687c55036:33009 (size: 29.9 KiB, free: 434.3 MiB)
[2026-04-07T07:28:06.059+0000] {subprocess.py:106} INFO - 26/04/07 07:28:06 INFO SparkContext: Created broadcast 25 from broadcast at SparkWrite.java:193
[2026-04-07T07:28:06.060+0000] {subprocess.py:106} INFO - 26/04/07 07:28:06 INFO AppendDataExec: Start processing data source write support: IcebergBatchWrite(table=gold.dim_date, format=PARQUET). The input RDD has 1 partitions.
[2026-04-07T07:28:06.061+0000] {subprocess.py:106} INFO - 26/04/07 07:28:06 INFO BlockManagerInfo: Removed broadcast_24_piece0 on d0f687c55036:33009 in memory (size: 16.1 KiB, free: 434.3 MiB)
[2026-04-07T07:28:06.062+0000] {subprocess.py:106} INFO - 26/04/07 07:28:06 INFO SparkContext: Starting job: create at NativeMethodAccessorImpl.java:0
[2026-04-07T07:28:06.063+0000] {subprocess.py:106} INFO - 26/04/07 07:28:06 INFO BlockManagerInfo: Removed broadcast_24_piece0 on 172.30.0.7:44967 in memory (size: 16.1 KiB, free: 434.4 MiB)
[2026-04-07T07:28:06.068+0000] {subprocess.py:106} INFO - 26/04/07 07:28:06 INFO DAGScheduler: Got job 11 (create at NativeMethodAccessorImpl.java:0) with 1 output partitions
[2026-04-07T07:28:06.069+0000] {subprocess.py:106} INFO - 26/04/07 07:28:06 INFO DAGScheduler: Final stage: ResultStage 17 (create at NativeMethodAccessorImpl.java:0)
[2026-04-07T07:28:06.074+0000] {subprocess.py:106} INFO - 26/04/07 07:28:06 INFO DAGScheduler: Parents of final stage: List(ShuffleMapStage 16)
[2026-04-07T07:28:06.075+0000] {subprocess.py:106} INFO - 26/04/07 07:28:06 INFO DAGScheduler: Missing parents: List()
[2026-04-07T07:28:06.076+0000] {subprocess.py:106} INFO - 26/04/07 07:28:06 INFO DAGScheduler: Submitting ResultStage 17 (MapPartitionsRDD[35] at create at NativeMethodAccessorImpl.java:0), which has no missing parents
[2026-04-07T07:28:06.080+0000] {subprocess.py:106} INFO - 26/04/07 07:28:06 INFO MemoryStore: Block broadcast_26 stored as values in memory (estimated size 51.2 KiB, free 434.2 MiB)
[2026-04-07T07:28:06.081+0000] {subprocess.py:106} INFO - 26/04/07 07:28:06 INFO MemoryStore: Block broadcast_26_piece0 stored as bytes in memory (estimated size 22.4 KiB, free 434.1 MiB)
[2026-04-07T07:28:06.084+0000] {subprocess.py:106} INFO - 26/04/07 07:28:06 INFO BlockManagerInfo: Added broadcast_26_piece0 in memory on d0f687c55036:33009 (size: 22.4 KiB, free: 434.3 MiB)
[2026-04-07T07:28:06.085+0000] {subprocess.py:106} INFO - 26/04/07 07:28:06 INFO SparkContext: Created broadcast 26 from broadcast at DAGScheduler.scala:1585
[2026-04-07T07:28:06.086+0000] {subprocess.py:106} INFO - 26/04/07 07:28:06 INFO DAGScheduler: Submitting 1 missing tasks from ResultStage 17 (MapPartitionsRDD[35] at create at NativeMethodAccessorImpl.java:0) (first 15 tasks are for partitions Vector(0))
[2026-04-07T07:28:06.088+0000] {subprocess.py:106} INFO - 26/04/07 07:28:06 INFO TaskSchedulerImpl: Adding task set 17.0 with 1 tasks resource profile 0
[2026-04-07T07:28:06.090+0000] {subprocess.py:106} INFO - 26/04/07 07:28:06 INFO TaskSetManager: Starting task 0.0 in stage 17.0 (TID 11) (172.30.0.7, executor 0, partition 0, NODE_LOCAL, 9976 bytes)
[2026-04-07T07:28:06.126+0000] {subprocess.py:106} INFO - 26/04/07 07:28:06 INFO BlockManagerInfo: Added broadcast_26_piece0 in memory on 172.30.0.7:44967 (size: 22.4 KiB, free: 434.3 MiB)
[2026-04-07T07:28:06.191+0000] {subprocess.py:106} INFO - 26/04/07 07:28:06 INFO MapOutputTrackerMasterEndpoint: Asked to send map output locations for shuffle 5 to 172.30.0.7:56770
[2026-04-07T07:28:06.277+0000] {subprocess.py:106} INFO - 26/04/07 07:28:06 INFO BlockManagerInfo: Added broadcast_25_piece0 in memory on 172.30.0.7:44967 (size: 29.9 KiB, free: 434.3 MiB)
[2026-04-07T07:28:06.454+0000] {subprocess.py:106} INFO - 26/04/07 07:28:06 INFO TaskSetManager: Finished task 0.0 in stage 17.0 (TID 11) in 367 ms on 172.30.0.7 (executor 0) (1/1)
[2026-04-07T07:28:06.455+0000] {subprocess.py:106} INFO - 26/04/07 07:28:06 INFO TaskSchedulerImpl: Removed TaskSet 17.0, whose tasks have all completed, from pool
[2026-04-07T07:28:06.458+0000] {subprocess.py:106} INFO - 26/04/07 07:28:06 INFO DAGScheduler: ResultStage 17 (create at NativeMethodAccessorImpl.java:0) finished in 0.378 s
[2026-04-07T07:28:06.459+0000] {subprocess.py:106} INFO - 26/04/07 07:28:06 INFO DAGScheduler: Job 11 is finished. Cancelling potential speculative or zombie tasks for this job
[2026-04-07T07:28:06.460+0000] {subprocess.py:106} INFO - 26/04/07 07:28:06 INFO TaskSchedulerImpl: Killing all running tasks in stage 17: Stage finished
[2026-04-07T07:28:06.461+0000] {subprocess.py:106} INFO - 26/04/07 07:28:06 INFO DAGScheduler: Job 11 finished: create at NativeMethodAccessorImpl.java:0, took 0.393506 s
[2026-04-07T07:28:06.462+0000] {subprocess.py:106} INFO - 26/04/07 07:28:06 INFO AppendDataExec: Data source write support IcebergBatchWrite(table=gold.dim_date, format=PARQUET) is committing.
[2026-04-07T07:28:06.466+0000] {subprocess.py:106} INFO - 26/04/07 07:28:06 INFO SparkWrite: Committing append with 1 new data files to table gold.dim_date
[2026-04-07T07:28:06.580+0000] {subprocess.py:106} INFO - 26/04/07 07:28:06 INFO SnapshotProducer: Committed snapshot 5641807880154258186 (MergeAppend)
[2026-04-07T07:28:06.599+0000] {subprocess.py:106} INFO - 26/04/07 07:28:06 INFO LoggingMetricsReporter: Received metrics report: CommitReport{tableName=gold.dim_date, snapshotId=5641807880154258186, sequenceNumber=1, operation=append, commitMetrics=CommitMetricsResult{totalDuration=TimerResult{timeUnit=NANOSECONDS, totalDuration=PT0.142143124S, count=1}, attempts=CounterResult{unit=COUNT, value=1}, addedDataFiles=CounterResult{unit=COUNT, value=1}, removedDataFiles=null, totalDataFiles=CounterResult{unit=COUNT, value=1}, addedDeleteFiles=null, addedEqualityDeleteFiles=null, addedPositionalDeleteFiles=null, removedDeleteFiles=null, removedEqualityDeleteFiles=null, removedPositionalDeleteFiles=null, totalDeleteFiles=CounterResult{unit=COUNT, value=0}, addedRecords=CounterResult{unit=COUNT, value=180}, removedRecords=null, totalRecords=CounterResult{unit=COUNT, value=180}, addedFilesSizeInBytes=CounterResult{unit=BYTES, value=3347}, removedFilesSizeInBytes=null, totalFilesSizeInBytes=CounterResult{unit=BYTES, value=3347}, addedPositionalDeletes=null, removedPositionalDeletes=null, totalPositionalDeletes=CounterResult{unit=COUNT, value=0}, addedEqualityDeletes=null, removedEqualityDeletes=null, totalEqualityDeletes=CounterResult{unit=COUNT, value=0}}, metadata={engine-version=3.5.3, app-id=app-20260407072741-0002, engine-name=spark, iceberg-version=Apache Iceberg 1.6.1 (commit 8e9d59d299be42b0bca9461457cd1e95dbaad086)}}
[2026-04-07T07:28:06.600+0000] {subprocess.py:106} INFO - 26/04/07 07:28:06 INFO SparkWrite: Committed in 143 ms
[2026-04-07T07:28:06.602+0000] {subprocess.py:106} INFO - 26/04/07 07:28:06 INFO AppendDataExec: Data source write support IcebergBatchWrite(table=gold.dim_date, format=PARQUET) committed.
[2026-04-07T07:28:06.700+0000] {subprocess.py:106} INFO - 26/04/07 07:28:06 INFO HiveTableOperations: Committed to table iceberg.gold.dim_date with the new metadata location s3a://warehouse/iceberg_data/gold.db/dim_date/metadata/00000-db43b916-7f1c-456a-8f2f-bf9dc8cfe136.metadata.json
[2026-04-07T07:28:06.701+0000] {subprocess.py:106} INFO - 26/04/07 07:28:06 INFO BaseMetastoreTableOperations: Successfully committed to table iceberg.gold.dim_date in 101 ms
[2026-04-07T07:28:06.701+0000] {subprocess.py:106} INFO - >>> Building DIM_JOB_CATEGORY...
[2026-04-07T07:28:06.790+0000] {subprocess.py:106} INFO - 26/04/07 07:28:06 INFO BaseMetastoreCatalog: Table properties set at catalog level through catalog properties: {}
[2026-04-07T07:28:06.796+0000] {subprocess.py:106} INFO - 26/04/07 07:28:06 INFO BaseMetastoreCatalog: Table properties enforced at catalog level through catalog properties: {}
[2026-04-07T07:28:06.811+0000] {subprocess.py:106} INFO - 26/04/07 07:28:06 INFO SparkScanBuilder: Skipping aggregate pushdown: group by aggregation push down is not supported
[2026-04-07T07:28:06.812+0000] {subprocess.py:106} INFO - 26/04/07 07:28:06 INFO V2ScanRelationPushDown:
[2026-04-07T07:28:06.813+0000] {subprocess.py:106} INFO - Output: job_title#0
[2026-04-07T07:28:06.814+0000] {subprocess.py:106} INFO - 
[2026-04-07T07:28:06.814+0000] {subprocess.py:106} INFO - 26/04/07 07:28:06 INFO SnapshotScan: Scanning table iceberg.silver.it_jobs_clean snapshot 5024751683210422763 created at 2026-04-07T07:27:29.452+00:00 with filter true
[2026-04-07T07:28:06.815+0000] {subprocess.py:106} INFO - 26/04/07 07:28:06 INFO BaseDistributedDataScan: Planning file tasks locally for table iceberg.silver.it_jobs_clean
[2026-04-07T07:28:06.832+0000] {subprocess.py:106} INFO - 26/04/07 07:28:06 INFO SparkPartitioningAwareScan: Reporting UnknownPartitioning with 1 partition(s) for table iceberg.silver.it_jobs_clean
[2026-04-07T07:28:06.834+0000] {subprocess.py:106} INFO - 26/04/07 07:28:06 INFO SparkWrite: Requesting 0 bytes advisory partition size for table gold.dim_job_category
[2026-04-07T07:28:06.835+0000] {subprocess.py:106} INFO - 26/04/07 07:28:06 INFO SparkWrite: Requesting UnspecifiedDistribution as write distribution for table gold.dim_job_category
[2026-04-07T07:28:06.835+0000] {subprocess.py:106} INFO - 26/04/07 07:28:06 INFO SparkWrite: Requesting [] as write ordering for table gold.dim_job_category
[2026-04-07T07:28:06.841+0000] {subprocess.py:106} INFO - 26/04/07 07:28:06 INFO MemoryStore: Block broadcast_27 stored as values in memory (estimated size 32.0 KiB, free 434.1 MiB)
[2026-04-07T07:28:06.852+0000] {subprocess.py:106} INFO - 26/04/07 07:28:06 INFO MemoryStore: Block broadcast_27_piece0 stored as bytes in memory (estimated size 30.3 KiB, free 434.1 MiB)
[2026-04-07T07:28:06.853+0000] {subprocess.py:106} INFO - 26/04/07 07:28:06 INFO BlockManagerInfo: Added broadcast_27_piece0 in memory on d0f687c55036:33009 (size: 30.3 KiB, free: 434.3 MiB)
[2026-04-07T07:28:06.858+0000] {subprocess.py:106} INFO - 26/04/07 07:28:06 INFO SparkContext: Created broadcast 27 from broadcast at SparkBatch.java:79
[2026-04-07T07:28:06.862+0000] {subprocess.py:106} INFO - 26/04/07 07:28:06 INFO BlockManagerInfo: Removed broadcast_23_piece0 on d0f687c55036:33009 in memory (size: 30.3 KiB, free: 434.3 MiB)
[2026-04-07T07:28:06.863+0000] {subprocess.py:106} INFO - 26/04/07 07:28:06 INFO BlockManagerInfo: Removed broadcast_23_piece0 on 172.30.0.7:44967 in memory (size: 30.3 KiB, free: 434.3 MiB)
[2026-04-07T07:28:06.870+0000] {subprocess.py:106} INFO - 26/04/07 07:28:06 INFO BlockManagerInfo: Removed broadcast_25_piece0 on d0f687c55036:33009 in memory (size: 29.9 KiB, free: 434.3 MiB)
[2026-04-07T07:28:06.873+0000] {subprocess.py:106} INFO - 26/04/07 07:28:06 INFO BlockManagerInfo: Removed broadcast_25_piece0 on 172.30.0.7:44967 in memory (size: 29.9 KiB, free: 434.4 MiB)
[2026-04-07T07:28:06.873+0000] {subprocess.py:106} INFO - 26/04/07 07:28:06 INFO MemoryStore: Block broadcast_28 stored as values in memory (estimated size 32.0 KiB, free 434.2 MiB)
[2026-04-07T07:28:06.875+0000] {subprocess.py:106} INFO - 26/04/07 07:28:06 INFO MemoryStore: Block broadcast_28_piece0 stored as bytes in memory (estimated size 30.4 KiB, free 434.1 MiB)
[2026-04-07T07:28:06.880+0000] {subprocess.py:106} INFO - 26/04/07 07:28:06 INFO BlockManagerInfo: Added broadcast_28_piece0 in memory on d0f687c55036:33009 (size: 30.4 KiB, free: 434.3 MiB)
[2026-04-07T07:28:06.884+0000] {subprocess.py:106} INFO - 26/04/07 07:28:06 INFO SparkContext: Created broadcast 28 from broadcast at SparkBatch.java:79
[2026-04-07T07:28:06.886+0000] {subprocess.py:106} INFO - 26/04/07 07:28:06 INFO BlockManagerInfo: Removed broadcast_26_piece0 on 172.30.0.7:44967 in memory (size: 22.4 KiB, free: 434.4 MiB)
[2026-04-07T07:28:06.890+0000] {subprocess.py:106} INFO - 26/04/07 07:28:06 INFO BlockManagerInfo: Removed broadcast_26_piece0 on d0f687c55036:33009 in memory (size: 22.4 KiB, free: 434.3 MiB)
[2026-04-07T07:28:06.898+0000] {subprocess.py:106} INFO - 26/04/07 07:28:06 INFO BlockManagerInfo: Removed broadcast_22_piece0 on d0f687c55036:33009 in memory (size: 30.4 KiB, free: 434.3 MiB)
[2026-04-07T07:28:06.956+0000] {subprocess.py:106} INFO - 26/04/07 07:28:06 INFO CodeGenerator: Code generated in 38.350396 ms
[2026-04-07T07:28:06.967+0000] {subprocess.py:106} INFO - 26/04/07 07:28:06 INFO DAGScheduler: Registering RDD 39 (create at NativeMethodAccessorImpl.java:0) as input to shuffle 6
[2026-04-07T07:28:06.968+0000] {subprocess.py:106} INFO - 26/04/07 07:28:06 INFO DAGScheduler: Got map stage job 12 (create at NativeMethodAccessorImpl.java:0) with 1 output partitions
[2026-04-07T07:28:06.969+0000] {subprocess.py:106} INFO - 26/04/07 07:28:06 INFO DAGScheduler: Final stage: ShuffleMapStage 18 (create at NativeMethodAccessorImpl.java:0)
[2026-04-07T07:28:06.969+0000] {subprocess.py:106} INFO - 26/04/07 07:28:06 INFO DAGScheduler: Parents of final stage: List()
[2026-04-07T07:28:06.974+0000] {subprocess.py:106} INFO - 26/04/07 07:28:06 INFO DAGScheduler: Missing parents: List()
[2026-04-07T07:28:06.975+0000] {subprocess.py:106} INFO - 26/04/07 07:28:06 INFO DAGScheduler: Submitting ShuffleMapStage 18 (MapPartitionsRDD[39] at create at NativeMethodAccessorImpl.java:0), which has no missing parents
[2026-04-07T07:28:06.977+0000] {subprocess.py:106} INFO - 26/04/07 07:28:06 INFO MemoryStore: Block broadcast_29 stored as values in memory (estimated size 29.4 KiB, free 434.2 MiB)
[2026-04-07T07:28:06.988+0000] {subprocess.py:106} INFO - 26/04/07 07:28:06 INFO MemoryStore: Block broadcast_29_piece0 stored as bytes in memory (estimated size 12.3 KiB, free 434.2 MiB)
[2026-04-07T07:28:06.990+0000] {subprocess.py:106} INFO - 26/04/07 07:28:06 INFO BlockManagerInfo: Added broadcast_29_piece0 in memory on d0f687c55036:33009 (size: 12.3 KiB, free: 434.3 MiB)
[2026-04-07T07:28:06.991+0000] {subprocess.py:106} INFO - 26/04/07 07:28:06 INFO SparkContext: Created broadcast 29 from broadcast at DAGScheduler.scala:1585
[2026-04-07T07:28:06.991+0000] {subprocess.py:106} INFO - 26/04/07 07:28:06 INFO DAGScheduler: Submitting 1 missing tasks from ShuffleMapStage 18 (MapPartitionsRDD[39] at create at NativeMethodAccessorImpl.java:0) (first 15 tasks are for partitions Vector(0))
[2026-04-07T07:28:06.992+0000] {subprocess.py:106} INFO - 26/04/07 07:28:06 INFO TaskSchedulerImpl: Adding task set 18.0 with 1 tasks resource profile 0
[2026-04-07T07:28:06.993+0000] {subprocess.py:106} INFO - 26/04/07 07:28:06 INFO TaskSetManager: Starting task 0.0 in stage 18.0 (TID 12) (172.30.0.7, executor 0, partition 0, PROCESS_LOCAL, 15175 bytes)
[2026-04-07T07:28:07.018+0000] {subprocess.py:106} INFO - 26/04/07 07:28:07 INFO BlockManagerInfo: Added broadcast_29_piece0 in memory on 172.30.0.7:44967 (size: 12.3 KiB, free: 434.4 MiB)
[2026-04-07T07:28:07.099+0000] {subprocess.py:106} INFO - 26/04/07 07:28:07 INFO BlockManagerInfo: Added broadcast_28_piece0 in memory on 172.30.0.7:44967 (size: 30.4 KiB, free: 434.4 MiB)
[2026-04-07T07:28:07.324+0000] {subprocess.py:106} INFO - 26/04/07 07:28:07 INFO TaskSetManager: Finished task 0.0 in stage 18.0 (TID 12) in 333 ms on 172.30.0.7 (executor 0) (1/1)
[2026-04-07T07:28:07.325+0000] {subprocess.py:106} INFO - 26/04/07 07:28:07 INFO TaskSchedulerImpl: Removed TaskSet 18.0, whose tasks have all completed, from pool
[2026-04-07T07:28:07.326+0000] {subprocess.py:106} INFO - 26/04/07 07:28:07 INFO DAGScheduler: ShuffleMapStage 18 (create at NativeMethodAccessorImpl.java:0) finished in 0.350 s
[2026-04-07T07:28:07.327+0000] {subprocess.py:106} INFO - 26/04/07 07:28:07 INFO DAGScheduler: looking for newly runnable stages
[2026-04-07T07:28:07.327+0000] {subprocess.py:106} INFO - 26/04/07 07:28:07 INFO DAGScheduler: running: Set()
[2026-04-07T07:28:07.328+0000] {subprocess.py:106} INFO - 26/04/07 07:28:07 INFO DAGScheduler: waiting: Set()
[2026-04-07T07:28:07.328+0000] {subprocess.py:106} INFO - 26/04/07 07:28:07 INFO DAGScheduler: failed: Set()
[2026-04-07T07:28:07.345+0000] {subprocess.py:106} INFO - 26/04/07 07:28:07 INFO ShufflePartitionsUtil: For shuffle(6), advisory target size: 67108864, actual target size 1048576, minimum partition size: 1048576
[2026-04-07T07:28:07.415+0000] {subprocess.py:106} INFO - 26/04/07 07:28:07 INFO CodeGenerator: Code generated in 42.693999 ms
[2026-04-07T07:28:07.428+0000] {subprocess.py:106} INFO - 26/04/07 07:28:07 INFO DAGScheduler: Registering RDD 42 (create at NativeMethodAccessorImpl.java:0) as input to shuffle 7
[2026-04-07T07:28:07.429+0000] {subprocess.py:106} INFO - 26/04/07 07:28:07 INFO DAGScheduler: Got map stage job 13 (create at NativeMethodAccessorImpl.java:0) with 1 output partitions
[2026-04-07T07:28:07.430+0000] {subprocess.py:106} INFO - 26/04/07 07:28:07 INFO DAGScheduler: Final stage: ShuffleMapStage 20 (create at NativeMethodAccessorImpl.java:0)
[2026-04-07T07:28:07.430+0000] {subprocess.py:106} INFO - 26/04/07 07:28:07 INFO DAGScheduler: Parents of final stage: List(ShuffleMapStage 19)
[2026-04-07T07:28:07.431+0000] {subprocess.py:106} INFO - 26/04/07 07:28:07 INFO DAGScheduler: Missing parents: List()
[2026-04-07T07:28:07.432+0000] {subprocess.py:106} INFO - 26/04/07 07:28:07 INFO DAGScheduler: Submitting ShuffleMapStage 20 (MapPartitionsRDD[42] at create at NativeMethodAccessorImpl.java:0), which has no missing parents
[2026-04-07T07:28:07.438+0000] {subprocess.py:106} INFO - 26/04/07 07:28:07 INFO MemoryStore: Block broadcast_30 stored as values in memory (estimated size 57.0 KiB, free 434.2 MiB)
[2026-04-07T07:28:07.449+0000] {subprocess.py:106} INFO - 26/04/07 07:28:07 INFO MemoryStore: Block broadcast_30_piece0 stored as bytes in memory (estimated size 21.7 KiB, free 434.2 MiB)
[2026-04-07T07:28:07.452+0000] {subprocess.py:106} INFO - 26/04/07 07:28:07 INFO BlockManagerInfo: Added broadcast_30_piece0 in memory on d0f687c55036:33009 (size: 21.7 KiB, free: 434.3 MiB)
[2026-04-07T07:28:07.454+0000] {subprocess.py:106} INFO - 26/04/07 07:28:07 INFO SparkContext: Created broadcast 30 from broadcast at DAGScheduler.scala:1585
[2026-04-07T07:28:07.459+0000] {subprocess.py:106} INFO - 26/04/07 07:28:07 INFO DAGScheduler: Submitting 1 missing tasks from ShuffleMapStage 20 (MapPartitionsRDD[42] at create at NativeMethodAccessorImpl.java:0) (first 15 tasks are for partitions Vector(0))
[2026-04-07T07:28:07.460+0000] {subprocess.py:106} INFO - 26/04/07 07:28:07 INFO TaskSchedulerImpl: Adding task set 20.0 with 1 tasks resource profile 0
[2026-04-07T07:28:07.461+0000] {subprocess.py:106} INFO - 26/04/07 07:28:07 INFO BlockManagerInfo: Removed broadcast_29_piece0 on d0f687c55036:33009 in memory (size: 12.3 KiB, free: 434.3 MiB)
[2026-04-07T07:28:07.462+0000] {subprocess.py:106} INFO - 26/04/07 07:28:07 INFO BlockManagerInfo: Removed broadcast_29_piece0 on 172.30.0.7:44967 in memory (size: 12.3 KiB, free: 434.4 MiB)
[2026-04-07T07:28:07.467+0000] {subprocess.py:106} INFO - 26/04/07 07:28:07 INFO TaskSetManager: Starting task 0.0 in stage 20.0 (TID 13) (172.30.0.7, executor 0, partition 0, NODE_LOCAL, 9965 bytes)
[2026-04-07T07:28:07.477+0000] {subprocess.py:106} INFO - 26/04/07 07:28:07 INFO BlockManagerInfo: Added broadcast_30_piece0 in memory on 172.30.0.7:44967 (size: 21.7 KiB, free: 434.3 MiB)
[2026-04-07T07:28:07.504+0000] {subprocess.py:106} INFO - 26/04/07 07:28:07 INFO MapOutputTrackerMasterEndpoint: Asked to send map output locations for shuffle 6 to 172.30.0.7:56770
[2026-04-07T07:28:07.693+0000] {subprocess.py:106} INFO - 26/04/07 07:28:07 INFO TaskSetManager: Finished task 0.0 in stage 20.0 (TID 13) in 236 ms on 172.30.0.7 (executor 0) (1/1)
[2026-04-07T07:28:07.697+0000] {subprocess.py:106} INFO - 26/04/07 07:28:07 INFO TaskSchedulerImpl: Removed TaskSet 20.0, whose tasks have all completed, from pool
[2026-04-07T07:28:07.698+0000] {subprocess.py:106} INFO - 26/04/07 07:28:07 INFO DAGScheduler: ShuffleMapStage 20 (create at NativeMethodAccessorImpl.java:0) finished in 0.260 s
[2026-04-07T07:28:07.699+0000] {subprocess.py:106} INFO - 26/04/07 07:28:07 INFO DAGScheduler: looking for newly runnable stages
[2026-04-07T07:28:07.706+0000] {subprocess.py:106} INFO - 26/04/07 07:28:07 INFO DAGScheduler: running: Set()
[2026-04-07T07:28:07.708+0000] {subprocess.py:106} INFO - 26/04/07 07:28:07 INFO DAGScheduler: waiting: Set()
[2026-04-07T07:28:07.709+0000] {subprocess.py:106} INFO - 26/04/07 07:28:07 INFO DAGScheduler: failed: Set()
[2026-04-07T07:28:07.710+0000] {subprocess.py:106} INFO - 26/04/07 07:28:07 INFO ShufflePartitionsUtil: For shuffle(7), advisory target size: 67108864, actual target size 1048576, minimum partition size: 1048576
[2026-04-07T07:28:07.757+0000] {subprocess.py:106} INFO - 26/04/07 07:28:07 INFO CodeGenerator: Code generated in 36.237927 ms
[2026-04-07T07:28:07.773+0000] {subprocess.py:106} INFO - 26/04/07 07:28:07 INFO MemoryStore: Block broadcast_31 stored as values in memory (estimated size 32.0 KiB, free 434.2 MiB)
[2026-04-07T07:28:07.792+0000] {subprocess.py:106} INFO - 26/04/07 07:28:07 INFO MemoryStore: Block broadcast_31_piece0 stored as bytes in memory (estimated size 29.8 KiB, free 434.1 MiB)
[2026-04-07T07:28:07.794+0000] {subprocess.py:106} INFO - 26/04/07 07:28:07 INFO BlockManagerInfo: Added broadcast_31_piece0 in memory on d0f687c55036:33009 (size: 29.8 KiB, free: 434.3 MiB)
[2026-04-07T07:28:07.795+0000] {subprocess.py:106} INFO - 26/04/07 07:28:07 INFO BlockManagerInfo: Removed broadcast_30_piece0 on d0f687c55036:33009 in memory (size: 21.7 KiB, free: 434.3 MiB)
[2026-04-07T07:28:07.799+0000] {subprocess.py:106} INFO - 26/04/07 07:28:07 INFO SparkContext: Created broadcast 31 from broadcast at SparkWrite.java:193
[2026-04-07T07:28:07.800+0000] {subprocess.py:106} INFO - 26/04/07 07:28:07 INFO AppendDataExec: Start processing data source write support: IcebergBatchWrite(table=gold.dim_job_category, format=PARQUET). The input RDD has 1 partitions.
[2026-04-07T07:28:07.802+0000] {subprocess.py:106} INFO - 26/04/07 07:28:07 INFO SparkContext: Starting job: create at NativeMethodAccessorImpl.java:0
[2026-04-07T07:28:07.803+0000] {subprocess.py:106} INFO - 26/04/07 07:28:07 INFO BlockManagerInfo: Removed broadcast_30_piece0 on 172.30.0.7:44967 in memory (size: 21.7 KiB, free: 434.4 MiB)
[2026-04-07T07:28:07.806+0000] {subprocess.py:106} INFO - 26/04/07 07:28:07 INFO DAGScheduler: Got job 14 (create at NativeMethodAccessorImpl.java:0) with 1 output partitions
[2026-04-07T07:28:07.807+0000] {subprocess.py:106} INFO - 26/04/07 07:28:07 INFO DAGScheduler: Final stage: ResultStage 23 (create at NativeMethodAccessorImpl.java:0)
[2026-04-07T07:28:07.808+0000] {subprocess.py:106} INFO - 26/04/07 07:28:07 INFO DAGScheduler: Parents of final stage: List(ShuffleMapStage 22)
[2026-04-07T07:28:07.809+0000] {subprocess.py:106} INFO - 26/04/07 07:28:07 INFO DAGScheduler: Missing parents: List()
[2026-04-07T07:28:07.815+0000] {subprocess.py:106} INFO - 26/04/07 07:28:07 INFO DAGScheduler: Submitting ResultStage 23 (MapPartitionsRDD[44] at create at NativeMethodAccessorImpl.java:0), which has no missing parents
[2026-04-07T07:28:07.818+0000] {subprocess.py:106} INFO - 26/04/07 07:28:07 INFO MemoryStore: Block broadcast_32 stored as values in memory (estimated size 50.7 KiB, free 434.2 MiB)
[2026-04-07T07:28:07.823+0000] {subprocess.py:106} INFO - 26/04/07 07:28:07 INFO MemoryStore: Block broadcast_32_piece0 stored as bytes in memory (estimated size 22.0 KiB, free 434.1 MiB)
[2026-04-07T07:28:07.823+0000] {subprocess.py:106} INFO - 26/04/07 07:28:07 INFO BlockManagerInfo: Added broadcast_32_piece0 in memory on d0f687c55036:33009 (size: 22.0 KiB, free: 434.3 MiB)
[2026-04-07T07:28:07.824+0000] {subprocess.py:106} INFO - 26/04/07 07:28:07 INFO SparkContext: Created broadcast 32 from broadcast at DAGScheduler.scala:1585
[2026-04-07T07:28:07.824+0000] {subprocess.py:106} INFO - 26/04/07 07:28:07 INFO DAGScheduler: Submitting 1 missing tasks from ResultStage 23 (MapPartitionsRDD[44] at create at NativeMethodAccessorImpl.java:0) (first 15 tasks are for partitions Vector(0))
[2026-04-07T07:28:07.825+0000] {subprocess.py:106} INFO - 26/04/07 07:28:07 INFO TaskSchedulerImpl: Adding task set 23.0 with 1 tasks resource profile 0
[2026-04-07T07:28:07.825+0000] {subprocess.py:106} INFO - 26/04/07 07:28:07 INFO TaskSetManager: Starting task 0.0 in stage 23.0 (TID 14) (172.30.0.7, executor 0, partition 0, NODE_LOCAL, 9976 bytes)
[2026-04-07T07:28:07.843+0000] {subprocess.py:106} INFO - 26/04/07 07:28:07 INFO BlockManagerInfo: Added broadcast_32_piece0 in memory on 172.30.0.7:44967 (size: 22.0 KiB, free: 434.3 MiB)
[2026-04-07T07:28:07.866+0000] {subprocess.py:106} INFO - 26/04/07 07:28:07 INFO MapOutputTrackerMasterEndpoint: Asked to send map output locations for shuffle 7 to 172.30.0.7:56770
[2026-04-07T07:28:07.909+0000] {subprocess.py:106} INFO - 26/04/07 07:28:07 INFO BlockManagerInfo: Added broadcast_31_piece0 in memory on 172.30.0.7:44967 (size: 29.8 KiB, free: 434.3 MiB)
[2026-04-07T07:28:08.020+0000] {subprocess.py:106} INFO - 26/04/07 07:28:08 INFO TaskSetManager: Finished task 0.0 in stage 23.0 (TID 14) in 195 ms on 172.30.0.7 (executor 0) (1/1)
[2026-04-07T07:28:08.025+0000] {subprocess.py:106} INFO - 26/04/07 07:28:08 INFO TaskSchedulerImpl: Removed TaskSet 23.0, whose tasks have all completed, from pool
[2026-04-07T07:28:08.027+0000] {subprocess.py:106} INFO - 26/04/07 07:28:08 INFO DAGScheduler: ResultStage 23 (create at NativeMethodAccessorImpl.java:0) finished in 0.206 s
[2026-04-07T07:28:08.027+0000] {subprocess.py:106} INFO - 26/04/07 07:28:08 INFO DAGScheduler: Job 14 is finished. Cancelling potential speculative or zombie tasks for this job
[2026-04-07T07:28:08.028+0000] {subprocess.py:106} INFO - 26/04/07 07:28:08 INFO TaskSchedulerImpl: Killing all running tasks in stage 23: Stage finished
[2026-04-07T07:28:08.028+0000] {subprocess.py:106} INFO - 26/04/07 07:28:08 INFO DAGScheduler: Job 14 finished: create at NativeMethodAccessorImpl.java:0, took 0.220779 s
[2026-04-07T07:28:08.029+0000] {subprocess.py:106} INFO - 26/04/07 07:28:08 INFO AppendDataExec: Data source write support IcebergBatchWrite(table=gold.dim_job_category, format=PARQUET) is committing.
[2026-04-07T07:28:08.030+0000] {subprocess.py:106} INFO - 26/04/07 07:28:08 INFO SparkWrite: Committing append with 1 new data files to table gold.dim_job_category
[2026-04-07T07:28:08.179+0000] {subprocess.py:106} INFO - 26/04/07 07:28:08 INFO SnapshotProducer: Committed snapshot 219814021130031572 (MergeAppend)
[2026-04-07T07:28:08.201+0000] {subprocess.py:106} INFO - 26/04/07 07:28:08 INFO LoggingMetricsReporter: Received metrics report: CommitReport{tableName=gold.dim_job_category, snapshotId=219814021130031572, sequenceNumber=1, operation=append, commitMetrics=CommitMetricsResult{totalDuration=TimerResult{timeUnit=NANOSECONDS, totalDuration=PT0.174077218S, count=1}, attempts=CounterResult{unit=COUNT, value=1}, addedDataFiles=CounterResult{unit=COUNT, value=1}, removedDataFiles=null, totalDataFiles=CounterResult{unit=COUNT, value=1}, addedDeleteFiles=null, addedEqualityDeleteFiles=null, addedPositionalDeleteFiles=null, removedDeleteFiles=null, removedEqualityDeleteFiles=null, removedPositionalDeleteFiles=null, totalDeleteFiles=CounterResult{unit=COUNT, value=0}, addedRecords=CounterResult{unit=COUNT, value=9}, removedRecords=null, totalRecords=CounterResult{unit=COUNT, value=9}, addedFilesSizeInBytes=CounterResult{unit=BYTES, value=899}, removedFilesSizeInBytes=null, totalFilesSizeInBytes=CounterResult{unit=BYTES, value=899}, addedPositionalDeletes=null, removedPositionalDeletes=null, totalPositionalDeletes=CounterResult{unit=COUNT, value=0}, addedEqualityDeletes=null, removedEqualityDeletes=null, totalEqualityDeletes=CounterResult{unit=COUNT, value=0}}, metadata={engine-version=3.5.3, app-id=app-20260407072741-0002, engine-name=spark, iceberg-version=Apache Iceberg 1.6.1 (commit 8e9d59d299be42b0bca9461457cd1e95dbaad086)}}
[2026-04-07T07:28:08.202+0000] {subprocess.py:106} INFO - 26/04/07 07:28:08 INFO SparkWrite: Committed in 174 ms
[2026-04-07T07:28:08.202+0000] {subprocess.py:106} INFO - 26/04/07 07:28:08 INFO AppendDataExec: Data source write support IcebergBatchWrite(table=gold.dim_job_category, format=PARQUET) committed.
[2026-04-07T07:28:08.310+0000] {subprocess.py:106} INFO - 26/04/07 07:28:08 INFO HiveTableOperations: Committed to table iceberg.gold.dim_job_category with the new metadata location s3a://warehouse/iceberg_data/gold.db/dim_job_category/metadata/00000-6a557daa-4ca9-4478-9cca-af526035cfc0.metadata.json
[2026-04-07T07:28:08.311+0000] {subprocess.py:106} INFO - 26/04/07 07:28:08 INFO BaseMetastoreTableOperations: Successfully committed to table iceberg.gold.dim_job_category in 109 ms
[2026-04-07T07:28:08.311+0000] {subprocess.py:106} INFO - >>> Building FACT_JOB_POSTING...
[2026-04-07T07:28:08.460+0000] {subprocess.py:106} INFO - 26/04/07 07:28:08 INFO BlockManagerInfo: Removed broadcast_31_piece0 on d0f687c55036:33009 in memory (size: 29.8 KiB, free: 434.3 MiB)
[2026-04-07T07:28:08.462+0000] {subprocess.py:106} INFO - 26/04/07 07:28:08 INFO BlockManagerInfo: Removed broadcast_31_piece0 on 172.30.0.7:44967 in memory (size: 29.8 KiB, free: 434.3 MiB)
[2026-04-07T07:28:08.469+0000] {subprocess.py:106} INFO - 26/04/07 07:28:08 INFO BlockManagerInfo: Removed broadcast_32_piece0 on 172.30.0.7:44967 in memory (size: 22.0 KiB, free: 434.4 MiB)
[2026-04-07T07:28:08.473+0000] {subprocess.py:106} INFO - 26/04/07 07:28:08 INFO BlockManagerInfo: Removed broadcast_32_piece0 on d0f687c55036:33009 in memory (size: 22.0 KiB, free: 434.3 MiB)
[2026-04-07T07:28:08.478+0000] {subprocess.py:106} INFO - 26/04/07 07:28:08 INFO BlockManagerInfo: Removed broadcast_28_piece0 on d0f687c55036:33009 in memory (size: 30.4 KiB, free: 434.4 MiB)
[2026-04-07T07:28:08.482+0000] {subprocess.py:106} INFO - 26/04/07 07:28:08 INFO BlockManagerInfo: Removed broadcast_28_piece0 on 172.30.0.7:44967 in memory (size: 30.4 KiB, free: 434.4 MiB)
[2026-04-07T07:28:08.483+0000] {subprocess.py:106} INFO - 26/04/07 07:28:08 INFO BlockManagerInfo: Removed broadcast_27_piece0 on d0f687c55036:33009 in memory (size: 30.3 KiB, free: 434.4 MiB)
[2026-04-07T07:28:08.676+0000] {subprocess.py:106} INFO - 26/04/07 07:28:08 INFO BaseMetastoreCatalog: Table properties set at catalog level through catalog properties: {}
[2026-04-07T07:28:08.682+0000] {subprocess.py:106} INFO - 26/04/07 07:28:08 INFO BaseMetastoreCatalog: Table properties enforced at catalog level through catalog properties: {}
[2026-04-07T07:28:08.848+0000] {subprocess.py:106} INFO - 26/04/07 07:28:08 INFO V2ScanRelationPushDown:
[2026-04-07T07:28:08.849+0000] {subprocess.py:106} INFO - Pushing operators to iceberg.silver.it_jobs_clean
[2026-04-07T07:28:08.850+0000] {subprocess.py:106} INFO - Pushed Filters: location IS NOT NULL, skills_required IS NOT NULL
[2026-04-07T07:28:08.850+0000] {subprocess.py:106} INFO - Post-Scan Filters: isnotnull(location#2),isnotnull(skills_required#3),(size(location#2, true) > 0),(size(skills_required#3, true) > 0)
[2026-04-07T07:28:08.851+0000] {subprocess.py:106} INFO - 
[2026-04-07T07:28:08.851+0000] {subprocess.py:106} INFO - 26/04/07 07:28:08 INFO V2ScanRelationPushDown:
[2026-04-07T07:28:08.852+0000] {subprocess.py:106} INFO - Pushing operators to iceberg.silver.it_jobs_clean
[2026-04-07T07:28:08.852+0000] {subprocess.py:106} INFO - Pushed Filters: company_name IS NOT NULL
[2026-04-07T07:28:08.852+0000] {subprocess.py:106} INFO - Post-Scan Filters: isnotnull(company_name#265)
[2026-04-07T07:28:08.853+0000] {subprocess.py:106} INFO - 
[2026-04-07T07:28:08.853+0000] {subprocess.py:106} INFO - 26/04/07 07:28:08 INFO V2ScanRelationPushDown:
[2026-04-07T07:28:08.853+0000] {subprocess.py:106} INFO - Pushing operators to iceberg.silver.it_jobs_clean
[2026-04-07T07:28:08.854+0000] {subprocess.py:106} INFO - Pushed Filters: location IS NOT NULL
[2026-04-07T07:28:08.854+0000] {subprocess.py:106} INFO - Post-Scan Filters: isnotnull(location#322),(size(location#322, true) > 0)
[2026-04-07T07:28:08.854+0000] {subprocess.py:106} INFO - 
[2026-04-07T07:28:08.855+0000] {subprocess.py:106} INFO - 26/04/07 07:28:08 INFO V2ScanRelationPushDown:
[2026-04-07T07:28:08.855+0000] {subprocess.py:106} INFO - Pushing operators to iceberg.silver.it_jobs_clean
[2026-04-07T07:28:08.855+0000] {subprocess.py:106} INFO - Pushed Filters: skills_required IS NOT NULL
[2026-04-07T07:28:08.856+0000] {subprocess.py:106} INFO - Post-Scan Filters: isnotnull(skills_required#385),(size(skills_required#385, true) > 0)
[2026-04-07T07:28:08.856+0000] {subprocess.py:106} INFO - 
[2026-04-07T07:28:08.856+0000] {subprocess.py:106} INFO - 26/04/07 07:28:08 INFO V2ScanRelationPushDown:
[2026-04-07T07:28:08.857+0000] {subprocess.py:106} INFO - Pushing operators to iceberg.silver.it_jobs_clean
[2026-04-07T07:28:08.857+0000] {subprocess.py:106} INFO - Pushed Filters: work_mode IS NOT NULL
[2026-04-07T07:28:08.858+0000] {subprocess.py:106} INFO - Post-Scan Filters: isnotnull(work_mode#457)
[2026-04-07T07:28:08.858+0000] {subprocess.py:106} INFO - 
[2026-04-07T07:28:08.858+0000] {subprocess.py:106} INFO - 26/04/07 07:28:08 INFO SparkScanBuilder: Skipping aggregate pushdown: group by aggregation push down is not supported
[2026-04-07T07:28:08.859+0000] {subprocess.py:106} INFO - 26/04/07 07:28:08 INFO V2ScanRelationPushDown:
[2026-04-07T07:28:08.859+0000] {subprocess.py:106} INFO - Output: job_title#0, company_name#1, location#2, skills_required#3, date_posted#4, job_link#5, work_mode#7
[2026-04-07T07:28:08.860+0000] {subprocess.py:106} INFO - 
[2026-04-07T07:28:08.860+0000] {subprocess.py:106} INFO - 26/04/07 07:28:08 INFO V2ScanRelationPushDown:
[2026-04-07T07:28:08.862+0000] {subprocess.py:106} INFO - Output: company_name#265
[2026-04-07T07:28:08.862+0000] {subprocess.py:106} INFO - 
[2026-04-07T07:28:08.863+0000] {subprocess.py:106} INFO - 26/04/07 07:28:08 INFO V2ScanRelationPushDown:
[2026-04-07T07:28:08.863+0000] {subprocess.py:106} INFO - Output: location#322
[2026-04-07T07:28:08.864+0000] {subprocess.py:106} INFO - 
[2026-04-07T07:28:08.864+0000] {subprocess.py:106} INFO - 26/04/07 07:28:08 INFO V2ScanRelationPushDown:
[2026-04-07T07:28:08.865+0000] {subprocess.py:106} INFO - Output: skills_required#385
[2026-04-07T07:28:08.865+0000] {subprocess.py:106} INFO - 
[2026-04-07T07:28:08.866+0000] {subprocess.py:106} INFO - 26/04/07 07:28:08 INFO V2ScanRelationPushDown:
[2026-04-07T07:28:08.866+0000] {subprocess.py:106} INFO - Output: work_mode#457
[2026-04-07T07:28:08.867+0000] {subprocess.py:106} INFO - 
[2026-04-07T07:28:08.868+0000] {subprocess.py:106} INFO - 26/04/07 07:28:08 INFO V2ScanRelationPushDown:
[2026-04-07T07:28:08.869+0000] {subprocess.py:106} INFO - Output: job_title#522
[2026-04-07T07:28:08.869+0000] {subprocess.py:106} INFO - 
[2026-04-07T07:28:08.870+0000] {subprocess.py:106} INFO - 26/04/07 07:28:08 INFO SnapshotScan: Scanning table iceberg.silver.it_jobs_clean snapshot 5024751683210422763 created at 2026-04-07T07:27:29.452+00:00 with filter (location IS NOT NULL AND skills_required IS NOT NULL)
[2026-04-07T07:28:08.870+0000] {subprocess.py:106} INFO - 26/04/07 07:28:08 INFO BaseDistributedDataScan: Planning file tasks locally for table iceberg.silver.it_jobs_clean
[2026-04-07T07:28:08.888+0000] {subprocess.py:106} INFO - 26/04/07 07:28:08 INFO SparkPartitioningAwareScan: Reporting UnknownPartitioning with 1 partition(s) for table iceberg.silver.it_jobs_clean
[2026-04-07T07:28:08.889+0000] {subprocess.py:106} INFO - 26/04/07 07:28:08 INFO SnapshotScan: Scanning table iceberg.silver.it_jobs_clean snapshot 5024751683210422763 created at 2026-04-07T07:27:29.452+00:00 with filter company_name IS NOT NULL
[2026-04-07T07:28:08.889+0000] {subprocess.py:106} INFO - 26/04/07 07:28:08 INFO BaseDistributedDataScan: Planning file tasks locally for table iceberg.silver.it_jobs_clean
[2026-04-07T07:28:08.908+0000] {subprocess.py:106} INFO - 26/04/07 07:28:08 INFO SparkPartitioningAwareScan: Reporting UnknownPartitioning with 1 partition(s) for table iceberg.silver.it_jobs_clean
[2026-04-07T07:28:08.909+0000] {subprocess.py:106} INFO - 26/04/07 07:28:08 INFO SnapshotScan: Scanning table iceberg.silver.it_jobs_clean snapshot 5024751683210422763 created at 2026-04-07T07:27:29.452+00:00 with filter location IS NOT NULL
[2026-04-07T07:28:08.910+0000] {subprocess.py:106} INFO - 26/04/07 07:28:08 INFO BaseDistributedDataScan: Planning file tasks locally for table iceberg.silver.it_jobs_clean
[2026-04-07T07:28:08.929+0000] {subprocess.py:106} INFO - 26/04/07 07:28:08 INFO SparkPartitioningAwareScan: Reporting UnknownPartitioning with 1 partition(s) for table iceberg.silver.it_jobs_clean
[2026-04-07T07:28:08.930+0000] {subprocess.py:106} INFO - 26/04/07 07:28:08 INFO SnapshotScan: Scanning table iceberg.silver.it_jobs_clean snapshot 5024751683210422763 created at 2026-04-07T07:27:29.452+00:00 with filter skills_required IS NOT NULL
[2026-04-07T07:28:08.930+0000] {subprocess.py:106} INFO - 26/04/07 07:28:08 INFO BaseDistributedDataScan: Planning file tasks locally for table iceberg.silver.it_jobs_clean
[2026-04-07T07:28:08.947+0000] {subprocess.py:106} INFO - 26/04/07 07:28:08 INFO SparkPartitioningAwareScan: Reporting UnknownPartitioning with 1 partition(s) for table iceberg.silver.it_jobs_clean
[2026-04-07T07:28:08.948+0000] {subprocess.py:106} INFO - 26/04/07 07:28:08 INFO SnapshotScan: Scanning table iceberg.silver.it_jobs_clean snapshot 5024751683210422763 created at 2026-04-07T07:27:29.452+00:00 with filter work_mode IS NOT NULL
[2026-04-07T07:28:08.948+0000] {subprocess.py:106} INFO - 26/04/07 07:28:08 INFO BaseDistributedDataScan: Planning file tasks locally for table iceberg.silver.it_jobs_clean
[2026-04-07T07:28:08.966+0000] {subprocess.py:106} INFO - 26/04/07 07:28:08 INFO SparkPartitioningAwareScan: Reporting UnknownPartitioning with 1 partition(s) for table iceberg.silver.it_jobs_clean
[2026-04-07T07:28:08.969+0000] {subprocess.py:106} INFO - 26/04/07 07:28:08 INFO SnapshotScan: Scanning table iceberg.silver.it_jobs_clean snapshot 5024751683210422763 created at 2026-04-07T07:27:29.452+00:00 with filter true
[2026-04-07T07:28:08.969+0000] {subprocess.py:106} INFO - 26/04/07 07:28:08 INFO BaseDistributedDataScan: Planning file tasks locally for table iceberg.silver.it_jobs_clean
[2026-04-07T07:28:08.984+0000] {subprocess.py:106} INFO - 26/04/07 07:28:08 INFO SparkPartitioningAwareScan: Reporting UnknownPartitioning with 1 partition(s) for table iceberg.silver.it_jobs_clean
[2026-04-07T07:28:08.990+0000] {subprocess.py:106} INFO - 26/04/07 07:28:08 INFO SparkWrite: Requesting 402653184 bytes advisory partition size for table gold.fact_job_posting
[2026-04-07T07:28:08.991+0000] {subprocess.py:106} INFO - 26/04/07 07:28:08 INFO SparkWrite: Requesting ClusteredDistribution(date_id) as write distribution for table gold.fact_job_posting
[2026-04-07T07:28:08.998+0000] {subprocess.py:106} INFO - 26/04/07 07:28:08 INFO SparkWrite: Requesting [] as write ordering for table gold.fact_job_posting
[2026-04-07T07:28:09.088+0000] {subprocess.py:106} INFO - 26/04/07 07:28:09 INFO MemoryStore: Block broadcast_33 stored as values in memory (estimated size 32.0 KiB, free 434.4 MiB)
[2026-04-07T07:28:09.097+0000] {subprocess.py:106} INFO - 26/04/07 07:28:09 INFO MemoryStore: Block broadcast_33_piece0 stored as bytes in memory (estimated size 30.4 KiB, free 434.3 MiB)
[2026-04-07T07:28:09.097+0000] {subprocess.py:106} INFO - 26/04/07 07:28:09 INFO BlockManagerInfo: Added broadcast_33_piece0 in memory on d0f687c55036:33009 (size: 30.4 KiB, free: 434.4 MiB)
[2026-04-07T07:28:09.099+0000] {subprocess.py:106} INFO - 26/04/07 07:28:09 INFO SparkContext: Created broadcast 33 from broadcast at SparkBatch.java:79
[2026-04-07T07:28:09.104+0000] {subprocess.py:106} INFO - 26/04/07 07:28:09 INFO MemoryStore: Block broadcast_34 stored as values in memory (estimated size 32.0 KiB, free 434.3 MiB)
[2026-04-07T07:28:09.107+0000] {subprocess.py:106} INFO - 26/04/07 07:28:09 INFO MemoryStore: Block broadcast_34_piece0 stored as bytes in memory (estimated size 30.3 KiB, free 434.3 MiB)
[2026-04-07T07:28:09.107+0000] {subprocess.py:106} INFO - 26/04/07 07:28:09 INFO BlockManagerInfo: Added broadcast_34_piece0 in memory on d0f687c55036:33009 (size: 30.3 KiB, free: 434.3 MiB)
[2026-04-07T07:28:09.108+0000] {subprocess.py:106} INFO - 26/04/07 07:28:09 INFO SparkContext: Created broadcast 34 from broadcast at SparkBatch.java:79
[2026-04-07T07:28:09.114+0000] {subprocess.py:106} INFO - 26/04/07 07:28:09 INFO MemoryStore: Block broadcast_35 stored as values in memory (estimated size 32.0 KiB, free 434.2 MiB)
[2026-04-07T07:28:09.115+0000] {subprocess.py:106} INFO - 26/04/07 07:28:09 INFO MemoryStore: Block broadcast_35_piece0 stored as bytes in memory (estimated size 30.4 KiB, free 434.2 MiB)
[2026-04-07T07:28:09.117+0000] {subprocess.py:106} INFO - 26/04/07 07:28:09 INFO BlockManagerInfo: Added broadcast_35_piece0 in memory on d0f687c55036:33009 (size: 30.4 KiB, free: 434.3 MiB)
[2026-04-07T07:28:09.123+0000] {subprocess.py:106} INFO - 26/04/07 07:28:09 INFO SparkContext: Created broadcast 35 from broadcast at SparkBatch.java:79
[2026-04-07T07:28:09.124+0000] {subprocess.py:106} INFO - 26/04/07 07:28:09 INFO MemoryStore: Block broadcast_36 stored as values in memory (estimated size 32.0 KiB, free 434.2 MiB)
[2026-04-07T07:28:09.126+0000] {subprocess.py:106} INFO - 26/04/07 07:28:09 INFO MemoryStore: Block broadcast_36_piece0 stored as bytes in memory (estimated size 30.3 KiB, free 434.2 MiB)
[2026-04-07T07:28:09.127+0000] {subprocess.py:106} INFO - 26/04/07 07:28:09 INFO BlockManagerInfo: Added broadcast_36_piece0 in memory on d0f687c55036:33009 (size: 30.3 KiB, free: 434.3 MiB)
[2026-04-07T07:28:09.129+0000] {subprocess.py:106} INFO - 26/04/07 07:28:09 INFO SparkContext: Created broadcast 36 from broadcast at SparkBatch.java:79
[2026-04-07T07:28:09.133+0000] {subprocess.py:106} INFO - 26/04/07 07:28:09 INFO MemoryStore: Block broadcast_37 stored as values in memory (estimated size 32.0 KiB, free 434.1 MiB)
[2026-04-07T07:28:09.137+0000] {subprocess.py:106} INFO - 26/04/07 07:28:09 INFO MemoryStore: Block broadcast_37_piece0 stored as bytes in memory (estimated size 30.4 KiB, free 434.1 MiB)
[2026-04-07T07:28:09.138+0000] {subprocess.py:106} INFO - 26/04/07 07:28:09 INFO BlockManagerInfo: Added broadcast_37_piece0 in memory on d0f687c55036:33009 (size: 30.4 KiB, free: 434.3 MiB)
[2026-04-07T07:28:09.139+0000] {subprocess.py:106} INFO - 26/04/07 07:28:09 INFO SparkContext: Created broadcast 37 from broadcast at SparkBatch.java:79
[2026-04-07T07:28:09.157+0000] {subprocess.py:106} INFO - 26/04/07 07:28:09 INFO MemoryStore: Block broadcast_38 stored as values in memory (estimated size 32.0 KiB, free 434.1 MiB)
[2026-04-07T07:28:09.159+0000] {subprocess.py:106} INFO - 26/04/07 07:28:09 INFO MemoryStore: Block broadcast_38_piece0 stored as bytes in memory (estimated size 30.3 KiB, free 434.0 MiB)
[2026-04-07T07:28:09.160+0000] {subprocess.py:106} INFO - 26/04/07 07:28:09 INFO BlockManagerInfo: Added broadcast_38_piece0 in memory on d0f687c55036:33009 (size: 30.3 KiB, free: 434.2 MiB)
[2026-04-07T07:28:09.161+0000] {subprocess.py:106} INFO - 26/04/07 07:28:09 INFO SparkContext: Created broadcast 38 from broadcast at SparkBatch.java:79
[2026-04-07T07:28:09.172+0000] {subprocess.py:106} INFO - 26/04/07 07:28:09 INFO MemoryStore: Block broadcast_39 stored as values in memory (estimated size 32.0 KiB, free 434.0 MiB)
[2026-04-07T07:28:09.175+0000] {subprocess.py:106} INFO - 26/04/07 07:28:09 INFO MemoryStore: Block broadcast_39_piece0 stored as bytes in memory (estimated size 30.4 KiB, free 434.0 MiB)
[2026-04-07T07:28:09.176+0000] {subprocess.py:106} INFO - 26/04/07 07:28:09 INFO BlockManagerInfo: Added broadcast_39_piece0 in memory on d0f687c55036:33009 (size: 30.4 KiB, free: 434.2 MiB)
[2026-04-07T07:28:09.177+0000] {subprocess.py:106} INFO - 26/04/07 07:28:09 INFO SparkContext: Created broadcast 39 from broadcast at SparkBatch.java:79
[2026-04-07T07:28:09.180+0000] {subprocess.py:106} INFO - 26/04/07 07:28:09 INFO MemoryStore: Block broadcast_40 stored as values in memory (estimated size 32.0 KiB, free 433.9 MiB)
[2026-04-07T07:28:09.183+0000] {subprocess.py:106} INFO - 26/04/07 07:28:09 INFO MemoryStore: Block broadcast_40_piece0 stored as bytes in memory (estimated size 30.3 KiB, free 433.9 MiB)
[2026-04-07T07:28:09.186+0000] {subprocess.py:106} INFO - 26/04/07 07:28:09 INFO BlockManagerInfo: Added broadcast_40_piece0 in memory on d0f687c55036:33009 (size: 30.3 KiB, free: 434.2 MiB)
[2026-04-07T07:28:09.187+0000] {subprocess.py:106} INFO - 26/04/07 07:28:09 INFO SparkContext: Created broadcast 40 from broadcast at SparkBatch.java:79
[2026-04-07T07:28:09.187+0000] {subprocess.py:106} INFO - 26/04/07 07:28:09 INFO MemoryStore: Block broadcast_41 stored as values in memory (estimated size 32.0 KiB, free 433.9 MiB)
[2026-04-07T07:28:09.206+0000] {subprocess.py:106} INFO - 26/04/07 07:28:09 INFO MemoryStore: Block broadcast_41_piece0 stored as bytes in memory (estimated size 30.4 KiB, free 433.9 MiB)
[2026-04-07T07:28:09.206+0000] {subprocess.py:106} INFO - 26/04/07 07:28:09 INFO BlockManagerInfo: Added broadcast_41_piece0 in memory on d0f687c55036:33009 (size: 30.4 KiB, free: 434.1 MiB)
[2026-04-07T07:28:09.207+0000] {subprocess.py:106} INFO - 26/04/07 07:28:09 INFO SparkContext: Created broadcast 41 from broadcast at SparkBatch.java:79
[2026-04-07T07:28:09.210+0000] {subprocess.py:106} INFO - 26/04/07 07:28:09 INFO MemoryStore: Block broadcast_42 stored as values in memory (estimated size 32.0 KiB, free 433.8 MiB)
[2026-04-07T07:28:09.212+0000] {subprocess.py:106} INFO - 26/04/07 07:28:09 INFO MemoryStore: Block broadcast_42_piece0 stored as bytes in memory (estimated size 30.3 KiB, free 433.8 MiB)
[2026-04-07T07:28:09.213+0000] {subprocess.py:106} INFO - 26/04/07 07:28:09 INFO BlockManagerInfo: Added broadcast_42_piece0 in memory on d0f687c55036:33009 (size: 30.3 KiB, free: 434.1 MiB)
[2026-04-07T07:28:09.214+0000] {subprocess.py:106} INFO - 26/04/07 07:28:09 INFO SparkContext: Created broadcast 42 from broadcast at SparkBatch.java:79
[2026-04-07T07:28:09.217+0000] {subprocess.py:106} INFO - 26/04/07 07:28:09 INFO MemoryStore: Block broadcast_43 stored as values in memory (estimated size 32.0 KiB, free 433.8 MiB)
[2026-04-07T07:28:09.219+0000] {subprocess.py:106} INFO - 26/04/07 07:28:09 INFO MemoryStore: Block broadcast_43_piece0 stored as bytes in memory (estimated size 30.4 KiB, free 433.7 MiB)
[2026-04-07T07:28:09.219+0000] {subprocess.py:106} INFO - 26/04/07 07:28:09 INFO BlockManagerInfo: Added broadcast_43_piece0 in memory on d0f687c55036:33009 (size: 30.4 KiB, free: 434.1 MiB)
[2026-04-07T07:28:09.221+0000] {subprocess.py:106} INFO - 26/04/07 07:28:09 INFO SparkContext: Created broadcast 43 from broadcast at SparkBatch.java:79
[2026-04-07T07:28:09.299+0000] {subprocess.py:106} INFO - 26/04/07 07:28:09 INFO MemoryStore: Block broadcast_44 stored as values in memory (estimated size 32.0 KiB, free 433.7 MiB)
[2026-04-07T07:28:09.307+0000] {subprocess.py:106} INFO - 26/04/07 07:28:09 INFO MemoryStore: Block broadcast_44_piece0 stored as bytes in memory (estimated size 30.3 KiB, free 433.7 MiB)
[2026-04-07T07:28:09.308+0000] {subprocess.py:106} INFO - 26/04/07 07:28:09 INFO BlockManagerInfo: Added broadcast_44_piece0 in memory on d0f687c55036:33009 (size: 30.3 KiB, free: 434.0 MiB)
[2026-04-07T07:28:09.308+0000] {subprocess.py:106} INFO - 26/04/07 07:28:09 INFO SparkContext: Created broadcast 44 from broadcast at SparkBatch.java:79
[2026-04-07T07:28:09.342+0000] {subprocess.py:106} INFO - 26/04/07 07:28:09 INFO DAGScheduler: Registering RDD 48 (create at NativeMethodAccessorImpl.java:0) as input to shuffle 8
[2026-04-07T07:28:09.343+0000] {subprocess.py:106} INFO - 26/04/07 07:28:09 INFO DAGScheduler: Got map stage job 15 (create at NativeMethodAccessorImpl.java:0) with 1 output partitions
[2026-04-07T07:28:09.344+0000] {subprocess.py:106} INFO - 26/04/07 07:28:09 INFO DAGScheduler: Final stage: ShuffleMapStage 24 (create at NativeMethodAccessorImpl.java:0)
[2026-04-07T07:28:09.344+0000] {subprocess.py:106} INFO - 26/04/07 07:28:09 INFO DAGScheduler: Parents of final stage: List()
[2026-04-07T07:28:09.364+0000] {subprocess.py:106} INFO - 26/04/07 07:28:09 INFO DAGScheduler: Missing parents: List()
[2026-04-07T07:28:09.367+0000] {subprocess.py:106} INFO - 26/04/07 07:28:09 INFO DAGScheduler: Submitting ShuffleMapStage 24 (MapPartitionsRDD[48] at create at NativeMethodAccessorImpl.java:0), which has no missing parents
[2026-04-07T07:28:09.375+0000] {subprocess.py:106} INFO - 26/04/07 07:28:09 INFO MemoryStore: Block broadcast_45 stored as values in memory (estimated size 37.2 KiB, free 433.6 MiB)
[2026-04-07T07:28:09.375+0000] {subprocess.py:106} INFO - 26/04/07 07:28:09 INFO MemoryStore: Block broadcast_45_piece0 stored as bytes in memory (estimated size 16.2 KiB, free 433.6 MiB)
[2026-04-07T07:28:09.376+0000] {subprocess.py:106} INFO - 26/04/07 07:28:09 INFO BlockManagerInfo: Added broadcast_45_piece0 in memory on d0f687c55036:33009 (size: 16.2 KiB, free: 434.0 MiB)
[2026-04-07T07:28:09.376+0000] {subprocess.py:106} INFO - 26/04/07 07:28:09 INFO SparkContext: Created broadcast 45 from broadcast at DAGScheduler.scala:1585
[2026-04-07T07:28:09.377+0000] {subprocess.py:106} INFO - 26/04/07 07:28:09 INFO DAGScheduler: Submitting 1 missing tasks from ShuffleMapStage 24 (MapPartitionsRDD[48] at create at NativeMethodAccessorImpl.java:0) (first 15 tasks are for partitions Vector(0))
[2026-04-07T07:28:09.377+0000] {subprocess.py:106} INFO - 26/04/07 07:28:09 INFO TaskSchedulerImpl: Adding task set 24.0 with 1 tasks resource profile 0
[2026-04-07T07:28:09.379+0000] {subprocess.py:106} INFO - 26/04/07 07:28:09 INFO TaskSetManager: Starting task 0.0 in stage 24.0 (TID 15) (172.30.0.7, executor 0, partition 0, PROCESS_LOCAL, 15457 bytes)
[2026-04-07T07:28:09.395+0000] {subprocess.py:106} INFO - 26/04/07 07:28:09 INFO BlockManagerInfo: Added broadcast_45_piece0 in memory on 172.30.0.7:44967 (size: 16.2 KiB, free: 434.4 MiB)
[2026-04-07T07:28:09.404+0000] {subprocess.py:106} INFO - 26/04/07 07:28:09 INFO CodeGenerator: Code generated in 31.462208 ms
[2026-04-07T07:28:09.431+0000] {subprocess.py:106} INFO - 26/04/07 07:28:09 INFO DAGScheduler: Registering RDD 52 (create at NativeMethodAccessorImpl.java:0) as input to shuffle 9
[2026-04-07T07:28:09.432+0000] {subprocess.py:106} INFO - 26/04/07 07:28:09 INFO DAGScheduler: Got map stage job 16 (create at NativeMethodAccessorImpl.java:0) with 1 output partitions
[2026-04-07T07:28:09.432+0000] {subprocess.py:106} INFO - 26/04/07 07:28:09 INFO DAGScheduler: Final stage: ShuffleMapStage 25 (create at NativeMethodAccessorImpl.java:0)
[2026-04-07T07:28:09.433+0000] {subprocess.py:106} INFO - 26/04/07 07:28:09 INFO DAGScheduler: Parents of final stage: List()
[2026-04-07T07:28:09.443+0000] {subprocess.py:106} INFO - 26/04/07 07:28:09 INFO DAGScheduler: Missing parents: List()
[2026-04-07T07:28:09.444+0000] {subprocess.py:106} INFO - 26/04/07 07:28:09 INFO DAGScheduler: Submitting ShuffleMapStage 25 (MapPartitionsRDD[52] at create at NativeMethodAccessorImpl.java:0), which has no missing parents
[2026-04-07T07:28:09.452+0000] {subprocess.py:106} INFO - 26/04/07 07:28:09 INFO MemoryStore: Block broadcast_46 stored as values in memory (estimated size 39.5 KiB, free 433.6 MiB)
[2026-04-07T07:28:09.474+0000] {subprocess.py:106} INFO - 26/04/07 07:28:09 INFO MemoryStore: Block broadcast_46_piece0 stored as bytes in memory (estimated size 17.2 KiB, free 433.6 MiB)
[2026-04-07T07:28:09.477+0000] {subprocess.py:106} INFO - 26/04/07 07:28:09 INFO BlockManagerInfo: Added broadcast_46_piece0 in memory on d0f687c55036:33009 (size: 17.2 KiB, free: 434.0 MiB)
[2026-04-07T07:28:09.478+0000] {subprocess.py:106} INFO - 26/04/07 07:28:09 INFO SparkContext: Created broadcast 46 from broadcast at DAGScheduler.scala:1585
[2026-04-07T07:28:09.482+0000] {subprocess.py:106} INFO - 26/04/07 07:28:09 INFO DAGScheduler: Submitting 1 missing tasks from ShuffleMapStage 25 (MapPartitionsRDD[52] at create at NativeMethodAccessorImpl.java:0) (first 15 tasks are for partitions Vector(0))
[2026-04-07T07:28:09.483+0000] {subprocess.py:106} INFO - 26/04/07 07:28:09 INFO TaskSchedulerImpl: Adding task set 25.0 with 1 tasks resource profile 0
[2026-04-07T07:28:09.485+0000] {subprocess.py:106} INFO - 26/04/07 07:28:09 INFO TaskSetManager: Starting task 0.0 in stage 25.0 (TID 16) (172.30.0.7, executor 0, partition 0, PROCESS_LOCAL, 15516 bytes)
[2026-04-07T07:28:09.485+0000] {subprocess.py:106} INFO - 26/04/07 07:28:09 INFO BlockManagerInfo: Added broadcast_40_piece0 in memory on 172.30.0.7:44967 (size: 30.3 KiB, free: 434.4 MiB)
[2026-04-07T07:28:09.508+0000] {subprocess.py:106} INFO - 26/04/07 07:28:09 INFO CodeGenerator: Code generated in 57.19736 ms
[2026-04-07T07:28:09.519+0000] {subprocess.py:106} INFO - 26/04/07 07:28:09 INFO BlockManagerInfo: Added broadcast_46_piece0 in memory on 172.30.0.7:44967 (size: 17.2 KiB, free: 434.3 MiB)
[2026-04-07T07:28:09.529+0000] {subprocess.py:106} INFO - 26/04/07 07:28:09 INFO DAGScheduler: Registering RDD 56 (create at NativeMethodAccessorImpl.java:0) as input to shuffle 10
[2026-04-07T07:28:09.530+0000] {subprocess.py:106} INFO - 26/04/07 07:28:09 INFO DAGScheduler: Got map stage job 17 (create at NativeMethodAccessorImpl.java:0) with 1 output partitions
[2026-04-07T07:28:09.532+0000] {subprocess.py:106} INFO - 26/04/07 07:28:09 INFO DAGScheduler: Final stage: ShuffleMapStage 26 (create at NativeMethodAccessorImpl.java:0)
[2026-04-07T07:28:09.534+0000] {subprocess.py:106} INFO - 26/04/07 07:28:09 INFO DAGScheduler: Parents of final stage: List()
[2026-04-07T07:28:09.536+0000] {subprocess.py:106} INFO - 26/04/07 07:28:09 INFO DAGScheduler: Missing parents: List()
[2026-04-07T07:28:09.544+0000] {subprocess.py:106} INFO - 26/04/07 07:28:09 INFO DAGScheduler: Submitting ShuffleMapStage 26 (MapPartitionsRDD[56] at create at NativeMethodAccessorImpl.java:0), which has no missing parents
[2026-04-07T07:28:09.574+0000] {subprocess.py:106} INFO - 26/04/07 07:28:09 INFO MemoryStore: Block broadcast_47 stored as values in memory (estimated size 40.1 KiB, free 433.5 MiB)
[2026-04-07T07:28:09.580+0000] {subprocess.py:106} INFO - 26/04/07 07:28:09 INFO MemoryStore: Block broadcast_47_piece0 stored as bytes in memory (estimated size 17.5 KiB, free 433.5 MiB)
[2026-04-07T07:28:09.581+0000] {subprocess.py:106} INFO - 26/04/07 07:28:09 INFO BlockManagerInfo: Added broadcast_47_piece0 in memory on d0f687c55036:33009 (size: 17.5 KiB, free: 434.0 MiB)
[2026-04-07T07:28:09.582+0000] {subprocess.py:106} INFO - 26/04/07 07:28:09 INFO SparkContext: Created broadcast 47 from broadcast at DAGScheduler.scala:1585
[2026-04-07T07:28:09.583+0000] {subprocess.py:106} INFO - 26/04/07 07:28:09 INFO DAGScheduler: Submitting 1 missing tasks from ShuffleMapStage 26 (MapPartitionsRDD[56] at create at NativeMethodAccessorImpl.java:0) (first 15 tasks are for partitions Vector(0))
[2026-04-07T07:28:09.584+0000] {subprocess.py:106} INFO - 26/04/07 07:28:09 INFO TaskSchedulerImpl: Adding task set 26.0 with 1 tasks resource profile 0
[2026-04-07T07:28:09.584+0000] {subprocess.py:106} INFO - 26/04/07 07:28:09 INFO TaskSetManager: Starting task 0.0 in stage 26.0 (TID 17) (172.30.0.7, executor 0, partition 0, PROCESS_LOCAL, 15530 bytes)
[2026-04-07T07:28:09.613+0000] {subprocess.py:106} INFO - 26/04/07 07:28:09 INFO CodeGenerator: Code generated in 72.823794 ms
[2026-04-07T07:28:09.629+0000] {subprocess.py:106} INFO - 26/04/07 07:28:09 INFO DAGScheduler: Registering RDD 60 (create at NativeMethodAccessorImpl.java:0) as input to shuffle 11
[2026-04-07T07:28:09.632+0000] {subprocess.py:106} INFO - 26/04/07 07:28:09 INFO DAGScheduler: Got map stage job 18 (create at NativeMethodAccessorImpl.java:0) with 1 output partitions
[2026-04-07T07:28:09.633+0000] {subprocess.py:106} INFO - 26/04/07 07:28:09 INFO DAGScheduler: Final stage: ShuffleMapStage 27 (create at NativeMethodAccessorImpl.java:0)
[2026-04-07T07:28:09.634+0000] {subprocess.py:106} INFO - 26/04/07 07:28:09 INFO DAGScheduler: Parents of final stage: List()
[2026-04-07T07:28:09.635+0000] {subprocess.py:106} INFO - 26/04/07 07:28:09 INFO DAGScheduler: Missing parents: List()
[2026-04-07T07:28:09.638+0000] {subprocess.py:106} INFO - 26/04/07 07:28:09 INFO DAGScheduler: Submitting ShuffleMapStage 27 (MapPartitionsRDD[60] at create at NativeMethodAccessorImpl.java:0), which has no missing parents
[2026-04-07T07:28:09.646+0000] {subprocess.py:106} INFO - 26/04/07 07:28:09 INFO BlockManagerInfo: Added broadcast_47_piece0 in memory on 172.30.0.7:44967 (size: 17.5 KiB, free: 434.3 MiB)
[2026-04-07T07:28:09.647+0000] {subprocess.py:106} INFO - 26/04/07 07:28:09 INFO MemoryStore: Block broadcast_48 stored as values in memory (estimated size 37.2 KiB, free 433.5 MiB)
[2026-04-07T07:28:09.665+0000] {subprocess.py:106} INFO - 26/04/07 07:28:09 INFO MemoryStore: Block broadcast_48_piece0 stored as bytes in memory (estimated size 16.3 KiB, free 433.5 MiB)
[2026-04-07T07:28:09.668+0000] {subprocess.py:106} INFO - 26/04/07 07:28:09 INFO BlockManagerInfo: Added broadcast_48_piece0 in memory on d0f687c55036:33009 (size: 16.3 KiB, free: 434.0 MiB)
[2026-04-07T07:28:09.675+0000] {subprocess.py:106} INFO - 26/04/07 07:28:09 INFO SparkContext: Created broadcast 48 from broadcast at DAGScheduler.scala:1585
[2026-04-07T07:28:09.675+0000] {subprocess.py:106} INFO - 26/04/07 07:28:09 INFO DAGScheduler: Submitting 1 missing tasks from ShuffleMapStage 27 (MapPartitionsRDD[60] at create at NativeMethodAccessorImpl.java:0) (first 15 tasks are for partitions Vector(0))
[2026-04-07T07:28:09.676+0000] {subprocess.py:106} INFO - 26/04/07 07:28:09 INFO TaskSchedulerImpl: Adding task set 27.0 with 1 tasks resource profile 0
[2026-04-07T07:28:09.692+0000] {subprocess.py:106} INFO - 26/04/07 07:28:09 INFO TaskSetManager: Starting task 0.0 in stage 27.0 (TID 18) (172.30.0.7, executor 0, partition 0, PROCESS_LOCAL, 15451 bytes)
[2026-04-07T07:28:09.713+0000] {subprocess.py:106} INFO - 26/04/07 07:28:09 INFO CodeGenerator: Code generated in 73.911239 ms
[2026-04-07T07:28:09.717+0000] {subprocess.py:106} INFO - 26/04/07 07:28:09 INFO BlockManagerInfo: Added broadcast_41_piece0 in memory on 172.30.0.7:44967 (size: 30.4 KiB, free: 434.3 MiB)
[2026-04-07T07:28:09.734+0000] {subprocess.py:106} INFO - 26/04/07 07:28:09 INFO DAGScheduler: Registering RDD 64 (create at NativeMethodAccessorImpl.java:0) as input to shuffle 12
[2026-04-07T07:28:09.735+0000] {subprocess.py:106} INFO - 26/04/07 07:28:09 INFO DAGScheduler: Got map stage job 19 (create at NativeMethodAccessorImpl.java:0) with 1 output partitions
[2026-04-07T07:28:09.737+0000] {subprocess.py:106} INFO - 26/04/07 07:28:09 INFO DAGScheduler: Final stage: ShuffleMapStage 28 (create at NativeMethodAccessorImpl.java:0)
[2026-04-07T07:28:09.738+0000] {subprocess.py:106} INFO - 26/04/07 07:28:09 INFO DAGScheduler: Parents of final stage: List()
[2026-04-07T07:28:09.739+0000] {subprocess.py:106} INFO - 26/04/07 07:28:09 INFO DAGScheduler: Missing parents: List()
[2026-04-07T07:28:09.741+0000] {subprocess.py:106} INFO - 26/04/07 07:28:09 INFO DAGScheduler: Submitting ShuffleMapStage 28 (MapPartitionsRDD[64] at create at NativeMethodAccessorImpl.java:0), which has no missing parents
[2026-04-07T07:28:09.747+0000] {subprocess.py:106} INFO - 26/04/07 07:28:09 INFO MemoryStore: Block broadcast_49 stored as values in memory (estimated size 29.4 KiB, free 433.4 MiB)
[2026-04-07T07:28:09.749+0000] {subprocess.py:106} INFO - 26/04/07 07:28:09 INFO MemoryStore: Block broadcast_49_piece0 stored as bytes in memory (estimated size 12.3 KiB, free 433.4 MiB)
[2026-04-07T07:28:09.750+0000] {subprocess.py:106} INFO - 26/04/07 07:28:09 INFO BlockManagerInfo: Added broadcast_48_piece0 in memory on 172.30.0.7:44967 (size: 16.3 KiB, free: 434.3 MiB)
[2026-04-07T07:28:09.752+0000] {subprocess.py:106} INFO - 26/04/07 07:28:09 INFO BlockManagerInfo: Added broadcast_49_piece0 in memory on d0f687c55036:33009 (size: 12.3 KiB, free: 434.0 MiB)
[2026-04-07T07:28:09.754+0000] {subprocess.py:106} INFO - 26/04/07 07:28:09 INFO SparkContext: Created broadcast 49 from broadcast at DAGScheduler.scala:1585
[2026-04-07T07:28:09.782+0000] {subprocess.py:106} INFO - 26/04/07 07:28:09 INFO DAGScheduler: Submitting 1 missing tasks from ShuffleMapStage 28 (MapPartitionsRDD[64] at create at NativeMethodAccessorImpl.java:0) (first 15 tasks are for partitions Vector(0))
[2026-04-07T07:28:09.783+0000] {subprocess.py:106} INFO - 26/04/07 07:28:09 INFO TaskSchedulerImpl: Adding task set 28.0 with 1 tasks resource profile 0
[2026-04-07T07:28:09.785+0000] {subprocess.py:106} INFO - 26/04/07 07:28:09 INFO TaskSetManager: Starting task 0.0 in stage 28.0 (TID 19) (172.30.0.7, executor 0, partition 0, PROCESS_LOCAL, 15175 bytes)
[2026-04-07T07:28:09.834+0000] {subprocess.py:106} INFO - 26/04/07 07:28:09 INFO BlockManagerInfo: Added broadcast_49_piece0 in memory on 172.30.0.7:44967 (size: 12.3 KiB, free: 434.3 MiB)
[2026-04-07T07:28:09.868+0000] {subprocess.py:106} INFO - 26/04/07 07:28:09 INFO BlockManagerInfo: Added broadcast_43_piece0 in memory on 172.30.0.7:44967 (size: 30.4 KiB, free: 434.2 MiB)
[2026-04-07T07:28:09.872+0000] {subprocess.py:106} INFO - 26/04/07 07:28:09 INFO BlockManagerInfo: Added broadcast_42_piece0 in memory on 172.30.0.7:44967 (size: 30.3 KiB, free: 434.2 MiB)
[2026-04-07T07:28:09.956+0000] {subprocess.py:106} INFO - 26/04/07 07:28:09 INFO BlockManagerInfo: Added broadcast_44_piece0 in memory on 172.30.0.7:44967 (size: 30.3 KiB, free: 434.2 MiB)
[2026-04-07T07:28:09.973+0000] {subprocess.py:106} INFO - 26/04/07 07:28:09 INFO TaskSetManager: Finished task 0.0 in stage 24.0 (TID 15) in 598 ms on 172.30.0.7 (executor 0) (1/1)
[2026-04-07T07:28:09.974+0000] {subprocess.py:106} INFO - 26/04/07 07:28:09 INFO TaskSchedulerImpl: Removed TaskSet 24.0, whose tasks have all completed, from pool
[2026-04-07T07:28:09.980+0000] {subprocess.py:106} INFO - 26/04/07 07:28:09 INFO DAGScheduler: ShuffleMapStage 24 (create at NativeMethodAccessorImpl.java:0) finished in 0.606 s
[2026-04-07T07:28:09.981+0000] {subprocess.py:106} INFO - 26/04/07 07:28:09 INFO DAGScheduler: looking for newly runnable stages
[2026-04-07T07:28:09.982+0000] {subprocess.py:106} INFO - 26/04/07 07:28:09 INFO DAGScheduler: running: Set(ShuffleMapStage 27, ShuffleMapStage 28, ShuffleMapStage 25, ShuffleMapStage 26)
[2026-04-07T07:28:09.983+0000] {subprocess.py:106} INFO - 26/04/07 07:28:09 INFO DAGScheduler: waiting: Set()
[2026-04-07T07:28:09.984+0000] {subprocess.py:106} INFO - 26/04/07 07:28:09 INFO DAGScheduler: failed: Set()
[2026-04-07T07:28:10.001+0000] {subprocess.py:106} INFO - 26/04/07 07:28:10 INFO MemoryStore: Block broadcast_50 stored as values in memory (estimated size 32.0 KiB, free 433.4 MiB)
[2026-04-07T07:28:10.025+0000] {subprocess.py:106} INFO - 26/04/07 07:28:10 INFO MemoryStore: Block broadcast_50_piece0 stored as bytes in memory (estimated size 30.4 KiB, free 433.4 MiB)
[2026-04-07T07:28:10.027+0000] {subprocess.py:106} INFO - 26/04/07 07:28:10 INFO BlockManagerInfo: Added broadcast_50_piece0 in memory on d0f687c55036:33009 (size: 30.4 KiB, free: 433.9 MiB)
[2026-04-07T07:28:10.029+0000] {subprocess.py:106} INFO - 26/04/07 07:28:10 INFO SparkContext: Created broadcast 50 from broadcast at SparkBatch.java:79
[2026-04-07T07:28:10.031+0000] {subprocess.py:106} INFO - 26/04/07 07:28:10 INFO BlockManagerInfo: Removed broadcast_45_piece0 on 172.30.0.7:44967 in memory (size: 16.2 KiB, free: 434.2 MiB)
[2026-04-07T07:28:10.041+0000] {subprocess.py:106} INFO - 26/04/07 07:28:10 INFO BlockManagerInfo: Removed broadcast_45_piece0 on d0f687c55036:33009 in memory (size: 16.2 KiB, free: 434.0 MiB)
[2026-04-07T07:28:10.056+0000] {subprocess.py:106} INFO - 26/04/07 07:28:10 INFO ShufflePartitionsUtil: For shuffle(8), advisory target size: 67108864, actual target size 1048576, minimum partition size: 1048576
[2026-04-07T07:28:10.106+0000] {subprocess.py:106} INFO - 26/04/07 07:28:10 INFO TaskSetManager: Finished task 0.0 in stage 25.0 (TID 16) in 625 ms on 172.30.0.7 (executor 0) (1/1)
[2026-04-07T07:28:10.107+0000] {subprocess.py:106} INFO - 26/04/07 07:28:10 INFO TaskSchedulerImpl: Removed TaskSet 25.0, whose tasks have all completed, from pool
[2026-04-07T07:28:10.108+0000] {subprocess.py:106} INFO - 26/04/07 07:28:10 INFO DAGScheduler: ShuffleMapStage 25 (create at NativeMethodAccessorImpl.java:0) finished in 0.663 s
[2026-04-07T07:28:10.108+0000] {subprocess.py:106} INFO - 26/04/07 07:28:10 INFO DAGScheduler: looking for newly runnable stages
[2026-04-07T07:28:10.109+0000] {subprocess.py:106} INFO - 26/04/07 07:28:10 INFO DAGScheduler: running: Set(ShuffleMapStage 27, ShuffleMapStage 28, ShuffleMapStage 26)
[2026-04-07T07:28:10.110+0000] {subprocess.py:106} INFO - 26/04/07 07:28:10 INFO DAGScheduler: waiting: Set()
[2026-04-07T07:28:10.111+0000] {subprocess.py:106} INFO - 26/04/07 07:28:10 INFO DAGScheduler: failed: Set()
[2026-04-07T07:28:10.159+0000] {subprocess.py:106} INFO - 26/04/07 07:28:10 INFO MemoryStore: Block broadcast_51 stored as values in memory (estimated size 32.0 KiB, free 433.4 MiB)
[2026-04-07T07:28:10.160+0000] {subprocess.py:106} INFO - 26/04/07 07:28:10 INFO TaskSetManager: Finished task 0.0 in stage 27.0 (TID 18) in 480 ms on 172.30.0.7 (executor 0) (1/1)
[2026-04-07T07:28:10.161+0000] {subprocess.py:106} INFO - 26/04/07 07:28:10 INFO TaskSchedulerImpl: Removed TaskSet 27.0, whose tasks have all completed, from pool
[2026-04-07T07:28:10.163+0000] {subprocess.py:106} INFO - 26/04/07 07:28:10 INFO MemoryStore: Block broadcast_51_piece0 stored as bytes in memory (estimated size 30.3 KiB, free 433.3 MiB)
[2026-04-07T07:28:10.164+0000] {subprocess.py:106} INFO - 26/04/07 07:28:10 INFO BlockManagerInfo: Added broadcast_51_piece0 in memory on d0f687c55036:33009 (size: 30.3 KiB, free: 433.9 MiB)
[2026-04-07T07:28:10.166+0000] {subprocess.py:106} INFO - 26/04/07 07:28:10 INFO DAGScheduler: ShuffleMapStage 27 (create at NativeMethodAccessorImpl.java:0) finished in 0.526 s
[2026-04-07T07:28:10.168+0000] {subprocess.py:106} INFO - 26/04/07 07:28:10 INFO DAGScheduler: looking for newly runnable stages
[2026-04-07T07:28:10.169+0000] {subprocess.py:106} INFO - 26/04/07 07:28:10 INFO DAGScheduler: running: Set(ShuffleMapStage 28, ShuffleMapStage 26)
[2026-04-07T07:28:10.173+0000] {subprocess.py:106} INFO - 26/04/07 07:28:10 INFO SparkContext: Created broadcast 51 from broadcast at SparkBatch.java:79
[2026-04-07T07:28:10.174+0000] {subprocess.py:106} INFO - 26/04/07 07:28:10 INFO DAGScheduler: waiting: Set()
[2026-04-07T07:28:10.177+0000] {subprocess.py:106} INFO - 26/04/07 07:28:10 INFO DAGScheduler: failed: Set()
[2026-04-07T07:28:10.186+0000] {subprocess.py:106} INFO - 26/04/07 07:28:10 INFO CodeGenerator: Code generated in 82.470203 ms
[2026-04-07T07:28:10.215+0000] {subprocess.py:106} INFO - 26/04/07 07:28:10 INFO ShufflePartitionsUtil: For shuffle(9), advisory target size: 67108864, actual target size 1048576, minimum partition size: 1048576
[2026-04-07T07:28:10.246+0000] {subprocess.py:106} INFO - 26/04/07 07:28:10 INFO SparkContext: Starting job: $anonfun$withThreadLocalCaptured$1 at FutureTask.java:264
[2026-04-07T07:28:10.247+0000] {subprocess.py:106} INFO - 26/04/07 07:28:10 INFO DAGScheduler: Got job 20 ($anonfun$withThreadLocalCaptured$1 at FutureTask.java:264) with 1 output partitions
[2026-04-07T07:28:10.250+0000] {subprocess.py:106} INFO - 26/04/07 07:28:10 INFO DAGScheduler: Final stage: ResultStage 30 ($anonfun$withThreadLocalCaptured$1 at FutureTask.java:264)
[2026-04-07T07:28:10.252+0000] {subprocess.py:106} INFO - 26/04/07 07:28:10 INFO DAGScheduler: Parents of final stage: List(ShuffleMapStage 29)
[2026-04-07T07:28:10.256+0000] {subprocess.py:106} INFO - 26/04/07 07:28:10 INFO DAGScheduler: Missing parents: List()
[2026-04-07T07:28:10.257+0000] {subprocess.py:106} INFO - 26/04/07 07:28:10 INFO DAGScheduler: Submitting ResultStage 30 (MapPartitionsRDD[67] at $anonfun$withThreadLocalCaptured$1 at FutureTask.java:264), which has no missing parents
[2026-04-07T07:28:10.280+0000] {subprocess.py:106} INFO - 26/04/07 07:28:10 INFO MemoryStore: Block broadcast_52 stored as values in memory (estimated size 42.2 KiB, free 433.3 MiB)
[2026-04-07T07:28:10.317+0000] {subprocess.py:106} INFO - 26/04/07 07:28:10 INFO MemoryStore: Block broadcast_52_piece0 stored as bytes in memory (estimated size 18.7 KiB, free 433.3 MiB)
[2026-04-07T07:28:10.330+0000] {subprocess.py:106} INFO - 26/04/07 07:28:10 INFO BlockManagerInfo: Removed broadcast_46_piece0 on 172.30.0.7:44967 in memory (size: 17.2 KiB, free: 434.2 MiB)
[2026-04-07T07:28:10.333+0000] {subprocess.py:106} INFO - 26/04/07 07:28:10 INFO BlockManagerInfo: Added broadcast_52_piece0 in memory on d0f687c55036:33009 (size: 18.7 KiB, free: 433.9 MiB)
[2026-04-07T07:28:10.335+0000] {subprocess.py:106} INFO - 26/04/07 07:28:10 INFO SparkContext: Created broadcast 52 from broadcast at DAGScheduler.scala:1585
[2026-04-07T07:28:10.336+0000] {subprocess.py:106} INFO - 26/04/07 07:28:10 INFO DAGScheduler: Submitting 1 missing tasks from ResultStage 30 (MapPartitionsRDD[67] at $anonfun$withThreadLocalCaptured$1 at FutureTask.java:264) (first 15 tasks are for partitions Vector(0))
[2026-04-07T07:28:10.336+0000] {subprocess.py:106} INFO - 26/04/07 07:28:10 INFO TaskSchedulerImpl: Adding task set 30.0 with 1 tasks resource profile 0
[2026-04-07T07:28:10.357+0000] {subprocess.py:106} INFO - 26/04/07 07:28:10 INFO TaskSetManager: Starting task 0.0 in stage 30.0 (TID 20) (172.30.0.7, executor 0, partition 0, NODE_LOCAL, 9976 bytes)
[2026-04-07T07:28:10.358+0000] {subprocess.py:106} INFO - 26/04/07 07:28:10 INFO BlockManagerInfo: Removed broadcast_46_piece0 on d0f687c55036:33009 in memory (size: 17.2 KiB, free: 433.9 MiB)
[2026-04-07T07:28:10.364+0000] {subprocess.py:106} INFO - 26/04/07 07:28:10 INFO BlockManagerInfo: Removed broadcast_48_piece0 on d0f687c55036:33009 in memory (size: 16.3 KiB, free: 433.9 MiB)
[2026-04-07T07:28:10.382+0000] {subprocess.py:106} INFO - 26/04/07 07:28:10 INFO BlockManagerInfo: Removed broadcast_48_piece0 on 172.30.0.7:44967 in memory (size: 16.3 KiB, free: 434.2 MiB)
[2026-04-07T07:28:10.387+0000] {subprocess.py:106} INFO - 26/04/07 07:28:10 INFO TaskSetManager: Finished task 0.0 in stage 26.0 (TID 17) in 809 ms on 172.30.0.7 (executor 0) (1/1)
[2026-04-07T07:28:10.388+0000] {subprocess.py:106} INFO - 26/04/07 07:28:10 INFO TaskSchedulerImpl: Removed TaskSet 26.0, whose tasks have all completed, from pool
[2026-04-07T07:28:10.389+0000] {subprocess.py:106} INFO - 26/04/07 07:28:10 INFO MemoryStore: Block broadcast_53 stored as values in memory (estimated size 32.0 KiB, free 433.4 MiB)
[2026-04-07T07:28:10.392+0000] {subprocess.py:106} INFO - 26/04/07 07:28:10 INFO DAGScheduler: ShuffleMapStage 26 (create at NativeMethodAccessorImpl.java:0) finished in 0.848 s
[2026-04-07T07:28:10.393+0000] {subprocess.py:106} INFO - 26/04/07 07:28:10 INFO DAGScheduler: looking for newly runnable stages
[2026-04-07T07:28:10.394+0000] {subprocess.py:106} INFO - 26/04/07 07:28:10 INFO DAGScheduler: running: Set(ResultStage 30, ShuffleMapStage 28)
[2026-04-07T07:28:10.394+0000] {subprocess.py:106} INFO - 26/04/07 07:28:10 INFO DAGScheduler: waiting: Set()
[2026-04-07T07:28:10.395+0000] {subprocess.py:106} INFO - 26/04/07 07:28:10 INFO DAGScheduler: failed: Set()
[2026-04-07T07:28:10.413+0000] {subprocess.py:106} INFO - 26/04/07 07:28:10 INFO TaskSetManager: Finished task 0.0 in stage 28.0 (TID 19) in 631 ms on 172.30.0.7 (executor 0) (1/1)
[2026-04-07T07:28:10.414+0000] {subprocess.py:106} INFO - 26/04/07 07:28:10 INFO TaskSchedulerImpl: Removed TaskSet 28.0, whose tasks have all completed, from pool
[2026-04-07T07:28:10.415+0000] {subprocess.py:106} INFO - 26/04/07 07:28:10 INFO MemoryStore: Block broadcast_53_piece0 stored as bytes in memory (estimated size 30.4 KiB, free 433.4 MiB)
[2026-04-07T07:28:10.416+0000] {subprocess.py:106} INFO - 26/04/07 07:28:10 INFO BlockManagerInfo: Removed broadcast_50_piece0 on d0f687c55036:33009 in memory (size: 30.4 KiB, free: 434.0 MiB)
[2026-04-07T07:28:10.416+0000] {subprocess.py:106} INFO - 26/04/07 07:28:10 INFO BlockManagerInfo: Added broadcast_53_piece0 in memory on d0f687c55036:33009 (size: 30.4 KiB, free: 433.9 MiB)
[2026-04-07T07:28:10.417+0000] {subprocess.py:106} INFO - 26/04/07 07:28:10 INFO SparkContext: Created broadcast 53 from broadcast at SparkBatch.java:79
[2026-04-07T07:28:10.417+0000] {subprocess.py:106} INFO - 26/04/07 07:28:10 INFO DAGScheduler: ShuffleMapStage 28 (create at NativeMethodAccessorImpl.java:0) finished in 0.675 s
[2026-04-07T07:28:10.418+0000] {subprocess.py:106} INFO - 26/04/07 07:28:10 INFO DAGScheduler: looking for newly runnable stages
[2026-04-07T07:28:10.419+0000] {subprocess.py:106} INFO - 26/04/07 07:28:10 INFO DAGScheduler: running: Set(ResultStage 30)
[2026-04-07T07:28:10.419+0000] {subprocess.py:106} INFO - 26/04/07 07:28:10 INFO DAGScheduler: waiting: Set()
[2026-04-07T07:28:10.420+0000] {subprocess.py:106} INFO - 26/04/07 07:28:10 INFO DAGScheduler: failed: Set()
[2026-04-07T07:28:10.422+0000] {subprocess.py:106} INFO - 26/04/07 07:28:10 INFO CodeGenerator: Code generated in 143.7336 ms
[2026-04-07T07:28:10.425+0000] {subprocess.py:106} INFO - 26/04/07 07:28:10 INFO BlockManagerInfo: Added broadcast_52_piece0 in memory on 172.30.0.7:44967 (size: 18.7 KiB, free: 434.2 MiB)
[2026-04-07T07:28:10.432+0000] {subprocess.py:106} INFO - 26/04/07 07:28:10 INFO BlockManagerInfo: Removed broadcast_51_piece0 on d0f687c55036:33009 in memory (size: 30.3 KiB, free: 434.0 MiB)
[2026-04-07T07:28:10.440+0000] {subprocess.py:106} INFO - 26/04/07 07:28:10 INFO MapOutputTrackerMasterEndpoint: Asked to send map output locations for shuffle 8 to 172.30.0.7:56770
[2026-04-07T07:28:10.458+0000] {subprocess.py:106} INFO - 26/04/07 07:28:10 INFO ShufflePartitionsUtil: For shuffle(11), advisory target size: 67108864, actual target size 1048576, minimum partition size: 1048576
[2026-04-07T07:28:10.490+0000] {subprocess.py:106} INFO - 26/04/07 07:28:10 INFO SparkContext: Starting job: $anonfun$withThreadLocalCaptured$1 at FutureTask.java:264
[2026-04-07T07:28:10.491+0000] {subprocess.py:106} INFO - 26/04/07 07:28:10 INFO DAGScheduler: Got job 21 ($anonfun$withThreadLocalCaptured$1 at FutureTask.java:264) with 1 output partitions
[2026-04-07T07:28:10.495+0000] {subprocess.py:106} INFO - 26/04/07 07:28:10 INFO DAGScheduler: Final stage: ResultStage 32 ($anonfun$withThreadLocalCaptured$1 at FutureTask.java:264)
[2026-04-07T07:28:10.496+0000] {subprocess.py:106} INFO - 26/04/07 07:28:10 INFO DAGScheduler: Parents of final stage: List(ShuffleMapStage 31)
[2026-04-07T07:28:10.497+0000] {subprocess.py:106} INFO - 26/04/07 07:28:10 INFO DAGScheduler: Missing parents: List()
[2026-04-07T07:28:10.498+0000] {subprocess.py:106} INFO - 26/04/07 07:28:10 INFO DAGScheduler: Submitting ResultStage 32 (MapPartitionsRDD[70] at $anonfun$withThreadLocalCaptured$1 at FutureTask.java:264), which has no missing parents
[2026-04-07T07:28:10.500+0000] {subprocess.py:106} INFO - 26/04/07 07:28:10 INFO MemoryStore: Block broadcast_54 stored as values in memory (estimated size 44.6 KiB, free 433.4 MiB)
[2026-04-07T07:28:10.520+0000] {subprocess.py:106} INFO - 26/04/07 07:28:10 INFO MemoryStore: Block broadcast_54_piece0 stored as bytes in memory (estimated size 19.7 KiB, free 433.4 MiB)
[2026-04-07T07:28:10.531+0000] {subprocess.py:106} INFO - 26/04/07 07:28:10 INFO BlockManagerInfo: Added broadcast_54_piece0 in memory on d0f687c55036:33009 (size: 19.7 KiB, free: 433.9 MiB)
[2026-04-07T07:28:10.532+0000] {subprocess.py:106} INFO - 26/04/07 07:28:10 INFO SparkContext: Created broadcast 54 from broadcast at DAGScheduler.scala:1585
[2026-04-07T07:28:10.537+0000] {subprocess.py:106} INFO - 26/04/07 07:28:10 INFO DAGScheduler: Submitting 1 missing tasks from ResultStage 32 (MapPartitionsRDD[70] at $anonfun$withThreadLocalCaptured$1 at FutureTask.java:264) (first 15 tasks are for partitions Vector(0))
[2026-04-07T07:28:10.539+0000] {subprocess.py:106} INFO - 26/04/07 07:28:10 INFO TaskSchedulerImpl: Adding task set 32.0 with 1 tasks resource profile 0
[2026-04-07T07:28:10.541+0000] {subprocess.py:106} INFO - 26/04/07 07:28:10 INFO BlockManagerInfo: Removed broadcast_47_piece0 on 172.30.0.7:44967 in memory (size: 17.5 KiB, free: 434.2 MiB)
[2026-04-07T07:28:10.542+0000] {subprocess.py:106} INFO - 26/04/07 07:28:10 INFO TaskSetManager: Finished task 0.0 in stage 30.0 (TID 20) in 186 ms on 172.30.0.7 (executor 0) (1/1)
[2026-04-07T07:28:10.543+0000] {subprocess.py:106} INFO - 26/04/07 07:28:10 INFO TaskSchedulerImpl: Removed TaskSet 30.0, whose tasks have all completed, from pool
[2026-04-07T07:28:10.544+0000] {subprocess.py:106} INFO - 26/04/07 07:28:10 INFO BlockManagerInfo: Removed broadcast_47_piece0 on d0f687c55036:33009 in memory (size: 17.5 KiB, free: 434.0 MiB)
[2026-04-07T07:28:10.545+0000] {subprocess.py:106} INFO - 26/04/07 07:28:10 INFO TaskSetManager: Starting task 0.0 in stage 32.0 (TID 21) (172.30.0.7, executor 0, partition 0, NODE_LOCAL, 9976 bytes)
[2026-04-07T07:28:10.546+0000] {subprocess.py:106} INFO - 26/04/07 07:28:10 INFO DAGScheduler: ResultStage 30 ($anonfun$withThreadLocalCaptured$1 at FutureTask.java:264) finished in 0.268 s
[2026-04-07T07:28:10.547+0000] {subprocess.py:106} INFO - 26/04/07 07:28:10 INFO DAGScheduler: Job 20 is finished. Cancelling potential speculative or zombie tasks for this job
[2026-04-07T07:28:10.548+0000] {subprocess.py:106} INFO - 26/04/07 07:28:10 INFO TaskSchedulerImpl: Killing all running tasks in stage 30: Stage finished
[2026-04-07T07:28:10.549+0000] {subprocess.py:106} INFO - 26/04/07 07:28:10 INFO DAGScheduler: Job 20 finished: $anonfun$withThreadLocalCaptured$1 at FutureTask.java:264, took 0.299427 s
[2026-04-07T07:28:10.550+0000] {subprocess.py:106} INFO - 26/04/07 07:28:10 INFO BlockManagerInfo: Removed broadcast_49_piece0 on d0f687c55036:33009 in memory (size: 12.3 KiB, free: 434.0 MiB)
[2026-04-07T07:28:10.551+0000] {subprocess.py:106} INFO - 26/04/07 07:28:10 INFO BlockManagerInfo: Removed broadcast_49_piece0 on 172.30.0.7:44967 in memory (size: 12.3 KiB, free: 434.2 MiB)
[2026-04-07T07:28:10.562+0000] {subprocess.py:106} INFO - 26/04/07 07:28:10 INFO MemoryStore: Block broadcast_55 stored as values in memory (estimated size 32.0 KiB, free 433.5 MiB)
[2026-04-07T07:28:10.565+0000] {subprocess.py:106} INFO - 26/04/07 07:28:10 INFO MemoryStore: Block broadcast_55_piece0 stored as bytes in memory (estimated size 30.3 KiB, free 433.4 MiB)
[2026-04-07T07:28:10.571+0000] {subprocess.py:106} INFO - 26/04/07 07:28:10 INFO BlockManagerInfo: Added broadcast_55_piece0 in memory on d0f687c55036:33009 (size: 30.3 KiB, free: 433.9 MiB)
[2026-04-07T07:28:10.572+0000] {subprocess.py:106} INFO - 26/04/07 07:28:10 INFO SparkContext: Created broadcast 55 from broadcast at SparkBatch.java:79
[2026-04-07T07:28:10.574+0000] {subprocess.py:106} INFO - 26/04/07 07:28:10 INFO BlockManagerInfo: Removed broadcast_53_piece0 on d0f687c55036:33009 in memory (size: 30.4 KiB, free: 434.0 MiB)
[2026-04-07T07:28:10.586+0000] {subprocess.py:106} INFO - 26/04/07 07:28:10 INFO CodeGenerator: Code generated in 51.58433 ms
[2026-04-07T07:28:10.588+0000] {subprocess.py:106} INFO - 26/04/07 07:28:10 INFO CodeGenerator: Code generated in 6.381854 ms
[2026-04-07T07:28:10.588+0000] {subprocess.py:106} INFO - 26/04/07 07:28:10 INFO BlockManagerInfo: Added broadcast_54_piece0 in memory on 172.30.0.7:44967 (size: 19.7 KiB, free: 434.2 MiB)
[2026-04-07T07:28:10.599+0000] {subprocess.py:106} INFO - 26/04/07 07:28:10 INFO MapOutputTrackerMasterEndpoint: Asked to send map output locations for shuffle 9 to 172.30.0.7:56770
[2026-04-07T07:28:10.605+0000] {subprocess.py:106} INFO - 26/04/07 07:28:10 INFO ShufflePartitionsUtil: For shuffle(10), advisory target size: 67108864, actual target size 1048576, minimum partition size: 1048576
[2026-04-07T07:28:10.612+0000] {subprocess.py:106} INFO - 26/04/07 07:28:10 INFO ShufflePartitionsUtil: For shuffle(12), advisory target size: 67108864, actual target size 1048576, minimum partition size: 1048576
[2026-04-07T07:28:10.654+0000] {subprocess.py:106} INFO - 26/04/07 07:28:10 INFO SparkContext: Starting job: $anonfun$withThreadLocalCaptured$1 at FutureTask.java:264
[2026-04-07T07:28:10.655+0000] {subprocess.py:106} INFO - 26/04/07 07:28:10 INFO DAGScheduler: Got job 22 ($anonfun$withThreadLocalCaptured$1 at FutureTask.java:264) with 1 output partitions
[2026-04-07T07:28:10.655+0000] {subprocess.py:106} INFO - 26/04/07 07:28:10 INFO DAGScheduler: Final stage: ResultStage 34 ($anonfun$withThreadLocalCaptured$1 at FutureTask.java:264)
[2026-04-07T07:28:10.656+0000] {subprocess.py:106} INFO - 26/04/07 07:28:10 INFO DAGScheduler: Parents of final stage: List(ShuffleMapStage 33)
[2026-04-07T07:28:10.657+0000] {subprocess.py:106} INFO - 26/04/07 07:28:10 INFO DAGScheduler: Missing parents: List()
[2026-04-07T07:28:10.663+0000] {subprocess.py:106} INFO - 26/04/07 07:28:10 INFO DAGScheduler: Submitting ResultStage 34 (MapPartitionsRDD[73] at $anonfun$withThreadLocalCaptured$1 at FutureTask.java:264), which has no missing parents
[2026-04-07T07:28:10.664+0000] {subprocess.py:106} INFO - 26/04/07 07:28:10 INFO MemoryStore: Block broadcast_56 stored as values in memory (estimated size 42.1 KiB, free 433.4 MiB)
[2026-04-07T07:28:10.665+0000] {subprocess.py:106} INFO - 26/04/07 07:28:10 INFO MemoryStore: Block broadcast_56_piece0 stored as bytes in memory (estimated size 18.7 KiB, free 433.4 MiB)
[2026-04-07T07:28:10.666+0000] {subprocess.py:106} INFO - 26/04/07 07:28:10 INFO BlockManagerInfo: Added broadcast_56_piece0 in memory on d0f687c55036:33009 (size: 18.7 KiB, free: 434.0 MiB)
[2026-04-07T07:28:10.670+0000] {subprocess.py:106} INFO - 26/04/07 07:28:10 INFO SparkContext: Created broadcast 56 from broadcast at DAGScheduler.scala:1585
[2026-04-07T07:28:10.671+0000] {subprocess.py:106} INFO - 26/04/07 07:28:10 INFO DAGScheduler: Submitting 1 missing tasks from ResultStage 34 (MapPartitionsRDD[73] at $anonfun$withThreadLocalCaptured$1 at FutureTask.java:264) (first 15 tasks are for partitions Vector(0))
[2026-04-07T07:28:10.672+0000] {subprocess.py:106} INFO - 26/04/07 07:28:10 INFO TaskSchedulerImpl: Adding task set 34.0 with 1 tasks resource profile 0
[2026-04-07T07:28:10.672+0000] {subprocess.py:106} INFO - 26/04/07 07:28:10 INFO TaskSetManager: Starting task 0.0 in stage 34.0 (TID 22) (172.30.0.7, executor 0, partition 0, NODE_LOCAL, 9976 bytes)
[2026-04-07T07:28:10.696+0000] {subprocess.py:106} INFO - 26/04/07 07:28:10 INFO MemoryStore: Block broadcast_57_piece0 stored as bytes in memory (estimated size 51.0 KiB, free 433.4 MiB)
[2026-04-07T07:28:10.697+0000] {subprocess.py:106} INFO - 26/04/07 07:28:10 INFO BlockManagerInfo: Added broadcast_57_piece0 in memory on d0f687c55036:33009 (size: 51.0 KiB, free: 433.9 MiB)
[2026-04-07T07:28:10.697+0000] {subprocess.py:106} INFO - 26/04/07 07:28:10 INFO SparkContext: Created broadcast 57 from $anonfun$withThreadLocalCaptured$1 at FutureTask.java:264
[2026-04-07T07:28:10.705+0000] {subprocess.py:106} INFO - 26/04/07 07:28:10 INFO TaskSetManager: Finished task 0.0 in stage 32.0 (TID 21) in 163 ms on 172.30.0.7 (executor 0) (1/1)
[2026-04-07T07:28:10.706+0000] {subprocess.py:106} INFO - 26/04/07 07:28:10 INFO TaskSchedulerImpl: Removed TaskSet 32.0, whose tasks have all completed, from pool
[2026-04-07T07:28:10.707+0000] {subprocess.py:106} INFO - 26/04/07 07:28:10 INFO BlockManagerInfo: Added broadcast_56_piece0 in memory on 172.30.0.7:44967 (size: 18.7 KiB, free: 434.2 MiB)
[2026-04-07T07:28:10.714+0000] {subprocess.py:106} INFO - 26/04/07 07:28:10 INFO DAGScheduler: ResultStage 32 ($anonfun$withThreadLocalCaptured$1 at FutureTask.java:264) finished in 0.211 s
[2026-04-07T07:28:10.715+0000] {subprocess.py:106} INFO - 26/04/07 07:28:10 INFO DAGScheduler: Job 21 is finished. Cancelling potential speculative or zombie tasks for this job
[2026-04-07T07:28:10.716+0000] {subprocess.py:106} INFO - 26/04/07 07:28:10 INFO TaskSchedulerImpl: Killing all running tasks in stage 32: Stage finished
[2026-04-07T07:28:10.717+0000] {subprocess.py:106} INFO - 26/04/07 07:28:10 INFO DAGScheduler: Job 21 finished: $anonfun$withThreadLocalCaptured$1 at FutureTask.java:264, took 0.222749 s
[2026-04-07T07:28:10.718+0000] {subprocess.py:106} INFO - 26/04/07 07:28:10 INFO MapOutputTrackerMasterEndpoint: Asked to send map output locations for shuffle 11 to 172.30.0.7:56770
[2026-04-07T07:28:10.746+0000] {subprocess.py:106} INFO - 26/04/07 07:28:10 INFO MemoryStore: Block broadcast_58_piece0 stored as bytes in memory (estimated size 559.0 B, free 433.4 MiB)
[2026-04-07T07:28:10.763+0000] {subprocess.py:106} INFO - 26/04/07 07:28:10 INFO BlockManagerInfo: Added broadcast_58_piece0 in memory on d0f687c55036:33009 (size: 559.0 B, free: 433.9 MiB)
[2026-04-07T07:28:10.769+0000] {subprocess.py:106} INFO - 26/04/07 07:28:10 INFO SparkContext: Created broadcast 58 from $anonfun$withThreadLocalCaptured$1 at FutureTask.java:264
[2026-04-07T07:28:10.775+0000] {subprocess.py:106} INFO - 26/04/07 07:28:10 INFO BlockManagerInfo: Removed broadcast_52_piece0 on d0f687c55036:33009 in memory (size: 18.7 KiB, free: 433.9 MiB)
[2026-04-07T07:28:10.776+0000] {subprocess.py:106} INFO - 26/04/07 07:28:10 INFO BlockManagerInfo: Removed broadcast_52_piece0 on 172.30.0.7:44967 in memory (size: 18.7 KiB, free: 434.2 MiB)
[2026-04-07T07:28:10.791+0000] {subprocess.py:106} INFO - 26/04/07 07:28:10 INFO BlockManagerInfo: Removed broadcast_54_piece0 on d0f687c55036:33009 in memory (size: 19.7 KiB, free: 433.9 MiB)
[2026-04-07T07:28:10.792+0000] {subprocess.py:106} INFO - 26/04/07 07:28:10 INFO BlockManagerInfo: Removed broadcast_54_piece0 on 172.30.0.7:44967 in memory (size: 19.7 KiB, free: 434.2 MiB)
[2026-04-07T07:28:10.818+0000] {subprocess.py:106} INFO - 26/04/07 07:28:10 INFO BlockManagerInfo: Removed broadcast_55_piece0 on d0f687c55036:33009 in memory (size: 30.3 KiB, free: 434.0 MiB)
[2026-04-07T07:28:10.888+0000] {subprocess.py:106} INFO - 26/04/07 07:28:10 INFO CodeGenerator: Code generated in 120.243508 ms
[2026-04-07T07:28:10.889+0000] {subprocess.py:106} INFO - 26/04/07 07:28:10 INFO CodeGenerator: Code generated in 112.254582 ms
[2026-04-07T07:28:10.896+0000] {subprocess.py:106} INFO - 26/04/07 07:28:10 INFO TaskSetManager: Finished task 0.0 in stage 34.0 (TID 22) in 224 ms on 172.30.0.7 (executor 0) (1/1)
[2026-04-07T07:28:10.897+0000] {subprocess.py:106} INFO - 26/04/07 07:28:10 INFO TaskSchedulerImpl: Removed TaskSet 34.0, whose tasks have all completed, from pool
[2026-04-07T07:28:10.899+0000] {subprocess.py:106} INFO - 26/04/07 07:28:10 INFO DAGScheduler: ResultStage 34 ($anonfun$withThreadLocalCaptured$1 at FutureTask.java:264) finished in 0.236 s
[2026-04-07T07:28:10.900+0000] {subprocess.py:106} INFO - 26/04/07 07:28:10 INFO DAGScheduler: Job 22 is finished. Cancelling potential speculative or zombie tasks for this job
[2026-04-07T07:28:10.901+0000] {subprocess.py:106} INFO - 26/04/07 07:28:10 INFO TaskSchedulerImpl: Killing all running tasks in stage 34: Stage finished
[2026-04-07T07:28:10.902+0000] {subprocess.py:106} INFO - 26/04/07 07:28:10 INFO DAGScheduler: Job 22 finished: $anonfun$withThreadLocalCaptured$1 at FutureTask.java:264, took 0.243748 s
[2026-04-07T07:28:10.913+0000] {subprocess.py:106} INFO - 26/04/07 07:28:10 INFO DAGScheduler: Registering RDD 77 (create at NativeMethodAccessorImpl.java:0) as input to shuffle 13
[2026-04-07T07:28:10.922+0000] {subprocess.py:106} INFO - 26/04/07 07:28:10 INFO DAGScheduler: Got map stage job 23 (create at NativeMethodAccessorImpl.java:0) with 1 output partitions
[2026-04-07T07:28:10.923+0000] {subprocess.py:106} INFO - 26/04/07 07:28:10 INFO DAGScheduler: Final stage: ShuffleMapStage 36 (create at NativeMethodAccessorImpl.java:0)
[2026-04-07T07:28:10.924+0000] {subprocess.py:106} INFO - 26/04/07 07:28:10 INFO DAGScheduler: Parents of final stage: List(ShuffleMapStage 35)
[2026-04-07T07:28:10.924+0000] {subprocess.py:106} INFO - 26/04/07 07:28:10 INFO DAGScheduler: Missing parents: List()
[2026-04-07T07:28:10.925+0000] {subprocess.py:106} INFO - 26/04/07 07:28:10 INFO DAGScheduler: Submitting ShuffleMapStage 36 (MapPartitionsRDD[77] at create at NativeMethodAccessorImpl.java:0), which has no missing parents
[2026-04-07T07:28:10.928+0000] {subprocess.py:106} INFO - 26/04/07 07:28:10 INFO MemoryStore: Block broadcast_59_piece0 stored as bytes in memory (estimated size 270.0 B, free 433.6 MiB)
[2026-04-07T07:28:10.943+0000] {subprocess.py:106} INFO - 26/04/07 07:28:10 INFO MemoryStore: Block broadcast_60 stored as values in memory (estimated size 57.2 KiB, free 433.5 MiB)
[2026-04-07T07:28:10.944+0000] {subprocess.py:106} INFO - 26/04/07 07:28:10 INFO MemoryStore: Block broadcast_60_piece0 stored as bytes in memory (estimated size 21.7 KiB, free 433.5 MiB)
[2026-04-07T07:28:08.343+0000] {subprocess.py:106} INFO - 26/04/07 07:28:10 INFO MemoryStore: Block broadcast_61 stored as values in memory (estimated size 32.0 KiB, free 433.5 MiB)
[2026-04-07T07:28:08.344+0000] {subprocess.py:106} INFO - 26/04/07 07:28:10 INFO BlockManagerInfo: Added broadcast_59_piece0 in memory on d0f687c55036:33009 (size: 270.0 B, free: 434.0 MiB)
[2026-04-07T07:28:08.345+0000] {subprocess.py:106} INFO - 26/04/07 07:28:10 INFO BlockManagerInfo: Added broadcast_60_piece0 in memory on d0f687c55036:33009 (size: 21.7 KiB, free: 434.0 MiB)
[2026-04-07T07:28:08.345+0000] {subprocess.py:106} INFO - 26/04/07 07:28:08 INFO SparkContext: Created broadcast 59 from $anonfun$withThreadLocalCaptured$1 at FutureTask.java:264
[2026-04-07T07:28:08.353+0000] {subprocess.py:106} INFO - 26/04/07 07:28:08 INFO MemoryStore: Block broadcast_61_piece0 stored as bytes in memory (estimated size 30.4 KiB, free 433.4 MiB)
[2026-04-07T07:28:08.355+0000] {subprocess.py:106} INFO - 26/04/07 07:28:08 INFO SparkContext: Created broadcast 60 from broadcast at DAGScheduler.scala:1585
[2026-04-07T07:28:08.358+0000] {subprocess.py:106} INFO - 26/04/07 07:28:08 INFO DAGScheduler: Submitting 1 missing tasks from ShuffleMapStage 36 (MapPartitionsRDD[77] at create at NativeMethodAccessorImpl.java:0) (first 15 tasks are for partitions Vector(0))
[2026-04-07T07:28:08.360+0000] {subprocess.py:106} INFO - 26/04/07 07:28:08 INFO TaskSchedulerImpl: Adding task set 36.0 with 1 tasks resource profile 0
[2026-04-07T07:28:08.362+0000] {subprocess.py:106} INFO - 26/04/07 07:28:08 INFO BlockManagerInfo: Added broadcast_61_piece0 in memory on d0f687c55036:33009 (size: 30.4 KiB, free: 433.9 MiB)
[2026-04-07T07:28:08.365+0000] {subprocess.py:106} INFO - 26/04/07 07:28:08 INFO SparkContext: Created broadcast 61 from broadcast at SparkBatch.java:79
[2026-04-07T07:28:08.366+0000] {subprocess.py:106} INFO - 26/04/07 07:28:08 INFO TaskSetManager: Starting task 0.0 in stage 36.0 (TID 23) (172.30.0.7, executor 0, partition 0, NODE_LOCAL, 9965 bytes)
[2026-04-07T07:28:08.392+0000] {subprocess.py:106} INFO - 26/04/07 07:28:08 INFO BlockManagerInfo: Added broadcast_60_piece0 in memory on 172.30.0.7:44967 (size: 21.7 KiB, free: 434.2 MiB)
[2026-04-07T07:28:08.395+0000] {subprocess.py:106} INFO - 26/04/07 07:28:08 INFO SparkContext: Starting job: $anonfun$withThreadLocalCaptured$1 at FutureTask.java:264
[2026-04-07T07:28:08.397+0000] {subprocess.py:106} INFO - 26/04/07 07:28:08 INFO DAGScheduler: Got job 24 ($anonfun$withThreadLocalCaptured$1 at FutureTask.java:264) with 1 output partitions
[2026-04-07T07:28:08.398+0000] {subprocess.py:106} INFO - 26/04/07 07:28:08 INFO DAGScheduler: Final stage: ResultStage 38 ($anonfun$withThreadLocalCaptured$1 at FutureTask.java:264)
[2026-04-07T07:28:08.399+0000] {subprocess.py:106} INFO - 26/04/07 07:28:08 INFO DAGScheduler: Parents of final stage: List(ShuffleMapStage 37)
[2026-04-07T07:28:08.400+0000] {subprocess.py:106} INFO - 26/04/07 07:28:08 INFO DAGScheduler: Missing parents: List()
[2026-04-07T07:28:08.402+0000] {subprocess.py:106} INFO - 26/04/07 07:28:08 INFO DAGScheduler: Submitting ResultStage 38 (MapPartitionsRDD[79] at $anonfun$withThreadLocalCaptured$1 at FutureTask.java:264), which has no missing parents
[2026-04-07T07:28:08.406+0000] {subprocess.py:106} INFO - 26/04/07 07:28:08 INFO MapOutputTrackerMasterEndpoint: Asked to send map output locations for shuffle 12 to 172.30.0.7:56770
[2026-04-07T07:28:08.408+0000] {subprocess.py:106} INFO - 26/04/07 07:28:08 INFO MemoryStore: Block broadcast_62 stored as values in memory (estimated size 45.1 KiB, free 433.4 MiB)
[2026-04-07T07:28:08.430+0000] {subprocess.py:106} INFO - 26/04/07 07:28:08 INFO MemoryStore: Block broadcast_62_piece0 stored as bytes in memory (estimated size 19.9 KiB, free 433.4 MiB)
[2026-04-07T07:28:08.435+0000] {subprocess.py:106} INFO - 26/04/07 07:28:08 INFO BlockManagerInfo: Removed broadcast_61_piece0 on d0f687c55036:33009 in memory (size: 30.4 KiB, free: 434.0 MiB)
[2026-04-07T07:28:08.446+0000] {subprocess.py:106} INFO - 26/04/07 07:28:08 INFO MemoryStore: Block broadcast_63 stored as values in memory (estimated size 32.0 KiB, free 433.4 MiB)
[2026-04-07T07:28:08.448+0000] {subprocess.py:106} INFO - 26/04/07 07:28:08 INFO BlockManagerInfo: Added broadcast_62_piece0 in memory on d0f687c55036:33009 (size: 19.9 KiB, free: 433.9 MiB)
[2026-04-07T07:28:08.450+0000] {subprocess.py:106} INFO - 26/04/07 07:28:08 INFO MemoryStore: Block broadcast_63_piece0 stored as bytes in memory (estimated size 30.3 KiB, free 433.4 MiB)
[2026-04-07T07:28:08.452+0000] {subprocess.py:106} INFO - 26/04/07 07:28:08 INFO BlockManagerInfo: Added broadcast_63_piece0 in memory on d0f687c55036:33009 (size: 30.3 KiB, free: 433.9 MiB)
[2026-04-07T07:28:08.455+0000] {subprocess.py:106} INFO - 26/04/07 07:28:08 INFO SparkContext: Created broadcast 63 from broadcast at SparkBatch.java:79
[2026-04-07T07:28:08.457+0000] {subprocess.py:106} INFO - 26/04/07 07:28:08 INFO SparkContext: Created broadcast 62 from broadcast at DAGScheduler.scala:1585
[2026-04-07T07:28:08.461+0000] {subprocess.py:106} INFO - 26/04/07 07:28:08 INFO DAGScheduler: Submitting 1 missing tasks from ResultStage 38 (MapPartitionsRDD[79] at $anonfun$withThreadLocalCaptured$1 at FutureTask.java:264) (first 15 tasks are for partitions Vector(0))
[2026-04-07T07:28:08.462+0000] {subprocess.py:106} INFO - 26/04/07 07:28:08 INFO BlockManagerInfo: Removed broadcast_56_piece0 on d0f687c55036:33009 in memory (size: 18.7 KiB, free: 433.9 MiB)
[2026-04-07T07:28:08.469+0000] {subprocess.py:106} INFO - 26/04/07 07:28:08 INFO BlockManagerInfo: Removed broadcast_56_piece0 on 172.30.0.7:44967 in memory (size: 18.7 KiB, free: 434.2 MiB)
[2026-04-07T07:28:08.471+0000] {subprocess.py:106} INFO - 26/04/07 07:28:08 INFO TaskSchedulerImpl: Adding task set 38.0 with 1 tasks resource profile 0
[2026-04-07T07:28:08.475+0000] {subprocess.py:106} INFO - 26/04/07 07:28:08 INFO TaskSetManager: Starting task 0.0 in stage 38.0 (TID 24) (172.30.0.7, executor 0, partition 0, NODE_LOCAL, 9976 bytes)
[2026-04-07T07:28:08.512+0000] {subprocess.py:106} INFO - 26/04/07 07:28:08 INFO BlockManagerInfo: Added broadcast_62_piece0 in memory on 172.30.0.7:44967 (size: 19.9 KiB, free: 434.2 MiB)
[2026-04-07T07:28:08.544+0000] {subprocess.py:106} INFO - 26/04/07 07:28:08 INFO MapOutputTrackerMasterEndpoint: Asked to send map output locations for shuffle 10 to 172.30.0.7:56770
[2026-04-07T07:28:14.570+0000] {subprocess.py:106} INFO - 26/04/07 07:28:14 INFO TaskSetManager: Finished task 0.0 in stage 38.0 (TID 24) in 6100 ms on 172.30.0.7 (executor 0) (1/1)
[2026-04-07T07:28:14.571+0000] {subprocess.py:106} INFO - 26/04/07 07:28:14 INFO TaskSchedulerImpl: Removed TaskSet 38.0, whose tasks have all completed, from pool
[2026-04-07T07:28:14.572+0000] {subprocess.py:106} INFO - 26/04/07 07:28:14 INFO DAGScheduler: ResultStage 38 ($anonfun$withThreadLocalCaptured$1 at FutureTask.java:264) finished in 6.167 s
[2026-04-07T07:28:14.573+0000] {subprocess.py:106} INFO - 26/04/07 07:28:14 INFO DAGScheduler: Job 24 is finished. Cancelling potential speculative or zombie tasks for this job
[2026-04-07T07:28:14.574+0000] {subprocess.py:106} INFO - 26/04/07 07:28:14 INFO TaskSchedulerImpl: Killing all running tasks in stage 38: Stage finished
[2026-04-07T07:28:14.574+0000] {subprocess.py:106} INFO - 26/04/07 07:28:14 INFO DAGScheduler: Job 24 finished: $anonfun$withThreadLocalCaptured$1 at FutureTask.java:264, took 0.221839 s
[2026-04-07T07:28:14.604+0000] {subprocess.py:106} INFO - 26/04/07 07:28:14 INFO BlockManagerInfo: Removed broadcast_63_piece0 on d0f687c55036:33009 in memory (size: 30.3 KiB, free: 434.0 MiB)
[2026-04-07T07:28:14.608+0000] {subprocess.py:106} INFO - 26/04/07 07:28:14 INFO MemoryStore: Block broadcast_64_piece0 stored as bytes in memory (estimated size 18.7 KiB, free 433.5 MiB)
[2026-04-07T07:28:14.613+0000] {subprocess.py:106} INFO - 26/04/07 07:28:14 INFO BlockManagerInfo: Added broadcast_64_piece0 in memory on d0f687c55036:33009 (size: 18.7 KiB, free: 433.9 MiB)
[2026-04-07T07:28:14.617+0000] {subprocess.py:106} INFO - 26/04/07 07:28:14 INFO SparkContext: Created broadcast 64 from $anonfun$withThreadLocalCaptured$1 at FutureTask.java:264
[2026-04-07T07:28:14.627+0000] {subprocess.py:106} INFO - 26/04/07 07:28:14 INFO BlockManagerInfo: Removed broadcast_62_piece0 on d0f687c55036:33009 in memory (size: 19.9 KiB, free: 434.0 MiB)
[2026-04-07T07:28:14.635+0000] {subprocess.py:106} INFO - 26/04/07 07:28:14 INFO TaskSetManager: Finished task 0.0 in stage 36.0 (TID 23) in 6265 ms on 172.30.0.7 (executor 0) (1/1)
[2026-04-07T07:28:14.636+0000] {subprocess.py:106} INFO - 26/04/07 07:28:14 INFO TaskSchedulerImpl: Removed TaskSet 36.0, whose tasks have all completed, from pool
[2026-04-07T07:28:14.637+0000] {subprocess.py:106} INFO - 26/04/07 07:28:14 INFO DAGScheduler: ShuffleMapStage 36 (create at NativeMethodAccessorImpl.java:0) finished in 3.694 s
[2026-04-07T07:28:14.637+0000] {subprocess.py:106} INFO - 26/04/07 07:28:14 INFO DAGScheduler: looking for newly runnable stages
[2026-04-07T07:28:14.638+0000] {subprocess.py:106} INFO - 26/04/07 07:28:14 INFO DAGScheduler: running: Set()
[2026-04-07T07:28:14.639+0000] {subprocess.py:106} INFO - 26/04/07 07:28:14 INFO DAGScheduler: waiting: Set()
[2026-04-07T07:28:14.640+0000] {subprocess.py:106} INFO - 26/04/07 07:28:14 INFO DAGScheduler: failed: Set()
[2026-04-07T07:28:14.641+0000] {subprocess.py:106} INFO - 26/04/07 07:28:14 INFO BlockManagerInfo: Removed broadcast_62_piece0 on 172.30.0.7:44967 in memory (size: 19.9 KiB, free: 434.2 MiB)
[2026-04-07T07:28:14.652+0000] {subprocess.py:106} INFO - 26/04/07 07:28:14 INFO MemoryStore: Block broadcast_65 stored as values in memory (estimated size 32.0 KiB, free 433.5 MiB)
[2026-04-07T07:28:14.655+0000] {subprocess.py:106} INFO - 26/04/07 07:28:14 INFO MemoryStore: Block broadcast_65_piece0 stored as bytes in memory (estimated size 30.4 KiB, free 433.5 MiB)
[2026-04-07T07:28:14.656+0000] {subprocess.py:106} INFO - 26/04/07 07:28:14 INFO BlockManagerInfo: Added broadcast_65_piece0 in memory on d0f687c55036:33009 (size: 30.4 KiB, free: 433.9 MiB)
[2026-04-07T07:28:14.658+0000] {subprocess.py:106} INFO - 26/04/07 07:28:14 INFO SparkContext: Created broadcast 65 from broadcast at SparkBatch.java:79
[2026-04-07T07:28:14.714+0000] {subprocess.py:106} INFO - 26/04/07 07:28:14 INFO MemoryStore: Block broadcast_66 stored as values in memory (estimated size 32.0 KiB, free 433.4 MiB)
[2026-04-07T07:28:14.715+0000] {subprocess.py:106} INFO - 26/04/07 07:28:14 INFO MemoryStore: Block broadcast_66_piece0 stored as bytes in memory (estimated size 30.3 KiB, free 433.4 MiB)
[2026-04-07T07:28:14.720+0000] {subprocess.py:106} INFO - 26/04/07 07:28:14 INFO BlockManagerInfo: Added broadcast_66_piece0 in memory on d0f687c55036:33009 (size: 30.3 KiB, free: 433.9 MiB)
[2026-04-07T07:28:14.720+0000] {subprocess.py:106} INFO - 26/04/07 07:28:14 INFO SparkContext: Created broadcast 66 from broadcast at SparkBatch.java:79
[2026-04-07T07:28:14.727+0000] {subprocess.py:106} INFO - 26/04/07 07:28:14 INFO ShufflePartitionsUtil: For shuffle(13), advisory target size: 67108864, actual target size 1048576, minimum partition size: 1048576
[2026-04-07T07:28:14.783+0000] {subprocess.py:106} INFO - 26/04/07 07:28:14 INFO CodeGenerator: Code generated in 25.902396 ms
[2026-04-07T07:28:14.828+0000] {subprocess.py:106} INFO - 26/04/07 07:28:14 INFO SparkContext: Starting job: $anonfun$withThreadLocalCaptured$1 at FutureTask.java:264
[2026-04-07T07:28:14.829+0000] {subprocess.py:106} INFO - 26/04/07 07:28:14 INFO DAGScheduler: Got job 25 ($anonfun$withThreadLocalCaptured$1 at FutureTask.java:264) with 1 output partitions
[2026-04-07T07:28:14.832+0000] {subprocess.py:106} INFO - 26/04/07 07:28:14 INFO DAGScheduler: Final stage: ResultStage 41 ($anonfun$withThreadLocalCaptured$1 at FutureTask.java:264)
[2026-04-07T07:28:14.832+0000] {subprocess.py:106} INFO - 26/04/07 07:28:14 INFO DAGScheduler: Parents of final stage: List(ShuffleMapStage 40)
[2026-04-07T07:28:14.833+0000] {subprocess.py:106} INFO - 26/04/07 07:28:14 INFO DAGScheduler: Missing parents: List()
[2026-04-07T07:28:14.834+0000] {subprocess.py:106} INFO - 26/04/07 07:28:14 INFO DAGScheduler: Submitting ResultStage 41 (MapPartitionsRDD[82] at $anonfun$withThreadLocalCaptured$1 at FutureTask.java:264), which has no missing parents
[2026-04-07T07:28:14.835+0000] {subprocess.py:106} INFO - 26/04/07 07:28:14 INFO MemoryStore: Block broadcast_67 stored as values in memory (estimated size 49.4 KiB, free 433.4 MiB)
[2026-04-07T07:28:14.837+0000] {subprocess.py:106} INFO - 26/04/07 07:28:14 INFO MemoryStore: Block broadcast_67_piece0 stored as bytes in memory (estimated size 20.9 KiB, free 433.3 MiB)
[2026-04-07T07:28:14.838+0000] {subprocess.py:106} INFO - 26/04/07 07:28:14 INFO BlockManagerInfo: Added broadcast_67_piece0 in memory on d0f687c55036:33009 (size: 20.9 KiB, free: 433.9 MiB)
[2026-04-07T07:28:14.839+0000] {subprocess.py:106} INFO - 26/04/07 07:28:14 INFO SparkContext: Created broadcast 67 from broadcast at DAGScheduler.scala:1585
[2026-04-07T07:28:14.840+0000] {subprocess.py:106} INFO - 26/04/07 07:28:14 INFO DAGScheduler: Submitting 1 missing tasks from ResultStage 41 (MapPartitionsRDD[82] at $anonfun$withThreadLocalCaptured$1 at FutureTask.java:264) (first 15 tasks are for partitions Vector(0))
[2026-04-07T07:28:14.841+0000] {subprocess.py:106} INFO - 26/04/07 07:28:14 INFO TaskSchedulerImpl: Adding task set 41.0 with 1 tasks resource profile 0
[2026-04-07T07:28:14.844+0000] {subprocess.py:106} INFO - 26/04/07 07:28:14 INFO TaskSetManager: Starting task 0.0 in stage 41.0 (TID 25) (172.30.0.7, executor 0, partition 0, NODE_LOCAL, 9976 bytes)
[2026-04-07T07:28:14.860+0000] {subprocess.py:106} INFO - 26/04/07 07:28:14 INFO BlockManagerInfo: Added broadcast_67_piece0 in memory on 172.30.0.7:44967 (size: 20.9 KiB, free: 434.2 MiB)
[2026-04-07T07:28:14.868+0000] {subprocess.py:106} INFO - 26/04/07 07:28:14 INFO MapOutputTrackerMasterEndpoint: Asked to send map output locations for shuffle 13 to 172.30.0.7:56770
[2026-04-07T07:28:14.950+0000] {subprocess.py:106} INFO - 26/04/07 07:28:14 INFO TaskSetManager: Finished task 0.0 in stage 41.0 (TID 25) in 110 ms on 172.30.0.7 (executor 0) (1/1)
[2026-04-07T07:28:14.951+0000] {subprocess.py:106} INFO - 26/04/07 07:28:14 INFO TaskSchedulerImpl: Removed TaskSet 41.0, whose tasks have all completed, from pool
[2026-04-07T07:28:14.952+0000] {subprocess.py:106} INFO - 26/04/07 07:28:14 INFO DAGScheduler: ResultStage 41 ($anonfun$withThreadLocalCaptured$1 at FutureTask.java:264) finished in 0.120 s
[2026-04-07T07:28:14.953+0000] {subprocess.py:106} INFO - 26/04/07 07:28:14 INFO DAGScheduler: Job 25 is finished. Cancelling potential speculative or zombie tasks for this job
[2026-04-07T07:28:14.954+0000] {subprocess.py:106} INFO - 26/04/07 07:28:14 INFO TaskSchedulerImpl: Killing all running tasks in stage 41: Stage finished
[2026-04-07T07:28:14.955+0000] {subprocess.py:106} INFO - 26/04/07 07:28:14 INFO DAGScheduler: Job 25 finished: $anonfun$withThreadLocalCaptured$1 at FutureTask.java:264, took 0.129555 s
[2026-04-07T07:28:14.974+0000] {subprocess.py:106} INFO - 26/04/07 07:28:14 INFO CodeGenerator: Code generated in 11.206091 ms
[2026-04-07T07:28:15.002+0000] {subprocess.py:106} INFO - 26/04/07 07:28:15 INFO MemoryStore: Block broadcast_68_piece0 stored as bytes in memory (estimated size 560.0 B, free 433.3 MiB)
[2026-04-07T07:28:15.003+0000] {subprocess.py:106} INFO - 26/04/07 07:28:15 INFO BlockManagerInfo: Added broadcast_68_piece0 in memory on d0f687c55036:33009 (size: 560.0 B, free: 433.9 MiB)
[2026-04-07T07:28:15.007+0000] {subprocess.py:106} INFO - 26/04/07 07:28:15 INFO BlockManagerInfo: Removed broadcast_65_piece0 on d0f687c55036:33009 in memory (size: 30.4 KiB, free: 433.9 MiB)
[2026-04-07T07:28:15.008+0000] {subprocess.py:106} INFO - 26/04/07 07:28:15 INFO SparkContext: Created broadcast 68 from $anonfun$withThreadLocalCaptured$1 at FutureTask.java:264
[2026-04-07T07:28:15.014+0000] {subprocess.py:106} INFO - 26/04/07 07:28:15 INFO BlockManagerInfo: Removed broadcast_60_piece0 on d0f687c55036:33009 in memory (size: 21.7 KiB, free: 433.9 MiB)
[2026-04-07T07:28:15.017+0000] {subprocess.py:106} INFO - 26/04/07 07:28:15 INFO BlockManagerInfo: Removed broadcast_60_piece0 on 172.30.0.7:44967 in memory (size: 21.7 KiB, free: 434.2 MiB)
[2026-04-07T07:28:15.041+0000] {subprocess.py:106} INFO - 26/04/07 07:28:15 INFO BlockManagerInfo: Removed broadcast_66_piece0 on d0f687c55036:33009 in memory (size: 30.3 KiB, free: 434.0 MiB)
[2026-04-07T07:28:15.042+0000] {subprocess.py:106} INFO - 26/04/07 07:28:15 INFO MemoryStore: Block broadcast_69 stored as values in memory (estimated size 32.0 KiB, free 433.5 MiB)
[2026-04-07T07:28:15.053+0000] {subprocess.py:106} INFO - 26/04/07 07:28:15 INFO MemoryStore: Block broadcast_69_piece0 stored as bytes in memory (estimated size 30.4 KiB, free 433.5 MiB)
[2026-04-07T07:28:15.066+0000] {subprocess.py:106} INFO - 26/04/07 07:28:15 INFO BlockManagerInfo: Added broadcast_69_piece0 in memory on d0f687c55036:33009 (size: 30.4 KiB, free: 433.9 MiB)
[2026-04-07T07:28:15.068+0000] {subprocess.py:106} INFO - 26/04/07 07:28:15 INFO BlockManagerInfo: Removed broadcast_67_piece0 on d0f687c55036:33009 in memory (size: 20.9 KiB, free: 433.9 MiB)
[2026-04-07T07:28:15.087+0000] {subprocess.py:106} INFO - 26/04/07 07:28:15 INFO SparkContext: Created broadcast 69 from broadcast at SparkBatch.java:79
[2026-04-07T07:28:15.093+0000] {subprocess.py:106} INFO - 26/04/07 07:28:15 INFO BlockManagerInfo: Removed broadcast_67_piece0 on 172.30.0.7:44967 in memory (size: 20.9 KiB, free: 434.3 MiB)
[2026-04-07T07:28:15.277+0000] {subprocess.py:106} INFO - 26/04/07 07:28:15 INFO TorrentBroadcast: Started reading broadcast variable 57 with 1 pieces (estimated total size 4.0 MiB)
[2026-04-07T07:28:15.315+0000] {subprocess.py:106} INFO - 26/04/07 07:28:15 INFO TorrentBroadcast: Reading broadcast variable 57 took 38 ms
[2026-04-07T07:28:15.376+0000] {subprocess.py:106} INFO - 26/04/07 07:28:15 INFO TorrentBroadcast: Started reading broadcast variable 58 with 1 pieces (estimated total size 4.0 MiB)
[2026-04-07T07:28:15.378+0000] {subprocess.py:106} INFO - 26/04/07 07:28:15 INFO TorrentBroadcast: Reading broadcast variable 58 took 0 ms
[2026-04-07T07:28:15.403+0000] {subprocess.py:106} INFO - 26/04/07 07:28:15 INFO TorrentBroadcast: Started reading broadcast variable 64 with 1 pieces (estimated total size 4.0 MiB)
[2026-04-07T07:28:15.406+0000] {subprocess.py:106} INFO - 26/04/07 07:28:15 INFO TorrentBroadcast: Reading broadcast variable 64 took 0 ms
[2026-04-07T07:28:15.412+0000] {subprocess.py:106} INFO - 26/04/07 07:28:15 INFO TorrentBroadcast: Started reading broadcast variable 59 with 1 pieces (estimated total size 4.0 MiB)
[2026-04-07T07:28:15.414+0000] {subprocess.py:106} INFO - 26/04/07 07:28:15 INFO TorrentBroadcast: Reading broadcast variable 59 took 0 ms
[2026-04-07T07:28:15.513+0000] {subprocess.py:106} INFO - 26/04/07 07:28:15 INFO CodeGenerator: Code generated in 67.712589 ms
[2026-04-07T07:28:15.534+0000] {subprocess.py:106} INFO - 26/04/07 07:28:15 INFO DAGScheduler: Registering RDD 86 (create at NativeMethodAccessorImpl.java:0) as input to shuffle 14
[2026-04-07T07:28:15.535+0000] {subprocess.py:106} INFO - 26/04/07 07:28:15 INFO DAGScheduler: Got map stage job 26 (create at NativeMethodAccessorImpl.java:0) with 1 output partitions
[2026-04-07T07:28:15.535+0000] {subprocess.py:106} INFO - 26/04/07 07:28:15 INFO DAGScheduler: Final stage: ShuffleMapStage 42 (create at NativeMethodAccessorImpl.java:0)
[2026-04-07T07:28:15.536+0000] {subprocess.py:106} INFO - 26/04/07 07:28:15 INFO DAGScheduler: Parents of final stage: List()
[2026-04-07T07:28:15.537+0000] {subprocess.py:106} INFO - 26/04/07 07:28:15 INFO DAGScheduler: Missing parents: List()
[2026-04-07T07:28:15.539+0000] {subprocess.py:106} INFO - 26/04/07 07:28:15 INFO DAGScheduler: Submitting ShuffleMapStage 42 (MapPartitionsRDD[86] at create at NativeMethodAccessorImpl.java:0), which has no missing parents
[2026-04-07T07:28:15.551+0000] {subprocess.py:106} INFO - 26/04/07 07:28:15 INFO MemoryStore: Block broadcast_70 stored as values in memory (estimated size 39.3 KiB, free 433.5 MiB)
[2026-04-07T07:28:15.555+0000] {subprocess.py:106} INFO - 26/04/07 07:28:15 INFO MemoryStore: Block broadcast_70_piece0 stored as bytes in memory (estimated size 13.6 KiB, free 433.5 MiB)
[2026-04-07T07:28:15.565+0000] {subprocess.py:106} INFO - 26/04/07 07:28:15 INFO BlockManagerInfo: Added broadcast_70_piece0 in memory on d0f687c55036:33009 (size: 13.6 KiB, free: 433.9 MiB)
[2026-04-07T07:28:15.567+0000] {subprocess.py:106} INFO - 26/04/07 07:28:15 INFO SparkContext: Created broadcast 70 from broadcast at DAGScheduler.scala:1585
[2026-04-07T07:28:15.567+0000] {subprocess.py:106} INFO - 26/04/07 07:28:15 INFO DAGScheduler: Submitting 1 missing tasks from ShuffleMapStage 42 (MapPartitionsRDD[86] at create at NativeMethodAccessorImpl.java:0) (first 15 tasks are for partitions Vector(0))
[2026-04-07T07:28:15.568+0000] {subprocess.py:106} INFO - 26/04/07 07:28:15 INFO TaskSchedulerImpl: Adding task set 42.0 with 1 tasks resource profile 0
[2026-04-07T07:28:15.593+0000] {subprocess.py:106} INFO - 26/04/07 07:28:15 INFO TaskSetManager: Starting task 0.0 in stage 42.0 (TID 26) (172.30.0.7, executor 0, partition 0, PROCESS_LOCAL, 16069 bytes)
[2026-04-07T07:28:15.637+0000] {subprocess.py:106} INFO - 26/04/07 07:28:15 INFO BlockManagerInfo: Added broadcast_70_piece0 in memory on 172.30.0.7:44967 (size: 13.6 KiB, free: 434.2 MiB)
[2026-04-07T07:28:15.736+0000] {subprocess.py:106} INFO - 26/04/07 07:28:15 INFO BlockManagerInfo: Added broadcast_57_piece0 in memory on 172.30.0.7:44967 (size: 51.0 KiB, free: 434.2 MiB)
[2026-04-07T07:28:15.768+0000] {subprocess.py:106} INFO - 26/04/07 07:28:15 INFO BlockManagerInfo: Added broadcast_58_piece0 in memory on 172.30.0.7:44967 (size: 559.0 B, free: 434.2 MiB)
[2026-04-07T07:28:15.776+0000] {subprocess.py:106} INFO - 26/04/07 07:28:15 INFO BlockManagerInfo: Added broadcast_64_piece0 in memory on 172.30.0.7:44967 (size: 18.7 KiB, free: 434.2 MiB)
[2026-04-07T07:28:15.797+0000] {subprocess.py:106} INFO - 26/04/07 07:28:15 INFO BlockManagerInfo: Added broadcast_59_piece0 in memory on 172.30.0.7:44967 (size: 270.0 B, free: 434.2 MiB)
[2026-04-07T07:28:15.812+0000] {subprocess.py:106} INFO - 26/04/07 07:28:15 INFO BlockManagerInfo: Added broadcast_68_piece0 in memory on 172.30.0.7:44967 (size: 560.0 B, free: 434.2 MiB)
[2026-04-07T07:28:15.847+0000] {subprocess.py:106} INFO - 26/04/07 07:28:15 INFO BlockManagerInfo: Added broadcast_39_piece0 in memory on 172.30.0.7:44967 (size: 30.4 KiB, free: 434.1 MiB)
[2026-04-07T07:28:16.817+0000] {subprocess.py:106} INFO - 26/04/07 07:28:16 INFO TaskSetManager: Finished task 0.0 in stage 42.0 (TID 26) in 1246 ms on 172.30.0.7 (executor 0) (1/1)
[2026-04-07T07:28:16.818+0000] {subprocess.py:106} INFO - 26/04/07 07:28:16 INFO TaskSchedulerImpl: Removed TaskSet 42.0, whose tasks have all completed, from pool
[2026-04-07T07:28:16.818+0000] {subprocess.py:106} INFO - 26/04/07 07:28:16 INFO DAGScheduler: ShuffleMapStage 42 (create at NativeMethodAccessorImpl.java:0) finished in 1.277 s
[2026-04-07T07:28:16.819+0000] {subprocess.py:106} INFO - 26/04/07 07:28:16 INFO DAGScheduler: looking for newly runnable stages
[2026-04-07T07:28:16.819+0000] {subprocess.py:106} INFO - 26/04/07 07:28:16 INFO DAGScheduler: running: Set()
[2026-04-07T07:28:16.820+0000] {subprocess.py:106} INFO - 26/04/07 07:28:16 INFO DAGScheduler: waiting: Set()
[2026-04-07T07:28:16.821+0000] {subprocess.py:106} INFO - 26/04/07 07:28:16 INFO DAGScheduler: failed: Set()
[2026-04-07T07:28:16.822+0000] {subprocess.py:106} INFO - 26/04/07 07:28:16 INFO ShufflePartitionsUtil: For shuffle(14), advisory target size: 402653184, actual target size 1048576, minimum partition size: 1048576
[2026-04-07T07:28:16.843+0000] {subprocess.py:106} INFO - 26/04/07 07:28:16 INFO MemoryStore: Block broadcast_71 stored as values in memory (estimated size 32.0 KiB, free 433.5 MiB)
[2026-04-07T07:28:16.859+0000] {subprocess.py:106} INFO - 26/04/07 07:28:16 INFO MemoryStore: Block broadcast_71_piece0 stored as bytes in memory (estimated size 29.9 KiB, free 433.4 MiB)
[2026-04-07T07:28:16.860+0000] {subprocess.py:106} INFO - 26/04/07 07:28:16 INFO BlockManagerInfo: Removed broadcast_70_piece0 on d0f687c55036:33009 in memory (size: 13.6 KiB, free: 433.9 MiB)
[2026-04-07T07:28:16.860+0000] {subprocess.py:106} INFO - 26/04/07 07:28:16 INFO BlockManagerInfo: Added broadcast_71_piece0 in memory on d0f687c55036:33009 (size: 29.9 KiB, free: 433.9 MiB)
[2026-04-07T07:28:16.861+0000] {subprocess.py:106} INFO - 26/04/07 07:28:16 INFO SparkContext: Created broadcast 71 from broadcast at SparkWrite.java:193
[2026-04-07T07:28:16.862+0000] {subprocess.py:106} INFO - 26/04/07 07:28:16 INFO AppendDataExec: Start processing data source write support: IcebergBatchWrite(table=gold.fact_job_posting, format=PARQUET). The input RDD has 1 partitions.
[2026-04-07T07:28:16.862+0000] {subprocess.py:106} INFO - 26/04/07 07:28:16 INFO SparkContext: Starting job: create at NativeMethodAccessorImpl.java:0
[2026-04-07T07:28:16.863+0000] {subprocess.py:106} INFO - 26/04/07 07:28:16 INFO DAGScheduler: Got job 27 (create at NativeMethodAccessorImpl.java:0) with 1 output partitions
[2026-04-07T07:28:16.863+0000] {subprocess.py:106} INFO - 26/04/07 07:28:16 INFO DAGScheduler: Final stage: ResultStage 44 (create at NativeMethodAccessorImpl.java:0)
[2026-04-07T07:28:16.864+0000] {subprocess.py:106} INFO - 26/04/07 07:28:16 INFO DAGScheduler: Parents of final stage: List(ShuffleMapStage 43)
[2026-04-07T07:28:16.864+0000] {subprocess.py:106} INFO - 26/04/07 07:28:16 INFO DAGScheduler: Missing parents: List()
[2026-04-07T07:28:16.865+0000] {subprocess.py:106} INFO - 26/04/07 07:28:16 INFO DAGScheduler: Submitting ResultStage 44 (ShuffledRowRDD[87] at create at NativeMethodAccessorImpl.java:0), which has no missing parents
[2026-04-07T07:28:16.868+0000] {subprocess.py:106} INFO - 26/04/07 07:28:16 INFO MemoryStore: Block broadcast_72 stored as values in memory (estimated size 10.7 KiB, free 433.5 MiB)
[2026-04-07T07:28:16.869+0000] {subprocess.py:106} INFO - 26/04/07 07:28:16 INFO MemoryStore: Block broadcast_72_piece0 stored as bytes in memory (estimated size 5.7 KiB, free 433.5 MiB)
[2026-04-07T07:28:16.873+0000] {subprocess.py:106} INFO - 26/04/07 07:28:16 INFO BlockManagerInfo: Added broadcast_72_piece0 in memory on d0f687c55036:33009 (size: 5.7 KiB, free: 433.9 MiB)
[2026-04-07T07:28:16.873+0000] {subprocess.py:106} INFO - 26/04/07 07:28:16 INFO SparkContext: Created broadcast 72 from broadcast at DAGScheduler.scala:1585
[2026-04-07T07:28:16.874+0000] {subprocess.py:106} INFO - 26/04/07 07:28:16 INFO DAGScheduler: Submitting 1 missing tasks from ResultStage 44 (ShuffledRowRDD[87] at create at NativeMethodAccessorImpl.java:0) (first 15 tasks are for partitions Vector(0))
[2026-04-07T07:28:16.874+0000] {subprocess.py:106} INFO - 26/04/07 07:28:16 INFO TaskSchedulerImpl: Adding task set 44.0 with 1 tasks resource profile 0
[2026-04-07T07:28:16.875+0000] {subprocess.py:106} INFO - 26/04/07 07:28:16 INFO BlockManagerInfo: Removed broadcast_70_piece0 on 172.30.0.7:44967 in memory (size: 13.6 KiB, free: 434.2 MiB)
[2026-04-07T07:28:16.875+0000] {subprocess.py:106} INFO - 26/04/07 07:28:16 INFO TaskSetManager: Starting task 0.0 in stage 44.0 (TID 27) (172.30.0.7, executor 0, partition 0, NODE_LOCAL, 9976 bytes)
[2026-04-07T07:28:16.884+0000] {subprocess.py:106} INFO - 26/04/07 07:28:16 INFO BlockManagerInfo: Removed broadcast_69_piece0 on d0f687c55036:33009 in memory (size: 30.4 KiB, free: 433.9 MiB)
[2026-04-07T07:28:16.896+0000] {subprocess.py:106} INFO - 26/04/07 07:28:16 INFO BlockManagerInfo: Added broadcast_72_piece0 in memory on 172.30.0.7:44967 (size: 5.7 KiB, free: 434.1 MiB)
[2026-04-07T07:28:16.911+0000] {subprocess.py:106} INFO - 26/04/07 07:28:16 INFO MapOutputTrackerMasterEndpoint: Asked to send map output locations for shuffle 14 to 172.30.0.7:56770
[2026-04-07T07:28:16.946+0000] {subprocess.py:106} INFO - 26/04/07 07:28:16 INFO BlockManagerInfo: Added broadcast_71_piece0 in memory on 172.30.0.7:44967 (size: 29.9 KiB, free: 434.1 MiB)
[2026-04-07T07:28:26.005+0000] {subprocess.py:106} INFO - 26/04/07 07:28:25 INFO TaskSetManager: Finished task 0.0 in stage 44.0 (TID 27) in 9132 ms on 172.30.0.7 (executor 0) (1/1)
[2026-04-07T07:28:26.006+0000] {subprocess.py:106} INFO - 26/04/07 07:28:25 INFO TaskSchedulerImpl: Removed TaskSet 44.0, whose tasks have all completed, from pool
[2026-04-07T07:28:26.012+0000] {subprocess.py:106} INFO - 26/04/07 07:28:26 INFO DAGScheduler: ResultStage 44 (create at NativeMethodAccessorImpl.java:0) finished in 9.138 s
[2026-04-07T07:28:26.013+0000] {subprocess.py:106} INFO - 26/04/07 07:28:26 INFO DAGScheduler: Job 27 is finished. Cancelling potential speculative or zombie tasks for this job
[2026-04-07T07:28:26.014+0000] {subprocess.py:106} INFO - 26/04/07 07:28:26 INFO TaskSchedulerImpl: Killing all running tasks in stage 44: Stage finished
[2026-04-07T07:28:26.014+0000] {subprocess.py:106} INFO - 26/04/07 07:28:26 INFO DAGScheduler: Job 27 finished: create at NativeMethodAccessorImpl.java:0, took 9.148529 s
[2026-04-07T07:28:26.015+0000] {subprocess.py:106} INFO - 26/04/07 07:28:26 INFO AppendDataExec: Data source write support IcebergBatchWrite(table=gold.fact_job_posting, format=PARQUET) is committing.
[2026-04-07T07:28:26.016+0000] {subprocess.py:106} INFO - 26/04/07 07:28:26 INFO SparkWrite: Committing append with 179 new data files to table gold.fact_job_posting
[2026-04-07T07:28:26.171+0000] {subprocess.py:106} INFO - 26/04/07 07:28:26 INFO SnapshotProducer: Committed snapshot 3860624929692137532 (MergeAppend)
[2026-04-07T07:28:26.194+0000] {subprocess.py:106} INFO - 26/04/07 07:28:26 INFO LoggingMetricsReporter: Received metrics report: CommitReport{tableName=gold.fact_job_posting, snapshotId=3860624929692137532, sequenceNumber=1, operation=append, commitMetrics=CommitMetricsResult{totalDuration=TimerResult{timeUnit=NANOSECONDS, totalDuration=PT0.178662322S, count=1}, attempts=CounterResult{unit=COUNT, value=1}, addedDataFiles=CounterResult{unit=COUNT, value=179}, removedDataFiles=null, totalDataFiles=CounterResult{unit=COUNT, value=179}, addedDeleteFiles=null, addedEqualityDeleteFiles=null, addedPositionalDeleteFiles=null, removedDeleteFiles=null, removedEqualityDeleteFiles=null, removedPositionalDeleteFiles=null, totalDeleteFiles=CounterResult{unit=COUNT, value=0}, addedRecords=CounterResult{unit=COUNT, value=42340}, removedRecords=null, totalRecords=CounterResult{unit=COUNT, value=42340}, addedFilesSizeInBytes=CounterResult{unit=BYTES, value=1638510}, removedFilesSizeInBytes=null, totalFilesSizeInBytes=CounterResult{unit=BYTES, value=1638510}, addedPositionalDeletes=null, removedPositionalDeletes=null, totalPositionalDeletes=CounterResult{unit=COUNT, value=0}, addedEqualityDeletes=null, removedEqualityDeletes=null, totalEqualityDeletes=CounterResult{unit=COUNT, value=0}}, metadata={engine-version=3.5.3, app-id=app-20260407072741-0002, engine-name=spark, iceberg-version=Apache Iceberg 1.6.1 (commit 8e9d59d299be42b0bca9461457cd1e95dbaad086)}}
[2026-04-07T07:28:26.195+0000] {subprocess.py:106} INFO - 26/04/07 07:28:26 INFO SparkWrite: Committed in 179 ms
[2026-04-07T07:28:26.196+0000] {subprocess.py:106} INFO - 26/04/07 07:28:26 INFO AppendDataExec: Data source write support IcebergBatchWrite(table=gold.fact_job_posting, format=PARQUET) committed.
[2026-04-07T07:28:26.330+0000] {subprocess.py:106} INFO - 26/04/07 07:28:26 INFO HiveTableOperations: Committed to table iceberg.gold.fact_job_posting with the new metadata location s3a://warehouse/iceberg_data/gold.db/fact_job_posting/metadata/00000-dbf85a88-fb85-4a34-b022-26b2fdd52335.metadata.json
[2026-04-07T07:28:26.333+0000] {subprocess.py:106} INFO - 26/04/07 07:28:26 INFO BaseMetastoreTableOperations: Successfully committed to table iceberg.gold.fact_job_posting in 135 ms
[2026-04-07T07:28:26.425+0000] {subprocess.py:106} INFO - 26/04/07 07:28:26 INFO V2ScanRelationPushDown:
[2026-04-07T07:28:26.427+0000] {subprocess.py:106} INFO - Pushing operators to iceberg.silver.it_jobs_clean
[2026-04-07T07:28:26.429+0000] {subprocess.py:106} INFO - Pushed Filters: location IS NOT NULL, skills_required IS NOT NULL
[2026-04-07T07:28:26.430+0000] {subprocess.py:106} INFO - Post-Scan Filters: isnotnull(location#2),isnotnull(skills_required#3),(size(location#2, true) > 0),(size(skills_required#3, true) > 0)
[2026-04-07T07:28:26.430+0000] {subprocess.py:106} INFO - 
[2026-04-07T07:28:26.432+0000] {subprocess.py:106} INFO - 26/04/07 07:28:26 INFO V2ScanRelationPushDown:
[2026-04-07T07:28:26.433+0000] {subprocess.py:106} INFO - Output: location#2, skills_required#3
[2026-04-07T07:28:26.434+0000] {subprocess.py:106} INFO - 
[2026-04-07T07:28:26.435+0000] {subprocess.py:106} INFO - 26/04/07 07:28:26 INFO SnapshotScan: Scanning table iceberg.silver.it_jobs_clean snapshot 5024751683210422763 created at 2026-04-07T07:27:29.452+00:00 with filter (location IS NOT NULL AND skills_required IS NOT NULL)
[2026-04-07T07:28:26.435+0000] {subprocess.py:106} INFO - 26/04/07 07:28:26 INFO BaseDistributedDataScan: Planning file tasks locally for table iceberg.silver.it_jobs_clean
[2026-04-07T07:28:26.459+0000] {subprocess.py:106} INFO - 26/04/07 07:28:26 INFO SparkPartitioningAwareScan: Reporting UnknownPartitioning with 1 partition(s) for table iceberg.silver.it_jobs_clean
[2026-04-07T07:28:26.468+0000] {subprocess.py:106} INFO - 26/04/07 07:28:26 INFO MemoryStore: Block broadcast_73 stored as values in memory (estimated size 32.0 KiB, free 433.5 MiB)
[2026-04-07T07:28:26.470+0000] {subprocess.py:106} INFO - 26/04/07 07:28:26 INFO MemoryStore: Block broadcast_73_piece0 stored as bytes in memory (estimated size 30.4 KiB, free 433.5 MiB)
[2026-04-07T07:28:26.471+0000] {subprocess.py:106} INFO - 26/04/07 07:28:26 INFO BlockManagerInfo: Added broadcast_73_piece0 in memory on d0f687c55036:33009 (size: 30.4 KiB, free: 433.9 MiB)
[2026-04-07T07:28:26.471+0000] {subprocess.py:106} INFO - 26/04/07 07:28:26 INFO SparkContext: Created broadcast 73 from broadcast at SparkBatch.java:79
[2026-04-07T07:28:26.476+0000] {subprocess.py:106} INFO - 26/04/07 07:28:26 INFO MemoryStore: Block broadcast_74 stored as values in memory (estimated size 32.0 KiB, free 433.4 MiB)
[2026-04-07T07:28:26.478+0000] {subprocess.py:106} INFO - 26/04/07 07:28:26 INFO MemoryStore: Block broadcast_74_piece0 stored as bytes in memory (estimated size 30.3 KiB, free 433.4 MiB)
[2026-04-07T07:28:26.479+0000] {subprocess.py:106} INFO - 26/04/07 07:28:26 INFO BlockManagerInfo: Added broadcast_74_piece0 in memory on d0f687c55036:33009 (size: 30.3 KiB, free: 433.9 MiB)
[2026-04-07T07:28:26.480+0000] {subprocess.py:106} INFO - 26/04/07 07:28:26 INFO SparkContext: Created broadcast 74 from broadcast at SparkBatch.java:79
[2026-04-07T07:28:26.526+0000] {subprocess.py:106} INFO - 26/04/07 07:28:26 INFO CodeGenerator: Code generated in 12.849698 ms
[2026-04-07T07:28:26.533+0000] {subprocess.py:106} INFO - 26/04/07 07:28:26 INFO DAGScheduler: Registering RDD 91 (count at NativeMethodAccessorImpl.java:0) as input to shuffle 15
[2026-04-07T07:28:26.536+0000] {subprocess.py:106} INFO - 26/04/07 07:28:26 INFO DAGScheduler: Got map stage job 28 (count at NativeMethodAccessorImpl.java:0) with 1 output partitions
[2026-04-07T07:28:26.538+0000] {subprocess.py:106} INFO - 26/04/07 07:28:26 INFO DAGScheduler: Final stage: ShuffleMapStage 45 (count at NativeMethodAccessorImpl.java:0)
[2026-04-07T07:28:26.538+0000] {subprocess.py:106} INFO - 26/04/07 07:28:26 INFO DAGScheduler: Parents of final stage: List()
[2026-04-07T07:28:26.539+0000] {subprocess.py:106} INFO - 26/04/07 07:28:26 INFO DAGScheduler: Missing parents: List()
[2026-04-07T07:28:26.542+0000] {subprocess.py:106} INFO - 26/04/07 07:28:26 INFO DAGScheduler: Submitting ShuffleMapStage 45 (MapPartitionsRDD[91] at count at NativeMethodAccessorImpl.java:0), which has no missing parents
[2026-04-07T07:28:26.543+0000] {subprocess.py:106} INFO - 26/04/07 07:28:26 INFO MemoryStore: Block broadcast_75 stored as values in memory (estimated size 19.7 KiB, free 433.4 MiB)
[2026-04-07T07:28:26.544+0000] {subprocess.py:106} INFO - 26/04/07 07:28:26 INFO MemoryStore: Block broadcast_75_piece0 stored as bytes in memory (estimated size 7.8 KiB, free 433.4 MiB)
[2026-04-07T07:28:26.544+0000] {subprocess.py:106} INFO - 26/04/07 07:28:26 INFO BlockManagerInfo: Added broadcast_75_piece0 in memory on d0f687c55036:33009 (size: 7.8 KiB, free: 433.9 MiB)
[2026-04-07T07:28:26.545+0000] {subprocess.py:106} INFO - 26/04/07 07:28:26 INFO SparkContext: Created broadcast 75 from broadcast at DAGScheduler.scala:1585
[2026-04-07T07:28:26.545+0000] {subprocess.py:106} INFO - 26/04/07 07:28:26 INFO DAGScheduler: Submitting 1 missing tasks from ShuffleMapStage 45 (MapPartitionsRDD[91] at count at NativeMethodAccessorImpl.java:0) (first 15 tasks are for partitions Vector(0))
[2026-04-07T07:28:26.546+0000] {subprocess.py:106} INFO - 26/04/07 07:28:26 INFO TaskSchedulerImpl: Adding task set 45.0 with 1 tasks resource profile 0
[2026-04-07T07:28:26.546+0000] {subprocess.py:106} INFO - 26/04/07 07:28:26 INFO TaskSetManager: Starting task 0.0 in stage 45.0 (TID 28) (172.30.0.7, executor 0, partition 0, PROCESS_LOCAL, 15762 bytes)
[2026-04-07T07:28:26.559+0000] {subprocess.py:106} INFO - 26/04/07 07:28:26 INFO BlockManagerInfo: Added broadcast_75_piece0 in memory on 172.30.0.7:44967 (size: 7.8 KiB, free: 434.1 MiB)
[2026-04-07T07:28:26.587+0000] {subprocess.py:106} INFO - 26/04/07 07:28:26 INFO BlockManagerInfo: Added broadcast_74_piece0 in memory on 172.30.0.7:44967 (size: 30.3 KiB, free: 434.1 MiB)
[2026-04-07T07:28:26.730+0000] {subprocess.py:106} INFO - 26/04/07 07:28:26 INFO TaskSetManager: Finished task 0.0 in stage 45.0 (TID 28) in 187 ms on 172.30.0.7 (executor 0) (1/1)
[2026-04-07T07:28:26.731+0000] {subprocess.py:106} INFO - 26/04/07 07:28:26 INFO TaskSchedulerImpl: Removed TaskSet 45.0, whose tasks have all completed, from pool
[2026-04-07T07:28:26.732+0000] {subprocess.py:106} INFO - 26/04/07 07:28:26 INFO DAGScheduler: ShuffleMapStage 45 (count at NativeMethodAccessorImpl.java:0) finished in 0.194 s
[2026-04-07T07:28:26.733+0000] {subprocess.py:106} INFO - 26/04/07 07:28:26 INFO DAGScheduler: looking for newly runnable stages
[2026-04-07T07:28:26.733+0000] {subprocess.py:106} INFO - 26/04/07 07:28:26 INFO DAGScheduler: running: Set()
[2026-04-07T07:28:26.734+0000] {subprocess.py:106} INFO - 26/04/07 07:28:26 INFO DAGScheduler: waiting: Set()
[2026-04-07T07:28:26.734+0000] {subprocess.py:106} INFO - 26/04/07 07:28:26 INFO DAGScheduler: failed: Set()
[2026-04-07T07:28:26.747+0000] {subprocess.py:106} INFO - 26/04/07 07:28:26 INFO CodeGenerator: Code generated in 6.234924 ms
[2026-04-07T07:28:26.760+0000] {subprocess.py:106} INFO - 26/04/07 07:28:26 INFO SparkContext: Starting job: count at NativeMethodAccessorImpl.java:0
[2026-04-07T07:28:26.762+0000] {subprocess.py:106} INFO - 26/04/07 07:28:26 INFO DAGScheduler: Got job 29 (count at NativeMethodAccessorImpl.java:0) with 1 output partitions
[2026-04-07T07:28:26.763+0000] {subprocess.py:106} INFO - 26/04/07 07:28:26 INFO DAGScheduler: Final stage: ResultStage 47 (count at NativeMethodAccessorImpl.java:0)
[2026-04-07T07:28:26.763+0000] {subprocess.py:106} INFO - 26/04/07 07:28:26 INFO DAGScheduler: Parents of final stage: List(ShuffleMapStage 46)
[2026-04-07T07:28:26.764+0000] {subprocess.py:106} INFO - 26/04/07 07:28:26 INFO DAGScheduler: Missing parents: List()
[2026-04-07T07:28:26.764+0000] {subprocess.py:106} INFO - 26/04/07 07:28:26 INFO DAGScheduler: Submitting ResultStage 47 (MapPartitionsRDD[94] at count at NativeMethodAccessorImpl.java:0), which has no missing parents
[2026-04-07T07:28:26.765+0000] {subprocess.py:106} INFO - 26/04/07 07:28:26 INFO MemoryStore: Block broadcast_76 stored as values in memory (estimated size 12.5 KiB, free 433.4 MiB)
[2026-04-07T07:28:26.779+0000] {subprocess.py:106} INFO - 26/04/07 07:28:26 INFO MemoryStore: Block broadcast_76_piece0 stored as bytes in memory (estimated size 5.9 KiB, free 433.4 MiB)
[2026-04-07T07:28:26.780+0000] {subprocess.py:106} INFO - 26/04/07 07:28:26 INFO BlockManagerInfo: Added broadcast_76_piece0 in memory on d0f687c55036:33009 (size: 5.9 KiB, free: 433.9 MiB)
[2026-04-07T07:28:26.781+0000] {subprocess.py:106} INFO - 26/04/07 07:28:26 INFO SparkContext: Created broadcast 76 from broadcast at DAGScheduler.scala:1585
[2026-04-07T07:28:26.784+0000] {subprocess.py:106} INFO - 26/04/07 07:28:26 INFO DAGScheduler: Submitting 1 missing tasks from ResultStage 47 (MapPartitionsRDD[94] at count at NativeMethodAccessorImpl.java:0) (first 15 tasks are for partitions Vector(0))
[2026-04-07T07:28:26.785+0000] {subprocess.py:106} INFO - 26/04/07 07:28:26 INFO TaskSchedulerImpl: Adding task set 47.0 with 1 tasks resource profile 0
[2026-04-07T07:28:26.786+0000] {subprocess.py:106} INFO - 26/04/07 07:28:26 INFO BlockManagerInfo: Removed broadcast_75_piece0 on 172.30.0.7:44967 in memory (size: 7.8 KiB, free: 434.1 MiB)
[2026-04-07T07:28:26.787+0000] {subprocess.py:106} INFO - 26/04/07 07:28:26 INFO BlockManagerInfo: Removed broadcast_75_piece0 on d0f687c55036:33009 in memory (size: 7.8 KiB, free: 433.9 MiB)
[2026-04-07T07:28:26.791+0000] {subprocess.py:106} INFO - 26/04/07 07:28:26 INFO TaskSetManager: Starting task 0.0 in stage 47.0 (TID 29) (172.30.0.7, executor 0, partition 0, NODE_LOCAL, 9976 bytes)
[2026-04-07T07:28:26.804+0000] {subprocess.py:106} INFO - 26/04/07 07:28:26 INFO BlockManagerInfo: Removed broadcast_71_piece0 on d0f687c55036:33009 in memory (size: 29.9 KiB, free: 433.9 MiB)
[2026-04-07T07:28:26.807+0000] {subprocess.py:106} INFO - 26/04/07 07:28:26 INFO BlockManagerInfo: Removed broadcast_71_piece0 on 172.30.0.7:44967 in memory (size: 29.9 KiB, free: 434.1 MiB)
[2026-04-07T07:28:26.810+0000] {subprocess.py:106} INFO - 26/04/07 07:28:26 INFO BlockManagerInfo: Added broadcast_76_piece0 in memory on 172.30.0.7:44967 (size: 5.9 KiB, free: 434.1 MiB)
[2026-04-07T07:28:26.814+0000] {subprocess.py:106} INFO - 26/04/07 07:28:26 INFO BlockManagerInfo: Removed broadcast_72_piece0 on d0f687c55036:33009 in memory (size: 5.7 KiB, free: 433.9 MiB)
[2026-04-07T07:28:26.828+0000] {subprocess.py:106} INFO - 26/04/07 07:28:26 INFO MapOutputTrackerMasterEndpoint: Asked to send map output locations for shuffle 15 to 172.30.0.7:56770
[2026-04-07T07:28:26.830+0000] {subprocess.py:106} INFO - 26/04/07 07:28:26 INFO BlockManagerInfo: Removed broadcast_72_piece0 on 172.30.0.7:44967 in memory (size: 5.7 KiB, free: 434.1 MiB)
[2026-04-07T07:28:26.887+0000] {subprocess.py:106} INFO - 26/04/07 07:28:26 INFO TaskSetManager: Finished task 0.0 in stage 47.0 (TID 29) in 100 ms on 172.30.0.7 (executor 0) (1/1)
[2026-04-07T07:28:26.888+0000] {subprocess.py:106} INFO - 26/04/07 07:28:26 INFO TaskSchedulerImpl: Removed TaskSet 47.0, whose tasks have all completed, from pool
[2026-04-07T07:28:26.889+0000] {subprocess.py:106} INFO - 26/04/07 07:28:26 INFO DAGScheduler: ResultStage 47 (count at NativeMethodAccessorImpl.java:0) finished in 0.121 s
[2026-04-07T07:28:26.890+0000] {subprocess.py:106} INFO - 26/04/07 07:28:26 INFO DAGScheduler: Job 29 is finished. Cancelling potential speculative or zombie tasks for this job
[2026-04-07T07:28:26.890+0000] {subprocess.py:106} INFO - 26/04/07 07:28:26 INFO TaskSchedulerImpl: Killing all running tasks in stage 47: Stage finished
[2026-04-07T07:28:26.891+0000] {subprocess.py:106} INFO - 26/04/07 07:28:26 INFO DAGScheduler: Job 29 finished: count at NativeMethodAccessorImpl.java:0, took 0.124639 s
[2026-04-07T07:28:26.891+0000] {subprocess.py:106} INFO - >>> GOLD Layer Built Successfully. Fact records: 42340
[2026-04-07T07:28:26.892+0000] {subprocess.py:106} INFO - 26/04/07 07:28:26 INFO SparkContext: SparkContext is stopping with exitCode 0.
[2026-04-07T07:28:26.913+0000] {subprocess.py:106} INFO - 26/04/07 07:28:26 INFO SparkUI: Stopped Spark web UI at http://d0f687c55036:4040
[2026-04-07T07:28:26.922+0000] {subprocess.py:106} INFO - 26/04/07 07:28:26 INFO StandaloneSchedulerBackend: Shutting down all executors
[2026-04-07T07:28:26.923+0000] {subprocess.py:106} INFO - 26/04/07 07:28:26 INFO StandaloneSchedulerBackend$StandaloneDriverEndpoint: Asking each executor to shut down
[2026-04-07T07:28:26.951+0000] {subprocess.py:106} INFO - 26/04/07 07:28:26 INFO MapOutputTrackerMasterEndpoint: MapOutputTrackerMasterEndpoint stopped!
[2026-04-07T07:28:26.981+0000] {subprocess.py:106} INFO - 26/04/07 07:28:26 INFO MemoryStore: MemoryStore cleared
[2026-04-07T07:28:26.982+0000] {subprocess.py:106} INFO - 26/04/07 07:28:26 INFO BlockManager: BlockManager stopped
[2026-04-07T07:28:26.987+0000] {subprocess.py:106} INFO - 26/04/07 07:28:26 INFO BlockManagerMaster: BlockManagerMaster stopped
[2026-04-07T07:28:27.021+0000] {subprocess.py:106} INFO - 26/04/07 07:28:27 INFO OutputCommitCoordinator$OutputCommitCoordinatorEndpoint: OutputCommitCoordinator stopped!
[2026-04-07T07:28:27.072+0000] {subprocess.py:106} INFO - 26/04/07 07:28:27 INFO SparkContext: Successfully stopped SparkContext
[2026-04-07T07:28:27.336+0000] {subprocess.py:106} INFO - 26/04/07 07:28:27 INFO ShutdownHookManager: Shutdown hook called
[2026-04-07T07:28:27.337+0000] {subprocess.py:106} INFO - 26/04/07 07:28:27 INFO ShutdownHookManager: Deleting directory /tmp/spark-e9797ff5-2b9e-4c44-8907-38a353c60fde
[2026-04-07T07:28:27.342+0000] {subprocess.py:106} INFO - 26/04/07 07:28:27 INFO ShutdownHookManager: Deleting directory /tmp/spark-110280fb-0982-4d22-8255-b2afc2d2df38/pyspark-dcf03125-f9f3-4046-969c-7442b36a49bd
[2026-04-07T07:28:27.346+0000] {subprocess.py:106} INFO - 26/04/07 07:28:27 INFO ShutdownHookManager: Deleting directory /tmp/spark-110280fb-0982-4d22-8255-b2afc2d2df38
[2026-04-07T07:28:27.358+0000] {subprocess.py:106} INFO - 26/04/07 07:28:27 INFO MetricsSystemImpl: Stopping s3a-file-system metrics system...
[2026-04-07T07:28:27.359+0000] {subprocess.py:106} INFO - 26/04/07 07:28:27 INFO MetricsSystemImpl: s3a-file-system metrics system stopped.
[2026-04-07T07:28:27.361+0000] {subprocess.py:106} INFO - 26/04/07 07:28:27 INFO MetricsSystemImpl: s3a-file-system metrics system shutdown complete.
[2026-04-07T07:28:27.448+0000] {subprocess.py:110} INFO - Command exited with return code 0
[2026-04-07T07:28:27.520+0000] {taskinstance.py:341} INFO - ::group::Post task execution logs
[2026-04-07T07:28:27.521+0000] {taskinstance.py:353} INFO - Marking task as SUCCESS. dag_id=crawl_etl_itjob, task_id=build_gold, run_id=scheduled__2026-04-05T02:00:00+00:00, execution_date=20260405T020000, start_date=20260407T072732, end_date=20260407T072827
[2026-04-07T07:28:27.590+0000] {local_task_job_runner.py:266} INFO - Task exited with return code 0
[2026-04-07T07:28:27.616+0000] {taskinstance.py:3901} INFO - 0 downstream tasks scheduled from follow-on schedule check
[2026-04-07T07:28:27.619+0000] {local_task_job_runner.py:245} INFO - ::endgroup::
