[2026-03-21T04:26:57.413+0000] {processor.py:186} INFO - Started process (PID=40) to work on /opt/airflow/dags/system_dag.py
[2026-03-21T04:26:57.415+0000] {processor.py:914} INFO - Processing file /opt/airflow/dags/system_dag.py for tasks to queue
[2026-03-21T04:26:57.419+0000] {logging_mixin.py:190} INFO - [2026-03-21T04:26:57.417+0000] {dagbag.py:588} INFO - Filling up the DagBag from /opt/airflow/dags/system_dag.py
[2026-03-21T04:26:57.454+0000] {processor.py:925} INFO - DAG(s) 'system_dag' retrieved from /opt/airflow/dags/system_dag.py
[2026-03-21T04:26:57.529+0000] {logging_mixin.py:190} INFO - [2026-03-21T04:26:57.529+0000] {dag.py:3239} INFO - Sync 1 DAGs
[2026-03-21T04:26:57.623+0000] {logging_mixin.py:190} INFO - [2026-03-21T04:26:57.623+0000] {dag.py:4180} INFO - Setting next_dagrun for system_dag to 2026-03-20T00:00:00+00:00, run_after=2026-03-21T00:00:00+00:00
[2026-03-21T04:26:57.700+0000] {processor.py:208} INFO - Processing /opt/airflow/dags/system_dag.py took 0.297 seconds
[2026-03-21T04:27:28.229+0000] {processor.py:186} INFO - Started process (PID=44) to work on /opt/airflow/dags/system_dag.py
[2026-03-21T04:27:28.230+0000] {processor.py:914} INFO - Processing file /opt/airflow/dags/system_dag.py for tasks to queue
[2026-03-21T04:27:28.233+0000] {logging_mixin.py:190} INFO - [2026-03-21T04:27:28.233+0000] {dagbag.py:588} INFO - Filling up the DagBag from /opt/airflow/dags/system_dag.py
[2026-03-21T04:27:28.288+0000] {processor.py:925} INFO - DAG(s) 'system_dag' retrieved from /opt/airflow/dags/system_dag.py
[2026-03-21T04:27:28.360+0000] {logging_mixin.py:190} INFO - [2026-03-21T04:27:28.360+0000] {dag.py:3239} INFO - Sync 1 DAGs
[2026-03-21T04:27:28.430+0000] {logging_mixin.py:190} INFO - [2026-03-21T04:27:28.429+0000] {dag.py:4180} INFO - Setting next_dagrun for system_dag to 2026-03-20T00:00:00+00:00, run_after=2026-03-21T00:00:00+00:00
[2026-03-21T04:27:28.495+0000] {processor.py:208} INFO - Processing /opt/airflow/dags/system_dag.py took 0.279 seconds
[2026-03-21T04:27:58.785+0000] {processor.py:186} INFO - Started process (PID=48) to work on /opt/airflow/dags/system_dag.py
[2026-03-21T04:27:58.786+0000] {processor.py:914} INFO - Processing file /opt/airflow/dags/system_dag.py for tasks to queue
[2026-03-21T04:27:58.788+0000] {logging_mixin.py:190} INFO - [2026-03-21T04:27:58.787+0000] {dagbag.py:588} INFO - Filling up the DagBag from /opt/airflow/dags/system_dag.py
[2026-03-21T04:27:58.815+0000] {processor.py:925} INFO - DAG(s) 'system_dag' retrieved from /opt/airflow/dags/system_dag.py
[2026-03-21T04:27:58.868+0000] {logging_mixin.py:190} INFO - [2026-03-21T04:27:58.868+0000] {dag.py:3239} INFO - Sync 1 DAGs
[2026-03-21T04:27:58.914+0000] {logging_mixin.py:190} INFO - [2026-03-21T04:27:58.913+0000] {dag.py:4180} INFO - Setting next_dagrun for system_dag to 2026-03-20T00:00:00+00:00, run_after=2026-03-21T00:00:00+00:00
[2026-03-21T04:27:58.979+0000] {processor.py:208} INFO - Processing /opt/airflow/dags/system_dag.py took 0.203 seconds
[2026-03-21T04:28:29.257+0000] {processor.py:186} INFO - Started process (PID=52) to work on /opt/airflow/dags/system_dag.py
[2026-03-21T04:28:29.258+0000] {processor.py:914} INFO - Processing file /opt/airflow/dags/system_dag.py for tasks to queue
[2026-03-21T04:28:29.260+0000] {logging_mixin.py:190} INFO - [2026-03-21T04:28:29.259+0000] {dagbag.py:588} INFO - Filling up the DagBag from /opt/airflow/dags/system_dag.py
[2026-03-21T04:28:29.286+0000] {processor.py:925} INFO - DAG(s) 'system_dag' retrieved from /opt/airflow/dags/system_dag.py
[2026-03-21T04:28:29.356+0000] {logging_mixin.py:190} INFO - [2026-03-21T04:28:29.356+0000] {dag.py:3239} INFO - Sync 1 DAGs
[2026-03-21T04:28:29.411+0000] {logging_mixin.py:190} INFO - [2026-03-21T04:28:29.411+0000] {dag.py:4180} INFO - Setting next_dagrun for system_dag to 2026-03-20T00:00:00+00:00, run_after=2026-03-21T00:00:00+00:00
[2026-03-21T04:28:29.480+0000] {processor.py:208} INFO - Processing /opt/airflow/dags/system_dag.py took 0.235 seconds
[2026-03-21T04:28:59.953+0000] {processor.py:186} INFO - Started process (PID=56) to work on /opt/airflow/dags/system_dag.py
[2026-03-21T04:28:59.954+0000] {processor.py:914} INFO - Processing file /opt/airflow/dags/system_dag.py for tasks to queue
[2026-03-21T04:28:59.956+0000] {logging_mixin.py:190} INFO - [2026-03-21T04:28:59.956+0000] {dagbag.py:588} INFO - Filling up the DagBag from /opt/airflow/dags/system_dag.py
[2026-03-21T04:28:59.989+0000] {processor.py:925} INFO - DAG(s) 'system_dag' retrieved from /opt/airflow/dags/system_dag.py
[2026-03-21T04:29:00.039+0000] {logging_mixin.py:190} INFO - [2026-03-21T04:29:00.039+0000] {dag.py:3239} INFO - Sync 1 DAGs
[2026-03-21T04:29:00.073+0000] {logging_mixin.py:190} INFO - [2026-03-21T04:29:00.073+0000] {dag.py:4180} INFO - Setting next_dagrun for system_dag to 2026-03-20T00:00:00+00:00, run_after=2026-03-21T00:00:00+00:00
[2026-03-21T04:29:00.099+0000] {processor.py:208} INFO - Processing /opt/airflow/dags/system_dag.py took 0.154 seconds
[2026-03-21T04:29:33.434+0000] {processor.py:186} INFO - Started process (PID=60) to work on /opt/airflow/dags/system_dag.py
[2026-03-21T04:29:33.435+0000] {processor.py:914} INFO - Processing file /opt/airflow/dags/system_dag.py for tasks to queue
[2026-03-21T04:29:33.437+0000] {logging_mixin.py:190} INFO - [2026-03-21T04:29:33.437+0000] {dagbag.py:588} INFO - Filling up the DagBag from /opt/airflow/dags/system_dag.py
[2026-03-21T04:29:33.467+0000] {processor.py:925} INFO - DAG(s) 'system_dag' retrieved from /opt/airflow/dags/system_dag.py
[2026-03-21T04:29:33.540+0000] {logging_mixin.py:190} INFO - [2026-03-21T04:29:33.540+0000] {dag.py:3239} INFO - Sync 1 DAGs
[2026-03-21T04:29:33.588+0000] {logging_mixin.py:190} INFO - [2026-03-21T04:29:33.588+0000] {dag.py:4180} INFO - Setting next_dagrun for system_dag to 2026-03-20T00:00:00+00:00, run_after=2026-03-21T00:00:00+00:00
[2026-03-21T04:29:33.637+0000] {processor.py:208} INFO - Processing /opt/airflow/dags/system_dag.py took 0.214 seconds
[2026-03-21T04:30:05.930+0000] {processor.py:186} INFO - Started process (PID=64) to work on /opt/airflow/dags/system_dag.py
[2026-03-21T04:30:05.931+0000] {processor.py:914} INFO - Processing file /opt/airflow/dags/system_dag.py for tasks to queue
[2026-03-21T04:30:05.933+0000] {logging_mixin.py:190} INFO - [2026-03-21T04:30:05.933+0000] {dagbag.py:588} INFO - Filling up the DagBag from /opt/airflow/dags/system_dag.py
[2026-03-21T04:30:05.955+0000] {processor.py:925} INFO - DAG(s) 'system_dag' retrieved from /opt/airflow/dags/system_dag.py
[2026-03-21T04:30:05.996+0000] {logging_mixin.py:190} INFO - [2026-03-21T04:30:05.995+0000] {dag.py:3239} INFO - Sync 1 DAGs
[2026-03-21T04:30:06.024+0000] {logging_mixin.py:190} INFO - [2026-03-21T04:30:06.024+0000] {dag.py:4180} INFO - Setting next_dagrun for system_dag to 2026-03-20T00:00:00+00:00, run_after=2026-03-21T00:00:00+00:00
[2026-03-21T04:30:06.058+0000] {processor.py:208} INFO - Processing /opt/airflow/dags/system_dag.py took 0.135 seconds
[2026-03-21T04:30:38.388+0000] {processor.py:186} INFO - Started process (PID=68) to work on /opt/airflow/dags/system_dag.py
[2026-03-21T04:30:38.390+0000] {processor.py:914} INFO - Processing file /opt/airflow/dags/system_dag.py for tasks to queue
[2026-03-21T04:30:38.392+0000] {logging_mixin.py:190} INFO - [2026-03-21T04:30:38.391+0000] {dagbag.py:588} INFO - Filling up the DagBag from /opt/airflow/dags/system_dag.py
[2026-03-21T04:30:38.421+0000] {processor.py:925} INFO - DAG(s) 'system_dag' retrieved from /opt/airflow/dags/system_dag.py
[2026-03-21T04:30:38.491+0000] {logging_mixin.py:190} INFO - [2026-03-21T04:30:38.491+0000] {dag.py:3239} INFO - Sync 1 DAGs
[2026-03-21T04:30:38.538+0000] {logging_mixin.py:190} INFO - [2026-03-21T04:30:38.538+0000] {dag.py:4180} INFO - Setting next_dagrun for system_dag to 2026-03-20T00:00:00+00:00, run_after=2026-03-21T00:00:00+00:00
[2026-03-21T04:30:38.580+0000] {processor.py:208} INFO - Processing /opt/airflow/dags/system_dag.py took 0.205 seconds
[2026-03-21T04:31:11.076+0000] {processor.py:186} INFO - Started process (PID=72) to work on /opt/airflow/dags/system_dag.py
[2026-03-21T04:31:11.077+0000] {processor.py:914} INFO - Processing file /opt/airflow/dags/system_dag.py for tasks to queue
[2026-03-21T04:31:11.079+0000] {logging_mixin.py:190} INFO - [2026-03-21T04:31:11.079+0000] {dagbag.py:588} INFO - Filling up the DagBag from /opt/airflow/dags/system_dag.py
[2026-03-21T04:31:11.115+0000] {processor.py:925} INFO - DAG(s) 'system_dag' retrieved from /opt/airflow/dags/system_dag.py
[2026-03-21T04:31:11.169+0000] {logging_mixin.py:190} INFO - [2026-03-21T04:31:11.169+0000] {dag.py:3239} INFO - Sync 1 DAGs
[2026-03-21T04:31:11.206+0000] {logging_mixin.py:190} INFO - [2026-03-21T04:31:11.206+0000] {dag.py:4180} INFO - Setting next_dagrun for system_dag to 2026-03-20T00:00:00+00:00, run_after=2026-03-21T00:00:00+00:00
[2026-03-21T04:31:11.235+0000] {processor.py:208} INFO - Processing /opt/airflow/dags/system_dag.py took 0.167 seconds
[2026-03-21T04:31:43.705+0000] {processor.py:186} INFO - Started process (PID=76) to work on /opt/airflow/dags/system_dag.py
[2026-03-21T04:31:43.706+0000] {processor.py:914} INFO - Processing file /opt/airflow/dags/system_dag.py for tasks to queue
[2026-03-21T04:31:43.709+0000] {logging_mixin.py:190} INFO - [2026-03-21T04:31:43.709+0000] {dagbag.py:588} INFO - Filling up the DagBag from /opt/airflow/dags/system_dag.py
[2026-03-21T04:31:43.745+0000] {processor.py:925} INFO - DAG(s) 'system_dag' retrieved from /opt/airflow/dags/system_dag.py
[2026-03-21T04:31:43.832+0000] {logging_mixin.py:190} INFO - [2026-03-21T04:31:43.832+0000] {dag.py:3239} INFO - Sync 1 DAGs
[2026-03-21T04:31:43.881+0000] {logging_mixin.py:190} INFO - [2026-03-21T04:31:43.881+0000] {dag.py:4180} INFO - Setting next_dagrun for system_dag to 2026-03-20T00:00:00+00:00, run_after=2026-03-21T00:00:00+00:00
[2026-03-21T04:31:43.923+0000] {processor.py:208} INFO - Processing /opt/airflow/dags/system_dag.py took 0.225 seconds
[2026-03-21T04:32:16.405+0000] {processor.py:186} INFO - Started process (PID=80) to work on /opt/airflow/dags/system_dag.py
[2026-03-21T04:32:16.406+0000] {processor.py:914} INFO - Processing file /opt/airflow/dags/system_dag.py for tasks to queue
[2026-03-21T04:32:16.407+0000] {logging_mixin.py:190} INFO - [2026-03-21T04:32:16.407+0000] {dagbag.py:588} INFO - Filling up the DagBag from /opt/airflow/dags/system_dag.py
[2026-03-21T04:32:16.430+0000] {processor.py:925} INFO - DAG(s) 'system_dag' retrieved from /opt/airflow/dags/system_dag.py
[2026-03-21T04:32:16.476+0000] {logging_mixin.py:190} INFO - [2026-03-21T04:32:16.476+0000] {dag.py:3239} INFO - Sync 1 DAGs
[2026-03-21T04:32:16.516+0000] {logging_mixin.py:190} INFO - [2026-03-21T04:32:16.516+0000] {dag.py:4180} INFO - Setting next_dagrun for system_dag to 2026-03-20T00:00:00+00:00, run_after=2026-03-21T00:00:00+00:00
[2026-03-21T04:32:16.549+0000] {processor.py:208} INFO - Processing /opt/airflow/dags/system_dag.py took 0.150 seconds
[2026-03-21T04:32:49.921+0000] {processor.py:186} INFO - Started process (PID=84) to work on /opt/airflow/dags/system_dag.py
[2026-03-21T04:32:49.922+0000] {processor.py:914} INFO - Processing file /opt/airflow/dags/system_dag.py for tasks to queue
[2026-03-21T04:32:49.924+0000] {logging_mixin.py:190} INFO - [2026-03-21T04:32:49.923+0000] {dagbag.py:588} INFO - Filling up the DagBag from /opt/airflow/dags/system_dag.py
[2026-03-21T04:32:49.956+0000] {processor.py:925} INFO - DAG(s) 'system_dag' retrieved from /opt/airflow/dags/system_dag.py
[2026-03-21T04:32:50.014+0000] {logging_mixin.py:190} INFO - [2026-03-21T04:32:50.014+0000] {dag.py:3239} INFO - Sync 1 DAGs
[2026-03-21T04:32:50.075+0000] {logging_mixin.py:190} INFO - [2026-03-21T04:32:50.075+0000] {dag.py:4180} INFO - Setting next_dagrun for system_dag to 2026-03-20T00:00:00+00:00, run_after=2026-03-21T00:00:00+00:00
[2026-03-21T04:32:50.114+0000] {processor.py:208} INFO - Processing /opt/airflow/dags/system_dag.py took 0.200 seconds
[2026-03-21T04:33:22.418+0000] {processor.py:186} INFO - Started process (PID=88) to work on /opt/airflow/dags/system_dag.py
[2026-03-21T04:33:22.420+0000] {processor.py:914} INFO - Processing file /opt/airflow/dags/system_dag.py for tasks to queue
[2026-03-21T04:33:22.422+0000] {logging_mixin.py:190} INFO - [2026-03-21T04:33:22.421+0000] {dagbag.py:588} INFO - Filling up the DagBag from /opt/airflow/dags/system_dag.py
[2026-03-21T04:33:22.455+0000] {processor.py:925} INFO - DAG(s) 'system_dag' retrieved from /opt/airflow/dags/system_dag.py
[2026-03-21T04:33:22.527+0000] {logging_mixin.py:190} INFO - [2026-03-21T04:33:22.526+0000] {dag.py:3239} INFO - Sync 1 DAGs
[2026-03-21T04:33:22.584+0000] {logging_mixin.py:190} INFO - [2026-03-21T04:33:22.584+0000] {dag.py:4180} INFO - Setting next_dagrun for system_dag to 2026-03-20T00:00:00+00:00, run_after=2026-03-21T00:00:00+00:00
[2026-03-21T04:33:22.629+0000] {processor.py:208} INFO - Processing /opt/airflow/dags/system_dag.py took 0.218 seconds
[2026-03-21T04:33:54.957+0000] {processor.py:186} INFO - Started process (PID=92) to work on /opt/airflow/dags/system_dag.py
[2026-03-21T04:33:54.958+0000] {processor.py:914} INFO - Processing file /opt/airflow/dags/system_dag.py for tasks to queue
[2026-03-21T04:33:54.959+0000] {logging_mixin.py:190} INFO - [2026-03-21T04:33:54.959+0000] {dagbag.py:588} INFO - Filling up the DagBag from /opt/airflow/dags/system_dag.py
[2026-03-21T04:33:54.982+0000] {processor.py:925} INFO - DAG(s) 'system_dag' retrieved from /opt/airflow/dags/system_dag.py
[2026-03-21T04:33:55.025+0000] {logging_mixin.py:190} INFO - [2026-03-21T04:33:55.025+0000] {dag.py:3239} INFO - Sync 1 DAGs
[2026-03-21T04:33:55.062+0000] {logging_mixin.py:190} INFO - [2026-03-21T04:33:55.062+0000] {dag.py:4180} INFO - Setting next_dagrun for system_dag to 2026-03-20T00:00:00+00:00, run_after=2026-03-21T00:00:00+00:00
[2026-03-21T04:33:55.091+0000] {processor.py:208} INFO - Processing /opt/airflow/dags/system_dag.py took 0.140 seconds
[2026-03-21T04:34:27.382+0000] {processor.py:186} INFO - Started process (PID=96) to work on /opt/airflow/dags/system_dag.py
[2026-03-21T04:34:27.383+0000] {processor.py:914} INFO - Processing file /opt/airflow/dags/system_dag.py for tasks to queue
[2026-03-21T04:34:27.384+0000] {logging_mixin.py:190} INFO - [2026-03-21T04:34:27.384+0000] {dagbag.py:588} INFO - Filling up the DagBag from /opt/airflow/dags/system_dag.py
[2026-03-21T04:34:27.407+0000] {processor.py:925} INFO - DAG(s) 'system_dag' retrieved from /opt/airflow/dags/system_dag.py
[2026-03-21T04:34:27.461+0000] {logging_mixin.py:190} INFO - [2026-03-21T04:34:27.460+0000] {dag.py:3239} INFO - Sync 1 DAGs
[2026-03-21T04:34:27.500+0000] {logging_mixin.py:190} INFO - [2026-03-21T04:34:27.500+0000] {dag.py:4180} INFO - Setting next_dagrun for system_dag to 2026-03-20T00:00:00+00:00, run_after=2026-03-21T00:00:00+00:00
[2026-03-21T04:34:27.528+0000] {processor.py:208} INFO - Processing /opt/airflow/dags/system_dag.py took 0.155 seconds
[2026-03-21T04:35:00.074+0000] {processor.py:186} INFO - Started process (PID=100) to work on /opt/airflow/dags/system_dag.py
[2026-03-21T04:35:00.076+0000] {processor.py:914} INFO - Processing file /opt/airflow/dags/system_dag.py for tasks to queue
[2026-03-21T04:35:00.079+0000] {logging_mixin.py:190} INFO - [2026-03-21T04:35:00.078+0000] {dagbag.py:588} INFO - Filling up the DagBag from /opt/airflow/dags/system_dag.py
[2026-03-21T04:35:00.110+0000] {processor.py:925} INFO - DAG(s) 'system_dag' retrieved from /opt/airflow/dags/system_dag.py
[2026-03-21T04:35:00.170+0000] {logging_mixin.py:190} INFO - [2026-03-21T04:35:00.170+0000] {dag.py:3239} INFO - Sync 1 DAGs
[2026-03-21T04:35:00.218+0000] {logging_mixin.py:190} INFO - [2026-03-21T04:35:00.218+0000] {dag.py:4180} INFO - Setting next_dagrun for system_dag to 2026-03-20T00:00:00+00:00, run_after=2026-03-21T00:00:00+00:00
[2026-03-21T04:35:00.254+0000] {processor.py:208} INFO - Processing /opt/airflow/dags/system_dag.py took 0.193 seconds
[2026-03-21T04:35:32.795+0000] {processor.py:186} INFO - Started process (PID=104) to work on /opt/airflow/dags/system_dag.py
[2026-03-21T04:35:32.796+0000] {processor.py:914} INFO - Processing file /opt/airflow/dags/system_dag.py for tasks to queue
[2026-03-21T04:35:32.799+0000] {logging_mixin.py:190} INFO - [2026-03-21T04:35:32.798+0000] {dagbag.py:588} INFO - Filling up the DagBag from /opt/airflow/dags/system_dag.py
[2026-03-21T04:35:32.829+0000] {processor.py:925} INFO - DAG(s) 'system_dag' retrieved from /opt/airflow/dags/system_dag.py
[2026-03-21T04:35:32.888+0000] {logging_mixin.py:190} INFO - [2026-03-21T04:35:32.888+0000] {dag.py:3239} INFO - Sync 1 DAGs
[2026-03-21T04:35:32.941+0000] {logging_mixin.py:190} INFO - [2026-03-21T04:35:32.941+0000] {dag.py:4180} INFO - Setting next_dagrun for system_dag to 2026-03-20T00:00:00+00:00, run_after=2026-03-21T00:00:00+00:00
[2026-03-21T04:35:32.980+0000] {processor.py:208} INFO - Processing /opt/airflow/dags/system_dag.py took 0.193 seconds
[2026-03-21T04:36:06.309+0000] {processor.py:186} INFO - Started process (PID=108) to work on /opt/airflow/dags/system_dag.py
[2026-03-21T04:36:06.310+0000] {processor.py:914} INFO - Processing file /opt/airflow/dags/system_dag.py for tasks to queue
[2026-03-21T04:36:06.311+0000] {logging_mixin.py:190} INFO - [2026-03-21T04:36:06.311+0000] {dagbag.py:588} INFO - Filling up the DagBag from /opt/airflow/dags/system_dag.py
[2026-03-21T04:36:06.333+0000] {processor.py:925} INFO - DAG(s) 'system_dag' retrieved from /opt/airflow/dags/system_dag.py
[2026-03-21T04:36:06.368+0000] {logging_mixin.py:190} INFO - [2026-03-21T04:36:06.368+0000] {dag.py:3239} INFO - Sync 1 DAGs
[2026-03-21T04:36:06.395+0000] {logging_mixin.py:190} INFO - [2026-03-21T04:36:06.395+0000] {dag.py:4180} INFO - Setting next_dagrun for system_dag to 2026-03-20T00:00:00+00:00, run_after=2026-03-21T00:00:00+00:00
[2026-03-21T04:36:06.416+0000] {processor.py:208} INFO - Processing /opt/airflow/dags/system_dag.py took 0.115 seconds
[2026-03-21T04:36:38.703+0000] {processor.py:186} INFO - Started process (PID=112) to work on /opt/airflow/dags/system_dag.py
[2026-03-21T04:36:38.704+0000] {processor.py:914} INFO - Processing file /opt/airflow/dags/system_dag.py for tasks to queue
[2026-03-21T04:36:38.707+0000] {logging_mixin.py:190} INFO - [2026-03-21T04:36:38.706+0000] {dagbag.py:588} INFO - Filling up the DagBag from /opt/airflow/dags/system_dag.py
[2026-03-21T04:36:38.733+0000] {processor.py:925} INFO - DAG(s) 'system_dag' retrieved from /opt/airflow/dags/system_dag.py
[2026-03-21T04:36:38.777+0000] {logging_mixin.py:190} INFO - [2026-03-21T04:36:38.777+0000] {dag.py:3239} INFO - Sync 1 DAGs
[2026-03-21T04:36:38.814+0000] {logging_mixin.py:190} INFO - [2026-03-21T04:36:38.814+0000] {dag.py:4180} INFO - Setting next_dagrun for system_dag to 2026-03-20T00:00:00+00:00, run_after=2026-03-21T00:00:00+00:00
[2026-03-21T04:36:38.849+0000] {processor.py:208} INFO - Processing /opt/airflow/dags/system_dag.py took 0.155 seconds
[2026-03-21T04:37:11.431+0000] {processor.py:186} INFO - Started process (PID=116) to work on /opt/airflow/dags/system_dag.py
[2026-03-21T04:37:11.431+0000] {processor.py:914} INFO - Processing file /opt/airflow/dags/system_dag.py for tasks to queue
[2026-03-21T04:37:11.434+0000] {logging_mixin.py:190} INFO - [2026-03-21T04:37:11.433+0000] {dagbag.py:588} INFO - Filling up the DagBag from /opt/airflow/dags/system_dag.py
[2026-03-21T04:37:11.461+0000] {processor.py:925} INFO - DAG(s) 'system_dag' retrieved from /opt/airflow/dags/system_dag.py
[2026-03-21T04:37:11.521+0000] {logging_mixin.py:190} INFO - [2026-03-21T04:37:11.521+0000] {dag.py:3239} INFO - Sync 1 DAGs
[2026-03-21T04:37:11.573+0000] {logging_mixin.py:190} INFO - [2026-03-21T04:37:11.573+0000] {dag.py:4180} INFO - Setting next_dagrun for system_dag to 2026-03-20T00:00:00+00:00, run_after=2026-03-21T00:00:00+00:00
[2026-03-21T04:37:11.609+0000] {processor.py:208} INFO - Processing /opt/airflow/dags/system_dag.py took 0.187 seconds
[2026-03-21T04:37:43.887+0000] {processor.py:186} INFO - Started process (PID=120) to work on /opt/airflow/dags/system_dag.py
[2026-03-21T04:37:43.889+0000] {processor.py:914} INFO - Processing file /opt/airflow/dags/system_dag.py for tasks to queue
[2026-03-21T04:37:43.891+0000] {logging_mixin.py:190} INFO - [2026-03-21T04:37:43.891+0000] {dagbag.py:588} INFO - Filling up the DagBag from /opt/airflow/dags/system_dag.py
[2026-03-21T04:37:43.923+0000] {processor.py:925} INFO - DAG(s) 'system_dag' retrieved from /opt/airflow/dags/system_dag.py
[2026-03-21T04:37:43.985+0000] {logging_mixin.py:190} INFO - [2026-03-21T04:37:43.985+0000] {dag.py:3239} INFO - Sync 1 DAGs
[2026-03-21T04:37:44.039+0000] {logging_mixin.py:190} INFO - [2026-03-21T04:37:44.039+0000] {dag.py:4180} INFO - Setting next_dagrun for system_dag to 2026-03-20T00:00:00+00:00, run_after=2026-03-21T00:00:00+00:00
[2026-03-21T04:37:44.083+0000] {processor.py:208} INFO - Processing /opt/airflow/dags/system_dag.py took 0.204 seconds
[2026-03-21T04:38:16.374+0000] {processor.py:186} INFO - Started process (PID=124) to work on /opt/airflow/dags/system_dag.py
[2026-03-21T04:38:16.375+0000] {processor.py:914} INFO - Processing file /opt/airflow/dags/system_dag.py for tasks to queue
[2026-03-21T04:38:16.377+0000] {logging_mixin.py:190} INFO - [2026-03-21T04:38:16.376+0000] {dagbag.py:588} INFO - Filling up the DagBag from /opt/airflow/dags/system_dag.py
[2026-03-21T04:38:16.407+0000] {processor.py:925} INFO - DAG(s) 'system_dag' retrieved from /opt/airflow/dags/system_dag.py
[2026-03-21T04:38:16.466+0000] {logging_mixin.py:190} INFO - [2026-03-21T04:38:16.466+0000] {dag.py:3239} INFO - Sync 1 DAGs
[2026-03-21T04:38:16.507+0000] {logging_mixin.py:190} INFO - [2026-03-21T04:38:16.506+0000] {dag.py:4180} INFO - Setting next_dagrun for system_dag to 2026-03-20T00:00:00+00:00, run_after=2026-03-21T00:00:00+00:00
[2026-03-21T04:38:16.535+0000] {processor.py:208} INFO - Processing /opt/airflow/dags/system_dag.py took 0.169 seconds
[2026-03-21T04:38:48.949+0000] {processor.py:186} INFO - Started process (PID=128) to work on /opt/airflow/dags/system_dag.py
[2026-03-21T04:38:48.950+0000] {processor.py:914} INFO - Processing file /opt/airflow/dags/system_dag.py for tasks to queue
[2026-03-21T04:38:48.952+0000] {logging_mixin.py:190} INFO - [2026-03-21T04:38:48.952+0000] {dagbag.py:588} INFO - Filling up the DagBag from /opt/airflow/dags/system_dag.py
[2026-03-21T04:38:48.972+0000] {processor.py:925} INFO - DAG(s) 'system_dag' retrieved from /opt/airflow/dags/system_dag.py
[2026-03-21T04:38:49.007+0000] {logging_mixin.py:190} INFO - [2026-03-21T04:38:49.007+0000] {dag.py:3239} INFO - Sync 1 DAGs
[2026-03-21T04:38:49.042+0000] {logging_mixin.py:190} INFO - [2026-03-21T04:38:49.042+0000] {dag.py:4180} INFO - Setting next_dagrun for system_dag to 2026-03-20T00:00:00+00:00, run_after=2026-03-21T00:00:00+00:00
[2026-03-21T04:38:49.078+0000] {processor.py:208} INFO - Processing /opt/airflow/dags/system_dag.py took 0.135 seconds
[2026-03-21T04:39:22.450+0000] {processor.py:186} INFO - Started process (PID=132) to work on /opt/airflow/dags/system_dag.py
[2026-03-21T04:39:22.451+0000] {processor.py:914} INFO - Processing file /opt/airflow/dags/system_dag.py for tasks to queue
[2026-03-21T04:39:22.453+0000] {logging_mixin.py:190} INFO - [2026-03-21T04:39:22.453+0000] {dagbag.py:588} INFO - Filling up the DagBag from /opt/airflow/dags/system_dag.py
[2026-03-21T04:39:22.482+0000] {processor.py:925} INFO - DAG(s) 'system_dag' retrieved from /opt/airflow/dags/system_dag.py
[2026-03-21T04:39:22.531+0000] {logging_mixin.py:190} INFO - [2026-03-21T04:39:22.531+0000] {dag.py:3239} INFO - Sync 1 DAGs
[2026-03-21T04:39:22.577+0000] {logging_mixin.py:190} INFO - [2026-03-21T04:39:22.576+0000] {dag.py:4180} INFO - Setting next_dagrun for system_dag to 2026-03-20T00:00:00+00:00, run_after=2026-03-21T00:00:00+00:00
[2026-03-21T04:39:22.613+0000] {processor.py:208} INFO - Processing /opt/airflow/dags/system_dag.py took 0.174 seconds
[2026-03-21T04:39:54.945+0000] {processor.py:186} INFO - Started process (PID=136) to work on /opt/airflow/dags/system_dag.py
[2026-03-21T04:39:54.946+0000] {processor.py:914} INFO - Processing file /opt/airflow/dags/system_dag.py for tasks to queue
[2026-03-21T04:39:54.948+0000] {logging_mixin.py:190} INFO - [2026-03-21T04:39:54.947+0000] {dagbag.py:588} INFO - Filling up the DagBag from /opt/airflow/dags/system_dag.py
[2026-03-21T04:39:54.968+0000] {processor.py:925} INFO - DAG(s) 'system_dag' retrieved from /opt/airflow/dags/system_dag.py
[2026-03-21T04:39:55.006+0000] {logging_mixin.py:190} INFO - [2026-03-21T04:39:55.006+0000] {dag.py:3239} INFO - Sync 1 DAGs
[2026-03-21T04:39:55.039+0000] {logging_mixin.py:190} INFO - [2026-03-21T04:39:55.038+0000] {dag.py:4180} INFO - Setting next_dagrun for system_dag to 2026-03-20T00:00:00+00:00, run_after=2026-03-21T00:00:00+00:00
[2026-03-21T04:39:55.062+0000] {processor.py:208} INFO - Processing /opt/airflow/dags/system_dag.py took 0.124 seconds
[2026-03-21T04:40:27.362+0000] {processor.py:186} INFO - Started process (PID=140) to work on /opt/airflow/dags/system_dag.py
[2026-03-21T04:40:27.363+0000] {processor.py:914} INFO - Processing file /opt/airflow/dags/system_dag.py for tasks to queue
[2026-03-21T04:40:27.365+0000] {logging_mixin.py:190} INFO - [2026-03-21T04:40:27.364+0000] {dagbag.py:588} INFO - Filling up the DagBag from /opt/airflow/dags/system_dag.py
[2026-03-21T04:40:27.390+0000] {processor.py:925} INFO - DAG(s) 'system_dag' retrieved from /opt/airflow/dags/system_dag.py
[2026-03-21T04:40:27.440+0000] {logging_mixin.py:190} INFO - [2026-03-21T04:40:27.440+0000] {dag.py:3239} INFO - Sync 1 DAGs
[2026-03-21T04:40:27.478+0000] {logging_mixin.py:190} INFO - [2026-03-21T04:40:27.477+0000] {dag.py:4180} INFO - Setting next_dagrun for system_dag to 2026-03-20T00:00:00+00:00, run_after=2026-03-21T00:00:00+00:00
[2026-03-21T04:40:27.510+0000] {processor.py:208} INFO - Processing /opt/airflow/dags/system_dag.py took 0.159 seconds
[2026-03-21T04:41:00.825+0000] {processor.py:186} INFO - Started process (PID=144) to work on /opt/airflow/dags/system_dag.py
[2026-03-21T04:41:00.827+0000] {processor.py:914} INFO - Processing file /opt/airflow/dags/system_dag.py for tasks to queue
[2026-03-21T04:41:00.834+0000] {logging_mixin.py:190} INFO - [2026-03-21T04:41:00.834+0000] {dagbag.py:588} INFO - Filling up the DagBag from /opt/airflow/dags/system_dag.py
[2026-03-21T04:41:00.879+0000] {processor.py:925} INFO - DAG(s) 'system_dag' retrieved from /opt/airflow/dags/system_dag.py
[2026-03-21T04:41:00.949+0000] {logging_mixin.py:190} INFO - [2026-03-21T04:41:00.948+0000] {dag.py:3239} INFO - Sync 1 DAGs
[2026-03-21T04:41:00.993+0000] {logging_mixin.py:190} INFO - [2026-03-21T04:41:00.993+0000] {dag.py:4180} INFO - Setting next_dagrun for system_dag to 2026-03-20T00:00:00+00:00, run_after=2026-03-21T00:00:00+00:00
[2026-03-21T04:41:01.039+0000] {processor.py:208} INFO - Processing /opt/airflow/dags/system_dag.py took 0.223 seconds
[2026-03-21T04:41:32.939+0000] {processor.py:186} INFO - Started process (PID=148) to work on /opt/airflow/dags/system_dag.py
[2026-03-21T04:41:32.940+0000] {processor.py:914} INFO - Processing file /opt/airflow/dags/system_dag.py for tasks to queue
[2026-03-21T04:41:32.941+0000] {logging_mixin.py:190} INFO - [2026-03-21T04:41:32.941+0000] {dagbag.py:588} INFO - Filling up the DagBag from /opt/airflow/dags/system_dag.py
[2026-03-21T04:41:32.965+0000] {processor.py:925} INFO - DAG(s) 'system_dag' retrieved from /opt/airflow/dags/system_dag.py
[2026-03-21T04:41:33.015+0000] {logging_mixin.py:190} INFO - [2026-03-21T04:41:33.015+0000] {dag.py:3239} INFO - Sync 1 DAGs
[2026-03-21T04:41:33.052+0000] {logging_mixin.py:190} INFO - [2026-03-21T04:41:33.051+0000] {dag.py:4180} INFO - Setting next_dagrun for system_dag to 2026-03-20T00:00:00+00:00, run_after=2026-03-21T00:00:00+00:00
[2026-03-21T04:41:33.083+0000] {processor.py:208} INFO - Processing /opt/airflow/dags/system_dag.py took 0.152 seconds
[2026-03-21T04:42:05.666+0000] {processor.py:186} INFO - Started process (PID=152) to work on /opt/airflow/dags/system_dag.py
[2026-03-21T04:42:05.667+0000] {processor.py:914} INFO - Processing file /opt/airflow/dags/system_dag.py for tasks to queue
[2026-03-21T04:42:05.670+0000] {logging_mixin.py:190} INFO - [2026-03-21T04:42:05.670+0000] {dagbag.py:588} INFO - Filling up the DagBag from /opt/airflow/dags/system_dag.py
[2026-03-21T04:42:05.696+0000] {processor.py:925} INFO - DAG(s) 'system_dag' retrieved from /opt/airflow/dags/system_dag.py
[2026-03-21T04:42:05.774+0000] {logging_mixin.py:190} INFO - [2026-03-21T04:42:05.773+0000] {dag.py:3239} INFO - Sync 1 DAGs
[2026-03-21T04:42:05.872+0000] {logging_mixin.py:190} INFO - [2026-03-21T04:42:05.872+0000] {dag.py:4180} INFO - Setting next_dagrun for system_dag to 2026-03-20T00:00:00+00:00, run_after=2026-03-21T00:00:00+00:00
[2026-03-21T04:42:05.945+0000] {processor.py:208} INFO - Processing /opt/airflow/dags/system_dag.py took 0.288 seconds
[2026-03-21T04:42:38.474+0000] {processor.py:186} INFO - Started process (PID=156) to work on /opt/airflow/dags/system_dag.py
[2026-03-21T04:42:38.475+0000] {processor.py:914} INFO - Processing file /opt/airflow/dags/system_dag.py for tasks to queue
[2026-03-21T04:42:38.478+0000] {logging_mixin.py:190} INFO - [2026-03-21T04:42:38.478+0000] {dagbag.py:588} INFO - Filling up the DagBag from /opt/airflow/dags/system_dag.py
[2026-03-21T04:42:38.513+0000] {processor.py:925} INFO - DAG(s) 'system_dag' retrieved from /opt/airflow/dags/system_dag.py
[2026-03-21T04:42:38.578+0000] {logging_mixin.py:190} INFO - [2026-03-21T04:42:38.577+0000] {dag.py:3239} INFO - Sync 1 DAGs
[2026-03-21T04:42:38.636+0000] {logging_mixin.py:190} INFO - [2026-03-21T04:42:38.636+0000] {dag.py:4180} INFO - Setting next_dagrun for system_dag to 2026-03-20T00:00:00+00:00, run_after=2026-03-21T00:00:00+00:00
[2026-03-21T04:42:38.677+0000] {processor.py:208} INFO - Processing /opt/airflow/dags/system_dag.py took 0.212 seconds
[2026-03-21T04:43:11.118+0000] {processor.py:186} INFO - Started process (PID=160) to work on /opt/airflow/dags/system_dag.py
[2026-03-21T04:43:11.119+0000] {processor.py:914} INFO - Processing file /opt/airflow/dags/system_dag.py for tasks to queue
[2026-03-21T04:43:11.121+0000] {logging_mixin.py:190} INFO - [2026-03-21T04:43:11.121+0000] {dagbag.py:588} INFO - Filling up the DagBag from /opt/airflow/dags/system_dag.py
[2026-03-21T04:43:11.147+0000] {processor.py:925} INFO - DAG(s) 'system_dag' retrieved from /opt/airflow/dags/system_dag.py
[2026-03-21T04:43:11.238+0000] {logging_mixin.py:190} INFO - [2026-03-21T04:43:11.238+0000] {dag.py:3239} INFO - Sync 1 DAGs
[2026-03-21T04:43:11.332+0000] {logging_mixin.py:190} INFO - [2026-03-21T04:43:11.332+0000] {dag.py:4180} INFO - Setting next_dagrun for system_dag to 2026-03-20T00:00:00+00:00, run_after=2026-03-21T00:00:00+00:00
[2026-03-21T04:43:11.400+0000] {processor.py:208} INFO - Processing /opt/airflow/dags/system_dag.py took 0.290 seconds
[2026-03-21T04:43:43.712+0000] {processor.py:186} INFO - Started process (PID=164) to work on /opt/airflow/dags/system_dag.py
[2026-03-21T04:43:43.713+0000] {processor.py:914} INFO - Processing file /opt/airflow/dags/system_dag.py for tasks to queue
[2026-03-21T04:43:43.716+0000] {logging_mixin.py:190} INFO - [2026-03-21T04:43:43.715+0000] {dagbag.py:588} INFO - Filling up the DagBag from /opt/airflow/dags/system_dag.py
[2026-03-21T04:43:43.748+0000] {processor.py:925} INFO - DAG(s) 'system_dag' retrieved from /opt/airflow/dags/system_dag.py
[2026-03-21T04:43:43.807+0000] {logging_mixin.py:190} INFO - [2026-03-21T04:43:43.807+0000] {dag.py:3239} INFO - Sync 1 DAGs
[2026-03-21T04:43:43.842+0000] {logging_mixin.py:190} INFO - [2026-03-21T04:43:43.842+0000] {dag.py:4180} INFO - Setting next_dagrun for system_dag to 2026-03-20T00:00:00+00:00, run_after=2026-03-21T00:00:00+00:00
[2026-03-21T04:43:43.866+0000] {processor.py:208} INFO - Processing /opt/airflow/dags/system_dag.py took 0.162 seconds
[2026-03-21T04:44:16.465+0000] {processor.py:186} INFO - Started process (PID=168) to work on /opt/airflow/dags/system_dag.py
[2026-03-21T04:44:16.466+0000] {processor.py:914} INFO - Processing file /opt/airflow/dags/system_dag.py for tasks to queue
[2026-03-21T04:44:16.468+0000] {logging_mixin.py:190} INFO - [2026-03-21T04:44:16.468+0000] {dagbag.py:588} INFO - Filling up the DagBag from /opt/airflow/dags/system_dag.py
[2026-03-21T04:44:16.494+0000] {processor.py:925} INFO - DAG(s) 'system_dag' retrieved from /opt/airflow/dags/system_dag.py
[2026-03-21T04:44:16.556+0000] {logging_mixin.py:190} INFO - [2026-03-21T04:44:16.556+0000] {dag.py:3239} INFO - Sync 1 DAGs
[2026-03-21T04:44:16.608+0000] {logging_mixin.py:190} INFO - [2026-03-21T04:44:16.607+0000] {dag.py:4180} INFO - Setting next_dagrun for system_dag to 2026-03-20T00:00:00+00:00, run_after=2026-03-21T00:00:00+00:00
[2026-03-21T04:44:16.656+0000] {processor.py:208} INFO - Processing /opt/airflow/dags/system_dag.py took 0.200 seconds
[2026-03-21T04:44:49.124+0000] {processor.py:186} INFO - Started process (PID=172) to work on /opt/airflow/dags/system_dag.py
[2026-03-21T04:44:49.125+0000] {processor.py:914} INFO - Processing file /opt/airflow/dags/system_dag.py for tasks to queue
[2026-03-21T04:44:49.127+0000] {logging_mixin.py:190} INFO - [2026-03-21T04:44:49.126+0000] {dagbag.py:588} INFO - Filling up the DagBag from /opt/airflow/dags/system_dag.py
[2026-03-21T04:44:49.147+0000] {processor.py:925} INFO - DAG(s) 'system_dag' retrieved from /opt/airflow/dags/system_dag.py
[2026-03-21T04:44:49.192+0000] {logging_mixin.py:190} INFO - [2026-03-21T04:44:49.191+0000] {dag.py:3239} INFO - Sync 1 DAGs
[2026-03-21T04:44:49.226+0000] {logging_mixin.py:190} INFO - [2026-03-21T04:44:49.225+0000] {dag.py:4180} INFO - Setting next_dagrun for system_dag to 2026-03-20T00:00:00+00:00, run_after=2026-03-21T00:00:00+00:00
[2026-03-21T04:44:49.263+0000] {processor.py:208} INFO - Processing /opt/airflow/dags/system_dag.py took 0.147 seconds
[2026-03-21T04:45:21.940+0000] {processor.py:186} INFO - Started process (PID=176) to work on /opt/airflow/dags/system_dag.py
[2026-03-21T04:45:21.942+0000] {processor.py:914} INFO - Processing file /opt/airflow/dags/system_dag.py for tasks to queue
[2026-03-21T04:45:21.944+0000] {logging_mixin.py:190} INFO - [2026-03-21T04:45:21.943+0000] {dagbag.py:588} INFO - Filling up the DagBag from /opt/airflow/dags/system_dag.py
[2026-03-21T04:45:21.969+0000] {processor.py:925} INFO - DAG(s) 'system_dag' retrieved from /opt/airflow/dags/system_dag.py
[2026-03-21T04:45:22.014+0000] {logging_mixin.py:190} INFO - [2026-03-21T04:45:22.014+0000] {dag.py:3239} INFO - Sync 1 DAGs
[2026-03-21T04:45:22.051+0000] {logging_mixin.py:190} INFO - [2026-03-21T04:45:22.050+0000] {dag.py:4180} INFO - Setting next_dagrun for system_dag to 2026-03-20T00:00:00+00:00, run_after=2026-03-21T00:00:00+00:00
[2026-03-21T04:45:22.083+0000] {processor.py:208} INFO - Processing /opt/airflow/dags/system_dag.py took 0.150 seconds
[2026-03-21T04:45:55.299+0000] {processor.py:186} INFO - Started process (PID=180) to work on /opt/airflow/dags/system_dag.py
[2026-03-21T04:45:55.300+0000] {processor.py:914} INFO - Processing file /opt/airflow/dags/system_dag.py for tasks to queue
[2026-03-21T04:45:55.302+0000] {logging_mixin.py:190} INFO - [2026-03-21T04:45:55.302+0000] {dagbag.py:588} INFO - Filling up the DagBag from /opt/airflow/dags/system_dag.py
[2026-03-21T04:45:55.328+0000] {processor.py:925} INFO - DAG(s) 'system_dag' retrieved from /opt/airflow/dags/system_dag.py
[2026-03-21T04:45:55.378+0000] {logging_mixin.py:190} INFO - [2026-03-21T04:45:55.378+0000] {dag.py:3239} INFO - Sync 1 DAGs
[2026-03-21T04:45:55.427+0000] {logging_mixin.py:190} INFO - [2026-03-21T04:45:55.427+0000] {dag.py:4180} INFO - Setting next_dagrun for system_dag to 2026-03-20T00:00:00+00:00, run_after=2026-03-21T00:00:00+00:00
[2026-03-21T04:45:55.472+0000] {processor.py:208} INFO - Processing /opt/airflow/dags/system_dag.py took 0.181 seconds
[2026-03-21T04:46:27.923+0000] {processor.py:186} INFO - Started process (PID=184) to work on /opt/airflow/dags/system_dag.py
[2026-03-21T04:46:27.923+0000] {processor.py:914} INFO - Processing file /opt/airflow/dags/system_dag.py for tasks to queue
[2026-03-21T04:46:27.925+0000] {logging_mixin.py:190} INFO - [2026-03-21T04:46:27.925+0000] {dagbag.py:588} INFO - Filling up the DagBag from /opt/airflow/dags/system_dag.py
[2026-03-21T04:46:27.959+0000] {processor.py:925} INFO - DAG(s) 'system_dag' retrieved from /opt/airflow/dags/system_dag.py
[2026-03-21T04:46:28.032+0000] {logging_mixin.py:190} INFO - [2026-03-21T04:46:28.032+0000] {dag.py:3239} INFO - Sync 1 DAGs
[2026-03-21T04:46:28.091+0000] {logging_mixin.py:190} INFO - [2026-03-21T04:46:28.091+0000] {dag.py:4180} INFO - Setting next_dagrun for system_dag to 2026-03-20T00:00:00+00:00, run_after=2026-03-21T00:00:00+00:00
[2026-03-21T04:46:28.134+0000] {processor.py:208} INFO - Processing /opt/airflow/dags/system_dag.py took 0.222 seconds
[2026-03-21T04:47:00.488+0000] {processor.py:186} INFO - Started process (PID=188) to work on /opt/airflow/dags/system_dag.py
[2026-03-21T04:47:00.489+0000] {processor.py:914} INFO - Processing file /opt/airflow/dags/system_dag.py for tasks to queue
[2026-03-21T04:47:00.491+0000] {logging_mixin.py:190} INFO - [2026-03-21T04:47:00.491+0000] {dagbag.py:588} INFO - Filling up the DagBag from /opt/airflow/dags/system_dag.py
[2026-03-21T04:47:00.515+0000] {processor.py:925} INFO - DAG(s) 'system_dag' retrieved from /opt/airflow/dags/system_dag.py
[2026-03-21T04:47:00.552+0000] {logging_mixin.py:190} INFO - [2026-03-21T04:47:00.552+0000] {dag.py:3239} INFO - Sync 1 DAGs
[2026-03-21T04:47:00.585+0000] {logging_mixin.py:190} INFO - [2026-03-21T04:47:00.585+0000] {dag.py:4180} INFO - Setting next_dagrun for system_dag to 2026-03-20T00:00:00+00:00, run_after=2026-03-21T00:00:00+00:00
[2026-03-21T04:47:00.607+0000] {processor.py:208} INFO - Processing /opt/airflow/dags/system_dag.py took 0.128 seconds
[2026-03-21T04:47:32.824+0000] {processor.py:186} INFO - Started process (PID=192) to work on /opt/airflow/dags/system_dag.py
[2026-03-21T04:47:32.825+0000] {processor.py:914} INFO - Processing file /opt/airflow/dags/system_dag.py for tasks to queue
[2026-03-21T04:47:32.826+0000] {logging_mixin.py:190} INFO - [2026-03-21T04:47:32.826+0000] {dagbag.py:588} INFO - Filling up the DagBag from /opt/airflow/dags/system_dag.py
[2026-03-21T04:47:32.846+0000] {processor.py:925} INFO - DAG(s) 'system_dag' retrieved from /opt/airflow/dags/system_dag.py
[2026-03-21T04:47:32.890+0000] {logging_mixin.py:190} INFO - [2026-03-21T04:47:32.890+0000] {dag.py:3239} INFO - Sync 1 DAGs
[2026-03-21T04:47:32.921+0000] {logging_mixin.py:190} INFO - [2026-03-21T04:47:32.921+0000] {dag.py:4180} INFO - Setting next_dagrun for system_dag to 2026-03-20T00:00:00+00:00, run_after=2026-03-21T00:00:00+00:00
[2026-03-21T04:47:32.943+0000] {processor.py:208} INFO - Processing /opt/airflow/dags/system_dag.py took 0.125 seconds
[2026-03-21T04:48:06.318+0000] {processor.py:186} INFO - Started process (PID=196) to work on /opt/airflow/dags/system_dag.py
[2026-03-21T04:48:06.319+0000] {processor.py:914} INFO - Processing file /opt/airflow/dags/system_dag.py for tasks to queue
[2026-03-21T04:48:06.320+0000] {logging_mixin.py:190} INFO - [2026-03-21T04:48:06.320+0000] {dagbag.py:588} INFO - Filling up the DagBag from /opt/airflow/dags/system_dag.py
[2026-03-21T04:48:06.343+0000] {processor.py:925} INFO - DAG(s) 'system_dag' retrieved from /opt/airflow/dags/system_dag.py
[2026-03-21T04:48:06.400+0000] {logging_mixin.py:190} INFO - [2026-03-21T04:48:06.400+0000] {dag.py:3239} INFO - Sync 1 DAGs
[2026-03-21T04:48:06.446+0000] {logging_mixin.py:190} INFO - [2026-03-21T04:48:06.445+0000] {dag.py:4180} INFO - Setting next_dagrun for system_dag to 2026-03-20T00:00:00+00:00, run_after=2026-03-21T00:00:00+00:00
[2026-03-21T04:48:06.482+0000] {processor.py:208} INFO - Processing /opt/airflow/dags/system_dag.py took 0.173 seconds
[2026-03-21T04:48:38.806+0000] {processor.py:186} INFO - Started process (PID=200) to work on /opt/airflow/dags/system_dag.py
[2026-03-21T04:48:38.807+0000] {processor.py:914} INFO - Processing file /opt/airflow/dags/system_dag.py for tasks to queue
[2026-03-21T04:48:38.809+0000] {logging_mixin.py:190} INFO - [2026-03-21T04:48:38.808+0000] {dagbag.py:588} INFO - Filling up the DagBag from /opt/airflow/dags/system_dag.py
[2026-03-21T04:48:38.842+0000] {processor.py:925} INFO - DAG(s) 'system_dag' retrieved from /opt/airflow/dags/system_dag.py
[2026-03-21T04:48:38.911+0000] {logging_mixin.py:190} INFO - [2026-03-21T04:48:38.910+0000] {dag.py:3239} INFO - Sync 1 DAGs
[2026-03-21T04:48:38.967+0000] {logging_mixin.py:190} INFO - [2026-03-21T04:48:38.966+0000] {dag.py:4180} INFO - Setting next_dagrun for system_dag to 2026-03-20T00:00:00+00:00, run_after=2026-03-21T00:00:00+00:00
[2026-03-21T04:48:39.004+0000] {processor.py:208} INFO - Processing /opt/airflow/dags/system_dag.py took 0.210 seconds
[2026-03-21T04:49:11.225+0000] {processor.py:186} INFO - Started process (PID=204) to work on /opt/airflow/dags/system_dag.py
[2026-03-21T04:49:11.226+0000] {processor.py:914} INFO - Processing file /opt/airflow/dags/system_dag.py for tasks to queue
[2026-03-21T04:49:11.228+0000] {logging_mixin.py:190} INFO - [2026-03-21T04:49:11.227+0000] {dagbag.py:588} INFO - Filling up the DagBag from /opt/airflow/dags/system_dag.py
[2026-03-21T04:49:11.246+0000] {processor.py:925} INFO - DAG(s) 'system_dag' retrieved from /opt/airflow/dags/system_dag.py
[2026-03-21T04:49:11.284+0000] {logging_mixin.py:190} INFO - [2026-03-21T04:49:11.284+0000] {dag.py:3239} INFO - Sync 1 DAGs
[2026-03-21T04:49:11.316+0000] {logging_mixin.py:190} INFO - [2026-03-21T04:49:11.316+0000] {dag.py:4180} INFO - Setting next_dagrun for system_dag to 2026-03-20T00:00:00+00:00, run_after=2026-03-21T00:00:00+00:00
[2026-03-21T04:49:11.340+0000] {processor.py:208} INFO - Processing /opt/airflow/dags/system_dag.py took 0.121 seconds
[2026-03-21T04:49:43.662+0000] {processor.py:186} INFO - Started process (PID=208) to work on /opt/airflow/dags/system_dag.py
[2026-03-21T04:49:43.663+0000] {processor.py:914} INFO - Processing file /opt/airflow/dags/system_dag.py for tasks to queue
[2026-03-21T04:49:43.665+0000] {logging_mixin.py:190} INFO - [2026-03-21T04:49:43.665+0000] {dagbag.py:588} INFO - Filling up the DagBag from /opt/airflow/dags/system_dag.py
[2026-03-21T04:49:43.685+0000] {processor.py:925} INFO - DAG(s) 'system_dag' retrieved from /opt/airflow/dags/system_dag.py
[2026-03-21T04:49:43.720+0000] {logging_mixin.py:190} INFO - [2026-03-21T04:49:43.719+0000] {dag.py:3239} INFO - Sync 1 DAGs
[2026-03-21T04:49:43.744+0000] {logging_mixin.py:190} INFO - [2026-03-21T04:49:43.744+0000] {dag.py:4180} INFO - Setting next_dagrun for system_dag to 2026-03-20T00:00:00+00:00, run_after=2026-03-21T00:00:00+00:00
[2026-03-21T04:49:43.764+0000] {processor.py:208} INFO - Processing /opt/airflow/dags/system_dag.py took 0.108 seconds
[2026-03-21T04:50:17.038+0000] {processor.py:186} INFO - Started process (PID=212) to work on /opt/airflow/dags/system_dag.py
[2026-03-21T04:50:17.039+0000] {processor.py:914} INFO - Processing file /opt/airflow/dags/system_dag.py for tasks to queue
[2026-03-21T04:50:17.041+0000] {logging_mixin.py:190} INFO - [2026-03-21T04:50:17.041+0000] {dagbag.py:588} INFO - Filling up the DagBag from /opt/airflow/dags/system_dag.py
[2026-03-21T04:50:17.067+0000] {processor.py:925} INFO - DAG(s) 'system_dag' retrieved from /opt/airflow/dags/system_dag.py
[2026-03-21T04:50:17.119+0000] {logging_mixin.py:190} INFO - [2026-03-21T04:50:17.119+0000] {dag.py:3239} INFO - Sync 1 DAGs
[2026-03-21T04:50:17.158+0000] {logging_mixin.py:190} INFO - [2026-03-21T04:50:17.158+0000] {dag.py:4180} INFO - Setting next_dagrun for system_dag to 2026-03-20T00:00:00+00:00, run_after=2026-03-21T00:00:00+00:00
[2026-03-21T04:50:17.189+0000] {processor.py:208} INFO - Processing /opt/airflow/dags/system_dag.py took 0.160 seconds
[2026-03-21T04:50:49.364+0000] {processor.py:186} INFO - Started process (PID=216) to work on /opt/airflow/dags/system_dag.py
[2026-03-21T04:50:49.365+0000] {processor.py:914} INFO - Processing file /opt/airflow/dags/system_dag.py for tasks to queue
[2026-03-21T04:50:49.366+0000] {logging_mixin.py:190} INFO - [2026-03-21T04:50:49.366+0000] {dagbag.py:588} INFO - Filling up the DagBag from /opt/airflow/dags/system_dag.py
[2026-03-21T04:50:49.385+0000] {processor.py:925} INFO - DAG(s) 'system_dag' retrieved from /opt/airflow/dags/system_dag.py
[2026-03-21T04:50:49.419+0000] {logging_mixin.py:190} INFO - [2026-03-21T04:50:49.419+0000] {dag.py:3239} INFO - Sync 1 DAGs
[2026-03-21T04:50:49.446+0000] {logging_mixin.py:190} INFO - [2026-03-21T04:50:49.446+0000] {dag.py:4180} INFO - Setting next_dagrun for system_dag to 2026-03-20T00:00:00+00:00, run_after=2026-03-21T00:00:00+00:00
[2026-03-21T04:50:49.466+0000] {processor.py:208} INFO - Processing /opt/airflow/dags/system_dag.py took 0.108 seconds
[2026-03-21T04:51:22.668+0000] {processor.py:186} INFO - Started process (PID=220) to work on /opt/airflow/dags/system_dag.py
[2026-03-21T04:51:22.669+0000] {processor.py:914} INFO - Processing file /opt/airflow/dags/system_dag.py for tasks to queue
[2026-03-21T04:51:22.670+0000] {logging_mixin.py:190} INFO - [2026-03-21T04:51:22.670+0000] {dagbag.py:588} INFO - Filling up the DagBag from /opt/airflow/dags/system_dag.py
[2026-03-21T04:51:22.691+0000] {processor.py:925} INFO - DAG(s) 'system_dag' retrieved from /opt/airflow/dags/system_dag.py
[2026-03-21T04:51:22.728+0000] {logging_mixin.py:190} INFO - [2026-03-21T04:51:22.728+0000] {dag.py:3239} INFO - Sync 1 DAGs
[2026-03-21T04:51:22.757+0000] {logging_mixin.py:190} INFO - [2026-03-21T04:51:22.757+0000] {dag.py:4180} INFO - Setting next_dagrun for system_dag to 2026-03-20T00:00:00+00:00, run_after=2026-03-21T00:00:00+00:00
[2026-03-21T04:51:22.777+0000] {processor.py:208} INFO - Processing /opt/airflow/dags/system_dag.py took 0.116 seconds
[2026-03-21T04:51:55.130+0000] {processor.py:186} INFO - Started process (PID=224) to work on /opt/airflow/dags/system_dag.py
[2026-03-21T04:51:55.131+0000] {processor.py:914} INFO - Processing file /opt/airflow/dags/system_dag.py for tasks to queue
[2026-03-21T04:51:55.133+0000] {logging_mixin.py:190} INFO - [2026-03-21T04:51:55.133+0000] {dagbag.py:588} INFO - Filling up the DagBag from /opt/airflow/dags/system_dag.py
[2026-03-21T04:51:55.157+0000] {processor.py:925} INFO - DAG(s) 'system_dag' retrieved from /opt/airflow/dags/system_dag.py
[2026-03-21T04:51:55.213+0000] {logging_mixin.py:190} INFO - [2026-03-21T04:51:55.213+0000] {dag.py:3239} INFO - Sync 1 DAGs
[2026-03-21T04:51:55.258+0000] {logging_mixin.py:190} INFO - [2026-03-21T04:51:55.258+0000] {dag.py:4180} INFO - Setting next_dagrun for system_dag to 2026-03-20T00:00:00+00:00, run_after=2026-03-21T00:00:00+00:00
[2026-03-21T04:51:55.297+0000] {processor.py:208} INFO - Processing /opt/airflow/dags/system_dag.py took 0.176 seconds
[2026-03-21T04:52:27.574+0000] {processor.py:186} INFO - Started process (PID=228) to work on /opt/airflow/dags/system_dag.py
[2026-03-21T04:52:27.575+0000] {processor.py:914} INFO - Processing file /opt/airflow/dags/system_dag.py for tasks to queue
[2026-03-21T04:52:27.576+0000] {logging_mixin.py:190} INFO - [2026-03-21T04:52:27.576+0000] {dagbag.py:588} INFO - Filling up the DagBag from /opt/airflow/dags/system_dag.py
[2026-03-21T04:52:27.596+0000] {processor.py:925} INFO - DAG(s) 'system_dag' retrieved from /opt/airflow/dags/system_dag.py
[2026-03-21T04:52:27.630+0000] {logging_mixin.py:190} INFO - [2026-03-21T04:52:27.630+0000] {dag.py:3239} INFO - Sync 1 DAGs
[2026-03-21T04:52:27.656+0000] {logging_mixin.py:190} INFO - [2026-03-21T04:52:27.656+0000] {dag.py:4180} INFO - Setting next_dagrun for system_dag to 2026-03-20T00:00:00+00:00, run_after=2026-03-21T00:00:00+00:00
[2026-03-21T04:52:27.676+0000] {processor.py:208} INFO - Processing /opt/airflow/dags/system_dag.py took 0.108 seconds
[2026-03-21T04:53:00.005+0000] {processor.py:186} INFO - Started process (PID=232) to work on /opt/airflow/dags/system_dag.py
[2026-03-21T04:53:00.006+0000] {processor.py:914} INFO - Processing file /opt/airflow/dags/system_dag.py for tasks to queue
[2026-03-21T04:53:00.007+0000] {logging_mixin.py:190} INFO - [2026-03-21T04:53:00.007+0000] {dagbag.py:588} INFO - Filling up the DagBag from /opt/airflow/dags/system_dag.py
[2026-03-21T04:53:00.027+0000] {processor.py:925} INFO - DAG(s) 'system_dag' retrieved from /opt/airflow/dags/system_dag.py
[2026-03-21T04:53:00.077+0000] {logging_mixin.py:190} INFO - [2026-03-21T04:53:00.077+0000] {dag.py:3239} INFO - Sync 1 DAGs
[2026-03-21T04:53:00.119+0000] {logging_mixin.py:190} INFO - [2026-03-21T04:53:00.119+0000] {dag.py:4180} INFO - Setting next_dagrun for system_dag to 2026-03-20T00:00:00+00:00, run_after=2026-03-21T00:00:00+00:00
[2026-03-21T04:53:00.150+0000] {processor.py:208} INFO - Processing /opt/airflow/dags/system_dag.py took 0.152 seconds
[2026-03-21T04:53:33.449+0000] {processor.py:186} INFO - Started process (PID=236) to work on /opt/airflow/dags/system_dag.py
[2026-03-21T04:53:33.450+0000] {processor.py:914} INFO - Processing file /opt/airflow/dags/system_dag.py for tasks to queue
[2026-03-21T04:53:33.453+0000] {logging_mixin.py:190} INFO - [2026-03-21T04:53:33.453+0000] {dagbag.py:588} INFO - Filling up the DagBag from /opt/airflow/dags/system_dag.py
[2026-03-21T04:53:33.489+0000] {processor.py:925} INFO - DAG(s) 'system_dag' retrieved from /opt/airflow/dags/system_dag.py
[2026-03-21T04:53:33.570+0000] {logging_mixin.py:190} INFO - [2026-03-21T04:53:33.570+0000] {dag.py:3239} INFO - Sync 1 DAGs
[2026-03-21T04:53:33.625+0000] {logging_mixin.py:190} INFO - [2026-03-21T04:53:33.625+0000] {dag.py:4180} INFO - Setting next_dagrun for system_dag to 2026-03-20T00:00:00+00:00, run_after=2026-03-21T00:00:00+00:00
[2026-03-21T04:53:33.655+0000] {processor.py:208} INFO - Processing /opt/airflow/dags/system_dag.py took 0.218 seconds
[2026-03-21T04:54:06.028+0000] {processor.py:186} INFO - Started process (PID=240) to work on /opt/airflow/dags/system_dag.py
[2026-03-21T04:54:06.029+0000] {processor.py:914} INFO - Processing file /opt/airflow/dags/system_dag.py for tasks to queue
[2026-03-21T04:54:06.030+0000] {logging_mixin.py:190} INFO - [2026-03-21T04:54:06.030+0000] {dagbag.py:588} INFO - Filling up the DagBag from /opt/airflow/dags/system_dag.py
[2026-03-21T04:54:06.052+0000] {processor.py:925} INFO - DAG(s) 'system_dag' retrieved from /opt/airflow/dags/system_dag.py
[2026-03-21T04:54:06.093+0000] {logging_mixin.py:190} INFO - [2026-03-21T04:54:06.093+0000] {dag.py:3239} INFO - Sync 1 DAGs
[2026-03-21T04:54:06.124+0000] {logging_mixin.py:190} INFO - [2026-03-21T04:54:06.124+0000] {dag.py:4180} INFO - Setting next_dagrun for system_dag to 2026-03-20T00:00:00+00:00, run_after=2026-03-21T00:00:00+00:00
[2026-03-21T04:54:06.153+0000] {processor.py:208} INFO - Processing /opt/airflow/dags/system_dag.py took 0.132 seconds
[2026-03-21T04:54:38.388+0000] {processor.py:186} INFO - Started process (PID=244) to work on /opt/airflow/dags/system_dag.py
[2026-03-21T04:54:38.389+0000] {processor.py:914} INFO - Processing file /opt/airflow/dags/system_dag.py for tasks to queue
[2026-03-21T04:54:38.390+0000] {logging_mixin.py:190} INFO - [2026-03-21T04:54:38.390+0000] {dagbag.py:588} INFO - Filling up the DagBag from /opt/airflow/dags/system_dag.py
[2026-03-21T04:54:38.411+0000] {processor.py:925} INFO - DAG(s) 'system_dag' retrieved from /opt/airflow/dags/system_dag.py
[2026-03-21T04:54:38.448+0000] {logging_mixin.py:190} INFO - [2026-03-21T04:54:38.448+0000] {dag.py:3239} INFO - Sync 1 DAGs
[2026-03-21T04:54:38.474+0000] {logging_mixin.py:190} INFO - [2026-03-21T04:54:38.474+0000] {dag.py:4180} INFO - Setting next_dagrun for system_dag to 2026-03-20T00:00:00+00:00, run_after=2026-03-21T00:00:00+00:00
[2026-03-21T04:54:38.493+0000] {processor.py:208} INFO - Processing /opt/airflow/dags/system_dag.py took 0.114 seconds
[2026-03-21T04:55:11.850+0000] {processor.py:186} INFO - Started process (PID=248) to work on /opt/airflow/dags/system_dag.py
[2026-03-21T04:55:11.850+0000] {processor.py:914} INFO - Processing file /opt/airflow/dags/system_dag.py for tasks to queue
[2026-03-21T04:55:11.853+0000] {logging_mixin.py:190} INFO - [2026-03-21T04:55:11.853+0000] {dagbag.py:588} INFO - Filling up the DagBag from /opt/airflow/dags/system_dag.py
[2026-03-21T04:55:11.877+0000] {processor.py:925} INFO - DAG(s) 'system_dag' retrieved from /opt/airflow/dags/system_dag.py
[2026-03-21T04:55:11.929+0000] {logging_mixin.py:190} INFO - [2026-03-21T04:55:11.929+0000] {dag.py:3239} INFO - Sync 1 DAGs
[2026-03-21T04:55:11.994+0000] {logging_mixin.py:190} INFO - [2026-03-21T04:55:11.994+0000] {dag.py:4180} INFO - Setting next_dagrun for system_dag to 2026-03-20T00:00:00+00:00, run_after=2026-03-21T00:00:00+00:00
[2026-03-21T04:55:12.053+0000] {processor.py:208} INFO - Processing /opt/airflow/dags/system_dag.py took 0.211 seconds
[2026-03-21T04:55:44.401+0000] {processor.py:186} INFO - Started process (PID=252) to work on /opt/airflow/dags/system_dag.py
[2026-03-21T04:55:44.402+0000] {processor.py:914} INFO - Processing file /opt/airflow/dags/system_dag.py for tasks to queue
[2026-03-21T04:55:44.408+0000] {logging_mixin.py:190} INFO - [2026-03-21T04:55:44.407+0000] {dagbag.py:588} INFO - Filling up the DagBag from /opt/airflow/dags/system_dag.py
[2026-03-21T04:55:44.441+0000] {processor.py:925} INFO - DAG(s) 'system_dag' retrieved from /opt/airflow/dags/system_dag.py
[2026-03-21T04:55:44.494+0000] {logging_mixin.py:190} INFO - [2026-03-21T04:55:44.493+0000] {dag.py:3239} INFO - Sync 1 DAGs
[2026-03-21T04:55:44.545+0000] {logging_mixin.py:190} INFO - [2026-03-21T04:55:44.544+0000] {dag.py:4180} INFO - Setting next_dagrun for system_dag to 2026-03-20T00:00:00+00:00, run_after=2026-03-21T00:00:00+00:00
[2026-03-21T04:55:44.604+0000] {processor.py:208} INFO - Processing /opt/airflow/dags/system_dag.py took 0.210 seconds
[2026-03-21T04:56:16.821+0000] {processor.py:186} INFO - Started process (PID=256) to work on /opt/airflow/dags/system_dag.py
[2026-03-21T04:56:16.822+0000] {processor.py:914} INFO - Processing file /opt/airflow/dags/system_dag.py for tasks to queue
[2026-03-21T04:56:16.823+0000] {logging_mixin.py:190} INFO - [2026-03-21T04:56:16.823+0000] {dagbag.py:588} INFO - Filling up the DagBag from /opt/airflow/dags/system_dag.py
[2026-03-21T04:56:16.843+0000] {processor.py:925} INFO - DAG(s) 'system_dag' retrieved from /opt/airflow/dags/system_dag.py
[2026-03-21T04:56:16.884+0000] {logging_mixin.py:190} INFO - [2026-03-21T04:56:16.884+0000] {dag.py:3239} INFO - Sync 1 DAGs
[2026-03-21T04:56:16.915+0000] {logging_mixin.py:190} INFO - [2026-03-21T04:56:16.915+0000] {dag.py:4180} INFO - Setting next_dagrun for system_dag to 2026-03-20T00:00:00+00:00, run_after=2026-03-21T00:00:00+00:00
[2026-03-21T04:56:16.941+0000] {processor.py:208} INFO - Processing /opt/airflow/dags/system_dag.py took 0.127 seconds
[2026-03-21T04:56:49.230+0000] {processor.py:186} INFO - Started process (PID=260) to work on /opt/airflow/dags/system_dag.py
[2026-03-21T04:56:49.231+0000] {processor.py:914} INFO - Processing file /opt/airflow/dags/system_dag.py for tasks to queue
[2026-03-21T04:56:49.232+0000] {logging_mixin.py:190} INFO - [2026-03-21T04:56:49.232+0000] {dagbag.py:588} INFO - Filling up the DagBag from /opt/airflow/dags/system_dag.py
[2026-03-21T04:56:49.254+0000] {processor.py:925} INFO - DAG(s) 'system_dag' retrieved from /opt/airflow/dags/system_dag.py
[2026-03-21T04:56:49.300+0000] {logging_mixin.py:190} INFO - [2026-03-21T04:56:49.299+0000] {dag.py:3239} INFO - Sync 1 DAGs
[2026-03-21T04:56:49.388+0000] {logging_mixin.py:190} INFO - [2026-03-21T04:56:49.387+0000] {dag.py:4180} INFO - Setting next_dagrun for system_dag to 2026-03-20T00:00:00+00:00, run_after=2026-03-21T00:00:00+00:00
[2026-03-21T04:56:49.425+0000] {processor.py:208} INFO - Processing /opt/airflow/dags/system_dag.py took 0.203 seconds
[2026-03-21T04:57:22.271+0000] {processor.py:186} INFO - Started process (PID=264) to work on /opt/airflow/dags/system_dag.py
[2026-03-21T04:57:22.273+0000] {processor.py:914} INFO - Processing file /opt/airflow/dags/system_dag.py for tasks to queue
[2026-03-21T04:57:22.276+0000] {logging_mixin.py:190} INFO - [2026-03-21T04:57:22.275+0000] {dagbag.py:588} INFO - Filling up the DagBag from /opt/airflow/dags/system_dag.py
[2026-03-21T04:57:22.334+0000] {processor.py:925} INFO - DAG(s) 'system_dag' retrieved from /opt/airflow/dags/system_dag.py
[2026-03-21T04:57:22.462+0000] {logging_mixin.py:190} INFO - [2026-03-21T04:57:22.462+0000] {dag.py:3239} INFO - Sync 1 DAGs
[2026-03-21T04:57:22.547+0000] {logging_mixin.py:190} INFO - [2026-03-21T04:57:22.546+0000] {dag.py:4180} INFO - Setting next_dagrun for system_dag to 2026-03-20T00:00:00+00:00, run_after=2026-03-21T00:00:00+00:00
[2026-03-21T04:57:22.652+0000] {processor.py:208} INFO - Processing /opt/airflow/dags/system_dag.py took 0.400 seconds
[2026-03-21T04:57:55.452+0000] {processor.py:186} INFO - Started process (PID=268) to work on /opt/airflow/dags/system_dag.py
[2026-03-21T04:57:55.454+0000] {processor.py:914} INFO - Processing file /opt/airflow/dags/system_dag.py for tasks to queue
[2026-03-21T04:57:55.459+0000] {logging_mixin.py:190} INFO - [2026-03-21T04:57:55.458+0000] {dagbag.py:588} INFO - Filling up the DagBag from /opt/airflow/dags/system_dag.py
[2026-03-21T04:57:55.501+0000] {processor.py:925} INFO - DAG(s) 'system_dag' retrieved from /opt/airflow/dags/system_dag.py
[2026-03-21T04:57:55.585+0000] {logging_mixin.py:190} INFO - [2026-03-21T04:57:55.585+0000] {dag.py:3239} INFO - Sync 1 DAGs
[2026-03-21T04:57:55.648+0000] {logging_mixin.py:190} INFO - [2026-03-21T04:57:55.648+0000] {dag.py:4180} INFO - Setting next_dagrun for system_dag to 2026-03-20T00:00:00+00:00, run_after=2026-03-21T00:00:00+00:00
[2026-03-21T04:57:55.700+0000] {processor.py:208} INFO - Processing /opt/airflow/dags/system_dag.py took 0.264 seconds
[2026-03-21T04:58:27.640+0000] {processor.py:186} INFO - Started process (PID=272) to work on /opt/airflow/dags/system_dag.py
[2026-03-21T04:58:27.641+0000] {processor.py:914} INFO - Processing file /opt/airflow/dags/system_dag.py for tasks to queue
[2026-03-21T04:58:27.643+0000] {logging_mixin.py:190} INFO - [2026-03-21T04:58:27.643+0000] {dagbag.py:588} INFO - Filling up the DagBag from /opt/airflow/dags/system_dag.py
[2026-03-21T04:58:27.667+0000] {processor.py:925} INFO - DAG(s) 'system_dag' retrieved from /opt/airflow/dags/system_dag.py
[2026-03-21T04:58:27.713+0000] {logging_mixin.py:190} INFO - [2026-03-21T04:58:27.713+0000] {dag.py:3239} INFO - Sync 1 DAGs
[2026-03-21T04:58:27.749+0000] {logging_mixin.py:190} INFO - [2026-03-21T04:58:27.749+0000] {dag.py:4180} INFO - Setting next_dagrun for system_dag to 2026-03-20T00:00:00+00:00, run_after=2026-03-21T00:00:00+00:00
[2026-03-21T04:58:27.772+0000] {processor.py:208} INFO - Processing /opt/airflow/dags/system_dag.py took 0.139 seconds
[2026-03-21T04:59:00.233+0000] {processor.py:186} INFO - Started process (PID=276) to work on /opt/airflow/dags/system_dag.py
[2026-03-21T04:59:00.233+0000] {processor.py:914} INFO - Processing file /opt/airflow/dags/system_dag.py for tasks to queue
[2026-03-21T04:59:00.235+0000] {logging_mixin.py:190} INFO - [2026-03-21T04:59:00.235+0000] {dagbag.py:588} INFO - Filling up the DagBag from /opt/airflow/dags/system_dag.py
[2026-03-21T04:59:00.255+0000] {processor.py:925} INFO - DAG(s) 'system_dag' retrieved from /opt/airflow/dags/system_dag.py
[2026-03-21T04:59:00.297+0000] {logging_mixin.py:190} INFO - [2026-03-21T04:59:00.297+0000] {dag.py:3239} INFO - Sync 1 DAGs
[2026-03-21T04:59:00.338+0000] {logging_mixin.py:190} INFO - [2026-03-21T04:59:00.338+0000] {dag.py:4180} INFO - Setting next_dagrun for system_dag to 2026-03-20T00:00:00+00:00, run_after=2026-03-21T00:00:00+00:00
[2026-03-21T04:59:00.368+0000] {processor.py:208} INFO - Processing /opt/airflow/dags/system_dag.py took 0.141 seconds
[2026-03-21T04:59:33.710+0000] {processor.py:186} INFO - Started process (PID=280) to work on /opt/airflow/dags/system_dag.py
[2026-03-21T04:59:33.714+0000] {processor.py:914} INFO - Processing file /opt/airflow/dags/system_dag.py for tasks to queue
[2026-03-21T04:59:33.716+0000] {logging_mixin.py:190} INFO - [2026-03-21T04:59:33.716+0000] {dagbag.py:588} INFO - Filling up the DagBag from /opt/airflow/dags/system_dag.py
[2026-03-21T04:59:33.746+0000] {processor.py:925} INFO - DAG(s) 'system_dag' retrieved from /opt/airflow/dags/system_dag.py
[2026-03-21T04:59:33.803+0000] {logging_mixin.py:190} INFO - [2026-03-21T04:59:33.802+0000] {dag.py:3239} INFO - Sync 1 DAGs
[2026-03-21T04:59:33.843+0000] {logging_mixin.py:190} INFO - [2026-03-21T04:59:33.843+0000] {dag.py:4180} INFO - Setting next_dagrun for system_dag to 2026-03-20T00:00:00+00:00, run_after=2026-03-21T00:00:00+00:00
[2026-03-21T04:59:33.885+0000] {processor.py:208} INFO - Processing /opt/airflow/dags/system_dag.py took 0.184 seconds
[2026-03-21T05:00:06.070+0000] {processor.py:186} INFO - Started process (PID=284) to work on /opt/airflow/dags/system_dag.py
[2026-03-21T05:00:06.071+0000] {processor.py:914} INFO - Processing file /opt/airflow/dags/system_dag.py for tasks to queue
[2026-03-21T05:00:06.073+0000] {logging_mixin.py:190} INFO - [2026-03-21T05:00:06.072+0000] {dagbag.py:588} INFO - Filling up the DagBag from /opt/airflow/dags/system_dag.py
[2026-03-21T05:00:06.091+0000] {processor.py:925} INFO - DAG(s) 'system_dag' retrieved from /opt/airflow/dags/system_dag.py
[2026-03-21T05:00:06.125+0000] {logging_mixin.py:190} INFO - [2026-03-21T05:00:06.125+0000] {dag.py:3239} INFO - Sync 1 DAGs
[2026-03-21T05:00:06.153+0000] {logging_mixin.py:190} INFO - [2026-03-21T05:00:06.153+0000] {dag.py:4180} INFO - Setting next_dagrun for system_dag to 2026-03-20T00:00:00+00:00, run_after=2026-03-21T00:00:00+00:00
[2026-03-21T05:00:06.173+0000] {processor.py:208} INFO - Processing /opt/airflow/dags/system_dag.py took 0.109 seconds
[2026-03-21T05:00:38.326+0000] {processor.py:186} INFO - Started process (PID=288) to work on /opt/airflow/dags/system_dag.py
[2026-03-21T05:00:38.326+0000] {processor.py:914} INFO - Processing file /opt/airflow/dags/system_dag.py for tasks to queue
[2026-03-21T05:00:38.327+0000] {logging_mixin.py:190} INFO - [2026-03-21T05:00:38.327+0000] {dagbag.py:588} INFO - Filling up the DagBag from /opt/airflow/dags/system_dag.py
[2026-03-21T05:00:38.347+0000] {processor.py:925} INFO - DAG(s) 'system_dag' retrieved from /opt/airflow/dags/system_dag.py
[2026-03-21T05:00:38.387+0000] {logging_mixin.py:190} INFO - [2026-03-21T05:00:38.387+0000] {dag.py:3239} INFO - Sync 1 DAGs
[2026-03-21T05:00:38.419+0000] {logging_mixin.py:190} INFO - [2026-03-21T05:00:38.419+0000] {dag.py:4180} INFO - Setting next_dagrun for system_dag to 2026-03-20T00:00:00+00:00, run_after=2026-03-21T00:00:00+00:00
[2026-03-21T05:00:38.444+0000] {processor.py:208} INFO - Processing /opt/airflow/dags/system_dag.py took 0.124 seconds
[2026-03-21T05:01:11.671+0000] {processor.py:186} INFO - Started process (PID=292) to work on /opt/airflow/dags/system_dag.py
[2026-03-21T05:01:11.672+0000] {processor.py:914} INFO - Processing file /opt/airflow/dags/system_dag.py for tasks to queue
[2026-03-21T05:01:11.674+0000] {logging_mixin.py:190} INFO - [2026-03-21T05:01:11.674+0000] {dagbag.py:588} INFO - Filling up the DagBag from /opt/airflow/dags/system_dag.py
[2026-03-21T05:01:11.693+0000] {processor.py:925} INFO - DAG(s) 'system_dag' retrieved from /opt/airflow/dags/system_dag.py
[2026-03-21T05:01:11.726+0000] {logging_mixin.py:190} INFO - [2026-03-21T05:01:11.725+0000] {dag.py:3239} INFO - Sync 1 DAGs
[2026-03-21T05:01:11.752+0000] {logging_mixin.py:190} INFO - [2026-03-21T05:01:11.752+0000] {dag.py:4180} INFO - Setting next_dagrun for system_dag to 2026-03-20T00:00:00+00:00, run_after=2026-03-21T00:00:00+00:00
[2026-03-21T05:01:11.778+0000] {processor.py:208} INFO - Processing /opt/airflow/dags/system_dag.py took 0.116 seconds
[2026-03-21T05:01:43.999+0000] {processor.py:186} INFO - Started process (PID=296) to work on /opt/airflow/dags/system_dag.py
[2026-03-21T05:01:44.000+0000] {processor.py:914} INFO - Processing file /opt/airflow/dags/system_dag.py for tasks to queue
[2026-03-21T05:01:44.001+0000] {logging_mixin.py:190} INFO - [2026-03-21T05:01:44.001+0000] {dagbag.py:588} INFO - Filling up the DagBag from /opt/airflow/dags/system_dag.py
[2026-03-21T05:01:44.019+0000] {processor.py:925} INFO - DAG(s) 'system_dag' retrieved from /opt/airflow/dags/system_dag.py
[2026-03-21T05:01:44.054+0000] {logging_mixin.py:190} INFO - [2026-03-21T05:01:44.054+0000] {dag.py:3239} INFO - Sync 1 DAGs
[2026-03-21T05:01:44.084+0000] {logging_mixin.py:190} INFO - [2026-03-21T05:01:44.083+0000] {dag.py:4180} INFO - Setting next_dagrun for system_dag to 2026-03-20T00:00:00+00:00, run_after=2026-03-21T00:00:00+00:00
[2026-03-21T05:01:44.108+0000] {processor.py:208} INFO - Processing /opt/airflow/dags/system_dag.py took 0.115 seconds
[2026-03-21T05:02:17.259+0000] {processor.py:186} INFO - Started process (PID=300) to work on /opt/airflow/dags/system_dag.py
[2026-03-21T05:02:17.260+0000] {processor.py:914} INFO - Processing file /opt/airflow/dags/system_dag.py for tasks to queue
[2026-03-21T05:02:17.261+0000] {logging_mixin.py:190} INFO - [2026-03-21T05:02:17.261+0000] {dagbag.py:588} INFO - Filling up the DagBag from /opt/airflow/dags/system_dag.py
[2026-03-21T05:02:17.277+0000] {processor.py:925} INFO - DAG(s) 'system_dag' retrieved from /opt/airflow/dags/system_dag.py
[2026-03-21T05:02:17.311+0000] {logging_mixin.py:190} INFO - [2026-03-21T05:02:17.311+0000] {dag.py:3239} INFO - Sync 1 DAGs
[2026-03-21T05:02:17.338+0000] {logging_mixin.py:190} INFO - [2026-03-21T05:02:17.338+0000] {dag.py:4180} INFO - Setting next_dagrun for system_dag to 2026-03-20T00:00:00+00:00, run_after=2026-03-21T00:00:00+00:00
[2026-03-21T05:02:17.363+0000] {processor.py:208} INFO - Processing /opt/airflow/dags/system_dag.py took 0.111 seconds
[2026-03-21T05:02:49.531+0000] {processor.py:186} INFO - Started process (PID=304) to work on /opt/airflow/dags/system_dag.py
[2026-03-21T05:02:49.532+0000] {processor.py:914} INFO - Processing file /opt/airflow/dags/system_dag.py for tasks to queue
[2026-03-21T05:02:49.533+0000] {logging_mixin.py:190} INFO - [2026-03-21T05:02:49.533+0000] {dagbag.py:588} INFO - Filling up the DagBag from /opt/airflow/dags/system_dag.py
[2026-03-21T05:02:49.552+0000] {processor.py:925} INFO - DAG(s) 'system_dag' retrieved from /opt/airflow/dags/system_dag.py
[2026-03-21T05:02:49.586+0000] {logging_mixin.py:190} INFO - [2026-03-21T05:02:49.586+0000] {dag.py:3239} INFO - Sync 1 DAGs
[2026-03-21T05:02:49.613+0000] {logging_mixin.py:190} INFO - [2026-03-21T05:02:49.613+0000] {dag.py:4180} INFO - Setting next_dagrun for system_dag to 2026-03-20T00:00:00+00:00, run_after=2026-03-21T00:00:00+00:00
[2026-03-21T05:02:49.634+0000] {processor.py:208} INFO - Processing /opt/airflow/dags/system_dag.py took 0.111 seconds
[2026-03-21T05:03:21.966+0000] {processor.py:186} INFO - Started process (PID=308) to work on /opt/airflow/dags/system_dag.py
[2026-03-21T05:03:21.967+0000] {processor.py:914} INFO - Processing file /opt/airflow/dags/system_dag.py for tasks to queue
[2026-03-21T05:03:21.968+0000] {logging_mixin.py:190} INFO - [2026-03-21T05:03:21.968+0000] {dagbag.py:588} INFO - Filling up the DagBag from /opt/airflow/dags/system_dag.py
[2026-03-21T05:03:21.987+0000] {processor.py:925} INFO - DAG(s) 'system_dag' retrieved from /opt/airflow/dags/system_dag.py
[2026-03-21T05:03:22.020+0000] {logging_mixin.py:190} INFO - [2026-03-21T05:03:22.020+0000] {dag.py:3239} INFO - Sync 1 DAGs
[2026-03-21T05:03:22.048+0000] {logging_mixin.py:190} INFO - [2026-03-21T05:03:22.048+0000] {dag.py:4180} INFO - Setting next_dagrun for system_dag to 2026-03-20T00:00:00+00:00, run_after=2026-03-21T00:00:00+00:00
[2026-03-21T05:03:22.071+0000] {processor.py:208} INFO - Processing /opt/airflow/dags/system_dag.py took 0.111 seconds
[2026-03-21T05:03:55.279+0000] {processor.py:186} INFO - Started process (PID=312) to work on /opt/airflow/dags/system_dag.py
[2026-03-21T05:03:55.279+0000] {processor.py:914} INFO - Processing file /opt/airflow/dags/system_dag.py for tasks to queue
[2026-03-21T05:03:55.281+0000] {logging_mixin.py:190} INFO - [2026-03-21T05:03:55.281+0000] {dagbag.py:588} INFO - Filling up the DagBag from /opt/airflow/dags/system_dag.py
[2026-03-21T05:03:55.298+0000] {processor.py:925} INFO - DAG(s) 'system_dag' retrieved from /opt/airflow/dags/system_dag.py
[2026-03-21T05:03:55.331+0000] {logging_mixin.py:190} INFO - [2026-03-21T05:03:55.331+0000] {dag.py:3239} INFO - Sync 1 DAGs
[2026-03-21T05:03:55.359+0000] {logging_mixin.py:190} INFO - [2026-03-21T05:03:55.359+0000] {dag.py:4180} INFO - Setting next_dagrun for system_dag to 2026-03-20T00:00:00+00:00, run_after=2026-03-21T00:00:00+00:00
[2026-03-21T05:03:55.378+0000] {processor.py:208} INFO - Processing /opt/airflow/dags/system_dag.py took 0.106 seconds
[2026-03-21T05:04:27.570+0000] {processor.py:186} INFO - Started process (PID=316) to work on /opt/airflow/dags/system_dag.py
[2026-03-21T05:04:27.570+0000] {processor.py:914} INFO - Processing file /opt/airflow/dags/system_dag.py for tasks to queue
[2026-03-21T05:04:27.572+0000] {logging_mixin.py:190} INFO - [2026-03-21T05:04:27.571+0000] {dagbag.py:588} INFO - Filling up the DagBag from /opt/airflow/dags/system_dag.py
[2026-03-21T05:04:27.590+0000] {processor.py:925} INFO - DAG(s) 'system_dag' retrieved from /opt/airflow/dags/system_dag.py
[2026-03-21T05:04:27.623+0000] {logging_mixin.py:190} INFO - [2026-03-21T05:04:27.623+0000] {dag.py:3239} INFO - Sync 1 DAGs
[2026-03-21T05:04:27.651+0000] {logging_mixin.py:190} INFO - [2026-03-21T05:04:27.651+0000] {dag.py:4180} INFO - Setting next_dagrun for system_dag to 2026-03-20T00:00:00+00:00, run_after=2026-03-21T00:00:00+00:00
[2026-03-21T05:04:27.675+0000] {processor.py:208} INFO - Processing /opt/airflow/dags/system_dag.py took 0.112 seconds
[2026-03-21T05:05:00.823+0000] {processor.py:186} INFO - Started process (PID=320) to work on /opt/airflow/dags/system_dag.py
[2026-03-21T05:05:00.824+0000] {processor.py:914} INFO - Processing file /opt/airflow/dags/system_dag.py for tasks to queue
[2026-03-21T05:05:00.826+0000] {logging_mixin.py:190} INFO - [2026-03-21T05:05:00.825+0000] {dagbag.py:588} INFO - Filling up the DagBag from /opt/airflow/dags/system_dag.py
[2026-03-21T05:05:00.846+0000] {processor.py:925} INFO - DAG(s) 'system_dag' retrieved from /opt/airflow/dags/system_dag.py
[2026-03-21T05:05:00.882+0000] {logging_mixin.py:190} INFO - [2026-03-21T05:05:00.882+0000] {dag.py:3239} INFO - Sync 1 DAGs
[2026-03-21T05:05:00.909+0000] {logging_mixin.py:190} INFO - [2026-03-21T05:05:00.909+0000] {dag.py:4180} INFO - Setting next_dagrun for system_dag to 2026-03-20T00:00:00+00:00, run_after=2026-03-21T00:00:00+00:00
[2026-03-21T05:05:00.937+0000] {processor.py:208} INFO - Processing /opt/airflow/dags/system_dag.py took 0.120 seconds
[2026-03-21T05:05:33.154+0000] {processor.py:186} INFO - Started process (PID=324) to work on /opt/airflow/dags/system_dag.py
[2026-03-21T05:05:33.155+0000] {processor.py:914} INFO - Processing file /opt/airflow/dags/system_dag.py for tasks to queue
[2026-03-21T05:05:33.156+0000] {logging_mixin.py:190} INFO - [2026-03-21T05:05:33.156+0000] {dagbag.py:588} INFO - Filling up the DagBag from /opt/airflow/dags/system_dag.py
[2026-03-21T05:05:33.174+0000] {processor.py:925} INFO - DAG(s) 'system_dag' retrieved from /opt/airflow/dags/system_dag.py
[2026-03-21T05:05:33.210+0000] {logging_mixin.py:190} INFO - [2026-03-21T05:05:33.210+0000] {dag.py:3239} INFO - Sync 1 DAGs
[2026-03-21T05:05:33.241+0000] {logging_mixin.py:190} INFO - [2026-03-21T05:05:33.241+0000] {dag.py:4180} INFO - Setting next_dagrun for system_dag to 2026-03-20T00:00:00+00:00, run_after=2026-03-21T00:00:00+00:00
[2026-03-21T05:05:33.266+0000] {processor.py:208} INFO - Processing /opt/airflow/dags/system_dag.py took 0.119 seconds
[2026-03-21T05:06:06.424+0000] {processor.py:186} INFO - Started process (PID=328) to work on /opt/airflow/dags/system_dag.py
[2026-03-21T05:06:06.425+0000] {processor.py:914} INFO - Processing file /opt/airflow/dags/system_dag.py for tasks to queue
[2026-03-21T05:06:06.426+0000] {logging_mixin.py:190} INFO - [2026-03-21T05:06:06.426+0000] {dagbag.py:588} INFO - Filling up the DagBag from /opt/airflow/dags/system_dag.py
[2026-03-21T05:06:06.455+0000] {processor.py:925} INFO - DAG(s) 'system_dag' retrieved from /opt/airflow/dags/system_dag.py
[2026-03-21T05:06:06.493+0000] {logging_mixin.py:190} INFO - [2026-03-21T05:06:06.493+0000] {dag.py:3239} INFO - Sync 1 DAGs
[2026-03-21T05:06:06.522+0000] {logging_mixin.py:190} INFO - [2026-03-21T05:06:06.522+0000] {dag.py:4180} INFO - Setting next_dagrun for system_dag to 2026-03-20T00:00:00+00:00, run_after=2026-03-21T00:00:00+00:00
[2026-03-21T05:06:06.551+0000] {processor.py:208} INFO - Processing /opt/airflow/dags/system_dag.py took 0.134 seconds
[2026-03-21T05:06:38.674+0000] {processor.py:186} INFO - Started process (PID=332) to work on /opt/airflow/dags/system_dag.py
[2026-03-21T05:06:38.675+0000] {processor.py:914} INFO - Processing file /opt/airflow/dags/system_dag.py for tasks to queue
[2026-03-21T05:06:38.677+0000] {logging_mixin.py:190} INFO - [2026-03-21T05:06:38.677+0000] {dagbag.py:588} INFO - Filling up the DagBag from /opt/airflow/dags/system_dag.py
[2026-03-21T05:06:38.694+0000] {processor.py:925} INFO - DAG(s) 'system_dag' retrieved from /opt/airflow/dags/system_dag.py
[2026-03-21T05:06:38.727+0000] {logging_mixin.py:190} INFO - [2026-03-21T05:06:38.727+0000] {dag.py:3239} INFO - Sync 1 DAGs
[2026-03-21T05:06:38.753+0000] {logging_mixin.py:190} INFO - [2026-03-21T05:06:38.753+0000] {dag.py:4180} INFO - Setting next_dagrun for system_dag to 2026-03-20T00:00:00+00:00, run_after=2026-03-21T00:00:00+00:00
[2026-03-21T05:06:38.773+0000] {processor.py:208} INFO - Processing /opt/airflow/dags/system_dag.py took 0.106 seconds
[2026-03-21T05:07:11.023+0000] {processor.py:186} INFO - Started process (PID=336) to work on /opt/airflow/dags/system_dag.py
[2026-03-21T05:07:11.024+0000] {processor.py:914} INFO - Processing file /opt/airflow/dags/system_dag.py for tasks to queue
[2026-03-21T05:07:11.025+0000] {logging_mixin.py:190} INFO - [2026-03-21T05:07:11.025+0000] {dagbag.py:588} INFO - Filling up the DagBag from /opt/airflow/dags/system_dag.py
[2026-03-21T05:07:11.042+0000] {processor.py:925} INFO - DAG(s) 'system_dag' retrieved from /opt/airflow/dags/system_dag.py
[2026-03-21T05:07:11.075+0000] {logging_mixin.py:190} INFO - [2026-03-21T05:07:11.075+0000] {dag.py:3239} INFO - Sync 1 DAGs
[2026-03-21T05:07:11.100+0000] {logging_mixin.py:190} INFO - [2026-03-21T05:07:11.100+0000] {dag.py:4180} INFO - Setting next_dagrun for system_dag to 2026-03-20T00:00:00+00:00, run_after=2026-03-21T00:00:00+00:00
[2026-03-21T05:07:11.119+0000] {processor.py:208} INFO - Processing /opt/airflow/dags/system_dag.py took 0.102 seconds
[2026-03-21T05:07:44.305+0000] {processor.py:186} INFO - Started process (PID=340) to work on /opt/airflow/dags/system_dag.py
[2026-03-21T05:07:44.305+0000] {processor.py:914} INFO - Processing file /opt/airflow/dags/system_dag.py for tasks to queue
[2026-03-21T05:07:44.307+0000] {logging_mixin.py:190} INFO - [2026-03-21T05:07:44.307+0000] {dagbag.py:588} INFO - Filling up the DagBag from /opt/airflow/dags/system_dag.py
[2026-03-21T05:07:44.332+0000] {processor.py:925} INFO - DAG(s) 'system_dag' retrieved from /opt/airflow/dags/system_dag.py
[2026-03-21T05:07:44.367+0000] {logging_mixin.py:190} INFO - [2026-03-21T05:07:44.367+0000] {dag.py:3239} INFO - Sync 1 DAGs
[2026-03-21T05:07:44.398+0000] {logging_mixin.py:190} INFO - [2026-03-21T05:07:44.397+0000] {dag.py:4180} INFO - Setting next_dagrun for system_dag to 2026-03-20T00:00:00+00:00, run_after=2026-03-21T00:00:00+00:00
[2026-03-21T05:07:44.423+0000] {processor.py:208} INFO - Processing /opt/airflow/dags/system_dag.py took 0.124 seconds
[2026-03-21T05:08:16.642+0000] {processor.py:186} INFO - Started process (PID=344) to work on /opt/airflow/dags/system_dag.py
[2026-03-21T05:08:16.643+0000] {processor.py:914} INFO - Processing file /opt/airflow/dags/system_dag.py for tasks to queue
[2026-03-21T05:08:16.646+0000] {logging_mixin.py:190} INFO - [2026-03-21T05:08:16.646+0000] {dagbag.py:588} INFO - Filling up the DagBag from /opt/airflow/dags/system_dag.py
[2026-03-21T05:08:16.668+0000] {processor.py:925} INFO - DAG(s) 'system_dag' retrieved from /opt/airflow/dags/system_dag.py
[2026-03-21T05:08:16.707+0000] {logging_mixin.py:190} INFO - [2026-03-21T05:08:16.707+0000] {dag.py:3239} INFO - Sync 1 DAGs
[2026-03-21T05:08:16.743+0000] {logging_mixin.py:190} INFO - [2026-03-21T05:08:16.743+0000] {dag.py:4180} INFO - Setting next_dagrun for system_dag to 2026-03-20T00:00:00+00:00, run_after=2026-03-21T00:00:00+00:00
[2026-03-21T05:08:16.767+0000] {processor.py:208} INFO - Processing /opt/airflow/dags/system_dag.py took 0.132 seconds
[2026-03-21T05:08:49.956+0000] {processor.py:186} INFO - Started process (PID=348) to work on /opt/airflow/dags/system_dag.py
[2026-03-21T05:08:49.957+0000] {processor.py:914} INFO - Processing file /opt/airflow/dags/system_dag.py for tasks to queue
[2026-03-21T05:08:49.958+0000] {logging_mixin.py:190} INFO - [2026-03-21T05:08:49.958+0000] {dagbag.py:588} INFO - Filling up the DagBag from /opt/airflow/dags/system_dag.py
[2026-03-21T05:08:49.976+0000] {processor.py:925} INFO - DAG(s) 'system_dag' retrieved from /opt/airflow/dags/system_dag.py
[2026-03-21T05:08:50.007+0000] {logging_mixin.py:190} INFO - [2026-03-21T05:08:50.007+0000] {dag.py:3239} INFO - Sync 1 DAGs
[2026-03-21T05:08:50.035+0000] {logging_mixin.py:190} INFO - [2026-03-21T05:08:50.034+0000] {dag.py:4180} INFO - Setting next_dagrun for system_dag to 2026-03-20T00:00:00+00:00, run_after=2026-03-21T00:00:00+00:00
[2026-03-21T05:08:50.054+0000] {processor.py:208} INFO - Processing /opt/airflow/dags/system_dag.py took 0.105 seconds
[2026-03-21T05:09:22.238+0000] {processor.py:186} INFO - Started process (PID=352) to work on /opt/airflow/dags/system_dag.py
[2026-03-21T05:09:22.239+0000] {processor.py:914} INFO - Processing file /opt/airflow/dags/system_dag.py for tasks to queue
[2026-03-21T05:09:22.240+0000] {logging_mixin.py:190} INFO - [2026-03-21T05:09:22.240+0000] {dagbag.py:588} INFO - Filling up the DagBag from /opt/airflow/dags/system_dag.py
[2026-03-21T05:09:22.262+0000] {processor.py:925} INFO - DAG(s) 'system_dag' retrieved from /opt/airflow/dags/system_dag.py
[2026-03-21T05:09:22.300+0000] {logging_mixin.py:190} INFO - [2026-03-21T05:09:22.300+0000] {dag.py:3239} INFO - Sync 1 DAGs
[2026-03-21T05:09:22.327+0000] {logging_mixin.py:190} INFO - [2026-03-21T05:09:22.327+0000] {dag.py:4180} INFO - Setting next_dagrun for system_dag to 2026-03-20T00:00:00+00:00, run_after=2026-03-21T00:00:00+00:00
[2026-03-21T05:09:22.355+0000] {processor.py:208} INFO - Processing /opt/airflow/dags/system_dag.py took 0.124 seconds
[2026-03-21T05:09:55.532+0000] {processor.py:186} INFO - Started process (PID=356) to work on /opt/airflow/dags/system_dag.py
[2026-03-21T05:09:55.533+0000] {processor.py:914} INFO - Processing file /opt/airflow/dags/system_dag.py for tasks to queue
[2026-03-21T05:09:55.535+0000] {logging_mixin.py:190} INFO - [2026-03-21T05:09:55.534+0000] {dagbag.py:588} INFO - Filling up the DagBag from /opt/airflow/dags/system_dag.py
[2026-03-21T05:09:55.556+0000] {processor.py:925} INFO - DAG(s) 'system_dag' retrieved from /opt/airflow/dags/system_dag.py
[2026-03-21T05:09:55.595+0000] {logging_mixin.py:190} INFO - [2026-03-21T05:09:55.595+0000] {dag.py:3239} INFO - Sync 1 DAGs
[2026-03-21T05:09:55.628+0000] {logging_mixin.py:190} INFO - [2026-03-21T05:09:55.628+0000] {dag.py:4180} INFO - Setting next_dagrun for system_dag to 2026-03-20T00:00:00+00:00, run_after=2026-03-21T00:00:00+00:00
[2026-03-21T05:09:55.655+0000] {processor.py:208} INFO - Processing /opt/airflow/dags/system_dag.py took 0.129 seconds
[2026-03-21T05:10:27.806+0000] {processor.py:186} INFO - Started process (PID=360) to work on /opt/airflow/dags/system_dag.py
[2026-03-21T05:10:27.806+0000] {processor.py:914} INFO - Processing file /opt/airflow/dags/system_dag.py for tasks to queue
[2026-03-21T05:10:27.808+0000] {logging_mixin.py:190} INFO - [2026-03-21T05:10:27.808+0000] {dagbag.py:588} INFO - Filling up the DagBag from /opt/airflow/dags/system_dag.py
[2026-03-21T05:10:27.826+0000] {processor.py:925} INFO - DAG(s) 'system_dag' retrieved from /opt/airflow/dags/system_dag.py
[2026-03-21T05:10:27.867+0000] {logging_mixin.py:190} INFO - [2026-03-21T05:10:27.867+0000] {dag.py:3239} INFO - Sync 1 DAGs
[2026-03-21T05:10:27.900+0000] {logging_mixin.py:190} INFO - [2026-03-21T05:10:27.900+0000] {dag.py:4180} INFO - Setting next_dagrun for system_dag to 2026-03-20T00:00:00+00:00, run_after=2026-03-21T00:00:00+00:00
[2026-03-21T05:10:27.930+0000] {processor.py:208} INFO - Processing /opt/airflow/dags/system_dag.py took 0.130 seconds
[2026-03-21T05:11:01.114+0000] {processor.py:186} INFO - Started process (PID=364) to work on /opt/airflow/dags/system_dag.py
[2026-03-21T05:11:01.115+0000] {processor.py:914} INFO - Processing file /opt/airflow/dags/system_dag.py for tasks to queue
[2026-03-21T05:11:01.117+0000] {logging_mixin.py:190} INFO - [2026-03-21T05:11:01.116+0000] {dagbag.py:588} INFO - Filling up the DagBag from /opt/airflow/dags/system_dag.py
[2026-03-21T05:11:01.140+0000] {processor.py:925} INFO - DAG(s) 'system_dag' retrieved from /opt/airflow/dags/system_dag.py
[2026-03-21T05:11:01.186+0000] {logging_mixin.py:190} INFO - [2026-03-21T05:11:01.186+0000] {dag.py:3239} INFO - Sync 1 DAGs
[2026-03-21T05:11:01.222+0000] {logging_mixin.py:190} INFO - [2026-03-21T05:11:01.221+0000] {dag.py:4180} INFO - Setting next_dagrun for system_dag to 2026-03-20T00:00:00+00:00, run_after=2026-03-21T00:00:00+00:00
[2026-03-21T05:11:01.249+0000] {processor.py:208} INFO - Processing /opt/airflow/dags/system_dag.py took 0.143 seconds
[2026-03-21T05:11:33.551+0000] {processor.py:186} INFO - Started process (PID=368) to work on /opt/airflow/dags/system_dag.py
[2026-03-21T05:11:33.552+0000] {processor.py:914} INFO - Processing file /opt/airflow/dags/system_dag.py for tasks to queue
[2026-03-21T05:11:33.553+0000] {logging_mixin.py:190} INFO - [2026-03-21T05:11:33.553+0000] {dagbag.py:588} INFO - Filling up the DagBag from /opt/airflow/dags/system_dag.py
[2026-03-21T05:11:33.571+0000] {processor.py:925} INFO - DAG(s) 'system_dag' retrieved from /opt/airflow/dags/system_dag.py
[2026-03-21T05:11:33.605+0000] {logging_mixin.py:190} INFO - [2026-03-21T05:11:33.604+0000] {dag.py:3239} INFO - Sync 1 DAGs
[2026-03-21T05:11:33.636+0000] {logging_mixin.py:190} INFO - [2026-03-21T05:11:33.636+0000] {dag.py:4180} INFO - Setting next_dagrun for system_dag to 2026-03-20T00:00:00+00:00, run_after=2026-03-21T00:00:00+00:00
[2026-03-21T05:11:33.657+0000] {processor.py:208} INFO - Processing /opt/airflow/dags/system_dag.py took 0.113 seconds
[2026-03-21T05:12:05.822+0000] {processor.py:186} INFO - Started process (PID=372) to work on /opt/airflow/dags/system_dag.py
[2026-03-21T05:12:05.822+0000] {processor.py:914} INFO - Processing file /opt/airflow/dags/system_dag.py for tasks to queue
[2026-03-21T05:12:05.824+0000] {logging_mixin.py:190} INFO - [2026-03-21T05:12:05.824+0000] {dagbag.py:588} INFO - Filling up the DagBag from /opt/airflow/dags/system_dag.py
[2026-03-21T05:12:05.844+0000] {processor.py:925} INFO - DAG(s) 'system_dag' retrieved from /opt/airflow/dags/system_dag.py
[2026-03-21T05:12:05.887+0000] {logging_mixin.py:190} INFO - [2026-03-21T05:12:05.887+0000] {dag.py:3239} INFO - Sync 1 DAGs
[2026-03-21T05:12:05.922+0000] {logging_mixin.py:190} INFO - [2026-03-21T05:12:05.921+0000] {dag.py:4180} INFO - Setting next_dagrun for system_dag to 2026-03-20T00:00:00+00:00, run_after=2026-03-21T00:00:00+00:00
[2026-03-21T05:12:05.952+0000] {processor.py:208} INFO - Processing /opt/airflow/dags/system_dag.py took 0.138 seconds
[2026-03-21T05:12:39.132+0000] {processor.py:186} INFO - Started process (PID=376) to work on /opt/airflow/dags/system_dag.py
[2026-03-21T05:12:39.133+0000] {processor.py:914} INFO - Processing file /opt/airflow/dags/system_dag.py for tasks to queue
[2026-03-21T05:12:39.135+0000] {logging_mixin.py:190} INFO - [2026-03-21T05:12:39.134+0000] {dagbag.py:588} INFO - Filling up the DagBag from /opt/airflow/dags/system_dag.py
[2026-03-21T05:12:39.152+0000] {processor.py:925} INFO - DAG(s) 'system_dag' retrieved from /opt/airflow/dags/system_dag.py
[2026-03-21T05:12:39.187+0000] {logging_mixin.py:190} INFO - [2026-03-21T05:12:39.187+0000] {dag.py:3239} INFO - Sync 1 DAGs
[2026-03-21T05:12:39.217+0000] {logging_mixin.py:190} INFO - [2026-03-21T05:12:39.217+0000] {dag.py:4180} INFO - Setting next_dagrun for system_dag to 2026-03-20T00:00:00+00:00, run_after=2026-03-21T00:00:00+00:00
[2026-03-21T05:12:39.235+0000] {processor.py:208} INFO - Processing /opt/airflow/dags/system_dag.py took 0.109 seconds
[2026-03-21T05:13:11.398+0000] {processor.py:186} INFO - Started process (PID=380) to work on /opt/airflow/dags/system_dag.py
[2026-03-21T05:13:11.399+0000] {processor.py:914} INFO - Processing file /opt/airflow/dags/system_dag.py for tasks to queue
[2026-03-21T05:13:11.400+0000] {logging_mixin.py:190} INFO - [2026-03-21T05:13:11.400+0000] {dagbag.py:588} INFO - Filling up the DagBag from /opt/airflow/dags/system_dag.py
[2026-03-21T05:13:11.418+0000] {processor.py:925} INFO - DAG(s) 'system_dag' retrieved from /opt/airflow/dags/system_dag.py
[2026-03-21T05:13:11.453+0000] {logging_mixin.py:190} INFO - [2026-03-21T05:13:11.452+0000] {dag.py:3239} INFO - Sync 1 DAGs
[2026-03-21T05:13:11.478+0000] {logging_mixin.py:190} INFO - [2026-03-21T05:13:11.478+0000] {dag.py:4180} INFO - Setting next_dagrun for system_dag to 2026-03-20T00:00:00+00:00, run_after=2026-03-21T00:00:00+00:00
[2026-03-21T05:13:11.496+0000] {processor.py:208} INFO - Processing /opt/airflow/dags/system_dag.py took 0.104 seconds
[2026-03-21T05:13:43.785+0000] {processor.py:186} INFO - Started process (PID=384) to work on /opt/airflow/dags/system_dag.py
[2026-03-21T05:13:43.786+0000] {processor.py:914} INFO - Processing file /opt/airflow/dags/system_dag.py for tasks to queue
[2026-03-21T05:13:43.787+0000] {logging_mixin.py:190} INFO - [2026-03-21T05:13:43.787+0000] {dagbag.py:588} INFO - Filling up the DagBag from /opt/airflow/dags/system_dag.py
[2026-03-21T05:13:43.813+0000] {processor.py:925} INFO - DAG(s) 'system_dag' retrieved from /opt/airflow/dags/system_dag.py
[2026-03-21T05:13:43.852+0000] {logging_mixin.py:190} INFO - [2026-03-21T05:13:43.851+0000] {dag.py:3239} INFO - Sync 1 DAGs
[2026-03-21T05:13:43.883+0000] {logging_mixin.py:190} INFO - [2026-03-21T05:13:43.883+0000] {dag.py:4180} INFO - Setting next_dagrun for system_dag to 2026-03-20T00:00:00+00:00, run_after=2026-03-21T00:00:00+00:00
[2026-03-21T05:13:43.911+0000] {processor.py:208} INFO - Processing /opt/airflow/dags/system_dag.py took 0.134 seconds
[2026-03-21T05:14:17.135+0000] {processor.py:186} INFO - Started process (PID=388) to work on /opt/airflow/dags/system_dag.py
[2026-03-21T05:14:17.136+0000] {processor.py:914} INFO - Processing file /opt/airflow/dags/system_dag.py for tasks to queue
[2026-03-21T05:14:17.137+0000] {logging_mixin.py:190} INFO - [2026-03-21T05:14:17.137+0000] {dagbag.py:588} INFO - Filling up the DagBag from /opt/airflow/dags/system_dag.py
[2026-03-21T05:14:17.157+0000] {processor.py:925} INFO - DAG(s) 'system_dag' retrieved from /opt/airflow/dags/system_dag.py
[2026-03-21T05:14:17.195+0000] {logging_mixin.py:190} INFO - [2026-03-21T05:14:17.195+0000] {dag.py:3239} INFO - Sync 1 DAGs
[2026-03-21T05:14:17.223+0000] {logging_mixin.py:190} INFO - [2026-03-21T05:14:17.223+0000] {dag.py:4180} INFO - Setting next_dagrun for system_dag to 2026-03-20T00:00:00+00:00, run_after=2026-03-21T00:00:00+00:00
[2026-03-21T05:14:17.243+0000] {processor.py:208} INFO - Processing /opt/airflow/dags/system_dag.py took 0.115 seconds
[2026-03-21T05:14:49.384+0000] {processor.py:186} INFO - Started process (PID=392) to work on /opt/airflow/dags/system_dag.py
[2026-03-21T05:14:49.385+0000] {processor.py:914} INFO - Processing file /opt/airflow/dags/system_dag.py for tasks to queue
[2026-03-21T05:14:49.386+0000] {logging_mixin.py:190} INFO - [2026-03-21T05:14:49.386+0000] {dagbag.py:588} INFO - Filling up the DagBag from /opt/airflow/dags/system_dag.py
[2026-03-21T05:14:49.405+0000] {processor.py:925} INFO - DAG(s) 'system_dag' retrieved from /opt/airflow/dags/system_dag.py
[2026-03-21T05:14:49.439+0000] {logging_mixin.py:190} INFO - [2026-03-21T05:14:49.438+0000] {dag.py:3239} INFO - Sync 1 DAGs
[2026-03-21T05:14:49.468+0000] {logging_mixin.py:190} INFO - [2026-03-21T05:14:49.468+0000] {dag.py:4180} INFO - Setting next_dagrun for system_dag to 2026-03-20T00:00:00+00:00, run_after=2026-03-21T00:00:00+00:00
[2026-03-21T05:14:49.489+0000] {processor.py:208} INFO - Processing /opt/airflow/dags/system_dag.py took 0.111 seconds
[2026-03-21T05:15:22.619+0000] {processor.py:186} INFO - Started process (PID=396) to work on /opt/airflow/dags/system_dag.py
[2026-03-21T05:15:22.619+0000] {processor.py:914} INFO - Processing file /opt/airflow/dags/system_dag.py for tasks to queue
[2026-03-21T05:15:22.621+0000] {logging_mixin.py:190} INFO - [2026-03-21T05:15:22.620+0000] {dagbag.py:588} INFO - Filling up the DagBag from /opt/airflow/dags/system_dag.py
[2026-03-21T05:15:22.638+0000] {processor.py:925} INFO - DAG(s) 'system_dag' retrieved from /opt/airflow/dags/system_dag.py
[2026-03-21T05:15:22.670+0000] {logging_mixin.py:190} INFO - [2026-03-21T05:15:22.670+0000] {dag.py:3239} INFO - Sync 1 DAGs
[2026-03-21T05:15:22.698+0000] {logging_mixin.py:190} INFO - [2026-03-21T05:15:22.697+0000] {dag.py:4180} INFO - Setting next_dagrun for system_dag to 2026-03-20T00:00:00+00:00, run_after=2026-03-21T00:00:00+00:00
[2026-03-21T05:15:22.716+0000] {processor.py:208} INFO - Processing /opt/airflow/dags/system_dag.py took 0.104 seconds
[2026-03-21T05:15:54.876+0000] {processor.py:186} INFO - Started process (PID=400) to work on /opt/airflow/dags/system_dag.py
[2026-03-21T05:15:54.877+0000] {processor.py:914} INFO - Processing file /opt/airflow/dags/system_dag.py for tasks to queue
[2026-03-21T05:15:54.879+0000] {logging_mixin.py:190} INFO - [2026-03-21T05:15:54.879+0000] {dagbag.py:588} INFO - Filling up the DagBag from /opt/airflow/dags/system_dag.py
[2026-03-21T05:15:54.898+0000] {processor.py:925} INFO - DAG(s) 'system_dag' retrieved from /opt/airflow/dags/system_dag.py
[2026-03-21T05:15:54.934+0000] {logging_mixin.py:190} INFO - [2026-03-21T05:15:54.934+0000] {dag.py:3239} INFO - Sync 1 DAGs
[2026-03-21T05:15:54.960+0000] {logging_mixin.py:190} INFO - [2026-03-21T05:15:54.960+0000] {dag.py:4180} INFO - Setting next_dagrun for system_dag to 2026-03-20T00:00:00+00:00, run_after=2026-03-21T00:00:00+00:00
[2026-03-21T05:15:54.986+0000] {processor.py:208} INFO - Processing /opt/airflow/dags/system_dag.py took 0.116 seconds
[2026-03-21T05:16:28.152+0000] {processor.py:186} INFO - Started process (PID=404) to work on /opt/airflow/dags/system_dag.py
[2026-03-21T05:16:28.152+0000] {processor.py:914} INFO - Processing file /opt/airflow/dags/system_dag.py for tasks to queue
[2026-03-21T05:16:28.154+0000] {logging_mixin.py:190} INFO - [2026-03-21T05:16:28.153+0000] {dagbag.py:588} INFO - Filling up the DagBag from /opt/airflow/dags/system_dag.py
[2026-03-21T05:16:28.171+0000] {processor.py:925} INFO - DAG(s) 'system_dag' retrieved from /opt/airflow/dags/system_dag.py
[2026-03-21T05:16:28.203+0000] {logging_mixin.py:190} INFO - [2026-03-21T05:16:28.203+0000] {dag.py:3239} INFO - Sync 1 DAGs
[2026-03-21T05:16:28.231+0000] {logging_mixin.py:190} INFO - [2026-03-21T05:16:28.231+0000] {dag.py:4180} INFO - Setting next_dagrun for system_dag to 2026-03-20T00:00:00+00:00, run_after=2026-03-21T00:00:00+00:00
[2026-03-21T05:16:28.250+0000] {processor.py:208} INFO - Processing /opt/airflow/dags/system_dag.py took 0.105 seconds
[2026-03-21T05:17:00.412+0000] {processor.py:186} INFO - Started process (PID=408) to work on /opt/airflow/dags/system_dag.py
[2026-03-21T05:17:00.412+0000] {processor.py:914} INFO - Processing file /opt/airflow/dags/system_dag.py for tasks to queue
[2026-03-21T05:17:00.413+0000] {logging_mixin.py:190} INFO - [2026-03-21T05:17:00.413+0000] {dagbag.py:588} INFO - Filling up the DagBag from /opt/airflow/dags/system_dag.py
[2026-03-21T05:17:00.429+0000] {processor.py:925} INFO - DAG(s) 'system_dag' retrieved from /opt/airflow/dags/system_dag.py
[2026-03-21T05:17:00.461+0000] {logging_mixin.py:190} INFO - [2026-03-21T05:17:00.461+0000] {dag.py:3239} INFO - Sync 1 DAGs
[2026-03-21T05:17:00.486+0000] {logging_mixin.py:190} INFO - [2026-03-21T05:17:00.485+0000] {dag.py:4180} INFO - Setting next_dagrun for system_dag to 2026-03-20T00:00:00+00:00, run_after=2026-03-21T00:00:00+00:00
[2026-03-21T05:17:00.505+0000] {processor.py:208} INFO - Processing /opt/airflow/dags/system_dag.py took 0.100 seconds
[2026-03-21T05:17:33.819+0000] {processor.py:186} INFO - Started process (PID=412) to work on /opt/airflow/dags/system_dag.py
[2026-03-21T05:17:33.819+0000] {processor.py:914} INFO - Processing file /opt/airflow/dags/system_dag.py for tasks to queue
[2026-03-21T05:17:33.821+0000] {logging_mixin.py:190} INFO - [2026-03-21T05:17:33.820+0000] {dagbag.py:588} INFO - Filling up the DagBag from /opt/airflow/dags/system_dag.py
[2026-03-21T05:17:33.840+0000] {processor.py:925} INFO - DAG(s) 'system_dag' retrieved from /opt/airflow/dags/system_dag.py
[2026-03-21T05:17:33.875+0000] {logging_mixin.py:190} INFO - [2026-03-21T05:17:33.875+0000] {dag.py:3239} INFO - Sync 1 DAGs
[2026-03-21T05:17:33.903+0000] {logging_mixin.py:190} INFO - [2026-03-21T05:17:33.903+0000] {dag.py:4180} INFO - Setting next_dagrun for system_dag to 2026-03-20T00:00:00+00:00, run_after=2026-03-21T00:00:00+00:00
[2026-03-21T05:17:33.928+0000] {processor.py:208} INFO - Processing /opt/airflow/dags/system_dag.py took 0.118 seconds
[2026-03-21T05:18:06.129+0000] {processor.py:186} INFO - Started process (PID=416) to work on /opt/airflow/dags/system_dag.py
[2026-03-21T05:18:06.130+0000] {processor.py:914} INFO - Processing file /opt/airflow/dags/system_dag.py for tasks to queue
[2026-03-21T05:18:06.131+0000] {logging_mixin.py:190} INFO - [2026-03-21T05:18:06.131+0000] {dagbag.py:588} INFO - Filling up the DagBag from /opt/airflow/dags/system_dag.py
[2026-03-21T05:18:06.148+0000] {processor.py:925} INFO - DAG(s) 'system_dag' retrieved from /opt/airflow/dags/system_dag.py
[2026-03-21T05:18:06.179+0000] {logging_mixin.py:190} INFO - [2026-03-21T05:18:06.179+0000] {dag.py:3239} INFO - Sync 1 DAGs
[2026-03-21T05:18:06.206+0000] {logging_mixin.py:190} INFO - [2026-03-21T05:18:06.205+0000] {dag.py:4180} INFO - Setting next_dagrun for system_dag to 2026-03-20T00:00:00+00:00, run_after=2026-03-21T00:00:00+00:00
[2026-03-21T05:18:06.226+0000] {processor.py:208} INFO - Processing /opt/airflow/dags/system_dag.py took 0.102 seconds
[2026-03-21T05:18:38.386+0000] {processor.py:186} INFO - Started process (PID=420) to work on /opt/airflow/dags/system_dag.py
[2026-03-21T05:18:38.387+0000] {processor.py:914} INFO - Processing file /opt/airflow/dags/system_dag.py for tasks to queue
[2026-03-21T05:18:38.389+0000] {logging_mixin.py:190} INFO - [2026-03-21T05:18:38.388+0000] {dagbag.py:588} INFO - Filling up the DagBag from /opt/airflow/dags/system_dag.py
[2026-03-21T05:18:38.407+0000] {processor.py:925} INFO - DAG(s) 'system_dag' retrieved from /opt/airflow/dags/system_dag.py
[2026-03-21T05:18:38.440+0000] {logging_mixin.py:190} INFO - [2026-03-21T05:18:38.440+0000] {dag.py:3239} INFO - Sync 1 DAGs
[2026-03-21T05:18:38.465+0000] {logging_mixin.py:190} INFO - [2026-03-21T05:18:38.465+0000] {dag.py:4180} INFO - Setting next_dagrun for system_dag to 2026-03-20T00:00:00+00:00, run_after=2026-03-21T00:00:00+00:00
[2026-03-21T05:18:38.485+0000] {processor.py:208} INFO - Processing /opt/airflow/dags/system_dag.py took 0.106 seconds
[2026-03-21T05:19:11.725+0000] {processor.py:186} INFO - Started process (PID=424) to work on /opt/airflow/dags/system_dag.py
[2026-03-21T05:19:11.726+0000] {processor.py:914} INFO - Processing file /opt/airflow/dags/system_dag.py for tasks to queue
[2026-03-21T05:19:11.727+0000] {logging_mixin.py:190} INFO - [2026-03-21T05:19:11.727+0000] {dagbag.py:588} INFO - Filling up the DagBag from /opt/airflow/dags/system_dag.py
[2026-03-21T05:19:11.748+0000] {processor.py:925} INFO - DAG(s) 'system_dag' retrieved from /opt/airflow/dags/system_dag.py
[2026-03-21T05:19:11.786+0000] {logging_mixin.py:190} INFO - [2026-03-21T05:19:11.786+0000] {dag.py:3239} INFO - Sync 1 DAGs
[2026-03-21T05:19:11.822+0000] {logging_mixin.py:190} INFO - [2026-03-21T05:19:11.822+0000] {dag.py:4180} INFO - Setting next_dagrun for system_dag to 2026-03-20T00:00:00+00:00, run_after=2026-03-21T00:00:00+00:00
[2026-03-21T05:19:11.848+0000] {processor.py:208} INFO - Processing /opt/airflow/dags/system_dag.py took 0.132 seconds
[2026-03-21T05:19:44.217+0000] {processor.py:186} INFO - Started process (PID=428) to work on /opt/airflow/dags/system_dag.py
[2026-03-21T05:19:44.218+0000] {processor.py:914} INFO - Processing file /opt/airflow/dags/system_dag.py for tasks to queue
[2026-03-21T05:19:44.220+0000] {logging_mixin.py:190} INFO - [2026-03-21T05:19:44.219+0000] {dagbag.py:588} INFO - Filling up the DagBag from /opt/airflow/dags/system_dag.py
[2026-03-21T05:19:44.244+0000] {processor.py:925} INFO - DAG(s) 'system_dag' retrieved from /opt/airflow/dags/system_dag.py
[2026-03-21T05:19:44.293+0000] {logging_mixin.py:190} INFO - [2026-03-21T05:19:44.293+0000] {dag.py:3239} INFO - Sync 1 DAGs
[2026-03-21T05:19:44.335+0000] {logging_mixin.py:190} INFO - [2026-03-21T05:19:44.335+0000] {dag.py:4180} INFO - Setting next_dagrun for system_dag to 2026-03-20T00:00:00+00:00, run_after=2026-03-21T00:00:00+00:00
[2026-03-21T05:19:44.363+0000] {processor.py:208} INFO - Processing /opt/airflow/dags/system_dag.py took 0.155 seconds
[2026-03-21T05:20:16.511+0000] {processor.py:186} INFO - Started process (PID=432) to work on /opt/airflow/dags/system_dag.py
[2026-03-21T05:20:16.512+0000] {processor.py:914} INFO - Processing file /opt/airflow/dags/system_dag.py for tasks to queue
[2026-03-21T05:20:16.513+0000] {logging_mixin.py:190} INFO - [2026-03-21T05:20:16.513+0000] {dagbag.py:588} INFO - Filling up the DagBag from /opt/airflow/dags/system_dag.py
[2026-03-21T05:20:16.529+0000] {processor.py:925} INFO - DAG(s) 'system_dag' retrieved from /opt/airflow/dags/system_dag.py
[2026-03-21T05:20:16.562+0000] {logging_mixin.py:190} INFO - [2026-03-21T05:20:16.562+0000] {dag.py:3239} INFO - Sync 1 DAGs
[2026-03-21T05:20:16.588+0000] {logging_mixin.py:190} INFO - [2026-03-21T05:20:16.588+0000] {dag.py:4180} INFO - Setting next_dagrun for system_dag to 2026-03-20T00:00:00+00:00, run_after=2026-03-21T00:00:00+00:00
[2026-03-21T05:20:16.608+0000] {processor.py:208} INFO - Processing /opt/airflow/dags/system_dag.py took 0.103 seconds
[2026-03-21T05:20:49.754+0000] {processor.py:186} INFO - Started process (PID=436) to work on /opt/airflow/dags/system_dag.py
[2026-03-21T05:20:49.755+0000] {processor.py:914} INFO - Processing file /opt/airflow/dags/system_dag.py for tasks to queue
[2026-03-21T05:20:49.756+0000] {logging_mixin.py:190} INFO - [2026-03-21T05:20:49.756+0000] {dagbag.py:588} INFO - Filling up the DagBag from /opt/airflow/dags/system_dag.py
[2026-03-21T05:20:49.775+0000] {processor.py:925} INFO - DAG(s) 'system_dag' retrieved from /opt/airflow/dags/system_dag.py
[2026-03-21T05:20:49.818+0000] {logging_mixin.py:190} INFO - [2026-03-21T05:20:49.818+0000] {dag.py:3239} INFO - Sync 1 DAGs
[2026-03-21T05:20:49.848+0000] {logging_mixin.py:190} INFO - [2026-03-21T05:20:49.848+0000] {dag.py:4180} INFO - Setting next_dagrun for system_dag to 2026-03-20T00:00:00+00:00, run_after=2026-03-21T00:00:00+00:00
[2026-03-21T05:20:49.870+0000] {processor.py:208} INFO - Processing /opt/airflow/dags/system_dag.py took 0.122 seconds
[2026-03-21T05:21:22.027+0000] {processor.py:186} INFO - Started process (PID=440) to work on /opt/airflow/dags/system_dag.py
[2026-03-21T05:21:22.028+0000] {processor.py:914} INFO - Processing file /opt/airflow/dags/system_dag.py for tasks to queue
[2026-03-21T05:21:22.029+0000] {logging_mixin.py:190} INFO - [2026-03-21T05:21:22.029+0000] {dagbag.py:588} INFO - Filling up the DagBag from /opt/airflow/dags/system_dag.py
[2026-03-21T05:21:22.048+0000] {processor.py:925} INFO - DAG(s) 'system_dag' retrieved from /opt/airflow/dags/system_dag.py
[2026-03-21T05:21:22.081+0000] {logging_mixin.py:190} INFO - [2026-03-21T05:21:22.081+0000] {dag.py:3239} INFO - Sync 1 DAGs
[2026-03-21T05:21:22.109+0000] {logging_mixin.py:190} INFO - [2026-03-21T05:21:22.109+0000] {dag.py:4180} INFO - Setting next_dagrun for system_dag to 2026-03-20T00:00:00+00:00, run_after=2026-03-21T00:00:00+00:00
[2026-03-21T05:21:22.133+0000] {processor.py:208} INFO - Processing /opt/airflow/dags/system_dag.py took 0.113 seconds
[2026-03-21T05:21:55.300+0000] {processor.py:186} INFO - Started process (PID=444) to work on /opt/airflow/dags/system_dag.py
[2026-03-21T05:21:55.300+0000] {processor.py:914} INFO - Processing file /opt/airflow/dags/system_dag.py for tasks to queue
[2026-03-21T05:21:55.302+0000] {logging_mixin.py:190} INFO - [2026-03-21T05:21:55.301+0000] {dagbag.py:588} INFO - Filling up the DagBag from /opt/airflow/dags/system_dag.py
[2026-03-21T05:21:55.320+0000] {processor.py:925} INFO - DAG(s) 'system_dag' retrieved from /opt/airflow/dags/system_dag.py
[2026-03-21T05:21:55.362+0000] {logging_mixin.py:190} INFO - [2026-03-21T05:21:55.362+0000] {dag.py:3239} INFO - Sync 1 DAGs
[2026-03-21T05:21:55.402+0000] {logging_mixin.py:190} INFO - [2026-03-21T05:21:55.402+0000] {dag.py:4180} INFO - Setting next_dagrun for system_dag to 2026-03-20T00:00:00+00:00, run_after=2026-03-21T00:00:00+00:00
[2026-03-21T05:21:55.432+0000] {processor.py:208} INFO - Processing /opt/airflow/dags/system_dag.py took 0.139 seconds
[2026-03-21T05:22:27.628+0000] {processor.py:186} INFO - Started process (PID=448) to work on /opt/airflow/dags/system_dag.py
[2026-03-21T05:22:27.629+0000] {processor.py:914} INFO - Processing file /opt/airflow/dags/system_dag.py for tasks to queue
[2026-03-21T05:22:27.631+0000] {logging_mixin.py:190} INFO - [2026-03-21T05:22:27.630+0000] {dagbag.py:588} INFO - Filling up the DagBag from /opt/airflow/dags/system_dag.py
[2026-03-21T05:22:27.650+0000] {processor.py:925} INFO - DAG(s) 'system_dag' retrieved from /opt/airflow/dags/system_dag.py
[2026-03-21T05:22:27.686+0000] {logging_mixin.py:190} INFO - [2026-03-21T05:22:27.686+0000] {dag.py:3239} INFO - Sync 1 DAGs
[2026-03-21T05:22:27.714+0000] {logging_mixin.py:190} INFO - [2026-03-21T05:22:27.714+0000] {dag.py:4180} INFO - Setting next_dagrun for system_dag to 2026-03-20T00:00:00+00:00, run_after=2026-03-21T00:00:00+00:00
[2026-03-21T05:22:27.736+0000] {processor.py:208} INFO - Processing /opt/airflow/dags/system_dag.py took 0.115 seconds
[2026-03-21T05:23:00.970+0000] {processor.py:186} INFO - Started process (PID=452) to work on /opt/airflow/dags/system_dag.py
[2026-03-21T05:23:00.971+0000] {processor.py:914} INFO - Processing file /opt/airflow/dags/system_dag.py for tasks to queue
[2026-03-21T05:23:00.973+0000] {logging_mixin.py:190} INFO - [2026-03-21T05:23:00.972+0000] {dagbag.py:588} INFO - Filling up the DagBag from /opt/airflow/dags/system_dag.py
[2026-03-21T05:23:00.996+0000] {processor.py:925} INFO - DAG(s) 'system_dag' retrieved from /opt/airflow/dags/system_dag.py
[2026-03-21T05:23:01.036+0000] {logging_mixin.py:190} INFO - [2026-03-21T05:23:01.036+0000] {dag.py:3239} INFO - Sync 1 DAGs
[2026-03-21T05:23:01.070+0000] {logging_mixin.py:190} INFO - [2026-03-21T05:23:01.070+0000] {dag.py:4180} INFO - Setting next_dagrun for system_dag to 2026-03-20T00:00:00+00:00, run_after=2026-03-21T00:00:00+00:00
[2026-03-21T05:23:01.093+0000] {processor.py:208} INFO - Processing /opt/airflow/dags/system_dag.py took 0.131 seconds
[2026-03-21T05:23:33.252+0000] {processor.py:186} INFO - Started process (PID=456) to work on /opt/airflow/dags/system_dag.py
[2026-03-21T05:23:33.253+0000] {processor.py:914} INFO - Processing file /opt/airflow/dags/system_dag.py for tasks to queue
[2026-03-21T05:23:33.256+0000] {logging_mixin.py:190} INFO - [2026-03-21T05:23:33.256+0000] {dagbag.py:588} INFO - Filling up the DagBag from /opt/airflow/dags/system_dag.py
[2026-03-21T05:23:33.275+0000] {processor.py:925} INFO - DAG(s) 'system_dag' retrieved from /opt/airflow/dags/system_dag.py
[2026-03-21T05:23:33.312+0000] {logging_mixin.py:190} INFO - [2026-03-21T05:23:33.312+0000] {dag.py:3239} INFO - Sync 1 DAGs
[2026-03-21T05:23:33.343+0000] {logging_mixin.py:190} INFO - [2026-03-21T05:23:33.343+0000] {dag.py:4180} INFO - Setting next_dagrun for system_dag to 2026-03-20T00:00:00+00:00, run_after=2026-03-21T00:00:00+00:00
[2026-03-21T05:23:33.366+0000] {processor.py:208} INFO - Processing /opt/airflow/dags/system_dag.py took 0.121 seconds
[2026-03-21T05:24:06.517+0000] {processor.py:186} INFO - Started process (PID=460) to work on /opt/airflow/dags/system_dag.py
[2026-03-21T05:24:06.518+0000] {processor.py:914} INFO - Processing file /opt/airflow/dags/system_dag.py for tasks to queue
[2026-03-21T05:24:06.519+0000] {logging_mixin.py:190} INFO - [2026-03-21T05:24:06.519+0000] {dagbag.py:588} INFO - Filling up the DagBag from /opt/airflow/dags/system_dag.py
[2026-03-21T05:24:06.538+0000] {processor.py:925} INFO - DAG(s) 'system_dag' retrieved from /opt/airflow/dags/system_dag.py
[2026-03-21T05:24:06.578+0000] {logging_mixin.py:190} INFO - [2026-03-21T05:24:06.578+0000] {dag.py:3239} INFO - Sync 1 DAGs
[2026-03-21T05:24:06.608+0000] {logging_mixin.py:190} INFO - [2026-03-21T05:24:06.607+0000] {dag.py:4180} INFO - Setting next_dagrun for system_dag to 2026-03-20T00:00:00+00:00, run_after=2026-03-21T00:00:00+00:00
[2026-03-21T05:24:06.631+0000] {processor.py:208} INFO - Processing /opt/airflow/dags/system_dag.py took 0.123 seconds
[2026-03-21T05:24:38.779+0000] {processor.py:186} INFO - Started process (PID=464) to work on /opt/airflow/dags/system_dag.py
[2026-03-21T05:24:38.780+0000] {processor.py:914} INFO - Processing file /opt/airflow/dags/system_dag.py for tasks to queue
[2026-03-21T05:24:38.781+0000] {logging_mixin.py:190} INFO - [2026-03-21T05:24:38.781+0000] {dagbag.py:588} INFO - Filling up the DagBag from /opt/airflow/dags/system_dag.py
[2026-03-21T05:24:38.800+0000] {processor.py:925} INFO - DAG(s) 'system_dag' retrieved from /opt/airflow/dags/system_dag.py
[2026-03-21T05:24:38.834+0000] {logging_mixin.py:190} INFO - [2026-03-21T05:24:38.834+0000] {dag.py:3239} INFO - Sync 1 DAGs
[2026-03-21T05:24:38.861+0000] {logging_mixin.py:190} INFO - [2026-03-21T05:24:38.861+0000] {dag.py:4180} INFO - Setting next_dagrun for system_dag to 2026-03-20T00:00:00+00:00, run_after=2026-03-21T00:00:00+00:00
[2026-03-21T05:24:38.887+0000] {processor.py:208} INFO - Processing /opt/airflow/dags/system_dag.py took 0.114 seconds
[2026-03-21T05:25:11.153+0000] {processor.py:186} INFO - Started process (PID=468) to work on /opt/airflow/dags/system_dag.py
[2026-03-21T05:25:11.154+0000] {processor.py:914} INFO - Processing file /opt/airflow/dags/system_dag.py for tasks to queue
[2026-03-21T05:25:11.157+0000] {logging_mixin.py:190} INFO - [2026-03-21T05:25:11.156+0000] {dagbag.py:588} INFO - Filling up the DagBag from /opt/airflow/dags/system_dag.py
[2026-03-21T05:25:11.176+0000] {processor.py:925} INFO - DAG(s) 'system_dag' retrieved from /opt/airflow/dags/system_dag.py
[2026-03-21T05:25:11.218+0000] {logging_mixin.py:190} INFO - [2026-03-21T05:25:11.218+0000] {dag.py:3239} INFO - Sync 1 DAGs
[2026-03-21T05:25:11.252+0000] {logging_mixin.py:190} INFO - [2026-03-21T05:25:11.252+0000] {dag.py:4180} INFO - Setting next_dagrun for system_dag to 2026-03-20T00:00:00+00:00, run_after=2026-03-21T00:00:00+00:00
[2026-03-21T05:25:11.282+0000] {processor.py:208} INFO - Processing /opt/airflow/dags/system_dag.py took 0.135 seconds
[2026-03-21T05:25:44.439+0000] {processor.py:186} INFO - Started process (PID=472) to work on /opt/airflow/dags/system_dag.py
[2026-03-21T05:25:44.439+0000] {processor.py:914} INFO - Processing file /opt/airflow/dags/system_dag.py for tasks to queue
[2026-03-21T05:25:44.441+0000] {logging_mixin.py:190} INFO - [2026-03-21T05:25:44.440+0000] {dagbag.py:588} INFO - Filling up the DagBag from /opt/airflow/dags/system_dag.py
[2026-03-21T05:25:44.459+0000] {processor.py:925} INFO - DAG(s) 'system_dag' retrieved from /opt/airflow/dags/system_dag.py
[2026-03-21T05:25:44.494+0000] {logging_mixin.py:190} INFO - [2026-03-21T05:25:44.494+0000] {dag.py:3239} INFO - Sync 1 DAGs
[2026-03-21T05:25:44.525+0000] {logging_mixin.py:190} INFO - [2026-03-21T05:25:44.525+0000] {dag.py:4180} INFO - Setting next_dagrun for system_dag to 2026-03-20T00:00:00+00:00, run_after=2026-03-21T00:00:00+00:00
[2026-03-21T05:25:44.547+0000] {processor.py:208} INFO - Processing /opt/airflow/dags/system_dag.py took 0.114 seconds
[2026-03-21T05:26:16.692+0000] {processor.py:186} INFO - Started process (PID=476) to work on /opt/airflow/dags/system_dag.py
[2026-03-21T05:26:16.693+0000] {processor.py:914} INFO - Processing file /opt/airflow/dags/system_dag.py for tasks to queue
[2026-03-21T05:26:16.694+0000] {logging_mixin.py:190} INFO - [2026-03-21T05:26:16.694+0000] {dagbag.py:588} INFO - Filling up the DagBag from /opt/airflow/dags/system_dag.py
[2026-03-21T05:26:16.715+0000] {processor.py:925} INFO - DAG(s) 'system_dag' retrieved from /opt/airflow/dags/system_dag.py
[2026-03-21T05:26:16.751+0000] {logging_mixin.py:190} INFO - [2026-03-21T05:26:16.751+0000] {dag.py:3239} INFO - Sync 1 DAGs
[2026-03-21T05:26:16.778+0000] {logging_mixin.py:190} INFO - [2026-03-21T05:26:16.777+0000] {dag.py:4180} INFO - Setting next_dagrun for system_dag to 2026-03-20T00:00:00+00:00, run_after=2026-03-21T00:00:00+00:00
[2026-03-21T05:26:16.800+0000] {processor.py:208} INFO - Processing /opt/airflow/dags/system_dag.py took 0.115 seconds
[2026-03-21T05:26:50.008+0000] {processor.py:186} INFO - Started process (PID=480) to work on /opt/airflow/dags/system_dag.py
[2026-03-21T05:26:50.008+0000] {processor.py:914} INFO - Processing file /opt/airflow/dags/system_dag.py for tasks to queue
[2026-03-21T05:26:50.010+0000] {logging_mixin.py:190} INFO - [2026-03-21T05:26:50.009+0000] {dagbag.py:588} INFO - Filling up the DagBag from /opt/airflow/dags/system_dag.py
[2026-03-21T05:26:50.027+0000] {processor.py:925} INFO - DAG(s) 'system_dag' retrieved from /opt/airflow/dags/system_dag.py
[2026-03-21T05:26:50.061+0000] {logging_mixin.py:190} INFO - [2026-03-21T05:26:50.060+0000] {dag.py:3239} INFO - Sync 1 DAGs
[2026-03-21T05:26:50.087+0000] {logging_mixin.py:190} INFO - [2026-03-21T05:26:50.087+0000] {dag.py:4180} INFO - Setting next_dagrun for system_dag to 2026-03-20T00:00:00+00:00, run_after=2026-03-21T00:00:00+00:00
[2026-03-21T05:26:50.109+0000] {processor.py:208} INFO - Processing /opt/airflow/dags/system_dag.py took 0.108 seconds
[2026-03-21T05:27:22.287+0000] {processor.py:186} INFO - Started process (PID=484) to work on /opt/airflow/dags/system_dag.py
[2026-03-21T05:27:22.288+0000] {processor.py:914} INFO - Processing file /opt/airflow/dags/system_dag.py for tasks to queue
[2026-03-21T05:27:22.290+0000] {logging_mixin.py:190} INFO - [2026-03-21T05:27:22.290+0000] {dagbag.py:588} INFO - Filling up the DagBag from /opt/airflow/dags/system_dag.py
[2026-03-21T05:27:22.311+0000] {processor.py:925} INFO - DAG(s) 'system_dag' retrieved from /opt/airflow/dags/system_dag.py
[2026-03-21T05:27:22.352+0000] {logging_mixin.py:190} INFO - [2026-03-21T05:27:22.351+0000] {dag.py:3239} INFO - Sync 1 DAGs
[2026-03-21T05:27:22.385+0000] {logging_mixin.py:190} INFO - [2026-03-21T05:27:22.385+0000] {dag.py:4180} INFO - Setting next_dagrun for system_dag to 2026-03-20T00:00:00+00:00, run_after=2026-03-21T00:00:00+00:00
[2026-03-21T05:27:22.407+0000] {processor.py:208} INFO - Processing /opt/airflow/dags/system_dag.py took 0.127 seconds
[2026-03-21T05:27:54.815+0000] {processor.py:186} INFO - Started process (PID=488) to work on /opt/airflow/dags/system_dag.py
[2026-03-21T05:27:54.816+0000] {processor.py:914} INFO - Processing file /opt/airflow/dags/system_dag.py for tasks to queue
[2026-03-21T05:27:54.817+0000] {logging_mixin.py:190} INFO - [2026-03-21T05:27:54.817+0000] {dagbag.py:588} INFO - Filling up the DagBag from /opt/airflow/dags/system_dag.py
[2026-03-21T05:27:54.839+0000] {processor.py:925} INFO - DAG(s) 'system_dag' retrieved from /opt/airflow/dags/system_dag.py
[2026-03-21T05:27:54.880+0000] {logging_mixin.py:190} INFO - [2026-03-21T05:27:54.880+0000] {dag.py:3239} INFO - Sync 1 DAGs
[2026-03-21T05:27:54.908+0000] {logging_mixin.py:190} INFO - [2026-03-21T05:27:54.908+0000] {dag.py:4180} INFO - Setting next_dagrun for system_dag to 2026-03-20T00:00:00+00:00, run_after=2026-03-21T00:00:00+00:00
[2026-03-21T05:27:54.928+0000] {processor.py:208} INFO - Processing /opt/airflow/dags/system_dag.py took 0.120 seconds
