[2026-04-04T12:51:37.020+0000] {processor.py:186} INFO - Started process (PID=52) to work on /opt/airflow/dags/etl_datalake_dag.py
[2026-04-04T12:51:37.021+0000] {processor.py:914} INFO - Processing file /opt/airflow/dags/etl_datalake_dag.py for tasks to queue
[2026-04-04T12:51:37.022+0000] {logging_mixin.py:190} INFO - [2026-04-04T12:51:37.022+0000] {dagbag.py:588} INFO - Filling up the DagBag from /opt/airflow/dags/etl_datalake_dag.py
[2026-04-04T12:51:37.082+0000] {processor.py:925} INFO - DAG(s) 'etl_datalake_hive_iceberg' retrieved from /opt/airflow/dags/etl_datalake_dag.py
[2026-04-04T12:51:37.392+0000] {logging_mixin.py:190} INFO - [2026-04-04T12:51:37.391+0000] {override.py:1901} INFO - Created Permission View: can edit on DAG:etl_datalake_hive_iceberg
[2026-04-04T12:51:37.415+0000] {logging_mixin.py:190} INFO - [2026-04-04T12:51:37.414+0000] {override.py:1901} INFO - Created Permission View: can read on DAG:etl_datalake_hive_iceberg
[2026-04-04T12:51:37.435+0000] {logging_mixin.py:190} INFO - [2026-04-04T12:51:37.434+0000] {override.py:1901} INFO - Created Permission View: can delete on DAG:etl_datalake_hive_iceberg
[2026-04-04T12:51:37.458+0000] {logging_mixin.py:190} INFO - [2026-04-04T12:51:37.457+0000] {override.py:1901} INFO - Created Permission View: menu access on DAG Run:etl_datalake_hive_iceberg
[2026-04-04T12:51:37.489+0000] {logging_mixin.py:190} INFO - [2026-04-04T12:51:37.488+0000] {override.py:1901} INFO - Created Permission View: can delete on DAG Run:etl_datalake_hive_iceberg
[2026-04-04T12:51:37.509+0000] {logging_mixin.py:190} INFO - [2026-04-04T12:51:37.508+0000] {override.py:1901} INFO - Created Permission View: can read on DAG Run:etl_datalake_hive_iceberg
[2026-04-04T12:51:37.527+0000] {logging_mixin.py:190} INFO - [2026-04-04T12:51:37.527+0000] {override.py:1901} INFO - Created Permission View: can create on DAG Run:etl_datalake_hive_iceberg
[2026-04-04T12:51:37.528+0000] {logging_mixin.py:190} INFO - [2026-04-04T12:51:37.528+0000] {dag.py:3239} INFO - Sync 1 DAGs
[2026-04-04T12:51:37.581+0000] {logging_mixin.py:190} INFO - [2026-04-04T12:51:37.580+0000] {dag.py:3262} INFO - Creating ORM DAG for etl_datalake_hive_iceberg
[2026-04-04T12:51:37.610+0000] {logging_mixin.py:190} INFO - [2026-04-04T12:51:37.609+0000] {dag.py:4180} INFO - Setting next_dagrun for etl_datalake_hive_iceberg to 2026-04-03T00:00:00+00:00, run_after=2026-04-04T00:00:00+00:00
[2026-04-04T12:51:37.751+0000] {processor.py:208} INFO - Processing /opt/airflow/dags/etl_datalake_dag.py took 0.738 seconds
[2026-04-04T12:52:08.046+0000] {processor.py:186} INFO - Started process (PID=56) to work on /opt/airflow/dags/etl_datalake_dag.py
[2026-04-04T12:52:08.048+0000] {processor.py:914} INFO - Processing file /opt/airflow/dags/etl_datalake_dag.py for tasks to queue
[2026-04-04T12:52:08.051+0000] {logging_mixin.py:190} INFO - [2026-04-04T12:52:08.050+0000] {dagbag.py:588} INFO - Filling up the DagBag from /opt/airflow/dags/etl_datalake_dag.py
[2026-04-04T12:52:08.202+0000] {processor.py:925} INFO - DAG(s) 'etl_datalake_hive_iceberg' retrieved from /opt/airflow/dags/etl_datalake_dag.py
[2026-04-04T12:52:08.475+0000] {logging_mixin.py:190} INFO - [2026-04-04T12:52:08.475+0000] {dag.py:3239} INFO - Sync 1 DAGs
[2026-04-04T12:52:08.681+0000] {logging_mixin.py:190} INFO - [2026-04-04T12:52:08.680+0000] {dag.py:4180} INFO - Setting next_dagrun for etl_datalake_hive_iceberg to 2026-04-03T00:00:00+00:00, run_after=2026-04-04T00:00:00+00:00
[2026-04-04T12:52:08.742+0000] {processor.py:208} INFO - Processing /opt/airflow/dags/etl_datalake_dag.py took 0.787 seconds
[2026-04-04T12:52:39.611+0000] {processor.py:186} INFO - Started process (PID=60) to work on /opt/airflow/dags/etl_datalake_dag.py
[2026-04-04T12:52:39.612+0000] {processor.py:914} INFO - Processing file /opt/airflow/dags/etl_datalake_dag.py for tasks to queue
[2026-04-04T12:52:39.613+0000] {logging_mixin.py:190} INFO - [2026-04-04T12:52:39.613+0000] {dagbag.py:588} INFO - Filling up the DagBag from /opt/airflow/dags/etl_datalake_dag.py
[2026-04-04T12:52:39.640+0000] {processor.py:925} INFO - DAG(s) 'etl_datalake_hive_iceberg' retrieved from /opt/airflow/dags/etl_datalake_dag.py
[2026-04-04T12:52:39.701+0000] {logging_mixin.py:190} INFO - [2026-04-04T12:52:39.701+0000] {dag.py:3239} INFO - Sync 1 DAGs
[2026-04-04T12:52:39.776+0000] {logging_mixin.py:190} INFO - [2026-04-04T12:52:39.775+0000] {dag.py:4180} INFO - Setting next_dagrun for etl_datalake_hive_iceberg to 2026-04-03T00:00:00+00:00, run_after=2026-04-04T00:00:00+00:00
[2026-04-04T12:52:39.812+0000] {processor.py:208} INFO - Processing /opt/airflow/dags/etl_datalake_dag.py took 0.208 seconds
[2026-04-04T12:53:10.438+0000] {processor.py:186} INFO - Started process (PID=64) to work on /opt/airflow/dags/etl_datalake_dag.py
[2026-04-04T12:53:10.439+0000] {processor.py:914} INFO - Processing file /opt/airflow/dags/etl_datalake_dag.py for tasks to queue
[2026-04-04T12:53:10.444+0000] {logging_mixin.py:190} INFO - [2026-04-04T12:53:10.443+0000] {dagbag.py:588} INFO - Filling up the DagBag from /opt/airflow/dags/etl_datalake_dag.py
[2026-04-04T12:53:10.479+0000] {processor.py:925} INFO - DAG(s) 'etl_datalake_hive_iceberg' retrieved from /opt/airflow/dags/etl_datalake_dag.py
[2026-04-04T12:53:10.565+0000] {logging_mixin.py:190} INFO - [2026-04-04T12:53:10.564+0000] {dag.py:3239} INFO - Sync 1 DAGs
[2026-04-04T12:53:10.617+0000] {logging_mixin.py:190} INFO - [2026-04-04T12:53:10.617+0000] {dag.py:4180} INFO - Setting next_dagrun for etl_datalake_hive_iceberg to 2026-04-03T00:00:00+00:00, run_after=2026-04-04T00:00:00+00:00
[2026-04-04T12:53:10.659+0000] {processor.py:208} INFO - Processing /opt/airflow/dags/etl_datalake_dag.py took 0.231 seconds
[2026-04-04T12:53:41.315+0000] {processor.py:186} INFO - Started process (PID=68) to work on /opt/airflow/dags/etl_datalake_dag.py
[2026-04-04T12:53:41.316+0000] {processor.py:914} INFO - Processing file /opt/airflow/dags/etl_datalake_dag.py for tasks to queue
[2026-04-04T12:53:41.317+0000] {logging_mixin.py:190} INFO - [2026-04-04T12:53:41.317+0000] {dagbag.py:588} INFO - Filling up the DagBag from /opt/airflow/dags/etl_datalake_dag.py
[2026-04-04T12:53:41.346+0000] {processor.py:925} INFO - DAG(s) 'etl_datalake_hive_iceberg' retrieved from /opt/airflow/dags/etl_datalake_dag.py
[2026-04-04T12:53:41.422+0000] {logging_mixin.py:190} INFO - [2026-04-04T12:53:41.422+0000] {dag.py:3239} INFO - Sync 1 DAGs
[2026-04-04T12:53:41.491+0000] {logging_mixin.py:190} INFO - [2026-04-04T12:53:41.491+0000] {dag.py:4180} INFO - Setting next_dagrun for etl_datalake_hive_iceberg to 2026-04-03T00:00:00+00:00, run_after=2026-04-04T00:00:00+00:00
[2026-04-04T12:53:41.535+0000] {processor.py:208} INFO - Processing /opt/airflow/dags/etl_datalake_dag.py took 0.227 seconds
[2026-04-04T12:54:12.393+0000] {processor.py:186} INFO - Started process (PID=72) to work on /opt/airflow/dags/etl_datalake_dag.py
[2026-04-04T12:54:12.397+0000] {processor.py:914} INFO - Processing file /opt/airflow/dags/etl_datalake_dag.py for tasks to queue
[2026-04-04T12:54:12.410+0000] {logging_mixin.py:190} INFO - [2026-04-04T12:54:12.407+0000] {dagbag.py:588} INFO - Filling up the DagBag from /opt/airflow/dags/etl_datalake_dag.py
[2026-04-04T12:54:12.552+0000] {processor.py:925} INFO - DAG(s) 'etl_datalake_hive_iceberg' retrieved from /opt/airflow/dags/etl_datalake_dag.py
[2026-04-04T12:54:12.837+0000] {logging_mixin.py:190} INFO - [2026-04-04T12:54:12.837+0000] {dag.py:3239} INFO - Sync 1 DAGs
[2026-04-04T12:54:13.072+0000] {logging_mixin.py:190} INFO - [2026-04-04T12:54:13.072+0000] {dag.py:4180} INFO - Setting next_dagrun for etl_datalake_hive_iceberg to 2026-04-03T00:00:00+00:00, run_after=2026-04-04T00:00:00+00:00
[2026-04-04T12:54:13.139+0000] {processor.py:208} INFO - Processing /opt/airflow/dags/etl_datalake_dag.py took 0.894 seconds
[2026-04-04T12:54:44.037+0000] {processor.py:186} INFO - Started process (PID=76) to work on /opt/airflow/dags/etl_datalake_dag.py
[2026-04-04T12:54:44.038+0000] {processor.py:914} INFO - Processing file /opt/airflow/dags/etl_datalake_dag.py for tasks to queue
[2026-04-04T12:54:44.050+0000] {logging_mixin.py:190} INFO - [2026-04-04T12:54:44.045+0000] {dagbag.py:588} INFO - Filling up the DagBag from /opt/airflow/dags/etl_datalake_dag.py
[2026-04-04T12:54:44.117+0000] {processor.py:925} INFO - DAG(s) 'etl_datalake_hive_iceberg' retrieved from /opt/airflow/dags/etl_datalake_dag.py
[2026-04-04T12:54:44.443+0000] {logging_mixin.py:190} INFO - [2026-04-04T12:54:44.443+0000] {dag.py:3239} INFO - Sync 1 DAGs
[2026-04-04T12:54:44.682+0000] {logging_mixin.py:190} INFO - [2026-04-04T12:54:44.681+0000] {dag.py:4180} INFO - Setting next_dagrun for etl_datalake_hive_iceberg to 2026-04-03T00:00:00+00:00, run_after=2026-04-04T00:00:00+00:00
[2026-04-04T12:54:44.809+0000] {processor.py:208} INFO - Processing /opt/airflow/dags/etl_datalake_dag.py took 0.877 seconds
[2026-04-04T12:55:15.525+0000] {processor.py:186} INFO - Started process (PID=80) to work on /opt/airflow/dags/etl_datalake_dag.py
[2026-04-04T12:55:15.527+0000] {processor.py:914} INFO - Processing file /opt/airflow/dags/etl_datalake_dag.py for tasks to queue
[2026-04-04T12:55:15.531+0000] {logging_mixin.py:190} INFO - [2026-04-04T12:55:15.530+0000] {dagbag.py:588} INFO - Filling up the DagBag from /opt/airflow/dags/etl_datalake_dag.py
[2026-04-04T12:55:15.581+0000] {processor.py:925} INFO - DAG(s) 'etl_datalake_hive_iceberg' retrieved from /opt/airflow/dags/etl_datalake_dag.py
[2026-04-04T12:55:15.651+0000] {logging_mixin.py:190} INFO - [2026-04-04T12:55:15.650+0000] {dag.py:3239} INFO - Sync 1 DAGs
[2026-04-04T12:55:15.719+0000] {logging_mixin.py:190} INFO - [2026-04-04T12:55:15.719+0000] {dag.py:4180} INFO - Setting next_dagrun for etl_datalake_hive_iceberg to 2026-04-03T00:00:00+00:00, run_after=2026-04-04T00:00:00+00:00
[2026-04-04T12:55:15.749+0000] {processor.py:208} INFO - Processing /opt/airflow/dags/etl_datalake_dag.py took 0.237 seconds
[2026-04-04T12:55:46.368+0000] {processor.py:186} INFO - Started process (PID=84) to work on /opt/airflow/dags/etl_datalake_dag.py
[2026-04-04T12:55:46.369+0000] {processor.py:914} INFO - Processing file /opt/airflow/dags/etl_datalake_dag.py for tasks to queue
[2026-04-04T12:55:46.371+0000] {logging_mixin.py:190} INFO - [2026-04-04T12:55:46.371+0000] {dagbag.py:588} INFO - Filling up the DagBag from /opt/airflow/dags/etl_datalake_dag.py
[2026-04-04T12:55:46.414+0000] {processor.py:925} INFO - DAG(s) 'etl_datalake_hive_iceberg' retrieved from /opt/airflow/dags/etl_datalake_dag.py
[2026-04-04T12:55:46.478+0000] {logging_mixin.py:190} INFO - [2026-04-04T12:55:46.477+0000] {dag.py:3239} INFO - Sync 1 DAGs
[2026-04-04T12:55:46.530+0000] {logging_mixin.py:190} INFO - [2026-04-04T12:55:46.529+0000] {dag.py:4180} INFO - Setting next_dagrun for etl_datalake_hive_iceberg to 2026-04-03T00:00:00+00:00, run_after=2026-04-04T00:00:00+00:00
[2026-04-04T12:55:46.566+0000] {processor.py:208} INFO - Processing /opt/airflow/dags/etl_datalake_dag.py took 0.209 seconds
[2026-04-04T12:56:17.074+0000] {processor.py:186} INFO - Started process (PID=88) to work on /opt/airflow/dags/etl_datalake_dag.py
[2026-04-04T12:56:17.075+0000] {processor.py:914} INFO - Processing file /opt/airflow/dags/etl_datalake_dag.py for tasks to queue
[2026-04-04T12:56:17.076+0000] {logging_mixin.py:190} INFO - [2026-04-04T12:56:17.076+0000] {dagbag.py:588} INFO - Filling up the DagBag from /opt/airflow/dags/etl_datalake_dag.py
[2026-04-04T12:56:17.107+0000] {processor.py:925} INFO - DAG(s) 'etl_datalake_hive_iceberg' retrieved from /opt/airflow/dags/etl_datalake_dag.py
[2026-04-04T12:56:17.307+0000] {logging_mixin.py:190} INFO - [2026-04-04T12:56:17.307+0000] {dag.py:3239} INFO - Sync 1 DAGs
[2026-04-04T12:56:17.487+0000] {logging_mixin.py:190} INFO - [2026-04-04T12:56:17.487+0000] {dag.py:4180} INFO - Setting next_dagrun for etl_datalake_hive_iceberg to 2026-04-03T00:00:00+00:00, run_after=2026-04-04T00:00:00+00:00
[2026-04-04T12:56:17.558+0000] {processor.py:208} INFO - Processing /opt/airflow/dags/etl_datalake_dag.py took 0.494 seconds
[2026-04-04T12:56:48.519+0000] {processor.py:186} INFO - Started process (PID=92) to work on /opt/airflow/dags/etl_datalake_dag.py
[2026-04-04T12:56:48.520+0000] {processor.py:914} INFO - Processing file /opt/airflow/dags/etl_datalake_dag.py for tasks to queue
[2026-04-04T12:56:48.523+0000] {logging_mixin.py:190} INFO - [2026-04-04T12:56:48.522+0000] {dagbag.py:588} INFO - Filling up the DagBag from /opt/airflow/dags/etl_datalake_dag.py
[2026-04-04T12:56:48.552+0000] {processor.py:925} INFO - DAG(s) 'etl_datalake_hive_iceberg' retrieved from /opt/airflow/dags/etl_datalake_dag.py
[2026-04-04T12:56:48.611+0000] {logging_mixin.py:190} INFO - [2026-04-04T12:56:48.610+0000] {dag.py:3239} INFO - Sync 1 DAGs
[2026-04-04T12:56:48.653+0000] {logging_mixin.py:190} INFO - [2026-04-04T12:56:48.653+0000] {dag.py:4180} INFO - Setting next_dagrun for etl_datalake_hive_iceberg to 2026-04-03T00:00:00+00:00, run_after=2026-04-04T00:00:00+00:00
[2026-04-04T12:56:48.685+0000] {processor.py:208} INFO - Processing /opt/airflow/dags/etl_datalake_dag.py took 0.178 seconds
[2026-04-04T12:57:19.316+0000] {processor.py:186} INFO - Started process (PID=96) to work on /opt/airflow/dags/etl_datalake_dag.py
[2026-04-04T12:57:19.317+0000] {processor.py:914} INFO - Processing file /opt/airflow/dags/etl_datalake_dag.py for tasks to queue
[2026-04-04T12:57:19.320+0000] {logging_mixin.py:190} INFO - [2026-04-04T12:57:19.320+0000] {dagbag.py:588} INFO - Filling up the DagBag from /opt/airflow/dags/etl_datalake_dag.py
[2026-04-04T12:57:19.359+0000] {processor.py:925} INFO - DAG(s) 'etl_datalake_hive_iceberg' retrieved from /opt/airflow/dags/etl_datalake_dag.py
[2026-04-04T12:57:19.433+0000] {logging_mixin.py:190} INFO - [2026-04-04T12:57:19.433+0000] {dag.py:3239} INFO - Sync 1 DAGs
[2026-04-04T12:57:19.481+0000] {logging_mixin.py:190} INFO - [2026-04-04T12:57:19.481+0000] {dag.py:4180} INFO - Setting next_dagrun for etl_datalake_hive_iceberg to 2026-04-03T00:00:00+00:00, run_after=2026-04-04T00:00:00+00:00
[2026-04-04T12:57:19.512+0000] {processor.py:208} INFO - Processing /opt/airflow/dags/etl_datalake_dag.py took 0.206 seconds
[2026-04-04T12:57:50.213+0000] {processor.py:186} INFO - Started process (PID=100) to work on /opt/airflow/dags/etl_datalake_dag.py
[2026-04-04T12:57:50.214+0000] {processor.py:914} INFO - Processing file /opt/airflow/dags/etl_datalake_dag.py for tasks to queue
[2026-04-04T12:57:50.217+0000] {logging_mixin.py:190} INFO - [2026-04-04T12:57:50.216+0000] {dagbag.py:588} INFO - Filling up the DagBag from /opt/airflow/dags/etl_datalake_dag.py
[2026-04-04T12:57:50.255+0000] {processor.py:925} INFO - DAG(s) 'etl_datalake_hive_iceberg' retrieved from /opt/airflow/dags/etl_datalake_dag.py
[2026-04-04T12:57:50.325+0000] {logging_mixin.py:190} INFO - [2026-04-04T12:57:50.324+0000] {dag.py:3239} INFO - Sync 1 DAGs
[2026-04-04T12:57:50.381+0000] {logging_mixin.py:190} INFO - [2026-04-04T12:57:50.381+0000] {dag.py:4180} INFO - Setting next_dagrun for etl_datalake_hive_iceberg to 2026-04-03T00:00:00+00:00, run_after=2026-04-04T00:00:00+00:00
[2026-04-04T12:57:50.430+0000] {processor.py:208} INFO - Processing /opt/airflow/dags/etl_datalake_dag.py took 0.227 seconds
[2026-04-04T12:58:21.088+0000] {processor.py:186} INFO - Started process (PID=104) to work on /opt/airflow/dags/etl_datalake_dag.py
[2026-04-04T12:58:21.089+0000] {processor.py:914} INFO - Processing file /opt/airflow/dags/etl_datalake_dag.py for tasks to queue
[2026-04-04T12:58:21.090+0000] {logging_mixin.py:190} INFO - [2026-04-04T12:58:21.090+0000] {dagbag.py:588} INFO - Filling up the DagBag from /opt/airflow/dags/etl_datalake_dag.py
[2026-04-04T12:58:21.132+0000] {processor.py:925} INFO - DAG(s) 'etl_datalake_hive_iceberg' retrieved from /opt/airflow/dags/etl_datalake_dag.py
[2026-04-04T12:58:21.212+0000] {logging_mixin.py:190} INFO - [2026-04-04T12:58:21.212+0000] {dag.py:3239} INFO - Sync 1 DAGs
[2026-04-04T12:58:21.269+0000] {logging_mixin.py:190} INFO - [2026-04-04T12:58:21.269+0000] {dag.py:4180} INFO - Setting next_dagrun for etl_datalake_hive_iceberg to 2026-04-03T00:00:00+00:00, run_after=2026-04-04T00:00:00+00:00
[2026-04-04T12:58:21.300+0000] {processor.py:208} INFO - Processing /opt/airflow/dags/etl_datalake_dag.py took 0.227 seconds
[2026-04-04T12:58:52.007+0000] {processor.py:186} INFO - Started process (PID=108) to work on /opt/airflow/dags/etl_datalake_dag.py
[2026-04-04T12:58:52.008+0000] {processor.py:914} INFO - Processing file /opt/airflow/dags/etl_datalake_dag.py for tasks to queue
[2026-04-04T12:58:52.010+0000] {logging_mixin.py:190} INFO - [2026-04-04T12:58:52.009+0000] {dagbag.py:588} INFO - Filling up the DagBag from /opt/airflow/dags/etl_datalake_dag.py
[2026-04-04T12:58:52.047+0000] {processor.py:925} INFO - DAG(s) 'etl_datalake_hive_iceberg' retrieved from /opt/airflow/dags/etl_datalake_dag.py
[2026-04-04T12:58:52.111+0000] {logging_mixin.py:190} INFO - [2026-04-04T12:58:52.111+0000] {dag.py:3239} INFO - Sync 1 DAGs
[2026-04-04T12:58:52.150+0000] {logging_mixin.py:190} INFO - [2026-04-04T12:58:52.149+0000] {dag.py:4180} INFO - Setting next_dagrun for etl_datalake_hive_iceberg to 2026-04-03T00:00:00+00:00, run_after=2026-04-04T00:00:00+00:00
[2026-04-04T12:58:52.182+0000] {processor.py:208} INFO - Processing /opt/airflow/dags/etl_datalake_dag.py took 0.185 seconds
[2026-04-04T12:59:22.763+0000] {processor.py:186} INFO - Started process (PID=112) to work on /opt/airflow/dags/etl_datalake_dag.py
[2026-04-04T12:59:22.765+0000] {processor.py:914} INFO - Processing file /opt/airflow/dags/etl_datalake_dag.py for tasks to queue
[2026-04-04T12:59:22.769+0000] {logging_mixin.py:190} INFO - [2026-04-04T12:59:22.768+0000] {dagbag.py:588} INFO - Filling up the DagBag from /opt/airflow/dags/etl_datalake_dag.py
[2026-04-04T12:59:22.803+0000] {processor.py:925} INFO - DAG(s) 'etl_datalake_hive_iceberg' retrieved from /opt/airflow/dags/etl_datalake_dag.py
[2026-04-04T12:59:22.869+0000] {logging_mixin.py:190} INFO - [2026-04-04T12:59:22.869+0000] {dag.py:3239} INFO - Sync 1 DAGs
[2026-04-04T12:59:23.103+0000] {logging_mixin.py:190} INFO - [2026-04-04T12:59:23.102+0000] {dag.py:4180} INFO - Setting next_dagrun for etl_datalake_hive_iceberg to 2026-04-03T00:00:00+00:00, run_after=2026-04-04T00:00:00+00:00
[2026-04-04T12:59:23.223+0000] {processor.py:208} INFO - Processing /opt/airflow/dags/etl_datalake_dag.py took 0.471 seconds
[2026-04-04T12:59:53.469+0000] {processor.py:186} INFO - Started process (PID=116) to work on /opt/airflow/dags/etl_datalake_dag.py
[2026-04-04T12:59:53.476+0000] {processor.py:914} INFO - Processing file /opt/airflow/dags/etl_datalake_dag.py for tasks to queue
[2026-04-04T12:59:53.492+0000] {logging_mixin.py:190} INFO - [2026-04-04T12:59:53.488+0000] {dagbag.py:588} INFO - Filling up the DagBag from /opt/airflow/dags/etl_datalake_dag.py
[2026-04-04T12:59:53.585+0000] {processor.py:925} INFO - DAG(s) 'etl_datalake_hive_iceberg' retrieved from /opt/airflow/dags/etl_datalake_dag.py
[2026-04-04T12:59:53.653+0000] {logging_mixin.py:190} INFO - [2026-04-04T12:59:53.653+0000] {dag.py:3239} INFO - Sync 1 DAGs
[2026-04-04T12:59:53.725+0000] {logging_mixin.py:190} INFO - [2026-04-04T12:59:53.724+0000] {dag.py:4180} INFO - Setting next_dagrun for etl_datalake_hive_iceberg to 2026-04-03T00:00:00+00:00, run_after=2026-04-04T00:00:00+00:00
[2026-04-04T12:59:53.785+0000] {processor.py:208} INFO - Processing /opt/airflow/dags/etl_datalake_dag.py took 0.335 seconds
[2026-04-04T13:00:24.573+0000] {processor.py:186} INFO - Started process (PID=120) to work on /opt/airflow/dags/etl_datalake_dag.py
[2026-04-04T13:00:24.574+0000] {processor.py:914} INFO - Processing file /opt/airflow/dags/etl_datalake_dag.py for tasks to queue
[2026-04-04T13:00:24.576+0000] {logging_mixin.py:190} INFO - [2026-04-04T13:00:24.575+0000] {dagbag.py:588} INFO - Filling up the DagBag from /opt/airflow/dags/etl_datalake_dag.py
[2026-04-04T13:00:24.602+0000] {processor.py:925} INFO - DAG(s) 'etl_datalake_hive_iceberg' retrieved from /opt/airflow/dags/etl_datalake_dag.py
[2026-04-04T13:00:24.704+0000] {logging_mixin.py:190} INFO - [2026-04-04T13:00:24.704+0000] {dag.py:3239} INFO - Sync 1 DAGs
[2026-04-04T13:00:24.801+0000] {logging_mixin.py:190} INFO - [2026-04-04T13:00:24.800+0000] {dag.py:4180} INFO - Setting next_dagrun for etl_datalake_hive_iceberg to 2026-04-03T00:00:00+00:00, run_after=2026-04-04T00:00:00+00:00
[2026-04-04T13:00:24.896+0000] {processor.py:208} INFO - Processing /opt/airflow/dags/etl_datalake_dag.py took 0.330 seconds
[2026-04-04T13:00:55.524+0000] {processor.py:186} INFO - Started process (PID=124) to work on /opt/airflow/dags/etl_datalake_dag.py
[2026-04-04T13:00:55.525+0000] {processor.py:914} INFO - Processing file /opt/airflow/dags/etl_datalake_dag.py for tasks to queue
[2026-04-04T13:00:55.526+0000] {logging_mixin.py:190} INFO - [2026-04-04T13:00:55.526+0000] {dagbag.py:588} INFO - Filling up the DagBag from /opt/airflow/dags/etl_datalake_dag.py
[2026-04-04T13:00:55.555+0000] {processor.py:925} INFO - DAG(s) 'etl_datalake_hive_iceberg' retrieved from /opt/airflow/dags/etl_datalake_dag.py
[2026-04-04T13:00:55.610+0000] {logging_mixin.py:190} INFO - [2026-04-04T13:00:55.610+0000] {dag.py:3239} INFO - Sync 1 DAGs
[2026-04-04T13:00:55.644+0000] {logging_mixin.py:190} INFO - [2026-04-04T13:00:55.644+0000] {dag.py:4180} INFO - Setting next_dagrun for etl_datalake_hive_iceberg to 2026-04-03T00:00:00+00:00, run_after=2026-04-04T00:00:00+00:00
[2026-04-04T13:00:55.673+0000] {processor.py:208} INFO - Processing /opt/airflow/dags/etl_datalake_dag.py took 0.161 seconds
[2026-04-04T13:01:26.170+0000] {processor.py:186} INFO - Started process (PID=128) to work on /opt/airflow/dags/etl_datalake_dag.py
[2026-04-04T13:01:26.171+0000] {processor.py:914} INFO - Processing file /opt/airflow/dags/etl_datalake_dag.py for tasks to queue
[2026-04-04T13:01:26.172+0000] {logging_mixin.py:190} INFO - [2026-04-04T13:01:26.172+0000] {dagbag.py:588} INFO - Filling up the DagBag from /opt/airflow/dags/etl_datalake_dag.py
[2026-04-04T13:01:26.198+0000] {processor.py:925} INFO - DAG(s) 'etl_datalake_hive_iceberg' retrieved from /opt/airflow/dags/etl_datalake_dag.py
[2026-04-04T13:01:26.250+0000] {logging_mixin.py:190} INFO - [2026-04-04T13:01:26.250+0000] {dag.py:3239} INFO - Sync 1 DAGs
[2026-04-04T13:01:26.295+0000] {logging_mixin.py:190} INFO - [2026-04-04T13:01:26.295+0000] {dag.py:4180} INFO - Setting next_dagrun for etl_datalake_hive_iceberg to 2026-04-03T00:00:00+00:00, run_after=2026-04-04T00:00:00+00:00
[2026-04-04T13:01:26.322+0000] {processor.py:208} INFO - Processing /opt/airflow/dags/etl_datalake_dag.py took 0.160 seconds
[2026-04-04T13:01:56.740+0000] {processor.py:186} INFO - Started process (PID=132) to work on /opt/airflow/dags/etl_datalake_dag.py
[2026-04-04T13:01:56.741+0000] {processor.py:914} INFO - Processing file /opt/airflow/dags/etl_datalake_dag.py for tasks to queue
[2026-04-04T13:01:56.742+0000] {logging_mixin.py:190} INFO - [2026-04-04T13:01:56.742+0000] {dagbag.py:588} INFO - Filling up the DagBag from /opt/airflow/dags/etl_datalake_dag.py
[2026-04-04T13:01:56.769+0000] {processor.py:925} INFO - DAG(s) 'etl_datalake_hive_iceberg' retrieved from /opt/airflow/dags/etl_datalake_dag.py
[2026-04-04T13:01:56.831+0000] {logging_mixin.py:190} INFO - [2026-04-04T13:01:56.831+0000] {dag.py:3239} INFO - Sync 1 DAGs
[2026-04-04T13:01:56.886+0000] {logging_mixin.py:190} INFO - [2026-04-04T13:01:56.886+0000] {dag.py:4180} INFO - Setting next_dagrun for etl_datalake_hive_iceberg to 2026-04-03T00:00:00+00:00, run_after=2026-04-04T00:00:00+00:00
[2026-04-04T13:01:56.938+0000] {processor.py:208} INFO - Processing /opt/airflow/dags/etl_datalake_dag.py took 0.206 seconds
[2026-04-04T13:02:27.407+0000] {processor.py:186} INFO - Started process (PID=136) to work on /opt/airflow/dags/etl_datalake_dag.py
[2026-04-04T13:02:27.408+0000] {processor.py:914} INFO - Processing file /opt/airflow/dags/etl_datalake_dag.py for tasks to queue
[2026-04-04T13:02:27.410+0000] {logging_mixin.py:190} INFO - [2026-04-04T13:02:27.409+0000] {dagbag.py:588} INFO - Filling up the DagBag from /opt/airflow/dags/etl_datalake_dag.py
[2026-04-04T13:02:27.441+0000] {processor.py:925} INFO - DAG(s) 'etl_datalake_hive_iceberg' retrieved from /opt/airflow/dags/etl_datalake_dag.py
[2026-04-04T13:02:27.515+0000] {logging_mixin.py:190} INFO - [2026-04-04T13:02:27.515+0000] {dag.py:3239} INFO - Sync 1 DAGs
[2026-04-04T13:02:27.560+0000] {logging_mixin.py:190} INFO - [2026-04-04T13:02:27.560+0000] {dag.py:4180} INFO - Setting next_dagrun for etl_datalake_hive_iceberg to 2026-04-03T00:00:00+00:00, run_after=2026-04-04T00:00:00+00:00
[2026-04-04T13:02:27.590+0000] {processor.py:208} INFO - Processing /opt/airflow/dags/etl_datalake_dag.py took 0.190 seconds
[2026-04-04T13:02:58.048+0000] {processor.py:186} INFO - Started process (PID=140) to work on /opt/airflow/dags/etl_datalake_dag.py
[2026-04-04T13:02:58.049+0000] {processor.py:914} INFO - Processing file /opt/airflow/dags/etl_datalake_dag.py for tasks to queue
[2026-04-04T13:02:58.051+0000] {logging_mixin.py:190} INFO - [2026-04-04T13:02:58.051+0000] {dagbag.py:588} INFO - Filling up the DagBag from /opt/airflow/dags/etl_datalake_dag.py
[2026-04-04T13:02:58.102+0000] {processor.py:925} INFO - DAG(s) 'etl_datalake_hive_iceberg' retrieved from /opt/airflow/dags/etl_datalake_dag.py
[2026-04-04T13:02:58.197+0000] {logging_mixin.py:190} INFO - [2026-04-04T13:02:58.196+0000] {dag.py:3239} INFO - Sync 1 DAGs
[2026-04-04T13:02:58.260+0000] {logging_mixin.py:190} INFO - [2026-04-04T13:02:58.260+0000] {dag.py:4180} INFO - Setting next_dagrun for etl_datalake_hive_iceberg to 2026-04-03T00:00:00+00:00, run_after=2026-04-04T00:00:00+00:00
[2026-04-04T13:02:58.299+0000] {processor.py:208} INFO - Processing /opt/airflow/dags/etl_datalake_dag.py took 0.263 seconds
[2026-04-04T13:03:28.876+0000] {processor.py:186} INFO - Started process (PID=144) to work on /opt/airflow/dags/etl_datalake_dag.py
[2026-04-04T13:03:28.876+0000] {processor.py:914} INFO - Processing file /opt/airflow/dags/etl_datalake_dag.py for tasks to queue
[2026-04-04T13:03:28.878+0000] {logging_mixin.py:190} INFO - [2026-04-04T13:03:28.878+0000] {dagbag.py:588} INFO - Filling up the DagBag from /opt/airflow/dags/etl_datalake_dag.py
[2026-04-04T13:03:28.909+0000] {processor.py:925} INFO - DAG(s) 'etl_datalake_hive_iceberg' retrieved from /opt/airflow/dags/etl_datalake_dag.py
[2026-04-04T13:03:28.982+0000] {logging_mixin.py:190} INFO - [2026-04-04T13:03:28.982+0000] {dag.py:3239} INFO - Sync 1 DAGs
[2026-04-04T13:03:29.202+0000] {logging_mixin.py:190} INFO - [2026-04-04T13:03:29.202+0000] {dag.py:4180} INFO - Setting next_dagrun for etl_datalake_hive_iceberg to 2026-04-03T00:00:00+00:00, run_after=2026-04-04T00:00:00+00:00
[2026-04-04T13:03:29.250+0000] {processor.py:208} INFO - Processing /opt/airflow/dags/etl_datalake_dag.py took 0.380 seconds
[2026-04-04T13:03:59.994+0000] {processor.py:186} INFO - Started process (PID=148) to work on /opt/airflow/dags/etl_datalake_dag.py
[2026-04-04T13:03:59.995+0000] {processor.py:914} INFO - Processing file /opt/airflow/dags/etl_datalake_dag.py for tasks to queue
[2026-04-04T13:03:59.996+0000] {logging_mixin.py:190} INFO - [2026-04-04T13:03:59.996+0000] {dagbag.py:588} INFO - Filling up the DagBag from /opt/airflow/dags/etl_datalake_dag.py
[2026-04-04T13:04:00.027+0000] {processor.py:925} INFO - DAG(s) 'etl_datalake_hive_iceberg' retrieved from /opt/airflow/dags/etl_datalake_dag.py
[2026-04-04T13:04:00.086+0000] {logging_mixin.py:190} INFO - [2026-04-04T13:04:00.086+0000] {dag.py:3239} INFO - Sync 1 DAGs
[2026-04-04T13:04:00.127+0000] {logging_mixin.py:190} INFO - [2026-04-04T13:04:00.127+0000] {dag.py:4180} INFO - Setting next_dagrun for etl_datalake_hive_iceberg to 2026-04-03T00:00:00+00:00, run_after=2026-04-04T00:00:00+00:00
[2026-04-04T13:04:00.163+0000] {processor.py:208} INFO - Processing /opt/airflow/dags/etl_datalake_dag.py took 0.177 seconds
[2026-04-04T13:04:30.787+0000] {processor.py:186} INFO - Started process (PID=152) to work on /opt/airflow/dags/etl_datalake_dag.py
[2026-04-04T13:04:30.792+0000] {processor.py:914} INFO - Processing file /opt/airflow/dags/etl_datalake_dag.py for tasks to queue
[2026-04-04T13:04:30.804+0000] {logging_mixin.py:190} INFO - [2026-04-04T13:04:30.803+0000] {dagbag.py:588} INFO - Filling up the DagBag from /opt/airflow/dags/etl_datalake_dag.py
[2026-04-04T13:04:31.043+0000] {processor.py:925} INFO - DAG(s) 'etl_datalake_hive_iceberg' retrieved from /opt/airflow/dags/etl_datalake_dag.py
[2026-04-04T13:04:31.428+0000] {logging_mixin.py:190} INFO - [2026-04-04T13:04:31.427+0000] {dag.py:3239} INFO - Sync 1 DAGs
[2026-04-04T13:04:31.636+0000] {logging_mixin.py:190} INFO - [2026-04-04T13:04:31.636+0000] {dag.py:4180} INFO - Setting next_dagrun for etl_datalake_hive_iceberg to 2026-04-03T00:00:00+00:00, run_after=2026-04-04T00:00:00+00:00
[2026-04-04T13:04:31.763+0000] {processor.py:208} INFO - Processing /opt/airflow/dags/etl_datalake_dag.py took 1.026 seconds
[2026-04-04T13:05:02.001+0000] {processor.py:186} INFO - Started process (PID=156) to work on /opt/airflow/dags/etl_datalake_dag.py
[2026-04-04T13:05:02.002+0000] {processor.py:914} INFO - Processing file /opt/airflow/dags/etl_datalake_dag.py for tasks to queue
[2026-04-04T13:05:02.004+0000] {logging_mixin.py:190} INFO - [2026-04-04T13:05:02.004+0000] {dagbag.py:588} INFO - Filling up the DagBag from /opt/airflow/dags/etl_datalake_dag.py
[2026-04-04T13:05:02.049+0000] {processor.py:925} INFO - DAG(s) 'etl_datalake_hive_iceberg' retrieved from /opt/airflow/dags/etl_datalake_dag.py
[2026-04-04T13:05:02.126+0000] {logging_mixin.py:190} INFO - [2026-04-04T13:05:02.126+0000] {dag.py:3239} INFO - Sync 1 DAGs
[2026-04-04T13:05:02.297+0000] {logging_mixin.py:190} INFO - [2026-04-04T13:05:02.297+0000] {dag.py:4180} INFO - Setting next_dagrun for etl_datalake_hive_iceberg to 2026-04-03T00:00:00+00:00, run_after=2026-04-04T00:00:00+00:00
[2026-04-04T13:05:02.432+0000] {processor.py:208} INFO - Processing /opt/airflow/dags/etl_datalake_dag.py took 0.440 seconds
[2026-04-04T13:05:33.299+0000] {processor.py:186} INFO - Started process (PID=160) to work on /opt/airflow/dags/etl_datalake_dag.py
[2026-04-04T13:05:33.300+0000] {processor.py:914} INFO - Processing file /opt/airflow/dags/etl_datalake_dag.py for tasks to queue
[2026-04-04T13:05:33.326+0000] {logging_mixin.py:190} INFO - [2026-04-04T13:05:33.318+0000] {dagbag.py:588} INFO - Filling up the DagBag from /opt/airflow/dags/etl_datalake_dag.py
[2026-04-04T13:05:33.434+0000] {processor.py:925} INFO - DAG(s) 'etl_datalake_hive_iceberg' retrieved from /opt/airflow/dags/etl_datalake_dag.py
[2026-04-04T13:05:33.742+0000] {logging_mixin.py:190} INFO - [2026-04-04T13:05:33.742+0000] {dag.py:3239} INFO - Sync 1 DAGs
[2026-04-04T13:05:34.091+0000] {logging_mixin.py:190} INFO - [2026-04-04T13:05:34.091+0000] {dag.py:4180} INFO - Setting next_dagrun for etl_datalake_hive_iceberg to 2026-04-03T00:00:00+00:00, run_after=2026-04-04T00:00:00+00:00
[2026-04-04T13:05:34.232+0000] {processor.py:208} INFO - Processing /opt/airflow/dags/etl_datalake_dag.py took 0.940 seconds
[2026-04-04T13:06:05.074+0000] {processor.py:186} INFO - Started process (PID=164) to work on /opt/airflow/dags/etl_datalake_dag.py
[2026-04-04T13:06:05.081+0000] {processor.py:914} INFO - Processing file /opt/airflow/dags/etl_datalake_dag.py for tasks to queue
[2026-04-04T13:06:05.125+0000] {logging_mixin.py:190} INFO - [2026-04-04T13:06:05.121+0000] {dagbag.py:588} INFO - Filling up the DagBag from /opt/airflow/dags/etl_datalake_dag.py
[2026-04-04T13:06:05.409+0000] {processor.py:925} INFO - DAG(s) 'etl_datalake_hive_iceberg' retrieved from /opt/airflow/dags/etl_datalake_dag.py
[2026-04-04T13:06:05.648+0000] {logging_mixin.py:190} INFO - [2026-04-04T13:06:05.648+0000] {dag.py:3239} INFO - Sync 1 DAGs
[2026-04-04T13:06:05.947+0000] {logging_mixin.py:190} INFO - [2026-04-04T13:06:05.947+0000] {dag.py:4180} INFO - Setting next_dagrun for etl_datalake_hive_iceberg to 2026-04-03T00:00:00+00:00, run_after=2026-04-04T00:00:00+00:00
[2026-04-04T13:06:06.062+0000] {processor.py:208} INFO - Processing /opt/airflow/dags/etl_datalake_dag.py took 1.033 seconds
[2026-04-04T13:06:36.898+0000] {processor.py:186} INFO - Started process (PID=168) to work on /opt/airflow/dags/etl_datalake_dag.py
[2026-04-04T13:06:36.908+0000] {processor.py:914} INFO - Processing file /opt/airflow/dags/etl_datalake_dag.py for tasks to queue
[2026-04-04T13:06:36.931+0000] {logging_mixin.py:190} INFO - [2026-04-04T13:06:36.928+0000] {dagbag.py:588} INFO - Filling up the DagBag from /opt/airflow/dags/etl_datalake_dag.py
[2026-04-04T13:06:37.253+0000] {processor.py:925} INFO - DAG(s) 'etl_datalake_hive_iceberg' retrieved from /opt/airflow/dags/etl_datalake_dag.py
[2026-04-04T13:06:37.535+0000] {logging_mixin.py:190} INFO - [2026-04-04T13:06:37.535+0000] {dag.py:3239} INFO - Sync 1 DAGs
[2026-04-04T13:06:37.706+0000] {logging_mixin.py:190} INFO - [2026-04-04T13:06:37.706+0000] {dag.py:4180} INFO - Setting next_dagrun for etl_datalake_hive_iceberg to 2026-04-03T00:00:00+00:00, run_after=2026-04-04T00:00:00+00:00
[2026-04-04T13:06:37.742+0000] {processor.py:208} INFO - Processing /opt/airflow/dags/etl_datalake_dag.py took 1.041 seconds
[2026-04-04T13:07:08.425+0000] {processor.py:186} INFO - Started process (PID=172) to work on /opt/airflow/dags/etl_datalake_dag.py
[2026-04-04T13:07:08.427+0000] {processor.py:914} INFO - Processing file /opt/airflow/dags/etl_datalake_dag.py for tasks to queue
[2026-04-04T13:07:08.437+0000] {logging_mixin.py:190} INFO - [2026-04-04T13:07:08.436+0000] {dagbag.py:588} INFO - Filling up the DagBag from /opt/airflow/dags/etl_datalake_dag.py
[2026-04-04T13:07:08.541+0000] {processor.py:925} INFO - DAG(s) 'etl_datalake_hive_iceberg' retrieved from /opt/airflow/dags/etl_datalake_dag.py
[2026-04-04T13:07:08.773+0000] {logging_mixin.py:190} INFO - [2026-04-04T13:07:08.773+0000] {dag.py:3239} INFO - Sync 1 DAGs
[2026-04-04T13:07:08.997+0000] {logging_mixin.py:190} INFO - [2026-04-04T13:07:08.997+0000] {dag.py:4180} INFO - Setting next_dagrun for etl_datalake_hive_iceberg to 2026-04-03T00:00:00+00:00, run_after=2026-04-04T00:00:00+00:00
[2026-04-04T13:07:09.119+0000] {processor.py:208} INFO - Processing /opt/airflow/dags/etl_datalake_dag.py took 0.705 seconds
[2026-04-04T13:07:39.919+0000] {processor.py:186} INFO - Started process (PID=176) to work on /opt/airflow/dags/etl_datalake_dag.py
[2026-04-04T13:07:39.920+0000] {processor.py:914} INFO - Processing file /opt/airflow/dags/etl_datalake_dag.py for tasks to queue
[2026-04-04T13:07:39.922+0000] {logging_mixin.py:190} INFO - [2026-04-04T13:07:39.921+0000] {dagbag.py:588} INFO - Filling up the DagBag from /opt/airflow/dags/etl_datalake_dag.py
[2026-04-04T13:07:39.984+0000] {processor.py:925} INFO - DAG(s) 'etl_datalake_hive_iceberg' retrieved from /opt/airflow/dags/etl_datalake_dag.py
[2026-04-04T13:07:40.230+0000] {logging_mixin.py:190} INFO - [2026-04-04T13:07:40.230+0000] {dag.py:3239} INFO - Sync 1 DAGs
[2026-04-04T13:07:40.389+0000] {logging_mixin.py:190} INFO - [2026-04-04T13:07:40.389+0000] {dag.py:4180} INFO - Setting next_dagrun for etl_datalake_hive_iceberg to 2026-04-03T00:00:00+00:00, run_after=2026-04-04T00:00:00+00:00
[2026-04-04T13:07:40.476+0000] {processor.py:208} INFO - Processing /opt/airflow/dags/etl_datalake_dag.py took 0.566 seconds
[2026-04-04T13:08:11.297+0000] {processor.py:186} INFO - Started process (PID=180) to work on /opt/airflow/dags/etl_datalake_dag.py
[2026-04-04T13:08:11.298+0000] {processor.py:914} INFO - Processing file /opt/airflow/dags/etl_datalake_dag.py for tasks to queue
[2026-04-04T13:08:11.303+0000] {logging_mixin.py:190} INFO - [2026-04-04T13:08:11.302+0000] {dagbag.py:588} INFO - Filling up the DagBag from /opt/airflow/dags/etl_datalake_dag.py
[2026-04-04T13:08:11.340+0000] {processor.py:925} INFO - DAG(s) 'etl_datalake_hive_iceberg' retrieved from /opt/airflow/dags/etl_datalake_dag.py
[2026-04-04T13:08:11.409+0000] {logging_mixin.py:190} INFO - [2026-04-04T13:08:11.408+0000] {dag.py:3239} INFO - Sync 1 DAGs
[2026-04-04T13:08:11.462+0000] {logging_mixin.py:190} INFO - [2026-04-04T13:08:11.462+0000] {dag.py:4180} INFO - Setting next_dagrun for etl_datalake_hive_iceberg to 2026-04-03T00:00:00+00:00, run_after=2026-04-04T00:00:00+00:00
[2026-04-04T13:08:11.523+0000] {processor.py:208} INFO - Processing /opt/airflow/dags/etl_datalake_dag.py took 0.245 seconds
[2026-04-04T13:08:41.970+0000] {processor.py:186} INFO - Started process (PID=184) to work on /opt/airflow/dags/etl_datalake_dag.py
[2026-04-04T13:08:41.971+0000] {processor.py:914} INFO - Processing file /opt/airflow/dags/etl_datalake_dag.py for tasks to queue
[2026-04-04T13:08:41.973+0000] {logging_mixin.py:190} INFO - [2026-04-04T13:08:41.973+0000] {dagbag.py:588} INFO - Filling up the DagBag from /opt/airflow/dags/etl_datalake_dag.py
[2026-04-04T13:08:42.006+0000] {processor.py:925} INFO - DAG(s) 'etl_datalake_hive_iceberg' retrieved from /opt/airflow/dags/etl_datalake_dag.py
[2026-04-04T13:08:42.070+0000] {logging_mixin.py:190} INFO - [2026-04-04T13:08:42.070+0000] {dag.py:3239} INFO - Sync 1 DAGs
[2026-04-04T13:08:42.162+0000] {logging_mixin.py:190} INFO - [2026-04-04T13:08:42.162+0000] {dag.py:4180} INFO - Setting next_dagrun for etl_datalake_hive_iceberg to 2026-04-03T00:00:00+00:00, run_after=2026-04-04T00:00:00+00:00
[2026-04-04T13:08:42.209+0000] {processor.py:208} INFO - Processing /opt/airflow/dags/etl_datalake_dag.py took 0.249 seconds
[2026-04-04T13:09:13.099+0000] {processor.py:186} INFO - Started process (PID=188) to work on /opt/airflow/dags/etl_datalake_dag.py
[2026-04-04T13:09:13.099+0000] {processor.py:914} INFO - Processing file /opt/airflow/dags/etl_datalake_dag.py for tasks to queue
[2026-04-04T13:09:13.101+0000] {logging_mixin.py:190} INFO - [2026-04-04T13:09:13.101+0000] {dagbag.py:588} INFO - Filling up the DagBag from /opt/airflow/dags/etl_datalake_dag.py
[2026-04-04T13:09:13.133+0000] {processor.py:925} INFO - DAG(s) 'etl_datalake_hive_iceberg' retrieved from /opt/airflow/dags/etl_datalake_dag.py
[2026-04-04T13:09:13.198+0000] {logging_mixin.py:190} INFO - [2026-04-04T13:09:13.197+0000] {dag.py:3239} INFO - Sync 1 DAGs
[2026-04-04T13:09:13.251+0000] {logging_mixin.py:190} INFO - [2026-04-04T13:09:13.251+0000] {dag.py:4180} INFO - Setting next_dagrun for etl_datalake_hive_iceberg to 2026-04-03T00:00:00+00:00, run_after=2026-04-04T00:00:00+00:00
[2026-04-04T13:09:13.280+0000] {processor.py:208} INFO - Processing /opt/airflow/dags/etl_datalake_dag.py took 0.191 seconds
[2026-04-04T13:09:44.168+0000] {processor.py:186} INFO - Started process (PID=192) to work on /opt/airflow/dags/etl_datalake_dag.py
[2026-04-04T13:09:44.169+0000] {processor.py:914} INFO - Processing file /opt/airflow/dags/etl_datalake_dag.py for tasks to queue
[2026-04-04T13:09:44.196+0000] {logging_mixin.py:190} INFO - [2026-04-04T13:09:44.192+0000] {dagbag.py:588} INFO - Filling up the DagBag from /opt/airflow/dags/etl_datalake_dag.py
[2026-04-04T13:09:44.466+0000] {processor.py:925} INFO - DAG(s) 'etl_datalake_hive_iceberg' retrieved from /opt/airflow/dags/etl_datalake_dag.py
[2026-04-04T13:09:44.855+0000] {logging_mixin.py:190} INFO - [2026-04-04T13:09:44.855+0000] {dag.py:3239} INFO - Sync 1 DAGs
[2026-04-04T13:09:45.135+0000] {logging_mixin.py:190} INFO - [2026-04-04T13:09:45.134+0000] {dag.py:4180} INFO - Setting next_dagrun for etl_datalake_hive_iceberg to 2026-04-03T00:00:00+00:00, run_after=2026-04-04T00:00:00+00:00
[2026-04-04T13:09:45.303+0000] {processor.py:208} INFO - Processing /opt/airflow/dags/etl_datalake_dag.py took 1.233 seconds
[2026-04-04T13:10:16.075+0000] {processor.py:186} INFO - Started process (PID=196) to work on /opt/airflow/dags/etl_datalake_dag.py
[2026-04-04T13:10:16.076+0000] {processor.py:914} INFO - Processing file /opt/airflow/dags/etl_datalake_dag.py for tasks to queue
[2026-04-04T13:10:16.077+0000] {logging_mixin.py:190} INFO - [2026-04-04T13:10:16.077+0000] {dagbag.py:588} INFO - Filling up the DagBag from /opt/airflow/dags/etl_datalake_dag.py
[2026-04-04T13:10:16.110+0000] {processor.py:925} INFO - DAG(s) 'etl_datalake_hive_iceberg' retrieved from /opt/airflow/dags/etl_datalake_dag.py
[2026-04-04T13:10:16.170+0000] {logging_mixin.py:190} INFO - [2026-04-04T13:10:16.170+0000] {dag.py:3239} INFO - Sync 1 DAGs
[2026-04-04T13:10:16.215+0000] {logging_mixin.py:190} INFO - [2026-04-04T13:10:16.215+0000] {dag.py:4180} INFO - Setting next_dagrun for etl_datalake_hive_iceberg to 2026-04-03T00:00:00+00:00, run_after=2026-04-04T00:00:00+00:00
[2026-04-04T13:10:16.247+0000] {processor.py:208} INFO - Processing /opt/airflow/dags/etl_datalake_dag.py took 0.183 seconds
[2026-04-04T13:10:46.947+0000] {processor.py:186} INFO - Started process (PID=200) to work on /opt/airflow/dags/etl_datalake_dag.py
[2026-04-04T13:10:46.948+0000] {processor.py:914} INFO - Processing file /opt/airflow/dags/etl_datalake_dag.py for tasks to queue
[2026-04-04T13:10:46.951+0000] {logging_mixin.py:190} INFO - [2026-04-04T13:10:46.951+0000] {dagbag.py:588} INFO - Filling up the DagBag from /opt/airflow/dags/etl_datalake_dag.py
[2026-04-04T13:10:47.042+0000] {processor.py:925} INFO - DAG(s) 'etl_datalake_hive_iceberg' retrieved from /opt/airflow/dags/etl_datalake_dag.py
[2026-04-04T13:10:47.191+0000] {logging_mixin.py:190} INFO - [2026-04-04T13:10:47.191+0000] {dag.py:3239} INFO - Sync 1 DAGs
[2026-04-04T13:10:47.355+0000] {logging_mixin.py:190} INFO - [2026-04-04T13:10:47.355+0000] {dag.py:4180} INFO - Setting next_dagrun for etl_datalake_hive_iceberg to 2026-04-03T00:00:00+00:00, run_after=2026-04-04T00:00:00+00:00
[2026-04-04T13:10:47.417+0000] {processor.py:208} INFO - Processing /opt/airflow/dags/etl_datalake_dag.py took 0.482 seconds
[2026-04-04T13:11:17.783+0000] {processor.py:186} INFO - Started process (PID=204) to work on /opt/airflow/dags/etl_datalake_dag.py
[2026-04-04T13:11:17.784+0000] {processor.py:914} INFO - Processing file /opt/airflow/dags/etl_datalake_dag.py for tasks to queue
[2026-04-04T13:11:17.786+0000] {logging_mixin.py:190} INFO - [2026-04-04T13:11:17.785+0000] {dagbag.py:588} INFO - Filling up the DagBag from /opt/airflow/dags/etl_datalake_dag.py
[2026-04-04T13:11:17.934+0000] {processor.py:925} INFO - DAG(s) 'etl_datalake_hive_iceberg' retrieved from /opt/airflow/dags/etl_datalake_dag.py
[2026-04-04T13:11:18.310+0000] {logging_mixin.py:190} INFO - [2026-04-04T13:11:18.310+0000] {dag.py:3239} INFO - Sync 1 DAGs
[2026-04-04T13:11:18.576+0000] {logging_mixin.py:190} INFO - [2026-04-04T13:11:18.575+0000] {dag.py:4180} INFO - Setting next_dagrun for etl_datalake_hive_iceberg to 2026-04-03T00:00:00+00:00, run_after=2026-04-04T00:00:00+00:00
[2026-04-04T13:11:18.704+0000] {processor.py:208} INFO - Processing /opt/airflow/dags/etl_datalake_dag.py took 0.992 seconds
[2026-04-04T13:11:48.842+0000] {processor.py:186} INFO - Started process (PID=207) to work on /opt/airflow/dags/etl_datalake_dag.py
[2026-04-04T13:11:48.843+0000] {processor.py:914} INFO - Processing file /opt/airflow/dags/etl_datalake_dag.py for tasks to queue
[2026-04-04T13:11:48.846+0000] {logging_mixin.py:190} INFO - [2026-04-04T13:11:48.846+0000] {dagbag.py:588} INFO - Filling up the DagBag from /opt/airflow/dags/etl_datalake_dag.py
[2026-04-04T13:11:48.967+0000] {processor.py:925} INFO - DAG(s) 'etl_datalake_hive_iceberg' retrieved from /opt/airflow/dags/etl_datalake_dag.py
[2026-04-04T13:11:49.212+0000] {logging_mixin.py:190} INFO - [2026-04-04T13:11:49.212+0000] {dag.py:3239} INFO - Sync 1 DAGs
[2026-04-04T13:11:49.375+0000] {logging_mixin.py:190} INFO - [2026-04-04T13:11:49.374+0000] {dag.py:4180} INFO - Setting next_dagrun for etl_datalake_hive_iceberg to 2026-04-03T00:00:00+00:00, run_after=2026-04-04T00:00:00+00:00
[2026-04-04T13:11:49.524+0000] {processor.py:208} INFO - Processing /opt/airflow/dags/etl_datalake_dag.py took 0.699 seconds
[2026-04-04T13:12:20.657+0000] {processor.py:186} INFO - Started process (PID=212) to work on /opt/airflow/dags/etl_datalake_dag.py
[2026-04-04T13:12:20.666+0000] {processor.py:914} INFO - Processing file /opt/airflow/dags/etl_datalake_dag.py for tasks to queue
[2026-04-04T13:12:20.671+0000] {logging_mixin.py:190} INFO - [2026-04-04T13:12:20.670+0000] {dagbag.py:588} INFO - Filling up the DagBag from /opt/airflow/dags/etl_datalake_dag.py
[2026-04-04T13:12:20.778+0000] {processor.py:925} INFO - DAG(s) 'etl_datalake_hive_iceberg' retrieved from /opt/airflow/dags/etl_datalake_dag.py
[2026-04-04T13:12:21.021+0000] {logging_mixin.py:190} INFO - [2026-04-04T13:12:21.020+0000] {dag.py:3239} INFO - Sync 1 DAGs
[2026-04-04T13:12:21.117+0000] {logging_mixin.py:190} INFO - [2026-04-04T13:12:21.117+0000] {dag.py:4180} INFO - Setting next_dagrun for etl_datalake_hive_iceberg to 2026-04-03T00:00:00+00:00, run_after=2026-04-04T00:00:00+00:00
[2026-04-04T13:12:21.160+0000] {processor.py:208} INFO - Processing /opt/airflow/dags/etl_datalake_dag.py took 0.648 seconds
[2026-04-04T13:12:52.046+0000] {processor.py:186} INFO - Started process (PID=216) to work on /opt/airflow/dags/etl_datalake_dag.py
[2026-04-04T13:12:52.049+0000] {processor.py:914} INFO - Processing file /opt/airflow/dags/etl_datalake_dag.py for tasks to queue
[2026-04-04T13:12:52.053+0000] {logging_mixin.py:190} INFO - [2026-04-04T13:12:52.053+0000] {dagbag.py:588} INFO - Filling up the DagBag from /opt/airflow/dags/etl_datalake_dag.py
[2026-04-04T13:12:52.243+0000] {processor.py:925} INFO - DAG(s) 'etl_datalake_hive_iceberg' retrieved from /opt/airflow/dags/etl_datalake_dag.py
[2026-04-04T13:12:52.389+0000] {logging_mixin.py:190} INFO - [2026-04-04T13:12:52.389+0000] {dag.py:3239} INFO - Sync 1 DAGs
[2026-04-04T13:12:52.466+0000] {logging_mixin.py:190} INFO - [2026-04-04T13:12:52.465+0000] {dag.py:4180} INFO - Setting next_dagrun for etl_datalake_hive_iceberg to 2026-04-03T00:00:00+00:00, run_after=2026-04-04T00:00:00+00:00
[2026-04-04T13:12:52.533+0000] {processor.py:208} INFO - Processing /opt/airflow/dags/etl_datalake_dag.py took 0.527 seconds
[2026-04-04T13:13:23.499+0000] {processor.py:186} INFO - Started process (PID=220) to work on /opt/airflow/dags/etl_datalake_dag.py
[2026-04-04T13:13:23.500+0000] {processor.py:914} INFO - Processing file /opt/airflow/dags/etl_datalake_dag.py for tasks to queue
[2026-04-04T13:13:23.503+0000] {logging_mixin.py:190} INFO - [2026-04-04T13:13:23.502+0000] {dagbag.py:588} INFO - Filling up the DagBag from /opt/airflow/dags/etl_datalake_dag.py
[2026-04-04T13:13:23.620+0000] {processor.py:925} INFO - DAG(s) 'etl_datalake_hive_iceberg' retrieved from /opt/airflow/dags/etl_datalake_dag.py
[2026-04-04T13:13:23.761+0000] {logging_mixin.py:190} INFO - [2026-04-04T13:13:23.761+0000] {dag.py:3239} INFO - Sync 1 DAGs
[2026-04-04T13:13:24.059+0000] {logging_mixin.py:190} INFO - [2026-04-04T13:13:24.059+0000] {dag.py:4180} INFO - Setting next_dagrun for etl_datalake_hive_iceberg to 2026-04-03T00:00:00+00:00, run_after=2026-04-04T00:00:00+00:00
[2026-04-04T13:13:24.120+0000] {processor.py:208} INFO - Processing /opt/airflow/dags/etl_datalake_dag.py took 0.641 seconds
[2026-04-04T13:13:54.429+0000] {processor.py:186} INFO - Started process (PID=224) to work on /opt/airflow/dags/etl_datalake_dag.py
[2026-04-04T13:13:54.430+0000] {processor.py:914} INFO - Processing file /opt/airflow/dags/etl_datalake_dag.py for tasks to queue
[2026-04-04T13:13:54.433+0000] {logging_mixin.py:190} INFO - [2026-04-04T13:13:54.432+0000] {dagbag.py:588} INFO - Filling up the DagBag from /opt/airflow/dags/etl_datalake_dag.py
[2026-04-04T13:13:54.709+0000] {processor.py:925} INFO - DAG(s) 'etl_datalake_hive_iceberg' retrieved from /opt/airflow/dags/etl_datalake_dag.py
[2026-04-04T13:13:55.049+0000] {logging_mixin.py:190} INFO - [2026-04-04T13:13:55.049+0000] {dag.py:3239} INFO - Sync 1 DAGs
[2026-04-04T13:13:55.188+0000] {logging_mixin.py:190} INFO - [2026-04-04T13:13:55.188+0000] {dag.py:4180} INFO - Setting next_dagrun for etl_datalake_hive_iceberg to 2026-04-03T00:00:00+00:00, run_after=2026-04-04T00:00:00+00:00
[2026-04-04T13:13:55.260+0000] {processor.py:208} INFO - Processing /opt/airflow/dags/etl_datalake_dag.py took 0.839 seconds
[2026-04-04T13:14:25.459+0000] {processor.py:186} INFO - Started process (PID=228) to work on /opt/airflow/dags/etl_datalake_dag.py
[2026-04-04T13:14:25.460+0000] {processor.py:914} INFO - Processing file /opt/airflow/dags/etl_datalake_dag.py for tasks to queue
[2026-04-04T13:14:25.462+0000] {logging_mixin.py:190} INFO - [2026-04-04T13:14:25.462+0000] {dagbag.py:588} INFO - Filling up the DagBag from /opt/airflow/dags/etl_datalake_dag.py
[2026-04-04T13:14:25.510+0000] {processor.py:925} INFO - DAG(s) 'etl_datalake_hive_iceberg' retrieved from /opt/airflow/dags/etl_datalake_dag.py
[2026-04-04T13:14:25.580+0000] {logging_mixin.py:190} INFO - [2026-04-04T13:14:25.580+0000] {dag.py:3239} INFO - Sync 1 DAGs
[2026-04-04T13:14:25.636+0000] {logging_mixin.py:190} INFO - [2026-04-04T13:14:25.636+0000] {dag.py:4180} INFO - Setting next_dagrun for etl_datalake_hive_iceberg to 2026-04-03T00:00:00+00:00, run_after=2026-04-04T00:00:00+00:00
[2026-04-04T13:14:25.664+0000] {processor.py:208} INFO - Processing /opt/airflow/dags/etl_datalake_dag.py took 0.213 seconds
[2026-04-04T13:14:56.436+0000] {processor.py:186} INFO - Started process (PID=232) to work on /opt/airflow/dags/etl_datalake_dag.py
[2026-04-04T13:14:56.438+0000] {processor.py:914} INFO - Processing file /opt/airflow/dags/etl_datalake_dag.py for tasks to queue
[2026-04-04T13:14:56.442+0000] {logging_mixin.py:190} INFO - [2026-04-04T13:14:56.441+0000] {dagbag.py:588} INFO - Filling up the DagBag from /opt/airflow/dags/etl_datalake_dag.py
[2026-04-04T13:14:56.524+0000] {processor.py:925} INFO - DAG(s) 'etl_datalake_hive_iceberg' retrieved from /opt/airflow/dags/etl_datalake_dag.py
[2026-04-04T13:14:56.653+0000] {logging_mixin.py:190} INFO - [2026-04-04T13:14:56.652+0000] {dag.py:3239} INFO - Sync 1 DAGs
[2026-04-04T13:14:56.741+0000] {logging_mixin.py:190} INFO - [2026-04-04T13:14:56.741+0000] {dag.py:4180} INFO - Setting next_dagrun for etl_datalake_hive_iceberg to 2026-04-03T00:00:00+00:00, run_after=2026-04-04T00:00:00+00:00
[2026-04-04T13:14:56.790+0000] {processor.py:208} INFO - Processing /opt/airflow/dags/etl_datalake_dag.py took 0.376 seconds
[2026-04-04T13:15:27.054+0000] {processor.py:186} INFO - Started process (PID=236) to work on /opt/airflow/dags/etl_datalake_dag.py
[2026-04-04T13:15:27.057+0000] {processor.py:914} INFO - Processing file /opt/airflow/dags/etl_datalake_dag.py for tasks to queue
[2026-04-04T13:15:27.060+0000] {logging_mixin.py:190} INFO - [2026-04-04T13:15:27.060+0000] {dagbag.py:588} INFO - Filling up the DagBag from /opt/airflow/dags/etl_datalake_dag.py
[2026-04-04T13:15:27.097+0000] {processor.py:925} INFO - DAG(s) 'etl_datalake_hive_iceberg' retrieved from /opt/airflow/dags/etl_datalake_dag.py
[2026-04-04T13:15:27.201+0000] {logging_mixin.py:190} INFO - [2026-04-04T13:15:27.201+0000] {dag.py:3239} INFO - Sync 1 DAGs
[2026-04-04T13:15:27.274+0000] {logging_mixin.py:190} INFO - [2026-04-04T13:15:27.274+0000] {dag.py:4180} INFO - Setting next_dagrun for etl_datalake_hive_iceberg to 2026-04-03T00:00:00+00:00, run_after=2026-04-04T00:00:00+00:00
[2026-04-04T13:15:27.335+0000] {processor.py:208} INFO - Processing /opt/airflow/dags/etl_datalake_dag.py took 0.294 seconds
[2026-04-04T13:15:57.469+0000] {processor.py:186} INFO - Started process (PID=240) to work on /opt/airflow/dags/etl_datalake_dag.py
[2026-04-04T13:15:57.470+0000] {processor.py:914} INFO - Processing file /opt/airflow/dags/etl_datalake_dag.py for tasks to queue
[2026-04-04T13:15:57.474+0000] {logging_mixin.py:190} INFO - [2026-04-04T13:15:57.473+0000] {dagbag.py:588} INFO - Filling up the DagBag from /opt/airflow/dags/etl_datalake_dag.py
[2026-04-04T13:15:57.522+0000] {processor.py:925} INFO - DAG(s) 'etl_datalake_hive_iceberg' retrieved from /opt/airflow/dags/etl_datalake_dag.py
[2026-04-04T13:15:57.602+0000] {logging_mixin.py:190} INFO - [2026-04-04T13:15:57.602+0000] {dag.py:3239} INFO - Sync 1 DAGs
[2026-04-04T13:15:57.691+0000] {logging_mixin.py:190} INFO - [2026-04-04T13:15:57.691+0000] {dag.py:4180} INFO - Setting next_dagrun for etl_datalake_hive_iceberg to 2026-04-03T00:00:00+00:00, run_after=2026-04-04T00:00:00+00:00
[2026-04-04T13:15:57.751+0000] {processor.py:208} INFO - Processing /opt/airflow/dags/etl_datalake_dag.py took 0.295 seconds
[2026-04-04T13:16:28.618+0000] {processor.py:186} INFO - Started process (PID=244) to work on /opt/airflow/dags/etl_datalake_dag.py
[2026-04-04T13:16:28.619+0000] {processor.py:914} INFO - Processing file /opt/airflow/dags/etl_datalake_dag.py for tasks to queue
[2026-04-04T13:16:28.621+0000] {logging_mixin.py:190} INFO - [2026-04-04T13:16:28.621+0000] {dagbag.py:588} INFO - Filling up the DagBag from /opt/airflow/dags/etl_datalake_dag.py
[2026-04-04T13:16:28.652+0000] {processor.py:925} INFO - DAG(s) 'etl_datalake_hive_iceberg' retrieved from /opt/airflow/dags/etl_datalake_dag.py
[2026-04-04T13:16:28.716+0000] {logging_mixin.py:190} INFO - [2026-04-04T13:16:28.716+0000] {dag.py:3239} INFO - Sync 1 DAGs
[2026-04-04T13:16:28.762+0000] {logging_mixin.py:190} INFO - [2026-04-04T13:16:28.762+0000] {dag.py:4180} INFO - Setting next_dagrun for etl_datalake_hive_iceberg to 2026-04-03T00:00:00+00:00, run_after=2026-04-04T00:00:00+00:00
[2026-04-04T13:16:28.799+0000] {processor.py:208} INFO - Processing /opt/airflow/dags/etl_datalake_dag.py took 0.193 seconds
[2026-04-04T13:16:59.320+0000] {processor.py:186} INFO - Started process (PID=248) to work on /opt/airflow/dags/etl_datalake_dag.py
[2026-04-04T13:16:59.321+0000] {processor.py:914} INFO - Processing file /opt/airflow/dags/etl_datalake_dag.py for tasks to queue
[2026-04-04T13:16:59.325+0000] {logging_mixin.py:190} INFO - [2026-04-04T13:16:59.324+0000] {dagbag.py:588} INFO - Filling up the DagBag from /opt/airflow/dags/etl_datalake_dag.py
[2026-04-04T13:16:59.360+0000] {processor.py:925} INFO - DAG(s) 'etl_datalake_hive_iceberg' retrieved from /opt/airflow/dags/etl_datalake_dag.py
[2026-04-04T13:16:59.433+0000] {logging_mixin.py:190} INFO - [2026-04-04T13:16:59.433+0000] {dag.py:3239} INFO - Sync 1 DAGs
[2026-04-04T13:16:59.480+0000] {logging_mixin.py:190} INFO - [2026-04-04T13:16:59.480+0000] {dag.py:4180} INFO - Setting next_dagrun for etl_datalake_hive_iceberg to 2026-04-03T00:00:00+00:00, run_after=2026-04-04T00:00:00+00:00
[2026-04-04T13:16:59.533+0000] {processor.py:208} INFO - Processing /opt/airflow/dags/etl_datalake_dag.py took 0.224 seconds
[2026-04-04T13:17:30.331+0000] {processor.py:186} INFO - Started process (PID=252) to work on /opt/airflow/dags/etl_datalake_dag.py
[2026-04-04T13:17:30.332+0000] {processor.py:914} INFO - Processing file /opt/airflow/dags/etl_datalake_dag.py for tasks to queue
[2026-04-04T13:17:30.334+0000] {logging_mixin.py:190} INFO - [2026-04-04T13:17:30.333+0000] {dagbag.py:588} INFO - Filling up the DagBag from /opt/airflow/dags/etl_datalake_dag.py
[2026-04-04T13:17:30.380+0000] {processor.py:925} INFO - DAG(s) 'etl_datalake_hive_iceberg' retrieved from /opt/airflow/dags/etl_datalake_dag.py
[2026-04-04T13:17:30.449+0000] {logging_mixin.py:190} INFO - [2026-04-04T13:17:30.448+0000] {dag.py:3239} INFO - Sync 1 DAGs
[2026-04-04T13:17:30.497+0000] {logging_mixin.py:190} INFO - [2026-04-04T13:17:30.497+0000] {dag.py:4180} INFO - Setting next_dagrun for etl_datalake_hive_iceberg to 2026-04-03T00:00:00+00:00, run_after=2026-04-04T00:00:00+00:00
[2026-04-04T13:17:30.530+0000] {processor.py:208} INFO - Processing /opt/airflow/dags/etl_datalake_dag.py took 0.216 seconds
[2026-04-04T13:18:01.206+0000] {processor.py:186} INFO - Started process (PID=256) to work on /opt/airflow/dags/etl_datalake_dag.py
[2026-04-04T13:18:01.209+0000] {processor.py:914} INFO - Processing file /opt/airflow/dags/etl_datalake_dag.py for tasks to queue
[2026-04-04T13:18:01.214+0000] {logging_mixin.py:190} INFO - [2026-04-04T13:18:01.213+0000] {dagbag.py:588} INFO - Filling up the DagBag from /opt/airflow/dags/etl_datalake_dag.py
[2026-04-04T13:18:01.304+0000] {processor.py:925} INFO - DAG(s) 'etl_datalake_hive_iceberg' retrieved from /opt/airflow/dags/etl_datalake_dag.py
[2026-04-04T13:18:01.439+0000] {logging_mixin.py:190} INFO - [2026-04-04T13:18:01.439+0000] {dag.py:3239} INFO - Sync 1 DAGs
[2026-04-04T13:18:01.535+0000] {logging_mixin.py:190} INFO - [2026-04-04T13:18:01.534+0000] {dag.py:4180} INFO - Setting next_dagrun for etl_datalake_hive_iceberg to 2026-04-03T00:00:00+00:00, run_after=2026-04-04T00:00:00+00:00
[2026-04-04T13:18:01.569+0000] {processor.py:208} INFO - Processing /opt/airflow/dags/etl_datalake_dag.py took 0.406 seconds
[2026-04-04T13:18:32.445+0000] {processor.py:186} INFO - Started process (PID=260) to work on /opt/airflow/dags/etl_datalake_dag.py
[2026-04-04T13:18:32.447+0000] {processor.py:914} INFO - Processing file /opt/airflow/dags/etl_datalake_dag.py for tasks to queue
[2026-04-04T13:18:32.464+0000] {logging_mixin.py:190} INFO - [2026-04-04T13:18:32.462+0000] {dagbag.py:588} INFO - Filling up the DagBag from /opt/airflow/dags/etl_datalake_dag.py
[2026-04-04T13:18:32.601+0000] {processor.py:925} INFO - DAG(s) 'etl_datalake_hive_iceberg' retrieved from /opt/airflow/dags/etl_datalake_dag.py
[2026-04-04T13:18:32.677+0000] {logging_mixin.py:190} INFO - [2026-04-04T13:18:32.677+0000] {dag.py:3239} INFO - Sync 1 DAGs
[2026-04-04T13:18:32.721+0000] {logging_mixin.py:190} INFO - [2026-04-04T13:18:32.721+0000] {dag.py:4180} INFO - Setting next_dagrun for etl_datalake_hive_iceberg to 2026-04-03T00:00:00+00:00, run_after=2026-04-04T00:00:00+00:00
[2026-04-04T13:18:32.756+0000] {processor.py:208} INFO - Processing /opt/airflow/dags/etl_datalake_dag.py took 0.368 seconds
[2026-04-04T13:19:03.607+0000] {processor.py:186} INFO - Started process (PID=264) to work on /opt/airflow/dags/etl_datalake_dag.py
[2026-04-04T13:19:03.608+0000] {processor.py:914} INFO - Processing file /opt/airflow/dags/etl_datalake_dag.py for tasks to queue
[2026-04-04T13:19:03.611+0000] {logging_mixin.py:190} INFO - [2026-04-04T13:19:03.611+0000] {dagbag.py:588} INFO - Filling up the DagBag from /opt/airflow/dags/etl_datalake_dag.py
[2026-04-04T13:19:03.664+0000] {processor.py:925} INFO - DAG(s) 'etl_datalake_hive_iceberg' retrieved from /opt/airflow/dags/etl_datalake_dag.py
[2026-04-04T13:19:03.763+0000] {logging_mixin.py:190} INFO - [2026-04-04T13:19:03.763+0000] {dag.py:3239} INFO - Sync 1 DAGs
[2026-04-04T13:19:03.885+0000] {logging_mixin.py:190} INFO - [2026-04-04T13:19:03.884+0000] {dag.py:4180} INFO - Setting next_dagrun for etl_datalake_hive_iceberg to 2026-04-03T00:00:00+00:00, run_after=2026-04-04T00:00:00+00:00
[2026-04-04T13:19:03.968+0000] {processor.py:208} INFO - Processing /opt/airflow/dags/etl_datalake_dag.py took 0.375 seconds
[2026-04-04T13:19:36.979+0000] {processor.py:186} INFO - Started process (PID=268) to work on /opt/airflow/dags/etl_datalake_dag.py
[2026-04-04T13:19:36.980+0000] {processor.py:914} INFO - Processing file /opt/airflow/dags/etl_datalake_dag.py for tasks to queue
[2026-04-04T13:19:36.985+0000] {logging_mixin.py:190} INFO - [2026-04-04T13:19:36.984+0000] {dagbag.py:588} INFO - Filling up the DagBag from /opt/airflow/dags/etl_datalake_dag.py
[2026-04-04T13:19:37.073+0000] {processor.py:925} INFO - DAG(s) 'etl_datalake_hive_iceberg' retrieved from /opt/airflow/dags/etl_datalake_dag.py
[2026-04-04T13:19:37.734+0000] {logging_mixin.py:190} INFO - [2026-04-04T13:19:37.733+0000] {dag.py:3239} INFO - Sync 1 DAGs
[2026-04-04T13:19:38.152+0000] {logging_mixin.py:190} INFO - [2026-04-04T13:19:38.151+0000] {dag.py:4180} INFO - Setting next_dagrun for etl_datalake_hive_iceberg to 2026-04-03T00:00:00+00:00, run_after=2026-04-04T00:00:00+00:00
[2026-04-04T13:19:38.307+0000] {processor.py:208} INFO - Processing /opt/airflow/dags/etl_datalake_dag.py took 4.046 seconds
[2026-04-04T13:20:08.527+0000] {processor.py:186} INFO - Started process (PID=272) to work on /opt/airflow/dags/etl_datalake_dag.py
[2026-04-04T13:20:08.528+0000] {processor.py:914} INFO - Processing file /opt/airflow/dags/etl_datalake_dag.py for tasks to queue
[2026-04-04T13:20:08.530+0000] {logging_mixin.py:190} INFO - [2026-04-04T13:20:08.530+0000] {dagbag.py:588} INFO - Filling up the DagBag from /opt/airflow/dags/etl_datalake_dag.py
[2026-04-04T13:20:08.564+0000] {processor.py:925} INFO - DAG(s) 'etl_datalake_hive_iceberg' retrieved from /opt/airflow/dags/etl_datalake_dag.py
[2026-04-04T13:20:08.629+0000] {logging_mixin.py:190} INFO - [2026-04-04T13:20:08.629+0000] {dag.py:3239} INFO - Sync 1 DAGs
[2026-04-04T13:20:08.679+0000] {logging_mixin.py:190} INFO - [2026-04-04T13:20:08.679+0000] {dag.py:4180} INFO - Setting next_dagrun for etl_datalake_hive_iceberg to 2026-04-03T00:00:00+00:00, run_after=2026-04-04T00:00:00+00:00
[2026-04-04T13:20:08.721+0000] {processor.py:208} INFO - Processing /opt/airflow/dags/etl_datalake_dag.py took 0.207 seconds
[2026-04-04T13:20:39.178+0000] {processor.py:186} INFO - Started process (PID=276) to work on /opt/airflow/dags/etl_datalake_dag.py
[2026-04-04T13:20:39.178+0000] {processor.py:914} INFO - Processing file /opt/airflow/dags/etl_datalake_dag.py for tasks to queue
[2026-04-04T13:20:39.181+0000] {logging_mixin.py:190} INFO - [2026-04-04T13:20:39.181+0000] {dagbag.py:588} INFO - Filling up the DagBag from /opt/airflow/dags/etl_datalake_dag.py
[2026-04-04T13:20:39.218+0000] {processor.py:925} INFO - DAG(s) 'etl_datalake_hive_iceberg' retrieved from /opt/airflow/dags/etl_datalake_dag.py
[2026-04-04T13:20:39.281+0000] {logging_mixin.py:190} INFO - [2026-04-04T13:20:39.281+0000] {dag.py:3239} INFO - Sync 1 DAGs
[2026-04-04T13:20:39.333+0000] {logging_mixin.py:190} INFO - [2026-04-04T13:20:39.333+0000] {dag.py:4180} INFO - Setting next_dagrun for etl_datalake_hive_iceberg to 2026-04-03T00:00:00+00:00, run_after=2026-04-04T00:00:00+00:00
[2026-04-04T13:20:39.374+0000] {processor.py:208} INFO - Processing /opt/airflow/dags/etl_datalake_dag.py took 0.205 seconds
[2026-04-04T13:21:09.863+0000] {processor.py:186} INFO - Started process (PID=280) to work on /opt/airflow/dags/etl_datalake_dag.py
[2026-04-04T13:21:09.864+0000] {processor.py:914} INFO - Processing file /opt/airflow/dags/etl_datalake_dag.py for tasks to queue
[2026-04-04T13:21:09.884+0000] {logging_mixin.py:190} INFO - [2026-04-04T13:21:09.882+0000] {dagbag.py:588} INFO - Filling up the DagBag from /opt/airflow/dags/etl_datalake_dag.py
[2026-04-04T13:21:09.955+0000] {processor.py:925} INFO - DAG(s) 'etl_datalake_hive_iceberg' retrieved from /opt/airflow/dags/etl_datalake_dag.py
[2026-04-04T13:21:10.035+0000] {logging_mixin.py:190} INFO - [2026-04-04T13:21:10.035+0000] {dag.py:3239} INFO - Sync 1 DAGs
[2026-04-04T13:21:10.089+0000] {logging_mixin.py:190} INFO - [2026-04-04T13:21:10.089+0000] {dag.py:4180} INFO - Setting next_dagrun for etl_datalake_hive_iceberg to 2026-04-03T00:00:00+00:00, run_after=2026-04-04T00:00:00+00:00
[2026-04-04T13:21:10.131+0000] {processor.py:208} INFO - Processing /opt/airflow/dags/etl_datalake_dag.py took 0.280 seconds
[2026-04-04T13:21:40.633+0000] {processor.py:186} INFO - Started process (PID=284) to work on /opt/airflow/dags/etl_datalake_dag.py
[2026-04-04T13:21:40.634+0000] {processor.py:914} INFO - Processing file /opt/airflow/dags/etl_datalake_dag.py for tasks to queue
[2026-04-04T13:21:40.636+0000] {logging_mixin.py:190} INFO - [2026-04-04T13:21:40.635+0000] {dagbag.py:588} INFO - Filling up the DagBag from /opt/airflow/dags/etl_datalake_dag.py
[2026-04-04T13:21:40.684+0000] {processor.py:925} INFO - DAG(s) 'etl_datalake_hive_iceberg' retrieved from /opt/airflow/dags/etl_datalake_dag.py
[2026-04-04T13:21:40.792+0000] {logging_mixin.py:190} INFO - [2026-04-04T13:21:40.791+0000] {dag.py:3239} INFO - Sync 1 DAGs
[2026-04-04T13:21:40.844+0000] {logging_mixin.py:190} INFO - [2026-04-04T13:21:40.844+0000] {dag.py:4180} INFO - Setting next_dagrun for etl_datalake_hive_iceberg to 2026-04-03T00:00:00+00:00, run_after=2026-04-04T00:00:00+00:00
[2026-04-04T13:21:40.880+0000] {processor.py:208} INFO - Processing /opt/airflow/dags/etl_datalake_dag.py took 0.260 seconds
[2026-04-04T13:22:11.318+0000] {processor.py:186} INFO - Started process (PID=288) to work on /opt/airflow/dags/etl_datalake_dag.py
[2026-04-04T13:22:11.319+0000] {processor.py:914} INFO - Processing file /opt/airflow/dags/etl_datalake_dag.py for tasks to queue
[2026-04-04T13:22:11.322+0000] {logging_mixin.py:190} INFO - [2026-04-04T13:22:11.322+0000] {dagbag.py:588} INFO - Filling up the DagBag from /opt/airflow/dags/etl_datalake_dag.py
[2026-04-04T13:22:11.353+0000] {processor.py:925} INFO - DAG(s) 'etl_datalake_hive_iceberg' retrieved from /opt/airflow/dags/etl_datalake_dag.py
[2026-04-04T13:22:11.420+0000] {logging_mixin.py:190} INFO - [2026-04-04T13:22:11.420+0000] {dag.py:3239} INFO - Sync 1 DAGs
[2026-04-04T13:22:11.465+0000] {logging_mixin.py:190} INFO - [2026-04-04T13:22:11.465+0000] {dag.py:4180} INFO - Setting next_dagrun for etl_datalake_hive_iceberg to 2026-04-03T00:00:00+00:00, run_after=2026-04-04T00:00:00+00:00
[2026-04-04T13:22:11.498+0000] {processor.py:208} INFO - Processing /opt/airflow/dags/etl_datalake_dag.py took 0.192 seconds
[2026-04-04T13:22:42.364+0000] {processor.py:186} INFO - Started process (PID=292) to work on /opt/airflow/dags/etl_datalake_dag.py
[2026-04-04T13:22:42.365+0000] {processor.py:914} INFO - Processing file /opt/airflow/dags/etl_datalake_dag.py for tasks to queue
[2026-04-04T13:22:42.367+0000] {logging_mixin.py:190} INFO - [2026-04-04T13:22:42.366+0000] {dagbag.py:588} INFO - Filling up the DagBag from /opt/airflow/dags/etl_datalake_dag.py
[2026-04-04T13:22:42.902+0000] {processor.py:925} INFO - DAG(s) 'etl_datalake_hive_iceberg' retrieved from /opt/airflow/dags/etl_datalake_dag.py
[2026-04-04T13:22:43.003+0000] {logging_mixin.py:190} INFO - [2026-04-04T13:22:43.002+0000] {dag.py:3239} INFO - Sync 1 DAGs
[2026-04-04T13:22:43.046+0000] {logging_mixin.py:190} INFO - [2026-04-04T13:22:43.046+0000] {dag.py:4180} INFO - Setting next_dagrun for etl_datalake_hive_iceberg to 2026-04-03T00:00:00+00:00, run_after=2026-04-04T00:00:00+00:00
[2026-04-04T13:22:43.074+0000] {processor.py:208} INFO - Processing /opt/airflow/dags/etl_datalake_dag.py took 1.029 seconds
[2026-04-04T13:23:13.867+0000] {processor.py:186} INFO - Started process (PID=296) to work on /opt/airflow/dags/etl_datalake_dag.py
[2026-04-04T13:23:13.868+0000] {processor.py:914} INFO - Processing file /opt/airflow/dags/etl_datalake_dag.py for tasks to queue
[2026-04-04T13:23:13.870+0000] {logging_mixin.py:190} INFO - [2026-04-04T13:23:13.870+0000] {dagbag.py:588} INFO - Filling up the DagBag from /opt/airflow/dags/etl_datalake_dag.py
[2026-04-04T13:23:13.976+0000] {processor.py:925} INFO - DAG(s) 'etl_datalake_hive_iceberg' retrieved from /opt/airflow/dags/etl_datalake_dag.py
[2026-04-04T13:23:14.181+0000] {logging_mixin.py:190} INFO - [2026-04-04T13:23:14.181+0000] {dag.py:3239} INFO - Sync 1 DAGs
[2026-04-04T13:23:14.293+0000] {logging_mixin.py:190} INFO - [2026-04-04T13:23:14.293+0000] {dag.py:4180} INFO - Setting next_dagrun for etl_datalake_hive_iceberg to 2026-04-03T00:00:00+00:00, run_after=2026-04-04T00:00:00+00:00
[2026-04-04T13:23:14.394+0000] {processor.py:208} INFO - Processing /opt/airflow/dags/etl_datalake_dag.py took 0.544 seconds
[2026-04-04T13:23:45.251+0000] {processor.py:186} INFO - Started process (PID=300) to work on /opt/airflow/dags/etl_datalake_dag.py
[2026-04-04T13:23:45.253+0000] {processor.py:914} INFO - Processing file /opt/airflow/dags/etl_datalake_dag.py for tasks to queue
[2026-04-04T13:23:45.254+0000] {logging_mixin.py:190} INFO - [2026-04-04T13:23:45.254+0000] {dagbag.py:588} INFO - Filling up the DagBag from /opt/airflow/dags/etl_datalake_dag.py
[2026-04-04T13:23:45.297+0000] {processor.py:925} INFO - DAG(s) 'etl_datalake_hive_iceberg' retrieved from /opt/airflow/dags/etl_datalake_dag.py
[2026-04-04T13:23:45.385+0000] {logging_mixin.py:190} INFO - [2026-04-04T13:23:45.384+0000] {dag.py:3239} INFO - Sync 1 DAGs
[2026-04-04T13:23:45.465+0000] {logging_mixin.py:190} INFO - [2026-04-04T13:23:45.465+0000] {dag.py:4180} INFO - Setting next_dagrun for etl_datalake_hive_iceberg to 2026-04-03T00:00:00+00:00, run_after=2026-04-04T00:00:00+00:00
[2026-04-04T13:23:45.526+0000] {processor.py:208} INFO - Processing /opt/airflow/dags/etl_datalake_dag.py took 0.286 seconds
[2026-04-04T13:24:16.347+0000] {processor.py:186} INFO - Started process (PID=304) to work on /opt/airflow/dags/etl_datalake_dag.py
[2026-04-04T13:24:16.348+0000] {processor.py:914} INFO - Processing file /opt/airflow/dags/etl_datalake_dag.py for tasks to queue
[2026-04-04T13:24:16.350+0000] {logging_mixin.py:190} INFO - [2026-04-04T13:24:16.349+0000] {dagbag.py:588} INFO - Filling up the DagBag from /opt/airflow/dags/etl_datalake_dag.py
[2026-04-04T13:24:16.381+0000] {processor.py:925} INFO - DAG(s) 'etl_datalake_hive_iceberg' retrieved from /opt/airflow/dags/etl_datalake_dag.py
[2026-04-04T13:24:16.448+0000] {logging_mixin.py:190} INFO - [2026-04-04T13:24:16.448+0000] {dag.py:3239} INFO - Sync 1 DAGs
[2026-04-04T13:24:16.498+0000] {logging_mixin.py:190} INFO - [2026-04-04T13:24:16.498+0000] {dag.py:4180} INFO - Setting next_dagrun for etl_datalake_hive_iceberg to 2026-04-03T00:00:00+00:00, run_after=2026-04-04T00:00:00+00:00
[2026-04-04T13:24:16.544+0000] {processor.py:208} INFO - Processing /opt/airflow/dags/etl_datalake_dag.py took 0.210 seconds
[2026-04-04T13:24:46.651+0000] {processor.py:186} INFO - Started process (PID=308) to work on /opt/airflow/dags/etl_datalake_dag.py
[2026-04-04T13:24:46.652+0000] {processor.py:914} INFO - Processing file /opt/airflow/dags/etl_datalake_dag.py for tasks to queue
[2026-04-04T13:24:46.654+0000] {logging_mixin.py:190} INFO - [2026-04-04T13:24:46.653+0000] {dagbag.py:588} INFO - Filling up the DagBag from /opt/airflow/dags/etl_datalake_dag.py
[2026-04-04T13:24:46.680+0000] {processor.py:925} INFO - DAG(s) 'etl_datalake_hive_iceberg' retrieved from /opt/airflow/dags/etl_datalake_dag.py
[2026-04-04T13:24:46.736+0000] {logging_mixin.py:190} INFO - [2026-04-04T13:24:46.736+0000] {dag.py:3239} INFO - Sync 1 DAGs
[2026-04-04T13:24:46.780+0000] {logging_mixin.py:190} INFO - [2026-04-04T13:24:46.780+0000] {dag.py:4180} INFO - Setting next_dagrun for etl_datalake_hive_iceberg to 2026-04-03T00:00:00+00:00, run_after=2026-04-04T00:00:00+00:00
[2026-04-04T13:24:46.827+0000] {processor.py:208} INFO - Processing /opt/airflow/dags/etl_datalake_dag.py took 0.184 seconds
[2026-04-04T13:25:17.562+0000] {processor.py:186} INFO - Started process (PID=312) to work on /opt/airflow/dags/etl_datalake_dag.py
[2026-04-04T13:25:17.563+0000] {processor.py:914} INFO - Processing file /opt/airflow/dags/etl_datalake_dag.py for tasks to queue
[2026-04-04T13:25:17.565+0000] {logging_mixin.py:190} INFO - [2026-04-04T13:25:17.564+0000] {dagbag.py:588} INFO - Filling up the DagBag from /opt/airflow/dags/etl_datalake_dag.py
[2026-04-04T13:25:17.596+0000] {processor.py:925} INFO - DAG(s) 'etl_datalake_hive_iceberg' retrieved from /opt/airflow/dags/etl_datalake_dag.py
[2026-04-04T13:25:17.664+0000] {logging_mixin.py:190} INFO - [2026-04-04T13:25:17.663+0000] {dag.py:3239} INFO - Sync 1 DAGs
[2026-04-04T13:25:17.711+0000] {logging_mixin.py:190} INFO - [2026-04-04T13:25:17.711+0000] {dag.py:4180} INFO - Setting next_dagrun for etl_datalake_hive_iceberg to 2026-04-03T00:00:00+00:00, run_after=2026-04-04T00:00:00+00:00
[2026-04-04T13:25:17.746+0000] {processor.py:208} INFO - Processing /opt/airflow/dags/etl_datalake_dag.py took 0.192 seconds
[2026-04-04T13:25:48.355+0000] {processor.py:186} INFO - Started process (PID=316) to work on /opt/airflow/dags/etl_datalake_dag.py
[2026-04-04T13:25:48.356+0000] {processor.py:914} INFO - Processing file /opt/airflow/dags/etl_datalake_dag.py for tasks to queue
[2026-04-04T13:25:48.358+0000] {logging_mixin.py:190} INFO - [2026-04-04T13:25:48.357+0000] {dagbag.py:588} INFO - Filling up the DagBag from /opt/airflow/dags/etl_datalake_dag.py
[2026-04-04T13:25:48.385+0000] {processor.py:925} INFO - DAG(s) 'etl_datalake_hive_iceberg' retrieved from /opt/airflow/dags/etl_datalake_dag.py
[2026-04-04T13:25:48.452+0000] {logging_mixin.py:190} INFO - [2026-04-04T13:25:48.452+0000] {dag.py:3239} INFO - Sync 1 DAGs
[2026-04-04T13:25:48.499+0000] {logging_mixin.py:190} INFO - [2026-04-04T13:25:48.498+0000] {dag.py:4180} INFO - Setting next_dagrun for etl_datalake_hive_iceberg to 2026-04-03T00:00:00+00:00, run_after=2026-04-04T00:00:00+00:00
[2026-04-04T13:25:48.537+0000] {processor.py:208} INFO - Processing /opt/airflow/dags/etl_datalake_dag.py took 0.190 seconds
[2026-04-04T13:26:19.210+0000] {processor.py:186} INFO - Started process (PID=320) to work on /opt/airflow/dags/etl_datalake_dag.py
[2026-04-04T13:26:19.211+0000] {processor.py:914} INFO - Processing file /opt/airflow/dags/etl_datalake_dag.py for tasks to queue
[2026-04-04T13:26:19.214+0000] {logging_mixin.py:190} INFO - [2026-04-04T13:26:19.213+0000] {dagbag.py:588} INFO - Filling up the DagBag from /opt/airflow/dags/etl_datalake_dag.py
[2026-04-04T13:26:19.274+0000] {processor.py:925} INFO - DAG(s) 'etl_datalake_hive_iceberg' retrieved from /opt/airflow/dags/etl_datalake_dag.py
[2026-04-04T13:26:19.343+0000] {logging_mixin.py:190} INFO - [2026-04-04T13:26:19.343+0000] {dag.py:3239} INFO - Sync 1 DAGs
[2026-04-04T13:26:19.385+0000] {logging_mixin.py:190} INFO - [2026-04-04T13:26:19.385+0000] {dag.py:4180} INFO - Setting next_dagrun for etl_datalake_hive_iceberg to 2026-04-03T00:00:00+00:00, run_after=2026-04-04T00:00:00+00:00
[2026-04-04T13:26:19.419+0000] {processor.py:208} INFO - Processing /opt/airflow/dags/etl_datalake_dag.py took 0.220 seconds
[2026-04-04T13:26:50.040+0000] {processor.py:186} INFO - Started process (PID=324) to work on /opt/airflow/dags/etl_datalake_dag.py
[2026-04-04T13:26:50.041+0000] {processor.py:914} INFO - Processing file /opt/airflow/dags/etl_datalake_dag.py for tasks to queue
[2026-04-04T13:26:50.043+0000] {logging_mixin.py:190} INFO - [2026-04-04T13:26:50.043+0000] {dagbag.py:588} INFO - Filling up the DagBag from /opt/airflow/dags/etl_datalake_dag.py
[2026-04-04T13:26:50.077+0000] {processor.py:925} INFO - DAG(s) 'etl_datalake_hive_iceberg' retrieved from /opt/airflow/dags/etl_datalake_dag.py
[2026-04-04T13:26:50.146+0000] {logging_mixin.py:190} INFO - [2026-04-04T13:26:50.146+0000] {dag.py:3239} INFO - Sync 1 DAGs
[2026-04-04T13:26:50.207+0000] {logging_mixin.py:190} INFO - [2026-04-04T13:26:50.207+0000] {dag.py:4180} INFO - Setting next_dagrun for etl_datalake_hive_iceberg to 2026-04-03T00:00:00+00:00, run_after=2026-04-04T00:00:00+00:00
[2026-04-04T13:26:50.250+0000] {processor.py:208} INFO - Processing /opt/airflow/dags/etl_datalake_dag.py took 0.221 seconds
[2026-04-04T13:27:20.980+0000] {processor.py:186} INFO - Started process (PID=328) to work on /opt/airflow/dags/etl_datalake_dag.py
[2026-04-04T13:27:20.981+0000] {processor.py:914} INFO - Processing file /opt/airflow/dags/etl_datalake_dag.py for tasks to queue
[2026-04-04T13:27:20.983+0000] {logging_mixin.py:190} INFO - [2026-04-04T13:27:20.982+0000] {dagbag.py:588} INFO - Filling up the DagBag from /opt/airflow/dags/etl_datalake_dag.py
[2026-04-04T13:27:21.013+0000] {processor.py:925} INFO - DAG(s) 'etl_datalake_hive_iceberg' retrieved from /opt/airflow/dags/etl_datalake_dag.py
[2026-04-04T13:27:21.073+0000] {logging_mixin.py:190} INFO - [2026-04-04T13:27:21.073+0000] {dag.py:3239} INFO - Sync 1 DAGs
[2026-04-04T13:27:21.121+0000] {logging_mixin.py:190} INFO - [2026-04-04T13:27:21.121+0000] {dag.py:4180} INFO - Setting next_dagrun for etl_datalake_hive_iceberg to 2026-04-03T00:00:00+00:00, run_after=2026-04-04T00:00:00+00:00
[2026-04-04T13:27:21.155+0000] {processor.py:208} INFO - Processing /opt/airflow/dags/etl_datalake_dag.py took 0.183 seconds
[2026-04-04T13:27:51.752+0000] {processor.py:186} INFO - Started process (PID=332) to work on /opt/airflow/dags/etl_datalake_dag.py
[2026-04-04T13:27:51.753+0000] {processor.py:914} INFO - Processing file /opt/airflow/dags/etl_datalake_dag.py for tasks to queue
[2026-04-04T13:27:51.755+0000] {logging_mixin.py:190} INFO - [2026-04-04T13:27:51.754+0000] {dagbag.py:588} INFO - Filling up the DagBag from /opt/airflow/dags/etl_datalake_dag.py
[2026-04-04T13:27:51.782+0000] {processor.py:925} INFO - DAG(s) 'etl_datalake_hive_iceberg' retrieved from /opt/airflow/dags/etl_datalake_dag.py
[2026-04-04T13:27:51.837+0000] {logging_mixin.py:190} INFO - [2026-04-04T13:27:51.837+0000] {dag.py:3239} INFO - Sync 1 DAGs
[2026-04-04T13:27:51.880+0000] {logging_mixin.py:190} INFO - [2026-04-04T13:27:51.879+0000] {dag.py:4180} INFO - Setting next_dagrun for etl_datalake_hive_iceberg to 2026-04-03T00:00:00+00:00, run_after=2026-04-04T00:00:00+00:00
[2026-04-04T13:27:51.913+0000] {processor.py:208} INFO - Processing /opt/airflow/dags/etl_datalake_dag.py took 0.170 seconds
[2026-04-04T13:28:22.584+0000] {processor.py:186} INFO - Started process (PID=336) to work on /opt/airflow/dags/etl_datalake_dag.py
[2026-04-04T13:28:22.585+0000] {processor.py:914} INFO - Processing file /opt/airflow/dags/etl_datalake_dag.py for tasks to queue
[2026-04-04T13:28:22.586+0000] {logging_mixin.py:190} INFO - [2026-04-04T13:28:22.586+0000] {dagbag.py:588} INFO - Filling up the DagBag from /opt/airflow/dags/etl_datalake_dag.py
[2026-04-04T13:28:22.613+0000] {processor.py:925} INFO - DAG(s) 'etl_datalake_hive_iceberg' retrieved from /opt/airflow/dags/etl_datalake_dag.py
[2026-04-04T13:28:22.670+0000] {logging_mixin.py:190} INFO - [2026-04-04T13:28:22.670+0000] {dag.py:3239} INFO - Sync 1 DAGs
[2026-04-04T13:28:22.710+0000] {logging_mixin.py:190} INFO - [2026-04-04T13:28:22.710+0000] {dag.py:4180} INFO - Setting next_dagrun for etl_datalake_hive_iceberg to 2026-04-03T00:00:00+00:00, run_after=2026-04-04T00:00:00+00:00
[2026-04-04T13:28:22.738+0000] {processor.py:208} INFO - Processing /opt/airflow/dags/etl_datalake_dag.py took 0.163 seconds
[2026-04-04T13:28:53.358+0000] {processor.py:186} INFO - Started process (PID=340) to work on /opt/airflow/dags/etl_datalake_dag.py
[2026-04-04T13:28:53.359+0000] {processor.py:914} INFO - Processing file /opt/airflow/dags/etl_datalake_dag.py for tasks to queue
[2026-04-04T13:28:53.367+0000] {logging_mixin.py:190} INFO - [2026-04-04T13:28:53.367+0000] {dagbag.py:588} INFO - Filling up the DagBag from /opt/airflow/dags/etl_datalake_dag.py
[2026-04-04T13:28:53.419+0000] {processor.py:925} INFO - DAG(s) 'etl_datalake_hive_iceberg' retrieved from /opt/airflow/dags/etl_datalake_dag.py
[2026-04-04T13:28:53.487+0000] {logging_mixin.py:190} INFO - [2026-04-04T13:28:53.487+0000] {dag.py:3239} INFO - Sync 1 DAGs
[2026-04-04T13:28:53.523+0000] {logging_mixin.py:190} INFO - [2026-04-04T13:28:53.523+0000] {dag.py:4180} INFO - Setting next_dagrun for etl_datalake_hive_iceberg to 2026-04-03T00:00:00+00:00, run_after=2026-04-04T00:00:00+00:00
[2026-04-04T13:28:53.551+0000] {processor.py:208} INFO - Processing /opt/airflow/dags/etl_datalake_dag.py took 0.207 seconds
[2026-04-04T13:29:24.103+0000] {processor.py:186} INFO - Started process (PID=344) to work on /opt/airflow/dags/etl_datalake_dag.py
[2026-04-04T13:29:24.104+0000] {processor.py:914} INFO - Processing file /opt/airflow/dags/etl_datalake_dag.py for tasks to queue
[2026-04-04T13:29:24.106+0000] {logging_mixin.py:190} INFO - [2026-04-04T13:29:24.105+0000] {dagbag.py:588} INFO - Filling up the DagBag from /opt/airflow/dags/etl_datalake_dag.py
[2026-04-04T13:29:24.131+0000] {processor.py:925} INFO - DAG(s) 'etl_datalake_hive_iceberg' retrieved from /opt/airflow/dags/etl_datalake_dag.py
[2026-04-04T13:29:24.181+0000] {logging_mixin.py:190} INFO - [2026-04-04T13:29:24.181+0000] {dag.py:3239} INFO - Sync 1 DAGs
[2026-04-04T13:29:24.221+0000] {logging_mixin.py:190} INFO - [2026-04-04T13:29:24.221+0000] {dag.py:4180} INFO - Setting next_dagrun for etl_datalake_hive_iceberg to 2026-04-03T00:00:00+00:00, run_after=2026-04-04T00:00:00+00:00
[2026-04-04T13:29:24.264+0000] {processor.py:208} INFO - Processing /opt/airflow/dags/etl_datalake_dag.py took 0.168 seconds
[2026-04-04T13:29:54.931+0000] {processor.py:186} INFO - Started process (PID=348) to work on /opt/airflow/dags/etl_datalake_dag.py
[2026-04-04T13:29:54.932+0000] {processor.py:914} INFO - Processing file /opt/airflow/dags/etl_datalake_dag.py for tasks to queue
[2026-04-04T13:29:54.934+0000] {logging_mixin.py:190} INFO - [2026-04-04T13:29:54.933+0000] {dagbag.py:588} INFO - Filling up the DagBag from /opt/airflow/dags/etl_datalake_dag.py
[2026-04-04T13:29:54.959+0000] {processor.py:925} INFO - DAG(s) 'etl_datalake_hive_iceberg' retrieved from /opt/airflow/dags/etl_datalake_dag.py
[2026-04-04T13:29:55.009+0000] {logging_mixin.py:190} INFO - [2026-04-04T13:29:55.009+0000] {dag.py:3239} INFO - Sync 1 DAGs
[2026-04-04T13:29:55.049+0000] {logging_mixin.py:190} INFO - [2026-04-04T13:29:55.048+0000] {dag.py:4180} INFO - Setting next_dagrun for etl_datalake_hive_iceberg to 2026-04-03T00:00:00+00:00, run_after=2026-04-04T00:00:00+00:00
[2026-04-04T13:29:55.082+0000] {processor.py:208} INFO - Processing /opt/airflow/dags/etl_datalake_dag.py took 0.158 seconds
[2026-04-04T13:30:25.545+0000] {processor.py:186} INFO - Started process (PID=352) to work on /opt/airflow/dags/etl_datalake_dag.py
[2026-04-04T13:30:25.547+0000] {processor.py:914} INFO - Processing file /opt/airflow/dags/etl_datalake_dag.py for tasks to queue
[2026-04-04T13:30:25.549+0000] {logging_mixin.py:190} INFO - [2026-04-04T13:30:25.549+0000] {dagbag.py:588} INFO - Filling up the DagBag from /opt/airflow/dags/etl_datalake_dag.py
[2026-04-04T13:30:25.586+0000] {processor.py:925} INFO - DAG(s) 'etl_datalake_hive_iceberg' retrieved from /opt/airflow/dags/etl_datalake_dag.py
[2026-04-04T13:30:25.635+0000] {logging_mixin.py:190} INFO - [2026-04-04T13:30:25.635+0000] {dag.py:3239} INFO - Sync 1 DAGs
[2026-04-04T13:30:25.674+0000] {logging_mixin.py:190} INFO - [2026-04-04T13:30:25.674+0000] {dag.py:4180} INFO - Setting next_dagrun for etl_datalake_hive_iceberg to 2026-04-03T00:00:00+00:00, run_after=2026-04-04T00:00:00+00:00
[2026-04-04T13:30:25.704+0000] {processor.py:208} INFO - Processing /opt/airflow/dags/etl_datalake_dag.py took 0.171 seconds
[2026-04-04T13:30:56.275+0000] {processor.py:186} INFO - Started process (PID=356) to work on /opt/airflow/dags/etl_datalake_dag.py
[2026-04-04T13:30:56.276+0000] {processor.py:914} INFO - Processing file /opt/airflow/dags/etl_datalake_dag.py for tasks to queue
[2026-04-04T13:30:56.280+0000] {logging_mixin.py:190} INFO - [2026-04-04T13:30:56.280+0000] {dagbag.py:588} INFO - Filling up the DagBag from /opt/airflow/dags/etl_datalake_dag.py
[2026-04-04T13:30:56.308+0000] {processor.py:925} INFO - DAG(s) 'etl_datalake_hive_iceberg' retrieved from /opt/airflow/dags/etl_datalake_dag.py
[2026-04-04T13:30:56.356+0000] {logging_mixin.py:190} INFO - [2026-04-04T13:30:56.356+0000] {dag.py:3239} INFO - Sync 1 DAGs
[2026-04-04T13:30:56.390+0000] {logging_mixin.py:190} INFO - [2026-04-04T13:30:56.390+0000] {dag.py:4180} INFO - Setting next_dagrun for etl_datalake_hive_iceberg to 2026-04-03T00:00:00+00:00, run_after=2026-04-04T00:00:00+00:00
[2026-04-04T13:30:56.414+0000] {processor.py:208} INFO - Processing /opt/airflow/dags/etl_datalake_dag.py took 0.146 seconds
[2026-04-04T13:31:26.800+0000] {processor.py:186} INFO - Started process (PID=360) to work on /opt/airflow/dags/etl_datalake_dag.py
[2026-04-04T13:31:26.801+0000] {processor.py:914} INFO - Processing file /opt/airflow/dags/etl_datalake_dag.py for tasks to queue
[2026-04-04T13:31:26.802+0000] {logging_mixin.py:190} INFO - [2026-04-04T13:31:26.802+0000] {dagbag.py:588} INFO - Filling up the DagBag from /opt/airflow/dags/etl_datalake_dag.py
[2026-04-04T13:31:26.826+0000] {processor.py:925} INFO - DAG(s) 'etl_datalake_hive_iceberg' retrieved from /opt/airflow/dags/etl_datalake_dag.py
[2026-04-04T13:31:26.878+0000] {logging_mixin.py:190} INFO - [2026-04-04T13:31:26.878+0000] {dag.py:3239} INFO - Sync 1 DAGs
[2026-04-04T13:31:26.920+0000] {logging_mixin.py:190} INFO - [2026-04-04T13:31:26.920+0000] {dag.py:4180} INFO - Setting next_dagrun for etl_datalake_hive_iceberg to 2026-04-03T00:00:00+00:00, run_after=2026-04-04T00:00:00+00:00
[2026-04-04T13:31:26.949+0000] {processor.py:208} INFO - Processing /opt/airflow/dags/etl_datalake_dag.py took 0.156 seconds
[2026-04-04T13:31:57.537+0000] {processor.py:186} INFO - Started process (PID=364) to work on /opt/airflow/dags/etl_datalake_dag.py
[2026-04-04T13:31:57.538+0000] {processor.py:914} INFO - Processing file /opt/airflow/dags/etl_datalake_dag.py for tasks to queue
[2026-04-04T13:31:57.540+0000] {logging_mixin.py:190} INFO - [2026-04-04T13:31:57.540+0000] {dagbag.py:588} INFO - Filling up the DagBag from /opt/airflow/dags/etl_datalake_dag.py
[2026-04-04T13:31:57.563+0000] {processor.py:925} INFO - DAG(s) 'etl_datalake_hive_iceberg' retrieved from /opt/airflow/dags/etl_datalake_dag.py
[2026-04-04T13:31:57.611+0000] {logging_mixin.py:190} INFO - [2026-04-04T13:31:57.611+0000] {dag.py:3239} INFO - Sync 1 DAGs
[2026-04-04T13:31:57.647+0000] {logging_mixin.py:190} INFO - [2026-04-04T13:31:57.647+0000] {dag.py:4180} INFO - Setting next_dagrun for etl_datalake_hive_iceberg to 2026-04-03T00:00:00+00:00, run_after=2026-04-04T00:00:00+00:00
[2026-04-04T13:31:57.681+0000] {processor.py:208} INFO - Processing /opt/airflow/dags/etl_datalake_dag.py took 0.151 seconds
[2026-04-04T13:32:28.288+0000] {processor.py:186} INFO - Started process (PID=368) to work on /opt/airflow/dags/etl_datalake_dag.py
[2026-04-04T13:32:28.289+0000] {processor.py:914} INFO - Processing file /opt/airflow/dags/etl_datalake_dag.py for tasks to queue
[2026-04-04T13:32:28.292+0000] {logging_mixin.py:190} INFO - [2026-04-04T13:32:28.291+0000] {dagbag.py:588} INFO - Filling up the DagBag from /opt/airflow/dags/etl_datalake_dag.py
[2026-04-04T13:32:28.318+0000] {processor.py:925} INFO - DAG(s) 'etl_datalake_hive_iceberg' retrieved from /opt/airflow/dags/etl_datalake_dag.py
[2026-04-04T13:32:28.364+0000] {logging_mixin.py:190} INFO - [2026-04-04T13:32:28.363+0000] {dag.py:3239} INFO - Sync 1 DAGs
[2026-04-04T13:32:28.399+0000] {logging_mixin.py:190} INFO - [2026-04-04T13:32:28.399+0000] {dag.py:4180} INFO - Setting next_dagrun for etl_datalake_hive_iceberg to 2026-04-03T00:00:00+00:00, run_after=2026-04-04T00:00:00+00:00
[2026-04-04T13:32:28.423+0000] {processor.py:208} INFO - Processing /opt/airflow/dags/etl_datalake_dag.py took 0.144 seconds
[2026-04-04T13:32:58.971+0000] {processor.py:186} INFO - Started process (PID=372) to work on /opt/airflow/dags/etl_datalake_dag.py
[2026-04-04T13:32:58.972+0000] {processor.py:914} INFO - Processing file /opt/airflow/dags/etl_datalake_dag.py for tasks to queue
[2026-04-04T13:32:58.973+0000] {logging_mixin.py:190} INFO - [2026-04-04T13:32:58.973+0000] {dagbag.py:588} INFO - Filling up the DagBag from /opt/airflow/dags/etl_datalake_dag.py
[2026-04-04T13:32:58.997+0000] {processor.py:925} INFO - DAG(s) 'etl_datalake_hive_iceberg' retrieved from /opt/airflow/dags/etl_datalake_dag.py
[2026-04-04T13:32:59.043+0000] {logging_mixin.py:190} INFO - [2026-04-04T13:32:59.043+0000] {dag.py:3239} INFO - Sync 1 DAGs
[2026-04-04T13:32:59.079+0000] {logging_mixin.py:190} INFO - [2026-04-04T13:32:59.079+0000] {dag.py:4180} INFO - Setting next_dagrun for etl_datalake_hive_iceberg to 2026-04-03T00:00:00+00:00, run_after=2026-04-04T00:00:00+00:00
[2026-04-04T13:32:59.440+0000] {processor.py:208} INFO - Processing /opt/airflow/dags/etl_datalake_dag.py took 0.477 seconds
[2026-04-04T13:33:30.108+0000] {processor.py:186} INFO - Started process (PID=376) to work on /opt/airflow/dags/etl_datalake_dag.py
[2026-04-04T13:33:30.108+0000] {processor.py:914} INFO - Processing file /opt/airflow/dags/etl_datalake_dag.py for tasks to queue
[2026-04-04T13:33:30.111+0000] {logging_mixin.py:190} INFO - [2026-04-04T13:33:30.111+0000] {dagbag.py:588} INFO - Filling up the DagBag from /opt/airflow/dags/etl_datalake_dag.py
[2026-04-04T13:33:30.143+0000] {processor.py:925} INFO - DAG(s) 'etl_datalake_hive_iceberg' retrieved from /opt/airflow/dags/etl_datalake_dag.py
[2026-04-04T13:33:30.204+0000] {logging_mixin.py:190} INFO - [2026-04-04T13:33:30.204+0000] {dag.py:3239} INFO - Sync 1 DAGs
[2026-04-04T13:33:30.251+0000] {logging_mixin.py:190} INFO - [2026-04-04T13:33:30.250+0000] {dag.py:4180} INFO - Setting next_dagrun for etl_datalake_hive_iceberg to 2026-04-03T00:00:00+00:00, run_after=2026-04-04T00:00:00+00:00
[2026-04-04T13:33:30.588+0000] {processor.py:208} INFO - Processing /opt/airflow/dags/etl_datalake_dag.py took 0.491 seconds
[2026-04-04T13:34:01.154+0000] {processor.py:186} INFO - Started process (PID=380) to work on /opt/airflow/dags/etl_datalake_dag.py
[2026-04-04T13:34:01.155+0000] {processor.py:914} INFO - Processing file /opt/airflow/dags/etl_datalake_dag.py for tasks to queue
[2026-04-04T13:34:01.156+0000] {logging_mixin.py:190} INFO - [2026-04-04T13:34:01.156+0000] {dagbag.py:588} INFO - Filling up the DagBag from /opt/airflow/dags/etl_datalake_dag.py
[2026-04-04T13:34:01.182+0000] {processor.py:925} INFO - DAG(s) 'etl_datalake_hive_iceberg' retrieved from /opt/airflow/dags/etl_datalake_dag.py
[2026-04-04T13:34:01.230+0000] {logging_mixin.py:190} INFO - [2026-04-04T13:34:01.230+0000] {dag.py:3239} INFO - Sync 1 DAGs
[2026-04-04T13:34:01.268+0000] {logging_mixin.py:190} INFO - [2026-04-04T13:34:01.268+0000] {dag.py:4180} INFO - Setting next_dagrun for etl_datalake_hive_iceberg to 2026-04-03T00:00:00+00:00, run_after=2026-04-04T00:00:00+00:00
[2026-04-04T13:34:01.506+0000] {processor.py:208} INFO - Processing /opt/airflow/dags/etl_datalake_dag.py took 0.359 seconds
[2026-04-04T13:34:32.051+0000] {processor.py:186} INFO - Started process (PID=384) to work on /opt/airflow/dags/etl_datalake_dag.py
[2026-04-04T13:34:32.052+0000] {processor.py:914} INFO - Processing file /opt/airflow/dags/etl_datalake_dag.py for tasks to queue
[2026-04-04T13:34:32.054+0000] {logging_mixin.py:190} INFO - [2026-04-04T13:34:32.054+0000] {dagbag.py:588} INFO - Filling up the DagBag from /opt/airflow/dags/etl_datalake_dag.py
[2026-04-04T13:34:32.082+0000] {processor.py:925} INFO - DAG(s) 'etl_datalake_hive_iceberg' retrieved from /opt/airflow/dags/etl_datalake_dag.py
[2026-04-04T13:34:32.131+0000] {logging_mixin.py:190} INFO - [2026-04-04T13:34:32.131+0000] {dag.py:3239} INFO - Sync 1 DAGs
[2026-04-04T13:34:32.169+0000] {logging_mixin.py:190} INFO - [2026-04-04T13:34:32.169+0000] {dag.py:4180} INFO - Setting next_dagrun for etl_datalake_hive_iceberg to 2026-04-03T00:00:00+00:00, run_after=2026-04-04T00:00:00+00:00
[2026-04-04T13:34:32.349+0000] {processor.py:208} INFO - Processing /opt/airflow/dags/etl_datalake_dag.py took 0.306 seconds
[2026-04-04T13:35:02.951+0000] {processor.py:186} INFO - Started process (PID=388) to work on /opt/airflow/dags/etl_datalake_dag.py
[2026-04-04T13:35:02.952+0000] {processor.py:914} INFO - Processing file /opt/airflow/dags/etl_datalake_dag.py for tasks to queue
[2026-04-04T13:35:02.954+0000] {logging_mixin.py:190} INFO - [2026-04-04T13:35:02.953+0000] {dagbag.py:588} INFO - Filling up the DagBag from /opt/airflow/dags/etl_datalake_dag.py
[2026-04-04T13:35:02.978+0000] {processor.py:925} INFO - DAG(s) 'etl_datalake_hive_iceberg' retrieved from /opt/airflow/dags/etl_datalake_dag.py
[2026-04-04T13:35:03.026+0000] {logging_mixin.py:190} INFO - [2026-04-04T13:35:03.026+0000] {dag.py:3239} INFO - Sync 1 DAGs
[2026-04-04T13:35:03.064+0000] {logging_mixin.py:190} INFO - [2026-04-04T13:35:03.063+0000] {dag.py:4180} INFO - Setting next_dagrun for etl_datalake_hive_iceberg to 2026-04-03T00:00:00+00:00, run_after=2026-04-04T00:00:00+00:00
[2026-04-04T13:35:03.091+0000] {processor.py:208} INFO - Processing /opt/airflow/dags/etl_datalake_dag.py took 0.149 seconds
[2026-04-04T13:35:33.474+0000] {processor.py:186} INFO - Started process (PID=392) to work on /opt/airflow/dags/etl_datalake_dag.py
[2026-04-04T13:35:33.475+0000] {processor.py:914} INFO - Processing file /opt/airflow/dags/etl_datalake_dag.py for tasks to queue
[2026-04-04T13:35:33.477+0000] {logging_mixin.py:190} INFO - [2026-04-04T13:35:33.476+0000] {dagbag.py:588} INFO - Filling up the DagBag from /opt/airflow/dags/etl_datalake_dag.py
[2026-04-04T13:35:33.504+0000] {processor.py:925} INFO - DAG(s) 'etl_datalake_hive_iceberg' retrieved from /opt/airflow/dags/etl_datalake_dag.py
[2026-04-04T13:35:33.556+0000] {logging_mixin.py:190} INFO - [2026-04-04T13:35:33.556+0000] {dag.py:3239} INFO - Sync 1 DAGs
[2026-04-04T13:35:33.623+0000] {logging_mixin.py:190} INFO - [2026-04-04T13:35:33.623+0000] {dag.py:4180} INFO - Setting next_dagrun for etl_datalake_hive_iceberg to 2026-04-03T00:00:00+00:00, run_after=2026-04-04T00:00:00+00:00
[2026-04-04T13:35:33.664+0000] {processor.py:208} INFO - Processing /opt/airflow/dags/etl_datalake_dag.py took 0.198 seconds
[2026-04-04T13:36:04.277+0000] {processor.py:186} INFO - Started process (PID=396) to work on /opt/airflow/dags/etl_datalake_dag.py
[2026-04-04T13:36:04.278+0000] {processor.py:914} INFO - Processing file /opt/airflow/dags/etl_datalake_dag.py for tasks to queue
[2026-04-04T13:36:04.279+0000] {logging_mixin.py:190} INFO - [2026-04-04T13:36:04.279+0000] {dagbag.py:588} INFO - Filling up the DagBag from /opt/airflow/dags/etl_datalake_dag.py
[2026-04-04T13:36:04.308+0000] {processor.py:925} INFO - DAG(s) 'etl_datalake_hive_iceberg' retrieved from /opt/airflow/dags/etl_datalake_dag.py
[2026-04-04T13:36:04.357+0000] {logging_mixin.py:190} INFO - [2026-04-04T13:36:04.357+0000] {dag.py:3239} INFO - Sync 1 DAGs
[2026-04-04T13:36:04.394+0000] {logging_mixin.py:190} INFO - [2026-04-04T13:36:04.394+0000] {dag.py:4180} INFO - Setting next_dagrun for etl_datalake_hive_iceberg to 2026-04-03T00:00:00+00:00, run_after=2026-04-04T00:00:00+00:00
[2026-04-04T13:36:04.422+0000] {processor.py:208} INFO - Processing /opt/airflow/dags/etl_datalake_dag.py took 0.153 seconds
[2026-04-04T13:36:35.118+0000] {processor.py:186} INFO - Started process (PID=400) to work on /opt/airflow/dags/etl_datalake_dag.py
[2026-04-04T13:36:35.119+0000] {processor.py:914} INFO - Processing file /opt/airflow/dags/etl_datalake_dag.py for tasks to queue
[2026-04-04T13:36:35.120+0000] {logging_mixin.py:190} INFO - [2026-04-04T13:36:35.120+0000] {dagbag.py:588} INFO - Filling up the DagBag from /opt/airflow/dags/etl_datalake_dag.py
[2026-04-04T13:36:35.149+0000] {processor.py:925} INFO - DAG(s) 'etl_datalake_hive_iceberg' retrieved from /opt/airflow/dags/etl_datalake_dag.py
[2026-04-04T13:36:35.200+0000] {logging_mixin.py:190} INFO - [2026-04-04T13:36:35.199+0000] {dag.py:3239} INFO - Sync 1 DAGs
[2026-04-04T13:36:35.236+0000] {logging_mixin.py:190} INFO - [2026-04-04T13:36:35.236+0000] {dag.py:4180} INFO - Setting next_dagrun for etl_datalake_hive_iceberg to 2026-04-03T00:00:00+00:00, run_after=2026-04-04T00:00:00+00:00
[2026-04-04T13:36:35.270+0000] {processor.py:208} INFO - Processing /opt/airflow/dags/etl_datalake_dag.py took 0.159 seconds
[2026-04-04T13:37:05.906+0000] {processor.py:186} INFO - Started process (PID=404) to work on /opt/airflow/dags/etl_datalake_dag.py
[2026-04-04T13:37:05.908+0000] {processor.py:914} INFO - Processing file /opt/airflow/dags/etl_datalake_dag.py for tasks to queue
[2026-04-04T13:37:05.910+0000] {logging_mixin.py:190} INFO - [2026-04-04T13:37:05.909+0000] {dagbag.py:588} INFO - Filling up the DagBag from /opt/airflow/dags/etl_datalake_dag.py
[2026-04-04T13:37:05.942+0000] {processor.py:925} INFO - DAG(s) 'etl_datalake_hive_iceberg' retrieved from /opt/airflow/dags/etl_datalake_dag.py
[2026-04-04T13:37:05.993+0000] {logging_mixin.py:190} INFO - [2026-04-04T13:37:05.993+0000] {dag.py:3239} INFO - Sync 1 DAGs
[2026-04-04T13:37:06.032+0000] {logging_mixin.py:190} INFO - [2026-04-04T13:37:06.032+0000] {dag.py:4180} INFO - Setting next_dagrun for etl_datalake_hive_iceberg to 2026-04-03T00:00:00+00:00, run_after=2026-04-04T00:00:00+00:00
[2026-04-04T13:37:06.067+0000] {processor.py:208} INFO - Processing /opt/airflow/dags/etl_datalake_dag.py took 0.171 seconds
[2026-04-04T13:37:36.655+0000] {processor.py:186} INFO - Started process (PID=408) to work on /opt/airflow/dags/etl_datalake_dag.py
[2026-04-04T13:37:36.656+0000] {processor.py:914} INFO - Processing file /opt/airflow/dags/etl_datalake_dag.py for tasks to queue
[2026-04-04T13:37:36.657+0000] {logging_mixin.py:190} INFO - [2026-04-04T13:37:36.657+0000] {dagbag.py:588} INFO - Filling up the DagBag from /opt/airflow/dags/etl_datalake_dag.py
[2026-04-04T13:37:36.680+0000] {processor.py:925} INFO - DAG(s) 'etl_datalake_hive_iceberg' retrieved from /opt/airflow/dags/etl_datalake_dag.py
[2026-04-04T13:37:36.729+0000] {logging_mixin.py:190} INFO - [2026-04-04T13:37:36.728+0000] {dag.py:3239} INFO - Sync 1 DAGs
[2026-04-04T13:37:36.767+0000] {logging_mixin.py:190} INFO - [2026-04-04T13:37:36.767+0000] {dag.py:4180} INFO - Setting next_dagrun for etl_datalake_hive_iceberg to 2026-04-03T00:00:00+00:00, run_after=2026-04-04T00:00:00+00:00
[2026-04-04T13:37:36.802+0000] {processor.py:208} INFO - Processing /opt/airflow/dags/etl_datalake_dag.py took 0.153 seconds
[2026-04-04T13:38:07.379+0000] {processor.py:186} INFO - Started process (PID=412) to work on /opt/airflow/dags/etl_datalake_dag.py
[2026-04-04T13:38:07.379+0000] {processor.py:914} INFO - Processing file /opt/airflow/dags/etl_datalake_dag.py for tasks to queue
[2026-04-04T13:38:07.381+0000] {logging_mixin.py:190} INFO - [2026-04-04T13:38:07.380+0000] {dagbag.py:588} INFO - Filling up the DagBag from /opt/airflow/dags/etl_datalake_dag.py
[2026-04-04T13:38:07.404+0000] {processor.py:925} INFO - DAG(s) 'etl_datalake_hive_iceberg' retrieved from /opt/airflow/dags/etl_datalake_dag.py
[2026-04-04T13:38:07.455+0000] {logging_mixin.py:190} INFO - [2026-04-04T13:38:07.455+0000] {dag.py:3239} INFO - Sync 1 DAGs
[2026-04-04T13:38:07.494+0000] {logging_mixin.py:190} INFO - [2026-04-04T13:38:07.494+0000] {dag.py:4180} INFO - Setting next_dagrun for etl_datalake_hive_iceberg to 2026-04-03T00:00:00+00:00, run_after=2026-04-04T00:00:00+00:00
[2026-04-04T13:38:07.538+0000] {processor.py:208} INFO - Processing /opt/airflow/dags/etl_datalake_dag.py took 0.167 seconds
[2026-04-04T13:38:38.156+0000] {processor.py:186} INFO - Started process (PID=416) to work on /opt/airflow/dags/etl_datalake_dag.py
[2026-04-04T13:38:38.157+0000] {processor.py:914} INFO - Processing file /opt/airflow/dags/etl_datalake_dag.py for tasks to queue
[2026-04-04T13:38:38.159+0000] {logging_mixin.py:190} INFO - [2026-04-04T13:38:38.158+0000] {dagbag.py:588} INFO - Filling up the DagBag from /opt/airflow/dags/etl_datalake_dag.py
[2026-04-04T13:38:38.186+0000] {processor.py:925} INFO - DAG(s) 'etl_datalake_hive_iceberg' retrieved from /opt/airflow/dags/etl_datalake_dag.py
[2026-04-04T13:38:38.234+0000] {logging_mixin.py:190} INFO - [2026-04-04T13:38:38.234+0000] {dag.py:3239} INFO - Sync 1 DAGs
[2026-04-04T13:38:38.282+0000] {logging_mixin.py:190} INFO - [2026-04-04T13:38:38.282+0000] {dag.py:4180} INFO - Setting next_dagrun for etl_datalake_hive_iceberg to 2026-04-03T00:00:00+00:00, run_after=2026-04-04T00:00:00+00:00
[2026-04-04T13:38:38.309+0000] {processor.py:208} INFO - Processing /opt/airflow/dags/etl_datalake_dag.py took 0.161 seconds
[2026-04-04T13:39:08.921+0000] {processor.py:186} INFO - Started process (PID=420) to work on /opt/airflow/dags/etl_datalake_dag.py
[2026-04-04T13:39:08.922+0000] {processor.py:914} INFO - Processing file /opt/airflow/dags/etl_datalake_dag.py for tasks to queue
[2026-04-04T13:39:08.923+0000] {logging_mixin.py:190} INFO - [2026-04-04T13:39:08.923+0000] {dagbag.py:588} INFO - Filling up the DagBag from /opt/airflow/dags/etl_datalake_dag.py
[2026-04-04T13:39:08.947+0000] {processor.py:925} INFO - DAG(s) 'etl_datalake_hive_iceberg' retrieved from /opt/airflow/dags/etl_datalake_dag.py
[2026-04-04T13:39:08.992+0000] {logging_mixin.py:190} INFO - [2026-04-04T13:39:08.992+0000] {dag.py:3239} INFO - Sync 1 DAGs
[2026-04-04T13:39:09.028+0000] {logging_mixin.py:190} INFO - [2026-04-04T13:39:09.027+0000] {dag.py:4180} INFO - Setting next_dagrun for etl_datalake_hive_iceberg to 2026-04-03T00:00:00+00:00, run_after=2026-04-04T00:00:00+00:00
[2026-04-04T13:39:09.064+0000] {processor.py:208} INFO - Processing /opt/airflow/dags/etl_datalake_dag.py took 0.150 seconds
[2026-04-04T13:39:39.853+0000] {processor.py:186} INFO - Started process (PID=424) to work on /opt/airflow/dags/etl_datalake_dag.py
[2026-04-04T13:39:39.854+0000] {processor.py:914} INFO - Processing file /opt/airflow/dags/etl_datalake_dag.py for tasks to queue
[2026-04-04T13:39:39.856+0000] {logging_mixin.py:190} INFO - [2026-04-04T13:39:39.855+0000] {dagbag.py:588} INFO - Filling up the DagBag from /opt/airflow/dags/etl_datalake_dag.py
[2026-04-04T13:39:39.887+0000] {processor.py:925} INFO - DAG(s) 'etl_datalake_hive_iceberg' retrieved from /opt/airflow/dags/etl_datalake_dag.py
[2026-04-04T13:39:39.940+0000] {logging_mixin.py:190} INFO - [2026-04-04T13:39:39.940+0000] {dag.py:3239} INFO - Sync 1 DAGs
[2026-04-04T13:39:39.981+0000] {logging_mixin.py:190} INFO - [2026-04-04T13:39:39.981+0000] {dag.py:4180} INFO - Setting next_dagrun for etl_datalake_hive_iceberg to 2026-04-03T00:00:00+00:00, run_after=2026-04-04T00:00:00+00:00
[2026-04-04T13:39:40.006+0000] {processor.py:208} INFO - Processing /opt/airflow/dags/etl_datalake_dag.py took 0.163 seconds
[2026-04-04T13:40:10.568+0000] {processor.py:186} INFO - Started process (PID=428) to work on /opt/airflow/dags/etl_datalake_dag.py
[2026-04-04T13:40:10.569+0000] {processor.py:914} INFO - Processing file /opt/airflow/dags/etl_datalake_dag.py for tasks to queue
[2026-04-04T13:40:10.570+0000] {logging_mixin.py:190} INFO - [2026-04-04T13:40:10.570+0000] {dagbag.py:588} INFO - Filling up the DagBag from /opt/airflow/dags/etl_datalake_dag.py
[2026-04-04T13:40:10.596+0000] {processor.py:925} INFO - DAG(s) 'etl_datalake_hive_iceberg' retrieved from /opt/airflow/dags/etl_datalake_dag.py
[2026-04-04T13:40:10.647+0000] {logging_mixin.py:190} INFO - [2026-04-04T13:40:10.646+0000] {dag.py:3239} INFO - Sync 1 DAGs
[2026-04-04T13:40:10.681+0000] {logging_mixin.py:190} INFO - [2026-04-04T13:40:10.681+0000] {dag.py:4180} INFO - Setting next_dagrun for etl_datalake_hive_iceberg to 2026-04-03T00:00:00+00:00, run_after=2026-04-04T00:00:00+00:00
[2026-04-04T13:40:10.704+0000] {processor.py:208} INFO - Processing /opt/airflow/dags/etl_datalake_dag.py took 0.145 seconds
[2026-04-04T13:40:41.312+0000] {processor.py:186} INFO - Started process (PID=432) to work on /opt/airflow/dags/etl_datalake_dag.py
[2026-04-04T13:40:41.313+0000] {processor.py:914} INFO - Processing file /opt/airflow/dags/etl_datalake_dag.py for tasks to queue
[2026-04-04T13:40:41.315+0000] {logging_mixin.py:190} INFO - [2026-04-04T13:40:41.314+0000] {dagbag.py:588} INFO - Filling up the DagBag from /opt/airflow/dags/etl_datalake_dag.py
[2026-04-04T13:40:41.341+0000] {processor.py:925} INFO - DAG(s) 'etl_datalake_hive_iceberg' retrieved from /opt/airflow/dags/etl_datalake_dag.py
[2026-04-04T13:40:41.397+0000] {logging_mixin.py:190} INFO - [2026-04-04T13:40:41.397+0000] {dag.py:3239} INFO - Sync 1 DAGs
[2026-04-04T13:40:41.434+0000] {logging_mixin.py:190} INFO - [2026-04-04T13:40:41.434+0000] {dag.py:4180} INFO - Setting next_dagrun for etl_datalake_hive_iceberg to 2026-04-03T00:00:00+00:00, run_after=2026-04-04T00:00:00+00:00
[2026-04-04T13:40:41.463+0000] {processor.py:208} INFO - Processing /opt/airflow/dags/etl_datalake_dag.py took 0.159 seconds
[2026-04-04T13:41:12.057+0000] {processor.py:186} INFO - Started process (PID=436) to work on /opt/airflow/dags/etl_datalake_dag.py
[2026-04-04T13:41:12.058+0000] {processor.py:914} INFO - Processing file /opt/airflow/dags/etl_datalake_dag.py for tasks to queue
[2026-04-04T13:41:12.060+0000] {logging_mixin.py:190} INFO - [2026-04-04T13:41:12.059+0000] {dagbag.py:588} INFO - Filling up the DagBag from /opt/airflow/dags/etl_datalake_dag.py
[2026-04-04T13:41:12.086+0000] {processor.py:925} INFO - DAG(s) 'etl_datalake_hive_iceberg' retrieved from /opt/airflow/dags/etl_datalake_dag.py
[2026-04-04T13:41:12.134+0000] {logging_mixin.py:190} INFO - [2026-04-04T13:41:12.134+0000] {dag.py:3239} INFO - Sync 1 DAGs
[2026-04-04T13:41:12.171+0000] {logging_mixin.py:190} INFO - [2026-04-04T13:41:12.171+0000] {dag.py:4180} INFO - Setting next_dagrun for etl_datalake_hive_iceberg to 2026-04-03T00:00:00+00:00, run_after=2026-04-04T00:00:00+00:00
[2026-04-04T13:41:12.197+0000] {processor.py:208} INFO - Processing /opt/airflow/dags/etl_datalake_dag.py took 0.148 seconds
[2026-04-04T13:41:42.776+0000] {processor.py:186} INFO - Started process (PID=440) to work on /opt/airflow/dags/etl_datalake_dag.py
[2026-04-04T13:41:42.777+0000] {processor.py:914} INFO - Processing file /opt/airflow/dags/etl_datalake_dag.py for tasks to queue
[2026-04-04T13:41:42.778+0000] {logging_mixin.py:190} INFO - [2026-04-04T13:41:42.778+0000] {dagbag.py:588} INFO - Filling up the DagBag from /opt/airflow/dags/etl_datalake_dag.py
[2026-04-04T13:41:42.804+0000] {processor.py:925} INFO - DAG(s) 'etl_datalake_hive_iceberg' retrieved from /opt/airflow/dags/etl_datalake_dag.py
[2026-04-04T13:41:42.857+0000] {logging_mixin.py:190} INFO - [2026-04-04T13:41:42.857+0000] {dag.py:3239} INFO - Sync 1 DAGs
[2026-04-04T13:41:42.892+0000] {logging_mixin.py:190} INFO - [2026-04-04T13:41:42.892+0000] {dag.py:4180} INFO - Setting next_dagrun for etl_datalake_hive_iceberg to 2026-04-03T00:00:00+00:00, run_after=2026-04-04T00:00:00+00:00
[2026-04-04T13:41:42.917+0000] {processor.py:208} INFO - Processing /opt/airflow/dags/etl_datalake_dag.py took 0.148 seconds
[2026-04-04T13:42:13.468+0000] {processor.py:186} INFO - Started process (PID=444) to work on /opt/airflow/dags/etl_datalake_dag.py
[2026-04-04T13:42:13.469+0000] {processor.py:914} INFO - Processing file /opt/airflow/dags/etl_datalake_dag.py for tasks to queue
[2026-04-04T13:42:13.470+0000] {logging_mixin.py:190} INFO - [2026-04-04T13:42:13.470+0000] {dagbag.py:588} INFO - Filling up the DagBag from /opt/airflow/dags/etl_datalake_dag.py
[2026-04-04T13:42:13.496+0000] {processor.py:925} INFO - DAG(s) 'etl_datalake_hive_iceberg' retrieved from /opt/airflow/dags/etl_datalake_dag.py
[2026-04-04T13:42:13.549+0000] {logging_mixin.py:190} INFO - [2026-04-04T13:42:13.548+0000] {dag.py:3239} INFO - Sync 1 DAGs
[2026-04-04T13:42:13.585+0000] {logging_mixin.py:190} INFO - [2026-04-04T13:42:13.585+0000] {dag.py:4180} INFO - Setting next_dagrun for etl_datalake_hive_iceberg to 2026-04-03T00:00:00+00:00, run_after=2026-04-04T00:00:00+00:00
[2026-04-04T13:42:13.613+0000] {processor.py:208} INFO - Processing /opt/airflow/dags/etl_datalake_dag.py took 0.153 seconds
[2026-04-04T13:42:44.233+0000] {processor.py:186} INFO - Started process (PID=448) to work on /opt/airflow/dags/etl_datalake_dag.py
[2026-04-04T13:42:44.234+0000] {processor.py:914} INFO - Processing file /opt/airflow/dags/etl_datalake_dag.py for tasks to queue
[2026-04-04T13:42:44.235+0000] {logging_mixin.py:190} INFO - [2026-04-04T13:42:44.235+0000] {dagbag.py:588} INFO - Filling up the DagBag from /opt/airflow/dags/etl_datalake_dag.py
[2026-04-04T13:42:44.260+0000] {processor.py:925} INFO - DAG(s) 'etl_datalake_hive_iceberg' retrieved from /opt/airflow/dags/etl_datalake_dag.py
[2026-04-04T13:42:44.313+0000] {logging_mixin.py:190} INFO - [2026-04-04T13:42:44.313+0000] {dag.py:3239} INFO - Sync 1 DAGs
[2026-04-04T13:42:44.352+0000] {logging_mixin.py:190} INFO - [2026-04-04T13:42:44.352+0000] {dag.py:4180} INFO - Setting next_dagrun for etl_datalake_hive_iceberg to 2026-04-03T00:00:00+00:00, run_after=2026-04-04T00:00:00+00:00
[2026-04-04T13:42:44.385+0000] {processor.py:208} INFO - Processing /opt/airflow/dags/etl_datalake_dag.py took 0.160 seconds
[2026-04-04T13:43:15.064+0000] {processor.py:186} INFO - Started process (PID=452) to work on /opt/airflow/dags/etl_datalake_dag.py
[2026-04-04T13:43:15.065+0000] {processor.py:914} INFO - Processing file /opt/airflow/dags/etl_datalake_dag.py for tasks to queue
[2026-04-04T13:43:15.069+0000] {logging_mixin.py:190} INFO - [2026-04-04T13:43:15.069+0000] {dagbag.py:588} INFO - Filling up the DagBag from /opt/airflow/dags/etl_datalake_dag.py
[2026-04-04T13:43:15.161+0000] {processor.py:925} INFO - DAG(s) 'etl_datalake_hive_iceberg' retrieved from /opt/airflow/dags/etl_datalake_dag.py
[2026-04-04T13:43:15.240+0000] {logging_mixin.py:190} INFO - [2026-04-04T13:43:15.240+0000] {dag.py:3239} INFO - Sync 1 DAGs
[2026-04-04T13:43:15.308+0000] {logging_mixin.py:190} INFO - [2026-04-04T13:43:15.308+0000] {dag.py:4180} INFO - Setting next_dagrun for etl_datalake_hive_iceberg to 2026-04-03T00:00:00+00:00, run_after=2026-04-04T00:00:00+00:00
[2026-04-04T13:43:15.385+0000] {processor.py:208} INFO - Processing /opt/airflow/dags/etl_datalake_dag.py took 0.342 seconds
[2026-04-04T13:43:46.233+0000] {processor.py:186} INFO - Started process (PID=456) to work on /opt/airflow/dags/etl_datalake_dag.py
[2026-04-04T13:43:46.235+0000] {processor.py:914} INFO - Processing file /opt/airflow/dags/etl_datalake_dag.py for tasks to queue
[2026-04-04T13:43:46.237+0000] {logging_mixin.py:190} INFO - [2026-04-04T13:43:46.237+0000] {dagbag.py:588} INFO - Filling up the DagBag from /opt/airflow/dags/etl_datalake_dag.py
[2026-04-04T13:43:46.292+0000] {processor.py:925} INFO - DAG(s) 'etl_datalake_hive_iceberg' retrieved from /opt/airflow/dags/etl_datalake_dag.py
[2026-04-04T13:43:46.361+0000] {logging_mixin.py:190} INFO - [2026-04-04T13:43:46.360+0000] {dag.py:3239} INFO - Sync 1 DAGs
[2026-04-04T13:43:46.419+0000] {logging_mixin.py:190} INFO - [2026-04-04T13:43:46.418+0000] {dag.py:4180} INFO - Setting next_dagrun for etl_datalake_hive_iceberg to 2026-04-03T00:00:00+00:00, run_after=2026-04-04T00:00:00+00:00
[2026-04-04T13:43:46.457+0000] {processor.py:208} INFO - Processing /opt/airflow/dags/etl_datalake_dag.py took 0.237 seconds
[2026-04-04T13:44:17.055+0000] {processor.py:186} INFO - Started process (PID=460) to work on /opt/airflow/dags/etl_datalake_dag.py
[2026-04-04T13:44:17.056+0000] {processor.py:914} INFO - Processing file /opt/airflow/dags/etl_datalake_dag.py for tasks to queue
[2026-04-04T13:44:17.058+0000] {logging_mixin.py:190} INFO - [2026-04-04T13:44:17.058+0000] {dagbag.py:588} INFO - Filling up the DagBag from /opt/airflow/dags/etl_datalake_dag.py
[2026-04-04T13:44:17.084+0000] {processor.py:925} INFO - DAG(s) 'etl_datalake_hive_iceberg' retrieved from /opt/airflow/dags/etl_datalake_dag.py
[2026-04-04T13:44:17.135+0000] {logging_mixin.py:190} INFO - [2026-04-04T13:44:17.134+0000] {dag.py:3239} INFO - Sync 1 DAGs
[2026-04-04T13:44:17.172+0000] {logging_mixin.py:190} INFO - [2026-04-04T13:44:17.172+0000] {dag.py:4180} INFO - Setting next_dagrun for etl_datalake_hive_iceberg to 2026-04-03T00:00:00+00:00, run_after=2026-04-04T00:00:00+00:00
[2026-04-04T13:44:17.199+0000] {processor.py:208} INFO - Processing /opt/airflow/dags/etl_datalake_dag.py took 0.151 seconds
[2026-04-04T13:44:47.841+0000] {processor.py:186} INFO - Started process (PID=464) to work on /opt/airflow/dags/etl_datalake_dag.py
[2026-04-04T13:44:47.842+0000] {processor.py:914} INFO - Processing file /opt/airflow/dags/etl_datalake_dag.py for tasks to queue
[2026-04-04T13:44:47.844+0000] {logging_mixin.py:190} INFO - [2026-04-04T13:44:47.844+0000] {dagbag.py:588} INFO - Filling up the DagBag from /opt/airflow/dags/etl_datalake_dag.py
[2026-04-04T13:44:47.871+0000] {processor.py:925} INFO - DAG(s) 'etl_datalake_hive_iceberg' retrieved from /opt/airflow/dags/etl_datalake_dag.py
[2026-04-04T13:44:47.922+0000] {logging_mixin.py:190} INFO - [2026-04-04T13:44:47.922+0000] {dag.py:3239} INFO - Sync 1 DAGs
[2026-04-04T13:44:47.961+0000] {logging_mixin.py:190} INFO - [2026-04-04T13:44:47.961+0000] {dag.py:4180} INFO - Setting next_dagrun for etl_datalake_hive_iceberg to 2026-04-03T00:00:00+00:00, run_after=2026-04-04T00:00:00+00:00
[2026-04-04T13:44:47.985+0000] {processor.py:208} INFO - Processing /opt/airflow/dags/etl_datalake_dag.py took 0.152 seconds
[2026-04-04T13:45:18.595+0000] {processor.py:186} INFO - Started process (PID=468) to work on /opt/airflow/dags/etl_datalake_dag.py
[2026-04-04T13:45:18.597+0000] {processor.py:914} INFO - Processing file /opt/airflow/dags/etl_datalake_dag.py for tasks to queue
[2026-04-04T13:45:18.599+0000] {logging_mixin.py:190} INFO - [2026-04-04T13:45:18.598+0000] {dagbag.py:588} INFO - Filling up the DagBag from /opt/airflow/dags/etl_datalake_dag.py
[2026-04-04T13:45:18.625+0000] {processor.py:925} INFO - DAG(s) 'etl_datalake_hive_iceberg' retrieved from /opt/airflow/dags/etl_datalake_dag.py
[2026-04-04T13:45:18.681+0000] {logging_mixin.py:190} INFO - [2026-04-04T13:45:18.681+0000] {dag.py:3239} INFO - Sync 1 DAGs
[2026-04-04T13:45:18.725+0000] {logging_mixin.py:190} INFO - [2026-04-04T13:45:18.725+0000] {dag.py:4180} INFO - Setting next_dagrun for etl_datalake_hive_iceberg to 2026-04-03T00:00:00+00:00, run_after=2026-04-04T00:00:00+00:00
[2026-04-04T13:45:18.754+0000] {processor.py:208} INFO - Processing /opt/airflow/dags/etl_datalake_dag.py took 0.170 seconds
[2026-04-04T13:45:49.326+0000] {processor.py:186} INFO - Started process (PID=472) to work on /opt/airflow/dags/etl_datalake_dag.py
[2026-04-04T13:45:49.326+0000] {processor.py:914} INFO - Processing file /opt/airflow/dags/etl_datalake_dag.py for tasks to queue
[2026-04-04T13:45:49.328+0000] {logging_mixin.py:190} INFO - [2026-04-04T13:45:49.328+0000] {dagbag.py:588} INFO - Filling up the DagBag from /opt/airflow/dags/etl_datalake_dag.py
[2026-04-04T13:45:49.363+0000] {processor.py:925} INFO - DAG(s) 'etl_datalake_hive_iceberg' retrieved from /opt/airflow/dags/etl_datalake_dag.py
[2026-04-04T13:45:49.416+0000] {logging_mixin.py:190} INFO - [2026-04-04T13:45:49.416+0000] {dag.py:3239} INFO - Sync 1 DAGs
[2026-04-04T13:45:49.487+0000] {processor.py:208} INFO - Processing /opt/airflow/dags/etl_datalake_dag.py took 0.168 seconds
[2026-04-04T13:46:20.253+0000] {processor.py:186} INFO - Started process (PID=476) to work on /opt/airflow/dags/etl_datalake_dag.py
[2026-04-04T13:46:20.254+0000] {processor.py:914} INFO - Processing file /opt/airflow/dags/etl_datalake_dag.py for tasks to queue
[2026-04-04T13:46:20.256+0000] {logging_mixin.py:190} INFO - [2026-04-04T13:46:20.256+0000] {dagbag.py:588} INFO - Filling up the DagBag from /opt/airflow/dags/etl_datalake_dag.py
[2026-04-04T13:46:20.296+0000] {processor.py:925} INFO - DAG(s) 'etl_datalake_hive_iceberg' retrieved from /opt/airflow/dags/etl_datalake_dag.py
[2026-04-04T13:46:20.366+0000] {logging_mixin.py:190} INFO - [2026-04-04T13:46:20.366+0000] {dag.py:3239} INFO - Sync 1 DAGs
[2026-04-04T13:46:20.450+0000] {processor.py:208} INFO - Processing /opt/airflow/dags/etl_datalake_dag.py took 0.213 seconds
[2026-04-04T13:46:50.953+0000] {processor.py:186} INFO - Started process (PID=480) to work on /opt/airflow/dags/etl_datalake_dag.py
[2026-04-04T13:46:50.954+0000] {processor.py:914} INFO - Processing file /opt/airflow/dags/etl_datalake_dag.py for tasks to queue
[2026-04-04T13:46:50.955+0000] {logging_mixin.py:190} INFO - [2026-04-04T13:46:50.955+0000] {dagbag.py:588} INFO - Filling up the DagBag from /opt/airflow/dags/etl_datalake_dag.py
[2026-04-04T13:46:50.982+0000] {processor.py:925} INFO - DAG(s) 'etl_datalake_hive_iceberg' retrieved from /opt/airflow/dags/etl_datalake_dag.py
[2026-04-04T13:46:51.053+0000] {logging_mixin.py:190} INFO - [2026-04-04T13:46:51.053+0000] {dag.py:3239} INFO - Sync 1 DAGs
[2026-04-04T13:46:51.142+0000] {processor.py:208} INFO - Processing /opt/airflow/dags/etl_datalake_dag.py took 0.196 seconds
[2026-04-04T13:47:21.708+0000] {processor.py:186} INFO - Started process (PID=484) to work on /opt/airflow/dags/etl_datalake_dag.py
[2026-04-04T13:47:21.709+0000] {processor.py:914} INFO - Processing file /opt/airflow/dags/etl_datalake_dag.py for tasks to queue
[2026-04-04T13:47:21.710+0000] {logging_mixin.py:190} INFO - [2026-04-04T13:47:21.710+0000] {dagbag.py:588} INFO - Filling up the DagBag from /opt/airflow/dags/etl_datalake_dag.py
[2026-04-04T13:47:21.732+0000] {processor.py:925} INFO - DAG(s) 'etl_datalake_hive_iceberg' retrieved from /opt/airflow/dags/etl_datalake_dag.py
[2026-04-04T13:47:21.778+0000] {logging_mixin.py:190} INFO - [2026-04-04T13:47:21.778+0000] {dag.py:3239} INFO - Sync 1 DAGs
[2026-04-04T13:47:21.837+0000] {processor.py:208} INFO - Processing /opt/airflow/dags/etl_datalake_dag.py took 0.136 seconds
[2026-04-04T13:47:52.276+0000] {processor.py:186} INFO - Started process (PID=488) to work on /opt/airflow/dags/etl_datalake_dag.py
[2026-04-04T13:47:52.277+0000] {processor.py:914} INFO - Processing file /opt/airflow/dags/etl_datalake_dag.py for tasks to queue
[2026-04-04T13:47:52.279+0000] {logging_mixin.py:190} INFO - [2026-04-04T13:47:52.279+0000] {dagbag.py:588} INFO - Filling up the DagBag from /opt/airflow/dags/etl_datalake_dag.py
[2026-04-04T13:47:52.449+0000] {processor.py:925} INFO - DAG(s) 'etl_datalake_hive_iceberg' retrieved from /opt/airflow/dags/etl_datalake_dag.py
[2026-04-04T13:47:52.567+0000] {logging_mixin.py:190} INFO - [2026-04-04T13:47:52.567+0000] {dag.py:3239} INFO - Sync 1 DAGs
[2026-04-04T13:47:52.667+0000] {processor.py:208} INFO - Processing /opt/airflow/dags/etl_datalake_dag.py took 0.403 seconds
[2026-04-04T13:48:23.225+0000] {processor.py:186} INFO - Started process (PID=492) to work on /opt/airflow/dags/etl_datalake_dag.py
[2026-04-04T13:48:23.227+0000] {processor.py:914} INFO - Processing file /opt/airflow/dags/etl_datalake_dag.py for tasks to queue
[2026-04-04T13:48:23.230+0000] {logging_mixin.py:190} INFO - [2026-04-04T13:48:23.229+0000] {dagbag.py:588} INFO - Filling up the DagBag from /opt/airflow/dags/etl_datalake_dag.py
[2026-04-04T13:48:23.317+0000] {processor.py:925} INFO - DAG(s) 'etl_datalake_hive_iceberg' retrieved from /opt/airflow/dags/etl_datalake_dag.py
[2026-04-04T13:48:23.431+0000] {logging_mixin.py:190} INFO - [2026-04-04T13:48:23.431+0000] {dag.py:3239} INFO - Sync 1 DAGs
[2026-04-04T13:48:23.541+0000] {processor.py:208} INFO - Processing /opt/airflow/dags/etl_datalake_dag.py took 0.347 seconds
[2026-04-04T13:48:54.086+0000] {processor.py:186} INFO - Started process (PID=496) to work on /opt/airflow/dags/etl_datalake_dag.py
[2026-04-04T13:48:54.087+0000] {processor.py:914} INFO - Processing file /opt/airflow/dags/etl_datalake_dag.py for tasks to queue
[2026-04-04T13:48:54.088+0000] {logging_mixin.py:190} INFO - [2026-04-04T13:48:54.088+0000] {dagbag.py:588} INFO - Filling up the DagBag from /opt/airflow/dags/etl_datalake_dag.py
[2026-04-04T13:48:54.112+0000] {processor.py:925} INFO - DAG(s) 'etl_datalake_hive_iceberg' retrieved from /opt/airflow/dags/etl_datalake_dag.py
[2026-04-04T13:48:54.163+0000] {logging_mixin.py:190} INFO - [2026-04-04T13:48:54.162+0000] {dag.py:3239} INFO - Sync 1 DAGs
[2026-04-04T13:48:54.259+0000] {processor.py:208} INFO - Processing /opt/airflow/dags/etl_datalake_dag.py took 0.181 seconds
[2026-04-04T13:49:24.880+0000] {processor.py:186} INFO - Started process (PID=500) to work on /opt/airflow/dags/etl_datalake_dag.py
[2026-04-04T13:49:24.881+0000] {processor.py:914} INFO - Processing file /opt/airflow/dags/etl_datalake_dag.py for tasks to queue
[2026-04-04T13:49:24.882+0000] {logging_mixin.py:190} INFO - [2026-04-04T13:49:24.882+0000] {dagbag.py:588} INFO - Filling up the DagBag from /opt/airflow/dags/etl_datalake_dag.py
[2026-04-04T13:49:24.907+0000] {processor.py:925} INFO - DAG(s) 'etl_datalake_hive_iceberg' retrieved from /opt/airflow/dags/etl_datalake_dag.py
[2026-04-04T13:49:24.958+0000] {logging_mixin.py:190} INFO - [2026-04-04T13:49:24.958+0000] {dag.py:3239} INFO - Sync 1 DAGs
[2026-04-04T13:49:25.018+0000] {processor.py:208} INFO - Processing /opt/airflow/dags/etl_datalake_dag.py took 0.146 seconds
[2026-04-04T13:49:55.648+0000] {processor.py:186} INFO - Started process (PID=504) to work on /opt/airflow/dags/etl_datalake_dag.py
[2026-04-04T13:49:55.649+0000] {processor.py:914} INFO - Processing file /opt/airflow/dags/etl_datalake_dag.py for tasks to queue
[2026-04-04T13:49:55.650+0000] {logging_mixin.py:190} INFO - [2026-04-04T13:49:55.650+0000] {dagbag.py:588} INFO - Filling up the DagBag from /opt/airflow/dags/etl_datalake_dag.py
[2026-04-04T13:49:55.691+0000] {processor.py:925} INFO - DAG(s) 'etl_datalake_hive_iceberg' retrieved from /opt/airflow/dags/etl_datalake_dag.py
[2026-04-04T13:49:55.747+0000] {logging_mixin.py:190} INFO - [2026-04-04T13:49:55.746+0000] {dag.py:3239} INFO - Sync 1 DAGs
[2026-04-04T13:49:55.858+0000] {processor.py:208} INFO - Processing /opt/airflow/dags/etl_datalake_dag.py took 0.217 seconds
[2026-04-04T13:50:26.514+0000] {processor.py:186} INFO - Started process (PID=508) to work on /opt/airflow/dags/etl_datalake_dag.py
[2026-04-04T13:50:26.515+0000] {processor.py:914} INFO - Processing file /opt/airflow/dags/etl_datalake_dag.py for tasks to queue
[2026-04-04T13:50:26.518+0000] {logging_mixin.py:190} INFO - [2026-04-04T13:50:26.517+0000] {dagbag.py:588} INFO - Filling up the DagBag from /opt/airflow/dags/etl_datalake_dag.py
[2026-04-04T13:50:26.563+0000] {processor.py:925} INFO - DAG(s) 'etl_datalake_hive_iceberg' retrieved from /opt/airflow/dags/etl_datalake_dag.py
[2026-04-04T13:50:26.648+0000] {logging_mixin.py:190} INFO - [2026-04-04T13:50:26.647+0000] {dag.py:3239} INFO - Sync 1 DAGs
[2026-04-04T13:50:26.763+0000] {processor.py:208} INFO - Processing /opt/airflow/dags/etl_datalake_dag.py took 0.281 seconds
[2026-04-04T13:50:57.344+0000] {processor.py:186} INFO - Started process (PID=512) to work on /opt/airflow/dags/etl_datalake_dag.py
[2026-04-04T13:50:57.345+0000] {processor.py:914} INFO - Processing file /opt/airflow/dags/etl_datalake_dag.py for tasks to queue
[2026-04-04T13:50:57.347+0000] {logging_mixin.py:190} INFO - [2026-04-04T13:50:57.346+0000] {dagbag.py:588} INFO - Filling up the DagBag from /opt/airflow/dags/etl_datalake_dag.py
[2026-04-04T13:50:57.375+0000] {processor.py:925} INFO - DAG(s) 'etl_datalake_hive_iceberg' retrieved from /opt/airflow/dags/etl_datalake_dag.py
[2026-04-04T13:50:57.428+0000] {logging_mixin.py:190} INFO - [2026-04-04T13:50:57.428+0000] {dag.py:3239} INFO - Sync 1 DAGs
[2026-04-04T13:50:57.494+0000] {processor.py:208} INFO - Processing /opt/airflow/dags/etl_datalake_dag.py took 0.160 seconds
[2026-04-04T13:51:27.899+0000] {processor.py:186} INFO - Started process (PID=516) to work on /opt/airflow/dags/etl_datalake_dag.py
[2026-04-04T13:51:27.900+0000] {processor.py:914} INFO - Processing file /opt/airflow/dags/etl_datalake_dag.py for tasks to queue
[2026-04-04T13:51:27.902+0000] {logging_mixin.py:190} INFO - [2026-04-04T13:51:27.902+0000] {dagbag.py:588} INFO - Filling up the DagBag from /opt/airflow/dags/etl_datalake_dag.py
[2026-04-04T13:51:27.938+0000] {processor.py:925} INFO - DAG(s) 'etl_datalake_hive_iceberg' retrieved from /opt/airflow/dags/etl_datalake_dag.py
[2026-04-04T13:51:28.002+0000] {logging_mixin.py:190} INFO - [2026-04-04T13:51:28.001+0000] {dag.py:3239} INFO - Sync 1 DAGs
[2026-04-04T13:51:28.073+0000] {processor.py:208} INFO - Processing /opt/airflow/dags/etl_datalake_dag.py took 0.188 seconds
[2026-04-04T13:51:58.728+0000] {processor.py:186} INFO - Started process (PID=520) to work on /opt/airflow/dags/etl_datalake_dag.py
[2026-04-04T13:51:58.729+0000] {processor.py:914} INFO - Processing file /opt/airflow/dags/etl_datalake_dag.py for tasks to queue
[2026-04-04T13:51:58.731+0000] {logging_mixin.py:190} INFO - [2026-04-04T13:51:58.730+0000] {dagbag.py:588} INFO - Filling up the DagBag from /opt/airflow/dags/etl_datalake_dag.py
[2026-04-04T13:51:58.762+0000] {processor.py:925} INFO - DAG(s) 'etl_datalake_hive_iceberg' retrieved from /opt/airflow/dags/etl_datalake_dag.py
[2026-04-04T13:51:58.819+0000] {logging_mixin.py:190} INFO - [2026-04-04T13:51:58.819+0000] {dag.py:3239} INFO - Sync 1 DAGs
[2026-04-04T13:51:58.887+0000] {processor.py:208} INFO - Processing /opt/airflow/dags/etl_datalake_dag.py took 0.169 seconds
[2026-04-04T13:52:29.531+0000] {processor.py:186} INFO - Started process (PID=524) to work on /opt/airflow/dags/etl_datalake_dag.py
[2026-04-04T13:52:29.532+0000] {processor.py:914} INFO - Processing file /opt/airflow/dags/etl_datalake_dag.py for tasks to queue
[2026-04-04T13:52:29.534+0000] {logging_mixin.py:190} INFO - [2026-04-04T13:52:29.533+0000] {dagbag.py:588} INFO - Filling up the DagBag from /opt/airflow/dags/etl_datalake_dag.py
[2026-04-04T13:52:29.573+0000] {processor.py:925} INFO - DAG(s) 'etl_datalake_hive_iceberg' retrieved from /opt/airflow/dags/etl_datalake_dag.py
[2026-04-04T13:52:29.632+0000] {logging_mixin.py:190} INFO - [2026-04-04T13:52:29.631+0000] {dag.py:3239} INFO - Sync 1 DAGs
[2026-04-04T13:52:29.704+0000] {processor.py:208} INFO - Processing /opt/airflow/dags/etl_datalake_dag.py took 0.184 seconds
[2026-04-04T13:53:00.334+0000] {processor.py:186} INFO - Started process (PID=528) to work on /opt/airflow/dags/etl_datalake_dag.py
[2026-04-04T13:53:00.336+0000] {processor.py:914} INFO - Processing file /opt/airflow/dags/etl_datalake_dag.py for tasks to queue
[2026-04-04T13:53:00.338+0000] {logging_mixin.py:190} INFO - [2026-04-04T13:53:00.337+0000] {dagbag.py:588} INFO - Filling up the DagBag from /opt/airflow/dags/etl_datalake_dag.py
[2026-04-04T13:53:00.372+0000] {processor.py:925} INFO - DAG(s) 'etl_datalake_hive_iceberg' retrieved from /opt/airflow/dags/etl_datalake_dag.py
[2026-04-04T13:53:00.496+0000] {logging_mixin.py:190} INFO - [2026-04-04T13:53:00.496+0000] {dag.py:3239} INFO - Sync 1 DAGs
[2026-04-04T13:53:00.584+0000] {processor.py:208} INFO - Processing /opt/airflow/dags/etl_datalake_dag.py took 0.262 seconds
[2026-04-04T13:53:31.120+0000] {processor.py:186} INFO - Started process (PID=532) to work on /opt/airflow/dags/etl_datalake_dag.py
[2026-04-04T13:53:31.121+0000] {processor.py:914} INFO - Processing file /opt/airflow/dags/etl_datalake_dag.py for tasks to queue
[2026-04-04T13:53:31.122+0000] {logging_mixin.py:190} INFO - [2026-04-04T13:53:31.122+0000] {dagbag.py:588} INFO - Filling up the DagBag from /opt/airflow/dags/etl_datalake_dag.py
[2026-04-04T13:53:31.145+0000] {processor.py:925} INFO - DAG(s) 'etl_datalake_hive_iceberg' retrieved from /opt/airflow/dags/etl_datalake_dag.py
[2026-04-04T13:53:31.202+0000] {logging_mixin.py:190} INFO - [2026-04-04T13:53:31.202+0000] {dag.py:3239} INFO - Sync 1 DAGs
[2026-04-04T13:53:31.279+0000] {processor.py:208} INFO - Processing /opt/airflow/dags/etl_datalake_dag.py took 0.168 seconds
[2026-04-04T13:54:02.118+0000] {processor.py:186} INFO - Started process (PID=536) to work on /opt/airflow/dags/etl_datalake_dag.py
[2026-04-04T13:54:02.122+0000] {processor.py:914} INFO - Processing file /opt/airflow/dags/etl_datalake_dag.py for tasks to queue
[2026-04-04T13:54:02.148+0000] {logging_mixin.py:190} INFO - [2026-04-04T13:54:02.147+0000] {dagbag.py:588} INFO - Filling up the DagBag from /opt/airflow/dags/etl_datalake_dag.py
[2026-04-04T13:54:02.351+0000] {processor.py:925} INFO - DAG(s) 'etl_datalake_hive_iceberg' retrieved from /opt/airflow/dags/etl_datalake_dag.py
[2026-04-04T13:54:02.600+0000] {logging_mixin.py:190} INFO - [2026-04-04T13:54:02.599+0000] {dag.py:3239} INFO - Sync 1 DAGs
[2026-04-04T13:54:02.807+0000] {processor.py:208} INFO - Processing /opt/airflow/dags/etl_datalake_dag.py took 0.817 seconds
[2026-04-04T13:54:33.658+0000] {processor.py:186} INFO - Started process (PID=540) to work on /opt/airflow/dags/etl_datalake_dag.py
[2026-04-04T13:54:33.660+0000] {processor.py:914} INFO - Processing file /opt/airflow/dags/etl_datalake_dag.py for tasks to queue
[2026-04-04T13:54:33.666+0000] {logging_mixin.py:190} INFO - [2026-04-04T13:54:33.665+0000] {dagbag.py:588} INFO - Filling up the DagBag from /opt/airflow/dags/etl_datalake_dag.py
[2026-04-04T13:54:33.833+0000] {processor.py:925} INFO - DAG(s) 'etl_datalake_hive_iceberg' retrieved from /opt/airflow/dags/etl_datalake_dag.py
[2026-04-04T13:54:34.068+0000] {logging_mixin.py:190} INFO - [2026-04-04T13:54:34.068+0000] {dag.py:3239} INFO - Sync 1 DAGs
[2026-04-04T13:54:34.263+0000] {processor.py:208} INFO - Processing /opt/airflow/dags/etl_datalake_dag.py took 0.687 seconds
[2026-04-04T13:55:04.517+0000] {processor.py:186} INFO - Started process (PID=544) to work on /opt/airflow/dags/etl_datalake_dag.py
[2026-04-04T13:55:04.518+0000] {processor.py:914} INFO - Processing file /opt/airflow/dags/etl_datalake_dag.py for tasks to queue
[2026-04-04T13:55:04.520+0000] {logging_mixin.py:190} INFO - [2026-04-04T13:55:04.520+0000] {dagbag.py:588} INFO - Filling up the DagBag from /opt/airflow/dags/etl_datalake_dag.py
[2026-04-04T13:55:04.559+0000] {processor.py:925} INFO - DAG(s) 'etl_datalake_hive_iceberg' retrieved from /opt/airflow/dags/etl_datalake_dag.py
[2026-04-04T13:55:04.659+0000] {logging_mixin.py:190} INFO - [2026-04-04T13:55:04.659+0000] {dag.py:3239} INFO - Sync 1 DAGs
[2026-04-04T13:55:04.733+0000] {processor.py:208} INFO - Processing /opt/airflow/dags/etl_datalake_dag.py took 0.228 seconds
[2026-04-04T13:55:35.259+0000] {processor.py:186} INFO - Started process (PID=548) to work on /opt/airflow/dags/etl_datalake_dag.py
[2026-04-04T13:55:35.260+0000] {processor.py:914} INFO - Processing file /opt/airflow/dags/etl_datalake_dag.py for tasks to queue
[2026-04-04T13:55:35.261+0000] {logging_mixin.py:190} INFO - [2026-04-04T13:55:35.261+0000] {dagbag.py:588} INFO - Filling up the DagBag from /opt/airflow/dags/etl_datalake_dag.py
[2026-04-04T13:55:35.289+0000] {processor.py:925} INFO - DAG(s) 'etl_datalake_hive_iceberg' retrieved from /opt/airflow/dags/etl_datalake_dag.py
[2026-04-04T13:55:35.341+0000] {logging_mixin.py:190} INFO - [2026-04-04T13:55:35.341+0000] {dag.py:3239} INFO - Sync 1 DAGs
[2026-04-04T13:55:35.407+0000] {processor.py:208} INFO - Processing /opt/airflow/dags/etl_datalake_dag.py took 0.155 seconds
[2026-04-04T13:56:06.072+0000] {processor.py:186} INFO - Started process (PID=552) to work on /opt/airflow/dags/etl_datalake_dag.py
[2026-04-04T13:56:06.073+0000] {processor.py:914} INFO - Processing file /opt/airflow/dags/etl_datalake_dag.py for tasks to queue
[2026-04-04T13:56:06.077+0000] {logging_mixin.py:190} INFO - [2026-04-04T13:56:06.077+0000] {dagbag.py:588} INFO - Filling up the DagBag from /opt/airflow/dags/etl_datalake_dag.py
[2026-04-04T13:56:06.119+0000] {processor.py:925} INFO - DAG(s) 'etl_datalake_hive_iceberg' retrieved from /opt/airflow/dags/etl_datalake_dag.py
[2026-04-04T13:56:06.180+0000] {logging_mixin.py:190} INFO - [2026-04-04T13:56:06.180+0000] {dag.py:3239} INFO - Sync 1 DAGs
[2026-04-04T13:56:06.252+0000] {processor.py:208} INFO - Processing /opt/airflow/dags/etl_datalake_dag.py took 0.190 seconds
[2026-04-04T13:56:36.681+0000] {processor.py:186} INFO - Started process (PID=556) to work on /opt/airflow/dags/etl_datalake_dag.py
[2026-04-04T13:56:36.682+0000] {processor.py:914} INFO - Processing file /opt/airflow/dags/etl_datalake_dag.py for tasks to queue
[2026-04-04T13:56:36.683+0000] {logging_mixin.py:190} INFO - [2026-04-04T13:56:36.683+0000] {dagbag.py:588} INFO - Filling up the DagBag from /opt/airflow/dags/etl_datalake_dag.py
[2026-04-04T13:56:36.712+0000] {processor.py:925} INFO - DAG(s) 'etl_datalake_hive_iceberg' retrieved from /opt/airflow/dags/etl_datalake_dag.py
[2026-04-04T13:56:36.796+0000] {logging_mixin.py:190} INFO - [2026-04-04T13:56:36.795+0000] {dag.py:3239} INFO - Sync 1 DAGs
[2026-04-04T13:56:36.881+0000] {processor.py:208} INFO - Processing /opt/airflow/dags/etl_datalake_dag.py took 0.209 seconds
[2026-04-04T13:57:07.263+0000] {processor.py:186} INFO - Started process (PID=560) to work on /opt/airflow/dags/etl_datalake_dag.py
[2026-04-04T13:57:07.264+0000] {processor.py:914} INFO - Processing file /opt/airflow/dags/etl_datalake_dag.py for tasks to queue
[2026-04-04T13:57:07.265+0000] {logging_mixin.py:190} INFO - [2026-04-04T13:57:07.265+0000] {dagbag.py:588} INFO - Filling up the DagBag from /opt/airflow/dags/etl_datalake_dag.py
[2026-04-04T13:57:07.292+0000] {processor.py:925} INFO - DAG(s) 'etl_datalake_hive_iceberg' retrieved from /opt/airflow/dags/etl_datalake_dag.py
[2026-04-04T13:57:07.342+0000] {logging_mixin.py:190} INFO - [2026-04-04T13:57:07.342+0000] {dag.py:3239} INFO - Sync 1 DAGs
[2026-04-04T13:57:07.406+0000] {processor.py:208} INFO - Processing /opt/airflow/dags/etl_datalake_dag.py took 0.151 seconds
[2026-04-04T13:57:37.843+0000] {processor.py:186} INFO - Started process (PID=564) to work on /opt/airflow/dags/etl_datalake_dag.py
[2026-04-04T13:57:37.844+0000] {processor.py:914} INFO - Processing file /opt/airflow/dags/etl_datalake_dag.py for tasks to queue
[2026-04-04T13:57:37.846+0000] {logging_mixin.py:190} INFO - [2026-04-04T13:57:37.845+0000] {dagbag.py:588} INFO - Filling up the DagBag from /opt/airflow/dags/etl_datalake_dag.py
[2026-04-04T13:57:37.872+0000] {processor.py:925} INFO - DAG(s) 'etl_datalake_hive_iceberg' retrieved from /opt/airflow/dags/etl_datalake_dag.py
[2026-04-04T13:57:37.920+0000] {logging_mixin.py:190} INFO - [2026-04-04T13:57:37.919+0000] {dag.py:3239} INFO - Sync 1 DAGs
[2026-04-04T13:57:37.982+0000] {processor.py:208} INFO - Processing /opt/airflow/dags/etl_datalake_dag.py took 0.149 seconds
[2026-04-04T13:58:08.436+0000] {processor.py:186} INFO - Started process (PID=568) to work on /opt/airflow/dags/etl_datalake_dag.py
[2026-04-04T13:58:08.437+0000] {processor.py:914} INFO - Processing file /opt/airflow/dags/etl_datalake_dag.py for tasks to queue
[2026-04-04T13:58:08.441+0000] {logging_mixin.py:190} INFO - [2026-04-04T13:58:08.440+0000] {dagbag.py:588} INFO - Filling up the DagBag from /opt/airflow/dags/etl_datalake_dag.py
[2026-04-04T13:58:08.500+0000] {processor.py:925} INFO - DAG(s) 'etl_datalake_hive_iceberg' retrieved from /opt/airflow/dags/etl_datalake_dag.py
[2026-04-04T13:58:08.570+0000] {logging_mixin.py:190} INFO - [2026-04-04T13:58:08.570+0000] {dag.py:3239} INFO - Sync 1 DAGs
[2026-04-04T13:58:08.672+0000] {processor.py:208} INFO - Processing /opt/airflow/dags/etl_datalake_dag.py took 0.253 seconds
[2026-04-04T13:58:39.228+0000] {processor.py:186} INFO - Started process (PID=572) to work on /opt/airflow/dags/etl_datalake_dag.py
[2026-04-04T13:58:39.229+0000] {processor.py:914} INFO - Processing file /opt/airflow/dags/etl_datalake_dag.py for tasks to queue
[2026-04-04T13:58:39.230+0000] {logging_mixin.py:190} INFO - [2026-04-04T13:58:39.230+0000] {dagbag.py:588} INFO - Filling up the DagBag from /opt/airflow/dags/etl_datalake_dag.py
[2026-04-04T13:58:39.259+0000] {processor.py:925} INFO - DAG(s) 'etl_datalake_hive_iceberg' retrieved from /opt/airflow/dags/etl_datalake_dag.py
[2026-04-04T13:58:39.315+0000] {logging_mixin.py:190} INFO - [2026-04-04T13:58:39.315+0000] {dag.py:3239} INFO - Sync 1 DAGs
[2026-04-04T13:58:39.386+0000] {processor.py:208} INFO - Processing /opt/airflow/dags/etl_datalake_dag.py took 0.165 seconds
[2026-04-04T13:59:09.996+0000] {processor.py:186} INFO - Started process (PID=576) to work on /opt/airflow/dags/etl_datalake_dag.py
[2026-04-04T13:59:09.997+0000] {processor.py:914} INFO - Processing file /opt/airflow/dags/etl_datalake_dag.py for tasks to queue
[2026-04-04T13:59:09.999+0000] {logging_mixin.py:190} INFO - [2026-04-04T13:59:09.999+0000] {dagbag.py:588} INFO - Filling up the DagBag from /opt/airflow/dags/etl_datalake_dag.py
[2026-04-04T13:59:10.023+0000] {processor.py:925} INFO - DAG(s) 'etl_datalake_hive_iceberg' retrieved from /opt/airflow/dags/etl_datalake_dag.py
[2026-04-04T13:59:10.073+0000] {logging_mixin.py:190} INFO - [2026-04-04T13:59:10.073+0000] {dag.py:3239} INFO - Sync 1 DAGs
[2026-04-04T13:59:10.137+0000] {processor.py:208} INFO - Processing /opt/airflow/dags/etl_datalake_dag.py took 0.147 seconds
[2026-04-04T13:59:40.539+0000] {processor.py:186} INFO - Started process (PID=580) to work on /opt/airflow/dags/etl_datalake_dag.py
[2026-04-04T13:59:40.540+0000] {processor.py:914} INFO - Processing file /opt/airflow/dags/etl_datalake_dag.py for tasks to queue
[2026-04-04T13:59:40.542+0000] {logging_mixin.py:190} INFO - [2026-04-04T13:59:40.542+0000] {dagbag.py:588} INFO - Filling up the DagBag from /opt/airflow/dags/etl_datalake_dag.py
[2026-04-04T13:59:40.570+0000] {processor.py:925} INFO - DAG(s) 'etl_datalake_hive_iceberg' retrieved from /opt/airflow/dags/etl_datalake_dag.py
[2026-04-04T13:59:40.640+0000] {logging_mixin.py:190} INFO - [2026-04-04T13:59:40.640+0000] {dag.py:3239} INFO - Sync 1 DAGs
[2026-04-04T13:59:40.741+0000] {processor.py:208} INFO - Processing /opt/airflow/dags/etl_datalake_dag.py took 0.210 seconds
[2026-04-04T14:00:11.157+0000] {processor.py:186} INFO - Started process (PID=584) to work on /opt/airflow/dags/etl_datalake_dag.py
[2026-04-04T14:00:11.158+0000] {processor.py:914} INFO - Processing file /opt/airflow/dags/etl_datalake_dag.py for tasks to queue
[2026-04-04T14:00:11.160+0000] {logging_mixin.py:190} INFO - [2026-04-04T14:00:11.160+0000] {dagbag.py:588} INFO - Filling up the DagBag from /opt/airflow/dags/etl_datalake_dag.py
[2026-04-04T14:00:11.188+0000] {processor.py:925} INFO - DAG(s) 'etl_datalake_hive_iceberg' retrieved from /opt/airflow/dags/etl_datalake_dag.py
[2026-04-04T14:00:11.233+0000] {logging_mixin.py:190} INFO - [2026-04-04T14:00:11.233+0000] {dag.py:3239} INFO - Sync 1 DAGs
[2026-04-04T14:00:11.294+0000] {processor.py:208} INFO - Processing /opt/airflow/dags/etl_datalake_dag.py took 0.145 seconds
[2026-04-04T14:00:41.666+0000] {processor.py:186} INFO - Started process (PID=588) to work on /opt/airflow/dags/etl_datalake_dag.py
[2026-04-04T14:00:41.666+0000] {processor.py:914} INFO - Processing file /opt/airflow/dags/etl_datalake_dag.py for tasks to queue
[2026-04-04T14:00:41.668+0000] {logging_mixin.py:190} INFO - [2026-04-04T14:00:41.667+0000] {dagbag.py:588} INFO - Filling up the DagBag from /opt/airflow/dags/etl_datalake_dag.py
[2026-04-04T14:00:41.693+0000] {processor.py:925} INFO - DAG(s) 'etl_datalake_hive_iceberg' retrieved from /opt/airflow/dags/etl_datalake_dag.py
[2026-04-04T14:00:41.740+0000] {logging_mixin.py:190} INFO - [2026-04-04T14:00:41.740+0000] {dag.py:3239} INFO - Sync 1 DAGs
[2026-04-04T14:00:41.812+0000] {processor.py:208} INFO - Processing /opt/airflow/dags/etl_datalake_dag.py took 0.154 seconds
[2026-04-04T14:01:12.214+0000] {processor.py:186} INFO - Started process (PID=592) to work on /opt/airflow/dags/etl_datalake_dag.py
[2026-04-04T14:01:12.215+0000] {processor.py:914} INFO - Processing file /opt/airflow/dags/etl_datalake_dag.py for tasks to queue
[2026-04-04T14:01:12.217+0000] {logging_mixin.py:190} INFO - [2026-04-04T14:01:12.216+0000] {dagbag.py:588} INFO - Filling up the DagBag from /opt/airflow/dags/etl_datalake_dag.py
[2026-04-04T14:01:12.248+0000] {processor.py:925} INFO - DAG(s) 'etl_datalake_hive_iceberg' retrieved from /opt/airflow/dags/etl_datalake_dag.py
[2026-04-04T14:01:12.295+0000] {logging_mixin.py:190} INFO - [2026-04-04T14:01:12.295+0000] {dag.py:3239} INFO - Sync 1 DAGs
[2026-04-04T14:01:12.370+0000] {processor.py:208} INFO - Processing /opt/airflow/dags/etl_datalake_dag.py took 0.165 seconds
[2026-04-04T14:01:42.746+0000] {processor.py:186} INFO - Started process (PID=596) to work on /opt/airflow/dags/etl_datalake_dag.py
[2026-04-04T14:01:42.747+0000] {processor.py:914} INFO - Processing file /opt/airflow/dags/etl_datalake_dag.py for tasks to queue
[2026-04-04T14:01:42.748+0000] {logging_mixin.py:190} INFO - [2026-04-04T14:01:42.747+0000] {dagbag.py:588} INFO - Filling up the DagBag from /opt/airflow/dags/etl_datalake_dag.py
[2026-04-04T14:01:42.771+0000] {processor.py:925} INFO - DAG(s) 'etl_datalake_hive_iceberg' retrieved from /opt/airflow/dags/etl_datalake_dag.py
[2026-04-04T14:01:42.817+0000] {logging_mixin.py:190} INFO - [2026-04-04T14:01:42.817+0000] {dag.py:3239} INFO - Sync 1 DAGs
[2026-04-04T14:01:42.875+0000] {processor.py:208} INFO - Processing /opt/airflow/dags/etl_datalake_dag.py took 0.137 seconds
[2026-04-04T14:02:13.266+0000] {processor.py:186} INFO - Started process (PID=600) to work on /opt/airflow/dags/etl_datalake_dag.py
[2026-04-04T14:02:13.267+0000] {processor.py:914} INFO - Processing file /opt/airflow/dags/etl_datalake_dag.py for tasks to queue
[2026-04-04T14:02:13.268+0000] {logging_mixin.py:190} INFO - [2026-04-04T14:02:13.268+0000] {dagbag.py:588} INFO - Filling up the DagBag from /opt/airflow/dags/etl_datalake_dag.py
[2026-04-04T14:02:13.294+0000] {processor.py:925} INFO - DAG(s) 'etl_datalake_hive_iceberg' retrieved from /opt/airflow/dags/etl_datalake_dag.py
[2026-04-04T14:02:13.342+0000] {logging_mixin.py:190} INFO - [2026-04-04T14:02:13.342+0000] {dag.py:3239} INFO - Sync 1 DAGs
[2026-04-04T14:02:13.400+0000] {processor.py:208} INFO - Processing /opt/airflow/dags/etl_datalake_dag.py took 0.141 seconds
[2026-04-04T14:02:43.769+0000] {processor.py:186} INFO - Started process (PID=604) to work on /opt/airflow/dags/etl_datalake_dag.py
[2026-04-04T14:02:43.769+0000] {processor.py:914} INFO - Processing file /opt/airflow/dags/etl_datalake_dag.py for tasks to queue
[2026-04-04T14:02:43.771+0000] {logging_mixin.py:190} INFO - [2026-04-04T14:02:43.771+0000] {dagbag.py:588} INFO - Filling up the DagBag from /opt/airflow/dags/etl_datalake_dag.py
[2026-04-04T14:02:43.795+0000] {processor.py:925} INFO - DAG(s) 'etl_datalake_hive_iceberg' retrieved from /opt/airflow/dags/etl_datalake_dag.py
[2026-04-04T14:02:43.851+0000] {logging_mixin.py:190} INFO - [2026-04-04T14:02:43.851+0000] {dag.py:3239} INFO - Sync 1 DAGs
[2026-04-04T14:02:43.933+0000] {processor.py:208} INFO - Processing /opt/airflow/dags/etl_datalake_dag.py took 0.172 seconds
[2026-04-04T14:03:14.334+0000] {processor.py:186} INFO - Started process (PID=608) to work on /opt/airflow/dags/etl_datalake_dag.py
[2026-04-04T14:03:14.335+0000] {processor.py:914} INFO - Processing file /opt/airflow/dags/etl_datalake_dag.py for tasks to queue
[2026-04-04T14:03:14.337+0000] {logging_mixin.py:190} INFO - [2026-04-04T14:03:14.337+0000] {dagbag.py:588} INFO - Filling up the DagBag from /opt/airflow/dags/etl_datalake_dag.py
[2026-04-04T14:03:14.364+0000] {processor.py:925} INFO - DAG(s) 'etl_datalake_hive_iceberg' retrieved from /opt/airflow/dags/etl_datalake_dag.py
[2026-04-04T14:03:14.424+0000] {logging_mixin.py:190} INFO - [2026-04-04T14:03:14.424+0000] {dag.py:3239} INFO - Sync 1 DAGs
[2026-04-04T14:03:14.497+0000] {processor.py:208} INFO - Processing /opt/airflow/dags/etl_datalake_dag.py took 0.171 seconds
[2026-04-04T14:03:45.055+0000] {processor.py:186} INFO - Started process (PID=612) to work on /opt/airflow/dags/etl_datalake_dag.py
[2026-04-04T14:03:45.060+0000] {processor.py:914} INFO - Processing file /opt/airflow/dags/etl_datalake_dag.py for tasks to queue
[2026-04-04T14:03:45.064+0000] {logging_mixin.py:190} INFO - [2026-04-04T14:03:45.063+0000] {dagbag.py:588} INFO - Filling up the DagBag from /opt/airflow/dags/etl_datalake_dag.py
[2026-04-04T14:03:45.163+0000] {processor.py:925} INFO - DAG(s) 'etl_datalake_hive_iceberg' retrieved from /opt/airflow/dags/etl_datalake_dag.py
[2026-04-04T14:03:45.346+0000] {logging_mixin.py:190} INFO - [2026-04-04T14:03:45.346+0000] {dag.py:3239} INFO - Sync 1 DAGs
[2026-04-04T14:03:45.484+0000] {processor.py:208} INFO - Processing /opt/airflow/dags/etl_datalake_dag.py took 0.449 seconds
[2026-04-04T14:04:16.150+0000] {processor.py:186} INFO - Started process (PID=616) to work on /opt/airflow/dags/etl_datalake_dag.py
[2026-04-04T14:04:16.150+0000] {processor.py:914} INFO - Processing file /opt/airflow/dags/etl_datalake_dag.py for tasks to queue
[2026-04-04T14:04:16.152+0000] {logging_mixin.py:190} INFO - [2026-04-04T14:04:16.152+0000] {dagbag.py:588} INFO - Filling up the DagBag from /opt/airflow/dags/etl_datalake_dag.py
[2026-04-04T14:04:16.178+0000] {processor.py:925} INFO - DAG(s) 'etl_datalake_hive_iceberg' retrieved from /opt/airflow/dags/etl_datalake_dag.py
[2026-04-04T14:04:16.230+0000] {logging_mixin.py:190} INFO - [2026-04-04T14:04:16.229+0000] {dag.py:3239} INFO - Sync 1 DAGs
[2026-04-04T14:04:16.308+0000] {processor.py:208} INFO - Processing /opt/airflow/dags/etl_datalake_dag.py took 0.166 seconds
[2026-04-04T14:04:46.954+0000] {processor.py:186} INFO - Started process (PID=620) to work on /opt/airflow/dags/etl_datalake_dag.py
[2026-04-04T14:04:46.955+0000] {processor.py:914} INFO - Processing file /opt/airflow/dags/etl_datalake_dag.py for tasks to queue
[2026-04-04T14:04:46.958+0000] {logging_mixin.py:190} INFO - [2026-04-04T14:04:46.958+0000] {dagbag.py:588} INFO - Filling up the DagBag from /opt/airflow/dags/etl_datalake_dag.py
[2026-04-04T14:04:46.988+0000] {processor.py:925} INFO - DAG(s) 'etl_datalake_hive_iceberg' retrieved from /opt/airflow/dags/etl_datalake_dag.py
[2026-04-04T14:04:47.059+0000] {logging_mixin.py:190} INFO - [2026-04-04T14:04:47.057+0000] {dag.py:3239} INFO - Sync 1 DAGs
[2026-04-04T14:04:47.153+0000] {processor.py:208} INFO - Processing /opt/airflow/dags/etl_datalake_dag.py took 0.208 seconds
[2026-04-04T14:05:17.559+0000] {processor.py:186} INFO - Started process (PID=624) to work on /opt/airflow/dags/etl_datalake_dag.py
[2026-04-04T14:05:17.571+0000] {processor.py:914} INFO - Processing file /opt/airflow/dags/etl_datalake_dag.py for tasks to queue
[2026-04-04T14:05:17.579+0000] {logging_mixin.py:190} INFO - [2026-04-04T14:05:17.577+0000] {dagbag.py:588} INFO - Filling up the DagBag from /opt/airflow/dags/etl_datalake_dag.py
[2026-04-04T14:05:17.645+0000] {processor.py:925} INFO - DAG(s) 'etl_datalake_hive_iceberg' retrieved from /opt/airflow/dags/etl_datalake_dag.py
[2026-04-04T14:05:17.790+0000] {logging_mixin.py:190} INFO - [2026-04-04T14:05:17.790+0000] {dag.py:3239} INFO - Sync 1 DAGs
[2026-04-04T14:05:17.953+0000] {processor.py:208} INFO - Processing /opt/airflow/dags/etl_datalake_dag.py took 0.406 seconds
[2026-04-04T14:05:48.638+0000] {processor.py:186} INFO - Started process (PID=628) to work on /opt/airflow/dags/etl_datalake_dag.py
[2026-04-04T14:05:48.638+0000] {processor.py:914} INFO - Processing file /opt/airflow/dags/etl_datalake_dag.py for tasks to queue
[2026-04-04T14:05:48.640+0000] {logging_mixin.py:190} INFO - [2026-04-04T14:05:48.640+0000] {dagbag.py:588} INFO - Filling up the DagBag from /opt/airflow/dags/etl_datalake_dag.py
[2026-04-04T14:05:48.667+0000] {processor.py:925} INFO - DAG(s) 'etl_datalake_hive_iceberg' retrieved from /opt/airflow/dags/etl_datalake_dag.py
[2026-04-04T14:05:48.715+0000] {logging_mixin.py:190} INFO - [2026-04-04T14:05:48.715+0000] {dag.py:3239} INFO - Sync 1 DAGs
[2026-04-04T14:05:48.786+0000] {processor.py:208} INFO - Processing /opt/airflow/dags/etl_datalake_dag.py took 0.157 seconds
[2026-04-04T14:06:19.795+0000] {processor.py:186} INFO - Started process (PID=632) to work on /opt/airflow/dags/etl_datalake_dag.py
[2026-04-04T14:06:19.796+0000] {processor.py:914} INFO - Processing file /opt/airflow/dags/etl_datalake_dag.py for tasks to queue
[2026-04-04T14:06:19.798+0000] {logging_mixin.py:190} INFO - [2026-04-04T14:06:19.797+0000] {dagbag.py:588} INFO - Filling up the DagBag from /opt/airflow/dags/etl_datalake_dag.py
[2026-04-04T14:06:19.835+0000] {processor.py:925} INFO - DAG(s) 'etl_datalake_hive_iceberg' retrieved from /opt/airflow/dags/etl_datalake_dag.py
[2026-04-04T14:06:19.923+0000] {logging_mixin.py:190} INFO - [2026-04-04T14:06:19.922+0000] {dag.py:3239} INFO - Sync 1 DAGs
[2026-04-04T14:06:20.035+0000] {processor.py:208} INFO - Processing /opt/airflow/dags/etl_datalake_dag.py took 0.247 seconds
[2026-04-04T14:06:50.620+0000] {processor.py:186} INFO - Started process (PID=636) to work on /opt/airflow/dags/etl_datalake_dag.py
[2026-04-04T14:06:50.621+0000] {processor.py:914} INFO - Processing file /opt/airflow/dags/etl_datalake_dag.py for tasks to queue
[2026-04-04T14:06:50.623+0000] {logging_mixin.py:190} INFO - [2026-04-04T14:06:50.623+0000] {dagbag.py:588} INFO - Filling up the DagBag from /opt/airflow/dags/etl_datalake_dag.py
[2026-04-04T14:06:50.655+0000] {processor.py:925} INFO - DAG(s) 'etl_datalake_hive_iceberg' retrieved from /opt/airflow/dags/etl_datalake_dag.py
[2026-04-04T14:06:50.734+0000] {logging_mixin.py:190} INFO - [2026-04-04T14:06:50.733+0000] {dag.py:3239} INFO - Sync 1 DAGs
[2026-04-04T14:06:50.814+0000] {processor.py:208} INFO - Processing /opt/airflow/dags/etl_datalake_dag.py took 0.204 seconds
[2026-04-04T14:07:21.460+0000] {processor.py:186} INFO - Started process (PID=640) to work on /opt/airflow/dags/etl_datalake_dag.py
[2026-04-04T14:07:21.466+0000] {processor.py:914} INFO - Processing file /opt/airflow/dags/etl_datalake_dag.py for tasks to queue
[2026-04-04T14:07:21.472+0000] {logging_mixin.py:190} INFO - [2026-04-04T14:07:21.471+0000] {dagbag.py:588} INFO - Filling up the DagBag from /opt/airflow/dags/etl_datalake_dag.py
[2026-04-04T14:07:21.501+0000] {processor.py:925} INFO - DAG(s) 'etl_datalake_hive_iceberg' retrieved from /opt/airflow/dags/etl_datalake_dag.py
[2026-04-04T14:07:21.557+0000] {logging_mixin.py:190} INFO - [2026-04-04T14:07:21.557+0000] {dag.py:3239} INFO - Sync 1 DAGs
[2026-04-04T14:07:21.622+0000] {processor.py:208} INFO - Processing /opt/airflow/dags/etl_datalake_dag.py took 0.172 seconds
[2026-04-04T14:07:52.224+0000] {processor.py:186} INFO - Started process (PID=644) to work on /opt/airflow/dags/etl_datalake_dag.py
[2026-04-04T14:07:52.225+0000] {processor.py:914} INFO - Processing file /opt/airflow/dags/etl_datalake_dag.py for tasks to queue
[2026-04-04T14:07:52.230+0000] {logging_mixin.py:190} INFO - [2026-04-04T14:07:52.229+0000] {dagbag.py:588} INFO - Filling up the DagBag from /opt/airflow/dags/etl_datalake_dag.py
[2026-04-04T14:07:52.278+0000] {processor.py:925} INFO - DAG(s) 'etl_datalake_hive_iceberg' retrieved from /opt/airflow/dags/etl_datalake_dag.py
[2026-04-04T14:07:52.337+0000] {logging_mixin.py:190} INFO - [2026-04-04T14:07:52.336+0000] {dag.py:3239} INFO - Sync 1 DAGs
[2026-04-04T14:07:52.413+0000] {processor.py:208} INFO - Processing /opt/airflow/dags/etl_datalake_dag.py took 0.199 seconds
[2026-04-04T14:08:23.059+0000] {processor.py:186} INFO - Started process (PID=648) to work on /opt/airflow/dags/etl_datalake_dag.py
[2026-04-04T14:08:23.060+0000] {processor.py:914} INFO - Processing file /opt/airflow/dags/etl_datalake_dag.py for tasks to queue
[2026-04-04T14:08:23.061+0000] {logging_mixin.py:190} INFO - [2026-04-04T14:08:23.061+0000] {dagbag.py:588} INFO - Filling up the DagBag from /opt/airflow/dags/etl_datalake_dag.py
[2026-04-04T14:08:23.089+0000] {processor.py:925} INFO - DAG(s) 'etl_datalake_hive_iceberg' retrieved from /opt/airflow/dags/etl_datalake_dag.py
[2026-04-04T14:08:23.149+0000] {logging_mixin.py:190} INFO - [2026-04-04T14:08:23.149+0000] {dag.py:3239} INFO - Sync 1 DAGs
[2026-04-04T14:08:23.247+0000] {processor.py:208} INFO - Processing /opt/airflow/dags/etl_datalake_dag.py took 0.202 seconds
[2026-04-04T14:08:54.007+0000] {processor.py:186} INFO - Started process (PID=652) to work on /opt/airflow/dags/etl_datalake_dag.py
[2026-04-04T14:08:54.008+0000] {processor.py:914} INFO - Processing file /opt/airflow/dags/etl_datalake_dag.py for tasks to queue
[2026-04-04T14:08:54.010+0000] {logging_mixin.py:190} INFO - [2026-04-04T14:08:54.010+0000] {dagbag.py:588} INFO - Filling up the DagBag from /opt/airflow/dags/etl_datalake_dag.py
[2026-04-04T14:08:54.038+0000] {processor.py:925} INFO - DAG(s) 'etl_datalake_hive_iceberg' retrieved from /opt/airflow/dags/etl_datalake_dag.py
[2026-04-04T14:08:54.084+0000] {logging_mixin.py:190} INFO - [2026-04-04T14:08:54.084+0000] {dag.py:3239} INFO - Sync 1 DAGs
[2026-04-04T14:08:54.162+0000] {processor.py:208} INFO - Processing /opt/airflow/dags/etl_datalake_dag.py took 0.164 seconds
[2026-04-04T14:09:24.450+0000] {processor.py:186} INFO - Started process (PID=656) to work on /opt/airflow/dags/etl_datalake_dag.py
[2026-04-04T14:09:24.451+0000] {processor.py:914} INFO - Processing file /opt/airflow/dags/etl_datalake_dag.py for tasks to queue
[2026-04-04T14:09:24.452+0000] {logging_mixin.py:190} INFO - [2026-04-04T14:09:24.452+0000] {dagbag.py:588} INFO - Filling up the DagBag from /opt/airflow/dags/etl_datalake_dag.py
[2026-04-04T14:09:24.477+0000] {processor.py:925} INFO - DAG(s) 'etl_datalake_hive_iceberg' retrieved from /opt/airflow/dags/etl_datalake_dag.py
[2026-04-04T14:09:24.629+0000] {logging_mixin.py:190} INFO - [2026-04-04T14:09:24.628+0000] {dag.py:3239} INFO - Sync 1 DAGs
[2026-04-04T14:09:24.689+0000] {processor.py:208} INFO - Processing /opt/airflow/dags/etl_datalake_dag.py took 0.248 seconds
[2026-04-04T14:09:55.306+0000] {processor.py:186} INFO - Started process (PID=660) to work on /opt/airflow/dags/etl_datalake_dag.py
[2026-04-04T14:09:55.307+0000] {processor.py:914} INFO - Processing file /opt/airflow/dags/etl_datalake_dag.py for tasks to queue
[2026-04-04T14:09:55.308+0000] {logging_mixin.py:190} INFO - [2026-04-04T14:09:55.308+0000] {dagbag.py:588} INFO - Filling up the DagBag from /opt/airflow/dags/etl_datalake_dag.py
[2026-04-04T14:09:55.344+0000] {processor.py:925} INFO - DAG(s) 'etl_datalake_hive_iceberg' retrieved from /opt/airflow/dags/etl_datalake_dag.py
[2026-04-04T14:09:55.408+0000] {logging_mixin.py:190} INFO - [2026-04-04T14:09:55.408+0000] {dag.py:3239} INFO - Sync 1 DAGs
[2026-04-04T14:09:55.486+0000] {processor.py:208} INFO - Processing /opt/airflow/dags/etl_datalake_dag.py took 0.190 seconds
[2026-04-04T14:10:26.074+0000] {processor.py:186} INFO - Started process (PID=664) to work on /opt/airflow/dags/etl_datalake_dag.py
[2026-04-04T14:10:26.074+0000] {processor.py:914} INFO - Processing file /opt/airflow/dags/etl_datalake_dag.py for tasks to queue
[2026-04-04T14:10:26.076+0000] {logging_mixin.py:190} INFO - [2026-04-04T14:10:26.075+0000] {dagbag.py:588} INFO - Filling up the DagBag from /opt/airflow/dags/etl_datalake_dag.py
[2026-04-04T14:10:26.101+0000] {processor.py:925} INFO - DAG(s) 'etl_datalake_hive_iceberg' retrieved from /opt/airflow/dags/etl_datalake_dag.py
[2026-04-04T14:10:26.149+0000] {logging_mixin.py:190} INFO - [2026-04-04T14:10:26.149+0000] {dag.py:3239} INFO - Sync 1 DAGs
[2026-04-04T14:10:26.207+0000] {processor.py:208} INFO - Processing /opt/airflow/dags/etl_datalake_dag.py took 0.140 seconds
[2026-04-04T14:10:56.808+0000] {processor.py:186} INFO - Started process (PID=668) to work on /opt/airflow/dags/etl_datalake_dag.py
[2026-04-04T14:10:56.809+0000] {processor.py:914} INFO - Processing file /opt/airflow/dags/etl_datalake_dag.py for tasks to queue
[2026-04-04T14:10:56.810+0000] {logging_mixin.py:190} INFO - [2026-04-04T14:10:56.810+0000] {dagbag.py:588} INFO - Filling up the DagBag from /opt/airflow/dags/etl_datalake_dag.py
[2026-04-04T14:10:56.837+0000] {processor.py:925} INFO - DAG(s) 'etl_datalake_hive_iceberg' retrieved from /opt/airflow/dags/etl_datalake_dag.py
[2026-04-04T14:10:56.887+0000] {logging_mixin.py:190} INFO - [2026-04-04T14:10:56.886+0000] {dag.py:3239} INFO - Sync 1 DAGs
[2026-04-04T14:10:56.948+0000] {processor.py:208} INFO - Processing /opt/airflow/dags/etl_datalake_dag.py took 0.149 seconds
[2026-04-04T14:11:27.601+0000] {processor.py:186} INFO - Started process (PID=672) to work on /opt/airflow/dags/etl_datalake_dag.py
[2026-04-04T14:11:27.602+0000] {processor.py:914} INFO - Processing file /opt/airflow/dags/etl_datalake_dag.py for tasks to queue
[2026-04-04T14:11:27.604+0000] {logging_mixin.py:190} INFO - [2026-04-04T14:11:27.604+0000] {dagbag.py:588} INFO - Filling up the DagBag from /opt/airflow/dags/etl_datalake_dag.py
[2026-04-04T14:11:27.634+0000] {processor.py:925} INFO - DAG(s) 'etl_datalake_hive_iceberg' retrieved from /opt/airflow/dags/etl_datalake_dag.py
[2026-04-04T14:11:27.688+0000] {logging_mixin.py:190} INFO - [2026-04-04T14:11:27.688+0000] {dag.py:3239} INFO - Sync 1 DAGs
[2026-04-04T14:11:27.750+0000] {processor.py:208} INFO - Processing /opt/airflow/dags/etl_datalake_dag.py took 0.157 seconds
[2026-04-04T14:11:58.387+0000] {processor.py:186} INFO - Started process (PID=676) to work on /opt/airflow/dags/etl_datalake_dag.py
[2026-04-04T14:11:58.388+0000] {processor.py:914} INFO - Processing file /opt/airflow/dags/etl_datalake_dag.py for tasks to queue
[2026-04-04T14:11:58.389+0000] {logging_mixin.py:190} INFO - [2026-04-04T14:11:58.389+0000] {dagbag.py:588} INFO - Filling up the DagBag from /opt/airflow/dags/etl_datalake_dag.py
[2026-04-04T14:11:58.414+0000] {processor.py:925} INFO - DAG(s) 'etl_datalake_hive_iceberg' retrieved from /opt/airflow/dags/etl_datalake_dag.py
[2026-04-04T14:11:58.460+0000] {logging_mixin.py:190} INFO - [2026-04-04T14:11:58.460+0000] {dag.py:3239} INFO - Sync 1 DAGs
[2026-04-04T14:11:58.523+0000] {processor.py:208} INFO - Processing /opt/airflow/dags/etl_datalake_dag.py took 0.143 seconds
[2026-04-04T14:12:29.150+0000] {processor.py:186} INFO - Started process (PID=680) to work on /opt/airflow/dags/etl_datalake_dag.py
[2026-04-04T14:12:29.151+0000] {processor.py:914} INFO - Processing file /opt/airflow/dags/etl_datalake_dag.py for tasks to queue
[2026-04-04T14:12:29.153+0000] {logging_mixin.py:190} INFO - [2026-04-04T14:12:29.152+0000] {dagbag.py:588} INFO - Filling up the DagBag from /opt/airflow/dags/etl_datalake_dag.py
[2026-04-04T14:12:29.187+0000] {processor.py:925} INFO - DAG(s) 'etl_datalake_hive_iceberg' retrieved from /opt/airflow/dags/etl_datalake_dag.py
[2026-04-04T14:12:29.240+0000] {logging_mixin.py:190} INFO - [2026-04-04T14:12:29.240+0000] {dag.py:3239} INFO - Sync 1 DAGs
[2026-04-04T14:12:29.336+0000] {processor.py:208} INFO - Processing /opt/airflow/dags/etl_datalake_dag.py took 0.197 seconds
[2026-04-04T14:13:00.151+0000] {processor.py:186} INFO - Started process (PID=684) to work on /opt/airflow/dags/etl_datalake_dag.py
[2026-04-04T14:13:00.152+0000] {processor.py:914} INFO - Processing file /opt/airflow/dags/etl_datalake_dag.py for tasks to queue
[2026-04-04T14:13:00.153+0000] {logging_mixin.py:190} INFO - [2026-04-04T14:13:00.153+0000] {dagbag.py:588} INFO - Filling up the DagBag from /opt/airflow/dags/etl_datalake_dag.py
[2026-04-04T14:13:00.211+0000] {processor.py:925} INFO - DAG(s) 'etl_datalake_hive_iceberg' retrieved from /opt/airflow/dags/etl_datalake_dag.py
[2026-04-04T14:13:00.354+0000] {logging_mixin.py:190} INFO - [2026-04-04T14:13:00.353+0000] {dag.py:3239} INFO - Sync 1 DAGs
[2026-04-04T14:13:00.516+0000] {processor.py:208} INFO - Processing /opt/airflow/dags/etl_datalake_dag.py took 0.374 seconds
[2026-04-04T14:13:31.517+0000] {processor.py:186} INFO - Started process (PID=688) to work on /opt/airflow/dags/etl_datalake_dag.py
[2026-04-04T14:13:31.522+0000] {processor.py:914} INFO - Processing file /opt/airflow/dags/etl_datalake_dag.py for tasks to queue
[2026-04-04T14:13:31.541+0000] {logging_mixin.py:190} INFO - [2026-04-04T14:13:31.535+0000] {dagbag.py:588} INFO - Filling up the DagBag from /opt/airflow/dags/etl_datalake_dag.py
[2026-04-04T14:13:31.702+0000] {processor.py:925} INFO - DAG(s) 'etl_datalake_hive_iceberg' retrieved from /opt/airflow/dags/etl_datalake_dag.py
[2026-04-04T14:13:31.982+0000] {logging_mixin.py:190} INFO - [2026-04-04T14:13:31.981+0000] {dag.py:3239} INFO - Sync 1 DAGs
[2026-04-04T14:13:32.245+0000] {processor.py:208} INFO - Processing /opt/airflow/dags/etl_datalake_dag.py took 0.745 seconds
[2026-04-04T14:14:02.496+0000] {processor.py:186} INFO - Started process (PID=692) to work on /opt/airflow/dags/etl_datalake_dag.py
[2026-04-04T14:14:02.498+0000] {processor.py:914} INFO - Processing file /opt/airflow/dags/etl_datalake_dag.py for tasks to queue
[2026-04-04T14:14:02.500+0000] {logging_mixin.py:190} INFO - [2026-04-04T14:14:02.500+0000] {dagbag.py:588} INFO - Filling up the DagBag from /opt/airflow/dags/etl_datalake_dag.py
[2026-04-04T14:14:02.554+0000] {processor.py:925} INFO - DAG(s) 'etl_datalake_hive_iceberg' retrieved from /opt/airflow/dags/etl_datalake_dag.py
[2026-04-04T14:14:02.703+0000] {logging_mixin.py:190} INFO - [2026-04-04T14:14:02.703+0000] {dag.py:3239} INFO - Sync 1 DAGs
[2026-04-04T14:14:02.850+0000] {processor.py:208} INFO - Processing /opt/airflow/dags/etl_datalake_dag.py took 0.369 seconds
[2026-04-04T14:14:33.591+0000] {processor.py:186} INFO - Started process (PID=696) to work on /opt/airflow/dags/etl_datalake_dag.py
[2026-04-04T14:14:33.592+0000] {processor.py:914} INFO - Processing file /opt/airflow/dags/etl_datalake_dag.py for tasks to queue
[2026-04-04T14:14:33.593+0000] {logging_mixin.py:190} INFO - [2026-04-04T14:14:33.593+0000] {dagbag.py:588} INFO - Filling up the DagBag from /opt/airflow/dags/etl_datalake_dag.py
[2026-04-04T14:14:33.617+0000] {processor.py:925} INFO - DAG(s) 'etl_datalake_hive_iceberg' retrieved from /opt/airflow/dags/etl_datalake_dag.py
[2026-04-04T14:14:33.691+0000] {logging_mixin.py:190} INFO - [2026-04-04T14:14:33.691+0000] {dag.py:3239} INFO - Sync 1 DAGs
[2026-04-04T14:14:33.756+0000] {processor.py:208} INFO - Processing /opt/airflow/dags/etl_datalake_dag.py took 0.176 seconds
[2026-04-04T14:15:04.338+0000] {processor.py:186} INFO - Started process (PID=700) to work on /opt/airflow/dags/etl_datalake_dag.py
[2026-04-04T14:15:04.338+0000] {processor.py:914} INFO - Processing file /opt/airflow/dags/etl_datalake_dag.py for tasks to queue
[2026-04-04T14:15:04.340+0000] {logging_mixin.py:190} INFO - [2026-04-04T14:15:04.339+0000] {dagbag.py:588} INFO - Filling up the DagBag from /opt/airflow/dags/etl_datalake_dag.py
[2026-04-04T14:15:04.369+0000] {processor.py:925} INFO - DAG(s) 'etl_datalake_hive_iceberg' retrieved from /opt/airflow/dags/etl_datalake_dag.py
[2026-04-04T14:15:04.426+0000] {logging_mixin.py:190} INFO - [2026-04-04T14:15:04.425+0000] {dag.py:3239} INFO - Sync 1 DAGs
[2026-04-04T14:15:04.492+0000] {processor.py:208} INFO - Processing /opt/airflow/dags/etl_datalake_dag.py took 0.162 seconds
[2026-04-04T14:15:35.145+0000] {processor.py:186} INFO - Started process (PID=704) to work on /opt/airflow/dags/etl_datalake_dag.py
[2026-04-04T14:15:35.146+0000] {processor.py:914} INFO - Processing file /opt/airflow/dags/etl_datalake_dag.py for tasks to queue
[2026-04-04T14:15:35.148+0000] {logging_mixin.py:190} INFO - [2026-04-04T14:15:35.147+0000] {dagbag.py:588} INFO - Filling up the DagBag from /opt/airflow/dags/etl_datalake_dag.py
[2026-04-04T14:15:35.179+0000] {processor.py:925} INFO - DAG(s) 'etl_datalake_hive_iceberg' retrieved from /opt/airflow/dags/etl_datalake_dag.py
[2026-04-04T14:15:35.254+0000] {logging_mixin.py:190} INFO - [2026-04-04T14:15:35.253+0000] {dag.py:3239} INFO - Sync 1 DAGs
[2026-04-04T14:15:35.334+0000] {processor.py:208} INFO - Processing /opt/airflow/dags/etl_datalake_dag.py took 0.197 seconds
[2026-04-04T14:16:06.078+0000] {processor.py:186} INFO - Started process (PID=708) to work on /opt/airflow/dags/etl_datalake_dag.py
[2026-04-04T14:16:06.079+0000] {processor.py:914} INFO - Processing file /opt/airflow/dags/etl_datalake_dag.py for tasks to queue
[2026-04-04T14:16:06.083+0000] {logging_mixin.py:190} INFO - [2026-04-04T14:16:06.083+0000] {dagbag.py:588} INFO - Filling up the DagBag from /opt/airflow/dags/etl_datalake_dag.py
[2026-04-04T14:16:06.129+0000] {processor.py:925} INFO - DAG(s) 'etl_datalake_hive_iceberg' retrieved from /opt/airflow/dags/etl_datalake_dag.py
[2026-04-04T14:16:06.229+0000] {logging_mixin.py:190} INFO - [2026-04-04T14:16:06.229+0000] {dag.py:3239} INFO - Sync 1 DAGs
[2026-04-04T14:16:06.354+0000] {processor.py:208} INFO - Processing /opt/airflow/dags/etl_datalake_dag.py took 0.289 seconds
[2026-04-04T14:16:37.024+0000] {processor.py:186} INFO - Started process (PID=712) to work on /opt/airflow/dags/etl_datalake_dag.py
[2026-04-04T14:16:37.025+0000] {processor.py:914} INFO - Processing file /opt/airflow/dags/etl_datalake_dag.py for tasks to queue
[2026-04-04T14:16:37.026+0000] {logging_mixin.py:190} INFO - [2026-04-04T14:16:37.026+0000] {dagbag.py:588} INFO - Filling up the DagBag from /opt/airflow/dags/etl_datalake_dag.py
[2026-04-04T14:16:37.050+0000] {processor.py:925} INFO - DAG(s) 'etl_datalake_hive_iceberg' retrieved from /opt/airflow/dags/etl_datalake_dag.py
[2026-04-04T14:16:37.099+0000] {logging_mixin.py:190} INFO - [2026-04-04T14:16:37.099+0000] {dag.py:3239} INFO - Sync 1 DAGs
[2026-04-04T14:16:37.164+0000] {processor.py:208} INFO - Processing /opt/airflow/dags/etl_datalake_dag.py took 0.147 seconds
[2026-04-04T14:17:07.728+0000] {processor.py:186} INFO - Started process (PID=716) to work on /opt/airflow/dags/etl_datalake_dag.py
[2026-04-04T14:17:07.729+0000] {processor.py:914} INFO - Processing file /opt/airflow/dags/etl_datalake_dag.py for tasks to queue
[2026-04-04T14:17:07.731+0000] {logging_mixin.py:190} INFO - [2026-04-04T14:17:07.731+0000] {dagbag.py:588} INFO - Filling up the DagBag from /opt/airflow/dags/etl_datalake_dag.py
[2026-04-04T14:17:07.755+0000] {processor.py:925} INFO - DAG(s) 'etl_datalake_hive_iceberg' retrieved from /opt/airflow/dags/etl_datalake_dag.py
[2026-04-04T14:17:07.804+0000] {logging_mixin.py:190} INFO - [2026-04-04T14:17:07.804+0000] {dag.py:3239} INFO - Sync 1 DAGs
[2026-04-04T14:17:07.867+0000] {processor.py:208} INFO - Processing /opt/airflow/dags/etl_datalake_dag.py took 0.146 seconds
[2026-04-04T14:17:38.433+0000] {processor.py:186} INFO - Started process (PID=720) to work on /opt/airflow/dags/etl_datalake_dag.py
[2026-04-04T14:17:38.434+0000] {processor.py:914} INFO - Processing file /opt/airflow/dags/etl_datalake_dag.py for tasks to queue
[2026-04-04T14:17:38.437+0000] {logging_mixin.py:190} INFO - [2026-04-04T14:17:38.437+0000] {dagbag.py:588} INFO - Filling up the DagBag from /opt/airflow/dags/etl_datalake_dag.py
[2026-04-04T14:17:38.462+0000] {processor.py:925} INFO - DAG(s) 'etl_datalake_hive_iceberg' retrieved from /opt/airflow/dags/etl_datalake_dag.py
[2026-04-04T14:17:38.514+0000] {logging_mixin.py:190} INFO - [2026-04-04T14:17:38.513+0000] {dag.py:3239} INFO - Sync 1 DAGs
[2026-04-04T14:17:38.588+0000] {processor.py:208} INFO - Processing /opt/airflow/dags/etl_datalake_dag.py took 0.162 seconds
[2026-04-04T14:18:09.171+0000] {processor.py:186} INFO - Started process (PID=724) to work on /opt/airflow/dags/etl_datalake_dag.py
[2026-04-04T14:18:09.171+0000] {processor.py:914} INFO - Processing file /opt/airflow/dags/etl_datalake_dag.py for tasks to queue
[2026-04-04T14:18:09.173+0000] {logging_mixin.py:190} INFO - [2026-04-04T14:18:09.172+0000] {dagbag.py:588} INFO - Filling up the DagBag from /opt/airflow/dags/etl_datalake_dag.py
[2026-04-04T14:18:09.200+0000] {processor.py:925} INFO - DAG(s) 'etl_datalake_hive_iceberg' retrieved from /opt/airflow/dags/etl_datalake_dag.py
[2026-04-04T14:18:09.249+0000] {logging_mixin.py:190} INFO - [2026-04-04T14:18:09.248+0000] {dag.py:3239} INFO - Sync 1 DAGs
[2026-04-04T14:18:09.319+0000] {processor.py:208} INFO - Processing /opt/airflow/dags/etl_datalake_dag.py took 0.156 seconds
[2026-04-04T14:18:39.926+0000] {processor.py:186} INFO - Started process (PID=728) to work on /opt/airflow/dags/etl_datalake_dag.py
[2026-04-04T14:18:39.927+0000] {processor.py:914} INFO - Processing file /opt/airflow/dags/etl_datalake_dag.py for tasks to queue
[2026-04-04T14:18:39.930+0000] {logging_mixin.py:190} INFO - [2026-04-04T14:18:39.929+0000] {dagbag.py:588} INFO - Filling up the DagBag from /opt/airflow/dags/etl_datalake_dag.py
[2026-04-04T14:18:39.973+0000] {processor.py:925} INFO - DAG(s) 'etl_datalake_hive_iceberg' retrieved from /opt/airflow/dags/etl_datalake_dag.py
[2026-04-04T14:18:40.034+0000] {logging_mixin.py:190} INFO - [2026-04-04T14:18:40.034+0000] {dag.py:3239} INFO - Sync 1 DAGs
[2026-04-04T14:18:40.112+0000] {processor.py:208} INFO - Processing /opt/airflow/dags/etl_datalake_dag.py took 0.197 seconds
[2026-04-04T14:19:10.673+0000] {processor.py:186} INFO - Started process (PID=732) to work on /opt/airflow/dags/etl_datalake_dag.py
[2026-04-04T14:19:10.674+0000] {processor.py:914} INFO - Processing file /opt/airflow/dags/etl_datalake_dag.py for tasks to queue
[2026-04-04T14:19:10.676+0000] {logging_mixin.py:190} INFO - [2026-04-04T14:19:10.675+0000] {dagbag.py:588} INFO - Filling up the DagBag from /opt/airflow/dags/etl_datalake_dag.py
[2026-04-04T14:19:10.701+0000] {processor.py:925} INFO - DAG(s) 'etl_datalake_hive_iceberg' retrieved from /opt/airflow/dags/etl_datalake_dag.py
[2026-04-04T14:19:10.751+0000] {logging_mixin.py:190} INFO - [2026-04-04T14:19:10.751+0000] {dag.py:3239} INFO - Sync 1 DAGs
[2026-04-04T14:19:10.820+0000] {processor.py:208} INFO - Processing /opt/airflow/dags/etl_datalake_dag.py took 0.155 seconds
[2026-04-04T14:19:41.419+0000] {processor.py:186} INFO - Started process (PID=736) to work on /opt/airflow/dags/etl_datalake_dag.py
[2026-04-04T14:19:41.420+0000] {processor.py:914} INFO - Processing file /opt/airflow/dags/etl_datalake_dag.py for tasks to queue
[2026-04-04T14:19:41.421+0000] {logging_mixin.py:190} INFO - [2026-04-04T14:19:41.421+0000] {dagbag.py:588} INFO - Filling up the DagBag from /opt/airflow/dags/etl_datalake_dag.py
[2026-04-04T14:19:41.451+0000] {processor.py:925} INFO - DAG(s) 'etl_datalake_hive_iceberg' retrieved from /opt/airflow/dags/etl_datalake_dag.py
[2026-04-04T14:19:41.515+0000] {logging_mixin.py:190} INFO - [2026-04-04T14:19:41.515+0000] {dag.py:3239} INFO - Sync 1 DAGs
[2026-04-04T14:19:41.585+0000] {processor.py:208} INFO - Processing /opt/airflow/dags/etl_datalake_dag.py took 0.174 seconds
[2026-04-04T14:20:12.197+0000] {processor.py:186} INFO - Started process (PID=740) to work on /opt/airflow/dags/etl_datalake_dag.py
[2026-04-04T14:20:12.198+0000] {processor.py:914} INFO - Processing file /opt/airflow/dags/etl_datalake_dag.py for tasks to queue
[2026-04-04T14:20:12.200+0000] {logging_mixin.py:190} INFO - [2026-04-04T14:20:12.199+0000] {dagbag.py:588} INFO - Filling up the DagBag from /opt/airflow/dags/etl_datalake_dag.py
[2026-04-04T14:20:12.226+0000] {processor.py:925} INFO - DAG(s) 'etl_datalake_hive_iceberg' retrieved from /opt/airflow/dags/etl_datalake_dag.py
[2026-04-04T14:20:12.277+0000] {logging_mixin.py:190} INFO - [2026-04-04T14:20:12.276+0000] {dag.py:3239} INFO - Sync 1 DAGs
[2026-04-04T14:20:12.339+0000] {processor.py:208} INFO - Processing /opt/airflow/dags/etl_datalake_dag.py took 0.149 seconds
[2026-04-04T14:20:42.926+0000] {processor.py:186} INFO - Started process (PID=744) to work on /opt/airflow/dags/etl_datalake_dag.py
[2026-04-04T14:20:42.927+0000] {processor.py:914} INFO - Processing file /opt/airflow/dags/etl_datalake_dag.py for tasks to queue
[2026-04-04T14:20:42.930+0000] {logging_mixin.py:190} INFO - [2026-04-04T14:20:42.930+0000] {dagbag.py:588} INFO - Filling up the DagBag from /opt/airflow/dags/etl_datalake_dag.py
[2026-04-04T14:20:42.965+0000] {processor.py:925} INFO - DAG(s) 'etl_datalake_hive_iceberg' retrieved from /opt/airflow/dags/etl_datalake_dag.py
[2026-04-04T14:20:43.031+0000] {logging_mixin.py:190} INFO - [2026-04-04T14:20:43.031+0000] {dag.py:3239} INFO - Sync 1 DAGs
[2026-04-04T14:20:43.132+0000] {processor.py:208} INFO - Processing /opt/airflow/dags/etl_datalake_dag.py took 0.215 seconds
[2026-04-04T14:21:13.726+0000] {processor.py:186} INFO - Started process (PID=748) to work on /opt/airflow/dags/etl_datalake_dag.py
[2026-04-04T14:21:13.727+0000] {processor.py:914} INFO - Processing file /opt/airflow/dags/etl_datalake_dag.py for tasks to queue
[2026-04-04T14:21:13.729+0000] {logging_mixin.py:190} INFO - [2026-04-04T14:21:13.728+0000] {dagbag.py:588} INFO - Filling up the DagBag from /opt/airflow/dags/etl_datalake_dag.py
[2026-04-04T14:21:13.757+0000] {processor.py:925} INFO - DAG(s) 'etl_datalake_hive_iceberg' retrieved from /opt/airflow/dags/etl_datalake_dag.py
[2026-04-04T14:21:13.816+0000] {logging_mixin.py:190} INFO - [2026-04-04T14:21:13.816+0000] {dag.py:3239} INFO - Sync 1 DAGs
[2026-04-04T14:21:13.886+0000] {processor.py:208} INFO - Processing /opt/airflow/dags/etl_datalake_dag.py took 0.169 seconds
[2026-04-04T14:21:44.383+0000] {processor.py:186} INFO - Started process (PID=752) to work on /opt/airflow/dags/etl_datalake_dag.py
[2026-04-04T14:21:44.385+0000] {processor.py:914} INFO - Processing file /opt/airflow/dags/etl_datalake_dag.py for tasks to queue
[2026-04-04T14:21:44.387+0000] {logging_mixin.py:190} INFO - [2026-04-04T14:21:44.387+0000] {dagbag.py:588} INFO - Filling up the DagBag from /opt/airflow/dags/etl_datalake_dag.py
[2026-04-04T14:21:44.436+0000] {processor.py:925} INFO - DAG(s) 'etl_datalake_hive_iceberg' retrieved from /opt/airflow/dags/etl_datalake_dag.py
[2026-04-04T14:21:44.501+0000] {logging_mixin.py:190} INFO - [2026-04-04T14:21:44.501+0000] {dag.py:3239} INFO - Sync 1 DAGs
[2026-04-04T14:21:44.576+0000] {processor.py:208} INFO - Processing /opt/airflow/dags/etl_datalake_dag.py took 0.205 seconds
[2026-04-04T14:22:14.780+0000] {processor.py:186} INFO - Started process (PID=756) to work on /opt/airflow/dags/etl_datalake_dag.py
[2026-04-04T14:22:14.781+0000] {processor.py:914} INFO - Processing file /opt/airflow/dags/etl_datalake_dag.py for tasks to queue
[2026-04-04T14:22:14.782+0000] {logging_mixin.py:190} INFO - [2026-04-04T14:22:14.782+0000] {dagbag.py:588} INFO - Filling up the DagBag from /opt/airflow/dags/etl_datalake_dag.py
[2026-04-04T14:22:14.807+0000] {processor.py:925} INFO - DAG(s) 'etl_datalake_hive_iceberg' retrieved from /opt/airflow/dags/etl_datalake_dag.py
[2026-04-04T14:22:14.860+0000] {logging_mixin.py:190} INFO - [2026-04-04T14:22:14.859+0000] {dag.py:3239} INFO - Sync 1 DAGs
[2026-04-04T14:22:14.928+0000] {processor.py:208} INFO - Processing /opt/airflow/dags/etl_datalake_dag.py took 0.155 seconds
[2026-04-04T14:22:45.283+0000] {processor.py:186} INFO - Started process (PID=760) to work on /opt/airflow/dags/etl_datalake_dag.py
[2026-04-04T14:22:45.284+0000] {processor.py:914} INFO - Processing file /opt/airflow/dags/etl_datalake_dag.py for tasks to queue
[2026-04-04T14:22:45.285+0000] {logging_mixin.py:190} INFO - [2026-04-04T14:22:45.285+0000] {dagbag.py:588} INFO - Filling up the DagBag from /opt/airflow/dags/etl_datalake_dag.py
[2026-04-04T14:22:45.310+0000] {processor.py:925} INFO - DAG(s) 'etl_datalake_hive_iceberg' retrieved from /opt/airflow/dags/etl_datalake_dag.py
[2026-04-04T14:22:45.356+0000] {logging_mixin.py:190} INFO - [2026-04-04T14:22:45.356+0000] {dag.py:3239} INFO - Sync 1 DAGs
[2026-04-04T14:22:45.407+0000] {processor.py:208} INFO - Processing /opt/airflow/dags/etl_datalake_dag.py took 0.133 seconds
[2026-04-04T14:23:15.774+0000] {processor.py:186} INFO - Started process (PID=764) to work on /opt/airflow/dags/etl_datalake_dag.py
[2026-04-04T14:23:15.775+0000] {processor.py:914} INFO - Processing file /opt/airflow/dags/etl_datalake_dag.py for tasks to queue
[2026-04-04T14:23:15.776+0000] {logging_mixin.py:190} INFO - [2026-04-04T14:23:15.776+0000] {dagbag.py:588} INFO - Filling up the DagBag from /opt/airflow/dags/etl_datalake_dag.py
[2026-04-04T14:23:15.798+0000] {processor.py:925} INFO - DAG(s) 'etl_datalake_hive_iceberg' retrieved from /opt/airflow/dags/etl_datalake_dag.py
[2026-04-04T14:23:15.842+0000] {logging_mixin.py:190} INFO - [2026-04-04T14:23:15.842+0000] {dag.py:3239} INFO - Sync 1 DAGs
[2026-04-04T14:23:15.903+0000] {processor.py:208} INFO - Processing /opt/airflow/dags/etl_datalake_dag.py took 0.135 seconds
[2026-04-04T14:23:46.283+0000] {processor.py:186} INFO - Started process (PID=768) to work on /opt/airflow/dags/etl_datalake_dag.py
[2026-04-04T14:23:46.284+0000] {processor.py:914} INFO - Processing file /opt/airflow/dags/etl_datalake_dag.py for tasks to queue
[2026-04-04T14:23:46.285+0000] {logging_mixin.py:190} INFO - [2026-04-04T14:23:46.285+0000] {dagbag.py:588} INFO - Filling up the DagBag from /opt/airflow/dags/etl_datalake_dag.py
[2026-04-04T14:23:46.308+0000] {processor.py:925} INFO - DAG(s) 'etl_datalake_hive_iceberg' retrieved from /opt/airflow/dags/etl_datalake_dag.py
[2026-04-04T14:23:46.362+0000] {logging_mixin.py:190} INFO - [2026-04-04T14:23:46.362+0000] {dag.py:3239} INFO - Sync 1 DAGs
[2026-04-04T14:23:46.428+0000] {processor.py:208} INFO - Processing /opt/airflow/dags/etl_datalake_dag.py took 0.151 seconds
[2026-04-04T14:24:16.784+0000] {processor.py:186} INFO - Started process (PID=772) to work on /opt/airflow/dags/etl_datalake_dag.py
[2026-04-04T14:24:16.784+0000] {processor.py:914} INFO - Processing file /opt/airflow/dags/etl_datalake_dag.py for tasks to queue
[2026-04-04T14:24:16.786+0000] {logging_mixin.py:190} INFO - [2026-04-04T14:24:16.786+0000] {dagbag.py:588} INFO - Filling up the DagBag from /opt/airflow/dags/etl_datalake_dag.py
[2026-04-04T14:24:16.808+0000] {processor.py:925} INFO - DAG(s) 'etl_datalake_hive_iceberg' retrieved from /opt/airflow/dags/etl_datalake_dag.py
[2026-04-04T14:24:16.852+0000] {logging_mixin.py:190} INFO - [2026-04-04T14:24:16.852+0000] {dag.py:3239} INFO - Sync 1 DAGs
[2026-04-04T14:24:16.920+0000] {processor.py:208} INFO - Processing /opt/airflow/dags/etl_datalake_dag.py took 0.143 seconds
[2026-04-04T14:24:47.401+0000] {processor.py:186} INFO - Started process (PID=776) to work on /opt/airflow/dags/etl_datalake_dag.py
[2026-04-04T14:24:47.402+0000] {processor.py:914} INFO - Processing file /opt/airflow/dags/etl_datalake_dag.py for tasks to queue
[2026-04-04T14:24:47.403+0000] {logging_mixin.py:190} INFO - [2026-04-04T14:24:47.403+0000] {dagbag.py:588} INFO - Filling up the DagBag from /opt/airflow/dags/etl_datalake_dag.py
[2026-04-04T14:24:47.425+0000] {processor.py:925} INFO - DAG(s) 'etl_datalake_hive_iceberg' retrieved from /opt/airflow/dags/etl_datalake_dag.py
[2026-04-04T14:24:47.466+0000] {logging_mixin.py:190} INFO - [2026-04-04T14:24:47.466+0000] {dag.py:3239} INFO - Sync 1 DAGs
[2026-04-04T14:24:47.523+0000] {processor.py:208} INFO - Processing /opt/airflow/dags/etl_datalake_dag.py took 0.128 seconds
[2026-04-04T14:25:17.953+0000] {processor.py:186} INFO - Started process (PID=780) to work on /opt/airflow/dags/etl_datalake_dag.py
[2026-04-04T14:25:17.955+0000] {processor.py:914} INFO - Processing file /opt/airflow/dags/etl_datalake_dag.py for tasks to queue
[2026-04-04T14:25:17.957+0000] {logging_mixin.py:190} INFO - [2026-04-04T14:25:17.957+0000] {dagbag.py:588} INFO - Filling up the DagBag from /opt/airflow/dags/etl_datalake_dag.py
[2026-04-04T14:25:18.001+0000] {processor.py:925} INFO - DAG(s) 'etl_datalake_hive_iceberg' retrieved from /opt/airflow/dags/etl_datalake_dag.py
[2026-04-04T14:25:18.085+0000] {logging_mixin.py:190} INFO - [2026-04-04T14:25:18.085+0000] {dag.py:3239} INFO - Sync 1 DAGs
[2026-04-04T14:25:18.178+0000] {processor.py:208} INFO - Processing /opt/airflow/dags/etl_datalake_dag.py took 0.236 seconds
[2026-04-04T14:25:48.731+0000] {processor.py:186} INFO - Started process (PID=784) to work on /opt/airflow/dags/etl_datalake_dag.py
[2026-04-04T14:25:48.732+0000] {processor.py:914} INFO - Processing file /opt/airflow/dags/etl_datalake_dag.py for tasks to queue
[2026-04-04T14:25:48.733+0000] {logging_mixin.py:190} INFO - [2026-04-04T14:25:48.733+0000] {dagbag.py:588} INFO - Filling up the DagBag from /opt/airflow/dags/etl_datalake_dag.py
[2026-04-04T14:25:48.762+0000] {processor.py:925} INFO - DAG(s) 'etl_datalake_hive_iceberg' retrieved from /opt/airflow/dags/etl_datalake_dag.py
[2026-04-04T14:25:48.818+0000] {logging_mixin.py:190} INFO - [2026-04-04T14:25:48.818+0000] {dag.py:3239} INFO - Sync 1 DAGs
[2026-04-04T14:25:48.888+0000] {processor.py:208} INFO - Processing /opt/airflow/dags/etl_datalake_dag.py took 0.165 seconds
[2026-04-04T14:26:19.117+0000] {processor.py:186} INFO - Started process (PID=788) to work on /opt/airflow/dags/etl_datalake_dag.py
[2026-04-04T14:26:19.117+0000] {processor.py:914} INFO - Processing file /opt/airflow/dags/etl_datalake_dag.py for tasks to queue
[2026-04-04T14:26:19.119+0000] {logging_mixin.py:190} INFO - [2026-04-04T14:26:19.119+0000] {dagbag.py:588} INFO - Filling up the DagBag from /opt/airflow/dags/etl_datalake_dag.py
[2026-04-04T14:26:19.146+0000] {processor.py:925} INFO - DAG(s) 'etl_datalake_hive_iceberg' retrieved from /opt/airflow/dags/etl_datalake_dag.py
[2026-04-04T14:26:19.199+0000] {logging_mixin.py:190} INFO - [2026-04-04T14:26:19.199+0000] {dag.py:3239} INFO - Sync 1 DAGs
[2026-04-04T14:26:19.263+0000] {processor.py:208} INFO - Processing /opt/airflow/dags/etl_datalake_dag.py took 0.153 seconds
[2026-04-04T14:26:49.858+0000] {processor.py:186} INFO - Started process (PID=792) to work on /opt/airflow/dags/etl_datalake_dag.py
[2026-04-04T14:26:49.858+0000] {processor.py:914} INFO - Processing file /opt/airflow/dags/etl_datalake_dag.py for tasks to queue
[2026-04-04T14:26:49.861+0000] {logging_mixin.py:190} INFO - [2026-04-04T14:26:49.861+0000] {dagbag.py:588} INFO - Filling up the DagBag from /opt/airflow/dags/etl_datalake_dag.py
[2026-04-04T14:26:49.888+0000] {processor.py:925} INFO - DAG(s) 'etl_datalake_hive_iceberg' retrieved from /opt/airflow/dags/etl_datalake_dag.py
[2026-04-04T14:26:49.942+0000] {logging_mixin.py:190} INFO - [2026-04-04T14:26:49.942+0000] {dag.py:3239} INFO - Sync 1 DAGs
[2026-04-04T14:26:50.008+0000] {processor.py:208} INFO - Processing /opt/airflow/dags/etl_datalake_dag.py took 0.159 seconds
[2026-04-04T14:27:21.015+0000] {processor.py:186} INFO - Started process (PID=796) to work on /opt/airflow/dags/etl_datalake_dag.py
[2026-04-04T14:27:21.015+0000] {processor.py:914} INFO - Processing file /opt/airflow/dags/etl_datalake_dag.py for tasks to queue
[2026-04-04T14:27:21.017+0000] {logging_mixin.py:190} INFO - [2026-04-04T14:27:21.017+0000] {dagbag.py:588} INFO - Filling up the DagBag from /opt/airflow/dags/etl_datalake_dag.py
[2026-04-04T14:27:21.044+0000] {processor.py:925} INFO - DAG(s) 'etl_datalake_hive_iceberg' retrieved from /opt/airflow/dags/etl_datalake_dag.py
[2026-04-04T14:27:21.095+0000] {logging_mixin.py:190} INFO - [2026-04-04T14:27:21.095+0000] {dag.py:3239} INFO - Sync 1 DAGs
[2026-04-04T14:27:21.163+0000] {processor.py:208} INFO - Processing /opt/airflow/dags/etl_datalake_dag.py took 0.157 seconds
[2026-04-04T14:27:51.737+0000] {processor.py:186} INFO - Started process (PID=800) to work on /opt/airflow/dags/etl_datalake_dag.py
[2026-04-04T14:27:51.737+0000] {processor.py:914} INFO - Processing file /opt/airflow/dags/etl_datalake_dag.py for tasks to queue
[2026-04-04T14:27:51.739+0000] {logging_mixin.py:190} INFO - [2026-04-04T14:27:51.739+0000] {dagbag.py:588} INFO - Filling up the DagBag from /opt/airflow/dags/etl_datalake_dag.py
[2026-04-04T14:27:51.775+0000] {processor.py:925} INFO - DAG(s) 'etl_datalake_hive_iceberg' retrieved from /opt/airflow/dags/etl_datalake_dag.py
[2026-04-04T14:27:51.844+0000] {logging_mixin.py:190} INFO - [2026-04-04T14:27:51.844+0000] {dag.py:3239} INFO - Sync 1 DAGs
[2026-04-04T14:27:51.934+0000] {processor.py:208} INFO - Processing /opt/airflow/dags/etl_datalake_dag.py took 0.210 seconds
[2026-04-04T14:28:22.504+0000] {processor.py:186} INFO - Started process (PID=804) to work on /opt/airflow/dags/etl_datalake_dag.py
[2026-04-04T14:28:22.505+0000] {processor.py:914} INFO - Processing file /opt/airflow/dags/etl_datalake_dag.py for tasks to queue
[2026-04-04T14:28:22.507+0000] {logging_mixin.py:190} INFO - [2026-04-04T14:28:22.506+0000] {dagbag.py:588} INFO - Filling up the DagBag from /opt/airflow/dags/etl_datalake_dag.py
[2026-04-04T14:28:22.538+0000] {processor.py:925} INFO - DAG(s) 'etl_datalake_hive_iceberg' retrieved from /opt/airflow/dags/etl_datalake_dag.py
[2026-04-04T14:28:22.629+0000] {logging_mixin.py:190} INFO - [2026-04-04T14:28:22.629+0000] {dag.py:3239} INFO - Sync 1 DAGs
[2026-04-04T14:28:22.735+0000] {processor.py:208} INFO - Processing /opt/airflow/dags/etl_datalake_dag.py took 0.240 seconds
[2026-04-04T14:28:53.305+0000] {processor.py:186} INFO - Started process (PID=808) to work on /opt/airflow/dags/etl_datalake_dag.py
[2026-04-04T14:28:53.306+0000] {processor.py:914} INFO - Processing file /opt/airflow/dags/etl_datalake_dag.py for tasks to queue
[2026-04-04T14:28:53.308+0000] {logging_mixin.py:190} INFO - [2026-04-04T14:28:53.307+0000] {dagbag.py:588} INFO - Filling up the DagBag from /opt/airflow/dags/etl_datalake_dag.py
[2026-04-04T14:28:53.334+0000] {processor.py:925} INFO - DAG(s) 'etl_datalake_hive_iceberg' retrieved from /opt/airflow/dags/etl_datalake_dag.py
[2026-04-04T14:28:53.389+0000] {logging_mixin.py:190} INFO - [2026-04-04T14:28:53.389+0000] {dag.py:3239} INFO - Sync 1 DAGs
[2026-04-04T14:28:53.480+0000] {processor.py:208} INFO - Processing /opt/airflow/dags/etl_datalake_dag.py took 0.184 seconds
[2026-04-04T14:29:24.054+0000] {processor.py:186} INFO - Started process (PID=812) to work on /opt/airflow/dags/etl_datalake_dag.py
[2026-04-04T14:29:24.055+0000] {processor.py:914} INFO - Processing file /opt/airflow/dags/etl_datalake_dag.py for tasks to queue
[2026-04-04T14:29:24.056+0000] {logging_mixin.py:190} INFO - [2026-04-04T14:29:24.056+0000] {dagbag.py:588} INFO - Filling up the DagBag from /opt/airflow/dags/etl_datalake_dag.py
[2026-04-04T14:29:24.081+0000] {processor.py:925} INFO - DAG(s) 'etl_datalake_hive_iceberg' retrieved from /opt/airflow/dags/etl_datalake_dag.py
[2026-04-04T14:29:24.133+0000] {logging_mixin.py:190} INFO - [2026-04-04T14:29:24.133+0000] {dag.py:3239} INFO - Sync 1 DAGs
[2026-04-04T14:29:24.216+0000] {processor.py:208} INFO - Processing /opt/airflow/dags/etl_datalake_dag.py took 0.169 seconds
[2026-04-04T14:29:54.778+0000] {processor.py:186} INFO - Started process (PID=816) to work on /opt/airflow/dags/etl_datalake_dag.py
[2026-04-04T14:29:54.779+0000] {processor.py:914} INFO - Processing file /opt/airflow/dags/etl_datalake_dag.py for tasks to queue
[2026-04-04T14:29:54.780+0000] {logging_mixin.py:190} INFO - [2026-04-04T14:29:54.780+0000] {dagbag.py:588} INFO - Filling up the DagBag from /opt/airflow/dags/etl_datalake_dag.py
[2026-04-04T14:29:54.806+0000] {processor.py:925} INFO - DAG(s) 'etl_datalake_hive_iceberg' retrieved from /opt/airflow/dags/etl_datalake_dag.py
[2026-04-04T14:29:54.863+0000] {logging_mixin.py:190} INFO - [2026-04-04T14:29:54.863+0000] {dag.py:3239} INFO - Sync 1 DAGs
[2026-04-04T14:29:54.933+0000] {processor.py:208} INFO - Processing /opt/airflow/dags/etl_datalake_dag.py took 0.163 seconds
[2026-04-04T14:30:25.472+0000] {processor.py:186} INFO - Started process (PID=820) to work on /opt/airflow/dags/etl_datalake_dag.py
[2026-04-04T14:30:25.473+0000] {processor.py:914} INFO - Processing file /opt/airflow/dags/etl_datalake_dag.py for tasks to queue
[2026-04-04T14:30:25.475+0000] {logging_mixin.py:190} INFO - [2026-04-04T14:30:25.474+0000] {dagbag.py:588} INFO - Filling up the DagBag from /opt/airflow/dags/etl_datalake_dag.py
[2026-04-04T14:30:25.499+0000] {processor.py:925} INFO - DAG(s) 'etl_datalake_hive_iceberg' retrieved from /opt/airflow/dags/etl_datalake_dag.py
[2026-04-04T14:30:25.555+0000] {logging_mixin.py:190} INFO - [2026-04-04T14:30:25.555+0000] {dag.py:3239} INFO - Sync 1 DAGs
[2026-04-04T14:30:25.613+0000] {processor.py:208} INFO - Processing /opt/airflow/dags/etl_datalake_dag.py took 0.148 seconds
[2026-04-04T14:30:56.154+0000] {processor.py:186} INFO - Started process (PID=824) to work on /opt/airflow/dags/etl_datalake_dag.py
[2026-04-04T14:30:56.155+0000] {processor.py:914} INFO - Processing file /opt/airflow/dags/etl_datalake_dag.py for tasks to queue
[2026-04-04T14:30:56.156+0000] {logging_mixin.py:190} INFO - [2026-04-04T14:30:56.156+0000] {dagbag.py:588} INFO - Filling up the DagBag from /opt/airflow/dags/etl_datalake_dag.py
[2026-04-04T14:30:56.185+0000] {processor.py:925} INFO - DAG(s) 'etl_datalake_hive_iceberg' retrieved from /opt/airflow/dags/etl_datalake_dag.py
[2026-04-04T14:30:56.240+0000] {logging_mixin.py:190} INFO - [2026-04-04T14:30:56.240+0000] {dag.py:3239} INFO - Sync 1 DAGs
[2026-04-04T14:30:56.302+0000] {processor.py:208} INFO - Processing /opt/airflow/dags/etl_datalake_dag.py took 0.155 seconds
[2026-04-04T14:31:26.868+0000] {processor.py:186} INFO - Started process (PID=828) to work on /opt/airflow/dags/etl_datalake_dag.py
[2026-04-04T14:31:26.869+0000] {processor.py:914} INFO - Processing file /opt/airflow/dags/etl_datalake_dag.py for tasks to queue
[2026-04-04T14:31:26.870+0000] {logging_mixin.py:190} INFO - [2026-04-04T14:31:26.870+0000] {dagbag.py:588} INFO - Filling up the DagBag from /opt/airflow/dags/etl_datalake_dag.py
[2026-04-04T14:31:26.896+0000] {processor.py:925} INFO - DAG(s) 'etl_datalake_hive_iceberg' retrieved from /opt/airflow/dags/etl_datalake_dag.py
[2026-04-04T14:31:26.943+0000] {logging_mixin.py:190} INFO - [2026-04-04T14:31:26.943+0000] {dag.py:3239} INFO - Sync 1 DAGs
[2026-04-04T14:31:27.001+0000] {processor.py:208} INFO - Processing /opt/airflow/dags/etl_datalake_dag.py took 0.141 seconds
[2026-04-04T14:31:57.584+0000] {processor.py:186} INFO - Started process (PID=832) to work on /opt/airflow/dags/etl_datalake_dag.py
[2026-04-04T14:31:57.585+0000] {processor.py:914} INFO - Processing file /opt/airflow/dags/etl_datalake_dag.py for tasks to queue
[2026-04-04T14:31:57.593+0000] {logging_mixin.py:190} INFO - [2026-04-04T14:31:57.593+0000] {dagbag.py:588} INFO - Filling up the DagBag from /opt/airflow/dags/etl_datalake_dag.py
[2026-04-04T14:31:57.632+0000] {processor.py:925} INFO - DAG(s) 'etl_datalake_hive_iceberg' retrieved from /opt/airflow/dags/etl_datalake_dag.py
[2026-04-04T14:31:57.677+0000] {logging_mixin.py:190} INFO - [2026-04-04T14:31:57.677+0000] {dag.py:3239} INFO - Sync 1 DAGs
[2026-04-04T14:31:57.738+0000] {processor.py:208} INFO - Processing /opt/airflow/dags/etl_datalake_dag.py took 0.160 seconds
[2026-04-04T14:32:28.294+0000] {processor.py:186} INFO - Started process (PID=836) to work on /opt/airflow/dags/etl_datalake_dag.py
[2026-04-04T14:32:28.295+0000] {processor.py:914} INFO - Processing file /opt/airflow/dags/etl_datalake_dag.py for tasks to queue
[2026-04-04T14:32:28.297+0000] {logging_mixin.py:190} INFO - [2026-04-04T14:32:28.296+0000] {dagbag.py:588} INFO - Filling up the DagBag from /opt/airflow/dags/etl_datalake_dag.py
[2026-04-04T14:32:28.322+0000] {processor.py:925} INFO - DAG(s) 'etl_datalake_hive_iceberg' retrieved from /opt/airflow/dags/etl_datalake_dag.py
[2026-04-04T14:32:28.372+0000] {logging_mixin.py:190} INFO - [2026-04-04T14:32:28.371+0000] {dag.py:3239} INFO - Sync 1 DAGs
[2026-04-04T14:32:28.428+0000] {processor.py:208} INFO - Processing /opt/airflow/dags/etl_datalake_dag.py took 0.140 seconds
[2026-04-04T14:32:59.011+0000] {processor.py:186} INFO - Started process (PID=840) to work on /opt/airflow/dags/etl_datalake_dag.py
[2026-04-04T14:32:59.012+0000] {processor.py:914} INFO - Processing file /opt/airflow/dags/etl_datalake_dag.py for tasks to queue
[2026-04-04T14:32:59.013+0000] {logging_mixin.py:190} INFO - [2026-04-04T14:32:59.013+0000] {dagbag.py:588} INFO - Filling up the DagBag from /opt/airflow/dags/etl_datalake_dag.py
[2026-04-04T14:32:59.035+0000] {processor.py:925} INFO - DAG(s) 'etl_datalake_hive_iceberg' retrieved from /opt/airflow/dags/etl_datalake_dag.py
[2026-04-04T14:32:59.079+0000] {logging_mixin.py:190} INFO - [2026-04-04T14:32:59.079+0000] {dag.py:3239} INFO - Sync 1 DAGs
[2026-04-04T14:32:59.137+0000] {processor.py:208} INFO - Processing /opt/airflow/dags/etl_datalake_dag.py took 0.133 seconds
[2026-04-04T14:33:29.700+0000] {processor.py:186} INFO - Started process (PID=844) to work on /opt/airflow/dags/etl_datalake_dag.py
[2026-04-04T14:33:29.701+0000] {processor.py:914} INFO - Processing file /opt/airflow/dags/etl_datalake_dag.py for tasks to queue
[2026-04-04T14:33:29.703+0000] {logging_mixin.py:190} INFO - [2026-04-04T14:33:29.702+0000] {dagbag.py:588} INFO - Filling up the DagBag from /opt/airflow/dags/etl_datalake_dag.py
[2026-04-04T14:33:29.753+0000] {processor.py:925} INFO - DAG(s) 'etl_datalake_hive_iceberg' retrieved from /opt/airflow/dags/etl_datalake_dag.py
[2026-04-04T14:33:29.807+0000] {logging_mixin.py:190} INFO - [2026-04-04T14:33:29.806+0000] {dag.py:3239} INFO - Sync 1 DAGs
[2026-04-04T14:33:29.871+0000] {processor.py:208} INFO - Processing /opt/airflow/dags/etl_datalake_dag.py took 0.181 seconds
[2026-04-04T14:34:00.402+0000] {processor.py:186} INFO - Started process (PID=848) to work on /opt/airflow/dags/etl_datalake_dag.py
[2026-04-04T14:34:00.403+0000] {processor.py:914} INFO - Processing file /opt/airflow/dags/etl_datalake_dag.py for tasks to queue
[2026-04-04T14:34:00.404+0000] {logging_mixin.py:190} INFO - [2026-04-04T14:34:00.404+0000] {dagbag.py:588} INFO - Filling up the DagBag from /opt/airflow/dags/etl_datalake_dag.py
[2026-04-04T14:34:00.426+0000] {processor.py:925} INFO - DAG(s) 'etl_datalake_hive_iceberg' retrieved from /opt/airflow/dags/etl_datalake_dag.py
[2026-04-04T14:34:00.476+0000] {logging_mixin.py:190} INFO - [2026-04-04T14:34:00.476+0000] {dag.py:3239} INFO - Sync 1 DAGs
[2026-04-04T14:34:00.532+0000] {processor.py:208} INFO - Processing /opt/airflow/dags/etl_datalake_dag.py took 0.137 seconds
[2026-04-04T14:34:31.157+0000] {processor.py:186} INFO - Started process (PID=852) to work on /opt/airflow/dags/etl_datalake_dag.py
[2026-04-04T14:34:31.158+0000] {processor.py:914} INFO - Processing file /opt/airflow/dags/etl_datalake_dag.py for tasks to queue
[2026-04-04T14:34:31.161+0000] {logging_mixin.py:190} INFO - [2026-04-04T14:34:31.160+0000] {dagbag.py:588} INFO - Filling up the DagBag from /opt/airflow/dags/etl_datalake_dag.py
[2026-04-04T14:34:31.187+0000] {processor.py:925} INFO - DAG(s) 'etl_datalake_hive_iceberg' retrieved from /opt/airflow/dags/etl_datalake_dag.py
[2026-04-04T14:34:31.238+0000] {logging_mixin.py:190} INFO - [2026-04-04T14:34:31.238+0000] {dag.py:3239} INFO - Sync 1 DAGs
[2026-04-04T14:34:31.298+0000] {processor.py:208} INFO - Processing /opt/airflow/dags/etl_datalake_dag.py took 0.153 seconds
[2026-04-04T14:35:01.853+0000] {processor.py:186} INFO - Started process (PID=856) to work on /opt/airflow/dags/etl_datalake_dag.py
[2026-04-04T14:35:01.854+0000] {processor.py:914} INFO - Processing file /opt/airflow/dags/etl_datalake_dag.py for tasks to queue
[2026-04-04T14:35:01.856+0000] {logging_mixin.py:190} INFO - [2026-04-04T14:35:01.856+0000] {dagbag.py:588} INFO - Filling up the DagBag from /opt/airflow/dags/etl_datalake_dag.py
[2026-04-04T14:35:01.889+0000] {processor.py:925} INFO - DAG(s) 'etl_datalake_hive_iceberg' retrieved from /opt/airflow/dags/etl_datalake_dag.py
[2026-04-04T14:35:01.940+0000] {logging_mixin.py:190} INFO - [2026-04-04T14:35:01.940+0000] {dag.py:3239} INFO - Sync 1 DAGs
[2026-04-04T14:35:02.001+0000] {processor.py:208} INFO - Processing /opt/airflow/dags/etl_datalake_dag.py took 0.156 seconds
[2026-04-04T14:35:32.561+0000] {processor.py:186} INFO - Started process (PID=860) to work on /opt/airflow/dags/etl_datalake_dag.py
[2026-04-04T14:35:32.562+0000] {processor.py:914} INFO - Processing file /opt/airflow/dags/etl_datalake_dag.py for tasks to queue
[2026-04-04T14:35:32.564+0000] {logging_mixin.py:190} INFO - [2026-04-04T14:35:32.564+0000] {dagbag.py:588} INFO - Filling up the DagBag from /opt/airflow/dags/etl_datalake_dag.py
[2026-04-04T14:35:32.590+0000] {processor.py:925} INFO - DAG(s) 'etl_datalake_hive_iceberg' retrieved from /opt/airflow/dags/etl_datalake_dag.py
[2026-04-04T14:35:32.638+0000] {logging_mixin.py:190} INFO - [2026-04-04T14:35:32.637+0000] {dag.py:3239} INFO - Sync 1 DAGs
[2026-04-04T14:35:32.696+0000] {processor.py:208} INFO - Processing /opt/airflow/dags/etl_datalake_dag.py took 0.144 seconds
[2026-04-04T14:36:03.268+0000] {processor.py:186} INFO - Started process (PID=864) to work on /opt/airflow/dags/etl_datalake_dag.py
[2026-04-04T14:36:03.269+0000] {processor.py:914} INFO - Processing file /opt/airflow/dags/etl_datalake_dag.py for tasks to queue
[2026-04-04T14:36:03.271+0000] {logging_mixin.py:190} INFO - [2026-04-04T14:36:03.270+0000] {dagbag.py:588} INFO - Filling up the DagBag from /opt/airflow/dags/etl_datalake_dag.py
[2026-04-04T14:36:03.296+0000] {processor.py:925} INFO - DAG(s) 'etl_datalake_hive_iceberg' retrieved from /opt/airflow/dags/etl_datalake_dag.py
[2026-04-04T14:36:03.351+0000] {logging_mixin.py:190} INFO - [2026-04-04T14:36:03.351+0000] {dag.py:3239} INFO - Sync 1 DAGs
[2026-04-04T14:36:03.430+0000] {processor.py:208} INFO - Processing /opt/airflow/dags/etl_datalake_dag.py took 0.170 seconds
[2026-04-04T14:36:33.992+0000] {processor.py:186} INFO - Started process (PID=868) to work on /opt/airflow/dags/etl_datalake_dag.py
[2026-04-04T14:36:33.992+0000] {processor.py:914} INFO - Processing file /opt/airflow/dags/etl_datalake_dag.py for tasks to queue
[2026-04-04T14:36:33.994+0000] {logging_mixin.py:190} INFO - [2026-04-04T14:36:33.993+0000] {dagbag.py:588} INFO - Filling up the DagBag from /opt/airflow/dags/etl_datalake_dag.py
[2026-04-04T14:36:34.017+0000] {processor.py:925} INFO - DAG(s) 'etl_datalake_hive_iceberg' retrieved from /opt/airflow/dags/etl_datalake_dag.py
[2026-04-04T14:36:34.065+0000] {logging_mixin.py:190} INFO - [2026-04-04T14:36:34.065+0000] {dag.py:3239} INFO - Sync 1 DAGs
[2026-04-04T14:36:34.101+0000] {logging_mixin.py:190} INFO - [2026-04-04T14:36:34.100+0000] {dag.py:4180} INFO - Setting next_dagrun for etl_datalake_hive_iceberg to 2026-04-04T00:00:00+00:00, run_after=2026-04-05T00:00:00+00:00
[2026-04-04T14:36:34.126+0000] {processor.py:208} INFO - Processing /opt/airflow/dags/etl_datalake_dag.py took 0.141 seconds
[2026-04-04T14:37:04.694+0000] {processor.py:186} INFO - Started process (PID=872) to work on /opt/airflow/dags/etl_datalake_dag.py
[2026-04-04T14:37:04.695+0000] {processor.py:914} INFO - Processing file /opt/airflow/dags/etl_datalake_dag.py for tasks to queue
[2026-04-04T14:37:04.696+0000] {logging_mixin.py:190} INFO - [2026-04-04T14:37:04.696+0000] {dagbag.py:588} INFO - Filling up the DagBag from /opt/airflow/dags/etl_datalake_dag.py
[2026-04-04T14:37:04.721+0000] {processor.py:925} INFO - DAG(s) 'etl_datalake_hive_iceberg' retrieved from /opt/airflow/dags/etl_datalake_dag.py
[2026-04-04T14:37:04.768+0000] {logging_mixin.py:190} INFO - [2026-04-04T14:37:04.768+0000] {dag.py:3239} INFO - Sync 1 DAGs
[2026-04-04T14:37:04.806+0000] {logging_mixin.py:190} INFO - [2026-04-04T14:37:04.806+0000] {dag.py:4180} INFO - Setting next_dagrun for etl_datalake_hive_iceberg to 2026-04-04T00:00:00+00:00, run_after=2026-04-05T00:00:00+00:00
[2026-04-04T14:37:04.832+0000] {processor.py:208} INFO - Processing /opt/airflow/dags/etl_datalake_dag.py took 0.147 seconds
[2026-04-04T14:37:35.371+0000] {processor.py:186} INFO - Started process (PID=876) to work on /opt/airflow/dags/etl_datalake_dag.py
[2026-04-04T14:37:35.372+0000] {processor.py:914} INFO - Processing file /opt/airflow/dags/etl_datalake_dag.py for tasks to queue
[2026-04-04T14:37:35.374+0000] {logging_mixin.py:190} INFO - [2026-04-04T14:37:35.373+0000] {dagbag.py:588} INFO - Filling up the DagBag from /opt/airflow/dags/etl_datalake_dag.py
[2026-04-04T14:37:35.395+0000] {processor.py:925} INFO - DAG(s) 'etl_datalake_hive_iceberg' retrieved from /opt/airflow/dags/etl_datalake_dag.py
[2026-04-04T14:37:35.438+0000] {logging_mixin.py:190} INFO - [2026-04-04T14:37:35.438+0000] {dag.py:3239} INFO - Sync 1 DAGs
[2026-04-04T14:37:35.470+0000] {logging_mixin.py:190} INFO - [2026-04-04T14:37:35.470+0000] {dag.py:4180} INFO - Setting next_dagrun for etl_datalake_hive_iceberg to 2026-04-04T00:00:00+00:00, run_after=2026-04-05T00:00:00+00:00
[2026-04-04T14:37:35.492+0000] {processor.py:208} INFO - Processing /opt/airflow/dags/etl_datalake_dag.py took 0.127 seconds
[2026-04-04T14:38:06.032+0000] {processor.py:186} INFO - Started process (PID=880) to work on /opt/airflow/dags/etl_datalake_dag.py
[2026-04-04T14:38:06.033+0000] {processor.py:914} INFO - Processing file /opt/airflow/dags/etl_datalake_dag.py for tasks to queue
[2026-04-04T14:38:06.034+0000] {logging_mixin.py:190} INFO - [2026-04-04T14:38:06.034+0000] {dagbag.py:588} INFO - Filling up the DagBag from /opt/airflow/dags/etl_datalake_dag.py
[2026-04-04T14:38:06.056+0000] {processor.py:925} INFO - DAG(s) 'etl_datalake_hive_iceberg' retrieved from /opt/airflow/dags/etl_datalake_dag.py
[2026-04-04T14:38:06.101+0000] {logging_mixin.py:190} INFO - [2026-04-04T14:38:06.101+0000] {dag.py:3239} INFO - Sync 1 DAGs
[2026-04-04T14:38:06.131+0000] {logging_mixin.py:190} INFO - [2026-04-04T14:38:06.131+0000] {dag.py:4180} INFO - Setting next_dagrun for etl_datalake_hive_iceberg to 2026-04-04T00:00:00+00:00, run_after=2026-04-05T00:00:00+00:00
[2026-04-04T14:38:06.153+0000] {processor.py:208} INFO - Processing /opt/airflow/dags/etl_datalake_dag.py took 0.127 seconds
[2026-04-04T14:38:37.189+0000] {processor.py:186} INFO - Started process (PID=884) to work on /opt/airflow/dags/etl_datalake_dag.py
[2026-04-04T14:38:37.189+0000] {processor.py:914} INFO - Processing file /opt/airflow/dags/etl_datalake_dag.py for tasks to queue
[2026-04-04T14:38:37.191+0000] {logging_mixin.py:190} INFO - [2026-04-04T14:38:37.190+0000] {dagbag.py:588} INFO - Filling up the DagBag from /opt/airflow/dags/etl_datalake_dag.py
[2026-04-04T14:38:37.212+0000] {processor.py:925} INFO - DAG(s) 'etl_datalake_hive_iceberg' retrieved from /opt/airflow/dags/etl_datalake_dag.py
[2026-04-04T14:38:37.260+0000] {logging_mixin.py:190} INFO - [2026-04-04T14:38:37.260+0000] {dag.py:3239} INFO - Sync 1 DAGs
[2026-04-04T14:38:37.293+0000] {logging_mixin.py:190} INFO - [2026-04-04T14:38:37.293+0000] {dag.py:4180} INFO - Setting next_dagrun for etl_datalake_hive_iceberg to 2026-04-04T00:00:00+00:00, run_after=2026-04-05T00:00:00+00:00
[2026-04-04T14:38:37.324+0000] {processor.py:208} INFO - Processing /opt/airflow/dags/etl_datalake_dag.py took 0.141 seconds
[2026-04-04T14:39:07.848+0000] {processor.py:186} INFO - Started process (PID=888) to work on /opt/airflow/dags/etl_datalake_dag.py
[2026-04-04T14:39:07.849+0000] {processor.py:914} INFO - Processing file /opt/airflow/dags/etl_datalake_dag.py for tasks to queue
[2026-04-04T14:39:07.851+0000] {logging_mixin.py:190} INFO - [2026-04-04T14:39:07.850+0000] {dagbag.py:588} INFO - Filling up the DagBag from /opt/airflow/dags/etl_datalake_dag.py
[2026-04-04T14:39:07.873+0000] {processor.py:925} INFO - DAG(s) 'etl_datalake_hive_iceberg' retrieved from /opt/airflow/dags/etl_datalake_dag.py
[2026-04-04T14:39:07.919+0000] {logging_mixin.py:190} INFO - [2026-04-04T14:39:07.919+0000] {dag.py:3239} INFO - Sync 1 DAGs
[2026-04-04T14:39:07.955+0000] {logging_mixin.py:190} INFO - [2026-04-04T14:39:07.954+0000] {dag.py:4180} INFO - Setting next_dagrun for etl_datalake_hive_iceberg to 2026-04-04T00:00:00+00:00, run_after=2026-04-05T00:00:00+00:00
[2026-04-04T14:39:07.978+0000] {processor.py:208} INFO - Processing /opt/airflow/dags/etl_datalake_dag.py took 0.137 seconds
[2026-04-04T14:39:38.545+0000] {processor.py:186} INFO - Started process (PID=892) to work on /opt/airflow/dags/etl_datalake_dag.py
[2026-04-04T14:39:38.546+0000] {processor.py:914} INFO - Processing file /opt/airflow/dags/etl_datalake_dag.py for tasks to queue
[2026-04-04T14:39:38.547+0000] {logging_mixin.py:190} INFO - [2026-04-04T14:39:38.547+0000] {dagbag.py:588} INFO - Filling up the DagBag from /opt/airflow/dags/etl_datalake_dag.py
[2026-04-04T14:39:38.573+0000] {processor.py:925} INFO - DAG(s) 'etl_datalake_hive_iceberg' retrieved from /opt/airflow/dags/etl_datalake_dag.py
[2026-04-04T14:39:38.618+0000] {logging_mixin.py:190} INFO - [2026-04-04T14:39:38.618+0000] {dag.py:3239} INFO - Sync 1 DAGs
[2026-04-04T14:39:38.652+0000] {logging_mixin.py:190} INFO - [2026-04-04T14:39:38.651+0000] {dag.py:4180} INFO - Setting next_dagrun for etl_datalake_hive_iceberg to 2026-04-04T00:00:00+00:00, run_after=2026-04-05T00:00:00+00:00
[2026-04-04T14:39:38.679+0000] {processor.py:208} INFO - Processing /opt/airflow/dags/etl_datalake_dag.py took 0.140 seconds
[2026-04-04T14:40:09.241+0000] {processor.py:186} INFO - Started process (PID=896) to work on /opt/airflow/dags/etl_datalake_dag.py
[2026-04-04T14:40:09.241+0000] {processor.py:914} INFO - Processing file /opt/airflow/dags/etl_datalake_dag.py for tasks to queue
[2026-04-04T14:40:09.243+0000] {logging_mixin.py:190} INFO - [2026-04-04T14:40:09.242+0000] {dagbag.py:588} INFO - Filling up the DagBag from /opt/airflow/dags/etl_datalake_dag.py
[2026-04-04T14:40:09.268+0000] {processor.py:925} INFO - DAG(s) 'etl_datalake_hive_iceberg' retrieved from /opt/airflow/dags/etl_datalake_dag.py
[2026-04-04T14:40:09.316+0000] {logging_mixin.py:190} INFO - [2026-04-04T14:40:09.316+0000] {dag.py:3239} INFO - Sync 1 DAGs
[2026-04-04T14:40:09.355+0000] {logging_mixin.py:190} INFO - [2026-04-04T14:40:09.354+0000] {dag.py:4180} INFO - Setting next_dagrun for etl_datalake_hive_iceberg to 2026-04-04T00:00:00+00:00, run_after=2026-04-05T00:00:00+00:00
[2026-04-04T14:40:09.383+0000] {processor.py:208} INFO - Processing /opt/airflow/dags/etl_datalake_dag.py took 0.151 seconds
[2026-04-04T14:40:39.936+0000] {processor.py:186} INFO - Started process (PID=900) to work on /opt/airflow/dags/etl_datalake_dag.py
[2026-04-04T14:40:39.937+0000] {processor.py:914} INFO - Processing file /opt/airflow/dags/etl_datalake_dag.py for tasks to queue
[2026-04-04T14:40:39.940+0000] {logging_mixin.py:190} INFO - [2026-04-04T14:40:39.940+0000] {dagbag.py:588} INFO - Filling up the DagBag from /opt/airflow/dags/etl_datalake_dag.py
[2026-04-04T14:40:39.976+0000] {processor.py:925} INFO - DAG(s) 'etl_datalake_hive_iceberg' retrieved from /opt/airflow/dags/etl_datalake_dag.py
[2026-04-04T14:40:40.042+0000] {logging_mixin.py:190} INFO - [2026-04-04T14:40:40.042+0000] {dag.py:3239} INFO - Sync 1 DAGs
[2026-04-04T14:40:40.111+0000] {logging_mixin.py:190} INFO - [2026-04-04T14:40:40.111+0000] {dag.py:4180} INFO - Setting next_dagrun for etl_datalake_hive_iceberg to 2026-04-04T00:00:00+00:00, run_after=2026-04-05T00:00:00+00:00
[2026-04-04T14:40:40.143+0000] {processor.py:208} INFO - Processing /opt/airflow/dags/etl_datalake_dag.py took 0.216 seconds
[2026-04-04T14:41:10.704+0000] {processor.py:186} INFO - Started process (PID=904) to work on /opt/airflow/dags/etl_datalake_dag.py
[2026-04-04T14:41:10.705+0000] {processor.py:914} INFO - Processing file /opt/airflow/dags/etl_datalake_dag.py for tasks to queue
[2026-04-04T14:41:10.706+0000] {logging_mixin.py:190} INFO - [2026-04-04T14:41:10.706+0000] {dagbag.py:588} INFO - Filling up the DagBag from /opt/airflow/dags/etl_datalake_dag.py
[2026-04-04T14:41:10.729+0000] {processor.py:925} INFO - DAG(s) 'etl_datalake_hive_iceberg' retrieved from /opt/airflow/dags/etl_datalake_dag.py
[2026-04-04T14:41:10.777+0000] {logging_mixin.py:190} INFO - [2026-04-04T14:41:10.777+0000] {dag.py:3239} INFO - Sync 1 DAGs
[2026-04-04T14:41:10.812+0000] {logging_mixin.py:190} INFO - [2026-04-04T14:41:10.811+0000] {dag.py:4180} INFO - Setting next_dagrun for etl_datalake_hive_iceberg to 2026-04-04T00:00:00+00:00, run_after=2026-04-05T00:00:00+00:00
[2026-04-04T14:41:10.834+0000] {processor.py:208} INFO - Processing /opt/airflow/dags/etl_datalake_dag.py took 0.137 seconds
[2026-04-04T14:41:41.426+0000] {processor.py:186} INFO - Started process (PID=908) to work on /opt/airflow/dags/etl_datalake_dag.py
[2026-04-04T14:41:41.427+0000] {processor.py:914} INFO - Processing file /opt/airflow/dags/etl_datalake_dag.py for tasks to queue
[2026-04-04T14:41:41.430+0000] {logging_mixin.py:190} INFO - [2026-04-04T14:41:41.429+0000] {dagbag.py:588} INFO - Filling up the DagBag from /opt/airflow/dags/etl_datalake_dag.py
[2026-04-04T14:41:41.483+0000] {processor.py:925} INFO - DAG(s) 'etl_datalake_hive_iceberg' retrieved from /opt/airflow/dags/etl_datalake_dag.py
[2026-04-04T14:41:41.581+0000] {logging_mixin.py:190} INFO - [2026-04-04T14:41:41.581+0000] {dag.py:3239} INFO - Sync 1 DAGs
[2026-04-04T14:41:41.617+0000] {logging_mixin.py:190} INFO - [2026-04-04T14:41:41.617+0000] {dag.py:4180} INFO - Setting next_dagrun for etl_datalake_hive_iceberg to 2026-04-04T00:00:00+00:00, run_after=2026-04-05T00:00:00+00:00
[2026-04-04T14:41:41.644+0000] {processor.py:208} INFO - Processing /opt/airflow/dags/etl_datalake_dag.py took 0.229 seconds
[2026-04-04T14:42:12.238+0000] {processor.py:186} INFO - Started process (PID=912) to work on /opt/airflow/dags/etl_datalake_dag.py
[2026-04-04T14:42:12.239+0000] {processor.py:914} INFO - Processing file /opt/airflow/dags/etl_datalake_dag.py for tasks to queue
[2026-04-04T14:42:12.242+0000] {logging_mixin.py:190} INFO - [2026-04-04T14:42:12.241+0000] {dagbag.py:588} INFO - Filling up the DagBag from /opt/airflow/dags/etl_datalake_dag.py
[2026-04-04T14:42:12.267+0000] {processor.py:925} INFO - DAG(s) 'etl_datalake_hive_iceberg' retrieved from /opt/airflow/dags/etl_datalake_dag.py
[2026-04-04T14:42:12.316+0000] {logging_mixin.py:190} INFO - [2026-04-04T14:42:12.316+0000] {dag.py:3239} INFO - Sync 1 DAGs
[2026-04-04T14:42:12.352+0000] {logging_mixin.py:190} INFO - [2026-04-04T14:42:12.352+0000] {dag.py:4180} INFO - Setting next_dagrun for etl_datalake_hive_iceberg to 2026-04-04T00:00:00+00:00, run_after=2026-04-05T00:00:00+00:00
[2026-04-04T14:42:12.380+0000] {processor.py:208} INFO - Processing /opt/airflow/dags/etl_datalake_dag.py took 0.155 seconds
[2026-04-04T14:42:42.932+0000] {processor.py:186} INFO - Started process (PID=916) to work on /opt/airflow/dags/etl_datalake_dag.py
[2026-04-04T14:42:42.933+0000] {processor.py:914} INFO - Processing file /opt/airflow/dags/etl_datalake_dag.py for tasks to queue
[2026-04-04T14:42:42.934+0000] {logging_mixin.py:190} INFO - [2026-04-04T14:42:42.934+0000] {dagbag.py:588} INFO - Filling up the DagBag from /opt/airflow/dags/etl_datalake_dag.py
[2026-04-04T14:42:42.955+0000] {processor.py:925} INFO - DAG(s) 'etl_datalake_hive_iceberg' retrieved from /opt/airflow/dags/etl_datalake_dag.py
[2026-04-04T14:42:42.998+0000] {logging_mixin.py:190} INFO - [2026-04-04T14:42:42.998+0000] {dag.py:3239} INFO - Sync 1 DAGs
[2026-04-04T14:42:43.029+0000] {logging_mixin.py:190} INFO - [2026-04-04T14:42:43.028+0000] {dag.py:4180} INFO - Setting next_dagrun for etl_datalake_hive_iceberg to 2026-04-04T00:00:00+00:00, run_after=2026-04-05T00:00:00+00:00
[2026-04-04T14:42:43.052+0000] {processor.py:208} INFO - Processing /opt/airflow/dags/etl_datalake_dag.py took 0.127 seconds
[2026-04-04T14:43:13.625+0000] {processor.py:186} INFO - Started process (PID=920) to work on /opt/airflow/dags/etl_datalake_dag.py
[2026-04-04T14:43:13.626+0000] {processor.py:914} INFO - Processing file /opt/airflow/dags/etl_datalake_dag.py for tasks to queue
[2026-04-04T14:43:13.627+0000] {logging_mixin.py:190} INFO - [2026-04-04T14:43:13.627+0000] {dagbag.py:588} INFO - Filling up the DagBag from /opt/airflow/dags/etl_datalake_dag.py
[2026-04-04T14:43:13.654+0000] {processor.py:925} INFO - DAG(s) 'etl_datalake_hive_iceberg' retrieved from /opt/airflow/dags/etl_datalake_dag.py
[2026-04-04T14:43:13.703+0000] {logging_mixin.py:190} INFO - [2026-04-04T14:43:13.702+0000] {dag.py:3239} INFO - Sync 1 DAGs
[2026-04-04T14:43:13.743+0000] {logging_mixin.py:190} INFO - [2026-04-04T14:43:13.743+0000] {dag.py:4180} INFO - Setting next_dagrun for etl_datalake_hive_iceberg to 2026-04-04T00:00:00+00:00, run_after=2026-04-05T00:00:00+00:00
[2026-04-04T14:43:13.770+0000] {processor.py:208} INFO - Processing /opt/airflow/dags/etl_datalake_dag.py took 0.154 seconds
[2026-04-04T14:43:44.308+0000] {processor.py:186} INFO - Started process (PID=924) to work on /opt/airflow/dags/etl_datalake_dag.py
[2026-04-04T14:43:44.308+0000] {processor.py:914} INFO - Processing file /opt/airflow/dags/etl_datalake_dag.py for tasks to queue
[2026-04-04T14:43:44.310+0000] {logging_mixin.py:190} INFO - [2026-04-04T14:43:44.310+0000] {dagbag.py:588} INFO - Filling up the DagBag from /opt/airflow/dags/etl_datalake_dag.py
[2026-04-04T14:43:44.332+0000] {processor.py:925} INFO - DAG(s) 'etl_datalake_hive_iceberg' retrieved from /opt/airflow/dags/etl_datalake_dag.py
[2026-04-04T14:43:44.380+0000] {logging_mixin.py:190} INFO - [2026-04-04T14:43:44.380+0000] {dag.py:3239} INFO - Sync 1 DAGs
[2026-04-04T14:43:44.413+0000] {logging_mixin.py:190} INFO - [2026-04-04T14:43:44.413+0000] {dag.py:4180} INFO - Setting next_dagrun for etl_datalake_hive_iceberg to 2026-04-04T00:00:00+00:00, run_after=2026-04-05T00:00:00+00:00
[2026-04-04T14:43:44.437+0000] {processor.py:208} INFO - Processing /opt/airflow/dags/etl_datalake_dag.py took 0.137 seconds
[2026-04-04T14:44:14.985+0000] {processor.py:186} INFO - Started process (PID=928) to work on /opt/airflow/dags/etl_datalake_dag.py
[2026-04-04T14:44:14.986+0000] {processor.py:914} INFO - Processing file /opt/airflow/dags/etl_datalake_dag.py for tasks to queue
[2026-04-04T14:44:14.987+0000] {logging_mixin.py:190} INFO - [2026-04-04T14:44:14.987+0000] {dagbag.py:588} INFO - Filling up the DagBag from /opt/airflow/dags/etl_datalake_dag.py
[2026-04-04T14:44:15.009+0000] {processor.py:925} INFO - DAG(s) 'etl_datalake_hive_iceberg' retrieved from /opt/airflow/dags/etl_datalake_dag.py
[2026-04-04T14:44:15.060+0000] {logging_mixin.py:190} INFO - [2026-04-04T14:44:15.060+0000] {dag.py:3239} INFO - Sync 1 DAGs
[2026-04-04T14:44:15.110+0000] {logging_mixin.py:190} INFO - [2026-04-04T14:44:15.110+0000] {dag.py:4180} INFO - Setting next_dagrun for etl_datalake_hive_iceberg to 2026-04-04T00:00:00+00:00, run_after=2026-04-05T00:00:00+00:00
[2026-04-04T14:44:15.139+0000] {processor.py:208} INFO - Processing /opt/airflow/dags/etl_datalake_dag.py took 0.161 seconds
[2026-04-04T14:44:45.701+0000] {processor.py:186} INFO - Started process (PID=932) to work on /opt/airflow/dags/etl_datalake_dag.py
[2026-04-04T14:44:45.701+0000] {processor.py:914} INFO - Processing file /opt/airflow/dags/etl_datalake_dag.py for tasks to queue
[2026-04-04T14:44:45.702+0000] {logging_mixin.py:190} INFO - [2026-04-04T14:44:45.702+0000] {dagbag.py:588} INFO - Filling up the DagBag from /opt/airflow/dags/etl_datalake_dag.py
[2026-04-04T14:44:45.724+0000] {processor.py:925} INFO - DAG(s) 'etl_datalake_hive_iceberg' retrieved from /opt/airflow/dags/etl_datalake_dag.py
[2026-04-04T14:44:45.768+0000] {logging_mixin.py:190} INFO - [2026-04-04T14:44:45.768+0000] {dag.py:3239} INFO - Sync 1 DAGs
[2026-04-04T14:44:45.813+0000] {logging_mixin.py:190} INFO - [2026-04-04T14:44:45.812+0000] {dag.py:4180} INFO - Setting next_dagrun for etl_datalake_hive_iceberg to 2026-04-04T00:00:00+00:00, run_after=2026-04-05T00:00:00+00:00
[2026-04-04T14:44:45.840+0000] {processor.py:208} INFO - Processing /opt/airflow/dags/etl_datalake_dag.py took 0.146 seconds
[2026-04-04T14:45:16.405+0000] {processor.py:186} INFO - Started process (PID=936) to work on /opt/airflow/dags/etl_datalake_dag.py
[2026-04-04T14:45:16.406+0000] {processor.py:914} INFO - Processing file /opt/airflow/dags/etl_datalake_dag.py for tasks to queue
[2026-04-04T14:45:16.407+0000] {logging_mixin.py:190} INFO - [2026-04-04T14:45:16.407+0000] {dagbag.py:588} INFO - Filling up the DagBag from /opt/airflow/dags/etl_datalake_dag.py
[2026-04-04T14:45:16.429+0000] {processor.py:925} INFO - DAG(s) 'etl_datalake_hive_iceberg' retrieved from /opt/airflow/dags/etl_datalake_dag.py
[2026-04-04T14:45:16.473+0000] {logging_mixin.py:190} INFO - [2026-04-04T14:45:16.473+0000] {dag.py:3239} INFO - Sync 1 DAGs
[2026-04-04T14:45:16.506+0000] {logging_mixin.py:190} INFO - [2026-04-04T14:45:16.506+0000] {dag.py:4180} INFO - Setting next_dagrun for etl_datalake_hive_iceberg to 2026-04-04T00:00:00+00:00, run_after=2026-04-05T00:00:00+00:00
[2026-04-04T14:45:16.531+0000] {processor.py:208} INFO - Processing /opt/airflow/dags/etl_datalake_dag.py took 0.132 seconds
[2026-04-04T14:45:47.065+0000] {processor.py:186} INFO - Started process (PID=940) to work on /opt/airflow/dags/etl_datalake_dag.py
[2026-04-04T14:45:47.066+0000] {processor.py:914} INFO - Processing file /opt/airflow/dags/etl_datalake_dag.py for tasks to queue
[2026-04-04T14:45:47.068+0000] {logging_mixin.py:190} INFO - [2026-04-04T14:45:47.067+0000] {dagbag.py:588} INFO - Filling up the DagBag from /opt/airflow/dags/etl_datalake_dag.py
[2026-04-04T14:45:47.090+0000] {processor.py:925} INFO - DAG(s) 'etl_datalake_hive_iceberg' retrieved from /opt/airflow/dags/etl_datalake_dag.py
[2026-04-04T14:45:47.133+0000] {logging_mixin.py:190} INFO - [2026-04-04T14:45:47.133+0000] {dag.py:3239} INFO - Sync 1 DAGs
[2026-04-04T14:45:47.166+0000] {logging_mixin.py:190} INFO - [2026-04-04T14:45:47.166+0000] {dag.py:4180} INFO - Setting next_dagrun for etl_datalake_hive_iceberg to 2026-04-04T00:00:00+00:00, run_after=2026-04-05T00:00:00+00:00
[2026-04-04T14:45:47.189+0000] {processor.py:208} INFO - Processing /opt/airflow/dags/etl_datalake_dag.py took 0.130 seconds
[2026-04-04T14:46:17.786+0000] {processor.py:186} INFO - Started process (PID=944) to work on /opt/airflow/dags/etl_datalake_dag.py
[2026-04-04T14:46:17.786+0000] {processor.py:914} INFO - Processing file /opt/airflow/dags/etl_datalake_dag.py for tasks to queue
[2026-04-04T14:46:17.788+0000] {logging_mixin.py:190} INFO - [2026-04-04T14:46:17.787+0000] {dagbag.py:588} INFO - Filling up the DagBag from /opt/airflow/dags/etl_datalake_dag.py
[2026-04-04T14:46:17.810+0000] {processor.py:925} INFO - DAG(s) 'etl_datalake_hive_iceberg' retrieved from /opt/airflow/dags/etl_datalake_dag.py
[2026-04-04T14:46:17.856+0000] {logging_mixin.py:190} INFO - [2026-04-04T14:46:17.855+0000] {dag.py:3239} INFO - Sync 1 DAGs
[2026-04-04T14:46:17.891+0000] {logging_mixin.py:190} INFO - [2026-04-04T14:46:17.890+0000] {dag.py:4180} INFO - Setting next_dagrun for etl_datalake_hive_iceberg to 2026-04-04T00:00:00+00:00, run_after=2026-04-05T00:00:00+00:00
[2026-04-04T14:46:17.920+0000] {processor.py:208} INFO - Processing /opt/airflow/dags/etl_datalake_dag.py took 0.141 seconds
[2026-04-04T14:46:48.466+0000] {processor.py:186} INFO - Started process (PID=948) to work on /opt/airflow/dags/etl_datalake_dag.py
[2026-04-04T14:46:48.466+0000] {processor.py:914} INFO - Processing file /opt/airflow/dags/etl_datalake_dag.py for tasks to queue
[2026-04-04T14:46:48.467+0000] {logging_mixin.py:190} INFO - [2026-04-04T14:46:48.467+0000] {dagbag.py:588} INFO - Filling up the DagBag from /opt/airflow/dags/etl_datalake_dag.py
[2026-04-04T14:46:48.488+0000] {processor.py:925} INFO - DAG(s) 'etl_datalake_hive_iceberg' retrieved from /opt/airflow/dags/etl_datalake_dag.py
[2026-04-04T14:46:48.530+0000] {logging_mixin.py:190} INFO - [2026-04-04T14:46:48.530+0000] {dag.py:3239} INFO - Sync 1 DAGs
[2026-04-04T14:46:48.565+0000] {logging_mixin.py:190} INFO - [2026-04-04T14:46:48.565+0000] {dag.py:4180} INFO - Setting next_dagrun for etl_datalake_hive_iceberg to 2026-04-04T00:00:00+00:00, run_after=2026-04-05T00:00:00+00:00
[2026-04-04T14:46:48.588+0000] {processor.py:208} INFO - Processing /opt/airflow/dags/etl_datalake_dag.py took 0.128 seconds
[2026-04-04T14:47:18.962+0000] {processor.py:186} INFO - Started process (PID=952) to work on /opt/airflow/dags/etl_datalake_dag.py
[2026-04-04T14:47:18.962+0000] {processor.py:914} INFO - Processing file /opt/airflow/dags/etl_datalake_dag.py for tasks to queue
[2026-04-04T14:47:18.964+0000] {logging_mixin.py:190} INFO - [2026-04-04T14:47:18.963+0000] {dagbag.py:588} INFO - Filling up the DagBag from /opt/airflow/dags/etl_datalake_dag.py
[2026-04-04T14:47:18.985+0000] {processor.py:925} INFO - DAG(s) 'etl_datalake_hive_iceberg' retrieved from /opt/airflow/dags/etl_datalake_dag.py
[2026-04-04T14:47:19.029+0000] {logging_mixin.py:190} INFO - [2026-04-04T14:47:19.028+0000] {dag.py:3239} INFO - Sync 1 DAGs
[2026-04-04T14:47:19.060+0000] {logging_mixin.py:190} INFO - [2026-04-04T14:47:19.060+0000] {dag.py:4180} INFO - Setting next_dagrun for etl_datalake_hive_iceberg to 2026-04-04T00:00:00+00:00, run_after=2026-04-05T00:00:00+00:00
[2026-04-04T14:47:19.083+0000] {processor.py:208} INFO - Processing /opt/airflow/dags/etl_datalake_dag.py took 0.128 seconds
[2026-04-04T14:47:49.634+0000] {processor.py:186} INFO - Started process (PID=956) to work on /opt/airflow/dags/etl_datalake_dag.py
[2026-04-04T14:47:49.635+0000] {processor.py:914} INFO - Processing file /opt/airflow/dags/etl_datalake_dag.py for tasks to queue
[2026-04-04T14:47:49.637+0000] {logging_mixin.py:190} INFO - [2026-04-04T14:47:49.637+0000] {dagbag.py:588} INFO - Filling up the DagBag from /opt/airflow/dags/etl_datalake_dag.py
[2026-04-04T14:47:49.661+0000] {processor.py:925} INFO - DAG(s) 'etl_datalake_hive_iceberg' retrieved from /opt/airflow/dags/etl_datalake_dag.py
[2026-04-04T14:47:49.704+0000] {logging_mixin.py:190} INFO - [2026-04-04T14:47:49.704+0000] {dag.py:3239} INFO - Sync 1 DAGs
[2026-04-04T14:47:49.738+0000] {logging_mixin.py:190} INFO - [2026-04-04T14:47:49.738+0000] {dag.py:4180} INFO - Setting next_dagrun for etl_datalake_hive_iceberg to 2026-04-04T00:00:00+00:00, run_after=2026-04-05T00:00:00+00:00
[2026-04-04T14:47:49.760+0000] {processor.py:208} INFO - Processing /opt/airflow/dags/etl_datalake_dag.py took 0.133 seconds
[2026-04-04T14:48:20.292+0000] {processor.py:186} INFO - Started process (PID=960) to work on /opt/airflow/dags/etl_datalake_dag.py
[2026-04-04T14:48:20.293+0000] {processor.py:914} INFO - Processing file /opt/airflow/dags/etl_datalake_dag.py for tasks to queue
[2026-04-04T14:48:20.294+0000] {logging_mixin.py:190} INFO - [2026-04-04T14:48:20.294+0000] {dagbag.py:588} INFO - Filling up the DagBag from /opt/airflow/dags/etl_datalake_dag.py
[2026-04-04T14:48:20.327+0000] {processor.py:925} INFO - DAG(s) 'etl_datalake_hive_iceberg' retrieved from /opt/airflow/dags/etl_datalake_dag.py
[2026-04-04T14:48:20.395+0000] {logging_mixin.py:190} INFO - [2026-04-04T14:48:20.395+0000] {dag.py:3239} INFO - Sync 1 DAGs
[2026-04-04T14:48:20.452+0000] {logging_mixin.py:190} INFO - [2026-04-04T14:48:20.452+0000] {dag.py:4180} INFO - Setting next_dagrun for etl_datalake_hive_iceberg to 2026-04-04T00:00:00+00:00, run_after=2026-04-05T00:00:00+00:00
[2026-04-04T14:48:20.483+0000] {processor.py:208} INFO - Processing /opt/airflow/dags/etl_datalake_dag.py took 0.198 seconds
[2026-04-04T14:48:51.034+0000] {processor.py:186} INFO - Started process (PID=964) to work on /opt/airflow/dags/etl_datalake_dag.py
[2026-04-04T14:48:51.034+0000] {processor.py:914} INFO - Processing file /opt/airflow/dags/etl_datalake_dag.py for tasks to queue
[2026-04-04T14:48:51.036+0000] {logging_mixin.py:190} INFO - [2026-04-04T14:48:51.035+0000] {dagbag.py:588} INFO - Filling up the DagBag from /opt/airflow/dags/etl_datalake_dag.py
[2026-04-04T14:48:51.058+0000] {processor.py:925} INFO - DAG(s) 'etl_datalake_hive_iceberg' retrieved from /opt/airflow/dags/etl_datalake_dag.py
[2026-04-04T14:48:51.103+0000] {logging_mixin.py:190} INFO - [2026-04-04T14:48:51.103+0000] {dag.py:3239} INFO - Sync 1 DAGs
[2026-04-04T14:48:51.134+0000] {logging_mixin.py:190} INFO - [2026-04-04T14:48:51.134+0000] {dag.py:4180} INFO - Setting next_dagrun for etl_datalake_hive_iceberg to 2026-04-04T00:00:00+00:00, run_after=2026-04-05T00:00:00+00:00
[2026-04-04T14:48:51.157+0000] {processor.py:208} INFO - Processing /opt/airflow/dags/etl_datalake_dag.py took 0.131 seconds
[2026-04-04T14:49:21.727+0000] {processor.py:186} INFO - Started process (PID=968) to work on /opt/airflow/dags/etl_datalake_dag.py
[2026-04-04T14:49:21.728+0000] {processor.py:914} INFO - Processing file /opt/airflow/dags/etl_datalake_dag.py for tasks to queue
[2026-04-04T14:49:21.731+0000] {logging_mixin.py:190} INFO - [2026-04-04T14:49:21.731+0000] {dagbag.py:588} INFO - Filling up the DagBag from /opt/airflow/dags/etl_datalake_dag.py
[2026-04-04T14:49:21.797+0000] {processor.py:925} INFO - DAG(s) 'etl_datalake_hive_iceberg' retrieved from /opt/airflow/dags/etl_datalake_dag.py
[2026-04-04T14:49:21.856+0000] {logging_mixin.py:190} INFO - [2026-04-04T14:49:21.856+0000] {dag.py:3239} INFO - Sync 1 DAGs
[2026-04-04T14:49:21.897+0000] {logging_mixin.py:190} INFO - [2026-04-04T14:49:21.897+0000] {dag.py:4180} INFO - Setting next_dagrun for etl_datalake_hive_iceberg to 2026-04-04T00:00:00+00:00, run_after=2026-04-05T00:00:00+00:00
[2026-04-04T14:49:21.929+0000] {processor.py:208} INFO - Processing /opt/airflow/dags/etl_datalake_dag.py took 0.215 seconds
[2026-04-04T14:49:52.482+0000] {processor.py:186} INFO - Started process (PID=972) to work on /opt/airflow/dags/etl_datalake_dag.py
[2026-04-04T14:49:52.483+0000] {processor.py:914} INFO - Processing file /opt/airflow/dags/etl_datalake_dag.py for tasks to queue
[2026-04-04T14:49:52.485+0000] {logging_mixin.py:190} INFO - [2026-04-04T14:49:52.484+0000] {dagbag.py:588} INFO - Filling up the DagBag from /opt/airflow/dags/etl_datalake_dag.py
[2026-04-04T14:49:52.509+0000] {processor.py:925} INFO - DAG(s) 'etl_datalake_hive_iceberg' retrieved from /opt/airflow/dags/etl_datalake_dag.py
[2026-04-04T14:49:52.567+0000] {logging_mixin.py:190} INFO - [2026-04-04T14:49:52.566+0000] {dag.py:3239} INFO - Sync 1 DAGs
[2026-04-04T14:49:52.612+0000] {logging_mixin.py:190} INFO - [2026-04-04T14:49:52.612+0000] {dag.py:4180} INFO - Setting next_dagrun for etl_datalake_hive_iceberg to 2026-04-04T00:00:00+00:00, run_after=2026-04-05T00:00:00+00:00
[2026-04-04T14:49:52.640+0000] {processor.py:208} INFO - Processing /opt/airflow/dags/etl_datalake_dag.py took 0.165 seconds
[2026-04-04T14:50:23.193+0000] {processor.py:186} INFO - Started process (PID=976) to work on /opt/airflow/dags/etl_datalake_dag.py
[2026-04-04T14:50:23.194+0000] {processor.py:914} INFO - Processing file /opt/airflow/dags/etl_datalake_dag.py for tasks to queue
[2026-04-04T14:50:23.195+0000] {logging_mixin.py:190} INFO - [2026-04-04T14:50:23.195+0000] {dagbag.py:588} INFO - Filling up the DagBag from /opt/airflow/dags/etl_datalake_dag.py
[2026-04-04T14:50:23.219+0000] {processor.py:925} INFO - DAG(s) 'etl_datalake_hive_iceberg' retrieved from /opt/airflow/dags/etl_datalake_dag.py
[2026-04-04T14:50:23.265+0000] {logging_mixin.py:190} INFO - [2026-04-04T14:50:23.265+0000] {dag.py:3239} INFO - Sync 1 DAGs
[2026-04-04T14:50:23.300+0000] {logging_mixin.py:190} INFO - [2026-04-04T14:50:23.300+0000] {dag.py:4180} INFO - Setting next_dagrun for etl_datalake_hive_iceberg to 2026-04-04T00:00:00+00:00, run_after=2026-04-05T00:00:00+00:00
[2026-04-04T14:50:23.324+0000] {processor.py:208} INFO - Processing /opt/airflow/dags/etl_datalake_dag.py took 0.138 seconds
[2026-04-04T20:28:04.273+0000] {processor.py:186} INFO - Started process (PID=980) to work on /opt/airflow/dags/etl_datalake_dag.py
[2026-04-04T20:28:04.275+0000] {processor.py:914} INFO - Processing file /opt/airflow/dags/etl_datalake_dag.py for tasks to queue
[2026-04-04T20:28:04.282+0000] {logging_mixin.py:190} INFO - [2026-04-04T20:28:04.282+0000] {dagbag.py:588} INFO - Filling up the DagBag from /opt/airflow/dags/etl_datalake_dag.py
[2026-04-04T20:28:04.437+0000] {processor.py:925} INFO - DAG(s) 'etl_datalake_hive_iceberg' retrieved from /opt/airflow/dags/etl_datalake_dag.py
[2026-04-04T20:28:04.590+0000] {logging_mixin.py:190} INFO - [2026-04-04T20:28:04.589+0000] {dag.py:3239} INFO - Sync 1 DAGs
[2026-04-04T20:28:04.684+0000] {logging_mixin.py:190} INFO - [2026-04-04T20:28:04.683+0000] {dag.py:4180} INFO - Setting next_dagrun for etl_datalake_hive_iceberg to 2026-04-04T00:00:00+00:00, run_after=2026-04-05T00:00:00+00:00
[2026-04-04T20:28:04.754+0000] {processor.py:208} INFO - Processing /opt/airflow/dags/etl_datalake_dag.py took 0.641 seconds
