[2026-04-08T11:41:47.031+0000] {processor.py:186} INFO - Started process (PID=36) to work on /opt/airflow/dags/Crawl_ETL_ITJob.py
[2026-04-08T11:41:47.033+0000] {processor.py:914} INFO - Processing file /opt/airflow/dags/Crawl_ETL_ITJob.py for tasks to queue
[2026-04-08T11:41:47.035+0000] {logging_mixin.py:190} INFO - [2026-04-08T11:41:47.035+0000] {dagbag.py:588} INFO - Filling up the DagBag from /opt/airflow/dags/Crawl_ETL_ITJob.py
[2026-04-08T11:41:47.102+0000] {processor.py:925} INFO - DAG(s) 'crawl_etl_itjob' retrieved from /opt/airflow/dags/Crawl_ETL_ITJob.py
[2026-04-08T11:41:47.248+0000] {logging_mixin.py:190} INFO - [2026-04-08T11:41:47.247+0000] {dag.py:3239} INFO - Sync 1 DAGs
[2026-04-08T11:41:47.341+0000] {logging_mixin.py:190} INFO - [2026-04-08T11:41:47.340+0000] {dag.py:4180} INFO - Setting next_dagrun for crawl_etl_itjob to 2026-04-07T02:00:00+00:00, run_after=2026-04-08T02:00:00+00:00
[2026-04-08T11:41:47.412+0000] {processor.py:208} INFO - Processing /opt/airflow/dags/Crawl_ETL_ITJob.py took 0.400 seconds
[2026-04-08T11:42:17.644+0000] {processor.py:186} INFO - Started process (PID=40) to work on /opt/airflow/dags/Crawl_ETL_ITJob.py
[2026-04-08T11:42:17.645+0000] {processor.py:914} INFO - Processing file /opt/airflow/dags/Crawl_ETL_ITJob.py for tasks to queue
[2026-04-08T11:42:17.647+0000] {logging_mixin.py:190} INFO - [2026-04-08T11:42:17.647+0000] {dagbag.py:588} INFO - Filling up the DagBag from /opt/airflow/dags/Crawl_ETL_ITJob.py
[2026-04-08T11:42:17.679+0000] {processor.py:925} INFO - DAG(s) 'crawl_etl_itjob' retrieved from /opt/airflow/dags/Crawl_ETL_ITJob.py
[2026-04-08T11:42:17.730+0000] {logging_mixin.py:190} INFO - [2026-04-08T11:42:17.730+0000] {dag.py:3239} INFO - Sync 1 DAGs
[2026-04-08T11:42:17.809+0000] {processor.py:208} INFO - Processing /opt/airflow/dags/Crawl_ETL_ITJob.py took 0.177 seconds
[2026-04-08T11:42:48.195+0000] {processor.py:186} INFO - Started process (PID=44) to work on /opt/airflow/dags/Crawl_ETL_ITJob.py
[2026-04-08T11:42:48.196+0000] {processor.py:914} INFO - Processing file /opt/airflow/dags/Crawl_ETL_ITJob.py for tasks to queue
[2026-04-08T11:42:48.197+0000] {logging_mixin.py:190} INFO - [2026-04-08T11:42:48.197+0000] {dagbag.py:588} INFO - Filling up the DagBag from /opt/airflow/dags/Crawl_ETL_ITJob.py
[2026-04-08T11:42:48.226+0000] {processor.py:925} INFO - DAG(s) 'crawl_etl_itjob' retrieved from /opt/airflow/dags/Crawl_ETL_ITJob.py
[2026-04-08T11:42:48.325+0000] {logging_mixin.py:190} INFO - [2026-04-08T11:42:48.324+0000] {dag.py:3239} INFO - Sync 1 DAGs
[2026-04-08T11:42:48.470+0000] {processor.py:208} INFO - Processing /opt/airflow/dags/Crawl_ETL_ITJob.py took 0.284 seconds
[2026-04-08T11:43:18.842+0000] {processor.py:186} INFO - Started process (PID=48) to work on /opt/airflow/dags/Crawl_ETL_ITJob.py
[2026-04-08T11:43:18.843+0000] {processor.py:914} INFO - Processing file /opt/airflow/dags/Crawl_ETL_ITJob.py for tasks to queue
[2026-04-08T11:43:18.845+0000] {logging_mixin.py:190} INFO - [2026-04-08T11:43:18.844+0000] {dagbag.py:588} INFO - Filling up the DagBag from /opt/airflow/dags/Crawl_ETL_ITJob.py
[2026-04-08T11:43:18.877+0000] {processor.py:925} INFO - DAG(s) 'crawl_etl_itjob' retrieved from /opt/airflow/dags/Crawl_ETL_ITJob.py
[2026-04-08T11:43:18.952+0000] {logging_mixin.py:190} INFO - [2026-04-08T11:43:18.952+0000] {dag.py:3239} INFO - Sync 1 DAGs
[2026-04-08T11:43:19.045+0000] {processor.py:208} INFO - Processing /opt/airflow/dags/Crawl_ETL_ITJob.py took 0.213 seconds
[2026-04-08T11:43:49.449+0000] {processor.py:186} INFO - Started process (PID=52) to work on /opt/airflow/dags/Crawl_ETL_ITJob.py
[2026-04-08T11:43:49.452+0000] {processor.py:914} INFO - Processing file /opt/airflow/dags/Crawl_ETL_ITJob.py for tasks to queue
[2026-04-08T11:43:49.454+0000] {logging_mixin.py:190} INFO - [2026-04-08T11:43:49.454+0000] {dagbag.py:588} INFO - Filling up the DagBag from /opt/airflow/dags/Crawl_ETL_ITJob.py
[2026-04-08T11:43:49.491+0000] {processor.py:925} INFO - DAG(s) 'crawl_etl_itjob' retrieved from /opt/airflow/dags/Crawl_ETL_ITJob.py
[2026-04-08T11:43:49.553+0000] {logging_mixin.py:190} INFO - [2026-04-08T11:43:49.553+0000] {dag.py:3239} INFO - Sync 1 DAGs
[2026-04-08T11:43:49.641+0000] {processor.py:208} INFO - Processing /opt/airflow/dags/Crawl_ETL_ITJob.py took 0.200 seconds
[2026-04-08T11:44:20.004+0000] {processor.py:186} INFO - Started process (PID=56) to work on /opt/airflow/dags/Crawl_ETL_ITJob.py
[2026-04-08T11:44:20.005+0000] {processor.py:914} INFO - Processing file /opt/airflow/dags/Crawl_ETL_ITJob.py for tasks to queue
[2026-04-08T11:44:20.007+0000] {logging_mixin.py:190} INFO - [2026-04-08T11:44:20.006+0000] {dagbag.py:588} INFO - Filling up the DagBag from /opt/airflow/dags/Crawl_ETL_ITJob.py
[2026-04-08T11:44:20.041+0000] {processor.py:925} INFO - DAG(s) 'crawl_etl_itjob' retrieved from /opt/airflow/dags/Crawl_ETL_ITJob.py
[2026-04-08T11:44:20.114+0000] {logging_mixin.py:190} INFO - [2026-04-08T11:44:20.114+0000] {dag.py:3239} INFO - Sync 1 DAGs
[2026-04-08T11:44:20.223+0000] {processor.py:208} INFO - Processing /opt/airflow/dags/Crawl_ETL_ITJob.py took 0.228 seconds
[2026-04-08T11:44:52.831+0000] {processor.py:186} INFO - Started process (PID=60) to work on /opt/airflow/dags/Crawl_ETL_ITJob.py
[2026-04-08T11:44:52.832+0000] {processor.py:914} INFO - Processing file /opt/airflow/dags/Crawl_ETL_ITJob.py for tasks to queue
[2026-04-08T11:44:52.833+0000] {logging_mixin.py:190} INFO - [2026-04-08T11:44:52.833+0000] {dagbag.py:588} INFO - Filling up the DagBag from /opt/airflow/dags/Crawl_ETL_ITJob.py
[2026-04-08T11:44:52.865+0000] {processor.py:925} INFO - DAG(s) 'crawl_etl_itjob' retrieved from /opt/airflow/dags/Crawl_ETL_ITJob.py
[2026-04-08T11:44:52.933+0000] {logging_mixin.py:190} INFO - [2026-04-08T11:44:52.933+0000] {dag.py:3239} INFO - Sync 1 DAGs
[2026-04-08T11:44:53.039+0000] {processor.py:208} INFO - Processing /opt/airflow/dags/Crawl_ETL_ITJob.py took 0.216 seconds
[2026-04-08T11:45:25.895+0000] {processor.py:186} INFO - Started process (PID=64) to work on /opt/airflow/dags/Crawl_ETL_ITJob.py
[2026-04-08T11:45:25.897+0000] {processor.py:914} INFO - Processing file /opt/airflow/dags/Crawl_ETL_ITJob.py for tasks to queue
[2026-04-08T11:45:25.906+0000] {logging_mixin.py:190} INFO - [2026-04-08T11:45:25.905+0000] {dagbag.py:588} INFO - Filling up the DagBag from /opt/airflow/dags/Crawl_ETL_ITJob.py
[2026-04-08T11:45:25.970+0000] {processor.py:925} INFO - DAG(s) 'crawl_etl_itjob' retrieved from /opt/airflow/dags/Crawl_ETL_ITJob.py
[2026-04-08T11:45:26.128+0000] {logging_mixin.py:190} INFO - [2026-04-08T11:45:26.128+0000] {dag.py:3239} INFO - Sync 1 DAGs
[2026-04-08T11:45:26.263+0000] {processor.py:208} INFO - Processing /opt/airflow/dags/Crawl_ETL_ITJob.py took 0.402 seconds
[2026-04-08T11:45:58.785+0000] {processor.py:186} INFO - Started process (PID=68) to work on /opt/airflow/dags/Crawl_ETL_ITJob.py
[2026-04-08T11:45:58.786+0000] {processor.py:914} INFO - Processing file /opt/airflow/dags/Crawl_ETL_ITJob.py for tasks to queue
[2026-04-08T11:45:58.789+0000] {logging_mixin.py:190} INFO - [2026-04-08T11:45:58.788+0000] {dagbag.py:588} INFO - Filling up the DagBag from /opt/airflow/dags/Crawl_ETL_ITJob.py
[2026-04-08T11:45:58.834+0000] {processor.py:925} INFO - DAG(s) 'crawl_etl_itjob' retrieved from /opt/airflow/dags/Crawl_ETL_ITJob.py
[2026-04-08T11:45:58.910+0000] {logging_mixin.py:190} INFO - [2026-04-08T11:45:58.910+0000] {dag.py:3239} INFO - Sync 1 DAGs
[2026-04-08T11:45:59.026+0000] {processor.py:208} INFO - Processing /opt/airflow/dags/Crawl_ETL_ITJob.py took 0.253 seconds
[2026-04-08T11:46:31.016+0000] {processor.py:186} INFO - Started process (PID=72) to work on /opt/airflow/dags/Crawl_ETL_ITJob.py
[2026-04-08T11:46:31.019+0000] {processor.py:914} INFO - Processing file /opt/airflow/dags/Crawl_ETL_ITJob.py for tasks to queue
[2026-04-08T11:46:31.021+0000] {logging_mixin.py:190} INFO - [2026-04-08T11:46:31.021+0000] {dagbag.py:588} INFO - Filling up the DagBag from /opt/airflow/dags/Crawl_ETL_ITJob.py
[2026-04-08T11:46:31.050+0000] {processor.py:925} INFO - DAG(s) 'crawl_etl_itjob' retrieved from /opt/airflow/dags/Crawl_ETL_ITJob.py
[2026-04-08T11:46:31.111+0000] {logging_mixin.py:190} INFO - [2026-04-08T11:46:31.111+0000] {dag.py:3239} INFO - Sync 1 DAGs
[2026-04-08T11:46:31.235+0000] {processor.py:208} INFO - Processing /opt/airflow/dags/Crawl_ETL_ITJob.py took 0.228 seconds
[2026-04-08T11:47:03.760+0000] {processor.py:186} INFO - Started process (PID=76) to work on /opt/airflow/dags/Crawl_ETL_ITJob.py
[2026-04-08T11:47:03.762+0000] {processor.py:914} INFO - Processing file /opt/airflow/dags/Crawl_ETL_ITJob.py for tasks to queue
[2026-04-08T11:47:03.765+0000] {logging_mixin.py:190} INFO - [2026-04-08T11:47:03.765+0000] {dagbag.py:588} INFO - Filling up the DagBag from /opt/airflow/dags/Crawl_ETL_ITJob.py
[2026-04-08T11:47:03.810+0000] {processor.py:925} INFO - DAG(s) 'crawl_etl_itjob' retrieved from /opt/airflow/dags/Crawl_ETL_ITJob.py
[2026-04-08T11:47:03.903+0000] {logging_mixin.py:190} INFO - [2026-04-08T11:47:03.903+0000] {dag.py:3239} INFO - Sync 1 DAGs
[2026-04-08T11:47:04.041+0000] {processor.py:208} INFO - Processing /opt/airflow/dags/Crawl_ETL_ITJob.py took 0.291 seconds
[2026-04-08T11:47:36.644+0000] {processor.py:186} INFO - Started process (PID=80) to work on /opt/airflow/dags/Crawl_ETL_ITJob.py
[2026-04-08T11:47:36.646+0000] {processor.py:914} INFO - Processing file /opt/airflow/dags/Crawl_ETL_ITJob.py for tasks to queue
[2026-04-08T11:47:36.652+0000] {logging_mixin.py:190} INFO - [2026-04-08T11:47:36.651+0000] {dagbag.py:588} INFO - Filling up the DagBag from /opt/airflow/dags/Crawl_ETL_ITJob.py
[2026-04-08T11:47:36.725+0000] {processor.py:925} INFO - DAG(s) 'crawl_etl_itjob' retrieved from /opt/airflow/dags/Crawl_ETL_ITJob.py
[2026-04-08T11:47:36.846+0000] {logging_mixin.py:190} INFO - [2026-04-08T11:47:36.846+0000] {dag.py:3239} INFO - Sync 1 DAGs
[2026-04-08T11:47:37.011+0000] {processor.py:208} INFO - Processing /opt/airflow/dags/Crawl_ETL_ITJob.py took 0.389 seconds
[2026-04-08T11:48:09.243+0000] {processor.py:186} INFO - Started process (PID=84) to work on /opt/airflow/dags/Crawl_ETL_ITJob.py
[2026-04-08T11:48:09.244+0000] {processor.py:914} INFO - Processing file /opt/airflow/dags/Crawl_ETL_ITJob.py for tasks to queue
[2026-04-08T11:48:09.247+0000] {logging_mixin.py:190} INFO - [2026-04-08T11:48:09.246+0000] {dagbag.py:588} INFO - Filling up the DagBag from /opt/airflow/dags/Crawl_ETL_ITJob.py
[2026-04-08T11:48:09.289+0000] {processor.py:925} INFO - DAG(s) 'crawl_etl_itjob' retrieved from /opt/airflow/dags/Crawl_ETL_ITJob.py
[2026-04-08T11:48:09.357+0000] {logging_mixin.py:190} INFO - [2026-04-08T11:48:09.357+0000] {dag.py:3239} INFO - Sync 1 DAGs
[2026-04-08T11:48:09.466+0000] {processor.py:208} INFO - Processing /opt/airflow/dags/Crawl_ETL_ITJob.py took 0.233 seconds
[2026-04-08T11:48:42.000+0000] {processor.py:186} INFO - Started process (PID=88) to work on /opt/airflow/dags/Crawl_ETL_ITJob.py
[2026-04-08T11:48:42.001+0000] {processor.py:914} INFO - Processing file /opt/airflow/dags/Crawl_ETL_ITJob.py for tasks to queue
[2026-04-08T11:48:42.003+0000] {logging_mixin.py:190} INFO - [2026-04-08T11:48:42.002+0000] {dagbag.py:588} INFO - Filling up the DagBag from /opt/airflow/dags/Crawl_ETL_ITJob.py
[2026-04-08T11:48:42.046+0000] {processor.py:925} INFO - DAG(s) 'crawl_etl_itjob' retrieved from /opt/airflow/dags/Crawl_ETL_ITJob.py
[2026-04-08T11:48:42.121+0000] {logging_mixin.py:190} INFO - [2026-04-08T11:48:42.121+0000] {dag.py:3239} INFO - Sync 1 DAGs
[2026-04-08T11:48:42.287+0000] {processor.py:208} INFO - Processing /opt/airflow/dags/Crawl_ETL_ITJob.py took 0.298 seconds
[2026-04-08T11:49:14.660+0000] {processor.py:186} INFO - Started process (PID=92) to work on /opt/airflow/dags/Crawl_ETL_ITJob.py
[2026-04-08T11:49:14.663+0000] {processor.py:914} INFO - Processing file /opt/airflow/dags/Crawl_ETL_ITJob.py for tasks to queue
[2026-04-08T11:49:14.667+0000] {logging_mixin.py:190} INFO - [2026-04-08T11:49:14.666+0000] {dagbag.py:588} INFO - Filling up the DagBag from /opt/airflow/dags/Crawl_ETL_ITJob.py
[2026-04-08T11:49:14.743+0000] {processor.py:925} INFO - DAG(s) 'crawl_etl_itjob' retrieved from /opt/airflow/dags/Crawl_ETL_ITJob.py
[2026-04-08T11:49:14.853+0000] {logging_mixin.py:190} INFO - [2026-04-08T11:49:14.853+0000] {dag.py:3239} INFO - Sync 1 DAGs
[2026-04-08T11:49:15.015+0000] {processor.py:208} INFO - Processing /opt/airflow/dags/Crawl_ETL_ITJob.py took 0.373 seconds
[2026-04-08T11:49:47.655+0000] {processor.py:186} INFO - Started process (PID=96) to work on /opt/airflow/dags/Crawl_ETL_ITJob.py
[2026-04-08T11:49:47.657+0000] {processor.py:914} INFO - Processing file /opt/airflow/dags/Crawl_ETL_ITJob.py for tasks to queue
[2026-04-08T11:49:47.660+0000] {logging_mixin.py:190} INFO - [2026-04-08T11:49:47.659+0000] {dagbag.py:588} INFO - Filling up the DagBag from /opt/airflow/dags/Crawl_ETL_ITJob.py
[2026-04-08T11:49:47.716+0000] {processor.py:925} INFO - DAG(s) 'crawl_etl_itjob' retrieved from /opt/airflow/dags/Crawl_ETL_ITJob.py
[2026-04-08T11:49:47.834+0000] {logging_mixin.py:190} INFO - [2026-04-08T11:49:47.833+0000] {dag.py:3239} INFO - Sync 1 DAGs
[2026-04-08T11:49:48.116+0000] {processor.py:208} INFO - Processing /opt/airflow/dags/Crawl_ETL_ITJob.py took 0.490 seconds
[2026-04-08T11:50:20.182+0000] {processor.py:186} INFO - Started process (PID=100) to work on /opt/airflow/dags/Crawl_ETL_ITJob.py
[2026-04-08T11:50:20.184+0000] {processor.py:914} INFO - Processing file /opt/airflow/dags/Crawl_ETL_ITJob.py for tasks to queue
[2026-04-08T11:50:20.187+0000] {logging_mixin.py:190} INFO - [2026-04-08T11:50:20.187+0000] {dagbag.py:588} INFO - Filling up the DagBag from /opt/airflow/dags/Crawl_ETL_ITJob.py
[2026-04-08T11:50:20.315+0000] {processor.py:925} INFO - DAG(s) 'crawl_etl_itjob' retrieved from /opt/airflow/dags/Crawl_ETL_ITJob.py
[2026-04-08T11:50:20.454+0000] {logging_mixin.py:190} INFO - [2026-04-08T11:50:20.454+0000] {dag.py:3239} INFO - Sync 1 DAGs
[2026-04-08T11:50:20.605+0000] {processor.py:208} INFO - Processing /opt/airflow/dags/Crawl_ETL_ITJob.py took 0.440 seconds
[2026-04-08T11:50:53.419+0000] {processor.py:186} INFO - Started process (PID=104) to work on /opt/airflow/dags/Crawl_ETL_ITJob.py
[2026-04-08T11:50:53.422+0000] {processor.py:914} INFO - Processing file /opt/airflow/dags/Crawl_ETL_ITJob.py for tasks to queue
[2026-04-08T11:50:53.431+0000] {logging_mixin.py:190} INFO - [2026-04-08T11:50:53.430+0000] {dagbag.py:588} INFO - Filling up the DagBag from /opt/airflow/dags/Crawl_ETL_ITJob.py
[2026-04-08T11:50:53.586+0000] {processor.py:925} INFO - DAG(s) 'crawl_etl_itjob' retrieved from /opt/airflow/dags/Crawl_ETL_ITJob.py
[2026-04-08T11:50:53.797+0000] {logging_mixin.py:190} INFO - [2026-04-08T11:50:53.797+0000] {dag.py:3239} INFO - Sync 1 DAGs
[2026-04-08T11:50:54.073+0000] {processor.py:208} INFO - Processing /opt/airflow/dags/Crawl_ETL_ITJob.py took 0.673 seconds
[2026-04-08T11:51:26.006+0000] {processor.py:186} INFO - Started process (PID=108) to work on /opt/airflow/dags/Crawl_ETL_ITJob.py
[2026-04-08T11:51:26.021+0000] {processor.py:914} INFO - Processing file /opt/airflow/dags/Crawl_ETL_ITJob.py for tasks to queue
[2026-04-08T11:51:26.030+0000] {logging_mixin.py:190} INFO - [2026-04-08T11:51:26.030+0000] {dagbag.py:588} INFO - Filling up the DagBag from /opt/airflow/dags/Crawl_ETL_ITJob.py
[2026-04-08T11:51:26.361+0000] {processor.py:925} INFO - DAG(s) 'crawl_etl_itjob' retrieved from /opt/airflow/dags/Crawl_ETL_ITJob.py
[2026-04-08T11:51:26.639+0000] {logging_mixin.py:190} INFO - [2026-04-08T11:51:26.638+0000] {dag.py:3239} INFO - Sync 1 DAGs
[2026-04-08T11:51:26.910+0000] {processor.py:208} INFO - Processing /opt/airflow/dags/Crawl_ETL_ITJob.py took 0.939 seconds
[2026-04-08T11:51:58.644+0000] {processor.py:186} INFO - Started process (PID=112) to work on /opt/airflow/dags/Crawl_ETL_ITJob.py
[2026-04-08T11:51:58.645+0000] {processor.py:914} INFO - Processing file /opt/airflow/dags/Crawl_ETL_ITJob.py for tasks to queue
[2026-04-08T11:51:58.648+0000] {logging_mixin.py:190} INFO - [2026-04-08T11:51:58.648+0000] {dagbag.py:588} INFO - Filling up the DagBag from /opt/airflow/dags/Crawl_ETL_ITJob.py
[2026-04-08T11:51:58.719+0000] {processor.py:925} INFO - DAG(s) 'crawl_etl_itjob' retrieved from /opt/airflow/dags/Crawl_ETL_ITJob.py
[2026-04-08T11:51:58.918+0000] {logging_mixin.py:190} INFO - [2026-04-08T11:51:58.917+0000] {dag.py:3239} INFO - Sync 1 DAGs
[2026-04-08T11:51:59.207+0000] {processor.py:208} INFO - Processing /opt/airflow/dags/Crawl_ETL_ITJob.py took 0.582 seconds
[2026-04-08T11:52:31.589+0000] {processor.py:186} INFO - Started process (PID=116) to work on /opt/airflow/dags/Crawl_ETL_ITJob.py
[2026-04-08T11:52:31.592+0000] {processor.py:914} INFO - Processing file /opt/airflow/dags/Crawl_ETL_ITJob.py for tasks to queue
[2026-04-08T11:52:31.594+0000] {logging_mixin.py:190} INFO - [2026-04-08T11:52:31.593+0000] {dagbag.py:588} INFO - Filling up the DagBag from /opt/airflow/dags/Crawl_ETL_ITJob.py
[2026-04-08T11:52:31.625+0000] {processor.py:925} INFO - DAG(s) 'crawl_etl_itjob' retrieved from /opt/airflow/dags/Crawl_ETL_ITJob.py
[2026-04-08T11:52:31.732+0000] {logging_mixin.py:190} INFO - [2026-04-08T11:52:31.732+0000] {dag.py:3239} INFO - Sync 1 DAGs
[2026-04-08T11:52:31.845+0000] {processor.py:208} INFO - Processing /opt/airflow/dags/Crawl_ETL_ITJob.py took 0.266 seconds
[2026-04-08T11:53:04.279+0000] {processor.py:186} INFO - Started process (PID=120) to work on /opt/airflow/dags/Crawl_ETL_ITJob.py
[2026-04-08T11:53:04.285+0000] {processor.py:914} INFO - Processing file /opt/airflow/dags/Crawl_ETL_ITJob.py for tasks to queue
[2026-04-08T11:53:04.287+0000] {logging_mixin.py:190} INFO - [2026-04-08T11:53:04.286+0000] {dagbag.py:588} INFO - Filling up the DagBag from /opt/airflow/dags/Crawl_ETL_ITJob.py
[2026-04-08T11:53:04.311+0000] {processor.py:925} INFO - DAG(s) 'crawl_etl_itjob' retrieved from /opt/airflow/dags/Crawl_ETL_ITJob.py
[2026-04-08T11:53:04.399+0000] {logging_mixin.py:190} INFO - [2026-04-08T11:53:04.399+0000] {dag.py:3239} INFO - Sync 1 DAGs
[2026-04-08T11:53:04.520+0000] {processor.py:208} INFO - Processing /opt/airflow/dags/Crawl_ETL_ITJob.py took 0.249 seconds
[2026-04-08T11:53:36.872+0000] {processor.py:186} INFO - Started process (PID=124) to work on /opt/airflow/dags/Crawl_ETL_ITJob.py
[2026-04-08T11:53:36.873+0000] {processor.py:914} INFO - Processing file /opt/airflow/dags/Crawl_ETL_ITJob.py for tasks to queue
[2026-04-08T11:53:36.881+0000] {logging_mixin.py:190} INFO - [2026-04-08T11:53:36.881+0000] {dagbag.py:588} INFO - Filling up the DagBag from /opt/airflow/dags/Crawl_ETL_ITJob.py
[2026-04-08T11:53:36.907+0000] {processor.py:925} INFO - DAG(s) 'crawl_etl_itjob' retrieved from /opt/airflow/dags/Crawl_ETL_ITJob.py
[2026-04-08T11:53:36.970+0000] {logging_mixin.py:190} INFO - [2026-04-08T11:53:36.970+0000] {dag.py:3239} INFO - Sync 1 DAGs
[2026-04-08T11:53:37.074+0000] {processor.py:208} INFO - Processing /opt/airflow/dags/Crawl_ETL_ITJob.py took 0.209 seconds
[2026-04-08T11:54:09.310+0000] {processor.py:186} INFO - Started process (PID=128) to work on /opt/airflow/dags/Crawl_ETL_ITJob.py
[2026-04-08T11:54:09.311+0000] {processor.py:914} INFO - Processing file /opt/airflow/dags/Crawl_ETL_ITJob.py for tasks to queue
[2026-04-08T11:54:09.314+0000] {logging_mixin.py:190} INFO - [2026-04-08T11:54:09.313+0000] {dagbag.py:588} INFO - Filling up the DagBag from /opt/airflow/dags/Crawl_ETL_ITJob.py
[2026-04-08T11:54:09.344+0000] {processor.py:925} INFO - DAG(s) 'crawl_etl_itjob' retrieved from /opt/airflow/dags/Crawl_ETL_ITJob.py
[2026-04-08T11:54:09.403+0000] {logging_mixin.py:190} INFO - [2026-04-08T11:54:09.403+0000] {dag.py:3239} INFO - Sync 1 DAGs
[2026-04-08T11:54:09.486+0000] {processor.py:208} INFO - Processing /opt/airflow/dags/Crawl_ETL_ITJob.py took 0.186 seconds
[2026-04-08T11:54:41.923+0000] {processor.py:186} INFO - Started process (PID=132) to work on /opt/airflow/dags/Crawl_ETL_ITJob.py
[2026-04-08T11:54:41.925+0000] {processor.py:914} INFO - Processing file /opt/airflow/dags/Crawl_ETL_ITJob.py for tasks to queue
[2026-04-08T11:54:41.929+0000] {logging_mixin.py:190} INFO - [2026-04-08T11:54:41.929+0000] {dagbag.py:588} INFO - Filling up the DagBag from /opt/airflow/dags/Crawl_ETL_ITJob.py
[2026-04-08T11:54:41.962+0000] {processor.py:925} INFO - DAG(s) 'crawl_etl_itjob' retrieved from /opt/airflow/dags/Crawl_ETL_ITJob.py
[2026-04-08T11:54:42.023+0000] {logging_mixin.py:190} INFO - [2026-04-08T11:54:42.023+0000] {dag.py:3239} INFO - Sync 1 DAGs
[2026-04-08T11:54:42.116+0000] {processor.py:208} INFO - Processing /opt/airflow/dags/Crawl_ETL_ITJob.py took 0.219 seconds
[2026-04-08T11:55:14.575+0000] {processor.py:186} INFO - Started process (PID=136) to work on /opt/airflow/dags/Crawl_ETL_ITJob.py
[2026-04-08T11:55:14.576+0000] {processor.py:914} INFO - Processing file /opt/airflow/dags/Crawl_ETL_ITJob.py for tasks to queue
[2026-04-08T11:55:14.578+0000] {logging_mixin.py:190} INFO - [2026-04-08T11:55:14.578+0000] {dagbag.py:588} INFO - Filling up the DagBag from /opt/airflow/dags/Crawl_ETL_ITJob.py
[2026-04-08T11:55:14.602+0000] {processor.py:925} INFO - DAG(s) 'crawl_etl_itjob' retrieved from /opt/airflow/dags/Crawl_ETL_ITJob.py
[2026-04-08T11:55:14.653+0000] {logging_mixin.py:190} INFO - [2026-04-08T11:55:14.653+0000] {dag.py:3239} INFO - Sync 1 DAGs
[2026-04-08T11:55:14.735+0000] {processor.py:208} INFO - Processing /opt/airflow/dags/Crawl_ETL_ITJob.py took 0.169 seconds
[2026-04-08T11:55:45.101+0000] {processor.py:186} INFO - Started process (PID=140) to work on /opt/airflow/dags/Crawl_ETL_ITJob.py
[2026-04-08T11:55:45.103+0000] {processor.py:914} INFO - Processing file /opt/airflow/dags/Crawl_ETL_ITJob.py for tasks to queue
[2026-04-08T11:55:45.105+0000] {logging_mixin.py:190} INFO - [2026-04-08T11:55:45.105+0000] {dagbag.py:588} INFO - Filling up the DagBag from /opt/airflow/dags/Crawl_ETL_ITJob.py
[2026-04-08T11:55:45.138+0000] {processor.py:925} INFO - DAG(s) 'crawl_etl_itjob' retrieved from /opt/airflow/dags/Crawl_ETL_ITJob.py
[2026-04-08T11:55:45.207+0000] {logging_mixin.py:190} INFO - [2026-04-08T11:55:45.207+0000] {dag.py:3239} INFO - Sync 1 DAGs
[2026-04-08T11:55:45.288+0000] {processor.py:208} INFO - Processing /opt/airflow/dags/Crawl_ETL_ITJob.py took 0.199 seconds
[2026-04-08T11:56:16.007+0000] {processor.py:186} INFO - Started process (PID=144) to work on /opt/airflow/dags/Crawl_ETL_ITJob.py
[2026-04-08T11:56:16.008+0000] {processor.py:914} INFO - Processing file /opt/airflow/dags/Crawl_ETL_ITJob.py for tasks to queue
[2026-04-08T11:56:16.011+0000] {logging_mixin.py:190} INFO - [2026-04-08T11:56:16.010+0000] {dagbag.py:588} INFO - Filling up the DagBag from /opt/airflow/dags/Crawl_ETL_ITJob.py
[2026-04-08T11:56:16.042+0000] {processor.py:925} INFO - DAG(s) 'crawl_etl_itjob' retrieved from /opt/airflow/dags/Crawl_ETL_ITJob.py
[2026-04-08T11:56:16.119+0000] {logging_mixin.py:190} INFO - [2026-04-08T11:56:16.118+0000] {dag.py:3239} INFO - Sync 1 DAGs
[2026-04-08T11:56:16.311+0000] {processor.py:208} INFO - Processing /opt/airflow/dags/Crawl_ETL_ITJob.py took 0.314 seconds
[2026-04-08T11:56:46.793+0000] {processor.py:186} INFO - Started process (PID=148) to work on /opt/airflow/dags/Crawl_ETL_ITJob.py
[2026-04-08T11:56:46.794+0000] {processor.py:914} INFO - Processing file /opt/airflow/dags/Crawl_ETL_ITJob.py for tasks to queue
[2026-04-08T11:56:46.797+0000] {logging_mixin.py:190} INFO - [2026-04-08T11:56:46.797+0000] {dagbag.py:588} INFO - Filling up the DagBag from /opt/airflow/dags/Crawl_ETL_ITJob.py
[2026-04-08T11:56:46.842+0000] {processor.py:925} INFO - DAG(s) 'crawl_etl_itjob' retrieved from /opt/airflow/dags/Crawl_ETL_ITJob.py
[2026-04-08T11:56:46.938+0000] {logging_mixin.py:190} INFO - [2026-04-08T11:56:46.938+0000] {dag.py:3239} INFO - Sync 1 DAGs
[2026-04-08T11:56:47.063+0000] {processor.py:208} INFO - Processing /opt/airflow/dags/Crawl_ETL_ITJob.py took 0.280 seconds
[2026-04-08T11:57:17.341+0000] {processor.py:186} INFO - Started process (PID=152) to work on /opt/airflow/dags/Crawl_ETL_ITJob.py
[2026-04-08T11:57:17.342+0000] {processor.py:914} INFO - Processing file /opt/airflow/dags/Crawl_ETL_ITJob.py for tasks to queue
[2026-04-08T11:57:17.343+0000] {logging_mixin.py:190} INFO - [2026-04-08T11:57:17.343+0000] {dagbag.py:588} INFO - Filling up the DagBag from /opt/airflow/dags/Crawl_ETL_ITJob.py
[2026-04-08T11:57:17.368+0000] {processor.py:925} INFO - DAG(s) 'crawl_etl_itjob' retrieved from /opt/airflow/dags/Crawl_ETL_ITJob.py
[2026-04-08T11:57:17.421+0000] {logging_mixin.py:190} INFO - [2026-04-08T11:57:17.421+0000] {dag.py:3239} INFO - Sync 1 DAGs
[2026-04-08T11:57:17.523+0000] {processor.py:208} INFO - Processing /opt/airflow/dags/Crawl_ETL_ITJob.py took 0.190 seconds
[2026-04-08T11:57:47.748+0000] {processor.py:186} INFO - Started process (PID=156) to work on /opt/airflow/dags/Crawl_ETL_ITJob.py
[2026-04-08T11:57:47.751+0000] {processor.py:914} INFO - Processing file /opt/airflow/dags/Crawl_ETL_ITJob.py for tasks to queue
[2026-04-08T11:57:47.753+0000] {logging_mixin.py:190} INFO - [2026-04-08T11:57:47.753+0000] {dagbag.py:588} INFO - Filling up the DagBag from /opt/airflow/dags/Crawl_ETL_ITJob.py
[2026-04-08T11:57:47.781+0000] {processor.py:925} INFO - DAG(s) 'crawl_etl_itjob' retrieved from /opt/airflow/dags/Crawl_ETL_ITJob.py
[2026-04-08T11:57:47.835+0000] {logging_mixin.py:190} INFO - [2026-04-08T11:57:47.835+0000] {dag.py:3239} INFO - Sync 1 DAGs
[2026-04-08T11:57:47.939+0000] {processor.py:208} INFO - Processing /opt/airflow/dags/Crawl_ETL_ITJob.py took 0.202 seconds
[2026-04-08T11:58:18.183+0000] {processor.py:186} INFO - Started process (PID=160) to work on /opt/airflow/dags/Crawl_ETL_ITJob.py
[2026-04-08T11:58:18.184+0000] {processor.py:914} INFO - Processing file /opt/airflow/dags/Crawl_ETL_ITJob.py for tasks to queue
[2026-04-08T11:58:18.186+0000] {logging_mixin.py:190} INFO - [2026-04-08T11:58:18.185+0000] {dagbag.py:588} INFO - Filling up the DagBag from /opt/airflow/dags/Crawl_ETL_ITJob.py
[2026-04-08T11:58:18.215+0000] {processor.py:925} INFO - DAG(s) 'crawl_etl_itjob' retrieved from /opt/airflow/dags/Crawl_ETL_ITJob.py
[2026-04-08T11:58:18.290+0000] {logging_mixin.py:190} INFO - [2026-04-08T11:58:18.290+0000] {dag.py:3239} INFO - Sync 1 DAGs
[2026-04-08T11:58:18.419+0000] {processor.py:208} INFO - Processing /opt/airflow/dags/Crawl_ETL_ITJob.py took 0.244 seconds
[2026-04-08T11:58:48.816+0000] {processor.py:186} INFO - Started process (PID=164) to work on /opt/airflow/dags/Crawl_ETL_ITJob.py
[2026-04-08T11:58:48.818+0000] {processor.py:914} INFO - Processing file /opt/airflow/dags/Crawl_ETL_ITJob.py for tasks to queue
[2026-04-08T11:58:48.821+0000] {logging_mixin.py:190} INFO - [2026-04-08T11:58:48.820+0000] {dagbag.py:588} INFO - Filling up the DagBag from /opt/airflow/dags/Crawl_ETL_ITJob.py
[2026-04-08T11:58:48.856+0000] {processor.py:925} INFO - DAG(s) 'crawl_etl_itjob' retrieved from /opt/airflow/dags/Crawl_ETL_ITJob.py
[2026-04-08T11:58:48.920+0000] {logging_mixin.py:190} INFO - [2026-04-08T11:58:48.920+0000] {dag.py:3239} INFO - Sync 1 DAGs
[2026-04-08T11:58:49.011+0000] {processor.py:208} INFO - Processing /opt/airflow/dags/Crawl_ETL_ITJob.py took 0.213 seconds
[2026-04-08T11:59:19.199+0000] {processor.py:186} INFO - Started process (PID=168) to work on /opt/airflow/dags/Crawl_ETL_ITJob.py
[2026-04-08T11:59:19.200+0000] {processor.py:914} INFO - Processing file /opt/airflow/dags/Crawl_ETL_ITJob.py for tasks to queue
[2026-04-08T11:59:19.204+0000] {logging_mixin.py:190} INFO - [2026-04-08T11:59:19.204+0000] {dagbag.py:588} INFO - Filling up the DagBag from /opt/airflow/dags/Crawl_ETL_ITJob.py
[2026-04-08T11:59:19.237+0000] {processor.py:925} INFO - DAG(s) 'crawl_etl_itjob' retrieved from /opt/airflow/dags/Crawl_ETL_ITJob.py
[2026-04-08T11:59:19.311+0000] {logging_mixin.py:190} INFO - [2026-04-08T11:59:19.311+0000] {dag.py:3239} INFO - Sync 1 DAGs
[2026-04-08T11:59:19.396+0000] {processor.py:208} INFO - Processing /opt/airflow/dags/Crawl_ETL_ITJob.py took 0.205 seconds
[2026-04-08T11:59:49.626+0000] {processor.py:186} INFO - Started process (PID=172) to work on /opt/airflow/dags/Crawl_ETL_ITJob.py
[2026-04-08T11:59:49.627+0000] {processor.py:914} INFO - Processing file /opt/airflow/dags/Crawl_ETL_ITJob.py for tasks to queue
[2026-04-08T11:59:49.630+0000] {logging_mixin.py:190} INFO - [2026-04-08T11:59:49.629+0000] {dagbag.py:588} INFO - Filling up the DagBag from /opt/airflow/dags/Crawl_ETL_ITJob.py
[2026-04-08T11:59:49.662+0000] {processor.py:925} INFO - DAG(s) 'crawl_etl_itjob' retrieved from /opt/airflow/dags/Crawl_ETL_ITJob.py
[2026-04-08T11:59:49.721+0000] {logging_mixin.py:190} INFO - [2026-04-08T11:59:49.721+0000] {dag.py:3239} INFO - Sync 1 DAGs
[2026-04-08T11:59:49.806+0000] {processor.py:208} INFO - Processing /opt/airflow/dags/Crawl_ETL_ITJob.py took 0.192 seconds
[2026-04-08T12:00:20.030+0000] {processor.py:186} INFO - Started process (PID=176) to work on /opt/airflow/dags/Crawl_ETL_ITJob.py
[2026-04-08T12:00:20.031+0000] {processor.py:914} INFO - Processing file /opt/airflow/dags/Crawl_ETL_ITJob.py for tasks to queue
[2026-04-08T12:00:20.032+0000] {logging_mixin.py:190} INFO - [2026-04-08T12:00:20.032+0000] {dagbag.py:588} INFO - Filling up the DagBag from /opt/airflow/dags/Crawl_ETL_ITJob.py
[2026-04-08T12:00:20.052+0000] {processor.py:925} INFO - DAG(s) 'crawl_etl_itjob' retrieved from /opt/airflow/dags/Crawl_ETL_ITJob.py
[2026-04-08T12:00:20.101+0000] {logging_mixin.py:190} INFO - [2026-04-08T12:00:20.101+0000] {dag.py:3239} INFO - Sync 1 DAGs
[2026-04-08T12:00:20.188+0000] {processor.py:208} INFO - Processing /opt/airflow/dags/Crawl_ETL_ITJob.py took 0.165 seconds
[2026-04-08T12:00:50.426+0000] {processor.py:186} INFO - Started process (PID=180) to work on /opt/airflow/dags/Crawl_ETL_ITJob.py
[2026-04-08T12:00:50.427+0000] {processor.py:914} INFO - Processing file /opt/airflow/dags/Crawl_ETL_ITJob.py for tasks to queue
[2026-04-08T12:00:50.428+0000] {logging_mixin.py:190} INFO - [2026-04-08T12:00:50.428+0000] {dagbag.py:588} INFO - Filling up the DagBag from /opt/airflow/dags/Crawl_ETL_ITJob.py
[2026-04-08T12:00:50.453+0000] {processor.py:925} INFO - DAG(s) 'crawl_etl_itjob' retrieved from /opt/airflow/dags/Crawl_ETL_ITJob.py
[2026-04-08T12:00:50.505+0000] {logging_mixin.py:190} INFO - [2026-04-08T12:00:50.504+0000] {dag.py:3239} INFO - Sync 1 DAGs
[2026-04-08T12:00:50.579+0000] {processor.py:208} INFO - Processing /opt/airflow/dags/Crawl_ETL_ITJob.py took 0.160 seconds
[2026-04-08T12:01:20.829+0000] {processor.py:186} INFO - Started process (PID=184) to work on /opt/airflow/dags/Crawl_ETL_ITJob.py
[2026-04-08T12:01:20.830+0000] {processor.py:914} INFO - Processing file /opt/airflow/dags/Crawl_ETL_ITJob.py for tasks to queue
[2026-04-08T12:01:20.831+0000] {logging_mixin.py:190} INFO - [2026-04-08T12:01:20.831+0000] {dagbag.py:588} INFO - Filling up the DagBag from /opt/airflow/dags/Crawl_ETL_ITJob.py
[2026-04-08T12:01:20.851+0000] {processor.py:925} INFO - DAG(s) 'crawl_etl_itjob' retrieved from /opt/airflow/dags/Crawl_ETL_ITJob.py
[2026-04-08T12:01:20.906+0000] {logging_mixin.py:190} INFO - [2026-04-08T12:01:20.905+0000] {dag.py:3239} INFO - Sync 1 DAGs
[2026-04-08T12:01:21.007+0000] {processor.py:208} INFO - Processing /opt/airflow/dags/Crawl_ETL_ITJob.py took 0.185 seconds
[2026-04-08T12:01:51.621+0000] {processor.py:186} INFO - Started process (PID=188) to work on /opt/airflow/dags/Crawl_ETL_ITJob.py
[2026-04-08T12:01:51.622+0000] {processor.py:914} INFO - Processing file /opt/airflow/dags/Crawl_ETL_ITJob.py for tasks to queue
[2026-04-08T12:01:51.623+0000] {logging_mixin.py:190} INFO - [2026-04-08T12:01:51.623+0000] {dagbag.py:588} INFO - Filling up the DagBag from /opt/airflow/dags/Crawl_ETL_ITJob.py
[2026-04-08T12:01:51.648+0000] {processor.py:925} INFO - DAG(s) 'crawl_etl_itjob' retrieved from /opt/airflow/dags/Crawl_ETL_ITJob.py
[2026-04-08T12:01:51.714+0000] {logging_mixin.py:190} INFO - [2026-04-08T12:01:51.714+0000] {dag.py:3239} INFO - Sync 1 DAGs
[2026-04-08T12:01:51.798+0000] {processor.py:208} INFO - Processing /opt/airflow/dags/Crawl_ETL_ITJob.py took 0.184 seconds
[2026-04-08T12:02:22.006+0000] {processor.py:186} INFO - Started process (PID=192) to work on /opt/airflow/dags/Crawl_ETL_ITJob.py
[2026-04-08T12:02:22.006+0000] {processor.py:914} INFO - Processing file /opt/airflow/dags/Crawl_ETL_ITJob.py for tasks to queue
[2026-04-08T12:02:22.008+0000] {logging_mixin.py:190} INFO - [2026-04-08T12:02:22.008+0000] {dagbag.py:588} INFO - Filling up the DagBag from /opt/airflow/dags/Crawl_ETL_ITJob.py
[2026-04-08T12:02:22.034+0000] {processor.py:925} INFO - DAG(s) 'crawl_etl_itjob' retrieved from /opt/airflow/dags/Crawl_ETL_ITJob.py
[2026-04-08T12:02:22.090+0000] {logging_mixin.py:190} INFO - [2026-04-08T12:02:22.090+0000] {dag.py:3239} INFO - Sync 1 DAGs
[2026-04-08T12:02:22.207+0000] {processor.py:208} INFO - Processing /opt/airflow/dags/Crawl_ETL_ITJob.py took 0.208 seconds
[2026-04-08T12:02:52.511+0000] {processor.py:186} INFO - Started process (PID=196) to work on /opt/airflow/dags/Crawl_ETL_ITJob.py
[2026-04-08T12:02:52.512+0000] {processor.py:914} INFO - Processing file /opt/airflow/dags/Crawl_ETL_ITJob.py for tasks to queue
[2026-04-08T12:02:52.514+0000] {logging_mixin.py:190} INFO - [2026-04-08T12:02:52.514+0000] {dagbag.py:588} INFO - Filling up the DagBag from /opt/airflow/dags/Crawl_ETL_ITJob.py
[2026-04-08T12:02:52.542+0000] {processor.py:925} INFO - DAG(s) 'crawl_etl_itjob' retrieved from /opt/airflow/dags/Crawl_ETL_ITJob.py
[2026-04-08T12:02:52.600+0000] {logging_mixin.py:190} INFO - [2026-04-08T12:02:52.599+0000] {dag.py:3239} INFO - Sync 1 DAGs
[2026-04-08T12:02:52.676+0000] {processor.py:208} INFO - Processing /opt/airflow/dags/Crawl_ETL_ITJob.py took 0.174 seconds
[2026-04-08T12:03:25.204+0000] {processor.py:186} INFO - Started process (PID=200) to work on /opt/airflow/dags/Crawl_ETL_ITJob.py
[2026-04-08T12:03:25.206+0000] {processor.py:914} INFO - Processing file /opt/airflow/dags/Crawl_ETL_ITJob.py for tasks to queue
[2026-04-08T12:03:25.214+0000] {logging_mixin.py:190} INFO - [2026-04-08T12:03:25.214+0000] {dagbag.py:588} INFO - Filling up the DagBag from /opt/airflow/dags/Crawl_ETL_ITJob.py
[2026-04-08T12:03:25.269+0000] {processor.py:925} INFO - DAG(s) 'crawl_etl_itjob' retrieved from /opt/airflow/dags/Crawl_ETL_ITJob.py
[2026-04-08T12:03:25.353+0000] {logging_mixin.py:190} INFO - [2026-04-08T12:03:25.352+0000] {dag.py:3239} INFO - Sync 1 DAGs
[2026-04-08T12:03:25.406+0000] {logging_mixin.py:190} INFO - [2026-04-08T12:03:25.405+0000] {dag.py:4180} INFO - Setting next_dagrun for crawl_etl_itjob to 2026-04-08T02:00:00+00:00, run_after=2026-04-09T02:00:00+00:00
[2026-04-08T12:03:25.487+0000] {processor.py:208} INFO - Processing /opt/airflow/dags/Crawl_ETL_ITJob.py took 0.298 seconds
[2026-04-08T12:03:57.926+0000] {processor.py:186} INFO - Started process (PID=204) to work on /opt/airflow/dags/Crawl_ETL_ITJob.py
[2026-04-08T12:03:57.928+0000] {processor.py:914} INFO - Processing file /opt/airflow/dags/Crawl_ETL_ITJob.py for tasks to queue
[2026-04-08T12:03:57.929+0000] {logging_mixin.py:190} INFO - [2026-04-08T12:03:57.929+0000] {dagbag.py:588} INFO - Filling up the DagBag from /opt/airflow/dags/Crawl_ETL_ITJob.py
[2026-04-08T12:03:57.959+0000] {processor.py:925} INFO - DAG(s) 'crawl_etl_itjob' retrieved from /opt/airflow/dags/Crawl_ETL_ITJob.py
[2026-04-08T12:03:58.006+0000] {logging_mixin.py:190} INFO - [2026-04-08T12:03:58.006+0000] {dag.py:3239} INFO - Sync 1 DAGs
[2026-04-08T12:03:58.046+0000] {logging_mixin.py:190} INFO - [2026-04-08T12:03:58.046+0000] {dag.py:4180} INFO - Setting next_dagrun for crawl_etl_itjob to 2026-04-08T02:00:00+00:00, run_after=2026-04-09T02:00:00+00:00
[2026-04-08T12:03:58.083+0000] {processor.py:208} INFO - Processing /opt/airflow/dags/Crawl_ETL_ITJob.py took 0.167 seconds
[2026-04-08T12:04:31.325+0000] {processor.py:186} INFO - Started process (PID=208) to work on /opt/airflow/dags/Crawl_ETL_ITJob.py
[2026-04-08T12:04:31.326+0000] {processor.py:914} INFO - Processing file /opt/airflow/dags/Crawl_ETL_ITJob.py for tasks to queue
[2026-04-08T12:04:31.332+0000] {logging_mixin.py:190} INFO - [2026-04-08T12:04:31.331+0000] {dagbag.py:588} INFO - Filling up the DagBag from /opt/airflow/dags/Crawl_ETL_ITJob.py
[2026-04-08T12:04:31.357+0000] {processor.py:925} INFO - DAG(s) 'crawl_etl_itjob' retrieved from /opt/airflow/dags/Crawl_ETL_ITJob.py
[2026-04-08T12:04:31.406+0000] {logging_mixin.py:190} INFO - [2026-04-08T12:04:31.406+0000] {dag.py:3239} INFO - Sync 1 DAGs
[2026-04-08T12:04:31.447+0000] {logging_mixin.py:190} INFO - [2026-04-08T12:04:31.447+0000] {dag.py:4180} INFO - Setting next_dagrun for crawl_etl_itjob to 2026-04-08T02:00:00+00:00, run_after=2026-04-09T02:00:00+00:00
[2026-04-08T12:04:31.487+0000] {processor.py:208} INFO - Processing /opt/airflow/dags/Crawl_ETL_ITJob.py took 0.172 seconds
[2026-04-08T12:05:03.784+0000] {processor.py:186} INFO - Started process (PID=212) to work on /opt/airflow/dags/Crawl_ETL_ITJob.py
[2026-04-08T12:05:03.785+0000] {processor.py:914} INFO - Processing file /opt/airflow/dags/Crawl_ETL_ITJob.py for tasks to queue
[2026-04-08T12:05:03.787+0000] {logging_mixin.py:190} INFO - [2026-04-08T12:05:03.786+0000] {dagbag.py:588} INFO - Filling up the DagBag from /opt/airflow/dags/Crawl_ETL_ITJob.py
[2026-04-08T12:05:03.817+0000] {processor.py:925} INFO - DAG(s) 'crawl_etl_itjob' retrieved from /opt/airflow/dags/Crawl_ETL_ITJob.py
[2026-04-08T12:05:03.897+0000] {logging_mixin.py:190} INFO - [2026-04-08T12:05:03.897+0000] {dag.py:3239} INFO - Sync 1 DAGs
[2026-04-08T12:05:03.988+0000] {logging_mixin.py:190} INFO - [2026-04-08T12:05:03.987+0000] {dag.py:4180} INFO - Setting next_dagrun for crawl_etl_itjob to 2026-04-08T02:00:00+00:00, run_after=2026-04-09T02:00:00+00:00
[2026-04-08T12:05:04.040+0000] {processor.py:208} INFO - Processing /opt/airflow/dags/Crawl_ETL_ITJob.py took 0.267 seconds
[2026-04-08T12:05:36.285+0000] {processor.py:186} INFO - Started process (PID=216) to work on /opt/airflow/dags/Crawl_ETL_ITJob.py
[2026-04-08T12:05:36.286+0000] {processor.py:914} INFO - Processing file /opt/airflow/dags/Crawl_ETL_ITJob.py for tasks to queue
[2026-04-08T12:05:36.287+0000] {logging_mixin.py:190} INFO - [2026-04-08T12:05:36.287+0000] {dagbag.py:588} INFO - Filling up the DagBag from /opt/airflow/dags/Crawl_ETL_ITJob.py
[2026-04-08T12:05:36.311+0000] {processor.py:925} INFO - DAG(s) 'crawl_etl_itjob' retrieved from /opt/airflow/dags/Crawl_ETL_ITJob.py
[2026-04-08T12:05:36.364+0000] {logging_mixin.py:190} INFO - [2026-04-08T12:05:36.364+0000] {dag.py:3239} INFO - Sync 1 DAGs
[2026-04-08T12:05:36.402+0000] {logging_mixin.py:190} INFO - [2026-04-08T12:05:36.402+0000] {dag.py:4180} INFO - Setting next_dagrun for crawl_etl_itjob to 2026-04-08T02:00:00+00:00, run_after=2026-04-09T02:00:00+00:00
[2026-04-08T12:05:36.441+0000] {processor.py:208} INFO - Processing /opt/airflow/dags/Crawl_ETL_ITJob.py took 0.161 seconds
[2026-04-08T12:06:08.678+0000] {processor.py:186} INFO - Started process (PID=220) to work on /opt/airflow/dags/Crawl_ETL_ITJob.py
[2026-04-08T12:06:08.679+0000] {processor.py:914} INFO - Processing file /opt/airflow/dags/Crawl_ETL_ITJob.py for tasks to queue
[2026-04-08T12:06:08.681+0000] {logging_mixin.py:190} INFO - [2026-04-08T12:06:08.680+0000] {dagbag.py:588} INFO - Filling up the DagBag from /opt/airflow/dags/Crawl_ETL_ITJob.py
[2026-04-08T12:06:08.719+0000] {processor.py:925} INFO - DAG(s) 'crawl_etl_itjob' retrieved from /opt/airflow/dags/Crawl_ETL_ITJob.py
[2026-04-08T12:06:08.776+0000] {logging_mixin.py:190} INFO - [2026-04-08T12:06:08.776+0000] {dag.py:3239} INFO - Sync 1 DAGs
[2026-04-08T12:06:08.822+0000] {logging_mixin.py:190} INFO - [2026-04-08T12:06:08.821+0000] {dag.py:4180} INFO - Setting next_dagrun for crawl_etl_itjob to 2026-04-08T02:00:00+00:00, run_after=2026-04-09T02:00:00+00:00
[2026-04-08T12:06:08.855+0000] {processor.py:208} INFO - Processing /opt/airflow/dags/Crawl_ETL_ITJob.py took 0.184 seconds
[2026-04-08T12:06:41.974+0000] {processor.py:186} INFO - Started process (PID=224) to work on /opt/airflow/dags/Crawl_ETL_ITJob.py
[2026-04-08T12:06:41.975+0000] {processor.py:914} INFO - Processing file /opt/airflow/dags/Crawl_ETL_ITJob.py for tasks to queue
[2026-04-08T12:06:41.976+0000] {logging_mixin.py:190} INFO - [2026-04-08T12:06:41.976+0000] {dagbag.py:588} INFO - Filling up the DagBag from /opt/airflow/dags/Crawl_ETL_ITJob.py
[2026-04-08T12:06:42.000+0000] {processor.py:925} INFO - DAG(s) 'crawl_etl_itjob' retrieved from /opt/airflow/dags/Crawl_ETL_ITJob.py
[2026-04-08T12:06:42.060+0000] {logging_mixin.py:190} INFO - [2026-04-08T12:06:42.060+0000] {dag.py:3239} INFO - Sync 1 DAGs
[2026-04-08T12:06:42.106+0000] {logging_mixin.py:190} INFO - [2026-04-08T12:06:42.106+0000] {dag.py:4180} INFO - Setting next_dagrun for crawl_etl_itjob to 2026-04-08T02:00:00+00:00, run_after=2026-04-09T02:00:00+00:00
[2026-04-08T12:06:42.144+0000] {processor.py:208} INFO - Processing /opt/airflow/dags/Crawl_ETL_ITJob.py took 0.178 seconds
[2026-04-08T12:07:14.463+0000] {processor.py:186} INFO - Started process (PID=228) to work on /opt/airflow/dags/Crawl_ETL_ITJob.py
[2026-04-08T12:07:14.463+0000] {processor.py:914} INFO - Processing file /opt/airflow/dags/Crawl_ETL_ITJob.py for tasks to queue
[2026-04-08T12:07:14.466+0000] {logging_mixin.py:190} INFO - [2026-04-08T12:07:14.466+0000] {dagbag.py:588} INFO - Filling up the DagBag from /opt/airflow/dags/Crawl_ETL_ITJob.py
[2026-04-08T12:07:14.500+0000] {processor.py:925} INFO - DAG(s) 'crawl_etl_itjob' retrieved from /opt/airflow/dags/Crawl_ETL_ITJob.py
[2026-04-08T12:07:14.568+0000] {logging_mixin.py:190} INFO - [2026-04-08T12:07:14.568+0000] {dag.py:3239} INFO - Sync 1 DAGs
[2026-04-08T12:07:14.614+0000] {logging_mixin.py:190} INFO - [2026-04-08T12:07:14.613+0000] {dag.py:4180} INFO - Setting next_dagrun for crawl_etl_itjob to 2026-04-08T02:00:00+00:00, run_after=2026-04-09T02:00:00+00:00
[2026-04-08T12:07:14.655+0000] {processor.py:208} INFO - Processing /opt/airflow/dags/Crawl_ETL_ITJob.py took 0.200 seconds
[2026-04-08T12:07:46.903+0000] {processor.py:186} INFO - Started process (PID=232) to work on /opt/airflow/dags/Crawl_ETL_ITJob.py
[2026-04-08T12:07:46.904+0000] {processor.py:914} INFO - Processing file /opt/airflow/dags/Crawl_ETL_ITJob.py for tasks to queue
[2026-04-08T12:07:46.906+0000] {logging_mixin.py:190} INFO - [2026-04-08T12:07:46.906+0000] {dagbag.py:588} INFO - Filling up the DagBag from /opt/airflow/dags/Crawl_ETL_ITJob.py
[2026-04-08T12:07:46.938+0000] {processor.py:925} INFO - DAG(s) 'crawl_etl_itjob' retrieved from /opt/airflow/dags/Crawl_ETL_ITJob.py
[2026-04-08T12:07:46.999+0000] {logging_mixin.py:190} INFO - [2026-04-08T12:07:46.999+0000] {dag.py:3239} INFO - Sync 1 DAGs
[2026-04-08T12:07:47.050+0000] {logging_mixin.py:190} INFO - [2026-04-08T12:07:47.050+0000] {dag.py:4180} INFO - Setting next_dagrun for crawl_etl_itjob to 2026-04-08T02:00:00+00:00, run_after=2026-04-09T02:00:00+00:00
[2026-04-08T12:07:47.105+0000] {processor.py:208} INFO - Processing /opt/airflow/dags/Crawl_ETL_ITJob.py took 0.211 seconds
[2026-04-08T12:08:19.642+0000] {processor.py:186} INFO - Started process (PID=236) to work on /opt/airflow/dags/Crawl_ETL_ITJob.py
[2026-04-08T12:08:19.643+0000] {processor.py:914} INFO - Processing file /opt/airflow/dags/Crawl_ETL_ITJob.py for tasks to queue
[2026-04-08T12:08:19.645+0000] {logging_mixin.py:190} INFO - [2026-04-08T12:08:19.644+0000] {dagbag.py:588} INFO - Filling up the DagBag from /opt/airflow/dags/Crawl_ETL_ITJob.py
[2026-04-08T12:08:19.719+0000] {processor.py:925} INFO - DAG(s) 'crawl_etl_itjob' retrieved from /opt/airflow/dags/Crawl_ETL_ITJob.py
[2026-04-08T12:08:19.795+0000] {logging_mixin.py:190} INFO - [2026-04-08T12:08:19.794+0000] {dag.py:3239} INFO - Sync 1 DAGs
[2026-04-08T12:08:19.855+0000] {logging_mixin.py:190} INFO - [2026-04-08T12:08:19.855+0000] {dag.py:4180} INFO - Setting next_dagrun for crawl_etl_itjob to 2026-04-08T02:00:00+00:00, run_after=2026-04-09T02:00:00+00:00
[2026-04-08T12:08:19.893+0000] {processor.py:208} INFO - Processing /opt/airflow/dags/Crawl_ETL_ITJob.py took 0.260 seconds
[2026-04-08T12:08:52.388+0000] {processor.py:186} INFO - Started process (PID=240) to work on /opt/airflow/dags/Crawl_ETL_ITJob.py
[2026-04-08T12:08:52.389+0000] {processor.py:914} INFO - Processing file /opt/airflow/dags/Crawl_ETL_ITJob.py for tasks to queue
[2026-04-08T12:08:52.391+0000] {logging_mixin.py:190} INFO - [2026-04-08T12:08:52.391+0000] {dagbag.py:588} INFO - Filling up the DagBag from /opt/airflow/dags/Crawl_ETL_ITJob.py
[2026-04-08T12:08:52.414+0000] {processor.py:925} INFO - DAG(s) 'crawl_etl_itjob' retrieved from /opt/airflow/dags/Crawl_ETL_ITJob.py
[2026-04-08T12:08:52.478+0000] {logging_mixin.py:190} INFO - [2026-04-08T12:08:52.478+0000] {dag.py:3239} INFO - Sync 1 DAGs
[2026-04-08T12:08:52.532+0000] {logging_mixin.py:190} INFO - [2026-04-08T12:08:52.531+0000] {dag.py:4180} INFO - Setting next_dagrun for crawl_etl_itjob to 2026-04-08T02:00:00+00:00, run_after=2026-04-09T02:00:00+00:00
[2026-04-08T12:08:52.577+0000] {processor.py:208} INFO - Processing /opt/airflow/dags/Crawl_ETL_ITJob.py took 0.196 seconds
[2026-04-08T12:09:25.029+0000] {processor.py:186} INFO - Started process (PID=244) to work on /opt/airflow/dags/Crawl_ETL_ITJob.py
[2026-04-08T12:09:25.030+0000] {processor.py:914} INFO - Processing file /opt/airflow/dags/Crawl_ETL_ITJob.py for tasks to queue
[2026-04-08T12:09:25.032+0000] {logging_mixin.py:190} INFO - [2026-04-08T12:09:25.032+0000] {dagbag.py:588} INFO - Filling up the DagBag from /opt/airflow/dags/Crawl_ETL_ITJob.py
[2026-04-08T12:09:25.078+0000] {processor.py:925} INFO - DAG(s) 'crawl_etl_itjob' retrieved from /opt/airflow/dags/Crawl_ETL_ITJob.py
[2026-04-08T12:09:25.154+0000] {logging_mixin.py:190} INFO - [2026-04-08T12:09:25.154+0000] {dag.py:3239} INFO - Sync 1 DAGs
[2026-04-08T12:09:25.216+0000] {logging_mixin.py:190} INFO - [2026-04-08T12:09:25.216+0000] {dag.py:4180} INFO - Setting next_dagrun for crawl_etl_itjob to 2026-04-08T02:00:00+00:00, run_after=2026-04-09T02:00:00+00:00
[2026-04-08T12:09:25.271+0000] {processor.py:208} INFO - Processing /opt/airflow/dags/Crawl_ETL_ITJob.py took 0.253 seconds
[2026-04-08T12:09:57.831+0000] {processor.py:186} INFO - Started process (PID=248) to work on /opt/airflow/dags/Crawl_ETL_ITJob.py
[2026-04-08T12:09:57.832+0000] {processor.py:914} INFO - Processing file /opt/airflow/dags/Crawl_ETL_ITJob.py for tasks to queue
[2026-04-08T12:09:57.833+0000] {logging_mixin.py:190} INFO - [2026-04-08T12:09:57.833+0000] {dagbag.py:588} INFO - Filling up the DagBag from /opt/airflow/dags/Crawl_ETL_ITJob.py
[2026-04-08T12:09:57.862+0000] {processor.py:925} INFO - DAG(s) 'crawl_etl_itjob' retrieved from /opt/airflow/dags/Crawl_ETL_ITJob.py
[2026-04-08T12:09:57.931+0000] {logging_mixin.py:190} INFO - [2026-04-08T12:09:57.931+0000] {dag.py:3239} INFO - Sync 1 DAGs
[2026-04-08T12:09:57.981+0000] {logging_mixin.py:190} INFO - [2026-04-08T12:09:57.981+0000] {dag.py:4180} INFO - Setting next_dagrun for crawl_etl_itjob to 2026-04-08T02:00:00+00:00, run_after=2026-04-09T02:00:00+00:00
[2026-04-08T12:09:58.026+0000] {processor.py:208} INFO - Processing /opt/airflow/dags/Crawl_ETL_ITJob.py took 0.202 seconds
[2026-04-08T12:10:30.573+0000] {processor.py:186} INFO - Started process (PID=252) to work on /opt/airflow/dags/Crawl_ETL_ITJob.py
[2026-04-08T12:10:30.574+0000] {processor.py:914} INFO - Processing file /opt/airflow/dags/Crawl_ETL_ITJob.py for tasks to queue
[2026-04-08T12:10:30.577+0000] {logging_mixin.py:190} INFO - [2026-04-08T12:10:30.576+0000] {dagbag.py:588} INFO - Filling up the DagBag from /opt/airflow/dags/Crawl_ETL_ITJob.py
[2026-04-08T12:10:30.608+0000] {processor.py:925} INFO - DAG(s) 'crawl_etl_itjob' retrieved from /opt/airflow/dags/Crawl_ETL_ITJob.py
[2026-04-08T12:10:30.665+0000] {logging_mixin.py:190} INFO - [2026-04-08T12:10:30.664+0000] {dag.py:3239} INFO - Sync 1 DAGs
[2026-04-08T12:10:30.711+0000] {logging_mixin.py:190} INFO - [2026-04-08T12:10:30.711+0000] {dag.py:4180} INFO - Setting next_dagrun for crawl_etl_itjob to 2026-04-08T02:00:00+00:00, run_after=2026-04-09T02:00:00+00:00
[2026-04-08T12:10:30.753+0000] {processor.py:208} INFO - Processing /opt/airflow/dags/Crawl_ETL_ITJob.py took 0.188 seconds
[2026-04-08T12:11:03.245+0000] {processor.py:186} INFO - Started process (PID=256) to work on /opt/airflow/dags/Crawl_ETL_ITJob.py
[2026-04-08T12:11:03.246+0000] {processor.py:914} INFO - Processing file /opt/airflow/dags/Crawl_ETL_ITJob.py for tasks to queue
[2026-04-08T12:11:03.248+0000] {logging_mixin.py:190} INFO - [2026-04-08T12:11:03.248+0000] {dagbag.py:588} INFO - Filling up the DagBag from /opt/airflow/dags/Crawl_ETL_ITJob.py
[2026-04-08T12:11:03.278+0000] {processor.py:925} INFO - DAG(s) 'crawl_etl_itjob' retrieved from /opt/airflow/dags/Crawl_ETL_ITJob.py
[2026-04-08T12:11:03.355+0000] {logging_mixin.py:190} INFO - [2026-04-08T12:11:03.355+0000] {dag.py:3239} INFO - Sync 1 DAGs
[2026-04-08T12:11:03.423+0000] {logging_mixin.py:190} INFO - [2026-04-08T12:11:03.422+0000] {dag.py:4180} INFO - Setting next_dagrun for crawl_etl_itjob to 2026-04-08T02:00:00+00:00, run_after=2026-04-09T02:00:00+00:00
[2026-04-08T12:11:03.464+0000] {processor.py:208} INFO - Processing /opt/airflow/dags/Crawl_ETL_ITJob.py took 0.227 seconds
[2026-04-08T12:11:36.805+0000] {processor.py:186} INFO - Started process (PID=260) to work on /opt/airflow/dags/Crawl_ETL_ITJob.py
[2026-04-08T12:11:36.806+0000] {processor.py:914} INFO - Processing file /opt/airflow/dags/Crawl_ETL_ITJob.py for tasks to queue
[2026-04-08T12:11:36.808+0000] {logging_mixin.py:190} INFO - [2026-04-08T12:11:36.807+0000] {dagbag.py:588} INFO - Filling up the DagBag from /opt/airflow/dags/Crawl_ETL_ITJob.py
[2026-04-08T12:11:36.834+0000] {processor.py:925} INFO - DAG(s) 'crawl_etl_itjob' retrieved from /opt/airflow/dags/Crawl_ETL_ITJob.py
[2026-04-08T12:11:36.902+0000] {logging_mixin.py:190} INFO - [2026-04-08T12:11:36.902+0000] {dag.py:3239} INFO - Sync 1 DAGs
[2026-04-08T12:11:36.962+0000] {logging_mixin.py:190} INFO - [2026-04-08T12:11:36.962+0000] {dag.py:4180} INFO - Setting next_dagrun for crawl_etl_itjob to 2026-04-08T02:00:00+00:00, run_after=2026-04-09T02:00:00+00:00
[2026-04-08T12:11:37.017+0000] {processor.py:208} INFO - Processing /opt/airflow/dags/Crawl_ETL_ITJob.py took 0.218 seconds
[2026-04-08T12:12:09.400+0000] {processor.py:186} INFO - Started process (PID=264) to work on /opt/airflow/dags/Crawl_ETL_ITJob.py
[2026-04-08T12:12:09.402+0000] {processor.py:914} INFO - Processing file /opt/airflow/dags/Crawl_ETL_ITJob.py for tasks to queue
[2026-04-08T12:12:09.407+0000] {logging_mixin.py:190} INFO - [2026-04-08T12:12:09.406+0000] {dagbag.py:588} INFO - Filling up the DagBag from /opt/airflow/dags/Crawl_ETL_ITJob.py
[2026-04-08T12:12:09.436+0000] {processor.py:925} INFO - DAG(s) 'crawl_etl_itjob' retrieved from /opt/airflow/dags/Crawl_ETL_ITJob.py
[2026-04-08T12:12:09.500+0000] {logging_mixin.py:190} INFO - [2026-04-08T12:12:09.499+0000] {dag.py:3239} INFO - Sync 1 DAGs
[2026-04-08T12:12:09.586+0000] {logging_mixin.py:190} INFO - [2026-04-08T12:12:09.586+0000] {dag.py:4180} INFO - Setting next_dagrun for crawl_etl_itjob to 2026-04-08T02:00:00+00:00, run_after=2026-04-09T02:00:00+00:00
[2026-04-08T12:12:09.658+0000] {processor.py:208} INFO - Processing /opt/airflow/dags/Crawl_ETL_ITJob.py took 0.298 seconds
[2026-04-08T12:12:42.097+0000] {processor.py:186} INFO - Started process (PID=268) to work on /opt/airflow/dags/Crawl_ETL_ITJob.py
[2026-04-08T12:12:42.099+0000] {processor.py:914} INFO - Processing file /opt/airflow/dags/Crawl_ETL_ITJob.py for tasks to queue
[2026-04-08T12:12:42.101+0000] {logging_mixin.py:190} INFO - [2026-04-08T12:12:42.101+0000] {dagbag.py:588} INFO - Filling up the DagBag from /opt/airflow/dags/Crawl_ETL_ITJob.py
[2026-04-08T12:12:42.132+0000] {processor.py:925} INFO - DAG(s) 'crawl_etl_itjob' retrieved from /opt/airflow/dags/Crawl_ETL_ITJob.py
[2026-04-08T12:12:42.189+0000] {logging_mixin.py:190} INFO - [2026-04-08T12:12:42.189+0000] {dag.py:3239} INFO - Sync 1 DAGs
[2026-04-08T12:12:42.240+0000] {logging_mixin.py:190} INFO - [2026-04-08T12:12:42.240+0000] {dag.py:4180} INFO - Setting next_dagrun for crawl_etl_itjob to 2026-04-08T02:00:00+00:00, run_after=2026-04-09T02:00:00+00:00
[2026-04-08T12:12:42.279+0000] {processor.py:208} INFO - Processing /opt/airflow/dags/Crawl_ETL_ITJob.py took 0.193 seconds
[2026-04-08T12:13:14.531+0000] {processor.py:186} INFO - Started process (PID=272) to work on /opt/airflow/dags/Crawl_ETL_ITJob.py
[2026-04-08T12:13:14.532+0000] {processor.py:914} INFO - Processing file /opt/airflow/dags/Crawl_ETL_ITJob.py for tasks to queue
[2026-04-08T12:13:14.535+0000] {logging_mixin.py:190} INFO - [2026-04-08T12:13:14.535+0000] {dagbag.py:588} INFO - Filling up the DagBag from /opt/airflow/dags/Crawl_ETL_ITJob.py
[2026-04-08T12:13:14.563+0000] {processor.py:925} INFO - DAG(s) 'crawl_etl_itjob' retrieved from /opt/airflow/dags/Crawl_ETL_ITJob.py
[2026-04-08T12:13:14.612+0000] {logging_mixin.py:190} INFO - [2026-04-08T12:13:14.611+0000] {dag.py:3239} INFO - Sync 1 DAGs
[2026-04-08T12:13:14.653+0000] {logging_mixin.py:190} INFO - [2026-04-08T12:13:14.653+0000] {dag.py:4180} INFO - Setting next_dagrun for crawl_etl_itjob to 2026-04-08T02:00:00+00:00, run_after=2026-04-09T02:00:00+00:00
[2026-04-08T12:13:14.690+0000] {processor.py:208} INFO - Processing /opt/airflow/dags/Crawl_ETL_ITJob.py took 0.167 seconds
[2026-04-08T12:13:46.957+0000] {processor.py:186} INFO - Started process (PID=276) to work on /opt/airflow/dags/Crawl_ETL_ITJob.py
[2026-04-08T12:13:46.959+0000] {processor.py:914} INFO - Processing file /opt/airflow/dags/Crawl_ETL_ITJob.py for tasks to queue
[2026-04-08T12:13:46.962+0000] {logging_mixin.py:190} INFO - [2026-04-08T12:13:46.962+0000] {dagbag.py:588} INFO - Filling up the DagBag from /opt/airflow/dags/Crawl_ETL_ITJob.py
[2026-04-08T12:13:46.988+0000] {processor.py:925} INFO - DAG(s) 'crawl_etl_itjob' retrieved from /opt/airflow/dags/Crawl_ETL_ITJob.py
[2026-04-08T12:13:47.041+0000] {logging_mixin.py:190} INFO - [2026-04-08T12:13:47.041+0000] {dag.py:3239} INFO - Sync 1 DAGs
[2026-04-08T12:13:47.076+0000] {logging_mixin.py:190} INFO - [2026-04-08T12:13:47.076+0000] {dag.py:4180} INFO - Setting next_dagrun for crawl_etl_itjob to 2026-04-08T02:00:00+00:00, run_after=2026-04-09T02:00:00+00:00
[2026-04-08T12:13:47.111+0000] {processor.py:208} INFO - Processing /opt/airflow/dags/Crawl_ETL_ITJob.py took 0.161 seconds
[2026-04-08T12:14:19.623+0000] {processor.py:186} INFO - Started process (PID=280) to work on /opt/airflow/dags/Crawl_ETL_ITJob.py
[2026-04-08T12:14:19.624+0000] {processor.py:914} INFO - Processing file /opt/airflow/dags/Crawl_ETL_ITJob.py for tasks to queue
[2026-04-08T12:14:19.630+0000] {logging_mixin.py:190} INFO - [2026-04-08T12:14:19.629+0000] {dagbag.py:588} INFO - Filling up the DagBag from /opt/airflow/dags/Crawl_ETL_ITJob.py
[2026-04-08T12:14:19.651+0000] {processor.py:925} INFO - DAG(s) 'crawl_etl_itjob' retrieved from /opt/airflow/dags/Crawl_ETL_ITJob.py
[2026-04-08T12:14:19.708+0000] {logging_mixin.py:190} INFO - [2026-04-08T12:14:19.707+0000] {dag.py:3239} INFO - Sync 1 DAGs
[2026-04-08T12:14:19.774+0000] {logging_mixin.py:190} INFO - [2026-04-08T12:14:19.774+0000] {dag.py:4180} INFO - Setting next_dagrun for crawl_etl_itjob to 2026-04-08T02:00:00+00:00, run_after=2026-04-09T02:00:00+00:00
[2026-04-08T12:14:19.839+0000] {processor.py:208} INFO - Processing /opt/airflow/dags/Crawl_ETL_ITJob.py took 0.222 seconds
[2026-04-08T12:14:53.266+0000] {processor.py:186} INFO - Started process (PID=284) to work on /opt/airflow/dags/Crawl_ETL_ITJob.py
[2026-04-08T12:14:53.267+0000] {processor.py:914} INFO - Processing file /opt/airflow/dags/Crawl_ETL_ITJob.py for tasks to queue
[2026-04-08T12:14:53.269+0000] {logging_mixin.py:190} INFO - [2026-04-08T12:14:53.269+0000] {dagbag.py:588} INFO - Filling up the DagBag from /opt/airflow/dags/Crawl_ETL_ITJob.py
[2026-04-08T12:14:53.298+0000] {processor.py:925} INFO - DAG(s) 'crawl_etl_itjob' retrieved from /opt/airflow/dags/Crawl_ETL_ITJob.py
[2026-04-08T12:14:53.371+0000] {logging_mixin.py:190} INFO - [2026-04-08T12:14:53.371+0000] {dag.py:3239} INFO - Sync 1 DAGs
[2026-04-08T12:14:53.437+0000] {logging_mixin.py:190} INFO - [2026-04-08T12:14:53.436+0000] {dag.py:4180} INFO - Setting next_dagrun for crawl_etl_itjob to 2026-04-08T02:00:00+00:00, run_after=2026-04-09T02:00:00+00:00
[2026-04-08T12:14:53.494+0000] {processor.py:208} INFO - Processing /opt/airflow/dags/Crawl_ETL_ITJob.py took 0.238 seconds
[2026-04-08T12:15:25.851+0000] {processor.py:186} INFO - Started process (PID=288) to work on /opt/airflow/dags/Crawl_ETL_ITJob.py
[2026-04-08T12:15:25.852+0000] {processor.py:914} INFO - Processing file /opt/airflow/dags/Crawl_ETL_ITJob.py for tasks to queue
[2026-04-08T12:15:25.855+0000] {logging_mixin.py:190} INFO - [2026-04-08T12:15:25.854+0000] {dagbag.py:588} INFO - Filling up the DagBag from /opt/airflow/dags/Crawl_ETL_ITJob.py
[2026-04-08T12:15:25.894+0000] {processor.py:925} INFO - DAG(s) 'crawl_etl_itjob' retrieved from /opt/airflow/dags/Crawl_ETL_ITJob.py
[2026-04-08T12:15:25.963+0000] {logging_mixin.py:190} INFO - [2026-04-08T12:15:25.963+0000] {dag.py:3239} INFO - Sync 1 DAGs
[2026-04-08T12:15:26.018+0000] {logging_mixin.py:190} INFO - [2026-04-08T12:15:26.018+0000] {dag.py:4180} INFO - Setting next_dagrun for crawl_etl_itjob to 2026-04-08T02:00:00+00:00, run_after=2026-04-09T02:00:00+00:00
[2026-04-08T12:15:26.075+0000] {processor.py:208} INFO - Processing /opt/airflow/dags/Crawl_ETL_ITJob.py took 0.232 seconds
[2026-04-08T12:15:58.321+0000] {processor.py:186} INFO - Started process (PID=292) to work on /opt/airflow/dags/Crawl_ETL_ITJob.py
[2026-04-08T12:15:58.322+0000] {processor.py:914} INFO - Processing file /opt/airflow/dags/Crawl_ETL_ITJob.py for tasks to queue
[2026-04-08T12:15:58.324+0000] {logging_mixin.py:190} INFO - [2026-04-08T12:15:58.324+0000] {dagbag.py:588} INFO - Filling up the DagBag from /opt/airflow/dags/Crawl_ETL_ITJob.py
[2026-04-08T12:15:58.350+0000] {processor.py:925} INFO - DAG(s) 'crawl_etl_itjob' retrieved from /opt/airflow/dags/Crawl_ETL_ITJob.py
[2026-04-08T12:15:58.413+0000] {logging_mixin.py:190} INFO - [2026-04-08T12:15:58.412+0000] {dag.py:3239} INFO - Sync 1 DAGs
[2026-04-08T12:15:58.459+0000] {logging_mixin.py:190} INFO - [2026-04-08T12:15:58.459+0000] {dag.py:4180} INFO - Setting next_dagrun for crawl_etl_itjob to 2026-04-08T02:00:00+00:00, run_after=2026-04-09T02:00:00+00:00
[2026-04-08T12:15:58.497+0000] {processor.py:208} INFO - Processing /opt/airflow/dags/Crawl_ETL_ITJob.py took 0.184 seconds
[2026-04-08T12:16:30.717+0000] {processor.py:186} INFO - Started process (PID=296) to work on /opt/airflow/dags/Crawl_ETL_ITJob.py
[2026-04-08T12:16:30.719+0000] {processor.py:914} INFO - Processing file /opt/airflow/dags/Crawl_ETL_ITJob.py for tasks to queue
[2026-04-08T12:16:30.721+0000] {logging_mixin.py:190} INFO - [2026-04-08T12:16:30.721+0000] {dagbag.py:588} INFO - Filling up the DagBag from /opt/airflow/dags/Crawl_ETL_ITJob.py
[2026-04-08T12:16:30.762+0000] {processor.py:925} INFO - DAG(s) 'crawl_etl_itjob' retrieved from /opt/airflow/dags/Crawl_ETL_ITJob.py
[2026-04-08T12:16:30.843+0000] {logging_mixin.py:190} INFO - [2026-04-08T12:16:30.843+0000] {dag.py:3239} INFO - Sync 1 DAGs
[2026-04-08T12:16:30.896+0000] {logging_mixin.py:190} INFO - [2026-04-08T12:16:30.896+0000] {dag.py:4180} INFO - Setting next_dagrun for crawl_etl_itjob to 2026-04-08T02:00:00+00:00, run_after=2026-04-09T02:00:00+00:00
[2026-04-08T12:16:30.942+0000] {processor.py:208} INFO - Processing /opt/airflow/dags/Crawl_ETL_ITJob.py took 0.236 seconds
[2026-04-08T12:17:03.346+0000] {processor.py:186} INFO - Started process (PID=300) to work on /opt/airflow/dags/Crawl_ETL_ITJob.py
[2026-04-08T12:17:03.346+0000] {processor.py:914} INFO - Processing file /opt/airflow/dags/Crawl_ETL_ITJob.py for tasks to queue
[2026-04-08T12:17:03.348+0000] {logging_mixin.py:190} INFO - [2026-04-08T12:17:03.348+0000] {dagbag.py:588} INFO - Filling up the DagBag from /opt/airflow/dags/Crawl_ETL_ITJob.py
[2026-04-08T12:17:03.372+0000] {processor.py:925} INFO - DAG(s) 'crawl_etl_itjob' retrieved from /opt/airflow/dags/Crawl_ETL_ITJob.py
[2026-04-08T12:17:03.427+0000] {logging_mixin.py:190} INFO - [2026-04-08T12:17:03.427+0000] {dag.py:3239} INFO - Sync 1 DAGs
[2026-04-08T12:17:03.470+0000] {logging_mixin.py:190} INFO - [2026-04-08T12:17:03.469+0000] {dag.py:4180} INFO - Setting next_dagrun for crawl_etl_itjob to 2026-04-08T02:00:00+00:00, run_after=2026-04-09T02:00:00+00:00
[2026-04-08T12:17:03.510+0000] {processor.py:208} INFO - Processing /opt/airflow/dags/Crawl_ETL_ITJob.py took 0.171 seconds
[2026-04-08T12:17:36.977+0000] {processor.py:186} INFO - Started process (PID=304) to work on /opt/airflow/dags/Crawl_ETL_ITJob.py
[2026-04-08T12:17:36.978+0000] {processor.py:914} INFO - Processing file /opt/airflow/dags/Crawl_ETL_ITJob.py for tasks to queue
[2026-04-08T12:17:36.982+0000] {logging_mixin.py:190} INFO - [2026-04-08T12:17:36.982+0000] {dagbag.py:588} INFO - Filling up the DagBag from /opt/airflow/dags/Crawl_ETL_ITJob.py
[2026-04-08T12:17:37.028+0000] {processor.py:925} INFO - DAG(s) 'crawl_etl_itjob' retrieved from /opt/airflow/dags/Crawl_ETL_ITJob.py
[2026-04-08T12:17:37.107+0000] {logging_mixin.py:190} INFO - [2026-04-08T12:17:37.107+0000] {dag.py:3239} INFO - Sync 1 DAGs
[2026-04-08T12:17:37.173+0000] {logging_mixin.py:190} INFO - [2026-04-08T12:17:37.172+0000] {dag.py:4180} INFO - Setting next_dagrun for crawl_etl_itjob to 2026-04-08T02:00:00+00:00, run_after=2026-04-09T02:00:00+00:00
[2026-04-08T12:17:37.228+0000] {processor.py:208} INFO - Processing /opt/airflow/dags/Crawl_ETL_ITJob.py took 0.267 seconds
[2026-04-08T12:18:08.996+0000] {processor.py:186} INFO - Started process (PID=308) to work on /opt/airflow/dags/Crawl_ETL_ITJob.py
[2026-04-08T12:18:08.997+0000] {processor.py:914} INFO - Processing file /opt/airflow/dags/Crawl_ETL_ITJob.py for tasks to queue
[2026-04-08T12:18:08.999+0000] {logging_mixin.py:190} INFO - [2026-04-08T12:18:08.999+0000] {dagbag.py:588} INFO - Filling up the DagBag from /opt/airflow/dags/Crawl_ETL_ITJob.py
[2026-04-08T12:18:09.033+0000] {processor.py:925} INFO - DAG(s) 'crawl_etl_itjob' retrieved from /opt/airflow/dags/Crawl_ETL_ITJob.py
[2026-04-08T12:18:09.112+0000] {logging_mixin.py:190} INFO - [2026-04-08T12:18:09.112+0000] {dag.py:3239} INFO - Sync 1 DAGs
[2026-04-08T12:18:09.179+0000] {logging_mixin.py:190} INFO - [2026-04-08T12:18:09.179+0000] {dag.py:4180} INFO - Setting next_dagrun for crawl_etl_itjob to 2026-04-08T02:00:00+00:00, run_after=2026-04-09T02:00:00+00:00
[2026-04-08T12:18:09.236+0000] {processor.py:208} INFO - Processing /opt/airflow/dags/Crawl_ETL_ITJob.py took 0.248 seconds
[2026-04-08T12:18:41.646+0000] {processor.py:186} INFO - Started process (PID=312) to work on /opt/airflow/dags/Crawl_ETL_ITJob.py
[2026-04-08T12:18:41.647+0000] {processor.py:914} INFO - Processing file /opt/airflow/dags/Crawl_ETL_ITJob.py for tasks to queue
[2026-04-08T12:18:41.648+0000] {logging_mixin.py:190} INFO - [2026-04-08T12:18:41.648+0000] {dagbag.py:588} INFO - Filling up the DagBag from /opt/airflow/dags/Crawl_ETL_ITJob.py
[2026-04-08T12:18:41.674+0000] {processor.py:925} INFO - DAG(s) 'crawl_etl_itjob' retrieved from /opt/airflow/dags/Crawl_ETL_ITJob.py
[2026-04-08T12:18:41.744+0000] {logging_mixin.py:190} INFO - [2026-04-08T12:18:41.744+0000] {dag.py:3239} INFO - Sync 1 DAGs
[2026-04-08T12:18:41.792+0000] {logging_mixin.py:190} INFO - [2026-04-08T12:18:41.792+0000] {dag.py:4180} INFO - Setting next_dagrun for crawl_etl_itjob to 2026-04-08T02:00:00+00:00, run_after=2026-04-09T02:00:00+00:00
[2026-04-08T12:18:41.844+0000] {processor.py:208} INFO - Processing /opt/airflow/dags/Crawl_ETL_ITJob.py took 0.203 seconds
[2026-04-08T12:19:14.287+0000] {processor.py:186} INFO - Started process (PID=316) to work on /opt/airflow/dags/Crawl_ETL_ITJob.py
[2026-04-08T12:19:14.290+0000] {processor.py:914} INFO - Processing file /opt/airflow/dags/Crawl_ETL_ITJob.py for tasks to queue
[2026-04-08T12:19:14.291+0000] {logging_mixin.py:190} INFO - [2026-04-08T12:19:14.291+0000] {dagbag.py:588} INFO - Filling up the DagBag from /opt/airflow/dags/Crawl_ETL_ITJob.py
[2026-04-08T12:19:14.314+0000] {processor.py:925} INFO - DAG(s) 'crawl_etl_itjob' retrieved from /opt/airflow/dags/Crawl_ETL_ITJob.py
[2026-04-08T12:19:14.391+0000] {logging_mixin.py:190} INFO - [2026-04-08T12:19:14.391+0000] {dag.py:3239} INFO - Sync 1 DAGs
[2026-04-08T12:19:14.442+0000] {logging_mixin.py:190} INFO - [2026-04-08T12:19:14.442+0000] {dag.py:4180} INFO - Setting next_dagrun for crawl_etl_itjob to 2026-04-08T02:00:00+00:00, run_after=2026-04-09T02:00:00+00:00
[2026-04-08T12:19:14.488+0000] {processor.py:208} INFO - Processing /opt/airflow/dags/Crawl_ETL_ITJob.py took 0.207 seconds
[2026-04-08T12:19:46.976+0000] {processor.py:186} INFO - Started process (PID=320) to work on /opt/airflow/dags/Crawl_ETL_ITJob.py
[2026-04-08T12:19:46.977+0000] {processor.py:914} INFO - Processing file /opt/airflow/dags/Crawl_ETL_ITJob.py for tasks to queue
[2026-04-08T12:19:46.980+0000] {logging_mixin.py:190} INFO - [2026-04-08T12:19:46.979+0000] {dagbag.py:588} INFO - Filling up the DagBag from /opt/airflow/dags/Crawl_ETL_ITJob.py
[2026-04-08T12:19:47.010+0000] {processor.py:925} INFO - DAG(s) 'crawl_etl_itjob' retrieved from /opt/airflow/dags/Crawl_ETL_ITJob.py
[2026-04-08T12:19:47.068+0000] {logging_mixin.py:190} INFO - [2026-04-08T12:19:47.067+0000] {dag.py:3239} INFO - Sync 1 DAGs
[2026-04-08T12:19:47.117+0000] {logging_mixin.py:190} INFO - [2026-04-08T12:19:47.117+0000] {dag.py:4180} INFO - Setting next_dagrun for crawl_etl_itjob to 2026-04-08T02:00:00+00:00, run_after=2026-04-09T02:00:00+00:00
[2026-04-08T12:19:47.160+0000] {processor.py:208} INFO - Processing /opt/airflow/dags/Crawl_ETL_ITJob.py took 0.194 seconds
[2026-04-08T12:20:20.471+0000] {processor.py:186} INFO - Started process (PID=324) to work on /opt/airflow/dags/Crawl_ETL_ITJob.py
[2026-04-08T12:20:20.472+0000] {processor.py:914} INFO - Processing file /opt/airflow/dags/Crawl_ETL_ITJob.py for tasks to queue
[2026-04-08T12:20:20.474+0000] {logging_mixin.py:190} INFO - [2026-04-08T12:20:20.473+0000] {dagbag.py:588} INFO - Filling up the DagBag from /opt/airflow/dags/Crawl_ETL_ITJob.py
[2026-04-08T12:20:20.502+0000] {processor.py:925} INFO - DAG(s) 'crawl_etl_itjob' retrieved from /opt/airflow/dags/Crawl_ETL_ITJob.py
[2026-04-08T12:20:20.564+0000] {logging_mixin.py:190} INFO - [2026-04-08T12:20:20.564+0000] {dag.py:3239} INFO - Sync 1 DAGs
[2026-04-08T12:20:20.616+0000] {logging_mixin.py:190} INFO - [2026-04-08T12:20:20.615+0000] {dag.py:4180} INFO - Setting next_dagrun for crawl_etl_itjob to 2026-04-08T02:00:00+00:00, run_after=2026-04-09T02:00:00+00:00
[2026-04-08T12:20:20.667+0000] {processor.py:208} INFO - Processing /opt/airflow/dags/Crawl_ETL_ITJob.py took 0.207 seconds
[2026-04-08T12:20:53.004+0000] {processor.py:186} INFO - Started process (PID=328) to work on /opt/airflow/dags/Crawl_ETL_ITJob.py
[2026-04-08T12:20:53.010+0000] {processor.py:914} INFO - Processing file /opt/airflow/dags/Crawl_ETL_ITJob.py for tasks to queue
[2026-04-08T12:20:53.013+0000] {logging_mixin.py:190} INFO - [2026-04-08T12:20:53.013+0000] {dagbag.py:588} INFO - Filling up the DagBag from /opt/airflow/dags/Crawl_ETL_ITJob.py
[2026-04-08T12:20:53.051+0000] {processor.py:925} INFO - DAG(s) 'crawl_etl_itjob' retrieved from /opt/airflow/dags/Crawl_ETL_ITJob.py
[2026-04-08T12:20:53.134+0000] {logging_mixin.py:190} INFO - [2026-04-08T12:20:53.134+0000] {dag.py:3239} INFO - Sync 1 DAGs
[2026-04-08T12:20:53.213+0000] {logging_mixin.py:190} INFO - [2026-04-08T12:20:53.213+0000] {dag.py:4180} INFO - Setting next_dagrun for crawl_etl_itjob to 2026-04-08T02:00:00+00:00, run_after=2026-04-09T02:00:00+00:00
[2026-04-08T12:20:53.295+0000] {processor.py:208} INFO - Processing /opt/airflow/dags/Crawl_ETL_ITJob.py took 0.316 seconds
[2026-04-08T12:21:25.087+0000] {processor.py:186} INFO - Started process (PID=332) to work on /opt/airflow/dags/Crawl_ETL_ITJob.py
[2026-04-08T12:21:25.088+0000] {processor.py:914} INFO - Processing file /opt/airflow/dags/Crawl_ETL_ITJob.py for tasks to queue
[2026-04-08T12:21:25.090+0000] {logging_mixin.py:190} INFO - [2026-04-08T12:21:25.090+0000] {dagbag.py:588} INFO - Filling up the DagBag from /opt/airflow/dags/Crawl_ETL_ITJob.py
[2026-04-08T12:21:25.123+0000] {processor.py:925} INFO - DAG(s) 'crawl_etl_itjob' retrieved from /opt/airflow/dags/Crawl_ETL_ITJob.py
[2026-04-08T12:21:25.196+0000] {logging_mixin.py:190} INFO - [2026-04-08T12:21:25.196+0000] {dag.py:3239} INFO - Sync 1 DAGs
[2026-04-08T12:21:25.255+0000] {logging_mixin.py:190} INFO - [2026-04-08T12:21:25.255+0000] {dag.py:4180} INFO - Setting next_dagrun for crawl_etl_itjob to 2026-04-08T02:00:00+00:00, run_after=2026-04-09T02:00:00+00:00
[2026-04-08T12:21:25.310+0000] {processor.py:208} INFO - Processing /opt/airflow/dags/Crawl_ETL_ITJob.py took 0.231 seconds
[2026-04-08T12:21:58.703+0000] {processor.py:186} INFO - Started process (PID=336) to work on /opt/airflow/dags/Crawl_ETL_ITJob.py
[2026-04-08T12:21:58.704+0000] {processor.py:914} INFO - Processing file /opt/airflow/dags/Crawl_ETL_ITJob.py for tasks to queue
[2026-04-08T12:21:58.706+0000] {logging_mixin.py:190} INFO - [2026-04-08T12:21:58.706+0000] {dagbag.py:588} INFO - Filling up the DagBag from /opt/airflow/dags/Crawl_ETL_ITJob.py
[2026-04-08T12:21:58.742+0000] {processor.py:925} INFO - DAG(s) 'crawl_etl_itjob' retrieved from /opt/airflow/dags/Crawl_ETL_ITJob.py
[2026-04-08T12:21:58.812+0000] {logging_mixin.py:190} INFO - [2026-04-08T12:21:58.812+0000] {dag.py:3239} INFO - Sync 1 DAGs
[2026-04-08T12:21:58.877+0000] {logging_mixin.py:190} INFO - [2026-04-08T12:21:58.877+0000] {dag.py:4180} INFO - Setting next_dagrun for crawl_etl_itjob to 2026-04-08T02:00:00+00:00, run_after=2026-04-09T02:00:00+00:00
[2026-04-08T12:21:58.931+0000] {processor.py:208} INFO - Processing /opt/airflow/dags/Crawl_ETL_ITJob.py took 0.241 seconds
[2026-04-08T12:22:31.465+0000] {processor.py:186} INFO - Started process (PID=340) to work on /opt/airflow/dags/Crawl_ETL_ITJob.py
[2026-04-08T12:22:31.466+0000] {processor.py:914} INFO - Processing file /opt/airflow/dags/Crawl_ETL_ITJob.py for tasks to queue
[2026-04-08T12:22:31.468+0000] {logging_mixin.py:190} INFO - [2026-04-08T12:22:31.467+0000] {dagbag.py:588} INFO - Filling up the DagBag from /opt/airflow/dags/Crawl_ETL_ITJob.py
[2026-04-08T12:22:31.568+0000] {processor.py:925} INFO - DAG(s) 'crawl_etl_itjob' retrieved from /opt/airflow/dags/Crawl_ETL_ITJob.py
[2026-04-08T12:22:31.670+0000] {logging_mixin.py:190} INFO - [2026-04-08T12:22:31.669+0000] {dag.py:3239} INFO - Sync 1 DAGs
[2026-04-08T12:22:31.776+0000] {logging_mixin.py:190} INFO - [2026-04-08T12:22:31.775+0000] {dag.py:4180} INFO - Setting next_dagrun for crawl_etl_itjob to 2026-04-08T02:00:00+00:00, run_after=2026-04-09T02:00:00+00:00
[2026-04-08T12:22:31.852+0000] {processor.py:208} INFO - Processing /opt/airflow/dags/Crawl_ETL_ITJob.py took 0.402 seconds
[2026-04-08T12:23:03.444+0000] {processor.py:186} INFO - Started process (PID=344) to work on /opt/airflow/dags/Crawl_ETL_ITJob.py
[2026-04-08T12:23:03.445+0000] {processor.py:914} INFO - Processing file /opt/airflow/dags/Crawl_ETL_ITJob.py for tasks to queue
[2026-04-08T12:23:03.447+0000] {logging_mixin.py:190} INFO - [2026-04-08T12:23:03.446+0000] {dagbag.py:588} INFO - Filling up the DagBag from /opt/airflow/dags/Crawl_ETL_ITJob.py
[2026-04-08T12:23:03.468+0000] {processor.py:925} INFO - DAG(s) 'crawl_etl_itjob' retrieved from /opt/airflow/dags/Crawl_ETL_ITJob.py
[2026-04-08T12:23:03.517+0000] {logging_mixin.py:190} INFO - [2026-04-08T12:23:03.517+0000] {dag.py:3239} INFO - Sync 1 DAGs
[2026-04-08T12:23:03.555+0000] {logging_mixin.py:190} INFO - [2026-04-08T12:23:03.555+0000] {dag.py:4180} INFO - Setting next_dagrun for crawl_etl_itjob to 2026-04-08T02:00:00+00:00, run_after=2026-04-09T02:00:00+00:00
[2026-04-08T12:23:03.586+0000] {processor.py:208} INFO - Processing /opt/airflow/dags/Crawl_ETL_ITJob.py took 0.147 seconds
[2026-04-08T12:23:36.886+0000] {processor.py:186} INFO - Started process (PID=348) to work on /opt/airflow/dags/Crawl_ETL_ITJob.py
[2026-04-08T12:23:36.888+0000] {processor.py:914} INFO - Processing file /opt/airflow/dags/Crawl_ETL_ITJob.py for tasks to queue
[2026-04-08T12:23:36.891+0000] {logging_mixin.py:190} INFO - [2026-04-08T12:23:36.890+0000] {dagbag.py:588} INFO - Filling up the DagBag from /opt/airflow/dags/Crawl_ETL_ITJob.py
[2026-04-08T12:23:36.925+0000] {processor.py:925} INFO - DAG(s) 'crawl_etl_itjob' retrieved from /opt/airflow/dags/Crawl_ETL_ITJob.py
[2026-04-08T12:23:36.975+0000] {logging_mixin.py:190} INFO - [2026-04-08T12:23:36.975+0000] {dag.py:3239} INFO - Sync 1 DAGs
[2026-04-08T12:23:37.015+0000] {logging_mixin.py:190} INFO - [2026-04-08T12:23:37.015+0000] {dag.py:4180} INFO - Setting next_dagrun for crawl_etl_itjob to 2026-04-08T02:00:00+00:00, run_after=2026-04-09T02:00:00+00:00
[2026-04-08T12:23:37.053+0000] {processor.py:208} INFO - Processing /opt/airflow/dags/Crawl_ETL_ITJob.py took 0.179 seconds
[2026-04-08T12:24:09.371+0000] {processor.py:186} INFO - Started process (PID=352) to work on /opt/airflow/dags/Crawl_ETL_ITJob.py
[2026-04-08T12:24:09.377+0000] {processor.py:914} INFO - Processing file /opt/airflow/dags/Crawl_ETL_ITJob.py for tasks to queue
[2026-04-08T12:24:09.378+0000] {logging_mixin.py:190} INFO - [2026-04-08T12:24:09.378+0000] {dagbag.py:588} INFO - Filling up the DagBag from /opt/airflow/dags/Crawl_ETL_ITJob.py
[2026-04-08T12:24:09.398+0000] {processor.py:925} INFO - DAG(s) 'crawl_etl_itjob' retrieved from /opt/airflow/dags/Crawl_ETL_ITJob.py
[2026-04-08T12:24:09.449+0000] {logging_mixin.py:190} INFO - [2026-04-08T12:24:09.448+0000] {dag.py:3239} INFO - Sync 1 DAGs
[2026-04-08T12:24:09.487+0000] {logging_mixin.py:190} INFO - [2026-04-08T12:24:09.487+0000] {dag.py:4180} INFO - Setting next_dagrun for crawl_etl_itjob to 2026-04-08T02:00:00+00:00, run_after=2026-04-09T02:00:00+00:00
[2026-04-08T12:24:09.521+0000] {processor.py:208} INFO - Processing /opt/airflow/dags/Crawl_ETL_ITJob.py took 0.157 seconds
[2026-04-08T12:24:41.745+0000] {processor.py:186} INFO - Started process (PID=356) to work on /opt/airflow/dags/Crawl_ETL_ITJob.py
[2026-04-08T12:24:41.747+0000] {processor.py:914} INFO - Processing file /opt/airflow/dags/Crawl_ETL_ITJob.py for tasks to queue
[2026-04-08T12:24:41.749+0000] {logging_mixin.py:190} INFO - [2026-04-08T12:24:41.748+0000] {dagbag.py:588} INFO - Filling up the DagBag from /opt/airflow/dags/Crawl_ETL_ITJob.py
[2026-04-08T12:24:41.790+0000] {processor.py:925} INFO - DAG(s) 'crawl_etl_itjob' retrieved from /opt/airflow/dags/Crawl_ETL_ITJob.py
[2026-04-08T12:24:41.873+0000] {logging_mixin.py:190} INFO - [2026-04-08T12:24:41.873+0000] {dag.py:3239} INFO - Sync 1 DAGs
[2026-04-08T12:24:41.962+0000] {logging_mixin.py:190} INFO - [2026-04-08T12:24:41.962+0000] {dag.py:4180} INFO - Setting next_dagrun for crawl_etl_itjob to 2026-04-08T02:00:00+00:00, run_after=2026-04-09T02:00:00+00:00
[2026-04-08T12:24:42.045+0000] {processor.py:208} INFO - Processing /opt/airflow/dags/Crawl_ETL_ITJob.py took 0.312 seconds
[2026-04-08T12:25:14.579+0000] {processor.py:186} INFO - Started process (PID=360) to work on /opt/airflow/dags/Crawl_ETL_ITJob.py
[2026-04-08T12:25:14.580+0000] {processor.py:914} INFO - Processing file /opt/airflow/dags/Crawl_ETL_ITJob.py for tasks to queue
[2026-04-08T12:25:14.581+0000] {logging_mixin.py:190} INFO - [2026-04-08T12:25:14.581+0000] {dagbag.py:588} INFO - Filling up the DagBag from /opt/airflow/dags/Crawl_ETL_ITJob.py
[2026-04-08T12:25:14.617+0000] {processor.py:925} INFO - DAG(s) 'crawl_etl_itjob' retrieved from /opt/airflow/dags/Crawl_ETL_ITJob.py
[2026-04-08T12:25:14.672+0000] {logging_mixin.py:190} INFO - [2026-04-08T12:25:14.672+0000] {dag.py:3239} INFO - Sync 1 DAGs
[2026-04-08T12:25:14.712+0000] {logging_mixin.py:190} INFO - [2026-04-08T12:25:14.712+0000] {dag.py:4180} INFO - Setting next_dagrun for crawl_etl_itjob to 2026-04-08T02:00:00+00:00, run_after=2026-04-09T02:00:00+00:00
[2026-04-08T12:25:14.746+0000] {processor.py:208} INFO - Processing /opt/airflow/dags/Crawl_ETL_ITJob.py took 0.174 seconds
[2026-04-08T12:25:48.241+0000] {processor.py:186} INFO - Started process (PID=364) to work on /opt/airflow/dags/Crawl_ETL_ITJob.py
[2026-04-08T12:25:48.243+0000] {processor.py:914} INFO - Processing file /opt/airflow/dags/Crawl_ETL_ITJob.py for tasks to queue
[2026-04-08T12:25:48.246+0000] {logging_mixin.py:190} INFO - [2026-04-08T12:25:48.245+0000] {dagbag.py:588} INFO - Filling up the DagBag from /opt/airflow/dags/Crawl_ETL_ITJob.py
[2026-04-08T12:25:48.297+0000] {processor.py:925} INFO - DAG(s) 'crawl_etl_itjob' retrieved from /opt/airflow/dags/Crawl_ETL_ITJob.py
[2026-04-08T12:25:48.425+0000] {logging_mixin.py:190} INFO - [2026-04-08T12:25:48.424+0000] {dag.py:3239} INFO - Sync 1 DAGs
[2026-04-08T12:25:48.483+0000] {logging_mixin.py:190} INFO - [2026-04-08T12:25:48.483+0000] {dag.py:4180} INFO - Setting next_dagrun for crawl_etl_itjob to 2026-04-08T02:00:00+00:00, run_after=2026-04-09T02:00:00+00:00
[2026-04-08T12:25:48.537+0000] {processor.py:208} INFO - Processing /opt/airflow/dags/Crawl_ETL_ITJob.py took 0.330 seconds
[2026-04-08T12:26:19.848+0000] {processor.py:186} INFO - Started process (PID=368) to work on /opt/airflow/dags/Crawl_ETL_ITJob.py
[2026-04-08T12:26:19.849+0000] {processor.py:914} INFO - Processing file /opt/airflow/dags/Crawl_ETL_ITJob.py for tasks to queue
[2026-04-08T12:26:19.851+0000] {logging_mixin.py:190} INFO - [2026-04-08T12:26:19.851+0000] {dagbag.py:588} INFO - Filling up the DagBag from /opt/airflow/dags/Crawl_ETL_ITJob.py
[2026-04-08T12:26:19.874+0000] {processor.py:925} INFO - DAG(s) 'crawl_etl_itjob' retrieved from /opt/airflow/dags/Crawl_ETL_ITJob.py
[2026-04-08T12:26:19.932+0000] {logging_mixin.py:190} INFO - [2026-04-08T12:26:19.932+0000] {dag.py:3239} INFO - Sync 1 DAGs
[2026-04-08T12:26:19.980+0000] {logging_mixin.py:190} INFO - [2026-04-08T12:26:19.980+0000] {dag.py:4180} INFO - Setting next_dagrun for crawl_etl_itjob to 2026-04-08T02:00:00+00:00, run_after=2026-04-09T02:00:00+00:00
[2026-04-08T12:26:20.034+0000] {processor.py:208} INFO - Processing /opt/airflow/dags/Crawl_ETL_ITJob.py took 0.194 seconds
[2026-04-08T12:26:52.616+0000] {processor.py:186} INFO - Started process (PID=372) to work on /opt/airflow/dags/Crawl_ETL_ITJob.py
[2026-04-08T12:26:52.616+0000] {processor.py:914} INFO - Processing file /opt/airflow/dags/Crawl_ETL_ITJob.py for tasks to queue
[2026-04-08T12:26:52.618+0000] {logging_mixin.py:190} INFO - [2026-04-08T12:26:52.618+0000] {dagbag.py:588} INFO - Filling up the DagBag from /opt/airflow/dags/Crawl_ETL_ITJob.py
[2026-04-08T12:26:52.645+0000] {processor.py:925} INFO - DAG(s) 'crawl_etl_itjob' retrieved from /opt/airflow/dags/Crawl_ETL_ITJob.py
[2026-04-08T12:26:52.697+0000] {logging_mixin.py:190} INFO - [2026-04-08T12:26:52.697+0000] {dag.py:3239} INFO - Sync 1 DAGs
[2026-04-08T12:26:52.751+0000] {logging_mixin.py:190} INFO - [2026-04-08T12:26:52.750+0000] {dag.py:4180} INFO - Setting next_dagrun for crawl_etl_itjob to 2026-04-08T02:00:00+00:00, run_after=2026-04-09T02:00:00+00:00
[2026-04-08T12:26:52.802+0000] {processor.py:208} INFO - Processing /opt/airflow/dags/Crawl_ETL_ITJob.py took 0.196 seconds
[2026-04-08T12:27:25.181+0000] {processor.py:186} INFO - Started process (PID=376) to work on /opt/airflow/dags/Crawl_ETL_ITJob.py
[2026-04-08T12:27:25.182+0000] {processor.py:914} INFO - Processing file /opt/airflow/dags/Crawl_ETL_ITJob.py for tasks to queue
[2026-04-08T12:27:25.184+0000] {logging_mixin.py:190} INFO - [2026-04-08T12:27:25.184+0000] {dagbag.py:588} INFO - Filling up the DagBag from /opt/airflow/dags/Crawl_ETL_ITJob.py
[2026-04-08T12:27:25.211+0000] {processor.py:925} INFO - DAG(s) 'crawl_etl_itjob' retrieved from /opt/airflow/dags/Crawl_ETL_ITJob.py
[2026-04-08T12:27:25.270+0000] {logging_mixin.py:190} INFO - [2026-04-08T12:27:25.270+0000] {dag.py:3239} INFO - Sync 1 DAGs
[2026-04-08T12:27:25.321+0000] {logging_mixin.py:190} INFO - [2026-04-08T12:27:25.321+0000] {dag.py:4180} INFO - Setting next_dagrun for crawl_etl_itjob to 2026-04-08T02:00:00+00:00, run_after=2026-04-09T02:00:00+00:00
[2026-04-08T12:27:25.369+0000] {processor.py:208} INFO - Processing /opt/airflow/dags/Crawl_ETL_ITJob.py took 0.197 seconds
[2026-04-08T12:27:58.593+0000] {processor.py:186} INFO - Started process (PID=380) to work on /opt/airflow/dags/Crawl_ETL_ITJob.py
[2026-04-08T12:27:58.594+0000] {processor.py:914} INFO - Processing file /opt/airflow/dags/Crawl_ETL_ITJob.py for tasks to queue
[2026-04-08T12:27:58.596+0000] {logging_mixin.py:190} INFO - [2026-04-08T12:27:58.596+0000] {dagbag.py:588} INFO - Filling up the DagBag from /opt/airflow/dags/Crawl_ETL_ITJob.py
[2026-04-08T12:27:58.620+0000] {processor.py:925} INFO - DAG(s) 'crawl_etl_itjob' retrieved from /opt/airflow/dags/Crawl_ETL_ITJob.py
[2026-04-08T12:27:58.674+0000] {logging_mixin.py:190} INFO - [2026-04-08T12:27:58.674+0000] {dag.py:3239} INFO - Sync 1 DAGs
[2026-04-08T12:27:58.735+0000] {logging_mixin.py:190} INFO - [2026-04-08T12:27:58.734+0000] {dag.py:4180} INFO - Setting next_dagrun for crawl_etl_itjob to 2026-04-08T02:00:00+00:00, run_after=2026-04-09T02:00:00+00:00
[2026-04-08T12:27:58.783+0000] {processor.py:208} INFO - Processing /opt/airflow/dags/Crawl_ETL_ITJob.py took 0.197 seconds
[2026-04-08T12:28:31.041+0000] {processor.py:186} INFO - Started process (PID=384) to work on /opt/airflow/dags/Crawl_ETL_ITJob.py
[2026-04-08T12:28:31.042+0000] {processor.py:914} INFO - Processing file /opt/airflow/dags/Crawl_ETL_ITJob.py for tasks to queue
[2026-04-08T12:28:31.043+0000] {logging_mixin.py:190} INFO - [2026-04-08T12:28:31.043+0000] {dagbag.py:588} INFO - Filling up the DagBag from /opt/airflow/dags/Crawl_ETL_ITJob.py
[2026-04-08T12:28:31.069+0000] {processor.py:925} INFO - DAG(s) 'crawl_etl_itjob' retrieved from /opt/airflow/dags/Crawl_ETL_ITJob.py
[2026-04-08T12:28:31.122+0000] {logging_mixin.py:190} INFO - [2026-04-08T12:28:31.122+0000] {dag.py:3239} INFO - Sync 1 DAGs
[2026-04-08T12:28:31.168+0000] {logging_mixin.py:190} INFO - [2026-04-08T12:28:31.167+0000] {dag.py:4180} INFO - Setting next_dagrun for crawl_etl_itjob to 2026-04-08T02:00:00+00:00, run_after=2026-04-09T02:00:00+00:00
[2026-04-08T12:28:31.204+0000] {processor.py:208} INFO - Processing /opt/airflow/dags/Crawl_ETL_ITJob.py took 0.170 seconds
[2026-04-08T12:29:03.522+0000] {processor.py:186} INFO - Started process (PID=388) to work on /opt/airflow/dags/Crawl_ETL_ITJob.py
[2026-04-08T12:29:03.522+0000] {processor.py:914} INFO - Processing file /opt/airflow/dags/Crawl_ETL_ITJob.py for tasks to queue
[2026-04-08T12:29:03.524+0000] {logging_mixin.py:190} INFO - [2026-04-08T12:29:03.524+0000] {dagbag.py:588} INFO - Filling up the DagBag from /opt/airflow/dags/Crawl_ETL_ITJob.py
[2026-04-08T12:29:03.552+0000] {processor.py:925} INFO - DAG(s) 'crawl_etl_itjob' retrieved from /opt/airflow/dags/Crawl_ETL_ITJob.py
[2026-04-08T12:29:03.601+0000] {logging_mixin.py:190} INFO - [2026-04-08T12:29:03.601+0000] {dag.py:3239} INFO - Sync 1 DAGs
[2026-04-08T12:29:03.642+0000] {logging_mixin.py:190} INFO - [2026-04-08T12:29:03.642+0000] {dag.py:4180} INFO - Setting next_dagrun for crawl_etl_itjob to 2026-04-08T02:00:00+00:00, run_after=2026-04-09T02:00:00+00:00
[2026-04-08T12:29:03.693+0000] {processor.py:208} INFO - Processing /opt/airflow/dags/Crawl_ETL_ITJob.py took 0.179 seconds
[2026-04-08T12:29:37.102+0000] {processor.py:186} INFO - Started process (PID=392) to work on /opt/airflow/dags/Crawl_ETL_ITJob.py
[2026-04-08T12:29:37.104+0000] {processor.py:914} INFO - Processing file /opt/airflow/dags/Crawl_ETL_ITJob.py for tasks to queue
[2026-04-08T12:29:37.114+0000] {logging_mixin.py:190} INFO - [2026-04-08T12:29:37.114+0000] {dagbag.py:588} INFO - Filling up the DagBag from /opt/airflow/dags/Crawl_ETL_ITJob.py
[2026-04-08T12:29:37.200+0000] {processor.py:925} INFO - DAG(s) 'crawl_etl_itjob' retrieved from /opt/airflow/dags/Crawl_ETL_ITJob.py
[2026-04-08T12:29:37.341+0000] {logging_mixin.py:190} INFO - [2026-04-08T12:29:37.340+0000] {dag.py:3239} INFO - Sync 1 DAGs
[2026-04-08T12:29:37.435+0000] {logging_mixin.py:190} INFO - [2026-04-08T12:29:37.434+0000] {dag.py:4180} INFO - Setting next_dagrun for crawl_etl_itjob to 2026-04-08T02:00:00+00:00, run_after=2026-04-09T02:00:00+00:00
[2026-04-08T12:29:37.518+0000] {processor.py:208} INFO - Processing /opt/airflow/dags/Crawl_ETL_ITJob.py took 0.466 seconds
[2026-04-08T12:30:09.904+0000] {processor.py:186} INFO - Started process (PID=396) to work on /opt/airflow/dags/Crawl_ETL_ITJob.py
[2026-04-08T12:30:09.906+0000] {processor.py:914} INFO - Processing file /opt/airflow/dags/Crawl_ETL_ITJob.py for tasks to queue
[2026-04-08T12:30:09.908+0000] {logging_mixin.py:190} INFO - [2026-04-08T12:30:09.908+0000] {dagbag.py:588} INFO - Filling up the DagBag from /opt/airflow/dags/Crawl_ETL_ITJob.py
[2026-04-08T12:30:09.944+0000] {processor.py:925} INFO - DAG(s) 'crawl_etl_itjob' retrieved from /opt/airflow/dags/Crawl_ETL_ITJob.py
[2026-04-08T12:30:09.998+0000] {logging_mixin.py:190} INFO - [2026-04-08T12:30:09.998+0000] {dag.py:3239} INFO - Sync 1 DAGs
[2026-04-08T12:30:10.041+0000] {logging_mixin.py:190} INFO - [2026-04-08T12:30:10.041+0000] {dag.py:4180} INFO - Setting next_dagrun for crawl_etl_itjob to 2026-04-08T02:00:00+00:00, run_after=2026-04-09T02:00:00+00:00
[2026-04-08T12:30:10.078+0000] {processor.py:208} INFO - Processing /opt/airflow/dags/Crawl_ETL_ITJob.py took 0.196 seconds
[2026-04-08T12:30:41.752+0000] {processor.py:186} INFO - Started process (PID=400) to work on /opt/airflow/dags/Crawl_ETL_ITJob.py
[2026-04-08T12:30:41.754+0000] {processor.py:914} INFO - Processing file /opt/airflow/dags/Crawl_ETL_ITJob.py for tasks to queue
[2026-04-08T12:30:41.756+0000] {logging_mixin.py:190} INFO - [2026-04-08T12:30:41.756+0000] {dagbag.py:588} INFO - Filling up the DagBag from /opt/airflow/dags/Crawl_ETL_ITJob.py
[2026-04-08T12:30:41.808+0000] {processor.py:925} INFO - DAG(s) 'crawl_etl_itjob' retrieved from /opt/airflow/dags/Crawl_ETL_ITJob.py
[2026-04-08T12:30:41.902+0000] {logging_mixin.py:190} INFO - [2026-04-08T12:30:41.902+0000] {dag.py:3239} INFO - Sync 1 DAGs
[2026-04-08T12:30:42.002+0000] {logging_mixin.py:190} INFO - [2026-04-08T12:30:42.001+0000] {dag.py:4180} INFO - Setting next_dagrun for crawl_etl_itjob to 2026-04-08T02:00:00+00:00, run_after=2026-04-09T02:00:00+00:00
[2026-04-08T12:30:42.049+0000] {processor.py:208} INFO - Processing /opt/airflow/dags/Crawl_ETL_ITJob.py took 0.313 seconds
[2026-04-08T12:31:14.376+0000] {processor.py:186} INFO - Started process (PID=404) to work on /opt/airflow/dags/Crawl_ETL_ITJob.py
[2026-04-08T12:31:14.377+0000] {processor.py:914} INFO - Processing file /opt/airflow/dags/Crawl_ETL_ITJob.py for tasks to queue
[2026-04-08T12:31:14.380+0000] {logging_mixin.py:190} INFO - [2026-04-08T12:31:14.379+0000] {dagbag.py:588} INFO - Filling up the DagBag from /opt/airflow/dags/Crawl_ETL_ITJob.py
[2026-04-08T12:31:14.410+0000] {processor.py:925} INFO - DAG(s) 'crawl_etl_itjob' retrieved from /opt/airflow/dags/Crawl_ETL_ITJob.py
[2026-04-08T12:31:14.472+0000] {logging_mixin.py:190} INFO - [2026-04-08T12:31:14.472+0000] {dag.py:3239} INFO - Sync 1 DAGs
[2026-04-08T12:31:14.524+0000] {logging_mixin.py:190} INFO - [2026-04-08T12:31:14.524+0000] {dag.py:4180} INFO - Setting next_dagrun for crawl_etl_itjob to 2026-04-08T02:00:00+00:00, run_after=2026-04-09T02:00:00+00:00
[2026-04-08T12:31:14.583+0000] {processor.py:208} INFO - Processing /opt/airflow/dags/Crawl_ETL_ITJob.py took 0.214 seconds
[2026-04-08T12:31:47.266+0000] {processor.py:186} INFO - Started process (PID=408) to work on /opt/airflow/dags/Crawl_ETL_ITJob.py
[2026-04-08T12:31:47.267+0000] {processor.py:914} INFO - Processing file /opt/airflow/dags/Crawl_ETL_ITJob.py for tasks to queue
[2026-04-08T12:31:47.270+0000] {logging_mixin.py:190} INFO - [2026-04-08T12:31:47.269+0000] {dagbag.py:588} INFO - Filling up the DagBag from /opt/airflow/dags/Crawl_ETL_ITJob.py
[2026-04-08T12:31:47.305+0000] {processor.py:925} INFO - DAG(s) 'crawl_etl_itjob' retrieved from /opt/airflow/dags/Crawl_ETL_ITJob.py
[2026-04-08T12:31:47.373+0000] {logging_mixin.py:190} INFO - [2026-04-08T12:31:47.373+0000] {dag.py:3239} INFO - Sync 1 DAGs
[2026-04-08T12:31:47.417+0000] {logging_mixin.py:190} INFO - [2026-04-08T12:31:47.417+0000] {dag.py:4180} INFO - Setting next_dagrun for crawl_etl_itjob to 2026-04-08T02:00:00+00:00, run_after=2026-04-09T02:00:00+00:00
[2026-04-08T12:31:47.460+0000] {processor.py:208} INFO - Processing /opt/airflow/dags/Crawl_ETL_ITJob.py took 0.203 seconds
[2026-04-08T12:32:19.842+0000] {processor.py:186} INFO - Started process (PID=412) to work on /opt/airflow/dags/Crawl_ETL_ITJob.py
[2026-04-08T12:32:19.843+0000] {processor.py:914} INFO - Processing file /opt/airflow/dags/Crawl_ETL_ITJob.py for tasks to queue
[2026-04-08T12:32:19.844+0000] {logging_mixin.py:190} INFO - [2026-04-08T12:32:19.844+0000] {dagbag.py:588} INFO - Filling up the DagBag from /opt/airflow/dags/Crawl_ETL_ITJob.py
[2026-04-08T12:32:19.880+0000] {processor.py:925} INFO - DAG(s) 'crawl_etl_itjob' retrieved from /opt/airflow/dags/Crawl_ETL_ITJob.py
[2026-04-08T12:32:19.940+0000] {logging_mixin.py:190} INFO - [2026-04-08T12:32:19.939+0000] {dag.py:3239} INFO - Sync 1 DAGs
[2026-04-08T12:32:19.994+0000] {logging_mixin.py:190} INFO - [2026-04-08T12:32:19.993+0000] {dag.py:4180} INFO - Setting next_dagrun for crawl_etl_itjob to 2026-04-08T02:00:00+00:00, run_after=2026-04-09T02:00:00+00:00
[2026-04-08T12:32:20.043+0000] {processor.py:208} INFO - Processing /opt/airflow/dags/Crawl_ETL_ITJob.py took 0.212 seconds
[2026-04-08T12:32:52.516+0000] {processor.py:186} INFO - Started process (PID=416) to work on /opt/airflow/dags/Crawl_ETL_ITJob.py
[2026-04-08T12:32:52.517+0000] {processor.py:914} INFO - Processing file /opt/airflow/dags/Crawl_ETL_ITJob.py for tasks to queue
[2026-04-08T12:32:52.521+0000] {logging_mixin.py:190} INFO - [2026-04-08T12:32:52.521+0000] {dagbag.py:588} INFO - Filling up the DagBag from /opt/airflow/dags/Crawl_ETL_ITJob.py
[2026-04-08T12:32:52.553+0000] {processor.py:925} INFO - DAG(s) 'crawl_etl_itjob' retrieved from /opt/airflow/dags/Crawl_ETL_ITJob.py
[2026-04-08T12:32:52.624+0000] {logging_mixin.py:190} INFO - [2026-04-08T12:32:52.624+0000] {dag.py:3239} INFO - Sync 1 DAGs
[2026-04-08T12:32:52.689+0000] {logging_mixin.py:190} INFO - [2026-04-08T12:32:52.689+0000] {dag.py:4180} INFO - Setting next_dagrun for crawl_etl_itjob to 2026-04-08T02:00:00+00:00, run_after=2026-04-09T02:00:00+00:00
[2026-04-08T12:32:52.736+0000] {processor.py:208} INFO - Processing /opt/airflow/dags/Crawl_ETL_ITJob.py took 0.230 seconds
[2026-04-08T12:33:26.126+0000] {processor.py:186} INFO - Started process (PID=420) to work on /opt/airflow/dags/Crawl_ETL_ITJob.py
[2026-04-08T12:33:26.127+0000] {processor.py:914} INFO - Processing file /opt/airflow/dags/Crawl_ETL_ITJob.py for tasks to queue
[2026-04-08T12:33:26.129+0000] {logging_mixin.py:190} INFO - [2026-04-08T12:33:26.129+0000] {dagbag.py:588} INFO - Filling up the DagBag from /opt/airflow/dags/Crawl_ETL_ITJob.py
[2026-04-08T12:33:26.155+0000] {processor.py:925} INFO - DAG(s) 'crawl_etl_itjob' retrieved from /opt/airflow/dags/Crawl_ETL_ITJob.py
[2026-04-08T12:33:26.206+0000] {logging_mixin.py:190} INFO - [2026-04-08T12:33:26.206+0000] {dag.py:3239} INFO - Sync 1 DAGs
[2026-04-08T12:33:26.251+0000] {logging_mixin.py:190} INFO - [2026-04-08T12:33:26.251+0000] {dag.py:4180} INFO - Setting next_dagrun for crawl_etl_itjob to 2026-04-08T02:00:00+00:00, run_after=2026-04-09T02:00:00+00:00
[2026-04-08T12:33:26.285+0000] {processor.py:208} INFO - Processing /opt/airflow/dags/Crawl_ETL_ITJob.py took 0.166 seconds
[2026-04-08T12:33:58.738+0000] {processor.py:186} INFO - Started process (PID=424) to work on /opt/airflow/dags/Crawl_ETL_ITJob.py
[2026-04-08T12:33:58.740+0000] {processor.py:914} INFO - Processing file /opt/airflow/dags/Crawl_ETL_ITJob.py for tasks to queue
[2026-04-08T12:33:58.742+0000] {logging_mixin.py:190} INFO - [2026-04-08T12:33:58.742+0000] {dagbag.py:588} INFO - Filling up the DagBag from /opt/airflow/dags/Crawl_ETL_ITJob.py
[2026-04-08T12:33:58.816+0000] {processor.py:925} INFO - DAG(s) 'crawl_etl_itjob' retrieved from /opt/airflow/dags/Crawl_ETL_ITJob.py
[2026-04-08T12:33:58.940+0000] {logging_mixin.py:190} INFO - [2026-04-08T12:33:58.939+0000] {dag.py:3239} INFO - Sync 1 DAGs
[2026-04-08T12:33:59.025+0000] {logging_mixin.py:190} INFO - [2026-04-08T12:33:59.025+0000] {dag.py:4180} INFO - Setting next_dagrun for crawl_etl_itjob to 2026-04-08T02:00:00+00:00, run_after=2026-04-09T02:00:00+00:00
[2026-04-08T12:33:59.082+0000] {processor.py:208} INFO - Processing /opt/airflow/dags/Crawl_ETL_ITJob.py took 0.362 seconds
[2026-04-08T12:34:31.334+0000] {processor.py:186} INFO - Started process (PID=428) to work on /opt/airflow/dags/Crawl_ETL_ITJob.py
[2026-04-08T12:34:31.335+0000] {processor.py:914} INFO - Processing file /opt/airflow/dags/Crawl_ETL_ITJob.py for tasks to queue
[2026-04-08T12:34:31.338+0000] {logging_mixin.py:190} INFO - [2026-04-08T12:34:31.338+0000] {dagbag.py:588} INFO - Filling up the DagBag from /opt/airflow/dags/Crawl_ETL_ITJob.py
[2026-04-08T12:34:31.368+0000] {processor.py:925} INFO - DAG(s) 'crawl_etl_itjob' retrieved from /opt/airflow/dags/Crawl_ETL_ITJob.py
[2026-04-08T12:34:31.439+0000] {logging_mixin.py:190} INFO - [2026-04-08T12:34:31.439+0000] {dag.py:3239} INFO - Sync 1 DAGs
[2026-04-08T12:34:31.499+0000] {logging_mixin.py:190} INFO - [2026-04-08T12:34:31.498+0000] {dag.py:4180} INFO - Setting next_dagrun for crawl_etl_itjob to 2026-04-08T02:00:00+00:00, run_after=2026-04-09T02:00:00+00:00
[2026-04-08T12:34:31.552+0000] {processor.py:208} INFO - Processing /opt/airflow/dags/Crawl_ETL_ITJob.py took 0.226 seconds
[2026-04-08T12:35:03.910+0000] {processor.py:186} INFO - Started process (PID=432) to work on /opt/airflow/dags/Crawl_ETL_ITJob.py
[2026-04-08T12:35:03.911+0000] {processor.py:914} INFO - Processing file /opt/airflow/dags/Crawl_ETL_ITJob.py for tasks to queue
[2026-04-08T12:35:03.912+0000] {logging_mixin.py:190} INFO - [2026-04-08T12:35:03.912+0000] {dagbag.py:588} INFO - Filling up the DagBag from /opt/airflow/dags/Crawl_ETL_ITJob.py
[2026-04-08T12:35:03.943+0000] {processor.py:925} INFO - DAG(s) 'crawl_etl_itjob' retrieved from /opt/airflow/dags/Crawl_ETL_ITJob.py
[2026-04-08T12:35:04.073+0000] {logging_mixin.py:190} INFO - [2026-04-08T12:35:04.073+0000] {dag.py:3239} INFO - Sync 1 DAGs
[2026-04-08T12:35:04.151+0000] {logging_mixin.py:190} INFO - [2026-04-08T12:35:04.151+0000] {dag.py:4180} INFO - Setting next_dagrun for crawl_etl_itjob to 2026-04-08T02:00:00+00:00, run_after=2026-04-09T02:00:00+00:00
[2026-04-08T12:35:04.206+0000] {processor.py:208} INFO - Processing /opt/airflow/dags/Crawl_ETL_ITJob.py took 0.307 seconds
[2026-04-08T12:35:36.552+0000] {processor.py:186} INFO - Started process (PID=436) to work on /opt/airflow/dags/Crawl_ETL_ITJob.py
[2026-04-08T12:35:36.553+0000] {processor.py:914} INFO - Processing file /opt/airflow/dags/Crawl_ETL_ITJob.py for tasks to queue
[2026-04-08T12:35:36.554+0000] {logging_mixin.py:190} INFO - [2026-04-08T12:35:36.554+0000] {dagbag.py:588} INFO - Filling up the DagBag from /opt/airflow/dags/Crawl_ETL_ITJob.py
[2026-04-08T12:35:36.586+0000] {processor.py:925} INFO - DAG(s) 'crawl_etl_itjob' retrieved from /opt/airflow/dags/Crawl_ETL_ITJob.py
[2026-04-08T12:35:36.648+0000] {logging_mixin.py:190} INFO - [2026-04-08T12:35:36.647+0000] {dag.py:3239} INFO - Sync 1 DAGs
[2026-04-08T12:35:36.691+0000] {logging_mixin.py:190} INFO - [2026-04-08T12:35:36.691+0000] {dag.py:4180} INFO - Setting next_dagrun for crawl_etl_itjob to 2026-04-08T02:00:00+00:00, run_after=2026-04-09T02:00:00+00:00
[2026-04-08T12:35:36.737+0000] {processor.py:208} INFO - Processing /opt/airflow/dags/Crawl_ETL_ITJob.py took 0.195 seconds
[2026-04-08T12:36:09.028+0000] {processor.py:186} INFO - Started process (PID=440) to work on /opt/airflow/dags/Crawl_ETL_ITJob.py
[2026-04-08T12:36:09.029+0000] {processor.py:914} INFO - Processing file /opt/airflow/dags/Crawl_ETL_ITJob.py for tasks to queue
[2026-04-08T12:36:09.032+0000] {logging_mixin.py:190} INFO - [2026-04-08T12:36:09.031+0000] {dagbag.py:588} INFO - Filling up the DagBag from /opt/airflow/dags/Crawl_ETL_ITJob.py
[2026-04-08T12:36:09.068+0000] {processor.py:925} INFO - DAG(s) 'crawl_etl_itjob' retrieved from /opt/airflow/dags/Crawl_ETL_ITJob.py
[2026-04-08T12:36:09.130+0000] {logging_mixin.py:190} INFO - [2026-04-08T12:36:09.130+0000] {dag.py:3239} INFO - Sync 1 DAGs
[2026-04-08T12:36:09.183+0000] {logging_mixin.py:190} INFO - [2026-04-08T12:36:09.183+0000] {dag.py:4180} INFO - Setting next_dagrun for crawl_etl_itjob to 2026-04-08T02:00:00+00:00, run_after=2026-04-09T02:00:00+00:00
[2026-04-08T12:36:09.224+0000] {processor.py:208} INFO - Processing /opt/airflow/dags/Crawl_ETL_ITJob.py took 0.205 seconds
[2026-04-08T12:36:41.926+0000] {processor.py:186} INFO - Started process (PID=444) to work on /opt/airflow/dags/Crawl_ETL_ITJob.py
[2026-04-08T12:36:41.927+0000] {processor.py:914} INFO - Processing file /opt/airflow/dags/Crawl_ETL_ITJob.py for tasks to queue
[2026-04-08T12:36:41.930+0000] {logging_mixin.py:190} INFO - [2026-04-08T12:36:41.929+0000] {dagbag.py:588} INFO - Filling up the DagBag from /opt/airflow/dags/Crawl_ETL_ITJob.py
[2026-04-08T12:36:41.979+0000] {processor.py:925} INFO - DAG(s) 'crawl_etl_itjob' retrieved from /opt/airflow/dags/Crawl_ETL_ITJob.py
[2026-04-08T12:36:42.054+0000] {logging_mixin.py:190} INFO - [2026-04-08T12:36:42.053+0000] {dag.py:3239} INFO - Sync 1 DAGs
[2026-04-08T12:36:42.112+0000] {logging_mixin.py:190} INFO - [2026-04-08T12:36:42.112+0000] {dag.py:4180} INFO - Setting next_dagrun for crawl_etl_itjob to 2026-04-08T02:00:00+00:00, run_after=2026-04-09T02:00:00+00:00
[2026-04-08T12:36:42.166+0000] {processor.py:208} INFO - Processing /opt/airflow/dags/Crawl_ETL_ITJob.py took 0.263 seconds
[2026-04-08T12:37:14.552+0000] {processor.py:186} INFO - Started process (PID=448) to work on /opt/airflow/dags/Crawl_ETL_ITJob.py
[2026-04-08T12:37:14.553+0000] {processor.py:914} INFO - Processing file /opt/airflow/dags/Crawl_ETL_ITJob.py for tasks to queue
[2026-04-08T12:37:14.554+0000] {logging_mixin.py:190} INFO - [2026-04-08T12:37:14.554+0000] {dagbag.py:588} INFO - Filling up the DagBag from /opt/airflow/dags/Crawl_ETL_ITJob.py
[2026-04-08T12:37:14.579+0000] {processor.py:925} INFO - DAG(s) 'crawl_etl_itjob' retrieved from /opt/airflow/dags/Crawl_ETL_ITJob.py
[2026-04-08T12:37:14.642+0000] {logging_mixin.py:190} INFO - [2026-04-08T12:37:14.642+0000] {dag.py:3239} INFO - Sync 1 DAGs
[2026-04-08T12:37:14.695+0000] {logging_mixin.py:190} INFO - [2026-04-08T12:37:14.695+0000] {dag.py:4180} INFO - Setting next_dagrun for crawl_etl_itjob to 2026-04-08T02:00:00+00:00, run_after=2026-04-09T02:00:00+00:00
[2026-04-08T12:37:14.742+0000] {processor.py:208} INFO - Processing /opt/airflow/dags/Crawl_ETL_ITJob.py took 0.197 seconds
[2026-04-08T12:37:47.201+0000] {processor.py:186} INFO - Started process (PID=452) to work on /opt/airflow/dags/Crawl_ETL_ITJob.py
[2026-04-08T12:37:47.203+0000] {processor.py:914} INFO - Processing file /opt/airflow/dags/Crawl_ETL_ITJob.py for tasks to queue
[2026-04-08T12:37:47.205+0000] {logging_mixin.py:190} INFO - [2026-04-08T12:37:47.205+0000] {dagbag.py:588} INFO - Filling up the DagBag from /opt/airflow/dags/Crawl_ETL_ITJob.py
[2026-04-08T12:37:47.228+0000] {processor.py:925} INFO - DAG(s) 'crawl_etl_itjob' retrieved from /opt/airflow/dags/Crawl_ETL_ITJob.py
[2026-04-08T12:37:47.283+0000] {logging_mixin.py:190} INFO - [2026-04-08T12:37:47.283+0000] {dag.py:3239} INFO - Sync 1 DAGs
[2026-04-08T12:37:47.328+0000] {logging_mixin.py:190} INFO - [2026-04-08T12:37:47.328+0000] {dag.py:4180} INFO - Setting next_dagrun for crawl_etl_itjob to 2026-04-08T02:00:00+00:00, run_after=2026-04-09T02:00:00+00:00
[2026-04-08T12:37:47.375+0000] {processor.py:208} INFO - Processing /opt/airflow/dags/Crawl_ETL_ITJob.py took 0.184 seconds
[2026-04-08T12:38:20.091+0000] {processor.py:186} INFO - Started process (PID=456) to work on /opt/airflow/dags/Crawl_ETL_ITJob.py
[2026-04-08T12:38:20.092+0000] {processor.py:914} INFO - Processing file /opt/airflow/dags/Crawl_ETL_ITJob.py for tasks to queue
[2026-04-08T12:38:20.098+0000] {logging_mixin.py:190} INFO - [2026-04-08T12:38:20.098+0000] {dagbag.py:588} INFO - Filling up the DagBag from /opt/airflow/dags/Crawl_ETL_ITJob.py
[2026-04-08T12:38:20.124+0000] {processor.py:925} INFO - DAG(s) 'crawl_etl_itjob' retrieved from /opt/airflow/dags/Crawl_ETL_ITJob.py
[2026-04-08T12:38:20.178+0000] {logging_mixin.py:190} INFO - [2026-04-08T12:38:20.177+0000] {dag.py:3239} INFO - Sync 1 DAGs
[2026-04-08T12:38:20.222+0000] {logging_mixin.py:190} INFO - [2026-04-08T12:38:20.221+0000] {dag.py:4180} INFO - Setting next_dagrun for crawl_etl_itjob to 2026-04-08T02:00:00+00:00, run_after=2026-04-09T02:00:00+00:00
[2026-04-08T12:38:20.267+0000] {processor.py:208} INFO - Processing /opt/airflow/dags/Crawl_ETL_ITJob.py took 0.185 seconds
[2026-04-08T12:38:52.755+0000] {processor.py:186} INFO - Started process (PID=460) to work on /opt/airflow/dags/Crawl_ETL_ITJob.py
[2026-04-08T12:38:52.761+0000] {processor.py:914} INFO - Processing file /opt/airflow/dags/Crawl_ETL_ITJob.py for tasks to queue
[2026-04-08T12:38:52.763+0000] {logging_mixin.py:190} INFO - [2026-04-08T12:38:52.763+0000] {dagbag.py:588} INFO - Filling up the DagBag from /opt/airflow/dags/Crawl_ETL_ITJob.py
[2026-04-08T12:38:52.788+0000] {processor.py:925} INFO - DAG(s) 'crawl_etl_itjob' retrieved from /opt/airflow/dags/Crawl_ETL_ITJob.py
[2026-04-08T12:38:52.843+0000] {logging_mixin.py:190} INFO - [2026-04-08T12:38:52.843+0000] {dag.py:3239} INFO - Sync 1 DAGs
[2026-04-08T12:38:52.896+0000] {logging_mixin.py:190} INFO - [2026-04-08T12:38:52.896+0000] {dag.py:4180} INFO - Setting next_dagrun for crawl_etl_itjob to 2026-04-08T02:00:00+00:00, run_after=2026-04-09T02:00:00+00:00
[2026-04-08T12:38:52.945+0000] {processor.py:208} INFO - Processing /opt/airflow/dags/Crawl_ETL_ITJob.py took 0.195 seconds
[2026-04-08T12:39:26.159+0000] {processor.py:186} INFO - Started process (PID=464) to work on /opt/airflow/dags/Crawl_ETL_ITJob.py
[2026-04-08T12:39:26.160+0000] {processor.py:914} INFO - Processing file /opt/airflow/dags/Crawl_ETL_ITJob.py for tasks to queue
[2026-04-08T12:39:26.162+0000] {logging_mixin.py:190} INFO - [2026-04-08T12:39:26.162+0000] {dagbag.py:588} INFO - Filling up the DagBag from /opt/airflow/dags/Crawl_ETL_ITJob.py
[2026-04-08T12:39:26.185+0000] {processor.py:925} INFO - DAG(s) 'crawl_etl_itjob' retrieved from /opt/airflow/dags/Crawl_ETL_ITJob.py
[2026-04-08T12:39:26.236+0000] {logging_mixin.py:190} INFO - [2026-04-08T12:39:26.236+0000] {dag.py:3239} INFO - Sync 1 DAGs
[2026-04-08T12:39:26.278+0000] {logging_mixin.py:190} INFO - [2026-04-08T12:39:26.278+0000] {dag.py:4180} INFO - Setting next_dagrun for crawl_etl_itjob to 2026-04-08T02:00:00+00:00, run_after=2026-04-09T02:00:00+00:00
[2026-04-08T12:39:26.314+0000] {processor.py:208} INFO - Processing /opt/airflow/dags/Crawl_ETL_ITJob.py took 0.163 seconds
[2026-04-08T12:39:58.508+0000] {processor.py:186} INFO - Started process (PID=468) to work on /opt/airflow/dags/Crawl_ETL_ITJob.py
[2026-04-08T12:39:58.508+0000] {processor.py:914} INFO - Processing file /opt/airflow/dags/Crawl_ETL_ITJob.py for tasks to queue
[2026-04-08T12:39:58.509+0000] {logging_mixin.py:190} INFO - [2026-04-08T12:39:58.509+0000] {dagbag.py:588} INFO - Filling up the DagBag from /opt/airflow/dags/Crawl_ETL_ITJob.py
[2026-04-08T12:39:58.531+0000] {processor.py:925} INFO - DAG(s) 'crawl_etl_itjob' retrieved from /opt/airflow/dags/Crawl_ETL_ITJob.py
[2026-04-08T12:39:58.589+0000] {logging_mixin.py:190} INFO - [2026-04-08T12:39:58.588+0000] {dag.py:3239} INFO - Sync 1 DAGs
[2026-04-08T12:39:58.631+0000] {logging_mixin.py:190} INFO - [2026-04-08T12:39:58.630+0000] {dag.py:4180} INFO - Setting next_dagrun for crawl_etl_itjob to 2026-04-08T02:00:00+00:00, run_after=2026-04-09T02:00:00+00:00
[2026-04-08T12:39:58.665+0000] {processor.py:208} INFO - Processing /opt/airflow/dags/Crawl_ETL_ITJob.py took 0.164 seconds
[2026-04-08T12:40:31.107+0000] {processor.py:186} INFO - Started process (PID=472) to work on /opt/airflow/dags/Crawl_ETL_ITJob.py
[2026-04-08T12:40:31.108+0000] {processor.py:914} INFO - Processing file /opt/airflow/dags/Crawl_ETL_ITJob.py for tasks to queue
[2026-04-08T12:40:31.109+0000] {logging_mixin.py:190} INFO - [2026-04-08T12:40:31.109+0000] {dagbag.py:588} INFO - Filling up the DagBag from /opt/airflow/dags/Crawl_ETL_ITJob.py
[2026-04-08T12:40:31.134+0000] {processor.py:925} INFO - DAG(s) 'crawl_etl_itjob' retrieved from /opt/airflow/dags/Crawl_ETL_ITJob.py
[2026-04-08T12:40:31.206+0000] {logging_mixin.py:190} INFO - [2026-04-08T12:40:31.203+0000] {dag.py:3239} INFO - Sync 1 DAGs
[2026-04-08T12:40:31.275+0000] {logging_mixin.py:190} INFO - [2026-04-08T12:40:31.275+0000] {dag.py:4180} INFO - Setting next_dagrun for crawl_etl_itjob to 2026-04-08T02:00:00+00:00, run_after=2026-04-09T02:00:00+00:00
[2026-04-08T12:40:31.315+0000] {processor.py:208} INFO - Processing /opt/airflow/dags/Crawl_ETL_ITJob.py took 0.215 seconds
[2026-04-08T12:41:03.515+0000] {processor.py:186} INFO - Started process (PID=476) to work on /opt/airflow/dags/Crawl_ETL_ITJob.py
[2026-04-08T12:41:03.515+0000] {processor.py:914} INFO - Processing file /opt/airflow/dags/Crawl_ETL_ITJob.py for tasks to queue
[2026-04-08T12:41:03.518+0000] {logging_mixin.py:190} INFO - [2026-04-08T12:41:03.517+0000] {dagbag.py:588} INFO - Filling up the DagBag from /opt/airflow/dags/Crawl_ETL_ITJob.py
[2026-04-08T12:41:03.541+0000] {processor.py:925} INFO - DAG(s) 'crawl_etl_itjob' retrieved from /opt/airflow/dags/Crawl_ETL_ITJob.py
[2026-04-08T12:41:03.591+0000] {logging_mixin.py:190} INFO - [2026-04-08T12:41:03.591+0000] {dag.py:3239} INFO - Sync 1 DAGs
[2026-04-08T12:41:03.628+0000] {logging_mixin.py:190} INFO - [2026-04-08T12:41:03.627+0000] {dag.py:4180} INFO - Setting next_dagrun for crawl_etl_itjob to 2026-04-08T02:00:00+00:00, run_after=2026-04-09T02:00:00+00:00
[2026-04-08T12:41:03.667+0000] {processor.py:208} INFO - Processing /opt/airflow/dags/Crawl_ETL_ITJob.py took 0.160 seconds
[2026-04-08T12:41:36.187+0000] {processor.py:186} INFO - Started process (PID=480) to work on /opt/airflow/dags/Crawl_ETL_ITJob.py
[2026-04-08T12:41:36.187+0000] {processor.py:914} INFO - Processing file /opt/airflow/dags/Crawl_ETL_ITJob.py for tasks to queue
[2026-04-08T12:41:36.189+0000] {logging_mixin.py:190} INFO - [2026-04-08T12:41:36.189+0000] {dagbag.py:588} INFO - Filling up the DagBag from /opt/airflow/dags/Crawl_ETL_ITJob.py
[2026-04-08T12:41:36.209+0000] {processor.py:925} INFO - DAG(s) 'crawl_etl_itjob' retrieved from /opt/airflow/dags/Crawl_ETL_ITJob.py
[2026-04-08T12:41:36.261+0000] {logging_mixin.py:190} INFO - [2026-04-08T12:41:36.261+0000] {dag.py:3239} INFO - Sync 1 DAGs
[2026-04-08T12:41:36.302+0000] {logging_mixin.py:190} INFO - [2026-04-08T12:41:36.302+0000] {dag.py:4180} INFO - Setting next_dagrun for crawl_etl_itjob to 2026-04-08T02:00:00+00:00, run_after=2026-04-09T02:00:00+00:00
[2026-04-08T12:41:36.354+0000] {processor.py:208} INFO - Processing /opt/airflow/dags/Crawl_ETL_ITJob.py took 0.173 seconds
[2026-04-08T12:42:09.589+0000] {processor.py:186} INFO - Started process (PID=484) to work on /opt/airflow/dags/Crawl_ETL_ITJob.py
[2026-04-08T12:42:09.590+0000] {processor.py:914} INFO - Processing file /opt/airflow/dags/Crawl_ETL_ITJob.py for tasks to queue
[2026-04-08T12:42:09.591+0000] {logging_mixin.py:190} INFO - [2026-04-08T12:42:09.591+0000] {dagbag.py:588} INFO - Filling up the DagBag from /opt/airflow/dags/Crawl_ETL_ITJob.py
[2026-04-08T12:42:09.613+0000] {processor.py:925} INFO - DAG(s) 'crawl_etl_itjob' retrieved from /opt/airflow/dags/Crawl_ETL_ITJob.py
[2026-04-08T12:42:09.670+0000] {logging_mixin.py:190} INFO - [2026-04-08T12:42:09.670+0000] {dag.py:3239} INFO - Sync 1 DAGs
[2026-04-08T12:42:09.710+0000] {logging_mixin.py:190} INFO - [2026-04-08T12:42:09.710+0000] {dag.py:4180} INFO - Setting next_dagrun for crawl_etl_itjob to 2026-04-08T02:00:00+00:00, run_after=2026-04-09T02:00:00+00:00
[2026-04-08T12:42:09.742+0000] {processor.py:208} INFO - Processing /opt/airflow/dags/Crawl_ETL_ITJob.py took 0.159 seconds
[2026-04-08T12:42:41.976+0000] {processor.py:186} INFO - Started process (PID=488) to work on /opt/airflow/dags/Crawl_ETL_ITJob.py
[2026-04-08T12:42:41.977+0000] {processor.py:914} INFO - Processing file /opt/airflow/dags/Crawl_ETL_ITJob.py for tasks to queue
[2026-04-08T12:42:41.979+0000] {logging_mixin.py:190} INFO - [2026-04-08T12:42:41.978+0000] {dagbag.py:588} INFO - Filling up the DagBag from /opt/airflow/dags/Crawl_ETL_ITJob.py
[2026-04-08T12:42:42.004+0000] {processor.py:925} INFO - DAG(s) 'crawl_etl_itjob' retrieved from /opt/airflow/dags/Crawl_ETL_ITJob.py
[2026-04-08T12:42:42.075+0000] {logging_mixin.py:190} INFO - [2026-04-08T12:42:42.074+0000] {dag.py:3239} INFO - Sync 1 DAGs
[2026-04-08T12:42:42.141+0000] {logging_mixin.py:190} INFO - [2026-04-08T12:42:42.140+0000] {dag.py:4180} INFO - Setting next_dagrun for crawl_etl_itjob to 2026-04-08T02:00:00+00:00, run_after=2026-04-09T02:00:00+00:00
[2026-04-08T12:42:42.189+0000] {processor.py:208} INFO - Processing /opt/airflow/dags/Crawl_ETL_ITJob.py took 0.221 seconds
[2026-04-08T12:43:14.448+0000] {processor.py:186} INFO - Started process (PID=492) to work on /opt/airflow/dags/Crawl_ETL_ITJob.py
[2026-04-08T12:43:14.448+0000] {processor.py:914} INFO - Processing file /opt/airflow/dags/Crawl_ETL_ITJob.py for tasks to queue
[2026-04-08T12:43:14.450+0000] {logging_mixin.py:190} INFO - [2026-04-08T12:43:14.450+0000] {dagbag.py:588} INFO - Filling up the DagBag from /opt/airflow/dags/Crawl_ETL_ITJob.py
[2026-04-08T12:43:14.474+0000] {processor.py:925} INFO - DAG(s) 'crawl_etl_itjob' retrieved from /opt/airflow/dags/Crawl_ETL_ITJob.py
[2026-04-08T12:43:14.525+0000] {logging_mixin.py:190} INFO - [2026-04-08T12:43:14.525+0000] {dag.py:3239} INFO - Sync 1 DAGs
[2026-04-08T12:43:14.565+0000] {logging_mixin.py:190} INFO - [2026-04-08T12:43:14.564+0000] {dag.py:4180} INFO - Setting next_dagrun for crawl_etl_itjob to 2026-04-08T02:00:00+00:00, run_after=2026-04-09T02:00:00+00:00
[2026-04-08T12:43:14.610+0000] {processor.py:208} INFO - Processing /opt/airflow/dags/Crawl_ETL_ITJob.py took 0.168 seconds
[2026-04-08T12:43:47.854+0000] {processor.py:186} INFO - Started process (PID=496) to work on /opt/airflow/dags/Crawl_ETL_ITJob.py
[2026-04-08T12:43:47.855+0000] {processor.py:914} INFO - Processing file /opt/airflow/dags/Crawl_ETL_ITJob.py for tasks to queue
[2026-04-08T12:43:47.856+0000] {logging_mixin.py:190} INFO - [2026-04-08T12:43:47.856+0000] {dagbag.py:588} INFO - Filling up the DagBag from /opt/airflow/dags/Crawl_ETL_ITJob.py
[2026-04-08T12:43:47.876+0000] {processor.py:925} INFO - DAG(s) 'crawl_etl_itjob' retrieved from /opt/airflow/dags/Crawl_ETL_ITJob.py
[2026-04-08T12:43:47.923+0000] {logging_mixin.py:190} INFO - [2026-04-08T12:43:47.922+0000] {dag.py:3239} INFO - Sync 1 DAGs
[2026-04-08T12:43:47.967+0000] {logging_mixin.py:190} INFO - [2026-04-08T12:43:47.967+0000] {dag.py:4180} INFO - Setting next_dagrun for crawl_etl_itjob to 2026-04-08T02:00:00+00:00, run_after=2026-04-09T02:00:00+00:00
[2026-04-08T12:43:48.006+0000] {processor.py:208} INFO - Processing /opt/airflow/dags/Crawl_ETL_ITJob.py took 0.157 seconds
[2026-04-08T12:44:20.207+0000] {processor.py:186} INFO - Started process (PID=500) to work on /opt/airflow/dags/Crawl_ETL_ITJob.py
[2026-04-08T12:44:20.208+0000] {processor.py:914} INFO - Processing file /opt/airflow/dags/Crawl_ETL_ITJob.py for tasks to queue
[2026-04-08T12:44:20.210+0000] {logging_mixin.py:190} INFO - [2026-04-08T12:44:20.209+0000] {dagbag.py:588} INFO - Filling up the DagBag from /opt/airflow/dags/Crawl_ETL_ITJob.py
[2026-04-08T12:44:20.241+0000] {processor.py:925} INFO - DAG(s) 'crawl_etl_itjob' retrieved from /opt/airflow/dags/Crawl_ETL_ITJob.py
[2026-04-08T12:44:20.550+0000] {logging_mixin.py:190} INFO - [2026-04-08T12:44:20.549+0000] {dag.py:3239} INFO - Sync 1 DAGs
[2026-04-08T12:44:20.625+0000] {logging_mixin.py:190} INFO - [2026-04-08T12:44:20.625+0000] {dag.py:4180} INFO - Setting next_dagrun for crawl_etl_itjob to 2026-04-08T02:00:00+00:00, run_after=2026-04-09T02:00:00+00:00
[2026-04-08T12:44:20.669+0000] {processor.py:208} INFO - Processing /opt/airflow/dags/Crawl_ETL_ITJob.py took 0.470 seconds
[2026-04-08T12:44:52.902+0000] {processor.py:186} INFO - Started process (PID=504) to work on /opt/airflow/dags/Crawl_ETL_ITJob.py
[2026-04-08T12:44:52.903+0000] {processor.py:914} INFO - Processing file /opt/airflow/dags/Crawl_ETL_ITJob.py for tasks to queue
[2026-04-08T12:44:52.905+0000] {logging_mixin.py:190} INFO - [2026-04-08T12:44:52.905+0000] {dagbag.py:588} INFO - Filling up the DagBag from /opt/airflow/dags/Crawl_ETL_ITJob.py
[2026-04-08T12:44:52.938+0000] {processor.py:925} INFO - DAG(s) 'crawl_etl_itjob' retrieved from /opt/airflow/dags/Crawl_ETL_ITJob.py
[2026-04-08T12:44:52.994+0000] {logging_mixin.py:190} INFO - [2026-04-08T12:44:52.994+0000] {dag.py:3239} INFO - Sync 1 DAGs
[2026-04-08T12:44:53.038+0000] {logging_mixin.py:190} INFO - [2026-04-08T12:44:53.038+0000] {dag.py:4180} INFO - Setting next_dagrun for crawl_etl_itjob to 2026-04-08T02:00:00+00:00, run_after=2026-04-09T02:00:00+00:00
[2026-04-08T12:44:53.077+0000] {processor.py:208} INFO - Processing /opt/airflow/dags/Crawl_ETL_ITJob.py took 0.182 seconds
[2026-04-08T12:45:25.347+0000] {processor.py:186} INFO - Started process (PID=508) to work on /opt/airflow/dags/Crawl_ETL_ITJob.py
[2026-04-08T12:45:25.348+0000] {processor.py:914} INFO - Processing file /opt/airflow/dags/Crawl_ETL_ITJob.py for tasks to queue
[2026-04-08T12:45:25.351+0000] {logging_mixin.py:190} INFO - [2026-04-08T12:45:25.350+0000] {dagbag.py:588} INFO - Filling up the DagBag from /opt/airflow/dags/Crawl_ETL_ITJob.py
[2026-04-08T12:45:25.379+0000] {processor.py:925} INFO - DAG(s) 'crawl_etl_itjob' retrieved from /opt/airflow/dags/Crawl_ETL_ITJob.py
[2026-04-08T12:45:25.441+0000] {logging_mixin.py:190} INFO - [2026-04-08T12:45:25.441+0000] {dag.py:3239} INFO - Sync 1 DAGs
[2026-04-08T12:45:25.486+0000] {logging_mixin.py:190} INFO - [2026-04-08T12:45:25.485+0000] {dag.py:4180} INFO - Setting next_dagrun for crawl_etl_itjob to 2026-04-08T02:00:00+00:00, run_after=2026-04-09T02:00:00+00:00
[2026-04-08T12:45:25.526+0000] {processor.py:208} INFO - Processing /opt/airflow/dags/Crawl_ETL_ITJob.py took 0.189 seconds
[2026-04-08T12:45:58.745+0000] {processor.py:186} INFO - Started process (PID=512) to work on /opt/airflow/dags/Crawl_ETL_ITJob.py
[2026-04-08T12:45:58.746+0000] {processor.py:914} INFO - Processing file /opt/airflow/dags/Crawl_ETL_ITJob.py for tasks to queue
[2026-04-08T12:45:58.749+0000] {logging_mixin.py:190} INFO - [2026-04-08T12:45:58.749+0000] {dagbag.py:588} INFO - Filling up the DagBag from /opt/airflow/dags/Crawl_ETL_ITJob.py
[2026-04-08T12:45:58.778+0000] {processor.py:925} INFO - DAG(s) 'crawl_etl_itjob' retrieved from /opt/airflow/dags/Crawl_ETL_ITJob.py
[2026-04-08T12:45:58.831+0000] {logging_mixin.py:190} INFO - [2026-04-08T12:45:58.830+0000] {dag.py:3239} INFO - Sync 1 DAGs
[2026-04-08T12:45:58.870+0000] {logging_mixin.py:190} INFO - [2026-04-08T12:45:58.870+0000] {dag.py:4180} INFO - Setting next_dagrun for crawl_etl_itjob to 2026-04-08T02:00:00+00:00, run_after=2026-04-09T02:00:00+00:00
[2026-04-08T12:45:58.914+0000] {processor.py:208} INFO - Processing /opt/airflow/dags/Crawl_ETL_ITJob.py took 0.177 seconds
[2026-04-08T12:46:31.599+0000] {processor.py:186} INFO - Started process (PID=516) to work on /opt/airflow/dags/Crawl_ETL_ITJob.py
[2026-04-08T12:46:31.600+0000] {processor.py:914} INFO - Processing file /opt/airflow/dags/Crawl_ETL_ITJob.py for tasks to queue
[2026-04-08T12:46:31.603+0000] {logging_mixin.py:190} INFO - [2026-04-08T12:46:31.602+0000] {dagbag.py:588} INFO - Filling up the DagBag from /opt/airflow/dags/Crawl_ETL_ITJob.py
[2026-04-08T12:46:31.640+0000] {processor.py:925} INFO - DAG(s) 'crawl_etl_itjob' retrieved from /opt/airflow/dags/Crawl_ETL_ITJob.py
[2026-04-08T12:46:31.708+0000] {logging_mixin.py:190} INFO - [2026-04-08T12:46:31.708+0000] {dag.py:3239} INFO - Sync 1 DAGs
[2026-04-08T12:46:31.753+0000] {logging_mixin.py:190} INFO - [2026-04-08T12:46:31.753+0000] {dag.py:4180} INFO - Setting next_dagrun for crawl_etl_itjob to 2026-04-08T02:00:00+00:00, run_after=2026-04-09T02:00:00+00:00
[2026-04-08T12:46:31.794+0000] {processor.py:208} INFO - Processing /opt/airflow/dags/Crawl_ETL_ITJob.py took 0.206 seconds
[2026-04-08T12:47:04.028+0000] {processor.py:186} INFO - Started process (PID=520) to work on /opt/airflow/dags/Crawl_ETL_ITJob.py
[2026-04-08T12:47:04.029+0000] {processor.py:914} INFO - Processing file /opt/airflow/dags/Crawl_ETL_ITJob.py for tasks to queue
[2026-04-08T12:47:04.030+0000] {logging_mixin.py:190} INFO - [2026-04-08T12:47:04.030+0000] {dagbag.py:588} INFO - Filling up the DagBag from /opt/airflow/dags/Crawl_ETL_ITJob.py
[2026-04-08T12:47:04.058+0000] {processor.py:925} INFO - DAG(s) 'crawl_etl_itjob' retrieved from /opt/airflow/dags/Crawl_ETL_ITJob.py
[2026-04-08T12:47:04.122+0000] {logging_mixin.py:190} INFO - [2026-04-08T12:47:04.122+0000] {dag.py:3239} INFO - Sync 1 DAGs
[2026-04-08T12:47:04.169+0000] {logging_mixin.py:190} INFO - [2026-04-08T12:47:04.169+0000] {dag.py:4180} INFO - Setting next_dagrun for crawl_etl_itjob to 2026-04-08T02:00:00+00:00, run_after=2026-04-09T02:00:00+00:00
[2026-04-08T12:47:04.209+0000] {processor.py:208} INFO - Processing /opt/airflow/dags/Crawl_ETL_ITJob.py took 0.189 seconds
[2026-04-08T12:47:36.398+0000] {processor.py:186} INFO - Started process (PID=524) to work on /opt/airflow/dags/Crawl_ETL_ITJob.py
[2026-04-08T12:47:36.399+0000] {processor.py:914} INFO - Processing file /opt/airflow/dags/Crawl_ETL_ITJob.py for tasks to queue
[2026-04-08T12:47:36.401+0000] {logging_mixin.py:190} INFO - [2026-04-08T12:47:36.400+0000] {dagbag.py:588} INFO - Filling up the DagBag from /opt/airflow/dags/Crawl_ETL_ITJob.py
[2026-04-08T12:47:36.420+0000] {processor.py:925} INFO - DAG(s) 'crawl_etl_itjob' retrieved from /opt/airflow/dags/Crawl_ETL_ITJob.py
[2026-04-08T12:47:36.467+0000] {logging_mixin.py:190} INFO - [2026-04-08T12:47:36.466+0000] {dag.py:3239} INFO - Sync 1 DAGs
[2026-04-08T12:47:36.509+0000] {logging_mixin.py:190} INFO - [2026-04-08T12:47:36.509+0000] {dag.py:4180} INFO - Setting next_dagrun for crawl_etl_itjob to 2026-04-08T02:00:00+00:00, run_after=2026-04-09T02:00:00+00:00
[2026-04-08T12:47:36.546+0000] {processor.py:208} INFO - Processing /opt/airflow/dags/Crawl_ETL_ITJob.py took 0.153 seconds
[2026-04-08T12:48:09.802+0000] {processor.py:186} INFO - Started process (PID=528) to work on /opt/airflow/dags/Crawl_ETL_ITJob.py
[2026-04-08T12:48:09.803+0000] {processor.py:914} INFO - Processing file /opt/airflow/dags/Crawl_ETL_ITJob.py for tasks to queue
[2026-04-08T12:48:09.805+0000] {logging_mixin.py:190} INFO - [2026-04-08T12:48:09.805+0000] {dagbag.py:588} INFO - Filling up the DagBag from /opt/airflow/dags/Crawl_ETL_ITJob.py
[2026-04-08T12:48:09.833+0000] {processor.py:925} INFO - DAG(s) 'crawl_etl_itjob' retrieved from /opt/airflow/dags/Crawl_ETL_ITJob.py
[2026-04-08T12:48:09.894+0000] {logging_mixin.py:190} INFO - [2026-04-08T12:48:09.894+0000] {dag.py:3239} INFO - Sync 1 DAGs
[2026-04-08T12:48:09.939+0000] {logging_mixin.py:190} INFO - [2026-04-08T12:48:09.939+0000] {dag.py:4180} INFO - Setting next_dagrun for crawl_etl_itjob to 2026-04-08T02:00:00+00:00, run_after=2026-04-09T02:00:00+00:00
[2026-04-08T12:48:09.978+0000] {processor.py:208} INFO - Processing /opt/airflow/dags/Crawl_ETL_ITJob.py took 0.189 seconds
[2026-04-08T12:48:42.224+0000] {processor.py:186} INFO - Started process (PID=532) to work on /opt/airflow/dags/Crawl_ETL_ITJob.py
[2026-04-08T12:48:42.225+0000] {processor.py:914} INFO - Processing file /opt/airflow/dags/Crawl_ETL_ITJob.py for tasks to queue
[2026-04-08T12:48:42.226+0000] {logging_mixin.py:190} INFO - [2026-04-08T12:48:42.226+0000] {dagbag.py:588} INFO - Filling up the DagBag from /opt/airflow/dags/Crawl_ETL_ITJob.py
[2026-04-08T12:48:42.253+0000] {processor.py:925} INFO - DAG(s) 'crawl_etl_itjob' retrieved from /opt/airflow/dags/Crawl_ETL_ITJob.py
[2026-04-08T12:48:42.311+0000] {logging_mixin.py:190} INFO - [2026-04-08T12:48:42.311+0000] {dag.py:3239} INFO - Sync 1 DAGs
[2026-04-08T12:48:42.363+0000] {logging_mixin.py:190} INFO - [2026-04-08T12:48:42.362+0000] {dag.py:4180} INFO - Setting next_dagrun for crawl_etl_itjob to 2026-04-08T02:00:00+00:00, run_after=2026-04-09T02:00:00+00:00
[2026-04-08T12:48:42.412+0000] {processor.py:208} INFO - Processing /opt/airflow/dags/Crawl_ETL_ITJob.py took 0.195 seconds
[2026-04-08T12:49:14.671+0000] {processor.py:186} INFO - Started process (PID=536) to work on /opt/airflow/dags/Crawl_ETL_ITJob.py
[2026-04-08T12:49:14.671+0000] {processor.py:914} INFO - Processing file /opt/airflow/dags/Crawl_ETL_ITJob.py for tasks to queue
[2026-04-08T12:49:14.673+0000] {logging_mixin.py:190} INFO - [2026-04-08T12:49:14.673+0000] {dagbag.py:588} INFO - Filling up the DagBag from /opt/airflow/dags/Crawl_ETL_ITJob.py
[2026-04-08T12:49:14.699+0000] {processor.py:925} INFO - DAG(s) 'crawl_etl_itjob' retrieved from /opt/airflow/dags/Crawl_ETL_ITJob.py
[2026-04-08T12:49:14.749+0000] {logging_mixin.py:190} INFO - [2026-04-08T12:49:14.749+0000] {dag.py:3239} INFO - Sync 1 DAGs
[2026-04-08T12:49:14.803+0000] {logging_mixin.py:190} INFO - [2026-04-08T12:49:14.803+0000] {dag.py:4180} INFO - Setting next_dagrun for crawl_etl_itjob to 2026-04-08T02:00:00+00:00, run_after=2026-04-09T02:00:00+00:00
[2026-04-08T12:49:14.845+0000] {processor.py:208} INFO - Processing /opt/airflow/dags/Crawl_ETL_ITJob.py took 0.180 seconds
[2026-04-08T12:49:48.105+0000] {processor.py:186} INFO - Started process (PID=540) to work on /opt/airflow/dags/Crawl_ETL_ITJob.py
[2026-04-08T12:49:48.106+0000] {processor.py:914} INFO - Processing file /opt/airflow/dags/Crawl_ETL_ITJob.py for tasks to queue
[2026-04-08T12:49:48.108+0000] {logging_mixin.py:190} INFO - [2026-04-08T12:49:48.108+0000] {dagbag.py:588} INFO - Filling up the DagBag from /opt/airflow/dags/Crawl_ETL_ITJob.py
[2026-04-08T12:49:48.130+0000] {processor.py:925} INFO - DAG(s) 'crawl_etl_itjob' retrieved from /opt/airflow/dags/Crawl_ETL_ITJob.py
[2026-04-08T12:49:48.175+0000] {logging_mixin.py:190} INFO - [2026-04-08T12:49:48.174+0000] {dag.py:3239} INFO - Sync 1 DAGs
[2026-04-08T12:49:48.216+0000] {logging_mixin.py:190} INFO - [2026-04-08T12:49:48.216+0000] {dag.py:4180} INFO - Setting next_dagrun for crawl_etl_itjob to 2026-04-08T02:00:00+00:00, run_after=2026-04-09T02:00:00+00:00
[2026-04-08T12:49:48.270+0000] {processor.py:208} INFO - Processing /opt/airflow/dags/Crawl_ETL_ITJob.py took 0.170 seconds
[2026-04-08T12:50:18.626+0000] {processor.py:186} INFO - Started process (PID=544) to work on /opt/airflow/dags/Crawl_ETL_ITJob.py
[2026-04-08T12:50:18.626+0000] {processor.py:914} INFO - Processing file /opt/airflow/dags/Crawl_ETL_ITJob.py for tasks to queue
[2026-04-08T12:50:18.628+0000] {logging_mixin.py:190} INFO - [2026-04-08T12:50:18.628+0000] {dagbag.py:588} INFO - Filling up the DagBag from /opt/airflow/dags/Crawl_ETL_ITJob.py
[2026-04-08T12:50:18.647+0000] {processor.py:925} INFO - DAG(s) 'crawl_etl_itjob' retrieved from /opt/airflow/dags/Crawl_ETL_ITJob.py
[2026-04-08T12:50:18.711+0000] {logging_mixin.py:190} INFO - [2026-04-08T12:50:18.711+0000] {dag.py:3239} INFO - Sync 1 DAGs
[2026-04-08T12:50:18.767+0000] {logging_mixin.py:190} INFO - [2026-04-08T12:50:18.767+0000] {dag.py:4180} INFO - Setting next_dagrun for crawl_etl_itjob to 2026-04-08T02:00:00+00:00, run_after=2026-04-09T02:00:00+00:00
[2026-04-08T12:50:18.810+0000] {processor.py:208} INFO - Processing /opt/airflow/dags/Crawl_ETL_ITJob.py took 0.191 seconds
[2026-04-08T12:50:52.243+0000] {processor.py:186} INFO - Started process (PID=548) to work on /opt/airflow/dags/Crawl_ETL_ITJob.py
[2026-04-08T12:50:52.244+0000] {processor.py:914} INFO - Processing file /opt/airflow/dags/Crawl_ETL_ITJob.py for tasks to queue
[2026-04-08T12:50:52.246+0000] {logging_mixin.py:190} INFO - [2026-04-08T12:50:52.245+0000] {dagbag.py:588} INFO - Filling up the DagBag from /opt/airflow/dags/Crawl_ETL_ITJob.py
[2026-04-08T12:50:52.276+0000] {processor.py:925} INFO - DAG(s) 'crawl_etl_itjob' retrieved from /opt/airflow/dags/Crawl_ETL_ITJob.py
[2026-04-08T12:50:52.344+0000] {logging_mixin.py:190} INFO - [2026-04-08T12:50:52.343+0000] {dag.py:3239} INFO - Sync 1 DAGs
[2026-04-08T12:50:52.427+0000] {logging_mixin.py:190} INFO - [2026-04-08T12:50:52.426+0000] {dag.py:4180} INFO - Setting next_dagrun for crawl_etl_itjob to 2026-04-08T02:00:00+00:00, run_after=2026-04-09T02:00:00+00:00
[2026-04-08T12:50:52.485+0000] {processor.py:208} INFO - Processing /opt/airflow/dags/Crawl_ETL_ITJob.py took 0.250 seconds
[2026-04-08T12:51:23.273+0000] {processor.py:186} INFO - Started process (PID=552) to work on /opt/airflow/dags/Crawl_ETL_ITJob.py
[2026-04-08T12:51:23.274+0000] {processor.py:914} INFO - Processing file /opt/airflow/dags/Crawl_ETL_ITJob.py for tasks to queue
[2026-04-08T12:51:23.279+0000] {logging_mixin.py:190} INFO - [2026-04-08T12:51:23.279+0000] {dagbag.py:588} INFO - Filling up the DagBag from /opt/airflow/dags/Crawl_ETL_ITJob.py
[2026-04-08T12:51:23.311+0000] {processor.py:925} INFO - DAG(s) 'crawl_etl_itjob' retrieved from /opt/airflow/dags/Crawl_ETL_ITJob.py
[2026-04-08T12:51:23.364+0000] {logging_mixin.py:190} INFO - [2026-04-08T12:51:23.364+0000] {dag.py:3239} INFO - Sync 1 DAGs
[2026-04-08T12:51:23.403+0000] {logging_mixin.py:190} INFO - [2026-04-08T12:51:23.402+0000] {dag.py:4180} INFO - Setting next_dagrun for crawl_etl_itjob to 2026-04-08T02:00:00+00:00, run_after=2026-04-09T02:00:00+00:00
[2026-04-08T12:51:23.435+0000] {processor.py:208} INFO - Processing /opt/airflow/dags/Crawl_ETL_ITJob.py took 0.168 seconds
[2026-04-08T12:51:54.400+0000] {processor.py:186} INFO - Started process (PID=556) to work on /opt/airflow/dags/Crawl_ETL_ITJob.py
[2026-04-08T12:51:54.401+0000] {processor.py:914} INFO - Processing file /opt/airflow/dags/Crawl_ETL_ITJob.py for tasks to queue
[2026-04-08T12:51:54.403+0000] {logging_mixin.py:190} INFO - [2026-04-08T12:51:54.403+0000] {dagbag.py:588} INFO - Filling up the DagBag from /opt/airflow/dags/Crawl_ETL_ITJob.py
[2026-04-08T12:51:54.428+0000] {processor.py:925} INFO - DAG(s) 'crawl_etl_itjob' retrieved from /opt/airflow/dags/Crawl_ETL_ITJob.py
[2026-04-08T12:51:54.481+0000] {logging_mixin.py:190} INFO - [2026-04-08T12:51:54.481+0000] {dag.py:3239} INFO - Sync 1 DAGs
[2026-04-08T12:51:54.517+0000] {logging_mixin.py:190} INFO - [2026-04-08T12:51:54.517+0000] {dag.py:4180} INFO - Setting next_dagrun for crawl_etl_itjob to 2026-04-08T02:00:00+00:00, run_after=2026-04-09T02:00:00+00:00
[2026-04-08T12:51:54.554+0000] {processor.py:208} INFO - Processing /opt/airflow/dags/Crawl_ETL_ITJob.py took 0.160 seconds
[2026-04-08T12:52:25.301+0000] {processor.py:186} INFO - Started process (PID=560) to work on /opt/airflow/dags/Crawl_ETL_ITJob.py
[2026-04-08T12:52:25.302+0000] {processor.py:914} INFO - Processing file /opt/airflow/dags/Crawl_ETL_ITJob.py for tasks to queue
[2026-04-08T12:52:25.304+0000] {logging_mixin.py:190} INFO - [2026-04-08T12:52:25.303+0000] {dagbag.py:588} INFO - Filling up the DagBag from /opt/airflow/dags/Crawl_ETL_ITJob.py
[2026-04-08T12:52:25.324+0000] {processor.py:925} INFO - DAG(s) 'crawl_etl_itjob' retrieved from /opt/airflow/dags/Crawl_ETL_ITJob.py
[2026-04-08T12:52:25.380+0000] {logging_mixin.py:190} INFO - [2026-04-08T12:52:25.380+0000] {dag.py:3239} INFO - Sync 1 DAGs
[2026-04-08T12:52:25.417+0000] {logging_mixin.py:190} INFO - [2026-04-08T12:52:25.416+0000] {dag.py:4180} INFO - Setting next_dagrun for crawl_etl_itjob to 2026-04-08T02:00:00+00:00, run_after=2026-04-09T02:00:00+00:00
[2026-04-08T12:52:25.448+0000] {processor.py:208} INFO - Processing /opt/airflow/dags/Crawl_ETL_ITJob.py took 0.153 seconds
[2026-04-08T12:52:55.572+0000] {processor.py:186} INFO - Started process (PID=564) to work on /opt/airflow/dags/Crawl_ETL_ITJob.py
[2026-04-08T12:52:55.572+0000] {processor.py:914} INFO - Processing file /opt/airflow/dags/Crawl_ETL_ITJob.py for tasks to queue
[2026-04-08T12:52:55.574+0000] {logging_mixin.py:190} INFO - [2026-04-08T12:52:55.573+0000] {dagbag.py:588} INFO - Filling up the DagBag from /opt/airflow/dags/Crawl_ETL_ITJob.py
[2026-04-08T12:52:55.598+0000] {processor.py:925} INFO - DAG(s) 'crawl_etl_itjob' retrieved from /opt/airflow/dags/Crawl_ETL_ITJob.py
[2026-04-08T12:52:55.651+0000] {logging_mixin.py:190} INFO - [2026-04-08T12:52:55.651+0000] {dag.py:3239} INFO - Sync 1 DAGs
[2026-04-08T12:52:55.699+0000] {logging_mixin.py:190} INFO - [2026-04-08T12:52:55.698+0000] {dag.py:4180} INFO - Setting next_dagrun for crawl_etl_itjob to 2026-04-08T02:00:00+00:00, run_after=2026-04-09T02:00:00+00:00
[2026-04-08T12:52:55.745+0000] {processor.py:208} INFO - Processing /opt/airflow/dags/Crawl_ETL_ITJob.py took 0.182 seconds
[2026-04-08T12:53:27.708+0000] {processor.py:186} INFO - Started process (PID=568) to work on /opt/airflow/dags/Crawl_ETL_ITJob.py
[2026-04-08T12:53:27.708+0000] {processor.py:914} INFO - Processing file /opt/airflow/dags/Crawl_ETL_ITJob.py for tasks to queue
[2026-04-08T12:53:27.710+0000] {logging_mixin.py:190} INFO - [2026-04-08T12:53:27.709+0000] {dagbag.py:588} INFO - Filling up the DagBag from /opt/airflow/dags/Crawl_ETL_ITJob.py
[2026-04-08T12:53:27.731+0000] {processor.py:925} INFO - DAG(s) 'crawl_etl_itjob' retrieved from /opt/airflow/dags/Crawl_ETL_ITJob.py
[2026-04-08T12:53:27.788+0000] {logging_mixin.py:190} INFO - [2026-04-08T12:53:27.788+0000] {dag.py:3239} INFO - Sync 1 DAGs
[2026-04-08T12:53:27.831+0000] {logging_mixin.py:190} INFO - [2026-04-08T12:53:27.831+0000] {dag.py:4180} INFO - Setting next_dagrun for crawl_etl_itjob to 2026-04-08T02:00:00+00:00, run_after=2026-04-09T02:00:00+00:00
[2026-04-08T12:53:27.895+0000] {processor.py:208} INFO - Processing /opt/airflow/dags/Crawl_ETL_ITJob.py took 0.193 seconds
[2026-04-08T12:54:01.185+0000] {processor.py:186} INFO - Started process (PID=572) to work on /opt/airflow/dags/Crawl_ETL_ITJob.py
[2026-04-08T12:54:01.186+0000] {processor.py:914} INFO - Processing file /opt/airflow/dags/Crawl_ETL_ITJob.py for tasks to queue
[2026-04-08T12:54:01.187+0000] {logging_mixin.py:190} INFO - [2026-04-08T12:54:01.187+0000] {dagbag.py:588} INFO - Filling up the DagBag from /opt/airflow/dags/Crawl_ETL_ITJob.py
[2026-04-08T12:54:01.212+0000] {processor.py:925} INFO - DAG(s) 'crawl_etl_itjob' retrieved from /opt/airflow/dags/Crawl_ETL_ITJob.py
[2026-04-08T12:54:01.260+0000] {logging_mixin.py:190} INFO - [2026-04-08T12:54:01.259+0000] {dag.py:3239} INFO - Sync 1 DAGs
[2026-04-08T12:54:01.303+0000] {logging_mixin.py:190} INFO - [2026-04-08T12:54:01.303+0000] {dag.py:4180} INFO - Setting next_dagrun for crawl_etl_itjob to 2026-04-08T02:00:00+00:00, run_after=2026-04-09T02:00:00+00:00
[2026-04-08T12:54:01.339+0000] {processor.py:208} INFO - Processing /opt/airflow/dags/Crawl_ETL_ITJob.py took 0.160 seconds
[2026-04-08T12:54:33.543+0000] {processor.py:186} INFO - Started process (PID=576) to work on /opt/airflow/dags/Crawl_ETL_ITJob.py
[2026-04-08T12:54:33.544+0000] {processor.py:914} INFO - Processing file /opt/airflow/dags/Crawl_ETL_ITJob.py for tasks to queue
[2026-04-08T12:54:33.545+0000] {logging_mixin.py:190} INFO - [2026-04-08T12:54:33.545+0000] {dagbag.py:588} INFO - Filling up the DagBag from /opt/airflow/dags/Crawl_ETL_ITJob.py
[2026-04-08T12:54:33.564+0000] {processor.py:925} INFO - DAG(s) 'crawl_etl_itjob' retrieved from /opt/airflow/dags/Crawl_ETL_ITJob.py
[2026-04-08T12:54:33.619+0000] {logging_mixin.py:190} INFO - [2026-04-08T12:54:33.619+0000] {dag.py:3239} INFO - Sync 1 DAGs
[2026-04-08T12:54:33.655+0000] {logging_mixin.py:190} INFO - [2026-04-08T12:54:33.655+0000] {dag.py:4180} INFO - Setting next_dagrun for crawl_etl_itjob to 2026-04-08T02:00:00+00:00, run_after=2026-04-09T02:00:00+00:00
[2026-04-08T12:54:33.696+0000] {processor.py:208} INFO - Processing /opt/airflow/dags/Crawl_ETL_ITJob.py took 0.158 seconds
[2026-04-08T12:55:05.847+0000] {processor.py:186} INFO - Started process (PID=580) to work on /opt/airflow/dags/Crawl_ETL_ITJob.py
[2026-04-08T12:55:05.848+0000] {processor.py:914} INFO - Processing file /opt/airflow/dags/Crawl_ETL_ITJob.py for tasks to queue
[2026-04-08T12:55:05.851+0000] {logging_mixin.py:190} INFO - [2026-04-08T12:55:05.851+0000] {dagbag.py:588} INFO - Filling up the DagBag from /opt/airflow/dags/Crawl_ETL_ITJob.py
[2026-04-08T12:55:05.872+0000] {processor.py:925} INFO - DAG(s) 'crawl_etl_itjob' retrieved from /opt/airflow/dags/Crawl_ETL_ITJob.py
[2026-04-08T12:55:05.918+0000] {logging_mixin.py:190} INFO - [2026-04-08T12:55:05.918+0000] {dag.py:3239} INFO - Sync 1 DAGs
[2026-04-08T12:55:05.952+0000] {logging_mixin.py:190} INFO - [2026-04-08T12:55:05.952+0000] {dag.py:4180} INFO - Setting next_dagrun for crawl_etl_itjob to 2026-04-08T02:00:00+00:00, run_after=2026-04-09T02:00:00+00:00
[2026-04-08T12:55:05.986+0000] {processor.py:208} INFO - Processing /opt/airflow/dags/Crawl_ETL_ITJob.py took 0.145 seconds
[2026-04-08T12:55:39.197+0000] {processor.py:186} INFO - Started process (PID=584) to work on /opt/airflow/dags/Crawl_ETL_ITJob.py
[2026-04-08T12:55:39.198+0000] {processor.py:914} INFO - Processing file /opt/airflow/dags/Crawl_ETL_ITJob.py for tasks to queue
[2026-04-08T12:55:39.200+0000] {logging_mixin.py:190} INFO - [2026-04-08T12:55:39.199+0000] {dagbag.py:588} INFO - Filling up the DagBag from /opt/airflow/dags/Crawl_ETL_ITJob.py
[2026-04-08T12:55:39.223+0000] {processor.py:925} INFO - DAG(s) 'crawl_etl_itjob' retrieved from /opt/airflow/dags/Crawl_ETL_ITJob.py
[2026-04-08T12:55:39.271+0000] {logging_mixin.py:190} INFO - [2026-04-08T12:55:39.271+0000] {dag.py:3239} INFO - Sync 1 DAGs
[2026-04-08T12:55:39.312+0000] {logging_mixin.py:190} INFO - [2026-04-08T12:55:39.311+0000] {dag.py:4180} INFO - Setting next_dagrun for crawl_etl_itjob to 2026-04-08T02:00:00+00:00, run_after=2026-04-09T02:00:00+00:00
[2026-04-08T12:55:39.353+0000] {processor.py:208} INFO - Processing /opt/airflow/dags/Crawl_ETL_ITJob.py took 0.163 seconds
[2026-04-08T12:56:11.695+0000] {processor.py:186} INFO - Started process (PID=588) to work on /opt/airflow/dags/Crawl_ETL_ITJob.py
[2026-04-08T12:56:11.696+0000] {processor.py:914} INFO - Processing file /opt/airflow/dags/Crawl_ETL_ITJob.py for tasks to queue
[2026-04-08T12:56:11.698+0000] {logging_mixin.py:190} INFO - [2026-04-08T12:56:11.697+0000] {dagbag.py:588} INFO - Filling up the DagBag from /opt/airflow/dags/Crawl_ETL_ITJob.py
[2026-04-08T12:56:11.731+0000] {processor.py:925} INFO - DAG(s) 'crawl_etl_itjob' retrieved from /opt/airflow/dags/Crawl_ETL_ITJob.py
[2026-04-08T12:56:11.827+0000] {logging_mixin.py:190} INFO - [2026-04-08T12:56:11.826+0000] {dag.py:3239} INFO - Sync 1 DAGs
[2026-04-08T12:56:11.892+0000] {logging_mixin.py:190} INFO - [2026-04-08T12:56:11.891+0000] {dag.py:4180} INFO - Setting next_dagrun for crawl_etl_itjob to 2026-04-08T02:00:00+00:00, run_after=2026-04-09T02:00:00+00:00
[2026-04-08T12:56:11.959+0000] {processor.py:208} INFO - Processing /opt/airflow/dags/Crawl_ETL_ITJob.py took 0.274 seconds
[2026-04-08T12:56:44.162+0000] {processor.py:186} INFO - Started process (PID=592) to work on /opt/airflow/dags/Crawl_ETL_ITJob.py
[2026-04-08T12:56:44.162+0000] {processor.py:914} INFO - Processing file /opt/airflow/dags/Crawl_ETL_ITJob.py for tasks to queue
[2026-04-08T12:56:44.165+0000] {logging_mixin.py:190} INFO - [2026-04-08T12:56:44.165+0000] {dagbag.py:588} INFO - Filling up the DagBag from /opt/airflow/dags/Crawl_ETL_ITJob.py
[2026-04-08T12:56:44.183+0000] {processor.py:925} INFO - DAG(s) 'crawl_etl_itjob' retrieved from /opt/airflow/dags/Crawl_ETL_ITJob.py
[2026-04-08T12:56:44.259+0000] {logging_mixin.py:190} INFO - [2026-04-08T12:56:44.258+0000] {dag.py:3239} INFO - Sync 1 DAGs
[2026-04-08T12:56:44.308+0000] {logging_mixin.py:190} INFO - [2026-04-08T12:56:44.308+0000] {dag.py:4180} INFO - Setting next_dagrun for crawl_etl_itjob to 2026-04-08T02:00:00+00:00, run_after=2026-04-09T02:00:00+00:00
[2026-04-08T12:56:44.362+0000] {processor.py:208} INFO - Processing /opt/airflow/dags/Crawl_ETL_ITJob.py took 0.206 seconds
[2026-04-08T12:57:17.413+0000] {processor.py:186} INFO - Started process (PID=596) to work on /opt/airflow/dags/Crawl_ETL_ITJob.py
[2026-04-08T12:57:17.413+0000] {processor.py:914} INFO - Processing file /opt/airflow/dags/Crawl_ETL_ITJob.py for tasks to queue
[2026-04-08T12:57:17.415+0000] {logging_mixin.py:190} INFO - [2026-04-08T12:57:17.415+0000] {dagbag.py:588} INFO - Filling up the DagBag from /opt/airflow/dags/Crawl_ETL_ITJob.py
[2026-04-08T12:57:17.439+0000] {processor.py:925} INFO - DAG(s) 'crawl_etl_itjob' retrieved from /opt/airflow/dags/Crawl_ETL_ITJob.py
[2026-04-08T12:57:17.487+0000] {logging_mixin.py:190} INFO - [2026-04-08T12:57:17.487+0000] {dag.py:3239} INFO - Sync 1 DAGs
[2026-04-08T12:57:17.522+0000] {logging_mixin.py:190} INFO - [2026-04-08T12:57:17.522+0000] {dag.py:4180} INFO - Setting next_dagrun for crawl_etl_itjob to 2026-04-08T02:00:00+00:00, run_after=2026-04-09T02:00:00+00:00
[2026-04-08T12:57:17.570+0000] {processor.py:208} INFO - Processing /opt/airflow/dags/Crawl_ETL_ITJob.py took 0.164 seconds
[2026-04-08T12:57:48.013+0000] {processor.py:186} INFO - Started process (PID=600) to work on /opt/airflow/dags/Crawl_ETL_ITJob.py
[2026-04-08T12:57:48.013+0000] {processor.py:914} INFO - Processing file /opt/airflow/dags/Crawl_ETL_ITJob.py for tasks to queue
[2026-04-08T12:57:48.015+0000] {logging_mixin.py:190} INFO - [2026-04-08T12:57:48.014+0000] {dagbag.py:588} INFO - Filling up the DagBag from /opt/airflow/dags/Crawl_ETL_ITJob.py
[2026-04-08T12:57:48.037+0000] {processor.py:925} INFO - DAG(s) 'crawl_etl_itjob' retrieved from /opt/airflow/dags/Crawl_ETL_ITJob.py
[2026-04-08T12:57:48.087+0000] {logging_mixin.py:190} INFO - [2026-04-08T12:57:48.087+0000] {dag.py:3239} INFO - Sync 1 DAGs
[2026-04-08T12:57:48.122+0000] {logging_mixin.py:190} INFO - [2026-04-08T12:57:48.122+0000] {dag.py:4180} INFO - Setting next_dagrun for crawl_etl_itjob to 2026-04-08T02:00:00+00:00, run_after=2026-04-09T02:00:00+00:00
[2026-04-08T12:57:48.157+0000] {processor.py:208} INFO - Processing /opt/airflow/dags/Crawl_ETL_ITJob.py took 0.150 seconds
[2026-04-08T12:58:18.559+0000] {processor.py:186} INFO - Started process (PID=604) to work on /opt/airflow/dags/Crawl_ETL_ITJob.py
[2026-04-08T12:58:18.560+0000] {processor.py:914} INFO - Processing file /opt/airflow/dags/Crawl_ETL_ITJob.py for tasks to queue
[2026-04-08T12:58:18.562+0000] {logging_mixin.py:190} INFO - [2026-04-08T12:58:18.561+0000] {dagbag.py:588} INFO - Filling up the DagBag from /opt/airflow/dags/Crawl_ETL_ITJob.py
[2026-04-08T12:58:18.584+0000] {processor.py:925} INFO - DAG(s) 'crawl_etl_itjob' retrieved from /opt/airflow/dags/Crawl_ETL_ITJob.py
[2026-04-08T12:58:18.637+0000] {logging_mixin.py:190} INFO - [2026-04-08T12:58:18.636+0000] {dag.py:3239} INFO - Sync 1 DAGs
[2026-04-08T12:58:18.678+0000] {logging_mixin.py:190} INFO - [2026-04-08T12:58:18.678+0000] {dag.py:4180} INFO - Setting next_dagrun for crawl_etl_itjob to 2026-04-08T02:00:00+00:00, run_after=2026-04-09T02:00:00+00:00
[2026-04-08T12:58:18.711+0000] {processor.py:208} INFO - Processing /opt/airflow/dags/Crawl_ETL_ITJob.py took 0.159 seconds
[2026-04-08T12:58:48.765+0000] {processor.py:186} INFO - Started process (PID=608) to work on /opt/airflow/dags/Crawl_ETL_ITJob.py
[2026-04-08T12:58:48.765+0000] {processor.py:914} INFO - Processing file /opt/airflow/dags/Crawl_ETL_ITJob.py for tasks to queue
[2026-04-08T12:58:48.767+0000] {logging_mixin.py:190} INFO - [2026-04-08T12:58:48.767+0000] {dagbag.py:588} INFO - Filling up the DagBag from /opt/airflow/dags/Crawl_ETL_ITJob.py
[2026-04-08T12:58:48.797+0000] {processor.py:925} INFO - DAG(s) 'crawl_etl_itjob' retrieved from /opt/airflow/dags/Crawl_ETL_ITJob.py
[2026-04-08T12:58:48.848+0000] {logging_mixin.py:190} INFO - [2026-04-08T12:58:48.848+0000] {dag.py:3239} INFO - Sync 1 DAGs
[2026-04-08T12:58:48.893+0000] {logging_mixin.py:190} INFO - [2026-04-08T12:58:48.893+0000] {dag.py:4180} INFO - Setting next_dagrun for crawl_etl_itjob to 2026-04-08T02:00:00+00:00, run_after=2026-04-09T02:00:00+00:00
[2026-04-08T12:58:48.936+0000] {processor.py:208} INFO - Processing /opt/airflow/dags/Crawl_ETL_ITJob.py took 0.179 seconds
[2026-04-08T12:59:19.066+0000] {processor.py:186} INFO - Started process (PID=612) to work on /opt/airflow/dags/Crawl_ETL_ITJob.py
[2026-04-08T12:59:19.067+0000] {processor.py:914} INFO - Processing file /opt/airflow/dags/Crawl_ETL_ITJob.py for tasks to queue
[2026-04-08T12:59:19.068+0000] {logging_mixin.py:190} INFO - [2026-04-08T12:59:19.068+0000] {dagbag.py:588} INFO - Filling up the DagBag from /opt/airflow/dags/Crawl_ETL_ITJob.py
[2026-04-08T12:59:19.092+0000] {processor.py:925} INFO - DAG(s) 'crawl_etl_itjob' retrieved from /opt/airflow/dags/Crawl_ETL_ITJob.py
[2026-04-08T12:59:19.150+0000] {logging_mixin.py:190} INFO - [2026-04-08T12:59:19.149+0000] {dag.py:3239} INFO - Sync 1 DAGs
[2026-04-08T12:59:19.192+0000] {logging_mixin.py:190} INFO - [2026-04-08T12:59:19.192+0000] {dag.py:4180} INFO - Setting next_dagrun for crawl_etl_itjob to 2026-04-08T02:00:00+00:00, run_after=2026-04-09T02:00:00+00:00
[2026-04-08T12:59:19.227+0000] {processor.py:208} INFO - Processing /opt/airflow/dags/Crawl_ETL_ITJob.py took 0.169 seconds
[2026-04-08T12:59:49.330+0000] {processor.py:186} INFO - Started process (PID=616) to work on /opt/airflow/dags/Crawl_ETL_ITJob.py
[2026-04-08T12:59:49.331+0000] {processor.py:914} INFO - Processing file /opt/airflow/dags/Crawl_ETL_ITJob.py for tasks to queue
[2026-04-08T12:59:49.332+0000] {logging_mixin.py:190} INFO - [2026-04-08T12:59:49.332+0000] {dagbag.py:588} INFO - Filling up the DagBag from /opt/airflow/dags/Crawl_ETL_ITJob.py
[2026-04-08T12:59:49.351+0000] {processor.py:925} INFO - DAG(s) 'crawl_etl_itjob' retrieved from /opt/airflow/dags/Crawl_ETL_ITJob.py
[2026-04-08T12:59:49.403+0000] {logging_mixin.py:190} INFO - [2026-04-08T12:59:49.402+0000] {dag.py:3239} INFO - Sync 1 DAGs
[2026-04-08T12:59:49.443+0000] {logging_mixin.py:190} INFO - [2026-04-08T12:59:49.442+0000] {dag.py:4180} INFO - Setting next_dagrun for crawl_etl_itjob to 2026-04-08T02:00:00+00:00, run_after=2026-04-09T02:00:00+00:00
[2026-04-08T12:59:49.479+0000] {processor.py:208} INFO - Processing /opt/airflow/dags/Crawl_ETL_ITJob.py took 0.154 seconds
[2026-04-08T13:00:19.944+0000] {processor.py:186} INFO - Started process (PID=620) to work on /opt/airflow/dags/Crawl_ETL_ITJob.py
[2026-04-08T13:00:19.945+0000] {processor.py:914} INFO - Processing file /opt/airflow/dags/Crawl_ETL_ITJob.py for tasks to queue
[2026-04-08T13:00:19.946+0000] {logging_mixin.py:190} INFO - [2026-04-08T13:00:19.946+0000] {dagbag.py:588} INFO - Filling up the DagBag from /opt/airflow/dags/Crawl_ETL_ITJob.py
[2026-04-08T13:00:19.967+0000] {processor.py:925} INFO - DAG(s) 'crawl_etl_itjob' retrieved from /opt/airflow/dags/Crawl_ETL_ITJob.py
[2026-04-08T13:00:20.015+0000] {logging_mixin.py:190} INFO - [2026-04-08T13:00:20.015+0000] {dag.py:3239} INFO - Sync 1 DAGs
[2026-04-08T13:00:20.063+0000] {logging_mixin.py:190} INFO - [2026-04-08T13:00:20.062+0000] {dag.py:4180} INFO - Setting next_dagrun for crawl_etl_itjob to 2026-04-08T02:00:00+00:00, run_after=2026-04-09T02:00:00+00:00
[2026-04-08T13:00:20.109+0000] {processor.py:208} INFO - Processing /opt/airflow/dags/Crawl_ETL_ITJob.py took 0.170 seconds
[2026-04-08T13:00:50.517+0000] {processor.py:186} INFO - Started process (PID=624) to work on /opt/airflow/dags/Crawl_ETL_ITJob.py
[2026-04-08T13:00:50.518+0000] {processor.py:914} INFO - Processing file /opt/airflow/dags/Crawl_ETL_ITJob.py for tasks to queue
[2026-04-08T13:00:50.520+0000] {logging_mixin.py:190} INFO - [2026-04-08T13:00:50.519+0000] {dagbag.py:588} INFO - Filling up the DagBag from /opt/airflow/dags/Crawl_ETL_ITJob.py
[2026-04-08T13:00:50.545+0000] {processor.py:925} INFO - DAG(s) 'crawl_etl_itjob' retrieved from /opt/airflow/dags/Crawl_ETL_ITJob.py
[2026-04-08T13:00:50.619+0000] {logging_mixin.py:190} INFO - [2026-04-08T13:00:50.619+0000] {dag.py:3239} INFO - Sync 1 DAGs
[2026-04-08T13:00:50.658+0000] {logging_mixin.py:190} INFO - [2026-04-08T13:00:50.658+0000] {dag.py:4180} INFO - Setting next_dagrun for crawl_etl_itjob to 2026-04-08T02:00:00+00:00, run_after=2026-04-09T02:00:00+00:00
[2026-04-08T13:00:50.691+0000] {processor.py:208} INFO - Processing /opt/airflow/dags/Crawl_ETL_ITJob.py took 0.182 seconds
[2026-04-08T13:01:21.017+0000] {processor.py:186} INFO - Started process (PID=628) to work on /opt/airflow/dags/Crawl_ETL_ITJob.py
[2026-04-08T13:01:21.018+0000] {processor.py:914} INFO - Processing file /opt/airflow/dags/Crawl_ETL_ITJob.py for tasks to queue
[2026-04-08T13:01:21.021+0000] {logging_mixin.py:190} INFO - [2026-04-08T13:01:21.021+0000] {dagbag.py:588} INFO - Filling up the DagBag from /opt/airflow/dags/Crawl_ETL_ITJob.py
[2026-04-08T13:01:21.069+0000] {processor.py:925} INFO - DAG(s) 'crawl_etl_itjob' retrieved from /opt/airflow/dags/Crawl_ETL_ITJob.py
[2026-04-08T13:01:21.140+0000] {logging_mixin.py:190} INFO - [2026-04-08T13:01:21.140+0000] {dag.py:3239} INFO - Sync 1 DAGs
[2026-04-08T13:01:21.183+0000] {logging_mixin.py:190} INFO - [2026-04-08T13:01:21.183+0000] {dag.py:4180} INFO - Setting next_dagrun for crawl_etl_itjob to 2026-04-08T02:00:00+00:00, run_after=2026-04-09T02:00:00+00:00
[2026-04-08T13:01:21.224+0000] {processor.py:208} INFO - Processing /opt/airflow/dags/Crawl_ETL_ITJob.py took 0.216 seconds
[2026-04-08T13:01:51.329+0000] {processor.py:186} INFO - Started process (PID=632) to work on /opt/airflow/dags/Crawl_ETL_ITJob.py
[2026-04-08T13:01:51.329+0000] {processor.py:914} INFO - Processing file /opt/airflow/dags/Crawl_ETL_ITJob.py for tasks to queue
[2026-04-08T13:01:51.331+0000] {logging_mixin.py:190} INFO - [2026-04-08T13:01:51.331+0000] {dagbag.py:588} INFO - Filling up the DagBag from /opt/airflow/dags/Crawl_ETL_ITJob.py
[2026-04-08T13:01:51.360+0000] {processor.py:925} INFO - DAG(s) 'crawl_etl_itjob' retrieved from /opt/airflow/dags/Crawl_ETL_ITJob.py
[2026-04-08T13:01:51.423+0000] {logging_mixin.py:190} INFO - [2026-04-08T13:01:51.423+0000] {dag.py:3239} INFO - Sync 1 DAGs
[2026-04-08T13:01:51.467+0000] {logging_mixin.py:190} INFO - [2026-04-08T13:01:51.467+0000] {dag.py:4180} INFO - Setting next_dagrun for crawl_etl_itjob to 2026-04-08T02:00:00+00:00, run_after=2026-04-09T02:00:00+00:00
[2026-04-08T13:01:51.511+0000] {processor.py:208} INFO - Processing /opt/airflow/dags/Crawl_ETL_ITJob.py took 0.190 seconds
[2026-04-08T13:02:21.746+0000] {processor.py:186} INFO - Started process (PID=636) to work on /opt/airflow/dags/Crawl_ETL_ITJob.py
[2026-04-08T13:02:21.750+0000] {processor.py:914} INFO - Processing file /opt/airflow/dags/Crawl_ETL_ITJob.py for tasks to queue
[2026-04-08T13:02:21.752+0000] {logging_mixin.py:190} INFO - [2026-04-08T13:02:21.752+0000] {dagbag.py:588} INFO - Filling up the DagBag from /opt/airflow/dags/Crawl_ETL_ITJob.py
[2026-04-08T13:02:21.774+0000] {processor.py:925} INFO - DAG(s) 'crawl_etl_itjob' retrieved from /opt/airflow/dags/Crawl_ETL_ITJob.py
[2026-04-08T13:02:21.822+0000] {logging_mixin.py:190} INFO - [2026-04-08T13:02:21.822+0000] {dag.py:3239} INFO - Sync 1 DAGs
[2026-04-08T13:02:21.873+0000] {logging_mixin.py:190} INFO - [2026-04-08T13:02:21.872+0000] {dag.py:4180} INFO - Setting next_dagrun for crawl_etl_itjob to 2026-04-08T02:00:00+00:00, run_after=2026-04-09T02:00:00+00:00
[2026-04-08T13:02:21.933+0000] {processor.py:208} INFO - Processing /opt/airflow/dags/Crawl_ETL_ITJob.py took 0.192 seconds
[2026-04-08T13:02:52.125+0000] {processor.py:186} INFO - Started process (PID=640) to work on /opt/airflow/dags/Crawl_ETL_ITJob.py
[2026-04-08T13:02:52.125+0000] {processor.py:914} INFO - Processing file /opt/airflow/dags/Crawl_ETL_ITJob.py for tasks to queue
[2026-04-08T13:02:52.127+0000] {logging_mixin.py:190} INFO - [2026-04-08T13:02:52.127+0000] {dagbag.py:588} INFO - Filling up the DagBag from /opt/airflow/dags/Crawl_ETL_ITJob.py
[2026-04-08T13:02:52.149+0000] {processor.py:925} INFO - DAG(s) 'crawl_etl_itjob' retrieved from /opt/airflow/dags/Crawl_ETL_ITJob.py
[2026-04-08T13:02:52.202+0000] {logging_mixin.py:190} INFO - [2026-04-08T13:02:52.202+0000] {dag.py:3239} INFO - Sync 1 DAGs
[2026-04-08T13:02:52.252+0000] {logging_mixin.py:190} INFO - [2026-04-08T13:02:52.251+0000] {dag.py:4180} INFO - Setting next_dagrun for crawl_etl_itjob to 2026-04-08T02:00:00+00:00, run_after=2026-04-09T02:00:00+00:00
[2026-04-08T13:02:52.298+0000] {processor.py:208} INFO - Processing /opt/airflow/dags/Crawl_ETL_ITJob.py took 0.181 seconds
[2026-04-08T13:03:22.511+0000] {processor.py:186} INFO - Started process (PID=644) to work on /opt/airflow/dags/Crawl_ETL_ITJob.py
[2026-04-08T13:03:22.512+0000] {processor.py:914} INFO - Processing file /opt/airflow/dags/Crawl_ETL_ITJob.py for tasks to queue
[2026-04-08T13:03:22.514+0000] {logging_mixin.py:190} INFO - [2026-04-08T13:03:22.513+0000] {dagbag.py:588} INFO - Filling up the DagBag from /opt/airflow/dags/Crawl_ETL_ITJob.py
[2026-04-08T13:03:22.547+0000] {processor.py:925} INFO - DAG(s) 'crawl_etl_itjob' retrieved from /opt/airflow/dags/Crawl_ETL_ITJob.py
[2026-04-08T13:03:22.640+0000] {logging_mixin.py:190} INFO - [2026-04-08T13:03:22.640+0000] {dag.py:3239} INFO - Sync 1 DAGs
[2026-04-08T13:03:22.687+0000] {logging_mixin.py:190} INFO - [2026-04-08T13:03:22.687+0000] {dag.py:4180} INFO - Setting next_dagrun for crawl_etl_itjob to 2026-04-08T02:00:00+00:00, run_after=2026-04-09T02:00:00+00:00
[2026-04-08T13:03:22.737+0000] {processor.py:208} INFO - Processing /opt/airflow/dags/Crawl_ETL_ITJob.py took 0.236 seconds
[2026-04-08T13:03:53.044+0000] {processor.py:186} INFO - Started process (PID=648) to work on /opt/airflow/dags/Crawl_ETL_ITJob.py
[2026-04-08T13:03:53.046+0000] {processor.py:914} INFO - Processing file /opt/airflow/dags/Crawl_ETL_ITJob.py for tasks to queue
[2026-04-08T13:03:53.048+0000] {logging_mixin.py:190} INFO - [2026-04-08T13:03:53.048+0000] {dagbag.py:588} INFO - Filling up the DagBag from /opt/airflow/dags/Crawl_ETL_ITJob.py
[2026-04-08T13:03:53.085+0000] {processor.py:925} INFO - DAG(s) 'crawl_etl_itjob' retrieved from /opt/airflow/dags/Crawl_ETL_ITJob.py
[2026-04-08T13:03:53.171+0000] {logging_mixin.py:190} INFO - [2026-04-08T13:03:53.171+0000] {dag.py:3239} INFO - Sync 1 DAGs
[2026-04-08T13:03:53.235+0000] {logging_mixin.py:190} INFO - [2026-04-08T13:03:53.235+0000] {dag.py:4180} INFO - Setting next_dagrun for crawl_etl_itjob to 2026-04-08T02:00:00+00:00, run_after=2026-04-09T02:00:00+00:00
[2026-04-08T13:03:53.286+0000] {processor.py:208} INFO - Processing /opt/airflow/dags/Crawl_ETL_ITJob.py took 0.253 seconds
[2026-04-08T13:04:23.576+0000] {processor.py:186} INFO - Started process (PID=652) to work on /opt/airflow/dags/Crawl_ETL_ITJob.py
[2026-04-08T13:04:23.577+0000] {processor.py:914} INFO - Processing file /opt/airflow/dags/Crawl_ETL_ITJob.py for tasks to queue
[2026-04-08T13:04:23.578+0000] {logging_mixin.py:190} INFO - [2026-04-08T13:04:23.578+0000] {dagbag.py:588} INFO - Filling up the DagBag from /opt/airflow/dags/Crawl_ETL_ITJob.py
[2026-04-08T13:04:23.609+0000] {processor.py:925} INFO - DAG(s) 'crawl_etl_itjob' retrieved from /opt/airflow/dags/Crawl_ETL_ITJob.py
[2026-04-08T13:04:23.666+0000] {logging_mixin.py:190} INFO - [2026-04-08T13:04:23.666+0000] {dag.py:3239} INFO - Sync 1 DAGs
[2026-04-08T13:04:23.715+0000] {logging_mixin.py:190} INFO - [2026-04-08T13:04:23.714+0000] {dag.py:4180} INFO - Setting next_dagrun for crawl_etl_itjob to 2026-04-08T02:00:00+00:00, run_after=2026-04-09T02:00:00+00:00
[2026-04-08T13:04:23.756+0000] {processor.py:208} INFO - Processing /opt/airflow/dags/Crawl_ETL_ITJob.py took 0.191 seconds
[2026-04-08T13:04:54.723+0000] {processor.py:186} INFO - Started process (PID=656) to work on /opt/airflow/dags/Crawl_ETL_ITJob.py
[2026-04-08T13:04:54.724+0000] {processor.py:914} INFO - Processing file /opt/airflow/dags/Crawl_ETL_ITJob.py for tasks to queue
[2026-04-08T13:04:54.725+0000] {logging_mixin.py:190} INFO - [2026-04-08T13:04:54.725+0000] {dagbag.py:588} INFO - Filling up the DagBag from /opt/airflow/dags/Crawl_ETL_ITJob.py
[2026-04-08T13:04:54.752+0000] {processor.py:925} INFO - DAG(s) 'crawl_etl_itjob' retrieved from /opt/airflow/dags/Crawl_ETL_ITJob.py
[2026-04-08T13:04:54.806+0000] {logging_mixin.py:190} INFO - [2026-04-08T13:04:54.806+0000] {dag.py:3239} INFO - Sync 1 DAGs
[2026-04-08T13:04:54.849+0000] {logging_mixin.py:190} INFO - [2026-04-08T13:04:54.849+0000] {dag.py:4180} INFO - Setting next_dagrun for crawl_etl_itjob to 2026-04-08T02:00:00+00:00, run_after=2026-04-09T02:00:00+00:00
[2026-04-08T13:04:54.888+0000] {processor.py:208} INFO - Processing /opt/airflow/dags/Crawl_ETL_ITJob.py took 0.173 seconds
[2026-04-08T13:05:27.266+0000] {processor.py:186} INFO - Started process (PID=660) to work on /opt/airflow/dags/Crawl_ETL_ITJob.py
[2026-04-08T13:05:27.267+0000] {processor.py:914} INFO - Processing file /opt/airflow/dags/Crawl_ETL_ITJob.py for tasks to queue
[2026-04-08T13:05:27.269+0000] {logging_mixin.py:190} INFO - [2026-04-08T13:05:27.268+0000] {dagbag.py:588} INFO - Filling up the DagBag from /opt/airflow/dags/Crawl_ETL_ITJob.py
[2026-04-08T13:05:27.294+0000] {processor.py:925} INFO - DAG(s) 'crawl_etl_itjob' retrieved from /opt/airflow/dags/Crawl_ETL_ITJob.py
[2026-04-08T13:05:27.341+0000] {logging_mixin.py:190} INFO - [2026-04-08T13:05:27.341+0000] {dag.py:3239} INFO - Sync 1 DAGs
[2026-04-08T13:05:27.375+0000] {logging_mixin.py:190} INFO - [2026-04-08T13:05:27.375+0000] {dag.py:4180} INFO - Setting next_dagrun for crawl_etl_itjob to 2026-04-08T02:00:00+00:00, run_after=2026-04-09T02:00:00+00:00
[2026-04-08T13:05:27.407+0000] {processor.py:208} INFO - Processing /opt/airflow/dags/Crawl_ETL_ITJob.py took 0.149 seconds
[2026-04-08T13:06:00.527+0000] {processor.py:186} INFO - Started process (PID=664) to work on /opt/airflow/dags/Crawl_ETL_ITJob.py
[2026-04-08T13:06:00.527+0000] {processor.py:914} INFO - Processing file /opt/airflow/dags/Crawl_ETL_ITJob.py for tasks to queue
[2026-04-08T13:06:00.531+0000] {logging_mixin.py:190} INFO - [2026-04-08T13:06:00.530+0000] {dagbag.py:588} INFO - Filling up the DagBag from /opt/airflow/dags/Crawl_ETL_ITJob.py
[2026-04-08T13:06:00.553+0000] {processor.py:925} INFO - DAG(s) 'crawl_etl_itjob' retrieved from /opt/airflow/dags/Crawl_ETL_ITJob.py
[2026-04-08T13:06:00.601+0000] {logging_mixin.py:190} INFO - [2026-04-08T13:06:00.601+0000] {dag.py:3239} INFO - Sync 1 DAGs
[2026-04-08T13:06:00.643+0000] {logging_mixin.py:190} INFO - [2026-04-08T13:06:00.643+0000] {dag.py:4180} INFO - Setting next_dagrun for crawl_etl_itjob to 2026-04-08T02:00:00+00:00, run_after=2026-04-09T02:00:00+00:00
[2026-04-08T13:06:00.682+0000] {processor.py:208} INFO - Processing /opt/airflow/dags/Crawl_ETL_ITJob.py took 0.164 seconds
[2026-04-08T13:06:32.926+0000] {processor.py:186} INFO - Started process (PID=668) to work on /opt/airflow/dags/Crawl_ETL_ITJob.py
[2026-04-08T13:06:32.926+0000] {processor.py:914} INFO - Processing file /opt/airflow/dags/Crawl_ETL_ITJob.py for tasks to queue
[2026-04-08T13:06:32.928+0000] {logging_mixin.py:190} INFO - [2026-04-08T13:06:32.927+0000] {dagbag.py:588} INFO - Filling up the DagBag from /opt/airflow/dags/Crawl_ETL_ITJob.py
[2026-04-08T13:06:32.947+0000] {processor.py:925} INFO - DAG(s) 'crawl_etl_itjob' retrieved from /opt/airflow/dags/Crawl_ETL_ITJob.py
[2026-04-08T13:06:33.009+0000] {logging_mixin.py:190} INFO - [2026-04-08T13:06:33.009+0000] {dag.py:3239} INFO - Sync 1 DAGs
[2026-04-08T13:06:33.053+0000] {logging_mixin.py:190} INFO - [2026-04-08T13:06:33.053+0000] {dag.py:4180} INFO - Setting next_dagrun for crawl_etl_itjob to 2026-04-08T02:00:00+00:00, run_after=2026-04-09T02:00:00+00:00
[2026-04-08T13:06:33.089+0000] {processor.py:208} INFO - Processing /opt/airflow/dags/Crawl_ETL_ITJob.py took 0.170 seconds
[2026-04-08T13:07:05.494+0000] {processor.py:186} INFO - Started process (PID=672) to work on /opt/airflow/dags/Crawl_ETL_ITJob.py
[2026-04-08T13:07:05.495+0000] {processor.py:914} INFO - Processing file /opt/airflow/dags/Crawl_ETL_ITJob.py for tasks to queue
[2026-04-08T13:07:05.497+0000] {logging_mixin.py:190} INFO - [2026-04-08T13:07:05.497+0000] {dagbag.py:588} INFO - Filling up the DagBag from /opt/airflow/dags/Crawl_ETL_ITJob.py
[2026-04-08T13:07:05.529+0000] {processor.py:925} INFO - DAG(s) 'crawl_etl_itjob' retrieved from /opt/airflow/dags/Crawl_ETL_ITJob.py
[2026-04-08T13:07:05.590+0000] {logging_mixin.py:190} INFO - [2026-04-08T13:07:05.590+0000] {dag.py:3239} INFO - Sync 1 DAGs
[2026-04-08T13:07:05.636+0000] {logging_mixin.py:190} INFO - [2026-04-08T13:07:05.635+0000] {dag.py:4180} INFO - Setting next_dagrun for crawl_etl_itjob to 2026-04-08T02:00:00+00:00, run_after=2026-04-09T02:00:00+00:00
[2026-04-08T13:07:05.672+0000] {processor.py:208} INFO - Processing /opt/airflow/dags/Crawl_ETL_ITJob.py took 0.185 seconds
[2026-04-08T13:07:38.103+0000] {processor.py:186} INFO - Started process (PID=676) to work on /opt/airflow/dags/Crawl_ETL_ITJob.py
[2026-04-08T13:07:38.104+0000] {processor.py:914} INFO - Processing file /opt/airflow/dags/Crawl_ETL_ITJob.py for tasks to queue
[2026-04-08T13:07:38.106+0000] {logging_mixin.py:190} INFO - [2026-04-08T13:07:38.106+0000] {dagbag.py:588} INFO - Filling up the DagBag from /opt/airflow/dags/Crawl_ETL_ITJob.py
[2026-04-08T13:07:38.125+0000] {processor.py:925} INFO - DAG(s) 'crawl_etl_itjob' retrieved from /opt/airflow/dags/Crawl_ETL_ITJob.py
[2026-04-08T13:07:38.173+0000] {logging_mixin.py:190} INFO - [2026-04-08T13:07:38.173+0000] {dag.py:3239} INFO - Sync 1 DAGs
[2026-04-08T13:07:38.212+0000] {logging_mixin.py:190} INFO - [2026-04-08T13:07:38.212+0000] {dag.py:4180} INFO - Setting next_dagrun for crawl_etl_itjob to 2026-04-08T02:00:00+00:00, run_after=2026-04-09T02:00:00+00:00
[2026-04-08T13:07:38.257+0000] {processor.py:208} INFO - Processing /opt/airflow/dags/Crawl_ETL_ITJob.py took 0.160 seconds
[2026-04-08T13:08:11.518+0000] {processor.py:186} INFO - Started process (PID=680) to work on /opt/airflow/dags/Crawl_ETL_ITJob.py
[2026-04-08T13:08:11.518+0000] {processor.py:914} INFO - Processing file /opt/airflow/dags/Crawl_ETL_ITJob.py for tasks to queue
[2026-04-08T13:08:11.520+0000] {logging_mixin.py:190} INFO - [2026-04-08T13:08:11.520+0000] {dagbag.py:588} INFO - Filling up the DagBag from /opt/airflow/dags/Crawl_ETL_ITJob.py
[2026-04-08T13:08:11.546+0000] {processor.py:925} INFO - DAG(s) 'crawl_etl_itjob' retrieved from /opt/airflow/dags/Crawl_ETL_ITJob.py
[2026-04-08T13:08:11.599+0000] {logging_mixin.py:190} INFO - [2026-04-08T13:08:11.599+0000] {dag.py:3239} INFO - Sync 1 DAGs
[2026-04-08T13:08:11.658+0000] {logging_mixin.py:190} INFO - [2026-04-08T13:08:11.657+0000] {dag.py:4180} INFO - Setting next_dagrun for crawl_etl_itjob to 2026-04-08T02:00:00+00:00, run_after=2026-04-09T02:00:00+00:00
[2026-04-08T13:08:11.713+0000] {processor.py:208} INFO - Processing /opt/airflow/dags/Crawl_ETL_ITJob.py took 0.204 seconds
[2026-04-08T13:08:43.895+0000] {processor.py:186} INFO - Started process (PID=684) to work on /opt/airflow/dags/Crawl_ETL_ITJob.py
[2026-04-08T13:08:43.895+0000] {processor.py:914} INFO - Processing file /opt/airflow/dags/Crawl_ETL_ITJob.py for tasks to queue
[2026-04-08T13:08:43.897+0000] {logging_mixin.py:190} INFO - [2026-04-08T13:08:43.897+0000] {dagbag.py:588} INFO - Filling up the DagBag from /opt/airflow/dags/Crawl_ETL_ITJob.py
[2026-04-08T13:08:43.922+0000] {processor.py:925} INFO - DAG(s) 'crawl_etl_itjob' retrieved from /opt/airflow/dags/Crawl_ETL_ITJob.py
[2026-04-08T13:08:43.976+0000] {logging_mixin.py:190} INFO - [2026-04-08T13:08:43.975+0000] {dag.py:3239} INFO - Sync 1 DAGs
[2026-04-08T13:08:44.021+0000] {logging_mixin.py:190} INFO - [2026-04-08T13:08:44.021+0000] {dag.py:4180} INFO - Setting next_dagrun for crawl_etl_itjob to 2026-04-08T02:00:00+00:00, run_after=2026-04-09T02:00:00+00:00
[2026-04-08T13:08:44.057+0000] {processor.py:208} INFO - Processing /opt/airflow/dags/Crawl_ETL_ITJob.py took 0.169 seconds
[2026-04-08T13:09:16.315+0000] {processor.py:186} INFO - Started process (PID=688) to work on /opt/airflow/dags/Crawl_ETL_ITJob.py
[2026-04-08T13:09:16.316+0000] {processor.py:914} INFO - Processing file /opt/airflow/dags/Crawl_ETL_ITJob.py for tasks to queue
[2026-04-08T13:09:16.318+0000] {logging_mixin.py:190} INFO - [2026-04-08T13:09:16.318+0000] {dagbag.py:588} INFO - Filling up the DagBag from /opt/airflow/dags/Crawl_ETL_ITJob.py
[2026-04-08T13:09:16.343+0000] {processor.py:925} INFO - DAG(s) 'crawl_etl_itjob' retrieved from /opt/airflow/dags/Crawl_ETL_ITJob.py
[2026-04-08T13:09:16.389+0000] {logging_mixin.py:190} INFO - [2026-04-08T13:09:16.389+0000] {dag.py:3239} INFO - Sync 1 DAGs
[2026-04-08T13:09:16.432+0000] {logging_mixin.py:190} INFO - [2026-04-08T13:09:16.431+0000] {dag.py:4180} INFO - Setting next_dagrun for crawl_etl_itjob to 2026-04-08T02:00:00+00:00, run_after=2026-04-09T02:00:00+00:00
[2026-04-08T13:09:16.466+0000] {processor.py:208} INFO - Processing /opt/airflow/dags/Crawl_ETL_ITJob.py took 0.157 seconds
[2026-04-08T13:09:49.686+0000] {processor.py:186} INFO - Started process (PID=692) to work on /opt/airflow/dags/Crawl_ETL_ITJob.py
[2026-04-08T13:09:49.687+0000] {processor.py:914} INFO - Processing file /opt/airflow/dags/Crawl_ETL_ITJob.py for tasks to queue
[2026-04-08T13:09:49.688+0000] {logging_mixin.py:190} INFO - [2026-04-08T13:09:49.688+0000] {dagbag.py:588} INFO - Filling up the DagBag from /opt/airflow/dags/Crawl_ETL_ITJob.py
[2026-04-08T13:09:49.718+0000] {processor.py:925} INFO - DAG(s) 'crawl_etl_itjob' retrieved from /opt/airflow/dags/Crawl_ETL_ITJob.py
[2026-04-08T13:09:49.777+0000] {logging_mixin.py:190} INFO - [2026-04-08T13:09:49.776+0000] {dag.py:3239} INFO - Sync 1 DAGs
[2026-04-08T13:09:49.819+0000] {logging_mixin.py:190} INFO - [2026-04-08T13:09:49.819+0000] {dag.py:4180} INFO - Setting next_dagrun for crawl_etl_itjob to 2026-04-08T02:00:00+00:00, run_after=2026-04-09T02:00:00+00:00
[2026-04-08T13:09:49.856+0000] {processor.py:208} INFO - Processing /opt/airflow/dags/Crawl_ETL_ITJob.py took 0.179 seconds
[2026-04-08T13:10:22.145+0000] {processor.py:186} INFO - Started process (PID=696) to work on /opt/airflow/dags/Crawl_ETL_ITJob.py
[2026-04-08T13:10:22.146+0000] {processor.py:914} INFO - Processing file /opt/airflow/dags/Crawl_ETL_ITJob.py for tasks to queue
[2026-04-08T13:10:22.147+0000] {logging_mixin.py:190} INFO - [2026-04-08T13:10:22.146+0000] {dagbag.py:588} INFO - Filling up the DagBag from /opt/airflow/dags/Crawl_ETL_ITJob.py
[2026-04-08T13:10:22.163+0000] {processor.py:925} INFO - DAG(s) 'crawl_etl_itjob' retrieved from /opt/airflow/dags/Crawl_ETL_ITJob.py
[2026-04-08T13:10:22.202+0000] {logging_mixin.py:190} INFO - [2026-04-08T13:10:22.202+0000] {dag.py:3239} INFO - Sync 1 DAGs
[2026-04-08T13:10:22.235+0000] {logging_mixin.py:190} INFO - [2026-04-08T13:10:22.235+0000] {dag.py:4180} INFO - Setting next_dagrun for crawl_etl_itjob to 2026-04-08T02:00:00+00:00, run_after=2026-04-09T02:00:00+00:00
[2026-04-08T13:10:22.269+0000] {processor.py:208} INFO - Processing /opt/airflow/dags/Crawl_ETL_ITJob.py took 0.129 seconds
[2026-04-08T13:10:54.533+0000] {processor.py:186} INFO - Started process (PID=700) to work on /opt/airflow/dags/Crawl_ETL_ITJob.py
[2026-04-08T13:10:54.534+0000] {processor.py:914} INFO - Processing file /opt/airflow/dags/Crawl_ETL_ITJob.py for tasks to queue
[2026-04-08T13:10:54.537+0000] {logging_mixin.py:190} INFO - [2026-04-08T13:10:54.537+0000] {dagbag.py:588} INFO - Filling up the DagBag from /opt/airflow/dags/Crawl_ETL_ITJob.py
[2026-04-08T13:10:54.559+0000] {processor.py:925} INFO - DAG(s) 'crawl_etl_itjob' retrieved from /opt/airflow/dags/Crawl_ETL_ITJob.py
[2026-04-08T13:10:54.605+0000] {logging_mixin.py:190} INFO - [2026-04-08T13:10:54.604+0000] {dag.py:3239} INFO - Sync 1 DAGs
[2026-04-08T13:10:54.637+0000] {logging_mixin.py:190} INFO - [2026-04-08T13:10:54.637+0000] {dag.py:4180} INFO - Setting next_dagrun for crawl_etl_itjob to 2026-04-08T02:00:00+00:00, run_after=2026-04-09T02:00:00+00:00
[2026-04-08T13:10:54.670+0000] {processor.py:208} INFO - Processing /opt/airflow/dags/Crawl_ETL_ITJob.py took 0.143 seconds
[2026-04-08T13:11:27.883+0000] {processor.py:186} INFO - Started process (PID=704) to work on /opt/airflow/dags/Crawl_ETL_ITJob.py
[2026-04-08T13:11:27.884+0000] {processor.py:914} INFO - Processing file /opt/airflow/dags/Crawl_ETL_ITJob.py for tasks to queue
[2026-04-08T13:11:27.885+0000] {logging_mixin.py:190} INFO - [2026-04-08T13:11:27.885+0000] {dagbag.py:588} INFO - Filling up the DagBag from /opt/airflow/dags/Crawl_ETL_ITJob.py
[2026-04-08T13:11:27.908+0000] {processor.py:925} INFO - DAG(s) 'crawl_etl_itjob' retrieved from /opt/airflow/dags/Crawl_ETL_ITJob.py
[2026-04-08T13:11:27.953+0000] {logging_mixin.py:190} INFO - [2026-04-08T13:11:27.953+0000] {dag.py:3239} INFO - Sync 1 DAGs
[2026-04-08T13:11:27.992+0000] {logging_mixin.py:190} INFO - [2026-04-08T13:11:27.991+0000] {dag.py:4180} INFO - Setting next_dagrun for crawl_etl_itjob to 2026-04-08T02:00:00+00:00, run_after=2026-04-09T02:00:00+00:00
[2026-04-08T13:11:28.027+0000] {processor.py:208} INFO - Processing /opt/airflow/dags/Crawl_ETL_ITJob.py took 0.150 seconds
[2026-04-08T13:12:00.318+0000] {processor.py:186} INFO - Started process (PID=708) to work on /opt/airflow/dags/Crawl_ETL_ITJob.py
[2026-04-08T13:12:00.319+0000] {processor.py:914} INFO - Processing file /opt/airflow/dags/Crawl_ETL_ITJob.py for tasks to queue
[2026-04-08T13:12:00.321+0000] {logging_mixin.py:190} INFO - [2026-04-08T13:12:00.321+0000] {dagbag.py:588} INFO - Filling up the DagBag from /opt/airflow/dags/Crawl_ETL_ITJob.py
[2026-04-08T13:12:00.351+0000] {processor.py:925} INFO - DAG(s) 'crawl_etl_itjob' retrieved from /opt/airflow/dags/Crawl_ETL_ITJob.py
[2026-04-08T13:12:00.442+0000] {logging_mixin.py:190} INFO - [2026-04-08T13:12:00.442+0000] {dag.py:3239} INFO - Sync 1 DAGs
[2026-04-08T13:12:00.525+0000] {logging_mixin.py:190} INFO - [2026-04-08T13:12:00.524+0000] {dag.py:4180} INFO - Setting next_dagrun for crawl_etl_itjob to 2026-04-08T02:00:00+00:00, run_after=2026-04-09T02:00:00+00:00
[2026-04-08T13:12:00.594+0000] {processor.py:208} INFO - Processing /opt/airflow/dags/Crawl_ETL_ITJob.py took 0.285 seconds
[2026-04-08T13:12:32.825+0000] {processor.py:186} INFO - Started process (PID=712) to work on /opt/airflow/dags/Crawl_ETL_ITJob.py
[2026-04-08T13:12:32.826+0000] {processor.py:914} INFO - Processing file /opt/airflow/dags/Crawl_ETL_ITJob.py for tasks to queue
[2026-04-08T13:12:32.827+0000] {logging_mixin.py:190} INFO - [2026-04-08T13:12:32.827+0000] {dagbag.py:588} INFO - Filling up the DagBag from /opt/airflow/dags/Crawl_ETL_ITJob.py
[2026-04-08T13:12:32.848+0000] {processor.py:925} INFO - DAG(s) 'crawl_etl_itjob' retrieved from /opt/airflow/dags/Crawl_ETL_ITJob.py
[2026-04-08T13:12:32.886+0000] {logging_mixin.py:190} INFO - [2026-04-08T13:12:32.886+0000] {dag.py:3239} INFO - Sync 1 DAGs
[2026-04-08T13:12:32.921+0000] {logging_mixin.py:190} INFO - [2026-04-08T13:12:32.921+0000] {dag.py:4180} INFO - Setting next_dagrun for crawl_etl_itjob to 2026-04-08T02:00:00+00:00, run_after=2026-04-09T02:00:00+00:00
[2026-04-08T13:12:32.958+0000] {processor.py:208} INFO - Processing /opt/airflow/dags/Crawl_ETL_ITJob.py took 0.141 seconds
[2026-04-08T13:13:06.172+0000] {processor.py:186} INFO - Started process (PID=716) to work on /opt/airflow/dags/Crawl_ETL_ITJob.py
[2026-04-08T13:13:06.174+0000] {processor.py:914} INFO - Processing file /opt/airflow/dags/Crawl_ETL_ITJob.py for tasks to queue
[2026-04-08T13:13:06.177+0000] {logging_mixin.py:190} INFO - [2026-04-08T13:13:06.176+0000] {dagbag.py:588} INFO - Filling up the DagBag from /opt/airflow/dags/Crawl_ETL_ITJob.py
[2026-04-08T13:13:06.209+0000] {processor.py:925} INFO - DAG(s) 'crawl_etl_itjob' retrieved from /opt/airflow/dags/Crawl_ETL_ITJob.py
[2026-04-08T13:13:06.259+0000] {logging_mixin.py:190} INFO - [2026-04-08T13:13:06.259+0000] {dag.py:3239} INFO - Sync 1 DAGs
[2026-04-08T13:13:06.291+0000] {logging_mixin.py:190} INFO - [2026-04-08T13:13:06.291+0000] {dag.py:4180} INFO - Setting next_dagrun for crawl_etl_itjob to 2026-04-08T02:00:00+00:00, run_after=2026-04-09T02:00:00+00:00
[2026-04-08T13:13:06.347+0000] {processor.py:208} INFO - Processing /opt/airflow/dags/Crawl_ETL_ITJob.py took 0.188 seconds
[2026-04-08T13:13:38.670+0000] {processor.py:186} INFO - Started process (PID=720) to work on /opt/airflow/dags/Crawl_ETL_ITJob.py
[2026-04-08T13:13:38.671+0000] {processor.py:914} INFO - Processing file /opt/airflow/dags/Crawl_ETL_ITJob.py for tasks to queue
[2026-04-08T13:13:38.674+0000] {logging_mixin.py:190} INFO - [2026-04-08T13:13:38.674+0000] {dagbag.py:588} INFO - Filling up the DagBag from /opt/airflow/dags/Crawl_ETL_ITJob.py
[2026-04-08T13:13:38.714+0000] {processor.py:925} INFO - DAG(s) 'crawl_etl_itjob' retrieved from /opt/airflow/dags/Crawl_ETL_ITJob.py
[2026-04-08T13:13:38.785+0000] {logging_mixin.py:190} INFO - [2026-04-08T13:13:38.784+0000] {dag.py:3239} INFO - Sync 1 DAGs
[2026-04-08T13:13:38.839+0000] {logging_mixin.py:190} INFO - [2026-04-08T13:13:38.839+0000] {dag.py:4180} INFO - Setting next_dagrun for crawl_etl_itjob to 2026-04-08T02:00:00+00:00, run_after=2026-04-09T02:00:00+00:00
[2026-04-08T13:13:38.887+0000] {processor.py:208} INFO - Processing /opt/airflow/dags/Crawl_ETL_ITJob.py took 0.231 seconds
[2026-04-08T13:14:11.178+0000] {processor.py:186} INFO - Started process (PID=724) to work on /opt/airflow/dags/Crawl_ETL_ITJob.py
[2026-04-08T13:14:11.179+0000] {processor.py:914} INFO - Processing file /opt/airflow/dags/Crawl_ETL_ITJob.py for tasks to queue
[2026-04-08T13:14:11.182+0000] {logging_mixin.py:190} INFO - [2026-04-08T13:14:11.181+0000] {dagbag.py:588} INFO - Filling up the DagBag from /opt/airflow/dags/Crawl_ETL_ITJob.py
[2026-04-08T13:14:11.208+0000] {processor.py:925} INFO - DAG(s) 'crawl_etl_itjob' retrieved from /opt/airflow/dags/Crawl_ETL_ITJob.py
[2026-04-08T13:14:11.264+0000] {logging_mixin.py:190} INFO - [2026-04-08T13:14:11.264+0000] {dag.py:3239} INFO - Sync 1 DAGs
[2026-04-08T13:14:11.309+0000] {logging_mixin.py:190} INFO - [2026-04-08T13:14:11.309+0000] {dag.py:4180} INFO - Setting next_dagrun for crawl_etl_itjob to 2026-04-08T02:00:00+00:00, run_after=2026-04-09T02:00:00+00:00
[2026-04-08T13:14:11.360+0000] {processor.py:208} INFO - Processing /opt/airflow/dags/Crawl_ETL_ITJob.py took 0.190 seconds
[2026-04-08T13:14:43.650+0000] {processor.py:186} INFO - Started process (PID=728) to work on /opt/airflow/dags/Crawl_ETL_ITJob.py
[2026-04-08T13:14:43.651+0000] {processor.py:914} INFO - Processing file /opt/airflow/dags/Crawl_ETL_ITJob.py for tasks to queue
[2026-04-08T13:14:43.653+0000] {logging_mixin.py:190} INFO - [2026-04-08T13:14:43.653+0000] {dagbag.py:588} INFO - Filling up the DagBag from /opt/airflow/dags/Crawl_ETL_ITJob.py
[2026-04-08T13:14:43.692+0000] {processor.py:925} INFO - DAG(s) 'crawl_etl_itjob' retrieved from /opt/airflow/dags/Crawl_ETL_ITJob.py
[2026-04-08T13:14:43.766+0000] {logging_mixin.py:190} INFO - [2026-04-08T13:14:43.765+0000] {dag.py:3239} INFO - Sync 1 DAGs
[2026-04-08T13:14:43.819+0000] {logging_mixin.py:190} INFO - [2026-04-08T13:14:43.819+0000] {dag.py:4180} INFO - Setting next_dagrun for crawl_etl_itjob to 2026-04-08T02:00:00+00:00, run_after=2026-04-09T02:00:00+00:00
[2026-04-08T13:14:43.875+0000] {processor.py:208} INFO - Processing /opt/airflow/dags/Crawl_ETL_ITJob.py took 0.237 seconds
[2026-04-08T13:15:16.424+0000] {processor.py:186} INFO - Started process (PID=732) to work on /opt/airflow/dags/Crawl_ETL_ITJob.py
[2026-04-08T13:15:16.424+0000] {processor.py:914} INFO - Processing file /opt/airflow/dags/Crawl_ETL_ITJob.py for tasks to queue
[2026-04-08T13:15:16.425+0000] {logging_mixin.py:190} INFO - [2026-04-08T13:15:16.425+0000] {dagbag.py:588} INFO - Filling up the DagBag from /opt/airflow/dags/Crawl_ETL_ITJob.py
[2026-04-08T13:15:16.443+0000] {processor.py:925} INFO - DAG(s) 'crawl_etl_itjob' retrieved from /opt/airflow/dags/Crawl_ETL_ITJob.py
[2026-04-08T13:15:16.479+0000] {logging_mixin.py:190} INFO - [2026-04-08T13:15:16.479+0000] {dag.py:3239} INFO - Sync 1 DAGs
[2026-04-08T13:15:16.513+0000] {logging_mixin.py:190} INFO - [2026-04-08T13:15:16.513+0000] {dag.py:4180} INFO - Setting next_dagrun for crawl_etl_itjob to 2026-04-08T02:00:00+00:00, run_after=2026-04-09T02:00:00+00:00
[2026-04-08T13:15:16.539+0000] {processor.py:208} INFO - Processing /opt/airflow/dags/Crawl_ETL_ITJob.py took 0.121 seconds
[2026-04-08T13:15:49.613+0000] {processor.py:186} INFO - Started process (PID=736) to work on /opt/airflow/dags/Crawl_ETL_ITJob.py
[2026-04-08T13:15:49.614+0000] {processor.py:914} INFO - Processing file /opt/airflow/dags/Crawl_ETL_ITJob.py for tasks to queue
[2026-04-08T13:15:49.615+0000] {logging_mixin.py:190} INFO - [2026-04-08T13:15:49.615+0000] {dagbag.py:588} INFO - Filling up the DagBag from /opt/airflow/dags/Crawl_ETL_ITJob.py
[2026-04-08T13:15:49.637+0000] {processor.py:925} INFO - DAG(s) 'crawl_etl_itjob' retrieved from /opt/airflow/dags/Crawl_ETL_ITJob.py
[2026-04-08T13:15:49.682+0000] {logging_mixin.py:190} INFO - [2026-04-08T13:15:49.682+0000] {dag.py:3239} INFO - Sync 1 DAGs
[2026-04-08T13:15:49.721+0000] {logging_mixin.py:190} INFO - [2026-04-08T13:15:49.720+0000] {dag.py:4180} INFO - Setting next_dagrun for crawl_etl_itjob to 2026-04-08T02:00:00+00:00, run_after=2026-04-09T02:00:00+00:00
[2026-04-08T13:15:49.755+0000] {processor.py:208} INFO - Processing /opt/airflow/dags/Crawl_ETL_ITJob.py took 0.151 seconds
[2026-04-08T13:16:21.912+0000] {processor.py:186} INFO - Started process (PID=740) to work on /opt/airflow/dags/Crawl_ETL_ITJob.py
[2026-04-08T13:16:21.912+0000] {processor.py:914} INFO - Processing file /opt/airflow/dags/Crawl_ETL_ITJob.py for tasks to queue
[2026-04-08T13:16:21.915+0000] {logging_mixin.py:190} INFO - [2026-04-08T13:16:21.915+0000] {dagbag.py:588} INFO - Filling up the DagBag from /opt/airflow/dags/Crawl_ETL_ITJob.py
[2026-04-08T13:16:21.936+0000] {processor.py:925} INFO - DAG(s) 'crawl_etl_itjob' retrieved from /opt/airflow/dags/Crawl_ETL_ITJob.py
[2026-04-08T13:16:21.982+0000] {logging_mixin.py:190} INFO - [2026-04-08T13:16:21.982+0000] {dag.py:3239} INFO - Sync 1 DAGs
[2026-04-08T13:16:22.020+0000] {logging_mixin.py:190} INFO - [2026-04-08T13:16:22.020+0000] {dag.py:4180} INFO - Setting next_dagrun for crawl_etl_itjob to 2026-04-08T02:00:00+00:00, run_after=2026-04-09T02:00:00+00:00
[2026-04-08T13:16:22.071+0000] {processor.py:208} INFO - Processing /opt/airflow/dags/Crawl_ETL_ITJob.py took 0.166 seconds
[2026-04-08T13:16:54.500+0000] {processor.py:186} INFO - Started process (PID=744) to work on /opt/airflow/dags/Crawl_ETL_ITJob.py
[2026-04-08T13:16:54.501+0000] {processor.py:914} INFO - Processing file /opt/airflow/dags/Crawl_ETL_ITJob.py for tasks to queue
[2026-04-08T13:16:54.502+0000] {logging_mixin.py:190} INFO - [2026-04-08T13:16:54.502+0000] {dagbag.py:588} INFO - Filling up the DagBag from /opt/airflow/dags/Crawl_ETL_ITJob.py
[2026-04-08T13:16:54.525+0000] {processor.py:925} INFO - DAG(s) 'crawl_etl_itjob' retrieved from /opt/airflow/dags/Crawl_ETL_ITJob.py
[2026-04-08T13:16:54.576+0000] {logging_mixin.py:190} INFO - [2026-04-08T13:16:54.576+0000] {dag.py:3239} INFO - Sync 1 DAGs
[2026-04-08T13:16:54.614+0000] {logging_mixin.py:190} INFO - [2026-04-08T13:16:54.613+0000] {dag.py:4180} INFO - Setting next_dagrun for crawl_etl_itjob to 2026-04-08T02:00:00+00:00, run_after=2026-04-09T02:00:00+00:00
[2026-04-08T13:16:54.666+0000] {processor.py:208} INFO - Processing /opt/airflow/dags/Crawl_ETL_ITJob.py took 0.172 seconds
[2026-04-08T13:17:27.854+0000] {processor.py:186} INFO - Started process (PID=748) to work on /opt/airflow/dags/Crawl_ETL_ITJob.py
[2026-04-08T13:17:27.855+0000] {processor.py:914} INFO - Processing file /opt/airflow/dags/Crawl_ETL_ITJob.py for tasks to queue
[2026-04-08T13:17:27.856+0000] {logging_mixin.py:190} INFO - [2026-04-08T13:17:27.856+0000] {dagbag.py:588} INFO - Filling up the DagBag from /opt/airflow/dags/Crawl_ETL_ITJob.py
[2026-04-08T13:17:27.881+0000] {processor.py:925} INFO - DAG(s) 'crawl_etl_itjob' retrieved from /opt/airflow/dags/Crawl_ETL_ITJob.py
[2026-04-08T13:17:27.926+0000] {logging_mixin.py:190} INFO - [2026-04-08T13:17:27.926+0000] {dag.py:3239} INFO - Sync 1 DAGs
[2026-04-08T13:17:27.962+0000] {logging_mixin.py:190} INFO - [2026-04-08T13:17:27.962+0000] {dag.py:4180} INFO - Setting next_dagrun for crawl_etl_itjob to 2026-04-08T02:00:00+00:00, run_after=2026-04-09T02:00:00+00:00
[2026-04-08T13:17:27.997+0000] {processor.py:208} INFO - Processing /opt/airflow/dags/Crawl_ETL_ITJob.py took 0.149 seconds
[2026-04-08T13:18:00.074+0000] {processor.py:186} INFO - Started process (PID=752) to work on /opt/airflow/dags/Crawl_ETL_ITJob.py
[2026-04-08T13:18:00.075+0000] {processor.py:914} INFO - Processing file /opt/airflow/dags/Crawl_ETL_ITJob.py for tasks to queue
[2026-04-08T13:18:00.082+0000] {logging_mixin.py:190} INFO - [2026-04-08T13:18:00.081+0000] {dagbag.py:588} INFO - Filling up the DagBag from /opt/airflow/dags/Crawl_ETL_ITJob.py
[2026-04-08T13:18:00.100+0000] {processor.py:925} INFO - DAG(s) 'crawl_etl_itjob' retrieved from /opt/airflow/dags/Crawl_ETL_ITJob.py
[2026-04-08T13:18:00.145+0000] {logging_mixin.py:190} INFO - [2026-04-08T13:18:00.145+0000] {dag.py:3239} INFO - Sync 1 DAGs
[2026-04-08T13:18:00.188+0000] {logging_mixin.py:190} INFO - [2026-04-08T13:18:00.188+0000] {dag.py:4180} INFO - Setting next_dagrun for crawl_etl_itjob to 2026-04-08T02:00:00+00:00, run_after=2026-04-09T02:00:00+00:00
[2026-04-08T13:18:00.230+0000] {processor.py:208} INFO - Processing /opt/airflow/dags/Crawl_ETL_ITJob.py took 0.163 seconds
[2026-04-08T13:18:32.745+0000] {processor.py:186} INFO - Started process (PID=756) to work on /opt/airflow/dags/Crawl_ETL_ITJob.py
[2026-04-08T13:18:32.747+0000] {processor.py:914} INFO - Processing file /opt/airflow/dags/Crawl_ETL_ITJob.py for tasks to queue
[2026-04-08T13:18:32.750+0000] {logging_mixin.py:190} INFO - [2026-04-08T13:18:32.749+0000] {dagbag.py:588} INFO - Filling up the DagBag from /opt/airflow/dags/Crawl_ETL_ITJob.py
[2026-04-08T13:18:32.787+0000] {processor.py:925} INFO - DAG(s) 'crawl_etl_itjob' retrieved from /opt/airflow/dags/Crawl_ETL_ITJob.py
[2026-04-08T13:18:32.870+0000] {logging_mixin.py:190} INFO - [2026-04-08T13:18:32.869+0000] {dag.py:3239} INFO - Sync 1 DAGs
[2026-04-08T13:18:32.951+0000] {logging_mixin.py:190} INFO - [2026-04-08T13:18:32.950+0000] {dag.py:4180} INFO - Setting next_dagrun for crawl_etl_itjob to 2026-04-08T02:00:00+00:00, run_after=2026-04-09T02:00:00+00:00
[2026-04-08T13:18:33.004+0000] {processor.py:208} INFO - Processing /opt/airflow/dags/Crawl_ETL_ITJob.py took 0.272 seconds
[2026-04-08T13:19:05.400+0000] {processor.py:186} INFO - Started process (PID=760) to work on /opt/airflow/dags/Crawl_ETL_ITJob.py
[2026-04-08T13:19:05.401+0000] {processor.py:914} INFO - Processing file /opt/airflow/dags/Crawl_ETL_ITJob.py for tasks to queue
[2026-04-08T13:19:05.402+0000] {logging_mixin.py:190} INFO - [2026-04-08T13:19:05.402+0000] {dagbag.py:588} INFO - Filling up the DagBag from /opt/airflow/dags/Crawl_ETL_ITJob.py
[2026-04-08T13:19:05.422+0000] {processor.py:925} INFO - DAG(s) 'crawl_etl_itjob' retrieved from /opt/airflow/dags/Crawl_ETL_ITJob.py
[2026-04-08T13:19:05.467+0000] {logging_mixin.py:190} INFO - [2026-04-08T13:19:05.466+0000] {dag.py:3239} INFO - Sync 1 DAGs
[2026-04-08T13:19:05.511+0000] {logging_mixin.py:190} INFO - [2026-04-08T13:19:05.511+0000] {dag.py:4180} INFO - Setting next_dagrun for crawl_etl_itjob to 2026-04-08T02:00:00+00:00, run_after=2026-04-09T02:00:00+00:00
[2026-04-08T13:19:05.554+0000] {processor.py:208} INFO - Processing /opt/airflow/dags/Crawl_ETL_ITJob.py took 0.159 seconds
[2026-04-08T13:19:38.775+0000] {processor.py:186} INFO - Started process (PID=764) to work on /opt/airflow/dags/Crawl_ETL_ITJob.py
[2026-04-08T13:19:38.779+0000] {processor.py:914} INFO - Processing file /opt/airflow/dags/Crawl_ETL_ITJob.py for tasks to queue
[2026-04-08T13:19:38.781+0000] {logging_mixin.py:190} INFO - [2026-04-08T13:19:38.781+0000] {dagbag.py:588} INFO - Filling up the DagBag from /opt/airflow/dags/Crawl_ETL_ITJob.py
[2026-04-08T13:19:38.802+0000] {processor.py:925} INFO - DAG(s) 'crawl_etl_itjob' retrieved from /opt/airflow/dags/Crawl_ETL_ITJob.py
[2026-04-08T13:19:38.846+0000] {logging_mixin.py:190} INFO - [2026-04-08T13:19:38.846+0000] {dag.py:3239} INFO - Sync 1 DAGs
[2026-04-08T13:19:38.885+0000] {logging_mixin.py:190} INFO - [2026-04-08T13:19:38.884+0000] {dag.py:4180} INFO - Setting next_dagrun for crawl_etl_itjob to 2026-04-08T02:00:00+00:00, run_after=2026-04-09T02:00:00+00:00
[2026-04-08T13:19:38.926+0000] {processor.py:208} INFO - Processing /opt/airflow/dags/Crawl_ETL_ITJob.py took 0.156 seconds
[2026-04-08T13:20:11.018+0000] {processor.py:186} INFO - Started process (PID=768) to work on /opt/airflow/dags/Crawl_ETL_ITJob.py
[2026-04-08T13:20:11.022+0000] {processor.py:914} INFO - Processing file /opt/airflow/dags/Crawl_ETL_ITJob.py for tasks to queue
[2026-04-08T13:20:11.023+0000] {logging_mixin.py:190} INFO - [2026-04-08T13:20:11.023+0000] {dagbag.py:588} INFO - Filling up the DagBag from /opt/airflow/dags/Crawl_ETL_ITJob.py
[2026-04-08T13:20:11.047+0000] {processor.py:925} INFO - DAG(s) 'crawl_etl_itjob' retrieved from /opt/airflow/dags/Crawl_ETL_ITJob.py
[2026-04-08T13:20:11.093+0000] {logging_mixin.py:190} INFO - [2026-04-08T13:20:11.093+0000] {dag.py:3239} INFO - Sync 1 DAGs
[2026-04-08T13:20:11.131+0000] {logging_mixin.py:190} INFO - [2026-04-08T13:20:11.131+0000] {dag.py:4180} INFO - Setting next_dagrun for crawl_etl_itjob to 2026-04-08T02:00:00+00:00, run_after=2026-04-09T02:00:00+00:00
[2026-04-08T13:20:11.167+0000] {processor.py:208} INFO - Processing /opt/airflow/dags/Crawl_ETL_ITJob.py took 0.155 seconds
[2026-04-08T13:20:44.424+0000] {processor.py:186} INFO - Started process (PID=772) to work on /opt/airflow/dags/Crawl_ETL_ITJob.py
[2026-04-08T13:20:44.425+0000] {processor.py:914} INFO - Processing file /opt/airflow/dags/Crawl_ETL_ITJob.py for tasks to queue
[2026-04-08T13:20:44.427+0000] {logging_mixin.py:190} INFO - [2026-04-08T13:20:44.426+0000] {dagbag.py:588} INFO - Filling up the DagBag from /opt/airflow/dags/Crawl_ETL_ITJob.py
[2026-04-08T13:20:44.451+0000] {processor.py:925} INFO - DAG(s) 'crawl_etl_itjob' retrieved from /opt/airflow/dags/Crawl_ETL_ITJob.py
[2026-04-08T13:20:44.503+0000] {logging_mixin.py:190} INFO - [2026-04-08T13:20:44.503+0000] {dag.py:3239} INFO - Sync 1 DAGs
[2026-04-08T13:20:44.548+0000] {logging_mixin.py:190} INFO - [2026-04-08T13:20:44.548+0000] {dag.py:4180} INFO - Setting next_dagrun for crawl_etl_itjob to 2026-04-08T02:00:00+00:00, run_after=2026-04-09T02:00:00+00:00
[2026-04-08T13:20:44.592+0000] {processor.py:208} INFO - Processing /opt/airflow/dags/Crawl_ETL_ITJob.py took 0.178 seconds
[2026-04-08T13:21:16.880+0000] {processor.py:186} INFO - Started process (PID=776) to work on /opt/airflow/dags/Crawl_ETL_ITJob.py
[2026-04-08T13:21:16.881+0000] {processor.py:914} INFO - Processing file /opt/airflow/dags/Crawl_ETL_ITJob.py for tasks to queue
[2026-04-08T13:21:16.883+0000] {logging_mixin.py:190} INFO - [2026-04-08T13:21:16.883+0000] {dagbag.py:588} INFO - Filling up the DagBag from /opt/airflow/dags/Crawl_ETL_ITJob.py
[2026-04-08T13:21:16.903+0000] {processor.py:925} INFO - DAG(s) 'crawl_etl_itjob' retrieved from /opt/airflow/dags/Crawl_ETL_ITJob.py
[2026-04-08T13:21:16.949+0000] {logging_mixin.py:190} INFO - [2026-04-08T13:21:16.948+0000] {dag.py:3239} INFO - Sync 1 DAGs
[2026-04-08T13:21:16.988+0000] {logging_mixin.py:190} INFO - [2026-04-08T13:21:16.988+0000] {dag.py:4180} INFO - Setting next_dagrun for crawl_etl_itjob to 2026-04-08T02:00:00+00:00, run_after=2026-04-09T02:00:00+00:00
[2026-04-08T13:21:17.022+0000] {processor.py:208} INFO - Processing /opt/airflow/dags/Crawl_ETL_ITJob.py took 0.148 seconds
[2026-04-08T13:21:49.302+0000] {processor.py:186} INFO - Started process (PID=780) to work on /opt/airflow/dags/Crawl_ETL_ITJob.py
[2026-04-08T13:21:49.303+0000] {processor.py:914} INFO - Processing file /opt/airflow/dags/Crawl_ETL_ITJob.py for tasks to queue
[2026-04-08T13:21:49.305+0000] {logging_mixin.py:190} INFO - [2026-04-08T13:21:49.304+0000] {dagbag.py:588} INFO - Filling up the DagBag from /opt/airflow/dags/Crawl_ETL_ITJob.py
[2026-04-08T13:21:49.344+0000] {processor.py:925} INFO - DAG(s) 'crawl_etl_itjob' retrieved from /opt/airflow/dags/Crawl_ETL_ITJob.py
[2026-04-08T13:21:49.399+0000] {logging_mixin.py:190} INFO - [2026-04-08T13:21:49.399+0000] {dag.py:3239} INFO - Sync 1 DAGs
[2026-04-08T13:21:49.449+0000] {logging_mixin.py:190} INFO - [2026-04-08T13:21:49.449+0000] {dag.py:4180} INFO - Setting next_dagrun for crawl_etl_itjob to 2026-04-08T02:00:00+00:00, run_after=2026-04-09T02:00:00+00:00
[2026-04-08T13:21:49.503+0000] {processor.py:208} INFO - Processing /opt/airflow/dags/Crawl_ETL_ITJob.py took 0.214 seconds
[2026-04-08T13:22:21.828+0000] {processor.py:186} INFO - Started process (PID=784) to work on /opt/airflow/dags/Crawl_ETL_ITJob.py
[2026-04-08T13:22:21.829+0000] {processor.py:914} INFO - Processing file /opt/airflow/dags/Crawl_ETL_ITJob.py for tasks to queue
[2026-04-08T13:22:21.831+0000] {logging_mixin.py:190} INFO - [2026-04-08T13:22:21.831+0000] {dagbag.py:588} INFO - Filling up the DagBag from /opt/airflow/dags/Crawl_ETL_ITJob.py
[2026-04-08T13:22:21.858+0000] {processor.py:925} INFO - DAG(s) 'crawl_etl_itjob' retrieved from /opt/airflow/dags/Crawl_ETL_ITJob.py
[2026-04-08T13:22:21.908+0000] {logging_mixin.py:190} INFO - [2026-04-08T13:22:21.908+0000] {dag.py:3239} INFO - Sync 1 DAGs
[2026-04-08T13:22:21.949+0000] {logging_mixin.py:190} INFO - [2026-04-08T13:22:21.949+0000] {dag.py:4180} INFO - Setting next_dagrun for crawl_etl_itjob to 2026-04-08T02:00:00+00:00, run_after=2026-04-09T02:00:00+00:00
[2026-04-08T13:22:21.984+0000] {processor.py:208} INFO - Processing /opt/airflow/dags/Crawl_ETL_ITJob.py took 0.164 seconds
[2026-04-08T13:22:55.200+0000] {processor.py:186} INFO - Started process (PID=788) to work on /opt/airflow/dags/Crawl_ETL_ITJob.py
[2026-04-08T13:22:55.201+0000] {processor.py:914} INFO - Processing file /opt/airflow/dags/Crawl_ETL_ITJob.py for tasks to queue
[2026-04-08T13:22:55.203+0000] {logging_mixin.py:190} INFO - [2026-04-08T13:22:55.203+0000] {dagbag.py:588} INFO - Filling up the DagBag from /opt/airflow/dags/Crawl_ETL_ITJob.py
[2026-04-08T13:22:55.226+0000] {processor.py:925} INFO - DAG(s) 'crawl_etl_itjob' retrieved from /opt/airflow/dags/Crawl_ETL_ITJob.py
[2026-04-08T13:22:55.270+0000] {logging_mixin.py:190} INFO - [2026-04-08T13:22:55.270+0000] {dag.py:3239} INFO - Sync 1 DAGs
[2026-04-08T13:22:55.310+0000] {logging_mixin.py:190} INFO - [2026-04-08T13:22:55.310+0000] {dag.py:4180} INFO - Setting next_dagrun for crawl_etl_itjob to 2026-04-08T02:00:00+00:00, run_after=2026-04-09T02:00:00+00:00
[2026-04-08T13:22:55.345+0000] {processor.py:208} INFO - Processing /opt/airflow/dags/Crawl_ETL_ITJob.py took 0.152 seconds
[2026-04-08T13:23:27.557+0000] {processor.py:186} INFO - Started process (PID=792) to work on /opt/airflow/dags/Crawl_ETL_ITJob.py
[2026-04-08T13:23:27.557+0000] {processor.py:914} INFO - Processing file /opt/airflow/dags/Crawl_ETL_ITJob.py for tasks to queue
[2026-04-08T13:23:27.558+0000] {logging_mixin.py:190} INFO - [2026-04-08T13:23:27.558+0000] {dagbag.py:588} INFO - Filling up the DagBag from /opt/airflow/dags/Crawl_ETL_ITJob.py
[2026-04-08T13:23:27.579+0000] {processor.py:925} INFO - DAG(s) 'crawl_etl_itjob' retrieved from /opt/airflow/dags/Crawl_ETL_ITJob.py
[2026-04-08T13:23:27.626+0000] {logging_mixin.py:190} INFO - [2026-04-08T13:23:27.626+0000] {dag.py:3239} INFO - Sync 1 DAGs
[2026-04-08T13:23:27.663+0000] {logging_mixin.py:190} INFO - [2026-04-08T13:23:27.662+0000] {dag.py:4180} INFO - Setting next_dagrun for crawl_etl_itjob to 2026-04-08T02:00:00+00:00, run_after=2026-04-09T02:00:00+00:00
[2026-04-08T13:23:27.698+0000] {processor.py:208} INFO - Processing /opt/airflow/dags/Crawl_ETL_ITJob.py took 0.147 seconds
[2026-04-08T13:24:00.049+0000] {processor.py:186} INFO - Started process (PID=796) to work on /opt/airflow/dags/Crawl_ETL_ITJob.py
[2026-04-08T13:24:00.050+0000] {processor.py:914} INFO - Processing file /opt/airflow/dags/Crawl_ETL_ITJob.py for tasks to queue
[2026-04-08T13:24:00.058+0000] {logging_mixin.py:190} INFO - [2026-04-08T13:24:00.057+0000] {dagbag.py:588} INFO - Filling up the DagBag from /opt/airflow/dags/Crawl_ETL_ITJob.py
[2026-04-08T13:24:00.080+0000] {processor.py:925} INFO - DAG(s) 'crawl_etl_itjob' retrieved from /opt/airflow/dags/Crawl_ETL_ITJob.py
[2026-04-08T13:24:00.123+0000] {logging_mixin.py:190} INFO - [2026-04-08T13:24:00.123+0000] {dag.py:3239} INFO - Sync 1 DAGs
[2026-04-08T13:24:00.162+0000] {logging_mixin.py:190} INFO - [2026-04-08T13:24:00.161+0000] {dag.py:4180} INFO - Setting next_dagrun for crawl_etl_itjob to 2026-04-08T02:00:00+00:00, run_after=2026-04-09T02:00:00+00:00
[2026-04-08T13:24:00.199+0000] {processor.py:208} INFO - Processing /opt/airflow/dags/Crawl_ETL_ITJob.py took 0.156 seconds
[2026-04-08T13:24:33.380+0000] {processor.py:186} INFO - Started process (PID=800) to work on /opt/airflow/dags/Crawl_ETL_ITJob.py
[2026-04-08T13:24:33.380+0000] {processor.py:914} INFO - Processing file /opt/airflow/dags/Crawl_ETL_ITJob.py for tasks to queue
[2026-04-08T13:24:33.383+0000] {logging_mixin.py:190} INFO - [2026-04-08T13:24:33.382+0000] {dagbag.py:588} INFO - Filling up the DagBag from /opt/airflow/dags/Crawl_ETL_ITJob.py
[2026-04-08T13:24:33.404+0000] {processor.py:925} INFO - DAG(s) 'crawl_etl_itjob' retrieved from /opt/airflow/dags/Crawl_ETL_ITJob.py
[2026-04-08T13:24:33.452+0000] {logging_mixin.py:190} INFO - [2026-04-08T13:24:33.452+0000] {dag.py:3239} INFO - Sync 1 DAGs
[2026-04-08T13:24:33.492+0000] {logging_mixin.py:190} INFO - [2026-04-08T13:24:33.492+0000] {dag.py:4180} INFO - Setting next_dagrun for crawl_etl_itjob to 2026-04-08T02:00:00+00:00, run_after=2026-04-09T02:00:00+00:00
[2026-04-08T13:24:33.526+0000] {processor.py:208} INFO - Processing /opt/airflow/dags/Crawl_ETL_ITJob.py took 0.153 seconds
[2026-04-08T13:25:05.749+0000] {processor.py:186} INFO - Started process (PID=804) to work on /opt/airflow/dags/Crawl_ETL_ITJob.py
[2026-04-08T13:25:05.751+0000] {processor.py:914} INFO - Processing file /opt/airflow/dags/Crawl_ETL_ITJob.py for tasks to queue
[2026-04-08T13:25:05.752+0000] {logging_mixin.py:190} INFO - [2026-04-08T13:25:05.752+0000] {dagbag.py:588} INFO - Filling up the DagBag from /opt/airflow/dags/Crawl_ETL_ITJob.py
[2026-04-08T13:25:05.776+0000] {processor.py:925} INFO - DAG(s) 'crawl_etl_itjob' retrieved from /opt/airflow/dags/Crawl_ETL_ITJob.py
[2026-04-08T13:25:05.827+0000] {logging_mixin.py:190} INFO - [2026-04-08T13:25:05.827+0000] {dag.py:3239} INFO - Sync 1 DAGs
[2026-04-08T13:25:05.867+0000] {logging_mixin.py:190} INFO - [2026-04-08T13:25:05.867+0000] {dag.py:4180} INFO - Setting next_dagrun for crawl_etl_itjob to 2026-04-08T02:00:00+00:00, run_after=2026-04-09T02:00:00+00:00
[2026-04-08T13:25:05.908+0000] {processor.py:208} INFO - Processing /opt/airflow/dags/Crawl_ETL_ITJob.py took 0.165 seconds
[2026-04-08T13:25:39.115+0000] {processor.py:186} INFO - Started process (PID=808) to work on /opt/airflow/dags/Crawl_ETL_ITJob.py
[2026-04-08T13:25:39.116+0000] {processor.py:914} INFO - Processing file /opt/airflow/dags/Crawl_ETL_ITJob.py for tasks to queue
[2026-04-08T13:25:39.118+0000] {logging_mixin.py:190} INFO - [2026-04-08T13:25:39.118+0000] {dagbag.py:588} INFO - Filling up the DagBag from /opt/airflow/dags/Crawl_ETL_ITJob.py
[2026-04-08T13:25:39.145+0000] {processor.py:925} INFO - DAG(s) 'crawl_etl_itjob' retrieved from /opt/airflow/dags/Crawl_ETL_ITJob.py
[2026-04-08T13:25:39.203+0000] {logging_mixin.py:190} INFO - [2026-04-08T13:25:39.203+0000] {dag.py:3239} INFO - Sync 1 DAGs
[2026-04-08T13:25:39.254+0000] {logging_mixin.py:190} INFO - [2026-04-08T13:25:39.254+0000] {dag.py:4180} INFO - Setting next_dagrun for crawl_etl_itjob to 2026-04-08T02:00:00+00:00, run_after=2026-04-09T02:00:00+00:00
[2026-04-08T13:25:39.302+0000] {processor.py:208} INFO - Processing /opt/airflow/dags/Crawl_ETL_ITJob.py took 0.195 seconds
[2026-04-08T13:26:11.598+0000] {processor.py:186} INFO - Started process (PID=812) to work on /opt/airflow/dags/Crawl_ETL_ITJob.py
[2026-04-08T13:26:11.600+0000] {processor.py:914} INFO - Processing file /opt/airflow/dags/Crawl_ETL_ITJob.py for tasks to queue
[2026-04-08T13:26:11.605+0000] {logging_mixin.py:190} INFO - [2026-04-08T13:26:11.604+0000] {dagbag.py:588} INFO - Filling up the DagBag from /opt/airflow/dags/Crawl_ETL_ITJob.py
[2026-04-08T13:26:11.634+0000] {processor.py:925} INFO - DAG(s) 'crawl_etl_itjob' retrieved from /opt/airflow/dags/Crawl_ETL_ITJob.py
[2026-04-08T13:26:11.685+0000] {logging_mixin.py:190} INFO - [2026-04-08T13:26:11.684+0000] {dag.py:3239} INFO - Sync 1 DAGs
[2026-04-08T13:26:11.722+0000] {logging_mixin.py:190} INFO - [2026-04-08T13:26:11.722+0000] {dag.py:4180} INFO - Setting next_dagrun for crawl_etl_itjob to 2026-04-08T02:00:00+00:00, run_after=2026-04-09T02:00:00+00:00
[2026-04-08T13:26:11.759+0000] {processor.py:208} INFO - Processing /opt/airflow/dags/Crawl_ETL_ITJob.py took 0.169 seconds
[2026-04-08T13:26:44.031+0000] {processor.py:186} INFO - Started process (PID=816) to work on /opt/airflow/dags/Crawl_ETL_ITJob.py
[2026-04-08T13:26:44.032+0000] {processor.py:914} INFO - Processing file /opt/airflow/dags/Crawl_ETL_ITJob.py for tasks to queue
[2026-04-08T13:26:44.034+0000] {logging_mixin.py:190} INFO - [2026-04-08T13:26:44.033+0000] {dagbag.py:588} INFO - Filling up the DagBag from /opt/airflow/dags/Crawl_ETL_ITJob.py
[2026-04-08T13:26:44.061+0000] {processor.py:925} INFO - DAG(s) 'crawl_etl_itjob' retrieved from /opt/airflow/dags/Crawl_ETL_ITJob.py
[2026-04-08T13:26:44.118+0000] {logging_mixin.py:190} INFO - [2026-04-08T13:26:44.118+0000] {dag.py:3239} INFO - Sync 1 DAGs
[2026-04-08T13:26:44.168+0000] {logging_mixin.py:190} INFO - [2026-04-08T13:26:44.168+0000] {dag.py:4180} INFO - Setting next_dagrun for crawl_etl_itjob to 2026-04-08T02:00:00+00:00, run_after=2026-04-09T02:00:00+00:00
[2026-04-08T13:26:44.226+0000] {processor.py:208} INFO - Processing /opt/airflow/dags/Crawl_ETL_ITJob.py took 0.202 seconds
[2026-04-08T13:27:16.613+0000] {processor.py:186} INFO - Started process (PID=820) to work on /opt/airflow/dags/Crawl_ETL_ITJob.py
[2026-04-08T13:27:16.614+0000] {processor.py:914} INFO - Processing file /opt/airflow/dags/Crawl_ETL_ITJob.py for tasks to queue
[2026-04-08T13:27:16.616+0000] {logging_mixin.py:190} INFO - [2026-04-08T13:27:16.616+0000] {dagbag.py:588} INFO - Filling up the DagBag from /opt/airflow/dags/Crawl_ETL_ITJob.py
[2026-04-08T13:27:16.646+0000] {processor.py:925} INFO - DAG(s) 'crawl_etl_itjob' retrieved from /opt/airflow/dags/Crawl_ETL_ITJob.py
[2026-04-08T13:27:16.713+0000] {logging_mixin.py:190} INFO - [2026-04-08T13:27:16.713+0000] {dag.py:3239} INFO - Sync 1 DAGs
[2026-04-08T13:27:16.771+0000] {logging_mixin.py:190} INFO - [2026-04-08T13:27:16.771+0000] {dag.py:4180} INFO - Setting next_dagrun for crawl_etl_itjob to 2026-04-08T02:00:00+00:00, run_after=2026-04-09T02:00:00+00:00
[2026-04-08T13:27:16.812+0000] {processor.py:208} INFO - Processing /opt/airflow/dags/Crawl_ETL_ITJob.py took 0.207 seconds
[2026-04-08T13:27:49.252+0000] {processor.py:186} INFO - Started process (PID=824) to work on /opt/airflow/dags/Crawl_ETL_ITJob.py
[2026-04-08T13:27:49.253+0000] {processor.py:914} INFO - Processing file /opt/airflow/dags/Crawl_ETL_ITJob.py for tasks to queue
[2026-04-08T13:27:49.255+0000] {logging_mixin.py:190} INFO - [2026-04-08T13:27:49.254+0000] {dagbag.py:588} INFO - Filling up the DagBag from /opt/airflow/dags/Crawl_ETL_ITJob.py
[2026-04-08T13:27:49.297+0000] {processor.py:925} INFO - DAG(s) 'crawl_etl_itjob' retrieved from /opt/airflow/dags/Crawl_ETL_ITJob.py
[2026-04-08T13:27:49.360+0000] {logging_mixin.py:190} INFO - [2026-04-08T13:27:49.360+0000] {dag.py:3239} INFO - Sync 1 DAGs
[2026-04-08T13:27:49.404+0000] {logging_mixin.py:190} INFO - [2026-04-08T13:27:49.404+0000] {dag.py:4180} INFO - Setting next_dagrun for crawl_etl_itjob to 2026-04-08T02:00:00+00:00, run_after=2026-04-09T02:00:00+00:00
[2026-04-08T13:27:49.444+0000] {processor.py:208} INFO - Processing /opt/airflow/dags/Crawl_ETL_ITJob.py took 0.203 seconds
[2026-04-08T13:28:21.929+0000] {processor.py:186} INFO - Started process (PID=828) to work on /opt/airflow/dags/Crawl_ETL_ITJob.py
[2026-04-08T13:28:21.930+0000] {processor.py:914} INFO - Processing file /opt/airflow/dags/Crawl_ETL_ITJob.py for tasks to queue
[2026-04-08T13:28:21.934+0000] {logging_mixin.py:190} INFO - [2026-04-08T13:28:21.933+0000] {dagbag.py:588} INFO - Filling up the DagBag from /opt/airflow/dags/Crawl_ETL_ITJob.py
[2026-04-08T13:28:21.960+0000] {processor.py:925} INFO - DAG(s) 'crawl_etl_itjob' retrieved from /opt/airflow/dags/Crawl_ETL_ITJob.py
[2026-04-08T13:28:22.022+0000] {logging_mixin.py:190} INFO - [2026-04-08T13:28:22.022+0000] {dag.py:3239} INFO - Sync 1 DAGs
[2026-04-08T13:28:22.074+0000] {logging_mixin.py:190} INFO - [2026-04-08T13:28:22.074+0000] {dag.py:4180} INFO - Setting next_dagrun for crawl_etl_itjob to 2026-04-08T02:00:00+00:00, run_after=2026-04-09T02:00:00+00:00
[2026-04-08T13:28:22.121+0000] {processor.py:208} INFO - Processing /opt/airflow/dags/Crawl_ETL_ITJob.py took 0.202 seconds
[2026-04-08T13:28:54.699+0000] {processor.py:186} INFO - Started process (PID=832) to work on /opt/airflow/dags/Crawl_ETL_ITJob.py
[2026-04-08T13:28:54.701+0000] {processor.py:914} INFO - Processing file /opt/airflow/dags/Crawl_ETL_ITJob.py for tasks to queue
[2026-04-08T13:28:54.705+0000] {logging_mixin.py:190} INFO - [2026-04-08T13:28:54.703+0000] {dagbag.py:588} INFO - Filling up the DagBag from /opt/airflow/dags/Crawl_ETL_ITJob.py
[2026-04-08T13:28:54.759+0000] {processor.py:925} INFO - DAG(s) 'crawl_etl_itjob' retrieved from /opt/airflow/dags/Crawl_ETL_ITJob.py
[2026-04-08T13:28:54.823+0000] {logging_mixin.py:190} INFO - [2026-04-08T13:28:54.822+0000] {dag.py:3239} INFO - Sync 1 DAGs
[2026-04-08T13:28:54.871+0000] {logging_mixin.py:190} INFO - [2026-04-08T13:28:54.871+0000] {dag.py:4180} INFO - Setting next_dagrun for crawl_etl_itjob to 2026-04-08T02:00:00+00:00, run_after=2026-04-09T02:00:00+00:00
[2026-04-08T13:28:54.912+0000] {processor.py:208} INFO - Processing /opt/airflow/dags/Crawl_ETL_ITJob.py took 0.224 seconds
[2026-04-08T13:29:28.081+0000] {processor.py:186} INFO - Started process (PID=836) to work on /opt/airflow/dags/Crawl_ETL_ITJob.py
[2026-04-08T13:29:28.081+0000] {processor.py:914} INFO - Processing file /opt/airflow/dags/Crawl_ETL_ITJob.py for tasks to queue
[2026-04-08T13:29:28.083+0000] {logging_mixin.py:190} INFO - [2026-04-08T13:29:28.082+0000] {dagbag.py:588} INFO - Filling up the DagBag from /opt/airflow/dags/Crawl_ETL_ITJob.py
[2026-04-08T13:29:28.101+0000] {processor.py:925} INFO - DAG(s) 'crawl_etl_itjob' retrieved from /opt/airflow/dags/Crawl_ETL_ITJob.py
[2026-04-08T13:29:28.147+0000] {logging_mixin.py:190} INFO - [2026-04-08T13:29:28.147+0000] {dag.py:3239} INFO - Sync 1 DAGs
[2026-04-08T13:29:28.199+0000] {logging_mixin.py:190} INFO - [2026-04-08T13:29:28.198+0000] {dag.py:4180} INFO - Setting next_dagrun for crawl_etl_itjob to 2026-04-08T02:00:00+00:00, run_after=2026-04-09T02:00:00+00:00
[2026-04-08T13:29:28.233+0000] {processor.py:208} INFO - Processing /opt/airflow/dags/Crawl_ETL_ITJob.py took 0.158 seconds
[2026-04-08T13:30:00.380+0000] {processor.py:186} INFO - Started process (PID=840) to work on /opt/airflow/dags/Crawl_ETL_ITJob.py
[2026-04-08T13:30:00.382+0000] {processor.py:914} INFO - Processing file /opt/airflow/dags/Crawl_ETL_ITJob.py for tasks to queue
[2026-04-08T13:30:00.385+0000] {logging_mixin.py:190} INFO - [2026-04-08T13:30:00.384+0000] {dagbag.py:588} INFO - Filling up the DagBag from /opt/airflow/dags/Crawl_ETL_ITJob.py
[2026-04-08T13:30:00.424+0000] {processor.py:925} INFO - DAG(s) 'crawl_etl_itjob' retrieved from /opt/airflow/dags/Crawl_ETL_ITJob.py
[2026-04-08T13:30:00.493+0000] {logging_mixin.py:190} INFO - [2026-04-08T13:30:00.493+0000] {dag.py:3239} INFO - Sync 1 DAGs
[2026-04-08T13:30:00.552+0000] {logging_mixin.py:190} INFO - [2026-04-08T13:30:00.552+0000] {dag.py:4180} INFO - Setting next_dagrun for crawl_etl_itjob to 2026-04-08T02:00:00+00:00, run_after=2026-04-09T02:00:00+00:00
[2026-04-08T13:30:00.600+0000] {processor.py:208} INFO - Processing /opt/airflow/dags/Crawl_ETL_ITJob.py took 0.237 seconds
[2026-04-08T13:30:32.804+0000] {processor.py:186} INFO - Started process (PID=844) to work on /opt/airflow/dags/Crawl_ETL_ITJob.py
[2026-04-08T13:30:32.805+0000] {processor.py:914} INFO - Processing file /opt/airflow/dags/Crawl_ETL_ITJob.py for tasks to queue
[2026-04-08T13:30:32.807+0000] {logging_mixin.py:190} INFO - [2026-04-08T13:30:32.806+0000] {dagbag.py:588} INFO - Filling up the DagBag from /opt/airflow/dags/Crawl_ETL_ITJob.py
[2026-04-08T13:30:32.830+0000] {processor.py:925} INFO - DAG(s) 'crawl_etl_itjob' retrieved from /opt/airflow/dags/Crawl_ETL_ITJob.py
[2026-04-08T13:30:32.889+0000] {logging_mixin.py:190} INFO - [2026-04-08T13:30:32.889+0000] {dag.py:3239} INFO - Sync 1 DAGs
[2026-04-08T13:30:32.951+0000] {logging_mixin.py:190} INFO - [2026-04-08T13:30:32.951+0000] {dag.py:4180} INFO - Setting next_dagrun for crawl_etl_itjob to 2026-04-08T02:00:00+00:00, run_after=2026-04-09T02:00:00+00:00
[2026-04-08T13:30:33.005+0000] {processor.py:208} INFO - Processing /opt/airflow/dags/Crawl_ETL_ITJob.py took 0.208 seconds
[2026-04-08T13:31:05.764+0000] {processor.py:186} INFO - Started process (PID=848) to work on /opt/airflow/dags/Crawl_ETL_ITJob.py
[2026-04-08T13:31:05.766+0000] {processor.py:914} INFO - Processing file /opt/airflow/dags/Crawl_ETL_ITJob.py for tasks to queue
[2026-04-08T13:31:05.768+0000] {logging_mixin.py:190} INFO - [2026-04-08T13:31:05.768+0000] {dagbag.py:588} INFO - Filling up the DagBag from /opt/airflow/dags/Crawl_ETL_ITJob.py
[2026-04-08T13:31:05.825+0000] {processor.py:925} INFO - DAG(s) 'crawl_etl_itjob' retrieved from /opt/airflow/dags/Crawl_ETL_ITJob.py
[2026-04-08T13:31:05.907+0000] {logging_mixin.py:190} INFO - [2026-04-08T13:31:05.906+0000] {dag.py:3239} INFO - Sync 1 DAGs
[2026-04-08T13:31:06.031+0000] {processor.py:208} INFO - Processing /opt/airflow/dags/Crawl_ETL_ITJob.py took 0.281 seconds
[2026-04-08T13:31:38.394+0000] {processor.py:186} INFO - Started process (PID=852) to work on /opt/airflow/dags/Crawl_ETL_ITJob.py
[2026-04-08T13:31:38.395+0000] {processor.py:914} INFO - Processing file /opt/airflow/dags/Crawl_ETL_ITJob.py for tasks to queue
[2026-04-08T13:31:38.396+0000] {logging_mixin.py:190} INFO - [2026-04-08T13:31:38.396+0000] {dagbag.py:588} INFO - Filling up the DagBag from /opt/airflow/dags/Crawl_ETL_ITJob.py
[2026-04-08T13:31:38.423+0000] {processor.py:925} INFO - DAG(s) 'crawl_etl_itjob' retrieved from /opt/airflow/dags/Crawl_ETL_ITJob.py
[2026-04-08T13:31:38.548+0000] {logging_mixin.py:190} INFO - [2026-04-08T13:31:38.548+0000] {dag.py:3239} INFO - Sync 1 DAGs
[2026-04-08T13:31:38.773+0000] {processor.py:208} INFO - Processing /opt/airflow/dags/Crawl_ETL_ITJob.py took 0.389 seconds
[2026-04-08T13:32:11.064+0000] {processor.py:186} INFO - Started process (PID=856) to work on /opt/airflow/dags/Crawl_ETL_ITJob.py
[2026-04-08T13:32:11.065+0000] {processor.py:914} INFO - Processing file /opt/airflow/dags/Crawl_ETL_ITJob.py for tasks to queue
[2026-04-08T13:32:11.066+0000] {logging_mixin.py:190} INFO - [2026-04-08T13:32:11.066+0000] {dagbag.py:588} INFO - Filling up the DagBag from /opt/airflow/dags/Crawl_ETL_ITJob.py
[2026-04-08T13:32:11.090+0000] {processor.py:925} INFO - DAG(s) 'crawl_etl_itjob' retrieved from /opt/airflow/dags/Crawl_ETL_ITJob.py
[2026-04-08T13:32:11.140+0000] {logging_mixin.py:190} INFO - [2026-04-08T13:32:11.140+0000] {dag.py:3239} INFO - Sync 1 DAGs
[2026-04-08T13:32:11.222+0000] {processor.py:208} INFO - Processing /opt/airflow/dags/Crawl_ETL_ITJob.py took 0.166 seconds
[2026-04-08T13:32:44.570+0000] {processor.py:186} INFO - Started process (PID=860) to work on /opt/airflow/dags/Crawl_ETL_ITJob.py
[2026-04-08T13:32:44.571+0000] {processor.py:914} INFO - Processing file /opt/airflow/dags/Crawl_ETL_ITJob.py for tasks to queue
[2026-04-08T13:32:44.573+0000] {logging_mixin.py:190} INFO - [2026-04-08T13:32:44.573+0000] {dagbag.py:588} INFO - Filling up the DagBag from /opt/airflow/dags/Crawl_ETL_ITJob.py
[2026-04-08T13:32:44.602+0000] {processor.py:925} INFO - DAG(s) 'crawl_etl_itjob' retrieved from /opt/airflow/dags/Crawl_ETL_ITJob.py
[2026-04-08T13:32:44.665+0000] {logging_mixin.py:190} INFO - [2026-04-08T13:32:44.664+0000] {dag.py:3239} INFO - Sync 1 DAGs
[2026-04-08T13:32:44.759+0000] {processor.py:208} INFO - Processing /opt/airflow/dags/Crawl_ETL_ITJob.py took 0.200 seconds
[2026-04-08T13:33:17.058+0000] {processor.py:186} INFO - Started process (PID=864) to work on /opt/airflow/dags/Crawl_ETL_ITJob.py
[2026-04-08T13:33:17.059+0000] {processor.py:914} INFO - Processing file /opt/airflow/dags/Crawl_ETL_ITJob.py for tasks to queue
[2026-04-08T13:33:17.061+0000] {logging_mixin.py:190} INFO - [2026-04-08T13:33:17.061+0000] {dagbag.py:588} INFO - Filling up the DagBag from /opt/airflow/dags/Crawl_ETL_ITJob.py
[2026-04-08T13:33:17.081+0000] {processor.py:925} INFO - DAG(s) 'crawl_etl_itjob' retrieved from /opt/airflow/dags/Crawl_ETL_ITJob.py
[2026-04-08T13:33:17.131+0000] {logging_mixin.py:190} INFO - [2026-04-08T13:33:17.130+0000] {dag.py:3239} INFO - Sync 1 DAGs
[2026-04-08T13:33:17.198+0000] {processor.py:208} INFO - Processing /opt/airflow/dags/Crawl_ETL_ITJob.py took 0.145 seconds
[2026-04-08T13:33:49.468+0000] {processor.py:186} INFO - Started process (PID=868) to work on /opt/airflow/dags/Crawl_ETL_ITJob.py
[2026-04-08T13:33:49.469+0000] {processor.py:914} INFO - Processing file /opt/airflow/dags/Crawl_ETL_ITJob.py for tasks to queue
[2026-04-08T13:33:49.470+0000] {logging_mixin.py:190} INFO - [2026-04-08T13:33:49.470+0000] {dagbag.py:588} INFO - Filling up the DagBag from /opt/airflow/dags/Crawl_ETL_ITJob.py
[2026-04-08T13:33:49.502+0000] {processor.py:925} INFO - DAG(s) 'crawl_etl_itjob' retrieved from /opt/airflow/dags/Crawl_ETL_ITJob.py
[2026-04-08T13:33:49.552+0000] {logging_mixin.py:190} INFO - [2026-04-08T13:33:49.551+0000] {dag.py:3239} INFO - Sync 1 DAGs
[2026-04-08T13:33:49.618+0000] {processor.py:208} INFO - Processing /opt/airflow/dags/Crawl_ETL_ITJob.py took 0.157 seconds
[2026-04-08T13:34:21.934+0000] {processor.py:186} INFO - Started process (PID=872) to work on /opt/airflow/dags/Crawl_ETL_ITJob.py
[2026-04-08T13:34:21.935+0000] {processor.py:914} INFO - Processing file /opt/airflow/dags/Crawl_ETL_ITJob.py for tasks to queue
[2026-04-08T13:34:21.937+0000] {logging_mixin.py:190} INFO - [2026-04-08T13:34:21.936+0000] {dagbag.py:588} INFO - Filling up the DagBag from /opt/airflow/dags/Crawl_ETL_ITJob.py
[2026-04-08T13:34:21.966+0000] {processor.py:925} INFO - DAG(s) 'crawl_etl_itjob' retrieved from /opt/airflow/dags/Crawl_ETL_ITJob.py
[2026-04-08T13:34:22.025+0000] {logging_mixin.py:190} INFO - [2026-04-08T13:34:22.023+0000] {dag.py:3239} INFO - Sync 1 DAGs
[2026-04-08T13:34:22.119+0000] {processor.py:208} INFO - Processing /opt/airflow/dags/Crawl_ETL_ITJob.py took 0.193 seconds
[2026-04-08T13:34:55.407+0000] {processor.py:186} INFO - Started process (PID=876) to work on /opt/airflow/dags/Crawl_ETL_ITJob.py
[2026-04-08T13:34:55.408+0000] {processor.py:914} INFO - Processing file /opt/airflow/dags/Crawl_ETL_ITJob.py for tasks to queue
[2026-04-08T13:34:55.409+0000] {logging_mixin.py:190} INFO - [2026-04-08T13:34:55.409+0000] {dagbag.py:588} INFO - Filling up the DagBag from /opt/airflow/dags/Crawl_ETL_ITJob.py
[2026-04-08T13:34:55.437+0000] {processor.py:925} INFO - DAG(s) 'crawl_etl_itjob' retrieved from /opt/airflow/dags/Crawl_ETL_ITJob.py
[2026-04-08T13:34:55.490+0000] {logging_mixin.py:190} INFO - [2026-04-08T13:34:55.490+0000] {dag.py:3239} INFO - Sync 1 DAGs
[2026-04-08T13:34:55.572+0000] {processor.py:208} INFO - Processing /opt/airflow/dags/Crawl_ETL_ITJob.py took 0.173 seconds
[2026-04-08T13:35:27.959+0000] {processor.py:186} INFO - Started process (PID=880) to work on /opt/airflow/dags/Crawl_ETL_ITJob.py
[2026-04-08T13:35:27.960+0000] {processor.py:914} INFO - Processing file /opt/airflow/dags/Crawl_ETL_ITJob.py for tasks to queue
[2026-04-08T13:35:27.962+0000] {logging_mixin.py:190} INFO - [2026-04-08T13:35:27.961+0000] {dagbag.py:588} INFO - Filling up the DagBag from /opt/airflow/dags/Crawl_ETL_ITJob.py
[2026-04-08T13:35:27.999+0000] {processor.py:925} INFO - DAG(s) 'crawl_etl_itjob' retrieved from /opt/airflow/dags/Crawl_ETL_ITJob.py
[2026-04-08T13:35:28.075+0000] {logging_mixin.py:190} INFO - [2026-04-08T13:35:28.074+0000] {dag.py:3239} INFO - Sync 1 DAGs
[2026-04-08T13:35:28.159+0000] {processor.py:208} INFO - Processing /opt/airflow/dags/Crawl_ETL_ITJob.py took 0.210 seconds
[2026-04-08T13:36:00.461+0000] {processor.py:186} INFO - Started process (PID=884) to work on /opt/airflow/dags/Crawl_ETL_ITJob.py
[2026-04-08T13:36:00.462+0000] {processor.py:914} INFO - Processing file /opt/airflow/dags/Crawl_ETL_ITJob.py for tasks to queue
[2026-04-08T13:36:00.464+0000] {logging_mixin.py:190} INFO - [2026-04-08T13:36:00.463+0000] {dagbag.py:588} INFO - Filling up the DagBag from /opt/airflow/dags/Crawl_ETL_ITJob.py
[2026-04-08T13:36:00.489+0000] {processor.py:925} INFO - DAG(s) 'crawl_etl_itjob' retrieved from /opt/airflow/dags/Crawl_ETL_ITJob.py
[2026-04-08T13:36:00.547+0000] {logging_mixin.py:190} INFO - [2026-04-08T13:36:00.546+0000] {dag.py:3239} INFO - Sync 1 DAGs
[2026-04-08T13:36:00.623+0000] {processor.py:208} INFO - Processing /opt/airflow/dags/Crawl_ETL_ITJob.py took 0.168 seconds
[2026-04-08T13:36:32.932+0000] {processor.py:186} INFO - Started process (PID=888) to work on /opt/airflow/dags/Crawl_ETL_ITJob.py
[2026-04-08T13:36:32.933+0000] {processor.py:914} INFO - Processing file /opt/airflow/dags/Crawl_ETL_ITJob.py for tasks to queue
[2026-04-08T13:36:32.936+0000] {logging_mixin.py:190} INFO - [2026-04-08T13:36:32.936+0000] {dagbag.py:588} INFO - Filling up the DagBag from /opt/airflow/dags/Crawl_ETL_ITJob.py
[2026-04-08T13:36:32.964+0000] {processor.py:925} INFO - DAG(s) 'crawl_etl_itjob' retrieved from /opt/airflow/dags/Crawl_ETL_ITJob.py
[2026-04-08T13:36:33.027+0000] {logging_mixin.py:190} INFO - [2026-04-08T13:36:33.027+0000] {dag.py:3239} INFO - Sync 1 DAGs
[2026-04-08T13:36:33.108+0000] {processor.py:208} INFO - Processing /opt/airflow/dags/Crawl_ETL_ITJob.py took 0.184 seconds
[2026-04-08T13:37:05.537+0000] {processor.py:186} INFO - Started process (PID=892) to work on /opt/airflow/dags/Crawl_ETL_ITJob.py
[2026-04-08T13:37:05.538+0000] {processor.py:914} INFO - Processing file /opt/airflow/dags/Crawl_ETL_ITJob.py for tasks to queue
[2026-04-08T13:37:05.540+0000] {logging_mixin.py:190} INFO - [2026-04-08T13:37:05.540+0000] {dagbag.py:588} INFO - Filling up the DagBag from /opt/airflow/dags/Crawl_ETL_ITJob.py
[2026-04-08T13:37:05.562+0000] {processor.py:925} INFO - DAG(s) 'crawl_etl_itjob' retrieved from /opt/airflow/dags/Crawl_ETL_ITJob.py
[2026-04-08T13:37:05.612+0000] {logging_mixin.py:190} INFO - [2026-04-08T13:37:05.612+0000] {dag.py:3239} INFO - Sync 1 DAGs
[2026-04-08T13:37:05.687+0000] {processor.py:208} INFO - Processing /opt/airflow/dags/Crawl_ETL_ITJob.py took 0.156 seconds
[2026-04-08T13:37:38.930+0000] {processor.py:186} INFO - Started process (PID=896) to work on /opt/airflow/dags/Crawl_ETL_ITJob.py
[2026-04-08T13:37:38.931+0000] {processor.py:914} INFO - Processing file /opt/airflow/dags/Crawl_ETL_ITJob.py for tasks to queue
[2026-04-08T13:37:38.933+0000] {logging_mixin.py:190} INFO - [2026-04-08T13:37:38.932+0000] {dagbag.py:588} INFO - Filling up the DagBag from /opt/airflow/dags/Crawl_ETL_ITJob.py
[2026-04-08T13:37:38.959+0000] {processor.py:925} INFO - DAG(s) 'crawl_etl_itjob' retrieved from /opt/airflow/dags/Crawl_ETL_ITJob.py
[2026-04-08T13:37:39.011+0000] {logging_mixin.py:190} INFO - [2026-04-08T13:37:39.011+0000] {dag.py:3239} INFO - Sync 1 DAGs
[2026-04-08T13:37:39.097+0000] {processor.py:208} INFO - Processing /opt/airflow/dags/Crawl_ETL_ITJob.py took 0.176 seconds
[2026-04-08T13:38:11.386+0000] {processor.py:186} INFO - Started process (PID=900) to work on /opt/airflow/dags/Crawl_ETL_ITJob.py
[2026-04-08T13:38:11.387+0000] {processor.py:914} INFO - Processing file /opt/airflow/dags/Crawl_ETL_ITJob.py for tasks to queue
[2026-04-08T13:38:11.388+0000] {logging_mixin.py:190} INFO - [2026-04-08T13:38:11.388+0000] {dagbag.py:588} INFO - Filling up the DagBag from /opt/airflow/dags/Crawl_ETL_ITJob.py
[2026-04-08T13:38:11.414+0000] {processor.py:925} INFO - DAG(s) 'crawl_etl_itjob' retrieved from /opt/airflow/dags/Crawl_ETL_ITJob.py
[2026-04-08T13:38:11.484+0000] {logging_mixin.py:190} INFO - [2026-04-08T13:38:11.484+0000] {dag.py:3239} INFO - Sync 1 DAGs
[2026-04-08T13:38:11.606+0000] {processor.py:208} INFO - Processing /opt/airflow/dags/Crawl_ETL_ITJob.py took 0.230 seconds
[2026-04-08T13:38:44.129+0000] {processor.py:186} INFO - Started process (PID=904) to work on /opt/airflow/dags/Crawl_ETL_ITJob.py
[2026-04-08T13:38:44.130+0000] {processor.py:914} INFO - Processing file /opt/airflow/dags/Crawl_ETL_ITJob.py for tasks to queue
[2026-04-08T13:38:44.132+0000] {logging_mixin.py:190} INFO - [2026-04-08T13:38:44.132+0000] {dagbag.py:588} INFO - Filling up the DagBag from /opt/airflow/dags/Crawl_ETL_ITJob.py
[2026-04-08T13:38:44.159+0000] {processor.py:925} INFO - DAG(s) 'crawl_etl_itjob' retrieved from /opt/airflow/dags/Crawl_ETL_ITJob.py
[2026-04-08T13:38:44.214+0000] {logging_mixin.py:190} INFO - [2026-04-08T13:38:44.214+0000] {dag.py:3239} INFO - Sync 1 DAGs
[2026-04-08T13:38:44.314+0000] {processor.py:208} INFO - Processing /opt/airflow/dags/Crawl_ETL_ITJob.py took 0.194 seconds
[2026-04-08T13:39:16.583+0000] {processor.py:186} INFO - Started process (PID=908) to work on /opt/airflow/dags/Crawl_ETL_ITJob.py
[2026-04-08T13:39:16.584+0000] {processor.py:914} INFO - Processing file /opt/airflow/dags/Crawl_ETL_ITJob.py for tasks to queue
[2026-04-08T13:39:16.586+0000] {logging_mixin.py:190} INFO - [2026-04-08T13:39:16.585+0000] {dagbag.py:588} INFO - Filling up the DagBag from /opt/airflow/dags/Crawl_ETL_ITJob.py
[2026-04-08T13:39:16.611+0000] {processor.py:925} INFO - DAG(s) 'crawl_etl_itjob' retrieved from /opt/airflow/dags/Crawl_ETL_ITJob.py
[2026-04-08T13:39:16.666+0000] {logging_mixin.py:190} INFO - [2026-04-08T13:39:16.665+0000] {dag.py:3239} INFO - Sync 1 DAGs
[2026-04-08T13:39:16.728+0000] {processor.py:208} INFO - Processing /opt/airflow/dags/Crawl_ETL_ITJob.py took 0.152 seconds
[2026-04-08T13:39:49.922+0000] {processor.py:186} INFO - Started process (PID=912) to work on /opt/airflow/dags/Crawl_ETL_ITJob.py
[2026-04-08T13:39:49.923+0000] {processor.py:914} INFO - Processing file /opt/airflow/dags/Crawl_ETL_ITJob.py for tasks to queue
[2026-04-08T13:39:49.924+0000] {logging_mixin.py:190} INFO - [2026-04-08T13:39:49.924+0000] {dagbag.py:588} INFO - Filling up the DagBag from /opt/airflow/dags/Crawl_ETL_ITJob.py
[2026-04-08T13:39:49.943+0000] {processor.py:925} INFO - DAG(s) 'crawl_etl_itjob' retrieved from /opt/airflow/dags/Crawl_ETL_ITJob.py
[2026-04-08T13:39:49.986+0000] {logging_mixin.py:190} INFO - [2026-04-08T13:39:49.986+0000] {dag.py:3239} INFO - Sync 1 DAGs
[2026-04-08T13:39:50.061+0000] {processor.py:208} INFO - Processing /opt/airflow/dags/Crawl_ETL_ITJob.py took 0.146 seconds
[2026-04-08T13:40:22.210+0000] {processor.py:186} INFO - Started process (PID=916) to work on /opt/airflow/dags/Crawl_ETL_ITJob.py
[2026-04-08T13:40:22.211+0000] {processor.py:914} INFO - Processing file /opt/airflow/dags/Crawl_ETL_ITJob.py for tasks to queue
[2026-04-08T13:40:22.214+0000] {logging_mixin.py:190} INFO - [2026-04-08T13:40:22.214+0000] {dagbag.py:588} INFO - Filling up the DagBag from /opt/airflow/dags/Crawl_ETL_ITJob.py
[2026-04-08T13:40:22.238+0000] {processor.py:925} INFO - DAG(s) 'crawl_etl_itjob' retrieved from /opt/airflow/dags/Crawl_ETL_ITJob.py
[2026-04-08T13:40:22.297+0000] {logging_mixin.py:190} INFO - [2026-04-08T13:40:22.297+0000] {dag.py:3239} INFO - Sync 1 DAGs
[2026-04-08T13:40:22.388+0000] {processor.py:208} INFO - Processing /opt/airflow/dags/Crawl_ETL_ITJob.py took 0.186 seconds
[2026-04-08T13:40:54.754+0000] {processor.py:186} INFO - Started process (PID=920) to work on /opt/airflow/dags/Crawl_ETL_ITJob.py
[2026-04-08T13:40:54.755+0000] {processor.py:914} INFO - Processing file /opt/airflow/dags/Crawl_ETL_ITJob.py for tasks to queue
[2026-04-08T13:40:54.756+0000] {logging_mixin.py:190} INFO - [2026-04-08T13:40:54.756+0000] {dagbag.py:588} INFO - Filling up the DagBag from /opt/airflow/dags/Crawl_ETL_ITJob.py
[2026-04-08T13:40:54.794+0000] {processor.py:925} INFO - DAG(s) 'crawl_etl_itjob' retrieved from /opt/airflow/dags/Crawl_ETL_ITJob.py
[2026-04-08T13:40:54.879+0000] {logging_mixin.py:190} INFO - [2026-04-08T13:40:54.879+0000] {dag.py:3239} INFO - Sync 1 DAGs
[2026-04-08T13:40:54.980+0000] {processor.py:208} INFO - Processing /opt/airflow/dags/Crawl_ETL_ITJob.py took 0.236 seconds
[2026-04-08T13:41:27.348+0000] {processor.py:186} INFO - Started process (PID=924) to work on /opt/airflow/dags/Crawl_ETL_ITJob.py
[2026-04-08T13:41:27.349+0000] {processor.py:914} INFO - Processing file /opt/airflow/dags/Crawl_ETL_ITJob.py for tasks to queue
[2026-04-08T13:41:27.350+0000] {logging_mixin.py:190} INFO - [2026-04-08T13:41:27.350+0000] {dagbag.py:588} INFO - Filling up the DagBag from /opt/airflow/dags/Crawl_ETL_ITJob.py
[2026-04-08T13:41:27.368+0000] {processor.py:925} INFO - DAG(s) 'crawl_etl_itjob' retrieved from /opt/airflow/dags/Crawl_ETL_ITJob.py
[2026-04-08T13:41:27.421+0000] {logging_mixin.py:190} INFO - [2026-04-08T13:41:27.421+0000] {dag.py:3239} INFO - Sync 1 DAGs
[2026-04-08T13:41:27.485+0000] {processor.py:208} INFO - Processing /opt/airflow/dags/Crawl_ETL_ITJob.py took 0.143 seconds
[2026-04-08T13:42:00.683+0000] {processor.py:186} INFO - Started process (PID=928) to work on /opt/airflow/dags/Crawl_ETL_ITJob.py
[2026-04-08T13:42:00.683+0000] {processor.py:914} INFO - Processing file /opt/airflow/dags/Crawl_ETL_ITJob.py for tasks to queue
[2026-04-08T13:42:00.685+0000] {logging_mixin.py:190} INFO - [2026-04-08T13:42:00.685+0000] {dagbag.py:588} INFO - Filling up the DagBag from /opt/airflow/dags/Crawl_ETL_ITJob.py
[2026-04-08T13:42:00.704+0000] {processor.py:925} INFO - DAG(s) 'crawl_etl_itjob' retrieved from /opt/airflow/dags/Crawl_ETL_ITJob.py
[2026-04-08T13:42:00.752+0000] {logging_mixin.py:190} INFO - [2026-04-08T13:42:00.752+0000] {dag.py:3239} INFO - Sync 1 DAGs
[2026-04-08T13:42:00.823+0000] {processor.py:208} INFO - Processing /opt/airflow/dags/Crawl_ETL_ITJob.py took 0.145 seconds
[2026-04-08T13:42:32.984+0000] {processor.py:186} INFO - Started process (PID=932) to work on /opt/airflow/dags/Crawl_ETL_ITJob.py
[2026-04-08T13:42:32.985+0000] {processor.py:914} INFO - Processing file /opt/airflow/dags/Crawl_ETL_ITJob.py for tasks to queue
[2026-04-08T13:42:32.987+0000] {logging_mixin.py:190} INFO - [2026-04-08T13:42:32.986+0000] {dagbag.py:588} INFO - Filling up the DagBag from /opt/airflow/dags/Crawl_ETL_ITJob.py
[2026-04-08T13:42:33.008+0000] {processor.py:925} INFO - DAG(s) 'crawl_etl_itjob' retrieved from /opt/airflow/dags/Crawl_ETL_ITJob.py
[2026-04-08T13:42:33.068+0000] {logging_mixin.py:190} INFO - [2026-04-08T13:42:33.068+0000] {dag.py:3239} INFO - Sync 1 DAGs
[2026-04-08T13:42:33.134+0000] {processor.py:208} INFO - Processing /opt/airflow/dags/Crawl_ETL_ITJob.py took 0.155 seconds
[2026-04-08T13:43:06.283+0000] {processor.py:186} INFO - Started process (PID=936) to work on /opt/airflow/dags/Crawl_ETL_ITJob.py
[2026-04-08T13:43:06.284+0000] {processor.py:914} INFO - Processing file /opt/airflow/dags/Crawl_ETL_ITJob.py for tasks to queue
[2026-04-08T13:43:06.285+0000] {logging_mixin.py:190} INFO - [2026-04-08T13:43:06.285+0000] {dagbag.py:588} INFO - Filling up the DagBag from /opt/airflow/dags/Crawl_ETL_ITJob.py
[2026-04-08T13:43:06.306+0000] {processor.py:925} INFO - DAG(s) 'crawl_etl_itjob' retrieved from /opt/airflow/dags/Crawl_ETL_ITJob.py
[2026-04-08T13:43:06.352+0000] {logging_mixin.py:190} INFO - [2026-04-08T13:43:06.351+0000] {dag.py:3239} INFO - Sync 1 DAGs
[2026-04-08T13:43:06.420+0000] {processor.py:208} INFO - Processing /opt/airflow/dags/Crawl_ETL_ITJob.py took 0.142 seconds
[2026-04-08T13:43:38.561+0000] {processor.py:186} INFO - Started process (PID=940) to work on /opt/airflow/dags/Crawl_ETL_ITJob.py
[2026-04-08T13:43:38.562+0000] {processor.py:914} INFO - Processing file /opt/airflow/dags/Crawl_ETL_ITJob.py for tasks to queue
[2026-04-08T13:43:38.564+0000] {logging_mixin.py:190} INFO - [2026-04-08T13:43:38.564+0000] {dagbag.py:588} INFO - Filling up the DagBag from /opt/airflow/dags/Crawl_ETL_ITJob.py
[2026-04-08T13:43:38.581+0000] {processor.py:925} INFO - DAG(s) 'crawl_etl_itjob' retrieved from /opt/airflow/dags/Crawl_ETL_ITJob.py
[2026-04-08T13:43:38.621+0000] {logging_mixin.py:190} INFO - [2026-04-08T13:43:38.621+0000] {dag.py:3239} INFO - Sync 1 DAGs
[2026-04-08T13:43:38.689+0000] {processor.py:208} INFO - Processing /opt/airflow/dags/Crawl_ETL_ITJob.py took 0.134 seconds
[2026-04-08T13:44:11.929+0000] {processor.py:186} INFO - Started process (PID=944) to work on /opt/airflow/dags/Crawl_ETL_ITJob.py
[2026-04-08T13:44:11.930+0000] {processor.py:914} INFO - Processing file /opt/airflow/dags/Crawl_ETL_ITJob.py for tasks to queue
[2026-04-08T13:44:11.934+0000] {logging_mixin.py:190} INFO - [2026-04-08T13:44:11.933+0000] {dagbag.py:588} INFO - Filling up the DagBag from /opt/airflow/dags/Crawl_ETL_ITJob.py
[2026-04-08T13:44:11.972+0000] {processor.py:925} INFO - DAG(s) 'crawl_etl_itjob' retrieved from /opt/airflow/dags/Crawl_ETL_ITJob.py
[2026-04-08T13:44:12.039+0000] {logging_mixin.py:190} INFO - [2026-04-08T13:44:12.039+0000] {dag.py:3239} INFO - Sync 1 DAGs
[2026-04-08T13:44:12.170+0000] {processor.py:208} INFO - Processing /opt/airflow/dags/Crawl_ETL_ITJob.py took 0.255 seconds
[2026-04-08T13:44:44.370+0000] {processor.py:186} INFO - Started process (PID=948) to work on /opt/airflow/dags/Crawl_ETL_ITJob.py
[2026-04-08T13:44:44.371+0000] {processor.py:914} INFO - Processing file /opt/airflow/dags/Crawl_ETL_ITJob.py for tasks to queue
[2026-04-08T13:44:44.372+0000] {logging_mixin.py:190} INFO - [2026-04-08T13:44:44.372+0000] {dagbag.py:588} INFO - Filling up the DagBag from /opt/airflow/dags/Crawl_ETL_ITJob.py
[2026-04-08T13:44:44.396+0000] {processor.py:925} INFO - DAG(s) 'crawl_etl_itjob' retrieved from /opt/airflow/dags/Crawl_ETL_ITJob.py
[2026-04-08T13:44:44.444+0000] {logging_mixin.py:190} INFO - [2026-04-08T13:44:44.444+0000] {dag.py:3239} INFO - Sync 1 DAGs
[2026-04-08T13:44:44.512+0000] {processor.py:208} INFO - Processing /opt/airflow/dags/Crawl_ETL_ITJob.py took 0.148 seconds
[2026-04-08T13:45:16.711+0000] {processor.py:186} INFO - Started process (PID=952) to work on /opt/airflow/dags/Crawl_ETL_ITJob.py
[2026-04-08T13:45:16.712+0000] {processor.py:914} INFO - Processing file /opt/airflow/dags/Crawl_ETL_ITJob.py for tasks to queue
[2026-04-08T13:45:16.714+0000] {logging_mixin.py:190} INFO - [2026-04-08T13:45:16.713+0000] {dagbag.py:588} INFO - Filling up the DagBag from /opt/airflow/dags/Crawl_ETL_ITJob.py
[2026-04-08T13:45:16.736+0000] {processor.py:925} INFO - DAG(s) 'crawl_etl_itjob' retrieved from /opt/airflow/dags/Crawl_ETL_ITJob.py
[2026-04-08T13:45:16.792+0000] {logging_mixin.py:190} INFO - [2026-04-08T13:45:16.792+0000] {dag.py:3239} INFO - Sync 1 DAGs
[2026-04-08T13:45:16.876+0000] {processor.py:208} INFO - Processing /opt/airflow/dags/Crawl_ETL_ITJob.py took 0.171 seconds
[2026-04-08T13:45:49.246+0000] {processor.py:186} INFO - Started process (PID=956) to work on /opt/airflow/dags/Crawl_ETL_ITJob.py
[2026-04-08T13:45:49.247+0000] {processor.py:914} INFO - Processing file /opt/airflow/dags/Crawl_ETL_ITJob.py for tasks to queue
[2026-04-08T13:45:49.250+0000] {logging_mixin.py:190} INFO - [2026-04-08T13:45:49.249+0000] {dagbag.py:588} INFO - Filling up the DagBag from /opt/airflow/dags/Crawl_ETL_ITJob.py
[2026-04-08T13:45:49.274+0000] {processor.py:925} INFO - DAG(s) 'crawl_etl_itjob' retrieved from /opt/airflow/dags/Crawl_ETL_ITJob.py
[2026-04-08T13:45:49.345+0000] {logging_mixin.py:190} INFO - [2026-04-08T13:45:49.345+0000] {dag.py:3239} INFO - Sync 1 DAGs
[2026-04-08T13:45:49.430+0000] {processor.py:208} INFO - Processing /opt/airflow/dags/Crawl_ETL_ITJob.py took 0.190 seconds
[2026-04-08T13:46:22.661+0000] {processor.py:186} INFO - Started process (PID=960) to work on /opt/airflow/dags/Crawl_ETL_ITJob.py
[2026-04-08T13:46:22.663+0000] {processor.py:914} INFO - Processing file /opt/airflow/dags/Crawl_ETL_ITJob.py for tasks to queue
[2026-04-08T13:46:22.666+0000] {logging_mixin.py:190} INFO - [2026-04-08T13:46:22.666+0000] {dagbag.py:588} INFO - Filling up the DagBag from /opt/airflow/dags/Crawl_ETL_ITJob.py
[2026-04-08T13:46:22.708+0000] {processor.py:925} INFO - DAG(s) 'crawl_etl_itjob' retrieved from /opt/airflow/dags/Crawl_ETL_ITJob.py
[2026-04-08T13:46:22.806+0000] {logging_mixin.py:190} INFO - [2026-04-08T13:46:22.805+0000] {dag.py:3239} INFO - Sync 1 DAGs
[2026-04-08T13:46:22.933+0000] {processor.py:208} INFO - Processing /opt/airflow/dags/Crawl_ETL_ITJob.py took 0.283 seconds
[2026-04-08T13:46:55.482+0000] {processor.py:186} INFO - Started process (PID=964) to work on /opt/airflow/dags/Crawl_ETL_ITJob.py
[2026-04-08T13:46:55.490+0000] {processor.py:914} INFO - Processing file /opt/airflow/dags/Crawl_ETL_ITJob.py for tasks to queue
[2026-04-08T13:46:55.503+0000] {logging_mixin.py:190} INFO - [2026-04-08T13:46:55.502+0000] {dagbag.py:588} INFO - Filling up the DagBag from /opt/airflow/dags/Crawl_ETL_ITJob.py
[2026-04-08T13:46:55.664+0000] {processor.py:925} INFO - DAG(s) 'crawl_etl_itjob' retrieved from /opt/airflow/dags/Crawl_ETL_ITJob.py
[2026-04-08T13:46:55.862+0000] {logging_mixin.py:190} INFO - [2026-04-08T13:46:55.862+0000] {dag.py:3239} INFO - Sync 1 DAGs
[2026-04-08T13:46:56.105+0000] {processor.py:208} INFO - Processing /opt/airflow/dags/Crawl_ETL_ITJob.py took 0.726 seconds
[2026-04-08T13:47:27.577+0000] {processor.py:186} INFO - Started process (PID=968) to work on /opt/airflow/dags/Crawl_ETL_ITJob.py
[2026-04-08T13:47:27.586+0000] {processor.py:914} INFO - Processing file /opt/airflow/dags/Crawl_ETL_ITJob.py for tasks to queue
[2026-04-08T13:47:27.592+0000] {logging_mixin.py:190} INFO - [2026-04-08T13:47:27.591+0000] {dagbag.py:588} INFO - Filling up the DagBag from /opt/airflow/dags/Crawl_ETL_ITJob.py
[2026-04-08T13:47:27.710+0000] {processor.py:925} INFO - DAG(s) 'crawl_etl_itjob' retrieved from /opt/airflow/dags/Crawl_ETL_ITJob.py
[2026-04-08T13:47:27.853+0000] {logging_mixin.py:190} INFO - [2026-04-08T13:47:27.853+0000] {dag.py:3239} INFO - Sync 1 DAGs
[2026-04-08T13:47:27.998+0000] {processor.py:208} INFO - Processing /opt/airflow/dags/Crawl_ETL_ITJob.py took 0.445 seconds
[2026-04-08T13:48:00.853+0000] {processor.py:186} INFO - Started process (PID=972) to work on /opt/airflow/dags/Crawl_ETL_ITJob.py
[2026-04-08T13:48:00.858+0000] {processor.py:914} INFO - Processing file /opt/airflow/dags/Crawl_ETL_ITJob.py for tasks to queue
[2026-04-08T13:48:00.860+0000] {logging_mixin.py:190} INFO - [2026-04-08T13:48:00.860+0000] {dagbag.py:588} INFO - Filling up the DagBag from /opt/airflow/dags/Crawl_ETL_ITJob.py
[2026-04-08T13:48:00.903+0000] {processor.py:925} INFO - DAG(s) 'crawl_etl_itjob' retrieved from /opt/airflow/dags/Crawl_ETL_ITJob.py
[2026-04-08T13:48:00.962+0000] {logging_mixin.py:190} INFO - [2026-04-08T13:48:00.962+0000] {dag.py:3239} INFO - Sync 1 DAGs
[2026-04-08T13:48:01.061+0000] {processor.py:208} INFO - Processing /opt/airflow/dags/Crawl_ETL_ITJob.py took 0.221 seconds
[2026-04-08T13:48:33.763+0000] {processor.py:186} INFO - Started process (PID=976) to work on /opt/airflow/dags/Crawl_ETL_ITJob.py
[2026-04-08T13:48:33.767+0000] {processor.py:914} INFO - Processing file /opt/airflow/dags/Crawl_ETL_ITJob.py for tasks to queue
[2026-04-08T13:48:33.771+0000] {logging_mixin.py:190} INFO - [2026-04-08T13:48:33.771+0000] {dagbag.py:588} INFO - Filling up the DagBag from /opt/airflow/dags/Crawl_ETL_ITJob.py
[2026-04-08T13:48:33.862+0000] {processor.py:925} INFO - DAG(s) 'crawl_etl_itjob' retrieved from /opt/airflow/dags/Crawl_ETL_ITJob.py
[2026-04-08T13:48:33.989+0000] {logging_mixin.py:190} INFO - [2026-04-08T13:48:33.989+0000] {dag.py:3239} INFO - Sync 1 DAGs
[2026-04-08T13:48:34.229+0000] {processor.py:208} INFO - Processing /opt/airflow/dags/Crawl_ETL_ITJob.py took 0.487 seconds
[2026-04-08T13:49:06.176+0000] {processor.py:186} INFO - Started process (PID=980) to work on /opt/airflow/dags/Crawl_ETL_ITJob.py
[2026-04-08T13:49:06.178+0000] {processor.py:914} INFO - Processing file /opt/airflow/dags/Crawl_ETL_ITJob.py for tasks to queue
[2026-04-08T13:49:06.180+0000] {logging_mixin.py:190} INFO - [2026-04-08T13:49:06.179+0000] {dagbag.py:588} INFO - Filling up the DagBag from /opt/airflow/dags/Crawl_ETL_ITJob.py
[2026-04-08T13:49:06.227+0000] {processor.py:925} INFO - DAG(s) 'crawl_etl_itjob' retrieved from /opt/airflow/dags/Crawl_ETL_ITJob.py
[2026-04-08T13:49:06.340+0000] {logging_mixin.py:190} INFO - [2026-04-08T13:49:06.340+0000] {dag.py:3239} INFO - Sync 1 DAGs
[2026-04-08T13:49:06.471+0000] {processor.py:208} INFO - Processing /opt/airflow/dags/Crawl_ETL_ITJob.py took 0.309 seconds
[2026-04-08T13:49:39.077+0000] {processor.py:186} INFO - Started process (PID=984) to work on /opt/airflow/dags/Crawl_ETL_ITJob.py
[2026-04-08T13:49:39.078+0000] {processor.py:914} INFO - Processing file /opt/airflow/dags/Crawl_ETL_ITJob.py for tasks to queue
[2026-04-08T13:49:39.081+0000] {logging_mixin.py:190} INFO - [2026-04-08T13:49:39.080+0000] {dagbag.py:588} INFO - Filling up the DagBag from /opt/airflow/dags/Crawl_ETL_ITJob.py
[2026-04-08T13:49:39.134+0000] {processor.py:925} INFO - DAG(s) 'crawl_etl_itjob' retrieved from /opt/airflow/dags/Crawl_ETL_ITJob.py
[2026-04-08T13:49:39.232+0000] {logging_mixin.py:190} INFO - [2026-04-08T13:49:39.232+0000] {dag.py:3239} INFO - Sync 1 DAGs
[2026-04-08T13:49:39.387+0000] {processor.py:208} INFO - Processing /opt/airflow/dags/Crawl_ETL_ITJob.py took 0.331 seconds
[2026-04-08T13:50:11.710+0000] {processor.py:186} INFO - Started process (PID=988) to work on /opt/airflow/dags/Crawl_ETL_ITJob.py
[2026-04-08T13:50:11.711+0000] {processor.py:914} INFO - Processing file /opt/airflow/dags/Crawl_ETL_ITJob.py for tasks to queue
[2026-04-08T13:50:11.713+0000] {logging_mixin.py:190} INFO - [2026-04-08T13:50:11.713+0000] {dagbag.py:588} INFO - Filling up the DagBag from /opt/airflow/dags/Crawl_ETL_ITJob.py
[2026-04-08T13:50:11.742+0000] {processor.py:925} INFO - DAG(s) 'crawl_etl_itjob' retrieved from /opt/airflow/dags/Crawl_ETL_ITJob.py
[2026-04-08T13:50:11.858+0000] {logging_mixin.py:190} INFO - [2026-04-08T13:50:11.858+0000] {dag.py:3239} INFO - Sync 1 DAGs
[2026-04-08T13:50:11.921+0000] {logging_mixin.py:190} INFO - [2026-04-08T13:50:11.921+0000] {dag.py:4180} INFO - Setting next_dagrun for crawl_etl_itjob to 2026-04-08T02:00:00+00:00, run_after=2026-04-09T02:00:00+00:00
[2026-04-08T13:50:11.980+0000] {processor.py:208} INFO - Processing /opt/airflow/dags/Crawl_ETL_ITJob.py took 0.279 seconds
[2026-04-08T13:50:44.432+0000] {processor.py:186} INFO - Started process (PID=992) to work on /opt/airflow/dags/Crawl_ETL_ITJob.py
[2026-04-08T13:50:44.434+0000] {processor.py:914} INFO - Processing file /opt/airflow/dags/Crawl_ETL_ITJob.py for tasks to queue
[2026-04-08T13:50:44.436+0000] {logging_mixin.py:190} INFO - [2026-04-08T13:50:44.436+0000] {dagbag.py:588} INFO - Filling up the DagBag from /opt/airflow/dags/Crawl_ETL_ITJob.py
[2026-04-08T13:50:44.482+0000] {processor.py:925} INFO - DAG(s) 'crawl_etl_itjob' retrieved from /opt/airflow/dags/Crawl_ETL_ITJob.py
[2026-04-08T13:50:44.576+0000] {logging_mixin.py:190} INFO - [2026-04-08T13:50:44.576+0000] {dag.py:3239} INFO - Sync 1 DAGs
[2026-04-08T13:50:44.623+0000] {logging_mixin.py:190} INFO - [2026-04-08T13:50:44.622+0000] {dag.py:4180} INFO - Setting next_dagrun for crawl_etl_itjob to 2026-04-08T02:00:00+00:00, run_after=2026-04-09T02:00:00+00:00
[2026-04-08T13:50:44.662+0000] {processor.py:208} INFO - Processing /opt/airflow/dags/Crawl_ETL_ITJob.py took 0.240 seconds
[2026-04-08T13:51:16.926+0000] {processor.py:186} INFO - Started process (PID=996) to work on /opt/airflow/dags/Crawl_ETL_ITJob.py
[2026-04-08T13:51:16.927+0000] {processor.py:914} INFO - Processing file /opt/airflow/dags/Crawl_ETL_ITJob.py for tasks to queue
[2026-04-08T13:51:16.929+0000] {logging_mixin.py:190} INFO - [2026-04-08T13:51:16.928+0000] {dagbag.py:588} INFO - Filling up the DagBag from /opt/airflow/dags/Crawl_ETL_ITJob.py
[2026-04-08T13:51:16.970+0000] {processor.py:925} INFO - DAG(s) 'crawl_etl_itjob' retrieved from /opt/airflow/dags/Crawl_ETL_ITJob.py
[2026-04-08T13:51:17.038+0000] {logging_mixin.py:190} INFO - [2026-04-08T13:51:17.037+0000] {dag.py:3239} INFO - Sync 1 DAGs
[2026-04-08T13:51:17.092+0000] {logging_mixin.py:190} INFO - [2026-04-08T13:51:17.091+0000] {dag.py:4180} INFO - Setting next_dagrun for crawl_etl_itjob to 2026-04-08T02:00:00+00:00, run_after=2026-04-09T02:00:00+00:00
[2026-04-08T13:51:17.131+0000] {processor.py:208} INFO - Processing /opt/airflow/dags/Crawl_ETL_ITJob.py took 0.216 seconds
[2026-04-08T13:51:49.310+0000] {processor.py:186} INFO - Started process (PID=1000) to work on /opt/airflow/dags/Crawl_ETL_ITJob.py
[2026-04-08T13:51:49.311+0000] {processor.py:914} INFO - Processing file /opt/airflow/dags/Crawl_ETL_ITJob.py for tasks to queue
[2026-04-08T13:51:49.313+0000] {logging_mixin.py:190} INFO - [2026-04-08T13:51:49.313+0000] {dagbag.py:588} INFO - Filling up the DagBag from /opt/airflow/dags/Crawl_ETL_ITJob.py
[2026-04-08T13:51:49.354+0000] {processor.py:925} INFO - DAG(s) 'crawl_etl_itjob' retrieved from /opt/airflow/dags/Crawl_ETL_ITJob.py
[2026-04-08T13:51:49.407+0000] {logging_mixin.py:190} INFO - [2026-04-08T13:51:49.406+0000] {dag.py:3239} INFO - Sync 1 DAGs
[2026-04-08T13:51:49.444+0000] {logging_mixin.py:190} INFO - [2026-04-08T13:51:49.444+0000] {dag.py:4180} INFO - Setting next_dagrun for crawl_etl_itjob to 2026-04-08T02:00:00+00:00, run_after=2026-04-09T02:00:00+00:00
[2026-04-08T13:51:49.477+0000] {processor.py:208} INFO - Processing /opt/airflow/dags/Crawl_ETL_ITJob.py took 0.181 seconds
[2026-04-08T13:52:22.706+0000] {processor.py:186} INFO - Started process (PID=1004) to work on /opt/airflow/dags/Crawl_ETL_ITJob.py
[2026-04-08T13:52:22.707+0000] {processor.py:914} INFO - Processing file /opt/airflow/dags/Crawl_ETL_ITJob.py for tasks to queue
[2026-04-08T13:52:22.715+0000] {logging_mixin.py:190} INFO - [2026-04-08T13:52:22.714+0000] {dagbag.py:588} INFO - Filling up the DagBag from /opt/airflow/dags/Crawl_ETL_ITJob.py
[2026-04-08T13:52:22.738+0000] {processor.py:925} INFO - DAG(s) 'crawl_etl_itjob' retrieved from /opt/airflow/dags/Crawl_ETL_ITJob.py
[2026-04-08T13:52:22.785+0000] {logging_mixin.py:190} INFO - [2026-04-08T13:52:22.785+0000] {dag.py:3239} INFO - Sync 1 DAGs
[2026-04-08T13:52:22.891+0000] {logging_mixin.py:190} INFO - [2026-04-08T13:52:22.890+0000] {dag.py:4180} INFO - Setting next_dagrun for crawl_etl_itjob to 2026-04-08T02:00:00+00:00, run_after=2026-04-09T02:00:00+00:00
[2026-04-08T13:52:22.920+0000] {processor.py:208} INFO - Processing /opt/airflow/dags/Crawl_ETL_ITJob.py took 0.224 seconds
[2026-04-08T13:52:55.075+0000] {processor.py:186} INFO - Started process (PID=1008) to work on /opt/airflow/dags/Crawl_ETL_ITJob.py
[2026-04-08T13:52:55.076+0000] {processor.py:914} INFO - Processing file /opt/airflow/dags/Crawl_ETL_ITJob.py for tasks to queue
[2026-04-08T13:52:55.077+0000] {logging_mixin.py:190} INFO - [2026-04-08T13:52:55.077+0000] {dagbag.py:588} INFO - Filling up the DagBag from /opt/airflow/dags/Crawl_ETL_ITJob.py
[2026-04-08T13:52:55.109+0000] {processor.py:925} INFO - DAG(s) 'crawl_etl_itjob' retrieved from /opt/airflow/dags/Crawl_ETL_ITJob.py
[2026-04-08T13:52:55.159+0000] {logging_mixin.py:190} INFO - [2026-04-08T13:52:55.158+0000] {dag.py:3239} INFO - Sync 1 DAGs
[2026-04-08T13:52:55.202+0000] {logging_mixin.py:190} INFO - [2026-04-08T13:52:55.202+0000] {dag.py:4180} INFO - Setting next_dagrun for crawl_etl_itjob to 2026-04-08T02:00:00+00:00, run_after=2026-04-09T02:00:00+00:00
[2026-04-08T13:52:55.237+0000] {processor.py:208} INFO - Processing /opt/airflow/dags/Crawl_ETL_ITJob.py took 0.169 seconds
[2026-04-08T13:53:27.448+0000] {processor.py:186} INFO - Started process (PID=1012) to work on /opt/airflow/dags/Crawl_ETL_ITJob.py
[2026-04-08T13:53:27.449+0000] {processor.py:914} INFO - Processing file /opt/airflow/dags/Crawl_ETL_ITJob.py for tasks to queue
[2026-04-08T13:53:27.450+0000] {logging_mixin.py:190} INFO - [2026-04-08T13:53:27.449+0000] {dagbag.py:588} INFO - Filling up the DagBag from /opt/airflow/dags/Crawl_ETL_ITJob.py
[2026-04-08T13:53:27.466+0000] {processor.py:925} INFO - DAG(s) 'crawl_etl_itjob' retrieved from /opt/airflow/dags/Crawl_ETL_ITJob.py
[2026-04-08T13:53:27.509+0000] {logging_mixin.py:190} INFO - [2026-04-08T13:53:27.509+0000] {dag.py:3239} INFO - Sync 1 DAGs
[2026-04-08T13:53:27.547+0000] {logging_mixin.py:190} INFO - [2026-04-08T13:53:27.547+0000] {dag.py:4180} INFO - Setting next_dagrun for crawl_etl_itjob to 2026-04-08T02:00:00+00:00, run_after=2026-04-09T02:00:00+00:00
[2026-04-08T13:53:27.580+0000] {processor.py:208} INFO - Processing /opt/airflow/dags/Crawl_ETL_ITJob.py took 0.138 seconds
[2026-04-08T13:54:00.753+0000] {processor.py:186} INFO - Started process (PID=1016) to work on /opt/airflow/dags/Crawl_ETL_ITJob.py
[2026-04-08T13:54:00.754+0000] {processor.py:914} INFO - Processing file /opt/airflow/dags/Crawl_ETL_ITJob.py for tasks to queue
[2026-04-08T13:54:00.756+0000] {logging_mixin.py:190} INFO - [2026-04-08T13:54:00.755+0000] {dagbag.py:588} INFO - Filling up the DagBag from /opt/airflow/dags/Crawl_ETL_ITJob.py
[2026-04-08T13:54:00.774+0000] {processor.py:925} INFO - DAG(s) 'crawl_etl_itjob' retrieved from /opt/airflow/dags/Crawl_ETL_ITJob.py
[2026-04-08T13:54:00.816+0000] {logging_mixin.py:190} INFO - [2026-04-08T13:54:00.816+0000] {dag.py:3239} INFO - Sync 1 DAGs
[2026-04-08T13:54:00.855+0000] {logging_mixin.py:190} INFO - [2026-04-08T13:54:00.855+0000] {dag.py:4180} INFO - Setting next_dagrun for crawl_etl_itjob to 2026-04-08T02:00:00+00:00, run_after=2026-04-09T02:00:00+00:00
[2026-04-08T13:54:00.885+0000] {processor.py:208} INFO - Processing /opt/airflow/dags/Crawl_ETL_ITJob.py took 0.138 seconds
[2026-04-08T13:54:33.029+0000] {processor.py:186} INFO - Started process (PID=1020) to work on /opt/airflow/dags/Crawl_ETL_ITJob.py
[2026-04-08T13:54:33.034+0000] {processor.py:914} INFO - Processing file /opt/airflow/dags/Crawl_ETL_ITJob.py for tasks to queue
[2026-04-08T13:54:33.035+0000] {logging_mixin.py:190} INFO - [2026-04-08T13:54:33.035+0000] {dagbag.py:588} INFO - Filling up the DagBag from /opt/airflow/dags/Crawl_ETL_ITJob.py
[2026-04-08T13:54:33.056+0000] {processor.py:925} INFO - DAG(s) 'crawl_etl_itjob' retrieved from /opt/airflow/dags/Crawl_ETL_ITJob.py
[2026-04-08T13:54:33.095+0000] {logging_mixin.py:190} INFO - [2026-04-08T13:54:33.095+0000] {dag.py:3239} INFO - Sync 1 DAGs
[2026-04-08T13:54:33.137+0000] {logging_mixin.py:190} INFO - [2026-04-08T13:54:33.137+0000] {dag.py:4180} INFO - Setting next_dagrun for crawl_etl_itjob to 2026-04-08T02:00:00+00:00, run_after=2026-04-09T02:00:00+00:00
[2026-04-08T13:54:33.173+0000] {processor.py:208} INFO - Processing /opt/airflow/dags/Crawl_ETL_ITJob.py took 0.150 seconds
[2026-04-08T13:55:06.367+0000] {processor.py:186} INFO - Started process (PID=1024) to work on /opt/airflow/dags/Crawl_ETL_ITJob.py
[2026-04-08T13:55:06.368+0000] {processor.py:914} INFO - Processing file /opt/airflow/dags/Crawl_ETL_ITJob.py for tasks to queue
[2026-04-08T13:55:06.369+0000] {logging_mixin.py:190} INFO - [2026-04-08T13:55:06.369+0000] {dagbag.py:588} INFO - Filling up the DagBag from /opt/airflow/dags/Crawl_ETL_ITJob.py
[2026-04-08T13:55:06.387+0000] {processor.py:925} INFO - DAG(s) 'crawl_etl_itjob' retrieved from /opt/airflow/dags/Crawl_ETL_ITJob.py
[2026-04-08T13:55:06.430+0000] {logging_mixin.py:190} INFO - [2026-04-08T13:55:06.430+0000] {dag.py:3239} INFO - Sync 1 DAGs
[2026-04-08T13:55:06.465+0000] {logging_mixin.py:190} INFO - [2026-04-08T13:55:06.465+0000] {dag.py:4180} INFO - Setting next_dagrun for crawl_etl_itjob to 2026-04-08T02:00:00+00:00, run_after=2026-04-09T02:00:00+00:00
[2026-04-08T13:55:06.498+0000] {processor.py:208} INFO - Processing /opt/airflow/dags/Crawl_ETL_ITJob.py took 0.136 seconds
[2026-04-08T13:55:38.667+0000] {processor.py:186} INFO - Started process (PID=1028) to work on /opt/airflow/dags/Crawl_ETL_ITJob.py
[2026-04-08T13:55:38.668+0000] {processor.py:914} INFO - Processing file /opt/airflow/dags/Crawl_ETL_ITJob.py for tasks to queue
[2026-04-08T13:55:38.670+0000] {logging_mixin.py:190} INFO - [2026-04-08T13:55:38.670+0000] {dagbag.py:588} INFO - Filling up the DagBag from /opt/airflow/dags/Crawl_ETL_ITJob.py
[2026-04-08T13:55:38.690+0000] {processor.py:925} INFO - DAG(s) 'crawl_etl_itjob' retrieved from /opt/airflow/dags/Crawl_ETL_ITJob.py
[2026-04-08T13:55:38.734+0000] {logging_mixin.py:190} INFO - [2026-04-08T13:55:38.733+0000] {dag.py:3239} INFO - Sync 1 DAGs
[2026-04-08T13:55:38.771+0000] {logging_mixin.py:190} INFO - [2026-04-08T13:55:38.771+0000] {dag.py:4180} INFO - Setting next_dagrun for crawl_etl_itjob to 2026-04-08T02:00:00+00:00, run_after=2026-04-09T02:00:00+00:00
[2026-04-08T13:55:38.803+0000] {processor.py:208} INFO - Processing /opt/airflow/dags/Crawl_ETL_ITJob.py took 0.140 seconds
[2026-04-08T13:56:11.950+0000] {processor.py:186} INFO - Started process (PID=1032) to work on /opt/airflow/dags/Crawl_ETL_ITJob.py
[2026-04-08T13:56:11.950+0000] {processor.py:914} INFO - Processing file /opt/airflow/dags/Crawl_ETL_ITJob.py for tasks to queue
[2026-04-08T13:56:11.951+0000] {logging_mixin.py:190} INFO - [2026-04-08T13:56:11.951+0000] {dagbag.py:588} INFO - Filling up the DagBag from /opt/airflow/dags/Crawl_ETL_ITJob.py
[2026-04-08T13:56:11.972+0000] {processor.py:925} INFO - DAG(s) 'crawl_etl_itjob' retrieved from /opt/airflow/dags/Crawl_ETL_ITJob.py
[2026-04-08T13:56:12.021+0000] {logging_mixin.py:190} INFO - [2026-04-08T13:56:12.021+0000] {dag.py:3239} INFO - Sync 1 DAGs
[2026-04-08T13:56:12.059+0000] {logging_mixin.py:190} INFO - [2026-04-08T13:56:12.059+0000] {dag.py:4180} INFO - Setting next_dagrun for crawl_etl_itjob to 2026-04-08T02:00:00+00:00, run_after=2026-04-09T02:00:00+00:00
[2026-04-08T13:56:12.114+0000] {processor.py:208} INFO - Processing /opt/airflow/dags/Crawl_ETL_ITJob.py took 0.170 seconds
[2026-04-08T13:56:44.281+0000] {processor.py:186} INFO - Started process (PID=1036) to work on /opt/airflow/dags/Crawl_ETL_ITJob.py
[2026-04-08T13:56:44.282+0000] {processor.py:914} INFO - Processing file /opt/airflow/dags/Crawl_ETL_ITJob.py for tasks to queue
[2026-04-08T13:56:44.283+0000] {logging_mixin.py:190} INFO - [2026-04-08T13:56:44.283+0000] {dagbag.py:588} INFO - Filling up the DagBag from /opt/airflow/dags/Crawl_ETL_ITJob.py
[2026-04-08T13:56:44.300+0000] {processor.py:925} INFO - DAG(s) 'crawl_etl_itjob' retrieved from /opt/airflow/dags/Crawl_ETL_ITJob.py
[2026-04-08T13:56:44.349+0000] {logging_mixin.py:190} INFO - [2026-04-08T13:56:44.349+0000] {dag.py:3239} INFO - Sync 1 DAGs
[2026-04-08T13:56:44.387+0000] {logging_mixin.py:190} INFO - [2026-04-08T13:56:44.386+0000] {dag.py:4180} INFO - Setting next_dagrun for crawl_etl_itjob to 2026-04-08T02:00:00+00:00, run_after=2026-04-09T02:00:00+00:00
[2026-04-08T13:56:44.418+0000] {processor.py:208} INFO - Processing /opt/airflow/dags/Crawl_ETL_ITJob.py took 0.142 seconds
[2026-04-08T13:57:16.576+0000] {processor.py:186} INFO - Started process (PID=1040) to work on /opt/airflow/dags/Crawl_ETL_ITJob.py
[2026-04-08T13:57:16.576+0000] {processor.py:914} INFO - Processing file /opt/airflow/dags/Crawl_ETL_ITJob.py for tasks to queue
[2026-04-08T13:57:16.578+0000] {logging_mixin.py:190} INFO - [2026-04-08T13:57:16.578+0000] {dagbag.py:588} INFO - Filling up the DagBag from /opt/airflow/dags/Crawl_ETL_ITJob.py
[2026-04-08T13:57:16.600+0000] {processor.py:925} INFO - DAG(s) 'crawl_etl_itjob' retrieved from /opt/airflow/dags/Crawl_ETL_ITJob.py
[2026-04-08T13:57:16.646+0000] {logging_mixin.py:190} INFO - [2026-04-08T13:57:16.646+0000] {dag.py:3239} INFO - Sync 1 DAGs
[2026-04-08T13:57:16.680+0000] {logging_mixin.py:190} INFO - [2026-04-08T13:57:16.680+0000] {dag.py:4180} INFO - Setting next_dagrun for crawl_etl_itjob to 2026-04-08T02:00:00+00:00, run_after=2026-04-09T02:00:00+00:00
[2026-04-08T13:57:16.711+0000] {processor.py:208} INFO - Processing /opt/airflow/dags/Crawl_ETL_ITJob.py took 0.141 seconds
[2026-04-08T13:57:49.910+0000] {processor.py:186} INFO - Started process (PID=1044) to work on /opt/airflow/dags/Crawl_ETL_ITJob.py
[2026-04-08T13:57:49.910+0000] {processor.py:914} INFO - Processing file /opt/airflow/dags/Crawl_ETL_ITJob.py for tasks to queue
[2026-04-08T13:57:49.912+0000] {logging_mixin.py:190} INFO - [2026-04-08T13:57:49.911+0000] {dagbag.py:588} INFO - Filling up the DagBag from /opt/airflow/dags/Crawl_ETL_ITJob.py
[2026-04-08T13:57:49.933+0000] {processor.py:925} INFO - DAG(s) 'crawl_etl_itjob' retrieved from /opt/airflow/dags/Crawl_ETL_ITJob.py
[2026-04-08T13:57:49.977+0000] {logging_mixin.py:190} INFO - [2026-04-08T13:57:49.977+0000] {dag.py:3239} INFO - Sync 1 DAGs
[2026-04-08T13:57:50.014+0000] {logging_mixin.py:190} INFO - [2026-04-08T13:57:50.013+0000] {dag.py:4180} INFO - Setting next_dagrun for crawl_etl_itjob to 2026-04-08T02:00:00+00:00, run_after=2026-04-09T02:00:00+00:00
[2026-04-08T13:57:50.045+0000] {processor.py:208} INFO - Processing /opt/airflow/dags/Crawl_ETL_ITJob.py took 0.141 seconds
[2026-04-08T13:58:22.205+0000] {processor.py:186} INFO - Started process (PID=1048) to work on /opt/airflow/dags/Crawl_ETL_ITJob.py
[2026-04-08T13:58:22.206+0000] {processor.py:914} INFO - Processing file /opt/airflow/dags/Crawl_ETL_ITJob.py for tasks to queue
[2026-04-08T13:58:22.207+0000] {logging_mixin.py:190} INFO - [2026-04-08T13:58:22.207+0000] {dagbag.py:588} INFO - Filling up the DagBag from /opt/airflow/dags/Crawl_ETL_ITJob.py
[2026-04-08T13:58:22.227+0000] {processor.py:925} INFO - DAG(s) 'crawl_etl_itjob' retrieved from /opt/airflow/dags/Crawl_ETL_ITJob.py
[2026-04-08T13:58:22.266+0000] {logging_mixin.py:190} INFO - [2026-04-08T13:58:22.266+0000] {dag.py:3239} INFO - Sync 1 DAGs
[2026-04-08T13:58:22.300+0000] {logging_mixin.py:190} INFO - [2026-04-08T13:58:22.299+0000] {dag.py:4180} INFO - Setting next_dagrun for crawl_etl_itjob to 2026-04-08T02:00:00+00:00, run_after=2026-04-09T02:00:00+00:00
[2026-04-08T13:58:22.330+0000] {processor.py:208} INFO - Processing /opt/airflow/dags/Crawl_ETL_ITJob.py took 0.131 seconds
[2026-04-08T13:58:55.357+0000] {processor.py:186} INFO - Started process (PID=1052) to work on /opt/airflow/dags/Crawl_ETL_ITJob.py
[2026-04-08T13:58:55.358+0000] {processor.py:914} INFO - Processing file /opt/airflow/dags/Crawl_ETL_ITJob.py for tasks to queue
[2026-04-08T13:58:55.363+0000] {logging_mixin.py:190} INFO - [2026-04-08T13:58:55.363+0000] {dagbag.py:588} INFO - Filling up the DagBag from /opt/airflow/dags/Crawl_ETL_ITJob.py
[2026-04-08T13:58:55.380+0000] {processor.py:925} INFO - DAG(s) 'crawl_etl_itjob' retrieved from /opt/airflow/dags/Crawl_ETL_ITJob.py
[2026-04-08T13:58:55.426+0000] {logging_mixin.py:190} INFO - [2026-04-08T13:58:55.426+0000] {dag.py:3239} INFO - Sync 1 DAGs
[2026-04-08T13:58:55.464+0000] {logging_mixin.py:190} INFO - [2026-04-08T13:58:55.464+0000] {dag.py:4180} INFO - Setting next_dagrun for crawl_etl_itjob to 2026-04-08T02:00:00+00:00, run_after=2026-04-09T02:00:00+00:00
[2026-04-08T13:58:55.504+0000] {processor.py:208} INFO - Processing /opt/airflow/dags/Crawl_ETL_ITJob.py took 0.152 seconds
[2026-04-08T13:59:27.698+0000] {processor.py:186} INFO - Started process (PID=1056) to work on /opt/airflow/dags/Crawl_ETL_ITJob.py
[2026-04-08T13:59:27.703+0000] {processor.py:914} INFO - Processing file /opt/airflow/dags/Crawl_ETL_ITJob.py for tasks to queue
[2026-04-08T13:59:27.705+0000] {logging_mixin.py:190} INFO - [2026-04-08T13:59:27.704+0000] {dagbag.py:588} INFO - Filling up the DagBag from /opt/airflow/dags/Crawl_ETL_ITJob.py
[2026-04-08T13:59:27.721+0000] {processor.py:925} INFO - DAG(s) 'crawl_etl_itjob' retrieved from /opt/airflow/dags/Crawl_ETL_ITJob.py
[2026-04-08T13:59:27.757+0000] {logging_mixin.py:190} INFO - [2026-04-08T13:59:27.757+0000] {dag.py:3239} INFO - Sync 1 DAGs
[2026-04-08T13:59:27.795+0000] {logging_mixin.py:190} INFO - [2026-04-08T13:59:27.794+0000] {dag.py:4180} INFO - Setting next_dagrun for crawl_etl_itjob to 2026-04-08T02:00:00+00:00, run_after=2026-04-09T02:00:00+00:00
[2026-04-08T13:59:27.825+0000] {processor.py:208} INFO - Processing /opt/airflow/dags/Crawl_ETL_ITJob.py took 0.133 seconds
[2026-04-08T14:00:00.994+0000] {processor.py:186} INFO - Started process (PID=1060) to work on /opt/airflow/dags/Crawl_ETL_ITJob.py
[2026-04-08T14:00:00.995+0000] {processor.py:914} INFO - Processing file /opt/airflow/dags/Crawl_ETL_ITJob.py for tasks to queue
[2026-04-08T14:00:00.996+0000] {logging_mixin.py:190} INFO - [2026-04-08T14:00:00.996+0000] {dagbag.py:588} INFO - Filling up the DagBag from /opt/airflow/dags/Crawl_ETL_ITJob.py
[2026-04-08T14:00:01.018+0000] {processor.py:925} INFO - DAG(s) 'crawl_etl_itjob' retrieved from /opt/airflow/dags/Crawl_ETL_ITJob.py
[2026-04-08T14:00:01.083+0000] {logging_mixin.py:190} INFO - [2026-04-08T14:00:01.083+0000] {dag.py:3239} INFO - Sync 1 DAGs
[2026-04-08T14:00:01.128+0000] {logging_mixin.py:190} INFO - [2026-04-08T14:00:01.128+0000] {dag.py:4180} INFO - Setting next_dagrun for crawl_etl_itjob to 2026-04-08T02:00:00+00:00, run_after=2026-04-09T02:00:00+00:00
[2026-04-08T14:00:01.174+0000] {processor.py:208} INFO - Processing /opt/airflow/dags/Crawl_ETL_ITJob.py took 0.185 seconds
[2026-04-08T14:00:33.327+0000] {processor.py:186} INFO - Started process (PID=1064) to work on /opt/airflow/dags/Crawl_ETL_ITJob.py
[2026-04-08T14:00:33.328+0000] {processor.py:914} INFO - Processing file /opt/airflow/dags/Crawl_ETL_ITJob.py for tasks to queue
[2026-04-08T14:00:33.329+0000] {logging_mixin.py:190} INFO - [2026-04-08T14:00:33.329+0000] {dagbag.py:588} INFO - Filling up the DagBag from /opt/airflow/dags/Crawl_ETL_ITJob.py
[2026-04-08T14:00:33.351+0000] {processor.py:925} INFO - DAG(s) 'crawl_etl_itjob' retrieved from /opt/airflow/dags/Crawl_ETL_ITJob.py
[2026-04-08T14:00:33.401+0000] {logging_mixin.py:190} INFO - [2026-04-08T14:00:33.401+0000] {dag.py:3239} INFO - Sync 1 DAGs
[2026-04-08T14:00:33.434+0000] {logging_mixin.py:190} INFO - [2026-04-08T14:00:33.433+0000] {dag.py:4180} INFO - Setting next_dagrun for crawl_etl_itjob to 2026-04-08T02:00:00+00:00, run_after=2026-04-09T02:00:00+00:00
[2026-04-08T14:00:33.460+0000] {processor.py:208} INFO - Processing /opt/airflow/dags/Crawl_ETL_ITJob.py took 0.137 seconds
[2026-04-08T14:01:05.693+0000] {processor.py:186} INFO - Started process (PID=1068) to work on /opt/airflow/dags/Crawl_ETL_ITJob.py
[2026-04-08T14:01:05.694+0000] {processor.py:914} INFO - Processing file /opt/airflow/dags/Crawl_ETL_ITJob.py for tasks to queue
[2026-04-08T14:01:05.697+0000] {logging_mixin.py:190} INFO - [2026-04-08T14:01:05.697+0000] {dagbag.py:588} INFO - Filling up the DagBag from /opt/airflow/dags/Crawl_ETL_ITJob.py
[2026-04-08T14:01:05.735+0000] {processor.py:925} INFO - DAG(s) 'crawl_etl_itjob' retrieved from /opt/airflow/dags/Crawl_ETL_ITJob.py
[2026-04-08T14:01:05.793+0000] {logging_mixin.py:190} INFO - [2026-04-08T14:01:05.793+0000] {dag.py:3239} INFO - Sync 1 DAGs
[2026-04-08T14:01:05.851+0000] {logging_mixin.py:190} INFO - [2026-04-08T14:01:05.850+0000] {dag.py:4180} INFO - Setting next_dagrun for crawl_etl_itjob to 2026-04-08T02:00:00+00:00, run_after=2026-04-09T02:00:00+00:00
[2026-04-08T14:01:05.905+0000] {processor.py:208} INFO - Processing /opt/airflow/dags/Crawl_ETL_ITJob.py took 0.220 seconds
[2026-04-08T14:01:39.218+0000] {processor.py:186} INFO - Started process (PID=1072) to work on /opt/airflow/dags/Crawl_ETL_ITJob.py
[2026-04-08T14:01:39.218+0000] {processor.py:914} INFO - Processing file /opt/airflow/dags/Crawl_ETL_ITJob.py for tasks to queue
[2026-04-08T14:01:39.220+0000] {logging_mixin.py:190} INFO - [2026-04-08T14:01:39.219+0000] {dagbag.py:588} INFO - Filling up the DagBag from /opt/airflow/dags/Crawl_ETL_ITJob.py
[2026-04-08T14:01:39.239+0000] {processor.py:925} INFO - DAG(s) 'crawl_etl_itjob' retrieved from /opt/airflow/dags/Crawl_ETL_ITJob.py
[2026-04-08T14:01:39.278+0000] {logging_mixin.py:190} INFO - [2026-04-08T14:01:39.278+0000] {dag.py:3239} INFO - Sync 1 DAGs
[2026-04-08T14:01:39.316+0000] {logging_mixin.py:190} INFO - [2026-04-08T14:01:39.315+0000] {dag.py:4180} INFO - Setting next_dagrun for crawl_etl_itjob to 2026-04-08T02:00:00+00:00, run_after=2026-04-09T02:00:00+00:00
[2026-04-08T14:01:39.349+0000] {processor.py:208} INFO - Processing /opt/airflow/dags/Crawl_ETL_ITJob.py took 0.137 seconds
[2026-04-08T14:02:11.522+0000] {processor.py:186} INFO - Started process (PID=1076) to work on /opt/airflow/dags/Crawl_ETL_ITJob.py
[2026-04-08T14:02:11.522+0000] {processor.py:914} INFO - Processing file /opt/airflow/dags/Crawl_ETL_ITJob.py for tasks to queue
[2026-04-08T14:02:11.523+0000] {logging_mixin.py:190} INFO - [2026-04-08T14:02:11.523+0000] {dagbag.py:588} INFO - Filling up the DagBag from /opt/airflow/dags/Crawl_ETL_ITJob.py
[2026-04-08T14:02:11.542+0000] {processor.py:925} INFO - DAG(s) 'crawl_etl_itjob' retrieved from /opt/airflow/dags/Crawl_ETL_ITJob.py
[2026-04-08T14:02:11.590+0000] {logging_mixin.py:190} INFO - [2026-04-08T14:02:11.590+0000] {dag.py:3239} INFO - Sync 1 DAGs
[2026-04-08T14:02:11.624+0000] {logging_mixin.py:190} INFO - [2026-04-08T14:02:11.624+0000] {dag.py:4180} INFO - Setting next_dagrun for crawl_etl_itjob to 2026-04-08T02:00:00+00:00, run_after=2026-04-09T02:00:00+00:00
[2026-04-08T14:02:11.653+0000] {processor.py:208} INFO - Processing /opt/airflow/dags/Crawl_ETL_ITJob.py took 0.138 seconds
[2026-04-08T14:02:43.828+0000] {processor.py:186} INFO - Started process (PID=1080) to work on /opt/airflow/dags/Crawl_ETL_ITJob.py
[2026-04-08T14:02:43.829+0000] {processor.py:914} INFO - Processing file /opt/airflow/dags/Crawl_ETL_ITJob.py for tasks to queue
[2026-04-08T14:02:43.833+0000] {logging_mixin.py:190} INFO - [2026-04-08T14:02:43.832+0000] {dagbag.py:588} INFO - Filling up the DagBag from /opt/airflow/dags/Crawl_ETL_ITJob.py
[2026-04-08T14:02:43.852+0000] {processor.py:925} INFO - DAG(s) 'crawl_etl_itjob' retrieved from /opt/airflow/dags/Crawl_ETL_ITJob.py
[2026-04-08T14:02:43.909+0000] {logging_mixin.py:190} INFO - [2026-04-08T14:02:43.909+0000] {dag.py:3239} INFO - Sync 1 DAGs
[2026-04-08T14:02:43.948+0000] {logging_mixin.py:190} INFO - [2026-04-08T14:02:43.948+0000] {dag.py:4180} INFO - Setting next_dagrun for crawl_etl_itjob to 2026-04-08T02:00:00+00:00, run_after=2026-04-09T02:00:00+00:00
[2026-04-08T14:02:44.006+0000] {processor.py:208} INFO - Processing /opt/airflow/dags/Crawl_ETL_ITJob.py took 0.185 seconds
[2026-04-08T14:03:17.206+0000] {processor.py:186} INFO - Started process (PID=1084) to work on /opt/airflow/dags/Crawl_ETL_ITJob.py
[2026-04-08T14:03:17.207+0000] {processor.py:914} INFO - Processing file /opt/airflow/dags/Crawl_ETL_ITJob.py for tasks to queue
[2026-04-08T14:03:17.209+0000] {logging_mixin.py:190} INFO - [2026-04-08T14:03:17.209+0000] {dagbag.py:588} INFO - Filling up the DagBag from /opt/airflow/dags/Crawl_ETL_ITJob.py
[2026-04-08T14:03:17.227+0000] {processor.py:925} INFO - DAG(s) 'crawl_etl_itjob' retrieved from /opt/airflow/dags/Crawl_ETL_ITJob.py
[2026-04-08T14:03:17.270+0000] {logging_mixin.py:190} INFO - [2026-04-08T14:03:17.270+0000] {dag.py:3239} INFO - Sync 1 DAGs
[2026-04-08T14:03:17.311+0000] {logging_mixin.py:190} INFO - [2026-04-08T14:03:17.310+0000] {dag.py:4180} INFO - Setting next_dagrun for crawl_etl_itjob to 2026-04-08T02:00:00+00:00, run_after=2026-04-09T02:00:00+00:00
[2026-04-08T14:03:17.349+0000] {processor.py:208} INFO - Processing /opt/airflow/dags/Crawl_ETL_ITJob.py took 0.149 seconds
[2026-04-08T14:03:49.565+0000] {processor.py:186} INFO - Started process (PID=1088) to work on /opt/airflow/dags/Crawl_ETL_ITJob.py
[2026-04-08T14:03:49.566+0000] {processor.py:914} INFO - Processing file /opt/airflow/dags/Crawl_ETL_ITJob.py for tasks to queue
[2026-04-08T14:03:49.568+0000] {logging_mixin.py:190} INFO - [2026-04-08T14:03:49.567+0000] {dagbag.py:588} INFO - Filling up the DagBag from /opt/airflow/dags/Crawl_ETL_ITJob.py
[2026-04-08T14:03:49.602+0000] {processor.py:925} INFO - DAG(s) 'crawl_etl_itjob' retrieved from /opt/airflow/dags/Crawl_ETL_ITJob.py
[2026-04-08T14:03:49.660+0000] {logging_mixin.py:190} INFO - [2026-04-08T14:03:49.660+0000] {dag.py:3239} INFO - Sync 1 DAGs
[2026-04-08T14:03:49.767+0000] {processor.py:208} INFO - Processing /opt/airflow/dags/Crawl_ETL_ITJob.py took 0.214 seconds
[2026-04-08T14:04:22.178+0000] {processor.py:186} INFO - Started process (PID=1092) to work on /opt/airflow/dags/Crawl_ETL_ITJob.py
[2026-04-08T14:04:22.179+0000] {processor.py:914} INFO - Processing file /opt/airflow/dags/Crawl_ETL_ITJob.py for tasks to queue
[2026-04-08T14:04:22.181+0000] {logging_mixin.py:190} INFO - [2026-04-08T14:04:22.181+0000] {dagbag.py:588} INFO - Filling up the DagBag from /opt/airflow/dags/Crawl_ETL_ITJob.py
[2026-04-08T14:04:22.214+0000] {processor.py:925} INFO - DAG(s) 'crawl_etl_itjob' retrieved from /opt/airflow/dags/Crawl_ETL_ITJob.py
[2026-04-08T14:04:22.268+0000] {logging_mixin.py:190} INFO - [2026-04-08T14:04:22.268+0000] {dag.py:3239} INFO - Sync 1 DAGs
[2026-04-08T14:04:22.372+0000] {processor.py:208} INFO - Processing /opt/airflow/dags/Crawl_ETL_ITJob.py took 0.203 seconds
[2026-04-08T14:04:55.626+0000] {processor.py:186} INFO - Started process (PID=1096) to work on /opt/airflow/dags/Crawl_ETL_ITJob.py
[2026-04-08T14:04:55.627+0000] {processor.py:914} INFO - Processing file /opt/airflow/dags/Crawl_ETL_ITJob.py for tasks to queue
[2026-04-08T14:04:55.629+0000] {logging_mixin.py:190} INFO - [2026-04-08T14:04:55.628+0000] {dagbag.py:588} INFO - Filling up the DagBag from /opt/airflow/dags/Crawl_ETL_ITJob.py
[2026-04-08T14:04:55.652+0000] {processor.py:925} INFO - DAG(s) 'crawl_etl_itjob' retrieved from /opt/airflow/dags/Crawl_ETL_ITJob.py
[2026-04-08T14:04:55.700+0000] {logging_mixin.py:190} INFO - [2026-04-08T14:04:55.699+0000] {dag.py:3239} INFO - Sync 1 DAGs
[2026-04-08T14:04:55.776+0000] {processor.py:208} INFO - Processing /opt/airflow/dags/Crawl_ETL_ITJob.py took 0.157 seconds
[2026-04-08T14:05:27.948+0000] {processor.py:186} INFO - Started process (PID=1100) to work on /opt/airflow/dags/Crawl_ETL_ITJob.py
[2026-04-08T14:05:27.949+0000] {processor.py:914} INFO - Processing file /opt/airflow/dags/Crawl_ETL_ITJob.py for tasks to queue
[2026-04-08T14:05:27.954+0000] {logging_mixin.py:190} INFO - [2026-04-08T14:05:27.954+0000] {dagbag.py:588} INFO - Filling up the DagBag from /opt/airflow/dags/Crawl_ETL_ITJob.py
[2026-04-08T14:05:27.976+0000] {processor.py:925} INFO - DAG(s) 'crawl_etl_itjob' retrieved from /opt/airflow/dags/Crawl_ETL_ITJob.py
[2026-04-08T14:05:28.023+0000] {logging_mixin.py:190} INFO - [2026-04-08T14:05:28.023+0000] {dag.py:3239} INFO - Sync 1 DAGs
[2026-04-08T14:05:28.092+0000] {processor.py:208} INFO - Processing /opt/airflow/dags/Crawl_ETL_ITJob.py took 0.150 seconds
[2026-04-08T14:06:00.272+0000] {processor.py:186} INFO - Started process (PID=1104) to work on /opt/airflow/dags/Crawl_ETL_ITJob.py
[2026-04-08T14:06:00.273+0000] {processor.py:914} INFO - Processing file /opt/airflow/dags/Crawl_ETL_ITJob.py for tasks to queue
[2026-04-08T14:06:00.274+0000] {logging_mixin.py:190} INFO - [2026-04-08T14:06:00.274+0000] {dagbag.py:588} INFO - Filling up the DagBag from /opt/airflow/dags/Crawl_ETL_ITJob.py
[2026-04-08T14:06:00.297+0000] {processor.py:925} INFO - DAG(s) 'crawl_etl_itjob' retrieved from /opt/airflow/dags/Crawl_ETL_ITJob.py
[2026-04-08T14:06:00.361+0000] {logging_mixin.py:190} INFO - [2026-04-08T14:06:00.361+0000] {dag.py:3239} INFO - Sync 1 DAGs
[2026-04-08T14:06:00.432+0000] {processor.py:208} INFO - Processing /opt/airflow/dags/Crawl_ETL_ITJob.py took 0.165 seconds
[2026-04-08T14:06:33.642+0000] {processor.py:186} INFO - Started process (PID=1108) to work on /opt/airflow/dags/Crawl_ETL_ITJob.py
[2026-04-08T14:06:33.642+0000] {processor.py:914} INFO - Processing file /opt/airflow/dags/Crawl_ETL_ITJob.py for tasks to queue
[2026-04-08T14:06:33.644+0000] {logging_mixin.py:190} INFO - [2026-04-08T14:06:33.643+0000] {dagbag.py:588} INFO - Filling up the DagBag from /opt/airflow/dags/Crawl_ETL_ITJob.py
[2026-04-08T14:06:33.663+0000] {processor.py:925} INFO - DAG(s) 'crawl_etl_itjob' retrieved from /opt/airflow/dags/Crawl_ETL_ITJob.py
[2026-04-08T14:06:33.716+0000] {logging_mixin.py:190} INFO - [2026-04-08T14:06:33.716+0000] {dag.py:3239} INFO - Sync 1 DAGs
[2026-04-08T14:06:33.793+0000] {processor.py:208} INFO - Processing /opt/airflow/dags/Crawl_ETL_ITJob.py took 0.158 seconds
[2026-04-08T14:07:05.966+0000] {processor.py:186} INFO - Started process (PID=1112) to work on /opt/airflow/dags/Crawl_ETL_ITJob.py
[2026-04-08T14:07:05.967+0000] {processor.py:914} INFO - Processing file /opt/airflow/dags/Crawl_ETL_ITJob.py for tasks to queue
[2026-04-08T14:07:05.968+0000] {logging_mixin.py:190} INFO - [2026-04-08T14:07:05.968+0000] {dagbag.py:588} INFO - Filling up the DagBag from /opt/airflow/dags/Crawl_ETL_ITJob.py
[2026-04-08T14:07:05.991+0000] {processor.py:925} INFO - DAG(s) 'crawl_etl_itjob' retrieved from /opt/airflow/dags/Crawl_ETL_ITJob.py
[2026-04-08T14:07:06.041+0000] {logging_mixin.py:190} INFO - [2026-04-08T14:07:06.040+0000] {dag.py:3239} INFO - Sync 1 DAGs
[2026-04-08T14:07:06.121+0000] {processor.py:208} INFO - Processing /opt/airflow/dags/Crawl_ETL_ITJob.py took 0.161 seconds
[2026-04-08T14:07:39.351+0000] {processor.py:186} INFO - Started process (PID=1116) to work on /opt/airflow/dags/Crawl_ETL_ITJob.py
[2026-04-08T14:07:39.351+0000] {processor.py:914} INFO - Processing file /opt/airflow/dags/Crawl_ETL_ITJob.py for tasks to queue
[2026-04-08T14:07:39.353+0000] {logging_mixin.py:190} INFO - [2026-04-08T14:07:39.352+0000] {dagbag.py:588} INFO - Filling up the DagBag from /opt/airflow/dags/Crawl_ETL_ITJob.py
[2026-04-08T14:07:39.371+0000] {processor.py:925} INFO - DAG(s) 'crawl_etl_itjob' retrieved from /opt/airflow/dags/Crawl_ETL_ITJob.py
[2026-04-08T14:07:39.411+0000] {logging_mixin.py:190} INFO - [2026-04-08T14:07:39.411+0000] {dag.py:3239} INFO - Sync 1 DAGs
[2026-04-08T14:07:39.477+0000] {processor.py:208} INFO - Processing /opt/airflow/dags/Crawl_ETL_ITJob.py took 0.132 seconds
[2026-04-08T14:08:11.632+0000] {processor.py:186} INFO - Started process (PID=1120) to work on /opt/airflow/dags/Crawl_ETL_ITJob.py
[2026-04-08T14:08:11.632+0000] {processor.py:914} INFO - Processing file /opt/airflow/dags/Crawl_ETL_ITJob.py for tasks to queue
[2026-04-08T14:08:11.633+0000] {logging_mixin.py:190} INFO - [2026-04-08T14:08:11.633+0000] {dagbag.py:588} INFO - Filling up the DagBag from /opt/airflow/dags/Crawl_ETL_ITJob.py
[2026-04-08T14:08:11.652+0000] {processor.py:925} INFO - DAG(s) 'crawl_etl_itjob' retrieved from /opt/airflow/dags/Crawl_ETL_ITJob.py
[2026-04-08T14:08:11.710+0000] {logging_mixin.py:190} INFO - [2026-04-08T14:08:11.710+0000] {dag.py:3239} INFO - Sync 1 DAGs
[2026-04-08T14:08:11.792+0000] {processor.py:208} INFO - Processing /opt/airflow/dags/Crawl_ETL_ITJob.py took 0.165 seconds
[2026-04-08T14:08:43.952+0000] {processor.py:186} INFO - Started process (PID=1124) to work on /opt/airflow/dags/Crawl_ETL_ITJob.py
[2026-04-08T14:08:43.953+0000] {processor.py:914} INFO - Processing file /opt/airflow/dags/Crawl_ETL_ITJob.py for tasks to queue
[2026-04-08T14:08:43.955+0000] {logging_mixin.py:190} INFO - [2026-04-08T14:08:43.955+0000] {dagbag.py:588} INFO - Filling up the DagBag from /opt/airflow/dags/Crawl_ETL_ITJob.py
[2026-04-08T14:08:43.973+0000] {processor.py:925} INFO - DAG(s) 'crawl_etl_itjob' retrieved from /opt/airflow/dags/Crawl_ETL_ITJob.py
[2026-04-08T14:08:44.018+0000] {logging_mixin.py:190} INFO - [2026-04-08T14:08:44.018+0000] {dag.py:3239} INFO - Sync 1 DAGs
[2026-04-08T14:08:44.084+0000] {processor.py:208} INFO - Processing /opt/airflow/dags/Crawl_ETL_ITJob.py took 0.137 seconds
[2026-04-08T14:09:17.261+0000] {processor.py:186} INFO - Started process (PID=1128) to work on /opt/airflow/dags/Crawl_ETL_ITJob.py
[2026-04-08T14:09:17.262+0000] {processor.py:914} INFO - Processing file /opt/airflow/dags/Crawl_ETL_ITJob.py for tasks to queue
[2026-04-08T14:09:17.263+0000] {logging_mixin.py:190} INFO - [2026-04-08T14:09:17.263+0000] {dagbag.py:588} INFO - Filling up the DagBag from /opt/airflow/dags/Crawl_ETL_ITJob.py
[2026-04-08T14:09:17.281+0000] {processor.py:925} INFO - DAG(s) 'crawl_etl_itjob' retrieved from /opt/airflow/dags/Crawl_ETL_ITJob.py
[2026-04-08T14:09:17.328+0000] {logging_mixin.py:190} INFO - [2026-04-08T14:09:17.328+0000] {dag.py:3239} INFO - Sync 1 DAGs
[2026-04-08T14:09:17.398+0000] {processor.py:208} INFO - Processing /opt/airflow/dags/Crawl_ETL_ITJob.py took 0.142 seconds
[2026-04-08T14:09:49.564+0000] {processor.py:186} INFO - Started process (PID=1132) to work on /opt/airflow/dags/Crawl_ETL_ITJob.py
[2026-04-08T14:09:49.564+0000] {processor.py:914} INFO - Processing file /opt/airflow/dags/Crawl_ETL_ITJob.py for tasks to queue
[2026-04-08T14:09:49.565+0000] {logging_mixin.py:190} INFO - [2026-04-08T14:09:49.565+0000] {dagbag.py:588} INFO - Filling up the DagBag from /opt/airflow/dags/Crawl_ETL_ITJob.py
[2026-04-08T14:09:49.584+0000] {processor.py:925} INFO - DAG(s) 'crawl_etl_itjob' retrieved from /opt/airflow/dags/Crawl_ETL_ITJob.py
[2026-04-08T14:09:49.624+0000] {logging_mixin.py:190} INFO - [2026-04-08T14:09:49.624+0000] {dag.py:3239} INFO - Sync 1 DAGs
[2026-04-08T14:09:49.683+0000] {processor.py:208} INFO - Processing /opt/airflow/dags/Crawl_ETL_ITJob.py took 0.125 seconds
[2026-04-08T14:10:22.884+0000] {processor.py:186} INFO - Started process (PID=1136) to work on /opt/airflow/dags/Crawl_ETL_ITJob.py
[2026-04-08T14:10:22.888+0000] {processor.py:914} INFO - Processing file /opt/airflow/dags/Crawl_ETL_ITJob.py for tasks to queue
[2026-04-08T14:10:22.890+0000] {logging_mixin.py:190} INFO - [2026-04-08T14:10:22.889+0000] {dagbag.py:588} INFO - Filling up the DagBag from /opt/airflow/dags/Crawl_ETL_ITJob.py
[2026-04-08T14:10:22.908+0000] {processor.py:925} INFO - DAG(s) 'crawl_etl_itjob' retrieved from /opt/airflow/dags/Crawl_ETL_ITJob.py
[2026-04-08T14:10:22.948+0000] {logging_mixin.py:190} INFO - [2026-04-08T14:10:22.948+0000] {dag.py:3239} INFO - Sync 1 DAGs
[2026-04-08T14:10:23.010+0000] {processor.py:208} INFO - Processing /opt/airflow/dags/Crawl_ETL_ITJob.py took 0.132 seconds
[2026-04-08T14:10:55.150+0000] {processor.py:186} INFO - Started process (PID=1140) to work on /opt/airflow/dags/Crawl_ETL_ITJob.py
[2026-04-08T14:10:55.150+0000] {processor.py:914} INFO - Processing file /opt/airflow/dags/Crawl_ETL_ITJob.py for tasks to queue
[2026-04-08T14:10:55.151+0000] {logging_mixin.py:190} INFO - [2026-04-08T14:10:55.151+0000] {dagbag.py:588} INFO - Filling up the DagBag from /opt/airflow/dags/Crawl_ETL_ITJob.py
[2026-04-08T14:10:55.178+0000] {processor.py:925} INFO - DAG(s) 'crawl_etl_itjob' retrieved from /opt/airflow/dags/Crawl_ETL_ITJob.py
[2026-04-08T14:10:55.230+0000] {logging_mixin.py:190} INFO - [2026-04-08T14:10:55.229+0000] {dag.py:3239} INFO - Sync 1 DAGs
[2026-04-08T14:10:55.312+0000] {processor.py:208} INFO - Processing /opt/airflow/dags/Crawl_ETL_ITJob.py took 0.167 seconds
[2026-04-08T14:11:27.758+0000] {processor.py:186} INFO - Started process (PID=1144) to work on /opt/airflow/dags/Crawl_ETL_ITJob.py
[2026-04-08T14:11:27.758+0000] {processor.py:914} INFO - Processing file /opt/airflow/dags/Crawl_ETL_ITJob.py for tasks to queue
[2026-04-08T14:11:27.760+0000] {logging_mixin.py:190} INFO - [2026-04-08T14:11:27.760+0000] {dagbag.py:588} INFO - Filling up the DagBag from /opt/airflow/dags/Crawl_ETL_ITJob.py
[2026-04-08T14:11:27.779+0000] {processor.py:925} INFO - DAG(s) 'crawl_etl_itjob' retrieved from /opt/airflow/dags/Crawl_ETL_ITJob.py
[2026-04-08T14:11:27.830+0000] {logging_mixin.py:190} INFO - [2026-04-08T14:11:27.830+0000] {dag.py:3239} INFO - Sync 1 DAGs
[2026-04-08T14:11:27.898+0000] {processor.py:208} INFO - Processing /opt/airflow/dags/Crawl_ETL_ITJob.py took 0.145 seconds
[2026-04-08T14:12:01.137+0000] {processor.py:186} INFO - Started process (PID=1148) to work on /opt/airflow/dags/Crawl_ETL_ITJob.py
[2026-04-08T14:12:01.138+0000] {processor.py:914} INFO - Processing file /opt/airflow/dags/Crawl_ETL_ITJob.py for tasks to queue
[2026-04-08T14:12:01.140+0000] {logging_mixin.py:190} INFO - [2026-04-08T14:12:01.139+0000] {dagbag.py:588} INFO - Filling up the DagBag from /opt/airflow/dags/Crawl_ETL_ITJob.py
[2026-04-08T14:12:01.166+0000] {processor.py:925} INFO - DAG(s) 'crawl_etl_itjob' retrieved from /opt/airflow/dags/Crawl_ETL_ITJob.py
[2026-04-08T14:12:01.212+0000] {logging_mixin.py:190} INFO - [2026-04-08T14:12:01.212+0000] {dag.py:3239} INFO - Sync 1 DAGs
[2026-04-08T14:12:01.276+0000] {processor.py:208} INFO - Processing /opt/airflow/dags/Crawl_ETL_ITJob.py took 0.147 seconds
[2026-04-08T14:12:33.481+0000] {processor.py:186} INFO - Started process (PID=1152) to work on /opt/airflow/dags/Crawl_ETL_ITJob.py
[2026-04-08T14:12:33.482+0000] {processor.py:914} INFO - Processing file /opt/airflow/dags/Crawl_ETL_ITJob.py for tasks to queue
[2026-04-08T14:12:33.484+0000] {logging_mixin.py:190} INFO - [2026-04-08T14:12:33.483+0000] {dagbag.py:588} INFO - Filling up the DagBag from /opt/airflow/dags/Crawl_ETL_ITJob.py
[2026-04-08T14:12:33.541+0000] {processor.py:925} INFO - DAG(s) 'crawl_etl_itjob' retrieved from /opt/airflow/dags/Crawl_ETL_ITJob.py
[2026-04-08T14:12:33.638+0000] {logging_mixin.py:190} INFO - [2026-04-08T14:12:33.638+0000] {dag.py:3239} INFO - Sync 1 DAGs
[2026-04-08T14:12:33.791+0000] {processor.py:208} INFO - Processing /opt/airflow/dags/Crawl_ETL_ITJob.py took 0.319 seconds
[2026-04-08T14:13:06.096+0000] {processor.py:186} INFO - Started process (PID=1156) to work on /opt/airflow/dags/Crawl_ETL_ITJob.py
[2026-04-08T14:13:06.097+0000] {processor.py:914} INFO - Processing file /opt/airflow/dags/Crawl_ETL_ITJob.py for tasks to queue
[2026-04-08T14:13:06.098+0000] {logging_mixin.py:190} INFO - [2026-04-08T14:13:06.098+0000] {dagbag.py:588} INFO - Filling up the DagBag from /opt/airflow/dags/Crawl_ETL_ITJob.py
[2026-04-08T14:13:06.126+0000] {processor.py:925} INFO - DAG(s) 'crawl_etl_itjob' retrieved from /opt/airflow/dags/Crawl_ETL_ITJob.py
[2026-04-08T14:13:06.185+0000] {logging_mixin.py:190} INFO - [2026-04-08T14:13:06.185+0000] {dag.py:3239} INFO - Sync 1 DAGs
[2026-04-08T14:13:06.278+0000] {processor.py:208} INFO - Processing /opt/airflow/dags/Crawl_ETL_ITJob.py took 0.190 seconds
[2026-04-08T14:13:38.551+0000] {processor.py:186} INFO - Started process (PID=1160) to work on /opt/airflow/dags/Crawl_ETL_ITJob.py
[2026-04-08T14:13:38.552+0000] {processor.py:914} INFO - Processing file /opt/airflow/dags/Crawl_ETL_ITJob.py for tasks to queue
[2026-04-08T14:13:38.554+0000] {logging_mixin.py:190} INFO - [2026-04-08T14:13:38.553+0000] {dagbag.py:588} INFO - Filling up the DagBag from /opt/airflow/dags/Crawl_ETL_ITJob.py
[2026-04-08T14:13:38.572+0000] {processor.py:925} INFO - DAG(s) 'crawl_etl_itjob' retrieved from /opt/airflow/dags/Crawl_ETL_ITJob.py
[2026-04-08T14:13:38.614+0000] {logging_mixin.py:190} INFO - [2026-04-08T14:13:38.614+0000] {dag.py:3239} INFO - Sync 1 DAGs
[2026-04-08T14:13:38.679+0000] {processor.py:208} INFO - Processing /opt/airflow/dags/Crawl_ETL_ITJob.py took 0.134 seconds
[2026-04-08T14:14:11.823+0000] {processor.py:186} INFO - Started process (PID=1164) to work on /opt/airflow/dags/Crawl_ETL_ITJob.py
[2026-04-08T14:14:11.823+0000] {processor.py:914} INFO - Processing file /opt/airflow/dags/Crawl_ETL_ITJob.py for tasks to queue
[2026-04-08T14:14:11.824+0000] {logging_mixin.py:190} INFO - [2026-04-08T14:14:11.824+0000] {dagbag.py:588} INFO - Filling up the DagBag from /opt/airflow/dags/Crawl_ETL_ITJob.py
[2026-04-08T14:14:11.843+0000] {processor.py:925} INFO - DAG(s) 'crawl_etl_itjob' retrieved from /opt/airflow/dags/Crawl_ETL_ITJob.py
[2026-04-08T14:14:11.887+0000] {logging_mixin.py:190} INFO - [2026-04-08T14:14:11.887+0000] {dag.py:3239} INFO - Sync 1 DAGs
[2026-04-08T14:14:11.969+0000] {processor.py:208} INFO - Processing /opt/airflow/dags/Crawl_ETL_ITJob.py took 0.152 seconds
[2026-04-08T14:14:44.179+0000] {processor.py:186} INFO - Started process (PID=1168) to work on /opt/airflow/dags/Crawl_ETL_ITJob.py
[2026-04-08T14:14:44.180+0000] {processor.py:914} INFO - Processing file /opt/airflow/dags/Crawl_ETL_ITJob.py for tasks to queue
[2026-04-08T14:14:44.181+0000] {logging_mixin.py:190} INFO - [2026-04-08T14:14:44.181+0000] {dagbag.py:588} INFO - Filling up the DagBag from /opt/airflow/dags/Crawl_ETL_ITJob.py
[2026-04-08T14:14:44.201+0000] {processor.py:925} INFO - DAG(s) 'crawl_etl_itjob' retrieved from /opt/airflow/dags/Crawl_ETL_ITJob.py
[2026-04-08T14:14:44.256+0000] {logging_mixin.py:190} INFO - [2026-04-08T14:14:44.256+0000] {dag.py:3239} INFO - Sync 1 DAGs
[2026-04-08T14:14:44.321+0000] {processor.py:208} INFO - Processing /opt/airflow/dags/Crawl_ETL_ITJob.py took 0.149 seconds
[2026-04-08T14:15:17.521+0000] {processor.py:186} INFO - Started process (PID=1172) to work on /opt/airflow/dags/Crawl_ETL_ITJob.py
[2026-04-08T14:15:17.522+0000] {processor.py:914} INFO - Processing file /opt/airflow/dags/Crawl_ETL_ITJob.py for tasks to queue
[2026-04-08T14:15:17.528+0000] {logging_mixin.py:190} INFO - [2026-04-08T14:15:17.528+0000] {dagbag.py:588} INFO - Filling up the DagBag from /opt/airflow/dags/Crawl_ETL_ITJob.py
[2026-04-08T14:15:17.547+0000] {processor.py:925} INFO - DAG(s) 'crawl_etl_itjob' retrieved from /opt/airflow/dags/Crawl_ETL_ITJob.py
[2026-04-08T14:15:17.590+0000] {logging_mixin.py:190} INFO - [2026-04-08T14:15:17.590+0000] {dag.py:3239} INFO - Sync 1 DAGs
[2026-04-08T14:15:17.678+0000] {processor.py:208} INFO - Processing /opt/airflow/dags/Crawl_ETL_ITJob.py took 0.164 seconds
[2026-04-08T14:15:49.910+0000] {processor.py:186} INFO - Started process (PID=1176) to work on /opt/airflow/dags/Crawl_ETL_ITJob.py
[2026-04-08T14:15:49.911+0000] {processor.py:914} INFO - Processing file /opt/airflow/dags/Crawl_ETL_ITJob.py for tasks to queue
[2026-04-08T14:15:49.912+0000] {logging_mixin.py:190} INFO - [2026-04-08T14:15:49.912+0000] {dagbag.py:588} INFO - Filling up the DagBag from /opt/airflow/dags/Crawl_ETL_ITJob.py
[2026-04-08T14:15:49.938+0000] {processor.py:925} INFO - DAG(s) 'crawl_etl_itjob' retrieved from /opt/airflow/dags/Crawl_ETL_ITJob.py
[2026-04-08T14:15:49.984+0000] {logging_mixin.py:190} INFO - [2026-04-08T14:15:49.984+0000] {dag.py:3239} INFO - Sync 1 DAGs
[2026-04-08T14:15:50.023+0000] {logging_mixin.py:190} INFO - [2026-04-08T14:15:50.023+0000] {dag.py:4180} INFO - Setting next_dagrun for crawl_etl_itjob to 2026-04-08T02:00:00+00:00, run_after=2026-04-09T02:00:00+00:00
[2026-04-08T14:15:50.071+0000] {processor.py:208} INFO - Processing /opt/airflow/dags/Crawl_ETL_ITJob.py took 0.167 seconds
[2026-04-08T14:16:20.282+0000] {processor.py:186} INFO - Started process (PID=1180) to work on /opt/airflow/dags/Crawl_ETL_ITJob.py
[2026-04-08T14:16:20.283+0000] {processor.py:914} INFO - Processing file /opt/airflow/dags/Crawl_ETL_ITJob.py for tasks to queue
[2026-04-08T14:16:20.284+0000] {logging_mixin.py:190} INFO - [2026-04-08T14:16:20.284+0000] {dagbag.py:588} INFO - Filling up the DagBag from /opt/airflow/dags/Crawl_ETL_ITJob.py
[2026-04-08T14:16:20.302+0000] {processor.py:925} INFO - DAG(s) 'crawl_etl_itjob' retrieved from /opt/airflow/dags/Crawl_ETL_ITJob.py
[2026-04-08T14:16:20.343+0000] {logging_mixin.py:190} INFO - [2026-04-08T14:16:20.343+0000] {dag.py:3239} INFO - Sync 1 DAGs
[2026-04-08T14:16:20.378+0000] {logging_mixin.py:190} INFO - [2026-04-08T14:16:20.378+0000] {dag.py:4180} INFO - Setting next_dagrun for crawl_etl_itjob to 2026-04-08T02:00:00+00:00, run_after=2026-04-09T02:00:00+00:00
[2026-04-08T14:16:20.419+0000] {processor.py:208} INFO - Processing /opt/airflow/dags/Crawl_ETL_ITJob.py took 0.143 seconds
[2026-04-08T14:16:51.161+0000] {processor.py:186} INFO - Started process (PID=1184) to work on /opt/airflow/dags/Crawl_ETL_ITJob.py
[2026-04-08T14:16:51.162+0000] {processor.py:914} INFO - Processing file /opt/airflow/dags/Crawl_ETL_ITJob.py for tasks to queue
[2026-04-08T14:16:51.163+0000] {logging_mixin.py:190} INFO - [2026-04-08T14:16:51.163+0000] {dagbag.py:588} INFO - Filling up the DagBag from /opt/airflow/dags/Crawl_ETL_ITJob.py
[2026-04-08T14:16:51.182+0000] {processor.py:925} INFO - DAG(s) 'crawl_etl_itjob' retrieved from /opt/airflow/dags/Crawl_ETL_ITJob.py
[2026-04-08T14:16:51.226+0000] {logging_mixin.py:190} INFO - [2026-04-08T14:16:51.226+0000] {dag.py:3239} INFO - Sync 1 DAGs
[2026-04-08T14:16:51.265+0000] {logging_mixin.py:190} INFO - [2026-04-08T14:16:51.264+0000] {dag.py:4180} INFO - Setting next_dagrun for crawl_etl_itjob to 2026-04-08T02:00:00+00:00, run_after=2026-04-09T02:00:00+00:00
[2026-04-08T14:16:51.302+0000] {processor.py:208} INFO - Processing /opt/airflow/dags/Crawl_ETL_ITJob.py took 0.149 seconds
[2026-04-08T14:17:21.760+0000] {processor.py:186} INFO - Started process (PID=1188) to work on /opt/airflow/dags/Crawl_ETL_ITJob.py
[2026-04-08T14:17:21.761+0000] {processor.py:914} INFO - Processing file /opt/airflow/dags/Crawl_ETL_ITJob.py for tasks to queue
[2026-04-08T14:17:21.768+0000] {logging_mixin.py:190} INFO - [2026-04-08T14:17:21.768+0000] {dagbag.py:588} INFO - Filling up the DagBag from /opt/airflow/dags/Crawl_ETL_ITJob.py
[2026-04-08T14:17:21.788+0000] {processor.py:925} INFO - DAG(s) 'crawl_etl_itjob' retrieved from /opt/airflow/dags/Crawl_ETL_ITJob.py
[2026-04-08T14:17:21.829+0000] {logging_mixin.py:190} INFO - [2026-04-08T14:17:21.829+0000] {dag.py:3239} INFO - Sync 1 DAGs
[2026-04-08T14:17:21.868+0000] {logging_mixin.py:190} INFO - [2026-04-08T14:17:21.868+0000] {dag.py:4180} INFO - Setting next_dagrun for crawl_etl_itjob to 2026-04-08T02:00:00+00:00, run_after=2026-04-09T02:00:00+00:00
[2026-04-08T14:17:21.914+0000] {processor.py:208} INFO - Processing /opt/airflow/dags/Crawl_ETL_ITJob.py took 0.159 seconds
[2026-04-08T14:17:52.372+0000] {processor.py:186} INFO - Started process (PID=1192) to work on /opt/airflow/dags/Crawl_ETL_ITJob.py
[2026-04-08T14:17:52.372+0000] {processor.py:914} INFO - Processing file /opt/airflow/dags/Crawl_ETL_ITJob.py for tasks to queue
[2026-04-08T14:17:52.377+0000] {logging_mixin.py:190} INFO - [2026-04-08T14:17:52.376+0000] {dagbag.py:588} INFO - Filling up the DagBag from /opt/airflow/dags/Crawl_ETL_ITJob.py
[2026-04-08T14:17:52.393+0000] {processor.py:925} INFO - DAG(s) 'crawl_etl_itjob' retrieved from /opt/airflow/dags/Crawl_ETL_ITJob.py
[2026-04-08T14:17:52.429+0000] {logging_mixin.py:190} INFO - [2026-04-08T14:17:52.429+0000] {dag.py:3239} INFO - Sync 1 DAGs
[2026-04-08T14:17:52.464+0000] {logging_mixin.py:190} INFO - [2026-04-08T14:17:52.463+0000] {dag.py:4180} INFO - Setting next_dagrun for crawl_etl_itjob to 2026-04-08T02:00:00+00:00, run_after=2026-04-09T02:00:00+00:00
[2026-04-08T14:17:52.494+0000] {processor.py:208} INFO - Processing /opt/airflow/dags/Crawl_ETL_ITJob.py took 0.127 seconds
[2026-04-08T14:18:22.595+0000] {processor.py:186} INFO - Started process (PID=1196) to work on /opt/airflow/dags/Crawl_ETL_ITJob.py
[2026-04-08T14:18:22.597+0000] {processor.py:914} INFO - Processing file /opt/airflow/dags/Crawl_ETL_ITJob.py for tasks to queue
[2026-04-08T14:18:22.602+0000] {logging_mixin.py:190} INFO - [2026-04-08T14:18:22.602+0000] {dagbag.py:588} INFO - Filling up the DagBag from /opt/airflow/dags/Crawl_ETL_ITJob.py
[2026-04-08T14:18:22.658+0000] {processor.py:925} INFO - DAG(s) 'crawl_etl_itjob' retrieved from /opt/airflow/dags/Crawl_ETL_ITJob.py
[2026-04-08T14:18:22.738+0000] {logging_mixin.py:190} INFO - [2026-04-08T14:18:22.737+0000] {dag.py:3239} INFO - Sync 1 DAGs
[2026-04-08T14:18:22.776+0000] {logging_mixin.py:190} INFO - [2026-04-08T14:18:22.775+0000] {dag.py:4180} INFO - Setting next_dagrun for crawl_etl_itjob to 2026-04-08T02:00:00+00:00, run_after=2026-04-09T02:00:00+00:00
[2026-04-08T14:18:22.808+0000] {processor.py:208} INFO - Processing /opt/airflow/dags/Crawl_ETL_ITJob.py took 0.225 seconds
[2026-04-08T14:18:53.279+0000] {processor.py:186} INFO - Started process (PID=1200) to work on /opt/airflow/dags/Crawl_ETL_ITJob.py
[2026-04-08T14:18:53.279+0000] {processor.py:914} INFO - Processing file /opt/airflow/dags/Crawl_ETL_ITJob.py for tasks to queue
[2026-04-08T14:18:53.280+0000] {logging_mixin.py:190} INFO - [2026-04-08T14:18:53.280+0000] {dagbag.py:588} INFO - Filling up the DagBag from /opt/airflow/dags/Crawl_ETL_ITJob.py
[2026-04-08T14:18:53.297+0000] {processor.py:925} INFO - DAG(s) 'crawl_etl_itjob' retrieved from /opt/airflow/dags/Crawl_ETL_ITJob.py
[2026-04-08T14:18:53.336+0000] {logging_mixin.py:190} INFO - [2026-04-08T14:18:53.336+0000] {dag.py:3239} INFO - Sync 1 DAGs
[2026-04-08T14:18:53.369+0000] {logging_mixin.py:190} INFO - [2026-04-08T14:18:53.369+0000] {dag.py:4180} INFO - Setting next_dagrun for crawl_etl_itjob to 2026-04-08T02:00:00+00:00, run_after=2026-04-09T02:00:00+00:00
[2026-04-08T14:18:53.398+0000] {processor.py:208} INFO - Processing /opt/airflow/dags/Crawl_ETL_ITJob.py took 0.126 seconds
[2026-04-08T14:19:23.510+0000] {processor.py:186} INFO - Started process (PID=1204) to work on /opt/airflow/dags/Crawl_ETL_ITJob.py
[2026-04-08T14:19:23.511+0000] {processor.py:914} INFO - Processing file /opt/airflow/dags/Crawl_ETL_ITJob.py for tasks to queue
[2026-04-08T14:19:23.513+0000] {logging_mixin.py:190} INFO - [2026-04-08T14:19:23.513+0000] {dagbag.py:588} INFO - Filling up the DagBag from /opt/airflow/dags/Crawl_ETL_ITJob.py
[2026-04-08T14:19:23.533+0000] {processor.py:925} INFO - DAG(s) 'crawl_etl_itjob' retrieved from /opt/airflow/dags/Crawl_ETL_ITJob.py
[2026-04-08T14:19:23.580+0000] {logging_mixin.py:190} INFO - [2026-04-08T14:19:23.579+0000] {dag.py:3239} INFO - Sync 1 DAGs
[2026-04-08T14:19:23.615+0000] {logging_mixin.py:190} INFO - [2026-04-08T14:19:23.615+0000] {dag.py:4180} INFO - Setting next_dagrun for crawl_etl_itjob to 2026-04-08T02:00:00+00:00, run_after=2026-04-09T02:00:00+00:00
[2026-04-08T14:19:23.648+0000] {processor.py:208} INFO - Processing /opt/airflow/dags/Crawl_ETL_ITJob.py took 0.143 seconds
[2026-04-08T14:19:53.861+0000] {processor.py:186} INFO - Started process (PID=1208) to work on /opt/airflow/dags/Crawl_ETL_ITJob.py
[2026-04-08T14:19:53.862+0000] {processor.py:914} INFO - Processing file /opt/airflow/dags/Crawl_ETL_ITJob.py for tasks to queue
[2026-04-08T14:19:53.863+0000] {logging_mixin.py:190} INFO - [2026-04-08T14:19:53.863+0000] {dagbag.py:588} INFO - Filling up the DagBag from /opt/airflow/dags/Crawl_ETL_ITJob.py
[2026-04-08T14:19:53.881+0000] {processor.py:925} INFO - DAG(s) 'crawl_etl_itjob' retrieved from /opt/airflow/dags/Crawl_ETL_ITJob.py
[2026-04-08T14:19:53.920+0000] {logging_mixin.py:190} INFO - [2026-04-08T14:19:53.920+0000] {dag.py:3239} INFO - Sync 1 DAGs
[2026-04-08T14:19:53.952+0000] {logging_mixin.py:190} INFO - [2026-04-08T14:19:53.952+0000] {dag.py:4180} INFO - Setting next_dagrun for crawl_etl_itjob to 2026-04-08T02:00:00+00:00, run_after=2026-04-09T02:00:00+00:00
[2026-04-08T14:19:53.990+0000] {processor.py:208} INFO - Processing /opt/airflow/dags/Crawl_ETL_ITJob.py took 0.135 seconds
[2026-04-08T14:20:24.805+0000] {processor.py:186} INFO - Started process (PID=1212) to work on /opt/airflow/dags/Crawl_ETL_ITJob.py
[2026-04-08T14:20:24.806+0000] {processor.py:914} INFO - Processing file /opt/airflow/dags/Crawl_ETL_ITJob.py for tasks to queue
[2026-04-08T14:20:24.811+0000] {logging_mixin.py:190} INFO - [2026-04-08T14:20:24.811+0000] {dagbag.py:588} INFO - Filling up the DagBag from /opt/airflow/dags/Crawl_ETL_ITJob.py
[2026-04-08T14:20:24.830+0000] {processor.py:925} INFO - DAG(s) 'crawl_etl_itjob' retrieved from /opt/airflow/dags/Crawl_ETL_ITJob.py
[2026-04-08T14:20:24.869+0000] {logging_mixin.py:190} INFO - [2026-04-08T14:20:24.869+0000] {dag.py:3239} INFO - Sync 1 DAGs
[2026-04-08T14:20:24.900+0000] {logging_mixin.py:190} INFO - [2026-04-08T14:20:24.900+0000] {dag.py:4180} INFO - Setting next_dagrun for crawl_etl_itjob to 2026-04-08T02:00:00+00:00, run_after=2026-04-09T02:00:00+00:00
[2026-04-08T14:20:24.931+0000] {processor.py:208} INFO - Processing /opt/airflow/dags/Crawl_ETL_ITJob.py took 0.131 seconds
[2026-04-08T14:20:55.899+0000] {processor.py:186} INFO - Started process (PID=1216) to work on /opt/airflow/dags/Crawl_ETL_ITJob.py
[2026-04-08T14:20:55.899+0000] {processor.py:914} INFO - Processing file /opt/airflow/dags/Crawl_ETL_ITJob.py for tasks to queue
[2026-04-08T14:20:55.901+0000] {logging_mixin.py:190} INFO - [2026-04-08T14:20:55.901+0000] {dagbag.py:588} INFO - Filling up the DagBag from /opt/airflow/dags/Crawl_ETL_ITJob.py
[2026-04-08T14:20:55.930+0000] {processor.py:925} INFO - DAG(s) 'crawl_etl_itjob' retrieved from /opt/airflow/dags/Crawl_ETL_ITJob.py
[2026-04-08T14:20:55.979+0000] {logging_mixin.py:190} INFO - [2026-04-08T14:20:55.979+0000] {dag.py:3239} INFO - Sync 1 DAGs
[2026-04-08T14:20:56.022+0000] {logging_mixin.py:190} INFO - [2026-04-08T14:20:56.022+0000] {dag.py:4180} INFO - Setting next_dagrun for crawl_etl_itjob to 2026-04-08T02:00:00+00:00, run_after=2026-04-09T02:00:00+00:00
[2026-04-08T14:20:56.059+0000] {processor.py:208} INFO - Processing /opt/airflow/dags/Crawl_ETL_ITJob.py took 0.171 seconds
[2026-04-08T14:21:26.238+0000] {processor.py:186} INFO - Started process (PID=1220) to work on /opt/airflow/dags/Crawl_ETL_ITJob.py
[2026-04-08T14:21:26.239+0000] {processor.py:914} INFO - Processing file /opt/airflow/dags/Crawl_ETL_ITJob.py for tasks to queue
[2026-04-08T14:21:26.242+0000] {logging_mixin.py:190} INFO - [2026-04-08T14:21:26.241+0000] {dagbag.py:588} INFO - Filling up the DagBag from /opt/airflow/dags/Crawl_ETL_ITJob.py
[2026-04-08T14:21:26.267+0000] {processor.py:925} INFO - DAG(s) 'crawl_etl_itjob' retrieved from /opt/airflow/dags/Crawl_ETL_ITJob.py
[2026-04-08T14:21:26.331+0000] {logging_mixin.py:190} INFO - [2026-04-08T14:21:26.331+0000] {dag.py:3239} INFO - Sync 1 DAGs
[2026-04-08T14:21:26.380+0000] {logging_mixin.py:190} INFO - [2026-04-08T14:21:26.380+0000] {dag.py:4180} INFO - Setting next_dagrun for crawl_etl_itjob to 2026-04-08T02:00:00+00:00, run_after=2026-04-09T02:00:00+00:00
[2026-04-08T14:21:26.446+0000] {processor.py:208} INFO - Processing /opt/airflow/dags/Crawl_ETL_ITJob.py took 0.215 seconds
[2026-04-08T14:21:56.512+0000] {processor.py:186} INFO - Started process (PID=1224) to work on /opt/airflow/dags/Crawl_ETL_ITJob.py
[2026-04-08T14:21:56.513+0000] {processor.py:914} INFO - Processing file /opt/airflow/dags/Crawl_ETL_ITJob.py for tasks to queue
[2026-04-08T14:21:56.514+0000] {logging_mixin.py:190} INFO - [2026-04-08T14:21:56.514+0000] {dagbag.py:588} INFO - Filling up the DagBag from /opt/airflow/dags/Crawl_ETL_ITJob.py
[2026-04-08T14:21:56.541+0000] {processor.py:925} INFO - DAG(s) 'crawl_etl_itjob' retrieved from /opt/airflow/dags/Crawl_ETL_ITJob.py
[2026-04-08T14:21:56.592+0000] {logging_mixin.py:190} INFO - [2026-04-08T14:21:56.592+0000] {dag.py:3239} INFO - Sync 1 DAGs
[2026-04-08T14:21:56.635+0000] {logging_mixin.py:190} INFO - [2026-04-08T14:21:56.635+0000] {dag.py:4180} INFO - Setting next_dagrun for crawl_etl_itjob to 2026-04-08T02:00:00+00:00, run_after=2026-04-09T02:00:00+00:00
[2026-04-08T14:21:56.685+0000] {processor.py:208} INFO - Processing /opt/airflow/dags/Crawl_ETL_ITJob.py took 0.180 seconds
[2026-04-08T14:22:26.821+0000] {processor.py:186} INFO - Started process (PID=1228) to work on /opt/airflow/dags/Crawl_ETL_ITJob.py
[2026-04-08T14:22:26.822+0000] {processor.py:914} INFO - Processing file /opt/airflow/dags/Crawl_ETL_ITJob.py for tasks to queue
[2026-04-08T14:22:26.824+0000] {logging_mixin.py:190} INFO - [2026-04-08T14:22:26.824+0000] {dagbag.py:588} INFO - Filling up the DagBag from /opt/airflow/dags/Crawl_ETL_ITJob.py
[2026-04-08T14:22:26.848+0000] {processor.py:925} INFO - DAG(s) 'crawl_etl_itjob' retrieved from /opt/airflow/dags/Crawl_ETL_ITJob.py
[2026-04-08T14:22:26.892+0000] {logging_mixin.py:190} INFO - [2026-04-08T14:22:26.892+0000] {dag.py:3239} INFO - Sync 1 DAGs
[2026-04-08T14:22:26.929+0000] {logging_mixin.py:190} INFO - [2026-04-08T14:22:26.928+0000] {dag.py:4180} INFO - Setting next_dagrun for crawl_etl_itjob to 2026-04-08T02:00:00+00:00, run_after=2026-04-09T02:00:00+00:00
[2026-04-08T14:22:26.962+0000] {processor.py:208} INFO - Processing /opt/airflow/dags/Crawl_ETL_ITJob.py took 0.149 seconds
[2026-04-08T14:22:57.124+0000] {processor.py:186} INFO - Started process (PID=1232) to work on /opt/airflow/dags/Crawl_ETL_ITJob.py
[2026-04-08T14:22:57.125+0000] {processor.py:914} INFO - Processing file /opt/airflow/dags/Crawl_ETL_ITJob.py for tasks to queue
[2026-04-08T14:22:57.127+0000] {logging_mixin.py:190} INFO - [2026-04-08T14:22:57.127+0000] {dagbag.py:588} INFO - Filling up the DagBag from /opt/airflow/dags/Crawl_ETL_ITJob.py
[2026-04-08T14:22:57.152+0000] {processor.py:925} INFO - DAG(s) 'crawl_etl_itjob' retrieved from /opt/airflow/dags/Crawl_ETL_ITJob.py
[2026-04-08T14:22:57.203+0000] {logging_mixin.py:190} INFO - [2026-04-08T14:22:57.203+0000] {dag.py:3239} INFO - Sync 1 DAGs
[2026-04-08T14:22:57.256+0000] {logging_mixin.py:190} INFO - [2026-04-08T14:22:57.256+0000] {dag.py:4180} INFO - Setting next_dagrun for crawl_etl_itjob to 2026-04-08T02:00:00+00:00, run_after=2026-04-09T02:00:00+00:00
[2026-04-08T14:22:57.299+0000] {processor.py:208} INFO - Processing /opt/airflow/dags/Crawl_ETL_ITJob.py took 0.181 seconds
[2026-04-08T14:23:27.337+0000] {processor.py:186} INFO - Started process (PID=1236) to work on /opt/airflow/dags/Crawl_ETL_ITJob.py
[2026-04-08T14:23:27.338+0000] {processor.py:914} INFO - Processing file /opt/airflow/dags/Crawl_ETL_ITJob.py for tasks to queue
[2026-04-08T14:23:27.340+0000] {logging_mixin.py:190} INFO - [2026-04-08T14:23:27.340+0000] {dagbag.py:588} INFO - Filling up the DagBag from /opt/airflow/dags/Crawl_ETL_ITJob.py
[2026-04-08T14:23:27.364+0000] {processor.py:925} INFO - DAG(s) 'crawl_etl_itjob' retrieved from /opt/airflow/dags/Crawl_ETL_ITJob.py
[2026-04-08T14:23:27.421+0000] {logging_mixin.py:190} INFO - [2026-04-08T14:23:27.420+0000] {dag.py:3239} INFO - Sync 1 DAGs
[2026-04-08T14:23:27.464+0000] {logging_mixin.py:190} INFO - [2026-04-08T14:23:27.464+0000] {dag.py:4180} INFO - Setting next_dagrun for crawl_etl_itjob to 2026-04-08T02:00:00+00:00, run_after=2026-04-09T02:00:00+00:00
[2026-04-08T14:23:27.500+0000] {processor.py:208} INFO - Processing /opt/airflow/dags/Crawl_ETL_ITJob.py took 0.169 seconds
[2026-04-08T14:23:57.612+0000] {processor.py:186} INFO - Started process (PID=1240) to work on /opt/airflow/dags/Crawl_ETL_ITJob.py
[2026-04-08T14:23:57.613+0000] {processor.py:914} INFO - Processing file /opt/airflow/dags/Crawl_ETL_ITJob.py for tasks to queue
[2026-04-08T14:23:57.615+0000] {logging_mixin.py:190} INFO - [2026-04-08T14:23:57.615+0000] {dagbag.py:588} INFO - Filling up the DagBag from /opt/airflow/dags/Crawl_ETL_ITJob.py
[2026-04-08T14:23:57.643+0000] {processor.py:925} INFO - DAG(s) 'crawl_etl_itjob' retrieved from /opt/airflow/dags/Crawl_ETL_ITJob.py
[2026-04-08T14:23:57.700+0000] {logging_mixin.py:190} INFO - [2026-04-08T14:23:57.699+0000] {dag.py:3239} INFO - Sync 1 DAGs
[2026-04-08T14:23:57.783+0000] {logging_mixin.py:190} INFO - [2026-04-08T14:23:57.782+0000] {dag.py:4180} INFO - Setting next_dagrun for crawl_etl_itjob to 2026-04-08T02:00:00+00:00, run_after=2026-04-09T02:00:00+00:00
[2026-04-08T14:23:57.833+0000] {processor.py:208} INFO - Processing /opt/airflow/dags/Crawl_ETL_ITJob.py took 0.231 seconds
[2026-04-08T14:24:29.724+0000] {processor.py:186} INFO - Started process (PID=1244) to work on /opt/airflow/dags/Crawl_ETL_ITJob.py
[2026-04-08T14:24:29.725+0000] {processor.py:914} INFO - Processing file /opt/airflow/dags/Crawl_ETL_ITJob.py for tasks to queue
[2026-04-08T14:24:29.729+0000] {logging_mixin.py:190} INFO - [2026-04-08T14:24:29.727+0000] {dagbag.py:588} INFO - Filling up the DagBag from /opt/airflow/dags/Crawl_ETL_ITJob.py
[2026-04-08T14:24:29.763+0000] {processor.py:925} INFO - DAG(s) 'crawl_etl_itjob' retrieved from /opt/airflow/dags/Crawl_ETL_ITJob.py
[2026-04-08T14:24:29.819+0000] {logging_mixin.py:190} INFO - [2026-04-08T14:24:29.819+0000] {dag.py:3239} INFO - Sync 1 DAGs
[2026-04-08T14:24:29.913+0000] {processor.py:208} INFO - Processing /opt/airflow/dags/Crawl_ETL_ITJob.py took 0.200 seconds
[2026-04-08T14:25:02.087+0000] {processor.py:186} INFO - Started process (PID=1248) to work on /opt/airflow/dags/Crawl_ETL_ITJob.py
[2026-04-08T14:25:02.088+0000] {processor.py:914} INFO - Processing file /opt/airflow/dags/Crawl_ETL_ITJob.py for tasks to queue
[2026-04-08T14:25:02.091+0000] {logging_mixin.py:190} INFO - [2026-04-08T14:25:02.090+0000] {dagbag.py:588} INFO - Filling up the DagBag from /opt/airflow/dags/Crawl_ETL_ITJob.py
[2026-04-08T14:25:02.117+0000] {processor.py:925} INFO - DAG(s) 'crawl_etl_itjob' retrieved from /opt/airflow/dags/Crawl_ETL_ITJob.py
[2026-04-08T14:25:02.178+0000] {logging_mixin.py:190} INFO - [2026-04-08T14:25:02.177+0000] {dag.py:3239} INFO - Sync 1 DAGs
[2026-04-08T14:25:02.254+0000] {processor.py:208} INFO - Processing /opt/airflow/dags/Crawl_ETL_ITJob.py took 0.173 seconds
[2026-04-08T14:25:34.719+0000] {processor.py:186} INFO - Started process (PID=1252) to work on /opt/airflow/dags/Crawl_ETL_ITJob.py
[2026-04-08T14:25:34.723+0000] {processor.py:914} INFO - Processing file /opt/airflow/dags/Crawl_ETL_ITJob.py for tasks to queue
[2026-04-08T14:25:34.728+0000] {logging_mixin.py:190} INFO - [2026-04-08T14:25:34.727+0000] {dagbag.py:588} INFO - Filling up the DagBag from /opt/airflow/dags/Crawl_ETL_ITJob.py
[2026-04-08T14:25:34.837+0000] {processor.py:925} INFO - DAG(s) 'crawl_etl_itjob' retrieved from /opt/airflow/dags/Crawl_ETL_ITJob.py
[2026-04-08T14:25:35.012+0000] {logging_mixin.py:190} INFO - [2026-04-08T14:25:35.012+0000] {dag.py:3239} INFO - Sync 1 DAGs
[2026-04-08T14:25:35.222+0000] {processor.py:208} INFO - Processing /opt/airflow/dags/Crawl_ETL_ITJob.py took 0.543 seconds
[2026-04-08T14:26:07.909+0000] {processor.py:186} INFO - Started process (PID=1256) to work on /opt/airflow/dags/Crawl_ETL_ITJob.py
[2026-04-08T14:26:07.911+0000] {processor.py:914} INFO - Processing file /opt/airflow/dags/Crawl_ETL_ITJob.py for tasks to queue
[2026-04-08T14:26:07.915+0000] {logging_mixin.py:190} INFO - [2026-04-08T14:26:07.914+0000] {dagbag.py:588} INFO - Filling up the DagBag from /opt/airflow/dags/Crawl_ETL_ITJob.py
[2026-04-08T14:26:07.986+0000] {processor.py:925} INFO - DAG(s) 'crawl_etl_itjob' retrieved from /opt/airflow/dags/Crawl_ETL_ITJob.py
[2026-04-08T14:26:08.102+0000] {logging_mixin.py:190} INFO - [2026-04-08T14:26:08.102+0000] {dag.py:3239} INFO - Sync 1 DAGs
[2026-04-08T14:26:08.374+0000] {processor.py:208} INFO - Processing /opt/airflow/dags/Crawl_ETL_ITJob.py took 0.503 seconds
[2026-04-08T14:26:40.031+0000] {processor.py:186} INFO - Started process (PID=1260) to work on /opt/airflow/dags/Crawl_ETL_ITJob.py
[2026-04-08T14:26:40.034+0000] {processor.py:914} INFO - Processing file /opt/airflow/dags/Crawl_ETL_ITJob.py for tasks to queue
[2026-04-08T14:26:40.043+0000] {logging_mixin.py:190} INFO - [2026-04-08T14:26:40.042+0000] {dagbag.py:588} INFO - Filling up the DagBag from /opt/airflow/dags/Crawl_ETL_ITJob.py
[2026-04-08T14:26:40.357+0000] {processor.py:925} INFO - DAG(s) 'crawl_etl_itjob' retrieved from /opt/airflow/dags/Crawl_ETL_ITJob.py
[2026-04-08T14:26:40.474+0000] {logging_mixin.py:190} INFO - [2026-04-08T14:26:40.474+0000] {dag.py:3239} INFO - Sync 1 DAGs
[2026-04-08T14:26:40.570+0000] {processor.py:208} INFO - Processing /opt/airflow/dags/Crawl_ETL_ITJob.py took 0.565 seconds
[2026-04-08T14:27:13.025+0000] {processor.py:186} INFO - Started process (PID=1264) to work on /opt/airflow/dags/Crawl_ETL_ITJob.py
[2026-04-08T14:27:13.027+0000] {processor.py:914} INFO - Processing file /opt/airflow/dags/Crawl_ETL_ITJob.py for tasks to queue
[2026-04-08T14:27:13.033+0000] {logging_mixin.py:190} INFO - [2026-04-08T14:27:13.032+0000] {dagbag.py:588} INFO - Filling up the DagBag from /opt/airflow/dags/Crawl_ETL_ITJob.py
[2026-04-08T14:27:13.125+0000] {processor.py:925} INFO - DAG(s) 'crawl_etl_itjob' retrieved from /opt/airflow/dags/Crawl_ETL_ITJob.py
[2026-04-08T14:27:13.196+0000] {logging_mixin.py:190} INFO - [2026-04-08T14:27:13.196+0000] {dag.py:3239} INFO - Sync 1 DAGs
[2026-04-08T14:27:13.375+0000] {processor.py:208} INFO - Processing /opt/airflow/dags/Crawl_ETL_ITJob.py took 0.384 seconds
[2026-04-08T14:27:45.809+0000] {processor.py:186} INFO - Started process (PID=1268) to work on /opt/airflow/dags/Crawl_ETL_ITJob.py
[2026-04-08T14:27:45.810+0000] {processor.py:914} INFO - Processing file /opt/airflow/dags/Crawl_ETL_ITJob.py for tasks to queue
[2026-04-08T14:27:45.815+0000] {logging_mixin.py:190} INFO - [2026-04-08T14:27:45.815+0000] {dagbag.py:588} INFO - Filling up the DagBag from /opt/airflow/dags/Crawl_ETL_ITJob.py
[2026-04-08T14:27:45.839+0000] {processor.py:925} INFO - DAG(s) 'crawl_etl_itjob' retrieved from /opt/airflow/dags/Crawl_ETL_ITJob.py
[2026-04-08T14:27:45.894+0000] {logging_mixin.py:190} INFO - [2026-04-08T14:27:45.894+0000] {dag.py:3239} INFO - Sync 1 DAGs
[2026-04-08T14:27:45.940+0000] {logging_mixin.py:190} INFO - [2026-04-08T14:27:45.940+0000] {dag.py:4180} INFO - Setting next_dagrun for crawl_etl_itjob to 2026-04-08T02:00:00+00:00, run_after=2026-04-09T02:00:00+00:00
[2026-04-08T14:27:45.979+0000] {processor.py:208} INFO - Processing /opt/airflow/dags/Crawl_ETL_ITJob.py took 0.177 seconds
[2026-04-08T14:28:18.207+0000] {processor.py:186} INFO - Started process (PID=1272) to work on /opt/airflow/dags/Crawl_ETL_ITJob.py
[2026-04-08T14:28:18.208+0000] {processor.py:914} INFO - Processing file /opt/airflow/dags/Crawl_ETL_ITJob.py for tasks to queue
[2026-04-08T14:28:18.211+0000] {logging_mixin.py:190} INFO - [2026-04-08T14:28:18.210+0000] {dagbag.py:588} INFO - Filling up the DagBag from /opt/airflow/dags/Crawl_ETL_ITJob.py
[2026-04-08T14:28:18.254+0000] {processor.py:925} INFO - DAG(s) 'crawl_etl_itjob' retrieved from /opt/airflow/dags/Crawl_ETL_ITJob.py
[2026-04-08T14:28:18.303+0000] {logging_mixin.py:190} INFO - [2026-04-08T14:28:18.303+0000] {dag.py:3239} INFO - Sync 1 DAGs
[2026-04-08T14:28:18.344+0000] {logging_mixin.py:190} INFO - [2026-04-08T14:28:18.343+0000] {dag.py:4180} INFO - Setting next_dagrun for crawl_etl_itjob to 2026-04-08T02:00:00+00:00, run_after=2026-04-09T02:00:00+00:00
[2026-04-08T14:28:18.375+0000] {processor.py:208} INFO - Processing /opt/airflow/dags/Crawl_ETL_ITJob.py took 0.178 seconds
[2026-04-08T14:28:50.727+0000] {processor.py:186} INFO - Started process (PID=1276) to work on /opt/airflow/dags/Crawl_ETL_ITJob.py
[2026-04-08T14:28:50.728+0000] {processor.py:914} INFO - Processing file /opt/airflow/dags/Crawl_ETL_ITJob.py for tasks to queue
[2026-04-08T14:28:50.730+0000] {logging_mixin.py:190} INFO - [2026-04-08T14:28:50.729+0000] {dagbag.py:588} INFO - Filling up the DagBag from /opt/airflow/dags/Crawl_ETL_ITJob.py
[2026-04-08T14:28:50.750+0000] {processor.py:925} INFO - DAG(s) 'crawl_etl_itjob' retrieved from /opt/airflow/dags/Crawl_ETL_ITJob.py
[2026-04-08T14:28:50.797+0000] {logging_mixin.py:190} INFO - [2026-04-08T14:28:50.797+0000] {dag.py:3239} INFO - Sync 1 DAGs
[2026-04-08T14:28:50.835+0000] {logging_mixin.py:190} INFO - [2026-04-08T14:28:50.835+0000] {dag.py:4180} INFO - Setting next_dagrun for crawl_etl_itjob to 2026-04-08T02:00:00+00:00, run_after=2026-04-09T02:00:00+00:00
[2026-04-08T14:28:50.880+0000] {processor.py:208} INFO - Processing /opt/airflow/dags/Crawl_ETL_ITJob.py took 0.158 seconds
[2026-04-08T14:29:24.063+0000] {processor.py:186} INFO - Started process (PID=1280) to work on /opt/airflow/dags/Crawl_ETL_ITJob.py
[2026-04-08T14:29:24.064+0000] {processor.py:914} INFO - Processing file /opt/airflow/dags/Crawl_ETL_ITJob.py for tasks to queue
[2026-04-08T14:29:24.065+0000] {logging_mixin.py:190} INFO - [2026-04-08T14:29:24.065+0000] {dagbag.py:588} INFO - Filling up the DagBag from /opt/airflow/dags/Crawl_ETL_ITJob.py
[2026-04-08T14:29:24.096+0000] {processor.py:925} INFO - DAG(s) 'crawl_etl_itjob' retrieved from /opt/airflow/dags/Crawl_ETL_ITJob.py
[2026-04-08T14:29:24.168+0000] {logging_mixin.py:190} INFO - [2026-04-08T14:29:24.168+0000] {dag.py:3239} INFO - Sync 1 DAGs
[2026-04-08T14:29:24.223+0000] {logging_mixin.py:190} INFO - [2026-04-08T14:29:24.223+0000] {dag.py:4180} INFO - Setting next_dagrun for crawl_etl_itjob to 2026-04-08T02:00:00+00:00, run_after=2026-04-09T02:00:00+00:00
[2026-04-08T14:29:24.276+0000] {processor.py:208} INFO - Processing /opt/airflow/dags/Crawl_ETL_ITJob.py took 0.219 seconds
[2026-04-08T14:29:56.493+0000] {processor.py:186} INFO - Started process (PID=1284) to work on /opt/airflow/dags/Crawl_ETL_ITJob.py
[2026-04-08T14:29:56.493+0000] {processor.py:914} INFO - Processing file /opt/airflow/dags/Crawl_ETL_ITJob.py for tasks to queue
[2026-04-08T14:29:56.494+0000] {logging_mixin.py:190} INFO - [2026-04-08T14:29:56.494+0000] {dagbag.py:588} INFO - Filling up the DagBag from /opt/airflow/dags/Crawl_ETL_ITJob.py
[2026-04-08T14:29:56.513+0000] {processor.py:925} INFO - DAG(s) 'crawl_etl_itjob' retrieved from /opt/airflow/dags/Crawl_ETL_ITJob.py
[2026-04-08T14:29:56.567+0000] {logging_mixin.py:190} INFO - [2026-04-08T14:29:56.567+0000] {dag.py:3239} INFO - Sync 1 DAGs
[2026-04-08T14:29:56.627+0000] {logging_mixin.py:190} INFO - [2026-04-08T14:29:56.627+0000] {dag.py:4180} INFO - Setting next_dagrun for crawl_etl_itjob to 2026-04-08T02:00:00+00:00, run_after=2026-04-09T02:00:00+00:00
[2026-04-08T14:29:56.663+0000] {processor.py:208} INFO - Processing /opt/airflow/dags/Crawl_ETL_ITJob.py took 0.177 seconds
[2026-04-08T14:30:28.974+0000] {processor.py:186} INFO - Started process (PID=1288) to work on /opt/airflow/dags/Crawl_ETL_ITJob.py
[2026-04-08T14:30:28.976+0000] {processor.py:914} INFO - Processing file /opt/airflow/dags/Crawl_ETL_ITJob.py for tasks to queue
[2026-04-08T14:30:28.978+0000] {logging_mixin.py:190} INFO - [2026-04-08T14:30:28.978+0000] {dagbag.py:588} INFO - Filling up the DagBag from /opt/airflow/dags/Crawl_ETL_ITJob.py
[2026-04-08T14:30:29.021+0000] {processor.py:925} INFO - DAG(s) 'crawl_etl_itjob' retrieved from /opt/airflow/dags/Crawl_ETL_ITJob.py
[2026-04-08T14:30:29.083+0000] {logging_mixin.py:190} INFO - [2026-04-08T14:30:29.082+0000] {dag.py:3239} INFO - Sync 1 DAGs
[2026-04-08T14:30:29.197+0000] {processor.py:208} INFO - Processing /opt/airflow/dags/Crawl_ETL_ITJob.py took 0.241 seconds
[2026-04-08T14:31:02.499+0000] {processor.py:186} INFO - Started process (PID=1292) to work on /opt/airflow/dags/Crawl_ETL_ITJob.py
[2026-04-08T14:31:02.500+0000] {processor.py:914} INFO - Processing file /opt/airflow/dags/Crawl_ETL_ITJob.py for tasks to queue
[2026-04-08T14:31:02.501+0000] {logging_mixin.py:190} INFO - [2026-04-08T14:31:02.501+0000] {dagbag.py:588} INFO - Filling up the DagBag from /opt/airflow/dags/Crawl_ETL_ITJob.py
[2026-04-08T14:31:02.523+0000] {processor.py:925} INFO - DAG(s) 'crawl_etl_itjob' retrieved from /opt/airflow/dags/Crawl_ETL_ITJob.py
[2026-04-08T14:31:02.568+0000] {logging_mixin.py:190} INFO - [2026-04-08T14:31:02.568+0000] {dag.py:3239} INFO - Sync 1 DAGs
[2026-04-08T14:31:02.648+0000] {processor.py:208} INFO - Processing /opt/airflow/dags/Crawl_ETL_ITJob.py took 0.158 seconds
[2026-04-08T14:31:34.870+0000] {processor.py:186} INFO - Started process (PID=1296) to work on /opt/airflow/dags/Crawl_ETL_ITJob.py
[2026-04-08T14:31:34.870+0000] {processor.py:914} INFO - Processing file /opt/airflow/dags/Crawl_ETL_ITJob.py for tasks to queue
[2026-04-08T14:31:34.875+0000] {logging_mixin.py:190} INFO - [2026-04-08T14:31:34.875+0000] {dagbag.py:588} INFO - Filling up the DagBag from /opt/airflow/dags/Crawl_ETL_ITJob.py
[2026-04-08T14:31:34.901+0000] {processor.py:925} INFO - DAG(s) 'crawl_etl_itjob' retrieved from /opt/airflow/dags/Crawl_ETL_ITJob.py
[2026-04-08T14:31:34.991+0000] {logging_mixin.py:190} INFO - [2026-04-08T14:31:34.991+0000] {dag.py:3239} INFO - Sync 1 DAGs
[2026-04-08T14:31:35.145+0000] {processor.py:208} INFO - Processing /opt/airflow/dags/Crawl_ETL_ITJob.py took 0.282 seconds
[2026-04-08T14:32:07.491+0000] {processor.py:186} INFO - Started process (PID=1300) to work on /opt/airflow/dags/Crawl_ETL_ITJob.py
[2026-04-08T14:32:07.492+0000] {processor.py:914} INFO - Processing file /opt/airflow/dags/Crawl_ETL_ITJob.py for tasks to queue
[2026-04-08T14:32:07.494+0000] {logging_mixin.py:190} INFO - [2026-04-08T14:32:07.494+0000] {dagbag.py:588} INFO - Filling up the DagBag from /opt/airflow/dags/Crawl_ETL_ITJob.py
[2026-04-08T14:32:07.527+0000] {processor.py:925} INFO - DAG(s) 'crawl_etl_itjob' retrieved from /opt/airflow/dags/Crawl_ETL_ITJob.py
[2026-04-08T14:32:07.587+0000] {logging_mixin.py:190} INFO - [2026-04-08T14:32:07.586+0000] {dag.py:3239} INFO - Sync 1 DAGs
[2026-04-08T14:32:07.686+0000] {processor.py:208} INFO - Processing /opt/airflow/dags/Crawl_ETL_ITJob.py took 0.204 seconds
[2026-04-08T14:32:39.922+0000] {processor.py:186} INFO - Started process (PID=1304) to work on /opt/airflow/dags/Crawl_ETL_ITJob.py
[2026-04-08T14:32:39.923+0000] {processor.py:914} INFO - Processing file /opt/airflow/dags/Crawl_ETL_ITJob.py for tasks to queue
[2026-04-08T14:32:39.924+0000] {logging_mixin.py:190} INFO - [2026-04-08T14:32:39.924+0000] {dagbag.py:588} INFO - Filling up the DagBag from /opt/airflow/dags/Crawl_ETL_ITJob.py
[2026-04-08T14:32:39.949+0000] {processor.py:925} INFO - DAG(s) 'crawl_etl_itjob' retrieved from /opt/airflow/dags/Crawl_ETL_ITJob.py
[2026-04-08T14:32:40.011+0000] {logging_mixin.py:190} INFO - [2026-04-08T14:32:40.011+0000] {dag.py:3239} INFO - Sync 1 DAGs
[2026-04-08T14:32:40.148+0000] {processor.py:208} INFO - Processing /opt/airflow/dags/Crawl_ETL_ITJob.py took 0.234 seconds
[2026-04-08T14:33:12.565+0000] {processor.py:186} INFO - Started process (PID=1308) to work on /opt/airflow/dags/Crawl_ETL_ITJob.py
[2026-04-08T14:33:12.566+0000] {processor.py:914} INFO - Processing file /opt/airflow/dags/Crawl_ETL_ITJob.py for tasks to queue
[2026-04-08T14:33:12.572+0000] {logging_mixin.py:190} INFO - [2026-04-08T14:33:12.572+0000] {dagbag.py:588} INFO - Filling up the DagBag from /opt/airflow/dags/Crawl_ETL_ITJob.py
[2026-04-08T14:33:12.593+0000] {processor.py:925} INFO - DAG(s) 'crawl_etl_itjob' retrieved from /opt/airflow/dags/Crawl_ETL_ITJob.py
[2026-04-08T14:33:12.640+0000] {logging_mixin.py:190} INFO - [2026-04-08T14:33:12.640+0000] {dag.py:3239} INFO - Sync 1 DAGs
[2026-04-08T14:33:12.714+0000] {processor.py:208} INFO - Processing /opt/airflow/dags/Crawl_ETL_ITJob.py took 0.156 seconds
[2026-04-08T14:33:45.966+0000] {processor.py:186} INFO - Started process (PID=1312) to work on /opt/airflow/dags/Crawl_ETL_ITJob.py
[2026-04-08T14:33:45.967+0000] {processor.py:914} INFO - Processing file /opt/airflow/dags/Crawl_ETL_ITJob.py for tasks to queue
[2026-04-08T14:33:45.969+0000] {logging_mixin.py:190} INFO - [2026-04-08T14:33:45.968+0000] {dagbag.py:588} INFO - Filling up the DagBag from /opt/airflow/dags/Crawl_ETL_ITJob.py
[2026-04-08T14:33:45.991+0000] {processor.py:925} INFO - DAG(s) 'crawl_etl_itjob' retrieved from /opt/airflow/dags/Crawl_ETL_ITJob.py
[2026-04-08T14:33:46.038+0000] {logging_mixin.py:190} INFO - [2026-04-08T14:33:46.038+0000] {dag.py:3239} INFO - Sync 1 DAGs
[2026-04-08T14:33:46.134+0000] {processor.py:208} INFO - Processing /opt/airflow/dags/Crawl_ETL_ITJob.py took 0.174 seconds
[2026-04-08T14:34:18.386+0000] {processor.py:186} INFO - Started process (PID=1316) to work on /opt/airflow/dags/Crawl_ETL_ITJob.py
[2026-04-08T14:34:18.387+0000] {processor.py:914} INFO - Processing file /opt/airflow/dags/Crawl_ETL_ITJob.py for tasks to queue
[2026-04-08T14:34:18.388+0000] {logging_mixin.py:190} INFO - [2026-04-08T14:34:18.388+0000] {dagbag.py:588} INFO - Filling up the DagBag from /opt/airflow/dags/Crawl_ETL_ITJob.py
[2026-04-08T14:34:18.432+0000] {processor.py:925} INFO - DAG(s) 'crawl_etl_itjob' retrieved from /opt/airflow/dags/Crawl_ETL_ITJob.py
[2026-04-08T14:34:18.495+0000] {logging_mixin.py:190} INFO - [2026-04-08T14:34:18.495+0000] {dag.py:3239} INFO - Sync 1 DAGs
[2026-04-08T14:34:18.598+0000] {processor.py:208} INFO - Processing /opt/airflow/dags/Crawl_ETL_ITJob.py took 0.220 seconds
[2026-04-08T14:34:50.902+0000] {processor.py:186} INFO - Started process (PID=1320) to work on /opt/airflow/dags/Crawl_ETL_ITJob.py
[2026-04-08T14:34:50.903+0000] {processor.py:914} INFO - Processing file /opt/airflow/dags/Crawl_ETL_ITJob.py for tasks to queue
[2026-04-08T14:34:50.906+0000] {logging_mixin.py:190} INFO - [2026-04-08T14:34:50.906+0000] {dagbag.py:588} INFO - Filling up the DagBag from /opt/airflow/dags/Crawl_ETL_ITJob.py
[2026-04-08T14:34:50.942+0000] {processor.py:925} INFO - DAG(s) 'crawl_etl_itjob' retrieved from /opt/airflow/dags/Crawl_ETL_ITJob.py
[2026-04-08T14:34:51.009+0000] {logging_mixin.py:190} INFO - [2026-04-08T14:34:51.008+0000] {dag.py:3239} INFO - Sync 1 DAGs
[2026-04-08T14:34:51.083+0000] {processor.py:208} INFO - Processing /opt/airflow/dags/Crawl_ETL_ITJob.py took 0.191 seconds
[2026-04-08T14:35:24.314+0000] {processor.py:186} INFO - Started process (PID=1324) to work on /opt/airflow/dags/Crawl_ETL_ITJob.py
[2026-04-08T14:35:24.317+0000] {processor.py:914} INFO - Processing file /opt/airflow/dags/Crawl_ETL_ITJob.py for tasks to queue
[2026-04-08T14:35:24.319+0000] {logging_mixin.py:190} INFO - [2026-04-08T14:35:24.318+0000] {dagbag.py:588} INFO - Filling up the DagBag from /opt/airflow/dags/Crawl_ETL_ITJob.py
[2026-04-08T14:35:24.341+0000] {processor.py:925} INFO - DAG(s) 'crawl_etl_itjob' retrieved from /opt/airflow/dags/Crawl_ETL_ITJob.py
[2026-04-08T14:35:24.388+0000] {logging_mixin.py:190} INFO - [2026-04-08T14:35:24.388+0000] {dag.py:3239} INFO - Sync 1 DAGs
[2026-04-08T14:35:24.459+0000] {processor.py:208} INFO - Processing /opt/airflow/dags/Crawl_ETL_ITJob.py took 0.152 seconds
[2026-04-08T14:35:56.650+0000] {processor.py:186} INFO - Started process (PID=1328) to work on /opt/airflow/dags/Crawl_ETL_ITJob.py
[2026-04-08T14:35:56.651+0000] {processor.py:914} INFO - Processing file /opt/airflow/dags/Crawl_ETL_ITJob.py for tasks to queue
[2026-04-08T14:35:56.652+0000] {logging_mixin.py:190} INFO - [2026-04-08T14:35:56.652+0000] {dagbag.py:588} INFO - Filling up the DagBag from /opt/airflow/dags/Crawl_ETL_ITJob.py
[2026-04-08T14:35:56.676+0000] {processor.py:925} INFO - DAG(s) 'crawl_etl_itjob' retrieved from /opt/airflow/dags/Crawl_ETL_ITJob.py
[2026-04-08T14:35:56.726+0000] {logging_mixin.py:190} INFO - [2026-04-08T14:35:56.725+0000] {dag.py:3239} INFO - Sync 1 DAGs
[2026-04-08T14:35:56.810+0000] {processor.py:208} INFO - Processing /opt/airflow/dags/Crawl_ETL_ITJob.py took 0.167 seconds
[2026-04-08T14:36:29.241+0000] {processor.py:186} INFO - Started process (PID=1332) to work on /opt/airflow/dags/Crawl_ETL_ITJob.py
[2026-04-08T14:36:29.242+0000] {processor.py:914} INFO - Processing file /opt/airflow/dags/Crawl_ETL_ITJob.py for tasks to queue
[2026-04-08T14:36:29.246+0000] {logging_mixin.py:190} INFO - [2026-04-08T14:36:29.246+0000] {dagbag.py:588} INFO - Filling up the DagBag from /opt/airflow/dags/Crawl_ETL_ITJob.py
[2026-04-08T14:36:29.286+0000] {processor.py:925} INFO - DAG(s) 'crawl_etl_itjob' retrieved from /opt/airflow/dags/Crawl_ETL_ITJob.py
[2026-04-08T14:36:29.360+0000] {logging_mixin.py:190} INFO - [2026-04-08T14:36:29.360+0000] {dag.py:3239} INFO - Sync 1 DAGs
[2026-04-08T14:36:29.451+0000] {processor.py:208} INFO - Processing /opt/airflow/dags/Crawl_ETL_ITJob.py took 0.225 seconds
[2026-04-08T14:37:02.650+0000] {processor.py:186} INFO - Started process (PID=1336) to work on /opt/airflow/dags/Crawl_ETL_ITJob.py
[2026-04-08T14:37:02.652+0000] {processor.py:914} INFO - Processing file /opt/airflow/dags/Crawl_ETL_ITJob.py for tasks to queue
[2026-04-08T14:37:02.654+0000] {logging_mixin.py:190} INFO - [2026-04-08T14:37:02.654+0000] {dagbag.py:588} INFO - Filling up the DagBag from /opt/airflow/dags/Crawl_ETL_ITJob.py
[2026-04-08T14:37:02.692+0000] {processor.py:925} INFO - DAG(s) 'crawl_etl_itjob' retrieved from /opt/airflow/dags/Crawl_ETL_ITJob.py
[2026-04-08T14:37:02.778+0000] {logging_mixin.py:190} INFO - [2026-04-08T14:37:02.777+0000] {dag.py:3239} INFO - Sync 1 DAGs
[2026-04-08T14:37:02.893+0000] {processor.py:208} INFO - Processing /opt/airflow/dags/Crawl_ETL_ITJob.py took 0.254 seconds
[2026-04-08T14:37:34.456+0000] {processor.py:186} INFO - Started process (PID=1340) to work on /opt/airflow/dags/Crawl_ETL_ITJob.py
[2026-04-08T14:37:34.457+0000] {processor.py:914} INFO - Processing file /opt/airflow/dags/Crawl_ETL_ITJob.py for tasks to queue
[2026-04-08T14:37:34.460+0000] {logging_mixin.py:190} INFO - [2026-04-08T14:37:34.459+0000] {dagbag.py:588} INFO - Filling up the DagBag from /opt/airflow/dags/Crawl_ETL_ITJob.py
[2026-04-08T14:37:34.491+0000] {processor.py:925} INFO - DAG(s) 'crawl_etl_itjob' retrieved from /opt/airflow/dags/Crawl_ETL_ITJob.py
[2026-04-08T14:37:34.549+0000] {logging_mixin.py:190} INFO - [2026-04-08T14:37:34.548+0000] {dag.py:3239} INFO - Sync 1 DAGs
[2026-04-08T14:37:34.657+0000] {processor.py:208} INFO - Processing /opt/airflow/dags/Crawl_ETL_ITJob.py took 0.209 seconds
[2026-04-08T14:38:07.440+0000] {processor.py:186} INFO - Started process (PID=1344) to work on /opt/airflow/dags/Crawl_ETL_ITJob.py
[2026-04-08T14:38:07.442+0000] {processor.py:914} INFO - Processing file /opt/airflow/dags/Crawl_ETL_ITJob.py for tasks to queue
[2026-04-08T14:38:07.452+0000] {logging_mixin.py:190} INFO - [2026-04-08T14:38:07.451+0000] {dagbag.py:588} INFO - Filling up the DagBag from /opt/airflow/dags/Crawl_ETL_ITJob.py
[2026-04-08T14:38:07.556+0000] {processor.py:925} INFO - DAG(s) 'crawl_etl_itjob' retrieved from /opt/airflow/dags/Crawl_ETL_ITJob.py
[2026-04-08T14:38:07.687+0000] {logging_mixin.py:190} INFO - [2026-04-08T14:38:07.686+0000] {dag.py:3239} INFO - Sync 1 DAGs
[2026-04-08T14:38:07.848+0000] {processor.py:208} INFO - Processing /opt/airflow/dags/Crawl_ETL_ITJob.py took 0.435 seconds
[2026-04-08T14:38:40.112+0000] {processor.py:186} INFO - Started process (PID=1348) to work on /opt/airflow/dags/Crawl_ETL_ITJob.py
[2026-04-08T14:38:40.112+0000] {processor.py:914} INFO - Processing file /opt/airflow/dags/Crawl_ETL_ITJob.py for tasks to queue
[2026-04-08T14:38:40.114+0000] {logging_mixin.py:190} INFO - [2026-04-08T14:38:40.114+0000] {dagbag.py:588} INFO - Filling up the DagBag from /opt/airflow/dags/Crawl_ETL_ITJob.py
[2026-04-08T14:38:40.139+0000] {processor.py:925} INFO - DAG(s) 'crawl_etl_itjob' retrieved from /opt/airflow/dags/Crawl_ETL_ITJob.py
[2026-04-08T14:38:40.186+0000] {logging_mixin.py:190} INFO - [2026-04-08T14:38:40.186+0000] {dag.py:3239} INFO - Sync 1 DAGs
[2026-04-08T14:38:40.267+0000] {processor.py:208} INFO - Processing /opt/airflow/dags/Crawl_ETL_ITJob.py took 0.162 seconds
[2026-04-08T14:39:12.660+0000] {processor.py:186} INFO - Started process (PID=1352) to work on /opt/airflow/dags/Crawl_ETL_ITJob.py
[2026-04-08T14:39:12.661+0000] {processor.py:914} INFO - Processing file /opt/airflow/dags/Crawl_ETL_ITJob.py for tasks to queue
[2026-04-08T14:39:12.664+0000] {logging_mixin.py:190} INFO - [2026-04-08T14:39:12.664+0000] {dagbag.py:588} INFO - Filling up the DagBag from /opt/airflow/dags/Crawl_ETL_ITJob.py
[2026-04-08T14:39:12.719+0000] {processor.py:925} INFO - DAG(s) 'crawl_etl_itjob' retrieved from /opt/airflow/dags/Crawl_ETL_ITJob.py
[2026-04-08T14:39:12.806+0000] {logging_mixin.py:190} INFO - [2026-04-08T14:39:12.806+0000] {dag.py:3239} INFO - Sync 1 DAGs
[2026-04-08T14:39:12.921+0000] {processor.py:208} INFO - Processing /opt/airflow/dags/Crawl_ETL_ITJob.py took 0.272 seconds
[2026-04-08T14:39:45.496+0000] {processor.py:186} INFO - Started process (PID=1356) to work on /opt/airflow/dags/Crawl_ETL_ITJob.py
[2026-04-08T14:39:45.499+0000] {processor.py:914} INFO - Processing file /opt/airflow/dags/Crawl_ETL_ITJob.py for tasks to queue
[2026-04-08T14:39:45.502+0000] {logging_mixin.py:190} INFO - [2026-04-08T14:39:45.502+0000] {dagbag.py:588} INFO - Filling up the DagBag from /opt/airflow/dags/Crawl_ETL_ITJob.py
[2026-04-08T14:39:45.541+0000] {processor.py:925} INFO - DAG(s) 'crawl_etl_itjob' retrieved from /opt/airflow/dags/Crawl_ETL_ITJob.py
[2026-04-08T14:39:45.637+0000] {logging_mixin.py:190} INFO - [2026-04-08T14:39:45.637+0000] {dag.py:3239} INFO - Sync 1 DAGs
[2026-04-08T14:39:45.742+0000] {processor.py:208} INFO - Processing /opt/airflow/dags/Crawl_ETL_ITJob.py took 0.256 seconds
[2026-04-08T14:40:18.179+0000] {processor.py:186} INFO - Started process (PID=1360) to work on /opt/airflow/dags/Crawl_ETL_ITJob.py
[2026-04-08T14:40:18.180+0000] {processor.py:914} INFO - Processing file /opt/airflow/dags/Crawl_ETL_ITJob.py for tasks to queue
[2026-04-08T14:40:18.181+0000] {logging_mixin.py:190} INFO - [2026-04-08T14:40:18.181+0000] {dagbag.py:588} INFO - Filling up the DagBag from /opt/airflow/dags/Crawl_ETL_ITJob.py
[2026-04-08T14:40:18.206+0000] {processor.py:925} INFO - DAG(s) 'crawl_etl_itjob' retrieved from /opt/airflow/dags/Crawl_ETL_ITJob.py
[2026-04-08T14:40:18.280+0000] {logging_mixin.py:190} INFO - [2026-04-08T14:40:18.280+0000] {dag.py:3239} INFO - Sync 1 DAGs
[2026-04-08T14:40:18.362+0000] {processor.py:208} INFO - Processing /opt/airflow/dags/Crawl_ETL_ITJob.py took 0.189 seconds
[2026-04-08T14:40:50.851+0000] {processor.py:186} INFO - Started process (PID=1364) to work on /opt/airflow/dags/Crawl_ETL_ITJob.py
[2026-04-08T14:40:50.852+0000] {processor.py:914} INFO - Processing file /opt/airflow/dags/Crawl_ETL_ITJob.py for tasks to queue
[2026-04-08T14:40:50.853+0000] {logging_mixin.py:190} INFO - [2026-04-08T14:40:50.853+0000] {dagbag.py:588} INFO - Filling up the DagBag from /opt/airflow/dags/Crawl_ETL_ITJob.py
[2026-04-08T14:40:50.878+0000] {processor.py:925} INFO - DAG(s) 'crawl_etl_itjob' retrieved from /opt/airflow/dags/Crawl_ETL_ITJob.py
[2026-04-08T14:40:50.928+0000] {logging_mixin.py:190} INFO - [2026-04-08T14:40:50.928+0000] {dag.py:3239} INFO - Sync 1 DAGs
[2026-04-08T14:40:51.027+0000] {processor.py:208} INFO - Processing /opt/airflow/dags/Crawl_ETL_ITJob.py took 0.184 seconds
[2026-04-08T14:41:24.315+0000] {processor.py:186} INFO - Started process (PID=1368) to work on /opt/airflow/dags/Crawl_ETL_ITJob.py
[2026-04-08T14:41:24.316+0000] {processor.py:914} INFO - Processing file /opt/airflow/dags/Crawl_ETL_ITJob.py for tasks to queue
[2026-04-08T14:41:24.325+0000] {logging_mixin.py:190} INFO - [2026-04-08T14:41:24.325+0000] {dagbag.py:588} INFO - Filling up the DagBag from /opt/airflow/dags/Crawl_ETL_ITJob.py
[2026-04-08T14:41:24.351+0000] {processor.py:925} INFO - DAG(s) 'crawl_etl_itjob' retrieved from /opt/airflow/dags/Crawl_ETL_ITJob.py
[2026-04-08T14:41:24.407+0000] {logging_mixin.py:190} INFO - [2026-04-08T14:41:24.407+0000] {dag.py:3239} INFO - Sync 1 DAGs
[2026-04-08T14:41:24.495+0000] {processor.py:208} INFO - Processing /opt/airflow/dags/Crawl_ETL_ITJob.py took 0.189 seconds
[2026-04-08T14:41:56.786+0000] {processor.py:186} INFO - Started process (PID=1372) to work on /opt/airflow/dags/Crawl_ETL_ITJob.py
[2026-04-08T14:41:56.787+0000] {processor.py:914} INFO - Processing file /opt/airflow/dags/Crawl_ETL_ITJob.py for tasks to queue
[2026-04-08T14:41:56.788+0000] {logging_mixin.py:190} INFO - [2026-04-08T14:41:56.788+0000] {dagbag.py:588} INFO - Filling up the DagBag from /opt/airflow/dags/Crawl_ETL_ITJob.py
[2026-04-08T14:41:56.813+0000] {processor.py:925} INFO - DAG(s) 'crawl_etl_itjob' retrieved from /opt/airflow/dags/Crawl_ETL_ITJob.py
[2026-04-08T14:41:56.871+0000] {logging_mixin.py:190} INFO - [2026-04-08T14:41:56.870+0000] {dag.py:3239} INFO - Sync 1 DAGs
[2026-04-08T14:41:56.960+0000] {processor.py:208} INFO - Processing /opt/airflow/dags/Crawl_ETL_ITJob.py took 0.181 seconds
[2026-04-08T14:42:29.308+0000] {processor.py:186} INFO - Started process (PID=1376) to work on /opt/airflow/dags/Crawl_ETL_ITJob.py
[2026-04-08T14:42:29.309+0000] {processor.py:914} INFO - Processing file /opt/airflow/dags/Crawl_ETL_ITJob.py for tasks to queue
[2026-04-08T14:42:29.310+0000] {logging_mixin.py:190} INFO - [2026-04-08T14:42:29.310+0000] {dagbag.py:588} INFO - Filling up the DagBag from /opt/airflow/dags/Crawl_ETL_ITJob.py
[2026-04-08T14:42:29.339+0000] {processor.py:925} INFO - DAG(s) 'crawl_etl_itjob' retrieved from /opt/airflow/dags/Crawl_ETL_ITJob.py
[2026-04-08T14:42:29.394+0000] {logging_mixin.py:190} INFO - [2026-04-08T14:42:29.393+0000] {dag.py:3239} INFO - Sync 1 DAGs
[2026-04-08T14:42:29.469+0000] {processor.py:208} INFO - Processing /opt/airflow/dags/Crawl_ETL_ITJob.py took 0.170 seconds
[2026-04-08T14:43:02.640+0000] {processor.py:186} INFO - Started process (PID=1380) to work on /opt/airflow/dags/Crawl_ETL_ITJob.py
[2026-04-08T14:43:02.641+0000] {processor.py:914} INFO - Processing file /opt/airflow/dags/Crawl_ETL_ITJob.py for tasks to queue
[2026-04-08T14:43:02.643+0000] {logging_mixin.py:190} INFO - [2026-04-08T14:43:02.642+0000] {dagbag.py:588} INFO - Filling up the DagBag from /opt/airflow/dags/Crawl_ETL_ITJob.py
[2026-04-08T14:43:02.665+0000] {processor.py:925} INFO - DAG(s) 'crawl_etl_itjob' retrieved from /opt/airflow/dags/Crawl_ETL_ITJob.py
[2026-04-08T14:43:02.716+0000] {logging_mixin.py:190} INFO - [2026-04-08T14:43:02.715+0000] {dag.py:3239} INFO - Sync 1 DAGs
[2026-04-08T14:43:02.784+0000] {processor.py:208} INFO - Processing /opt/airflow/dags/Crawl_ETL_ITJob.py took 0.150 seconds
[2026-04-08T14:43:35.117+0000] {processor.py:186} INFO - Started process (PID=1384) to work on /opt/airflow/dags/Crawl_ETL_ITJob.py
[2026-04-08T14:43:35.117+0000] {processor.py:914} INFO - Processing file /opt/airflow/dags/Crawl_ETL_ITJob.py for tasks to queue
[2026-04-08T14:43:35.119+0000] {logging_mixin.py:190} INFO - [2026-04-08T14:43:35.119+0000] {dagbag.py:588} INFO - Filling up the DagBag from /opt/airflow/dags/Crawl_ETL_ITJob.py
[2026-04-08T14:43:35.144+0000] {processor.py:925} INFO - DAG(s) 'crawl_etl_itjob' retrieved from /opt/airflow/dags/Crawl_ETL_ITJob.py
[2026-04-08T14:43:35.193+0000] {logging_mixin.py:190} INFO - [2026-04-08T14:43:35.193+0000] {dag.py:3239} INFO - Sync 1 DAGs
[2026-04-08T14:43:35.266+0000] {processor.py:208} INFO - Processing /opt/airflow/dags/Crawl_ETL_ITJob.py took 0.156 seconds
[2026-04-08T14:44:07.531+0000] {processor.py:186} INFO - Started process (PID=1388) to work on /opt/airflow/dags/Crawl_ETL_ITJob.py
[2026-04-08T14:44:07.532+0000] {processor.py:914} INFO - Processing file /opt/airflow/dags/Crawl_ETL_ITJob.py for tasks to queue
[2026-04-08T14:44:07.534+0000] {logging_mixin.py:190} INFO - [2026-04-08T14:44:07.533+0000] {dagbag.py:588} INFO - Filling up the DagBag from /opt/airflow/dags/Crawl_ETL_ITJob.py
[2026-04-08T14:44:07.557+0000] {processor.py:925} INFO - DAG(s) 'crawl_etl_itjob' retrieved from /opt/airflow/dags/Crawl_ETL_ITJob.py
[2026-04-08T14:44:07.606+0000] {logging_mixin.py:190} INFO - [2026-04-08T14:44:07.605+0000] {dag.py:3239} INFO - Sync 1 DAGs
[2026-04-08T14:44:07.692+0000] {processor.py:208} INFO - Processing /opt/airflow/dags/Crawl_ETL_ITJob.py took 0.168 seconds
[2026-04-08T14:44:40.106+0000] {processor.py:186} INFO - Started process (PID=1392) to work on /opt/airflow/dags/Crawl_ETL_ITJob.py
[2026-04-08T14:44:40.107+0000] {processor.py:914} INFO - Processing file /opt/airflow/dags/Crawl_ETL_ITJob.py for tasks to queue
[2026-04-08T14:44:40.110+0000] {logging_mixin.py:190} INFO - [2026-04-08T14:44:40.109+0000] {dagbag.py:588} INFO - Filling up the DagBag from /opt/airflow/dags/Crawl_ETL_ITJob.py
[2026-04-08T14:44:40.140+0000] {processor.py:925} INFO - DAG(s) 'crawl_etl_itjob' retrieved from /opt/airflow/dags/Crawl_ETL_ITJob.py
[2026-04-08T14:44:40.196+0000] {logging_mixin.py:190} INFO - [2026-04-08T14:44:40.195+0000] {dag.py:3239} INFO - Sync 1 DAGs
[2026-04-08T14:44:40.277+0000] {processor.py:208} INFO - Processing /opt/airflow/dags/Crawl_ETL_ITJob.py took 0.182 seconds
[2026-04-08T14:45:13.519+0000] {processor.py:186} INFO - Started process (PID=1396) to work on /opt/airflow/dags/Crawl_ETL_ITJob.py
[2026-04-08T14:45:13.520+0000] {processor.py:914} INFO - Processing file /opt/airflow/dags/Crawl_ETL_ITJob.py for tasks to queue
[2026-04-08T14:45:13.523+0000] {logging_mixin.py:190} INFO - [2026-04-08T14:45:13.522+0000] {dagbag.py:588} INFO - Filling up the DagBag from /opt/airflow/dags/Crawl_ETL_ITJob.py
[2026-04-08T14:45:13.552+0000] {processor.py:925} INFO - DAG(s) 'crawl_etl_itjob' retrieved from /opt/airflow/dags/Crawl_ETL_ITJob.py
[2026-04-08T14:45:13.625+0000] {logging_mixin.py:190} INFO - [2026-04-08T14:45:13.625+0000] {dag.py:3239} INFO - Sync 1 DAGs
[2026-04-08T14:45:13.712+0000] {processor.py:208} INFO - Processing /opt/airflow/dags/Crawl_ETL_ITJob.py took 0.200 seconds
[2026-04-08T14:45:46.150+0000] {processor.py:186} INFO - Started process (PID=1400) to work on /opt/airflow/dags/Crawl_ETL_ITJob.py
[2026-04-08T14:45:46.151+0000] {processor.py:914} INFO - Processing file /opt/airflow/dags/Crawl_ETL_ITJob.py for tasks to queue
[2026-04-08T14:45:46.153+0000] {logging_mixin.py:190} INFO - [2026-04-08T14:45:46.153+0000] {dagbag.py:588} INFO - Filling up the DagBag from /opt/airflow/dags/Crawl_ETL_ITJob.py
[2026-04-08T14:45:46.196+0000] {processor.py:925} INFO - DAG(s) 'crawl_etl_itjob' retrieved from /opt/airflow/dags/Crawl_ETL_ITJob.py
[2026-04-08T14:45:46.263+0000] {logging_mixin.py:190} INFO - [2026-04-08T14:45:46.263+0000] {dag.py:3239} INFO - Sync 1 DAGs
[2026-04-08T14:45:46.339+0000] {processor.py:208} INFO - Processing /opt/airflow/dags/Crawl_ETL_ITJob.py took 0.198 seconds
[2026-04-08T14:46:18.638+0000] {processor.py:186} INFO - Started process (PID=1404) to work on /opt/airflow/dags/Crawl_ETL_ITJob.py
[2026-04-08T14:46:18.639+0000] {processor.py:914} INFO - Processing file /opt/airflow/dags/Crawl_ETL_ITJob.py for tasks to queue
[2026-04-08T14:46:18.641+0000] {logging_mixin.py:190} INFO - [2026-04-08T14:46:18.641+0000] {dagbag.py:588} INFO - Filling up the DagBag from /opt/airflow/dags/Crawl_ETL_ITJob.py
[2026-04-08T14:46:18.690+0000] {processor.py:925} INFO - DAG(s) 'crawl_etl_itjob' retrieved from /opt/airflow/dags/Crawl_ETL_ITJob.py
[2026-04-08T14:46:18.777+0000] {logging_mixin.py:190} INFO - [2026-04-08T14:46:18.777+0000] {dag.py:3239} INFO - Sync 1 DAGs
[2026-04-08T14:46:18.902+0000] {processor.py:208} INFO - Processing /opt/airflow/dags/Crawl_ETL_ITJob.py took 0.277 seconds
[2026-04-08T14:46:51.294+0000] {processor.py:186} INFO - Started process (PID=1408) to work on /opt/airflow/dags/Crawl_ETL_ITJob.py
[2026-04-08T14:46:51.295+0000] {processor.py:914} INFO - Processing file /opt/airflow/dags/Crawl_ETL_ITJob.py for tasks to queue
[2026-04-08T14:46:51.299+0000] {logging_mixin.py:190} INFO - [2026-04-08T14:46:51.298+0000] {dagbag.py:588} INFO - Filling up the DagBag from /opt/airflow/dags/Crawl_ETL_ITJob.py
[2026-04-08T14:46:51.350+0000] {processor.py:925} INFO - DAG(s) 'crawl_etl_itjob' retrieved from /opt/airflow/dags/Crawl_ETL_ITJob.py
[2026-04-08T14:46:51.398+0000] {logging_mixin.py:190} INFO - [2026-04-08T14:46:51.398+0000] {dag.py:3239} INFO - Sync 1 DAGs
[2026-04-08T14:46:51.479+0000] {processor.py:208} INFO - Processing /opt/airflow/dags/Crawl_ETL_ITJob.py took 0.194 seconds
[2026-04-08T14:47:23.757+0000] {processor.py:186} INFO - Started process (PID=1412) to work on /opt/airflow/dags/Crawl_ETL_ITJob.py
[2026-04-08T14:47:23.758+0000] {processor.py:914} INFO - Processing file /opt/airflow/dags/Crawl_ETL_ITJob.py for tasks to queue
[2026-04-08T14:47:23.759+0000] {logging_mixin.py:190} INFO - [2026-04-08T14:47:23.759+0000] {dagbag.py:588} INFO - Filling up the DagBag from /opt/airflow/dags/Crawl_ETL_ITJob.py
[2026-04-08T14:47:23.794+0000] {processor.py:925} INFO - DAG(s) 'crawl_etl_itjob' retrieved from /opt/airflow/dags/Crawl_ETL_ITJob.py
[2026-04-08T14:47:23.856+0000] {logging_mixin.py:190} INFO - [2026-04-08T14:47:23.855+0000] {dag.py:3239} INFO - Sync 1 DAGs
[2026-04-08T14:47:23.932+0000] {processor.py:208} INFO - Processing /opt/airflow/dags/Crawl_ETL_ITJob.py took 0.182 seconds
[2026-04-08T14:47:56.374+0000] {processor.py:186} INFO - Started process (PID=1416) to work on /opt/airflow/dags/Crawl_ETL_ITJob.py
[2026-04-08T14:47:56.374+0000] {processor.py:914} INFO - Processing file /opt/airflow/dags/Crawl_ETL_ITJob.py for tasks to queue
[2026-04-08T14:47:56.376+0000] {logging_mixin.py:190} INFO - [2026-04-08T14:47:56.375+0000] {dagbag.py:588} INFO - Filling up the DagBag from /opt/airflow/dags/Crawl_ETL_ITJob.py
[2026-04-08T14:47:56.398+0000] {processor.py:925} INFO - DAG(s) 'crawl_etl_itjob' retrieved from /opt/airflow/dags/Crawl_ETL_ITJob.py
[2026-04-08T14:47:56.451+0000] {logging_mixin.py:190} INFO - [2026-04-08T14:47:56.451+0000] {dag.py:3239} INFO - Sync 1 DAGs
[2026-04-08T14:47:56.526+0000] {processor.py:208} INFO - Processing /opt/airflow/dags/Crawl_ETL_ITJob.py took 0.159 seconds
[2026-04-08T14:48:29.748+0000] {processor.py:186} INFO - Started process (PID=1420) to work on /opt/airflow/dags/Crawl_ETL_ITJob.py
[2026-04-08T14:48:29.749+0000] {processor.py:914} INFO - Processing file /opt/airflow/dags/Crawl_ETL_ITJob.py for tasks to queue
[2026-04-08T14:48:29.750+0000] {logging_mixin.py:190} INFO - [2026-04-08T14:48:29.750+0000] {dagbag.py:588} INFO - Filling up the DagBag from /opt/airflow/dags/Crawl_ETL_ITJob.py
[2026-04-08T14:48:29.773+0000] {processor.py:925} INFO - DAG(s) 'crawl_etl_itjob' retrieved from /opt/airflow/dags/Crawl_ETL_ITJob.py
[2026-04-08T14:48:29.820+0000] {logging_mixin.py:190} INFO - [2026-04-08T14:48:29.820+0000] {dag.py:3239} INFO - Sync 1 DAGs
[2026-04-08T14:48:29.914+0000] {processor.py:208} INFO - Processing /opt/airflow/dags/Crawl_ETL_ITJob.py took 0.174 seconds
[2026-04-08T14:49:02.214+0000] {processor.py:186} INFO - Started process (PID=1424) to work on /opt/airflow/dags/Crawl_ETL_ITJob.py
[2026-04-08T14:49:02.215+0000] {processor.py:914} INFO - Processing file /opt/airflow/dags/Crawl_ETL_ITJob.py for tasks to queue
[2026-04-08T14:49:02.220+0000] {logging_mixin.py:190} INFO - [2026-04-08T14:49:02.219+0000] {dagbag.py:588} INFO - Filling up the DagBag from /opt/airflow/dags/Crawl_ETL_ITJob.py
[2026-04-08T14:49:02.243+0000] {processor.py:925} INFO - DAG(s) 'crawl_etl_itjob' retrieved from /opt/airflow/dags/Crawl_ETL_ITJob.py
[2026-04-08T14:49:02.302+0000] {logging_mixin.py:190} INFO - [2026-04-08T14:49:02.301+0000] {dag.py:3239} INFO - Sync 1 DAGs
[2026-04-08T14:49:02.393+0000] {processor.py:208} INFO - Processing /opt/airflow/dags/Crawl_ETL_ITJob.py took 0.185 seconds
[2026-04-08T14:49:34.681+0000] {processor.py:186} INFO - Started process (PID=1428) to work on /opt/airflow/dags/Crawl_ETL_ITJob.py
[2026-04-08T14:49:34.682+0000] {processor.py:914} INFO - Processing file /opt/airflow/dags/Crawl_ETL_ITJob.py for tasks to queue
[2026-04-08T14:49:34.684+0000] {logging_mixin.py:190} INFO - [2026-04-08T14:49:34.683+0000] {dagbag.py:588} INFO - Filling up the DagBag from /opt/airflow/dags/Crawl_ETL_ITJob.py
[2026-04-08T14:49:34.716+0000] {processor.py:925} INFO - DAG(s) 'crawl_etl_itjob' retrieved from /opt/airflow/dags/Crawl_ETL_ITJob.py
[2026-04-08T14:49:34.789+0000] {logging_mixin.py:190} INFO - [2026-04-08T14:49:34.788+0000] {dag.py:3239} INFO - Sync 1 DAGs
[2026-04-08T14:49:34.895+0000] {processor.py:208} INFO - Processing /opt/airflow/dags/Crawl_ETL_ITJob.py took 0.223 seconds
[2026-04-08T14:50:07.299+0000] {processor.py:186} INFO - Started process (PID=1432) to work on /opt/airflow/dags/Crawl_ETL_ITJob.py
[2026-04-08T14:50:07.300+0000] {processor.py:914} INFO - Processing file /opt/airflow/dags/Crawl_ETL_ITJob.py for tasks to queue
[2026-04-08T14:50:07.302+0000] {logging_mixin.py:190} INFO - [2026-04-08T14:50:07.302+0000] {dagbag.py:588} INFO - Filling up the DagBag from /opt/airflow/dags/Crawl_ETL_ITJob.py
[2026-04-08T14:50:07.323+0000] {processor.py:925} INFO - DAG(s) 'crawl_etl_itjob' retrieved from /opt/airflow/dags/Crawl_ETL_ITJob.py
[2026-04-08T14:50:07.372+0000] {logging_mixin.py:190} INFO - [2026-04-08T14:50:07.371+0000] {dag.py:3239} INFO - Sync 1 DAGs
[2026-04-08T14:50:07.459+0000] {processor.py:208} INFO - Processing /opt/airflow/dags/Crawl_ETL_ITJob.py took 0.169 seconds
[2026-04-08T14:50:40.696+0000] {processor.py:186} INFO - Started process (PID=1436) to work on /opt/airflow/dags/Crawl_ETL_ITJob.py
[2026-04-08T14:50:40.697+0000] {processor.py:914} INFO - Processing file /opt/airflow/dags/Crawl_ETL_ITJob.py for tasks to queue
[2026-04-08T14:50:40.701+0000] {logging_mixin.py:190} INFO - [2026-04-08T14:50:40.701+0000] {dagbag.py:588} INFO - Filling up the DagBag from /opt/airflow/dags/Crawl_ETL_ITJob.py
[2026-04-08T14:50:40.730+0000] {processor.py:925} INFO - DAG(s) 'crawl_etl_itjob' retrieved from /opt/airflow/dags/Crawl_ETL_ITJob.py
[2026-04-08T14:50:40.799+0000] {logging_mixin.py:190} INFO - [2026-04-08T14:50:40.799+0000] {dag.py:3239} INFO - Sync 1 DAGs
[2026-04-08T14:50:40.899+0000] {processor.py:208} INFO - Processing /opt/airflow/dags/Crawl_ETL_ITJob.py took 0.213 seconds
[2026-04-08T14:51:13.229+0000] {processor.py:186} INFO - Started process (PID=1440) to work on /opt/airflow/dags/Crawl_ETL_ITJob.py
[2026-04-08T14:51:13.230+0000] {processor.py:914} INFO - Processing file /opt/airflow/dags/Crawl_ETL_ITJob.py for tasks to queue
[2026-04-08T14:51:13.233+0000] {logging_mixin.py:190} INFO - [2026-04-08T14:51:13.232+0000] {dagbag.py:588} INFO - Filling up the DagBag from /opt/airflow/dags/Crawl_ETL_ITJob.py
[2026-04-08T14:51:13.270+0000] {processor.py:925} INFO - DAG(s) 'crawl_etl_itjob' retrieved from /opt/airflow/dags/Crawl_ETL_ITJob.py
[2026-04-08T14:51:13.324+0000] {logging_mixin.py:190} INFO - [2026-04-08T14:51:13.324+0000] {dag.py:3239} INFO - Sync 1 DAGs
[2026-04-08T14:51:13.411+0000] {processor.py:208} INFO - Processing /opt/airflow/dags/Crawl_ETL_ITJob.py took 0.194 seconds
[2026-04-08T14:51:45.658+0000] {processor.py:186} INFO - Started process (PID=1444) to work on /opt/airflow/dags/Crawl_ETL_ITJob.py
[2026-04-08T14:51:45.659+0000] {processor.py:914} INFO - Processing file /opt/airflow/dags/Crawl_ETL_ITJob.py for tasks to queue
[2026-04-08T14:51:45.661+0000] {logging_mixin.py:190} INFO - [2026-04-08T14:51:45.661+0000] {dagbag.py:588} INFO - Filling up the DagBag from /opt/airflow/dags/Crawl_ETL_ITJob.py
[2026-04-08T14:51:45.689+0000] {processor.py:925} INFO - DAG(s) 'crawl_etl_itjob' retrieved from /opt/airflow/dags/Crawl_ETL_ITJob.py
[2026-04-08T14:51:45.763+0000] {logging_mixin.py:190} INFO - [2026-04-08T14:51:45.763+0000] {dag.py:3239} INFO - Sync 1 DAGs
[2026-04-08T14:51:45.863+0000] {processor.py:208} INFO - Processing /opt/airflow/dags/Crawl_ETL_ITJob.py took 0.213 seconds
[2026-04-08T14:52:18.362+0000] {processor.py:186} INFO - Started process (PID=1448) to work on /opt/airflow/dags/Crawl_ETL_ITJob.py
[2026-04-08T14:52:18.364+0000] {processor.py:914} INFO - Processing file /opt/airflow/dags/Crawl_ETL_ITJob.py for tasks to queue
[2026-04-08T14:52:18.370+0000] {logging_mixin.py:190} INFO - [2026-04-08T14:52:18.369+0000] {dagbag.py:588} INFO - Filling up the DagBag from /opt/airflow/dags/Crawl_ETL_ITJob.py
[2026-04-08T14:52:18.440+0000] {processor.py:925} INFO - DAG(s) 'crawl_etl_itjob' retrieved from /opt/airflow/dags/Crawl_ETL_ITJob.py
[2026-04-08T14:52:18.605+0000] {logging_mixin.py:190} INFO - [2026-04-08T14:52:18.604+0000] {dag.py:3239} INFO - Sync 1 DAGs
[2026-04-08T14:52:18.724+0000] {processor.py:208} INFO - Processing /opt/airflow/dags/Crawl_ETL_ITJob.py took 0.385 seconds
[2026-04-08T14:52:51.096+0000] {processor.py:186} INFO - Started process (PID=1452) to work on /opt/airflow/dags/Crawl_ETL_ITJob.py
[2026-04-08T14:52:51.097+0000] {processor.py:914} INFO - Processing file /opt/airflow/dags/Crawl_ETL_ITJob.py for tasks to queue
[2026-04-08T14:52:51.098+0000] {logging_mixin.py:190} INFO - [2026-04-08T14:52:51.098+0000] {dagbag.py:588} INFO - Filling up the DagBag from /opt/airflow/dags/Crawl_ETL_ITJob.py
[2026-04-08T14:52:51.119+0000] {processor.py:925} INFO - DAG(s) 'crawl_etl_itjob' retrieved from /opt/airflow/dags/Crawl_ETL_ITJob.py
[2026-04-08T14:52:51.166+0000] {logging_mixin.py:190} INFO - [2026-04-08T14:52:51.166+0000] {dag.py:3239} INFO - Sync 1 DAGs
[2026-04-08T14:52:51.238+0000] {processor.py:208} INFO - Processing /opt/airflow/dags/Crawl_ETL_ITJob.py took 0.148 seconds
[2026-04-08T14:53:23.714+0000] {processor.py:186} INFO - Started process (PID=1456) to work on /opt/airflow/dags/Crawl_ETL_ITJob.py
[2026-04-08T14:53:23.715+0000] {processor.py:914} INFO - Processing file /opt/airflow/dags/Crawl_ETL_ITJob.py for tasks to queue
[2026-04-08T14:53:23.717+0000] {logging_mixin.py:190} INFO - [2026-04-08T14:53:23.716+0000] {dagbag.py:588} INFO - Filling up the DagBag from /opt/airflow/dags/Crawl_ETL_ITJob.py
[2026-04-08T14:53:23.738+0000] {processor.py:925} INFO - DAG(s) 'crawl_etl_itjob' retrieved from /opt/airflow/dags/Crawl_ETL_ITJob.py
[2026-04-08T14:53:23.793+0000] {logging_mixin.py:190} INFO - [2026-04-08T14:53:23.793+0000] {dag.py:3239} INFO - Sync 1 DAGs
[2026-04-08T14:53:23.867+0000] {processor.py:208} INFO - Processing /opt/airflow/dags/Crawl_ETL_ITJob.py took 0.160 seconds
[2026-04-08T14:53:56.317+0000] {processor.py:186} INFO - Started process (PID=1460) to work on /opt/airflow/dags/Crawl_ETL_ITJob.py
[2026-04-08T14:53:56.318+0000] {processor.py:914} INFO - Processing file /opt/airflow/dags/Crawl_ETL_ITJob.py for tasks to queue
[2026-04-08T14:53:56.319+0000] {logging_mixin.py:190} INFO - [2026-04-08T14:53:56.319+0000] {dagbag.py:588} INFO - Filling up the DagBag from /opt/airflow/dags/Crawl_ETL_ITJob.py
[2026-04-08T14:53:56.337+0000] {processor.py:925} INFO - DAG(s) 'crawl_etl_itjob' retrieved from /opt/airflow/dags/Crawl_ETL_ITJob.py
[2026-04-08T14:53:56.401+0000] {logging_mixin.py:190} INFO - [2026-04-08T14:53:56.400+0000] {dag.py:3239} INFO - Sync 1 DAGs
[2026-04-08T14:53:56.531+0000] {processor.py:208} INFO - Processing /opt/airflow/dags/Crawl_ETL_ITJob.py took 0.221 seconds
[2026-04-08T14:54:29.814+0000] {processor.py:186} INFO - Started process (PID=1464) to work on /opt/airflow/dags/Crawl_ETL_ITJob.py
[2026-04-08T14:54:29.816+0000] {processor.py:914} INFO - Processing file /opt/airflow/dags/Crawl_ETL_ITJob.py for tasks to queue
[2026-04-08T14:54:29.818+0000] {logging_mixin.py:190} INFO - [2026-04-08T14:54:29.818+0000] {dagbag.py:588} INFO - Filling up the DagBag from /opt/airflow/dags/Crawl_ETL_ITJob.py
[2026-04-08T14:54:29.871+0000] {processor.py:925} INFO - DAG(s) 'crawl_etl_itjob' retrieved from /opt/airflow/dags/Crawl_ETL_ITJob.py
[2026-04-08T14:54:29.933+0000] {logging_mixin.py:190} INFO - [2026-04-08T14:54:29.933+0000] {dag.py:3239} INFO - Sync 1 DAGs
[2026-04-08T14:54:30.027+0000] {processor.py:208} INFO - Processing /opt/airflow/dags/Crawl_ETL_ITJob.py took 0.223 seconds
[2026-04-08T14:55:02.310+0000] {processor.py:186} INFO - Started process (PID=1468) to work on /opt/airflow/dags/Crawl_ETL_ITJob.py
[2026-04-08T14:55:02.311+0000] {processor.py:914} INFO - Processing file /opt/airflow/dags/Crawl_ETL_ITJob.py for tasks to queue
[2026-04-08T14:55:02.312+0000] {logging_mixin.py:190} INFO - [2026-04-08T14:55:02.312+0000] {dagbag.py:588} INFO - Filling up the DagBag from /opt/airflow/dags/Crawl_ETL_ITJob.py
[2026-04-08T14:55:02.334+0000] {processor.py:925} INFO - DAG(s) 'crawl_etl_itjob' retrieved from /opt/airflow/dags/Crawl_ETL_ITJob.py
[2026-04-08T14:55:02.378+0000] {logging_mixin.py:190} INFO - [2026-04-08T14:55:02.377+0000] {dag.py:3239} INFO - Sync 1 DAGs
[2026-04-08T14:55:02.457+0000] {processor.py:208} INFO - Processing /opt/airflow/dags/Crawl_ETL_ITJob.py took 0.154 seconds
[2026-04-08T14:55:34.604+0000] {processor.py:186} INFO - Started process (PID=1472) to work on /opt/airflow/dags/Crawl_ETL_ITJob.py
[2026-04-08T14:55:34.604+0000] {processor.py:914} INFO - Processing file /opt/airflow/dags/Crawl_ETL_ITJob.py for tasks to queue
[2026-04-08T14:55:34.606+0000] {logging_mixin.py:190} INFO - [2026-04-08T14:55:34.606+0000] {dagbag.py:588} INFO - Filling up the DagBag from /opt/airflow/dags/Crawl_ETL_ITJob.py
[2026-04-08T14:55:34.628+0000] {processor.py:925} INFO - DAG(s) 'crawl_etl_itjob' retrieved from /opt/airflow/dags/Crawl_ETL_ITJob.py
[2026-04-08T14:55:34.684+0000] {logging_mixin.py:190} INFO - [2026-04-08T14:55:34.684+0000] {dag.py:3239} INFO - Sync 1 DAGs
[2026-04-08T14:55:34.767+0000] {processor.py:208} INFO - Processing /opt/airflow/dags/Crawl_ETL_ITJob.py took 0.169 seconds
[2026-04-08T14:56:08.049+0000] {processor.py:186} INFO - Started process (PID=1476) to work on /opt/airflow/dags/Crawl_ETL_ITJob.py
[2026-04-08T14:56:08.050+0000] {processor.py:914} INFO - Processing file /opt/airflow/dags/Crawl_ETL_ITJob.py for tasks to queue
[2026-04-08T14:56:08.052+0000] {logging_mixin.py:190} INFO - [2026-04-08T14:56:08.051+0000] {dagbag.py:588} INFO - Filling up the DagBag from /opt/airflow/dags/Crawl_ETL_ITJob.py
[2026-04-08T14:56:08.078+0000] {processor.py:925} INFO - DAG(s) 'crawl_etl_itjob' retrieved from /opt/airflow/dags/Crawl_ETL_ITJob.py
[2026-04-08T14:56:08.124+0000] {logging_mixin.py:190} INFO - [2026-04-08T14:56:08.124+0000] {dag.py:3239} INFO - Sync 1 DAGs
[2026-04-08T14:56:08.194+0000] {processor.py:208} INFO - Processing /opt/airflow/dags/Crawl_ETL_ITJob.py took 0.150 seconds
[2026-04-08T14:56:40.544+0000] {processor.py:186} INFO - Started process (PID=1480) to work on /opt/airflow/dags/Crawl_ETL_ITJob.py
[2026-04-08T14:56:40.546+0000] {processor.py:914} INFO - Processing file /opt/airflow/dags/Crawl_ETL_ITJob.py for tasks to queue
[2026-04-08T14:56:40.547+0000] {logging_mixin.py:190} INFO - [2026-04-08T14:56:40.547+0000] {dagbag.py:588} INFO - Filling up the DagBag from /opt/airflow/dags/Crawl_ETL_ITJob.py
[2026-04-08T14:56:40.575+0000] {processor.py:925} INFO - DAG(s) 'crawl_etl_itjob' retrieved from /opt/airflow/dags/Crawl_ETL_ITJob.py
[2026-04-08T14:56:40.660+0000] {logging_mixin.py:190} INFO - [2026-04-08T14:56:40.659+0000] {dag.py:3239} INFO - Sync 1 DAGs
[2026-04-08T14:56:40.750+0000] {processor.py:208} INFO - Processing /opt/airflow/dags/Crawl_ETL_ITJob.py took 0.215 seconds
[2026-04-08T14:57:13.090+0000] {processor.py:186} INFO - Started process (PID=1484) to work on /opt/airflow/dags/Crawl_ETL_ITJob.py
[2026-04-08T14:57:13.091+0000] {processor.py:914} INFO - Processing file /opt/airflow/dags/Crawl_ETL_ITJob.py for tasks to queue
[2026-04-08T14:57:13.094+0000] {logging_mixin.py:190} INFO - [2026-04-08T14:57:13.094+0000] {dagbag.py:588} INFO - Filling up the DagBag from /opt/airflow/dags/Crawl_ETL_ITJob.py
[2026-04-08T14:57:13.129+0000] {processor.py:925} INFO - DAG(s) 'crawl_etl_itjob' retrieved from /opt/airflow/dags/Crawl_ETL_ITJob.py
[2026-04-08T14:57:13.213+0000] {logging_mixin.py:190} INFO - [2026-04-08T14:57:13.213+0000] {dag.py:3239} INFO - Sync 1 DAGs
[2026-04-08T14:57:13.383+0000] {processor.py:208} INFO - Processing /opt/airflow/dags/Crawl_ETL_ITJob.py took 0.310 seconds
[2026-04-08T14:57:45.817+0000] {processor.py:186} INFO - Started process (PID=1488) to work on /opt/airflow/dags/Crawl_ETL_ITJob.py
[2026-04-08T14:57:45.818+0000] {processor.py:914} INFO - Processing file /opt/airflow/dags/Crawl_ETL_ITJob.py for tasks to queue
[2026-04-08T14:57:45.819+0000] {logging_mixin.py:190} INFO - [2026-04-08T14:57:45.819+0000] {dagbag.py:588} INFO - Filling up the DagBag from /opt/airflow/dags/Crawl_ETL_ITJob.py
[2026-04-08T14:57:45.846+0000] {processor.py:925} INFO - DAG(s) 'crawl_etl_itjob' retrieved from /opt/airflow/dags/Crawl_ETL_ITJob.py
[2026-04-08T14:57:45.896+0000] {logging_mixin.py:190} INFO - [2026-04-08T14:57:45.896+0000] {dag.py:3239} INFO - Sync 1 DAGs
[2026-04-08T14:57:45.968+0000] {processor.py:208} INFO - Processing /opt/airflow/dags/Crawl_ETL_ITJob.py took 0.157 seconds
[2026-04-08T14:58:18.206+0000] {processor.py:186} INFO - Started process (PID=1492) to work on /opt/airflow/dags/Crawl_ETL_ITJob.py
[2026-04-08T14:58:18.211+0000] {processor.py:914} INFO - Processing file /opt/airflow/dags/Crawl_ETL_ITJob.py for tasks to queue
[2026-04-08T14:58:18.213+0000] {logging_mixin.py:190} INFO - [2026-04-08T14:58:18.212+0000] {dagbag.py:588} INFO - Filling up the DagBag from /opt/airflow/dags/Crawl_ETL_ITJob.py
[2026-04-08T14:58:18.232+0000] {processor.py:925} INFO - DAG(s) 'crawl_etl_itjob' retrieved from /opt/airflow/dags/Crawl_ETL_ITJob.py
[2026-04-08T14:58:18.277+0000] {logging_mixin.py:190} INFO - [2026-04-08T14:58:18.276+0000] {dag.py:3239} INFO - Sync 1 DAGs
[2026-04-08T14:58:18.350+0000] {processor.py:208} INFO - Processing /opt/airflow/dags/Crawl_ETL_ITJob.py took 0.149 seconds
[2026-04-08T14:58:51.611+0000] {processor.py:186} INFO - Started process (PID=1496) to work on /opt/airflow/dags/Crawl_ETL_ITJob.py
[2026-04-08T14:58:51.612+0000] {processor.py:914} INFO - Processing file /opt/airflow/dags/Crawl_ETL_ITJob.py for tasks to queue
[2026-04-08T14:58:51.615+0000] {logging_mixin.py:190} INFO - [2026-04-08T14:58:51.615+0000] {dagbag.py:588} INFO - Filling up the DagBag from /opt/airflow/dags/Crawl_ETL_ITJob.py
[2026-04-08T14:58:51.648+0000] {processor.py:925} INFO - DAG(s) 'crawl_etl_itjob' retrieved from /opt/airflow/dags/Crawl_ETL_ITJob.py
[2026-04-08T14:58:51.744+0000] {logging_mixin.py:190} INFO - [2026-04-08T14:58:51.744+0000] {dag.py:3239} INFO - Sync 1 DAGs
[2026-04-08T14:58:51.848+0000] {processor.py:208} INFO - Processing /opt/airflow/dags/Crawl_ETL_ITJob.py took 0.247 seconds
[2026-04-08T14:59:24.075+0000] {processor.py:186} INFO - Started process (PID=1500) to work on /opt/airflow/dags/Crawl_ETL_ITJob.py
[2026-04-08T14:59:24.075+0000] {processor.py:914} INFO - Processing file /opt/airflow/dags/Crawl_ETL_ITJob.py for tasks to queue
[2026-04-08T14:59:24.077+0000] {logging_mixin.py:190} INFO - [2026-04-08T14:59:24.077+0000] {dagbag.py:588} INFO - Filling up the DagBag from /opt/airflow/dags/Crawl_ETL_ITJob.py
[2026-04-08T14:59:24.101+0000] {processor.py:925} INFO - DAG(s) 'crawl_etl_itjob' retrieved from /opt/airflow/dags/Crawl_ETL_ITJob.py
[2026-04-08T14:59:24.156+0000] {logging_mixin.py:190} INFO - [2026-04-08T14:59:24.156+0000] {dag.py:3239} INFO - Sync 1 DAGs
[2026-04-08T14:59:24.259+0000] {processor.py:208} INFO - Processing /opt/airflow/dags/Crawl_ETL_ITJob.py took 0.190 seconds
[2026-04-08T14:59:56.485+0000] {processor.py:186} INFO - Started process (PID=1504) to work on /opt/airflow/dags/Crawl_ETL_ITJob.py
[2026-04-08T14:59:56.485+0000] {processor.py:914} INFO - Processing file /opt/airflow/dags/Crawl_ETL_ITJob.py for tasks to queue
[2026-04-08T14:59:56.487+0000] {logging_mixin.py:190} INFO - [2026-04-08T14:59:56.486+0000] {dagbag.py:588} INFO - Filling up the DagBag from /opt/airflow/dags/Crawl_ETL_ITJob.py
[2026-04-08T14:59:56.514+0000] {processor.py:925} INFO - DAG(s) 'crawl_etl_itjob' retrieved from /opt/airflow/dags/Crawl_ETL_ITJob.py
[2026-04-08T14:59:56.561+0000] {logging_mixin.py:190} INFO - [2026-04-08T14:59:56.560+0000] {dag.py:3239} INFO - Sync 1 DAGs
[2026-04-08T14:59:56.646+0000] {processor.py:208} INFO - Processing /opt/airflow/dags/Crawl_ETL_ITJob.py took 0.167 seconds
[2026-04-08T15:00:29.084+0000] {processor.py:186} INFO - Started process (PID=1508) to work on /opt/airflow/dags/Crawl_ETL_ITJob.py
[2026-04-08T15:00:29.085+0000] {processor.py:914} INFO - Processing file /opt/airflow/dags/Crawl_ETL_ITJob.py for tasks to queue
[2026-04-08T15:00:29.087+0000] {logging_mixin.py:190} INFO - [2026-04-08T15:00:29.087+0000] {dagbag.py:588} INFO - Filling up the DagBag from /opt/airflow/dags/Crawl_ETL_ITJob.py
[2026-04-08T15:00:29.118+0000] {processor.py:925} INFO - DAG(s) 'crawl_etl_itjob' retrieved from /opt/airflow/dags/Crawl_ETL_ITJob.py
[2026-04-08T15:00:29.173+0000] {logging_mixin.py:190} INFO - [2026-04-08T15:00:29.172+0000] {dag.py:3239} INFO - Sync 1 DAGs
[2026-04-08T15:00:29.279+0000] {processor.py:208} INFO - Processing /opt/airflow/dags/Crawl_ETL_ITJob.py took 0.203 seconds
[2026-04-08T15:01:02.662+0000] {processor.py:186} INFO - Started process (PID=1512) to work on /opt/airflow/dags/Crawl_ETL_ITJob.py
[2026-04-08T15:01:02.665+0000] {processor.py:914} INFO - Processing file /opt/airflow/dags/Crawl_ETL_ITJob.py for tasks to queue
[2026-04-08T15:01:02.668+0000] {logging_mixin.py:190} INFO - [2026-04-08T15:01:02.667+0000] {dagbag.py:588} INFO - Filling up the DagBag from /opt/airflow/dags/Crawl_ETL_ITJob.py
[2026-04-08T15:01:02.708+0000] {processor.py:925} INFO - DAG(s) 'crawl_etl_itjob' retrieved from /opt/airflow/dags/Crawl_ETL_ITJob.py
[2026-04-08T15:01:02.806+0000] {logging_mixin.py:190} INFO - [2026-04-08T15:01:02.806+0000] {dag.py:3239} INFO - Sync 1 DAGs
[2026-04-08T15:01:02.938+0000] {processor.py:208} INFO - Processing /opt/airflow/dags/Crawl_ETL_ITJob.py took 0.293 seconds
[2026-04-08T15:01:34.855+0000] {processor.py:186} INFO - Started process (PID=1516) to work on /opt/airflow/dags/Crawl_ETL_ITJob.py
[2026-04-08T15:01:34.857+0000] {processor.py:914} INFO - Processing file /opt/airflow/dags/Crawl_ETL_ITJob.py for tasks to queue
[2026-04-08T15:01:34.884+0000] {logging_mixin.py:190} INFO - [2026-04-08T15:01:34.883+0000] {dagbag.py:588} INFO - Filling up the DagBag from /opt/airflow/dags/Crawl_ETL_ITJob.py
[2026-04-08T15:01:35.063+0000] {processor.py:925} INFO - DAG(s) 'crawl_etl_itjob' retrieved from /opt/airflow/dags/Crawl_ETL_ITJob.py
[2026-04-08T15:01:35.259+0000] {logging_mixin.py:190} INFO - [2026-04-08T15:01:35.258+0000] {dag.py:3239} INFO - Sync 1 DAGs
[2026-04-08T15:01:35.498+0000] {processor.py:208} INFO - Processing /opt/airflow/dags/Crawl_ETL_ITJob.py took 0.677 seconds
[2026-04-08T15:02:07.499+0000] {processor.py:186} INFO - Started process (PID=1520) to work on /opt/airflow/dags/Crawl_ETL_ITJob.py
[2026-04-08T15:02:07.507+0000] {processor.py:914} INFO - Processing file /opt/airflow/dags/Crawl_ETL_ITJob.py for tasks to queue
[2026-04-08T15:02:07.519+0000] {logging_mixin.py:190} INFO - [2026-04-08T15:02:07.518+0000] {dagbag.py:588} INFO - Filling up the DagBag from /opt/airflow/dags/Crawl_ETL_ITJob.py
[2026-04-08T15:02:07.619+0000] {processor.py:925} INFO - DAG(s) 'crawl_etl_itjob' retrieved from /opt/airflow/dags/Crawl_ETL_ITJob.py
[2026-04-08T15:02:07.718+0000] {logging_mixin.py:190} INFO - [2026-04-08T15:02:07.717+0000] {dag.py:3239} INFO - Sync 1 DAGs
[2026-04-08T15:02:07.901+0000] {processor.py:208} INFO - Processing /opt/airflow/dags/Crawl_ETL_ITJob.py took 0.431 seconds
