[2026-03-30T07:56:13.338+0000] {processor.py:186} INFO - Started process (PID=39) to work on /opt/airflow/dags/system_dag.py
[2026-03-30T07:56:13.339+0000] {processor.py:914} INFO - Processing file /opt/airflow/dags/system_dag.py for tasks to queue
[2026-03-30T07:56:13.342+0000] {logging_mixin.py:190} INFO - [2026-03-30T07:56:13.341+0000] {dagbag.py:588} INFO - Filling up the DagBag from /opt/airflow/dags/system_dag.py
[2026-03-30T07:56:13.374+0000] {processor.py:925} INFO - DAG(s) 'system_dag' retrieved from /opt/airflow/dags/system_dag.py
[2026-03-30T07:56:13.462+0000] {logging_mixin.py:190} INFO - [2026-03-30T07:56:13.462+0000] {dag.py:3239} INFO - Sync 1 DAGs
[2026-03-30T07:56:13.524+0000] {logging_mixin.py:190} INFO - [2026-03-30T07:56:13.524+0000] {dag.py:4180} INFO - Setting next_dagrun for system_dag to 2026-03-29T00:00:00+00:00, run_after=2026-03-30T00:00:00+00:00
[2026-03-30T07:56:13.571+0000] {processor.py:208} INFO - Processing /opt/airflow/dags/system_dag.py took 0.244 seconds
[2026-03-30T07:56:44.204+0000] {processor.py:186} INFO - Started process (PID=43) to work on /opt/airflow/dags/system_dag.py
[2026-03-30T07:56:44.204+0000] {processor.py:914} INFO - Processing file /opt/airflow/dags/system_dag.py for tasks to queue
[2026-03-30T07:56:44.206+0000] {logging_mixin.py:190} INFO - [2026-03-30T07:56:44.205+0000] {dagbag.py:588} INFO - Filling up the DagBag from /opt/airflow/dags/system_dag.py
[2026-03-30T07:56:44.225+0000] {processor.py:925} INFO - DAG(s) 'system_dag' retrieved from /opt/airflow/dags/system_dag.py
[2026-03-30T07:56:44.260+0000] {logging_mixin.py:190} INFO - [2026-03-30T07:56:44.260+0000] {dag.py:3239} INFO - Sync 1 DAGs
[2026-03-30T07:56:44.290+0000] {logging_mixin.py:190} INFO - [2026-03-30T07:56:44.290+0000] {dag.py:4180} INFO - Setting next_dagrun for system_dag to 2026-03-29T00:00:00+00:00, run_after=2026-03-30T00:00:00+00:00
[2026-03-30T07:56:44.314+0000] {processor.py:208} INFO - Processing /opt/airflow/dags/system_dag.py took 0.117 seconds
[2026-03-30T07:57:14.971+0000] {processor.py:186} INFO - Started process (PID=47) to work on /opt/airflow/dags/system_dag.py
[2026-03-30T07:57:14.972+0000] {processor.py:914} INFO - Processing file /opt/airflow/dags/system_dag.py for tasks to queue
[2026-03-30T07:57:14.974+0000] {logging_mixin.py:190} INFO - [2026-03-30T07:57:14.974+0000] {dagbag.py:588} INFO - Filling up the DagBag from /opt/airflow/dags/system_dag.py
[2026-03-30T07:57:15.002+0000] {processor.py:925} INFO - DAG(s) 'system_dag' retrieved from /opt/airflow/dags/system_dag.py
[2026-03-30T07:57:15.053+0000] {logging_mixin.py:190} INFO - [2026-03-30T07:57:15.053+0000] {dag.py:3239} INFO - Sync 1 DAGs
[2026-03-30T07:57:15.098+0000] {logging_mixin.py:190} INFO - [2026-03-30T07:57:15.098+0000] {dag.py:4180} INFO - Setting next_dagrun for system_dag to 2026-03-29T00:00:00+00:00, run_after=2026-03-30T00:00:00+00:00
[2026-03-30T07:57:15.143+0000] {processor.py:208} INFO - Processing /opt/airflow/dags/system_dag.py took 0.182 seconds
[2026-03-30T07:57:45.682+0000] {processor.py:186} INFO - Started process (PID=51) to work on /opt/airflow/dags/system_dag.py
[2026-03-30T07:57:45.683+0000] {processor.py:914} INFO - Processing file /opt/airflow/dags/system_dag.py for tasks to queue
[2026-03-30T07:57:45.685+0000] {logging_mixin.py:190} INFO - [2026-03-30T07:57:45.684+0000] {dagbag.py:588} INFO - Filling up the DagBag from /opt/airflow/dags/system_dag.py
[2026-03-30T07:57:45.707+0000] {processor.py:925} INFO - DAG(s) 'system_dag' retrieved from /opt/airflow/dags/system_dag.py
[2026-03-30T07:57:45.747+0000] {logging_mixin.py:190} INFO - [2026-03-30T07:57:45.747+0000] {dag.py:3239} INFO - Sync 1 DAGs
[2026-03-30T07:57:45.778+0000] {logging_mixin.py:190} INFO - [2026-03-30T07:57:45.778+0000] {dag.py:4180} INFO - Setting next_dagrun for system_dag to 2026-03-29T00:00:00+00:00, run_after=2026-03-30T00:00:00+00:00
[2026-03-30T07:57:45.799+0000] {processor.py:208} INFO - Processing /opt/airflow/dags/system_dag.py took 0.125 seconds
[2026-03-30T07:58:17.228+0000] {processor.py:186} INFO - Started process (PID=55) to work on /opt/airflow/dags/system_dag.py
[2026-03-30T07:58:17.229+0000] {processor.py:914} INFO - Processing file /opt/airflow/dags/system_dag.py for tasks to queue
[2026-03-30T07:58:17.231+0000] {logging_mixin.py:190} INFO - [2026-03-30T07:58:17.231+0000] {dagbag.py:588} INFO - Filling up the DagBag from /opt/airflow/dags/system_dag.py
[2026-03-30T07:58:17.257+0000] {processor.py:925} INFO - DAG(s) 'system_dag' retrieved from /opt/airflow/dags/system_dag.py
[2026-03-30T07:58:17.313+0000] {logging_mixin.py:190} INFO - [2026-03-30T07:58:17.313+0000] {dag.py:3239} INFO - Sync 1 DAGs
[2026-03-30T07:58:17.369+0000] {logging_mixin.py:190} INFO - [2026-03-30T07:58:17.369+0000] {dag.py:4180} INFO - Setting next_dagrun for system_dag to 2026-03-29T00:00:00+00:00, run_after=2026-03-30T00:00:00+00:00
[2026-03-30T07:58:17.447+0000] {processor.py:208} INFO - Processing /opt/airflow/dags/system_dag.py took 0.226 seconds
[2026-03-30T07:58:48.826+0000] {processor.py:186} INFO - Started process (PID=59) to work on /opt/airflow/dags/system_dag.py
[2026-03-30T07:58:48.827+0000] {processor.py:914} INFO - Processing file /opt/airflow/dags/system_dag.py for tasks to queue
[2026-03-30T07:58:48.829+0000] {logging_mixin.py:190} INFO - [2026-03-30T07:58:48.828+0000] {dagbag.py:588} INFO - Filling up the DagBag from /opt/airflow/dags/system_dag.py
[2026-03-30T07:58:48.847+0000] {processor.py:925} INFO - DAG(s) 'system_dag' retrieved from /opt/airflow/dags/system_dag.py
[2026-03-30T07:58:48.882+0000] {logging_mixin.py:190} INFO - [2026-03-30T07:58:48.882+0000] {dag.py:3239} INFO - Sync 1 DAGs
[2026-03-30T07:58:48.917+0000] {logging_mixin.py:190} INFO - [2026-03-30T07:58:48.917+0000] {dag.py:4180} INFO - Setting next_dagrun for system_dag to 2026-03-29T00:00:00+00:00, run_after=2026-03-30T00:00:00+00:00
[2026-03-30T07:58:48.944+0000] {processor.py:208} INFO - Processing /opt/airflow/dags/system_dag.py took 0.124 seconds
[2026-03-30T07:59:21.548+0000] {processor.py:186} INFO - Started process (PID=63) to work on /opt/airflow/dags/system_dag.py
[2026-03-30T07:59:21.548+0000] {processor.py:914} INFO - Processing file /opt/airflow/dags/system_dag.py for tasks to queue
[2026-03-30T07:59:21.549+0000] {logging_mixin.py:190} INFO - [2026-03-30T07:59:21.549+0000] {dagbag.py:588} INFO - Filling up the DagBag from /opt/airflow/dags/system_dag.py
[2026-03-30T07:59:21.568+0000] {processor.py:925} INFO - DAG(s) 'system_dag' retrieved from /opt/airflow/dags/system_dag.py
[2026-03-30T07:59:21.608+0000] {logging_mixin.py:190} INFO - [2026-03-30T07:59:21.608+0000] {dag.py:3239} INFO - Sync 1 DAGs
[2026-03-30T07:59:21.638+0000] {logging_mixin.py:190} INFO - [2026-03-30T07:59:21.638+0000] {dag.py:4180} INFO - Setting next_dagrun for system_dag to 2026-03-29T00:00:00+00:00, run_after=2026-03-30T00:00:00+00:00
[2026-03-30T07:59:21.659+0000] {processor.py:208} INFO - Processing /opt/airflow/dags/system_dag.py took 0.118 seconds
[2026-03-30T07:59:53.248+0000] {processor.py:186} INFO - Started process (PID=67) to work on /opt/airflow/dags/system_dag.py
[2026-03-30T07:59:53.249+0000] {processor.py:914} INFO - Processing file /opt/airflow/dags/system_dag.py for tasks to queue
[2026-03-30T07:59:53.251+0000] {logging_mixin.py:190} INFO - [2026-03-30T07:59:53.250+0000] {dagbag.py:588} INFO - Filling up the DagBag from /opt/airflow/dags/system_dag.py
[2026-03-30T07:59:53.276+0000] {processor.py:925} INFO - DAG(s) 'system_dag' retrieved from /opt/airflow/dags/system_dag.py
[2026-03-30T07:59:53.324+0000] {logging_mixin.py:190} INFO - [2026-03-30T07:59:53.322+0000] {dag.py:3239} INFO - Sync 1 DAGs
[2026-03-30T07:59:53.390+0000] {logging_mixin.py:190} INFO - [2026-03-30T07:59:53.389+0000] {dag.py:4180} INFO - Setting next_dagrun for system_dag to 2026-03-29T00:00:00+00:00, run_after=2026-03-30T00:00:00+00:00
[2026-03-30T07:59:53.419+0000] {processor.py:208} INFO - Processing /opt/airflow/dags/system_dag.py took 0.180 seconds
[2026-03-30T08:00:24.845+0000] {processor.py:186} INFO - Started process (PID=71) to work on /opt/airflow/dags/system_dag.py
[2026-03-30T08:00:24.846+0000] {processor.py:914} INFO - Processing file /opt/airflow/dags/system_dag.py for tasks to queue
[2026-03-30T08:00:24.848+0000] {logging_mixin.py:190} INFO - [2026-03-30T08:00:24.848+0000] {dagbag.py:588} INFO - Filling up the DagBag from /opt/airflow/dags/system_dag.py
[2026-03-30T08:00:24.877+0000] {processor.py:925} INFO - DAG(s) 'system_dag' retrieved from /opt/airflow/dags/system_dag.py
[2026-03-30T08:00:24.932+0000] {logging_mixin.py:190} INFO - [2026-03-30T08:00:24.931+0000] {dag.py:3239} INFO - Sync 1 DAGs
[2026-03-30T08:00:24.977+0000] {logging_mixin.py:190} INFO - [2026-03-30T08:00:24.976+0000] {dag.py:4180} INFO - Setting next_dagrun for system_dag to 2026-03-29T00:00:00+00:00, run_after=2026-03-30T00:00:00+00:00
[2026-03-30T08:00:25.021+0000] {processor.py:208} INFO - Processing /opt/airflow/dags/system_dag.py took 0.183 seconds
[2026-03-30T08:00:57.279+0000] {processor.py:186} INFO - Started process (PID=75) to work on /opt/airflow/dags/system_dag.py
[2026-03-30T08:00:57.280+0000] {processor.py:914} INFO - Processing file /opt/airflow/dags/system_dag.py for tasks to queue
[2026-03-30T08:00:57.281+0000] {logging_mixin.py:190} INFO - [2026-03-30T08:00:57.281+0000] {dagbag.py:588} INFO - Filling up the DagBag from /opt/airflow/dags/system_dag.py
[2026-03-30T08:00:57.307+0000] {processor.py:925} INFO - DAG(s) 'system_dag' retrieved from /opt/airflow/dags/system_dag.py
[2026-03-30T08:00:57.361+0000] {logging_mixin.py:190} INFO - [2026-03-30T08:00:57.361+0000] {dag.py:3239} INFO - Sync 1 DAGs
[2026-03-30T08:00:57.400+0000] {logging_mixin.py:190} INFO - [2026-03-30T08:00:57.400+0000] {dag.py:4180} INFO - Setting next_dagrun for system_dag to 2026-03-29T00:00:00+00:00, run_after=2026-03-30T00:00:00+00:00
[2026-03-30T08:00:57.440+0000] {processor.py:208} INFO - Processing /opt/airflow/dags/system_dag.py took 0.168 seconds
[2026-03-30T08:01:28.813+0000] {processor.py:186} INFO - Started process (PID=79) to work on /opt/airflow/dags/system_dag.py
[2026-03-30T08:01:28.814+0000] {processor.py:914} INFO - Processing file /opt/airflow/dags/system_dag.py for tasks to queue
[2026-03-30T08:01:28.816+0000] {logging_mixin.py:190} INFO - [2026-03-30T08:01:28.815+0000] {dagbag.py:588} INFO - Filling up the DagBag from /opt/airflow/dags/system_dag.py
[2026-03-30T08:01:28.836+0000] {processor.py:925} INFO - DAG(s) 'system_dag' retrieved from /opt/airflow/dags/system_dag.py
[2026-03-30T08:01:28.874+0000] {logging_mixin.py:190} INFO - [2026-03-30T08:01:28.874+0000] {dag.py:3239} INFO - Sync 1 DAGs
[2026-03-30T08:01:28.905+0000] {logging_mixin.py:190} INFO - [2026-03-30T08:01:28.905+0000] {dag.py:4180} INFO - Setting next_dagrun for system_dag to 2026-03-29T00:00:00+00:00, run_after=2026-03-30T00:00:00+00:00
[2026-03-30T08:01:28.931+0000] {processor.py:208} INFO - Processing /opt/airflow/dags/system_dag.py took 0.126 seconds
[2026-03-30T08:02:00.598+0000] {processor.py:186} INFO - Started process (PID=83) to work on /opt/airflow/dags/system_dag.py
[2026-03-30T08:02:00.599+0000] {processor.py:914} INFO - Processing file /opt/airflow/dags/system_dag.py for tasks to queue
[2026-03-30T08:02:00.601+0000] {logging_mixin.py:190} INFO - [2026-03-30T08:02:00.601+0000] {dagbag.py:588} INFO - Filling up the DagBag from /opt/airflow/dags/system_dag.py
[2026-03-30T08:02:00.626+0000] {processor.py:925} INFO - DAG(s) 'system_dag' retrieved from /opt/airflow/dags/system_dag.py
[2026-03-30T08:02:00.680+0000] {logging_mixin.py:190} INFO - [2026-03-30T08:02:00.679+0000] {dag.py:3239} INFO - Sync 1 DAGs
[2026-03-30T08:02:00.717+0000] {logging_mixin.py:190} INFO - [2026-03-30T08:02:00.716+0000] {dag.py:4180} INFO - Setting next_dagrun for system_dag to 2026-03-29T00:00:00+00:00, run_after=2026-03-30T00:00:00+00:00
[2026-03-30T08:02:00.755+0000] {processor.py:208} INFO - Processing /opt/airflow/dags/system_dag.py took 0.165 seconds
[2026-03-30T08:02:33.261+0000] {processor.py:186} INFO - Started process (PID=87) to work on /opt/airflow/dags/system_dag.py
[2026-03-30T08:02:33.262+0000] {processor.py:914} INFO - Processing file /opt/airflow/dags/system_dag.py for tasks to queue
[2026-03-30T08:02:33.263+0000] {logging_mixin.py:190} INFO - [2026-03-30T08:02:33.263+0000] {dagbag.py:588} INFO - Filling up the DagBag from /opt/airflow/dags/system_dag.py
[2026-03-30T08:02:33.286+0000] {processor.py:925} INFO - DAG(s) 'system_dag' retrieved from /opt/airflow/dags/system_dag.py
[2026-03-30T08:02:33.335+0000] {logging_mixin.py:190} INFO - [2026-03-30T08:02:33.335+0000] {dag.py:3239} INFO - Sync 1 DAGs
[2026-03-30T08:02:33.380+0000] {logging_mixin.py:190} INFO - [2026-03-30T08:02:33.379+0000] {dag.py:4180} INFO - Setting next_dagrun for system_dag to 2026-03-29T00:00:00+00:00, run_after=2026-03-30T00:00:00+00:00
[2026-03-30T08:02:33.408+0000] {processor.py:208} INFO - Processing /opt/airflow/dags/system_dag.py took 0.154 seconds
[2026-03-30T08:03:04.660+0000] {processor.py:186} INFO - Started process (PID=91) to work on /opt/airflow/dags/system_dag.py
[2026-03-30T08:03:04.661+0000] {processor.py:914} INFO - Processing file /opt/airflow/dags/system_dag.py for tasks to queue
[2026-03-30T08:03:04.662+0000] {logging_mixin.py:190} INFO - [2026-03-30T08:03:04.662+0000] {dagbag.py:588} INFO - Filling up the DagBag from /opt/airflow/dags/system_dag.py
[2026-03-30T08:03:04.680+0000] {processor.py:925} INFO - DAG(s) 'system_dag' retrieved from /opt/airflow/dags/system_dag.py
[2026-03-30T08:03:04.719+0000] {logging_mixin.py:190} INFO - [2026-03-30T08:03:04.719+0000] {dag.py:3239} INFO - Sync 1 DAGs
[2026-03-30T08:03:04.750+0000] {logging_mixin.py:190} INFO - [2026-03-30T08:03:04.750+0000] {dag.py:4180} INFO - Setting next_dagrun for system_dag to 2026-03-29T00:00:00+00:00, run_after=2026-03-30T00:00:00+00:00
[2026-03-30T08:03:04.780+0000] {processor.py:208} INFO - Processing /opt/airflow/dags/system_dag.py took 0.126 seconds
[2026-03-30T08:03:37.229+0000] {processor.py:186} INFO - Started process (PID=95) to work on /opt/airflow/dags/system_dag.py
[2026-03-30T08:03:37.230+0000] {processor.py:914} INFO - Processing file /opt/airflow/dags/system_dag.py for tasks to queue
[2026-03-30T08:03:37.232+0000] {logging_mixin.py:190} INFO - [2026-03-30T08:03:37.232+0000] {dagbag.py:588} INFO - Filling up the DagBag from /opt/airflow/dags/system_dag.py
[2026-03-30T08:03:37.262+0000] {processor.py:925} INFO - DAG(s) 'system_dag' retrieved from /opt/airflow/dags/system_dag.py
[2026-03-30T08:03:37.310+0000] {logging_mixin.py:190} INFO - [2026-03-30T08:03:37.310+0000] {dag.py:3239} INFO - Sync 1 DAGs
[2026-03-30T08:03:37.359+0000] {logging_mixin.py:190} INFO - [2026-03-30T08:03:37.359+0000] {dag.py:4180} INFO - Setting next_dagrun for system_dag to 2026-03-29T00:00:00+00:00, run_after=2026-03-30T00:00:00+00:00
[2026-03-30T08:03:37.390+0000] {processor.py:208} INFO - Processing /opt/airflow/dags/system_dag.py took 0.172 seconds
[2026-03-30T08:04:08.944+0000] {processor.py:186} INFO - Started process (PID=99) to work on /opt/airflow/dags/system_dag.py
[2026-03-30T08:04:08.944+0000] {processor.py:914} INFO - Processing file /opt/airflow/dags/system_dag.py for tasks to queue
[2026-03-30T08:04:08.946+0000] {logging_mixin.py:190} INFO - [2026-03-30T08:04:08.946+0000] {dagbag.py:588} INFO - Filling up the DagBag from /opt/airflow/dags/system_dag.py
[2026-03-30T08:04:08.964+0000] {processor.py:925} INFO - DAG(s) 'system_dag' retrieved from /opt/airflow/dags/system_dag.py
[2026-03-30T08:04:08.999+0000] {logging_mixin.py:190} INFO - [2026-03-30T08:04:08.999+0000] {dag.py:3239} INFO - Sync 1 DAGs
[2026-03-30T08:04:09.029+0000] {logging_mixin.py:190} INFO - [2026-03-30T08:04:09.029+0000] {dag.py:4180} INFO - Setting next_dagrun for system_dag to 2026-03-29T00:00:00+00:00, run_after=2026-03-30T00:00:00+00:00
[2026-03-30T08:04:09.048+0000] {processor.py:208} INFO - Processing /opt/airflow/dags/system_dag.py took 0.111 seconds
[2026-03-30T08:04:40.485+0000] {processor.py:186} INFO - Started process (PID=103) to work on /opt/airflow/dags/system_dag.py
[2026-03-30T08:04:40.485+0000] {processor.py:914} INFO - Processing file /opt/airflow/dags/system_dag.py for tasks to queue
[2026-03-30T08:04:40.488+0000] {logging_mixin.py:190} INFO - [2026-03-30T08:04:40.487+0000] {dagbag.py:588} INFO - Filling up the DagBag from /opt/airflow/dags/system_dag.py
[2026-03-30T08:04:40.523+0000] {processor.py:925} INFO - DAG(s) 'system_dag' retrieved from /opt/airflow/dags/system_dag.py
[2026-03-30T08:04:40.579+0000] {logging_mixin.py:190} INFO - [2026-03-30T08:04:40.579+0000] {dag.py:3239} INFO - Sync 1 DAGs
[2026-03-30T08:04:40.619+0000] {logging_mixin.py:190} INFO - [2026-03-30T08:04:40.618+0000] {dag.py:4180} INFO - Setting next_dagrun for system_dag to 2026-03-29T00:00:00+00:00, run_after=2026-03-30T00:00:00+00:00
[2026-03-30T08:04:40.649+0000] {processor.py:208} INFO - Processing /opt/airflow/dags/system_dag.py took 0.172 seconds
[2026-03-30T08:05:13.102+0000] {processor.py:186} INFO - Started process (PID=107) to work on /opt/airflow/dags/system_dag.py
[2026-03-30T08:05:13.103+0000] {processor.py:914} INFO - Processing file /opt/airflow/dags/system_dag.py for tasks to queue
[2026-03-30T08:05:13.105+0000] {logging_mixin.py:190} INFO - [2026-03-30T08:05:13.105+0000] {dagbag.py:588} INFO - Filling up the DagBag from /opt/airflow/dags/system_dag.py
[2026-03-30T08:05:13.125+0000] {processor.py:925} INFO - DAG(s) 'system_dag' retrieved from /opt/airflow/dags/system_dag.py
[2026-03-30T08:05:13.200+0000] {logging_mixin.py:190} INFO - [2026-03-30T08:05:13.200+0000] {dag.py:3239} INFO - Sync 1 DAGs
[2026-03-30T08:05:13.243+0000] {logging_mixin.py:190} INFO - [2026-03-30T08:05:13.242+0000] {dag.py:4180} INFO - Setting next_dagrun for system_dag to 2026-03-29T00:00:00+00:00, run_after=2026-03-30T00:00:00+00:00
[2026-03-30T08:05:13.279+0000] {processor.py:208} INFO - Processing /opt/airflow/dags/system_dag.py took 0.183 seconds
[2026-03-30T08:05:44.694+0000] {processor.py:186} INFO - Started process (PID=111) to work on /opt/airflow/dags/system_dag.py
[2026-03-30T08:05:44.695+0000] {processor.py:914} INFO - Processing file /opt/airflow/dags/system_dag.py for tasks to queue
[2026-03-30T08:05:44.696+0000] {logging_mixin.py:190} INFO - [2026-03-30T08:05:44.696+0000] {dagbag.py:588} INFO - Filling up the DagBag from /opt/airflow/dags/system_dag.py
[2026-03-30T08:05:44.718+0000] {processor.py:925} INFO - DAG(s) 'system_dag' retrieved from /opt/airflow/dags/system_dag.py
[2026-03-30T08:05:44.752+0000] {logging_mixin.py:190} INFO - [2026-03-30T08:05:44.752+0000] {dag.py:3239} INFO - Sync 1 DAGs
[2026-03-30T08:05:44.781+0000] {logging_mixin.py:190} INFO - [2026-03-30T08:05:44.781+0000] {dag.py:4180} INFO - Setting next_dagrun for system_dag to 2026-03-29T00:00:00+00:00, run_after=2026-03-30T00:00:00+00:00
[2026-03-30T08:05:44.803+0000] {processor.py:208} INFO - Processing /opt/airflow/dags/system_dag.py took 0.116 seconds
[2026-03-30T08:06:16.463+0000] {processor.py:186} INFO - Started process (PID=115) to work on /opt/airflow/dags/system_dag.py
[2026-03-30T08:06:16.465+0000] {processor.py:914} INFO - Processing file /opt/airflow/dags/system_dag.py for tasks to queue
[2026-03-30T08:06:16.468+0000] {logging_mixin.py:190} INFO - [2026-03-30T08:06:16.467+0000] {dagbag.py:588} INFO - Filling up the DagBag from /opt/airflow/dags/system_dag.py
[2026-03-30T08:06:16.491+0000] {processor.py:925} INFO - DAG(s) 'system_dag' retrieved from /opt/airflow/dags/system_dag.py
[2026-03-30T08:06:16.527+0000] {logging_mixin.py:190} INFO - [2026-03-30T08:06:16.527+0000] {dag.py:3239} INFO - Sync 1 DAGs
[2026-03-30T08:06:16.556+0000] {logging_mixin.py:190} INFO - [2026-03-30T08:06:16.556+0000] {dag.py:4180} INFO - Setting next_dagrun for system_dag to 2026-03-29T00:00:00+00:00, run_after=2026-03-30T00:00:00+00:00
[2026-03-30T08:06:16.575+0000] {processor.py:208} INFO - Processing /opt/airflow/dags/system_dag.py took 0.120 seconds
[2026-03-30T08:06:49.100+0000] {processor.py:186} INFO - Started process (PID=119) to work on /opt/airflow/dags/system_dag.py
[2026-03-30T08:06:49.101+0000] {processor.py:914} INFO - Processing file /opt/airflow/dags/system_dag.py for tasks to queue
[2026-03-30T08:06:49.102+0000] {logging_mixin.py:190} INFO - [2026-03-30T08:06:49.102+0000] {dagbag.py:588} INFO - Filling up the DagBag from /opt/airflow/dags/system_dag.py
[2026-03-30T08:06:49.133+0000] {processor.py:925} INFO - DAG(s) 'system_dag' retrieved from /opt/airflow/dags/system_dag.py
[2026-03-30T08:06:49.187+0000] {logging_mixin.py:190} INFO - [2026-03-30T08:06:49.186+0000] {dag.py:3239} INFO - Sync 1 DAGs
[2026-03-30T08:06:49.238+0000] {logging_mixin.py:190} INFO - [2026-03-30T08:06:49.238+0000] {dag.py:4180} INFO - Setting next_dagrun for system_dag to 2026-03-29T00:00:00+00:00, run_after=2026-03-30T00:00:00+00:00
[2026-03-30T08:06:49.281+0000] {processor.py:208} INFO - Processing /opt/airflow/dags/system_dag.py took 0.189 seconds
[2026-03-30T08:07:20.538+0000] {processor.py:186} INFO - Started process (PID=123) to work on /opt/airflow/dags/system_dag.py
[2026-03-30T08:07:20.538+0000] {processor.py:914} INFO - Processing file /opt/airflow/dags/system_dag.py for tasks to queue
[2026-03-30T08:07:20.540+0000] {logging_mixin.py:190} INFO - [2026-03-30T08:07:20.539+0000] {dagbag.py:588} INFO - Filling up the DagBag from /opt/airflow/dags/system_dag.py
[2026-03-30T08:07:20.555+0000] {processor.py:925} INFO - DAG(s) 'system_dag' retrieved from /opt/airflow/dags/system_dag.py
[2026-03-30T08:07:20.586+0000] {logging_mixin.py:190} INFO - [2026-03-30T08:07:20.586+0000] {dag.py:3239} INFO - Sync 1 DAGs
[2026-03-30T08:07:20.615+0000] {logging_mixin.py:190} INFO - [2026-03-30T08:07:20.615+0000] {dag.py:4180} INFO - Setting next_dagrun for system_dag to 2026-03-29T00:00:00+00:00, run_after=2026-03-30T00:00:00+00:00
[2026-03-30T08:07:20.632+0000] {processor.py:208} INFO - Processing /opt/airflow/dags/system_dag.py took 0.101 seconds
[2026-03-30T08:07:52.162+0000] {processor.py:186} INFO - Started process (PID=127) to work on /opt/airflow/dags/system_dag.py
[2026-03-30T08:07:52.163+0000] {processor.py:914} INFO - Processing file /opt/airflow/dags/system_dag.py for tasks to queue
[2026-03-30T08:07:52.165+0000] {logging_mixin.py:190} INFO - [2026-03-30T08:07:52.165+0000] {dagbag.py:588} INFO - Filling up the DagBag from /opt/airflow/dags/system_dag.py
[2026-03-30T08:07:52.188+0000] {processor.py:925} INFO - DAG(s) 'system_dag' retrieved from /opt/airflow/dags/system_dag.py
[2026-03-30T08:07:52.226+0000] {logging_mixin.py:190} INFO - [2026-03-30T08:07:52.226+0000] {dag.py:3239} INFO - Sync 1 DAGs
[2026-03-30T08:07:52.254+0000] {logging_mixin.py:190} INFO - [2026-03-30T08:07:52.254+0000] {dag.py:4180} INFO - Setting next_dagrun for system_dag to 2026-03-29T00:00:00+00:00, run_after=2026-03-30T00:00:00+00:00
[2026-03-30T08:07:52.275+0000] {processor.py:208} INFO - Processing /opt/airflow/dags/system_dag.py took 0.120 seconds
[2026-03-30T08:08:24.107+0000] {processor.py:186} INFO - Started process (PID=131) to work on /opt/airflow/dags/system_dag.py
[2026-03-30T08:08:24.108+0000] {processor.py:914} INFO - Processing file /opt/airflow/dags/system_dag.py for tasks to queue
[2026-03-30T08:08:24.110+0000] {logging_mixin.py:190} INFO - [2026-03-30T08:08:24.109+0000] {dagbag.py:588} INFO - Filling up the DagBag from /opt/airflow/dags/system_dag.py
[2026-03-30T08:08:24.131+0000] {processor.py:925} INFO - DAG(s) 'system_dag' retrieved from /opt/airflow/dags/system_dag.py
[2026-03-30T08:08:24.189+0000] {logging_mixin.py:190} INFO - [2026-03-30T08:08:24.189+0000] {dag.py:3239} INFO - Sync 1 DAGs
[2026-03-30T08:08:24.237+0000] {logging_mixin.py:190} INFO - [2026-03-30T08:08:24.237+0000] {dag.py:4180} INFO - Setting next_dagrun for system_dag to 2026-03-29T00:00:00+00:00, run_after=2026-03-30T00:00:00+00:00
[2026-03-30T08:08:24.265+0000] {processor.py:208} INFO - Processing /opt/airflow/dags/system_dag.py took 0.166 seconds
[2026-03-30T08:08:56.525+0000] {processor.py:186} INFO - Started process (PID=135) to work on /opt/airflow/dags/system_dag.py
[2026-03-30T08:08:56.529+0000] {processor.py:914} INFO - Processing file /opt/airflow/dags/system_dag.py for tasks to queue
[2026-03-30T08:08:56.532+0000] {logging_mixin.py:190} INFO - [2026-03-30T08:08:56.532+0000] {dagbag.py:588} INFO - Filling up the DagBag from /opt/airflow/dags/system_dag.py
[2026-03-30T08:08:56.580+0000] {processor.py:925} INFO - DAG(s) 'system_dag' retrieved from /opt/airflow/dags/system_dag.py
[2026-03-30T08:08:56.833+0000] {logging_mixin.py:190} INFO - [2026-03-30T08:08:56.832+0000] {dag.py:3239} INFO - Sync 1 DAGs
[2026-03-30T08:08:57.125+0000] {logging_mixin.py:190} INFO - [2026-03-30T08:08:57.125+0000] {dag.py:4180} INFO - Setting next_dagrun for system_dag to 2026-03-29T00:00:00+00:00, run_after=2026-03-30T00:00:00+00:00
[2026-03-30T08:08:57.284+0000] {processor.py:208} INFO - Processing /opt/airflow/dags/system_dag.py took 0.770 seconds
[2026-03-30T08:09:28.310+0000] {processor.py:186} INFO - Started process (PID=139) to work on /opt/airflow/dags/system_dag.py
[2026-03-30T08:09:28.311+0000] {processor.py:914} INFO - Processing file /opt/airflow/dags/system_dag.py for tasks to queue
[2026-03-30T08:09:28.313+0000] {logging_mixin.py:190} INFO - [2026-03-30T08:09:28.313+0000] {dagbag.py:588} INFO - Filling up the DagBag from /opt/airflow/dags/system_dag.py
[2026-03-30T08:09:28.356+0000] {processor.py:925} INFO - DAG(s) 'system_dag' retrieved from /opt/airflow/dags/system_dag.py
[2026-03-30T08:09:28.442+0000] {logging_mixin.py:190} INFO - [2026-03-30T08:09:28.442+0000] {dag.py:3239} INFO - Sync 1 DAGs
[2026-03-30T08:09:28.497+0000] {logging_mixin.py:190} INFO - [2026-03-30T08:09:28.497+0000] {dag.py:4180} INFO - Setting next_dagrun for system_dag to 2026-03-29T00:00:00+00:00, run_after=2026-03-30T00:00:00+00:00
[2026-03-30T08:09:28.546+0000] {processor.py:208} INFO - Processing /opt/airflow/dags/system_dag.py took 0.251 seconds
[2026-03-30T08:10:00.348+0000] {processor.py:186} INFO - Started process (PID=143) to work on /opt/airflow/dags/system_dag.py
[2026-03-30T08:10:00.349+0000] {processor.py:914} INFO - Processing file /opt/airflow/dags/system_dag.py for tasks to queue
[2026-03-30T08:10:00.352+0000] {logging_mixin.py:190} INFO - [2026-03-30T08:10:00.351+0000] {dagbag.py:588} INFO - Filling up the DagBag from /opt/airflow/dags/system_dag.py
[2026-03-30T08:10:00.385+0000] {processor.py:925} INFO - DAG(s) 'system_dag' retrieved from /opt/airflow/dags/system_dag.py
[2026-03-30T08:10:00.481+0000] {logging_mixin.py:190} INFO - [2026-03-30T08:10:00.481+0000] {dag.py:3239} INFO - Sync 1 DAGs
[2026-03-30T08:10:00.540+0000] {logging_mixin.py:190} INFO - [2026-03-30T08:10:00.540+0000] {dag.py:4180} INFO - Setting next_dagrun for system_dag to 2026-03-29T00:00:00+00:00, run_after=2026-03-30T00:00:00+00:00
[2026-03-30T08:10:00.569+0000] {processor.py:208} INFO - Processing /opt/airflow/dags/system_dag.py took 0.229 seconds
[2026-03-30T08:10:32.322+0000] {processor.py:186} INFO - Started process (PID=147) to work on /opt/airflow/dags/system_dag.py
[2026-03-30T08:10:32.327+0000] {processor.py:914} INFO - Processing file /opt/airflow/dags/system_dag.py for tasks to queue
[2026-03-30T08:10:32.332+0000] {logging_mixin.py:190} INFO - [2026-03-30T08:10:32.332+0000] {dagbag.py:588} INFO - Filling up the DagBag from /opt/airflow/dags/system_dag.py
[2026-03-30T08:10:32.384+0000] {processor.py:925} INFO - DAG(s) 'system_dag' retrieved from /opt/airflow/dags/system_dag.py
[2026-03-30T08:10:32.448+0000] {logging_mixin.py:190} INFO - [2026-03-30T08:10:32.448+0000] {dag.py:3239} INFO - Sync 1 DAGs
[2026-03-30T08:10:32.493+0000] {logging_mixin.py:190} INFO - [2026-03-30T08:10:32.492+0000] {dag.py:4180} INFO - Setting next_dagrun for system_dag to 2026-03-29T00:00:00+00:00, run_after=2026-03-30T00:00:00+00:00
[2026-03-30T08:10:32.928+0000] {processor.py:208} INFO - Processing /opt/airflow/dags/system_dag.py took 0.623 seconds
[2026-03-30T08:11:04.642+0000] {processor.py:186} INFO - Started process (PID=151) to work on /opt/airflow/dags/system_dag.py
[2026-03-30T08:11:04.643+0000] {processor.py:914} INFO - Processing file /opt/airflow/dags/system_dag.py for tasks to queue
[2026-03-30T08:11:04.645+0000] {logging_mixin.py:190} INFO - [2026-03-30T08:11:04.644+0000] {dagbag.py:588} INFO - Filling up the DagBag from /opt/airflow/dags/system_dag.py
[2026-03-30T08:11:04.667+0000] {processor.py:925} INFO - DAG(s) 'system_dag' retrieved from /opt/airflow/dags/system_dag.py
[2026-03-30T08:11:04.710+0000] {logging_mixin.py:190} INFO - [2026-03-30T08:11:04.710+0000] {dag.py:3239} INFO - Sync 1 DAGs
[2026-03-30T08:11:04.746+0000] {logging_mixin.py:190} INFO - [2026-03-30T08:11:04.746+0000] {dag.py:4180} INFO - Setting next_dagrun for system_dag to 2026-03-29T00:00:00+00:00, run_after=2026-03-30T00:00:00+00:00
[2026-03-30T08:11:04.779+0000] {processor.py:208} INFO - Processing /opt/airflow/dags/system_dag.py took 0.145 seconds
[2026-03-30T08:11:34.920+0000] {processor.py:186} INFO - Started process (PID=155) to work on /opt/airflow/dags/system_dag.py
[2026-03-30T08:11:34.921+0000] {processor.py:914} INFO - Processing file /opt/airflow/dags/system_dag.py for tasks to queue
[2026-03-30T08:11:34.923+0000] {logging_mixin.py:190} INFO - [2026-03-30T08:11:34.922+0000] {dagbag.py:588} INFO - Filling up the DagBag from /opt/airflow/dags/system_dag.py
[2026-03-30T08:11:36.537+0000] {processor.py:925} INFO - DAG(s) 'system_dag' retrieved from /opt/airflow/dags/system_dag.py
[2026-03-30T08:11:36.577+0000] {logging_mixin.py:190} INFO - [2026-03-30T08:11:36.576+0000] {dag.py:3239} INFO - Sync 1 DAGs
[2026-03-30T08:11:36.609+0000] {logging_mixin.py:190} INFO - [2026-03-30T08:11:36.609+0000] {dag.py:4180} INFO - Setting next_dagrun for system_dag to 2026-03-29T00:00:00+00:00, run_after=2026-03-30T00:00:00+00:00
[2026-03-30T08:11:36.639+0000] {processor.py:208} INFO - Processing /opt/airflow/dags/system_dag.py took 0.133 seconds
[2026-03-30T08:12:09.500+0000] {processor.py:186} INFO - Started process (PID=159) to work on /opt/airflow/dags/system_dag.py
[2026-03-30T08:12:09.501+0000] {processor.py:914} INFO - Processing file /opt/airflow/dags/system_dag.py for tasks to queue
[2026-03-30T08:12:09.502+0000] {logging_mixin.py:190} INFO - [2026-03-30T08:12:09.502+0000] {dagbag.py:588} INFO - Filling up the DagBag from /opt/airflow/dags/system_dag.py
[2026-03-30T08:12:09.527+0000] {processor.py:925} INFO - DAG(s) 'system_dag' retrieved from /opt/airflow/dags/system_dag.py
[2026-03-30T08:12:09.579+0000] {logging_mixin.py:190} INFO - [2026-03-30T08:12:09.579+0000] {dag.py:3239} INFO - Sync 1 DAGs
[2026-03-30T08:12:09.619+0000] {logging_mixin.py:190} INFO - [2026-03-30T08:12:09.619+0000] {dag.py:4180} INFO - Setting next_dagrun for system_dag to 2026-03-29T00:00:00+00:00, run_after=2026-03-30T00:00:00+00:00
[2026-03-30T08:12:09.655+0000] {processor.py:208} INFO - Processing /opt/airflow/dags/system_dag.py took 0.163 seconds
[2026-03-30T08:12:41.471+0000] {processor.py:186} INFO - Started process (PID=163) to work on /opt/airflow/dags/system_dag.py
[2026-03-30T08:12:41.472+0000] {processor.py:914} INFO - Processing file /opt/airflow/dags/system_dag.py for tasks to queue
[2026-03-30T08:12:41.474+0000] {logging_mixin.py:190} INFO - [2026-03-30T08:12:41.474+0000] {dagbag.py:588} INFO - Filling up the DagBag from /opt/airflow/dags/system_dag.py
[2026-03-30T08:12:41.502+0000] {processor.py:925} INFO - DAG(s) 'system_dag' retrieved from /opt/airflow/dags/system_dag.py
[2026-03-30T08:12:41.584+0000] {logging_mixin.py:190} INFO - [2026-03-30T08:12:41.583+0000] {dag.py:3239} INFO - Sync 1 DAGs
[2026-03-30T08:12:41.645+0000] {logging_mixin.py:190} INFO - [2026-03-30T08:12:41.644+0000] {dag.py:4180} INFO - Setting next_dagrun for system_dag to 2026-03-29T00:00:00+00:00, run_after=2026-03-30T00:00:00+00:00
[2026-03-30T08:12:41.718+0000] {processor.py:208} INFO - Processing /opt/airflow/dags/system_dag.py took 0.253 seconds
[2026-03-30T08:13:14.101+0000] {processor.py:186} INFO - Started process (PID=167) to work on /opt/airflow/dags/system_dag.py
[2026-03-30T08:13:14.101+0000] {processor.py:914} INFO - Processing file /opt/airflow/dags/system_dag.py for tasks to queue
[2026-03-30T08:13:14.103+0000] {logging_mixin.py:190} INFO - [2026-03-30T08:13:14.103+0000] {dagbag.py:588} INFO - Filling up the DagBag from /opt/airflow/dags/system_dag.py
[2026-03-30T08:13:14.158+0000] {processor.py:925} INFO - DAG(s) 'system_dag' retrieved from /opt/airflow/dags/system_dag.py
[2026-03-30T08:13:14.225+0000] {logging_mixin.py:190} INFO - [2026-03-30T08:13:14.225+0000] {dag.py:3239} INFO - Sync 1 DAGs
[2026-03-30T08:13:14.281+0000] {logging_mixin.py:190} INFO - [2026-03-30T08:13:14.281+0000] {dag.py:4180} INFO - Setting next_dagrun for system_dag to 2026-03-29T00:00:00+00:00, run_after=2026-03-30T00:00:00+00:00
[2026-03-30T08:13:14.357+0000] {processor.py:208} INFO - Processing /opt/airflow/dags/system_dag.py took 0.265 seconds
[2026-03-30T08:13:45.898+0000] {processor.py:186} INFO - Started process (PID=171) to work on /opt/airflow/dags/system_dag.py
[2026-03-30T08:13:45.898+0000] {processor.py:914} INFO - Processing file /opt/airflow/dags/system_dag.py for tasks to queue
[2026-03-30T08:13:45.899+0000] {logging_mixin.py:190} INFO - [2026-03-30T08:13:45.899+0000] {dagbag.py:588} INFO - Filling up the DagBag from /opt/airflow/dags/system_dag.py
[2026-03-30T08:13:45.918+0000] {processor.py:925} INFO - DAG(s) 'system_dag' retrieved from /opt/airflow/dags/system_dag.py
[2026-03-30T08:13:45.959+0000] {logging_mixin.py:190} INFO - [2026-03-30T08:13:45.958+0000] {dag.py:3239} INFO - Sync 1 DAGs
[2026-03-30T08:13:45.992+0000] {logging_mixin.py:190} INFO - [2026-03-30T08:13:45.991+0000] {dag.py:4180} INFO - Setting next_dagrun for system_dag to 2026-03-29T00:00:00+00:00, run_after=2026-03-30T00:00:00+00:00
[2026-03-30T08:13:46.020+0000] {processor.py:208} INFO - Processing /opt/airflow/dags/system_dag.py took 0.128 seconds
[2026-03-30T08:14:18.533+0000] {processor.py:186} INFO - Started process (PID=175) to work on /opt/airflow/dags/system_dag.py
[2026-03-30T08:14:18.534+0000] {processor.py:914} INFO - Processing file /opt/airflow/dags/system_dag.py for tasks to queue
[2026-03-30T08:14:18.535+0000] {logging_mixin.py:190} INFO - [2026-03-30T08:14:18.534+0000] {dagbag.py:588} INFO - Filling up the DagBag from /opt/airflow/dags/system_dag.py
[2026-03-30T08:14:18.553+0000] {processor.py:925} INFO - DAG(s) 'system_dag' retrieved from /opt/airflow/dags/system_dag.py
[2026-03-30T08:14:18.594+0000] {logging_mixin.py:190} INFO - [2026-03-30T08:14:18.594+0000] {dag.py:3239} INFO - Sync 1 DAGs
[2026-03-30T08:14:18.627+0000] {logging_mixin.py:190} INFO - [2026-03-30T08:14:18.627+0000] {dag.py:4180} INFO - Setting next_dagrun for system_dag to 2026-03-29T00:00:00+00:00, run_after=2026-03-30T00:00:00+00:00
[2026-03-30T08:14:18.698+0000] {processor.py:208} INFO - Processing /opt/airflow/dags/system_dag.py took 0.171 seconds
[2026-03-30T08:14:50.326+0000] {processor.py:186} INFO - Started process (PID=179) to work on /opt/airflow/dags/system_dag.py
[2026-03-30T08:14:50.329+0000] {processor.py:914} INFO - Processing file /opt/airflow/dags/system_dag.py for tasks to queue
[2026-03-30T08:14:50.330+0000] {logging_mixin.py:190} INFO - [2026-03-30T08:14:50.330+0000] {dagbag.py:588} INFO - Filling up the DagBag from /opt/airflow/dags/system_dag.py
[2026-03-30T08:14:50.349+0000] {processor.py:925} INFO - DAG(s) 'system_dag' retrieved from /opt/airflow/dags/system_dag.py
[2026-03-30T08:14:50.387+0000] {logging_mixin.py:190} INFO - [2026-03-30T08:14:50.386+0000] {dag.py:3239} INFO - Sync 1 DAGs
[2026-03-30T08:14:50.421+0000] {logging_mixin.py:190} INFO - [2026-03-30T08:14:50.421+0000] {dag.py:4180} INFO - Setting next_dagrun for system_dag to 2026-03-29T00:00:00+00:00, run_after=2026-03-30T00:00:00+00:00
[2026-03-30T08:14:50.459+0000] {processor.py:208} INFO - Processing /opt/airflow/dags/system_dag.py took 0.139 seconds
[2026-03-30T08:15:22.840+0000] {processor.py:186} INFO - Started process (PID=183) to work on /opt/airflow/dags/system_dag.py
[2026-03-30T08:15:22.841+0000] {processor.py:914} INFO - Processing file /opt/airflow/dags/system_dag.py for tasks to queue
[2026-03-30T08:15:22.843+0000] {logging_mixin.py:190} INFO - [2026-03-30T08:15:22.843+0000] {dagbag.py:588} INFO - Filling up the DagBag from /opt/airflow/dags/system_dag.py
[2026-03-30T08:15:22.878+0000] {processor.py:925} INFO - DAG(s) 'system_dag' retrieved from /opt/airflow/dags/system_dag.py
[2026-03-30T08:15:22.945+0000] {logging_mixin.py:190} INFO - [2026-03-30T08:15:22.945+0000] {dag.py:3239} INFO - Sync 1 DAGs
[2026-03-30T08:15:22.991+0000] {logging_mixin.py:190} INFO - [2026-03-30T08:15:22.991+0000] {dag.py:4180} INFO - Setting next_dagrun for system_dag to 2026-03-29T00:00:00+00:00, run_after=2026-03-30T00:00:00+00:00
[2026-03-30T08:15:23.050+0000] {processor.py:208} INFO - Processing /opt/airflow/dags/system_dag.py took 0.221 seconds
[2026-03-30T08:15:54.571+0000] {processor.py:186} INFO - Started process (PID=187) to work on /opt/airflow/dags/system_dag.py
[2026-03-30T08:15:54.575+0000] {processor.py:914} INFO - Processing file /opt/airflow/dags/system_dag.py for tasks to queue
[2026-03-30T08:15:54.576+0000] {logging_mixin.py:190} INFO - [2026-03-30T08:15:54.576+0000] {dagbag.py:588} INFO - Filling up the DagBag from /opt/airflow/dags/system_dag.py
[2026-03-30T08:15:54.591+0000] {processor.py:925} INFO - DAG(s) 'system_dag' retrieved from /opt/airflow/dags/system_dag.py
[2026-03-30T08:15:54.626+0000] {logging_mixin.py:190} INFO - [2026-03-30T08:15:54.626+0000] {dag.py:3239} INFO - Sync 1 DAGs
[2026-03-30T08:15:54.657+0000] {logging_mixin.py:190} INFO - [2026-03-30T08:15:54.657+0000] {dag.py:4180} INFO - Setting next_dagrun for system_dag to 2026-03-29T00:00:00+00:00, run_after=2026-03-30T00:00:00+00:00
[2026-03-30T08:15:54.707+0000] {processor.py:208} INFO - Processing /opt/airflow/dags/system_dag.py took 0.141 seconds
[2026-03-30T08:16:26.497+0000] {processor.py:186} INFO - Started process (PID=191) to work on /opt/airflow/dags/system_dag.py
[2026-03-30T08:16:26.499+0000] {processor.py:914} INFO - Processing file /opt/airflow/dags/system_dag.py for tasks to queue
[2026-03-30T08:16:26.500+0000] {logging_mixin.py:190} INFO - [2026-03-30T08:16:26.500+0000] {dagbag.py:588} INFO - Filling up the DagBag from /opt/airflow/dags/system_dag.py
[2026-03-30T08:16:26.532+0000] {processor.py:925} INFO - DAG(s) 'system_dag' retrieved from /opt/airflow/dags/system_dag.py
[2026-03-30T08:16:26.595+0000] {logging_mixin.py:190} INFO - [2026-03-30T08:16:26.594+0000] {dag.py:3239} INFO - Sync 1 DAGs
[2026-03-30T08:16:26.638+0000] {logging_mixin.py:190} INFO - [2026-03-30T08:16:26.638+0000] {dag.py:4180} INFO - Setting next_dagrun for system_dag to 2026-03-29T00:00:00+00:00, run_after=2026-03-30T00:00:00+00:00
[2026-03-30T08:16:26.697+0000] {processor.py:208} INFO - Processing /opt/airflow/dags/system_dag.py took 0.210 seconds
[2026-03-30T08:16:58.612+0000] {processor.py:186} INFO - Started process (PID=195) to work on /opt/airflow/dags/system_dag.py
[2026-03-30T08:16:58.613+0000] {processor.py:914} INFO - Processing file /opt/airflow/dags/system_dag.py for tasks to queue
[2026-03-30T08:16:58.618+0000] {logging_mixin.py:190} INFO - [2026-03-30T08:16:58.618+0000] {dagbag.py:588} INFO - Filling up the DagBag from /opt/airflow/dags/system_dag.py
[2026-03-30T08:16:58.641+0000] {processor.py:925} INFO - DAG(s) 'system_dag' retrieved from /opt/airflow/dags/system_dag.py
[2026-03-30T08:16:58.698+0000] {logging_mixin.py:190} INFO - [2026-03-30T08:16:58.697+0000] {dag.py:3239} INFO - Sync 1 DAGs
[2026-03-30T08:16:58.752+0000] {logging_mixin.py:190} INFO - [2026-03-30T08:16:58.752+0000] {dag.py:4180} INFO - Setting next_dagrun for system_dag to 2026-03-29T00:00:00+00:00, run_after=2026-03-30T00:00:00+00:00
[2026-03-30T08:16:58.817+0000] {processor.py:208} INFO - Processing /opt/airflow/dags/system_dag.py took 0.213 seconds
[2026-03-30T08:17:31.381+0000] {processor.py:186} INFO - Started process (PID=199) to work on /opt/airflow/dags/system_dag.py
[2026-03-30T08:17:31.387+0000] {processor.py:914} INFO - Processing file /opt/airflow/dags/system_dag.py for tasks to queue
[2026-03-30T08:17:31.389+0000] {logging_mixin.py:190} INFO - [2026-03-30T08:17:31.388+0000] {dagbag.py:588} INFO - Filling up the DagBag from /opt/airflow/dags/system_dag.py
[2026-03-30T08:17:31.408+0000] {processor.py:925} INFO - DAG(s) 'system_dag' retrieved from /opt/airflow/dags/system_dag.py
[2026-03-30T08:17:31.449+0000] {logging_mixin.py:190} INFO - [2026-03-30T08:17:31.448+0000] {dag.py:3239} INFO - Sync 1 DAGs
[2026-03-30T08:17:31.484+0000] {logging_mixin.py:190} INFO - [2026-03-30T08:17:31.484+0000] {dag.py:4180} INFO - Setting next_dagrun for system_dag to 2026-03-29T00:00:00+00:00, run_after=2026-03-30T00:00:00+00:00
[2026-03-30T08:17:31.514+0000] {processor.py:208} INFO - Processing /opt/airflow/dags/system_dag.py took 0.139 seconds
[2026-03-30T08:18:03.028+0000] {processor.py:186} INFO - Started process (PID=203) to work on /opt/airflow/dags/system_dag.py
[2026-03-30T08:18:03.028+0000] {processor.py:914} INFO - Processing file /opt/airflow/dags/system_dag.py for tasks to queue
[2026-03-30T08:18:03.031+0000] {logging_mixin.py:190} INFO - [2026-03-30T08:18:03.030+0000] {dagbag.py:588} INFO - Filling up the DagBag from /opt/airflow/dags/system_dag.py
[2026-03-30T08:18:03.057+0000] {processor.py:925} INFO - DAG(s) 'system_dag' retrieved from /opt/airflow/dags/system_dag.py
[2026-03-30T08:18:03.109+0000] {logging_mixin.py:190} INFO - [2026-03-30T08:18:03.108+0000] {dag.py:3239} INFO - Sync 1 DAGs
[2026-03-30T08:18:03.153+0000] {logging_mixin.py:190} INFO - [2026-03-30T08:18:03.153+0000] {dag.py:4180} INFO - Setting next_dagrun for system_dag to 2026-03-29T00:00:00+00:00, run_after=2026-03-30T00:00:00+00:00
[2026-03-30T08:18:03.189+0000] {processor.py:208} INFO - Processing /opt/airflow/dags/system_dag.py took 0.169 seconds
[2026-03-30T08:18:35.578+0000] {processor.py:186} INFO - Started process (PID=207) to work on /opt/airflow/dags/system_dag.py
[2026-03-30T08:18:35.581+0000] {processor.py:914} INFO - Processing file /opt/airflow/dags/system_dag.py for tasks to queue
[2026-03-30T08:18:35.583+0000] {logging_mixin.py:190} INFO - [2026-03-30T08:18:35.583+0000] {dagbag.py:588} INFO - Filling up the DagBag from /opt/airflow/dags/system_dag.py
[2026-03-30T08:18:35.613+0000] {processor.py:925} INFO - DAG(s) 'system_dag' retrieved from /opt/airflow/dags/system_dag.py
[2026-03-30T08:18:35.659+0000] {logging_mixin.py:190} INFO - [2026-03-30T08:18:35.659+0000] {dag.py:3239} INFO - Sync 1 DAGs
[2026-03-30T08:18:35.707+0000] {logging_mixin.py:190} INFO - [2026-03-30T08:18:35.707+0000] {dag.py:4180} INFO - Setting next_dagrun for system_dag to 2026-03-29T00:00:00+00:00, run_after=2026-03-30T00:00:00+00:00
[2026-03-30T08:18:35.747+0000] {processor.py:208} INFO - Processing /opt/airflow/dags/system_dag.py took 0.180 seconds
[2026-03-30T08:19:05.855+0000] {processor.py:186} INFO - Started process (PID=211) to work on /opt/airflow/dags/system_dag.py
[2026-03-30T08:19:05.855+0000] {processor.py:914} INFO - Processing file /opt/airflow/dags/system_dag.py for tasks to queue
[2026-03-30T08:19:05.857+0000] {logging_mixin.py:190} INFO - [2026-03-30T08:19:05.857+0000] {dagbag.py:588} INFO - Filling up the DagBag from /opt/airflow/dags/system_dag.py
[2026-03-30T08:19:05.873+0000] {processor.py:925} INFO - DAG(s) 'system_dag' retrieved from /opt/airflow/dags/system_dag.py
[2026-03-30T08:19:07.509+0000] {logging_mixin.py:190} INFO - [2026-03-30T08:19:07.509+0000] {dag.py:3239} INFO - Sync 1 DAGs
[2026-03-30T08:19:07.539+0000] {logging_mixin.py:190} INFO - [2026-03-30T08:19:07.539+0000] {dag.py:4180} INFO - Setting next_dagrun for system_dag to 2026-03-29T00:00:00+00:00, run_after=2026-03-30T00:00:00+00:00
[2026-03-30T08:19:07.572+0000] {processor.py:208} INFO - Processing /opt/airflow/dags/system_dag.py took 0.125 seconds
[2026-03-30T08:19:40.162+0000] {processor.py:186} INFO - Started process (PID=215) to work on /opt/airflow/dags/system_dag.py
[2026-03-30T08:19:40.164+0000] {processor.py:914} INFO - Processing file /opt/airflow/dags/system_dag.py for tasks to queue
[2026-03-30T08:19:40.166+0000] {logging_mixin.py:190} INFO - [2026-03-30T08:19:40.165+0000] {dagbag.py:588} INFO - Filling up the DagBag from /opt/airflow/dags/system_dag.py
[2026-03-30T08:19:40.182+0000] {processor.py:925} INFO - DAG(s) 'system_dag' retrieved from /opt/airflow/dags/system_dag.py
[2026-03-30T08:19:40.232+0000] {logging_mixin.py:190} INFO - [2026-03-30T08:19:40.232+0000] {dag.py:3239} INFO - Sync 1 DAGs
[2026-03-30T08:19:40.271+0000] {logging_mixin.py:190} INFO - [2026-03-30T08:19:40.270+0000] {dag.py:4180} INFO - Setting next_dagrun for system_dag to 2026-03-29T00:00:00+00:00, run_after=2026-03-30T00:00:00+00:00
[2026-03-30T08:19:40.301+0000] {processor.py:208} INFO - Processing /opt/airflow/dags/system_dag.py took 0.144 seconds
[2026-03-30T08:20:12.011+0000] {processor.py:186} INFO - Started process (PID=219) to work on /opt/airflow/dags/system_dag.py
[2026-03-30T08:20:12.012+0000] {processor.py:914} INFO - Processing file /opt/airflow/dags/system_dag.py for tasks to queue
[2026-03-30T08:20:12.013+0000] {logging_mixin.py:190} INFO - [2026-03-30T08:20:12.013+0000] {dagbag.py:588} INFO - Filling up the DagBag from /opt/airflow/dags/system_dag.py
[2026-03-30T08:20:12.035+0000] {processor.py:925} INFO - DAG(s) 'system_dag' retrieved from /opt/airflow/dags/system_dag.py
[2026-03-30T08:20:12.117+0000] {logging_mixin.py:190} INFO - [2026-03-30T08:20:12.117+0000] {dag.py:3239} INFO - Sync 1 DAGs
[2026-03-30T08:20:12.185+0000] {logging_mixin.py:190} INFO - [2026-03-30T08:20:12.185+0000] {dag.py:4180} INFO - Setting next_dagrun for system_dag to 2026-03-29T00:00:00+00:00, run_after=2026-03-30T00:00:00+00:00
[2026-03-30T08:20:12.254+0000] {processor.py:208} INFO - Processing /opt/airflow/dags/system_dag.py took 0.248 seconds
[2026-03-30T08:20:44.802+0000] {processor.py:186} INFO - Started process (PID=223) to work on /opt/airflow/dags/system_dag.py
[2026-03-30T08:20:44.803+0000] {processor.py:914} INFO - Processing file /opt/airflow/dags/system_dag.py for tasks to queue
[2026-03-30T08:20:44.805+0000] {logging_mixin.py:190} INFO - [2026-03-30T08:20:44.804+0000] {dagbag.py:588} INFO - Filling up the DagBag from /opt/airflow/dags/system_dag.py
[2026-03-30T08:20:44.835+0000] {processor.py:925} INFO - DAG(s) 'system_dag' retrieved from /opt/airflow/dags/system_dag.py
[2026-03-30T08:20:44.889+0000] {logging_mixin.py:190} INFO - [2026-03-30T08:20:44.888+0000] {dag.py:3239} INFO - Sync 1 DAGs
[2026-03-30T08:20:44.928+0000] {logging_mixin.py:190} INFO - [2026-03-30T08:20:44.928+0000] {dag.py:4180} INFO - Setting next_dagrun for system_dag to 2026-03-29T00:00:00+00:00, run_after=2026-03-30T00:00:00+00:00
[2026-03-30T08:20:44.969+0000] {processor.py:208} INFO - Processing /opt/airflow/dags/system_dag.py took 0.175 seconds
[2026-03-30T08:21:16.675+0000] {processor.py:186} INFO - Started process (PID=227) to work on /opt/airflow/dags/system_dag.py
[2026-03-30T08:21:16.676+0000] {processor.py:914} INFO - Processing file /opt/airflow/dags/system_dag.py for tasks to queue
[2026-03-30T08:21:16.678+0000] {logging_mixin.py:190} INFO - [2026-03-30T08:21:16.678+0000] {dagbag.py:588} INFO - Filling up the DagBag from /opt/airflow/dags/system_dag.py
[2026-03-30T08:21:16.697+0000] {processor.py:925} INFO - DAG(s) 'system_dag' retrieved from /opt/airflow/dags/system_dag.py
[2026-03-30T08:21:16.745+0000] {logging_mixin.py:190} INFO - [2026-03-30T08:21:16.745+0000] {dag.py:3239} INFO - Sync 1 DAGs
[2026-03-30T08:21:16.783+0000] {logging_mixin.py:190} INFO - [2026-03-30T08:21:16.783+0000] {dag.py:4180} INFO - Setting next_dagrun for system_dag to 2026-03-29T00:00:00+00:00, run_after=2026-03-30T00:00:00+00:00
[2026-03-30T08:21:16.813+0000] {processor.py:208} INFO - Processing /opt/airflow/dags/system_dag.py took 0.144 seconds
[2026-03-30T08:21:48.560+0000] {processor.py:186} INFO - Started process (PID=231) to work on /opt/airflow/dags/system_dag.py
[2026-03-30T08:21:48.561+0000] {processor.py:914} INFO - Processing file /opt/airflow/dags/system_dag.py for tasks to queue
[2026-03-30T08:21:48.563+0000] {logging_mixin.py:190} INFO - [2026-03-30T08:21:48.563+0000] {dagbag.py:588} INFO - Filling up the DagBag from /opt/airflow/dags/system_dag.py
[2026-03-30T08:21:48.600+0000] {processor.py:925} INFO - DAG(s) 'system_dag' retrieved from /opt/airflow/dags/system_dag.py
[2026-03-30T08:21:48.666+0000] {logging_mixin.py:190} INFO - [2026-03-30T08:21:48.665+0000] {dag.py:3239} INFO - Sync 1 DAGs
[2026-03-30T08:21:48.758+0000] {logging_mixin.py:190} INFO - [2026-03-30T08:21:48.758+0000] {dag.py:4180} INFO - Setting next_dagrun for system_dag to 2026-03-29T00:00:00+00:00, run_after=2026-03-30T00:00:00+00:00
[2026-03-30T08:21:48.816+0000] {processor.py:208} INFO - Processing /opt/airflow/dags/system_dag.py took 0.268 seconds
[2026-03-30T08:22:21.675+0000] {processor.py:186} INFO - Started process (PID=237) to work on /opt/airflow/dags/system_dag.py
[2026-03-30T08:22:21.675+0000] {processor.py:914} INFO - Processing file /opt/airflow/dags/system_dag.py for tasks to queue
[2026-03-30T08:22:21.677+0000] {logging_mixin.py:190} INFO - [2026-03-30T08:22:21.676+0000] {dagbag.py:588} INFO - Filling up the DagBag from /opt/airflow/dags/system_dag.py
[2026-03-30T08:22:21.701+0000] {processor.py:925} INFO - DAG(s) 'system_dag' retrieved from /opt/airflow/dags/system_dag.py
[2026-03-30T08:22:21.763+0000] {logging_mixin.py:190} INFO - [2026-03-30T08:22:21.763+0000] {dag.py:3239} INFO - Sync 1 DAGs
[2026-03-30T08:22:21.804+0000] {logging_mixin.py:190} INFO - [2026-03-30T08:22:21.804+0000] {dag.py:4180} INFO - Setting next_dagrun for system_dag to 2026-03-29T00:00:00+00:00, run_after=2026-03-30T00:00:00+00:00
[2026-03-30T08:22:21.839+0000] {processor.py:208} INFO - Processing /opt/airflow/dags/system_dag.py took 0.173 seconds
[2026-03-30T08:22:54.009+0000] {processor.py:186} INFO - Started process (PID=241) to work on /opt/airflow/dags/system_dag.py
[2026-03-30T08:22:54.010+0000] {processor.py:914} INFO - Processing file /opt/airflow/dags/system_dag.py for tasks to queue
[2026-03-30T08:22:54.012+0000] {logging_mixin.py:190} INFO - [2026-03-30T08:22:54.011+0000] {dagbag.py:588} INFO - Filling up the DagBag from /opt/airflow/dags/system_dag.py
[2026-03-30T08:22:54.044+0000] {processor.py:925} INFO - DAG(s) 'system_dag' retrieved from /opt/airflow/dags/system_dag.py
[2026-03-30T08:22:54.117+0000] {logging_mixin.py:190} INFO - [2026-03-30T08:22:54.117+0000] {dag.py:3239} INFO - Sync 1 DAGs
[2026-03-30T08:22:54.260+0000] {logging_mixin.py:190} INFO - [2026-03-30T08:22:54.259+0000] {dag.py:4180} INFO - Setting next_dagrun for system_dag to 2026-03-29T00:00:00+00:00, run_after=2026-03-30T00:00:00+00:00
[2026-03-30T08:22:54.797+0000] {processor.py:208} INFO - Processing /opt/airflow/dags/system_dag.py took 0.794 seconds
[2026-03-30T08:23:25.978+0000] {processor.py:186} INFO - Started process (PID=245) to work on /opt/airflow/dags/system_dag.py
[2026-03-30T08:23:25.979+0000] {processor.py:914} INFO - Processing file /opt/airflow/dags/system_dag.py for tasks to queue
[2026-03-30T08:23:25.981+0000] {logging_mixin.py:190} INFO - [2026-03-30T08:23:25.981+0000] {dagbag.py:588} INFO - Filling up the DagBag from /opt/airflow/dags/system_dag.py
[2026-03-30T08:23:26.015+0000] {processor.py:925} INFO - DAG(s) 'system_dag' retrieved from /opt/airflow/dags/system_dag.py
[2026-03-30T08:23:26.099+0000] {logging_mixin.py:190} INFO - [2026-03-30T08:23:26.099+0000] {dag.py:3239} INFO - Sync 1 DAGs
[2026-03-30T08:23:26.172+0000] {logging_mixin.py:190} INFO - [2026-03-30T08:23:26.171+0000] {dag.py:4180} INFO - Setting next_dagrun for system_dag to 2026-03-29T00:00:00+00:00, run_after=2026-03-30T00:00:00+00:00
[2026-03-30T08:23:26.240+0000] {processor.py:208} INFO - Processing /opt/airflow/dags/system_dag.py took 0.270 seconds
[2026-03-30T08:23:58.226+0000] {processor.py:186} INFO - Started process (PID=249) to work on /opt/airflow/dags/system_dag.py
[2026-03-30T08:23:58.228+0000] {processor.py:914} INFO - Processing file /opt/airflow/dags/system_dag.py for tasks to queue
[2026-03-30T08:23:58.230+0000] {logging_mixin.py:190} INFO - [2026-03-30T08:23:58.230+0000] {dagbag.py:588} INFO - Filling up the DagBag from /opt/airflow/dags/system_dag.py
[2026-03-30T08:23:58.255+0000] {processor.py:925} INFO - DAG(s) 'system_dag' retrieved from /opt/airflow/dags/system_dag.py
[2026-03-30T08:23:58.306+0000] {logging_mixin.py:190} INFO - [2026-03-30T08:23:58.306+0000] {dag.py:3239} INFO - Sync 1 DAGs
[2026-03-30T08:23:58.346+0000] {logging_mixin.py:190} INFO - [2026-03-30T08:23:58.346+0000] {dag.py:4180} INFO - Setting next_dagrun for system_dag to 2026-03-29T00:00:00+00:00, run_after=2026-03-30T00:00:00+00:00
[2026-03-30T08:23:58.373+0000] {processor.py:208} INFO - Processing /opt/airflow/dags/system_dag.py took 0.155 seconds
[2026-03-30T08:24:30.088+0000] {processor.py:186} INFO - Started process (PID=253) to work on /opt/airflow/dags/system_dag.py
[2026-03-30T08:24:30.089+0000] {processor.py:914} INFO - Processing file /opt/airflow/dags/system_dag.py for tasks to queue
[2026-03-30T08:24:30.090+0000] {logging_mixin.py:190} INFO - [2026-03-30T08:24:30.090+0000] {dagbag.py:588} INFO - Filling up the DagBag from /opt/airflow/dags/system_dag.py
[2026-03-30T08:24:30.115+0000] {processor.py:925} INFO - DAG(s) 'system_dag' retrieved from /opt/airflow/dags/system_dag.py
[2026-03-30T08:24:30.157+0000] {logging_mixin.py:190} INFO - [2026-03-30T08:24:30.157+0000] {dag.py:3239} INFO - Sync 1 DAGs
[2026-03-30T08:24:30.190+0000] {logging_mixin.py:190} INFO - [2026-03-30T08:24:30.190+0000] {dag.py:4180} INFO - Setting next_dagrun for system_dag to 2026-03-29T00:00:00+00:00, run_after=2026-03-30T00:00:00+00:00
[2026-03-30T08:24:30.216+0000] {processor.py:208} INFO - Processing /opt/airflow/dags/system_dag.py took 0.136 seconds
[2026-03-30T08:25:01.963+0000] {processor.py:186} INFO - Started process (PID=257) to work on /opt/airflow/dags/system_dag.py
[2026-03-30T08:25:01.964+0000] {processor.py:914} INFO - Processing file /opt/airflow/dags/system_dag.py for tasks to queue
[2026-03-30T08:25:01.966+0000] {logging_mixin.py:190} INFO - [2026-03-30T08:25:01.966+0000] {dagbag.py:588} INFO - Filling up the DagBag from /opt/airflow/dags/system_dag.py
[2026-03-30T08:25:01.986+0000] {processor.py:925} INFO - DAG(s) 'system_dag' retrieved from /opt/airflow/dags/system_dag.py
[2026-03-30T08:25:02.028+0000] {logging_mixin.py:190} INFO - [2026-03-30T08:25:02.027+0000] {dag.py:3239} INFO - Sync 1 DAGs
[2026-03-30T08:25:02.057+0000] {logging_mixin.py:190} INFO - [2026-03-30T08:25:02.057+0000] {dag.py:4180} INFO - Setting next_dagrun for system_dag to 2026-03-29T00:00:00+00:00, run_after=2026-03-30T00:00:00+00:00
[2026-03-30T08:25:02.088+0000] {processor.py:208} INFO - Processing /opt/airflow/dags/system_dag.py took 0.133 seconds
[2026-03-30T08:25:34.982+0000] {processor.py:186} INFO - Started process (PID=261) to work on /opt/airflow/dags/system_dag.py
[2026-03-30T08:25:34.983+0000] {processor.py:914} INFO - Processing file /opt/airflow/dags/system_dag.py for tasks to queue
[2026-03-30T08:25:34.984+0000] {logging_mixin.py:190} INFO - [2026-03-30T08:25:34.984+0000] {dagbag.py:588} INFO - Filling up the DagBag from /opt/airflow/dags/system_dag.py
[2026-03-30T08:25:35.004+0000] {processor.py:925} INFO - DAG(s) 'system_dag' retrieved from /opt/airflow/dags/system_dag.py
[2026-03-30T08:25:35.041+0000] {logging_mixin.py:190} INFO - [2026-03-30T08:25:35.041+0000] {dag.py:3239} INFO - Sync 1 DAGs
[2026-03-30T08:25:35.070+0000] {logging_mixin.py:190} INFO - [2026-03-30T08:25:35.070+0000] {dag.py:4180} INFO - Setting next_dagrun for system_dag to 2026-03-29T00:00:00+00:00, run_after=2026-03-30T00:00:00+00:00
[2026-03-30T08:25:35.099+0000] {processor.py:208} INFO - Processing /opt/airflow/dags/system_dag.py took 0.125 seconds
[2026-03-30T08:26:06.688+0000] {processor.py:186} INFO - Started process (PID=265) to work on /opt/airflow/dags/system_dag.py
[2026-03-30T08:26:06.689+0000] {processor.py:914} INFO - Processing file /opt/airflow/dags/system_dag.py for tasks to queue
[2026-03-30T08:26:06.691+0000] {logging_mixin.py:190} INFO - [2026-03-30T08:26:06.690+0000] {dagbag.py:588} INFO - Filling up the DagBag from /opt/airflow/dags/system_dag.py
[2026-03-30T08:26:06.709+0000] {processor.py:925} INFO - DAG(s) 'system_dag' retrieved from /opt/airflow/dags/system_dag.py
[2026-03-30T08:26:06.745+0000] {logging_mixin.py:190} INFO - [2026-03-30T08:26:06.744+0000] {dag.py:3239} INFO - Sync 1 DAGs
[2026-03-30T08:26:06.770+0000] {logging_mixin.py:190} INFO - [2026-03-30T08:26:06.770+0000] {dag.py:4180} INFO - Setting next_dagrun for system_dag to 2026-03-29T00:00:00+00:00, run_after=2026-03-30T00:00:00+00:00
[2026-03-30T08:26:06.790+0000] {processor.py:208} INFO - Processing /opt/airflow/dags/system_dag.py took 0.108 seconds
[2026-03-30T08:26:39.478+0000] {processor.py:186} INFO - Started process (PID=269) to work on /opt/airflow/dags/system_dag.py
[2026-03-30T08:26:39.479+0000] {processor.py:914} INFO - Processing file /opt/airflow/dags/system_dag.py for tasks to queue
[2026-03-30T08:26:39.480+0000] {logging_mixin.py:190} INFO - [2026-03-30T08:26:39.480+0000] {dagbag.py:588} INFO - Filling up the DagBag from /opt/airflow/dags/system_dag.py
[2026-03-30T08:26:39.498+0000] {processor.py:925} INFO - DAG(s) 'system_dag' retrieved from /opt/airflow/dags/system_dag.py
[2026-03-30T08:26:39.534+0000] {logging_mixin.py:190} INFO - [2026-03-30T08:26:39.533+0000] {dag.py:3239} INFO - Sync 1 DAGs
[2026-03-30T08:26:39.562+0000] {logging_mixin.py:190} INFO - [2026-03-30T08:26:39.562+0000] {dag.py:4180} INFO - Setting next_dagrun for system_dag to 2026-03-29T00:00:00+00:00, run_after=2026-03-30T00:00:00+00:00
[2026-03-30T08:26:39.585+0000] {processor.py:208} INFO - Processing /opt/airflow/dags/system_dag.py took 0.113 seconds
[2026-03-30T08:27:11.336+0000] {processor.py:186} INFO - Started process (PID=273) to work on /opt/airflow/dags/system_dag.py
[2026-03-30T08:27:11.337+0000] {processor.py:914} INFO - Processing file /opt/airflow/dags/system_dag.py for tasks to queue
[2026-03-30T08:27:11.339+0000] {logging_mixin.py:190} INFO - [2026-03-30T08:27:11.338+0000] {dagbag.py:588} INFO - Filling up the DagBag from /opt/airflow/dags/system_dag.py
[2026-03-30T08:27:11.358+0000] {processor.py:925} INFO - DAG(s) 'system_dag' retrieved from /opt/airflow/dags/system_dag.py
[2026-03-30T08:27:11.398+0000] {logging_mixin.py:190} INFO - [2026-03-30T08:27:11.398+0000] {dag.py:3239} INFO - Sync 1 DAGs
[2026-03-30T08:27:11.439+0000] {logging_mixin.py:190} INFO - [2026-03-30T08:27:11.439+0000] {dag.py:4180} INFO - Setting next_dagrun for system_dag to 2026-03-29T00:00:00+00:00, run_after=2026-03-30T00:00:00+00:00
[2026-03-30T08:27:11.467+0000] {processor.py:208} INFO - Processing /opt/airflow/dags/system_dag.py took 0.137 seconds
[2026-03-30T08:27:43.244+0000] {processor.py:186} INFO - Started process (PID=277) to work on /opt/airflow/dags/system_dag.py
[2026-03-30T08:27:43.244+0000] {processor.py:914} INFO - Processing file /opt/airflow/dags/system_dag.py for tasks to queue
[2026-03-30T08:27:43.246+0000] {logging_mixin.py:190} INFO - [2026-03-30T08:27:43.245+0000] {dagbag.py:588} INFO - Filling up the DagBag from /opt/airflow/dags/system_dag.py
[2026-03-30T08:27:43.264+0000] {processor.py:925} INFO - DAG(s) 'system_dag' retrieved from /opt/airflow/dags/system_dag.py
[2026-03-30T08:27:43.298+0000] {logging_mixin.py:190} INFO - [2026-03-30T08:27:43.298+0000] {dag.py:3239} INFO - Sync 1 DAGs
[2026-03-30T08:27:43.324+0000] {logging_mixin.py:190} INFO - [2026-03-30T08:27:43.324+0000] {dag.py:4180} INFO - Setting next_dagrun for system_dag to 2026-03-29T00:00:00+00:00, run_after=2026-03-30T00:00:00+00:00
[2026-03-30T08:27:43.349+0000] {processor.py:208} INFO - Processing /opt/airflow/dags/system_dag.py took 0.113 seconds
[2026-03-30T08:28:15.916+0000] {processor.py:186} INFO - Started process (PID=281) to work on /opt/airflow/dags/system_dag.py
[2026-03-30T08:28:15.917+0000] {processor.py:914} INFO - Processing file /opt/airflow/dags/system_dag.py for tasks to queue
[2026-03-30T08:28:15.918+0000] {logging_mixin.py:190} INFO - [2026-03-30T08:28:15.918+0000] {dagbag.py:588} INFO - Filling up the DagBag from /opt/airflow/dags/system_dag.py
[2026-03-30T08:28:15.936+0000] {processor.py:925} INFO - DAG(s) 'system_dag' retrieved from /opt/airflow/dags/system_dag.py
[2026-03-30T08:28:15.972+0000] {logging_mixin.py:190} INFO - [2026-03-30T08:28:15.972+0000] {dag.py:3239} INFO - Sync 1 DAGs
[2026-03-30T08:28:16.000+0000] {logging_mixin.py:190} INFO - [2026-03-30T08:28:16.000+0000] {dag.py:4180} INFO - Setting next_dagrun for system_dag to 2026-03-29T00:00:00+00:00, run_after=2026-03-30T00:00:00+00:00
[2026-03-30T08:28:16.022+0000] {processor.py:208} INFO - Processing /opt/airflow/dags/system_dag.py took 0.113 seconds
[2026-03-30T08:28:48.650+0000] {processor.py:186} INFO - Started process (PID=285) to work on /opt/airflow/dags/system_dag.py
[2026-03-30T08:28:48.651+0000] {processor.py:914} INFO - Processing file /opt/airflow/dags/system_dag.py for tasks to queue
[2026-03-30T08:28:48.652+0000] {logging_mixin.py:190} INFO - [2026-03-30T08:28:48.652+0000] {dagbag.py:588} INFO - Filling up the DagBag from /opt/airflow/dags/system_dag.py
[2026-03-30T08:28:48.672+0000] {processor.py:925} INFO - DAG(s) 'system_dag' retrieved from /opt/airflow/dags/system_dag.py
[2026-03-30T08:28:48.707+0000] {logging_mixin.py:190} INFO - [2026-03-30T08:28:48.706+0000] {dag.py:3239} INFO - Sync 1 DAGs
[2026-03-30T08:28:48.736+0000] {logging_mixin.py:190} INFO - [2026-03-30T08:28:48.735+0000] {dag.py:4180} INFO - Setting next_dagrun for system_dag to 2026-03-29T00:00:00+00:00, run_after=2026-03-30T00:00:00+00:00
[2026-03-30T08:28:48.755+0000] {processor.py:208} INFO - Processing /opt/airflow/dags/system_dag.py took 0.113 seconds
[2026-03-30T08:29:20.462+0000] {processor.py:186} INFO - Started process (PID=289) to work on /opt/airflow/dags/system_dag.py
[2026-03-30T08:29:20.463+0000] {processor.py:914} INFO - Processing file /opt/airflow/dags/system_dag.py for tasks to queue
[2026-03-30T08:29:20.465+0000] {logging_mixin.py:190} INFO - [2026-03-30T08:29:20.464+0000] {dagbag.py:588} INFO - Filling up the DagBag from /opt/airflow/dags/system_dag.py
[2026-03-30T08:29:20.486+0000] {processor.py:925} INFO - DAG(s) 'system_dag' retrieved from /opt/airflow/dags/system_dag.py
[2026-03-30T08:29:20.525+0000] {logging_mixin.py:190} INFO - [2026-03-30T08:29:20.525+0000] {dag.py:3239} INFO - Sync 1 DAGs
[2026-03-30T08:29:20.554+0000] {logging_mixin.py:190} INFO - [2026-03-30T08:29:20.554+0000] {dag.py:4180} INFO - Setting next_dagrun for system_dag to 2026-03-29T00:00:00+00:00, run_after=2026-03-30T00:00:00+00:00
[2026-03-30T08:29:20.581+0000] {processor.py:208} INFO - Processing /opt/airflow/dags/system_dag.py took 0.124 seconds
[2026-03-30T08:29:52.366+0000] {processor.py:186} INFO - Started process (PID=293) to work on /opt/airflow/dags/system_dag.py
[2026-03-30T08:29:52.367+0000] {processor.py:914} INFO - Processing file /opt/airflow/dags/system_dag.py for tasks to queue
[2026-03-30T08:29:52.368+0000] {logging_mixin.py:190} INFO - [2026-03-30T08:29:52.368+0000] {dagbag.py:588} INFO - Filling up the DagBag from /opt/airflow/dags/system_dag.py
[2026-03-30T08:29:52.383+0000] {processor.py:925} INFO - DAG(s) 'system_dag' retrieved from /opt/airflow/dags/system_dag.py
[2026-03-30T08:29:52.415+0000] {logging_mixin.py:190} INFO - [2026-03-30T08:29:52.415+0000] {dag.py:3239} INFO - Sync 1 DAGs
[2026-03-30T08:29:52.441+0000] {logging_mixin.py:190} INFO - [2026-03-30T08:29:52.441+0000] {dag.py:4180} INFO - Setting next_dagrun for system_dag to 2026-03-29T00:00:00+00:00, run_after=2026-03-30T00:00:00+00:00
[2026-03-30T08:29:52.462+0000] {processor.py:208} INFO - Processing /opt/airflow/dags/system_dag.py took 0.102 seconds
[2026-03-30T08:30:24.973+0000] {processor.py:186} INFO - Started process (PID=297) to work on /opt/airflow/dags/system_dag.py
[2026-03-30T08:30:24.973+0000] {processor.py:914} INFO - Processing file /opt/airflow/dags/system_dag.py for tasks to queue
[2026-03-30T08:30:24.975+0000] {logging_mixin.py:190} INFO - [2026-03-30T08:30:24.974+0000] {dagbag.py:588} INFO - Filling up the DagBag from /opt/airflow/dags/system_dag.py
[2026-03-30T08:30:24.992+0000] {processor.py:925} INFO - DAG(s) 'system_dag' retrieved from /opt/airflow/dags/system_dag.py
[2026-03-30T08:30:25.023+0000] {logging_mixin.py:190} INFO - [2026-03-30T08:30:25.022+0000] {dag.py:3239} INFO - Sync 1 DAGs
[2026-03-30T08:30:25.047+0000] {logging_mixin.py:190} INFO - [2026-03-30T08:30:25.047+0000] {dag.py:4180} INFO - Setting next_dagrun for system_dag to 2026-03-29T00:00:00+00:00, run_after=2026-03-30T00:00:00+00:00
[2026-03-30T08:30:25.065+0000] {processor.py:208} INFO - Processing /opt/airflow/dags/system_dag.py took 0.098 seconds
[2026-03-30T08:30:56.712+0000] {processor.py:186} INFO - Started process (PID=301) to work on /opt/airflow/dags/system_dag.py
[2026-03-30T08:30:56.712+0000] {processor.py:914} INFO - Processing file /opt/airflow/dags/system_dag.py for tasks to queue
[2026-03-30T08:30:56.714+0000] {logging_mixin.py:190} INFO - [2026-03-30T08:30:56.713+0000] {dagbag.py:588} INFO - Filling up the DagBag from /opt/airflow/dags/system_dag.py
[2026-03-30T08:30:56.733+0000] {processor.py:925} INFO - DAG(s) 'system_dag' retrieved from /opt/airflow/dags/system_dag.py
[2026-03-30T08:30:56.768+0000] {logging_mixin.py:190} INFO - [2026-03-30T08:30:56.768+0000] {dag.py:3239} INFO - Sync 1 DAGs
[2026-03-30T08:30:56.792+0000] {logging_mixin.py:190} INFO - [2026-03-30T08:30:56.791+0000] {dag.py:4180} INFO - Setting next_dagrun for system_dag to 2026-03-29T00:00:00+00:00, run_after=2026-03-30T00:00:00+00:00
[2026-03-30T08:30:56.818+0000] {processor.py:208} INFO - Processing /opt/airflow/dags/system_dag.py took 0.113 seconds
[2026-03-30T08:31:29.549+0000] {processor.py:186} INFO - Started process (PID=305) to work on /opt/airflow/dags/system_dag.py
[2026-03-30T08:31:29.549+0000] {processor.py:914} INFO - Processing file /opt/airflow/dags/system_dag.py for tasks to queue
[2026-03-30T08:31:29.551+0000] {logging_mixin.py:190} INFO - [2026-03-30T08:31:29.551+0000] {dagbag.py:588} INFO - Filling up the DagBag from /opt/airflow/dags/system_dag.py
[2026-03-30T08:31:29.567+0000] {processor.py:925} INFO - DAG(s) 'system_dag' retrieved from /opt/airflow/dags/system_dag.py
[2026-03-30T08:31:29.601+0000] {logging_mixin.py:190} INFO - [2026-03-30T08:31:29.600+0000] {dag.py:3239} INFO - Sync 1 DAGs
[2026-03-30T08:31:29.628+0000] {logging_mixin.py:190} INFO - [2026-03-30T08:31:29.628+0000] {dag.py:4180} INFO - Setting next_dagrun for system_dag to 2026-03-29T00:00:00+00:00, run_after=2026-03-30T00:00:00+00:00
[2026-03-30T08:31:29.647+0000] {processor.py:208} INFO - Processing /opt/airflow/dags/system_dag.py took 0.104 seconds
[2026-03-30T08:32:01.458+0000] {processor.py:186} INFO - Started process (PID=309) to work on /opt/airflow/dags/system_dag.py
[2026-03-30T08:32:01.459+0000] {processor.py:914} INFO - Processing file /opt/airflow/dags/system_dag.py for tasks to queue
[2026-03-30T08:32:01.460+0000] {logging_mixin.py:190} INFO - [2026-03-30T08:32:01.460+0000] {dagbag.py:588} INFO - Filling up the DagBag from /opt/airflow/dags/system_dag.py
[2026-03-30T08:32:01.478+0000] {processor.py:925} INFO - DAG(s) 'system_dag' retrieved from /opt/airflow/dags/system_dag.py
[2026-03-30T08:32:01.511+0000] {logging_mixin.py:190} INFO - [2026-03-30T08:32:01.511+0000] {dag.py:3239} INFO - Sync 1 DAGs
[2026-03-30T08:32:01.537+0000] {logging_mixin.py:190} INFO - [2026-03-30T08:32:01.537+0000] {dag.py:4180} INFO - Setting next_dagrun for system_dag to 2026-03-29T00:00:00+00:00, run_after=2026-03-30T00:00:00+00:00
[2026-03-30T08:32:01.555+0000] {processor.py:208} INFO - Processing /opt/airflow/dags/system_dag.py took 0.103 seconds
[2026-03-30T08:32:34.092+0000] {processor.py:186} INFO - Started process (PID=313) to work on /opt/airflow/dags/system_dag.py
[2026-03-30T08:32:34.093+0000] {processor.py:914} INFO - Processing file /opt/airflow/dags/system_dag.py for tasks to queue
[2026-03-30T08:32:34.094+0000] {logging_mixin.py:190} INFO - [2026-03-30T08:32:34.094+0000] {dagbag.py:588} INFO - Filling up the DagBag from /opt/airflow/dags/system_dag.py
[2026-03-30T08:32:34.110+0000] {processor.py:925} INFO - DAG(s) 'system_dag' retrieved from /opt/airflow/dags/system_dag.py
[2026-03-30T08:32:34.141+0000] {logging_mixin.py:190} INFO - [2026-03-30T08:32:34.141+0000] {dag.py:3239} INFO - Sync 1 DAGs
[2026-03-30T08:32:34.165+0000] {logging_mixin.py:190} INFO - [2026-03-30T08:32:34.165+0000] {dag.py:4180} INFO - Setting next_dagrun for system_dag to 2026-03-29T00:00:00+00:00, run_after=2026-03-30T00:00:00+00:00
[2026-03-30T08:32:34.183+0000] {processor.py:208} INFO - Processing /opt/airflow/dags/system_dag.py took 0.096 seconds
[2026-03-30T08:33:05.800+0000] {processor.py:186} INFO - Started process (PID=317) to work on /opt/airflow/dags/system_dag.py
[2026-03-30T08:33:05.800+0000] {processor.py:914} INFO - Processing file /opt/airflow/dags/system_dag.py for tasks to queue
[2026-03-30T08:33:05.802+0000] {logging_mixin.py:190} INFO - [2026-03-30T08:33:05.802+0000] {dagbag.py:588} INFO - Filling up the DagBag from /opt/airflow/dags/system_dag.py
[2026-03-30T08:33:05.822+0000] {processor.py:925} INFO - DAG(s) 'system_dag' retrieved from /opt/airflow/dags/system_dag.py
[2026-03-30T08:33:05.859+0000] {logging_mixin.py:190} INFO - [2026-03-30T08:33:05.859+0000] {dag.py:3239} INFO - Sync 1 DAGs
[2026-03-30T08:33:05.895+0000] {logging_mixin.py:190} INFO - [2026-03-30T08:33:05.895+0000] {dag.py:4180} INFO - Setting next_dagrun for system_dag to 2026-03-29T00:00:00+00:00, run_after=2026-03-30T00:00:00+00:00
[2026-03-30T08:33:05.927+0000] {processor.py:208} INFO - Processing /opt/airflow/dags/system_dag.py took 0.134 seconds
[2026-03-30T08:33:38.754+0000] {processor.py:186} INFO - Started process (PID=321) to work on /opt/airflow/dags/system_dag.py
[2026-03-30T08:33:38.755+0000] {processor.py:914} INFO - Processing file /opt/airflow/dags/system_dag.py for tasks to queue
[2026-03-30T08:33:38.756+0000] {logging_mixin.py:190} INFO - [2026-03-30T08:33:38.756+0000] {dagbag.py:588} INFO - Filling up the DagBag from /opt/airflow/dags/system_dag.py
[2026-03-30T08:33:38.773+0000] {processor.py:925} INFO - DAG(s) 'system_dag' retrieved from /opt/airflow/dags/system_dag.py
[2026-03-30T08:33:38.807+0000] {logging_mixin.py:190} INFO - [2026-03-30T08:33:38.807+0000] {dag.py:3239} INFO - Sync 1 DAGs
[2026-03-30T08:33:38.836+0000] {logging_mixin.py:190} INFO - [2026-03-30T08:33:38.835+0000] {dag.py:4180} INFO - Setting next_dagrun for system_dag to 2026-03-29T00:00:00+00:00, run_after=2026-03-30T00:00:00+00:00
[2026-03-30T08:33:38.856+0000] {processor.py:208} INFO - Processing /opt/airflow/dags/system_dag.py took 0.107 seconds
[2026-03-30T08:34:10.676+0000] {processor.py:186} INFO - Started process (PID=325) to work on /opt/airflow/dags/system_dag.py
[2026-03-30T08:34:10.677+0000] {processor.py:914} INFO - Processing file /opt/airflow/dags/system_dag.py for tasks to queue
[2026-03-30T08:34:10.678+0000] {logging_mixin.py:190} INFO - [2026-03-30T08:34:10.678+0000] {dagbag.py:588} INFO - Filling up the DagBag from /opt/airflow/dags/system_dag.py
[2026-03-30T08:34:10.702+0000] {processor.py:925} INFO - DAG(s) 'system_dag' retrieved from /opt/airflow/dags/system_dag.py
[2026-03-30T08:34:10.744+0000] {logging_mixin.py:190} INFO - [2026-03-30T08:34:10.744+0000] {dag.py:3239} INFO - Sync 1 DAGs
[2026-03-30T08:34:10.778+0000] {logging_mixin.py:190} INFO - [2026-03-30T08:34:10.778+0000] {dag.py:4180} INFO - Setting next_dagrun for system_dag to 2026-03-29T00:00:00+00:00, run_after=2026-03-30T00:00:00+00:00
[2026-03-30T08:34:10.803+0000] {processor.py:208} INFO - Processing /opt/airflow/dags/system_dag.py took 0.133 seconds
[2026-03-30T08:34:43.613+0000] {processor.py:186} INFO - Started process (PID=329) to work on /opt/airflow/dags/system_dag.py
[2026-03-30T08:34:43.613+0000] {processor.py:914} INFO - Processing file /opt/airflow/dags/system_dag.py for tasks to queue
[2026-03-30T08:34:43.615+0000] {logging_mixin.py:190} INFO - [2026-03-30T08:34:43.615+0000] {dagbag.py:588} INFO - Filling up the DagBag from /opt/airflow/dags/system_dag.py
[2026-03-30T08:34:43.633+0000] {processor.py:925} INFO - DAG(s) 'system_dag' retrieved from /opt/airflow/dags/system_dag.py
[2026-03-30T08:34:43.674+0000] {logging_mixin.py:190} INFO - [2026-03-30T08:34:43.674+0000] {dag.py:3239} INFO - Sync 1 DAGs
[2026-03-30T08:34:43.706+0000] {logging_mixin.py:190} INFO - [2026-03-30T08:34:43.706+0000] {dag.py:4180} INFO - Setting next_dagrun for system_dag to 2026-03-29T00:00:00+00:00, run_after=2026-03-30T00:00:00+00:00
[2026-03-30T08:34:43.729+0000] {processor.py:208} INFO - Processing /opt/airflow/dags/system_dag.py took 0.124 seconds
[2026-03-30T08:35:15.743+0000] {processor.py:186} INFO - Started process (PID=333) to work on /opt/airflow/dags/system_dag.py
[2026-03-30T08:35:15.744+0000] {processor.py:914} INFO - Processing file /opt/airflow/dags/system_dag.py for tasks to queue
[2026-03-30T08:35:15.747+0000] {logging_mixin.py:190} INFO - [2026-03-30T08:35:15.747+0000] {dagbag.py:588} INFO - Filling up the DagBag from /opt/airflow/dags/system_dag.py
[2026-03-30T08:35:15.771+0000] {processor.py:925} INFO - DAG(s) 'system_dag' retrieved from /opt/airflow/dags/system_dag.py
[2026-03-30T08:35:15.840+0000] {logging_mixin.py:190} INFO - [2026-03-30T08:35:15.839+0000] {dag.py:3239} INFO - Sync 1 DAGs
[2026-03-30T08:35:15.888+0000] {logging_mixin.py:190} INFO - [2026-03-30T08:35:15.888+0000] {dag.py:4180} INFO - Setting next_dagrun for system_dag to 2026-03-29T00:00:00+00:00, run_after=2026-03-30T00:00:00+00:00
[2026-03-30T08:35:15.931+0000] {processor.py:208} INFO - Processing /opt/airflow/dags/system_dag.py took 0.196 seconds
[2026-03-30T08:35:48.201+0000] {processor.py:186} INFO - Started process (PID=337) to work on /opt/airflow/dags/system_dag.py
[2026-03-30T08:35:48.202+0000] {processor.py:914} INFO - Processing file /opt/airflow/dags/system_dag.py for tasks to queue
[2026-03-30T08:35:48.203+0000] {logging_mixin.py:190} INFO - [2026-03-30T08:35:48.203+0000] {dagbag.py:588} INFO - Filling up the DagBag from /opt/airflow/dags/system_dag.py
[2026-03-30T08:35:48.226+0000] {processor.py:925} INFO - DAG(s) 'system_dag' retrieved from /opt/airflow/dags/system_dag.py
[2026-03-30T08:35:48.273+0000] {logging_mixin.py:190} INFO - [2026-03-30T08:35:48.273+0000] {dag.py:3239} INFO - Sync 1 DAGs
[2026-03-30T08:35:48.300+0000] {logging_mixin.py:190} INFO - [2026-03-30T08:35:48.300+0000] {dag.py:4180} INFO - Setting next_dagrun for system_dag to 2026-03-29T00:00:00+00:00, run_after=2026-03-30T00:00:00+00:00
[2026-03-30T08:35:48.320+0000] {processor.py:208} INFO - Processing /opt/airflow/dags/system_dag.py took 0.127 seconds
[2026-03-30T08:36:21.140+0000] {processor.py:186} INFO - Started process (PID=341) to work on /opt/airflow/dags/system_dag.py
[2026-03-30T08:36:21.141+0000] {processor.py:914} INFO - Processing file /opt/airflow/dags/system_dag.py for tasks to queue
[2026-03-30T08:36:21.146+0000] {logging_mixin.py:190} INFO - [2026-03-30T08:36:21.145+0000] {dagbag.py:588} INFO - Filling up the DagBag from /opt/airflow/dags/system_dag.py
[2026-03-30T08:36:21.173+0000] {processor.py:925} INFO - DAG(s) 'system_dag' retrieved from /opt/airflow/dags/system_dag.py
[2026-03-30T08:36:21.215+0000] {logging_mixin.py:190} INFO - [2026-03-30T08:36:21.215+0000] {dag.py:3239} INFO - Sync 1 DAGs
[2026-03-30T08:36:21.252+0000] {logging_mixin.py:190} INFO - [2026-03-30T08:36:21.252+0000] {dag.py:4180} INFO - Setting next_dagrun for system_dag to 2026-03-29T00:00:00+00:00, run_after=2026-03-30T00:00:00+00:00
[2026-03-30T08:36:21.286+0000] {processor.py:208} INFO - Processing /opt/airflow/dags/system_dag.py took 0.154 seconds
[2026-03-30T08:36:52.965+0000] {processor.py:186} INFO - Started process (PID=345) to work on /opt/airflow/dags/system_dag.py
[2026-03-30T08:36:52.966+0000] {processor.py:914} INFO - Processing file /opt/airflow/dags/system_dag.py for tasks to queue
[2026-03-30T08:36:52.968+0000] {logging_mixin.py:190} INFO - [2026-03-30T08:36:52.968+0000] {dagbag.py:588} INFO - Filling up the DagBag from /opt/airflow/dags/system_dag.py
[2026-03-30T08:36:53.021+0000] {processor.py:925} INFO - DAG(s) 'system_dag' retrieved from /opt/airflow/dags/system_dag.py
[2026-03-30T08:36:53.110+0000] {logging_mixin.py:190} INFO - [2026-03-30T08:36:53.110+0000] {dag.py:3239} INFO - Sync 1 DAGs
[2026-03-30T08:36:53.192+0000] {logging_mixin.py:190} INFO - [2026-03-30T08:36:53.192+0000] {dag.py:4180} INFO - Setting next_dagrun for system_dag to 2026-03-29T00:00:00+00:00, run_after=2026-03-30T00:00:00+00:00
[2026-03-30T08:36:53.227+0000] {processor.py:208} INFO - Processing /opt/airflow/dags/system_dag.py took 0.275 seconds
[2026-03-30T08:37:25.206+0000] {processor.py:186} INFO - Started process (PID=349) to work on /opt/airflow/dags/system_dag.py
[2026-03-30T08:37:25.206+0000] {processor.py:914} INFO - Processing file /opt/airflow/dags/system_dag.py for tasks to queue
[2026-03-30T08:37:25.208+0000] {logging_mixin.py:190} INFO - [2026-03-30T08:37:25.207+0000] {dagbag.py:588} INFO - Filling up the DagBag from /opt/airflow/dags/system_dag.py
[2026-03-30T08:37:25.228+0000] {processor.py:925} INFO - DAG(s) 'system_dag' retrieved from /opt/airflow/dags/system_dag.py
[2026-03-30T08:37:25.263+0000] {logging_mixin.py:190} INFO - [2026-03-30T08:37:25.263+0000] {dag.py:3239} INFO - Sync 1 DAGs
[2026-03-30T08:37:25.325+0000] {logging_mixin.py:190} INFO - [2026-03-30T08:37:25.324+0000] {dag.py:4180} INFO - Setting next_dagrun for system_dag to 2026-03-29T00:00:00+00:00, run_after=2026-03-30T00:00:00+00:00
[2026-03-30T08:37:25.355+0000] {processor.py:208} INFO - Processing /opt/airflow/dags/system_dag.py took 0.155 seconds
[2026-03-30T08:37:58.156+0000] {processor.py:186} INFO - Started process (PID=353) to work on /opt/airflow/dags/system_dag.py
[2026-03-30T08:37:58.157+0000] {processor.py:914} INFO - Processing file /opt/airflow/dags/system_dag.py for tasks to queue
[2026-03-30T08:37:58.158+0000] {logging_mixin.py:190} INFO - [2026-03-30T08:37:58.158+0000] {dagbag.py:588} INFO - Filling up the DagBag from /opt/airflow/dags/system_dag.py
[2026-03-30T08:37:58.177+0000] {processor.py:925} INFO - DAG(s) 'system_dag' retrieved from /opt/airflow/dags/system_dag.py
[2026-03-30T08:37:58.211+0000] {logging_mixin.py:190} INFO - [2026-03-30T08:37:58.211+0000] {dag.py:3239} INFO - Sync 1 DAGs
[2026-03-30T08:37:58.238+0000] {logging_mixin.py:190} INFO - [2026-03-30T08:37:58.238+0000] {dag.py:4180} INFO - Setting next_dagrun for system_dag to 2026-03-29T00:00:00+00:00, run_after=2026-03-30T00:00:00+00:00
[2026-03-30T08:37:58.264+0000] {processor.py:208} INFO - Processing /opt/airflow/dags/system_dag.py took 0.115 seconds
[2026-03-30T08:38:30.089+0000] {processor.py:186} INFO - Started process (PID=357) to work on /opt/airflow/dags/system_dag.py
[2026-03-30T08:38:30.090+0000] {processor.py:914} INFO - Processing file /opt/airflow/dags/system_dag.py for tasks to queue
[2026-03-30T08:38:30.092+0000] {logging_mixin.py:190} INFO - [2026-03-30T08:38:30.091+0000] {dagbag.py:588} INFO - Filling up the DagBag from /opt/airflow/dags/system_dag.py
[2026-03-30T08:38:30.112+0000] {processor.py:925} INFO - DAG(s) 'system_dag' retrieved from /opt/airflow/dags/system_dag.py
[2026-03-30T08:38:30.158+0000] {logging_mixin.py:190} INFO - [2026-03-30T08:38:30.157+0000] {dag.py:3239} INFO - Sync 1 DAGs
[2026-03-30T08:38:30.190+0000] {logging_mixin.py:190} INFO - [2026-03-30T08:38:30.190+0000] {dag.py:4180} INFO - Setting next_dagrun for system_dag to 2026-03-29T00:00:00+00:00, run_after=2026-03-30T00:00:00+00:00
[2026-03-30T08:38:30.215+0000] {processor.py:208} INFO - Processing /opt/airflow/dags/system_dag.py took 0.139 seconds
[2026-03-30T08:39:02.013+0000] {processor.py:186} INFO - Started process (PID=361) to work on /opt/airflow/dags/system_dag.py
[2026-03-30T08:39:02.014+0000] {processor.py:914} INFO - Processing file /opt/airflow/dags/system_dag.py for tasks to queue
[2026-03-30T08:39:02.015+0000] {logging_mixin.py:190} INFO - [2026-03-30T08:39:02.015+0000] {dagbag.py:588} INFO - Filling up the DagBag from /opt/airflow/dags/system_dag.py
[2026-03-30T08:39:02.034+0000] {processor.py:925} INFO - DAG(s) 'system_dag' retrieved from /opt/airflow/dags/system_dag.py
[2026-03-30T08:39:02.071+0000] {logging_mixin.py:190} INFO - [2026-03-30T08:39:02.071+0000] {dag.py:3239} INFO - Sync 1 DAGs
[2026-03-30T08:39:02.104+0000] {logging_mixin.py:190} INFO - [2026-03-30T08:39:02.104+0000] {dag.py:4180} INFO - Setting next_dagrun for system_dag to 2026-03-29T00:00:00+00:00, run_after=2026-03-30T00:00:00+00:00
[2026-03-30T08:39:02.130+0000] {processor.py:208} INFO - Processing /opt/airflow/dags/system_dag.py took 0.123 seconds
[2026-03-30T08:39:34.915+0000] {processor.py:186} INFO - Started process (PID=365) to work on /opt/airflow/dags/system_dag.py
[2026-03-30T08:39:34.915+0000] {processor.py:914} INFO - Processing file /opt/airflow/dags/system_dag.py for tasks to queue
[2026-03-30T08:39:34.917+0000] {logging_mixin.py:190} INFO - [2026-03-30T08:39:34.916+0000] {dagbag.py:588} INFO - Filling up the DagBag from /opt/airflow/dags/system_dag.py
[2026-03-30T08:39:34.934+0000] {processor.py:925} INFO - DAG(s) 'system_dag' retrieved from /opt/airflow/dags/system_dag.py
[2026-03-30T08:39:34.966+0000] {logging_mixin.py:190} INFO - [2026-03-30T08:39:34.966+0000] {dag.py:3239} INFO - Sync 1 DAGs
[2026-03-30T08:39:34.990+0000] {logging_mixin.py:190} INFO - [2026-03-30T08:39:34.990+0000] {dag.py:4180} INFO - Setting next_dagrun for system_dag to 2026-03-29T00:00:00+00:00, run_after=2026-03-30T00:00:00+00:00
[2026-03-30T08:39:35.013+0000] {processor.py:208} INFO - Processing /opt/airflow/dags/system_dag.py took 0.104 seconds
[2026-03-30T08:40:06.832+0000] {processor.py:186} INFO - Started process (PID=369) to work on /opt/airflow/dags/system_dag.py
[2026-03-30T08:40:06.833+0000] {processor.py:914} INFO - Processing file /opt/airflow/dags/system_dag.py for tasks to queue
[2026-03-30T08:40:06.834+0000] {logging_mixin.py:190} INFO - [2026-03-30T08:40:06.834+0000] {dagbag.py:588} INFO - Filling up the DagBag from /opt/airflow/dags/system_dag.py
[2026-03-30T08:40:06.850+0000] {processor.py:925} INFO - DAG(s) 'system_dag' retrieved from /opt/airflow/dags/system_dag.py
[2026-03-30T08:40:06.880+0000] {logging_mixin.py:190} INFO - [2026-03-30T08:40:06.880+0000] {dag.py:3239} INFO - Sync 1 DAGs
[2026-03-30T08:40:06.904+0000] {logging_mixin.py:190} INFO - [2026-03-30T08:40:06.904+0000] {dag.py:4180} INFO - Setting next_dagrun for system_dag to 2026-03-29T00:00:00+00:00, run_after=2026-03-30T00:00:00+00:00
[2026-03-30T08:40:06.921+0000] {processor.py:208} INFO - Processing /opt/airflow/dags/system_dag.py took 0.095 seconds
[2026-03-30T08:40:39.591+0000] {processor.py:186} INFO - Started process (PID=373) to work on /opt/airflow/dags/system_dag.py
[2026-03-30T08:40:39.592+0000] {processor.py:914} INFO - Processing file /opt/airflow/dags/system_dag.py for tasks to queue
[2026-03-30T08:40:39.593+0000] {logging_mixin.py:190} INFO - [2026-03-30T08:40:39.593+0000] {dagbag.py:588} INFO - Filling up the DagBag from /opt/airflow/dags/system_dag.py
[2026-03-30T08:40:39.608+0000] {processor.py:925} INFO - DAG(s) 'system_dag' retrieved from /opt/airflow/dags/system_dag.py
[2026-03-30T08:40:39.640+0000] {logging_mixin.py:190} INFO - [2026-03-30T08:40:39.639+0000] {dag.py:3239} INFO - Sync 1 DAGs
[2026-03-30T08:40:39.666+0000] {logging_mixin.py:190} INFO - [2026-03-30T08:40:39.666+0000] {dag.py:4180} INFO - Setting next_dagrun for system_dag to 2026-03-29T00:00:00+00:00, run_after=2026-03-30T00:00:00+00:00
[2026-03-30T08:40:39.685+0000] {processor.py:208} INFO - Processing /opt/airflow/dags/system_dag.py took 0.099 seconds
[2026-03-30T08:41:11.415+0000] {processor.py:186} INFO - Started process (PID=377) to work on /opt/airflow/dags/system_dag.py
[2026-03-30T08:41:11.416+0000] {processor.py:914} INFO - Processing file /opt/airflow/dags/system_dag.py for tasks to queue
[2026-03-30T08:41:11.417+0000] {logging_mixin.py:190} INFO - [2026-03-30T08:41:11.416+0000] {dagbag.py:588} INFO - Filling up the DagBag from /opt/airflow/dags/system_dag.py
[2026-03-30T08:41:11.431+0000] {processor.py:925} INFO - DAG(s) 'system_dag' retrieved from /opt/airflow/dags/system_dag.py
[2026-03-30T08:41:11.462+0000] {logging_mixin.py:190} INFO - [2026-03-30T08:41:11.462+0000] {dag.py:3239} INFO - Sync 1 DAGs
[2026-03-30T08:41:11.489+0000] {logging_mixin.py:190} INFO - [2026-03-30T08:41:11.488+0000] {dag.py:4180} INFO - Setting next_dagrun for system_dag to 2026-03-29T00:00:00+00:00, run_after=2026-03-30T00:00:00+00:00
[2026-03-30T08:41:11.507+0000] {processor.py:208} INFO - Processing /opt/airflow/dags/system_dag.py took 0.097 seconds
[2026-03-30T08:41:44.249+0000] {processor.py:186} INFO - Started process (PID=381) to work on /opt/airflow/dags/system_dag.py
[2026-03-30T08:41:44.250+0000] {processor.py:914} INFO - Processing file /opt/airflow/dags/system_dag.py for tasks to queue
[2026-03-30T08:41:44.251+0000] {logging_mixin.py:190} INFO - [2026-03-30T08:41:44.251+0000] {dagbag.py:588} INFO - Filling up the DagBag from /opt/airflow/dags/system_dag.py
[2026-03-30T08:41:44.267+0000] {processor.py:925} INFO - DAG(s) 'system_dag' retrieved from /opt/airflow/dags/system_dag.py
[2026-03-30T08:41:44.299+0000] {logging_mixin.py:190} INFO - [2026-03-30T08:41:44.298+0000] {dag.py:3239} INFO - Sync 1 DAGs
[2026-03-30T08:41:44.322+0000] {logging_mixin.py:190} INFO - [2026-03-30T08:41:44.322+0000] {dag.py:4180} INFO - Setting next_dagrun for system_dag to 2026-03-29T00:00:00+00:00, run_after=2026-03-30T00:00:00+00:00
[2026-03-30T08:41:44.339+0000] {processor.py:208} INFO - Processing /opt/airflow/dags/system_dag.py took 0.097 seconds
[2026-03-30T08:42:16.226+0000] {processor.py:186} INFO - Started process (PID=385) to work on /opt/airflow/dags/system_dag.py
[2026-03-30T08:42:16.227+0000] {processor.py:914} INFO - Processing file /opt/airflow/dags/system_dag.py for tasks to queue
[2026-03-30T08:42:16.228+0000] {logging_mixin.py:190} INFO - [2026-03-30T08:42:16.228+0000] {dagbag.py:588} INFO - Filling up the DagBag from /opt/airflow/dags/system_dag.py
[2026-03-30T08:42:16.258+0000] {processor.py:925} INFO - DAG(s) 'system_dag' retrieved from /opt/airflow/dags/system_dag.py
[2026-03-30T08:42:16.298+0000] {logging_mixin.py:190} INFO - [2026-03-30T08:42:16.297+0000] {dag.py:3239} INFO - Sync 1 DAGs
[2026-03-30T08:42:16.330+0000] {logging_mixin.py:190} INFO - [2026-03-30T08:42:16.330+0000] {dag.py:4180} INFO - Setting next_dagrun for system_dag to 2026-03-29T00:00:00+00:00, run_after=2026-03-30T00:00:00+00:00
[2026-03-30T08:42:16.354+0000] {processor.py:208} INFO - Processing /opt/airflow/dags/system_dag.py took 0.136 seconds
[2026-03-30T08:42:49.114+0000] {processor.py:186} INFO - Started process (PID=389) to work on /opt/airflow/dags/system_dag.py
[2026-03-30T08:42:49.115+0000] {processor.py:914} INFO - Processing file /opt/airflow/dags/system_dag.py for tasks to queue
[2026-03-30T08:42:49.116+0000] {logging_mixin.py:190} INFO - [2026-03-30T08:42:49.116+0000] {dagbag.py:588} INFO - Filling up the DagBag from /opt/airflow/dags/system_dag.py
[2026-03-30T08:42:49.133+0000] {processor.py:925} INFO - DAG(s) 'system_dag' retrieved from /opt/airflow/dags/system_dag.py
[2026-03-30T08:42:49.165+0000] {logging_mixin.py:190} INFO - [2026-03-30T08:42:49.165+0000] {dag.py:3239} INFO - Sync 1 DAGs
[2026-03-30T08:42:49.191+0000] {logging_mixin.py:190} INFO - [2026-03-30T08:42:49.190+0000] {dag.py:4180} INFO - Setting next_dagrun for system_dag to 2026-03-29T00:00:00+00:00, run_after=2026-03-30T00:00:00+00:00
[2026-03-30T08:42:49.214+0000] {processor.py:208} INFO - Processing /opt/airflow/dags/system_dag.py took 0.105 seconds
[2026-03-30T08:43:20.985+0000] {processor.py:186} INFO - Started process (PID=393) to work on /opt/airflow/dags/system_dag.py
[2026-03-30T08:43:20.985+0000] {processor.py:914} INFO - Processing file /opt/airflow/dags/system_dag.py for tasks to queue
[2026-03-30T08:43:20.987+0000] {logging_mixin.py:190} INFO - [2026-03-30T08:43:20.987+0000] {dagbag.py:588} INFO - Filling up the DagBag from /opt/airflow/dags/system_dag.py
[2026-03-30T08:43:21.002+0000] {processor.py:925} INFO - DAG(s) 'system_dag' retrieved from /opt/airflow/dags/system_dag.py
[2026-03-30T08:43:21.035+0000] {logging_mixin.py:190} INFO - [2026-03-30T08:43:21.035+0000] {dag.py:3239} INFO - Sync 1 DAGs
[2026-03-30T08:43:21.065+0000] {logging_mixin.py:190} INFO - [2026-03-30T08:43:21.065+0000] {dag.py:4180} INFO - Setting next_dagrun for system_dag to 2026-03-29T00:00:00+00:00, run_after=2026-03-30T00:00:00+00:00
[2026-03-30T08:43:21.084+0000] {processor.py:208} INFO - Processing /opt/airflow/dags/system_dag.py took 0.104 seconds
[2026-03-30T08:43:53.834+0000] {processor.py:186} INFO - Started process (PID=397) to work on /opt/airflow/dags/system_dag.py
[2026-03-30T08:43:53.835+0000] {processor.py:914} INFO - Processing file /opt/airflow/dags/system_dag.py for tasks to queue
[2026-03-30T08:43:53.837+0000] {logging_mixin.py:190} INFO - [2026-03-30T08:43:53.836+0000] {dagbag.py:588} INFO - Filling up the DagBag from /opt/airflow/dags/system_dag.py
[2026-03-30T08:43:53.856+0000] {processor.py:925} INFO - DAG(s) 'system_dag' retrieved from /opt/airflow/dags/system_dag.py
[2026-03-30T08:43:53.892+0000] {logging_mixin.py:190} INFO - [2026-03-30T08:43:53.892+0000] {dag.py:3239} INFO - Sync 1 DAGs
[2026-03-30T08:43:53.922+0000] {logging_mixin.py:190} INFO - [2026-03-30T08:43:53.922+0000] {dag.py:4180} INFO - Setting next_dagrun for system_dag to 2026-03-29T00:00:00+00:00, run_after=2026-03-30T00:00:00+00:00
[2026-03-30T08:43:53.950+0000] {processor.py:208} INFO - Processing /opt/airflow/dags/system_dag.py took 0.124 seconds
[2026-03-30T08:44:25.806+0000] {processor.py:186} INFO - Started process (PID=401) to work on /opt/airflow/dags/system_dag.py
[2026-03-30T08:44:25.806+0000] {processor.py:914} INFO - Processing file /opt/airflow/dags/system_dag.py for tasks to queue
[2026-03-30T08:44:25.807+0000] {logging_mixin.py:190} INFO - [2026-03-30T08:44:25.807+0000] {dagbag.py:588} INFO - Filling up the DagBag from /opt/airflow/dags/system_dag.py
[2026-03-30T08:44:25.822+0000] {processor.py:925} INFO - DAG(s) 'system_dag' retrieved from /opt/airflow/dags/system_dag.py
[2026-03-30T08:44:25.854+0000] {logging_mixin.py:190} INFO - [2026-03-30T08:44:25.854+0000] {dag.py:3239} INFO - Sync 1 DAGs
[2026-03-30T08:44:25.880+0000] {logging_mixin.py:190} INFO - [2026-03-30T08:44:25.880+0000] {dag.py:4180} INFO - Setting next_dagrun for system_dag to 2026-03-29T00:00:00+00:00, run_after=2026-03-30T00:00:00+00:00
[2026-03-30T08:44:25.898+0000] {processor.py:208} INFO - Processing /opt/airflow/dags/system_dag.py took 0.098 seconds
[2026-03-30T08:44:58.930+0000] {processor.py:186} INFO - Started process (PID=405) to work on /opt/airflow/dags/system_dag.py
[2026-03-30T08:44:58.931+0000] {processor.py:914} INFO - Processing file /opt/airflow/dags/system_dag.py for tasks to queue
[2026-03-30T08:44:58.932+0000] {logging_mixin.py:190} INFO - [2026-03-30T08:44:58.932+0000] {dagbag.py:588} INFO - Filling up the DagBag from /opt/airflow/dags/system_dag.py
[2026-03-30T08:44:58.947+0000] {processor.py:925} INFO - DAG(s) 'system_dag' retrieved from /opt/airflow/dags/system_dag.py
[2026-03-30T08:44:58.979+0000] {logging_mixin.py:190} INFO - [2026-03-30T08:44:58.979+0000] {dag.py:3239} INFO - Sync 1 DAGs
[2026-03-30T08:44:59.004+0000] {logging_mixin.py:190} INFO - [2026-03-30T08:44:59.004+0000] {dag.py:4180} INFO - Setting next_dagrun for system_dag to 2026-03-29T00:00:00+00:00, run_after=2026-03-30T00:00:00+00:00
[2026-03-30T08:44:59.025+0000] {processor.py:208} INFO - Processing /opt/airflow/dags/system_dag.py took 0.100 seconds
[2026-03-30T08:45:30.760+0000] {processor.py:186} INFO - Started process (PID=409) to work on /opt/airflow/dags/system_dag.py
[2026-03-30T08:45:30.761+0000] {processor.py:914} INFO - Processing file /opt/airflow/dags/system_dag.py for tasks to queue
[2026-03-30T08:45:30.762+0000] {logging_mixin.py:190} INFO - [2026-03-30T08:45:30.762+0000] {dagbag.py:588} INFO - Filling up the DagBag from /opt/airflow/dags/system_dag.py
[2026-03-30T08:45:30.779+0000] {processor.py:925} INFO - DAG(s) 'system_dag' retrieved from /opt/airflow/dags/system_dag.py
[2026-03-30T08:45:30.815+0000] {logging_mixin.py:190} INFO - [2026-03-30T08:45:30.815+0000] {dag.py:3239} INFO - Sync 1 DAGs
[2026-03-30T08:45:30.845+0000] {logging_mixin.py:190} INFO - [2026-03-30T08:45:30.845+0000] {dag.py:4180} INFO - Setting next_dagrun for system_dag to 2026-03-29T00:00:00+00:00, run_after=2026-03-30T00:00:00+00:00
[2026-03-30T08:45:30.867+0000] {processor.py:208} INFO - Processing /opt/airflow/dags/system_dag.py took 0.112 seconds
[2026-03-30T08:46:03.757+0000] {processor.py:186} INFO - Started process (PID=413) to work on /opt/airflow/dags/system_dag.py
[2026-03-30T08:46:03.757+0000] {processor.py:914} INFO - Processing file /opt/airflow/dags/system_dag.py for tasks to queue
[2026-03-30T08:46:03.758+0000] {logging_mixin.py:190} INFO - [2026-03-30T08:46:03.758+0000] {dagbag.py:588} INFO - Filling up the DagBag from /opt/airflow/dags/system_dag.py
[2026-03-30T08:46:03.777+0000] {processor.py:925} INFO - DAG(s) 'system_dag' retrieved from /opt/airflow/dags/system_dag.py
[2026-03-30T08:46:03.814+0000] {logging_mixin.py:190} INFO - [2026-03-30T08:46:03.814+0000] {dag.py:3239} INFO - Sync 1 DAGs
[2026-03-30T08:46:03.844+0000] {logging_mixin.py:190} INFO - [2026-03-30T08:46:03.844+0000] {dag.py:4180} INFO - Setting next_dagrun for system_dag to 2026-03-29T00:00:00+00:00, run_after=2026-03-30T00:00:00+00:00
[2026-03-30T08:46:03.865+0000] {processor.py:208} INFO - Processing /opt/airflow/dags/system_dag.py took 0.114 seconds
[2026-03-30T08:46:36.017+0000] {processor.py:186} INFO - Started process (PID=417) to work on /opt/airflow/dags/system_dag.py
[2026-03-30T08:46:36.018+0000] {processor.py:914} INFO - Processing file /opt/airflow/dags/system_dag.py for tasks to queue
[2026-03-30T08:46:36.019+0000] {logging_mixin.py:190} INFO - [2026-03-30T08:46:36.019+0000] {dagbag.py:588} INFO - Filling up the DagBag from /opt/airflow/dags/system_dag.py
[2026-03-30T08:46:36.039+0000] {processor.py:925} INFO - DAG(s) 'system_dag' retrieved from /opt/airflow/dags/system_dag.py
[2026-03-30T08:46:36.082+0000] {logging_mixin.py:190} INFO - [2026-03-30T08:46:36.082+0000] {dag.py:3239} INFO - Sync 1 DAGs
[2026-03-30T08:46:36.116+0000] {logging_mixin.py:190} INFO - [2026-03-30T08:46:36.116+0000] {dag.py:4180} INFO - Setting next_dagrun for system_dag to 2026-03-29T00:00:00+00:00, run_after=2026-03-30T00:00:00+00:00
[2026-03-30T08:46:36.145+0000] {processor.py:208} INFO - Processing /opt/airflow/dags/system_dag.py took 0.134 seconds
[2026-03-30T08:47:06.451+0000] {processor.py:186} INFO - Started process (PID=421) to work on /opt/airflow/dags/system_dag.py
[2026-03-30T08:47:06.451+0000] {processor.py:914} INFO - Processing file /opt/airflow/dags/system_dag.py for tasks to queue
[2026-03-30T08:47:06.453+0000] {logging_mixin.py:190} INFO - [2026-03-30T08:47:06.453+0000] {dagbag.py:588} INFO - Filling up the DagBag from /opt/airflow/dags/system_dag.py
[2026-03-30T08:47:08.101+0000] {processor.py:925} INFO - DAG(s) 'system_dag' retrieved from /opt/airflow/dags/system_dag.py
[2026-03-30T08:47:08.133+0000] {logging_mixin.py:190} INFO - [2026-03-30T08:47:08.133+0000] {dag.py:3239} INFO - Sync 1 DAGs
[2026-03-30T08:47:08.157+0000] {logging_mixin.py:190} INFO - [2026-03-30T08:47:08.157+0000] {dag.py:4180} INFO - Setting next_dagrun for system_dag to 2026-03-29T00:00:00+00:00, run_after=2026-03-30T00:00:00+00:00
[2026-03-30T08:47:08.175+0000] {processor.py:208} INFO - Processing /opt/airflow/dags/system_dag.py took 0.096 seconds
[2026-03-30T08:47:40.979+0000] {processor.py:186} INFO - Started process (PID=425) to work on /opt/airflow/dags/system_dag.py
[2026-03-30T08:47:40.980+0000] {processor.py:914} INFO - Processing file /opt/airflow/dags/system_dag.py for tasks to queue
[2026-03-30T08:47:40.981+0000] {logging_mixin.py:190} INFO - [2026-03-30T08:47:40.980+0000] {dagbag.py:588} INFO - Filling up the DagBag from /opt/airflow/dags/system_dag.py
[2026-03-30T08:47:40.997+0000] {processor.py:925} INFO - DAG(s) 'system_dag' retrieved from /opt/airflow/dags/system_dag.py
[2026-03-30T08:47:41.032+0000] {logging_mixin.py:190} INFO - [2026-03-30T08:47:41.031+0000] {dag.py:3239} INFO - Sync 1 DAGs
[2026-03-30T08:47:41.060+0000] {logging_mixin.py:190} INFO - [2026-03-30T08:47:41.060+0000] {dag.py:4180} INFO - Setting next_dagrun for system_dag to 2026-03-29T00:00:00+00:00, run_after=2026-03-30T00:00:00+00:00
[2026-03-30T08:47:41.087+0000] {processor.py:208} INFO - Processing /opt/airflow/dags/system_dag.py took 0.114 seconds
[2026-03-30T08:48:11.472+0000] {processor.py:186} INFO - Started process (PID=429) to work on /opt/airflow/dags/system_dag.py
[2026-03-30T08:48:11.473+0000] {processor.py:914} INFO - Processing file /opt/airflow/dags/system_dag.py for tasks to queue
[2026-03-30T08:48:11.474+0000] {logging_mixin.py:190} INFO - [2026-03-30T08:48:11.474+0000] {dagbag.py:588} INFO - Filling up the DagBag from /opt/airflow/dags/system_dag.py
[2026-03-30T08:48:11.490+0000] {processor.py:925} INFO - DAG(s) 'system_dag' retrieved from /opt/airflow/dags/system_dag.py
[2026-03-30T08:48:11.528+0000] {logging_mixin.py:190} INFO - [2026-03-30T08:48:11.527+0000] {dag.py:3239} INFO - Sync 1 DAGs
[2026-03-30T08:48:11.557+0000] {logging_mixin.py:190} INFO - [2026-03-30T08:48:11.557+0000] {dag.py:4180} INFO - Setting next_dagrun for system_dag to 2026-03-29T00:00:00+00:00, run_after=2026-03-30T00:00:00+00:00
[2026-03-30T08:48:11.583+0000] {processor.py:208} INFO - Processing /opt/airflow/dags/system_dag.py took 0.116 seconds
[2026-03-30T08:48:41.649+0000] {processor.py:186} INFO - Started process (PID=433) to work on /opt/airflow/dags/system_dag.py
[2026-03-30T08:48:41.650+0000] {processor.py:914} INFO - Processing file /opt/airflow/dags/system_dag.py for tasks to queue
[2026-03-30T08:48:41.651+0000] {logging_mixin.py:190} INFO - [2026-03-30T08:48:41.651+0000] {dagbag.py:588} INFO - Filling up the DagBag from /opt/airflow/dags/system_dag.py
[2026-03-30T08:48:41.671+0000] {processor.py:925} INFO - DAG(s) 'system_dag' retrieved from /opt/airflow/dags/system_dag.py
[2026-03-30T08:48:41.709+0000] {logging_mixin.py:190} INFO - [2026-03-30T08:48:41.708+0000] {dag.py:3239} INFO - Sync 1 DAGs
[2026-03-30T08:48:41.745+0000] {logging_mixin.py:190} INFO - [2026-03-30T08:48:41.745+0000] {dag.py:4180} INFO - Setting next_dagrun for system_dag to 2026-03-29T00:00:00+00:00, run_after=2026-03-30T00:00:00+00:00
[2026-03-30T08:48:41.773+0000] {processor.py:208} INFO - Processing /opt/airflow/dags/system_dag.py took 0.130 seconds
[2026-03-30T08:49:11.851+0000] {processor.py:186} INFO - Started process (PID=437) to work on /opt/airflow/dags/system_dag.py
[2026-03-30T08:49:11.852+0000] {processor.py:914} INFO - Processing file /opt/airflow/dags/system_dag.py for tasks to queue
[2026-03-30T08:49:11.853+0000] {logging_mixin.py:190} INFO - [2026-03-30T08:49:11.853+0000] {dagbag.py:588} INFO - Filling up the DagBag from /opt/airflow/dags/system_dag.py
[2026-03-30T08:49:11.872+0000] {processor.py:925} INFO - DAG(s) 'system_dag' retrieved from /opt/airflow/dags/system_dag.py
[2026-03-30T08:49:11.913+0000] {logging_mixin.py:190} INFO - [2026-03-30T08:49:11.912+0000] {dag.py:3239} INFO - Sync 1 DAGs
[2026-03-30T08:49:11.940+0000] {logging_mixin.py:190} INFO - [2026-03-30T08:49:11.940+0000] {dag.py:4180} INFO - Setting next_dagrun for system_dag to 2026-03-29T00:00:00+00:00, run_after=2026-03-30T00:00:00+00:00
[2026-03-30T08:49:11.967+0000] {processor.py:208} INFO - Processing /opt/airflow/dags/system_dag.py took 0.121 seconds
[2026-03-30T08:49:42.798+0000] {processor.py:186} INFO - Started process (PID=441) to work on /opt/airflow/dags/system_dag.py
[2026-03-30T08:49:42.799+0000] {processor.py:914} INFO - Processing file /opt/airflow/dags/system_dag.py for tasks to queue
[2026-03-30T08:49:42.801+0000] {logging_mixin.py:190} INFO - [2026-03-30T08:49:42.800+0000] {dagbag.py:588} INFO - Filling up the DagBag from /opt/airflow/dags/system_dag.py
[2026-03-30T08:49:42.823+0000] {processor.py:925} INFO - DAG(s) 'system_dag' retrieved from /opt/airflow/dags/system_dag.py
[2026-03-30T08:49:42.869+0000] {logging_mixin.py:190} INFO - [2026-03-30T08:49:42.868+0000] {dag.py:3239} INFO - Sync 1 DAGs
[2026-03-30T08:49:42.904+0000] {logging_mixin.py:190} INFO - [2026-03-30T08:49:42.903+0000] {dag.py:4180} INFO - Setting next_dagrun for system_dag to 2026-03-29T00:00:00+00:00, run_after=2026-03-30T00:00:00+00:00
[2026-03-30T08:49:42.934+0000] {processor.py:208} INFO - Processing /opt/airflow/dags/system_dag.py took 0.143 seconds
[2026-03-30T08:50:13.773+0000] {processor.py:186} INFO - Started process (PID=445) to work on /opt/airflow/dags/system_dag.py
[2026-03-30T08:50:13.774+0000] {processor.py:914} INFO - Processing file /opt/airflow/dags/system_dag.py for tasks to queue
[2026-03-30T08:50:13.775+0000] {logging_mixin.py:190} INFO - [2026-03-30T08:50:13.775+0000] {dagbag.py:588} INFO - Filling up the DagBag from /opt/airflow/dags/system_dag.py
[2026-03-30T08:50:13.799+0000] {processor.py:925} INFO - DAG(s) 'system_dag' retrieved from /opt/airflow/dags/system_dag.py
[2026-03-30T08:50:13.847+0000] {logging_mixin.py:190} INFO - [2026-03-30T08:50:13.847+0000] {dag.py:3239} INFO - Sync 1 DAGs
[2026-03-30T08:50:13.911+0000] {logging_mixin.py:190} INFO - [2026-03-30T08:50:13.911+0000] {dag.py:4180} INFO - Setting next_dagrun for system_dag to 2026-03-29T00:00:00+00:00, run_after=2026-03-30T00:00:00+00:00
[2026-03-30T08:50:13.953+0000] {processor.py:208} INFO - Processing /opt/airflow/dags/system_dag.py took 0.187 seconds
[2026-03-30T08:50:44.086+0000] {processor.py:186} INFO - Started process (PID=449) to work on /opt/airflow/dags/system_dag.py
[2026-03-30T08:50:44.088+0000] {processor.py:914} INFO - Processing file /opt/airflow/dags/system_dag.py for tasks to queue
[2026-03-30T08:50:44.094+0000] {logging_mixin.py:190} INFO - [2026-03-30T08:50:44.093+0000] {dagbag.py:588} INFO - Filling up the DagBag from /opt/airflow/dags/system_dag.py
[2026-03-30T08:50:44.124+0000] {processor.py:925} INFO - DAG(s) 'system_dag' retrieved from /opt/airflow/dags/system_dag.py
[2026-03-30T08:50:44.161+0000] {logging_mixin.py:190} INFO - [2026-03-30T08:50:44.161+0000] {dag.py:3239} INFO - Sync 1 DAGs
[2026-03-30T08:50:44.190+0000] {logging_mixin.py:190} INFO - [2026-03-30T08:50:44.190+0000] {dag.py:4180} INFO - Setting next_dagrun for system_dag to 2026-03-29T00:00:00+00:00, run_after=2026-03-30T00:00:00+00:00
[2026-03-30T08:50:44.227+0000] {processor.py:208} INFO - Processing /opt/airflow/dags/system_dag.py took 0.152 seconds
[2026-03-30T08:51:14.317+0000] {processor.py:186} INFO - Started process (PID=453) to work on /opt/airflow/dags/system_dag.py
[2026-03-30T08:51:14.318+0000] {processor.py:914} INFO - Processing file /opt/airflow/dags/system_dag.py for tasks to queue
[2026-03-30T08:51:14.319+0000] {logging_mixin.py:190} INFO - [2026-03-30T08:51:14.319+0000] {dagbag.py:588} INFO - Filling up the DagBag from /opt/airflow/dags/system_dag.py
[2026-03-30T08:51:14.338+0000] {processor.py:925} INFO - DAG(s) 'system_dag' retrieved from /opt/airflow/dags/system_dag.py
[2026-03-30T08:51:14.377+0000] {logging_mixin.py:190} INFO - [2026-03-30T08:51:14.377+0000] {dag.py:3239} INFO - Sync 1 DAGs
[2026-03-30T08:51:14.409+0000] {logging_mixin.py:190} INFO - [2026-03-30T08:51:14.409+0000] {dag.py:4180} INFO - Setting next_dagrun for system_dag to 2026-03-29T00:00:00+00:00, run_after=2026-03-30T00:00:00+00:00
[2026-03-30T08:51:14.437+0000] {processor.py:208} INFO - Processing /opt/airflow/dags/system_dag.py took 0.126 seconds
[2026-03-30T08:51:45.355+0000] {processor.py:186} INFO - Started process (PID=457) to work on /opt/airflow/dags/system_dag.py
[2026-03-30T08:51:45.356+0000] {processor.py:914} INFO - Processing file /opt/airflow/dags/system_dag.py for tasks to queue
[2026-03-30T08:51:45.358+0000] {logging_mixin.py:190} INFO - [2026-03-30T08:51:45.357+0000] {dagbag.py:588} INFO - Filling up the DagBag from /opt/airflow/dags/system_dag.py
[2026-03-30T08:51:45.381+0000] {processor.py:925} INFO - DAG(s) 'system_dag' retrieved from /opt/airflow/dags/system_dag.py
[2026-03-30T08:51:45.437+0000] {logging_mixin.py:190} INFO - [2026-03-30T08:51:45.437+0000] {dag.py:3239} INFO - Sync 1 DAGs
[2026-03-30T08:51:45.474+0000] {logging_mixin.py:190} INFO - [2026-03-30T08:51:45.474+0000] {dag.py:4180} INFO - Setting next_dagrun for system_dag to 2026-03-29T00:00:00+00:00, run_after=2026-03-30T00:00:00+00:00
[2026-03-30T08:51:45.508+0000] {processor.py:208} INFO - Processing /opt/airflow/dags/system_dag.py took 0.159 seconds
[2026-03-30T08:52:16.127+0000] {processor.py:186} INFO - Started process (PID=461) to work on /opt/airflow/dags/system_dag.py
[2026-03-30T08:52:16.128+0000] {processor.py:914} INFO - Processing file /opt/airflow/dags/system_dag.py for tasks to queue
[2026-03-30T08:52:16.129+0000] {logging_mixin.py:190} INFO - [2026-03-30T08:52:16.129+0000] {dagbag.py:588} INFO - Filling up the DagBag from /opt/airflow/dags/system_dag.py
[2026-03-30T08:52:16.148+0000] {processor.py:925} INFO - DAG(s) 'system_dag' retrieved from /opt/airflow/dags/system_dag.py
[2026-03-30T08:52:16.197+0000] {logging_mixin.py:190} INFO - [2026-03-30T08:52:16.196+0000] {dag.py:3239} INFO - Sync 1 DAGs
[2026-03-30T08:52:16.228+0000] {logging_mixin.py:190} INFO - [2026-03-30T08:52:16.228+0000] {dag.py:4180} INFO - Setting next_dagrun for system_dag to 2026-03-29T00:00:00+00:00, run_after=2026-03-30T00:00:00+00:00
[2026-03-30T08:52:16.256+0000] {processor.py:208} INFO - Processing /opt/airflow/dags/system_dag.py took 0.135 seconds
[2026-03-30T08:52:46.291+0000] {processor.py:186} INFO - Started process (PID=465) to work on /opt/airflow/dags/system_dag.py
[2026-03-30T08:52:46.292+0000] {processor.py:914} INFO - Processing file /opt/airflow/dags/system_dag.py for tasks to queue
[2026-03-30T08:52:46.293+0000] {logging_mixin.py:190} INFO - [2026-03-30T08:52:46.293+0000] {dagbag.py:588} INFO - Filling up the DagBag from /opt/airflow/dags/system_dag.py
[2026-03-30T08:52:46.310+0000] {processor.py:925} INFO - DAG(s) 'system_dag' retrieved from /opt/airflow/dags/system_dag.py
[2026-03-30T08:52:46.346+0000] {logging_mixin.py:190} INFO - [2026-03-30T08:52:46.346+0000] {dag.py:3239} INFO - Sync 1 DAGs
[2026-03-30T08:52:46.374+0000] {logging_mixin.py:190} INFO - [2026-03-30T08:52:46.374+0000] {dag.py:4180} INFO - Setting next_dagrun for system_dag to 2026-03-29T00:00:00+00:00, run_after=2026-03-30T00:00:00+00:00
[2026-03-30T08:52:46.410+0000] {processor.py:208} INFO - Processing /opt/airflow/dags/system_dag.py took 0.124 seconds
[2026-03-30T08:53:16.456+0000] {processor.py:186} INFO - Started process (PID=469) to work on /opt/airflow/dags/system_dag.py
[2026-03-30T08:53:16.459+0000] {processor.py:914} INFO - Processing file /opt/airflow/dags/system_dag.py for tasks to queue
[2026-03-30T08:53:16.460+0000] {logging_mixin.py:190} INFO - [2026-03-30T08:53:16.460+0000] {dagbag.py:588} INFO - Filling up the DagBag from /opt/airflow/dags/system_dag.py
[2026-03-30T08:53:16.478+0000] {processor.py:925} INFO - DAG(s) 'system_dag' retrieved from /opt/airflow/dags/system_dag.py
[2026-03-30T08:53:16.515+0000] {logging_mixin.py:190} INFO - [2026-03-30T08:53:16.515+0000] {dag.py:3239} INFO - Sync 1 DAGs
[2026-03-30T08:53:16.548+0000] {logging_mixin.py:190} INFO - [2026-03-30T08:53:16.547+0000] {dag.py:4180} INFO - Setting next_dagrun for system_dag to 2026-03-29T00:00:00+00:00, run_after=2026-03-30T00:00:00+00:00
[2026-03-30T08:53:16.582+0000] {processor.py:208} INFO - Processing /opt/airflow/dags/system_dag.py took 0.131 seconds
[2026-03-30T08:53:47.501+0000] {processor.py:186} INFO - Started process (PID=473) to work on /opt/airflow/dags/system_dag.py
[2026-03-30T08:53:47.502+0000] {processor.py:914} INFO - Processing file /opt/airflow/dags/system_dag.py for tasks to queue
[2026-03-30T08:53:47.503+0000] {logging_mixin.py:190} INFO - [2026-03-30T08:53:47.503+0000] {dagbag.py:588} INFO - Filling up the DagBag from /opt/airflow/dags/system_dag.py
[2026-03-30T08:53:47.519+0000] {processor.py:925} INFO - DAG(s) 'system_dag' retrieved from /opt/airflow/dags/system_dag.py
[2026-03-30T08:53:47.554+0000] {logging_mixin.py:190} INFO - [2026-03-30T08:53:47.554+0000] {dag.py:3239} INFO - Sync 1 DAGs
[2026-03-30T08:53:47.586+0000] {logging_mixin.py:190} INFO - [2026-03-30T08:53:47.586+0000] {dag.py:4180} INFO - Setting next_dagrun for system_dag to 2026-03-29T00:00:00+00:00, run_after=2026-03-30T00:00:00+00:00
[2026-03-30T08:53:47.614+0000] {processor.py:208} INFO - Processing /opt/airflow/dags/system_dag.py took 0.118 seconds
[2026-03-30T08:54:18.624+0000] {processor.py:186} INFO - Started process (PID=477) to work on /opt/airflow/dags/system_dag.py
[2026-03-30T08:54:18.625+0000] {processor.py:914} INFO - Processing file /opt/airflow/dags/system_dag.py for tasks to queue
[2026-03-30T08:54:18.626+0000] {logging_mixin.py:190} INFO - [2026-03-30T08:54:18.626+0000] {dagbag.py:588} INFO - Filling up the DagBag from /opt/airflow/dags/system_dag.py
[2026-03-30T08:54:18.643+0000] {processor.py:925} INFO - DAG(s) 'system_dag' retrieved from /opt/airflow/dags/system_dag.py
[2026-03-30T08:54:18.679+0000] {logging_mixin.py:190} INFO - [2026-03-30T08:54:18.679+0000] {dag.py:3239} INFO - Sync 1 DAGs
[2026-03-30T08:54:18.708+0000] {logging_mixin.py:190} INFO - [2026-03-30T08:54:18.708+0000] {dag.py:4180} INFO - Setting next_dagrun for system_dag to 2026-03-29T00:00:00+00:00, run_after=2026-03-30T00:00:00+00:00
[2026-03-30T08:54:18.734+0000] {processor.py:208} INFO - Processing /opt/airflow/dags/system_dag.py took 0.115 seconds
[2026-03-30T08:54:48.824+0000] {processor.py:186} INFO - Started process (PID=481) to work on /opt/airflow/dags/system_dag.py
[2026-03-30T08:54:48.825+0000] {processor.py:914} INFO - Processing file /opt/airflow/dags/system_dag.py for tasks to queue
[2026-03-30T08:54:48.826+0000] {logging_mixin.py:190} INFO - [2026-03-30T08:54:48.826+0000] {dagbag.py:588} INFO - Filling up the DagBag from /opt/airflow/dags/system_dag.py
[2026-03-30T08:54:48.845+0000] {processor.py:925} INFO - DAG(s) 'system_dag' retrieved from /opt/airflow/dags/system_dag.py
[2026-03-30T08:54:48.886+0000] {logging_mixin.py:190} INFO - [2026-03-30T08:54:48.886+0000] {dag.py:3239} INFO - Sync 1 DAGs
[2026-03-30T08:54:48.915+0000] {logging_mixin.py:190} INFO - [2026-03-30T08:54:48.915+0000] {dag.py:4180} INFO - Setting next_dagrun for system_dag to 2026-03-29T00:00:00+00:00, run_after=2026-03-30T00:00:00+00:00
[2026-03-30T08:54:48.941+0000] {processor.py:208} INFO - Processing /opt/airflow/dags/system_dag.py took 0.123 seconds
[2026-03-30T08:55:19.051+0000] {processor.py:186} INFO - Started process (PID=485) to work on /opt/airflow/dags/system_dag.py
[2026-03-30T08:55:19.052+0000] {processor.py:914} INFO - Processing file /opt/airflow/dags/system_dag.py for tasks to queue
[2026-03-30T08:55:19.053+0000] {logging_mixin.py:190} INFO - [2026-03-30T08:55:19.053+0000] {dagbag.py:588} INFO - Filling up the DagBag from /opt/airflow/dags/system_dag.py
[2026-03-30T08:55:19.071+0000] {processor.py:925} INFO - DAG(s) 'system_dag' retrieved from /opt/airflow/dags/system_dag.py
[2026-03-30T08:55:19.105+0000] {logging_mixin.py:190} INFO - [2026-03-30T08:55:19.105+0000] {dag.py:3239} INFO - Sync 1 DAGs
[2026-03-30T08:55:19.132+0000] {logging_mixin.py:190} INFO - [2026-03-30T08:55:19.131+0000] {dag.py:4180} INFO - Setting next_dagrun for system_dag to 2026-03-29T00:00:00+00:00, run_after=2026-03-30T00:00:00+00:00
[2026-03-30T08:55:19.158+0000] {processor.py:208} INFO - Processing /opt/airflow/dags/system_dag.py took 0.112 seconds
[2026-03-30T08:55:50.018+0000] {processor.py:186} INFO - Started process (PID=489) to work on /opt/airflow/dags/system_dag.py
[2026-03-30T08:55:50.018+0000] {processor.py:914} INFO - Processing file /opt/airflow/dags/system_dag.py for tasks to queue
[2026-03-30T08:55:50.019+0000] {logging_mixin.py:190} INFO - [2026-03-30T08:55:50.019+0000] {dagbag.py:588} INFO - Filling up the DagBag from /opt/airflow/dags/system_dag.py
[2026-03-30T08:55:50.033+0000] {processor.py:925} INFO - DAG(s) 'system_dag' retrieved from /opt/airflow/dags/system_dag.py
[2026-03-30T08:55:50.067+0000] {logging_mixin.py:190} INFO - [2026-03-30T08:55:50.067+0000] {dag.py:3239} INFO - Sync 1 DAGs
[2026-03-30T08:55:50.093+0000] {logging_mixin.py:190} INFO - [2026-03-30T08:55:50.093+0000] {dag.py:4180} INFO - Setting next_dagrun for system_dag to 2026-03-29T00:00:00+00:00, run_after=2026-03-30T00:00:00+00:00
[2026-03-30T08:55:50.115+0000] {processor.py:208} INFO - Processing /opt/airflow/dags/system_dag.py took 0.103 seconds
[2026-03-30T08:56:23.111+0000] {processor.py:186} INFO - Started process (PID=493) to work on /opt/airflow/dags/system_dag.py
[2026-03-30T08:56:23.112+0000] {processor.py:914} INFO - Processing file /opt/airflow/dags/system_dag.py for tasks to queue
[2026-03-30T08:56:23.113+0000] {logging_mixin.py:190} INFO - [2026-03-30T08:56:23.113+0000] {dagbag.py:588} INFO - Filling up the DagBag from /opt/airflow/dags/system_dag.py
[2026-03-30T08:56:23.129+0000] {processor.py:925} INFO - DAG(s) 'system_dag' retrieved from /opt/airflow/dags/system_dag.py
[2026-03-30T08:56:23.160+0000] {logging_mixin.py:190} INFO - [2026-03-30T08:56:23.160+0000] {dag.py:3239} INFO - Sync 1 DAGs
[2026-03-30T08:56:23.185+0000] {logging_mixin.py:190} INFO - [2026-03-30T08:56:23.184+0000] {dag.py:4180} INFO - Setting next_dagrun for system_dag to 2026-03-29T00:00:00+00:00, run_after=2026-03-30T00:00:00+00:00
[2026-03-30T08:56:23.202+0000] {processor.py:208} INFO - Processing /opt/airflow/dags/system_dag.py took 0.096 seconds
[2026-03-30T08:56:55.258+0000] {processor.py:186} INFO - Started process (PID=497) to work on /opt/airflow/dags/system_dag.py
[2026-03-30T08:56:55.259+0000] {processor.py:914} INFO - Processing file /opt/airflow/dags/system_dag.py for tasks to queue
[2026-03-30T08:56:55.260+0000] {logging_mixin.py:190} INFO - [2026-03-30T08:56:55.260+0000] {dagbag.py:588} INFO - Filling up the DagBag from /opt/airflow/dags/system_dag.py
[2026-03-30T08:56:55.276+0000] {processor.py:925} INFO - DAG(s) 'system_dag' retrieved from /opt/airflow/dags/system_dag.py
[2026-03-30T08:56:55.309+0000] {logging_mixin.py:190} INFO - [2026-03-30T08:56:55.308+0000] {dag.py:3239} INFO - Sync 1 DAGs
[2026-03-30T08:56:55.334+0000] {logging_mixin.py:190} INFO - [2026-03-30T08:56:55.334+0000] {dag.py:4180} INFO - Setting next_dagrun for system_dag to 2026-03-29T00:00:00+00:00, run_after=2026-03-30T00:00:00+00:00
[2026-03-30T08:56:55.353+0000] {processor.py:208} INFO - Processing /opt/airflow/dags/system_dag.py took 0.101 seconds
[2026-03-30T08:57:28.525+0000] {processor.py:186} INFO - Started process (PID=501) to work on /opt/airflow/dags/system_dag.py
[2026-03-30T08:57:28.525+0000] {processor.py:914} INFO - Processing file /opt/airflow/dags/system_dag.py for tasks to queue
[2026-03-30T08:57:28.526+0000] {logging_mixin.py:190} INFO - [2026-03-30T08:57:28.526+0000] {dagbag.py:588} INFO - Filling up the DagBag from /opt/airflow/dags/system_dag.py
[2026-03-30T08:57:28.542+0000] {processor.py:925} INFO - DAG(s) 'system_dag' retrieved from /opt/airflow/dags/system_dag.py
[2026-03-30T08:57:28.574+0000] {logging_mixin.py:190} INFO - [2026-03-30T08:57:28.574+0000] {dag.py:3239} INFO - Sync 1 DAGs
[2026-03-30T08:57:28.602+0000] {logging_mixin.py:190} INFO - [2026-03-30T08:57:28.602+0000] {dag.py:4180} INFO - Setting next_dagrun for system_dag to 2026-03-29T00:00:00+00:00, run_after=2026-03-30T00:00:00+00:00
[2026-03-30T08:57:28.624+0000] {processor.py:208} INFO - Processing /opt/airflow/dags/system_dag.py took 0.105 seconds
[2026-03-30T08:58:00.573+0000] {processor.py:186} INFO - Started process (PID=505) to work on /opt/airflow/dags/system_dag.py
[2026-03-30T08:58:00.574+0000] {processor.py:914} INFO - Processing file /opt/airflow/dags/system_dag.py for tasks to queue
[2026-03-30T08:58:00.575+0000] {logging_mixin.py:190} INFO - [2026-03-30T08:58:00.575+0000] {dagbag.py:588} INFO - Filling up the DagBag from /opt/airflow/dags/system_dag.py
[2026-03-30T08:58:00.590+0000] {processor.py:925} INFO - DAG(s) 'system_dag' retrieved from /opt/airflow/dags/system_dag.py
[2026-03-30T08:58:00.620+0000] {logging_mixin.py:190} INFO - [2026-03-30T08:58:00.620+0000] {dag.py:3239} INFO - Sync 1 DAGs
[2026-03-30T08:58:00.649+0000] {logging_mixin.py:190} INFO - [2026-03-30T08:58:00.649+0000] {dag.py:4180} INFO - Setting next_dagrun for system_dag to 2026-03-29T00:00:00+00:00, run_after=2026-03-30T00:00:00+00:00
[2026-03-30T08:58:00.666+0000] {processor.py:208} INFO - Processing /opt/airflow/dags/system_dag.py took 0.098 seconds
[2026-03-30T08:58:33.689+0000] {processor.py:186} INFO - Started process (PID=509) to work on /opt/airflow/dags/system_dag.py
[2026-03-30T08:58:33.690+0000] {processor.py:914} INFO - Processing file /opt/airflow/dags/system_dag.py for tasks to queue
[2026-03-30T08:58:33.691+0000] {logging_mixin.py:190} INFO - [2026-03-30T08:58:33.691+0000] {dagbag.py:588} INFO - Filling up the DagBag from /opt/airflow/dags/system_dag.py
[2026-03-30T08:58:33.706+0000] {processor.py:925} INFO - DAG(s) 'system_dag' retrieved from /opt/airflow/dags/system_dag.py
[2026-03-30T08:58:33.736+0000] {logging_mixin.py:190} INFO - [2026-03-30T08:58:33.736+0000] {dag.py:3239} INFO - Sync 1 DAGs
[2026-03-30T08:58:33.760+0000] {logging_mixin.py:190} INFO - [2026-03-30T08:58:33.760+0000] {dag.py:4180} INFO - Setting next_dagrun for system_dag to 2026-03-29T00:00:00+00:00, run_after=2026-03-30T00:00:00+00:00
[2026-03-30T08:58:33.780+0000] {processor.py:208} INFO - Processing /opt/airflow/dags/system_dag.py took 0.096 seconds
[2026-03-30T08:59:05.820+0000] {processor.py:186} INFO - Started process (PID=513) to work on /opt/airflow/dags/system_dag.py
[2026-03-30T08:59:05.821+0000] {processor.py:914} INFO - Processing file /opt/airflow/dags/system_dag.py for tasks to queue
[2026-03-30T08:59:05.822+0000] {logging_mixin.py:190} INFO - [2026-03-30T08:59:05.822+0000] {dagbag.py:588} INFO - Filling up the DagBag from /opt/airflow/dags/system_dag.py
[2026-03-30T08:59:05.838+0000] {processor.py:925} INFO - DAG(s) 'system_dag' retrieved from /opt/airflow/dags/system_dag.py
[2026-03-30T08:59:05.869+0000] {logging_mixin.py:190} INFO - [2026-03-30T08:59:05.869+0000] {dag.py:3239} INFO - Sync 1 DAGs
[2026-03-30T08:59:05.893+0000] {logging_mixin.py:190} INFO - [2026-03-30T08:59:05.893+0000] {dag.py:4180} INFO - Setting next_dagrun for system_dag to 2026-03-29T00:00:00+00:00, run_after=2026-03-30T00:00:00+00:00
[2026-03-30T08:59:05.911+0000] {processor.py:208} INFO - Processing /opt/airflow/dags/system_dag.py took 0.096 seconds
[2026-03-30T08:59:38.975+0000] {processor.py:186} INFO - Started process (PID=517) to work on /opt/airflow/dags/system_dag.py
[2026-03-30T08:59:38.976+0000] {processor.py:914} INFO - Processing file /opt/airflow/dags/system_dag.py for tasks to queue
[2026-03-30T08:59:38.977+0000] {logging_mixin.py:190} INFO - [2026-03-30T08:59:38.977+0000] {dagbag.py:588} INFO - Filling up the DagBag from /opt/airflow/dags/system_dag.py
[2026-03-30T08:59:38.992+0000] {processor.py:925} INFO - DAG(s) 'system_dag' retrieved from /opt/airflow/dags/system_dag.py
[2026-03-30T08:59:39.025+0000] {logging_mixin.py:190} INFO - [2026-03-30T08:59:39.025+0000] {dag.py:3239} INFO - Sync 1 DAGs
[2026-03-30T08:59:39.051+0000] {logging_mixin.py:190} INFO - [2026-03-30T08:59:39.050+0000] {dag.py:4180} INFO - Setting next_dagrun for system_dag to 2026-03-29T00:00:00+00:00, run_after=2026-03-30T00:00:00+00:00
[2026-03-30T08:59:39.069+0000] {processor.py:208} INFO - Processing /opt/airflow/dags/system_dag.py took 0.098 seconds
[2026-03-30T09:00:11.124+0000] {processor.py:186} INFO - Started process (PID=521) to work on /opt/airflow/dags/system_dag.py
[2026-03-30T09:00:11.124+0000] {processor.py:914} INFO - Processing file /opt/airflow/dags/system_dag.py for tasks to queue
[2026-03-30T09:00:11.126+0000] {logging_mixin.py:190} INFO - [2026-03-30T09:00:11.125+0000] {dagbag.py:588} INFO - Filling up the DagBag from /opt/airflow/dags/system_dag.py
[2026-03-30T09:00:11.140+0000] {processor.py:925} INFO - DAG(s) 'system_dag' retrieved from /opt/airflow/dags/system_dag.py
[2026-03-30T09:00:11.171+0000] {logging_mixin.py:190} INFO - [2026-03-30T09:00:11.171+0000] {dag.py:3239} INFO - Sync 1 DAGs
[2026-03-30T09:00:11.196+0000] {logging_mixin.py:190} INFO - [2026-03-30T09:00:11.196+0000] {dag.py:4180} INFO - Setting next_dagrun for system_dag to 2026-03-29T00:00:00+00:00, run_after=2026-03-30T00:00:00+00:00
[2026-03-30T09:00:11.213+0000] {processor.py:208} INFO - Processing /opt/airflow/dags/system_dag.py took 0.094 seconds
[2026-03-30T09:00:44.316+0000] {processor.py:186} INFO - Started process (PID=525) to work on /opt/airflow/dags/system_dag.py
[2026-03-30T09:00:44.317+0000] {processor.py:914} INFO - Processing file /opt/airflow/dags/system_dag.py for tasks to queue
[2026-03-30T09:00:44.318+0000] {logging_mixin.py:190} INFO - [2026-03-30T09:00:44.318+0000] {dagbag.py:588} INFO - Filling up the DagBag from /opt/airflow/dags/system_dag.py
[2026-03-30T09:00:44.336+0000] {processor.py:925} INFO - DAG(s) 'system_dag' retrieved from /opt/airflow/dags/system_dag.py
[2026-03-30T09:00:44.370+0000] {logging_mixin.py:190} INFO - [2026-03-30T09:00:44.369+0000] {dag.py:3239} INFO - Sync 1 DAGs
[2026-03-30T09:00:44.397+0000] {logging_mixin.py:190} INFO - [2026-03-30T09:00:44.397+0000] {dag.py:4180} INFO - Setting next_dagrun for system_dag to 2026-03-29T00:00:00+00:00, run_after=2026-03-30T00:00:00+00:00
[2026-03-30T09:00:44.416+0000] {processor.py:208} INFO - Processing /opt/airflow/dags/system_dag.py took 0.106 seconds
[2026-03-30T09:01:16.543+0000] {processor.py:186} INFO - Started process (PID=529) to work on /opt/airflow/dags/system_dag.py
[2026-03-30T09:01:16.544+0000] {processor.py:914} INFO - Processing file /opt/airflow/dags/system_dag.py for tasks to queue
[2026-03-30T09:01:16.545+0000] {logging_mixin.py:190} INFO - [2026-03-30T09:01:16.545+0000] {dagbag.py:588} INFO - Filling up the DagBag from /opt/airflow/dags/system_dag.py
[2026-03-30T09:01:16.563+0000] {processor.py:925} INFO - DAG(s) 'system_dag' retrieved from /opt/airflow/dags/system_dag.py
[2026-03-30T09:01:16.597+0000] {logging_mixin.py:190} INFO - [2026-03-30T09:01:16.597+0000] {dag.py:3239} INFO - Sync 1 DAGs
[2026-03-30T09:01:16.624+0000] {logging_mixin.py:190} INFO - [2026-03-30T09:01:16.624+0000] {dag.py:4180} INFO - Setting next_dagrun for system_dag to 2026-03-29T00:00:00+00:00, run_after=2026-03-30T00:00:00+00:00
[2026-03-30T09:01:16.644+0000] {processor.py:208} INFO - Processing /opt/airflow/dags/system_dag.py took 0.106 seconds
[2026-03-30T09:01:49.804+0000] {processor.py:186} INFO - Started process (PID=533) to work on /opt/airflow/dags/system_dag.py
[2026-03-30T09:01:49.805+0000] {processor.py:914} INFO - Processing file /opt/airflow/dags/system_dag.py for tasks to queue
[2026-03-30T09:01:49.806+0000] {logging_mixin.py:190} INFO - [2026-03-30T09:01:49.806+0000] {dagbag.py:588} INFO - Filling up the DagBag from /opt/airflow/dags/system_dag.py
[2026-03-30T09:01:49.822+0000] {processor.py:925} INFO - DAG(s) 'system_dag' retrieved from /opt/airflow/dags/system_dag.py
[2026-03-30T09:01:49.858+0000] {logging_mixin.py:190} INFO - [2026-03-30T09:01:49.858+0000] {dag.py:3239} INFO - Sync 1 DAGs
[2026-03-30T09:01:49.882+0000] {logging_mixin.py:190} INFO - [2026-03-30T09:01:49.882+0000] {dag.py:4180} INFO - Setting next_dagrun for system_dag to 2026-03-29T00:00:00+00:00, run_after=2026-03-30T00:00:00+00:00
[2026-03-30T09:01:49.904+0000] {processor.py:208} INFO - Processing /opt/airflow/dags/system_dag.py took 0.105 seconds
[2026-03-30T09:02:21.945+0000] {processor.py:186} INFO - Started process (PID=537) to work on /opt/airflow/dags/system_dag.py
[2026-03-30T09:02:21.945+0000] {processor.py:914} INFO - Processing file /opt/airflow/dags/system_dag.py for tasks to queue
[2026-03-30T09:02:21.947+0000] {logging_mixin.py:190} INFO - [2026-03-30T09:02:21.947+0000] {dagbag.py:588} INFO - Filling up the DagBag from /opt/airflow/dags/system_dag.py
[2026-03-30T09:02:21.962+0000] {processor.py:925} INFO - DAG(s) 'system_dag' retrieved from /opt/airflow/dags/system_dag.py
[2026-03-30T09:02:21.993+0000] {logging_mixin.py:190} INFO - [2026-03-30T09:02:21.992+0000] {dag.py:3239} INFO - Sync 1 DAGs
[2026-03-30T09:02:22.017+0000] {logging_mixin.py:190} INFO - [2026-03-30T09:02:22.017+0000] {dag.py:4180} INFO - Setting next_dagrun for system_dag to 2026-03-29T00:00:00+00:00, run_after=2026-03-30T00:00:00+00:00
[2026-03-30T09:02:22.041+0000] {processor.py:208} INFO - Processing /opt/airflow/dags/system_dag.py took 0.101 seconds
[2026-03-30T09:02:52.512+0000] {processor.py:186} INFO - Started process (PID=541) to work on /opt/airflow/dags/system_dag.py
[2026-03-30T09:02:52.513+0000] {processor.py:914} INFO - Processing file /opt/airflow/dags/system_dag.py for tasks to queue
[2026-03-30T09:02:52.515+0000] {logging_mixin.py:190} INFO - [2026-03-30T09:02:52.514+0000] {dagbag.py:588} INFO - Filling up the DagBag from /opt/airflow/dags/system_dag.py
[2026-03-30T09:02:54.193+0000] {processor.py:925} INFO - DAG(s) 'system_dag' retrieved from /opt/airflow/dags/system_dag.py
[2026-03-30T09:02:54.269+0000] {logging_mixin.py:190} INFO - [2026-03-30T09:02:54.269+0000] {dag.py:3239} INFO - Sync 1 DAGs
[2026-03-30T09:02:54.325+0000] {logging_mixin.py:190} INFO - [2026-03-30T09:02:54.325+0000] {dag.py:4180} INFO - Setting next_dagrun for system_dag to 2026-03-29T00:00:00+00:00, run_after=2026-03-30T00:00:00+00:00
[2026-03-30T09:02:54.370+0000] {processor.py:208} INFO - Processing /opt/airflow/dags/system_dag.py took 0.224 seconds
[2026-03-30T09:03:27.466+0000] {processor.py:186} INFO - Started process (PID=545) to work on /opt/airflow/dags/system_dag.py
[2026-03-30T09:03:27.466+0000] {processor.py:914} INFO - Processing file /opt/airflow/dags/system_dag.py for tasks to queue
[2026-03-30T09:03:27.467+0000] {logging_mixin.py:190} INFO - [2026-03-30T09:03:27.467+0000] {dagbag.py:588} INFO - Filling up the DagBag from /opt/airflow/dags/system_dag.py
[2026-03-30T09:03:27.489+0000] {processor.py:925} INFO - DAG(s) 'system_dag' retrieved from /opt/airflow/dags/system_dag.py
[2026-03-30T09:03:27.534+0000] {logging_mixin.py:190} INFO - [2026-03-30T09:03:27.534+0000] {dag.py:3239} INFO - Sync 1 DAGs
[2026-03-30T09:03:27.566+0000] {logging_mixin.py:190} INFO - [2026-03-30T09:03:27.566+0000] {dag.py:4180} INFO - Setting next_dagrun for system_dag to 2026-03-29T00:00:00+00:00, run_after=2026-03-30T00:00:00+00:00
[2026-03-30T09:03:27.599+0000] {processor.py:208} INFO - Processing /opt/airflow/dags/system_dag.py took 0.140 seconds
[2026-03-30T09:03:59.697+0000] {processor.py:186} INFO - Started process (PID=549) to work on /opt/airflow/dags/system_dag.py
[2026-03-30T09:03:59.698+0000] {processor.py:914} INFO - Processing file /opt/airflow/dags/system_dag.py for tasks to queue
[2026-03-30T09:03:59.700+0000] {logging_mixin.py:190} INFO - [2026-03-30T09:03:59.699+0000] {dagbag.py:588} INFO - Filling up the DagBag from /opt/airflow/dags/system_dag.py
[2026-03-30T09:03:59.718+0000] {processor.py:925} INFO - DAG(s) 'system_dag' retrieved from /opt/airflow/dags/system_dag.py
[2026-03-30T09:03:59.755+0000] {logging_mixin.py:190} INFO - [2026-03-30T09:03:59.755+0000] {dag.py:3239} INFO - Sync 1 DAGs
[2026-03-30T09:03:59.783+0000] {logging_mixin.py:190} INFO - [2026-03-30T09:03:59.783+0000] {dag.py:4180} INFO - Setting next_dagrun for system_dag to 2026-03-29T00:00:00+00:00, run_after=2026-03-30T00:00:00+00:00
[2026-03-30T09:03:59.811+0000] {processor.py:208} INFO - Processing /opt/airflow/dags/system_dag.py took 0.119 seconds
[2026-03-30T09:04:32.858+0000] {processor.py:186} INFO - Started process (PID=553) to work on /opt/airflow/dags/system_dag.py
[2026-03-30T09:04:32.859+0000] {processor.py:914} INFO - Processing file /opt/airflow/dags/system_dag.py for tasks to queue
[2026-03-30T09:04:32.860+0000] {logging_mixin.py:190} INFO - [2026-03-30T09:04:32.860+0000] {dagbag.py:588} INFO - Filling up the DagBag from /opt/airflow/dags/system_dag.py
[2026-03-30T09:04:32.879+0000] {processor.py:925} INFO - DAG(s) 'system_dag' retrieved from /opt/airflow/dags/system_dag.py
[2026-03-30T09:04:32.917+0000] {logging_mixin.py:190} INFO - [2026-03-30T09:04:32.917+0000] {dag.py:3239} INFO - Sync 1 DAGs
[2026-03-30T09:04:32.946+0000] {logging_mixin.py:190} INFO - [2026-03-30T09:04:32.946+0000] {dag.py:4180} INFO - Setting next_dagrun for system_dag to 2026-03-29T00:00:00+00:00, run_after=2026-03-30T00:00:00+00:00
[2026-03-30T09:04:32.974+0000] {processor.py:208} INFO - Processing /opt/airflow/dags/system_dag.py took 0.121 seconds
[2026-03-30T09:05:04.887+0000] {processor.py:186} INFO - Started process (PID=557) to work on /opt/airflow/dags/system_dag.py
[2026-03-30T09:05:04.887+0000] {processor.py:914} INFO - Processing file /opt/airflow/dags/system_dag.py for tasks to queue
[2026-03-30T09:05:04.889+0000] {logging_mixin.py:190} INFO - [2026-03-30T09:05:04.889+0000] {dagbag.py:588} INFO - Filling up the DagBag from /opt/airflow/dags/system_dag.py
[2026-03-30T09:05:04.908+0000] {processor.py:925} INFO - DAG(s) 'system_dag' retrieved from /opt/airflow/dags/system_dag.py
[2026-03-30T09:05:04.947+0000] {logging_mixin.py:190} INFO - [2026-03-30T09:05:04.947+0000] {dag.py:3239} INFO - Sync 1 DAGs
[2026-03-30T09:05:04.977+0000] {logging_mixin.py:190} INFO - [2026-03-30T09:05:04.977+0000] {dag.py:4180} INFO - Setting next_dagrun for system_dag to 2026-03-29T00:00:00+00:00, run_after=2026-03-30T00:00:00+00:00
[2026-03-30T09:05:05.011+0000] {processor.py:208} INFO - Processing /opt/airflow/dags/system_dag.py took 0.131 seconds
[2026-03-30T09:05:38.123+0000] {processor.py:186} INFO - Started process (PID=561) to work on /opt/airflow/dags/system_dag.py
[2026-03-30T09:05:38.124+0000] {processor.py:914} INFO - Processing file /opt/airflow/dags/system_dag.py for tasks to queue
[2026-03-30T09:05:38.125+0000] {logging_mixin.py:190} INFO - [2026-03-30T09:05:38.125+0000] {dagbag.py:588} INFO - Filling up the DagBag from /opt/airflow/dags/system_dag.py
[2026-03-30T09:05:38.144+0000] {processor.py:925} INFO - DAG(s) 'system_dag' retrieved from /opt/airflow/dags/system_dag.py
[2026-03-30T09:05:38.180+0000] {logging_mixin.py:190} INFO - [2026-03-30T09:05:38.180+0000] {dag.py:3239} INFO - Sync 1 DAGs
[2026-03-30T09:05:38.208+0000] {logging_mixin.py:190} INFO - [2026-03-30T09:05:38.208+0000] {dag.py:4180} INFO - Setting next_dagrun for system_dag to 2026-03-29T00:00:00+00:00, run_after=2026-03-30T00:00:00+00:00
[2026-03-30T09:05:38.236+0000] {processor.py:208} INFO - Processing /opt/airflow/dags/system_dag.py took 0.119 seconds
[2026-03-30T09:06:10.286+0000] {processor.py:186} INFO - Started process (PID=565) to work on /opt/airflow/dags/system_dag.py
[2026-03-30T09:06:10.286+0000] {processor.py:914} INFO - Processing file /opt/airflow/dags/system_dag.py for tasks to queue
[2026-03-30T09:06:10.288+0000] {logging_mixin.py:190} INFO - [2026-03-30T09:06:10.288+0000] {dagbag.py:588} INFO - Filling up the DagBag from /opt/airflow/dags/system_dag.py
[2026-03-30T09:06:10.303+0000] {processor.py:925} INFO - DAG(s) 'system_dag' retrieved from /opt/airflow/dags/system_dag.py
[2026-03-30T09:06:10.340+0000] {logging_mixin.py:190} INFO - [2026-03-30T09:06:10.340+0000] {dag.py:3239} INFO - Sync 1 DAGs
[2026-03-30T09:06:10.368+0000] {logging_mixin.py:190} INFO - [2026-03-30T09:06:10.368+0000] {dag.py:4180} INFO - Setting next_dagrun for system_dag to 2026-03-29T00:00:00+00:00, run_after=2026-03-30T00:00:00+00:00
[2026-03-30T09:06:10.395+0000] {processor.py:208} INFO - Processing /opt/airflow/dags/system_dag.py took 0.114 seconds
[2026-03-30T09:06:43.474+0000] {processor.py:186} INFO - Started process (PID=569) to work on /opt/airflow/dags/system_dag.py
[2026-03-30T09:06:43.475+0000] {processor.py:914} INFO - Processing file /opt/airflow/dags/system_dag.py for tasks to queue
[2026-03-30T09:06:43.476+0000] {logging_mixin.py:190} INFO - [2026-03-30T09:06:43.476+0000] {dagbag.py:588} INFO - Filling up the DagBag from /opt/airflow/dags/system_dag.py
[2026-03-30T09:06:43.495+0000] {processor.py:925} INFO - DAG(s) 'system_dag' retrieved from /opt/airflow/dags/system_dag.py
[2026-03-30T09:06:43.531+0000] {logging_mixin.py:190} INFO - [2026-03-30T09:06:43.531+0000] {dag.py:3239} INFO - Sync 1 DAGs
[2026-03-30T09:06:43.560+0000] {logging_mixin.py:190} INFO - [2026-03-30T09:06:43.560+0000] {dag.py:4180} INFO - Setting next_dagrun for system_dag to 2026-03-29T00:00:00+00:00, run_after=2026-03-30T00:00:00+00:00
[2026-03-30T09:06:43.586+0000] {processor.py:208} INFO - Processing /opt/airflow/dags/system_dag.py took 0.117 seconds
[2026-03-30T09:07:15.562+0000] {processor.py:186} INFO - Started process (PID=573) to work on /opt/airflow/dags/system_dag.py
[2026-03-30T09:07:15.563+0000] {processor.py:914} INFO - Processing file /opt/airflow/dags/system_dag.py for tasks to queue
[2026-03-30T09:07:15.564+0000] {logging_mixin.py:190} INFO - [2026-03-30T09:07:15.564+0000] {dagbag.py:588} INFO - Filling up the DagBag from /opt/airflow/dags/system_dag.py
[2026-03-30T09:07:15.583+0000] {processor.py:925} INFO - DAG(s) 'system_dag' retrieved from /opt/airflow/dags/system_dag.py
[2026-03-30T09:07:15.627+0000] {logging_mixin.py:190} INFO - [2026-03-30T09:07:15.627+0000] {dag.py:3239} INFO - Sync 1 DAGs
[2026-03-30T09:07:15.656+0000] {logging_mixin.py:190} INFO - [2026-03-30T09:07:15.656+0000] {dag.py:4180} INFO - Setting next_dagrun for system_dag to 2026-03-29T00:00:00+00:00, run_after=2026-03-30T00:00:00+00:00
[2026-03-30T09:07:15.691+0000] {processor.py:208} INFO - Processing /opt/airflow/dags/system_dag.py took 0.134 seconds
[2026-03-30T09:07:48.827+0000] {processor.py:186} INFO - Started process (PID=577) to work on /opt/airflow/dags/system_dag.py
[2026-03-30T09:07:48.832+0000] {processor.py:914} INFO - Processing file /opt/airflow/dags/system_dag.py for tasks to queue
[2026-03-30T09:07:48.833+0000] {logging_mixin.py:190} INFO - [2026-03-30T09:07:48.833+0000] {dagbag.py:588} INFO - Filling up the DagBag from /opt/airflow/dags/system_dag.py
[2026-03-30T09:07:48.853+0000] {processor.py:925} INFO - DAG(s) 'system_dag' retrieved from /opt/airflow/dags/system_dag.py
[2026-03-30T09:07:48.890+0000] {logging_mixin.py:190} INFO - [2026-03-30T09:07:48.890+0000] {dag.py:3239} INFO - Sync 1 DAGs
[2026-03-30T09:07:48.918+0000] {logging_mixin.py:190} INFO - [2026-03-30T09:07:48.918+0000] {dag.py:4180} INFO - Setting next_dagrun for system_dag to 2026-03-29T00:00:00+00:00, run_after=2026-03-30T00:00:00+00:00
[2026-03-30T09:07:48.945+0000] {processor.py:208} INFO - Processing /opt/airflow/dags/system_dag.py took 0.123 seconds
[2026-03-30T09:08:21.063+0000] {processor.py:186} INFO - Started process (PID=581) to work on /opt/airflow/dags/system_dag.py
[2026-03-30T09:08:21.064+0000] {processor.py:914} INFO - Processing file /opt/airflow/dags/system_dag.py for tasks to queue
[2026-03-30T09:08:21.065+0000] {logging_mixin.py:190} INFO - [2026-03-30T09:08:21.064+0000] {dagbag.py:588} INFO - Filling up the DagBag from /opt/airflow/dags/system_dag.py
[2026-03-30T09:08:21.082+0000] {processor.py:925} INFO - DAG(s) 'system_dag' retrieved from /opt/airflow/dags/system_dag.py
[2026-03-30T09:08:21.127+0000] {logging_mixin.py:190} INFO - [2026-03-30T09:08:21.127+0000] {dag.py:3239} INFO - Sync 1 DAGs
[2026-03-30T09:08:21.165+0000] {logging_mixin.py:190} INFO - [2026-03-30T09:08:21.165+0000] {dag.py:4180} INFO - Setting next_dagrun for system_dag to 2026-03-29T00:00:00+00:00, run_after=2026-03-30T00:00:00+00:00
[2026-03-30T09:08:21.203+0000] {processor.py:208} INFO - Processing /opt/airflow/dags/system_dag.py took 0.147 seconds
[2026-03-30T09:08:54.462+0000] {processor.py:186} INFO - Started process (PID=585) to work on /opt/airflow/dags/system_dag.py
[2026-03-30T09:08:54.463+0000] {processor.py:914} INFO - Processing file /opt/airflow/dags/system_dag.py for tasks to queue
[2026-03-30T09:08:54.465+0000] {logging_mixin.py:190} INFO - [2026-03-30T09:08:54.465+0000] {dagbag.py:588} INFO - Filling up the DagBag from /opt/airflow/dags/system_dag.py
[2026-03-30T09:08:54.503+0000] {processor.py:925} INFO - DAG(s) 'system_dag' retrieved from /opt/airflow/dags/system_dag.py
[2026-03-30T09:08:54.584+0000] {logging_mixin.py:190} INFO - [2026-03-30T09:08:54.583+0000] {dag.py:3239} INFO - Sync 1 DAGs
[2026-03-30T09:08:54.650+0000] {logging_mixin.py:190} INFO - [2026-03-30T09:08:54.650+0000] {dag.py:4180} INFO - Setting next_dagrun for system_dag to 2026-03-29T00:00:00+00:00, run_after=2026-03-30T00:00:00+00:00
[2026-03-30T09:08:54.690+0000] {processor.py:208} INFO - Processing /opt/airflow/dags/system_dag.py took 0.240 seconds
[2026-03-30T09:09:26.882+0000] {processor.py:186} INFO - Started process (PID=591) to work on /opt/airflow/dags/system_dag.py
[2026-03-30T09:09:26.883+0000] {processor.py:914} INFO - Processing file /opt/airflow/dags/system_dag.py for tasks to queue
[2026-03-30T09:09:26.884+0000] {logging_mixin.py:190} INFO - [2026-03-30T09:09:26.884+0000] {dagbag.py:588} INFO - Filling up the DagBag from /opt/airflow/dags/system_dag.py
[2026-03-30T09:09:26.902+0000] {processor.py:925} INFO - DAG(s) 'system_dag' retrieved from /opt/airflow/dags/system_dag.py
[2026-03-30T09:09:26.934+0000] {logging_mixin.py:190} INFO - [2026-03-30T09:09:26.933+0000] {dag.py:3239} INFO - Sync 1 DAGs
[2026-03-30T09:09:26.961+0000] {logging_mixin.py:190} INFO - [2026-03-30T09:09:26.960+0000] {dag.py:4180} INFO - Setting next_dagrun for system_dag to 2026-03-29T00:00:00+00:00, run_after=2026-03-30T00:00:00+00:00
[2026-03-30T09:09:26.986+0000] {processor.py:208} INFO - Processing /opt/airflow/dags/system_dag.py took 0.109 seconds
[2026-03-30T09:09:59.121+0000] {processor.py:186} INFO - Started process (PID=595) to work on /opt/airflow/dags/system_dag.py
[2026-03-30T09:09:59.121+0000] {processor.py:914} INFO - Processing file /opt/airflow/dags/system_dag.py for tasks to queue
[2026-03-30T09:09:59.122+0000] {logging_mixin.py:190} INFO - [2026-03-30T09:09:59.122+0000] {dagbag.py:588} INFO - Filling up the DagBag from /opt/airflow/dags/system_dag.py
[2026-03-30T09:09:59.138+0000] {processor.py:925} INFO - DAG(s) 'system_dag' retrieved from /opt/airflow/dags/system_dag.py
[2026-03-30T09:09:59.172+0000] {logging_mixin.py:190} INFO - [2026-03-30T09:09:59.172+0000] {dag.py:3239} INFO - Sync 1 DAGs
[2026-03-30T09:09:59.200+0000] {logging_mixin.py:190} INFO - [2026-03-30T09:09:59.199+0000] {dag.py:4180} INFO - Setting next_dagrun for system_dag to 2026-03-29T00:00:00+00:00, run_after=2026-03-30T00:00:00+00:00
[2026-03-30T09:09:59.224+0000] {processor.py:208} INFO - Processing /opt/airflow/dags/system_dag.py took 0.108 seconds
[2026-03-30T09:10:32.353+0000] {processor.py:186} INFO - Started process (PID=599) to work on /opt/airflow/dags/system_dag.py
[2026-03-30T09:10:32.354+0000] {processor.py:914} INFO - Processing file /opt/airflow/dags/system_dag.py for tasks to queue
[2026-03-30T09:10:32.355+0000] {logging_mixin.py:190} INFO - [2026-03-30T09:10:32.355+0000] {dagbag.py:588} INFO - Filling up the DagBag from /opt/airflow/dags/system_dag.py
[2026-03-30T09:10:32.371+0000] {processor.py:925} INFO - DAG(s) 'system_dag' retrieved from /opt/airflow/dags/system_dag.py
[2026-03-30T09:10:32.403+0000] {logging_mixin.py:190} INFO - [2026-03-30T09:10:32.403+0000] {dag.py:3239} INFO - Sync 1 DAGs
[2026-03-30T09:10:32.427+0000] {logging_mixin.py:190} INFO - [2026-03-30T09:10:32.427+0000] {dag.py:4180} INFO - Setting next_dagrun for system_dag to 2026-03-29T00:00:00+00:00, run_after=2026-03-30T00:00:00+00:00
[2026-03-30T09:10:32.454+0000] {processor.py:208} INFO - Processing /opt/airflow/dags/system_dag.py took 0.107 seconds
[2026-03-30T09:11:04.605+0000] {processor.py:186} INFO - Started process (PID=603) to work on /opt/airflow/dags/system_dag.py
[2026-03-30T09:11:04.606+0000] {processor.py:914} INFO - Processing file /opt/airflow/dags/system_dag.py for tasks to queue
[2026-03-30T09:11:04.608+0000] {logging_mixin.py:190} INFO - [2026-03-30T09:11:04.608+0000] {dagbag.py:588} INFO - Filling up the DagBag from /opt/airflow/dags/system_dag.py
[2026-03-30T09:11:04.645+0000] {processor.py:925} INFO - DAG(s) 'system_dag' retrieved from /opt/airflow/dags/system_dag.py
[2026-03-30T09:11:04.724+0000] {logging_mixin.py:190} INFO - [2026-03-30T09:11:04.724+0000] {dag.py:3239} INFO - Sync 1 DAGs
[2026-03-30T09:11:04.784+0000] {logging_mixin.py:190} INFO - [2026-03-30T09:11:04.784+0000] {dag.py:4180} INFO - Setting next_dagrun for system_dag to 2026-03-29T00:00:00+00:00, run_after=2026-03-30T00:00:00+00:00
[2026-03-30T09:11:04.812+0000] {processor.py:208} INFO - Processing /opt/airflow/dags/system_dag.py took 0.217 seconds
[2026-03-30T09:11:37.899+0000] {processor.py:186} INFO - Started process (PID=607) to work on /opt/airflow/dags/system_dag.py
[2026-03-30T09:11:37.900+0000] {processor.py:914} INFO - Processing file /opt/airflow/dags/system_dag.py for tasks to queue
[2026-03-30T09:11:37.902+0000] {logging_mixin.py:190} INFO - [2026-03-30T09:11:37.901+0000] {dagbag.py:588} INFO - Filling up the DagBag from /opt/airflow/dags/system_dag.py
[2026-03-30T09:11:37.919+0000] {processor.py:925} INFO - DAG(s) 'system_dag' retrieved from /opt/airflow/dags/system_dag.py
[2026-03-30T09:11:37.958+0000] {logging_mixin.py:190} INFO - [2026-03-30T09:11:37.958+0000] {dag.py:3239} INFO - Sync 1 DAGs
[2026-03-30T09:11:37.987+0000] {logging_mixin.py:190} INFO - [2026-03-30T09:11:37.987+0000] {dag.py:4180} INFO - Setting next_dagrun for system_dag to 2026-03-29T00:00:00+00:00, run_after=2026-03-30T00:00:00+00:00
[2026-03-30T09:11:38.013+0000] {processor.py:208} INFO - Processing /opt/airflow/dags/system_dag.py took 0.119 seconds
[2026-03-30T09:12:10.153+0000] {processor.py:186} INFO - Started process (PID=611) to work on /opt/airflow/dags/system_dag.py
[2026-03-30T09:12:10.154+0000] {processor.py:914} INFO - Processing file /opt/airflow/dags/system_dag.py for tasks to queue
[2026-03-30T09:12:10.155+0000] {logging_mixin.py:190} INFO - [2026-03-30T09:12:10.155+0000] {dagbag.py:588} INFO - Filling up the DagBag from /opt/airflow/dags/system_dag.py
[2026-03-30T09:12:10.170+0000] {processor.py:925} INFO - DAG(s) 'system_dag' retrieved from /opt/airflow/dags/system_dag.py
[2026-03-30T09:12:10.202+0000] {logging_mixin.py:190} INFO - [2026-03-30T09:12:10.202+0000] {dag.py:3239} INFO - Sync 1 DAGs
[2026-03-30T09:12:10.230+0000] {logging_mixin.py:190} INFO - [2026-03-30T09:12:10.230+0000] {dag.py:4180} INFO - Setting next_dagrun for system_dag to 2026-03-29T00:00:00+00:00, run_after=2026-03-30T00:00:00+00:00
[2026-03-30T09:12:10.251+0000] {processor.py:208} INFO - Processing /opt/airflow/dags/system_dag.py took 0.104 seconds
[2026-03-30T09:12:43.391+0000] {processor.py:186} INFO - Started process (PID=615) to work on /opt/airflow/dags/system_dag.py
[2026-03-30T09:12:43.392+0000] {processor.py:914} INFO - Processing file /opt/airflow/dags/system_dag.py for tasks to queue
[2026-03-30T09:12:43.393+0000] {logging_mixin.py:190} INFO - [2026-03-30T09:12:43.392+0000] {dagbag.py:588} INFO - Filling up the DagBag from /opt/airflow/dags/system_dag.py
[2026-03-30T09:12:43.408+0000] {processor.py:925} INFO - DAG(s) 'system_dag' retrieved from /opt/airflow/dags/system_dag.py
[2026-03-30T09:12:43.440+0000] {logging_mixin.py:190} INFO - [2026-03-30T09:12:43.439+0000] {dag.py:3239} INFO - Sync 1 DAGs
[2026-03-30T09:12:43.464+0000] {logging_mixin.py:190} INFO - [2026-03-30T09:12:43.463+0000] {dag.py:4180} INFO - Setting next_dagrun for system_dag to 2026-03-29T00:00:00+00:00, run_after=2026-03-30T00:00:00+00:00
[2026-03-30T09:12:43.481+0000] {processor.py:208} INFO - Processing /opt/airflow/dags/system_dag.py took 0.096 seconds
[2026-03-30T09:13:15.628+0000] {processor.py:186} INFO - Started process (PID=619) to work on /opt/airflow/dags/system_dag.py
[2026-03-30T09:13:15.629+0000] {processor.py:914} INFO - Processing file /opt/airflow/dags/system_dag.py for tasks to queue
[2026-03-30T09:13:15.630+0000] {logging_mixin.py:190} INFO - [2026-03-30T09:13:15.629+0000] {dagbag.py:588} INFO - Filling up the DagBag from /opt/airflow/dags/system_dag.py
[2026-03-30T09:13:15.646+0000] {processor.py:925} INFO - DAG(s) 'system_dag' retrieved from /opt/airflow/dags/system_dag.py
[2026-03-30T09:13:15.688+0000] {logging_mixin.py:190} INFO - [2026-03-30T09:13:15.687+0000] {dag.py:3239} INFO - Sync 1 DAGs
[2026-03-30T09:13:15.718+0000] {logging_mixin.py:190} INFO - [2026-03-30T09:13:15.718+0000] {dag.py:4180} INFO - Setting next_dagrun for system_dag to 2026-03-29T00:00:00+00:00, run_after=2026-03-30T00:00:00+00:00
[2026-03-30T09:13:15.743+0000] {processor.py:208} INFO - Processing /opt/airflow/dags/system_dag.py took 0.120 seconds
[2026-03-30T09:13:48.819+0000] {processor.py:186} INFO - Started process (PID=623) to work on /opt/airflow/dags/system_dag.py
[2026-03-30T09:13:48.819+0000] {processor.py:914} INFO - Processing file /opt/airflow/dags/system_dag.py for tasks to queue
[2026-03-30T09:13:48.821+0000] {logging_mixin.py:190} INFO - [2026-03-30T09:13:48.820+0000] {dagbag.py:588} INFO - Filling up the DagBag from /opt/airflow/dags/system_dag.py
[2026-03-30T09:13:48.838+0000] {processor.py:925} INFO - DAG(s) 'system_dag' retrieved from /opt/airflow/dags/system_dag.py
[2026-03-30T09:13:48.871+0000] {logging_mixin.py:190} INFO - [2026-03-30T09:13:48.870+0000] {dag.py:3239} INFO - Sync 1 DAGs
[2026-03-30T09:13:48.900+0000] {logging_mixin.py:190} INFO - [2026-03-30T09:13:48.900+0000] {dag.py:4180} INFO - Setting next_dagrun for system_dag to 2026-03-29T00:00:00+00:00, run_after=2026-03-30T00:00:00+00:00
[2026-03-30T09:13:48.920+0000] {processor.py:208} INFO - Processing /opt/airflow/dags/system_dag.py took 0.106 seconds
[2026-03-30T09:14:21.070+0000] {processor.py:186} INFO - Started process (PID=627) to work on /opt/airflow/dags/system_dag.py
[2026-03-30T09:14:21.071+0000] {processor.py:914} INFO - Processing file /opt/airflow/dags/system_dag.py for tasks to queue
[2026-03-30T09:14:21.072+0000] {logging_mixin.py:190} INFO - [2026-03-30T09:14:21.072+0000] {dagbag.py:588} INFO - Filling up the DagBag from /opt/airflow/dags/system_dag.py
[2026-03-30T09:14:21.087+0000] {processor.py:925} INFO - DAG(s) 'system_dag' retrieved from /opt/airflow/dags/system_dag.py
[2026-03-30T09:14:21.118+0000] {logging_mixin.py:190} INFO - [2026-03-30T09:14:21.118+0000] {dag.py:3239} INFO - Sync 1 DAGs
[2026-03-30T09:14:21.143+0000] {logging_mixin.py:190} INFO - [2026-03-30T09:14:21.143+0000] {dag.py:4180} INFO - Setting next_dagrun for system_dag to 2026-03-29T00:00:00+00:00, run_after=2026-03-30T00:00:00+00:00
[2026-03-30T09:14:21.162+0000] {processor.py:208} INFO - Processing /opt/airflow/dags/system_dag.py took 0.097 seconds
[2026-03-30T09:14:54.330+0000] {processor.py:186} INFO - Started process (PID=631) to work on /opt/airflow/dags/system_dag.py
[2026-03-30T09:14:54.331+0000] {processor.py:914} INFO - Processing file /opt/airflow/dags/system_dag.py for tasks to queue
[2026-03-30T09:14:54.332+0000] {logging_mixin.py:190} INFO - [2026-03-30T09:14:54.332+0000] {dagbag.py:588} INFO - Filling up the DagBag from /opt/airflow/dags/system_dag.py
[2026-03-30T09:14:54.355+0000] {processor.py:925} INFO - DAG(s) 'system_dag' retrieved from /opt/airflow/dags/system_dag.py
[2026-03-30T09:14:54.391+0000] {logging_mixin.py:190} INFO - [2026-03-30T09:14:54.391+0000] {dag.py:3239} INFO - Sync 1 DAGs
[2026-03-30T09:14:54.420+0000] {logging_mixin.py:190} INFO - [2026-03-30T09:14:54.419+0000] {dag.py:4180} INFO - Setting next_dagrun for system_dag to 2026-03-29T00:00:00+00:00, run_after=2026-03-30T00:00:00+00:00
[2026-03-30T09:14:54.439+0000] {processor.py:208} INFO - Processing /opt/airflow/dags/system_dag.py took 0.117 seconds
[2026-03-30T09:15:26.598+0000] {processor.py:186} INFO - Started process (PID=635) to work on /opt/airflow/dags/system_dag.py
[2026-03-30T09:15:26.599+0000] {processor.py:914} INFO - Processing file /opt/airflow/dags/system_dag.py for tasks to queue
[2026-03-30T09:15:26.600+0000] {logging_mixin.py:190} INFO - [2026-03-30T09:15:26.600+0000] {dagbag.py:588} INFO - Filling up the DagBag from /opt/airflow/dags/system_dag.py
[2026-03-30T09:15:26.615+0000] {processor.py:925} INFO - DAG(s) 'system_dag' retrieved from /opt/airflow/dags/system_dag.py
[2026-03-30T09:15:26.647+0000] {logging_mixin.py:190} INFO - [2026-03-30T09:15:26.646+0000] {dag.py:3239} INFO - Sync 1 DAGs
[2026-03-30T09:15:26.671+0000] {logging_mixin.py:190} INFO - [2026-03-30T09:15:26.671+0000] {dag.py:4180} INFO - Setting next_dagrun for system_dag to 2026-03-29T00:00:00+00:00, run_after=2026-03-30T00:00:00+00:00
[2026-03-30T09:15:26.688+0000] {processor.py:208} INFO - Processing /opt/airflow/dags/system_dag.py took 0.095 seconds
[2026-03-30T09:15:59.811+0000] {processor.py:186} INFO - Started process (PID=639) to work on /opt/airflow/dags/system_dag.py
[2026-03-30T09:15:59.811+0000] {processor.py:914} INFO - Processing file /opt/airflow/dags/system_dag.py for tasks to queue
[2026-03-30T09:15:59.812+0000] {logging_mixin.py:190} INFO - [2026-03-30T09:15:59.812+0000] {dagbag.py:588} INFO - Filling up the DagBag from /opt/airflow/dags/system_dag.py
[2026-03-30T09:15:59.827+0000] {processor.py:925} INFO - DAG(s) 'system_dag' retrieved from /opt/airflow/dags/system_dag.py
[2026-03-30T09:15:59.858+0000] {logging_mixin.py:190} INFO - [2026-03-30T09:15:59.858+0000] {dag.py:3239} INFO - Sync 1 DAGs
[2026-03-30T09:15:59.882+0000] {logging_mixin.py:190} INFO - [2026-03-30T09:15:59.882+0000] {dag.py:4180} INFO - Setting next_dagrun for system_dag to 2026-03-29T00:00:00+00:00, run_after=2026-03-30T00:00:00+00:00
[2026-03-30T09:15:59.900+0000] {processor.py:208} INFO - Processing /opt/airflow/dags/system_dag.py took 0.094 seconds
[2026-03-30T09:16:32.034+0000] {processor.py:186} INFO - Started process (PID=643) to work on /opt/airflow/dags/system_dag.py
[2026-03-30T09:16:32.035+0000] {processor.py:914} INFO - Processing file /opt/airflow/dags/system_dag.py for tasks to queue
[2026-03-30T09:16:32.037+0000] {logging_mixin.py:190} INFO - [2026-03-30T09:16:32.037+0000] {dagbag.py:588} INFO - Filling up the DagBag from /opt/airflow/dags/system_dag.py
[2026-03-30T09:16:32.053+0000] {processor.py:925} INFO - DAG(s) 'system_dag' retrieved from /opt/airflow/dags/system_dag.py
[2026-03-30T09:16:32.084+0000] {logging_mixin.py:190} INFO - [2026-03-30T09:16:32.084+0000] {dag.py:3239} INFO - Sync 1 DAGs
[2026-03-30T09:16:32.108+0000] {logging_mixin.py:190} INFO - [2026-03-30T09:16:32.108+0000] {dag.py:4180} INFO - Setting next_dagrun for system_dag to 2026-03-29T00:00:00+00:00, run_after=2026-03-30T00:00:00+00:00
[2026-03-30T09:16:32.127+0000] {processor.py:208} INFO - Processing /opt/airflow/dags/system_dag.py took 0.098 seconds
[2026-03-30T09:17:02.708+0000] {processor.py:186} INFO - Started process (PID=647) to work on /opt/airflow/dags/system_dag.py
[2026-03-30T09:17:02.709+0000] {processor.py:914} INFO - Processing file /opt/airflow/dags/system_dag.py for tasks to queue
[2026-03-30T09:17:02.710+0000] {logging_mixin.py:190} INFO - [2026-03-30T09:17:02.710+0000] {dagbag.py:588} INFO - Filling up the DagBag from /opt/airflow/dags/system_dag.py
[2026-03-30T09:17:02.725+0000] {processor.py:925} INFO - DAG(s) 'system_dag' retrieved from /opt/airflow/dags/system_dag.py
[2026-03-30T09:17:02.755+0000] {logging_mixin.py:190} INFO - [2026-03-30T09:17:02.755+0000] {dag.py:3239} INFO - Sync 1 DAGs
[2026-03-30T09:17:04.444+0000] {logging_mixin.py:190} INFO - [2026-03-30T09:17:04.444+0000] {dag.py:4180} INFO - Setting next_dagrun for system_dag to 2026-03-29T00:00:00+00:00, run_after=2026-03-30T00:00:00+00:00
[2026-03-30T09:17:04.461+0000] {processor.py:208} INFO - Processing /opt/airflow/dags/system_dag.py took 0.094 seconds
[2026-03-30T09:17:37.591+0000] {processor.py:186} INFO - Started process (PID=651) to work on /opt/airflow/dags/system_dag.py
[2026-03-30T09:17:37.592+0000] {processor.py:914} INFO - Processing file /opt/airflow/dags/system_dag.py for tasks to queue
[2026-03-30T09:17:37.598+0000] {logging_mixin.py:190} INFO - [2026-03-30T09:17:37.597+0000] {dagbag.py:588} INFO - Filling up the DagBag from /opt/airflow/dags/system_dag.py
[2026-03-30T09:17:37.616+0000] {processor.py:925} INFO - DAG(s) 'system_dag' retrieved from /opt/airflow/dags/system_dag.py
[2026-03-30T09:17:37.667+0000] {logging_mixin.py:190} INFO - [2026-03-30T09:17:37.667+0000] {dag.py:3239} INFO - Sync 1 DAGs
[2026-03-30T09:17:37.703+0000] {logging_mixin.py:190} INFO - [2026-03-30T09:17:37.702+0000] {dag.py:4180} INFO - Setting next_dagrun for system_dag to 2026-03-29T00:00:00+00:00, run_after=2026-03-30T00:00:00+00:00
[2026-03-30T09:17:37.735+0000] {processor.py:208} INFO - Processing /opt/airflow/dags/system_dag.py took 0.149 seconds
[2026-03-30T09:18:08.064+0000] {processor.py:186} INFO - Started process (PID=655) to work on /opt/airflow/dags/system_dag.py
[2026-03-30T09:18:08.065+0000] {processor.py:914} INFO - Processing file /opt/airflow/dags/system_dag.py for tasks to queue
[2026-03-30T09:18:08.066+0000] {logging_mixin.py:190} INFO - [2026-03-30T09:18:08.065+0000] {dagbag.py:588} INFO - Filling up the DagBag from /opt/airflow/dags/system_dag.py
[2026-03-30T09:18:08.081+0000] {processor.py:925} INFO - DAG(s) 'system_dag' retrieved from /opt/airflow/dags/system_dag.py
[2026-03-30T09:18:08.118+0000] {logging_mixin.py:190} INFO - [2026-03-30T09:18:08.118+0000] {dag.py:3239} INFO - Sync 1 DAGs
[2026-03-30T09:18:08.150+0000] {logging_mixin.py:190} INFO - [2026-03-30T09:18:08.150+0000] {dag.py:4180} INFO - Setting next_dagrun for system_dag to 2026-03-29T00:00:00+00:00, run_after=2026-03-30T00:00:00+00:00
[2026-03-30T09:18:08.177+0000] {processor.py:208} INFO - Processing /opt/airflow/dags/system_dag.py took 0.118 seconds
[2026-03-30T09:18:38.239+0000] {processor.py:186} INFO - Started process (PID=659) to work on /opt/airflow/dags/system_dag.py
[2026-03-30T09:18:38.239+0000] {processor.py:914} INFO - Processing file /opt/airflow/dags/system_dag.py for tasks to queue
[2026-03-30T09:18:38.240+0000] {logging_mixin.py:190} INFO - [2026-03-30T09:18:38.240+0000] {dagbag.py:588} INFO - Filling up the DagBag from /opt/airflow/dags/system_dag.py
[2026-03-30T09:18:38.260+0000] {processor.py:925} INFO - DAG(s) 'system_dag' retrieved from /opt/airflow/dags/system_dag.py
[2026-03-30T09:18:38.298+0000] {logging_mixin.py:190} INFO - [2026-03-30T09:18:38.297+0000] {dag.py:3239} INFO - Sync 1 DAGs
[2026-03-30T09:18:38.326+0000] {logging_mixin.py:190} INFO - [2026-03-30T09:18:38.326+0000] {dag.py:4180} INFO - Setting next_dagrun for system_dag to 2026-03-29T00:00:00+00:00, run_after=2026-03-30T00:00:00+00:00
[2026-03-30T09:18:38.352+0000] {processor.py:208} INFO - Processing /opt/airflow/dags/system_dag.py took 0.120 seconds
[2026-03-30T09:19:08.524+0000] {processor.py:186} INFO - Started process (PID=663) to work on /opt/airflow/dags/system_dag.py
[2026-03-30T09:19:08.525+0000] {processor.py:914} INFO - Processing file /opt/airflow/dags/system_dag.py for tasks to queue
[2026-03-30T09:19:08.526+0000] {logging_mixin.py:190} INFO - [2026-03-30T09:19:08.526+0000] {dagbag.py:588} INFO - Filling up the DagBag from /opt/airflow/dags/system_dag.py
[2026-03-30T09:19:08.547+0000] {processor.py:925} INFO - DAG(s) 'system_dag' retrieved from /opt/airflow/dags/system_dag.py
[2026-03-30T09:19:08.584+0000] {logging_mixin.py:190} INFO - [2026-03-30T09:19:08.584+0000] {dag.py:3239} INFO - Sync 1 DAGs
[2026-03-30T09:19:08.614+0000] {logging_mixin.py:190} INFO - [2026-03-30T09:19:08.614+0000] {dag.py:4180} INFO - Setting next_dagrun for system_dag to 2026-03-29T00:00:00+00:00, run_after=2026-03-30T00:00:00+00:00
[2026-03-30T09:19:08.646+0000] {processor.py:208} INFO - Processing /opt/airflow/dags/system_dag.py took 0.127 seconds
[2026-03-30T09:19:38.782+0000] {processor.py:186} INFO - Started process (PID=667) to work on /opt/airflow/dags/system_dag.py
[2026-03-30T09:19:38.783+0000] {processor.py:914} INFO - Processing file /opt/airflow/dags/system_dag.py for tasks to queue
[2026-03-30T09:19:38.784+0000] {logging_mixin.py:190} INFO - [2026-03-30T09:19:38.784+0000] {dagbag.py:588} INFO - Filling up the DagBag from /opt/airflow/dags/system_dag.py
[2026-03-30T09:19:38.802+0000] {processor.py:925} INFO - DAG(s) 'system_dag' retrieved from /opt/airflow/dags/system_dag.py
[2026-03-30T09:19:38.839+0000] {logging_mixin.py:190} INFO - [2026-03-30T09:19:38.839+0000] {dag.py:3239} INFO - Sync 1 DAGs
[2026-03-30T09:19:38.867+0000] {logging_mixin.py:190} INFO - [2026-03-30T09:19:38.867+0000] {dag.py:4180} INFO - Setting next_dagrun for system_dag to 2026-03-29T00:00:00+00:00, run_after=2026-03-30T00:00:00+00:00
[2026-03-30T09:19:38.894+0000] {processor.py:208} INFO - Processing /opt/airflow/dags/system_dag.py took 0.118 seconds
[2026-03-30T09:20:09.030+0000] {processor.py:186} INFO - Started process (PID=671) to work on /opt/airflow/dags/system_dag.py
[2026-03-30T09:20:09.030+0000] {processor.py:914} INFO - Processing file /opt/airflow/dags/system_dag.py for tasks to queue
[2026-03-30T09:20:09.031+0000] {logging_mixin.py:190} INFO - [2026-03-30T09:20:09.031+0000] {dagbag.py:588} INFO - Filling up the DagBag from /opt/airflow/dags/system_dag.py
[2026-03-30T09:20:09.047+0000] {processor.py:925} INFO - DAG(s) 'system_dag' retrieved from /opt/airflow/dags/system_dag.py
[2026-03-30T09:20:09.081+0000] {logging_mixin.py:190} INFO - [2026-03-30T09:20:09.081+0000] {dag.py:3239} INFO - Sync 1 DAGs
[2026-03-30T09:20:09.108+0000] {logging_mixin.py:190} INFO - [2026-03-30T09:20:09.108+0000] {dag.py:4180} INFO - Setting next_dagrun for system_dag to 2026-03-29T00:00:00+00:00, run_after=2026-03-30T00:00:00+00:00
[2026-03-30T09:20:09.142+0000] {processor.py:208} INFO - Processing /opt/airflow/dags/system_dag.py took 0.118 seconds
[2026-03-30T09:20:39.372+0000] {processor.py:186} INFO - Started process (PID=675) to work on /opt/airflow/dags/system_dag.py
[2026-03-30T09:20:39.372+0000] {processor.py:914} INFO - Processing file /opt/airflow/dags/system_dag.py for tasks to queue
[2026-03-30T09:20:39.373+0000] {logging_mixin.py:190} INFO - [2026-03-30T09:20:39.373+0000] {dagbag.py:588} INFO - Filling up the DagBag from /opt/airflow/dags/system_dag.py
[2026-03-30T09:20:39.389+0000] {processor.py:925} INFO - DAG(s) 'system_dag' retrieved from /opt/airflow/dags/system_dag.py
[2026-03-30T09:20:39.424+0000] {logging_mixin.py:190} INFO - [2026-03-30T09:20:39.424+0000] {dag.py:3239} INFO - Sync 1 DAGs
[2026-03-30T09:20:39.452+0000] {logging_mixin.py:190} INFO - [2026-03-30T09:20:39.452+0000] {dag.py:4180} INFO - Setting next_dagrun for system_dag to 2026-03-29T00:00:00+00:00, run_after=2026-03-30T00:00:00+00:00
[2026-03-30T09:20:39.479+0000] {processor.py:208} INFO - Processing /opt/airflow/dags/system_dag.py took 0.112 seconds
[2026-03-30T09:21:09.597+0000] {processor.py:186} INFO - Started process (PID=679) to work on /opt/airflow/dags/system_dag.py
[2026-03-30T09:21:09.597+0000] {processor.py:914} INFO - Processing file /opt/airflow/dags/system_dag.py for tasks to queue
[2026-03-30T09:21:09.598+0000] {logging_mixin.py:190} INFO - [2026-03-30T09:21:09.598+0000] {dagbag.py:588} INFO - Filling up the DagBag from /opt/airflow/dags/system_dag.py
[2026-03-30T09:21:09.613+0000] {processor.py:925} INFO - DAG(s) 'system_dag' retrieved from /opt/airflow/dags/system_dag.py
[2026-03-30T09:21:09.648+0000] {logging_mixin.py:190} INFO - [2026-03-30T09:21:09.648+0000] {dag.py:3239} INFO - Sync 1 DAGs
[2026-03-30T09:21:09.675+0000] {logging_mixin.py:190} INFO - [2026-03-30T09:21:09.675+0000] {dag.py:4180} INFO - Setting next_dagrun for system_dag to 2026-03-29T00:00:00+00:00, run_after=2026-03-30T00:00:00+00:00
[2026-03-30T09:21:09.701+0000] {processor.py:208} INFO - Processing /opt/airflow/dags/system_dag.py took 0.110 seconds
[2026-03-30T09:21:39.802+0000] {processor.py:186} INFO - Started process (PID=683) to work on /opt/airflow/dags/system_dag.py
[2026-03-30T09:21:39.802+0000] {processor.py:914} INFO - Processing file /opt/airflow/dags/system_dag.py for tasks to queue
[2026-03-30T09:21:39.804+0000] {logging_mixin.py:190} INFO - [2026-03-30T09:21:39.803+0000] {dagbag.py:588} INFO - Filling up the DagBag from /opt/airflow/dags/system_dag.py
[2026-03-30T09:21:39.822+0000] {processor.py:925} INFO - DAG(s) 'system_dag' retrieved from /opt/airflow/dags/system_dag.py
[2026-03-30T09:21:39.859+0000] {logging_mixin.py:190} INFO - [2026-03-30T09:21:39.859+0000] {dag.py:3239} INFO - Sync 1 DAGs
[2026-03-30T09:21:39.892+0000] {logging_mixin.py:190} INFO - [2026-03-30T09:21:39.892+0000] {dag.py:4180} INFO - Setting next_dagrun for system_dag to 2026-03-29T00:00:00+00:00, run_after=2026-03-30T00:00:00+00:00
[2026-03-30T09:21:39.917+0000] {processor.py:208} INFO - Processing /opt/airflow/dags/system_dag.py took 0.120 seconds
[2026-03-30T09:22:09.975+0000] {processor.py:186} INFO - Started process (PID=687) to work on /opt/airflow/dags/system_dag.py
[2026-03-30T09:22:09.976+0000] {processor.py:914} INFO - Processing file /opt/airflow/dags/system_dag.py for tasks to queue
[2026-03-30T09:22:09.977+0000] {logging_mixin.py:190} INFO - [2026-03-30T09:22:09.977+0000] {dagbag.py:588} INFO - Filling up the DagBag from /opt/airflow/dags/system_dag.py
[2026-03-30T09:22:09.993+0000] {processor.py:925} INFO - DAG(s) 'system_dag' retrieved from /opt/airflow/dags/system_dag.py
[2026-03-30T09:22:10.031+0000] {logging_mixin.py:190} INFO - [2026-03-30T09:22:10.030+0000] {dag.py:3239} INFO - Sync 1 DAGs
[2026-03-30T09:22:10.060+0000] {logging_mixin.py:190} INFO - [2026-03-30T09:22:10.060+0000] {dag.py:4180} INFO - Setting next_dagrun for system_dag to 2026-03-29T00:00:00+00:00, run_after=2026-03-30T00:00:00+00:00
[2026-03-30T09:22:10.087+0000] {processor.py:208} INFO - Processing /opt/airflow/dags/system_dag.py took 0.117 seconds
[2026-03-30T09:22:40.231+0000] {processor.py:186} INFO - Started process (PID=691) to work on /opt/airflow/dags/system_dag.py
[2026-03-30T09:22:40.233+0000] {processor.py:914} INFO - Processing file /opt/airflow/dags/system_dag.py for tasks to queue
[2026-03-30T09:22:40.234+0000] {logging_mixin.py:190} INFO - [2026-03-30T09:22:40.233+0000] {dagbag.py:588} INFO - Filling up the DagBag from /opt/airflow/dags/system_dag.py
[2026-03-30T09:22:40.250+0000] {processor.py:925} INFO - DAG(s) 'system_dag' retrieved from /opt/airflow/dags/system_dag.py
[2026-03-30T09:22:40.287+0000] {logging_mixin.py:190} INFO - [2026-03-30T09:22:40.287+0000] {dag.py:3239} INFO - Sync 1 DAGs
[2026-03-30T09:22:40.316+0000] {logging_mixin.py:190} INFO - [2026-03-30T09:22:40.316+0000] {dag.py:4180} INFO - Setting next_dagrun for system_dag to 2026-03-29T00:00:00+00:00, run_after=2026-03-30T00:00:00+00:00
[2026-03-30T09:22:40.342+0000] {processor.py:208} INFO - Processing /opt/airflow/dags/system_dag.py took 0.117 seconds
[2026-03-30T09:23:10.617+0000] {processor.py:186} INFO - Started process (PID=695) to work on /opt/airflow/dags/system_dag.py
[2026-03-30T09:23:10.617+0000] {processor.py:914} INFO - Processing file /opt/airflow/dags/system_dag.py for tasks to queue
[2026-03-30T09:23:10.620+0000] {logging_mixin.py:190} INFO - [2026-03-30T09:23:10.620+0000] {dagbag.py:588} INFO - Filling up the DagBag from /opt/airflow/dags/system_dag.py
[2026-03-30T09:23:10.639+0000] {processor.py:925} INFO - DAG(s) 'system_dag' retrieved from /opt/airflow/dags/system_dag.py
[2026-03-30T09:23:10.677+0000] {logging_mixin.py:190} INFO - [2026-03-30T09:23:10.676+0000] {dag.py:3239} INFO - Sync 1 DAGs
[2026-03-30T09:23:10.706+0000] {logging_mixin.py:190} INFO - [2026-03-30T09:23:10.706+0000] {dag.py:4180} INFO - Setting next_dagrun for system_dag to 2026-03-29T00:00:00+00:00, run_after=2026-03-30T00:00:00+00:00
[2026-03-30T09:23:10.735+0000] {processor.py:208} INFO - Processing /opt/airflow/dags/system_dag.py took 0.124 seconds
[2026-03-30T09:23:40.840+0000] {processor.py:186} INFO - Started process (PID=699) to work on /opt/airflow/dags/system_dag.py
[2026-03-30T09:23:40.840+0000] {processor.py:914} INFO - Processing file /opt/airflow/dags/system_dag.py for tasks to queue
[2026-03-30T09:23:40.843+0000] {logging_mixin.py:190} INFO - [2026-03-30T09:23:40.842+0000] {dagbag.py:588} INFO - Filling up the DagBag from /opt/airflow/dags/system_dag.py
[2026-03-30T09:23:40.861+0000] {processor.py:925} INFO - DAG(s) 'system_dag' retrieved from /opt/airflow/dags/system_dag.py
[2026-03-30T09:23:40.899+0000] {logging_mixin.py:190} INFO - [2026-03-30T09:23:40.899+0000] {dag.py:3239} INFO - Sync 1 DAGs
[2026-03-30T09:23:40.927+0000] {logging_mixin.py:190} INFO - [2026-03-30T09:23:40.927+0000] {dag.py:4180} INFO - Setting next_dagrun for system_dag to 2026-03-29T00:00:00+00:00, run_after=2026-03-30T00:00:00+00:00
[2026-03-30T09:23:40.954+0000] {processor.py:208} INFO - Processing /opt/airflow/dags/system_dag.py took 0.121 seconds
[2026-03-30T09:24:11.970+0000] {processor.py:186} INFO - Started process (PID=703) to work on /opt/airflow/dags/system_dag.py
[2026-03-30T09:24:11.970+0000] {processor.py:914} INFO - Processing file /opt/airflow/dags/system_dag.py for tasks to queue
[2026-03-30T09:24:11.971+0000] {logging_mixin.py:190} INFO - [2026-03-30T09:24:11.971+0000] {dagbag.py:588} INFO - Filling up the DagBag from /opt/airflow/dags/system_dag.py
[2026-03-30T09:24:11.987+0000] {processor.py:925} INFO - DAG(s) 'system_dag' retrieved from /opt/airflow/dags/system_dag.py
[2026-03-30T09:24:12.020+0000] {logging_mixin.py:190} INFO - [2026-03-30T09:24:12.020+0000] {dag.py:3239} INFO - Sync 1 DAGs
[2026-03-30T09:24:12.048+0000] {logging_mixin.py:190} INFO - [2026-03-30T09:24:12.048+0000] {dag.py:4180} INFO - Setting next_dagrun for system_dag to 2026-03-29T00:00:00+00:00, run_after=2026-03-30T00:00:00+00:00
[2026-03-30T09:24:12.077+0000] {processor.py:208} INFO - Processing /opt/airflow/dags/system_dag.py took 0.112 seconds
[2026-03-30T09:24:43.316+0000] {processor.py:186} INFO - Started process (PID=707) to work on /opt/airflow/dags/system_dag.py
[2026-03-30T09:24:43.317+0000] {processor.py:914} INFO - Processing file /opt/airflow/dags/system_dag.py for tasks to queue
[2026-03-30T09:24:43.319+0000] {logging_mixin.py:190} INFO - [2026-03-30T09:24:43.318+0000] {dagbag.py:588} INFO - Filling up the DagBag from /opt/airflow/dags/system_dag.py
[2026-03-30T09:24:43.335+0000] {processor.py:925} INFO - DAG(s) 'system_dag' retrieved from /opt/airflow/dags/system_dag.py
[2026-03-30T09:24:43.366+0000] {logging_mixin.py:190} INFO - [2026-03-30T09:24:43.366+0000] {dag.py:3239} INFO - Sync 1 DAGs
[2026-03-30T09:24:43.390+0000] {logging_mixin.py:190} INFO - [2026-03-30T09:24:43.390+0000] {dag.py:4180} INFO - Setting next_dagrun for system_dag to 2026-03-29T00:00:00+00:00, run_after=2026-03-30T00:00:00+00:00
[2026-03-30T09:24:43.409+0000] {processor.py:208} INFO - Processing /opt/airflow/dags/system_dag.py took 0.098 seconds
[2026-03-30T09:25:16.671+0000] {processor.py:186} INFO - Started process (PID=711) to work on /opt/airflow/dags/system_dag.py
[2026-03-30T09:25:16.671+0000] {processor.py:914} INFO - Processing file /opt/airflow/dags/system_dag.py for tasks to queue
[2026-03-30T09:25:16.673+0000] {logging_mixin.py:190} INFO - [2026-03-30T09:25:16.673+0000] {dagbag.py:588} INFO - Filling up the DagBag from /opt/airflow/dags/system_dag.py
[2026-03-30T09:25:16.690+0000] {processor.py:925} INFO - DAG(s) 'system_dag' retrieved from /opt/airflow/dags/system_dag.py
[2026-03-30T09:25:16.741+0000] {logging_mixin.py:190} INFO - [2026-03-30T09:25:16.741+0000] {dag.py:3239} INFO - Sync 1 DAGs
[2026-03-30T09:25:16.770+0000] {logging_mixin.py:190} INFO - [2026-03-30T09:25:16.770+0000] {dag.py:4180} INFO - Setting next_dagrun for system_dag to 2026-03-29T00:00:00+00:00, run_after=2026-03-30T00:00:00+00:00
[2026-03-30T09:25:16.791+0000] {processor.py:208} INFO - Processing /opt/airflow/dags/system_dag.py took 0.126 seconds
[2026-03-30T09:25:48.974+0000] {processor.py:186} INFO - Started process (PID=715) to work on /opt/airflow/dags/system_dag.py
[2026-03-30T09:25:48.975+0000] {processor.py:914} INFO - Processing file /opt/airflow/dags/system_dag.py for tasks to queue
[2026-03-30T09:25:48.977+0000] {logging_mixin.py:190} INFO - [2026-03-30T09:25:48.976+0000] {dagbag.py:588} INFO - Filling up the DagBag from /opt/airflow/dags/system_dag.py
[2026-03-30T09:25:48.996+0000] {processor.py:925} INFO - DAG(s) 'system_dag' retrieved from /opt/airflow/dags/system_dag.py
[2026-03-30T09:25:49.035+0000] {logging_mixin.py:190} INFO - [2026-03-30T09:25:49.034+0000] {dag.py:3239} INFO - Sync 1 DAGs
[2026-03-30T09:25:49.071+0000] {logging_mixin.py:190} INFO - [2026-03-30T09:25:49.070+0000] {dag.py:4180} INFO - Setting next_dagrun for system_dag to 2026-03-29T00:00:00+00:00, run_after=2026-03-30T00:00:00+00:00
[2026-03-30T09:25:49.101+0000] {processor.py:208} INFO - Processing /opt/airflow/dags/system_dag.py took 0.133 seconds
[2026-03-30T09:26:22.353+0000] {processor.py:186} INFO - Started process (PID=719) to work on /opt/airflow/dags/system_dag.py
[2026-03-30T09:26:22.354+0000] {processor.py:914} INFO - Processing file /opt/airflow/dags/system_dag.py for tasks to queue
[2026-03-30T09:26:22.355+0000] {logging_mixin.py:190} INFO - [2026-03-30T09:26:22.355+0000] {dagbag.py:588} INFO - Filling up the DagBag from /opt/airflow/dags/system_dag.py
[2026-03-30T09:26:22.370+0000] {processor.py:925} INFO - DAG(s) 'system_dag' retrieved from /opt/airflow/dags/system_dag.py
[2026-03-30T09:26:22.405+0000] {logging_mixin.py:190} INFO - [2026-03-30T09:26:22.405+0000] {dag.py:3239} INFO - Sync 1 DAGs
[2026-03-30T09:26:22.433+0000] {logging_mixin.py:190} INFO - [2026-03-30T09:26:22.433+0000] {dag.py:4180} INFO - Setting next_dagrun for system_dag to 2026-03-29T00:00:00+00:00, run_after=2026-03-30T00:00:00+00:00
[2026-03-30T09:26:22.454+0000] {processor.py:208} INFO - Processing /opt/airflow/dags/system_dag.py took 0.105 seconds
[2026-03-30T09:26:54.660+0000] {processor.py:186} INFO - Started process (PID=723) to work on /opt/airflow/dags/system_dag.py
[2026-03-30T09:26:54.661+0000] {processor.py:914} INFO - Processing file /opt/airflow/dags/system_dag.py for tasks to queue
[2026-03-30T09:26:54.662+0000] {logging_mixin.py:190} INFO - [2026-03-30T09:26:54.662+0000] {dagbag.py:588} INFO - Filling up the DagBag from /opt/airflow/dags/system_dag.py
[2026-03-30T09:26:54.677+0000] {processor.py:925} INFO - DAG(s) 'system_dag' retrieved from /opt/airflow/dags/system_dag.py
[2026-03-30T09:26:54.708+0000] {logging_mixin.py:190} INFO - [2026-03-30T09:26:54.708+0000] {dag.py:3239} INFO - Sync 1 DAGs
[2026-03-30T09:26:54.733+0000] {logging_mixin.py:190} INFO - [2026-03-30T09:26:54.733+0000] {dag.py:4180} INFO - Setting next_dagrun for system_dag to 2026-03-29T00:00:00+00:00, run_after=2026-03-30T00:00:00+00:00
[2026-03-30T09:26:54.750+0000] {processor.py:208} INFO - Processing /opt/airflow/dags/system_dag.py took 0.095 seconds
[2026-03-30T09:27:28.005+0000] {processor.py:186} INFO - Started process (PID=727) to work on /opt/airflow/dags/system_dag.py
[2026-03-30T09:27:28.006+0000] {processor.py:914} INFO - Processing file /opt/airflow/dags/system_dag.py for tasks to queue
[2026-03-30T09:27:28.007+0000] {logging_mixin.py:190} INFO - [2026-03-30T09:27:28.007+0000] {dagbag.py:588} INFO - Filling up the DagBag from /opt/airflow/dags/system_dag.py
[2026-03-30T09:27:28.024+0000] {processor.py:925} INFO - DAG(s) 'system_dag' retrieved from /opt/airflow/dags/system_dag.py
[2026-03-30T09:27:28.055+0000] {logging_mixin.py:190} INFO - [2026-03-30T09:27:28.054+0000] {dag.py:3239} INFO - Sync 1 DAGs
[2026-03-30T09:27:28.085+0000] {logging_mixin.py:190} INFO - [2026-03-30T09:27:28.084+0000] {dag.py:4180} INFO - Setting next_dagrun for system_dag to 2026-03-29T00:00:00+00:00, run_after=2026-03-30T00:00:00+00:00
[2026-03-30T09:27:28.107+0000] {processor.py:208} INFO - Processing /opt/airflow/dags/system_dag.py took 0.108 seconds
[2026-03-30T09:28:00.254+0000] {processor.py:186} INFO - Started process (PID=731) to work on /opt/airflow/dags/system_dag.py
[2026-03-30T09:28:00.254+0000] {processor.py:914} INFO - Processing file /opt/airflow/dags/system_dag.py for tasks to queue
[2026-03-30T09:28:00.255+0000] {logging_mixin.py:190} INFO - [2026-03-30T09:28:00.255+0000] {dagbag.py:588} INFO - Filling up the DagBag from /opt/airflow/dags/system_dag.py
[2026-03-30T09:28:00.271+0000] {processor.py:925} INFO - DAG(s) 'system_dag' retrieved from /opt/airflow/dags/system_dag.py
[2026-03-30T09:28:00.307+0000] {logging_mixin.py:190} INFO - [2026-03-30T09:28:00.307+0000] {dag.py:3239} INFO - Sync 1 DAGs
[2026-03-30T09:28:00.340+0000] {logging_mixin.py:190} INFO - [2026-03-30T09:28:00.340+0000] {dag.py:4180} INFO - Setting next_dagrun for system_dag to 2026-03-29T00:00:00+00:00, run_after=2026-03-30T00:00:00+00:00
[2026-03-30T09:28:00.364+0000] {processor.py:208} INFO - Processing /opt/airflow/dags/system_dag.py took 0.115 seconds
[2026-03-30T09:28:33.544+0000] {processor.py:186} INFO - Started process (PID=735) to work on /opt/airflow/dags/system_dag.py
[2026-03-30T09:28:33.544+0000] {processor.py:914} INFO - Processing file /opt/airflow/dags/system_dag.py for tasks to queue
[2026-03-30T09:28:33.546+0000] {logging_mixin.py:190} INFO - [2026-03-30T09:28:33.545+0000] {dagbag.py:588} INFO - Filling up the DagBag from /opt/airflow/dags/system_dag.py
[2026-03-30T09:28:33.562+0000] {processor.py:925} INFO - DAG(s) 'system_dag' retrieved from /opt/airflow/dags/system_dag.py
[2026-03-30T09:28:33.595+0000] {logging_mixin.py:190} INFO - [2026-03-30T09:28:33.595+0000] {dag.py:3239} INFO - Sync 1 DAGs
[2026-03-30T09:28:33.620+0000] {logging_mixin.py:190} INFO - [2026-03-30T09:28:33.620+0000] {dag.py:4180} INFO - Setting next_dagrun for system_dag to 2026-03-29T00:00:00+00:00, run_after=2026-03-30T00:00:00+00:00
[2026-03-30T09:28:33.640+0000] {processor.py:208} INFO - Processing /opt/airflow/dags/system_dag.py took 0.101 seconds
[2026-03-30T09:29:05.886+0000] {processor.py:186} INFO - Started process (PID=739) to work on /opt/airflow/dags/system_dag.py
[2026-03-30T09:29:05.886+0000] {processor.py:914} INFO - Processing file /opt/airflow/dags/system_dag.py for tasks to queue
[2026-03-30T09:29:05.888+0000] {logging_mixin.py:190} INFO - [2026-03-30T09:29:05.888+0000] {dagbag.py:588} INFO - Filling up the DagBag from /opt/airflow/dags/system_dag.py
[2026-03-30T09:29:05.907+0000] {processor.py:925} INFO - DAG(s) 'system_dag' retrieved from /opt/airflow/dags/system_dag.py
[2026-03-30T09:29:05.944+0000] {logging_mixin.py:190} INFO - [2026-03-30T09:29:05.944+0000] {dag.py:3239} INFO - Sync 1 DAGs
[2026-03-30T09:29:05.979+0000] {logging_mixin.py:190} INFO - [2026-03-30T09:29:05.979+0000] {dag.py:4180} INFO - Setting next_dagrun for system_dag to 2026-03-29T00:00:00+00:00, run_after=2026-03-30T00:00:00+00:00
[2026-03-30T09:29:05.999+0000] {processor.py:208} INFO - Processing /opt/airflow/dags/system_dag.py took 0.120 seconds
[2026-03-30T09:29:39.316+0000] {processor.py:186} INFO - Started process (PID=743) to work on /opt/airflow/dags/system_dag.py
[2026-03-30T09:29:39.317+0000] {processor.py:914} INFO - Processing file /opt/airflow/dags/system_dag.py for tasks to queue
[2026-03-30T09:29:39.318+0000] {logging_mixin.py:190} INFO - [2026-03-30T09:29:39.318+0000] {dagbag.py:588} INFO - Filling up the DagBag from /opt/airflow/dags/system_dag.py
[2026-03-30T09:29:39.336+0000] {processor.py:925} INFO - DAG(s) 'system_dag' retrieved from /opt/airflow/dags/system_dag.py
[2026-03-30T09:29:39.369+0000] {logging_mixin.py:190} INFO - [2026-03-30T09:29:39.369+0000] {dag.py:3239} INFO - Sync 1 DAGs
[2026-03-30T09:29:39.395+0000] {logging_mixin.py:190} INFO - [2026-03-30T09:29:39.395+0000] {dag.py:4180} INFO - Setting next_dagrun for system_dag to 2026-03-29T00:00:00+00:00, run_after=2026-03-30T00:00:00+00:00
[2026-03-30T09:29:39.412+0000] {processor.py:208} INFO - Processing /opt/airflow/dags/system_dag.py took 0.102 seconds
[2026-03-30T09:30:11.576+0000] {processor.py:186} INFO - Started process (PID=747) to work on /opt/airflow/dags/system_dag.py
[2026-03-30T09:30:11.577+0000] {processor.py:914} INFO - Processing file /opt/airflow/dags/system_dag.py for tasks to queue
[2026-03-30T09:30:11.578+0000] {logging_mixin.py:190} INFO - [2026-03-30T09:30:11.578+0000] {dagbag.py:588} INFO - Filling up the DagBag from /opt/airflow/dags/system_dag.py
[2026-03-30T09:30:11.594+0000] {processor.py:925} INFO - DAG(s) 'system_dag' retrieved from /opt/airflow/dags/system_dag.py
[2026-03-30T09:30:11.626+0000] {logging_mixin.py:190} INFO - [2026-03-30T09:30:11.626+0000] {dag.py:3239} INFO - Sync 1 DAGs
[2026-03-30T09:30:11.652+0000] {logging_mixin.py:190} INFO - [2026-03-30T09:30:11.651+0000] {dag.py:4180} INFO - Setting next_dagrun for system_dag to 2026-03-29T00:00:00+00:00, run_after=2026-03-30T00:00:00+00:00
[2026-03-30T09:30:11.670+0000] {processor.py:208} INFO - Processing /opt/airflow/dags/system_dag.py took 0.100 seconds
[2026-03-30T09:30:43.969+0000] {processor.py:186} INFO - Started process (PID=751) to work on /opt/airflow/dags/system_dag.py
[2026-03-30T09:30:43.970+0000] {processor.py:914} INFO - Processing file /opt/airflow/dags/system_dag.py for tasks to queue
[2026-03-30T09:30:43.971+0000] {logging_mixin.py:190} INFO - [2026-03-30T09:30:43.971+0000] {dagbag.py:588} INFO - Filling up the DagBag from /opt/airflow/dags/system_dag.py
[2026-03-30T09:30:43.986+0000] {processor.py:925} INFO - DAG(s) 'system_dag' retrieved from /opt/airflow/dags/system_dag.py
[2026-03-30T09:30:44.017+0000] {logging_mixin.py:190} INFO - [2026-03-30T09:30:44.017+0000] {dag.py:3239} INFO - Sync 1 DAGs
[2026-03-30T09:30:44.041+0000] {logging_mixin.py:190} INFO - [2026-03-30T09:30:44.041+0000] {dag.py:4180} INFO - Setting next_dagrun for system_dag to 2026-03-29T00:00:00+00:00, run_after=2026-03-30T00:00:00+00:00
[2026-03-30T09:30:44.058+0000] {processor.py:208} INFO - Processing /opt/airflow/dags/system_dag.py took 0.094 seconds
[2026-03-30T09:31:17.287+0000] {processor.py:186} INFO - Started process (PID=755) to work on /opt/airflow/dags/system_dag.py
[2026-03-30T09:31:17.287+0000] {processor.py:914} INFO - Processing file /opt/airflow/dags/system_dag.py for tasks to queue
[2026-03-30T09:31:17.288+0000] {logging_mixin.py:190} INFO - [2026-03-30T09:31:17.288+0000] {dagbag.py:588} INFO - Filling up the DagBag from /opt/airflow/dags/system_dag.py
[2026-03-30T09:31:17.304+0000] {processor.py:925} INFO - DAG(s) 'system_dag' retrieved from /opt/airflow/dags/system_dag.py
[2026-03-30T09:31:17.336+0000] {logging_mixin.py:190} INFO - [2026-03-30T09:31:17.336+0000] {dag.py:3239} INFO - Sync 1 DAGs
[2026-03-30T09:31:17.364+0000] {logging_mixin.py:190} INFO - [2026-03-30T09:31:17.364+0000] {dag.py:4180} INFO - Setting next_dagrun for system_dag to 2026-03-29T00:00:00+00:00, run_after=2026-03-30T00:00:00+00:00
[2026-03-30T09:31:17.387+0000] {processor.py:208} INFO - Processing /opt/airflow/dags/system_dag.py took 0.105 seconds
[2026-03-30T09:31:49.656+0000] {processor.py:186} INFO - Started process (PID=759) to work on /opt/airflow/dags/system_dag.py
[2026-03-30T09:31:49.657+0000] {processor.py:914} INFO - Processing file /opt/airflow/dags/system_dag.py for tasks to queue
[2026-03-30T09:31:49.658+0000] {logging_mixin.py:190} INFO - [2026-03-30T09:31:49.658+0000] {dagbag.py:588} INFO - Filling up the DagBag from /opt/airflow/dags/system_dag.py
[2026-03-30T09:31:49.673+0000] {processor.py:925} INFO - DAG(s) 'system_dag' retrieved from /opt/airflow/dags/system_dag.py
[2026-03-30T09:31:49.705+0000] {logging_mixin.py:190} INFO - [2026-03-30T09:31:49.705+0000] {dag.py:3239} INFO - Sync 1 DAGs
[2026-03-30T09:31:49.729+0000] {logging_mixin.py:190} INFO - [2026-03-30T09:31:49.729+0000] {dag.py:4180} INFO - Setting next_dagrun for system_dag to 2026-03-29T00:00:00+00:00, run_after=2026-03-30T00:00:00+00:00
[2026-03-30T09:31:49.752+0000] {processor.py:208} INFO - Processing /opt/airflow/dags/system_dag.py took 0.101 seconds
[2026-03-30T09:32:22.927+0000] {processor.py:186} INFO - Started process (PID=763) to work on /opt/airflow/dags/system_dag.py
[2026-03-30T09:32:22.927+0000] {processor.py:914} INFO - Processing file /opt/airflow/dags/system_dag.py for tasks to queue
[2026-03-30T09:32:22.928+0000] {logging_mixin.py:190} INFO - [2026-03-30T09:32:22.928+0000] {dagbag.py:588} INFO - Filling up the DagBag from /opt/airflow/dags/system_dag.py
[2026-03-30T09:32:22.945+0000] {processor.py:925} INFO - DAG(s) 'system_dag' retrieved from /opt/airflow/dags/system_dag.py
[2026-03-30T09:32:22.977+0000] {logging_mixin.py:190} INFO - [2026-03-30T09:32:22.977+0000] {dag.py:3239} INFO - Sync 1 DAGs
[2026-03-30T09:32:23.003+0000] {logging_mixin.py:190} INFO - [2026-03-30T09:32:23.002+0000] {dag.py:4180} INFO - Setting next_dagrun for system_dag to 2026-03-29T00:00:00+00:00, run_after=2026-03-30T00:00:00+00:00
[2026-03-30T09:32:23.020+0000] {processor.py:208} INFO - Processing /opt/airflow/dags/system_dag.py took 0.099 seconds
[2026-03-30T09:32:55.172+0000] {processor.py:186} INFO - Started process (PID=767) to work on /opt/airflow/dags/system_dag.py
[2026-03-30T09:32:55.173+0000] {processor.py:914} INFO - Processing file /opt/airflow/dags/system_dag.py for tasks to queue
[2026-03-30T09:32:55.174+0000] {logging_mixin.py:190} INFO - [2026-03-30T09:32:55.174+0000] {dagbag.py:588} INFO - Filling up the DagBag from /opt/airflow/dags/system_dag.py
[2026-03-30T09:32:55.188+0000] {processor.py:925} INFO - DAG(s) 'system_dag' retrieved from /opt/airflow/dags/system_dag.py
[2026-03-30T09:32:55.221+0000] {logging_mixin.py:190} INFO - [2026-03-30T09:32:55.220+0000] {dag.py:3239} INFO - Sync 1 DAGs
[2026-03-30T09:32:55.244+0000] {logging_mixin.py:190} INFO - [2026-03-30T09:32:55.244+0000] {dag.py:4180} INFO - Setting next_dagrun for system_dag to 2026-03-29T00:00:00+00:00, run_after=2026-03-30T00:00:00+00:00
[2026-03-30T09:32:55.261+0000] {processor.py:208} INFO - Processing /opt/airflow/dags/system_dag.py took 0.094 seconds
[2026-03-30T09:33:28.517+0000] {processor.py:186} INFO - Started process (PID=771) to work on /opt/airflow/dags/system_dag.py
[2026-03-30T09:33:28.518+0000] {processor.py:914} INFO - Processing file /opt/airflow/dags/system_dag.py for tasks to queue
[2026-03-30T09:33:28.519+0000] {logging_mixin.py:190} INFO - [2026-03-30T09:33:28.519+0000] {dagbag.py:588} INFO - Filling up the DagBag from /opt/airflow/dags/system_dag.py
[2026-03-30T09:33:28.538+0000] {processor.py:925} INFO - DAG(s) 'system_dag' retrieved from /opt/airflow/dags/system_dag.py
[2026-03-30T09:33:28.576+0000] {logging_mixin.py:190} INFO - [2026-03-30T09:33:28.576+0000] {dag.py:3239} INFO - Sync 1 DAGs
[2026-03-30T09:33:28.619+0000] {logging_mixin.py:190} INFO - [2026-03-30T09:33:28.618+0000] {dag.py:4180} INFO - Setting next_dagrun for system_dag to 2026-03-29T00:00:00+00:00, run_after=2026-03-30T00:00:00+00:00
[2026-03-30T09:33:28.651+0000] {processor.py:208} INFO - Processing /opt/airflow/dags/system_dag.py took 0.140 seconds
[2026-03-30T09:34:00.931+0000] {processor.py:186} INFO - Started process (PID=775) to work on /opt/airflow/dags/system_dag.py
[2026-03-30T09:34:00.932+0000] {processor.py:914} INFO - Processing file /opt/airflow/dags/system_dag.py for tasks to queue
[2026-03-30T09:34:00.933+0000] {logging_mixin.py:190} INFO - [2026-03-30T09:34:00.933+0000] {dagbag.py:588} INFO - Filling up the DagBag from /opt/airflow/dags/system_dag.py
[2026-03-30T09:34:00.951+0000] {processor.py:925} INFO - DAG(s) 'system_dag' retrieved from /opt/airflow/dags/system_dag.py
[2026-03-30T09:34:00.983+0000] {logging_mixin.py:190} INFO - [2026-03-30T09:34:00.983+0000] {dag.py:3239} INFO - Sync 1 DAGs
[2026-03-30T09:34:01.009+0000] {logging_mixin.py:190} INFO - [2026-03-30T09:34:01.008+0000] {dag.py:4180} INFO - Setting next_dagrun for system_dag to 2026-03-29T00:00:00+00:00, run_after=2026-03-30T00:00:00+00:00
[2026-03-30T09:34:01.029+0000] {processor.py:208} INFO - Processing /opt/airflow/dags/system_dag.py took 0.104 seconds
[2026-03-30T09:34:34.245+0000] {processor.py:186} INFO - Started process (PID=779) to work on /opt/airflow/dags/system_dag.py
[2026-03-30T09:34:34.246+0000] {processor.py:914} INFO - Processing file /opt/airflow/dags/system_dag.py for tasks to queue
[2026-03-30T09:34:34.247+0000] {logging_mixin.py:190} INFO - [2026-03-30T09:34:34.247+0000] {dagbag.py:588} INFO - Filling up the DagBag from /opt/airflow/dags/system_dag.py
[2026-03-30T09:34:34.263+0000] {processor.py:925} INFO - DAG(s) 'system_dag' retrieved from /opt/airflow/dags/system_dag.py
[2026-03-30T09:34:34.299+0000] {logging_mixin.py:190} INFO - [2026-03-30T09:34:34.299+0000] {dag.py:3239} INFO - Sync 1 DAGs
[2026-03-30T09:34:34.329+0000] {logging_mixin.py:190} INFO - [2026-03-30T09:34:34.329+0000] {dag.py:4180} INFO - Setting next_dagrun for system_dag to 2026-03-29T00:00:00+00:00, run_after=2026-03-30T00:00:00+00:00
[2026-03-30T09:34:34.350+0000] {processor.py:208} INFO - Processing /opt/airflow/dags/system_dag.py took 0.111 seconds
[2026-03-30T09:35:06.493+0000] {processor.py:186} INFO - Started process (PID=783) to work on /opt/airflow/dags/system_dag.py
[2026-03-30T09:35:06.493+0000] {processor.py:914} INFO - Processing file /opt/airflow/dags/system_dag.py for tasks to queue
[2026-03-30T09:35:06.495+0000] {logging_mixin.py:190} INFO - [2026-03-30T09:35:06.495+0000] {dagbag.py:588} INFO - Filling up the DagBag from /opt/airflow/dags/system_dag.py
[2026-03-30T09:35:06.510+0000] {processor.py:925} INFO - DAG(s) 'system_dag' retrieved from /opt/airflow/dags/system_dag.py
[2026-03-30T09:35:06.543+0000] {logging_mixin.py:190} INFO - [2026-03-30T09:35:06.543+0000] {dag.py:3239} INFO - Sync 1 DAGs
[2026-03-30T09:35:06.567+0000] {logging_mixin.py:190} INFO - [2026-03-30T09:35:06.567+0000] {dag.py:4180} INFO - Setting next_dagrun for system_dag to 2026-03-29T00:00:00+00:00, run_after=2026-03-30T00:00:00+00:00
[2026-03-30T09:35:06.585+0000] {processor.py:208} INFO - Processing /opt/airflow/dags/system_dag.py took 0.098 seconds
[2026-03-30T09:35:39.811+0000] {processor.py:186} INFO - Started process (PID=787) to work on /opt/airflow/dags/system_dag.py
[2026-03-30T09:35:39.811+0000] {processor.py:914} INFO - Processing file /opt/airflow/dags/system_dag.py for tasks to queue
[2026-03-30T09:35:39.813+0000] {logging_mixin.py:190} INFO - [2026-03-30T09:35:39.813+0000] {dagbag.py:588} INFO - Filling up the DagBag from /opt/airflow/dags/system_dag.py
[2026-03-30T09:35:39.828+0000] {processor.py:925} INFO - DAG(s) 'system_dag' retrieved from /opt/airflow/dags/system_dag.py
[2026-03-30T09:35:39.861+0000] {logging_mixin.py:190} INFO - [2026-03-30T09:35:39.861+0000] {dag.py:3239} INFO - Sync 1 DAGs
[2026-03-30T09:35:39.890+0000] {logging_mixin.py:190} INFO - [2026-03-30T09:35:39.890+0000] {dag.py:4180} INFO - Setting next_dagrun for system_dag to 2026-03-29T00:00:00+00:00, run_after=2026-03-30T00:00:00+00:00
[2026-03-30T09:35:39.913+0000] {processor.py:208} INFO - Processing /opt/airflow/dags/system_dag.py took 0.109 seconds
[2026-03-30T09:36:12.183+0000] {processor.py:186} INFO - Started process (PID=791) to work on /opt/airflow/dags/system_dag.py
[2026-03-30T09:36:12.184+0000] {processor.py:914} INFO - Processing file /opt/airflow/dags/system_dag.py for tasks to queue
[2026-03-30T09:36:12.185+0000] {logging_mixin.py:190} INFO - [2026-03-30T09:36:12.185+0000] {dagbag.py:588} INFO - Filling up the DagBag from /opt/airflow/dags/system_dag.py
[2026-03-30T09:36:12.200+0000] {processor.py:925} INFO - DAG(s) 'system_dag' retrieved from /opt/airflow/dags/system_dag.py
[2026-03-30T09:36:12.234+0000] {logging_mixin.py:190} INFO - [2026-03-30T09:36:12.234+0000] {dag.py:3239} INFO - Sync 1 DAGs
[2026-03-30T09:36:12.263+0000] {logging_mixin.py:190} INFO - [2026-03-30T09:36:12.263+0000] {dag.py:4180} INFO - Setting next_dagrun for system_dag to 2026-03-29T00:00:00+00:00, run_after=2026-03-30T00:00:00+00:00
[2026-03-30T09:36:12.282+0000] {processor.py:208} INFO - Processing /opt/airflow/dags/system_dag.py took 0.104 seconds
[2026-03-30T09:36:45.479+0000] {processor.py:186} INFO - Started process (PID=795) to work on /opt/airflow/dags/system_dag.py
[2026-03-30T09:36:45.479+0000] {processor.py:914} INFO - Processing file /opt/airflow/dags/system_dag.py for tasks to queue
[2026-03-30T09:36:45.480+0000] {logging_mixin.py:190} INFO - [2026-03-30T09:36:45.480+0000] {dagbag.py:588} INFO - Filling up the DagBag from /opt/airflow/dags/system_dag.py
[2026-03-30T09:36:45.497+0000] {processor.py:925} INFO - DAG(s) 'system_dag' retrieved from /opt/airflow/dags/system_dag.py
[2026-03-30T09:36:45.529+0000] {logging_mixin.py:190} INFO - [2026-03-30T09:36:45.528+0000] {dag.py:3239} INFO - Sync 1 DAGs
[2026-03-30T09:36:45.554+0000] {logging_mixin.py:190} INFO - [2026-03-30T09:36:45.553+0000] {dag.py:4180} INFO - Setting next_dagrun for system_dag to 2026-03-29T00:00:00+00:00, run_after=2026-03-30T00:00:00+00:00
[2026-03-30T09:36:45.571+0000] {processor.py:208} INFO - Processing /opt/airflow/dags/system_dag.py took 0.098 seconds
[2026-03-30T09:37:17.729+0000] {processor.py:186} INFO - Started process (PID=799) to work on /opt/airflow/dags/system_dag.py
[2026-03-30T09:37:17.730+0000] {processor.py:914} INFO - Processing file /opt/airflow/dags/system_dag.py for tasks to queue
[2026-03-30T09:37:17.732+0000] {logging_mixin.py:190} INFO - [2026-03-30T09:37:17.731+0000] {dagbag.py:588} INFO - Filling up the DagBag from /opt/airflow/dags/system_dag.py
[2026-03-30T09:37:17.747+0000] {processor.py:925} INFO - DAG(s) 'system_dag' retrieved from /opt/airflow/dags/system_dag.py
[2026-03-30T09:37:17.782+0000] {logging_mixin.py:190} INFO - [2026-03-30T09:37:17.782+0000] {dag.py:3239} INFO - Sync 1 DAGs
[2026-03-30T09:37:17.810+0000] {logging_mixin.py:190} INFO - [2026-03-30T09:37:17.810+0000] {dag.py:4180} INFO - Setting next_dagrun for system_dag to 2026-03-29T00:00:00+00:00, run_after=2026-03-30T00:00:00+00:00
[2026-03-30T09:37:17.830+0000] {processor.py:208} INFO - Processing /opt/airflow/dags/system_dag.py took 0.106 seconds
[2026-03-30T09:37:51.051+0000] {processor.py:186} INFO - Started process (PID=803) to work on /opt/airflow/dags/system_dag.py
[2026-03-30T09:37:51.052+0000] {processor.py:914} INFO - Processing file /opt/airflow/dags/system_dag.py for tasks to queue
[2026-03-30T09:37:51.053+0000] {logging_mixin.py:190} INFO - [2026-03-30T09:37:51.053+0000] {dagbag.py:588} INFO - Filling up the DagBag from /opt/airflow/dags/system_dag.py
[2026-03-30T09:37:51.068+0000] {processor.py:925} INFO - DAG(s) 'system_dag' retrieved from /opt/airflow/dags/system_dag.py
[2026-03-30T09:37:51.099+0000] {logging_mixin.py:190} INFO - [2026-03-30T09:37:51.099+0000] {dag.py:3239} INFO - Sync 1 DAGs
[2026-03-30T09:37:51.124+0000] {logging_mixin.py:190} INFO - [2026-03-30T09:37:51.124+0000] {dag.py:4180} INFO - Setting next_dagrun for system_dag to 2026-03-29T00:00:00+00:00, run_after=2026-03-30T00:00:00+00:00
[2026-03-30T09:37:51.141+0000] {processor.py:208} INFO - Processing /opt/airflow/dags/system_dag.py took 0.095 seconds
[2026-03-30T09:38:23.444+0000] {processor.py:186} INFO - Started process (PID=807) to work on /opt/airflow/dags/system_dag.py
[2026-03-30T09:38:23.445+0000] {processor.py:914} INFO - Processing file /opt/airflow/dags/system_dag.py for tasks to queue
[2026-03-30T09:38:23.446+0000] {logging_mixin.py:190} INFO - [2026-03-30T09:38:23.446+0000] {dagbag.py:588} INFO - Filling up the DagBag from /opt/airflow/dags/system_dag.py
[2026-03-30T09:38:23.463+0000] {processor.py:925} INFO - DAG(s) 'system_dag' retrieved from /opt/airflow/dags/system_dag.py
[2026-03-30T09:38:23.498+0000] {logging_mixin.py:190} INFO - [2026-03-30T09:38:23.498+0000] {dag.py:3239} INFO - Sync 1 DAGs
[2026-03-30T09:38:23.525+0000] {logging_mixin.py:190} INFO - [2026-03-30T09:38:23.525+0000] {dag.py:4180} INFO - Setting next_dagrun for system_dag to 2026-03-29T00:00:00+00:00, run_after=2026-03-30T00:00:00+00:00
[2026-03-30T09:38:23.546+0000] {processor.py:208} INFO - Processing /opt/airflow/dags/system_dag.py took 0.108 seconds
[2026-03-30T09:38:56.730+0000] {processor.py:186} INFO - Started process (PID=811) to work on /opt/airflow/dags/system_dag.py
[2026-03-30T09:38:56.730+0000] {processor.py:914} INFO - Processing file /opt/airflow/dags/system_dag.py for tasks to queue
[2026-03-30T09:38:56.731+0000] {logging_mixin.py:190} INFO - [2026-03-30T09:38:56.731+0000] {dagbag.py:588} INFO - Filling up the DagBag from /opt/airflow/dags/system_dag.py
[2026-03-30T09:38:56.749+0000] {processor.py:925} INFO - DAG(s) 'system_dag' retrieved from /opt/airflow/dags/system_dag.py
[2026-03-30T09:38:56.789+0000] {logging_mixin.py:190} INFO - [2026-03-30T09:38:56.789+0000] {dag.py:3239} INFO - Sync 1 DAGs
[2026-03-30T09:38:56.823+0000] {logging_mixin.py:190} INFO - [2026-03-30T09:38:56.822+0000] {dag.py:4180} INFO - Setting next_dagrun for system_dag to 2026-03-29T00:00:00+00:00, run_after=2026-03-30T00:00:00+00:00
[2026-03-30T09:38:56.847+0000] {processor.py:208} INFO - Processing /opt/airflow/dags/system_dag.py took 0.122 seconds
[2026-03-30T09:39:29.026+0000] {processor.py:186} INFO - Started process (PID=815) to work on /opt/airflow/dags/system_dag.py
[2026-03-30T09:39:29.027+0000] {processor.py:914} INFO - Processing file /opt/airflow/dags/system_dag.py for tasks to queue
[2026-03-30T09:39:29.030+0000] {logging_mixin.py:190} INFO - [2026-03-30T09:39:29.029+0000] {dagbag.py:588} INFO - Filling up the DagBag from /opt/airflow/dags/system_dag.py
[2026-03-30T09:39:29.055+0000] {processor.py:925} INFO - DAG(s) 'system_dag' retrieved from /opt/airflow/dags/system_dag.py
[2026-03-30T09:39:29.095+0000] {logging_mixin.py:190} INFO - [2026-03-30T09:39:29.095+0000] {dag.py:3239} INFO - Sync 1 DAGs
[2026-03-30T09:39:29.125+0000] {logging_mixin.py:190} INFO - [2026-03-30T09:39:29.125+0000] {dag.py:4180} INFO - Setting next_dagrun for system_dag to 2026-03-29T00:00:00+00:00, run_after=2026-03-30T00:00:00+00:00
[2026-03-30T09:39:29.147+0000] {processor.py:208} INFO - Processing /opt/airflow/dags/system_dag.py took 0.127 seconds
[2026-03-30T09:40:01.502+0000] {processor.py:186} INFO - Started process (PID=819) to work on /opt/airflow/dags/system_dag.py
[2026-03-30T09:40:01.502+0000] {processor.py:914} INFO - Processing file /opt/airflow/dags/system_dag.py for tasks to queue
[2026-03-30T09:40:01.503+0000] {logging_mixin.py:190} INFO - [2026-03-30T09:40:01.503+0000] {dagbag.py:588} INFO - Filling up the DagBag from /opt/airflow/dags/system_dag.py
[2026-03-30T09:40:01.524+0000] {processor.py:925} INFO - DAG(s) 'system_dag' retrieved from /opt/airflow/dags/system_dag.py
[2026-03-30T09:40:01.563+0000] {logging_mixin.py:190} INFO - [2026-03-30T09:40:01.563+0000] {dag.py:3239} INFO - Sync 1 DAGs
[2026-03-30T09:40:01.592+0000] {logging_mixin.py:190} INFO - [2026-03-30T09:40:01.591+0000] {dag.py:4180} INFO - Setting next_dagrun for system_dag to 2026-03-29T00:00:00+00:00, run_after=2026-03-30T00:00:00+00:00
[2026-03-30T09:40:01.612+0000] {processor.py:208} INFO - Processing /opt/airflow/dags/system_dag.py took 0.117 seconds
[2026-03-30T09:40:34.709+0000] {processor.py:186} INFO - Started process (PID=823) to work on /opt/airflow/dags/system_dag.py
[2026-03-30T09:40:34.710+0000] {processor.py:914} INFO - Processing file /opt/airflow/dags/system_dag.py for tasks to queue
[2026-03-30T09:40:34.711+0000] {logging_mixin.py:190} INFO - [2026-03-30T09:40:34.711+0000] {dagbag.py:588} INFO - Filling up the DagBag from /opt/airflow/dags/system_dag.py
[2026-03-30T09:40:34.726+0000] {processor.py:925} INFO - DAG(s) 'system_dag' retrieved from /opt/airflow/dags/system_dag.py
[2026-03-30T09:40:34.757+0000] {logging_mixin.py:190} INFO - [2026-03-30T09:40:34.757+0000] {dag.py:3239} INFO - Sync 1 DAGs
[2026-03-30T09:40:34.785+0000] {logging_mixin.py:190} INFO - [2026-03-30T09:40:34.785+0000] {dag.py:4180} INFO - Setting next_dagrun for system_dag to 2026-03-29T00:00:00+00:00, run_after=2026-03-30T00:00:00+00:00
[2026-03-30T09:40:34.804+0000] {processor.py:208} INFO - Processing /opt/airflow/dags/system_dag.py took 0.100 seconds
[2026-03-30T09:41:05.384+0000] {processor.py:186} INFO - Started process (PID=827) to work on /opt/airflow/dags/system_dag.py
[2026-03-30T09:41:05.385+0000] {processor.py:914} INFO - Processing file /opt/airflow/dags/system_dag.py for tasks to queue
[2026-03-30T09:41:05.386+0000] {logging_mixin.py:190} INFO - [2026-03-30T09:41:05.386+0000] {dagbag.py:588} INFO - Filling up the DagBag from /opt/airflow/dags/system_dag.py
[2026-03-30T09:41:05.402+0000] {processor.py:925} INFO - DAG(s) 'system_dag' retrieved from /opt/airflow/dags/system_dag.py
[2026-03-30T09:41:07.129+0000] {logging_mixin.py:190} INFO - [2026-03-30T09:41:07.129+0000] {dag.py:3239} INFO - Sync 1 DAGs
[2026-03-30T09:41:07.155+0000] {logging_mixin.py:190} INFO - [2026-03-30T09:41:07.155+0000] {dag.py:4180} INFO - Setting next_dagrun for system_dag to 2026-03-29T00:00:00+00:00, run_after=2026-03-30T00:00:00+00:00
[2026-03-30T09:41:07.179+0000] {processor.py:208} INFO - Processing /opt/airflow/dags/system_dag.py took 0.108 seconds
[2026-03-30T09:41:40.283+0000] {processor.py:186} INFO - Started process (PID=831) to work on /opt/airflow/dags/system_dag.py
[2026-03-30T09:41:40.284+0000] {processor.py:914} INFO - Processing file /opt/airflow/dags/system_dag.py for tasks to queue
[2026-03-30T09:41:40.285+0000] {logging_mixin.py:190} INFO - [2026-03-30T09:41:40.285+0000] {dagbag.py:588} INFO - Filling up the DagBag from /opt/airflow/dags/system_dag.py
[2026-03-30T09:41:40.304+0000] {processor.py:925} INFO - DAG(s) 'system_dag' retrieved from /opt/airflow/dags/system_dag.py
[2026-03-30T09:41:40.341+0000] {logging_mixin.py:190} INFO - [2026-03-30T09:41:40.340+0000] {dag.py:3239} INFO - Sync 1 DAGs
[2026-03-30T09:41:40.370+0000] {logging_mixin.py:190} INFO - [2026-03-30T09:41:40.370+0000] {dag.py:4180} INFO - Setting next_dagrun for system_dag to 2026-03-29T00:00:00+00:00, run_after=2026-03-30T00:00:00+00:00
[2026-03-30T09:41:40.404+0000] {processor.py:208} INFO - Processing /opt/airflow/dags/system_dag.py took 0.127 seconds
[2026-03-30T09:42:10.940+0000] {processor.py:186} INFO - Started process (PID=835) to work on /opt/airflow/dags/system_dag.py
[2026-03-30T09:42:10.941+0000] {processor.py:914} INFO - Processing file /opt/airflow/dags/system_dag.py for tasks to queue
[2026-03-30T09:42:10.942+0000] {logging_mixin.py:190} INFO - [2026-03-30T09:42:10.942+0000] {dagbag.py:588} INFO - Filling up the DagBag from /opt/airflow/dags/system_dag.py
[2026-03-30T09:42:10.960+0000] {processor.py:925} INFO - DAG(s) 'system_dag' retrieved from /opt/airflow/dags/system_dag.py
[2026-03-30T09:42:12.679+0000] {logging_mixin.py:190} INFO - [2026-03-30T09:42:12.679+0000] {dag.py:3239} INFO - Sync 1 DAGs
[2026-03-30T09:42:12.707+0000] {logging_mixin.py:190} INFO - [2026-03-30T09:42:12.707+0000] {dag.py:4180} INFO - Setting next_dagrun for system_dag to 2026-03-29T00:00:00+00:00, run_after=2026-03-30T00:00:00+00:00
[2026-03-30T09:42:12.737+0000] {processor.py:208} INFO - Processing /opt/airflow/dags/system_dag.py took 0.120 seconds
[2026-03-30T09:42:45.869+0000] {processor.py:186} INFO - Started process (PID=839) to work on /opt/airflow/dags/system_dag.py
[2026-03-30T09:42:45.870+0000] {processor.py:914} INFO - Processing file /opt/airflow/dags/system_dag.py for tasks to queue
[2026-03-30T09:42:45.872+0000] {logging_mixin.py:190} INFO - [2026-03-30T09:42:45.872+0000] {dagbag.py:588} INFO - Filling up the DagBag from /opt/airflow/dags/system_dag.py
[2026-03-30T09:42:45.890+0000] {processor.py:925} INFO - DAG(s) 'system_dag' retrieved from /opt/airflow/dags/system_dag.py
[2026-03-30T09:42:45.926+0000] {logging_mixin.py:190} INFO - [2026-03-30T09:42:45.926+0000] {dag.py:3239} INFO - Sync 1 DAGs
[2026-03-30T09:42:45.955+0000] {logging_mixin.py:190} INFO - [2026-03-30T09:42:45.954+0000] {dag.py:4180} INFO - Setting next_dagrun for system_dag to 2026-03-29T00:00:00+00:00, run_after=2026-03-30T00:00:00+00:00
[2026-03-30T09:42:45.981+0000] {processor.py:208} INFO - Processing /opt/airflow/dags/system_dag.py took 0.118 seconds
[2026-03-30T09:43:16.584+0000] {processor.py:186} INFO - Started process (PID=843) to work on /opt/airflow/dags/system_dag.py
[2026-03-30T09:43:16.586+0000] {processor.py:914} INFO - Processing file /opt/airflow/dags/system_dag.py for tasks to queue
[2026-03-30T09:43:16.587+0000] {logging_mixin.py:190} INFO - [2026-03-30T09:43:16.587+0000] {dagbag.py:588} INFO - Filling up the DagBag from /opt/airflow/dags/system_dag.py
[2026-03-30T09:43:16.605+0000] {processor.py:925} INFO - DAG(s) 'system_dag' retrieved from /opt/airflow/dags/system_dag.py
[2026-03-30T09:43:16.642+0000] {logging_mixin.py:190} INFO - [2026-03-30T09:43:16.642+0000] {dag.py:3239} INFO - Sync 1 DAGs
[2026-03-30T09:43:16.673+0000] {logging_mixin.py:190} INFO - [2026-03-30T09:43:16.673+0000] {dag.py:4180} INFO - Setting next_dagrun for system_dag to 2026-03-29T00:00:00+00:00, run_after=2026-03-30T00:00:00+00:00
[2026-03-30T09:43:16.701+0000] {processor.py:208} INFO - Processing /opt/airflow/dags/system_dag.py took 0.123 seconds
[2026-03-30T09:43:46.773+0000] {processor.py:186} INFO - Started process (PID=847) to work on /opt/airflow/dags/system_dag.py
[2026-03-30T09:43:46.774+0000] {processor.py:914} INFO - Processing file /opt/airflow/dags/system_dag.py for tasks to queue
[2026-03-30T09:43:46.776+0000] {logging_mixin.py:190} INFO - [2026-03-30T09:43:46.776+0000] {dagbag.py:588} INFO - Filling up the DagBag from /opt/airflow/dags/system_dag.py
[2026-03-30T09:43:46.805+0000] {processor.py:925} INFO - DAG(s) 'system_dag' retrieved from /opt/airflow/dags/system_dag.py
[2026-03-30T09:43:46.853+0000] {logging_mixin.py:190} INFO - [2026-03-30T09:43:46.852+0000] {dag.py:3239} INFO - Sync 1 DAGs
[2026-03-30T09:43:46.891+0000] {logging_mixin.py:190} INFO - [2026-03-30T09:43:46.891+0000] {dag.py:4180} INFO - Setting next_dagrun for system_dag to 2026-03-29T00:00:00+00:00, run_after=2026-03-30T00:00:00+00:00
[2026-03-30T09:43:46.923+0000] {processor.py:208} INFO - Processing /opt/airflow/dags/system_dag.py took 0.162 seconds
[2026-03-30T09:44:16.957+0000] {processor.py:186} INFO - Started process (PID=851) to work on /opt/airflow/dags/system_dag.py
[2026-03-30T09:44:16.958+0000] {processor.py:914} INFO - Processing file /opt/airflow/dags/system_dag.py for tasks to queue
[2026-03-30T09:44:16.959+0000] {logging_mixin.py:190} INFO - [2026-03-30T09:44:16.959+0000] {dagbag.py:588} INFO - Filling up the DagBag from /opt/airflow/dags/system_dag.py
[2026-03-30T09:44:16.977+0000] {processor.py:925} INFO - DAG(s) 'system_dag' retrieved from /opt/airflow/dags/system_dag.py
[2026-03-30T09:44:17.014+0000] {logging_mixin.py:190} INFO - [2026-03-30T09:44:17.014+0000] {dag.py:3239} INFO - Sync 1 DAGs
[2026-03-30T09:44:17.044+0000] {logging_mixin.py:190} INFO - [2026-03-30T09:44:17.044+0000] {dag.py:4180} INFO - Setting next_dagrun for system_dag to 2026-03-29T00:00:00+00:00, run_after=2026-03-30T00:00:00+00:00
[2026-03-30T09:44:17.078+0000] {processor.py:208} INFO - Processing /opt/airflow/dags/system_dag.py took 0.127 seconds
[2026-03-30T09:44:47.348+0000] {processor.py:186} INFO - Started process (PID=855) to work on /opt/airflow/dags/system_dag.py
[2026-03-30T09:44:47.349+0000] {processor.py:914} INFO - Processing file /opt/airflow/dags/system_dag.py for tasks to queue
[2026-03-30T09:44:47.353+0000] {logging_mixin.py:190} INFO - [2026-03-30T09:44:47.352+0000] {dagbag.py:588} INFO - Filling up the DagBag from /opt/airflow/dags/system_dag.py
[2026-03-30T09:44:47.374+0000] {processor.py:925} INFO - DAG(s) 'system_dag' retrieved from /opt/airflow/dags/system_dag.py
[2026-03-30T09:44:47.412+0000] {logging_mixin.py:190} INFO - [2026-03-30T09:44:47.412+0000] {dag.py:3239} INFO - Sync 1 DAGs
[2026-03-30T09:44:47.443+0000] {logging_mixin.py:190} INFO - [2026-03-30T09:44:47.443+0000] {dag.py:4180} INFO - Setting next_dagrun for system_dag to 2026-03-29T00:00:00+00:00, run_after=2026-03-30T00:00:00+00:00
[2026-03-30T09:44:47.483+0000] {processor.py:208} INFO - Processing /opt/airflow/dags/system_dag.py took 0.143 seconds
[2026-03-30T09:45:17.578+0000] {processor.py:186} INFO - Started process (PID=859) to work on /opt/airflow/dags/system_dag.py
[2026-03-30T09:45:17.578+0000] {processor.py:914} INFO - Processing file /opt/airflow/dags/system_dag.py for tasks to queue
[2026-03-30T09:45:17.580+0000] {logging_mixin.py:190} INFO - [2026-03-30T09:45:17.579+0000] {dagbag.py:588} INFO - Filling up the DagBag from /opt/airflow/dags/system_dag.py
[2026-03-30T09:45:17.598+0000] {processor.py:925} INFO - DAG(s) 'system_dag' retrieved from /opt/airflow/dags/system_dag.py
[2026-03-30T09:45:17.641+0000] {logging_mixin.py:190} INFO - [2026-03-30T09:45:17.641+0000] {dag.py:3239} INFO - Sync 1 DAGs
[2026-03-30T09:45:17.679+0000] {logging_mixin.py:190} INFO - [2026-03-30T09:45:17.679+0000] {dag.py:4180} INFO - Setting next_dagrun for system_dag to 2026-03-29T00:00:00+00:00, run_after=2026-03-30T00:00:00+00:00
[2026-03-30T09:45:17.721+0000] {processor.py:208} INFO - Processing /opt/airflow/dags/system_dag.py took 0.149 seconds
[2026-03-30T09:45:47.873+0000] {processor.py:186} INFO - Started process (PID=863) to work on /opt/airflow/dags/system_dag.py
[2026-03-30T09:45:47.874+0000] {processor.py:914} INFO - Processing file /opt/airflow/dags/system_dag.py for tasks to queue
[2026-03-30T09:45:47.876+0000] {logging_mixin.py:190} INFO - [2026-03-30T09:45:47.875+0000] {dagbag.py:588} INFO - Filling up the DagBag from /opt/airflow/dags/system_dag.py
[2026-03-30T09:45:47.908+0000] {processor.py:925} INFO - DAG(s) 'system_dag' retrieved from /opt/airflow/dags/system_dag.py
[2026-03-30T09:45:47.958+0000] {logging_mixin.py:190} INFO - [2026-03-30T09:45:47.958+0000] {dag.py:3239} INFO - Sync 1 DAGs
[2026-03-30T09:45:47.994+0000] {logging_mixin.py:190} INFO - [2026-03-30T09:45:47.994+0000] {dag.py:4180} INFO - Setting next_dagrun for system_dag to 2026-03-29T00:00:00+00:00, run_after=2026-03-30T00:00:00+00:00
[2026-03-30T09:45:48.031+0000] {processor.py:208} INFO - Processing /opt/airflow/dags/system_dag.py took 0.165 seconds
[2026-03-30T09:46:18.145+0000] {processor.py:186} INFO - Started process (PID=867) to work on /opt/airflow/dags/system_dag.py
[2026-03-30T09:46:18.146+0000] {processor.py:914} INFO - Processing file /opt/airflow/dags/system_dag.py for tasks to queue
[2026-03-30T09:46:18.148+0000] {logging_mixin.py:190} INFO - [2026-03-30T09:46:18.147+0000] {dagbag.py:588} INFO - Filling up the DagBag from /opt/airflow/dags/system_dag.py
[2026-03-30T09:46:18.171+0000] {processor.py:925} INFO - DAG(s) 'system_dag' retrieved from /opt/airflow/dags/system_dag.py
[2026-03-30T09:46:18.219+0000] {logging_mixin.py:190} INFO - [2026-03-30T09:46:18.219+0000] {dag.py:3239} INFO - Sync 1 DAGs
[2026-03-30T09:46:18.258+0000] {logging_mixin.py:190} INFO - [2026-03-30T09:46:18.258+0000] {dag.py:4180} INFO - Setting next_dagrun for system_dag to 2026-03-29T00:00:00+00:00, run_after=2026-03-30T00:00:00+00:00
[2026-03-30T09:46:18.292+0000] {processor.py:208} INFO - Processing /opt/airflow/dags/system_dag.py took 0.154 seconds
[2026-03-30T09:46:48.536+0000] {processor.py:186} INFO - Started process (PID=871) to work on /opt/airflow/dags/system_dag.py
[2026-03-30T09:46:48.537+0000] {processor.py:914} INFO - Processing file /opt/airflow/dags/system_dag.py for tasks to queue
[2026-03-30T09:46:48.538+0000] {logging_mixin.py:190} INFO - [2026-03-30T09:46:48.538+0000] {dagbag.py:588} INFO - Filling up the DagBag from /opt/airflow/dags/system_dag.py
[2026-03-30T09:46:48.560+0000] {processor.py:925} INFO - DAG(s) 'system_dag' retrieved from /opt/airflow/dags/system_dag.py
[2026-03-30T09:46:48.597+0000] {logging_mixin.py:190} INFO - [2026-03-30T09:46:48.597+0000] {dag.py:3239} INFO - Sync 1 DAGs
[2026-03-30T09:46:48.631+0000] {logging_mixin.py:190} INFO - [2026-03-30T09:46:48.631+0000] {dag.py:4180} INFO - Setting next_dagrun for system_dag to 2026-03-29T00:00:00+00:00, run_after=2026-03-30T00:00:00+00:00
[2026-03-30T09:46:48.657+0000] {processor.py:208} INFO - Processing /opt/airflow/dags/system_dag.py took 0.126 seconds
[2026-03-30T09:47:18.882+0000] {processor.py:186} INFO - Started process (PID=875) to work on /opt/airflow/dags/system_dag.py
[2026-03-30T09:47:18.882+0000] {processor.py:914} INFO - Processing file /opt/airflow/dags/system_dag.py for tasks to queue
[2026-03-30T09:47:18.884+0000] {logging_mixin.py:190} INFO - [2026-03-30T09:47:18.883+0000] {dagbag.py:588} INFO - Filling up the DagBag from /opt/airflow/dags/system_dag.py
[2026-03-30T09:47:18.902+0000] {processor.py:925} INFO - DAG(s) 'system_dag' retrieved from /opt/airflow/dags/system_dag.py
[2026-03-30T09:47:18.941+0000] {logging_mixin.py:190} INFO - [2026-03-30T09:47:18.941+0000] {dag.py:3239} INFO - Sync 1 DAGs
[2026-03-30T09:47:18.972+0000] {logging_mixin.py:190} INFO - [2026-03-30T09:47:18.972+0000] {dag.py:4180} INFO - Setting next_dagrun for system_dag to 2026-03-29T00:00:00+00:00, run_after=2026-03-30T00:00:00+00:00
[2026-03-30T09:47:19.003+0000] {processor.py:208} INFO - Processing /opt/airflow/dags/system_dag.py took 0.127 seconds
[2026-03-30T09:47:49.343+0000] {processor.py:186} INFO - Started process (PID=879) to work on /opt/airflow/dags/system_dag.py
[2026-03-30T09:47:49.344+0000] {processor.py:914} INFO - Processing file /opt/airflow/dags/system_dag.py for tasks to queue
[2026-03-30T09:47:49.346+0000] {logging_mixin.py:190} INFO - [2026-03-30T09:47:49.346+0000] {dagbag.py:588} INFO - Filling up the DagBag from /opt/airflow/dags/system_dag.py
[2026-03-30T09:47:49.373+0000] {processor.py:925} INFO - DAG(s) 'system_dag' retrieved from /opt/airflow/dags/system_dag.py
[2026-03-30T09:47:49.425+0000] {logging_mixin.py:190} INFO - [2026-03-30T09:47:49.425+0000] {dag.py:3239} INFO - Sync 1 DAGs
[2026-03-30T09:47:49.470+0000] {logging_mixin.py:190} INFO - [2026-03-30T09:47:49.470+0000] {dag.py:4180} INFO - Setting next_dagrun for system_dag to 2026-03-29T00:00:00+00:00, run_after=2026-03-30T00:00:00+00:00
[2026-03-30T09:47:49.524+0000] {processor.py:208} INFO - Processing /opt/airflow/dags/system_dag.py took 0.187 seconds
[2026-03-30T09:48:20.401+0000] {processor.py:186} INFO - Started process (PID=883) to work on /opt/airflow/dags/system_dag.py
[2026-03-30T09:48:20.402+0000] {processor.py:914} INFO - Processing file /opt/airflow/dags/system_dag.py for tasks to queue
[2026-03-30T09:48:20.403+0000] {logging_mixin.py:190} INFO - [2026-03-30T09:48:20.403+0000] {dagbag.py:588} INFO - Filling up the DagBag from /opt/airflow/dags/system_dag.py
[2026-03-30T09:48:20.422+0000] {processor.py:925} INFO - DAG(s) 'system_dag' retrieved from /opt/airflow/dags/system_dag.py
[2026-03-30T09:48:20.460+0000] {logging_mixin.py:190} INFO - [2026-03-30T09:48:20.460+0000] {dag.py:3239} INFO - Sync 1 DAGs
[2026-03-30T09:48:20.491+0000] {logging_mixin.py:190} INFO - [2026-03-30T09:48:20.491+0000] {dag.py:4180} INFO - Setting next_dagrun for system_dag to 2026-03-29T00:00:00+00:00, run_after=2026-03-30T00:00:00+00:00
[2026-03-30T09:48:20.522+0000] {processor.py:208} INFO - Processing /opt/airflow/dags/system_dag.py took 0.127 seconds
[2026-03-30T09:48:50.851+0000] {processor.py:186} INFO - Started process (PID=887) to work on /opt/airflow/dags/system_dag.py
[2026-03-30T09:48:50.851+0000] {processor.py:914} INFO - Processing file /opt/airflow/dags/system_dag.py for tasks to queue
[2026-03-30T09:48:50.852+0000] {logging_mixin.py:190} INFO - [2026-03-30T09:48:50.852+0000] {dagbag.py:588} INFO - Filling up the DagBag from /opt/airflow/dags/system_dag.py
[2026-03-30T09:48:50.868+0000] {processor.py:925} INFO - DAG(s) 'system_dag' retrieved from /opt/airflow/dags/system_dag.py
[2026-03-30T09:48:50.907+0000] {logging_mixin.py:190} INFO - [2026-03-30T09:48:50.906+0000] {dag.py:3239} INFO - Sync 1 DAGs
[2026-03-30T09:48:50.937+0000] {logging_mixin.py:190} INFO - [2026-03-30T09:48:50.936+0000] {dag.py:4180} INFO - Setting next_dagrun for system_dag to 2026-03-29T00:00:00+00:00, run_after=2026-03-30T00:00:00+00:00
[2026-03-30T09:48:50.973+0000] {processor.py:208} INFO - Processing /opt/airflow/dags/system_dag.py took 0.129 seconds
[2026-03-30T09:49:21.078+0000] {processor.py:186} INFO - Started process (PID=891) to work on /opt/airflow/dags/system_dag.py
[2026-03-30T09:49:21.078+0000] {processor.py:914} INFO - Processing file /opt/airflow/dags/system_dag.py for tasks to queue
[2026-03-30T09:49:21.080+0000] {logging_mixin.py:190} INFO - [2026-03-30T09:49:21.080+0000] {dagbag.py:588} INFO - Filling up the DagBag from /opt/airflow/dags/system_dag.py
[2026-03-30T09:49:21.097+0000] {processor.py:925} INFO - DAG(s) 'system_dag' retrieved from /opt/airflow/dags/system_dag.py
[2026-03-30T09:49:21.133+0000] {logging_mixin.py:190} INFO - [2026-03-30T09:49:21.133+0000] {dag.py:3239} INFO - Sync 1 DAGs
[2026-03-30T09:49:21.160+0000] {logging_mixin.py:190} INFO - [2026-03-30T09:49:21.160+0000] {dag.py:4180} INFO - Setting next_dagrun for system_dag to 2026-03-29T00:00:00+00:00, run_after=2026-03-30T00:00:00+00:00
[2026-03-30T09:49:21.188+0000] {processor.py:208} INFO - Processing /opt/airflow/dags/system_dag.py took 0.116 seconds
[2026-03-30T09:49:52.434+0000] {processor.py:186} INFO - Started process (PID=895) to work on /opt/airflow/dags/system_dag.py
[2026-03-30T09:49:52.434+0000] {processor.py:914} INFO - Processing file /opt/airflow/dags/system_dag.py for tasks to queue
[2026-03-30T09:49:52.435+0000] {logging_mixin.py:190} INFO - [2026-03-30T09:49:52.435+0000] {dagbag.py:588} INFO - Filling up the DagBag from /opt/airflow/dags/system_dag.py
[2026-03-30T09:49:52.451+0000] {processor.py:925} INFO - DAG(s) 'system_dag' retrieved from /opt/airflow/dags/system_dag.py
[2026-03-30T09:49:52.488+0000] {logging_mixin.py:190} INFO - [2026-03-30T09:49:52.488+0000] {dag.py:3239} INFO - Sync 1 DAGs
[2026-03-30T09:49:52.517+0000] {logging_mixin.py:190} INFO - [2026-03-30T09:49:52.517+0000] {dag.py:4180} INFO - Setting next_dagrun for system_dag to 2026-03-29T00:00:00+00:00, run_after=2026-03-30T00:00:00+00:00
[2026-03-30T09:49:52.544+0000] {processor.py:208} INFO - Processing /opt/airflow/dags/system_dag.py took 0.115 seconds
[2026-03-30T09:50:25.744+0000] {processor.py:186} INFO - Started process (PID=899) to work on /opt/airflow/dags/system_dag.py
[2026-03-30T09:50:25.745+0000] {processor.py:914} INFO - Processing file /opt/airflow/dags/system_dag.py for tasks to queue
[2026-03-30T09:50:25.746+0000] {logging_mixin.py:190} INFO - [2026-03-30T09:50:25.746+0000] {dagbag.py:588} INFO - Filling up the DagBag from /opt/airflow/dags/system_dag.py
[2026-03-30T09:50:25.765+0000] {processor.py:925} INFO - DAG(s) 'system_dag' retrieved from /opt/airflow/dags/system_dag.py
[2026-03-30T09:50:25.800+0000] {logging_mixin.py:190} INFO - [2026-03-30T09:50:25.800+0000] {dag.py:3239} INFO - Sync 1 DAGs
[2026-03-30T09:50:25.826+0000] {logging_mixin.py:190} INFO - [2026-03-30T09:50:25.826+0000] {dag.py:4180} INFO - Setting next_dagrun for system_dag to 2026-03-29T00:00:00+00:00, run_after=2026-03-30T00:00:00+00:00
[2026-03-30T09:50:25.852+0000] {processor.py:208} INFO - Processing /opt/airflow/dags/system_dag.py took 0.113 seconds
[2026-03-30T09:50:58.101+0000] {processor.py:186} INFO - Started process (PID=903) to work on /opt/airflow/dags/system_dag.py
[2026-03-30T09:50:58.102+0000] {processor.py:914} INFO - Processing file /opt/airflow/dags/system_dag.py for tasks to queue
[2026-03-30T09:50:58.104+0000] {logging_mixin.py:190} INFO - [2026-03-30T09:50:58.104+0000] {dagbag.py:588} INFO - Filling up the DagBag from /opt/airflow/dags/system_dag.py
[2026-03-30T09:50:58.120+0000] {processor.py:925} INFO - DAG(s) 'system_dag' retrieved from /opt/airflow/dags/system_dag.py
[2026-03-30T09:50:58.159+0000] {logging_mixin.py:190} INFO - [2026-03-30T09:50:58.159+0000] {dag.py:3239} INFO - Sync 1 DAGs
[2026-03-30T09:50:58.187+0000] {logging_mixin.py:190} INFO - [2026-03-30T09:50:58.186+0000] {dag.py:4180} INFO - Setting next_dagrun for system_dag to 2026-03-29T00:00:00+00:00, run_after=2026-03-30T00:00:00+00:00
[2026-03-30T09:50:58.207+0000] {processor.py:208} INFO - Processing /opt/airflow/dags/system_dag.py took 0.112 seconds
[2026-03-30T09:51:31.493+0000] {processor.py:186} INFO - Started process (PID=907) to work on /opt/airflow/dags/system_dag.py
[2026-03-30T09:51:31.493+0000] {processor.py:914} INFO - Processing file /opt/airflow/dags/system_dag.py for tasks to queue
[2026-03-30T09:51:31.494+0000] {logging_mixin.py:190} INFO - [2026-03-30T09:51:31.494+0000] {dagbag.py:588} INFO - Filling up the DagBag from /opt/airflow/dags/system_dag.py
[2026-03-30T09:51:31.510+0000] {processor.py:925} INFO - DAG(s) 'system_dag' retrieved from /opt/airflow/dags/system_dag.py
[2026-03-30T09:51:31.543+0000] {logging_mixin.py:190} INFO - [2026-03-30T09:51:31.543+0000] {dag.py:3239} INFO - Sync 1 DAGs
[2026-03-30T09:51:31.567+0000] {logging_mixin.py:190} INFO - [2026-03-30T09:51:31.567+0000] {dag.py:4180} INFO - Setting next_dagrun for system_dag to 2026-03-29T00:00:00+00:00, run_after=2026-03-30T00:00:00+00:00
[2026-03-30T09:51:31.585+0000] {processor.py:208} INFO - Processing /opt/airflow/dags/system_dag.py took 0.098 seconds
[2026-03-30T09:52:03.812+0000] {processor.py:186} INFO - Started process (PID=911) to work on /opt/airflow/dags/system_dag.py
[2026-03-30T09:52:03.812+0000] {processor.py:914} INFO - Processing file /opt/airflow/dags/system_dag.py for tasks to queue
[2026-03-30T09:52:03.814+0000] {logging_mixin.py:190} INFO - [2026-03-30T09:52:03.813+0000] {dagbag.py:588} INFO - Filling up the DagBag from /opt/airflow/dags/system_dag.py
[2026-03-30T09:52:03.832+0000] {processor.py:925} INFO - DAG(s) 'system_dag' retrieved from /opt/airflow/dags/system_dag.py
[2026-03-30T09:52:03.867+0000] {logging_mixin.py:190} INFO - [2026-03-30T09:52:03.867+0000] {dag.py:3239} INFO - Sync 1 DAGs
[2026-03-30T09:52:03.896+0000] {logging_mixin.py:190} INFO - [2026-03-30T09:52:03.896+0000] {dag.py:4180} INFO - Setting next_dagrun for system_dag to 2026-03-29T00:00:00+00:00, run_after=2026-03-30T00:00:00+00:00
[2026-03-30T09:52:03.918+0000] {processor.py:208} INFO - Processing /opt/airflow/dags/system_dag.py took 0.111 seconds
[2026-03-30T09:52:37.224+0000] {processor.py:186} INFO - Started process (PID=915) to work on /opt/airflow/dags/system_dag.py
[2026-03-30T09:52:37.224+0000] {processor.py:914} INFO - Processing file /opt/airflow/dags/system_dag.py for tasks to queue
[2026-03-30T09:52:37.226+0000] {logging_mixin.py:190} INFO - [2026-03-30T09:52:37.225+0000] {dagbag.py:588} INFO - Filling up the DagBag from /opt/airflow/dags/system_dag.py
[2026-03-30T09:52:37.242+0000] {processor.py:925} INFO - DAG(s) 'system_dag' retrieved from /opt/airflow/dags/system_dag.py
[2026-03-30T09:52:37.273+0000] {logging_mixin.py:190} INFO - [2026-03-30T09:52:37.273+0000] {dag.py:3239} INFO - Sync 1 DAGs
[2026-03-30T09:52:37.298+0000] {logging_mixin.py:190} INFO - [2026-03-30T09:52:37.298+0000] {dag.py:4180} INFO - Setting next_dagrun for system_dag to 2026-03-29T00:00:00+00:00, run_after=2026-03-30T00:00:00+00:00
[2026-03-30T09:52:37.317+0000] {processor.py:208} INFO - Processing /opt/airflow/dags/system_dag.py took 0.100 seconds
[2026-03-30T09:53:09.557+0000] {processor.py:186} INFO - Started process (PID=919) to work on /opt/airflow/dags/system_dag.py
[2026-03-30T09:53:09.558+0000] {processor.py:914} INFO - Processing file /opt/airflow/dags/system_dag.py for tasks to queue
[2026-03-30T09:53:09.559+0000] {logging_mixin.py:190} INFO - [2026-03-30T09:53:09.559+0000] {dagbag.py:588} INFO - Filling up the DagBag from /opt/airflow/dags/system_dag.py
[2026-03-30T09:53:09.577+0000] {processor.py:925} INFO - DAG(s) 'system_dag' retrieved from /opt/airflow/dags/system_dag.py
[2026-03-30T09:53:09.613+0000] {logging_mixin.py:190} INFO - [2026-03-30T09:53:09.613+0000] {dag.py:3239} INFO - Sync 1 DAGs
[2026-03-30T09:53:09.641+0000] {logging_mixin.py:190} INFO - [2026-03-30T09:53:09.641+0000] {dag.py:4180} INFO - Setting next_dagrun for system_dag to 2026-03-29T00:00:00+00:00, run_after=2026-03-30T00:00:00+00:00
[2026-03-30T09:53:09.660+0000] {processor.py:208} INFO - Processing /opt/airflow/dags/system_dag.py took 0.108 seconds
[2026-03-30T09:53:43.054+0000] {processor.py:186} INFO - Started process (PID=923) to work on /opt/airflow/dags/system_dag.py
[2026-03-30T09:53:43.055+0000] {processor.py:914} INFO - Processing file /opt/airflow/dags/system_dag.py for tasks to queue
[2026-03-30T09:53:43.057+0000] {logging_mixin.py:190} INFO - [2026-03-30T09:53:43.057+0000] {dagbag.py:588} INFO - Filling up the DagBag from /opt/airflow/dags/system_dag.py
[2026-03-30T09:53:43.095+0000] {processor.py:925} INFO - DAG(s) 'system_dag' retrieved from /opt/airflow/dags/system_dag.py
[2026-03-30T09:53:43.163+0000] {logging_mixin.py:190} INFO - [2026-03-30T09:53:43.162+0000] {dag.py:3239} INFO - Sync 1 DAGs
[2026-03-30T09:53:43.193+0000] {logging_mixin.py:190} INFO - [2026-03-30T09:53:43.193+0000] {dag.py:4180} INFO - Setting next_dagrun for system_dag to 2026-03-29T00:00:00+00:00, run_after=2026-03-30T00:00:00+00:00
[2026-03-30T09:53:43.215+0000] {processor.py:208} INFO - Processing /opt/airflow/dags/system_dag.py took 0.170 seconds
[2026-03-30T09:54:15.494+0000] {processor.py:186} INFO - Started process (PID=927) to work on /opt/airflow/dags/system_dag.py
[2026-03-30T09:54:15.495+0000] {processor.py:914} INFO - Processing file /opt/airflow/dags/system_dag.py for tasks to queue
[2026-03-30T09:54:15.496+0000] {logging_mixin.py:190} INFO - [2026-03-30T09:54:15.496+0000] {dagbag.py:588} INFO - Filling up the DagBag from /opt/airflow/dags/system_dag.py
[2026-03-30T09:54:15.512+0000] {processor.py:925} INFO - DAG(s) 'system_dag' retrieved from /opt/airflow/dags/system_dag.py
[2026-03-30T09:54:15.545+0000] {logging_mixin.py:190} INFO - [2026-03-30T09:54:15.545+0000] {dag.py:3239} INFO - Sync 1 DAGs
[2026-03-30T09:54:15.572+0000] {logging_mixin.py:190} INFO - [2026-03-30T09:54:15.572+0000] {dag.py:4180} INFO - Setting next_dagrun for system_dag to 2026-03-29T00:00:00+00:00, run_after=2026-03-30T00:00:00+00:00
[2026-03-30T09:54:15.596+0000] {processor.py:208} INFO - Processing /opt/airflow/dags/system_dag.py took 0.108 seconds
[2026-03-30T09:54:47.754+0000] {processor.py:186} INFO - Started process (PID=931) to work on /opt/airflow/dags/system_dag.py
[2026-03-30T09:54:47.756+0000] {processor.py:914} INFO - Processing file /opt/airflow/dags/system_dag.py for tasks to queue
[2026-03-30T09:54:47.757+0000] {logging_mixin.py:190} INFO - [2026-03-30T09:54:47.757+0000] {dagbag.py:588} INFO - Filling up the DagBag from /opt/airflow/dags/system_dag.py
[2026-03-30T09:54:47.776+0000] {processor.py:925} INFO - DAG(s) 'system_dag' retrieved from /opt/airflow/dags/system_dag.py
[2026-03-30T09:54:47.811+0000] {logging_mixin.py:190} INFO - [2026-03-30T09:54:47.811+0000] {dag.py:3239} INFO - Sync 1 DAGs
[2026-03-30T09:54:47.843+0000] {logging_mixin.py:190} INFO - [2026-03-30T09:54:47.842+0000] {dag.py:4180} INFO - Setting next_dagrun for system_dag to 2026-03-29T00:00:00+00:00, run_after=2026-03-30T00:00:00+00:00
[2026-03-30T09:54:47.864+0000] {processor.py:208} INFO - Processing /opt/airflow/dags/system_dag.py took 0.116 seconds
[2026-03-30T09:55:21.113+0000] {processor.py:186} INFO - Started process (PID=935) to work on /opt/airflow/dags/system_dag.py
[2026-03-30T09:55:21.114+0000] {processor.py:914} INFO - Processing file /opt/airflow/dags/system_dag.py for tasks to queue
[2026-03-30T09:55:21.115+0000] {logging_mixin.py:190} INFO - [2026-03-30T09:55:21.115+0000] {dagbag.py:588} INFO - Filling up the DagBag from /opt/airflow/dags/system_dag.py
[2026-03-30T09:55:21.131+0000] {processor.py:925} INFO - DAG(s) 'system_dag' retrieved from /opt/airflow/dags/system_dag.py
[2026-03-30T09:55:21.167+0000] {logging_mixin.py:190} INFO - [2026-03-30T09:55:21.167+0000] {dag.py:3239} INFO - Sync 1 DAGs
[2026-03-30T09:55:21.196+0000] {logging_mixin.py:190} INFO - [2026-03-30T09:55:21.196+0000] {dag.py:4180} INFO - Setting next_dagrun for system_dag to 2026-03-29T00:00:00+00:00, run_after=2026-03-30T00:00:00+00:00
[2026-03-30T09:55:21.223+0000] {processor.py:208} INFO - Processing /opt/airflow/dags/system_dag.py took 0.115 seconds
[2026-03-30T09:55:53.474+0000] {processor.py:186} INFO - Started process (PID=939) to work on /opt/airflow/dags/system_dag.py
[2026-03-30T09:55:53.475+0000] {processor.py:914} INFO - Processing file /opt/airflow/dags/system_dag.py for tasks to queue
[2026-03-30T09:55:53.476+0000] {logging_mixin.py:190} INFO - [2026-03-30T09:55:53.476+0000] {dagbag.py:588} INFO - Filling up the DagBag from /opt/airflow/dags/system_dag.py
[2026-03-30T09:55:53.501+0000] {processor.py:925} INFO - DAG(s) 'system_dag' retrieved from /opt/airflow/dags/system_dag.py
[2026-03-30T09:55:53.534+0000] {logging_mixin.py:190} INFO - [2026-03-30T09:55:53.534+0000] {dag.py:3239} INFO - Sync 1 DAGs
[2026-03-30T09:55:53.558+0000] {logging_mixin.py:190} INFO - [2026-03-30T09:55:53.558+0000] {dag.py:4180} INFO - Setting next_dagrun for system_dag to 2026-03-29T00:00:00+00:00, run_after=2026-03-30T00:00:00+00:00
[2026-03-30T09:55:53.580+0000] {processor.py:208} INFO - Processing /opt/airflow/dags/system_dag.py took 0.112 seconds
[2026-03-30T09:56:26.829+0000] {processor.py:186} INFO - Started process (PID=943) to work on /opt/airflow/dags/system_dag.py
[2026-03-30T09:56:26.830+0000] {processor.py:914} INFO - Processing file /opt/airflow/dags/system_dag.py for tasks to queue
[2026-03-30T09:56:26.832+0000] {logging_mixin.py:190} INFO - [2026-03-30T09:56:26.831+0000] {dagbag.py:588} INFO - Filling up the DagBag from /opt/airflow/dags/system_dag.py
[2026-03-30T09:56:26.847+0000] {processor.py:925} INFO - DAG(s) 'system_dag' retrieved from /opt/airflow/dags/system_dag.py
[2026-03-30T09:56:26.885+0000] {logging_mixin.py:190} INFO - [2026-03-30T09:56:26.885+0000] {dag.py:3239} INFO - Sync 1 DAGs
[2026-03-30T09:56:26.915+0000] {logging_mixin.py:190} INFO - [2026-03-30T09:56:26.915+0000] {dag.py:4180} INFO - Setting next_dagrun for system_dag to 2026-03-29T00:00:00+00:00, run_after=2026-03-30T00:00:00+00:00
[2026-03-30T09:56:26.943+0000] {processor.py:208} INFO - Processing /opt/airflow/dags/system_dag.py took 0.119 seconds
[2026-03-30T09:56:59.184+0000] {processor.py:186} INFO - Started process (PID=947) to work on /opt/airflow/dags/system_dag.py
[2026-03-30T09:56:59.185+0000] {processor.py:914} INFO - Processing file /opt/airflow/dags/system_dag.py for tasks to queue
[2026-03-30T09:56:59.186+0000] {logging_mixin.py:190} INFO - [2026-03-30T09:56:59.186+0000] {dagbag.py:588} INFO - Filling up the DagBag from /opt/airflow/dags/system_dag.py
[2026-03-30T09:56:59.206+0000] {processor.py:925} INFO - DAG(s) 'system_dag' retrieved from /opt/airflow/dags/system_dag.py
[2026-03-30T09:56:59.246+0000] {logging_mixin.py:190} INFO - [2026-03-30T09:56:59.245+0000] {dag.py:3239} INFO - Sync 1 DAGs
[2026-03-30T09:56:59.274+0000] {logging_mixin.py:190} INFO - [2026-03-30T09:56:59.274+0000] {dag.py:4180} INFO - Setting next_dagrun for system_dag to 2026-03-29T00:00:00+00:00, run_after=2026-03-30T00:00:00+00:00
[2026-03-30T09:56:59.299+0000] {processor.py:208} INFO - Processing /opt/airflow/dags/system_dag.py took 0.122 seconds
[2026-03-30T09:57:32.582+0000] {processor.py:186} INFO - Started process (PID=951) to work on /opt/airflow/dags/system_dag.py
[2026-03-30T09:57:32.582+0000] {processor.py:914} INFO - Processing file /opt/airflow/dags/system_dag.py for tasks to queue
[2026-03-30T09:57:32.584+0000] {logging_mixin.py:190} INFO - [2026-03-30T09:57:32.583+0000] {dagbag.py:588} INFO - Filling up the DagBag from /opt/airflow/dags/system_dag.py
[2026-03-30T09:57:32.599+0000] {processor.py:925} INFO - DAG(s) 'system_dag' retrieved from /opt/airflow/dags/system_dag.py
[2026-03-30T09:57:32.633+0000] {logging_mixin.py:190} INFO - [2026-03-30T09:57:32.633+0000] {dag.py:3239} INFO - Sync 1 DAGs
[2026-03-30T09:57:32.658+0000] {logging_mixin.py:190} INFO - [2026-03-30T09:57:32.658+0000] {dag.py:4180} INFO - Setting next_dagrun for system_dag to 2026-03-29T00:00:00+00:00, run_after=2026-03-30T00:00:00+00:00
[2026-03-30T09:57:32.680+0000] {processor.py:208} INFO - Processing /opt/airflow/dags/system_dag.py took 0.104 seconds
[2026-03-30T09:58:04.896+0000] {processor.py:186} INFO - Started process (PID=955) to work on /opt/airflow/dags/system_dag.py
[2026-03-30T09:58:04.896+0000] {processor.py:914} INFO - Processing file /opt/airflow/dags/system_dag.py for tasks to queue
[2026-03-30T09:58:04.898+0000] {logging_mixin.py:190} INFO - [2026-03-30T09:58:04.897+0000] {dagbag.py:588} INFO - Filling up the DagBag from /opt/airflow/dags/system_dag.py
[2026-03-30T09:58:04.912+0000] {processor.py:925} INFO - DAG(s) 'system_dag' retrieved from /opt/airflow/dags/system_dag.py
[2026-03-30T09:58:04.944+0000] {logging_mixin.py:190} INFO - [2026-03-30T09:58:04.943+0000] {dag.py:3239} INFO - Sync 1 DAGs
[2026-03-30T09:58:04.968+0000] {logging_mixin.py:190} INFO - [2026-03-30T09:58:04.968+0000] {dag.py:4180} INFO - Setting next_dagrun for system_dag to 2026-03-29T00:00:00+00:00, run_after=2026-03-30T00:00:00+00:00
[2026-03-30T09:58:04.986+0000] {processor.py:208} INFO - Processing /opt/airflow/dags/system_dag.py took 0.096 seconds
[2026-03-30T09:58:38.228+0000] {processor.py:186} INFO - Started process (PID=959) to work on /opt/airflow/dags/system_dag.py
[2026-03-30T09:58:38.229+0000] {processor.py:914} INFO - Processing file /opt/airflow/dags/system_dag.py for tasks to queue
[2026-03-30T09:58:38.230+0000] {logging_mixin.py:190} INFO - [2026-03-30T09:58:38.230+0000] {dagbag.py:588} INFO - Filling up the DagBag from /opt/airflow/dags/system_dag.py
[2026-03-30T09:58:38.247+0000] {processor.py:925} INFO - DAG(s) 'system_dag' retrieved from /opt/airflow/dags/system_dag.py
[2026-03-30T09:58:38.279+0000] {logging_mixin.py:190} INFO - [2026-03-30T09:58:38.279+0000] {dag.py:3239} INFO - Sync 1 DAGs
[2026-03-30T09:58:38.304+0000] {logging_mixin.py:190} INFO - [2026-03-30T09:58:38.304+0000] {dag.py:4180} INFO - Setting next_dagrun for system_dag to 2026-03-29T00:00:00+00:00, run_after=2026-03-30T00:00:00+00:00
[2026-03-30T09:58:38.322+0000] {processor.py:208} INFO - Processing /opt/airflow/dags/system_dag.py took 0.100 seconds
[2026-03-30T09:59:10.565+0000] {processor.py:186} INFO - Started process (PID=963) to work on /opt/airflow/dags/system_dag.py
[2026-03-30T09:59:10.566+0000] {processor.py:914} INFO - Processing file /opt/airflow/dags/system_dag.py for tasks to queue
[2026-03-30T09:59:10.568+0000] {logging_mixin.py:190} INFO - [2026-03-30T09:59:10.567+0000] {dagbag.py:588} INFO - Filling up the DagBag from /opt/airflow/dags/system_dag.py
[2026-03-30T09:59:10.590+0000] {processor.py:925} INFO - DAG(s) 'system_dag' retrieved from /opt/airflow/dags/system_dag.py
[2026-03-30T09:59:10.626+0000] {logging_mixin.py:190} INFO - [2026-03-30T09:59:10.625+0000] {dag.py:3239} INFO - Sync 1 DAGs
[2026-03-30T09:59:10.650+0000] {logging_mixin.py:190} INFO - [2026-03-30T09:59:10.650+0000] {dag.py:4180} INFO - Setting next_dagrun for system_dag to 2026-03-29T00:00:00+00:00, run_after=2026-03-30T00:00:00+00:00
[2026-03-30T09:59:10.668+0000] {processor.py:208} INFO - Processing /opt/airflow/dags/system_dag.py took 0.110 seconds
[2026-03-30T09:59:43.936+0000] {processor.py:186} INFO - Started process (PID=967) to work on /opt/airflow/dags/system_dag.py
[2026-03-30T09:59:43.936+0000] {processor.py:914} INFO - Processing file /opt/airflow/dags/system_dag.py for tasks to queue
[2026-03-30T09:59:43.937+0000] {logging_mixin.py:190} INFO - [2026-03-30T09:59:43.937+0000] {dagbag.py:588} INFO - Filling up the DagBag from /opt/airflow/dags/system_dag.py
[2026-03-30T09:59:43.953+0000] {processor.py:925} INFO - DAG(s) 'system_dag' retrieved from /opt/airflow/dags/system_dag.py
[2026-03-30T09:59:43.985+0000] {logging_mixin.py:190} INFO - [2026-03-30T09:59:43.985+0000] {dag.py:3239} INFO - Sync 1 DAGs
[2026-03-30T09:59:44.010+0000] {logging_mixin.py:190} INFO - [2026-03-30T09:59:44.010+0000] {dag.py:4180} INFO - Setting next_dagrun for system_dag to 2026-03-29T00:00:00+00:00, run_after=2026-03-30T00:00:00+00:00
[2026-03-30T09:59:44.034+0000] {processor.py:208} INFO - Processing /opt/airflow/dags/system_dag.py took 0.104 seconds
[2026-03-30T10:00:16.253+0000] {processor.py:186} INFO - Started process (PID=971) to work on /opt/airflow/dags/system_dag.py
[2026-03-30T10:00:16.254+0000] {processor.py:914} INFO - Processing file /opt/airflow/dags/system_dag.py for tasks to queue
[2026-03-30T10:00:16.255+0000] {logging_mixin.py:190} INFO - [2026-03-30T10:00:16.255+0000] {dagbag.py:588} INFO - Filling up the DagBag from /opt/airflow/dags/system_dag.py
[2026-03-30T10:00:16.272+0000] {processor.py:925} INFO - DAG(s) 'system_dag' retrieved from /opt/airflow/dags/system_dag.py
[2026-03-30T10:00:16.315+0000] {logging_mixin.py:190} INFO - [2026-03-30T10:00:16.314+0000] {dag.py:3239} INFO - Sync 1 DAGs
[2026-03-30T10:00:16.347+0000] {logging_mixin.py:190} INFO - [2026-03-30T10:00:16.346+0000] {dag.py:4180} INFO - Setting next_dagrun for system_dag to 2026-03-29T00:00:00+00:00, run_after=2026-03-30T00:00:00+00:00
[2026-03-30T10:00:16.369+0000] {processor.py:208} INFO - Processing /opt/airflow/dags/system_dag.py took 0.121 seconds
[2026-03-30T10:00:49.621+0000] {processor.py:186} INFO - Started process (PID=975) to work on /opt/airflow/dags/system_dag.py
[2026-03-30T10:00:49.622+0000] {processor.py:914} INFO - Processing file /opt/airflow/dags/system_dag.py for tasks to queue
[2026-03-30T10:00:49.623+0000] {logging_mixin.py:190} INFO - [2026-03-30T10:00:49.623+0000] {dagbag.py:588} INFO - Filling up the DagBag from /opt/airflow/dags/system_dag.py
[2026-03-30T10:00:49.646+0000] {processor.py:925} INFO - DAG(s) 'system_dag' retrieved from /opt/airflow/dags/system_dag.py
[2026-03-30T10:00:49.685+0000] {logging_mixin.py:190} INFO - [2026-03-30T10:00:49.684+0000] {dag.py:3239} INFO - Sync 1 DAGs
[2026-03-30T10:00:49.716+0000] {logging_mixin.py:190} INFO - [2026-03-30T10:00:49.715+0000] {dag.py:4180} INFO - Setting next_dagrun for system_dag to 2026-03-29T00:00:00+00:00, run_after=2026-03-30T00:00:00+00:00
[2026-03-30T10:00:49.746+0000] {processor.py:208} INFO - Processing /opt/airflow/dags/system_dag.py took 0.130 seconds
[2026-03-30T10:01:22.109+0000] {processor.py:186} INFO - Started process (PID=979) to work on /opt/airflow/dags/system_dag.py
[2026-03-30T10:01:22.110+0000] {processor.py:914} INFO - Processing file /opt/airflow/dags/system_dag.py for tasks to queue
[2026-03-30T10:01:22.111+0000] {logging_mixin.py:190} INFO - [2026-03-30T10:01:22.110+0000] {dagbag.py:588} INFO - Filling up the DagBag from /opt/airflow/dags/system_dag.py
[2026-03-30T10:01:22.128+0000] {processor.py:925} INFO - DAG(s) 'system_dag' retrieved from /opt/airflow/dags/system_dag.py
[2026-03-30T10:01:22.164+0000] {logging_mixin.py:190} INFO - [2026-03-30T10:01:22.164+0000] {dag.py:3239} INFO - Sync 1 DAGs
[2026-03-30T10:01:22.193+0000] {logging_mixin.py:190} INFO - [2026-03-30T10:01:22.193+0000] {dag.py:4180} INFO - Setting next_dagrun for system_dag to 2026-03-29T00:00:00+00:00, run_after=2026-03-30T00:00:00+00:00
[2026-03-30T10:01:22.220+0000] {processor.py:208} INFO - Processing /opt/airflow/dags/system_dag.py took 0.116 seconds
[2026-03-30T10:01:55.517+0000] {processor.py:186} INFO - Started process (PID=983) to work on /opt/airflow/dags/system_dag.py
[2026-03-30T10:01:55.518+0000] {processor.py:914} INFO - Processing file /opt/airflow/dags/system_dag.py for tasks to queue
[2026-03-30T10:01:55.519+0000] {logging_mixin.py:190} INFO - [2026-03-30T10:01:55.519+0000] {dagbag.py:588} INFO - Filling up the DagBag from /opt/airflow/dags/system_dag.py
[2026-03-30T10:01:55.535+0000] {processor.py:925} INFO - DAG(s) 'system_dag' retrieved from /opt/airflow/dags/system_dag.py
[2026-03-30T10:01:55.569+0000] {logging_mixin.py:190} INFO - [2026-03-30T10:01:55.569+0000] {dag.py:3239} INFO - Sync 1 DAGs
[2026-03-30T10:01:55.596+0000] {logging_mixin.py:190} INFO - [2026-03-30T10:01:55.596+0000] {dag.py:4180} INFO - Setting next_dagrun for system_dag to 2026-03-29T00:00:00+00:00, run_after=2026-03-30T00:00:00+00:00
[2026-03-30T10:01:55.615+0000] {processor.py:208} INFO - Processing /opt/airflow/dags/system_dag.py took 0.103 seconds
[2026-03-30T10:02:27.959+0000] {processor.py:186} INFO - Started process (PID=987) to work on /opt/airflow/dags/system_dag.py
[2026-03-30T10:02:27.960+0000] {processor.py:914} INFO - Processing file /opt/airflow/dags/system_dag.py for tasks to queue
[2026-03-30T10:02:27.962+0000] {logging_mixin.py:190} INFO - [2026-03-30T10:02:27.961+0000] {dagbag.py:588} INFO - Filling up the DagBag from /opt/airflow/dags/system_dag.py
[2026-03-30T10:02:27.987+0000] {processor.py:925} INFO - DAG(s) 'system_dag' retrieved from /opt/airflow/dags/system_dag.py
[2026-03-30T10:02:28.027+0000] {logging_mixin.py:190} INFO - [2026-03-30T10:02:28.026+0000] {dag.py:3239} INFO - Sync 1 DAGs
[2026-03-30T10:02:28.064+0000] {logging_mixin.py:190} INFO - [2026-03-30T10:02:28.063+0000] {dag.py:4180} INFO - Setting next_dagrun for system_dag to 2026-03-29T00:00:00+00:00, run_after=2026-03-30T00:00:00+00:00
[2026-03-30T10:02:28.108+0000] {processor.py:208} INFO - Processing /opt/airflow/dags/system_dag.py took 0.155 seconds
[2026-03-30T10:03:00.336+0000] {processor.py:186} INFO - Started process (PID=991) to work on /opt/airflow/dags/system_dag.py
[2026-03-30T10:03:00.337+0000] {processor.py:914} INFO - Processing file /opt/airflow/dags/system_dag.py for tasks to queue
[2026-03-30T10:03:00.338+0000] {logging_mixin.py:190} INFO - [2026-03-30T10:03:00.338+0000] {dagbag.py:588} INFO - Filling up the DagBag from /opt/airflow/dags/system_dag.py
[2026-03-30T10:03:00.355+0000] {processor.py:925} INFO - DAG(s) 'system_dag' retrieved from /opt/airflow/dags/system_dag.py
[2026-03-30T10:03:00.387+0000] {logging_mixin.py:190} INFO - [2026-03-30T10:03:00.387+0000] {dag.py:3239} INFO - Sync 1 DAGs
[2026-03-30T10:03:00.412+0000] {logging_mixin.py:190} INFO - [2026-03-30T10:03:00.412+0000] {dag.py:4180} INFO - Setting next_dagrun for system_dag to 2026-03-29T00:00:00+00:00, run_after=2026-03-30T00:00:00+00:00
[2026-03-30T10:03:00.429+0000] {processor.py:208} INFO - Processing /opt/airflow/dags/system_dag.py took 0.099 seconds
[2026-03-30T10:03:33.720+0000] {processor.py:186} INFO - Started process (PID=995) to work on /opt/airflow/dags/system_dag.py
[2026-03-30T10:03:33.721+0000] {processor.py:914} INFO - Processing file /opt/airflow/dags/system_dag.py for tasks to queue
[2026-03-30T10:03:33.722+0000] {logging_mixin.py:190} INFO - [2026-03-30T10:03:33.722+0000] {dagbag.py:588} INFO - Filling up the DagBag from /opt/airflow/dags/system_dag.py
[2026-03-30T10:03:33.740+0000] {processor.py:925} INFO - DAG(s) 'system_dag' retrieved from /opt/airflow/dags/system_dag.py
[2026-03-30T10:03:33.773+0000] {logging_mixin.py:190} INFO - [2026-03-30T10:03:33.772+0000] {dag.py:3239} INFO - Sync 1 DAGs
[2026-03-30T10:03:33.797+0000] {logging_mixin.py:190} INFO - [2026-03-30T10:03:33.797+0000] {dag.py:4180} INFO - Setting next_dagrun for system_dag to 2026-03-29T00:00:00+00:00, run_after=2026-03-30T00:00:00+00:00
[2026-03-30T10:03:33.815+0000] {processor.py:208} INFO - Processing /opt/airflow/dags/system_dag.py took 0.101 seconds
[2026-03-30T10:04:06.116+0000] {processor.py:186} INFO - Started process (PID=999) to work on /opt/airflow/dags/system_dag.py
[2026-03-30T10:04:06.116+0000] {processor.py:914} INFO - Processing file /opt/airflow/dags/system_dag.py for tasks to queue
[2026-03-30T10:04:06.117+0000] {logging_mixin.py:190} INFO - [2026-03-30T10:04:06.117+0000] {dagbag.py:588} INFO - Filling up the DagBag from /opt/airflow/dags/system_dag.py
[2026-03-30T10:04:06.135+0000] {processor.py:925} INFO - DAG(s) 'system_dag' retrieved from /opt/airflow/dags/system_dag.py
[2026-03-30T10:04:06.170+0000] {logging_mixin.py:190} INFO - [2026-03-30T10:04:06.170+0000] {dag.py:3239} INFO - Sync 1 DAGs
[2026-03-30T10:04:06.198+0000] {logging_mixin.py:190} INFO - [2026-03-30T10:04:06.197+0000] {dag.py:4180} INFO - Setting next_dagrun for system_dag to 2026-03-29T00:00:00+00:00, run_after=2026-03-30T00:00:00+00:00
[2026-03-30T10:04:06.218+0000] {processor.py:208} INFO - Processing /opt/airflow/dags/system_dag.py took 0.108 seconds
[2026-03-30T10:04:39.441+0000] {processor.py:186} INFO - Started process (PID=1003) to work on /opt/airflow/dags/system_dag.py
[2026-03-30T10:04:39.441+0000] {processor.py:914} INFO - Processing file /opt/airflow/dags/system_dag.py for tasks to queue
[2026-03-30T10:04:39.442+0000] {logging_mixin.py:190} INFO - [2026-03-30T10:04:39.442+0000] {dagbag.py:588} INFO - Filling up the DagBag from /opt/airflow/dags/system_dag.py
[2026-03-30T10:04:39.458+0000] {processor.py:925} INFO - DAG(s) 'system_dag' retrieved from /opt/airflow/dags/system_dag.py
[2026-03-30T10:04:39.489+0000] {logging_mixin.py:190} INFO - [2026-03-30T10:04:39.489+0000] {dag.py:3239} INFO - Sync 1 DAGs
[2026-03-30T10:04:39.513+0000] {logging_mixin.py:190} INFO - [2026-03-30T10:04:39.513+0000] {dag.py:4180} INFO - Setting next_dagrun for system_dag to 2026-03-29T00:00:00+00:00, run_after=2026-03-30T00:00:00+00:00
[2026-03-30T10:04:39.533+0000] {processor.py:208} INFO - Processing /opt/airflow/dags/system_dag.py took 0.098 seconds
[2026-03-30T10:05:11.762+0000] {processor.py:186} INFO - Started process (PID=1007) to work on /opt/airflow/dags/system_dag.py
[2026-03-30T10:05:11.763+0000] {processor.py:914} INFO - Processing file /opt/airflow/dags/system_dag.py for tasks to queue
[2026-03-30T10:05:11.765+0000] {logging_mixin.py:190} INFO - [2026-03-30T10:05:11.764+0000] {dagbag.py:588} INFO - Filling up the DagBag from /opt/airflow/dags/system_dag.py
[2026-03-30T10:05:11.783+0000] {processor.py:925} INFO - DAG(s) 'system_dag' retrieved from /opt/airflow/dags/system_dag.py
[2026-03-30T10:05:11.816+0000] {logging_mixin.py:190} INFO - [2026-03-30T10:05:11.816+0000] {dag.py:3239} INFO - Sync 1 DAGs
[2026-03-30T10:05:11.843+0000] {logging_mixin.py:190} INFO - [2026-03-30T10:05:11.843+0000] {dag.py:4180} INFO - Setting next_dagrun for system_dag to 2026-03-29T00:00:00+00:00, run_after=2026-03-30T00:00:00+00:00
[2026-03-30T10:05:11.868+0000] {processor.py:208} INFO - Processing /opt/airflow/dags/system_dag.py took 0.111 seconds
[2026-03-30T10:05:45.184+0000] {processor.py:186} INFO - Started process (PID=1011) to work on /opt/airflow/dags/system_dag.py
[2026-03-30T10:05:45.185+0000] {processor.py:914} INFO - Processing file /opt/airflow/dags/system_dag.py for tasks to queue
[2026-03-30T10:05:45.186+0000] {logging_mixin.py:190} INFO - [2026-03-30T10:05:45.186+0000] {dagbag.py:588} INFO - Filling up the DagBag from /opt/airflow/dags/system_dag.py
[2026-03-30T10:05:45.204+0000] {processor.py:925} INFO - DAG(s) 'system_dag' retrieved from /opt/airflow/dags/system_dag.py
[2026-03-30T10:05:45.241+0000] {logging_mixin.py:190} INFO - [2026-03-30T10:05:45.241+0000] {dag.py:3239} INFO - Sync 1 DAGs
[2026-03-30T10:05:45.271+0000] {logging_mixin.py:190} INFO - [2026-03-30T10:05:45.271+0000] {dag.py:4180} INFO - Setting next_dagrun for system_dag to 2026-03-29T00:00:00+00:00, run_after=2026-03-30T00:00:00+00:00
[2026-03-30T10:05:45.294+0000] {processor.py:208} INFO - Processing /opt/airflow/dags/system_dag.py took 0.116 seconds
[2026-03-30T10:06:17.593+0000] {processor.py:186} INFO - Started process (PID=1015) to work on /opt/airflow/dags/system_dag.py
[2026-03-30T10:06:17.593+0000] {processor.py:914} INFO - Processing file /opt/airflow/dags/system_dag.py for tasks to queue
[2026-03-30T10:06:17.595+0000] {logging_mixin.py:190} INFO - [2026-03-30T10:06:17.595+0000] {dagbag.py:588} INFO - Filling up the DagBag from /opt/airflow/dags/system_dag.py
[2026-03-30T10:06:17.611+0000] {processor.py:925} INFO - DAG(s) 'system_dag' retrieved from /opt/airflow/dags/system_dag.py
[2026-03-30T10:06:17.644+0000] {logging_mixin.py:190} INFO - [2026-03-30T10:06:17.644+0000] {dag.py:3239} INFO - Sync 1 DAGs
[2026-03-30T10:06:17.671+0000] {logging_mixin.py:190} INFO - [2026-03-30T10:06:17.670+0000] {dag.py:4180} INFO - Setting next_dagrun for system_dag to 2026-03-29T00:00:00+00:00, run_after=2026-03-30T00:00:00+00:00
[2026-03-30T10:06:17.696+0000] {processor.py:208} INFO - Processing /opt/airflow/dags/system_dag.py took 0.108 seconds
[2026-03-30T10:06:50.999+0000] {processor.py:186} INFO - Started process (PID=1019) to work on /opt/airflow/dags/system_dag.py
[2026-03-30T10:06:51.000+0000] {processor.py:914} INFO - Processing file /opt/airflow/dags/system_dag.py for tasks to queue
[2026-03-30T10:06:51.001+0000] {logging_mixin.py:190} INFO - [2026-03-30T10:06:51.001+0000] {dagbag.py:588} INFO - Filling up the DagBag from /opt/airflow/dags/system_dag.py
[2026-03-30T10:06:51.020+0000] {processor.py:925} INFO - DAG(s) 'system_dag' retrieved from /opt/airflow/dags/system_dag.py
[2026-03-30T10:06:51.056+0000] {logging_mixin.py:190} INFO - [2026-03-30T10:06:51.055+0000] {dag.py:3239} INFO - Sync 1 DAGs
[2026-03-30T10:06:51.082+0000] {logging_mixin.py:190} INFO - [2026-03-30T10:06:51.082+0000] {dag.py:4180} INFO - Setting next_dagrun for system_dag to 2026-03-29T00:00:00+00:00, run_after=2026-03-30T00:00:00+00:00
[2026-03-30T10:06:51.104+0000] {processor.py:208} INFO - Processing /opt/airflow/dags/system_dag.py took 0.112 seconds
[2026-03-30T10:07:23.342+0000] {processor.py:186} INFO - Started process (PID=1023) to work on /opt/airflow/dags/system_dag.py
[2026-03-30T10:07:23.343+0000] {processor.py:914} INFO - Processing file /opt/airflow/dags/system_dag.py for tasks to queue
[2026-03-30T10:07:23.344+0000] {logging_mixin.py:190} INFO - [2026-03-30T10:07:23.344+0000] {dagbag.py:588} INFO - Filling up the DagBag from /opt/airflow/dags/system_dag.py
[2026-03-30T10:07:23.359+0000] {processor.py:925} INFO - DAG(s) 'system_dag' retrieved from /opt/airflow/dags/system_dag.py
[2026-03-30T10:07:23.392+0000] {logging_mixin.py:190} INFO - [2026-03-30T10:07:23.392+0000] {dag.py:3239} INFO - Sync 1 DAGs
[2026-03-30T10:07:23.418+0000] {logging_mixin.py:190} INFO - [2026-03-30T10:07:23.418+0000] {dag.py:4180} INFO - Setting next_dagrun for system_dag to 2026-03-29T00:00:00+00:00, run_after=2026-03-30T00:00:00+00:00
[2026-03-30T10:07:23.441+0000] {processor.py:208} INFO - Processing /opt/airflow/dags/system_dag.py took 0.104 seconds
[2026-03-30T10:07:56.750+0000] {processor.py:186} INFO - Started process (PID=1027) to work on /opt/airflow/dags/system_dag.py
[2026-03-30T10:07:56.751+0000] {processor.py:914} INFO - Processing file /opt/airflow/dags/system_dag.py for tasks to queue
[2026-03-30T10:07:56.752+0000] {logging_mixin.py:190} INFO - [2026-03-30T10:07:56.752+0000] {dagbag.py:588} INFO - Filling up the DagBag from /opt/airflow/dags/system_dag.py
[2026-03-30T10:07:56.767+0000] {processor.py:925} INFO - DAG(s) 'system_dag' retrieved from /opt/airflow/dags/system_dag.py
[2026-03-30T10:07:56.800+0000] {logging_mixin.py:190} INFO - [2026-03-30T10:07:56.799+0000] {dag.py:3239} INFO - Sync 1 DAGs
[2026-03-30T10:07:56.828+0000] {logging_mixin.py:190} INFO - [2026-03-30T10:07:56.828+0000] {dag.py:4180} INFO - Setting next_dagrun for system_dag to 2026-03-29T00:00:00+00:00, run_after=2026-03-30T00:00:00+00:00
[2026-03-30T10:07:56.849+0000] {processor.py:208} INFO - Processing /opt/airflow/dags/system_dag.py took 0.103 seconds
[2026-03-30T10:08:29.161+0000] {processor.py:186} INFO - Started process (PID=1031) to work on /opt/airflow/dags/system_dag.py
[2026-03-30T10:08:29.161+0000] {processor.py:914} INFO - Processing file /opt/airflow/dags/system_dag.py for tasks to queue
[2026-03-30T10:08:29.163+0000] {logging_mixin.py:190} INFO - [2026-03-30T10:08:29.163+0000] {dagbag.py:588} INFO - Filling up the DagBag from /opt/airflow/dags/system_dag.py
[2026-03-30T10:08:29.179+0000] {processor.py:925} INFO - DAG(s) 'system_dag' retrieved from /opt/airflow/dags/system_dag.py
[2026-03-30T10:08:29.211+0000] {logging_mixin.py:190} INFO - [2026-03-30T10:08:29.210+0000] {dag.py:3239} INFO - Sync 1 DAGs
[2026-03-30T10:08:29.239+0000] {logging_mixin.py:190} INFO - [2026-03-30T10:08:29.239+0000] {dag.py:4180} INFO - Setting next_dagrun for system_dag to 2026-03-29T00:00:00+00:00, run_after=2026-03-30T00:00:00+00:00
[2026-03-30T10:08:29.259+0000] {processor.py:208} INFO - Processing /opt/airflow/dags/system_dag.py took 0.103 seconds
[2026-03-30T10:09:02.514+0000] {processor.py:186} INFO - Started process (PID=1035) to work on /opt/airflow/dags/system_dag.py
[2026-03-30T10:09:02.515+0000] {processor.py:914} INFO - Processing file /opt/airflow/dags/system_dag.py for tasks to queue
[2026-03-30T10:09:02.516+0000] {logging_mixin.py:190} INFO - [2026-03-30T10:09:02.516+0000] {dagbag.py:588} INFO - Filling up the DagBag from /opt/airflow/dags/system_dag.py
[2026-03-30T10:09:02.531+0000] {processor.py:925} INFO - DAG(s) 'system_dag' retrieved from /opt/airflow/dags/system_dag.py
[2026-03-30T10:09:02.562+0000] {logging_mixin.py:190} INFO - [2026-03-30T10:09:02.562+0000] {dag.py:3239} INFO - Sync 1 DAGs
[2026-03-30T10:09:02.587+0000] {logging_mixin.py:190} INFO - [2026-03-30T10:09:02.587+0000] {dag.py:4180} INFO - Setting next_dagrun for system_dag to 2026-03-29T00:00:00+00:00, run_after=2026-03-30T00:00:00+00:00
[2026-03-30T10:09:02.605+0000] {processor.py:208} INFO - Processing /opt/airflow/dags/system_dag.py took 0.096 seconds
[2026-03-30T10:09:34.869+0000] {processor.py:186} INFO - Started process (PID=1039) to work on /opt/airflow/dags/system_dag.py
[2026-03-30T10:09:34.869+0000] {processor.py:914} INFO - Processing file /opt/airflow/dags/system_dag.py for tasks to queue
[2026-03-30T10:09:34.870+0000] {logging_mixin.py:190} INFO - [2026-03-30T10:09:34.870+0000] {dagbag.py:588} INFO - Filling up the DagBag from /opt/airflow/dags/system_dag.py
[2026-03-30T10:09:34.886+0000] {processor.py:925} INFO - DAG(s) 'system_dag' retrieved from /opt/airflow/dags/system_dag.py
[2026-03-30T10:09:34.918+0000] {logging_mixin.py:190} INFO - [2026-03-30T10:09:34.918+0000] {dag.py:3239} INFO - Sync 1 DAGs
[2026-03-30T10:09:34.942+0000] {logging_mixin.py:190} INFO - [2026-03-30T10:09:34.942+0000] {dag.py:4180} INFO - Setting next_dagrun for system_dag to 2026-03-29T00:00:00+00:00, run_after=2026-03-30T00:00:00+00:00
[2026-03-30T10:09:34.962+0000] {processor.py:208} INFO - Processing /opt/airflow/dags/system_dag.py took 0.098 seconds
[2026-03-30T10:10:08.303+0000] {processor.py:186} INFO - Started process (PID=1043) to work on /opt/airflow/dags/system_dag.py
[2026-03-30T10:10:08.304+0000] {processor.py:914} INFO - Processing file /opt/airflow/dags/system_dag.py for tasks to queue
[2026-03-30T10:10:08.305+0000] {logging_mixin.py:190} INFO - [2026-03-30T10:10:08.305+0000] {dagbag.py:588} INFO - Filling up the DagBag from /opt/airflow/dags/system_dag.py
[2026-03-30T10:10:08.323+0000] {processor.py:925} INFO - DAG(s) 'system_dag' retrieved from /opt/airflow/dags/system_dag.py
[2026-03-30T10:10:08.357+0000] {logging_mixin.py:190} INFO - [2026-03-30T10:10:08.357+0000] {dag.py:3239} INFO - Sync 1 DAGs
[2026-03-30T10:10:08.385+0000] {logging_mixin.py:190} INFO - [2026-03-30T10:10:08.385+0000] {dag.py:4180} INFO - Setting next_dagrun for system_dag to 2026-03-29T00:00:00+00:00, run_after=2026-03-30T00:00:00+00:00
[2026-03-30T10:10:08.417+0000] {processor.py:208} INFO - Processing /opt/airflow/dags/system_dag.py took 0.119 seconds
[2026-03-30T10:10:40.718+0000] {processor.py:186} INFO - Started process (PID=1047) to work on /opt/airflow/dags/system_dag.py
[2026-03-30T10:10:40.718+0000] {processor.py:914} INFO - Processing file /opt/airflow/dags/system_dag.py for tasks to queue
[2026-03-30T10:10:40.720+0000] {logging_mixin.py:190} INFO - [2026-03-30T10:10:40.720+0000] {dagbag.py:588} INFO - Filling up the DagBag from /opt/airflow/dags/system_dag.py
[2026-03-30T10:10:40.736+0000] {processor.py:925} INFO - DAG(s) 'system_dag' retrieved from /opt/airflow/dags/system_dag.py
[2026-03-30T10:10:40.772+0000] {logging_mixin.py:190} INFO - [2026-03-30T10:10:40.772+0000] {dag.py:3239} INFO - Sync 1 DAGs
[2026-03-30T10:10:40.803+0000] {logging_mixin.py:190} INFO - [2026-03-30T10:10:40.803+0000] {dag.py:4180} INFO - Setting next_dagrun for system_dag to 2026-03-29T00:00:00+00:00, run_after=2026-03-30T00:00:00+00:00
[2026-03-30T10:10:40.831+0000] {processor.py:208} INFO - Processing /opt/airflow/dags/system_dag.py took 0.119 seconds
[2026-03-30T10:11:14.119+0000] {processor.py:186} INFO - Started process (PID=1051) to work on /opt/airflow/dags/system_dag.py
[2026-03-30T10:11:14.120+0000] {processor.py:914} INFO - Processing file /opt/airflow/dags/system_dag.py for tasks to queue
[2026-03-30T10:11:14.121+0000] {logging_mixin.py:190} INFO - [2026-03-30T10:11:14.121+0000] {dagbag.py:588} INFO - Filling up the DagBag from /opt/airflow/dags/system_dag.py
[2026-03-30T10:11:14.137+0000] {processor.py:925} INFO - DAG(s) 'system_dag' retrieved from /opt/airflow/dags/system_dag.py
[2026-03-30T10:11:14.173+0000] {logging_mixin.py:190} INFO - [2026-03-30T10:11:14.172+0000] {dag.py:3239} INFO - Sync 1 DAGs
[2026-03-30T10:11:14.198+0000] {logging_mixin.py:190} INFO - [2026-03-30T10:11:14.197+0000] {dag.py:4180} INFO - Setting next_dagrun for system_dag to 2026-03-29T00:00:00+00:00, run_after=2026-03-30T00:00:00+00:00
[2026-03-30T10:11:14.215+0000] {processor.py:208} INFO - Processing /opt/airflow/dags/system_dag.py took 0.101 seconds
[2026-03-30T10:11:46.447+0000] {processor.py:186} INFO - Started process (PID=1055) to work on /opt/airflow/dags/system_dag.py
[2026-03-30T10:11:46.448+0000] {processor.py:914} INFO - Processing file /opt/airflow/dags/system_dag.py for tasks to queue
[2026-03-30T10:11:46.449+0000] {logging_mixin.py:190} INFO - [2026-03-30T10:11:46.449+0000] {dagbag.py:588} INFO - Filling up the DagBag from /opt/airflow/dags/system_dag.py
[2026-03-30T10:11:46.467+0000] {processor.py:925} INFO - DAG(s) 'system_dag' retrieved from /opt/airflow/dags/system_dag.py
[2026-03-30T10:11:46.498+0000] {logging_mixin.py:190} INFO - [2026-03-30T10:11:46.498+0000] {dag.py:3239} INFO - Sync 1 DAGs
[2026-03-30T10:11:46.522+0000] {logging_mixin.py:190} INFO - [2026-03-30T10:11:46.522+0000] {dag.py:4180} INFO - Setting next_dagrun for system_dag to 2026-03-29T00:00:00+00:00, run_after=2026-03-30T00:00:00+00:00
[2026-03-30T10:11:46.545+0000] {processor.py:208} INFO - Processing /opt/airflow/dags/system_dag.py took 0.104 seconds
[2026-03-30T10:12:19.849+0000] {processor.py:186} INFO - Started process (PID=1059) to work on /opt/airflow/dags/system_dag.py
[2026-03-30T10:12:19.850+0000] {processor.py:914} INFO - Processing file /opt/airflow/dags/system_dag.py for tasks to queue
[2026-03-30T10:12:19.851+0000] {logging_mixin.py:190} INFO - [2026-03-30T10:12:19.851+0000] {dagbag.py:588} INFO - Filling up the DagBag from /opt/airflow/dags/system_dag.py
[2026-03-30T10:12:19.868+0000] {processor.py:925} INFO - DAG(s) 'system_dag' retrieved from /opt/airflow/dags/system_dag.py
[2026-03-30T10:12:19.902+0000] {logging_mixin.py:190} INFO - [2026-03-30T10:12:19.902+0000] {dag.py:3239} INFO - Sync 1 DAGs
[2026-03-30T10:12:19.930+0000] {logging_mixin.py:190} INFO - [2026-03-30T10:12:19.930+0000] {dag.py:4180} INFO - Setting next_dagrun for system_dag to 2026-03-29T00:00:00+00:00, run_after=2026-03-30T00:00:00+00:00
[2026-03-30T10:12:19.951+0000] {processor.py:208} INFO - Processing /opt/airflow/dags/system_dag.py took 0.108 seconds
[2026-03-30T10:12:52.259+0000] {processor.py:186} INFO - Started process (PID=1063) to work on /opt/airflow/dags/system_dag.py
[2026-03-30T10:12:52.260+0000] {processor.py:914} INFO - Processing file /opt/airflow/dags/system_dag.py for tasks to queue
[2026-03-30T10:12:52.261+0000] {logging_mixin.py:190} INFO - [2026-03-30T10:12:52.261+0000] {dagbag.py:588} INFO - Filling up the DagBag from /opt/airflow/dags/system_dag.py
[2026-03-30T10:12:52.278+0000] {processor.py:925} INFO - DAG(s) 'system_dag' retrieved from /opt/airflow/dags/system_dag.py
[2026-03-30T10:12:52.309+0000] {logging_mixin.py:190} INFO - [2026-03-30T10:12:52.309+0000] {dag.py:3239} INFO - Sync 1 DAGs
[2026-03-30T10:12:52.334+0000] {logging_mixin.py:190} INFO - [2026-03-30T10:12:52.334+0000] {dag.py:4180} INFO - Setting next_dagrun for system_dag to 2026-03-29T00:00:00+00:00, run_after=2026-03-30T00:00:00+00:00
[2026-03-30T10:12:52.351+0000] {processor.py:208} INFO - Processing /opt/airflow/dags/system_dag.py took 0.097 seconds
[2026-03-30T10:13:25.614+0000] {processor.py:186} INFO - Started process (PID=1067) to work on /opt/airflow/dags/system_dag.py
[2026-03-30T10:13:25.615+0000] {processor.py:914} INFO - Processing file /opt/airflow/dags/system_dag.py for tasks to queue
[2026-03-30T10:13:25.616+0000] {logging_mixin.py:190} INFO - [2026-03-30T10:13:25.615+0000] {dagbag.py:588} INFO - Filling up the DagBag from /opt/airflow/dags/system_dag.py
[2026-03-30T10:13:25.632+0000] {processor.py:925} INFO - DAG(s) 'system_dag' retrieved from /opt/airflow/dags/system_dag.py
[2026-03-30T10:13:25.666+0000] {logging_mixin.py:190} INFO - [2026-03-30T10:13:25.665+0000] {dag.py:3239} INFO - Sync 1 DAGs
[2026-03-30T10:13:25.690+0000] {logging_mixin.py:190} INFO - [2026-03-30T10:13:25.690+0000] {dag.py:4180} INFO - Setting next_dagrun for system_dag to 2026-03-29T00:00:00+00:00, run_after=2026-03-30T00:00:00+00:00
[2026-03-30T10:13:25.713+0000] {processor.py:208} INFO - Processing /opt/airflow/dags/system_dag.py took 0.104 seconds
[2026-03-30T10:13:57.936+0000] {processor.py:186} INFO - Started process (PID=1071) to work on /opt/airflow/dags/system_dag.py
[2026-03-30T10:13:57.936+0000] {processor.py:914} INFO - Processing file /opt/airflow/dags/system_dag.py for tasks to queue
[2026-03-30T10:13:57.937+0000] {logging_mixin.py:190} INFO - [2026-03-30T10:13:57.937+0000] {dagbag.py:588} INFO - Filling up the DagBag from /opt/airflow/dags/system_dag.py
[2026-03-30T10:13:57.952+0000] {processor.py:925} INFO - DAG(s) 'system_dag' retrieved from /opt/airflow/dags/system_dag.py
[2026-03-30T10:13:57.984+0000] {logging_mixin.py:190} INFO - [2026-03-30T10:13:57.983+0000] {dag.py:3239} INFO - Sync 1 DAGs
[2026-03-30T10:13:58.008+0000] {logging_mixin.py:190} INFO - [2026-03-30T10:13:58.007+0000] {dag.py:4180} INFO - Setting next_dagrun for system_dag to 2026-03-29T00:00:00+00:00, run_after=2026-03-30T00:00:00+00:00
[2026-03-30T10:13:58.026+0000] {processor.py:208} INFO - Processing /opt/airflow/dags/system_dag.py took 0.096 seconds
[2026-03-30T10:14:30.562+0000] {processor.py:186} INFO - Started process (PID=1075) to work on /opt/airflow/dags/system_dag.py
[2026-03-30T10:14:30.563+0000] {processor.py:914} INFO - Processing file /opt/airflow/dags/system_dag.py for tasks to queue
[2026-03-30T10:14:30.565+0000] {logging_mixin.py:190} INFO - [2026-03-30T10:14:30.565+0000] {dagbag.py:588} INFO - Filling up the DagBag from /opt/airflow/dags/system_dag.py
[2026-03-30T10:14:30.580+0000] {processor.py:925} INFO - DAG(s) 'system_dag' retrieved from /opt/airflow/dags/system_dag.py
[2026-03-30T10:14:30.612+0000] {logging_mixin.py:190} INFO - [2026-03-30T10:14:30.612+0000] {dag.py:3239} INFO - Sync 1 DAGs
[2026-03-30T10:14:30.636+0000] {logging_mixin.py:190} INFO - [2026-03-30T10:14:30.636+0000] {dag.py:4180} INFO - Setting next_dagrun for system_dag to 2026-03-29T00:00:00+00:00, run_after=2026-03-30T00:00:00+00:00
[2026-03-30T10:14:30.655+0000] {processor.py:208} INFO - Processing /opt/airflow/dags/system_dag.py took 0.097 seconds
[2026-03-30T10:15:03.992+0000] {processor.py:186} INFO - Started process (PID=1079) to work on /opt/airflow/dags/system_dag.py
[2026-03-30T10:15:03.992+0000] {processor.py:914} INFO - Processing file /opt/airflow/dags/system_dag.py for tasks to queue
[2026-03-30T10:15:03.993+0000] {logging_mixin.py:190} INFO - [2026-03-30T10:15:03.993+0000] {dagbag.py:588} INFO - Filling up the DagBag from /opt/airflow/dags/system_dag.py
[2026-03-30T10:15:04.009+0000] {processor.py:925} INFO - DAG(s) 'system_dag' retrieved from /opt/airflow/dags/system_dag.py
[2026-03-30T10:15:04.040+0000] {logging_mixin.py:190} INFO - [2026-03-30T10:15:04.040+0000] {dag.py:3239} INFO - Sync 1 DAGs
[2026-03-30T10:15:04.064+0000] {logging_mixin.py:190} INFO - [2026-03-30T10:15:04.064+0000] {dag.py:4180} INFO - Setting next_dagrun for system_dag to 2026-03-29T00:00:00+00:00, run_after=2026-03-30T00:00:00+00:00
[2026-03-30T10:15:04.081+0000] {processor.py:208} INFO - Processing /opt/airflow/dags/system_dag.py took 0.095 seconds
[2026-03-30T10:15:36.328+0000] {processor.py:186} INFO - Started process (PID=1083) to work on /opt/airflow/dags/system_dag.py
[2026-03-30T10:15:36.329+0000] {processor.py:914} INFO - Processing file /opt/airflow/dags/system_dag.py for tasks to queue
[2026-03-30T10:15:36.330+0000] {logging_mixin.py:190} INFO - [2026-03-30T10:15:36.330+0000] {dagbag.py:588} INFO - Filling up the DagBag from /opt/airflow/dags/system_dag.py
[2026-03-30T10:15:36.353+0000] {processor.py:925} INFO - DAG(s) 'system_dag' retrieved from /opt/airflow/dags/system_dag.py
[2026-03-30T10:15:36.387+0000] {logging_mixin.py:190} INFO - [2026-03-30T10:15:36.387+0000] {dag.py:3239} INFO - Sync 1 DAGs
[2026-03-30T10:15:36.415+0000] {logging_mixin.py:190} INFO - [2026-03-30T10:15:36.415+0000] {dag.py:4180} INFO - Setting next_dagrun for system_dag to 2026-03-29T00:00:00+00:00, run_after=2026-03-30T00:00:00+00:00
[2026-03-30T10:15:36.440+0000] {processor.py:208} INFO - Processing /opt/airflow/dags/system_dag.py took 0.117 seconds
[2026-03-30T10:16:09.513+0000] {processor.py:186} INFO - Started process (PID=1087) to work on /opt/airflow/dags/system_dag.py
[2026-03-30T10:16:09.514+0000] {processor.py:914} INFO - Processing file /opt/airflow/dags/system_dag.py for tasks to queue
[2026-03-30T10:16:09.516+0000] {logging_mixin.py:190} INFO - [2026-03-30T10:16:09.516+0000] {dagbag.py:588} INFO - Filling up the DagBag from /opt/airflow/dags/system_dag.py
[2026-03-30T10:16:09.536+0000] {processor.py:925} INFO - DAG(s) 'system_dag' retrieved from /opt/airflow/dags/system_dag.py
[2026-03-30T10:16:09.576+0000] {logging_mixin.py:190} INFO - [2026-03-30T10:16:09.576+0000] {dag.py:3239} INFO - Sync 1 DAGs
[2026-03-30T10:16:09.604+0000] {logging_mixin.py:190} INFO - [2026-03-30T10:16:09.604+0000] {dag.py:4180} INFO - Setting next_dagrun for system_dag to 2026-03-29T00:00:00+00:00, run_after=2026-03-30T00:00:00+00:00
[2026-03-30T10:16:09.632+0000] {processor.py:208} INFO - Processing /opt/airflow/dags/system_dag.py took 0.126 seconds
[2026-03-30T10:16:40.120+0000] {processor.py:186} INFO - Started process (PID=1091) to work on /opt/airflow/dags/system_dag.py
[2026-03-30T10:16:40.121+0000] {processor.py:914} INFO - Processing file /opt/airflow/dags/system_dag.py for tasks to queue
[2026-03-30T10:16:40.122+0000] {logging_mixin.py:190} INFO - [2026-03-30T10:16:40.122+0000] {dagbag.py:588} INFO - Filling up the DagBag from /opt/airflow/dags/system_dag.py
[2026-03-30T10:16:40.141+0000] {processor.py:925} INFO - DAG(s) 'system_dag' retrieved from /opt/airflow/dags/system_dag.py
[2026-03-30T10:16:40.178+0000] {logging_mixin.py:190} INFO - [2026-03-30T10:16:40.177+0000] {dag.py:3239} INFO - Sync 1 DAGs
[2026-03-30T10:16:40.204+0000] {logging_mixin.py:190} INFO - [2026-03-30T10:16:40.204+0000] {dag.py:4180} INFO - Setting next_dagrun for system_dag to 2026-03-29T00:00:00+00:00, run_after=2026-03-30T00:00:00+00:00
[2026-03-30T10:16:40.240+0000] {processor.py:208} INFO - Processing /opt/airflow/dags/system_dag.py took 0.126 seconds
[2026-03-30T10:17:10.312+0000] {processor.py:186} INFO - Started process (PID=1095) to work on /opt/airflow/dags/system_dag.py
[2026-03-30T10:17:10.312+0000] {processor.py:914} INFO - Processing file /opt/airflow/dags/system_dag.py for tasks to queue
[2026-03-30T10:17:10.313+0000] {logging_mixin.py:190} INFO - [2026-03-30T10:17:10.313+0000] {dagbag.py:588} INFO - Filling up the DagBag from /opt/airflow/dags/system_dag.py
[2026-03-30T10:17:10.330+0000] {processor.py:925} INFO - DAG(s) 'system_dag' retrieved from /opt/airflow/dags/system_dag.py
[2026-03-30T10:17:10.368+0000] {logging_mixin.py:190} INFO - [2026-03-30T10:17:10.368+0000] {dag.py:3239} INFO - Sync 1 DAGs
[2026-03-30T10:17:10.398+0000] {logging_mixin.py:190} INFO - [2026-03-30T10:17:10.397+0000] {dag.py:4180} INFO - Setting next_dagrun for system_dag to 2026-03-29T00:00:00+00:00, run_after=2026-03-30T00:00:00+00:00
[2026-03-30T10:17:10.424+0000] {processor.py:208} INFO - Processing /opt/airflow/dags/system_dag.py took 0.117 seconds
[2026-03-30T10:17:40.575+0000] {processor.py:186} INFO - Started process (PID=1099) to work on /opt/airflow/dags/system_dag.py
[2026-03-30T10:17:40.576+0000] {processor.py:914} INFO - Processing file /opt/airflow/dags/system_dag.py for tasks to queue
[2026-03-30T10:17:40.579+0000] {logging_mixin.py:190} INFO - [2026-03-30T10:17:40.579+0000] {dagbag.py:588} INFO - Filling up the DagBag from /opt/airflow/dags/system_dag.py
[2026-03-30T10:17:40.614+0000] {processor.py:925} INFO - DAG(s) 'system_dag' retrieved from /opt/airflow/dags/system_dag.py
[2026-03-30T10:17:40.662+0000] {logging_mixin.py:190} INFO - [2026-03-30T10:17:40.662+0000] {dag.py:3239} INFO - Sync 1 DAGs
[2026-03-30T10:17:40.689+0000] {logging_mixin.py:190} INFO - [2026-03-30T10:17:40.689+0000] {dag.py:4180} INFO - Setting next_dagrun for system_dag to 2026-03-29T00:00:00+00:00, run_after=2026-03-30T00:00:00+00:00
[2026-03-30T10:17:40.717+0000] {processor.py:208} INFO - Processing /opt/airflow/dags/system_dag.py took 0.150 seconds
[2026-03-30T10:18:10.904+0000] {processor.py:186} INFO - Started process (PID=1103) to work on /opt/airflow/dags/system_dag.py
[2026-03-30T10:18:10.905+0000] {processor.py:914} INFO - Processing file /opt/airflow/dags/system_dag.py for tasks to queue
[2026-03-30T10:18:10.906+0000] {logging_mixin.py:190} INFO - [2026-03-30T10:18:10.906+0000] {dagbag.py:588} INFO - Filling up the DagBag from /opt/airflow/dags/system_dag.py
[2026-03-30T10:18:10.925+0000] {processor.py:925} INFO - DAG(s) 'system_dag' retrieved from /opt/airflow/dags/system_dag.py
[2026-03-30T10:18:10.965+0000] {logging_mixin.py:190} INFO - [2026-03-30T10:18:10.964+0000] {dag.py:3239} INFO - Sync 1 DAGs
[2026-03-30T10:18:10.995+0000] {logging_mixin.py:190} INFO - [2026-03-30T10:18:10.995+0000] {dag.py:4180} INFO - Setting next_dagrun for system_dag to 2026-03-29T00:00:00+00:00, run_after=2026-03-30T00:00:00+00:00
[2026-03-30T10:18:11.027+0000] {processor.py:208} INFO - Processing /opt/airflow/dags/system_dag.py took 0.128 seconds
[2026-03-30T10:18:41.180+0000] {processor.py:186} INFO - Started process (PID=1107) to work on /opt/airflow/dags/system_dag.py
[2026-03-30T10:18:41.181+0000] {processor.py:914} INFO - Processing file /opt/airflow/dags/system_dag.py for tasks to queue
[2026-03-30T10:18:41.182+0000] {logging_mixin.py:190} INFO - [2026-03-30T10:18:41.182+0000] {dagbag.py:588} INFO - Filling up the DagBag from /opt/airflow/dags/system_dag.py
[2026-03-30T10:18:41.201+0000] {processor.py:925} INFO - DAG(s) 'system_dag' retrieved from /opt/airflow/dags/system_dag.py
[2026-03-30T10:18:41.236+0000] {logging_mixin.py:190} INFO - [2026-03-30T10:18:41.236+0000] {dag.py:3239} INFO - Sync 1 DAGs
[2026-03-30T10:18:41.265+0000] {logging_mixin.py:190} INFO - [2026-03-30T10:18:41.265+0000] {dag.py:4180} INFO - Setting next_dagrun for system_dag to 2026-03-29T00:00:00+00:00, run_after=2026-03-30T00:00:00+00:00
[2026-03-30T10:18:41.292+0000] {processor.py:208} INFO - Processing /opt/airflow/dags/system_dag.py took 0.118 seconds
[2026-03-30T10:19:11.495+0000] {processor.py:186} INFO - Started process (PID=1111) to work on /opt/airflow/dags/system_dag.py
[2026-03-30T10:19:11.496+0000] {processor.py:914} INFO - Processing file /opt/airflow/dags/system_dag.py for tasks to queue
[2026-03-30T10:19:11.497+0000] {logging_mixin.py:190} INFO - [2026-03-30T10:19:11.497+0000] {dagbag.py:588} INFO - Filling up the DagBag from /opt/airflow/dags/system_dag.py
[2026-03-30T10:19:11.515+0000] {processor.py:925} INFO - DAG(s) 'system_dag' retrieved from /opt/airflow/dags/system_dag.py
[2026-03-30T10:19:11.549+0000] {logging_mixin.py:190} INFO - [2026-03-30T10:19:11.549+0000] {dag.py:3239} INFO - Sync 1 DAGs
[2026-03-30T10:19:11.575+0000] {logging_mixin.py:190} INFO - [2026-03-30T10:19:11.574+0000] {dag.py:4180} INFO - Setting next_dagrun for system_dag to 2026-03-29T00:00:00+00:00, run_after=2026-03-30T00:00:00+00:00
[2026-03-30T10:19:11.605+0000] {processor.py:208} INFO - Processing /opt/airflow/dags/system_dag.py took 0.115 seconds
[2026-03-30T10:19:41.865+0000] {processor.py:186} INFO - Started process (PID=1115) to work on /opt/airflow/dags/system_dag.py
[2026-03-30T10:19:41.866+0000] {processor.py:914} INFO - Processing file /opt/airflow/dags/system_dag.py for tasks to queue
[2026-03-30T10:19:41.868+0000] {logging_mixin.py:190} INFO - [2026-03-30T10:19:41.867+0000] {dagbag.py:588} INFO - Filling up the DagBag from /opt/airflow/dags/system_dag.py
[2026-03-30T10:19:41.890+0000] {processor.py:925} INFO - DAG(s) 'system_dag' retrieved from /opt/airflow/dags/system_dag.py
[2026-03-30T10:19:41.952+0000] {logging_mixin.py:190} INFO - [2026-03-30T10:19:41.951+0000] {dag.py:3239} INFO - Sync 1 DAGs
[2026-03-30T10:19:42.028+0000] {logging_mixin.py:190} INFO - [2026-03-30T10:19:42.027+0000] {dag.py:4180} INFO - Setting next_dagrun for system_dag to 2026-03-29T00:00:00+00:00, run_after=2026-03-30T00:00:00+00:00
[2026-03-30T10:19:42.081+0000] {processor.py:208} INFO - Processing /opt/airflow/dags/system_dag.py took 0.222 seconds
[2026-03-30T10:20:12.263+0000] {processor.py:186} INFO - Started process (PID=1119) to work on /opt/airflow/dags/system_dag.py
[2026-03-30T10:20:12.264+0000] {processor.py:914} INFO - Processing file /opt/airflow/dags/system_dag.py for tasks to queue
[2026-03-30T10:20:12.265+0000] {logging_mixin.py:190} INFO - [2026-03-30T10:20:12.265+0000] {dagbag.py:588} INFO - Filling up the DagBag from /opt/airflow/dags/system_dag.py
[2026-03-30T10:20:12.287+0000] {processor.py:925} INFO - DAG(s) 'system_dag' retrieved from /opt/airflow/dags/system_dag.py
[2026-03-30T10:20:12.325+0000] {logging_mixin.py:190} INFO - [2026-03-30T10:20:12.325+0000] {dag.py:3239} INFO - Sync 1 DAGs
[2026-03-30T10:20:12.356+0000] {logging_mixin.py:190} INFO - [2026-03-30T10:20:12.356+0000] {dag.py:4180} INFO - Setting next_dagrun for system_dag to 2026-03-29T00:00:00+00:00, run_after=2026-03-30T00:00:00+00:00
[2026-03-30T10:20:12.386+0000] {processor.py:208} INFO - Processing /opt/airflow/dags/system_dag.py took 0.128 seconds
[2026-03-30T10:20:42.521+0000] {processor.py:186} INFO - Started process (PID=1123) to work on /opt/airflow/dags/system_dag.py
[2026-03-30T10:20:42.522+0000] {processor.py:914} INFO - Processing file /opt/airflow/dags/system_dag.py for tasks to queue
[2026-03-30T10:20:42.523+0000] {logging_mixin.py:190} INFO - [2026-03-30T10:20:42.523+0000] {dagbag.py:588} INFO - Filling up the DagBag from /opt/airflow/dags/system_dag.py
[2026-03-30T10:20:42.542+0000] {processor.py:925} INFO - DAG(s) 'system_dag' retrieved from /opt/airflow/dags/system_dag.py
[2026-03-30T10:20:42.577+0000] {logging_mixin.py:190} INFO - [2026-03-30T10:20:42.576+0000] {dag.py:3239} INFO - Sync 1 DAGs
[2026-03-30T10:20:42.604+0000] {logging_mixin.py:190} INFO - [2026-03-30T10:20:42.604+0000] {dag.py:4180} INFO - Setting next_dagrun for system_dag to 2026-03-29T00:00:00+00:00, run_after=2026-03-30T00:00:00+00:00
[2026-03-30T10:20:42.633+0000] {processor.py:208} INFO - Processing /opt/airflow/dags/system_dag.py took 0.118 seconds
[2026-03-30T10:21:12.760+0000] {processor.py:186} INFO - Started process (PID=1127) to work on /opt/airflow/dags/system_dag.py
[2026-03-30T10:21:12.761+0000] {processor.py:914} INFO - Processing file /opt/airflow/dags/system_dag.py for tasks to queue
[2026-03-30T10:21:12.762+0000] {logging_mixin.py:190} INFO - [2026-03-30T10:21:12.761+0000] {dagbag.py:588} INFO - Filling up the DagBag from /opt/airflow/dags/system_dag.py
[2026-03-30T10:21:12.779+0000] {processor.py:925} INFO - DAG(s) 'system_dag' retrieved from /opt/airflow/dags/system_dag.py
[2026-03-30T10:21:12.815+0000] {logging_mixin.py:190} INFO - [2026-03-30T10:21:12.815+0000] {dag.py:3239} INFO - Sync 1 DAGs
[2026-03-30T10:21:12.843+0000] {logging_mixin.py:190} INFO - [2026-03-30T10:21:12.843+0000] {dag.py:4180} INFO - Setting next_dagrun for system_dag to 2026-03-29T00:00:00+00:00, run_after=2026-03-30T00:00:00+00:00
[2026-03-30T10:21:12.869+0000] {processor.py:208} INFO - Processing /opt/airflow/dags/system_dag.py took 0.114 seconds
[2026-03-30T10:21:43.136+0000] {processor.py:186} INFO - Started process (PID=1131) to work on /opt/airflow/dags/system_dag.py
[2026-03-30T10:21:43.136+0000] {processor.py:914} INFO - Processing file /opt/airflow/dags/system_dag.py for tasks to queue
[2026-03-30T10:21:43.137+0000] {logging_mixin.py:190} INFO - [2026-03-30T10:21:43.137+0000] {dagbag.py:588} INFO - Filling up the DagBag from /opt/airflow/dags/system_dag.py
[2026-03-30T10:21:43.156+0000] {processor.py:925} INFO - DAG(s) 'system_dag' retrieved from /opt/airflow/dags/system_dag.py
[2026-03-30T10:21:43.193+0000] {logging_mixin.py:190} INFO - [2026-03-30T10:21:43.192+0000] {dag.py:3239} INFO - Sync 1 DAGs
[2026-03-30T10:21:43.220+0000] {logging_mixin.py:190} INFO - [2026-03-30T10:21:43.220+0000] {dag.py:4180} INFO - Setting next_dagrun for system_dag to 2026-03-29T00:00:00+00:00, run_after=2026-03-30T00:00:00+00:00
[2026-03-30T10:21:43.247+0000] {processor.py:208} INFO - Processing /opt/airflow/dags/system_dag.py took 0.118 seconds
[2026-03-30T10:22:13.376+0000] {processor.py:186} INFO - Started process (PID=1135) to work on /opt/airflow/dags/system_dag.py
[2026-03-30T10:22:13.376+0000] {processor.py:914} INFO - Processing file /opt/airflow/dags/system_dag.py for tasks to queue
[2026-03-30T10:22:13.377+0000] {logging_mixin.py:190} INFO - [2026-03-30T10:22:13.377+0000] {dagbag.py:588} INFO - Filling up the DagBag from /opt/airflow/dags/system_dag.py
[2026-03-30T10:22:13.394+0000] {processor.py:925} INFO - DAG(s) 'system_dag' retrieved from /opt/airflow/dags/system_dag.py
[2026-03-30T10:22:13.430+0000] {logging_mixin.py:190} INFO - [2026-03-30T10:22:13.430+0000] {dag.py:3239} INFO - Sync 1 DAGs
[2026-03-30T10:22:13.462+0000] {logging_mixin.py:190} INFO - [2026-03-30T10:22:13.462+0000] {dag.py:4180} INFO - Setting next_dagrun for system_dag to 2026-03-29T00:00:00+00:00, run_after=2026-03-30T00:00:00+00:00
[2026-03-30T10:22:13.497+0000] {processor.py:208} INFO - Processing /opt/airflow/dags/system_dag.py took 0.126 seconds
[2026-03-30T10:22:43.686+0000] {processor.py:186} INFO - Started process (PID=1139) to work on /opt/airflow/dags/system_dag.py
[2026-03-30T10:22:43.686+0000] {processor.py:914} INFO - Processing file /opt/airflow/dags/system_dag.py for tasks to queue
[2026-03-30T10:22:43.687+0000] {logging_mixin.py:190} INFO - [2026-03-30T10:22:43.687+0000] {dagbag.py:588} INFO - Filling up the DagBag from /opt/airflow/dags/system_dag.py
[2026-03-30T10:22:43.704+0000] {processor.py:925} INFO - DAG(s) 'system_dag' retrieved from /opt/airflow/dags/system_dag.py
[2026-03-30T10:22:43.741+0000] {logging_mixin.py:190} INFO - [2026-03-30T10:22:43.741+0000] {dag.py:3239} INFO - Sync 1 DAGs
[2026-03-30T10:22:43.775+0000] {logging_mixin.py:190} INFO - [2026-03-30T10:22:43.775+0000] {dag.py:4180} INFO - Setting next_dagrun for system_dag to 2026-03-29T00:00:00+00:00, run_after=2026-03-30T00:00:00+00:00
[2026-03-30T10:22:43.792+0000] {processor.py:208} INFO - Processing /opt/airflow/dags/system_dag.py took 0.112 seconds
[2026-03-30T10:23:17.070+0000] {processor.py:186} INFO - Started process (PID=1143) to work on /opt/airflow/dags/system_dag.py
[2026-03-30T10:23:17.071+0000] {processor.py:914} INFO - Processing file /opt/airflow/dags/system_dag.py for tasks to queue
[2026-03-30T10:23:17.072+0000] {logging_mixin.py:190} INFO - [2026-03-30T10:23:17.072+0000] {dagbag.py:588} INFO - Filling up the DagBag from /opt/airflow/dags/system_dag.py
[2026-03-30T10:23:17.087+0000] {processor.py:925} INFO - DAG(s) 'system_dag' retrieved from /opt/airflow/dags/system_dag.py
[2026-03-30T10:23:17.119+0000] {logging_mixin.py:190} INFO - [2026-03-30T10:23:17.118+0000] {dag.py:3239} INFO - Sync 1 DAGs
[2026-03-30T10:23:17.143+0000] {logging_mixin.py:190} INFO - [2026-03-30T10:23:17.143+0000] {dag.py:4180} INFO - Setting next_dagrun for system_dag to 2026-03-29T00:00:00+00:00, run_after=2026-03-30T00:00:00+00:00
[2026-03-30T10:23:17.161+0000] {processor.py:208} INFO - Processing /opt/airflow/dags/system_dag.py took 0.096 seconds
[2026-03-30T10:23:49.443+0000] {processor.py:186} INFO - Started process (PID=1147) to work on /opt/airflow/dags/system_dag.py
[2026-03-30T10:23:49.443+0000] {processor.py:914} INFO - Processing file /opt/airflow/dags/system_dag.py for tasks to queue
[2026-03-30T10:23:49.445+0000] {logging_mixin.py:190} INFO - [2026-03-30T10:23:49.444+0000] {dagbag.py:588} INFO - Filling up the DagBag from /opt/airflow/dags/system_dag.py
[2026-03-30T10:23:49.460+0000] {processor.py:925} INFO - DAG(s) 'system_dag' retrieved from /opt/airflow/dags/system_dag.py
[2026-03-30T10:23:49.491+0000] {logging_mixin.py:190} INFO - [2026-03-30T10:23:49.490+0000] {dag.py:3239} INFO - Sync 1 DAGs
[2026-03-30T10:23:49.517+0000] {logging_mixin.py:190} INFO - [2026-03-30T10:23:49.517+0000] {dag.py:4180} INFO - Setting next_dagrun for system_dag to 2026-03-29T00:00:00+00:00, run_after=2026-03-30T00:00:00+00:00
[2026-03-30T10:23:49.534+0000] {processor.py:208} INFO - Processing /opt/airflow/dags/system_dag.py took 0.097 seconds
[2026-03-30T10:24:22.891+0000] {processor.py:186} INFO - Started process (PID=1151) to work on /opt/airflow/dags/system_dag.py
[2026-03-30T10:24:22.892+0000] {processor.py:914} INFO - Processing file /opt/airflow/dags/system_dag.py for tasks to queue
[2026-03-30T10:24:22.894+0000] {logging_mixin.py:190} INFO - [2026-03-30T10:24:22.893+0000] {dagbag.py:588} INFO - Filling up the DagBag from /opt/airflow/dags/system_dag.py
[2026-03-30T10:24:22.909+0000] {processor.py:925} INFO - DAG(s) 'system_dag' retrieved from /opt/airflow/dags/system_dag.py
[2026-03-30T10:24:22.941+0000] {logging_mixin.py:190} INFO - [2026-03-30T10:24:22.940+0000] {dag.py:3239} INFO - Sync 1 DAGs
[2026-03-30T10:24:22.966+0000] {logging_mixin.py:190} INFO - [2026-03-30T10:24:22.965+0000] {dag.py:4180} INFO - Setting next_dagrun for system_dag to 2026-03-29T00:00:00+00:00, run_after=2026-03-30T00:00:00+00:00
[2026-03-30T10:24:22.983+0000] {processor.py:208} INFO - Processing /opt/airflow/dags/system_dag.py took 0.097 seconds
[2026-03-30T10:24:55.147+0000] {processor.py:186} INFO - Started process (PID=1155) to work on /opt/airflow/dags/system_dag.py
[2026-03-30T10:24:55.148+0000] {processor.py:914} INFO - Processing file /opt/airflow/dags/system_dag.py for tasks to queue
[2026-03-30T10:24:55.149+0000] {logging_mixin.py:190} INFO - [2026-03-30T10:24:55.148+0000] {dagbag.py:588} INFO - Filling up the DagBag from /opt/airflow/dags/system_dag.py
[2026-03-30T10:24:55.164+0000] {processor.py:925} INFO - DAG(s) 'system_dag' retrieved from /opt/airflow/dags/system_dag.py
[2026-03-30T10:24:55.195+0000] {logging_mixin.py:190} INFO - [2026-03-30T10:24:55.195+0000] {dag.py:3239} INFO - Sync 1 DAGs
[2026-03-30T10:24:55.221+0000] {logging_mixin.py:190} INFO - [2026-03-30T10:24:55.221+0000] {dag.py:4180} INFO - Setting next_dagrun for system_dag to 2026-03-29T00:00:00+00:00, run_after=2026-03-30T00:00:00+00:00
[2026-03-30T10:24:55.238+0000] {processor.py:208} INFO - Processing /opt/airflow/dags/system_dag.py took 0.097 seconds
[2026-03-30T10:25:28.536+0000] {processor.py:186} INFO - Started process (PID=1159) to work on /opt/airflow/dags/system_dag.py
[2026-03-30T10:25:28.537+0000] {processor.py:914} INFO - Processing file /opt/airflow/dags/system_dag.py for tasks to queue
[2026-03-30T10:25:28.538+0000] {logging_mixin.py:190} INFO - [2026-03-30T10:25:28.538+0000] {dagbag.py:588} INFO - Filling up the DagBag from /opt/airflow/dags/system_dag.py
[2026-03-30T10:25:28.555+0000] {processor.py:925} INFO - DAG(s) 'system_dag' retrieved from /opt/airflow/dags/system_dag.py
[2026-03-30T10:25:28.612+0000] {logging_mixin.py:190} INFO - [2026-03-30T10:25:28.612+0000] {dag.py:3239} INFO - Sync 1 DAGs
[2026-03-30T10:25:28.675+0000] {logging_mixin.py:190} INFO - [2026-03-30T10:25:28.675+0000] {dag.py:4180} INFO - Setting next_dagrun for system_dag to 2026-03-29T00:00:00+00:00, run_after=2026-03-30T00:00:00+00:00
[2026-03-30T10:25:28.724+0000] {processor.py:208} INFO - Processing /opt/airflow/dags/system_dag.py took 0.192 seconds
[2026-03-30T10:26:01.086+0000] {processor.py:186} INFO - Started process (PID=1163) to work on /opt/airflow/dags/system_dag.py
[2026-03-30T10:26:01.087+0000] {processor.py:914} INFO - Processing file /opt/airflow/dags/system_dag.py for tasks to queue
[2026-03-30T10:26:01.088+0000] {logging_mixin.py:190} INFO - [2026-03-30T10:26:01.088+0000] {dagbag.py:588} INFO - Filling up the DagBag from /opt/airflow/dags/system_dag.py
[2026-03-30T10:26:01.105+0000] {processor.py:925} INFO - DAG(s) 'system_dag' retrieved from /opt/airflow/dags/system_dag.py
[2026-03-30T10:26:01.137+0000] {logging_mixin.py:190} INFO - [2026-03-30T10:26:01.137+0000] {dag.py:3239} INFO - Sync 1 DAGs
[2026-03-30T10:26:01.163+0000] {logging_mixin.py:190} INFO - [2026-03-30T10:26:01.162+0000] {dag.py:4180} INFO - Setting next_dagrun for system_dag to 2026-03-29T00:00:00+00:00, run_after=2026-03-30T00:00:00+00:00
[2026-03-30T10:26:01.182+0000] {processor.py:208} INFO - Processing /opt/airflow/dags/system_dag.py took 0.102 seconds
[2026-03-30T10:26:34.532+0000] {processor.py:186} INFO - Started process (PID=1167) to work on /opt/airflow/dags/system_dag.py
[2026-03-30T10:26:34.532+0000] {processor.py:914} INFO - Processing file /opt/airflow/dags/system_dag.py for tasks to queue
[2026-03-30T10:26:34.533+0000] {logging_mixin.py:190} INFO - [2026-03-30T10:26:34.533+0000] {dagbag.py:588} INFO - Filling up the DagBag from /opt/airflow/dags/system_dag.py
[2026-03-30T10:26:34.550+0000] {processor.py:925} INFO - DAG(s) 'system_dag' retrieved from /opt/airflow/dags/system_dag.py
[2026-03-30T10:26:34.583+0000] {logging_mixin.py:190} INFO - [2026-03-30T10:26:34.583+0000] {dag.py:3239} INFO - Sync 1 DAGs
[2026-03-30T10:26:34.608+0000] {logging_mixin.py:190} INFO - [2026-03-30T10:26:34.608+0000] {dag.py:4180} INFO - Setting next_dagrun for system_dag to 2026-03-29T00:00:00+00:00, run_after=2026-03-30T00:00:00+00:00
[2026-03-30T10:26:34.630+0000] {processor.py:208} INFO - Processing /opt/airflow/dags/system_dag.py took 0.104 seconds
[2026-03-30T10:27:06.844+0000] {processor.py:186} INFO - Started process (PID=1171) to work on /opt/airflow/dags/system_dag.py
[2026-03-30T10:27:06.845+0000] {processor.py:914} INFO - Processing file /opt/airflow/dags/system_dag.py for tasks to queue
[2026-03-30T10:27:06.846+0000] {logging_mixin.py:190} INFO - [2026-03-30T10:27:06.846+0000] {dagbag.py:588} INFO - Filling up the DagBag from /opt/airflow/dags/system_dag.py
[2026-03-30T10:27:06.864+0000] {processor.py:925} INFO - DAG(s) 'system_dag' retrieved from /opt/airflow/dags/system_dag.py
[2026-03-30T10:27:06.909+0000] {logging_mixin.py:190} INFO - [2026-03-30T10:27:06.909+0000] {dag.py:3239} INFO - Sync 1 DAGs
[2026-03-30T10:27:06.940+0000] {logging_mixin.py:190} INFO - [2026-03-30T10:27:06.939+0000] {dag.py:4180} INFO - Setting next_dagrun for system_dag to 2026-03-29T00:00:00+00:00, run_after=2026-03-30T00:00:00+00:00
[2026-03-30T10:27:06.963+0000] {processor.py:208} INFO - Processing /opt/airflow/dags/system_dag.py took 0.126 seconds
[2026-03-30T10:27:39.386+0000] {processor.py:186} INFO - Started process (PID=1175) to work on /opt/airflow/dags/system_dag.py
[2026-03-30T10:27:39.387+0000] {processor.py:914} INFO - Processing file /opt/airflow/dags/system_dag.py for tasks to queue
[2026-03-30T10:27:39.388+0000] {logging_mixin.py:190} INFO - [2026-03-30T10:27:39.388+0000] {dagbag.py:588} INFO - Filling up the DagBag from /opt/airflow/dags/system_dag.py
[2026-03-30T10:27:39.402+0000] {processor.py:925} INFO - DAG(s) 'system_dag' retrieved from /opt/airflow/dags/system_dag.py
[2026-03-30T10:27:39.434+0000] {logging_mixin.py:190} INFO - [2026-03-30T10:27:39.433+0000] {dag.py:3239} INFO - Sync 1 DAGs
[2026-03-30T10:27:39.457+0000] {logging_mixin.py:190} INFO - [2026-03-30T10:27:39.457+0000] {dag.py:4180} INFO - Setting next_dagrun for system_dag to 2026-03-29T00:00:00+00:00, run_after=2026-03-30T00:00:00+00:00
[2026-03-30T10:27:39.474+0000] {processor.py:208} INFO - Processing /opt/airflow/dags/system_dag.py took 0.093 seconds
[2026-03-30T10:28:12.752+0000] {processor.py:186} INFO - Started process (PID=1179) to work on /opt/airflow/dags/system_dag.py
[2026-03-30T10:28:12.756+0000] {processor.py:914} INFO - Processing file /opt/airflow/dags/system_dag.py for tasks to queue
[2026-03-30T10:28:12.757+0000] {logging_mixin.py:190} INFO - [2026-03-30T10:28:12.757+0000] {dagbag.py:588} INFO - Filling up the DagBag from /opt/airflow/dags/system_dag.py
[2026-03-30T10:28:12.775+0000] {processor.py:925} INFO - DAG(s) 'system_dag' retrieved from /opt/airflow/dags/system_dag.py
[2026-03-30T10:28:12.811+0000] {logging_mixin.py:190} INFO - [2026-03-30T10:28:12.811+0000] {dag.py:3239} INFO - Sync 1 DAGs
[2026-03-30T10:28:12.840+0000] {logging_mixin.py:190} INFO - [2026-03-30T10:28:12.840+0000] {dag.py:4180} INFO - Setting next_dagrun for system_dag to 2026-03-29T00:00:00+00:00, run_after=2026-03-30T00:00:00+00:00
[2026-03-30T10:28:12.866+0000] {processor.py:208} INFO - Processing /opt/airflow/dags/system_dag.py took 0.120 seconds
[2026-03-30T10:28:45.247+0000] {processor.py:186} INFO - Started process (PID=1183) to work on /opt/airflow/dags/system_dag.py
[2026-03-30T10:28:45.248+0000] {processor.py:914} INFO - Processing file /opt/airflow/dags/system_dag.py for tasks to queue
[2026-03-30T10:28:45.250+0000] {logging_mixin.py:190} INFO - [2026-03-30T10:28:45.250+0000] {dagbag.py:588} INFO - Filling up the DagBag from /opt/airflow/dags/system_dag.py
[2026-03-30T10:28:45.267+0000] {processor.py:925} INFO - DAG(s) 'system_dag' retrieved from /opt/airflow/dags/system_dag.py
[2026-03-30T10:28:45.304+0000] {logging_mixin.py:190} INFO - [2026-03-30T10:28:45.303+0000] {dag.py:3239} INFO - Sync 1 DAGs
[2026-03-30T10:28:45.335+0000] {logging_mixin.py:190} INFO - [2026-03-30T10:28:45.334+0000] {dag.py:4180} INFO - Setting next_dagrun for system_dag to 2026-03-29T00:00:00+00:00, run_after=2026-03-30T00:00:00+00:00
[2026-03-30T10:28:45.371+0000] {processor.py:208} INFO - Processing /opt/airflow/dags/system_dag.py took 0.129 seconds
[2026-03-30T10:29:18.542+0000] {processor.py:186} INFO - Started process (PID=1187) to work on /opt/airflow/dags/system_dag.py
[2026-03-30T10:29:18.543+0000] {processor.py:914} INFO - Processing file /opt/airflow/dags/system_dag.py for tasks to queue
[2026-03-30T10:29:18.544+0000] {logging_mixin.py:190} INFO - [2026-03-30T10:29:18.544+0000] {dagbag.py:588} INFO - Filling up the DagBag from /opt/airflow/dags/system_dag.py
[2026-03-30T10:29:18.560+0000] {processor.py:925} INFO - DAG(s) 'system_dag' retrieved from /opt/airflow/dags/system_dag.py
[2026-03-30T10:29:18.597+0000] {logging_mixin.py:190} INFO - [2026-03-30T10:29:18.597+0000] {dag.py:3239} INFO - Sync 1 DAGs
[2026-03-30T10:29:18.625+0000] {logging_mixin.py:190} INFO - [2026-03-30T10:29:18.625+0000] {dag.py:4180} INFO - Setting next_dagrun for system_dag to 2026-03-29T00:00:00+00:00, run_after=2026-03-30T00:00:00+00:00
[2026-03-30T10:29:18.659+0000] {processor.py:208} INFO - Processing /opt/airflow/dags/system_dag.py took 0.122 seconds
[2026-03-30T10:29:50.939+0000] {processor.py:186} INFO - Started process (PID=1191) to work on /opt/airflow/dags/system_dag.py
[2026-03-30T10:29:50.940+0000] {processor.py:914} INFO - Processing file /opt/airflow/dags/system_dag.py for tasks to queue
[2026-03-30T10:29:50.941+0000] {logging_mixin.py:190} INFO - [2026-03-30T10:29:50.941+0000] {dagbag.py:588} INFO - Filling up the DagBag from /opt/airflow/dags/system_dag.py
[2026-03-30T10:29:50.958+0000] {processor.py:925} INFO - DAG(s) 'system_dag' retrieved from /opt/airflow/dags/system_dag.py
[2026-03-30T10:29:50.996+0000] {logging_mixin.py:190} INFO - [2026-03-30T10:29:50.996+0000] {dag.py:3239} INFO - Sync 1 DAGs
[2026-03-30T10:29:51.025+0000] {logging_mixin.py:190} INFO - [2026-03-30T10:29:51.025+0000] {dag.py:4180} INFO - Setting next_dagrun for system_dag to 2026-03-29T00:00:00+00:00, run_after=2026-03-30T00:00:00+00:00
[2026-03-30T10:29:51.051+0000] {processor.py:208} INFO - Processing /opt/airflow/dags/system_dag.py took 0.117 seconds
[2026-03-30T10:30:24.238+0000] {processor.py:186} INFO - Started process (PID=1195) to work on /opt/airflow/dags/system_dag.py
[2026-03-30T10:30:24.239+0000] {processor.py:914} INFO - Processing file /opt/airflow/dags/system_dag.py for tasks to queue
[2026-03-30T10:30:24.240+0000] {logging_mixin.py:190} INFO - [2026-03-30T10:30:24.240+0000] {dagbag.py:588} INFO - Filling up the DagBag from /opt/airflow/dags/system_dag.py
[2026-03-30T10:30:24.258+0000] {processor.py:925} INFO - DAG(s) 'system_dag' retrieved from /opt/airflow/dags/system_dag.py
[2026-03-30T10:30:24.296+0000] {logging_mixin.py:190} INFO - [2026-03-30T10:30:24.295+0000] {dag.py:3239} INFO - Sync 1 DAGs
[2026-03-30T10:30:24.324+0000] {logging_mixin.py:190} INFO - [2026-03-30T10:30:24.324+0000] {dag.py:4180} INFO - Setting next_dagrun for system_dag to 2026-03-29T00:00:00+00:00, run_after=2026-03-30T00:00:00+00:00
[2026-03-30T10:30:24.352+0000] {processor.py:208} INFO - Processing /opt/airflow/dags/system_dag.py took 0.119 seconds
[2026-03-30T10:30:54.822+0000] {processor.py:186} INFO - Started process (PID=1199) to work on /opt/airflow/dags/system_dag.py
[2026-03-30T10:30:54.822+0000] {processor.py:914} INFO - Processing file /opt/airflow/dags/system_dag.py for tasks to queue
[2026-03-30T10:30:54.823+0000] {logging_mixin.py:190} INFO - [2026-03-30T10:30:54.823+0000] {dagbag.py:588} INFO - Filling up the DagBag from /opt/airflow/dags/system_dag.py
[2026-03-30T10:30:54.842+0000] {processor.py:925} INFO - DAG(s) 'system_dag' retrieved from /opt/airflow/dags/system_dag.py
[2026-03-30T10:30:54.881+0000] {logging_mixin.py:190} INFO - [2026-03-30T10:30:54.881+0000] {dag.py:3239} INFO - Sync 1 DAGs
[2026-03-30T10:30:54.914+0000] {logging_mixin.py:190} INFO - [2026-03-30T10:30:54.914+0000] {dag.py:4180} INFO - Setting next_dagrun for system_dag to 2026-03-29T00:00:00+00:00, run_after=2026-03-30T00:00:00+00:00
[2026-03-30T10:30:54.951+0000] {processor.py:208} INFO - Processing /opt/airflow/dags/system_dag.py took 0.135 seconds
[2026-03-30T10:31:25.073+0000] {processor.py:186} INFO - Started process (PID=1203) to work on /opt/airflow/dags/system_dag.py
[2026-03-30T10:31:25.077+0000] {processor.py:914} INFO - Processing file /opt/airflow/dags/system_dag.py for tasks to queue
[2026-03-30T10:31:25.078+0000] {logging_mixin.py:190} INFO - [2026-03-30T10:31:25.077+0000] {dagbag.py:588} INFO - Filling up the DagBag from /opt/airflow/dags/system_dag.py
[2026-03-30T10:31:25.096+0000] {processor.py:925} INFO - DAG(s) 'system_dag' retrieved from /opt/airflow/dags/system_dag.py
[2026-03-30T10:31:25.131+0000] {logging_mixin.py:190} INFO - [2026-03-30T10:31:25.131+0000] {dag.py:3239} INFO - Sync 1 DAGs
[2026-03-30T10:31:25.158+0000] {logging_mixin.py:190} INFO - [2026-03-30T10:31:25.157+0000] {dag.py:4180} INFO - Setting next_dagrun for system_dag to 2026-03-29T00:00:00+00:00, run_after=2026-03-30T00:00:00+00:00
[2026-03-30T10:31:25.192+0000] {processor.py:208} INFO - Processing /opt/airflow/dags/system_dag.py took 0.125 seconds
[2026-03-30T10:31:55.353+0000] {processor.py:186} INFO - Started process (PID=1207) to work on /opt/airflow/dags/system_dag.py
[2026-03-30T10:31:55.354+0000] {processor.py:914} INFO - Processing file /opt/airflow/dags/system_dag.py for tasks to queue
[2026-03-30T10:31:55.355+0000] {logging_mixin.py:190} INFO - [2026-03-30T10:31:55.355+0000] {dagbag.py:588} INFO - Filling up the DagBag from /opt/airflow/dags/system_dag.py
[2026-03-30T10:31:55.373+0000] {processor.py:925} INFO - DAG(s) 'system_dag' retrieved from /opt/airflow/dags/system_dag.py
[2026-03-30T10:31:55.411+0000] {logging_mixin.py:190} INFO - [2026-03-30T10:31:55.410+0000] {dag.py:3239} INFO - Sync 1 DAGs
[2026-03-30T10:31:55.439+0000] {logging_mixin.py:190} INFO - [2026-03-30T10:31:55.439+0000] {dag.py:4180} INFO - Setting next_dagrun for system_dag to 2026-03-29T00:00:00+00:00, run_after=2026-03-30T00:00:00+00:00
[2026-03-30T10:31:55.466+0000] {processor.py:208} INFO - Processing /opt/airflow/dags/system_dag.py took 0.118 seconds
[2026-03-30T10:32:25.738+0000] {processor.py:186} INFO - Started process (PID=1211) to work on /opt/airflow/dags/system_dag.py
[2026-03-30T10:32:25.739+0000] {processor.py:914} INFO - Processing file /opt/airflow/dags/system_dag.py for tasks to queue
[2026-03-30T10:32:25.740+0000] {logging_mixin.py:190} INFO - [2026-03-30T10:32:25.739+0000] {dagbag.py:588} INFO - Filling up the DagBag from /opt/airflow/dags/system_dag.py
[2026-03-30T10:32:25.759+0000] {processor.py:925} INFO - DAG(s) 'system_dag' retrieved from /opt/airflow/dags/system_dag.py
[2026-03-30T10:32:25.805+0000] {logging_mixin.py:190} INFO - [2026-03-30T10:32:25.805+0000] {dag.py:3239} INFO - Sync 1 DAGs
[2026-03-30T10:32:25.840+0000] {logging_mixin.py:190} INFO - [2026-03-30T10:32:25.840+0000] {dag.py:4180} INFO - Setting next_dagrun for system_dag to 2026-03-29T00:00:00+00:00, run_after=2026-03-30T00:00:00+00:00
[2026-03-30T10:32:25.872+0000] {processor.py:208} INFO - Processing /opt/airflow/dags/system_dag.py took 0.140 seconds
[2026-03-30T10:32:56.045+0000] {processor.py:186} INFO - Started process (PID=1215) to work on /opt/airflow/dags/system_dag.py
[2026-03-30T10:32:56.046+0000] {processor.py:914} INFO - Processing file /opt/airflow/dags/system_dag.py for tasks to queue
[2026-03-30T10:32:56.048+0000] {logging_mixin.py:190} INFO - [2026-03-30T10:32:56.048+0000] {dagbag.py:588} INFO - Filling up the DagBag from /opt/airflow/dags/system_dag.py
[2026-03-30T10:32:56.067+0000] {processor.py:925} INFO - DAG(s) 'system_dag' retrieved from /opt/airflow/dags/system_dag.py
[2026-03-30T10:32:56.106+0000] {logging_mixin.py:190} INFO - [2026-03-30T10:32:56.106+0000] {dag.py:3239} INFO - Sync 1 DAGs
[2026-03-30T10:32:56.140+0000] {logging_mixin.py:190} INFO - [2026-03-30T10:32:56.140+0000] {dag.py:4180} INFO - Setting next_dagrun for system_dag to 2026-03-29T00:00:00+00:00, run_after=2026-03-30T00:00:00+00:00
[2026-03-30T10:32:56.174+0000] {processor.py:208} INFO - Processing /opt/airflow/dags/system_dag.py took 0.135 seconds
[2026-03-30T10:33:26.374+0000] {processor.py:186} INFO - Started process (PID=1219) to work on /opt/airflow/dags/system_dag.py
[2026-03-30T10:33:26.374+0000] {processor.py:914} INFO - Processing file /opt/airflow/dags/system_dag.py for tasks to queue
[2026-03-30T10:33:26.375+0000] {logging_mixin.py:190} INFO - [2026-03-30T10:33:26.375+0000] {dagbag.py:588} INFO - Filling up the DagBag from /opt/airflow/dags/system_dag.py
[2026-03-30T10:33:26.391+0000] {processor.py:925} INFO - DAG(s) 'system_dag' retrieved from /opt/airflow/dags/system_dag.py
[2026-03-30T10:33:26.428+0000] {logging_mixin.py:190} INFO - [2026-03-30T10:33:26.428+0000] {dag.py:3239} INFO - Sync 1 DAGs
[2026-03-30T10:33:26.458+0000] {logging_mixin.py:190} INFO - [2026-03-30T10:33:26.458+0000] {dag.py:4180} INFO - Setting next_dagrun for system_dag to 2026-03-29T00:00:00+00:00, run_after=2026-03-30T00:00:00+00:00
[2026-03-30T10:33:26.483+0000] {processor.py:208} INFO - Processing /opt/airflow/dags/system_dag.py took 0.115 seconds
[2026-03-30T10:33:56.702+0000] {processor.py:186} INFO - Started process (PID=1223) to work on /opt/airflow/dags/system_dag.py
[2026-03-30T10:33:56.703+0000] {processor.py:914} INFO - Processing file /opt/airflow/dags/system_dag.py for tasks to queue
[2026-03-30T10:33:56.705+0000] {logging_mixin.py:190} INFO - [2026-03-30T10:33:56.704+0000] {dagbag.py:588} INFO - Filling up the DagBag from /opt/airflow/dags/system_dag.py
[2026-03-30T10:33:56.724+0000] {processor.py:925} INFO - DAG(s) 'system_dag' retrieved from /opt/airflow/dags/system_dag.py
[2026-03-30T10:33:56.763+0000] {logging_mixin.py:190} INFO - [2026-03-30T10:33:56.763+0000] {dag.py:3239} INFO - Sync 1 DAGs
[2026-03-30T10:33:56.794+0000] {logging_mixin.py:190} INFO - [2026-03-30T10:33:56.794+0000] {dag.py:4180} INFO - Setting next_dagrun for system_dag to 2026-03-29T00:00:00+00:00, run_after=2026-03-30T00:00:00+00:00
[2026-03-30T10:33:56.819+0000] {processor.py:208} INFO - Processing /opt/airflow/dags/system_dag.py took 0.124 seconds
[2026-03-30T10:34:27.104+0000] {processor.py:186} INFO - Started process (PID=1227) to work on /opt/airflow/dags/system_dag.py
[2026-03-30T10:34:27.104+0000] {processor.py:914} INFO - Processing file /opt/airflow/dags/system_dag.py for tasks to queue
[2026-03-30T10:34:27.106+0000] {logging_mixin.py:190} INFO - [2026-03-30T10:34:27.105+0000] {dagbag.py:588} INFO - Filling up the DagBag from /opt/airflow/dags/system_dag.py
[2026-03-30T10:34:27.123+0000] {processor.py:925} INFO - DAG(s) 'system_dag' retrieved from /opt/airflow/dags/system_dag.py
[2026-03-30T10:34:27.164+0000] {logging_mixin.py:190} INFO - [2026-03-30T10:34:27.164+0000] {dag.py:3239} INFO - Sync 1 DAGs
[2026-03-30T10:34:27.196+0000] {logging_mixin.py:190} INFO - [2026-03-30T10:34:27.196+0000] {dag.py:4180} INFO - Setting next_dagrun for system_dag to 2026-03-29T00:00:00+00:00, run_after=2026-03-30T00:00:00+00:00
[2026-03-30T10:34:27.223+0000] {processor.py:208} INFO - Processing /opt/airflow/dags/system_dag.py took 0.126 seconds
[2026-03-30T10:34:57.474+0000] {processor.py:186} INFO - Started process (PID=1231) to work on /opt/airflow/dags/system_dag.py
[2026-03-30T10:34:57.475+0000] {processor.py:914} INFO - Processing file /opt/airflow/dags/system_dag.py for tasks to queue
[2026-03-30T10:34:57.476+0000] {logging_mixin.py:190} INFO - [2026-03-30T10:34:57.476+0000] {dagbag.py:588} INFO - Filling up the DagBag from /opt/airflow/dags/system_dag.py
[2026-03-30T10:34:57.493+0000] {processor.py:925} INFO - DAG(s) 'system_dag' retrieved from /opt/airflow/dags/system_dag.py
[2026-03-30T10:34:57.534+0000] {logging_mixin.py:190} INFO - [2026-03-30T10:34:57.534+0000] {dag.py:3239} INFO - Sync 1 DAGs
[2026-03-30T10:34:57.562+0000] {logging_mixin.py:190} INFO - [2026-03-30T10:34:57.562+0000] {dag.py:4180} INFO - Setting next_dagrun for system_dag to 2026-03-29T00:00:00+00:00, run_after=2026-03-30T00:00:00+00:00
[2026-03-30T10:34:57.588+0000] {processor.py:208} INFO - Processing /opt/airflow/dags/system_dag.py took 0.118 seconds
[2026-03-30T10:35:27.909+0000] {processor.py:186} INFO - Started process (PID=1235) to work on /opt/airflow/dags/system_dag.py
[2026-03-30T10:35:27.910+0000] {processor.py:914} INFO - Processing file /opt/airflow/dags/system_dag.py for tasks to queue
[2026-03-30T10:35:27.911+0000] {logging_mixin.py:190} INFO - [2026-03-30T10:35:27.911+0000] {dagbag.py:588} INFO - Filling up the DagBag from /opt/airflow/dags/system_dag.py
[2026-03-30T10:35:27.927+0000] {processor.py:925} INFO - DAG(s) 'system_dag' retrieved from /opt/airflow/dags/system_dag.py
[2026-03-30T10:35:27.963+0000] {logging_mixin.py:190} INFO - [2026-03-30T10:35:27.963+0000] {dag.py:3239} INFO - Sync 1 DAGs
[2026-03-30T10:35:27.992+0000] {logging_mixin.py:190} INFO - [2026-03-30T10:35:27.992+0000] {dag.py:4180} INFO - Setting next_dagrun for system_dag to 2026-03-29T00:00:00+00:00, run_after=2026-03-30T00:00:00+00:00
[2026-03-30T10:35:28.018+0000] {processor.py:208} INFO - Processing /opt/airflow/dags/system_dag.py took 0.114 seconds
[2026-03-30T10:35:58.233+0000] {processor.py:186} INFO - Started process (PID=1239) to work on /opt/airflow/dags/system_dag.py
[2026-03-30T10:35:58.234+0000] {processor.py:914} INFO - Processing file /opt/airflow/dags/system_dag.py for tasks to queue
[2026-03-30T10:35:58.236+0000] {logging_mixin.py:190} INFO - [2026-03-30T10:35:58.235+0000] {dagbag.py:588} INFO - Filling up the DagBag from /opt/airflow/dags/system_dag.py
[2026-03-30T10:35:58.255+0000] {processor.py:925} INFO - DAG(s) 'system_dag' retrieved from /opt/airflow/dags/system_dag.py
[2026-03-30T10:35:58.293+0000] {logging_mixin.py:190} INFO - [2026-03-30T10:35:58.293+0000] {dag.py:3239} INFO - Sync 1 DAGs
[2026-03-30T10:35:58.321+0000] {logging_mixin.py:190} INFO - [2026-03-30T10:35:58.321+0000] {dag.py:4180} INFO - Setting next_dagrun for system_dag to 2026-03-29T00:00:00+00:00, run_after=2026-03-30T00:00:00+00:00
[2026-03-30T10:35:58.349+0000] {processor.py:208} INFO - Processing /opt/airflow/dags/system_dag.py took 0.122 seconds
[2026-03-30T10:36:28.622+0000] {processor.py:186} INFO - Started process (PID=1243) to work on /opt/airflow/dags/system_dag.py
[2026-03-30T10:36:28.622+0000] {processor.py:914} INFO - Processing file /opt/airflow/dags/system_dag.py for tasks to queue
[2026-03-30T10:36:28.624+0000] {logging_mixin.py:190} INFO - [2026-03-30T10:36:28.623+0000] {dagbag.py:588} INFO - Filling up the DagBag from /opt/airflow/dags/system_dag.py
[2026-03-30T10:36:28.642+0000] {processor.py:925} INFO - DAG(s) 'system_dag' retrieved from /opt/airflow/dags/system_dag.py
[2026-03-30T10:36:28.679+0000] {logging_mixin.py:190} INFO - [2026-03-30T10:36:28.679+0000] {dag.py:3239} INFO - Sync 1 DAGs
[2026-03-30T10:36:28.707+0000] {logging_mixin.py:190} INFO - [2026-03-30T10:36:28.707+0000] {dag.py:4180} INFO - Setting next_dagrun for system_dag to 2026-03-29T00:00:00+00:00, run_after=2026-03-30T00:00:00+00:00
[2026-03-30T10:36:28.737+0000] {processor.py:208} INFO - Processing /opt/airflow/dags/system_dag.py took 0.120 seconds
[2026-03-30T10:36:58.926+0000] {processor.py:186} INFO - Started process (PID=1247) to work on /opt/airflow/dags/system_dag.py
[2026-03-30T10:36:58.927+0000] {processor.py:914} INFO - Processing file /opt/airflow/dags/system_dag.py for tasks to queue
[2026-03-30T10:36:58.928+0000] {logging_mixin.py:190} INFO - [2026-03-30T10:36:58.928+0000] {dagbag.py:588} INFO - Filling up the DagBag from /opt/airflow/dags/system_dag.py
[2026-03-30T10:36:58.947+0000] {processor.py:925} INFO - DAG(s) 'system_dag' retrieved from /opt/airflow/dags/system_dag.py
[2026-03-30T10:36:58.984+0000] {logging_mixin.py:190} INFO - [2026-03-30T10:36:58.984+0000] {dag.py:3239} INFO - Sync 1 DAGs
[2026-03-30T10:36:59.014+0000] {logging_mixin.py:190} INFO - [2026-03-30T10:36:59.014+0000] {dag.py:4180} INFO - Setting next_dagrun for system_dag to 2026-03-29T00:00:00+00:00, run_after=2026-03-30T00:00:00+00:00
[2026-03-30T10:36:59.040+0000] {processor.py:208} INFO - Processing /opt/airflow/dags/system_dag.py took 0.119 seconds
[2026-03-30T10:37:29.567+0000] {processor.py:186} INFO - Started process (PID=1251) to work on /opt/airflow/dags/system_dag.py
[2026-03-30T10:37:29.568+0000] {processor.py:914} INFO - Processing file /opt/airflow/dags/system_dag.py for tasks to queue
[2026-03-30T10:37:29.569+0000] {logging_mixin.py:190} INFO - [2026-03-30T10:37:29.569+0000] {dagbag.py:588} INFO - Filling up the DagBag from /opt/airflow/dags/system_dag.py
[2026-03-30T10:37:29.587+0000] {processor.py:925} INFO - DAG(s) 'system_dag' retrieved from /opt/airflow/dags/system_dag.py
[2026-03-30T10:37:29.624+0000] {logging_mixin.py:190} INFO - [2026-03-30T10:37:29.623+0000] {dag.py:3239} INFO - Sync 1 DAGs
[2026-03-30T10:37:29.652+0000] {logging_mixin.py:190} INFO - [2026-03-30T10:37:29.652+0000] {dag.py:4180} INFO - Setting next_dagrun for system_dag to 2026-03-29T00:00:00+00:00, run_after=2026-03-30T00:00:00+00:00
[2026-03-30T10:37:31.424+0000] {processor.py:208} INFO - Processing /opt/airflow/dags/system_dag.py took 0.125 seconds
[2026-03-30T10:38:04.685+0000] {processor.py:186} INFO - Started process (PID=1255) to work on /opt/airflow/dags/system_dag.py
[2026-03-30T10:38:04.686+0000] {processor.py:914} INFO - Processing file /opt/airflow/dags/system_dag.py for tasks to queue
[2026-03-30T10:38:04.687+0000] {logging_mixin.py:190} INFO - [2026-03-30T10:38:04.687+0000] {dagbag.py:588} INFO - Filling up the DagBag from /opt/airflow/dags/system_dag.py
[2026-03-30T10:38:04.705+0000] {processor.py:925} INFO - DAG(s) 'system_dag' retrieved from /opt/airflow/dags/system_dag.py
[2026-03-30T10:38:04.742+0000] {logging_mixin.py:190} INFO - [2026-03-30T10:38:04.742+0000] {dag.py:3239} INFO - Sync 1 DAGs
[2026-03-30T10:38:04.771+0000] {logging_mixin.py:190} INFO - [2026-03-30T10:38:04.770+0000] {dag.py:4180} INFO - Setting next_dagrun for system_dag to 2026-03-29T00:00:00+00:00, run_after=2026-03-30T00:00:00+00:00
[2026-03-30T10:38:04.797+0000] {processor.py:208} INFO - Processing /opt/airflow/dags/system_dag.py took 0.118 seconds
[2026-03-30T10:38:35.365+0000] {processor.py:186} INFO - Started process (PID=1259) to work on /opt/airflow/dags/system_dag.py
[2026-03-30T10:38:35.366+0000] {processor.py:914} INFO - Processing file /opt/airflow/dags/system_dag.py for tasks to queue
[2026-03-30T10:38:35.367+0000] {logging_mixin.py:190} INFO - [2026-03-30T10:38:35.366+0000] {dagbag.py:588} INFO - Filling up the DagBag from /opt/airflow/dags/system_dag.py
[2026-03-30T10:38:35.385+0000] {processor.py:925} INFO - DAG(s) 'system_dag' retrieved from /opt/airflow/dags/system_dag.py
[2026-03-30T10:38:37.173+0000] {logging_mixin.py:190} INFO - [2026-03-30T10:38:37.173+0000] {dag.py:3239} INFO - Sync 1 DAGs
[2026-03-30T10:38:37.202+0000] {logging_mixin.py:190} INFO - [2026-03-30T10:38:37.201+0000] {dag.py:4180} INFO - Setting next_dagrun for system_dag to 2026-03-29T00:00:00+00:00, run_after=2026-03-30T00:00:00+00:00
[2026-03-30T10:38:37.228+0000] {processor.py:208} INFO - Processing /opt/airflow/dags/system_dag.py took 0.119 seconds
[2026-03-30T10:39:10.571+0000] {processor.py:186} INFO - Started process (PID=1263) to work on /opt/airflow/dags/system_dag.py
[2026-03-30T10:39:10.572+0000] {processor.py:914} INFO - Processing file /opt/airflow/dags/system_dag.py for tasks to queue
[2026-03-30T10:39:10.573+0000] {logging_mixin.py:190} INFO - [2026-03-30T10:39:10.573+0000] {dagbag.py:588} INFO - Filling up the DagBag from /opt/airflow/dags/system_dag.py
[2026-03-30T10:39:10.591+0000] {processor.py:925} INFO - DAG(s) 'system_dag' retrieved from /opt/airflow/dags/system_dag.py
[2026-03-30T10:39:10.628+0000] {logging_mixin.py:190} INFO - [2026-03-30T10:39:10.628+0000] {dag.py:3239} INFO - Sync 1 DAGs
[2026-03-30T10:39:10.659+0000] {logging_mixin.py:190} INFO - [2026-03-30T10:39:10.658+0000] {dag.py:4180} INFO - Setting next_dagrun for system_dag to 2026-03-29T00:00:00+00:00, run_after=2026-03-30T00:00:00+00:00
[2026-03-30T10:39:10.685+0000] {processor.py:208} INFO - Processing /opt/airflow/dags/system_dag.py took 0.119 seconds
[2026-03-30T10:39:41.199+0000] {processor.py:186} INFO - Started process (PID=1267) to work on /opt/airflow/dags/system_dag.py
[2026-03-30T10:39:41.200+0000] {processor.py:914} INFO - Processing file /opt/airflow/dags/system_dag.py for tasks to queue
[2026-03-30T10:39:41.201+0000] {logging_mixin.py:190} INFO - [2026-03-30T10:39:41.201+0000] {dagbag.py:588} INFO - Filling up the DagBag from /opt/airflow/dags/system_dag.py
[2026-03-30T10:39:42.975+0000] {processor.py:925} INFO - DAG(s) 'system_dag' retrieved from /opt/airflow/dags/system_dag.py
[2026-03-30T10:39:43.012+0000] {logging_mixin.py:190} INFO - [2026-03-30T10:39:43.012+0000] {dag.py:3239} INFO - Sync 1 DAGs
[2026-03-30T10:39:43.041+0000] {logging_mixin.py:190} INFO - [2026-03-30T10:39:43.041+0000] {dag.py:4180} INFO - Setting next_dagrun for system_dag to 2026-03-29T00:00:00+00:00, run_after=2026-03-30T00:00:00+00:00
[2026-03-30T10:39:43.068+0000] {processor.py:208} INFO - Processing /opt/airflow/dags/system_dag.py took 0.121 seconds
[2026-03-30T10:40:16.337+0000] {processor.py:186} INFO - Started process (PID=1273) to work on /opt/airflow/dags/system_dag.py
[2026-03-30T10:40:16.338+0000] {processor.py:914} INFO - Processing file /opt/airflow/dags/system_dag.py for tasks to queue
[2026-03-30T10:40:16.339+0000] {logging_mixin.py:190} INFO - [2026-03-30T10:40:16.339+0000] {dagbag.py:588} INFO - Filling up the DagBag from /opt/airflow/dags/system_dag.py
[2026-03-30T10:40:16.355+0000] {processor.py:925} INFO - DAG(s) 'system_dag' retrieved from /opt/airflow/dags/system_dag.py
[2026-03-30T10:40:16.386+0000] {logging_mixin.py:190} INFO - [2026-03-30T10:40:16.386+0000] {dag.py:3239} INFO - Sync 1 DAGs
[2026-03-30T10:40:16.412+0000] {logging_mixin.py:190} INFO - [2026-03-30T10:40:16.412+0000] {dag.py:4180} INFO - Setting next_dagrun for system_dag to 2026-03-29T00:00:00+00:00, run_after=2026-03-30T00:00:00+00:00
[2026-03-30T10:40:16.429+0000] {processor.py:208} INFO - Processing /opt/airflow/dags/system_dag.py took 0.097 seconds
[2026-03-30T10:40:46.993+0000] {processor.py:186} INFO - Started process (PID=1277) to work on /opt/airflow/dags/system_dag.py
[2026-03-30T10:40:46.994+0000] {processor.py:914} INFO - Processing file /opt/airflow/dags/system_dag.py for tasks to queue
[2026-03-30T10:40:46.995+0000] {logging_mixin.py:190} INFO - [2026-03-30T10:40:46.994+0000] {dagbag.py:588} INFO - Filling up the DagBag from /opt/airflow/dags/system_dag.py
[2026-03-30T10:40:48.750+0000] {processor.py:925} INFO - DAG(s) 'system_dag' retrieved from /opt/airflow/dags/system_dag.py
[2026-03-30T10:40:48.780+0000] {logging_mixin.py:190} INFO - [2026-03-30T10:40:48.780+0000] {dag.py:3239} INFO - Sync 1 DAGs
[2026-03-30T10:40:48.807+0000] {logging_mixin.py:190} INFO - [2026-03-30T10:40:48.807+0000] {dag.py:4180} INFO - Setting next_dagrun for system_dag to 2026-03-29T00:00:00+00:00, run_after=2026-03-30T00:00:00+00:00
[2026-03-30T10:40:48.829+0000] {processor.py:208} INFO - Processing /opt/airflow/dags/system_dag.py took 0.101 seconds
[2026-03-30T10:41:22.162+0000] {processor.py:186} INFO - Started process (PID=1281) to work on /opt/airflow/dags/system_dag.py
[2026-03-30T10:41:22.163+0000] {processor.py:914} INFO - Processing file /opt/airflow/dags/system_dag.py for tasks to queue
[2026-03-30T10:41:22.164+0000] {logging_mixin.py:190} INFO - [2026-03-30T10:41:22.164+0000] {dagbag.py:588} INFO - Filling up the DagBag from /opt/airflow/dags/system_dag.py
[2026-03-30T10:41:22.182+0000] {processor.py:925} INFO - DAG(s) 'system_dag' retrieved from /opt/airflow/dags/system_dag.py
[2026-03-30T10:41:22.224+0000] {logging_mixin.py:190} INFO - [2026-03-30T10:41:22.224+0000] {dag.py:3239} INFO - Sync 1 DAGs
[2026-03-30T10:41:22.253+0000] {logging_mixin.py:190} INFO - [2026-03-30T10:41:22.253+0000] {dag.py:4180} INFO - Setting next_dagrun for system_dag to 2026-03-29T00:00:00+00:00, run_after=2026-03-30T00:00:00+00:00
[2026-03-30T10:41:22.303+0000] {processor.py:208} INFO - Processing /opt/airflow/dags/system_dag.py took 0.146 seconds
[2026-03-30T10:41:52.677+0000] {processor.py:186} INFO - Started process (PID=1285) to work on /opt/airflow/dags/system_dag.py
[2026-03-30T10:41:52.682+0000] {processor.py:914} INFO - Processing file /opt/airflow/dags/system_dag.py for tasks to queue
[2026-03-30T10:41:52.683+0000] {logging_mixin.py:190} INFO - [2026-03-30T10:41:52.683+0000] {dagbag.py:588} INFO - Filling up the DagBag from /opt/airflow/dags/system_dag.py
[2026-03-30T10:41:52.708+0000] {processor.py:925} INFO - DAG(s) 'system_dag' retrieved from /opt/airflow/dags/system_dag.py
[2026-03-30T10:41:52.742+0000] {logging_mixin.py:190} INFO - [2026-03-30T10:41:52.742+0000] {dag.py:3239} INFO - Sync 1 DAGs
[2026-03-30T10:41:52.771+0000] {logging_mixin.py:190} INFO - [2026-03-30T10:41:52.771+0000] {dag.py:4180} INFO - Setting next_dagrun for system_dag to 2026-03-29T00:00:00+00:00, run_after=2026-03-30T00:00:00+00:00
[2026-03-30T10:41:54.540+0000] {processor.py:208} INFO - Processing /opt/airflow/dags/system_dag.py took 0.126 seconds
[2026-03-30T10:42:27.807+0000] {processor.py:186} INFO - Started process (PID=1289) to work on /opt/airflow/dags/system_dag.py
[2026-03-30T10:42:27.808+0000] {processor.py:914} INFO - Processing file /opt/airflow/dags/system_dag.py for tasks to queue
[2026-03-30T10:42:27.810+0000] {logging_mixin.py:190} INFO - [2026-03-30T10:42:27.809+0000] {dagbag.py:588} INFO - Filling up the DagBag from /opt/airflow/dags/system_dag.py
[2026-03-30T10:42:27.827+0000] {processor.py:925} INFO - DAG(s) 'system_dag' retrieved from /opt/airflow/dags/system_dag.py
[2026-03-30T10:42:27.867+0000] {logging_mixin.py:190} INFO - [2026-03-30T10:42:27.867+0000] {dag.py:3239} INFO - Sync 1 DAGs
[2026-03-30T10:42:27.896+0000] {logging_mixin.py:190} INFO - [2026-03-30T10:42:27.896+0000] {dag.py:4180} INFO - Setting next_dagrun for system_dag to 2026-03-29T00:00:00+00:00, run_after=2026-03-30T00:00:00+00:00
[2026-03-30T10:42:27.928+0000] {processor.py:208} INFO - Processing /opt/airflow/dags/system_dag.py took 0.127 seconds
[2026-03-30T10:43:01.099+0000] {processor.py:186} INFO - Started process (PID=1293) to work on /opt/airflow/dags/system_dag.py
[2026-03-30T10:43:01.099+0000] {processor.py:914} INFO - Processing file /opt/airflow/dags/system_dag.py for tasks to queue
[2026-03-30T10:43:01.101+0000] {logging_mixin.py:190} INFO - [2026-03-30T10:43:01.101+0000] {dagbag.py:588} INFO - Filling up the DagBag from /opt/airflow/dags/system_dag.py
[2026-03-30T10:43:01.118+0000] {processor.py:925} INFO - DAG(s) 'system_dag' retrieved from /opt/airflow/dags/system_dag.py
[2026-03-30T10:43:01.156+0000] {logging_mixin.py:190} INFO - [2026-03-30T10:43:01.156+0000] {dag.py:3239} INFO - Sync 1 DAGs
[2026-03-30T10:43:01.184+0000] {logging_mixin.py:190} INFO - [2026-03-30T10:43:01.184+0000] {dag.py:4180} INFO - Setting next_dagrun for system_dag to 2026-03-29T00:00:00+00:00, run_after=2026-03-30T00:00:00+00:00
[2026-03-30T10:43:01.210+0000] {processor.py:208} INFO - Processing /opt/airflow/dags/system_dag.py took 0.118 seconds
[2026-03-30T10:43:33.544+0000] {processor.py:186} INFO - Started process (PID=1297) to work on /opt/airflow/dags/system_dag.py
[2026-03-30T10:43:33.545+0000] {processor.py:914} INFO - Processing file /opt/airflow/dags/system_dag.py for tasks to queue
[2026-03-30T10:43:33.547+0000] {logging_mixin.py:190} INFO - [2026-03-30T10:43:33.546+0000] {dagbag.py:588} INFO - Filling up the DagBag from /opt/airflow/dags/system_dag.py
[2026-03-30T10:43:33.568+0000] {processor.py:925} INFO - DAG(s) 'system_dag' retrieved from /opt/airflow/dags/system_dag.py
[2026-03-30T10:43:33.604+0000] {logging_mixin.py:190} INFO - [2026-03-30T10:43:33.604+0000] {dag.py:3239} INFO - Sync 1 DAGs
[2026-03-30T10:43:33.634+0000] {logging_mixin.py:190} INFO - [2026-03-30T10:43:33.633+0000] {dag.py:4180} INFO - Setting next_dagrun for system_dag to 2026-03-29T00:00:00+00:00, run_after=2026-03-30T00:00:00+00:00
[2026-03-30T10:43:33.663+0000] {processor.py:208} INFO - Processing /opt/airflow/dags/system_dag.py took 0.124 seconds
[2026-03-30T10:44:06.831+0000] {processor.py:186} INFO - Started process (PID=1301) to work on /opt/airflow/dags/system_dag.py
[2026-03-30T10:44:06.832+0000] {processor.py:914} INFO - Processing file /opt/airflow/dags/system_dag.py for tasks to queue
[2026-03-30T10:44:06.833+0000] {logging_mixin.py:190} INFO - [2026-03-30T10:44:06.833+0000] {dagbag.py:588} INFO - Filling up the DagBag from /opt/airflow/dags/system_dag.py
[2026-03-30T10:44:06.852+0000] {processor.py:925} INFO - DAG(s) 'system_dag' retrieved from /opt/airflow/dags/system_dag.py
[2026-03-30T10:44:06.889+0000] {logging_mixin.py:190} INFO - [2026-03-30T10:44:06.889+0000] {dag.py:3239} INFO - Sync 1 DAGs
[2026-03-30T10:44:06.919+0000] {logging_mixin.py:190} INFO - [2026-03-30T10:44:06.919+0000] {dag.py:4180} INFO - Setting next_dagrun for system_dag to 2026-03-29T00:00:00+00:00, run_after=2026-03-30T00:00:00+00:00
[2026-03-30T10:44:06.946+0000] {processor.py:208} INFO - Processing /opt/airflow/dags/system_dag.py took 0.121 seconds
[2026-03-30T10:44:37.368+0000] {processor.py:186} INFO - Started process (PID=1305) to work on /opt/airflow/dags/system_dag.py
[2026-03-30T10:44:37.369+0000] {processor.py:914} INFO - Processing file /opt/airflow/dags/system_dag.py for tasks to queue
[2026-03-30T10:44:37.370+0000] {logging_mixin.py:190} INFO - [2026-03-30T10:44:37.370+0000] {dagbag.py:588} INFO - Filling up the DagBag from /opt/airflow/dags/system_dag.py
[2026-03-30T10:44:37.391+0000] {processor.py:925} INFO - DAG(s) 'system_dag' retrieved from /opt/airflow/dags/system_dag.py
[2026-03-30T10:44:37.429+0000] {logging_mixin.py:190} INFO - [2026-03-30T10:44:37.429+0000] {dag.py:3239} INFO - Sync 1 DAGs
[2026-03-30T10:44:39.206+0000] {logging_mixin.py:190} INFO - [2026-03-30T10:44:39.206+0000] {dag.py:4180} INFO - Setting next_dagrun for system_dag to 2026-03-29T00:00:00+00:00, run_after=2026-03-30T00:00:00+00:00
[2026-03-30T10:44:39.233+0000] {processor.py:208} INFO - Processing /opt/airflow/dags/system_dag.py took 0.123 seconds
[2026-03-30T10:45:12.554+0000] {processor.py:186} INFO - Started process (PID=1309) to work on /opt/airflow/dags/system_dag.py
[2026-03-30T10:45:12.555+0000] {processor.py:914} INFO - Processing file /opt/airflow/dags/system_dag.py for tasks to queue
[2026-03-30T10:45:12.557+0000] {logging_mixin.py:190} INFO - [2026-03-30T10:45:12.557+0000] {dagbag.py:588} INFO - Filling up the DagBag from /opt/airflow/dags/system_dag.py
[2026-03-30T10:45:12.584+0000] {processor.py:925} INFO - DAG(s) 'system_dag' retrieved from /opt/airflow/dags/system_dag.py
[2026-03-30T10:45:12.632+0000] {logging_mixin.py:190} INFO - [2026-03-30T10:45:12.631+0000] {dag.py:3239} INFO - Sync 1 DAGs
[2026-03-30T10:45:12.668+0000] {logging_mixin.py:190} INFO - [2026-03-30T10:45:12.667+0000] {dag.py:4180} INFO - Setting next_dagrun for system_dag to 2026-03-29T00:00:00+00:00, run_after=2026-03-30T00:00:00+00:00
[2026-03-30T10:45:12.703+0000] {processor.py:208} INFO - Processing /opt/airflow/dags/system_dag.py took 0.157 seconds
[2026-03-30T10:45:45.017+0000] {processor.py:186} INFO - Started process (PID=1313) to work on /opt/airflow/dags/system_dag.py
[2026-03-30T10:45:45.018+0000] {processor.py:914} INFO - Processing file /opt/airflow/dags/system_dag.py for tasks to queue
[2026-03-30T10:45:45.019+0000] {logging_mixin.py:190} INFO - [2026-03-30T10:45:45.019+0000] {dagbag.py:588} INFO - Filling up the DagBag from /opt/airflow/dags/system_dag.py
[2026-03-30T10:45:45.037+0000] {processor.py:925} INFO - DAG(s) 'system_dag' retrieved from /opt/airflow/dags/system_dag.py
[2026-03-30T10:45:45.074+0000] {logging_mixin.py:190} INFO - [2026-03-30T10:45:45.074+0000] {dag.py:3239} INFO - Sync 1 DAGs
[2026-03-30T10:45:45.104+0000] {logging_mixin.py:190} INFO - [2026-03-30T10:45:45.103+0000] {dag.py:4180} INFO - Setting next_dagrun for system_dag to 2026-03-29T00:00:00+00:00, run_after=2026-03-30T00:00:00+00:00
[2026-03-30T10:45:45.132+0000] {processor.py:208} INFO - Processing /opt/airflow/dags/system_dag.py took 0.120 seconds
[2026-03-30T10:46:18.428+0000] {processor.py:186} INFO - Started process (PID=1317) to work on /opt/airflow/dags/system_dag.py
[2026-03-30T10:46:18.429+0000] {processor.py:914} INFO - Processing file /opt/airflow/dags/system_dag.py for tasks to queue
[2026-03-30T10:46:18.430+0000] {logging_mixin.py:190} INFO - [2026-03-30T10:46:18.430+0000] {dagbag.py:588} INFO - Filling up the DagBag from /opt/airflow/dags/system_dag.py
[2026-03-30T10:46:18.449+0000] {processor.py:925} INFO - DAG(s) 'system_dag' retrieved from /opt/airflow/dags/system_dag.py
[2026-03-30T10:46:18.488+0000] {logging_mixin.py:190} INFO - [2026-03-30T10:46:18.488+0000] {dag.py:3239} INFO - Sync 1 DAGs
[2026-03-30T10:46:18.519+0000] {logging_mixin.py:190} INFO - [2026-03-30T10:46:18.519+0000] {dag.py:4180} INFO - Setting next_dagrun for system_dag to 2026-03-29T00:00:00+00:00, run_after=2026-03-30T00:00:00+00:00
[2026-03-30T10:46:18.546+0000] {processor.py:208} INFO - Processing /opt/airflow/dags/system_dag.py took 0.123 seconds
[2026-03-30T10:46:51.058+0000] {processor.py:186} INFO - Started process (PID=1323) to work on /opt/airflow/dags/system_dag.py
[2026-03-30T10:46:51.059+0000] {processor.py:914} INFO - Processing file /opt/airflow/dags/system_dag.py for tasks to queue
[2026-03-30T10:46:51.060+0000] {logging_mixin.py:190} INFO - [2026-03-30T10:46:51.060+0000] {dagbag.py:588} INFO - Filling up the DagBag from /opt/airflow/dags/system_dag.py
[2026-03-30T10:46:51.076+0000] {processor.py:925} INFO - DAG(s) 'system_dag' retrieved from /opt/airflow/dags/system_dag.py
[2026-03-30T10:46:51.107+0000] {logging_mixin.py:190} INFO - [2026-03-30T10:46:51.107+0000] {dag.py:3239} INFO - Sync 1 DAGs
[2026-03-30T10:46:51.131+0000] {logging_mixin.py:190} INFO - [2026-03-30T10:46:51.131+0000] {dag.py:4180} INFO - Setting next_dagrun for system_dag to 2026-03-29T00:00:00+00:00, run_after=2026-03-30T00:00:00+00:00
[2026-03-30T10:46:51.155+0000] {processor.py:208} INFO - Processing /opt/airflow/dags/system_dag.py took 0.102 seconds
[2026-03-30T10:47:24.497+0000] {processor.py:186} INFO - Started process (PID=1327) to work on /opt/airflow/dags/system_dag.py
[2026-03-30T10:47:24.498+0000] {processor.py:914} INFO - Processing file /opt/airflow/dags/system_dag.py for tasks to queue
[2026-03-30T10:47:24.499+0000] {logging_mixin.py:190} INFO - [2026-03-30T10:47:24.499+0000] {dagbag.py:588} INFO - Filling up the DagBag from /opt/airflow/dags/system_dag.py
[2026-03-30T10:47:24.518+0000] {processor.py:925} INFO - DAG(s) 'system_dag' retrieved from /opt/airflow/dags/system_dag.py
[2026-03-30T10:47:24.559+0000] {logging_mixin.py:190} INFO - [2026-03-30T10:47:24.559+0000] {dag.py:3239} INFO - Sync 1 DAGs
[2026-03-30T10:47:24.596+0000] {logging_mixin.py:190} INFO - [2026-03-30T10:47:24.596+0000] {dag.py:4180} INFO - Setting next_dagrun for system_dag to 2026-03-29T00:00:00+00:00, run_after=2026-03-30T00:00:00+00:00
[2026-03-30T10:47:24.620+0000] {processor.py:208} INFO - Processing /opt/airflow/dags/system_dag.py took 0.130 seconds
[2026-03-30T10:47:56.974+0000] {processor.py:186} INFO - Started process (PID=1331) to work on /opt/airflow/dags/system_dag.py
[2026-03-30T10:47:56.975+0000] {processor.py:914} INFO - Processing file /opt/airflow/dags/system_dag.py for tasks to queue
[2026-03-30T10:47:56.976+0000] {logging_mixin.py:190} INFO - [2026-03-30T10:47:56.976+0000] {dagbag.py:588} INFO - Filling up the DagBag from /opt/airflow/dags/system_dag.py
[2026-03-30T10:47:56.992+0000] {processor.py:925} INFO - DAG(s) 'system_dag' retrieved from /opt/airflow/dags/system_dag.py
[2026-03-30T10:47:57.024+0000] {logging_mixin.py:190} INFO - [2026-03-30T10:47:57.024+0000] {dag.py:3239} INFO - Sync 1 DAGs
[2026-03-30T10:47:57.050+0000] {logging_mixin.py:190} INFO - [2026-03-30T10:47:57.050+0000] {dag.py:4180} INFO - Setting next_dagrun for system_dag to 2026-03-29T00:00:00+00:00, run_after=2026-03-30T00:00:00+00:00
[2026-03-30T10:47:57.069+0000] {processor.py:208} INFO - Processing /opt/airflow/dags/system_dag.py took 0.100 seconds
[2026-03-30T10:48:30.361+0000] {processor.py:186} INFO - Started process (PID=1335) to work on /opt/airflow/dags/system_dag.py
[2026-03-30T10:48:30.362+0000] {processor.py:914} INFO - Processing file /opt/airflow/dags/system_dag.py for tasks to queue
[2026-03-30T10:48:30.363+0000] {logging_mixin.py:190} INFO - [2026-03-30T10:48:30.363+0000] {dagbag.py:588} INFO - Filling up the DagBag from /opt/airflow/dags/system_dag.py
[2026-03-30T10:48:30.381+0000] {processor.py:925} INFO - DAG(s) 'system_dag' retrieved from /opt/airflow/dags/system_dag.py
[2026-03-30T10:48:30.415+0000] {logging_mixin.py:190} INFO - [2026-03-30T10:48:30.415+0000] {dag.py:3239} INFO - Sync 1 DAGs
[2026-03-30T10:48:30.443+0000] {logging_mixin.py:190} INFO - [2026-03-30T10:48:30.442+0000] {dag.py:4180} INFO - Setting next_dagrun for system_dag to 2026-03-29T00:00:00+00:00, run_after=2026-03-30T00:00:00+00:00
[2026-03-30T10:48:30.463+0000] {processor.py:208} INFO - Processing /opt/airflow/dags/system_dag.py took 0.107 seconds
[2026-03-30T10:49:02.847+0000] {processor.py:186} INFO - Started process (PID=1339) to work on /opt/airflow/dags/system_dag.py
[2026-03-30T10:49:02.848+0000] {processor.py:914} INFO - Processing file /opt/airflow/dags/system_dag.py for tasks to queue
[2026-03-30T10:49:02.850+0000] {logging_mixin.py:190} INFO - [2026-03-30T10:49:02.849+0000] {dagbag.py:588} INFO - Filling up the DagBag from /opt/airflow/dags/system_dag.py
[2026-03-30T10:49:02.878+0000] {processor.py:925} INFO - DAG(s) 'system_dag' retrieved from /opt/airflow/dags/system_dag.py
[2026-03-30T10:49:02.920+0000] {logging_mixin.py:190} INFO - [2026-03-30T10:49:02.919+0000] {dag.py:3239} INFO - Sync 1 DAGs
[2026-03-30T10:49:02.949+0000] {logging_mixin.py:190} INFO - [2026-03-30T10:49:02.948+0000] {dag.py:4180} INFO - Setting next_dagrun for system_dag to 2026-03-29T00:00:00+00:00, run_after=2026-03-30T00:00:00+00:00
[2026-03-30T10:49:02.970+0000] {processor.py:208} INFO - Processing /opt/airflow/dags/system_dag.py took 0.129 seconds
[2026-03-30T10:49:36.295+0000] {processor.py:186} INFO - Started process (PID=1343) to work on /opt/airflow/dags/system_dag.py
[2026-03-30T10:49:36.296+0000] {processor.py:914} INFO - Processing file /opt/airflow/dags/system_dag.py for tasks to queue
[2026-03-30T10:49:36.297+0000] {logging_mixin.py:190} INFO - [2026-03-30T10:49:36.297+0000] {dagbag.py:588} INFO - Filling up the DagBag from /opt/airflow/dags/system_dag.py
[2026-03-30T10:49:36.312+0000] {processor.py:925} INFO - DAG(s) 'system_dag' retrieved from /opt/airflow/dags/system_dag.py
[2026-03-30T10:49:36.344+0000] {logging_mixin.py:190} INFO - [2026-03-30T10:49:36.344+0000] {dag.py:3239} INFO - Sync 1 DAGs
[2026-03-30T10:49:36.370+0000] {logging_mixin.py:190} INFO - [2026-03-30T10:49:36.370+0000] {dag.py:4180} INFO - Setting next_dagrun for system_dag to 2026-03-29T00:00:00+00:00, run_after=2026-03-30T00:00:00+00:00
[2026-03-30T10:49:36.388+0000] {processor.py:208} INFO - Processing /opt/airflow/dags/system_dag.py took 0.097 seconds
[2026-03-30T10:50:08.708+0000] {processor.py:186} INFO - Started process (PID=1347) to work on /opt/airflow/dags/system_dag.py
[2026-03-30T10:50:08.709+0000] {processor.py:914} INFO - Processing file /opt/airflow/dags/system_dag.py for tasks to queue
[2026-03-30T10:50:08.711+0000] {logging_mixin.py:190} INFO - [2026-03-30T10:50:08.711+0000] {dagbag.py:588} INFO - Filling up the DagBag from /opt/airflow/dags/system_dag.py
[2026-03-30T10:50:08.727+0000] {processor.py:925} INFO - DAG(s) 'system_dag' retrieved from /opt/airflow/dags/system_dag.py
[2026-03-30T10:50:08.761+0000] {logging_mixin.py:190} INFO - [2026-03-30T10:50:08.761+0000] {dag.py:3239} INFO - Sync 1 DAGs
[2026-03-30T10:50:08.787+0000] {logging_mixin.py:190} INFO - [2026-03-30T10:50:08.787+0000] {dag.py:4180} INFO - Setting next_dagrun for system_dag to 2026-03-29T00:00:00+00:00, run_after=2026-03-30T00:00:00+00:00
[2026-03-30T10:50:08.809+0000] {processor.py:208} INFO - Processing /opt/airflow/dags/system_dag.py took 0.107 seconds
[2026-03-30T10:50:42.087+0000] {processor.py:186} INFO - Started process (PID=1351) to work on /opt/airflow/dags/system_dag.py
[2026-03-30T10:50:42.088+0000] {processor.py:914} INFO - Processing file /opt/airflow/dags/system_dag.py for tasks to queue
[2026-03-30T10:50:42.089+0000] {logging_mixin.py:190} INFO - [2026-03-30T10:50:42.089+0000] {dagbag.py:588} INFO - Filling up the DagBag from /opt/airflow/dags/system_dag.py
[2026-03-30T10:50:42.106+0000] {processor.py:925} INFO - DAG(s) 'system_dag' retrieved from /opt/airflow/dags/system_dag.py
[2026-03-30T10:50:42.137+0000] {logging_mixin.py:190} INFO - [2026-03-30T10:50:42.137+0000] {dag.py:3239} INFO - Sync 1 DAGs
[2026-03-30T10:50:42.168+0000] {logging_mixin.py:190} INFO - [2026-03-30T10:50:42.168+0000] {dag.py:4180} INFO - Setting next_dagrun for system_dag to 2026-03-29T00:00:00+00:00, run_after=2026-03-30T00:00:00+00:00
[2026-03-30T10:50:42.200+0000] {processor.py:208} INFO - Processing /opt/airflow/dags/system_dag.py took 0.118 seconds
[2026-03-30T10:51:14.559+0000] {processor.py:186} INFO - Started process (PID=1355) to work on /opt/airflow/dags/system_dag.py
[2026-03-30T10:51:14.560+0000] {processor.py:914} INFO - Processing file /opt/airflow/dags/system_dag.py for tasks to queue
[2026-03-30T10:51:14.561+0000] {logging_mixin.py:190} INFO - [2026-03-30T10:51:14.561+0000] {dagbag.py:588} INFO - Filling up the DagBag from /opt/airflow/dags/system_dag.py
[2026-03-30T10:51:14.576+0000] {processor.py:925} INFO - DAG(s) 'system_dag' retrieved from /opt/airflow/dags/system_dag.py
[2026-03-30T10:51:14.609+0000] {logging_mixin.py:190} INFO - [2026-03-30T10:51:14.609+0000] {dag.py:3239} INFO - Sync 1 DAGs
[2026-03-30T10:51:14.635+0000] {logging_mixin.py:190} INFO - [2026-03-30T10:51:14.635+0000] {dag.py:4180} INFO - Setting next_dagrun for system_dag to 2026-03-29T00:00:00+00:00, run_after=2026-03-30T00:00:00+00:00
[2026-03-30T10:51:14.655+0000] {processor.py:208} INFO - Processing /opt/airflow/dags/system_dag.py took 0.101 seconds
[2026-03-30T10:51:48.030+0000] {processor.py:186} INFO - Started process (PID=1359) to work on /opt/airflow/dags/system_dag.py
[2026-03-30T10:51:48.031+0000] {processor.py:914} INFO - Processing file /opt/airflow/dags/system_dag.py for tasks to queue
[2026-03-30T10:51:48.032+0000] {logging_mixin.py:190} INFO - [2026-03-30T10:51:48.032+0000] {dagbag.py:588} INFO - Filling up the DagBag from /opt/airflow/dags/system_dag.py
[2026-03-30T10:51:48.054+0000] {processor.py:925} INFO - DAG(s) 'system_dag' retrieved from /opt/airflow/dags/system_dag.py
[2026-03-30T10:51:48.091+0000] {logging_mixin.py:190} INFO - [2026-03-30T10:51:48.091+0000] {dag.py:3239} INFO - Sync 1 DAGs
[2026-03-30T10:51:48.118+0000] {logging_mixin.py:190} INFO - [2026-03-30T10:51:48.117+0000] {dag.py:4180} INFO - Setting next_dagrun for system_dag to 2026-03-29T00:00:00+00:00, run_after=2026-03-30T00:00:00+00:00
[2026-03-30T10:51:48.137+0000] {processor.py:208} INFO - Processing /opt/airflow/dags/system_dag.py took 0.114 seconds
[2026-03-30T10:52:20.515+0000] {processor.py:186} INFO - Started process (PID=1363) to work on /opt/airflow/dags/system_dag.py
[2026-03-30T10:52:20.516+0000] {processor.py:914} INFO - Processing file /opt/airflow/dags/system_dag.py for tasks to queue
[2026-03-30T10:52:20.517+0000] {logging_mixin.py:190} INFO - [2026-03-30T10:52:20.517+0000] {dagbag.py:588} INFO - Filling up the DagBag from /opt/airflow/dags/system_dag.py
[2026-03-30T10:52:20.533+0000] {processor.py:925} INFO - DAG(s) 'system_dag' retrieved from /opt/airflow/dags/system_dag.py
[2026-03-30T10:52:20.565+0000] {logging_mixin.py:190} INFO - [2026-03-30T10:52:20.565+0000] {dag.py:3239} INFO - Sync 1 DAGs
[2026-03-30T10:52:20.589+0000] {logging_mixin.py:190} INFO - [2026-03-30T10:52:20.589+0000] {dag.py:4180} INFO - Setting next_dagrun for system_dag to 2026-03-29T00:00:00+00:00, run_after=2026-03-30T00:00:00+00:00
[2026-03-30T10:52:20.607+0000] {processor.py:208} INFO - Processing /opt/airflow/dags/system_dag.py took 0.098 seconds
[2026-03-30T10:52:53.021+0000] {processor.py:186} INFO - Started process (PID=1367) to work on /opt/airflow/dags/system_dag.py
[2026-03-30T10:52:53.022+0000] {processor.py:914} INFO - Processing file /opt/airflow/dags/system_dag.py for tasks to queue
[2026-03-30T10:52:53.025+0000] {logging_mixin.py:190} INFO - [2026-03-30T10:52:53.025+0000] {dagbag.py:588} INFO - Filling up the DagBag from /opt/airflow/dags/system_dag.py
[2026-03-30T10:52:53.052+0000] {processor.py:925} INFO - DAG(s) 'system_dag' retrieved from /opt/airflow/dags/system_dag.py
[2026-03-30T10:52:53.091+0000] {logging_mixin.py:190} INFO - [2026-03-30T10:52:53.090+0000] {dag.py:3239} INFO - Sync 1 DAGs
[2026-03-30T10:52:53.120+0000] {logging_mixin.py:190} INFO - [2026-03-30T10:52:53.120+0000] {dag.py:4180} INFO - Setting next_dagrun for system_dag to 2026-03-29T00:00:00+00:00, run_after=2026-03-30T00:00:00+00:00
[2026-03-30T10:52:53.142+0000] {processor.py:208} INFO - Processing /opt/airflow/dags/system_dag.py took 0.130 seconds
[2026-03-30T10:53:26.465+0000] {processor.py:186} INFO - Started process (PID=1371) to work on /opt/airflow/dags/system_dag.py
[2026-03-30T10:53:26.465+0000] {processor.py:914} INFO - Processing file /opt/airflow/dags/system_dag.py for tasks to queue
[2026-03-30T10:53:26.467+0000] {logging_mixin.py:190} INFO - [2026-03-30T10:53:26.466+0000] {dagbag.py:588} INFO - Filling up the DagBag from /opt/airflow/dags/system_dag.py
[2026-03-30T10:53:26.485+0000] {processor.py:925} INFO - DAG(s) 'system_dag' retrieved from /opt/airflow/dags/system_dag.py
[2026-03-30T10:53:26.522+0000] {logging_mixin.py:190} INFO - [2026-03-30T10:53:26.522+0000] {dag.py:3239} INFO - Sync 1 DAGs
[2026-03-30T10:53:26.550+0000] {logging_mixin.py:190} INFO - [2026-03-30T10:53:26.550+0000] {dag.py:4180} INFO - Setting next_dagrun for system_dag to 2026-03-29T00:00:00+00:00, run_after=2026-03-30T00:00:00+00:00
[2026-03-30T10:53:26.577+0000] {processor.py:208} INFO - Processing /opt/airflow/dags/system_dag.py took 0.120 seconds
[2026-03-30T10:53:57.109+0000] {processor.py:186} INFO - Started process (PID=1375) to work on /opt/airflow/dags/system_dag.py
[2026-03-30T10:53:58.879+0000] {processor.py:914} INFO - Processing file /opt/airflow/dags/system_dag.py for tasks to queue
[2026-03-30T10:53:58.880+0000] {logging_mixin.py:190} INFO - [2026-03-30T10:53:58.880+0000] {dagbag.py:588} INFO - Filling up the DagBag from /opt/airflow/dags/system_dag.py
[2026-03-30T10:53:58.899+0000] {processor.py:925} INFO - DAG(s) 'system_dag' retrieved from /opt/airflow/dags/system_dag.py
[2026-03-30T10:53:58.936+0000] {logging_mixin.py:190} INFO - [2026-03-30T10:53:58.935+0000] {dag.py:3239} INFO - Sync 1 DAGs
[2026-03-30T10:53:58.967+0000] {logging_mixin.py:190} INFO - [2026-03-30T10:53:58.967+0000] {dag.py:4180} INFO - Setting next_dagrun for system_dag to 2026-03-29T00:00:00+00:00, run_after=2026-03-30T00:00:00+00:00
[2026-03-30T10:53:59.000+0000] {processor.py:208} INFO - Processing /opt/airflow/dags/system_dag.py took 0.130 seconds
[2026-03-30T10:54:32.310+0000] {processor.py:186} INFO - Started process (PID=1379) to work on /opt/airflow/dags/system_dag.py
[2026-03-30T10:54:32.311+0000] {processor.py:914} INFO - Processing file /opt/airflow/dags/system_dag.py for tasks to queue
[2026-03-30T10:54:32.312+0000] {logging_mixin.py:190} INFO - [2026-03-30T10:54:32.312+0000] {dagbag.py:588} INFO - Filling up the DagBag from /opt/airflow/dags/system_dag.py
[2026-03-30T10:54:32.331+0000] {processor.py:925} INFO - DAG(s) 'system_dag' retrieved from /opt/airflow/dags/system_dag.py
[2026-03-30T10:54:32.386+0000] {logging_mixin.py:190} INFO - [2026-03-30T10:54:32.386+0000] {dag.py:3239} INFO - Sync 1 DAGs
[2026-03-30T10:54:32.418+0000] {logging_mixin.py:190} INFO - [2026-03-30T10:54:32.418+0000] {dag.py:4180} INFO - Setting next_dagrun for system_dag to 2026-03-29T00:00:00+00:00, run_after=2026-03-30T00:00:00+00:00
[2026-03-30T10:54:32.444+0000] {processor.py:208} INFO - Processing /opt/airflow/dags/system_dag.py took 0.140 seconds
[2026-03-30T10:55:02.897+0000] {processor.py:186} INFO - Started process (PID=1383) to work on /opt/airflow/dags/system_dag.py
[2026-03-30T10:55:02.898+0000] {processor.py:914} INFO - Processing file /opt/airflow/dags/system_dag.py for tasks to queue
[2026-03-30T10:55:02.899+0000] {logging_mixin.py:190} INFO - [2026-03-30T10:55:02.899+0000] {dagbag.py:588} INFO - Filling up the DagBag from /opt/airflow/dags/system_dag.py
[2026-03-30T10:55:02.917+0000] {processor.py:925} INFO - DAG(s) 'system_dag' retrieved from /opt/airflow/dags/system_dag.py
[2026-03-30T10:55:02.955+0000] {logging_mixin.py:190} INFO - [2026-03-30T10:55:02.954+0000] {dag.py:3239} INFO - Sync 1 DAGs
[2026-03-30T10:55:04.742+0000] {logging_mixin.py:190} INFO - [2026-03-30T10:55:04.742+0000] {dag.py:4180} INFO - Setting next_dagrun for system_dag to 2026-03-29T00:00:00+00:00, run_after=2026-03-30T00:00:00+00:00
[2026-03-30T10:55:04.773+0000] {processor.py:208} INFO - Processing /opt/airflow/dags/system_dag.py took 0.125 seconds
[2026-03-30T10:55:38.080+0000] {processor.py:186} INFO - Started process (PID=1387) to work on /opt/airflow/dags/system_dag.py
[2026-03-30T10:55:38.080+0000] {processor.py:914} INFO - Processing file /opt/airflow/dags/system_dag.py for tasks to queue
[2026-03-30T10:55:38.082+0000] {logging_mixin.py:190} INFO - [2026-03-30T10:55:38.081+0000] {dagbag.py:588} INFO - Filling up the DagBag from /opt/airflow/dags/system_dag.py
[2026-03-30T10:55:38.099+0000] {processor.py:925} INFO - DAG(s) 'system_dag' retrieved from /opt/airflow/dags/system_dag.py
[2026-03-30T10:55:38.135+0000] {logging_mixin.py:190} INFO - [2026-03-30T10:55:38.134+0000] {dag.py:3239} INFO - Sync 1 DAGs
[2026-03-30T10:55:38.161+0000] {logging_mixin.py:190} INFO - [2026-03-30T10:55:38.161+0000] {dag.py:4180} INFO - Setting next_dagrun for system_dag to 2026-03-29T00:00:00+00:00, run_after=2026-03-30T00:00:00+00:00
[2026-03-30T10:55:38.188+0000] {processor.py:208} INFO - Processing /opt/airflow/dags/system_dag.py took 0.113 seconds
[2026-03-30T10:56:08.720+0000] {processor.py:186} INFO - Started process (PID=1391) to work on /opt/airflow/dags/system_dag.py
[2026-03-30T10:56:08.721+0000] {processor.py:914} INFO - Processing file /opt/airflow/dags/system_dag.py for tasks to queue
[2026-03-30T10:56:08.722+0000] {logging_mixin.py:190} INFO - [2026-03-30T10:56:08.722+0000] {dagbag.py:588} INFO - Filling up the DagBag from /opt/airflow/dags/system_dag.py
[2026-03-30T10:56:08.739+0000] {processor.py:925} INFO - DAG(s) 'system_dag' retrieved from /opt/airflow/dags/system_dag.py
[2026-03-30T10:56:08.776+0000] {logging_mixin.py:190} INFO - [2026-03-30T10:56:08.776+0000] {dag.py:3239} INFO - Sync 1 DAGs
[2026-03-30T10:56:08.803+0000] {logging_mixin.py:190} INFO - [2026-03-30T10:56:08.803+0000] {dag.py:4180} INFO - Setting next_dagrun for system_dag to 2026-03-29T00:00:00+00:00, run_after=2026-03-30T00:00:00+00:00
[2026-03-30T10:56:08.832+0000] {processor.py:208} INFO - Processing /opt/airflow/dags/system_dag.py took 0.118 seconds
[2026-03-30T10:56:38.926+0000] {processor.py:186} INFO - Started process (PID=1395) to work on /opt/airflow/dags/system_dag.py
[2026-03-30T10:56:38.927+0000] {processor.py:914} INFO - Processing file /opt/airflow/dags/system_dag.py for tasks to queue
[2026-03-30T10:56:38.928+0000] {logging_mixin.py:190} INFO - [2026-03-30T10:56:38.928+0000] {dagbag.py:588} INFO - Filling up the DagBag from /opt/airflow/dags/system_dag.py
[2026-03-30T10:56:38.950+0000] {processor.py:925} INFO - DAG(s) 'system_dag' retrieved from /opt/airflow/dags/system_dag.py
[2026-03-30T10:56:38.985+0000] {logging_mixin.py:190} INFO - [2026-03-30T10:56:38.985+0000] {dag.py:3239} INFO - Sync 1 DAGs
[2026-03-30T10:56:39.013+0000] {logging_mixin.py:190} INFO - [2026-03-30T10:56:39.013+0000] {dag.py:4180} INFO - Setting next_dagrun for system_dag to 2026-03-29T00:00:00+00:00, run_after=2026-03-30T00:00:00+00:00
[2026-03-30T10:56:39.041+0000] {processor.py:208} INFO - Processing /opt/airflow/dags/system_dag.py took 0.121 seconds
[2026-03-30T10:57:09.348+0000] {processor.py:186} INFO - Started process (PID=1399) to work on /opt/airflow/dags/system_dag.py
[2026-03-30T10:57:09.348+0000] {processor.py:914} INFO - Processing file /opt/airflow/dags/system_dag.py for tasks to queue
[2026-03-30T10:57:09.350+0000] {logging_mixin.py:190} INFO - [2026-03-30T10:57:09.350+0000] {dagbag.py:588} INFO - Filling up the DagBag from /opt/airflow/dags/system_dag.py
[2026-03-30T10:57:09.368+0000] {processor.py:925} INFO - DAG(s) 'system_dag' retrieved from /opt/airflow/dags/system_dag.py
[2026-03-30T10:57:09.403+0000] {logging_mixin.py:190} INFO - [2026-03-30T10:57:09.402+0000] {dag.py:3239} INFO - Sync 1 DAGs
[2026-03-30T10:57:09.433+0000] {logging_mixin.py:190} INFO - [2026-03-30T10:57:09.433+0000] {dag.py:4180} INFO - Setting next_dagrun for system_dag to 2026-03-29T00:00:00+00:00, run_after=2026-03-30T00:00:00+00:00
[2026-03-30T10:57:09.469+0000] {processor.py:208} INFO - Processing /opt/airflow/dags/system_dag.py took 0.127 seconds
[2026-03-30T10:57:39.547+0000] {processor.py:186} INFO - Started process (PID=1403) to work on /opt/airflow/dags/system_dag.py
[2026-03-30T10:57:39.547+0000] {processor.py:914} INFO - Processing file /opt/airflow/dags/system_dag.py for tasks to queue
[2026-03-30T10:57:39.548+0000] {logging_mixin.py:190} INFO - [2026-03-30T10:57:39.548+0000] {dagbag.py:588} INFO - Filling up the DagBag from /opt/airflow/dags/system_dag.py
[2026-03-30T10:57:39.565+0000] {processor.py:925} INFO - DAG(s) 'system_dag' retrieved from /opt/airflow/dags/system_dag.py
[2026-03-30T10:57:39.599+0000] {logging_mixin.py:190} INFO - [2026-03-30T10:57:39.599+0000] {dag.py:3239} INFO - Sync 1 DAGs
[2026-03-30T10:57:39.628+0000] {logging_mixin.py:190} INFO - [2026-03-30T10:57:39.628+0000] {dag.py:4180} INFO - Setting next_dagrun for system_dag to 2026-03-29T00:00:00+00:00, run_after=2026-03-30T00:00:00+00:00
[2026-03-30T10:57:39.655+0000] {processor.py:208} INFO - Processing /opt/airflow/dags/system_dag.py took 0.113 seconds
[2026-03-30T10:58:09.917+0000] {processor.py:186} INFO - Started process (PID=1407) to work on /opt/airflow/dags/system_dag.py
[2026-03-30T10:58:09.918+0000] {processor.py:914} INFO - Processing file /opt/airflow/dags/system_dag.py for tasks to queue
[2026-03-30T10:58:09.919+0000] {logging_mixin.py:190} INFO - [2026-03-30T10:58:09.919+0000] {dagbag.py:588} INFO - Filling up the DagBag from /opt/airflow/dags/system_dag.py
[2026-03-30T10:58:09.935+0000] {processor.py:925} INFO - DAG(s) 'system_dag' retrieved from /opt/airflow/dags/system_dag.py
[2026-03-30T10:58:09.980+0000] {logging_mixin.py:190} INFO - [2026-03-30T10:58:09.980+0000] {dag.py:3239} INFO - Sync 1 DAGs
[2026-03-30T10:58:10.007+0000] {logging_mixin.py:190} INFO - [2026-03-30T10:58:10.007+0000] {dag.py:4180} INFO - Setting next_dagrun for system_dag to 2026-03-29T00:00:00+00:00, run_after=2026-03-30T00:00:00+00:00
[2026-03-30T10:58:10.033+0000] {processor.py:208} INFO - Processing /opt/airflow/dags/system_dag.py took 0.121 seconds
[2026-03-30T10:58:40.325+0000] {processor.py:186} INFO - Started process (PID=1411) to work on /opt/airflow/dags/system_dag.py
[2026-03-30T10:58:40.325+0000] {processor.py:914} INFO - Processing file /opt/airflow/dags/system_dag.py for tasks to queue
[2026-03-30T10:58:40.326+0000] {logging_mixin.py:190} INFO - [2026-03-30T10:58:40.326+0000] {dagbag.py:588} INFO - Filling up the DagBag from /opt/airflow/dags/system_dag.py
[2026-03-30T10:58:40.341+0000] {processor.py:925} INFO - DAG(s) 'system_dag' retrieved from /opt/airflow/dags/system_dag.py
[2026-03-30T10:58:40.382+0000] {logging_mixin.py:190} INFO - [2026-03-30T10:58:40.382+0000] {dag.py:3239} INFO - Sync 1 DAGs
[2026-03-30T10:58:40.411+0000] {logging_mixin.py:190} INFO - [2026-03-30T10:58:40.411+0000] {dag.py:4180} INFO - Setting next_dagrun for system_dag to 2026-03-29T00:00:00+00:00, run_after=2026-03-30T00:00:00+00:00
[2026-03-30T10:58:40.439+0000] {processor.py:208} INFO - Processing /opt/airflow/dags/system_dag.py took 0.119 seconds
[2026-03-30T10:59:10.729+0000] {processor.py:186} INFO - Started process (PID=1415) to work on /opt/airflow/dags/system_dag.py
[2026-03-30T10:59:10.730+0000] {processor.py:914} INFO - Processing file /opt/airflow/dags/system_dag.py for tasks to queue
[2026-03-30T10:59:10.732+0000] {logging_mixin.py:190} INFO - [2026-03-30T10:59:10.731+0000] {dagbag.py:588} INFO - Filling up the DagBag from /opt/airflow/dags/system_dag.py
[2026-03-30T10:59:10.750+0000] {processor.py:925} INFO - DAG(s) 'system_dag' retrieved from /opt/airflow/dags/system_dag.py
[2026-03-30T10:59:10.787+0000] {logging_mixin.py:190} INFO - [2026-03-30T10:59:10.787+0000] {dag.py:3239} INFO - Sync 1 DAGs
[2026-03-30T10:59:10.815+0000] {logging_mixin.py:190} INFO - [2026-03-30T10:59:10.814+0000] {dag.py:4180} INFO - Setting next_dagrun for system_dag to 2026-03-29T00:00:00+00:00, run_after=2026-03-30T00:00:00+00:00
[2026-03-30T10:59:10.843+0000] {processor.py:208} INFO - Processing /opt/airflow/dags/system_dag.py took 0.121 seconds
[2026-03-30T10:59:41.076+0000] {processor.py:186} INFO - Started process (PID=1419) to work on /opt/airflow/dags/system_dag.py
[2026-03-30T10:59:41.077+0000] {processor.py:914} INFO - Processing file /opt/airflow/dags/system_dag.py for tasks to queue
[2026-03-30T10:59:41.078+0000] {logging_mixin.py:190} INFO - [2026-03-30T10:59:41.078+0000] {dagbag.py:588} INFO - Filling up the DagBag from /opt/airflow/dags/system_dag.py
[2026-03-30T10:59:41.098+0000] {processor.py:925} INFO - DAG(s) 'system_dag' retrieved from /opt/airflow/dags/system_dag.py
[2026-03-30T10:59:41.136+0000] {logging_mixin.py:190} INFO - [2026-03-30T10:59:41.135+0000] {dag.py:3239} INFO - Sync 1 DAGs
[2026-03-30T10:59:41.170+0000] {logging_mixin.py:190} INFO - [2026-03-30T10:59:41.170+0000] {dag.py:4180} INFO - Setting next_dagrun for system_dag to 2026-03-29T00:00:00+00:00, run_after=2026-03-30T00:00:00+00:00
[2026-03-30T10:59:41.203+0000] {processor.py:208} INFO - Processing /opt/airflow/dags/system_dag.py took 0.133 seconds
[2026-03-30T11:00:11.429+0000] {processor.py:186} INFO - Started process (PID=1423) to work on /opt/airflow/dags/system_dag.py
[2026-03-30T11:00:11.429+0000] {processor.py:914} INFO - Processing file /opt/airflow/dags/system_dag.py for tasks to queue
[2026-03-30T11:00:11.431+0000] {logging_mixin.py:190} INFO - [2026-03-30T11:00:11.430+0000] {dagbag.py:588} INFO - Filling up the DagBag from /opt/airflow/dags/system_dag.py
[2026-03-30T11:00:11.451+0000] {processor.py:925} INFO - DAG(s) 'system_dag' retrieved from /opt/airflow/dags/system_dag.py
[2026-03-30T11:00:11.492+0000] {logging_mixin.py:190} INFO - [2026-03-30T11:00:11.492+0000] {dag.py:3239} INFO - Sync 1 DAGs
[2026-03-30T11:00:11.524+0000] {logging_mixin.py:190} INFO - [2026-03-30T11:00:11.523+0000] {dag.py:4180} INFO - Setting next_dagrun for system_dag to 2026-03-29T00:00:00+00:00, run_after=2026-03-30T00:00:00+00:00
[2026-03-30T11:00:11.560+0000] {processor.py:208} INFO - Processing /opt/airflow/dags/system_dag.py took 0.138 seconds
[2026-03-30T11:00:41.768+0000] {processor.py:186} INFO - Started process (PID=1427) to work on /opt/airflow/dags/system_dag.py
[2026-03-30T11:00:41.768+0000] {processor.py:914} INFO - Processing file /opt/airflow/dags/system_dag.py for tasks to queue
[2026-03-30T11:00:41.769+0000] {logging_mixin.py:190} INFO - [2026-03-30T11:00:41.769+0000] {dagbag.py:588} INFO - Filling up the DagBag from /opt/airflow/dags/system_dag.py
[2026-03-30T11:00:41.787+0000] {processor.py:925} INFO - DAG(s) 'system_dag' retrieved from /opt/airflow/dags/system_dag.py
[2026-03-30T11:00:41.822+0000] {logging_mixin.py:190} INFO - [2026-03-30T11:00:41.822+0000] {dag.py:3239} INFO - Sync 1 DAGs
[2026-03-30T11:00:41.854+0000] {logging_mixin.py:190} INFO - [2026-03-30T11:00:41.854+0000] {dag.py:4180} INFO - Setting next_dagrun for system_dag to 2026-03-29T00:00:00+00:00, run_after=2026-03-30T00:00:00+00:00
[2026-03-30T11:00:41.885+0000] {processor.py:208} INFO - Processing /opt/airflow/dags/system_dag.py took 0.122 seconds
