[2026-04-25T05:01:09.863+0000] {processor.py:186} INFO - Started process (PID=40) to work on /opt/airflow/dags/system_dag.py
[2026-04-25T05:01:09.864+0000] {processor.py:914} INFO - Processing file /opt/airflow/dags/system_dag.py for tasks to queue
[2026-04-25T05:01:09.867+0000] {logging_mixin.py:190} INFO - [2026-04-25T05:01:09.866+0000] {dagbag.py:588} INFO - Filling up the DagBag from /opt/airflow/dags/system_dag.py
[2026-04-25T05:01:09.894+0000] {processor.py:925} INFO - DAG(s) 'system_dag' retrieved from /opt/airflow/dags/system_dag.py
[2026-04-25T05:01:09.973+0000] {logging_mixin.py:190} INFO - [2026-04-25T05:01:09.973+0000] {dag.py:3239} INFO - Sync 1 DAGs
[2026-04-25T05:01:10.052+0000] {logging_mixin.py:190} INFO - [2026-04-25T05:01:10.051+0000] {dag.py:4180} INFO - Setting next_dagrun for system_dag to 2026-04-24T00:00:00+00:00, run_after=2026-04-25T00:00:00+00:00
[2026-04-25T05:01:10.102+0000] {processor.py:208} INFO - Processing /opt/airflow/dags/system_dag.py took 0.247 seconds
[2026-04-25T05:01:40.275+0000] {processor.py:186} INFO - Started process (PID=44) to work on /opt/airflow/dags/system_dag.py
[2026-04-25T05:01:40.277+0000] {processor.py:914} INFO - Processing file /opt/airflow/dags/system_dag.py for tasks to queue
[2026-04-25T05:01:40.290+0000] {logging_mixin.py:190} INFO - [2026-04-25T05:01:40.289+0000] {dagbag.py:588} INFO - Filling up the DagBag from /opt/airflow/dags/system_dag.py
[2026-04-25T05:01:40.380+0000] {processor.py:925} INFO - DAG(s) 'system_dag' retrieved from /opt/airflow/dags/system_dag.py
[2026-04-25T05:01:40.513+0000] {logging_mixin.py:190} INFO - [2026-04-25T05:01:40.512+0000] {dag.py:3239} INFO - Sync 1 DAGs
[2026-04-25T05:01:40.620+0000] {logging_mixin.py:190} INFO - [2026-04-25T05:01:40.620+0000] {dag.py:4180} INFO - Setting next_dagrun for system_dag to 2026-04-24T00:00:00+00:00, run_after=2026-04-25T00:00:00+00:00
[2026-04-25T05:01:40.675+0000] {processor.py:208} INFO - Processing /opt/airflow/dags/system_dag.py took 0.420 seconds
[2026-04-25T05:02:10.983+0000] {processor.py:186} INFO - Started process (PID=48) to work on /opt/airflow/dags/system_dag.py
[2026-04-25T05:02:10.984+0000] {processor.py:914} INFO - Processing file /opt/airflow/dags/system_dag.py for tasks to queue
[2026-04-25T05:02:10.985+0000] {logging_mixin.py:190} INFO - [2026-04-25T05:02:10.985+0000] {dagbag.py:588} INFO - Filling up the DagBag from /opt/airflow/dags/system_dag.py
[2026-04-25T05:02:11.020+0000] {processor.py:925} INFO - DAG(s) 'system_dag' retrieved from /opt/airflow/dags/system_dag.py
[2026-04-25T05:02:11.080+0000] {logging_mixin.py:190} INFO - [2026-04-25T05:02:11.079+0000] {dag.py:3239} INFO - Sync 1 DAGs
[2026-04-25T05:02:11.123+0000] {logging_mixin.py:190} INFO - [2026-04-25T05:02:11.123+0000] {dag.py:4180} INFO - Setting next_dagrun for system_dag to 2026-04-24T00:00:00+00:00, run_after=2026-04-25T00:00:00+00:00
[2026-04-25T05:02:11.158+0000] {processor.py:208} INFO - Processing /opt/airflow/dags/system_dag.py took 0.186 seconds
[2026-04-25T05:02:41.785+0000] {processor.py:186} INFO - Started process (PID=52) to work on /opt/airflow/dags/system_dag.py
[2026-04-25T05:02:41.787+0000] {processor.py:914} INFO - Processing file /opt/airflow/dags/system_dag.py for tasks to queue
[2026-04-25T05:02:41.790+0000] {logging_mixin.py:190} INFO - [2026-04-25T05:02:41.789+0000] {dagbag.py:588} INFO - Filling up the DagBag from /opt/airflow/dags/system_dag.py
[2026-04-25T05:02:41.835+0000] {processor.py:925} INFO - DAG(s) 'system_dag' retrieved from /opt/airflow/dags/system_dag.py
[2026-04-25T05:02:41.922+0000] {logging_mixin.py:190} INFO - [2026-04-25T05:02:41.922+0000] {dag.py:3239} INFO - Sync 1 DAGs
[2026-04-25T05:02:42.025+0000] {logging_mixin.py:190} INFO - [2026-04-25T05:02:42.025+0000] {dag.py:4180} INFO - Setting next_dagrun for system_dag to 2026-04-24T00:00:00+00:00, run_after=2026-04-25T00:00:00+00:00
[2026-04-25T05:02:42.113+0000] {processor.py:208} INFO - Processing /opt/airflow/dags/system_dag.py took 0.339 seconds
[2026-04-25T05:03:13.073+0000] {processor.py:186} INFO - Started process (PID=56) to work on /opt/airflow/dags/system_dag.py
[2026-04-25T05:03:13.075+0000] {processor.py:914} INFO - Processing file /opt/airflow/dags/system_dag.py for tasks to queue
[2026-04-25T05:03:13.078+0000] {logging_mixin.py:190} INFO - [2026-04-25T05:03:13.077+0000] {dagbag.py:588} INFO - Filling up the DagBag from /opt/airflow/dags/system_dag.py
[2026-04-25T05:03:13.140+0000] {processor.py:925} INFO - DAG(s) 'system_dag' retrieved from /opt/airflow/dags/system_dag.py
[2026-04-25T05:03:13.283+0000] {logging_mixin.py:190} INFO - [2026-04-25T05:03:13.282+0000] {dag.py:3239} INFO - Sync 1 DAGs
[2026-04-25T05:03:13.390+0000] {logging_mixin.py:190} INFO - [2026-04-25T05:03:13.389+0000] {dag.py:4180} INFO - Setting next_dagrun for system_dag to 2026-04-24T00:00:00+00:00, run_after=2026-04-25T00:00:00+00:00
[2026-04-25T05:03:13.655+0000] {processor.py:208} INFO - Processing /opt/airflow/dags/system_dag.py took 0.595 seconds
[2026-04-25T05:03:44.838+0000] {processor.py:186} INFO - Started process (PID=60) to work on /opt/airflow/dags/system_dag.py
[2026-04-25T05:03:44.844+0000] {processor.py:914} INFO - Processing file /opt/airflow/dags/system_dag.py for tasks to queue
[2026-04-25T05:03:44.853+0000] {logging_mixin.py:190} INFO - [2026-04-25T05:03:44.852+0000] {dagbag.py:588} INFO - Filling up the DagBag from /opt/airflow/dags/system_dag.py
[2026-04-25T05:03:44.934+0000] {processor.py:925} INFO - DAG(s) 'system_dag' retrieved from /opt/airflow/dags/system_dag.py
[2026-04-25T05:03:45.123+0000] {logging_mixin.py:190} INFO - [2026-04-25T05:03:45.122+0000] {dag.py:3239} INFO - Sync 1 DAGs
[2026-04-25T05:03:45.270+0000] {logging_mixin.py:190} INFO - [2026-04-25T05:03:45.269+0000] {dag.py:4180} INFO - Setting next_dagrun for system_dag to 2026-04-24T00:00:00+00:00, run_after=2026-04-25T00:00:00+00:00
[2026-04-25T05:03:45.388+0000] {processor.py:208} INFO - Processing /opt/airflow/dags/system_dag.py took 0.572 seconds
[2026-04-25T05:04:15.683+0000] {processor.py:186} INFO - Started process (PID=64) to work on /opt/airflow/dags/system_dag.py
[2026-04-25T05:04:15.685+0000] {processor.py:914} INFO - Processing file /opt/airflow/dags/system_dag.py for tasks to queue
[2026-04-25T05:04:15.701+0000] {logging_mixin.py:190} INFO - [2026-04-25T05:04:15.700+0000] {dagbag.py:588} INFO - Filling up the DagBag from /opt/airflow/dags/system_dag.py
[2026-04-25T05:04:15.772+0000] {processor.py:925} INFO - DAG(s) 'system_dag' retrieved from /opt/airflow/dags/system_dag.py
[2026-04-25T05:04:15.879+0000] {logging_mixin.py:190} INFO - [2026-04-25T05:04:15.878+0000] {dag.py:3239} INFO - Sync 1 DAGs
[2026-04-25T05:04:15.982+0000] {logging_mixin.py:190} INFO - [2026-04-25T05:04:15.981+0000] {dag.py:4180} INFO - Setting next_dagrun for system_dag to 2026-04-24T00:00:00+00:00, run_after=2026-04-25T00:00:00+00:00
[2026-04-25T05:04:16.051+0000] {processor.py:208} INFO - Processing /opt/airflow/dags/system_dag.py took 0.390 seconds
[2026-04-25T05:04:46.205+0000] {processor.py:186} INFO - Started process (PID=68) to work on /opt/airflow/dags/system_dag.py
[2026-04-25T05:04:46.206+0000] {processor.py:914} INFO - Processing file /opt/airflow/dags/system_dag.py for tasks to queue
[2026-04-25T05:04:46.207+0000] {logging_mixin.py:190} INFO - [2026-04-25T05:04:46.207+0000] {dagbag.py:588} INFO - Filling up the DagBag from /opt/airflow/dags/system_dag.py
[2026-04-25T05:04:46.242+0000] {processor.py:925} INFO - DAG(s) 'system_dag' retrieved from /opt/airflow/dags/system_dag.py
[2026-04-25T05:04:46.296+0000] {logging_mixin.py:190} INFO - [2026-04-25T05:04:46.296+0000] {dag.py:3239} INFO - Sync 1 DAGs
[2026-04-25T05:04:46.347+0000] {logging_mixin.py:190} INFO - [2026-04-25T05:04:46.347+0000] {dag.py:4180} INFO - Setting next_dagrun for system_dag to 2026-04-24T00:00:00+00:00, run_after=2026-04-25T00:00:00+00:00
[2026-04-25T05:04:46.390+0000] {processor.py:208} INFO - Processing /opt/airflow/dags/system_dag.py took 0.200 seconds
[2026-04-25T05:05:16.975+0000] {processor.py:186} INFO - Started process (PID=72) to work on /opt/airflow/dags/system_dag.py
[2026-04-25T05:05:16.976+0000] {processor.py:914} INFO - Processing file /opt/airflow/dags/system_dag.py for tasks to queue
[2026-04-25T05:05:16.977+0000] {logging_mixin.py:190} INFO - [2026-04-25T05:05:16.977+0000] {dagbag.py:588} INFO - Filling up the DagBag from /opt/airflow/dags/system_dag.py
[2026-04-25T05:05:17.010+0000] {processor.py:925} INFO - DAG(s) 'system_dag' retrieved from /opt/airflow/dags/system_dag.py
[2026-04-25T05:05:17.068+0000] {logging_mixin.py:190} INFO - [2026-04-25T05:05:17.068+0000] {dag.py:3239} INFO - Sync 1 DAGs
[2026-04-25T05:05:17.106+0000] {logging_mixin.py:190} INFO - [2026-04-25T05:05:17.106+0000] {dag.py:4180} INFO - Setting next_dagrun for system_dag to 2026-04-24T00:00:00+00:00, run_after=2026-04-25T00:00:00+00:00
[2026-04-25T05:05:17.142+0000] {processor.py:208} INFO - Processing /opt/airflow/dags/system_dag.py took 0.177 seconds
[2026-04-25T05:05:48.425+0000] {processor.py:186} INFO - Started process (PID=76) to work on /opt/airflow/dags/system_dag.py
[2026-04-25T05:05:48.426+0000] {processor.py:914} INFO - Processing file /opt/airflow/dags/system_dag.py for tasks to queue
[2026-04-25T05:05:48.427+0000] {logging_mixin.py:190} INFO - [2026-04-25T05:05:48.427+0000] {dagbag.py:588} INFO - Filling up the DagBag from /opt/airflow/dags/system_dag.py
[2026-04-25T05:05:48.469+0000] {processor.py:925} INFO - DAG(s) 'system_dag' retrieved from /opt/airflow/dags/system_dag.py
[2026-04-25T05:05:48.593+0000] {logging_mixin.py:190} INFO - [2026-04-25T05:05:48.593+0000] {dag.py:3239} INFO - Sync 1 DAGs
[2026-04-25T05:05:48.665+0000] {logging_mixin.py:190} INFO - [2026-04-25T05:05:48.665+0000] {dag.py:4180} INFO - Setting next_dagrun for system_dag to 2026-04-24T00:00:00+00:00, run_after=2026-04-25T00:00:00+00:00
[2026-04-25T05:05:48.798+0000] {processor.py:208} INFO - Processing /opt/airflow/dags/system_dag.py took 0.385 seconds
[2026-04-25T05:06:19.332+0000] {processor.py:186} INFO - Started process (PID=80) to work on /opt/airflow/dags/system_dag.py
[2026-04-25T05:06:19.333+0000] {processor.py:914} INFO - Processing file /opt/airflow/dags/system_dag.py for tasks to queue
[2026-04-25T05:06:19.336+0000] {logging_mixin.py:190} INFO - [2026-04-25T05:06:19.335+0000] {dagbag.py:588} INFO - Filling up the DagBag from /opt/airflow/dags/system_dag.py
[2026-04-25T05:06:19.382+0000] {processor.py:925} INFO - DAG(s) 'system_dag' retrieved from /opt/airflow/dags/system_dag.py
[2026-04-25T05:06:19.460+0000] {logging_mixin.py:190} INFO - [2026-04-25T05:06:19.460+0000] {dag.py:3239} INFO - Sync 1 DAGs
[2026-04-25T05:06:19.529+0000] {logging_mixin.py:190} INFO - [2026-04-25T05:06:19.528+0000] {dag.py:4180} INFO - Setting next_dagrun for system_dag to 2026-04-24T00:00:00+00:00, run_after=2026-04-25T00:00:00+00:00
[2026-04-25T05:06:19.562+0000] {processor.py:208} INFO - Processing /opt/airflow/dags/system_dag.py took 0.249 seconds
[2026-04-25T05:06:50.270+0000] {processor.py:186} INFO - Started process (PID=84) to work on /opt/airflow/dags/system_dag.py
[2026-04-25T05:06:50.272+0000] {processor.py:914} INFO - Processing file /opt/airflow/dags/system_dag.py for tasks to queue
[2026-04-25T05:06:50.275+0000] {logging_mixin.py:190} INFO - [2026-04-25T05:06:50.275+0000] {dagbag.py:588} INFO - Filling up the DagBag from /opt/airflow/dags/system_dag.py
[2026-04-25T05:06:50.322+0000] {processor.py:925} INFO - DAG(s) 'system_dag' retrieved from /opt/airflow/dags/system_dag.py
[2026-04-25T05:06:50.453+0000] {logging_mixin.py:190} INFO - [2026-04-25T05:06:50.453+0000] {dag.py:3239} INFO - Sync 1 DAGs
[2026-04-25T05:06:50.503+0000] {logging_mixin.py:190} INFO - [2026-04-25T05:06:50.503+0000] {dag.py:4180} INFO - Setting next_dagrun for system_dag to 2026-04-24T00:00:00+00:00, run_after=2026-04-25T00:00:00+00:00
[2026-04-25T05:06:50.557+0000] {processor.py:208} INFO - Processing /opt/airflow/dags/system_dag.py took 0.297 seconds
[2026-04-25T05:07:21.524+0000] {processor.py:186} INFO - Started process (PID=88) to work on /opt/airflow/dags/system_dag.py
[2026-04-25T05:07:21.526+0000] {processor.py:914} INFO - Processing file /opt/airflow/dags/system_dag.py for tasks to queue
[2026-04-25T05:07:21.529+0000] {logging_mixin.py:190} INFO - [2026-04-25T05:07:21.528+0000] {dagbag.py:588} INFO - Filling up the DagBag from /opt/airflow/dags/system_dag.py
[2026-04-25T05:07:21.567+0000] {processor.py:925} INFO - DAG(s) 'system_dag' retrieved from /opt/airflow/dags/system_dag.py
[2026-04-25T05:07:21.645+0000] {logging_mixin.py:190} INFO - [2026-04-25T05:07:21.645+0000] {dag.py:3239} INFO - Sync 1 DAGs
[2026-04-25T05:07:21.697+0000] {logging_mixin.py:190} INFO - [2026-04-25T05:07:21.696+0000] {dag.py:4180} INFO - Setting next_dagrun for system_dag to 2026-04-24T00:00:00+00:00, run_after=2026-04-25T00:00:00+00:00
[2026-04-25T05:07:21.734+0000] {processor.py:208} INFO - Processing /opt/airflow/dags/system_dag.py took 0.222 seconds
[2026-04-25T05:07:52.438+0000] {processor.py:186} INFO - Started process (PID=92) to work on /opt/airflow/dags/system_dag.py
[2026-04-25T05:07:52.439+0000] {processor.py:914} INFO - Processing file /opt/airflow/dags/system_dag.py for tasks to queue
[2026-04-25T05:07:52.441+0000] {logging_mixin.py:190} INFO - [2026-04-25T05:07:52.441+0000] {dagbag.py:588} INFO - Filling up the DagBag from /opt/airflow/dags/system_dag.py
[2026-04-25T05:07:52.464+0000] {processor.py:925} INFO - DAG(s) 'system_dag' retrieved from /opt/airflow/dags/system_dag.py
[2026-04-25T05:07:52.514+0000] {logging_mixin.py:190} INFO - [2026-04-25T05:07:52.514+0000] {dag.py:3239} INFO - Sync 1 DAGs
[2026-04-25T05:07:52.631+0000] {logging_mixin.py:190} INFO - [2026-04-25T05:07:52.631+0000] {dag.py:4180} INFO - Setting next_dagrun for system_dag to 2026-04-24T00:00:00+00:00, run_after=2026-04-25T00:00:00+00:00
[2026-04-25T05:07:52.809+0000] {processor.py:208} INFO - Processing /opt/airflow/dags/system_dag.py took 0.378 seconds
[2026-04-25T05:08:23.018+0000] {processor.py:186} INFO - Started process (PID=96) to work on /opt/airflow/dags/system_dag.py
[2026-04-25T05:08:23.019+0000] {processor.py:914} INFO - Processing file /opt/airflow/dags/system_dag.py for tasks to queue
[2026-04-25T05:08:23.021+0000] {logging_mixin.py:190} INFO - [2026-04-25T05:08:23.021+0000] {dagbag.py:588} INFO - Filling up the DagBag from /opt/airflow/dags/system_dag.py
[2026-04-25T05:08:23.071+0000] {processor.py:925} INFO - DAG(s) 'system_dag' retrieved from /opt/airflow/dags/system_dag.py
[2026-04-25T05:08:23.184+0000] {logging_mixin.py:190} INFO - [2026-04-25T05:08:23.184+0000] {dag.py:3239} INFO - Sync 1 DAGs
[2026-04-25T05:08:23.299+0000] {logging_mixin.py:190} INFO - [2026-04-25T05:08:23.299+0000] {dag.py:4180} INFO - Setting next_dagrun for system_dag to 2026-04-24T00:00:00+00:00, run_after=2026-04-25T00:00:00+00:00
[2026-04-25T05:08:23.371+0000] {processor.py:208} INFO - Processing /opt/airflow/dags/system_dag.py took 0.371 seconds
[2026-04-25T05:08:54.296+0000] {processor.py:186} INFO - Started process (PID=100) to work on /opt/airflow/dags/system_dag.py
[2026-04-25T05:08:54.299+0000] {processor.py:914} INFO - Processing file /opt/airflow/dags/system_dag.py for tasks to queue
[2026-04-25T05:08:54.303+0000] {logging_mixin.py:190} INFO - [2026-04-25T05:08:54.303+0000] {dagbag.py:588} INFO - Filling up the DagBag from /opt/airflow/dags/system_dag.py
[2026-04-25T05:08:54.372+0000] {processor.py:925} INFO - DAG(s) 'system_dag' retrieved from /opt/airflow/dags/system_dag.py
[2026-04-25T05:08:54.506+0000] {logging_mixin.py:190} INFO - [2026-04-25T05:08:54.505+0000] {dag.py:3239} INFO - Sync 1 DAGs
[2026-04-25T05:08:54.585+0000] {logging_mixin.py:190} INFO - [2026-04-25T05:08:54.584+0000] {dag.py:4180} INFO - Setting next_dagrun for system_dag to 2026-04-24T00:00:00+00:00, run_after=2026-04-25T00:00:00+00:00
[2026-04-25T05:08:54.645+0000] {processor.py:208} INFO - Processing /opt/airflow/dags/system_dag.py took 0.365 seconds
[2026-04-25T05:09:25.629+0000] {processor.py:186} INFO - Started process (PID=104) to work on /opt/airflow/dags/system_dag.py
[2026-04-25T05:09:25.632+0000] {processor.py:914} INFO - Processing file /opt/airflow/dags/system_dag.py for tasks to queue
[2026-04-25T05:09:25.635+0000] {logging_mixin.py:190} INFO - [2026-04-25T05:09:25.634+0000] {dagbag.py:588} INFO - Filling up the DagBag from /opt/airflow/dags/system_dag.py
[2026-04-25T05:09:25.688+0000] {processor.py:925} INFO - DAG(s) 'system_dag' retrieved from /opt/airflow/dags/system_dag.py
[2026-04-25T05:09:25.857+0000] {logging_mixin.py:190} INFO - [2026-04-25T05:09:25.857+0000] {dag.py:3239} INFO - Sync 1 DAGs
[2026-04-25T05:09:25.920+0000] {logging_mixin.py:190} INFO - [2026-04-25T05:09:25.920+0000] {dag.py:4180} INFO - Setting next_dagrun for system_dag to 2026-04-24T00:00:00+00:00, run_after=2026-04-25T00:00:00+00:00
[2026-04-25T05:09:25.981+0000] {processor.py:208} INFO - Processing /opt/airflow/dags/system_dag.py took 0.367 seconds
[2026-04-25T05:09:56.268+0000] {processor.py:186} INFO - Started process (PID=108) to work on /opt/airflow/dags/system_dag.py
[2026-04-25T05:09:56.269+0000] {processor.py:914} INFO - Processing file /opt/airflow/dags/system_dag.py for tasks to queue
[2026-04-25T05:09:56.272+0000] {logging_mixin.py:190} INFO - [2026-04-25T05:09:56.271+0000] {dagbag.py:588} INFO - Filling up the DagBag from /opt/airflow/dags/system_dag.py
[2026-04-25T05:09:56.313+0000] {processor.py:925} INFO - DAG(s) 'system_dag' retrieved from /opt/airflow/dags/system_dag.py
[2026-04-25T05:09:56.388+0000] {logging_mixin.py:190} INFO - [2026-04-25T05:09:56.387+0000] {dag.py:3239} INFO - Sync 1 DAGs
[2026-04-25T05:09:56.450+0000] {logging_mixin.py:190} INFO - [2026-04-25T05:09:56.450+0000] {dag.py:4180} INFO - Setting next_dagrun for system_dag to 2026-04-24T00:00:00+00:00, run_after=2026-04-25T00:00:00+00:00
[2026-04-25T05:09:56.511+0000] {processor.py:208} INFO - Processing /opt/airflow/dags/system_dag.py took 0.255 seconds
[2026-04-25T05:10:27.060+0000] {processor.py:186} INFO - Started process (PID=112) to work on /opt/airflow/dags/system_dag.py
[2026-04-25T05:10:27.063+0000] {processor.py:914} INFO - Processing file /opt/airflow/dags/system_dag.py for tasks to queue
[2026-04-25T05:10:27.066+0000] {logging_mixin.py:190} INFO - [2026-04-25T05:10:27.066+0000] {dagbag.py:588} INFO - Filling up the DagBag from /opt/airflow/dags/system_dag.py
[2026-04-25T05:10:27.103+0000] {processor.py:925} INFO - DAG(s) 'system_dag' retrieved from /opt/airflow/dags/system_dag.py
[2026-04-25T05:10:27.178+0000] {logging_mixin.py:190} INFO - [2026-04-25T05:10:27.178+0000] {dag.py:3239} INFO - Sync 1 DAGs
[2026-04-25T05:10:27.232+0000] {logging_mixin.py:190} INFO - [2026-04-25T05:10:27.232+0000] {dag.py:4180} INFO - Setting next_dagrun for system_dag to 2026-04-24T00:00:00+00:00, run_after=2026-04-25T00:00:00+00:00
[2026-04-25T05:10:27.280+0000] {processor.py:208} INFO - Processing /opt/airflow/dags/system_dag.py took 0.235 seconds
[2026-04-25T05:10:57.894+0000] {processor.py:186} INFO - Started process (PID=116) to work on /opt/airflow/dags/system_dag.py
[2026-04-25T05:10:57.895+0000] {processor.py:914} INFO - Processing file /opt/airflow/dags/system_dag.py for tasks to queue
[2026-04-25T05:10:57.897+0000] {logging_mixin.py:190} INFO - [2026-04-25T05:10:57.896+0000] {dagbag.py:588} INFO - Filling up the DagBag from /opt/airflow/dags/system_dag.py
[2026-04-25T05:10:57.923+0000] {processor.py:925} INFO - DAG(s) 'system_dag' retrieved from /opt/airflow/dags/system_dag.py
[2026-04-25T05:10:57.969+0000] {logging_mixin.py:190} INFO - [2026-04-25T05:10:57.968+0000] {dag.py:3239} INFO - Sync 1 DAGs
[2026-04-25T05:10:58.016+0000] {logging_mixin.py:190} INFO - [2026-04-25T05:10:58.016+0000] {dag.py:4180} INFO - Setting next_dagrun for system_dag to 2026-04-24T00:00:00+00:00, run_after=2026-04-25T00:00:00+00:00
[2026-04-25T05:10:58.046+0000] {processor.py:208} INFO - Processing /opt/airflow/dags/system_dag.py took 0.161 seconds
[2026-04-25T05:11:28.633+0000] {processor.py:186} INFO - Started process (PID=120) to work on /opt/airflow/dags/system_dag.py
[2026-04-25T05:11:28.634+0000] {processor.py:914} INFO - Processing file /opt/airflow/dags/system_dag.py for tasks to queue
[2026-04-25T05:11:28.637+0000] {logging_mixin.py:190} INFO - [2026-04-25T05:11:28.636+0000] {dagbag.py:588} INFO - Filling up the DagBag from /opt/airflow/dags/system_dag.py
[2026-04-25T05:11:28.679+0000] {processor.py:925} INFO - DAG(s) 'system_dag' retrieved from /opt/airflow/dags/system_dag.py
[2026-04-25T05:11:28.756+0000] {logging_mixin.py:190} INFO - [2026-04-25T05:11:28.756+0000] {dag.py:3239} INFO - Sync 1 DAGs
[2026-04-25T05:11:28.831+0000] {logging_mixin.py:190} INFO - [2026-04-25T05:11:28.831+0000] {dag.py:4180} INFO - Setting next_dagrun for system_dag to 2026-04-24T00:00:00+00:00, run_after=2026-04-25T00:00:00+00:00
[2026-04-25T05:11:28.874+0000] {processor.py:208} INFO - Processing /opt/airflow/dags/system_dag.py took 0.253 seconds
[2026-04-25T05:11:59.525+0000] {processor.py:186} INFO - Started process (PID=124) to work on /opt/airflow/dags/system_dag.py
[2026-04-25T05:11:59.531+0000] {processor.py:914} INFO - Processing file /opt/airflow/dags/system_dag.py for tasks to queue
[2026-04-25T05:11:59.534+0000] {logging_mixin.py:190} INFO - [2026-04-25T05:11:59.533+0000] {dagbag.py:588} INFO - Filling up the DagBag from /opt/airflow/dags/system_dag.py
[2026-04-25T05:11:59.573+0000] {processor.py:925} INFO - DAG(s) 'system_dag' retrieved from /opt/airflow/dags/system_dag.py
[2026-04-25T05:11:59.647+0000] {logging_mixin.py:190} INFO - [2026-04-25T05:11:59.647+0000] {dag.py:3239} INFO - Sync 1 DAGs
[2026-04-25T05:11:59.707+0000] {logging_mixin.py:190} INFO - [2026-04-25T05:11:59.706+0000] {dag.py:4180} INFO - Setting next_dagrun for system_dag to 2026-04-24T00:00:00+00:00, run_after=2026-04-25T00:00:00+00:00
[2026-04-25T05:11:59.746+0000] {processor.py:208} INFO - Processing /opt/airflow/dags/system_dag.py took 0.235 seconds
[2026-04-25T05:12:29.841+0000] {processor.py:186} INFO - Started process (PID=128) to work on /opt/airflow/dags/system_dag.py
[2026-04-25T05:12:29.842+0000] {processor.py:914} INFO - Processing file /opt/airflow/dags/system_dag.py for tasks to queue
[2026-04-25T05:12:29.846+0000] {logging_mixin.py:190} INFO - [2026-04-25T05:12:29.846+0000] {dagbag.py:588} INFO - Filling up the DagBag from /opt/airflow/dags/system_dag.py
[2026-04-25T05:12:29.871+0000] {processor.py:925} INFO - DAG(s) 'system_dag' retrieved from /opt/airflow/dags/system_dag.py
[2026-04-25T05:12:29.919+0000] {logging_mixin.py:190} INFO - [2026-04-25T05:12:29.919+0000] {dag.py:3239} INFO - Sync 1 DAGs
[2026-04-25T05:12:29.963+0000] {logging_mixin.py:190} INFO - [2026-04-25T05:12:29.963+0000] {dag.py:4180} INFO - Setting next_dagrun for system_dag to 2026-04-24T00:00:00+00:00, run_after=2026-04-25T00:00:00+00:00
[2026-04-25T05:12:30.000+0000] {processor.py:208} INFO - Processing /opt/airflow/dags/system_dag.py took 0.168 seconds
[2026-04-25T05:13:00.967+0000] {processor.py:186} INFO - Started process (PID=132) to work on /opt/airflow/dags/system_dag.py
[2026-04-25T05:13:00.969+0000] {processor.py:914} INFO - Processing file /opt/airflow/dags/system_dag.py for tasks to queue
[2026-04-25T05:13:00.971+0000] {logging_mixin.py:190} INFO - [2026-04-25T05:13:00.970+0000] {dagbag.py:588} INFO - Filling up the DagBag from /opt/airflow/dags/system_dag.py
[2026-04-25T05:13:01.008+0000] {processor.py:925} INFO - DAG(s) 'system_dag' retrieved from /opt/airflow/dags/system_dag.py
[2026-04-25T05:13:01.202+0000] {logging_mixin.py:190} INFO - [2026-04-25T05:13:01.202+0000] {dag.py:3239} INFO - Sync 1 DAGs
[2026-04-25T05:13:01.310+0000] {logging_mixin.py:190} INFO - [2026-04-25T05:13:01.310+0000] {dag.py:4180} INFO - Setting next_dagrun for system_dag to 2026-04-24T00:00:00+00:00, run_after=2026-04-25T00:00:00+00:00
[2026-04-25T05:13:01.379+0000] {processor.py:208} INFO - Processing /opt/airflow/dags/system_dag.py took 0.423 seconds
[2026-04-25T05:13:32.267+0000] {processor.py:186} INFO - Started process (PID=136) to work on /opt/airflow/dags/system_dag.py
[2026-04-25T05:13:32.269+0000] {processor.py:914} INFO - Processing file /opt/airflow/dags/system_dag.py for tasks to queue
[2026-04-25T05:13:32.272+0000] {logging_mixin.py:190} INFO - [2026-04-25T05:13:32.271+0000] {dagbag.py:588} INFO - Filling up the DagBag from /opt/airflow/dags/system_dag.py
[2026-04-25T05:13:32.346+0000] {processor.py:925} INFO - DAG(s) 'system_dag' retrieved from /opt/airflow/dags/system_dag.py
[2026-04-25T05:13:32.554+0000] {logging_mixin.py:190} INFO - [2026-04-25T05:13:32.554+0000] {dag.py:3239} INFO - Sync 1 DAGs
[2026-04-25T05:13:32.745+0000] {logging_mixin.py:190} INFO - [2026-04-25T05:13:32.741+0000] {dag.py:4180} INFO - Setting next_dagrun for system_dag to 2026-04-24T00:00:00+00:00, run_after=2026-04-25T00:00:00+00:00
[2026-04-25T05:13:32.835+0000] {processor.py:208} INFO - Processing /opt/airflow/dags/system_dag.py took 0.590 seconds
[2026-04-25T05:14:03.675+0000] {processor.py:186} INFO - Started process (PID=140) to work on /opt/airflow/dags/system_dag.py
[2026-04-25T05:14:03.677+0000] {processor.py:914} INFO - Processing file /opt/airflow/dags/system_dag.py for tasks to queue
[2026-04-25T05:14:03.680+0000] {logging_mixin.py:190} INFO - [2026-04-25T05:14:03.679+0000] {dagbag.py:588} INFO - Filling up the DagBag from /opt/airflow/dags/system_dag.py
[2026-04-25T05:14:03.734+0000] {processor.py:925} INFO - DAG(s) 'system_dag' retrieved from /opt/airflow/dags/system_dag.py
[2026-04-25T05:14:03.848+0000] {logging_mixin.py:190} INFO - [2026-04-25T05:14:03.848+0000] {dag.py:3239} INFO - Sync 1 DAGs
[2026-04-25T05:14:03.935+0000] {logging_mixin.py:190} INFO - [2026-04-25T05:14:03.934+0000] {dag.py:4180} INFO - Setting next_dagrun for system_dag to 2026-04-24T00:00:00+00:00, run_after=2026-04-25T00:00:00+00:00
[2026-04-25T05:14:03.999+0000] {processor.py:208} INFO - Processing /opt/airflow/dags/system_dag.py took 0.344 seconds
[2026-04-25T05:14:34.689+0000] {processor.py:186} INFO - Started process (PID=144) to work on /opt/airflow/dags/system_dag.py
[2026-04-25T05:14:34.690+0000] {processor.py:914} INFO - Processing file /opt/airflow/dags/system_dag.py for tasks to queue
[2026-04-25T05:14:34.693+0000] {logging_mixin.py:190} INFO - [2026-04-25T05:14:34.692+0000] {dagbag.py:588} INFO - Filling up the DagBag from /opt/airflow/dags/system_dag.py
[2026-04-25T05:14:34.732+0000] {processor.py:925} INFO - DAG(s) 'system_dag' retrieved from /opt/airflow/dags/system_dag.py
[2026-04-25T05:14:34.829+0000] {logging_mixin.py:190} INFO - [2026-04-25T05:14:34.828+0000] {dag.py:3239} INFO - Sync 1 DAGs
[2026-04-25T05:14:34.902+0000] {logging_mixin.py:190} INFO - [2026-04-25T05:14:34.902+0000] {dag.py:4180} INFO - Setting next_dagrun for system_dag to 2026-04-24T00:00:00+00:00, run_after=2026-04-25T00:00:00+00:00
[2026-04-25T05:14:34.983+0000] {processor.py:208} INFO - Processing /opt/airflow/dags/system_dag.py took 0.305 seconds
[2026-04-25T05:15:05.641+0000] {processor.py:186} INFO - Started process (PID=148) to work on /opt/airflow/dags/system_dag.py
[2026-04-25T05:15:05.652+0000] {processor.py:914} INFO - Processing file /opt/airflow/dags/system_dag.py for tasks to queue
[2026-04-25T05:15:05.659+0000] {logging_mixin.py:190} INFO - [2026-04-25T05:15:05.659+0000] {dagbag.py:588} INFO - Filling up the DagBag from /opt/airflow/dags/system_dag.py
[2026-04-25T05:15:05.725+0000] {processor.py:925} INFO - DAG(s) 'system_dag' retrieved from /opt/airflow/dags/system_dag.py
[2026-04-25T05:15:05.791+0000] {logging_mixin.py:190} INFO - [2026-04-25T05:15:05.791+0000] {dag.py:3239} INFO - Sync 1 DAGs
[2026-04-25T05:15:05.847+0000] {logging_mixin.py:190} INFO - [2026-04-25T05:15:05.847+0000] {dag.py:4180} INFO - Setting next_dagrun for system_dag to 2026-04-24T00:00:00+00:00, run_after=2026-04-25T00:00:00+00:00
[2026-04-25T05:15:06.039+0000] {processor.py:208} INFO - Processing /opt/airflow/dags/system_dag.py took 0.406 seconds
[2026-04-25T05:15:36.839+0000] {processor.py:186} INFO - Started process (PID=152) to work on /opt/airflow/dags/system_dag.py
[2026-04-25T05:15:36.857+0000] {processor.py:914} INFO - Processing file /opt/airflow/dags/system_dag.py for tasks to queue
[2026-04-25T05:15:36.860+0000] {logging_mixin.py:190} INFO - [2026-04-25T05:15:36.859+0000] {dagbag.py:588} INFO - Filling up the DagBag from /opt/airflow/dags/system_dag.py
[2026-04-25T05:15:36.932+0000] {processor.py:925} INFO - DAG(s) 'system_dag' retrieved from /opt/airflow/dags/system_dag.py
[2026-04-25T05:15:37.033+0000] {logging_mixin.py:190} INFO - [2026-04-25T05:15:37.032+0000] {dag.py:3239} INFO - Sync 1 DAGs
[2026-04-25T05:15:37.122+0000] {logging_mixin.py:190} INFO - [2026-04-25T05:15:37.121+0000] {dag.py:4180} INFO - Setting next_dagrun for system_dag to 2026-04-24T00:00:00+00:00, run_after=2026-04-25T00:00:00+00:00
[2026-04-25T05:15:37.190+0000] {processor.py:208} INFO - Processing /opt/airflow/dags/system_dag.py took 0.404 seconds
[2026-04-25T05:16:07.270+0000] {processor.py:186} INFO - Started process (PID=156) to work on /opt/airflow/dags/system_dag.py
[2026-04-25T05:16:07.271+0000] {processor.py:914} INFO - Processing file /opt/airflow/dags/system_dag.py for tasks to queue
[2026-04-25T05:16:07.274+0000] {logging_mixin.py:190} INFO - [2026-04-25T05:16:07.273+0000] {dagbag.py:588} INFO - Filling up the DagBag from /opt/airflow/dags/system_dag.py
[2026-04-25T05:16:07.313+0000] {processor.py:925} INFO - DAG(s) 'system_dag' retrieved from /opt/airflow/dags/system_dag.py
[2026-04-25T05:16:07.390+0000] {logging_mixin.py:190} INFO - [2026-04-25T05:16:07.390+0000] {dag.py:3239} INFO - Sync 1 DAGs
[2026-04-25T05:16:07.439+0000] {logging_mixin.py:190} INFO - [2026-04-25T05:16:07.439+0000] {dag.py:4180} INFO - Setting next_dagrun for system_dag to 2026-04-24T00:00:00+00:00, run_after=2026-04-25T00:00:00+00:00
[2026-04-25T05:16:07.488+0000] {processor.py:208} INFO - Processing /opt/airflow/dags/system_dag.py took 0.228 seconds
[2026-04-25T05:16:37.651+0000] {processor.py:186} INFO - Started process (PID=160) to work on /opt/airflow/dags/system_dag.py
[2026-04-25T05:16:37.652+0000] {processor.py:914} INFO - Processing file /opt/airflow/dags/system_dag.py for tasks to queue
[2026-04-25T05:16:37.654+0000] {logging_mixin.py:190} INFO - [2026-04-25T05:16:37.653+0000] {dagbag.py:588} INFO - Filling up the DagBag from /opt/airflow/dags/system_dag.py
[2026-04-25T05:16:37.677+0000] {processor.py:925} INFO - DAG(s) 'system_dag' retrieved from /opt/airflow/dags/system_dag.py
[2026-04-25T05:16:37.728+0000] {logging_mixin.py:190} INFO - [2026-04-25T05:16:37.728+0000] {dag.py:3239} INFO - Sync 1 DAGs
[2026-04-25T05:16:37.778+0000] {logging_mixin.py:190} INFO - [2026-04-25T05:16:37.777+0000] {dag.py:4180} INFO - Setting next_dagrun for system_dag to 2026-04-24T00:00:00+00:00, run_after=2026-04-25T00:00:00+00:00
[2026-04-25T05:16:37.832+0000] {processor.py:208} INFO - Processing /opt/airflow/dags/system_dag.py took 0.188 seconds
[2026-04-25T05:17:08.454+0000] {processor.py:186} INFO - Started process (PID=164) to work on /opt/airflow/dags/system_dag.py
[2026-04-25T05:17:08.455+0000] {processor.py:914} INFO - Processing file /opt/airflow/dags/system_dag.py for tasks to queue
[2026-04-25T05:17:08.457+0000] {logging_mixin.py:190} INFO - [2026-04-25T05:17:08.457+0000] {dagbag.py:588} INFO - Filling up the DagBag from /opt/airflow/dags/system_dag.py
[2026-04-25T05:17:08.490+0000] {processor.py:925} INFO - DAG(s) 'system_dag' retrieved from /opt/airflow/dags/system_dag.py
[2026-04-25T05:17:08.547+0000] {logging_mixin.py:190} INFO - [2026-04-25T05:17:08.546+0000] {dag.py:3239} INFO - Sync 1 DAGs
[2026-04-25T05:17:08.587+0000] {logging_mixin.py:190} INFO - [2026-04-25T05:17:08.587+0000] {dag.py:4180} INFO - Setting next_dagrun for system_dag to 2026-04-24T00:00:00+00:00, run_after=2026-04-25T00:00:00+00:00
[2026-04-25T05:17:08.633+0000] {processor.py:208} INFO - Processing /opt/airflow/dags/system_dag.py took 0.191 seconds
[2026-04-25T05:17:39.067+0000] {processor.py:186} INFO - Started process (PID=168) to work on /opt/airflow/dags/system_dag.py
[2026-04-25T05:17:39.068+0000] {processor.py:914} INFO - Processing file /opt/airflow/dags/system_dag.py for tasks to queue
[2026-04-25T05:17:39.071+0000] {logging_mixin.py:190} INFO - [2026-04-25T05:17:39.070+0000] {dagbag.py:588} INFO - Filling up the DagBag from /opt/airflow/dags/system_dag.py
[2026-04-25T05:17:39.102+0000] {processor.py:925} INFO - DAG(s) 'system_dag' retrieved from /opt/airflow/dags/system_dag.py
[2026-04-25T05:17:39.152+0000] {logging_mixin.py:190} INFO - [2026-04-25T05:17:39.152+0000] {dag.py:3239} INFO - Sync 1 DAGs
[2026-04-25T05:17:39.187+0000] {logging_mixin.py:190} INFO - [2026-04-25T05:17:39.187+0000] {dag.py:4180} INFO - Setting next_dagrun for system_dag to 2026-04-24T00:00:00+00:00, run_after=2026-04-25T00:00:00+00:00
[2026-04-25T05:17:39.247+0000] {processor.py:208} INFO - Processing /opt/airflow/dags/system_dag.py took 0.189 seconds
[2026-04-25T05:18:09.533+0000] {processor.py:186} INFO - Started process (PID=172) to work on /opt/airflow/dags/system_dag.py
[2026-04-25T05:18:09.534+0000] {processor.py:914} INFO - Processing file /opt/airflow/dags/system_dag.py for tasks to queue
[2026-04-25T05:18:09.536+0000] {logging_mixin.py:190} INFO - [2026-04-25T05:18:09.536+0000] {dagbag.py:588} INFO - Filling up the DagBag from /opt/airflow/dags/system_dag.py
[2026-04-25T05:18:09.566+0000] {processor.py:925} INFO - DAG(s) 'system_dag' retrieved from /opt/airflow/dags/system_dag.py
[2026-04-25T05:18:09.619+0000] {logging_mixin.py:190} INFO - [2026-04-25T05:18:09.618+0000] {dag.py:3239} INFO - Sync 1 DAGs
[2026-04-25T05:18:09.662+0000] {logging_mixin.py:190} INFO - [2026-04-25T05:18:09.662+0000] {dag.py:4180} INFO - Setting next_dagrun for system_dag to 2026-04-24T00:00:00+00:00, run_after=2026-04-25T00:00:00+00:00
[2026-04-25T05:18:09.704+0000] {processor.py:208} INFO - Processing /opt/airflow/dags/system_dag.py took 0.179 seconds
[2026-04-25T05:18:40.121+0000] {processor.py:186} INFO - Started process (PID=176) to work on /opt/airflow/dags/system_dag.py
[2026-04-25T05:18:40.122+0000] {processor.py:914} INFO - Processing file /opt/airflow/dags/system_dag.py for tasks to queue
[2026-04-25T05:18:40.124+0000] {logging_mixin.py:190} INFO - [2026-04-25T05:18:40.124+0000] {dagbag.py:588} INFO - Filling up the DagBag from /opt/airflow/dags/system_dag.py
[2026-04-25T05:18:40.151+0000] {processor.py:925} INFO - DAG(s) 'system_dag' retrieved from /opt/airflow/dags/system_dag.py
[2026-04-25T05:18:40.207+0000] {logging_mixin.py:190} INFO - [2026-04-25T05:18:40.207+0000] {dag.py:3239} INFO - Sync 1 DAGs
[2026-04-25T05:18:40.250+0000] {logging_mixin.py:190} INFO - [2026-04-25T05:18:40.249+0000] {dag.py:4180} INFO - Setting next_dagrun for system_dag to 2026-04-24T00:00:00+00:00, run_after=2026-04-25T00:00:00+00:00
[2026-04-25T05:18:40.282+0000] {processor.py:208} INFO - Processing /opt/airflow/dags/system_dag.py took 0.170 seconds
[2026-04-25T05:19:10.623+0000] {processor.py:186} INFO - Started process (PID=180) to work on /opt/airflow/dags/system_dag.py
[2026-04-25T05:19:10.624+0000] {processor.py:914} INFO - Processing file /opt/airflow/dags/system_dag.py for tasks to queue
[2026-04-25T05:19:10.627+0000] {logging_mixin.py:190} INFO - [2026-04-25T05:19:10.627+0000] {dagbag.py:588} INFO - Filling up the DagBag from /opt/airflow/dags/system_dag.py
[2026-04-25T05:19:10.678+0000] {processor.py:925} INFO - DAG(s) 'system_dag' retrieved from /opt/airflow/dags/system_dag.py
[2026-04-25T05:19:10.738+0000] {logging_mixin.py:190} INFO - [2026-04-25T05:19:10.738+0000] {dag.py:3239} INFO - Sync 1 DAGs
[2026-04-25T05:19:10.786+0000] {logging_mixin.py:190} INFO - [2026-04-25T05:19:10.785+0000] {dag.py:4180} INFO - Setting next_dagrun for system_dag to 2026-04-24T00:00:00+00:00, run_after=2026-04-25T00:00:00+00:00
[2026-04-25T05:19:10.831+0000] {processor.py:208} INFO - Processing /opt/airflow/dags/system_dag.py took 0.219 seconds
[2026-04-25T05:19:41.248+0000] {processor.py:186} INFO - Started process (PID=184) to work on /opt/airflow/dags/system_dag.py
[2026-04-25T05:19:41.249+0000] {processor.py:914} INFO - Processing file /opt/airflow/dags/system_dag.py for tasks to queue
[2026-04-25T05:19:41.251+0000] {logging_mixin.py:190} INFO - [2026-04-25T05:19:41.251+0000] {dagbag.py:588} INFO - Filling up the DagBag from /opt/airflow/dags/system_dag.py
[2026-04-25T05:19:41.273+0000] {processor.py:925} INFO - DAG(s) 'system_dag' retrieved from /opt/airflow/dags/system_dag.py
[2026-04-25T05:19:41.325+0000] {logging_mixin.py:190} INFO - [2026-04-25T05:19:41.325+0000] {dag.py:3239} INFO - Sync 1 DAGs
[2026-04-25T05:19:41.363+0000] {logging_mixin.py:190} INFO - [2026-04-25T05:19:41.363+0000] {dag.py:4180} INFO - Setting next_dagrun for system_dag to 2026-04-24T00:00:00+00:00, run_after=2026-04-25T00:00:00+00:00
[2026-04-25T05:19:41.390+0000] {processor.py:208} INFO - Processing /opt/airflow/dags/system_dag.py took 0.148 seconds
[2026-04-25T05:20:13.847+0000] {processor.py:186} INFO - Started process (PID=188) to work on /opt/airflow/dags/system_dag.py
[2026-04-25T05:20:13.848+0000] {processor.py:914} INFO - Processing file /opt/airflow/dags/system_dag.py for tasks to queue
[2026-04-25T05:20:13.849+0000] {logging_mixin.py:190} INFO - [2026-04-25T05:20:13.849+0000] {dagbag.py:588} INFO - Filling up the DagBag from /opt/airflow/dags/system_dag.py
[2026-04-25T05:20:13.883+0000] {processor.py:925} INFO - DAG(s) 'system_dag' retrieved from /opt/airflow/dags/system_dag.py
[2026-04-25T05:20:14.007+0000] {logging_mixin.py:190} INFO - [2026-04-25T05:20:14.006+0000] {dag.py:3239} INFO - Sync 1 DAGs
[2026-04-25T05:20:14.112+0000] {logging_mixin.py:190} INFO - [2026-04-25T05:20:14.111+0000] {dag.py:4180} INFO - Setting next_dagrun for system_dag to 2026-04-24T00:00:00+00:00, run_after=2026-04-25T00:00:00+00:00
[2026-04-25T05:20:14.173+0000] {processor.py:208} INFO - Processing /opt/airflow/dags/system_dag.py took 0.336 seconds
[2026-04-25T05:20:44.557+0000] {processor.py:186} INFO - Started process (PID=192) to work on /opt/airflow/dags/system_dag.py
[2026-04-25T05:20:44.559+0000] {processor.py:914} INFO - Processing file /opt/airflow/dags/system_dag.py for tasks to queue
[2026-04-25T05:20:44.561+0000] {logging_mixin.py:190} INFO - [2026-04-25T05:20:44.561+0000] {dagbag.py:588} INFO - Filling up the DagBag from /opt/airflow/dags/system_dag.py
[2026-04-25T05:20:44.593+0000] {processor.py:925} INFO - DAG(s) 'system_dag' retrieved from /opt/airflow/dags/system_dag.py
[2026-04-25T05:20:44.662+0000] {logging_mixin.py:190} INFO - [2026-04-25T05:20:44.661+0000] {dag.py:3239} INFO - Sync 1 DAGs
[2026-04-25T05:20:44.717+0000] {logging_mixin.py:190} INFO - [2026-04-25T05:20:44.716+0000] {dag.py:4180} INFO - Setting next_dagrun for system_dag to 2026-04-24T00:00:00+00:00, run_after=2026-04-25T00:00:00+00:00
[2026-04-25T05:20:44.771+0000] {processor.py:208} INFO - Processing /opt/airflow/dags/system_dag.py took 0.225 seconds
[2026-04-25T05:21:15.107+0000] {processor.py:186} INFO - Started process (PID=196) to work on /opt/airflow/dags/system_dag.py
[2026-04-25T05:21:15.108+0000] {processor.py:914} INFO - Processing file /opt/airflow/dags/system_dag.py for tasks to queue
[2026-04-25T05:21:15.110+0000] {logging_mixin.py:190} INFO - [2026-04-25T05:21:15.109+0000] {dagbag.py:588} INFO - Filling up the DagBag from /opt/airflow/dags/system_dag.py
[2026-04-25T05:21:15.134+0000] {processor.py:925} INFO - DAG(s) 'system_dag' retrieved from /opt/airflow/dags/system_dag.py
[2026-04-25T05:21:15.185+0000] {logging_mixin.py:190} INFO - [2026-04-25T05:21:15.185+0000] {dag.py:3239} INFO - Sync 1 DAGs
[2026-04-25T05:21:15.239+0000] {logging_mixin.py:190} INFO - [2026-04-25T05:21:15.239+0000] {dag.py:4180} INFO - Setting next_dagrun for system_dag to 2026-04-24T00:00:00+00:00, run_after=2026-04-25T00:00:00+00:00
[2026-04-25T05:21:15.278+0000] {processor.py:208} INFO - Processing /opt/airflow/dags/system_dag.py took 0.178 seconds
[2026-04-25T05:21:46.197+0000] {processor.py:186} INFO - Started process (PID=200) to work on /opt/airflow/dags/system_dag.py
[2026-04-25T05:21:46.198+0000] {processor.py:914} INFO - Processing file /opt/airflow/dags/system_dag.py for tasks to queue
[2026-04-25T05:21:46.200+0000] {logging_mixin.py:190} INFO - [2026-04-25T05:21:46.199+0000] {dagbag.py:588} INFO - Filling up the DagBag from /opt/airflow/dags/system_dag.py
[2026-04-25T05:21:46.233+0000] {processor.py:925} INFO - DAG(s) 'system_dag' retrieved from /opt/airflow/dags/system_dag.py
[2026-04-25T05:21:46.304+0000] {logging_mixin.py:190} INFO - [2026-04-25T05:21:46.304+0000] {dag.py:3239} INFO - Sync 1 DAGs
[2026-04-25T05:21:46.357+0000] {logging_mixin.py:190} INFO - [2026-04-25T05:21:46.357+0000] {dag.py:4180} INFO - Setting next_dagrun for system_dag to 2026-04-24T00:00:00+00:00, run_after=2026-04-25T00:00:00+00:00
[2026-04-25T05:21:46.446+0000] {processor.py:208} INFO - Processing /opt/airflow/dags/system_dag.py took 0.260 seconds
[2026-04-25T05:22:17.143+0000] {processor.py:186} INFO - Started process (PID=204) to work on /opt/airflow/dags/system_dag.py
[2026-04-25T05:22:17.144+0000] {processor.py:914} INFO - Processing file /opt/airflow/dags/system_dag.py for tasks to queue
[2026-04-25T05:22:17.148+0000] {logging_mixin.py:190} INFO - [2026-04-25T05:22:17.148+0000] {dagbag.py:588} INFO - Filling up the DagBag from /opt/airflow/dags/system_dag.py
[2026-04-25T05:22:17.190+0000] {processor.py:925} INFO - DAG(s) 'system_dag' retrieved from /opt/airflow/dags/system_dag.py
[2026-04-25T05:22:17.259+0000] {logging_mixin.py:190} INFO - [2026-04-25T05:22:17.259+0000] {dag.py:3239} INFO - Sync 1 DAGs
[2026-04-25T05:22:17.309+0000] {logging_mixin.py:190} INFO - [2026-04-25T05:22:17.309+0000] {dag.py:4180} INFO - Setting next_dagrun for system_dag to 2026-04-24T00:00:00+00:00, run_after=2026-04-25T00:00:00+00:00
[2026-04-25T05:22:17.354+0000] {processor.py:208} INFO - Processing /opt/airflow/dags/system_dag.py took 0.222 seconds
[2026-04-25T05:22:47.961+0000] {processor.py:186} INFO - Started process (PID=208) to work on /opt/airflow/dags/system_dag.py
[2026-04-25T05:22:47.962+0000] {processor.py:914} INFO - Processing file /opt/airflow/dags/system_dag.py for tasks to queue
[2026-04-25T05:22:47.963+0000] {logging_mixin.py:190} INFO - [2026-04-25T05:22:47.963+0000] {dagbag.py:588} INFO - Filling up the DagBag from /opt/airflow/dags/system_dag.py
[2026-04-25T05:22:47.990+0000] {processor.py:925} INFO - DAG(s) 'system_dag' retrieved from /opt/airflow/dags/system_dag.py
[2026-04-25T05:22:48.038+0000] {logging_mixin.py:190} INFO - [2026-04-25T05:22:48.038+0000] {dag.py:3239} INFO - Sync 1 DAGs
[2026-04-25T05:22:48.077+0000] {logging_mixin.py:190} INFO - [2026-04-25T05:22:48.077+0000] {dag.py:4180} INFO - Setting next_dagrun for system_dag to 2026-04-24T00:00:00+00:00, run_after=2026-04-25T00:00:00+00:00
[2026-04-25T05:22:48.112+0000] {processor.py:208} INFO - Processing /opt/airflow/dags/system_dag.py took 0.160 seconds
[2026-04-25T05:23:19.663+0000] {processor.py:186} INFO - Started process (PID=212) to work on /opt/airflow/dags/system_dag.py
[2026-04-25T05:23:19.664+0000] {processor.py:914} INFO - Processing file /opt/airflow/dags/system_dag.py for tasks to queue
[2026-04-25T05:23:19.667+0000] {logging_mixin.py:190} INFO - [2026-04-25T05:23:19.666+0000] {dagbag.py:588} INFO - Filling up the DagBag from /opt/airflow/dags/system_dag.py
[2026-04-25T05:23:19.706+0000] {processor.py:925} INFO - DAG(s) 'system_dag' retrieved from /opt/airflow/dags/system_dag.py
[2026-04-25T05:23:19.774+0000] {logging_mixin.py:190} INFO - [2026-04-25T05:23:19.773+0000] {dag.py:3239} INFO - Sync 1 DAGs
[2026-04-25T05:23:19.832+0000] {logging_mixin.py:190} INFO - [2026-04-25T05:23:19.832+0000] {dag.py:4180} INFO - Setting next_dagrun for system_dag to 2026-04-24T00:00:00+00:00, run_after=2026-04-25T00:00:00+00:00
[2026-04-25T05:23:19.863+0000] {processor.py:208} INFO - Processing /opt/airflow/dags/system_dag.py took 0.208 seconds
[2026-04-25T05:23:50.337+0000] {processor.py:186} INFO - Started process (PID=216) to work on /opt/airflow/dags/system_dag.py
[2026-04-25T05:23:50.338+0000] {processor.py:914} INFO - Processing file /opt/airflow/dags/system_dag.py for tasks to queue
[2026-04-25T05:23:50.340+0000] {logging_mixin.py:190} INFO - [2026-04-25T05:23:50.340+0000] {dagbag.py:588} INFO - Filling up the DagBag from /opt/airflow/dags/system_dag.py
[2026-04-25T05:23:50.363+0000] {processor.py:925} INFO - DAG(s) 'system_dag' retrieved from /opt/airflow/dags/system_dag.py
[2026-04-25T05:23:50.406+0000] {logging_mixin.py:190} INFO - [2026-04-25T05:23:50.405+0000] {dag.py:3239} INFO - Sync 1 DAGs
[2026-04-25T05:23:50.435+0000] {logging_mixin.py:190} INFO - [2026-04-25T05:23:50.435+0000] {dag.py:4180} INFO - Setting next_dagrun for system_dag to 2026-04-24T00:00:00+00:00, run_after=2026-04-25T00:00:00+00:00
[2026-04-25T05:23:50.456+0000] {processor.py:208} INFO - Processing /opt/airflow/dags/system_dag.py took 0.126 seconds
[2026-04-25T05:24:20.925+0000] {processor.py:186} INFO - Started process (PID=220) to work on /opt/airflow/dags/system_dag.py
[2026-04-25T05:24:20.926+0000] {processor.py:914} INFO - Processing file /opt/airflow/dags/system_dag.py for tasks to queue
[2026-04-25T05:24:20.928+0000] {logging_mixin.py:190} INFO - [2026-04-25T05:24:20.928+0000] {dagbag.py:588} INFO - Filling up the DagBag from /opt/airflow/dags/system_dag.py
[2026-04-25T05:24:20.949+0000] {processor.py:925} INFO - DAG(s) 'system_dag' retrieved from /opt/airflow/dags/system_dag.py
[2026-04-25T05:24:20.993+0000] {logging_mixin.py:190} INFO - [2026-04-25T05:24:20.993+0000] {dag.py:3239} INFO - Sync 1 DAGs
[2026-04-25T05:24:21.028+0000] {logging_mixin.py:190} INFO - [2026-04-25T05:24:21.028+0000] {dag.py:4180} INFO - Setting next_dagrun for system_dag to 2026-04-24T00:00:00+00:00, run_after=2026-04-25T00:00:00+00:00
[2026-04-25T05:24:21.056+0000] {processor.py:208} INFO - Processing /opt/airflow/dags/system_dag.py took 0.138 seconds
[2026-04-25T05:24:51.703+0000] {processor.py:186} INFO - Started process (PID=224) to work on /opt/airflow/dags/system_dag.py
[2026-04-25T05:24:51.704+0000] {processor.py:914} INFO - Processing file /opt/airflow/dags/system_dag.py for tasks to queue
[2026-04-25T05:24:51.706+0000] {logging_mixin.py:190} INFO - [2026-04-25T05:24:51.706+0000] {dagbag.py:588} INFO - Filling up the DagBag from /opt/airflow/dags/system_dag.py
[2026-04-25T05:24:51.732+0000] {processor.py:925} INFO - DAG(s) 'system_dag' retrieved from /opt/airflow/dags/system_dag.py
[2026-04-25T05:24:51.788+0000] {logging_mixin.py:190} INFO - [2026-04-25T05:24:51.787+0000] {dag.py:3239} INFO - Sync 1 DAGs
[2026-04-25T05:24:51.834+0000] {logging_mixin.py:190} INFO - [2026-04-25T05:24:51.834+0000] {dag.py:4180} INFO - Setting next_dagrun for system_dag to 2026-04-24T00:00:00+00:00, run_after=2026-04-25T00:00:00+00:00
[2026-04-25T05:24:51.867+0000] {processor.py:208} INFO - Processing /opt/airflow/dags/system_dag.py took 0.178 seconds
[2026-04-25T05:25:22.437+0000] {processor.py:186} INFO - Started process (PID=228) to work on /opt/airflow/dags/system_dag.py
[2026-04-25T05:25:22.438+0000] {processor.py:914} INFO - Processing file /opt/airflow/dags/system_dag.py for tasks to queue
[2026-04-25T05:25:22.441+0000] {logging_mixin.py:190} INFO - [2026-04-25T05:25:22.440+0000] {dagbag.py:588} INFO - Filling up the DagBag from /opt/airflow/dags/system_dag.py
[2026-04-25T05:25:22.467+0000] {processor.py:925} INFO - DAG(s) 'system_dag' retrieved from /opt/airflow/dags/system_dag.py
[2026-04-25T05:25:22.519+0000] {logging_mixin.py:190} INFO - [2026-04-25T05:25:22.518+0000] {dag.py:3239} INFO - Sync 1 DAGs
[2026-04-25T05:25:22.552+0000] {logging_mixin.py:190} INFO - [2026-04-25T05:25:22.552+0000] {dag.py:4180} INFO - Setting next_dagrun for system_dag to 2026-04-24T00:00:00+00:00, run_after=2026-04-25T00:00:00+00:00
[2026-04-25T05:25:22.577+0000] {processor.py:208} INFO - Processing /opt/airflow/dags/system_dag.py took 0.150 seconds
[2026-04-25T05:25:53.111+0000] {processor.py:186} INFO - Started process (PID=232) to work on /opt/airflow/dags/system_dag.py
[2026-04-25T05:25:53.112+0000] {processor.py:914} INFO - Processing file /opt/airflow/dags/system_dag.py for tasks to queue
[2026-04-25T05:25:53.114+0000] {logging_mixin.py:190} INFO - [2026-04-25T05:25:53.113+0000] {dagbag.py:588} INFO - Filling up the DagBag from /opt/airflow/dags/system_dag.py
[2026-04-25T05:25:53.138+0000] {processor.py:925} INFO - DAG(s) 'system_dag' retrieved from /opt/airflow/dags/system_dag.py
[2026-04-25T05:25:53.185+0000] {logging_mixin.py:190} INFO - [2026-04-25T05:25:53.184+0000] {dag.py:3239} INFO - Sync 1 DAGs
[2026-04-25T05:25:53.224+0000] {logging_mixin.py:190} INFO - [2026-04-25T05:25:53.224+0000] {dag.py:4180} INFO - Setting next_dagrun for system_dag to 2026-04-24T00:00:00+00:00, run_after=2026-04-25T00:00:00+00:00
[2026-04-25T05:25:53.253+0000] {processor.py:208} INFO - Processing /opt/airflow/dags/system_dag.py took 0.151 seconds
[2026-04-25T05:26:23.795+0000] {processor.py:186} INFO - Started process (PID=236) to work on /opt/airflow/dags/system_dag.py
[2026-04-25T05:26:23.796+0000] {processor.py:914} INFO - Processing file /opt/airflow/dags/system_dag.py for tasks to queue
[2026-04-25T05:26:23.798+0000] {logging_mixin.py:190} INFO - [2026-04-25T05:26:23.798+0000] {dagbag.py:588} INFO - Filling up the DagBag from /opt/airflow/dags/system_dag.py
[2026-04-25T05:26:23.823+0000] {processor.py:925} INFO - DAG(s) 'system_dag' retrieved from /opt/airflow/dags/system_dag.py
[2026-04-25T05:26:23.875+0000] {logging_mixin.py:190} INFO - [2026-04-25T05:26:23.874+0000] {dag.py:3239} INFO - Sync 1 DAGs
[2026-04-25T05:26:23.914+0000] {logging_mixin.py:190} INFO - [2026-04-25T05:26:23.914+0000] {dag.py:4180} INFO - Setting next_dagrun for system_dag to 2026-04-24T00:00:00+00:00, run_after=2026-04-25T00:00:00+00:00
[2026-04-25T05:26:23.958+0000] {processor.py:208} INFO - Processing /opt/airflow/dags/system_dag.py took 0.171 seconds
[2026-04-25T05:26:54.701+0000] {processor.py:186} INFO - Started process (PID=240) to work on /opt/airflow/dags/system_dag.py
[2026-04-25T05:26:54.702+0000] {processor.py:914} INFO - Processing file /opt/airflow/dags/system_dag.py for tasks to queue
[2026-04-25T05:26:54.703+0000] {logging_mixin.py:190} INFO - [2026-04-25T05:26:54.703+0000] {dagbag.py:588} INFO - Filling up the DagBag from /opt/airflow/dags/system_dag.py
[2026-04-25T05:26:54.727+0000] {processor.py:925} INFO - DAG(s) 'system_dag' retrieved from /opt/airflow/dags/system_dag.py
[2026-04-25T05:26:54.778+0000] {logging_mixin.py:190} INFO - [2026-04-25T05:26:54.778+0000] {dag.py:3239} INFO - Sync 1 DAGs
[2026-04-25T05:26:54.825+0000] {logging_mixin.py:190} INFO - [2026-04-25T05:26:54.825+0000] {dag.py:4180} INFO - Setting next_dagrun for system_dag to 2026-04-24T00:00:00+00:00, run_after=2026-04-25T00:00:00+00:00
[2026-04-25T05:26:54.883+0000] {processor.py:208} INFO - Processing /opt/airflow/dags/system_dag.py took 0.190 seconds
[2026-04-25T05:27:25.609+0000] {processor.py:186} INFO - Started process (PID=244) to work on /opt/airflow/dags/system_dag.py
[2026-04-25T05:27:25.610+0000] {processor.py:914} INFO - Processing file /opt/airflow/dags/system_dag.py for tasks to queue
[2026-04-25T05:27:25.611+0000] {logging_mixin.py:190} INFO - [2026-04-25T05:27:25.611+0000] {dagbag.py:588} INFO - Filling up the DagBag from /opt/airflow/dags/system_dag.py
[2026-04-25T05:27:25.631+0000] {processor.py:925} INFO - DAG(s) 'system_dag' retrieved from /opt/airflow/dags/system_dag.py
[2026-04-25T05:27:25.665+0000] {logging_mixin.py:190} INFO - [2026-04-25T05:27:25.664+0000] {dag.py:3239} INFO - Sync 1 DAGs
[2026-04-25T05:27:25.691+0000] {logging_mixin.py:190} INFO - [2026-04-25T05:27:25.691+0000] {dag.py:4180} INFO - Setting next_dagrun for system_dag to 2026-04-24T00:00:00+00:00, run_after=2026-04-25T00:00:00+00:00
[2026-04-25T05:27:25.710+0000] {processor.py:208} INFO - Processing /opt/airflow/dags/system_dag.py took 0.110 seconds
[2026-04-25T05:27:56.197+0000] {processor.py:186} INFO - Started process (PID=248) to work on /opt/airflow/dags/system_dag.py
[2026-04-25T05:27:56.198+0000] {processor.py:914} INFO - Processing file /opt/airflow/dags/system_dag.py for tasks to queue
[2026-04-25T05:27:56.200+0000] {logging_mixin.py:190} INFO - [2026-04-25T05:27:56.199+0000] {dagbag.py:588} INFO - Filling up the DagBag from /opt/airflow/dags/system_dag.py
[2026-04-25T05:27:56.221+0000] {processor.py:925} INFO - DAG(s) 'system_dag' retrieved from /opt/airflow/dags/system_dag.py
[2026-04-25T05:27:56.281+0000] {logging_mixin.py:190} INFO - [2026-04-25T05:27:56.281+0000] {dag.py:3239} INFO - Sync 1 DAGs
[2026-04-25T05:27:56.320+0000] {logging_mixin.py:190} INFO - [2026-04-25T05:27:56.320+0000] {dag.py:4180} INFO - Setting next_dagrun for system_dag to 2026-04-24T00:00:00+00:00, run_after=2026-04-25T00:00:00+00:00
[2026-04-25T05:27:56.340+0000] {processor.py:208} INFO - Processing /opt/airflow/dags/system_dag.py took 0.152 seconds
[2026-04-25T05:28:26.947+0000] {processor.py:186} INFO - Started process (PID=252) to work on /opt/airflow/dags/system_dag.py
[2026-04-25T05:28:26.948+0000] {processor.py:914} INFO - Processing file /opt/airflow/dags/system_dag.py for tasks to queue
[2026-04-25T05:28:26.950+0000] {logging_mixin.py:190} INFO - [2026-04-25T05:28:26.949+0000] {dagbag.py:588} INFO - Filling up the DagBag from /opt/airflow/dags/system_dag.py
[2026-04-25T05:28:26.976+0000] {processor.py:925} INFO - DAG(s) 'system_dag' retrieved from /opt/airflow/dags/system_dag.py
[2026-04-25T05:28:27.026+0000] {logging_mixin.py:190} INFO - [2026-04-25T05:28:27.026+0000] {dag.py:3239} INFO - Sync 1 DAGs
[2026-04-25T05:28:27.067+0000] {logging_mixin.py:190} INFO - [2026-04-25T05:28:27.067+0000] {dag.py:4180} INFO - Setting next_dagrun for system_dag to 2026-04-24T00:00:00+00:00, run_after=2026-04-25T00:00:00+00:00
[2026-04-25T05:28:27.096+0000] {processor.py:208} INFO - Processing /opt/airflow/dags/system_dag.py took 0.159 seconds
[2026-04-25T06:53:25.063+0000] {processor.py:186} INFO - Started process (PID=39) to work on /opt/airflow/dags/system_dag.py
[2026-04-25T06:53:25.063+0000] {processor.py:914} INFO - Processing file /opt/airflow/dags/system_dag.py for tasks to queue
[2026-04-25T06:53:25.065+0000] {logging_mixin.py:190} INFO - [2026-04-25T06:53:25.065+0000] {dagbag.py:588} INFO - Filling up the DagBag from /opt/airflow/dags/system_dag.py
[2026-04-25T06:53:25.096+0000] {processor.py:925} INFO - DAG(s) 'system_dag' retrieved from /opt/airflow/dags/system_dag.py
[2026-04-25T06:53:25.152+0000] {logging_mixin.py:190} INFO - [2026-04-25T06:53:25.152+0000] {dag.py:3239} INFO - Sync 1 DAGs
[2026-04-25T06:53:25.193+0000] {logging_mixin.py:190} INFO - [2026-04-25T06:53:25.193+0000] {dag.py:4180} INFO - Setting next_dagrun for system_dag to 2026-04-24T00:00:00+00:00, run_after=2026-04-25T00:00:00+00:00
[2026-04-25T06:53:25.245+0000] {processor.py:208} INFO - Processing /opt/airflow/dags/system_dag.py took 0.192 seconds
[2026-04-25T06:53:56.094+0000] {processor.py:186} INFO - Started process (PID=43) to work on /opt/airflow/dags/system_dag.py
[2026-04-25T06:53:56.095+0000] {processor.py:914} INFO - Processing file /opt/airflow/dags/system_dag.py for tasks to queue
[2026-04-25T06:53:56.096+0000] {logging_mixin.py:190} INFO - [2026-04-25T06:53:56.096+0000] {dagbag.py:588} INFO - Filling up the DagBag from /opt/airflow/dags/system_dag.py
[2026-04-25T06:53:56.123+0000] {processor.py:925} INFO - DAG(s) 'system_dag' retrieved from /opt/airflow/dags/system_dag.py
[2026-04-25T06:53:56.179+0000] {logging_mixin.py:190} INFO - [2026-04-25T06:53:56.178+0000] {dag.py:3239} INFO - Sync 1 DAGs
[2026-04-25T06:53:56.219+0000] {logging_mixin.py:190} INFO - [2026-04-25T06:53:56.219+0000] {dag.py:4180} INFO - Setting next_dagrun for system_dag to 2026-04-24T00:00:00+00:00, run_after=2026-04-25T00:00:00+00:00
[2026-04-25T06:53:56.250+0000] {processor.py:208} INFO - Processing /opt/airflow/dags/system_dag.py took 0.166 seconds
[2026-04-25T06:54:28.061+0000] {processor.py:186} INFO - Started process (PID=47) to work on /opt/airflow/dags/system_dag.py
[2026-04-25T06:54:28.062+0000] {processor.py:914} INFO - Processing file /opt/airflow/dags/system_dag.py for tasks to queue
[2026-04-25T06:54:28.064+0000] {logging_mixin.py:190} INFO - [2026-04-25T06:54:28.064+0000] {dagbag.py:588} INFO - Filling up the DagBag from /opt/airflow/dags/system_dag.py
[2026-04-25T06:54:28.085+0000] {processor.py:925} INFO - DAG(s) 'system_dag' retrieved from /opt/airflow/dags/system_dag.py
[2026-04-25T06:54:28.128+0000] {logging_mixin.py:190} INFO - [2026-04-25T06:54:28.128+0000] {dag.py:3239} INFO - Sync 1 DAGs
[2026-04-25T06:54:28.173+0000] {logging_mixin.py:190} INFO - [2026-04-25T06:54:28.172+0000] {dag.py:4180} INFO - Setting next_dagrun for system_dag to 2026-04-24T00:00:00+00:00, run_after=2026-04-25T00:00:00+00:00
[2026-04-25T06:54:28.203+0000] {processor.py:208} INFO - Processing /opt/airflow/dags/system_dag.py took 0.150 seconds
[2026-04-25T06:54:59.301+0000] {processor.py:186} INFO - Started process (PID=51) to work on /opt/airflow/dags/system_dag.py
[2026-04-25T06:54:59.302+0000] {processor.py:914} INFO - Processing file /opt/airflow/dags/system_dag.py for tasks to queue
[2026-04-25T06:54:59.305+0000] {logging_mixin.py:190} INFO - [2026-04-25T06:54:59.304+0000] {dagbag.py:588} INFO - Filling up the DagBag from /opt/airflow/dags/system_dag.py
[2026-04-25T06:54:59.355+0000] {processor.py:925} INFO - DAG(s) 'system_dag' retrieved from /opt/airflow/dags/system_dag.py
[2026-04-25T06:54:59.444+0000] {logging_mixin.py:190} INFO - [2026-04-25T06:54:59.443+0000] {dag.py:3239} INFO - Sync 1 DAGs
[2026-04-25T06:54:59.549+0000] {logging_mixin.py:190} INFO - [2026-04-25T06:54:59.548+0000] {dag.py:4180} INFO - Setting next_dagrun for system_dag to 2026-04-24T00:00:00+00:00, run_after=2026-04-25T00:00:00+00:00
[2026-04-25T06:54:59.619+0000] {processor.py:208} INFO - Processing /opt/airflow/dags/system_dag.py took 0.335 seconds
[2026-04-25T06:55:30.738+0000] {processor.py:186} INFO - Started process (PID=55) to work on /opt/airflow/dags/system_dag.py
[2026-04-25T06:55:30.740+0000] {processor.py:914} INFO - Processing file /opt/airflow/dags/system_dag.py for tasks to queue
[2026-04-25T06:55:30.742+0000] {logging_mixin.py:190} INFO - [2026-04-25T06:55:30.742+0000] {dagbag.py:588} INFO - Filling up the DagBag from /opt/airflow/dags/system_dag.py
[2026-04-25T06:55:30.781+0000] {processor.py:925} INFO - DAG(s) 'system_dag' retrieved from /opt/airflow/dags/system_dag.py
[2026-04-25T06:55:30.847+0000] {logging_mixin.py:190} INFO - [2026-04-25T06:55:30.847+0000] {dag.py:3239} INFO - Sync 1 DAGs
[2026-04-25T06:55:30.913+0000] {logging_mixin.py:190} INFO - [2026-04-25T06:55:30.913+0000] {dag.py:4180} INFO - Setting next_dagrun for system_dag to 2026-04-24T00:00:00+00:00, run_after=2026-04-25T00:00:00+00:00
[2026-04-25T06:55:30.964+0000] {processor.py:208} INFO - Processing /opt/airflow/dags/system_dag.py took 0.235 seconds
[2026-04-25T06:56:01.847+0000] {processor.py:186} INFO - Started process (PID=59) to work on /opt/airflow/dags/system_dag.py
[2026-04-25T06:56:01.848+0000] {processor.py:914} INFO - Processing file /opt/airflow/dags/system_dag.py for tasks to queue
[2026-04-25T06:56:01.850+0000] {logging_mixin.py:190} INFO - [2026-04-25T06:56:01.849+0000] {dagbag.py:588} INFO - Filling up the DagBag from /opt/airflow/dags/system_dag.py
[2026-04-25T06:56:01.883+0000] {processor.py:925} INFO - DAG(s) 'system_dag' retrieved from /opt/airflow/dags/system_dag.py
[2026-04-25T06:56:01.978+0000] {logging_mixin.py:190} INFO - [2026-04-25T06:56:01.977+0000] {dag.py:3239} INFO - Sync 1 DAGs
[2026-04-25T06:56:02.048+0000] {logging_mixin.py:190} INFO - [2026-04-25T06:56:02.047+0000] {dag.py:4180} INFO - Setting next_dagrun for system_dag to 2026-04-24T00:00:00+00:00, run_after=2026-04-25T00:00:00+00:00
[2026-04-25T06:56:02.089+0000] {processor.py:208} INFO - Processing /opt/airflow/dags/system_dag.py took 0.254 seconds
[2026-04-25T06:56:32.897+0000] {processor.py:186} INFO - Started process (PID=63) to work on /opt/airflow/dags/system_dag.py
[2026-04-25T06:56:32.898+0000] {processor.py:914} INFO - Processing file /opt/airflow/dags/system_dag.py for tasks to queue
[2026-04-25T06:56:32.899+0000] {logging_mixin.py:190} INFO - [2026-04-25T06:56:32.899+0000] {dagbag.py:588} INFO - Filling up the DagBag from /opt/airflow/dags/system_dag.py
[2026-04-25T06:56:32.927+0000] {processor.py:925} INFO - DAG(s) 'system_dag' retrieved from /opt/airflow/dags/system_dag.py
[2026-04-25T06:56:32.968+0000] {logging_mixin.py:190} INFO - [2026-04-25T06:56:32.968+0000] {dag.py:3239} INFO - Sync 1 DAGs
[2026-04-25T06:56:32.995+0000] {logging_mixin.py:190} INFO - [2026-04-25T06:56:32.995+0000] {dag.py:4180} INFO - Setting next_dagrun for system_dag to 2026-04-24T00:00:00+00:00, run_after=2026-04-25T00:00:00+00:00
[2026-04-25T06:56:33.019+0000] {processor.py:208} INFO - Processing /opt/airflow/dags/system_dag.py took 0.131 seconds
[2026-04-25T06:57:03.744+0000] {processor.py:186} INFO - Started process (PID=67) to work on /opt/airflow/dags/system_dag.py
[2026-04-25T06:57:03.744+0000] {processor.py:914} INFO - Processing file /opt/airflow/dags/system_dag.py for tasks to queue
[2026-04-25T06:57:03.746+0000] {logging_mixin.py:190} INFO - [2026-04-25T06:57:03.745+0000] {dagbag.py:588} INFO - Filling up the DagBag from /opt/airflow/dags/system_dag.py
[2026-04-25T06:57:03.766+0000] {processor.py:925} INFO - DAG(s) 'system_dag' retrieved from /opt/airflow/dags/system_dag.py
[2026-04-25T06:57:03.816+0000] {logging_mixin.py:190} INFO - [2026-04-25T06:57:03.816+0000] {dag.py:3239} INFO - Sync 1 DAGs
[2026-04-25T06:57:03.851+0000] {logging_mixin.py:190} INFO - [2026-04-25T06:57:03.850+0000] {dag.py:4180} INFO - Setting next_dagrun for system_dag to 2026-04-24T00:00:00+00:00, run_after=2026-04-25T00:00:00+00:00
[2026-04-25T06:57:03.879+0000] {processor.py:208} INFO - Processing /opt/airflow/dags/system_dag.py took 0.143 seconds
[2026-04-25T06:57:35.686+0000] {processor.py:186} INFO - Started process (PID=71) to work on /opt/airflow/dags/system_dag.py
[2026-04-25T06:57:35.687+0000] {processor.py:914} INFO - Processing file /opt/airflow/dags/system_dag.py for tasks to queue
[2026-04-25T06:57:35.688+0000] {logging_mixin.py:190} INFO - [2026-04-25T06:57:35.688+0000] {dagbag.py:588} INFO - Filling up the DagBag from /opt/airflow/dags/system_dag.py
[2026-04-25T06:57:35.711+0000] {processor.py:925} INFO - DAG(s) 'system_dag' retrieved from /opt/airflow/dags/system_dag.py
[2026-04-25T06:57:35.751+0000] {logging_mixin.py:190} INFO - [2026-04-25T06:57:35.751+0000] {dag.py:3239} INFO - Sync 1 DAGs
[2026-04-25T06:57:35.785+0000] {logging_mixin.py:190} INFO - [2026-04-25T06:57:35.785+0000] {dag.py:4180} INFO - Setting next_dagrun for system_dag to 2026-04-24T00:00:00+00:00, run_after=2026-04-25T00:00:00+00:00
[2026-04-25T06:57:35.814+0000] {processor.py:208} INFO - Processing /opt/airflow/dags/system_dag.py took 0.136 seconds
[2026-04-25T06:58:06.552+0000] {processor.py:186} INFO - Started process (PID=75) to work on /opt/airflow/dags/system_dag.py
[2026-04-25T06:58:06.553+0000] {processor.py:914} INFO - Processing file /opt/airflow/dags/system_dag.py for tasks to queue
[2026-04-25T06:58:06.555+0000] {logging_mixin.py:190} INFO - [2026-04-25T06:58:06.555+0000] {dagbag.py:588} INFO - Filling up the DagBag from /opt/airflow/dags/system_dag.py
[2026-04-25T06:58:06.577+0000] {processor.py:925} INFO - DAG(s) 'system_dag' retrieved from /opt/airflow/dags/system_dag.py
[2026-04-25T06:58:06.628+0000] {logging_mixin.py:190} INFO - [2026-04-25T06:58:06.627+0000] {dag.py:3239} INFO - Sync 1 DAGs
[2026-04-25T06:58:06.664+0000] {logging_mixin.py:190} INFO - [2026-04-25T06:58:06.664+0000] {dag.py:4180} INFO - Setting next_dagrun for system_dag to 2026-04-24T00:00:00+00:00, run_after=2026-04-25T00:00:00+00:00
[2026-04-25T06:58:06.693+0000] {processor.py:208} INFO - Processing /opt/airflow/dags/system_dag.py took 0.152 seconds
[2026-04-25T06:58:37.599+0000] {processor.py:186} INFO - Started process (PID=79) to work on /opt/airflow/dags/system_dag.py
[2026-04-25T06:58:37.600+0000] {processor.py:914} INFO - Processing file /opt/airflow/dags/system_dag.py for tasks to queue
[2026-04-25T06:58:37.603+0000] {logging_mixin.py:190} INFO - [2026-04-25T06:58:37.603+0000] {dagbag.py:588} INFO - Filling up the DagBag from /opt/airflow/dags/system_dag.py
[2026-04-25T06:58:37.641+0000] {processor.py:925} INFO - DAG(s) 'system_dag' retrieved from /opt/airflow/dags/system_dag.py
[2026-04-25T06:58:37.696+0000] {logging_mixin.py:190} INFO - [2026-04-25T06:58:37.696+0000] {dag.py:3239} INFO - Sync 1 DAGs
[2026-04-25T06:58:37.742+0000] {logging_mixin.py:190} INFO - [2026-04-25T06:58:37.742+0000] {dag.py:4180} INFO - Setting next_dagrun for system_dag to 2026-04-24T00:00:00+00:00, run_after=2026-04-25T00:00:00+00:00
[2026-04-25T06:58:37.771+0000] {processor.py:208} INFO - Processing /opt/airflow/dags/system_dag.py took 0.181 seconds
[2026-04-25T06:59:08.722+0000] {processor.py:186} INFO - Started process (PID=83) to work on /opt/airflow/dags/system_dag.py
[2026-04-25T06:59:08.722+0000] {processor.py:914} INFO - Processing file /opt/airflow/dags/system_dag.py for tasks to queue
[2026-04-25T06:59:08.724+0000] {logging_mixin.py:190} INFO - [2026-04-25T06:59:08.724+0000] {dagbag.py:588} INFO - Filling up the DagBag from /opt/airflow/dags/system_dag.py
[2026-04-25T06:59:08.747+0000] {processor.py:925} INFO - DAG(s) 'system_dag' retrieved from /opt/airflow/dags/system_dag.py
[2026-04-25T06:59:08.789+0000] {logging_mixin.py:190} INFO - [2026-04-25T06:59:08.789+0000] {dag.py:3239} INFO - Sync 1 DAGs
[2026-04-25T06:59:08.820+0000] {logging_mixin.py:190} INFO - [2026-04-25T06:59:08.820+0000] {dag.py:4180} INFO - Setting next_dagrun for system_dag to 2026-04-24T00:00:00+00:00, run_after=2026-04-25T00:00:00+00:00
[2026-04-25T06:59:08.847+0000] {processor.py:208} INFO - Processing /opt/airflow/dags/system_dag.py took 0.133 seconds
[2026-04-25T06:59:40.815+0000] {processor.py:186} INFO - Started process (PID=87) to work on /opt/airflow/dags/system_dag.py
[2026-04-25T06:59:40.816+0000] {processor.py:914} INFO - Processing file /opt/airflow/dags/system_dag.py for tasks to queue
[2026-04-25T06:59:40.818+0000] {logging_mixin.py:190} INFO - [2026-04-25T06:59:40.817+0000] {dagbag.py:588} INFO - Filling up the DagBag from /opt/airflow/dags/system_dag.py
[2026-04-25T06:59:40.847+0000] {processor.py:925} INFO - DAG(s) 'system_dag' retrieved from /opt/airflow/dags/system_dag.py
[2026-04-25T06:59:40.904+0000] {logging_mixin.py:190} INFO - [2026-04-25T06:59:40.904+0000] {dag.py:3239} INFO - Sync 1 DAGs
[2026-04-25T06:59:40.941+0000] {logging_mixin.py:190} INFO - [2026-04-25T06:59:40.941+0000] {dag.py:4180} INFO - Setting next_dagrun for system_dag to 2026-04-24T00:00:00+00:00, run_after=2026-04-25T00:00:00+00:00
[2026-04-25T06:59:40.997+0000] {processor.py:208} INFO - Processing /opt/airflow/dags/system_dag.py took 0.192 seconds
[2026-04-25T07:00:11.794+0000] {processor.py:186} INFO - Started process (PID=91) to work on /opt/airflow/dags/system_dag.py
[2026-04-25T07:00:11.794+0000] {processor.py:914} INFO - Processing file /opt/airflow/dags/system_dag.py for tasks to queue
[2026-04-25T07:00:11.796+0000] {logging_mixin.py:190} INFO - [2026-04-25T07:00:11.796+0000] {dagbag.py:588} INFO - Filling up the DagBag from /opt/airflow/dags/system_dag.py
[2026-04-25T07:00:11.816+0000] {processor.py:925} INFO - DAG(s) 'system_dag' retrieved from /opt/airflow/dags/system_dag.py
[2026-04-25T07:00:11.880+0000] {logging_mixin.py:190} INFO - [2026-04-25T07:00:11.878+0000] {dag.py:3239} INFO - Sync 1 DAGs
[2026-04-25T07:00:11.927+0000] {logging_mixin.py:190} INFO - [2026-04-25T07:00:11.927+0000] {dag.py:4180} INFO - Setting next_dagrun for system_dag to 2026-04-24T00:00:00+00:00, run_after=2026-04-25T00:00:00+00:00
[2026-04-25T07:00:11.965+0000] {processor.py:208} INFO - Processing /opt/airflow/dags/system_dag.py took 0.178 seconds
[2026-04-25T07:00:42.702+0000] {processor.py:186} INFO - Started process (PID=95) to work on /opt/airflow/dags/system_dag.py
[2026-04-25T07:00:42.703+0000] {processor.py:914} INFO - Processing file /opt/airflow/dags/system_dag.py for tasks to queue
[2026-04-25T07:00:42.704+0000] {logging_mixin.py:190} INFO - [2026-04-25T07:00:42.704+0000] {dagbag.py:588} INFO - Filling up the DagBag from /opt/airflow/dags/system_dag.py
[2026-04-25T07:00:42.729+0000] {processor.py:925} INFO - DAG(s) 'system_dag' retrieved from /opt/airflow/dags/system_dag.py
[2026-04-25T07:00:42.774+0000] {logging_mixin.py:190} INFO - [2026-04-25T07:00:42.774+0000] {dag.py:3239} INFO - Sync 1 DAGs
[2026-04-25T07:00:42.813+0000] {logging_mixin.py:190} INFO - [2026-04-25T07:00:42.813+0000] {dag.py:4180} INFO - Setting next_dagrun for system_dag to 2026-04-24T00:00:00+00:00, run_after=2026-04-25T00:00:00+00:00
[2026-04-25T07:00:42.846+0000] {processor.py:208} INFO - Processing /opt/airflow/dags/system_dag.py took 0.152 seconds
[2026-04-25T07:01:14.699+0000] {processor.py:186} INFO - Started process (PID=99) to work on /opt/airflow/dags/system_dag.py
[2026-04-25T07:01:14.700+0000] {processor.py:914} INFO - Processing file /opt/airflow/dags/system_dag.py for tasks to queue
[2026-04-25T07:01:14.701+0000] {logging_mixin.py:190} INFO - [2026-04-25T07:01:14.701+0000] {dagbag.py:588} INFO - Filling up the DagBag from /opt/airflow/dags/system_dag.py
[2026-04-25T07:01:14.726+0000] {processor.py:925} INFO - DAG(s) 'system_dag' retrieved from /opt/airflow/dags/system_dag.py
[2026-04-25T07:01:14.775+0000] {logging_mixin.py:190} INFO - [2026-04-25T07:01:14.775+0000] {dag.py:3239} INFO - Sync 1 DAGs
[2026-04-25T07:01:14.819+0000] {logging_mixin.py:190} INFO - [2026-04-25T07:01:14.819+0000] {dag.py:4180} INFO - Setting next_dagrun for system_dag to 2026-04-24T00:00:00+00:00, run_after=2026-04-25T00:00:00+00:00
[2026-04-25T07:01:14.850+0000] {processor.py:208} INFO - Processing /opt/airflow/dags/system_dag.py took 0.159 seconds
[2026-04-25T07:01:45.650+0000] {processor.py:186} INFO - Started process (PID=103) to work on /opt/airflow/dags/system_dag.py
[2026-04-25T07:01:45.651+0000] {processor.py:914} INFO - Processing file /opt/airflow/dags/system_dag.py for tasks to queue
[2026-04-25T07:01:45.653+0000] {logging_mixin.py:190} INFO - [2026-04-25T07:01:45.652+0000] {dagbag.py:588} INFO - Filling up the DagBag from /opt/airflow/dags/system_dag.py
[2026-04-25T07:01:45.704+0000] {processor.py:925} INFO - DAG(s) 'system_dag' retrieved from /opt/airflow/dags/system_dag.py
[2026-04-25T07:01:45.753+0000] {logging_mixin.py:190} INFO - [2026-04-25T07:01:45.753+0000] {dag.py:3239} INFO - Sync 1 DAGs
[2026-04-25T07:01:45.789+0000] {logging_mixin.py:190} INFO - [2026-04-25T07:01:45.789+0000] {dag.py:4180} INFO - Setting next_dagrun for system_dag to 2026-04-24T00:00:00+00:00, run_after=2026-04-25T00:00:00+00:00
[2026-04-25T07:01:45.815+0000] {processor.py:208} INFO - Processing /opt/airflow/dags/system_dag.py took 0.193 seconds
[2026-04-25T07:02:16.624+0000] {processor.py:186} INFO - Started process (PID=107) to work on /opt/airflow/dags/system_dag.py
[2026-04-25T07:02:16.626+0000] {processor.py:914} INFO - Processing file /opt/airflow/dags/system_dag.py for tasks to queue
[2026-04-25T07:02:16.628+0000] {logging_mixin.py:190} INFO - [2026-04-25T07:02:16.628+0000] {dagbag.py:588} INFO - Filling up the DagBag from /opt/airflow/dags/system_dag.py
[2026-04-25T07:02:16.651+0000] {processor.py:925} INFO - DAG(s) 'system_dag' retrieved from /opt/airflow/dags/system_dag.py
[2026-04-25T07:02:16.697+0000] {logging_mixin.py:190} INFO - [2026-04-25T07:02:16.697+0000] {dag.py:3239} INFO - Sync 1 DAGs
[2026-04-25T07:02:16.730+0000] {logging_mixin.py:190} INFO - [2026-04-25T07:02:16.730+0000] {dag.py:4180} INFO - Setting next_dagrun for system_dag to 2026-04-24T00:00:00+00:00, run_after=2026-04-25T00:00:00+00:00
[2026-04-25T07:02:16.763+0000] {processor.py:208} INFO - Processing /opt/airflow/dags/system_dag.py took 0.145 seconds
[2026-04-25T07:02:47.814+0000] {processor.py:186} INFO - Started process (PID=111) to work on /opt/airflow/dags/system_dag.py
[2026-04-25T07:02:47.815+0000] {processor.py:914} INFO - Processing file /opt/airflow/dags/system_dag.py for tasks to queue
[2026-04-25T07:02:47.816+0000] {logging_mixin.py:190} INFO - [2026-04-25T07:02:47.816+0000] {dagbag.py:588} INFO - Filling up the DagBag from /opt/airflow/dags/system_dag.py
[2026-04-25T07:02:47.844+0000] {processor.py:925} INFO - DAG(s) 'system_dag' retrieved from /opt/airflow/dags/system_dag.py
[2026-04-25T07:02:47.894+0000] {logging_mixin.py:190} INFO - [2026-04-25T07:02:47.893+0000] {dag.py:3239} INFO - Sync 1 DAGs
[2026-04-25T07:02:47.947+0000] {logging_mixin.py:190} INFO - [2026-04-25T07:02:47.947+0000] {dag.py:4180} INFO - Setting next_dagrun for system_dag to 2026-04-24T00:00:00+00:00, run_after=2026-04-25T00:00:00+00:00
[2026-04-25T07:02:47.983+0000] {processor.py:208} INFO - Processing /opt/airflow/dags/system_dag.py took 0.176 seconds
[2026-04-25T07:03:20.003+0000] {processor.py:186} INFO - Started process (PID=115) to work on /opt/airflow/dags/system_dag.py
[2026-04-25T07:03:20.004+0000] {processor.py:914} INFO - Processing file /opt/airflow/dags/system_dag.py for tasks to queue
[2026-04-25T07:03:20.006+0000] {logging_mixin.py:190} INFO - [2026-04-25T07:03:20.006+0000] {dagbag.py:588} INFO - Filling up the DagBag from /opt/airflow/dags/system_dag.py
[2026-04-25T07:03:20.030+0000] {processor.py:925} INFO - DAG(s) 'system_dag' retrieved from /opt/airflow/dags/system_dag.py
[2026-04-25T07:03:20.145+0000] {logging_mixin.py:190} INFO - [2026-04-25T07:03:20.144+0000] {dag.py:3239} INFO - Sync 1 DAGs
[2026-04-25T07:03:20.184+0000] {logging_mixin.py:190} INFO - [2026-04-25T07:03:20.184+0000] {dag.py:4180} INFO - Setting next_dagrun for system_dag to 2026-04-24T00:00:00+00:00, run_after=2026-04-25T00:00:00+00:00
[2026-04-25T07:03:20.209+0000] {processor.py:208} INFO - Processing /opt/airflow/dags/system_dag.py took 0.219 seconds
[2026-04-25T07:03:51.168+0000] {processor.py:186} INFO - Started process (PID=119) to work on /opt/airflow/dags/system_dag.py
[2026-04-25T07:03:51.170+0000] {processor.py:914} INFO - Processing file /opt/airflow/dags/system_dag.py for tasks to queue
[2026-04-25T07:03:51.171+0000] {logging_mixin.py:190} INFO - [2026-04-25T07:03:51.171+0000] {dagbag.py:588} INFO - Filling up the DagBag from /opt/airflow/dags/system_dag.py
[2026-04-25T07:03:51.198+0000] {processor.py:925} INFO - DAG(s) 'system_dag' retrieved from /opt/airflow/dags/system_dag.py
[2026-04-25T07:03:51.257+0000] {logging_mixin.py:190} INFO - [2026-04-25T07:03:51.257+0000] {dag.py:3239} INFO - Sync 1 DAGs
[2026-04-25T07:03:51.298+0000] {logging_mixin.py:190} INFO - [2026-04-25T07:03:51.298+0000] {dag.py:4180} INFO - Setting next_dagrun for system_dag to 2026-04-24T00:00:00+00:00, run_after=2026-04-25T00:00:00+00:00
[2026-04-25T07:03:51.327+0000] {processor.py:208} INFO - Processing /opt/airflow/dags/system_dag.py took 0.169 seconds
[2026-04-25T07:04:22.108+0000] {processor.py:186} INFO - Started process (PID=123) to work on /opt/airflow/dags/system_dag.py
[2026-04-25T07:04:22.108+0000] {processor.py:914} INFO - Processing file /opt/airflow/dags/system_dag.py for tasks to queue
[2026-04-25T07:04:22.110+0000] {logging_mixin.py:190} INFO - [2026-04-25T07:04:22.110+0000] {dagbag.py:588} INFO - Filling up the DagBag from /opt/airflow/dags/system_dag.py
[2026-04-25T07:04:22.137+0000] {processor.py:925} INFO - DAG(s) 'system_dag' retrieved from /opt/airflow/dags/system_dag.py
[2026-04-25T07:04:22.188+0000] {logging_mixin.py:190} INFO - [2026-04-25T07:04:22.187+0000] {dag.py:3239} INFO - Sync 1 DAGs
[2026-04-25T07:04:22.234+0000] {logging_mixin.py:190} INFO - [2026-04-25T07:04:22.234+0000] {dag.py:4180} INFO - Setting next_dagrun for system_dag to 2026-04-24T00:00:00+00:00, run_after=2026-04-25T00:00:00+00:00
[2026-04-25T07:04:22.266+0000] {processor.py:208} INFO - Processing /opt/airflow/dags/system_dag.py took 0.176 seconds
[2026-04-25T07:04:53.153+0000] {processor.py:186} INFO - Started process (PID=127) to work on /opt/airflow/dags/system_dag.py
[2026-04-25T07:04:53.154+0000] {processor.py:914} INFO - Processing file /opt/airflow/dags/system_dag.py for tasks to queue
[2026-04-25T07:04:53.156+0000] {logging_mixin.py:190} INFO - [2026-04-25T07:04:53.155+0000] {dagbag.py:588} INFO - Filling up the DagBag from /opt/airflow/dags/system_dag.py
[2026-04-25T07:04:53.173+0000] {processor.py:925} INFO - DAG(s) 'system_dag' retrieved from /opt/airflow/dags/system_dag.py
[2026-04-25T07:04:53.211+0000] {logging_mixin.py:190} INFO - [2026-04-25T07:04:53.211+0000] {dag.py:3239} INFO - Sync 1 DAGs
[2026-04-25T07:04:53.269+0000] {logging_mixin.py:190} INFO - [2026-04-25T07:04:53.268+0000] {dag.py:4180} INFO - Setting next_dagrun for system_dag to 2026-04-24T00:00:00+00:00, run_after=2026-04-25T00:00:00+00:00
[2026-04-25T07:04:53.312+0000] {processor.py:208} INFO - Processing /opt/airflow/dags/system_dag.py took 0.166 seconds
[2026-04-25T07:05:24.138+0000] {processor.py:186} INFO - Started process (PID=131) to work on /opt/airflow/dags/system_dag.py
[2026-04-25T07:05:24.140+0000] {processor.py:914} INFO - Processing file /opt/airflow/dags/system_dag.py for tasks to queue
[2026-04-25T07:05:24.143+0000] {logging_mixin.py:190} INFO - [2026-04-25T07:05:24.142+0000] {dagbag.py:588} INFO - Filling up the DagBag from /opt/airflow/dags/system_dag.py
[2026-04-25T07:05:24.177+0000] {processor.py:925} INFO - DAG(s) 'system_dag' retrieved from /opt/airflow/dags/system_dag.py
[2026-04-25T07:05:24.241+0000] {logging_mixin.py:190} INFO - [2026-04-25T07:05:24.241+0000] {dag.py:3239} INFO - Sync 1 DAGs
[2026-04-25T07:05:24.288+0000] {logging_mixin.py:190} INFO - [2026-04-25T07:05:24.288+0000] {dag.py:4180} INFO - Setting next_dagrun for system_dag to 2026-04-24T00:00:00+00:00, run_after=2026-04-25T00:00:00+00:00
[2026-04-25T07:05:24.330+0000] {processor.py:208} INFO - Processing /opt/airflow/dags/system_dag.py took 0.200 seconds
[2026-04-25T07:05:56.102+0000] {processor.py:186} INFO - Started process (PID=135) to work on /opt/airflow/dags/system_dag.py
[2026-04-25T07:05:56.103+0000] {processor.py:914} INFO - Processing file /opt/airflow/dags/system_dag.py for tasks to queue
[2026-04-25T07:05:56.105+0000] {logging_mixin.py:190} INFO - [2026-04-25T07:05:56.104+0000] {dagbag.py:588} INFO - Filling up the DagBag from /opt/airflow/dags/system_dag.py
[2026-04-25T07:05:56.127+0000] {processor.py:925} INFO - DAG(s) 'system_dag' retrieved from /opt/airflow/dags/system_dag.py
[2026-04-25T07:05:56.173+0000] {logging_mixin.py:190} INFO - [2026-04-25T07:05:56.173+0000] {dag.py:3239} INFO - Sync 1 DAGs
[2026-04-25T07:05:56.216+0000] {logging_mixin.py:190} INFO - [2026-04-25T07:05:56.215+0000] {dag.py:4180} INFO - Setting next_dagrun for system_dag to 2026-04-24T00:00:00+00:00, run_after=2026-04-25T00:00:00+00:00
[2026-04-25T07:05:56.248+0000] {processor.py:208} INFO - Processing /opt/airflow/dags/system_dag.py took 0.152 seconds
[2026-04-25T07:06:27.186+0000] {processor.py:186} INFO - Started process (PID=139) to work on /opt/airflow/dags/system_dag.py
[2026-04-25T07:06:27.187+0000] {processor.py:914} INFO - Processing file /opt/airflow/dags/system_dag.py for tasks to queue
[2026-04-25T07:06:27.189+0000] {logging_mixin.py:190} INFO - [2026-04-25T07:06:27.189+0000] {dagbag.py:588} INFO - Filling up the DagBag from /opt/airflow/dags/system_dag.py
[2026-04-25T07:06:27.214+0000] {processor.py:925} INFO - DAG(s) 'system_dag' retrieved from /opt/airflow/dags/system_dag.py
[2026-04-25T07:06:27.267+0000] {logging_mixin.py:190} INFO - [2026-04-25T07:06:27.267+0000] {dag.py:3239} INFO - Sync 1 DAGs
[2026-04-25T07:06:27.306+0000] {logging_mixin.py:190} INFO - [2026-04-25T07:06:27.306+0000] {dag.py:4180} INFO - Setting next_dagrun for system_dag to 2026-04-24T00:00:00+00:00, run_after=2026-04-25T00:00:00+00:00
[2026-04-25T07:06:27.343+0000] {processor.py:208} INFO - Processing /opt/airflow/dags/system_dag.py took 0.166 seconds
[2026-04-25T07:06:58.126+0000] {processor.py:186} INFO - Started process (PID=143) to work on /opt/airflow/dags/system_dag.py
[2026-04-25T07:06:58.127+0000] {processor.py:914} INFO - Processing file /opt/airflow/dags/system_dag.py for tasks to queue
[2026-04-25T07:06:58.140+0000] {logging_mixin.py:190} INFO - [2026-04-25T07:06:58.140+0000] {dagbag.py:588} INFO - Filling up the DagBag from /opt/airflow/dags/system_dag.py
[2026-04-25T07:06:58.198+0000] {processor.py:925} INFO - DAG(s) 'system_dag' retrieved from /opt/airflow/dags/system_dag.py
[2026-04-25T07:06:58.303+0000] {logging_mixin.py:190} INFO - [2026-04-25T07:06:58.302+0000] {dag.py:3239} INFO - Sync 1 DAGs
[2026-04-25T07:06:58.376+0000] {logging_mixin.py:190} INFO - [2026-04-25T07:06:58.376+0000] {dag.py:4180} INFO - Setting next_dagrun for system_dag to 2026-04-24T00:00:00+00:00, run_after=2026-04-25T00:00:00+00:00
[2026-04-25T07:06:58.412+0000] {processor.py:208} INFO - Processing /opt/airflow/dags/system_dag.py took 0.296 seconds
[2026-04-25T07:07:30.225+0000] {processor.py:186} INFO - Started process (PID=147) to work on /opt/airflow/dags/system_dag.py
[2026-04-25T07:07:30.226+0000] {processor.py:914} INFO - Processing file /opt/airflow/dags/system_dag.py for tasks to queue
[2026-04-25T07:07:30.228+0000] {logging_mixin.py:190} INFO - [2026-04-25T07:07:30.228+0000] {dagbag.py:588} INFO - Filling up the DagBag from /opt/airflow/dags/system_dag.py
[2026-04-25T07:07:30.255+0000] {processor.py:925} INFO - DAG(s) 'system_dag' retrieved from /opt/airflow/dags/system_dag.py
[2026-04-25T07:07:30.306+0000] {logging_mixin.py:190} INFO - [2026-04-25T07:07:30.306+0000] {dag.py:3239} INFO - Sync 1 DAGs
[2026-04-25T07:07:30.342+0000] {logging_mixin.py:190} INFO - [2026-04-25T07:07:30.342+0000] {dag.py:4180} INFO - Setting next_dagrun for system_dag to 2026-04-24T00:00:00+00:00, run_after=2026-04-25T00:00:00+00:00
[2026-04-25T07:07:30.370+0000] {processor.py:208} INFO - Processing /opt/airflow/dags/system_dag.py took 0.153 seconds
[2026-04-25T07:08:01.236+0000] {processor.py:186} INFO - Started process (PID=151) to work on /opt/airflow/dags/system_dag.py
[2026-04-25T07:08:01.237+0000] {processor.py:914} INFO - Processing file /opt/airflow/dags/system_dag.py for tasks to queue
[2026-04-25T07:08:01.240+0000] {logging_mixin.py:190} INFO - [2026-04-25T07:08:01.239+0000] {dagbag.py:588} INFO - Filling up the DagBag from /opt/airflow/dags/system_dag.py
[2026-04-25T07:08:01.268+0000] {processor.py:925} INFO - DAG(s) 'system_dag' retrieved from /opt/airflow/dags/system_dag.py
[2026-04-25T07:08:01.320+0000] {logging_mixin.py:190} INFO - [2026-04-25T07:08:01.319+0000] {dag.py:3239} INFO - Sync 1 DAGs
[2026-04-25T07:08:01.356+0000] {logging_mixin.py:190} INFO - [2026-04-25T07:08:01.356+0000] {dag.py:4180} INFO - Setting next_dagrun for system_dag to 2026-04-24T00:00:00+00:00, run_after=2026-04-25T00:00:00+00:00
[2026-04-25T07:08:01.414+0000] {processor.py:208} INFO - Processing /opt/airflow/dags/system_dag.py took 0.192 seconds
[2026-04-25T07:08:32.257+0000] {processor.py:186} INFO - Started process (PID=155) to work on /opt/airflow/dags/system_dag.py
[2026-04-25T07:08:32.257+0000] {processor.py:914} INFO - Processing file /opt/airflow/dags/system_dag.py for tasks to queue
[2026-04-25T07:08:32.259+0000] {logging_mixin.py:190} INFO - [2026-04-25T07:08:32.259+0000] {dagbag.py:588} INFO - Filling up the DagBag from /opt/airflow/dags/system_dag.py
[2026-04-25T07:08:32.283+0000] {processor.py:925} INFO - DAG(s) 'system_dag' retrieved from /opt/airflow/dags/system_dag.py
[2026-04-25T07:08:32.339+0000] {logging_mixin.py:190} INFO - [2026-04-25T07:08:32.339+0000] {dag.py:3239} INFO - Sync 1 DAGs
[2026-04-25T07:08:32.380+0000] {logging_mixin.py:190} INFO - [2026-04-25T07:08:32.380+0000] {dag.py:4180} INFO - Setting next_dagrun for system_dag to 2026-04-24T00:00:00+00:00, run_after=2026-04-25T00:00:00+00:00
[2026-04-25T07:08:32.423+0000] {processor.py:208} INFO - Processing /opt/airflow/dags/system_dag.py took 0.174 seconds
[2026-04-25T07:09:03.267+0000] {processor.py:186} INFO - Started process (PID=159) to work on /opt/airflow/dags/system_dag.py
[2026-04-25T07:09:03.268+0000] {processor.py:914} INFO - Processing file /opt/airflow/dags/system_dag.py for tasks to queue
[2026-04-25T07:09:03.269+0000] {logging_mixin.py:190} INFO - [2026-04-25T07:09:03.269+0000] {dagbag.py:588} INFO - Filling up the DagBag from /opt/airflow/dags/system_dag.py
[2026-04-25T07:09:03.289+0000] {processor.py:925} INFO - DAG(s) 'system_dag' retrieved from /opt/airflow/dags/system_dag.py
[2026-04-25T07:09:03.324+0000] {logging_mixin.py:190} INFO - [2026-04-25T07:09:03.324+0000] {dag.py:3239} INFO - Sync 1 DAGs
[2026-04-25T07:09:03.351+0000] {logging_mixin.py:190} INFO - [2026-04-25T07:09:03.351+0000] {dag.py:4180} INFO - Setting next_dagrun for system_dag to 2026-04-24T00:00:00+00:00, run_after=2026-04-25T00:00:00+00:00
[2026-04-25T07:09:03.371+0000] {processor.py:208} INFO - Processing /opt/airflow/dags/system_dag.py took 0.111 seconds
[2026-04-25T07:09:35.210+0000] {processor.py:186} INFO - Started process (PID=163) to work on /opt/airflow/dags/system_dag.py
[2026-04-25T07:09:35.211+0000] {processor.py:914} INFO - Processing file /opt/airflow/dags/system_dag.py for tasks to queue
[2026-04-25T07:09:35.213+0000] {logging_mixin.py:190} INFO - [2026-04-25T07:09:35.212+0000] {dagbag.py:588} INFO - Filling up the DagBag from /opt/airflow/dags/system_dag.py
[2026-04-25T07:09:35.236+0000] {processor.py:925} INFO - DAG(s) 'system_dag' retrieved from /opt/airflow/dags/system_dag.py
[2026-04-25T07:09:35.275+0000] {logging_mixin.py:190} INFO - [2026-04-25T07:09:35.274+0000] {dag.py:3239} INFO - Sync 1 DAGs
[2026-04-25T07:09:35.310+0000] {logging_mixin.py:190} INFO - [2026-04-25T07:09:35.310+0000] {dag.py:4180} INFO - Setting next_dagrun for system_dag to 2026-04-24T00:00:00+00:00, run_after=2026-04-25T00:00:00+00:00
[2026-04-25T07:09:35.333+0000] {processor.py:208} INFO - Processing /opt/airflow/dags/system_dag.py took 0.130 seconds
[2026-04-25T07:10:06.186+0000] {processor.py:186} INFO - Started process (PID=167) to work on /opt/airflow/dags/system_dag.py
[2026-04-25T07:10:06.187+0000] {processor.py:914} INFO - Processing file /opt/airflow/dags/system_dag.py for tasks to queue
[2026-04-25T07:10:06.190+0000] {logging_mixin.py:190} INFO - [2026-04-25T07:10:06.189+0000] {dagbag.py:588} INFO - Filling up the DagBag from /opt/airflow/dags/system_dag.py
[2026-04-25T07:10:06.213+0000] {processor.py:925} INFO - DAG(s) 'system_dag' retrieved from /opt/airflow/dags/system_dag.py
[2026-04-25T07:10:06.266+0000] {logging_mixin.py:190} INFO - [2026-04-25T07:10:06.265+0000] {dag.py:3239} INFO - Sync 1 DAGs
[2026-04-25T07:10:06.307+0000] {logging_mixin.py:190} INFO - [2026-04-25T07:10:06.307+0000] {dag.py:4180} INFO - Setting next_dagrun for system_dag to 2026-04-24T00:00:00+00:00, run_after=2026-04-25T00:00:00+00:00
[2026-04-25T07:10:06.336+0000] {processor.py:208} INFO - Processing /opt/airflow/dags/system_dag.py took 0.157 seconds
[2026-04-25T07:10:37.276+0000] {processor.py:186} INFO - Started process (PID=171) to work on /opt/airflow/dags/system_dag.py
[2026-04-25T07:10:37.276+0000] {processor.py:914} INFO - Processing file /opt/airflow/dags/system_dag.py for tasks to queue
[2026-04-25T07:10:37.278+0000] {logging_mixin.py:190} INFO - [2026-04-25T07:10:37.277+0000] {dagbag.py:588} INFO - Filling up the DagBag from /opt/airflow/dags/system_dag.py
[2026-04-25T07:10:37.299+0000] {processor.py:925} INFO - DAG(s) 'system_dag' retrieved from /opt/airflow/dags/system_dag.py
[2026-04-25T07:10:37.347+0000] {logging_mixin.py:190} INFO - [2026-04-25T07:10:37.346+0000] {dag.py:3239} INFO - Sync 1 DAGs
[2026-04-25T07:10:37.395+0000] {logging_mixin.py:190} INFO - [2026-04-25T07:10:37.395+0000] {dag.py:4180} INFO - Setting next_dagrun for system_dag to 2026-04-24T00:00:00+00:00, run_after=2026-04-25T00:00:00+00:00
[2026-04-25T07:10:37.429+0000] {processor.py:208} INFO - Processing /opt/airflow/dags/system_dag.py took 0.160 seconds
[2026-04-25T07:11:09.272+0000] {processor.py:186} INFO - Started process (PID=175) to work on /opt/airflow/dags/system_dag.py
[2026-04-25T07:11:09.273+0000] {processor.py:914} INFO - Processing file /opt/airflow/dags/system_dag.py for tasks to queue
[2026-04-25T07:11:09.275+0000] {logging_mixin.py:190} INFO - [2026-04-25T07:11:09.275+0000] {dagbag.py:588} INFO - Filling up the DagBag from /opt/airflow/dags/system_dag.py
[2026-04-25T07:11:09.304+0000] {processor.py:925} INFO - DAG(s) 'system_dag' retrieved from /opt/airflow/dags/system_dag.py
[2026-04-25T07:11:09.363+0000] {logging_mixin.py:190} INFO - [2026-04-25T07:11:09.362+0000] {dag.py:3239} INFO - Sync 1 DAGs
[2026-04-25T07:11:09.396+0000] {logging_mixin.py:190} INFO - [2026-04-25T07:11:09.396+0000] {dag.py:4180} INFO - Setting next_dagrun for system_dag to 2026-04-24T00:00:00+00:00, run_after=2026-04-25T00:00:00+00:00
[2026-04-25T07:11:09.425+0000] {processor.py:208} INFO - Processing /opt/airflow/dags/system_dag.py took 0.161 seconds
[2026-04-25T07:11:40.292+0000] {processor.py:186} INFO - Started process (PID=179) to work on /opt/airflow/dags/system_dag.py
[2026-04-25T07:11:40.293+0000] {processor.py:914} INFO - Processing file /opt/airflow/dags/system_dag.py for tasks to queue
[2026-04-25T07:11:40.295+0000] {logging_mixin.py:190} INFO - [2026-04-25T07:11:40.294+0000] {dagbag.py:588} INFO - Filling up the DagBag from /opt/airflow/dags/system_dag.py
[2026-04-25T07:11:40.318+0000] {processor.py:925} INFO - DAG(s) 'system_dag' retrieved from /opt/airflow/dags/system_dag.py
[2026-04-25T07:11:40.364+0000] {logging_mixin.py:190} INFO - [2026-04-25T07:11:40.364+0000] {dag.py:3239} INFO - Sync 1 DAGs
[2026-04-25T07:11:40.399+0000] {logging_mixin.py:190} INFO - [2026-04-25T07:11:40.399+0000] {dag.py:4180} INFO - Setting next_dagrun for system_dag to 2026-04-24T00:00:00+00:00, run_after=2026-04-25T00:00:00+00:00
[2026-04-25T07:11:40.429+0000] {processor.py:208} INFO - Processing /opt/airflow/dags/system_dag.py took 0.145 seconds
[2026-04-25T07:12:11.181+0000] {processor.py:186} INFO - Started process (PID=183) to work on /opt/airflow/dags/system_dag.py
[2026-04-25T07:12:11.182+0000] {processor.py:914} INFO - Processing file /opt/airflow/dags/system_dag.py for tasks to queue
[2026-04-25T07:12:11.184+0000] {logging_mixin.py:190} INFO - [2026-04-25T07:12:11.184+0000] {dagbag.py:588} INFO - Filling up the DagBag from /opt/airflow/dags/system_dag.py
[2026-04-25T07:12:11.205+0000] {processor.py:925} INFO - DAG(s) 'system_dag' retrieved from /opt/airflow/dags/system_dag.py
[2026-04-25T07:12:11.238+0000] {logging_mixin.py:190} INFO - [2026-04-25T07:12:11.238+0000] {dag.py:3239} INFO - Sync 1 DAGs
[2026-04-25T07:12:11.269+0000] {logging_mixin.py:190} INFO - [2026-04-25T07:12:11.269+0000] {dag.py:4180} INFO - Setting next_dagrun for system_dag to 2026-04-24T00:00:00+00:00, run_after=2026-04-25T00:00:00+00:00
[2026-04-25T07:12:11.297+0000] {processor.py:208} INFO - Processing /opt/airflow/dags/system_dag.py took 0.125 seconds
[2026-04-25T07:12:42.369+0000] {processor.py:186} INFO - Started process (PID=187) to work on /opt/airflow/dags/system_dag.py
[2026-04-25T07:12:42.370+0000] {processor.py:914} INFO - Processing file /opt/airflow/dags/system_dag.py for tasks to queue
[2026-04-25T07:12:42.371+0000] {logging_mixin.py:190} INFO - [2026-04-25T07:12:42.371+0000] {dagbag.py:588} INFO - Filling up the DagBag from /opt/airflow/dags/system_dag.py
[2026-04-25T07:12:42.392+0000] {processor.py:925} INFO - DAG(s) 'system_dag' retrieved from /opt/airflow/dags/system_dag.py
[2026-04-25T07:12:42.433+0000] {logging_mixin.py:190} INFO - [2026-04-25T07:12:42.433+0000] {dag.py:3239} INFO - Sync 1 DAGs
[2026-04-25T07:12:42.465+0000] {logging_mixin.py:190} INFO - [2026-04-25T07:12:42.465+0000] {dag.py:4180} INFO - Setting next_dagrun for system_dag to 2026-04-24T00:00:00+00:00, run_after=2026-04-25T00:00:00+00:00
[2026-04-25T07:12:42.487+0000] {processor.py:208} INFO - Processing /opt/airflow/dags/system_dag.py took 0.125 seconds
[2026-04-25T07:13:14.377+0000] {processor.py:186} INFO - Started process (PID=191) to work on /opt/airflow/dags/system_dag.py
[2026-04-25T07:13:14.377+0000] {processor.py:914} INFO - Processing file /opt/airflow/dags/system_dag.py for tasks to queue
[2026-04-25T07:13:14.379+0000] {logging_mixin.py:190} INFO - [2026-04-25T07:13:14.378+0000] {dagbag.py:588} INFO - Filling up the DagBag from /opt/airflow/dags/system_dag.py
[2026-04-25T07:13:14.400+0000] {processor.py:925} INFO - DAG(s) 'system_dag' retrieved from /opt/airflow/dags/system_dag.py
[2026-04-25T07:13:14.450+0000] {logging_mixin.py:190} INFO - [2026-04-25T07:13:14.449+0000] {dag.py:3239} INFO - Sync 1 DAGs
[2026-04-25T07:13:14.485+0000] {logging_mixin.py:190} INFO - [2026-04-25T07:13:14.485+0000] {dag.py:4180} INFO - Setting next_dagrun for system_dag to 2026-04-24T00:00:00+00:00, run_after=2026-04-25T00:00:00+00:00
[2026-04-25T07:13:14.517+0000] {processor.py:208} INFO - Processing /opt/airflow/dags/system_dag.py took 0.149 seconds
[2026-04-25T07:13:45.248+0000] {processor.py:186} INFO - Started process (PID=195) to work on /opt/airflow/dags/system_dag.py
[2026-04-25T07:13:45.248+0000] {processor.py:914} INFO - Processing file /opt/airflow/dags/system_dag.py for tasks to queue
[2026-04-25T07:13:45.250+0000] {logging_mixin.py:190} INFO - [2026-04-25T07:13:45.250+0000] {dagbag.py:588} INFO - Filling up the DagBag from /opt/airflow/dags/system_dag.py
[2026-04-25T07:13:45.273+0000] {processor.py:925} INFO - DAG(s) 'system_dag' retrieved from /opt/airflow/dags/system_dag.py
[2026-04-25T07:13:45.316+0000] {logging_mixin.py:190} INFO - [2026-04-25T07:13:45.316+0000] {dag.py:3239} INFO - Sync 1 DAGs
[2026-04-25T07:13:45.350+0000] {logging_mixin.py:190} INFO - [2026-04-25T07:13:45.350+0000] {dag.py:4180} INFO - Setting next_dagrun for system_dag to 2026-04-24T00:00:00+00:00, run_after=2026-04-25T00:00:00+00:00
[2026-04-25T07:13:45.377+0000] {processor.py:208} INFO - Processing /opt/airflow/dags/system_dag.py took 0.137 seconds
[2026-04-25T07:14:17.148+0000] {processor.py:186} INFO - Started process (PID=199) to work on /opt/airflow/dags/system_dag.py
[2026-04-25T07:14:17.149+0000] {processor.py:914} INFO - Processing file /opt/airflow/dags/system_dag.py for tasks to queue
[2026-04-25T07:14:17.151+0000] {logging_mixin.py:190} INFO - [2026-04-25T07:14:17.150+0000] {dagbag.py:588} INFO - Filling up the DagBag from /opt/airflow/dags/system_dag.py
[2026-04-25T07:14:17.174+0000] {processor.py:925} INFO - DAG(s) 'system_dag' retrieved from /opt/airflow/dags/system_dag.py
[2026-04-25T07:14:17.214+0000] {logging_mixin.py:190} INFO - [2026-04-25T07:14:17.214+0000] {dag.py:3239} INFO - Sync 1 DAGs
[2026-04-25T07:14:17.245+0000] {logging_mixin.py:190} INFO - [2026-04-25T07:14:17.245+0000] {dag.py:4180} INFO - Setting next_dagrun for system_dag to 2026-04-24T00:00:00+00:00, run_after=2026-04-25T00:00:00+00:00
[2026-04-25T07:14:17.270+0000] {processor.py:208} INFO - Processing /opt/airflow/dags/system_dag.py took 0.129 seconds
[2026-04-25T07:14:48.098+0000] {processor.py:186} INFO - Started process (PID=203) to work on /opt/airflow/dags/system_dag.py
[2026-04-25T07:14:48.099+0000] {processor.py:914} INFO - Processing file /opt/airflow/dags/system_dag.py for tasks to queue
[2026-04-25T07:14:48.101+0000] {logging_mixin.py:190} INFO - [2026-04-25T07:14:48.101+0000] {dagbag.py:588} INFO - Filling up the DagBag from /opt/airflow/dags/system_dag.py
[2026-04-25T07:14:48.134+0000] {processor.py:925} INFO - DAG(s) 'system_dag' retrieved from /opt/airflow/dags/system_dag.py
[2026-04-25T07:14:48.183+0000] {logging_mixin.py:190} INFO - [2026-04-25T07:14:48.183+0000] {dag.py:3239} INFO - Sync 1 DAGs
[2026-04-25T07:14:48.223+0000] {logging_mixin.py:190} INFO - [2026-04-25T07:14:48.223+0000] {dag.py:4180} INFO - Setting next_dagrun for system_dag to 2026-04-24T00:00:00+00:00, run_after=2026-04-25T00:00:00+00:00
[2026-04-25T07:14:48.254+0000] {processor.py:208} INFO - Processing /opt/airflow/dags/system_dag.py took 0.168 seconds
[2026-04-25T07:15:19.293+0000] {processor.py:186} INFO - Started process (PID=207) to work on /opt/airflow/dags/system_dag.py
[2026-04-25T07:15:19.294+0000] {processor.py:914} INFO - Processing file /opt/airflow/dags/system_dag.py for tasks to queue
[2026-04-25T07:15:19.296+0000] {logging_mixin.py:190} INFO - [2026-04-25T07:15:19.296+0000] {dagbag.py:588} INFO - Filling up the DagBag from /opt/airflow/dags/system_dag.py
[2026-04-25T07:15:19.322+0000] {processor.py:925} INFO - DAG(s) 'system_dag' retrieved from /opt/airflow/dags/system_dag.py
[2026-04-25T07:15:19.372+0000] {logging_mixin.py:190} INFO - [2026-04-25T07:15:19.372+0000] {dag.py:3239} INFO - Sync 1 DAGs
[2026-04-25T07:15:19.429+0000] {logging_mixin.py:190} INFO - [2026-04-25T07:15:19.428+0000] {dag.py:4180} INFO - Setting next_dagrun for system_dag to 2026-04-24T00:00:00+00:00, run_after=2026-04-25T00:00:00+00:00
[2026-04-25T07:15:19.475+0000] {processor.py:208} INFO - Processing /opt/airflow/dags/system_dag.py took 0.190 seconds
[2026-04-25T07:15:50.820+0000] {processor.py:186} INFO - Started process (PID=211) to work on /opt/airflow/dags/system_dag.py
[2026-04-25T07:15:50.821+0000] {processor.py:914} INFO - Processing file /opt/airflow/dags/system_dag.py for tasks to queue
[2026-04-25T07:15:50.826+0000] {logging_mixin.py:190} INFO - [2026-04-25T07:15:50.825+0000] {dagbag.py:588} INFO - Filling up the DagBag from /opt/airflow/dags/system_dag.py
[2026-04-25T07:15:50.862+0000] {processor.py:925} INFO - DAG(s) 'system_dag' retrieved from /opt/airflow/dags/system_dag.py
[2026-04-25T07:15:50.936+0000] {logging_mixin.py:190} INFO - [2026-04-25T07:15:50.936+0000] {dag.py:3239} INFO - Sync 1 DAGs
[2026-04-25T07:15:50.991+0000] {logging_mixin.py:190} INFO - [2026-04-25T07:15:50.991+0000] {dag.py:4180} INFO - Setting next_dagrun for system_dag to 2026-04-24T00:00:00+00:00, run_after=2026-04-25T00:00:00+00:00
[2026-04-25T07:15:51.028+0000] {processor.py:208} INFO - Processing /opt/airflow/dags/system_dag.py took 0.218 seconds
[2026-04-25T07:16:21.824+0000] {processor.py:186} INFO - Started process (PID=215) to work on /opt/airflow/dags/system_dag.py
[2026-04-25T07:16:21.825+0000] {processor.py:914} INFO - Processing file /opt/airflow/dags/system_dag.py for tasks to queue
[2026-04-25T07:16:21.827+0000] {logging_mixin.py:190} INFO - [2026-04-25T07:16:21.827+0000] {dagbag.py:588} INFO - Filling up the DagBag from /opt/airflow/dags/system_dag.py
[2026-04-25T07:16:21.848+0000] {processor.py:925} INFO - DAG(s) 'system_dag' retrieved from /opt/airflow/dags/system_dag.py
[2026-04-25T07:16:21.890+0000] {logging_mixin.py:190} INFO - [2026-04-25T07:16:21.890+0000] {dag.py:3239} INFO - Sync 1 DAGs
[2026-04-25T07:16:21.930+0000] {logging_mixin.py:190} INFO - [2026-04-25T07:16:21.930+0000] {dag.py:4180} INFO - Setting next_dagrun for system_dag to 2026-04-24T00:00:00+00:00, run_after=2026-04-25T00:00:00+00:00
[2026-04-25T07:16:21.956+0000] {processor.py:208} INFO - Processing /opt/airflow/dags/system_dag.py took 0.139 seconds
[2026-04-25T07:16:53.884+0000] {processor.py:186} INFO - Started process (PID=219) to work on /opt/airflow/dags/system_dag.py
[2026-04-25T07:16:53.885+0000] {processor.py:914} INFO - Processing file /opt/airflow/dags/system_dag.py for tasks to queue
[2026-04-25T07:16:53.887+0000] {logging_mixin.py:190} INFO - [2026-04-25T07:16:53.887+0000] {dagbag.py:588} INFO - Filling up the DagBag from /opt/airflow/dags/system_dag.py
[2026-04-25T07:16:53.917+0000] {processor.py:925} INFO - DAG(s) 'system_dag' retrieved from /opt/airflow/dags/system_dag.py
[2026-04-25T07:16:53.988+0000] {logging_mixin.py:190} INFO - [2026-04-25T07:16:53.987+0000] {dag.py:3239} INFO - Sync 1 DAGs
[2026-04-25T07:16:54.025+0000] {logging_mixin.py:190} INFO - [2026-04-25T07:16:54.025+0000] {dag.py:4180} INFO - Setting next_dagrun for system_dag to 2026-04-24T00:00:00+00:00, run_after=2026-04-25T00:00:00+00:00
[2026-04-25T07:16:54.058+0000] {processor.py:208} INFO - Processing /opt/airflow/dags/system_dag.py took 0.183 seconds
[2026-04-25T07:17:25.018+0000] {processor.py:186} INFO - Started process (PID=223) to work on /opt/airflow/dags/system_dag.py
[2026-04-25T07:17:25.018+0000] {processor.py:914} INFO - Processing file /opt/airflow/dags/system_dag.py for tasks to queue
[2026-04-25T07:17:25.020+0000] {logging_mixin.py:190} INFO - [2026-04-25T07:17:25.020+0000] {dagbag.py:588} INFO - Filling up the DagBag from /opt/airflow/dags/system_dag.py
[2026-04-25T07:17:25.044+0000] {processor.py:925} INFO - DAG(s) 'system_dag' retrieved from /opt/airflow/dags/system_dag.py
[2026-04-25T07:17:25.093+0000] {logging_mixin.py:190} INFO - [2026-04-25T07:17:25.093+0000] {dag.py:3239} INFO - Sync 1 DAGs
[2026-04-25T07:17:25.131+0000] {logging_mixin.py:190} INFO - [2026-04-25T07:17:25.131+0000] {dag.py:4180} INFO - Setting next_dagrun for system_dag to 2026-04-24T00:00:00+00:00, run_after=2026-04-25T00:00:00+00:00
[2026-04-25T07:17:25.155+0000] {processor.py:208} INFO - Processing /opt/airflow/dags/system_dag.py took 0.146 seconds
[2026-04-25T07:17:55.974+0000] {processor.py:186} INFO - Started process (PID=227) to work on /opt/airflow/dags/system_dag.py
[2026-04-25T07:17:55.975+0000] {processor.py:914} INFO - Processing file /opt/airflow/dags/system_dag.py for tasks to queue
[2026-04-25T07:17:55.977+0000] {logging_mixin.py:190} INFO - [2026-04-25T07:17:55.976+0000] {dagbag.py:588} INFO - Filling up the DagBag from /opt/airflow/dags/system_dag.py
[2026-04-25T07:17:56.010+0000] {processor.py:925} INFO - DAG(s) 'system_dag' retrieved from /opt/airflow/dags/system_dag.py
[2026-04-25T07:17:56.066+0000] {logging_mixin.py:190} INFO - [2026-04-25T07:17:56.066+0000] {dag.py:3239} INFO - Sync 1 DAGs
[2026-04-25T07:17:56.105+0000] {logging_mixin.py:190} INFO - [2026-04-25T07:17:56.105+0000] {dag.py:4180} INFO - Setting next_dagrun for system_dag to 2026-04-24T00:00:00+00:00, run_after=2026-04-25T00:00:00+00:00
[2026-04-25T07:17:56.139+0000] {processor.py:208} INFO - Processing /opt/airflow/dags/system_dag.py took 0.174 seconds
[2026-04-25T07:18:27.131+0000] {processor.py:186} INFO - Started process (PID=231) to work on /opt/airflow/dags/system_dag.py
[2026-04-25T07:18:27.132+0000] {processor.py:914} INFO - Processing file /opt/airflow/dags/system_dag.py for tasks to queue
[2026-04-25T07:18:27.135+0000] {logging_mixin.py:190} INFO - [2026-04-25T07:18:27.134+0000] {dagbag.py:588} INFO - Filling up the DagBag from /opt/airflow/dags/system_dag.py
[2026-04-25T07:18:27.164+0000] {processor.py:925} INFO - DAG(s) 'system_dag' retrieved from /opt/airflow/dags/system_dag.py
[2026-04-25T07:18:27.221+0000] {logging_mixin.py:190} INFO - [2026-04-25T07:18:27.220+0000] {dag.py:3239} INFO - Sync 1 DAGs
[2026-04-25T07:18:27.270+0000] {logging_mixin.py:190} INFO - [2026-04-25T07:18:27.270+0000] {dag.py:4180} INFO - Setting next_dagrun for system_dag to 2026-04-24T00:00:00+00:00, run_after=2026-04-25T00:00:00+00:00
[2026-04-25T07:18:27.309+0000] {processor.py:208} INFO - Processing /opt/airflow/dags/system_dag.py took 0.190 seconds
[2026-04-25T07:18:59.193+0000] {processor.py:186} INFO - Started process (PID=235) to work on /opt/airflow/dags/system_dag.py
[2026-04-25T07:18:59.194+0000] {processor.py:914} INFO - Processing file /opt/airflow/dags/system_dag.py for tasks to queue
[2026-04-25T07:18:59.195+0000] {logging_mixin.py:190} INFO - [2026-04-25T07:18:59.195+0000] {dagbag.py:588} INFO - Filling up the DagBag from /opt/airflow/dags/system_dag.py
[2026-04-25T07:18:59.213+0000] {processor.py:925} INFO - DAG(s) 'system_dag' retrieved from /opt/airflow/dags/system_dag.py
[2026-04-25T07:18:59.249+0000] {logging_mixin.py:190} INFO - [2026-04-25T07:18:59.249+0000] {dag.py:3239} INFO - Sync 1 DAGs
[2026-04-25T07:18:59.277+0000] {logging_mixin.py:190} INFO - [2026-04-25T07:18:59.277+0000] {dag.py:4180} INFO - Setting next_dagrun for system_dag to 2026-04-24T00:00:00+00:00, run_after=2026-04-25T00:00:00+00:00
[2026-04-25T07:18:59.300+0000] {processor.py:208} INFO - Processing /opt/airflow/dags/system_dag.py took 0.116 seconds
[2026-04-25T07:19:30.153+0000] {processor.py:186} INFO - Started process (PID=239) to work on /opt/airflow/dags/system_dag.py
[2026-04-25T07:19:30.154+0000] {processor.py:914} INFO - Processing file /opt/airflow/dags/system_dag.py for tasks to queue
[2026-04-25T07:19:30.156+0000] {logging_mixin.py:190} INFO - [2026-04-25T07:19:30.156+0000] {dagbag.py:588} INFO - Filling up the DagBag from /opt/airflow/dags/system_dag.py
[2026-04-25T07:19:30.177+0000] {processor.py:925} INFO - DAG(s) 'system_dag' retrieved from /opt/airflow/dags/system_dag.py
[2026-04-25T07:19:30.219+0000] {logging_mixin.py:190} INFO - [2026-04-25T07:19:30.219+0000] {dag.py:3239} INFO - Sync 1 DAGs
[2026-04-25T07:19:30.254+0000] {logging_mixin.py:190} INFO - [2026-04-25T07:19:30.253+0000] {dag.py:4180} INFO - Setting next_dagrun for system_dag to 2026-04-24T00:00:00+00:00, run_after=2026-04-25T00:00:00+00:00
[2026-04-25T07:19:30.308+0000] {processor.py:208} INFO - Processing /opt/airflow/dags/system_dag.py took 0.162 seconds
[2026-04-25T07:20:01.123+0000] {processor.py:186} INFO - Started process (PID=243) to work on /opt/airflow/dags/system_dag.py
[2026-04-25T07:20:01.124+0000] {processor.py:914} INFO - Processing file /opt/airflow/dags/system_dag.py for tasks to queue
[2026-04-25T07:20:01.126+0000] {logging_mixin.py:190} INFO - [2026-04-25T07:20:01.126+0000] {dagbag.py:588} INFO - Filling up the DagBag from /opt/airflow/dags/system_dag.py
[2026-04-25T07:20:01.173+0000] {processor.py:925} INFO - DAG(s) 'system_dag' retrieved from /opt/airflow/dags/system_dag.py
[2026-04-25T07:20:01.242+0000] {logging_mixin.py:190} INFO - [2026-04-25T07:20:01.242+0000] {dag.py:3239} INFO - Sync 1 DAGs
[2026-04-25T07:20:01.300+0000] {logging_mixin.py:190} INFO - [2026-04-25T07:20:01.300+0000] {dag.py:4180} INFO - Setting next_dagrun for system_dag to 2026-04-24T00:00:00+00:00, run_after=2026-04-25T00:00:00+00:00
[2026-04-25T07:20:01.338+0000] {processor.py:208} INFO - Processing /opt/airflow/dags/system_dag.py took 0.227 seconds
[2026-04-25T07:20:33.288+0000] {processor.py:186} INFO - Started process (PID=247) to work on /opt/airflow/dags/system_dag.py
[2026-04-25T07:20:33.289+0000] {processor.py:914} INFO - Processing file /opt/airflow/dags/system_dag.py for tasks to queue
[2026-04-25T07:20:33.290+0000] {logging_mixin.py:190} INFO - [2026-04-25T07:20:33.290+0000] {dagbag.py:588} INFO - Filling up the DagBag from /opt/airflow/dags/system_dag.py
[2026-04-25T07:20:33.315+0000] {processor.py:925} INFO - DAG(s) 'system_dag' retrieved from /opt/airflow/dags/system_dag.py
[2026-04-25T07:20:33.356+0000] {logging_mixin.py:190} INFO - [2026-04-25T07:20:33.356+0000] {dag.py:3239} INFO - Sync 1 DAGs
[2026-04-25T07:20:33.412+0000] {logging_mixin.py:190} INFO - [2026-04-25T07:20:33.412+0000] {dag.py:4180} INFO - Setting next_dagrun for system_dag to 2026-04-24T00:00:00+00:00, run_after=2026-04-25T00:00:00+00:00
[2026-04-25T07:20:33.443+0000] {processor.py:208} INFO - Processing /opt/airflow/dags/system_dag.py took 0.163 seconds
[2026-04-25T07:21:04.307+0000] {processor.py:186} INFO - Started process (PID=251) to work on /opt/airflow/dags/system_dag.py
[2026-04-25T07:21:04.308+0000] {processor.py:914} INFO - Processing file /opt/airflow/dags/system_dag.py for tasks to queue
[2026-04-25T07:21:04.310+0000] {logging_mixin.py:190} INFO - [2026-04-25T07:21:04.310+0000] {dagbag.py:588} INFO - Filling up the DagBag from /opt/airflow/dags/system_dag.py
[2026-04-25T07:21:04.335+0000] {processor.py:925} INFO - DAG(s) 'system_dag' retrieved from /opt/airflow/dags/system_dag.py
[2026-04-25T07:21:04.384+0000] {logging_mixin.py:190} INFO - [2026-04-25T07:21:04.384+0000] {dag.py:3239} INFO - Sync 1 DAGs
[2026-04-25T07:21:04.422+0000] {logging_mixin.py:190} INFO - [2026-04-25T07:21:04.422+0000] {dag.py:4180} INFO - Setting next_dagrun for system_dag to 2026-04-24T00:00:00+00:00, run_after=2026-04-25T00:00:00+00:00
[2026-04-25T07:21:04.456+0000] {processor.py:208} INFO - Processing /opt/airflow/dags/system_dag.py took 0.157 seconds
[2026-04-25T07:21:35.297+0000] {processor.py:186} INFO - Started process (PID=255) to work on /opt/airflow/dags/system_dag.py
[2026-04-25T07:21:35.298+0000] {processor.py:914} INFO - Processing file /opt/airflow/dags/system_dag.py for tasks to queue
[2026-04-25T07:21:35.300+0000] {logging_mixin.py:190} INFO - [2026-04-25T07:21:35.299+0000] {dagbag.py:588} INFO - Filling up the DagBag from /opt/airflow/dags/system_dag.py
[2026-04-25T07:21:35.324+0000] {processor.py:925} INFO - DAG(s) 'system_dag' retrieved from /opt/airflow/dags/system_dag.py
[2026-04-25T07:21:35.372+0000] {logging_mixin.py:190} INFO - [2026-04-25T07:21:35.372+0000] {dag.py:3239} INFO - Sync 1 DAGs
[2026-04-25T07:21:35.405+0000] {logging_mixin.py:190} INFO - [2026-04-25T07:21:35.404+0000] {dag.py:4180} INFO - Setting next_dagrun for system_dag to 2026-04-24T00:00:00+00:00, run_after=2026-04-25T00:00:00+00:00
[2026-04-25T07:21:35.428+0000] {processor.py:208} INFO - Processing /opt/airflow/dags/system_dag.py took 0.138 seconds
[2026-04-25T07:22:06.363+0000] {processor.py:186} INFO - Started process (PID=259) to work on /opt/airflow/dags/system_dag.py
[2026-04-25T07:22:06.364+0000] {processor.py:914} INFO - Processing file /opt/airflow/dags/system_dag.py for tasks to queue
[2026-04-25T07:22:06.365+0000] {logging_mixin.py:190} INFO - [2026-04-25T07:22:06.365+0000] {dagbag.py:588} INFO - Filling up the DagBag from /opt/airflow/dags/system_dag.py
[2026-04-25T07:22:06.403+0000] {processor.py:925} INFO - DAG(s) 'system_dag' retrieved from /opt/airflow/dags/system_dag.py
[2026-04-25T07:22:06.463+0000] {logging_mixin.py:190} INFO - [2026-04-25T07:22:06.463+0000] {dag.py:3239} INFO - Sync 1 DAGs
[2026-04-25T07:22:06.496+0000] {logging_mixin.py:190} INFO - [2026-04-25T07:22:06.496+0000] {dag.py:4180} INFO - Setting next_dagrun for system_dag to 2026-04-24T00:00:00+00:00, run_after=2026-04-25T00:00:00+00:00
[2026-04-25T07:22:06.527+0000] {processor.py:208} INFO - Processing /opt/airflow/dags/system_dag.py took 0.174 seconds
[2026-04-25T07:22:38.611+0000] {processor.py:186} INFO - Started process (PID=263) to work on /opt/airflow/dags/system_dag.py
[2026-04-25T07:22:38.612+0000] {processor.py:914} INFO - Processing file /opt/airflow/dags/system_dag.py for tasks to queue
[2026-04-25T07:22:38.614+0000] {logging_mixin.py:190} INFO - [2026-04-25T07:22:38.614+0000] {dagbag.py:588} INFO - Filling up the DagBag from /opt/airflow/dags/system_dag.py
[2026-04-25T07:22:38.645+0000] {processor.py:925} INFO - DAG(s) 'system_dag' retrieved from /opt/airflow/dags/system_dag.py
[2026-04-25T07:22:38.699+0000] {logging_mixin.py:190} INFO - [2026-04-25T07:22:38.698+0000] {dag.py:3239} INFO - Sync 1 DAGs
[2026-04-25T07:22:38.752+0000] {logging_mixin.py:190} INFO - [2026-04-25T07:22:38.752+0000] {dag.py:4180} INFO - Setting next_dagrun for system_dag to 2026-04-24T00:00:00+00:00, run_after=2026-04-25T00:00:00+00:00
[2026-04-25T07:22:38.790+0000] {processor.py:208} INFO - Processing /opt/airflow/dags/system_dag.py took 0.188 seconds
[2026-04-25T07:23:09.161+0000] {processor.py:186} INFO - Started process (PID=267) to work on /opt/airflow/dags/system_dag.py
[2026-04-25T07:23:09.162+0000] {processor.py:914} INFO - Processing file /opt/airflow/dags/system_dag.py for tasks to queue
[2026-04-25T07:23:09.165+0000] {logging_mixin.py:190} INFO - [2026-04-25T07:23:09.164+0000] {dagbag.py:588} INFO - Filling up the DagBag from /opt/airflow/dags/system_dag.py
[2026-04-25T07:23:09.197+0000] {processor.py:925} INFO - DAG(s) 'system_dag' retrieved from /opt/airflow/dags/system_dag.py
[2026-04-25T07:23:09.265+0000] {logging_mixin.py:190} INFO - [2026-04-25T07:23:09.265+0000] {dag.py:3239} INFO - Sync 1 DAGs
[2026-04-25T07:23:09.329+0000] {logging_mixin.py:190} INFO - [2026-04-25T07:23:09.328+0000] {dag.py:4180} INFO - Setting next_dagrun for system_dag to 2026-04-24T00:00:00+00:00, run_after=2026-04-25T00:00:00+00:00
[2026-04-25T07:23:09.370+0000] {processor.py:208} INFO - Processing /opt/airflow/dags/system_dag.py took 0.220 seconds
[2026-04-25T07:23:39.733+0000] {processor.py:186} INFO - Started process (PID=271) to work on /opt/airflow/dags/system_dag.py
[2026-04-25T07:23:39.733+0000] {processor.py:914} INFO - Processing file /opt/airflow/dags/system_dag.py for tasks to queue
[2026-04-25T07:23:39.735+0000] {logging_mixin.py:190} INFO - [2026-04-25T07:23:39.734+0000] {dagbag.py:588} INFO - Filling up the DagBag from /opt/airflow/dags/system_dag.py
[2026-04-25T07:23:39.754+0000] {processor.py:925} INFO - DAG(s) 'system_dag' retrieved from /opt/airflow/dags/system_dag.py
[2026-04-25T07:23:39.796+0000] {logging_mixin.py:190} INFO - [2026-04-25T07:23:39.795+0000] {dag.py:3239} INFO - Sync 1 DAGs
[2026-04-25T07:23:39.836+0000] {logging_mixin.py:190} INFO - [2026-04-25T07:23:39.835+0000] {dag.py:4180} INFO - Setting next_dagrun for system_dag to 2026-04-24T00:00:00+00:00, run_after=2026-04-25T00:00:00+00:00
[2026-04-25T07:23:39.860+0000] {processor.py:208} INFO - Processing /opt/airflow/dags/system_dag.py took 0.135 seconds
[2026-04-25T07:24:12.190+0000] {processor.py:186} INFO - Started process (PID=275) to work on /opt/airflow/dags/system_dag.py
[2026-04-25T07:24:12.190+0000] {processor.py:914} INFO - Processing file /opt/airflow/dags/system_dag.py for tasks to queue
[2026-04-25T07:24:12.192+0000] {logging_mixin.py:190} INFO - [2026-04-25T07:24:12.192+0000] {dagbag.py:588} INFO - Filling up the DagBag from /opt/airflow/dags/system_dag.py
[2026-04-25T07:24:12.216+0000] {processor.py:925} INFO - DAG(s) 'system_dag' retrieved from /opt/airflow/dags/system_dag.py
[2026-04-25T07:24:12.259+0000] {logging_mixin.py:190} INFO - [2026-04-25T07:24:12.259+0000] {dag.py:3239} INFO - Sync 1 DAGs
[2026-04-25T07:24:12.290+0000] {logging_mixin.py:190} INFO - [2026-04-25T07:24:12.290+0000] {dag.py:4180} INFO - Setting next_dagrun for system_dag to 2026-04-24T00:00:00+00:00, run_after=2026-04-25T00:00:00+00:00
[2026-04-25T07:24:12.320+0000] {processor.py:208} INFO - Processing /opt/airflow/dags/system_dag.py took 0.140 seconds
[2026-04-25T07:24:43.176+0000] {processor.py:186} INFO - Started process (PID=279) to work on /opt/airflow/dags/system_dag.py
[2026-04-25T07:24:43.177+0000] {processor.py:914} INFO - Processing file /opt/airflow/dags/system_dag.py for tasks to queue
[2026-04-25T07:24:43.179+0000] {logging_mixin.py:190} INFO - [2026-04-25T07:24:43.179+0000] {dagbag.py:588} INFO - Filling up the DagBag from /opt/airflow/dags/system_dag.py
[2026-04-25T07:24:43.200+0000] {processor.py:925} INFO - DAG(s) 'system_dag' retrieved from /opt/airflow/dags/system_dag.py
[2026-04-25T07:24:43.239+0000] {logging_mixin.py:190} INFO - [2026-04-25T07:24:43.238+0000] {dag.py:3239} INFO - Sync 1 DAGs
[2026-04-25T07:24:43.270+0000] {logging_mixin.py:190} INFO - [2026-04-25T07:24:43.270+0000] {dag.py:4180} INFO - Setting next_dagrun for system_dag to 2026-04-24T00:00:00+00:00, run_after=2026-04-25T00:00:00+00:00
[2026-04-25T07:24:43.298+0000] {processor.py:208} INFO - Processing /opt/airflow/dags/system_dag.py took 0.128 seconds
[2026-04-25T07:25:15.221+0000] {processor.py:186} INFO - Started process (PID=283) to work on /opt/airflow/dags/system_dag.py
[2026-04-25T07:25:15.222+0000] {processor.py:914} INFO - Processing file /opt/airflow/dags/system_dag.py for tasks to queue
[2026-04-25T07:25:15.223+0000] {logging_mixin.py:190} INFO - [2026-04-25T07:25:15.223+0000] {dagbag.py:588} INFO - Filling up the DagBag from /opt/airflow/dags/system_dag.py
[2026-04-25T07:25:15.247+0000] {processor.py:925} INFO - DAG(s) 'system_dag' retrieved from /opt/airflow/dags/system_dag.py
[2026-04-25T07:25:15.304+0000] {logging_mixin.py:190} INFO - [2026-04-25T07:25:15.304+0000] {dag.py:3239} INFO - Sync 1 DAGs
[2026-04-25T07:25:15.347+0000] {logging_mixin.py:190} INFO - [2026-04-25T07:25:15.346+0000] {dag.py:4180} INFO - Setting next_dagrun for system_dag to 2026-04-24T00:00:00+00:00, run_after=2026-04-25T00:00:00+00:00
[2026-04-25T07:25:15.377+0000] {processor.py:208} INFO - Processing /opt/airflow/dags/system_dag.py took 0.166 seconds
[2026-04-25T07:25:46.666+0000] {processor.py:186} INFO - Started process (PID=287) to work on /opt/airflow/dags/system_dag.py
[2026-04-25T07:25:46.668+0000] {processor.py:914} INFO - Processing file /opt/airflow/dags/system_dag.py for tasks to queue
[2026-04-25T07:25:46.670+0000] {logging_mixin.py:190} INFO - [2026-04-25T07:25:46.669+0000] {dagbag.py:588} INFO - Filling up the DagBag from /opt/airflow/dags/system_dag.py
[2026-04-25T07:25:46.697+0000] {processor.py:925} INFO - DAG(s) 'system_dag' retrieved from /opt/airflow/dags/system_dag.py
[2026-04-25T07:25:46.759+0000] {logging_mixin.py:190} INFO - [2026-04-25T07:25:46.758+0000] {dag.py:3239} INFO - Sync 1 DAGs
[2026-04-25T07:25:46.805+0000] {logging_mixin.py:190} INFO - [2026-04-25T07:25:46.805+0000] {dag.py:4180} INFO - Setting next_dagrun for system_dag to 2026-04-24T00:00:00+00:00, run_after=2026-04-25T00:00:00+00:00
[2026-04-25T07:25:46.850+0000] {processor.py:208} INFO - Processing /opt/airflow/dags/system_dag.py took 0.192 seconds
[2026-04-25T07:26:18.484+0000] {processor.py:186} INFO - Started process (PID=291) to work on /opt/airflow/dags/system_dag.py
[2026-04-25T07:26:18.487+0000] {processor.py:914} INFO - Processing file /opt/airflow/dags/system_dag.py for tasks to queue
[2026-04-25T07:26:18.492+0000] {logging_mixin.py:190} INFO - [2026-04-25T07:26:18.491+0000] {dagbag.py:588} INFO - Filling up the DagBag from /opt/airflow/dags/system_dag.py
[2026-04-25T07:26:18.590+0000] {processor.py:925} INFO - DAG(s) 'system_dag' retrieved from /opt/airflow/dags/system_dag.py
[2026-04-25T07:26:18.991+0000] {logging_mixin.py:190} INFO - [2026-04-25T07:26:18.991+0000] {dag.py:3239} INFO - Sync 1 DAGs
[2026-04-25T07:26:19.238+0000] {logging_mixin.py:190} INFO - [2026-04-25T07:26:19.235+0000] {dag.py:4180} INFO - Setting next_dagrun for system_dag to 2026-04-24T00:00:00+00:00, run_after=2026-04-25T00:00:00+00:00
[2026-04-25T07:26:19.321+0000] {processor.py:208} INFO - Processing /opt/airflow/dags/system_dag.py took 0.868 seconds
[2026-04-25T07:26:49.831+0000] {processor.py:186} INFO - Started process (PID=295) to work on /opt/airflow/dags/system_dag.py
[2026-04-25T07:26:49.832+0000] {processor.py:914} INFO - Processing file /opt/airflow/dags/system_dag.py for tasks to queue
[2026-04-25T07:26:49.834+0000] {logging_mixin.py:190} INFO - [2026-04-25T07:26:49.834+0000] {dagbag.py:588} INFO - Filling up the DagBag from /opt/airflow/dags/system_dag.py
[2026-04-25T07:26:49.863+0000] {processor.py:925} INFO - DAG(s) 'system_dag' retrieved from /opt/airflow/dags/system_dag.py
[2026-04-25T07:26:49.912+0000] {logging_mixin.py:190} INFO - [2026-04-25T07:26:49.912+0000] {dag.py:3239} INFO - Sync 1 DAGs
[2026-04-25T07:26:49.951+0000] {logging_mixin.py:190} INFO - [2026-04-25T07:26:49.950+0000] {dag.py:4180} INFO - Setting next_dagrun for system_dag to 2026-04-24T00:00:00+00:00, run_after=2026-04-25T00:00:00+00:00
[2026-04-25T07:26:49.978+0000] {processor.py:208} INFO - Processing /opt/airflow/dags/system_dag.py took 0.156 seconds
[2026-04-25T07:27:20.353+0000] {processor.py:186} INFO - Started process (PID=299) to work on /opt/airflow/dags/system_dag.py
[2026-04-25T07:27:20.354+0000] {processor.py:914} INFO - Processing file /opt/airflow/dags/system_dag.py for tasks to queue
[2026-04-25T07:27:20.356+0000] {logging_mixin.py:190} INFO - [2026-04-25T07:27:20.356+0000] {dagbag.py:588} INFO - Filling up the DagBag from /opt/airflow/dags/system_dag.py
[2026-04-25T07:27:20.391+0000] {processor.py:925} INFO - DAG(s) 'system_dag' retrieved from /opt/airflow/dags/system_dag.py
[2026-04-25T07:27:20.453+0000] {logging_mixin.py:190} INFO - [2026-04-25T07:27:20.452+0000] {dag.py:3239} INFO - Sync 1 DAGs
[2026-04-25T07:27:20.496+0000] {logging_mixin.py:190} INFO - [2026-04-25T07:27:20.496+0000] {dag.py:4180} INFO - Setting next_dagrun for system_dag to 2026-04-24T00:00:00+00:00, run_after=2026-04-25T00:00:00+00:00
[2026-04-25T07:27:20.530+0000] {processor.py:208} INFO - Processing /opt/airflow/dags/system_dag.py took 0.183 seconds
[2026-04-25T07:27:51.883+0000] {processor.py:186} INFO - Started process (PID=303) to work on /opt/airflow/dags/system_dag.py
[2026-04-25T07:27:51.885+0000] {processor.py:914} INFO - Processing file /opt/airflow/dags/system_dag.py for tasks to queue
[2026-04-25T07:27:51.887+0000] {logging_mixin.py:190} INFO - [2026-04-25T07:27:51.887+0000] {dagbag.py:588} INFO - Filling up the DagBag from /opt/airflow/dags/system_dag.py
[2026-04-25T07:27:51.929+0000] {processor.py:925} INFO - DAG(s) 'system_dag' retrieved from /opt/airflow/dags/system_dag.py
[2026-04-25T07:27:51.992+0000] {logging_mixin.py:190} INFO - [2026-04-25T07:27:51.992+0000] {dag.py:3239} INFO - Sync 1 DAGs
[2026-04-25T07:27:52.055+0000] {logging_mixin.py:190} INFO - [2026-04-25T07:27:52.055+0000] {dag.py:4180} INFO - Setting next_dagrun for system_dag to 2026-04-24T00:00:00+00:00, run_after=2026-04-25T00:00:00+00:00
[2026-04-25T07:27:52.095+0000] {processor.py:208} INFO - Processing /opt/airflow/dags/system_dag.py took 0.224 seconds
[2026-04-25T07:28:23.228+0000] {processor.py:186} INFO - Started process (PID=307) to work on /opt/airflow/dags/system_dag.py
[2026-04-25T07:28:23.230+0000] {processor.py:914} INFO - Processing file /opt/airflow/dags/system_dag.py for tasks to queue
[2026-04-25T07:28:23.232+0000] {logging_mixin.py:190} INFO - [2026-04-25T07:28:23.232+0000] {dagbag.py:588} INFO - Filling up the DagBag from /opt/airflow/dags/system_dag.py
[2026-04-25T07:28:23.256+0000] {processor.py:925} INFO - DAG(s) 'system_dag' retrieved from /opt/airflow/dags/system_dag.py
[2026-04-25T07:28:23.310+0000] {logging_mixin.py:190} INFO - [2026-04-25T07:28:23.309+0000] {dag.py:3239} INFO - Sync 1 DAGs
[2026-04-25T07:28:23.359+0000] {logging_mixin.py:190} INFO - [2026-04-25T07:28:23.359+0000] {dag.py:4180} INFO - Setting next_dagrun for system_dag to 2026-04-24T00:00:00+00:00, run_after=2026-04-25T00:00:00+00:00
[2026-04-25T07:28:23.419+0000] {processor.py:208} INFO - Processing /opt/airflow/dags/system_dag.py took 0.201 seconds
[2026-04-25T07:28:54.248+0000] {processor.py:186} INFO - Started process (PID=311) to work on /opt/airflow/dags/system_dag.py
[2026-04-25T07:28:54.249+0000] {processor.py:914} INFO - Processing file /opt/airflow/dags/system_dag.py for tasks to queue
[2026-04-25T07:28:54.250+0000] {logging_mixin.py:190} INFO - [2026-04-25T07:28:54.250+0000] {dagbag.py:588} INFO - Filling up the DagBag from /opt/airflow/dags/system_dag.py
[2026-04-25T07:28:54.272+0000] {processor.py:925} INFO - DAG(s) 'system_dag' retrieved from /opt/airflow/dags/system_dag.py
[2026-04-25T07:28:54.319+0000] {logging_mixin.py:190} INFO - [2026-04-25T07:28:54.319+0000] {dag.py:3239} INFO - Sync 1 DAGs
[2026-04-25T07:28:54.366+0000] {logging_mixin.py:190} INFO - [2026-04-25T07:28:54.365+0000] {dag.py:4180} INFO - Setting next_dagrun for system_dag to 2026-04-24T00:00:00+00:00, run_after=2026-04-25T00:00:00+00:00
[2026-04-25T07:28:54.408+0000] {processor.py:208} INFO - Processing /opt/airflow/dags/system_dag.py took 0.167 seconds
[2026-04-25T07:29:26.322+0000] {processor.py:186} INFO - Started process (PID=315) to work on /opt/airflow/dags/system_dag.py
[2026-04-25T07:29:26.322+0000] {processor.py:914} INFO - Processing file /opt/airflow/dags/system_dag.py for tasks to queue
[2026-04-25T07:29:26.324+0000] {logging_mixin.py:190} INFO - [2026-04-25T07:29:26.324+0000] {dagbag.py:588} INFO - Filling up the DagBag from /opt/airflow/dags/system_dag.py
[2026-04-25T07:29:26.352+0000] {processor.py:925} INFO - DAG(s) 'system_dag' retrieved from /opt/airflow/dags/system_dag.py
[2026-04-25T07:29:26.403+0000] {logging_mixin.py:190} INFO - [2026-04-25T07:29:26.403+0000] {dag.py:3239} INFO - Sync 1 DAGs
[2026-04-25T07:29:26.439+0000] {logging_mixin.py:190} INFO - [2026-04-25T07:29:26.438+0000] {dag.py:4180} INFO - Setting next_dagrun for system_dag to 2026-04-24T00:00:00+00:00, run_after=2026-04-25T00:00:00+00:00
[2026-04-25T07:29:26.466+0000] {processor.py:208} INFO - Processing /opt/airflow/dags/system_dag.py took 0.155 seconds
[2026-04-25T07:29:57.224+0000] {processor.py:186} INFO - Started process (PID=319) to work on /opt/airflow/dags/system_dag.py
[2026-04-25T07:29:57.225+0000] {processor.py:914} INFO - Processing file /opt/airflow/dags/system_dag.py for tasks to queue
[2026-04-25T07:29:57.226+0000] {logging_mixin.py:190} INFO - [2026-04-25T07:29:57.226+0000] {dagbag.py:588} INFO - Filling up the DagBag from /opt/airflow/dags/system_dag.py
[2026-04-25T07:29:57.251+0000] {processor.py:925} INFO - DAG(s) 'system_dag' retrieved from /opt/airflow/dags/system_dag.py
[2026-04-25T07:29:57.291+0000] {logging_mixin.py:190} INFO - [2026-04-25T07:29:57.291+0000] {dag.py:3239} INFO - Sync 1 DAGs
[2026-04-25T07:29:57.326+0000] {logging_mixin.py:190} INFO - [2026-04-25T07:29:57.326+0000] {dag.py:4180} INFO - Setting next_dagrun for system_dag to 2026-04-24T00:00:00+00:00, run_after=2026-04-25T00:00:00+00:00
[2026-04-25T07:29:57.350+0000] {processor.py:208} INFO - Processing /opt/airflow/dags/system_dag.py took 0.133 seconds
[2026-04-25T07:30:29.112+0000] {processor.py:186} INFO - Started process (PID=323) to work on /opt/airflow/dags/system_dag.py
[2026-04-25T07:30:29.112+0000] {processor.py:914} INFO - Processing file /opt/airflow/dags/system_dag.py for tasks to queue
[2026-04-25T07:30:29.114+0000] {logging_mixin.py:190} INFO - [2026-04-25T07:30:29.114+0000] {dagbag.py:588} INFO - Filling up the DagBag from /opt/airflow/dags/system_dag.py
[2026-04-25T07:30:29.132+0000] {processor.py:925} INFO - DAG(s) 'system_dag' retrieved from /opt/airflow/dags/system_dag.py
[2026-04-25T07:30:29.174+0000] {logging_mixin.py:190} INFO - [2026-04-25T07:30:29.173+0000] {dag.py:3239} INFO - Sync 1 DAGs
[2026-04-25T07:30:29.206+0000] {logging_mixin.py:190} INFO - [2026-04-25T07:30:29.205+0000] {dag.py:4180} INFO - Setting next_dagrun for system_dag to 2026-04-24T00:00:00+00:00, run_after=2026-04-25T00:00:00+00:00
[2026-04-25T07:30:29.229+0000] {processor.py:208} INFO - Processing /opt/airflow/dags/system_dag.py took 0.123 seconds
[2026-04-25T07:31:00.039+0000] {processor.py:186} INFO - Started process (PID=327) to work on /opt/airflow/dags/system_dag.py
[2026-04-25T07:31:00.040+0000] {processor.py:914} INFO - Processing file /opt/airflow/dags/system_dag.py for tasks to queue
[2026-04-25T07:31:00.041+0000] {logging_mixin.py:190} INFO - [2026-04-25T07:31:00.041+0000] {dagbag.py:588} INFO - Filling up the DagBag from /opt/airflow/dags/system_dag.py
[2026-04-25T07:31:00.060+0000] {processor.py:925} INFO - DAG(s) 'system_dag' retrieved from /opt/airflow/dags/system_dag.py
[2026-04-25T07:31:00.098+0000] {logging_mixin.py:190} INFO - [2026-04-25T07:31:00.098+0000] {dag.py:3239} INFO - Sync 1 DAGs
[2026-04-25T07:31:00.126+0000] {logging_mixin.py:190} INFO - [2026-04-25T07:31:00.126+0000] {dag.py:4180} INFO - Setting next_dagrun for system_dag to 2026-04-24T00:00:00+00:00, run_after=2026-04-25T00:00:00+00:00
[2026-04-25T07:31:00.147+0000] {processor.py:208} INFO - Processing /opt/airflow/dags/system_dag.py took 0.114 seconds
[2026-04-25T07:31:30.946+0000] {processor.py:186} INFO - Started process (PID=331) to work on /opt/airflow/dags/system_dag.py
[2026-04-25T07:31:30.946+0000] {processor.py:914} INFO - Processing file /opt/airflow/dags/system_dag.py for tasks to queue
[2026-04-25T07:31:30.949+0000] {logging_mixin.py:190} INFO - [2026-04-25T07:31:30.948+0000] {dagbag.py:588} INFO - Filling up the DagBag from /opt/airflow/dags/system_dag.py
[2026-04-25T07:31:30.990+0000] {processor.py:925} INFO - DAG(s) 'system_dag' retrieved from /opt/airflow/dags/system_dag.py
[2026-04-25T07:31:31.081+0000] {logging_mixin.py:190} INFO - [2026-04-25T07:31:31.080+0000] {dag.py:3239} INFO - Sync 1 DAGs
[2026-04-25T07:31:31.135+0000] {logging_mixin.py:190} INFO - [2026-04-25T07:31:31.135+0000] {dag.py:4180} INFO - Setting next_dagrun for system_dag to 2026-04-24T00:00:00+00:00, run_after=2026-04-25T00:00:00+00:00
[2026-04-25T07:31:31.184+0000] {processor.py:208} INFO - Processing /opt/airflow/dags/system_dag.py took 0.246 seconds
[2026-04-25T07:32:02.321+0000] {processor.py:186} INFO - Started process (PID=335) to work on /opt/airflow/dags/system_dag.py
[2026-04-25T07:32:02.323+0000] {processor.py:914} INFO - Processing file /opt/airflow/dags/system_dag.py for tasks to queue
[2026-04-25T07:32:02.327+0000] {logging_mixin.py:190} INFO - [2026-04-25T07:32:02.327+0000] {dagbag.py:588} INFO - Filling up the DagBag from /opt/airflow/dags/system_dag.py
[2026-04-25T07:32:02.361+0000] {processor.py:925} INFO - DAG(s) 'system_dag' retrieved from /opt/airflow/dags/system_dag.py
[2026-04-25T07:32:02.452+0000] {logging_mixin.py:190} INFO - [2026-04-25T07:32:02.452+0000] {dag.py:3239} INFO - Sync 1 DAGs
[2026-04-25T07:32:02.528+0000] {logging_mixin.py:190} INFO - [2026-04-25T07:32:02.528+0000] {dag.py:4180} INFO - Setting next_dagrun for system_dag to 2026-04-24T00:00:00+00:00, run_after=2026-04-25T00:00:00+00:00
[2026-04-25T07:32:02.628+0000] {processor.py:208} INFO - Processing /opt/airflow/dags/system_dag.py took 0.320 seconds
[2026-04-25T07:32:33.567+0000] {processor.py:186} INFO - Started process (PID=339) to work on /opt/airflow/dags/system_dag.py
[2026-04-25T07:32:33.568+0000] {processor.py:914} INFO - Processing file /opt/airflow/dags/system_dag.py for tasks to queue
[2026-04-25T07:32:33.570+0000] {logging_mixin.py:190} INFO - [2026-04-25T07:32:33.569+0000] {dagbag.py:588} INFO - Filling up the DagBag from /opt/airflow/dags/system_dag.py
[2026-04-25T07:32:33.589+0000] {processor.py:925} INFO - DAG(s) 'system_dag' retrieved from /opt/airflow/dags/system_dag.py
[2026-04-25T07:32:33.623+0000] {logging_mixin.py:190} INFO - [2026-04-25T07:32:33.623+0000] {dag.py:3239} INFO - Sync 1 DAGs
[2026-04-25T07:32:33.653+0000] {logging_mixin.py:190} INFO - [2026-04-25T07:32:33.653+0000] {dag.py:4180} INFO - Setting next_dagrun for system_dag to 2026-04-24T00:00:00+00:00, run_after=2026-04-25T00:00:00+00:00
[2026-04-25T07:32:33.675+0000] {processor.py:208} INFO - Processing /opt/airflow/dags/system_dag.py took 0.115 seconds
[2026-04-25T07:33:06.076+0000] {processor.py:186} INFO - Started process (PID=343) to work on /opt/airflow/dags/system_dag.py
[2026-04-25T07:33:06.078+0000] {processor.py:914} INFO - Processing file /opt/airflow/dags/system_dag.py for tasks to queue
[2026-04-25T07:33:06.082+0000] {logging_mixin.py:190} INFO - [2026-04-25T07:33:06.081+0000] {dagbag.py:588} INFO - Filling up the DagBag from /opt/airflow/dags/system_dag.py
[2026-04-25T07:33:06.156+0000] {processor.py:925} INFO - DAG(s) 'system_dag' retrieved from /opt/airflow/dags/system_dag.py
[2026-04-25T07:33:06.256+0000] {logging_mixin.py:190} INFO - [2026-04-25T07:33:06.255+0000] {dag.py:3239} INFO - Sync 1 DAGs
[2026-04-25T07:33:06.457+0000] {logging_mixin.py:190} INFO - [2026-04-25T07:33:06.457+0000] {dag.py:4180} INFO - Setting next_dagrun for system_dag to 2026-04-24T00:00:00+00:00, run_after=2026-04-25T00:00:00+00:00
[2026-04-25T07:33:06.560+0000] {processor.py:208} INFO - Processing /opt/airflow/dags/system_dag.py took 0.498 seconds
[2026-04-25T07:33:37.561+0000] {processor.py:186} INFO - Started process (PID=347) to work on /opt/airflow/dags/system_dag.py
[2026-04-25T07:33:37.562+0000] {processor.py:914} INFO - Processing file /opt/airflow/dags/system_dag.py for tasks to queue
[2026-04-25T07:33:37.569+0000] {logging_mixin.py:190} INFO - [2026-04-25T07:33:37.568+0000] {dagbag.py:588} INFO - Filling up the DagBag from /opt/airflow/dags/system_dag.py
[2026-04-25T07:33:37.594+0000] {processor.py:925} INFO - DAG(s) 'system_dag' retrieved from /opt/airflow/dags/system_dag.py
[2026-04-25T07:33:37.652+0000] {logging_mixin.py:190} INFO - [2026-04-25T07:33:37.652+0000] {dag.py:3239} INFO - Sync 1 DAGs
[2026-04-25T07:33:37.705+0000] {logging_mixin.py:190} INFO - [2026-04-25T07:33:37.704+0000] {dag.py:4180} INFO - Setting next_dagrun for system_dag to 2026-04-24T00:00:00+00:00, run_after=2026-04-25T00:00:00+00:00
[2026-04-25T07:33:37.742+0000] {processor.py:208} INFO - Processing /opt/airflow/dags/system_dag.py took 0.188 seconds
[2026-04-25T07:34:08.374+0000] {processor.py:186} INFO - Started process (PID=351) to work on /opt/airflow/dags/system_dag.py
[2026-04-25T07:34:08.375+0000] {processor.py:914} INFO - Processing file /opt/airflow/dags/system_dag.py for tasks to queue
[2026-04-25T07:34:08.376+0000] {logging_mixin.py:190} INFO - [2026-04-25T07:34:08.376+0000] {dagbag.py:588} INFO - Filling up the DagBag from /opt/airflow/dags/system_dag.py
[2026-04-25T07:34:08.399+0000] {processor.py:925} INFO - DAG(s) 'system_dag' retrieved from /opt/airflow/dags/system_dag.py
[2026-04-25T07:34:08.449+0000] {logging_mixin.py:190} INFO - [2026-04-25T07:34:08.449+0000] {dag.py:3239} INFO - Sync 1 DAGs
[2026-04-25T07:34:08.488+0000] {logging_mixin.py:190} INFO - [2026-04-25T07:34:08.488+0000] {dag.py:4180} INFO - Setting next_dagrun for system_dag to 2026-04-24T00:00:00+00:00, run_after=2026-04-25T00:00:00+00:00
[2026-04-25T07:34:08.522+0000] {processor.py:208} INFO - Processing /opt/airflow/dags/system_dag.py took 0.156 seconds
[2026-04-25T07:34:39.562+0000] {processor.py:186} INFO - Started process (PID=355) to work on /opt/airflow/dags/system_dag.py
[2026-04-25T07:34:39.563+0000] {processor.py:914} INFO - Processing file /opt/airflow/dags/system_dag.py for tasks to queue
[2026-04-25T07:34:39.564+0000] {logging_mixin.py:190} INFO - [2026-04-25T07:34:39.564+0000] {dagbag.py:588} INFO - Filling up the DagBag from /opt/airflow/dags/system_dag.py
[2026-04-25T07:34:39.585+0000] {processor.py:925} INFO - DAG(s) 'system_dag' retrieved from /opt/airflow/dags/system_dag.py
[2026-04-25T07:34:39.628+0000] {logging_mixin.py:190} INFO - [2026-04-25T07:34:39.628+0000] {dag.py:3239} INFO - Sync 1 DAGs
[2026-04-25T07:34:39.663+0000] {logging_mixin.py:190} INFO - [2026-04-25T07:34:39.663+0000] {dag.py:4180} INFO - Setting next_dagrun for system_dag to 2026-04-24T00:00:00+00:00, run_after=2026-04-25T00:00:00+00:00
[2026-04-25T07:34:39.691+0000] {processor.py:208} INFO - Processing /opt/airflow/dags/system_dag.py took 0.137 seconds
[2026-04-25T07:35:10.864+0000] {processor.py:186} INFO - Started process (PID=359) to work on /opt/airflow/dags/system_dag.py
[2026-04-25T07:35:10.865+0000] {processor.py:914} INFO - Processing file /opt/airflow/dags/system_dag.py for tasks to queue
[2026-04-25T07:35:10.871+0000] {logging_mixin.py:190} INFO - [2026-04-25T07:35:10.871+0000] {dagbag.py:588} INFO - Filling up the DagBag from /opt/airflow/dags/system_dag.py
[2026-04-25T07:35:10.959+0000] {processor.py:925} INFO - DAG(s) 'system_dag' retrieved from /opt/airflow/dags/system_dag.py
[2026-04-25T07:35:11.067+0000] {logging_mixin.py:190} INFO - [2026-04-25T07:35:11.066+0000] {dag.py:3239} INFO - Sync 1 DAGs
[2026-04-25T07:35:11.219+0000] {logging_mixin.py:190} INFO - [2026-04-25T07:35:11.219+0000] {dag.py:4180} INFO - Setting next_dagrun for system_dag to 2026-04-24T00:00:00+00:00, run_after=2026-04-25T00:00:00+00:00
[2026-04-25T07:35:11.327+0000] {processor.py:208} INFO - Processing /opt/airflow/dags/system_dag.py took 0.475 seconds
[2026-04-25T07:35:42.629+0000] {processor.py:186} INFO - Started process (PID=363) to work on /opt/airflow/dags/system_dag.py
[2026-04-25T07:35:42.635+0000] {processor.py:914} INFO - Processing file /opt/airflow/dags/system_dag.py for tasks to queue
[2026-04-25T07:35:42.645+0000] {logging_mixin.py:190} INFO - [2026-04-25T07:35:42.643+0000] {dagbag.py:588} INFO - Filling up the DagBag from /opt/airflow/dags/system_dag.py
[2026-04-25T07:35:42.715+0000] {processor.py:925} INFO - DAG(s) 'system_dag' retrieved from /opt/airflow/dags/system_dag.py
[2026-04-25T07:35:42.825+0000] {logging_mixin.py:190} INFO - [2026-04-25T07:35:42.824+0000] {dag.py:3239} INFO - Sync 1 DAGs
[2026-04-25T07:35:42.923+0000] {logging_mixin.py:190} INFO - [2026-04-25T07:35:42.923+0000] {dag.py:4180} INFO - Setting next_dagrun for system_dag to 2026-04-24T00:00:00+00:00, run_after=2026-04-25T00:00:00+00:00
[2026-04-25T07:35:43.001+0000] {processor.py:208} INFO - Processing /opt/airflow/dags/system_dag.py took 0.399 seconds
[2026-04-25T07:36:13.866+0000] {processor.py:186} INFO - Started process (PID=367) to work on /opt/airflow/dags/system_dag.py
[2026-04-25T07:36:13.868+0000] {processor.py:914} INFO - Processing file /opt/airflow/dags/system_dag.py for tasks to queue
[2026-04-25T07:36:13.874+0000] {logging_mixin.py:190} INFO - [2026-04-25T07:36:13.873+0000] {dagbag.py:588} INFO - Filling up the DagBag from /opt/airflow/dags/system_dag.py
[2026-04-25T07:36:13.943+0000] {processor.py:925} INFO - DAG(s) 'system_dag' retrieved from /opt/airflow/dags/system_dag.py
[2026-04-25T07:36:14.047+0000] {logging_mixin.py:190} INFO - [2026-04-25T07:36:14.047+0000] {dag.py:3239} INFO - Sync 1 DAGs
[2026-04-25T07:36:14.152+0000] {logging_mixin.py:190} INFO - [2026-04-25T07:36:14.152+0000] {dag.py:4180} INFO - Setting next_dagrun for system_dag to 2026-04-24T00:00:00+00:00, run_after=2026-04-25T00:00:00+00:00
[2026-04-25T07:36:14.232+0000] {processor.py:208} INFO - Processing /opt/airflow/dags/system_dag.py took 0.377 seconds
[2026-04-25T07:36:45.056+0000] {processor.py:186} INFO - Started process (PID=371) to work on /opt/airflow/dags/system_dag.py
[2026-04-25T07:36:45.059+0000] {processor.py:914} INFO - Processing file /opt/airflow/dags/system_dag.py for tasks to queue
[2026-04-25T07:36:45.061+0000] {logging_mixin.py:190} INFO - [2026-04-25T07:36:45.061+0000] {dagbag.py:588} INFO - Filling up the DagBag from /opt/airflow/dags/system_dag.py
[2026-04-25T07:36:45.181+0000] {processor.py:925} INFO - DAG(s) 'system_dag' retrieved from /opt/airflow/dags/system_dag.py
[2026-04-25T07:36:45.290+0000] {logging_mixin.py:190} INFO - [2026-04-25T07:36:45.289+0000] {dag.py:3239} INFO - Sync 1 DAGs
[2026-04-25T07:36:45.357+0000] {logging_mixin.py:190} INFO - [2026-04-25T07:36:45.357+0000] {dag.py:4180} INFO - Setting next_dagrun for system_dag to 2026-04-24T00:00:00+00:00, run_after=2026-04-25T00:00:00+00:00
[2026-04-25T07:36:45.427+0000] {processor.py:208} INFO - Processing /opt/airflow/dags/system_dag.py took 0.389 seconds
[2026-04-25T07:37:16.691+0000] {processor.py:186} INFO - Started process (PID=375) to work on /opt/airflow/dags/system_dag.py
[2026-04-25T07:37:16.692+0000] {processor.py:914} INFO - Processing file /opt/airflow/dags/system_dag.py for tasks to queue
[2026-04-25T07:37:16.693+0000] {logging_mixin.py:190} INFO - [2026-04-25T07:37:16.693+0000] {dagbag.py:588} INFO - Filling up the DagBag from /opt/airflow/dags/system_dag.py
[2026-04-25T07:37:16.731+0000] {processor.py:925} INFO - DAG(s) 'system_dag' retrieved from /opt/airflow/dags/system_dag.py
[2026-04-25T07:37:16.831+0000] {logging_mixin.py:190} INFO - [2026-04-25T07:37:16.831+0000] {dag.py:3239} INFO - Sync 1 DAGs
[2026-04-25T07:37:16.918+0000] {logging_mixin.py:190} INFO - [2026-04-25T07:37:16.918+0000] {dag.py:4180} INFO - Setting next_dagrun for system_dag to 2026-04-24T00:00:00+00:00, run_after=2026-04-25T00:00:00+00:00
[2026-04-25T07:37:16.964+0000] {processor.py:208} INFO - Processing /opt/airflow/dags/system_dag.py took 0.283 seconds
[2026-04-25T07:37:47.844+0000] {processor.py:186} INFO - Started process (PID=379) to work on /opt/airflow/dags/system_dag.py
[2026-04-25T07:37:47.844+0000] {processor.py:914} INFO - Processing file /opt/airflow/dags/system_dag.py for tasks to queue
[2026-04-25T07:37:47.846+0000] {logging_mixin.py:190} INFO - [2026-04-25T07:37:47.846+0000] {dagbag.py:588} INFO - Filling up the DagBag from /opt/airflow/dags/system_dag.py
[2026-04-25T07:37:47.865+0000] {processor.py:925} INFO - DAG(s) 'system_dag' retrieved from /opt/airflow/dags/system_dag.py
[2026-04-25T07:37:47.902+0000] {logging_mixin.py:190} INFO - [2026-04-25T07:37:47.902+0000] {dag.py:3239} INFO - Sync 1 DAGs
[2026-04-25T07:37:47.936+0000] {logging_mixin.py:190} INFO - [2026-04-25T07:37:47.936+0000] {dag.py:4180} INFO - Setting next_dagrun for system_dag to 2026-04-24T00:00:00+00:00, run_after=2026-04-25T00:00:00+00:00
[2026-04-25T07:37:47.959+0000] {processor.py:208} INFO - Processing /opt/airflow/dags/system_dag.py took 0.122 seconds
[2026-04-25T07:38:18.193+0000] {processor.py:186} INFO - Started process (PID=383) to work on /opt/airflow/dags/system_dag.py
[2026-04-25T07:38:18.195+0000] {processor.py:914} INFO - Processing file /opt/airflow/dags/system_dag.py for tasks to queue
[2026-04-25T07:38:18.196+0000] {logging_mixin.py:190} INFO - [2026-04-25T07:38:18.196+0000] {dagbag.py:588} INFO - Filling up the DagBag from /opt/airflow/dags/system_dag.py
[2026-04-25T07:38:18.224+0000] {processor.py:925} INFO - DAG(s) 'system_dag' retrieved from /opt/airflow/dags/system_dag.py
[2026-04-25T07:38:18.283+0000] {logging_mixin.py:190} INFO - [2026-04-25T07:38:18.283+0000] {dag.py:3239} INFO - Sync 1 DAGs
[2026-04-25T07:38:19.208+0000] {logging_mixin.py:190} INFO - [2026-04-25T07:38:19.208+0000] {dag.py:4180} INFO - Setting next_dagrun for system_dag to 2026-04-24T00:00:00+00:00, run_after=2026-04-25T00:00:00+00:00
[2026-04-25T07:38:19.254+0000] {processor.py:208} INFO - Processing /opt/airflow/dags/system_dag.py took 0.190 seconds
[2026-04-25T07:38:50.792+0000] {processor.py:186} INFO - Started process (PID=387) to work on /opt/airflow/dags/system_dag.py
[2026-04-25T07:38:50.793+0000] {processor.py:914} INFO - Processing file /opt/airflow/dags/system_dag.py for tasks to queue
[2026-04-25T07:38:50.794+0000] {logging_mixin.py:190} INFO - [2026-04-25T07:38:50.794+0000] {dagbag.py:588} INFO - Filling up the DagBag from /opt/airflow/dags/system_dag.py
[2026-04-25T07:38:50.812+0000] {processor.py:925} INFO - DAG(s) 'system_dag' retrieved from /opt/airflow/dags/system_dag.py
[2026-04-25T07:38:50.854+0000] {logging_mixin.py:190} INFO - [2026-04-25T07:38:50.854+0000] {dag.py:3239} INFO - Sync 1 DAGs
[2026-04-25T07:38:50.895+0000] {logging_mixin.py:190} INFO - [2026-04-25T07:38:50.894+0000] {dag.py:4180} INFO - Setting next_dagrun for system_dag to 2026-04-24T00:00:00+00:00, run_after=2026-04-25T00:00:00+00:00
[2026-04-25T07:38:50.932+0000] {processor.py:208} INFO - Processing /opt/airflow/dags/system_dag.py took 0.146 seconds
[2026-04-25T07:39:21.746+0000] {processor.py:186} INFO - Started process (PID=391) to work on /opt/airflow/dags/system_dag.py
[2026-04-25T07:39:21.747+0000] {processor.py:914} INFO - Processing file /opt/airflow/dags/system_dag.py for tasks to queue
[2026-04-25T07:39:21.750+0000] {logging_mixin.py:190} INFO - [2026-04-25T07:39:21.750+0000] {dagbag.py:588} INFO - Filling up the DagBag from /opt/airflow/dags/system_dag.py
[2026-04-25T07:39:21.784+0000] {processor.py:925} INFO - DAG(s) 'system_dag' retrieved from /opt/airflow/dags/system_dag.py
[2026-04-25T07:39:21.846+0000] {logging_mixin.py:190} INFO - [2026-04-25T07:39:21.846+0000] {dag.py:3239} INFO - Sync 1 DAGs
[2026-04-25T07:39:21.889+0000] {logging_mixin.py:190} INFO - [2026-04-25T07:39:21.889+0000] {dag.py:4180} INFO - Setting next_dagrun for system_dag to 2026-04-24T00:00:00+00:00, run_after=2026-04-25T00:00:00+00:00
[2026-04-25T07:39:21.930+0000] {processor.py:208} INFO - Processing /opt/airflow/dags/system_dag.py took 0.196 seconds
[2026-04-25T07:39:53.639+0000] {processor.py:186} INFO - Started process (PID=395) to work on /opt/airflow/dags/system_dag.py
[2026-04-25T07:39:53.639+0000] {processor.py:914} INFO - Processing file /opt/airflow/dags/system_dag.py for tasks to queue
[2026-04-25T07:39:53.641+0000] {logging_mixin.py:190} INFO - [2026-04-25T07:39:53.640+0000] {dagbag.py:588} INFO - Filling up the DagBag from /opt/airflow/dags/system_dag.py
[2026-04-25T07:39:53.663+0000] {processor.py:925} INFO - DAG(s) 'system_dag' retrieved from /opt/airflow/dags/system_dag.py
[2026-04-25T07:39:53.744+0000] {logging_mixin.py:190} INFO - [2026-04-25T07:39:53.744+0000] {dag.py:3239} INFO - Sync 1 DAGs
[2026-04-25T07:39:53.787+0000] {logging_mixin.py:190} INFO - [2026-04-25T07:39:53.786+0000] {dag.py:4180} INFO - Setting next_dagrun for system_dag to 2026-04-24T00:00:00+00:00, run_after=2026-04-25T00:00:00+00:00
[2026-04-25T07:39:53.821+0000] {processor.py:208} INFO - Processing /opt/airflow/dags/system_dag.py took 0.191 seconds
[2026-04-25T07:40:24.694+0000] {processor.py:186} INFO - Started process (PID=399) to work on /opt/airflow/dags/system_dag.py
[2026-04-25T07:40:24.695+0000] {processor.py:914} INFO - Processing file /opt/airflow/dags/system_dag.py for tasks to queue
[2026-04-25T07:40:24.697+0000] {logging_mixin.py:190} INFO - [2026-04-25T07:40:24.697+0000] {dagbag.py:588} INFO - Filling up the DagBag from /opt/airflow/dags/system_dag.py
[2026-04-25T07:40:24.722+0000] {processor.py:925} INFO - DAG(s) 'system_dag' retrieved from /opt/airflow/dags/system_dag.py
[2026-04-25T07:40:24.774+0000] {logging_mixin.py:190} INFO - [2026-04-25T07:40:24.774+0000] {dag.py:3239} INFO - Sync 1 DAGs
[2026-04-25T07:40:24.813+0000] {logging_mixin.py:190} INFO - [2026-04-25T07:40:24.813+0000] {dag.py:4180} INFO - Setting next_dagrun for system_dag to 2026-04-24T00:00:00+00:00, run_after=2026-04-25T00:00:00+00:00
[2026-04-25T07:40:24.851+0000] {processor.py:208} INFO - Processing /opt/airflow/dags/system_dag.py took 0.164 seconds
[2026-04-25T07:40:55.654+0000] {processor.py:186} INFO - Started process (PID=403) to work on /opt/airflow/dags/system_dag.py
[2026-04-25T07:40:55.655+0000] {processor.py:914} INFO - Processing file /opt/airflow/dags/system_dag.py for tasks to queue
[2026-04-25T07:40:55.657+0000] {logging_mixin.py:190} INFO - [2026-04-25T07:40:55.657+0000] {dagbag.py:588} INFO - Filling up the DagBag from /opt/airflow/dags/system_dag.py
[2026-04-25T07:40:55.674+0000] {processor.py:925} INFO - DAG(s) 'system_dag' retrieved from /opt/airflow/dags/system_dag.py
[2026-04-25T07:40:55.713+0000] {logging_mixin.py:190} INFO - [2026-04-25T07:40:55.713+0000] {dag.py:3239} INFO - Sync 1 DAGs
[2026-04-25T07:40:55.746+0000] {logging_mixin.py:190} INFO - [2026-04-25T07:40:55.746+0000] {dag.py:4180} INFO - Setting next_dagrun for system_dag to 2026-04-24T00:00:00+00:00, run_after=2026-04-25T00:00:00+00:00
[2026-04-25T07:40:55.779+0000] {processor.py:208} INFO - Processing /opt/airflow/dags/system_dag.py took 0.131 seconds
[2026-04-25T07:41:27.605+0000] {processor.py:186} INFO - Started process (PID=407) to work on /opt/airflow/dags/system_dag.py
[2026-04-25T07:41:27.605+0000] {processor.py:914} INFO - Processing file /opt/airflow/dags/system_dag.py for tasks to queue
[2026-04-25T07:41:27.607+0000] {logging_mixin.py:190} INFO - [2026-04-25T07:41:27.606+0000] {dagbag.py:588} INFO - Filling up the DagBag from /opt/airflow/dags/system_dag.py
[2026-04-25T07:41:27.626+0000] {processor.py:925} INFO - DAG(s) 'system_dag' retrieved from /opt/airflow/dags/system_dag.py
[2026-04-25T07:41:27.667+0000] {logging_mixin.py:190} INFO - [2026-04-25T07:41:27.667+0000] {dag.py:3239} INFO - Sync 1 DAGs
[2026-04-25T07:41:27.704+0000] {logging_mixin.py:190} INFO - [2026-04-25T07:41:27.704+0000] {dag.py:4180} INFO - Setting next_dagrun for system_dag to 2026-04-24T00:00:00+00:00, run_after=2026-04-25T00:00:00+00:00
[2026-04-25T07:41:27.738+0000] {processor.py:208} INFO - Processing /opt/airflow/dags/system_dag.py took 0.140 seconds
[2026-04-25T07:41:58.510+0000] {processor.py:186} INFO - Started process (PID=411) to work on /opt/airflow/dags/system_dag.py
[2026-04-25T07:41:58.511+0000] {processor.py:914} INFO - Processing file /opt/airflow/dags/system_dag.py for tasks to queue
[2026-04-25T07:41:58.518+0000] {logging_mixin.py:190} INFO - [2026-04-25T07:41:58.518+0000] {dagbag.py:588} INFO - Filling up the DagBag from /opt/airflow/dags/system_dag.py
[2026-04-25T07:41:58.538+0000] {processor.py:925} INFO - DAG(s) 'system_dag' retrieved from /opt/airflow/dags/system_dag.py
[2026-04-25T07:41:58.577+0000] {logging_mixin.py:190} INFO - [2026-04-25T07:41:58.576+0000] {dag.py:3239} INFO - Sync 1 DAGs
[2026-04-25T07:41:58.613+0000] {logging_mixin.py:190} INFO - [2026-04-25T07:41:58.613+0000] {dag.py:4180} INFO - Setting next_dagrun for system_dag to 2026-04-24T00:00:00+00:00, run_after=2026-04-25T00:00:00+00:00
[2026-04-25T07:41:58.644+0000] {processor.py:208} INFO - Processing /opt/airflow/dags/system_dag.py took 0.139 seconds
[2026-04-25T07:42:30.373+0000] {processor.py:186} INFO - Started process (PID=415) to work on /opt/airflow/dags/system_dag.py
[2026-04-25T07:42:30.374+0000] {processor.py:914} INFO - Processing file /opt/airflow/dags/system_dag.py for tasks to queue
[2026-04-25T07:42:30.375+0000] {logging_mixin.py:190} INFO - [2026-04-25T07:42:30.375+0000] {dagbag.py:588} INFO - Filling up the DagBag from /opt/airflow/dags/system_dag.py
[2026-04-25T07:42:30.395+0000] {processor.py:925} INFO - DAG(s) 'system_dag' retrieved from /opt/airflow/dags/system_dag.py
[2026-04-25T07:42:30.435+0000] {logging_mixin.py:190} INFO - [2026-04-25T07:42:30.435+0000] {dag.py:3239} INFO - Sync 1 DAGs
[2026-04-25T07:42:30.469+0000] {logging_mixin.py:190} INFO - [2026-04-25T07:42:30.468+0000] {dag.py:4180} INFO - Setting next_dagrun for system_dag to 2026-04-24T00:00:00+00:00, run_after=2026-04-25T00:00:00+00:00
[2026-04-25T07:42:30.499+0000] {processor.py:208} INFO - Processing /opt/airflow/dags/system_dag.py took 0.133 seconds
[2026-04-25T07:43:01.151+0000] {processor.py:186} INFO - Started process (PID=419) to work on /opt/airflow/dags/system_dag.py
[2026-04-25T07:43:01.152+0000] {processor.py:914} INFO - Processing file /opt/airflow/dags/system_dag.py for tasks to queue
[2026-04-25T07:43:01.153+0000] {logging_mixin.py:190} INFO - [2026-04-25T07:43:01.153+0000] {dagbag.py:588} INFO - Filling up the DagBag from /opt/airflow/dags/system_dag.py
[2026-04-25T07:43:01.172+0000] {processor.py:925} INFO - DAG(s) 'system_dag' retrieved from /opt/airflow/dags/system_dag.py
[2026-04-25T07:43:01.212+0000] {logging_mixin.py:190} INFO - [2026-04-25T07:43:01.212+0000] {dag.py:3239} INFO - Sync 1 DAGs
[2026-04-25T07:43:01.244+0000] {logging_mixin.py:190} INFO - [2026-04-25T07:43:01.243+0000] {dag.py:4180} INFO - Setting next_dagrun for system_dag to 2026-04-24T00:00:00+00:00, run_after=2026-04-25T00:00:00+00:00
[2026-04-25T07:43:01.275+0000] {processor.py:208} INFO - Processing /opt/airflow/dags/system_dag.py took 0.130 seconds
[2026-04-25T07:43:33.102+0000] {processor.py:186} INFO - Started process (PID=423) to work on /opt/airflow/dags/system_dag.py
[2026-04-25T07:43:33.103+0000] {processor.py:914} INFO - Processing file /opt/airflow/dags/system_dag.py for tasks to queue
[2026-04-25T07:43:33.104+0000] {logging_mixin.py:190} INFO - [2026-04-25T07:43:33.104+0000] {dagbag.py:588} INFO - Filling up the DagBag from /opt/airflow/dags/system_dag.py
[2026-04-25T07:43:33.126+0000] {processor.py:925} INFO - DAG(s) 'system_dag' retrieved from /opt/airflow/dags/system_dag.py
[2026-04-25T07:43:33.169+0000] {logging_mixin.py:190} INFO - [2026-04-25T07:43:33.169+0000] {dag.py:3239} INFO - Sync 1 DAGs
[2026-04-25T07:43:33.201+0000] {logging_mixin.py:190} INFO - [2026-04-25T07:43:33.201+0000] {dag.py:4180} INFO - Setting next_dagrun for system_dag to 2026-04-24T00:00:00+00:00, run_after=2026-04-25T00:00:00+00:00
[2026-04-25T07:43:33.237+0000] {processor.py:208} INFO - Processing /opt/airflow/dags/system_dag.py took 0.141 seconds
[2026-04-25T07:44:04.083+0000] {processor.py:186} INFO - Started process (PID=427) to work on /opt/airflow/dags/system_dag.py
[2026-04-25T07:44:04.084+0000] {processor.py:914} INFO - Processing file /opt/airflow/dags/system_dag.py for tasks to queue
[2026-04-25T07:44:04.086+0000] {logging_mixin.py:190} INFO - [2026-04-25T07:44:04.086+0000] {dagbag.py:588} INFO - Filling up the DagBag from /opt/airflow/dags/system_dag.py
[2026-04-25T07:44:04.106+0000] {processor.py:925} INFO - DAG(s) 'system_dag' retrieved from /opt/airflow/dags/system_dag.py
[2026-04-25T07:44:04.146+0000] {logging_mixin.py:190} INFO - [2026-04-25T07:44:04.146+0000] {dag.py:3239} INFO - Sync 1 DAGs
[2026-04-25T07:44:04.184+0000] {logging_mixin.py:190} INFO - [2026-04-25T07:44:04.184+0000] {dag.py:4180} INFO - Setting next_dagrun for system_dag to 2026-04-24T00:00:00+00:00, run_after=2026-04-25T00:00:00+00:00
[2026-04-25T07:44:04.218+0000] {processor.py:208} INFO - Processing /opt/airflow/dags/system_dag.py took 0.140 seconds
[2026-04-25T07:44:34.344+0000] {processor.py:186} INFO - Started process (PID=431) to work on /opt/airflow/dags/system_dag.py
[2026-04-25T07:44:34.345+0000] {processor.py:914} INFO - Processing file /opt/airflow/dags/system_dag.py for tasks to queue
[2026-04-25T07:44:34.347+0000] {logging_mixin.py:190} INFO - [2026-04-25T07:44:34.347+0000] {dagbag.py:588} INFO - Filling up the DagBag from /opt/airflow/dags/system_dag.py
[2026-04-25T07:44:34.367+0000] {processor.py:925} INFO - DAG(s) 'system_dag' retrieved from /opt/airflow/dags/system_dag.py
[2026-04-25T07:44:35.245+0000] {logging_mixin.py:190} INFO - [2026-04-25T07:44:35.245+0000] {dag.py:3239} INFO - Sync 1 DAGs
[2026-04-25T07:44:35.277+0000] {logging_mixin.py:190} INFO - [2026-04-25T07:44:35.277+0000] {dag.py:4180} INFO - Setting next_dagrun for system_dag to 2026-04-24T00:00:00+00:00, run_after=2026-04-25T00:00:00+00:00
[2026-04-25T07:44:35.308+0000] {processor.py:208} INFO - Processing /opt/airflow/dags/system_dag.py took 0.201 seconds
[2026-04-25T07:45:06.923+0000] {processor.py:186} INFO - Started process (PID=435) to work on /opt/airflow/dags/system_dag.py
[2026-04-25T07:45:06.923+0000] {processor.py:914} INFO - Processing file /opt/airflow/dags/system_dag.py for tasks to queue
[2026-04-25T07:45:06.925+0000] {logging_mixin.py:190} INFO - [2026-04-25T07:45:06.924+0000] {dagbag.py:588} INFO - Filling up the DagBag from /opt/airflow/dags/system_dag.py
[2026-04-25T07:45:06.944+0000] {processor.py:925} INFO - DAG(s) 'system_dag' retrieved from /opt/airflow/dags/system_dag.py
[2026-04-25T07:45:06.984+0000] {logging_mixin.py:190} INFO - [2026-04-25T07:45:06.984+0000] {dag.py:3239} INFO - Sync 1 DAGs
[2026-04-25T07:45:07.021+0000] {logging_mixin.py:190} INFO - [2026-04-25T07:45:07.021+0000] {dag.py:4180} INFO - Setting next_dagrun for system_dag to 2026-04-24T00:00:00+00:00, run_after=2026-04-25T00:00:00+00:00
[2026-04-25T07:45:07.063+0000] {processor.py:208} INFO - Processing /opt/airflow/dags/system_dag.py took 0.146 seconds
[2026-04-25T07:45:37.127+0000] {processor.py:186} INFO - Started process (PID=439) to work on /opt/airflow/dags/system_dag.py
[2026-04-25T07:45:37.127+0000] {processor.py:914} INFO - Processing file /opt/airflow/dags/system_dag.py for tasks to queue
[2026-04-25T07:45:37.129+0000] {logging_mixin.py:190} INFO - [2026-04-25T07:45:37.128+0000] {dagbag.py:588} INFO - Filling up the DagBag from /opt/airflow/dags/system_dag.py
[2026-04-25T07:45:37.923+0000] {processor.py:925} INFO - DAG(s) 'system_dag' retrieved from /opt/airflow/dags/system_dag.py
[2026-04-25T07:45:37.973+0000] {logging_mixin.py:190} INFO - [2026-04-25T07:45:37.973+0000] {dag.py:3239} INFO - Sync 1 DAGs
[2026-04-25T07:45:38.015+0000] {logging_mixin.py:190} INFO - [2026-04-25T07:45:38.015+0000] {dag.py:4180} INFO - Setting next_dagrun for system_dag to 2026-04-24T00:00:00+00:00, run_after=2026-04-25T00:00:00+00:00
[2026-04-25T07:45:38.051+0000] {processor.py:208} INFO - Processing /opt/airflow/dags/system_dag.py took 0.157 seconds
[2026-04-25T07:46:09.776+0000] {processor.py:186} INFO - Started process (PID=443) to work on /opt/airflow/dags/system_dag.py
[2026-04-25T07:46:09.779+0000] {processor.py:914} INFO - Processing file /opt/airflow/dags/system_dag.py for tasks to queue
[2026-04-25T07:46:09.781+0000] {logging_mixin.py:190} INFO - [2026-04-25T07:46:09.780+0000] {dagbag.py:588} INFO - Filling up the DagBag from /opt/airflow/dags/system_dag.py
[2026-04-25T07:46:09.799+0000] {processor.py:925} INFO - DAG(s) 'system_dag' retrieved from /opt/airflow/dags/system_dag.py
[2026-04-25T07:46:09.840+0000] {logging_mixin.py:190} INFO - [2026-04-25T07:46:09.839+0000] {dag.py:3239} INFO - Sync 1 DAGs
[2026-04-25T07:46:09.872+0000] {logging_mixin.py:190} INFO - [2026-04-25T07:46:09.871+0000] {dag.py:4180} INFO - Setting next_dagrun for system_dag to 2026-04-24T00:00:00+00:00, run_after=2026-04-25T00:00:00+00:00
[2026-04-25T07:46:09.908+0000] {processor.py:208} INFO - Processing /opt/airflow/dags/system_dag.py took 0.138 seconds
[2026-04-25T07:46:41.673+0000] {processor.py:186} INFO - Started process (PID=447) to work on /opt/airflow/dags/system_dag.py
[2026-04-25T07:46:41.674+0000] {processor.py:914} INFO - Processing file /opt/airflow/dags/system_dag.py for tasks to queue
[2026-04-25T07:46:41.676+0000] {logging_mixin.py:190} INFO - [2026-04-25T07:46:41.676+0000] {dagbag.py:588} INFO - Filling up the DagBag from /opt/airflow/dags/system_dag.py
[2026-04-25T07:46:41.697+0000] {processor.py:925} INFO - DAG(s) 'system_dag' retrieved from /opt/airflow/dags/system_dag.py
[2026-04-25T07:46:41.743+0000] {logging_mixin.py:190} INFO - [2026-04-25T07:46:41.742+0000] {dag.py:3239} INFO - Sync 1 DAGs
[2026-04-25T07:46:41.779+0000] {logging_mixin.py:190} INFO - [2026-04-25T07:46:41.778+0000] {dag.py:4180} INFO - Setting next_dagrun for system_dag to 2026-04-24T00:00:00+00:00, run_after=2026-04-25T00:00:00+00:00
[2026-04-25T07:46:41.818+0000] {processor.py:208} INFO - Processing /opt/airflow/dags/system_dag.py took 0.151 seconds
[2026-04-25T07:47:12.615+0000] {processor.py:186} INFO - Started process (PID=451) to work on /opt/airflow/dags/system_dag.py
[2026-04-25T07:47:12.617+0000] {processor.py:914} INFO - Processing file /opt/airflow/dags/system_dag.py for tasks to queue
[2026-04-25T07:47:12.627+0000] {logging_mixin.py:190} INFO - [2026-04-25T07:47:12.627+0000] {dagbag.py:588} INFO - Filling up the DagBag from /opt/airflow/dags/system_dag.py
[2026-04-25T07:47:12.667+0000] {processor.py:925} INFO - DAG(s) 'system_dag' retrieved from /opt/airflow/dags/system_dag.py
[2026-04-25T07:47:12.723+0000] {logging_mixin.py:190} INFO - [2026-04-25T07:47:12.723+0000] {dag.py:3239} INFO - Sync 1 DAGs
[2026-04-25T07:47:12.765+0000] {logging_mixin.py:190} INFO - [2026-04-25T07:47:12.765+0000] {dag.py:4180} INFO - Setting next_dagrun for system_dag to 2026-04-24T00:00:00+00:00, run_after=2026-04-25T00:00:00+00:00
[2026-04-25T07:47:12.809+0000] {processor.py:208} INFO - Processing /opt/airflow/dags/system_dag.py took 0.204 seconds
[2026-04-25T07:47:43.582+0000] {processor.py:186} INFO - Started process (PID=455) to work on /opt/airflow/dags/system_dag.py
[2026-04-25T07:47:43.583+0000] {processor.py:914} INFO - Processing file /opt/airflow/dags/system_dag.py for tasks to queue
[2026-04-25T07:47:43.585+0000] {logging_mixin.py:190} INFO - [2026-04-25T07:47:43.585+0000] {dagbag.py:588} INFO - Filling up the DagBag from /opt/airflow/dags/system_dag.py
[2026-04-25T07:47:43.604+0000] {processor.py:925} INFO - DAG(s) 'system_dag' retrieved from /opt/airflow/dags/system_dag.py
[2026-04-25T07:47:43.649+0000] {logging_mixin.py:190} INFO - [2026-04-25T07:47:43.649+0000] {dag.py:3239} INFO - Sync 1 DAGs
[2026-04-25T07:47:43.687+0000] {logging_mixin.py:190} INFO - [2026-04-25T07:47:43.686+0000] {dag.py:4180} INFO - Setting next_dagrun for system_dag to 2026-04-24T00:00:00+00:00, run_after=2026-04-25T00:00:00+00:00
[2026-04-25T07:47:43.720+0000] {processor.py:208} INFO - Processing /opt/airflow/dags/system_dag.py took 0.145 seconds
[2026-04-25T07:48:15.474+0000] {processor.py:186} INFO - Started process (PID=459) to work on /opt/airflow/dags/system_dag.py
[2026-04-25T07:48:15.475+0000] {processor.py:914} INFO - Processing file /opt/airflow/dags/system_dag.py for tasks to queue
[2026-04-25T07:48:15.477+0000] {logging_mixin.py:190} INFO - [2026-04-25T07:48:15.477+0000] {dagbag.py:588} INFO - Filling up the DagBag from /opt/airflow/dags/system_dag.py
[2026-04-25T07:48:15.499+0000] {processor.py:925} INFO - DAG(s) 'system_dag' retrieved from /opt/airflow/dags/system_dag.py
[2026-04-25T07:48:15.545+0000] {logging_mixin.py:190} INFO - [2026-04-25T07:48:15.545+0000] {dag.py:3239} INFO - Sync 1 DAGs
[2026-04-25T07:48:15.587+0000] {logging_mixin.py:190} INFO - [2026-04-25T07:48:15.586+0000] {dag.py:4180} INFO - Setting next_dagrun for system_dag to 2026-04-24T00:00:00+00:00, run_after=2026-04-25T00:00:00+00:00
[2026-04-25T07:48:15.623+0000] {processor.py:208} INFO - Processing /opt/airflow/dags/system_dag.py took 0.157 seconds
[2026-04-25T07:48:46.482+0000] {processor.py:186} INFO - Started process (PID=463) to work on /opt/airflow/dags/system_dag.py
[2026-04-25T07:48:46.483+0000] {processor.py:914} INFO - Processing file /opt/airflow/dags/system_dag.py for tasks to queue
[2026-04-25T07:48:46.484+0000] {logging_mixin.py:190} INFO - [2026-04-25T07:48:46.484+0000] {dagbag.py:588} INFO - Filling up the DagBag from /opt/airflow/dags/system_dag.py
[2026-04-25T07:48:46.503+0000] {processor.py:925} INFO - DAG(s) 'system_dag' retrieved from /opt/airflow/dags/system_dag.py
[2026-04-25T07:48:46.547+0000] {logging_mixin.py:190} INFO - [2026-04-25T07:48:46.547+0000] {dag.py:3239} INFO - Sync 1 DAGs
[2026-04-25T07:48:46.591+0000] {logging_mixin.py:190} INFO - [2026-04-25T07:48:46.590+0000] {dag.py:4180} INFO - Setting next_dagrun for system_dag to 2026-04-24T00:00:00+00:00, run_after=2026-04-25T00:00:00+00:00
[2026-04-25T07:48:46.628+0000] {processor.py:208} INFO - Processing /opt/airflow/dags/system_dag.py took 0.152 seconds
[2026-04-25T07:49:16.823+0000] {processor.py:186} INFO - Started process (PID=467) to work on /opt/airflow/dags/system_dag.py
[2026-04-25T07:49:16.823+0000] {processor.py:914} INFO - Processing file /opt/airflow/dags/system_dag.py for tasks to queue
[2026-04-25T07:49:16.825+0000] {logging_mixin.py:190} INFO - [2026-04-25T07:49:16.824+0000] {dagbag.py:588} INFO - Filling up the DagBag from /opt/airflow/dags/system_dag.py
[2026-04-25T07:49:16.843+0000] {processor.py:925} INFO - DAG(s) 'system_dag' retrieved from /opt/airflow/dags/system_dag.py
[2026-04-25T07:49:16.890+0000] {logging_mixin.py:190} INFO - [2026-04-25T07:49:16.890+0000] {dag.py:3239} INFO - Sync 1 DAGs
[2026-04-25T07:49:17.714+0000] {logging_mixin.py:190} INFO - [2026-04-25T07:49:17.713+0000] {dag.py:4180} INFO - Setting next_dagrun for system_dag to 2026-04-24T00:00:00+00:00, run_after=2026-04-25T00:00:00+00:00
[2026-04-25T07:49:17.746+0000] {processor.py:208} INFO - Processing /opt/airflow/dags/system_dag.py took 0.147 seconds
[2026-04-25T07:49:49.507+0000] {processor.py:186} INFO - Started process (PID=471) to work on /opt/airflow/dags/system_dag.py
[2026-04-25T07:49:49.508+0000] {processor.py:914} INFO - Processing file /opt/airflow/dags/system_dag.py for tasks to queue
[2026-04-25T07:49:49.509+0000] {logging_mixin.py:190} INFO - [2026-04-25T07:49:49.509+0000] {dagbag.py:588} INFO - Filling up the DagBag from /opt/airflow/dags/system_dag.py
[2026-04-25T07:49:49.526+0000] {processor.py:925} INFO - DAG(s) 'system_dag' retrieved from /opt/airflow/dags/system_dag.py
[2026-04-25T07:49:49.567+0000] {logging_mixin.py:190} INFO - [2026-04-25T07:49:49.567+0000] {dag.py:3239} INFO - Sync 1 DAGs
[2026-04-25T07:49:49.605+0000] {logging_mixin.py:190} INFO - [2026-04-25T07:49:49.605+0000] {dag.py:4180} INFO - Setting next_dagrun for system_dag to 2026-04-24T00:00:00+00:00, run_after=2026-04-25T00:00:00+00:00
[2026-04-25T07:49:49.641+0000] {processor.py:208} INFO - Processing /opt/airflow/dags/system_dag.py took 0.141 seconds
[2026-04-25T07:50:21.300+0000] {processor.py:186} INFO - Started process (PID=475) to work on /opt/airflow/dags/system_dag.py
[2026-04-25T07:50:21.301+0000] {processor.py:914} INFO - Processing file /opt/airflow/dags/system_dag.py for tasks to queue
[2026-04-25T07:50:21.302+0000] {logging_mixin.py:190} INFO - [2026-04-25T07:50:21.302+0000] {dagbag.py:588} INFO - Filling up the DagBag from /opt/airflow/dags/system_dag.py
[2026-04-25T07:50:21.319+0000] {processor.py:925} INFO - DAG(s) 'system_dag' retrieved from /opt/airflow/dags/system_dag.py
[2026-04-25T07:50:21.357+0000] {logging_mixin.py:190} INFO - [2026-04-25T07:50:21.357+0000] {dag.py:3239} INFO - Sync 1 DAGs
[2026-04-25T07:50:21.392+0000] {logging_mixin.py:190} INFO - [2026-04-25T07:50:21.392+0000] {dag.py:4180} INFO - Setting next_dagrun for system_dag to 2026-04-24T00:00:00+00:00, run_after=2026-04-25T00:00:00+00:00
[2026-04-25T07:50:21.423+0000] {processor.py:208} INFO - Processing /opt/airflow/dags/system_dag.py took 0.129 seconds
[2026-04-25T07:50:52.131+0000] {processor.py:186} INFO - Started process (PID=479) to work on /opt/airflow/dags/system_dag.py
[2026-04-25T07:50:52.132+0000] {processor.py:914} INFO - Processing file /opt/airflow/dags/system_dag.py for tasks to queue
[2026-04-25T07:50:52.133+0000] {logging_mixin.py:190} INFO - [2026-04-25T07:50:52.133+0000] {dagbag.py:588} INFO - Filling up the DagBag from /opt/airflow/dags/system_dag.py
[2026-04-25T07:50:52.152+0000] {processor.py:925} INFO - DAG(s) 'system_dag' retrieved from /opt/airflow/dags/system_dag.py
[2026-04-25T07:50:52.199+0000] {logging_mixin.py:190} INFO - [2026-04-25T07:50:52.199+0000] {dag.py:3239} INFO - Sync 1 DAGs
[2026-04-25T07:50:52.264+0000] {logging_mixin.py:190} INFO - [2026-04-25T07:50:52.264+0000] {dag.py:4180} INFO - Setting next_dagrun for system_dag to 2026-04-24T00:00:00+00:00, run_after=2026-04-25T00:00:00+00:00
[2026-04-25T07:50:52.343+0000] {processor.py:208} INFO - Processing /opt/airflow/dags/system_dag.py took 0.220 seconds
[2026-04-25T07:51:23.795+0000] {processor.py:186} INFO - Started process (PID=483) to work on /opt/airflow/dags/system_dag.py
[2026-04-25T07:51:23.795+0000] {processor.py:914} INFO - Processing file /opt/airflow/dags/system_dag.py for tasks to queue
[2026-04-25T07:51:23.796+0000] {logging_mixin.py:190} INFO - [2026-04-25T07:51:23.796+0000] {dagbag.py:588} INFO - Filling up the DagBag from /opt/airflow/dags/system_dag.py
[2026-04-25T07:51:23.813+0000] {processor.py:925} INFO - DAG(s) 'system_dag' retrieved from /opt/airflow/dags/system_dag.py
[2026-04-25T07:51:23.851+0000] {logging_mixin.py:190} INFO - [2026-04-25T07:51:23.851+0000] {dag.py:3239} INFO - Sync 1 DAGs
[2026-04-25T07:51:23.883+0000] {logging_mixin.py:190} INFO - [2026-04-25T07:51:23.883+0000] {dag.py:4180} INFO - Setting next_dagrun for system_dag to 2026-04-24T00:00:00+00:00, run_after=2026-04-25T00:00:00+00:00
[2026-04-25T07:51:23.919+0000] {processor.py:208} INFO - Processing /opt/airflow/dags/system_dag.py took 0.131 seconds
[2026-04-25T07:51:54.778+0000] {processor.py:186} INFO - Started process (PID=487) to work on /opt/airflow/dags/system_dag.py
[2026-04-25T07:51:54.779+0000] {processor.py:914} INFO - Processing file /opt/airflow/dags/system_dag.py for tasks to queue
[2026-04-25T07:51:54.780+0000] {logging_mixin.py:190} INFO - [2026-04-25T07:51:54.780+0000] {dagbag.py:588} INFO - Filling up the DagBag from /opt/airflow/dags/system_dag.py
[2026-04-25T07:51:54.797+0000] {processor.py:925} INFO - DAG(s) 'system_dag' retrieved from /opt/airflow/dags/system_dag.py
[2026-04-25T07:51:54.836+0000] {logging_mixin.py:190} INFO - [2026-04-25T07:51:54.836+0000] {dag.py:3239} INFO - Sync 1 DAGs
[2026-04-25T07:51:54.866+0000] {logging_mixin.py:190} INFO - [2026-04-25T07:51:54.866+0000] {dag.py:4180} INFO - Setting next_dagrun for system_dag to 2026-04-24T00:00:00+00:00, run_after=2026-04-25T00:00:00+00:00
[2026-04-25T07:51:54.897+0000] {processor.py:208} INFO - Processing /opt/airflow/dags/system_dag.py took 0.124 seconds
[2026-04-25T07:52:26.573+0000] {processor.py:186} INFO - Started process (PID=491) to work on /opt/airflow/dags/system_dag.py
[2026-04-25T07:52:26.574+0000] {processor.py:914} INFO - Processing file /opt/airflow/dags/system_dag.py for tasks to queue
[2026-04-25T07:52:26.575+0000] {logging_mixin.py:190} INFO - [2026-04-25T07:52:26.575+0000] {dagbag.py:588} INFO - Filling up the DagBag from /opt/airflow/dags/system_dag.py
[2026-04-25T07:52:26.593+0000] {processor.py:925} INFO - DAG(s) 'system_dag' retrieved from /opt/airflow/dags/system_dag.py
[2026-04-25T07:52:26.632+0000] {logging_mixin.py:190} INFO - [2026-04-25T07:52:26.631+0000] {dag.py:3239} INFO - Sync 1 DAGs
[2026-04-25T07:52:26.664+0000] {logging_mixin.py:190} INFO - [2026-04-25T07:52:26.664+0000] {dag.py:4180} INFO - Setting next_dagrun for system_dag to 2026-04-24T00:00:00+00:00, run_after=2026-04-25T00:00:00+00:00
[2026-04-25T07:52:26.691+0000] {processor.py:208} INFO - Processing /opt/airflow/dags/system_dag.py took 0.123 seconds
[2026-04-25T07:52:58.497+0000] {processor.py:186} INFO - Started process (PID=495) to work on /opt/airflow/dags/system_dag.py
[2026-04-25T07:52:58.498+0000] {processor.py:914} INFO - Processing file /opt/airflow/dags/system_dag.py for tasks to queue
[2026-04-25T07:52:58.500+0000] {logging_mixin.py:190} INFO - [2026-04-25T07:52:58.500+0000] {dagbag.py:588} INFO - Filling up the DagBag from /opt/airflow/dags/system_dag.py
[2026-04-25T07:52:58.526+0000] {processor.py:925} INFO - DAG(s) 'system_dag' retrieved from /opt/airflow/dags/system_dag.py
[2026-04-25T07:52:58.568+0000] {logging_mixin.py:190} INFO - [2026-04-25T07:52:58.568+0000] {dag.py:3239} INFO - Sync 1 DAGs
[2026-04-25T07:52:58.605+0000] {logging_mixin.py:190} INFO - [2026-04-25T07:52:58.605+0000] {dag.py:4180} INFO - Setting next_dagrun for system_dag to 2026-04-24T00:00:00+00:00, run_after=2026-04-25T00:00:00+00:00
[2026-04-25T07:52:58.643+0000] {processor.py:208} INFO - Processing /opt/airflow/dags/system_dag.py took 0.159 seconds
[2026-04-25T07:53:29.297+0000] {processor.py:186} INFO - Started process (PID=499) to work on /opt/airflow/dags/system_dag.py
[2026-04-25T07:53:29.298+0000] {processor.py:914} INFO - Processing file /opt/airflow/dags/system_dag.py for tasks to queue
[2026-04-25T07:53:29.300+0000] {logging_mixin.py:190} INFO - [2026-04-25T07:53:29.299+0000] {dagbag.py:588} INFO - Filling up the DagBag from /opt/airflow/dags/system_dag.py
[2026-04-25T07:53:29.320+0000] {processor.py:925} INFO - DAG(s) 'system_dag' retrieved from /opt/airflow/dags/system_dag.py
[2026-04-25T07:53:29.359+0000] {logging_mixin.py:190} INFO - [2026-04-25T07:53:29.359+0000] {dag.py:3239} INFO - Sync 1 DAGs
[2026-04-25T07:53:29.394+0000] {logging_mixin.py:190} INFO - [2026-04-25T07:53:29.394+0000] {dag.py:4180} INFO - Setting next_dagrun for system_dag to 2026-04-24T00:00:00+00:00, run_after=2026-04-25T00:00:00+00:00
[2026-04-25T07:53:29.427+0000] {processor.py:208} INFO - Processing /opt/airflow/dags/system_dag.py took 0.135 seconds
[2026-04-25T07:54:01.177+0000] {processor.py:186} INFO - Started process (PID=503) to work on /opt/airflow/dags/system_dag.py
[2026-04-25T07:54:01.177+0000] {processor.py:914} INFO - Processing file /opt/airflow/dags/system_dag.py for tasks to queue
[2026-04-25T07:54:01.179+0000] {logging_mixin.py:190} INFO - [2026-04-25T07:54:01.178+0000] {dagbag.py:588} INFO - Filling up the DagBag from /opt/airflow/dags/system_dag.py
[2026-04-25T07:54:01.196+0000] {processor.py:925} INFO - DAG(s) 'system_dag' retrieved from /opt/airflow/dags/system_dag.py
[2026-04-25T07:54:01.238+0000] {logging_mixin.py:190} INFO - [2026-04-25T07:54:01.238+0000] {dag.py:3239} INFO - Sync 1 DAGs
[2026-04-25T07:54:01.276+0000] {logging_mixin.py:190} INFO - [2026-04-25T07:54:01.276+0000] {dag.py:4180} INFO - Setting next_dagrun for system_dag to 2026-04-24T00:00:00+00:00, run_after=2026-04-25T00:00:00+00:00
[2026-04-25T07:54:01.308+0000] {processor.py:208} INFO - Processing /opt/airflow/dags/system_dag.py took 0.136 seconds
[2026-04-25T07:54:31.973+0000] {processor.py:186} INFO - Started process (PID=507) to work on /opt/airflow/dags/system_dag.py
[2026-04-25T07:54:31.974+0000] {processor.py:914} INFO - Processing file /opt/airflow/dags/system_dag.py for tasks to queue
[2026-04-25T07:54:31.975+0000] {logging_mixin.py:190} INFO - [2026-04-25T07:54:31.975+0000] {dagbag.py:588} INFO - Filling up the DagBag from /opt/airflow/dags/system_dag.py
[2026-04-25T07:54:31.994+0000] {processor.py:925} INFO - DAG(s) 'system_dag' retrieved from /opt/airflow/dags/system_dag.py
[2026-04-25T07:54:32.035+0000] {logging_mixin.py:190} INFO - [2026-04-25T07:54:32.035+0000] {dag.py:3239} INFO - Sync 1 DAGs
[2026-04-25T07:54:32.068+0000] {logging_mixin.py:190} INFO - [2026-04-25T07:54:32.067+0000] {dag.py:4180} INFO - Setting next_dagrun for system_dag to 2026-04-24T00:00:00+00:00, run_after=2026-04-25T00:00:00+00:00
[2026-04-25T07:54:32.108+0000] {processor.py:208} INFO - Processing /opt/airflow/dags/system_dag.py took 0.141 seconds
[2026-04-25T07:55:02.160+0000] {processor.py:186} INFO - Started process (PID=511) to work on /opt/airflow/dags/system_dag.py
[2026-04-25T07:55:02.161+0000] {processor.py:914} INFO - Processing file /opt/airflow/dags/system_dag.py for tasks to queue
[2026-04-25T07:55:02.162+0000] {logging_mixin.py:190} INFO - [2026-04-25T07:55:02.162+0000] {dagbag.py:588} INFO - Filling up the DagBag from /opt/airflow/dags/system_dag.py
[2026-04-25T07:55:02.181+0000] {processor.py:925} INFO - DAG(s) 'system_dag' retrieved from /opt/airflow/dags/system_dag.py
[2026-04-25T07:55:02.227+0000] {logging_mixin.py:190} INFO - [2026-04-25T07:55:02.226+0000] {dag.py:3239} INFO - Sync 1 DAGs
[2026-04-25T07:55:02.265+0000] {logging_mixin.py:190} INFO - [2026-04-25T07:55:02.265+0000] {dag.py:4180} INFO - Setting next_dagrun for system_dag to 2026-04-24T00:00:00+00:00, run_after=2026-04-25T00:00:00+00:00
[2026-04-25T07:55:02.296+0000] {processor.py:208} INFO - Processing /opt/airflow/dags/system_dag.py took 0.141 seconds
[2026-04-25T07:55:32.363+0000] {processor.py:186} INFO - Started process (PID=515) to work on /opt/airflow/dags/system_dag.py
[2026-04-25T07:55:32.364+0000] {processor.py:914} INFO - Processing file /opt/airflow/dags/system_dag.py for tasks to queue
[2026-04-25T07:55:32.365+0000] {logging_mixin.py:190} INFO - [2026-04-25T07:55:32.365+0000] {dagbag.py:588} INFO - Filling up the DagBag from /opt/airflow/dags/system_dag.py
[2026-04-25T07:55:32.382+0000] {processor.py:925} INFO - DAG(s) 'system_dag' retrieved from /opt/airflow/dags/system_dag.py
[2026-04-25T07:55:32.423+0000] {logging_mixin.py:190} INFO - [2026-04-25T07:55:32.422+0000] {dag.py:3239} INFO - Sync 1 DAGs
[2026-04-25T07:55:32.465+0000] {logging_mixin.py:190} INFO - [2026-04-25T07:55:32.465+0000] {dag.py:4180} INFO - Setting next_dagrun for system_dag to 2026-04-24T00:00:00+00:00, run_after=2026-04-25T00:00:00+00:00
[2026-04-25T07:55:32.503+0000] {processor.py:208} INFO - Processing /opt/airflow/dags/system_dag.py took 0.145 seconds
[2026-04-25T07:56:03.165+0000] {processor.py:186} INFO - Started process (PID=519) to work on /opt/airflow/dags/system_dag.py
[2026-04-25T07:56:03.166+0000] {processor.py:914} INFO - Processing file /opt/airflow/dags/system_dag.py for tasks to queue
[2026-04-25T07:56:03.167+0000] {logging_mixin.py:190} INFO - [2026-04-25T07:56:03.167+0000] {dagbag.py:588} INFO - Filling up the DagBag from /opt/airflow/dags/system_dag.py
[2026-04-25T07:56:03.185+0000] {processor.py:925} INFO - DAG(s) 'system_dag' retrieved from /opt/airflow/dags/system_dag.py
[2026-04-25T07:56:03.223+0000] {logging_mixin.py:190} INFO - [2026-04-25T07:56:03.223+0000] {dag.py:3239} INFO - Sync 1 DAGs
[2026-04-25T07:56:03.260+0000] {logging_mixin.py:190} INFO - [2026-04-25T07:56:03.260+0000] {dag.py:4180} INFO - Setting next_dagrun for system_dag to 2026-04-24T00:00:00+00:00, run_after=2026-04-25T00:00:00+00:00
[2026-04-25T07:56:03.290+0000] {processor.py:208} INFO - Processing /opt/airflow/dags/system_dag.py took 0.130 seconds
[2026-04-25T07:56:33.964+0000] {processor.py:186} INFO - Started process (PID=523) to work on /opt/airflow/dags/system_dag.py
[2026-04-25T07:56:33.965+0000] {processor.py:914} INFO - Processing file /opt/airflow/dags/system_dag.py for tasks to queue
[2026-04-25T07:56:33.966+0000] {logging_mixin.py:190} INFO - [2026-04-25T07:56:33.966+0000] {dagbag.py:588} INFO - Filling up the DagBag from /opt/airflow/dags/system_dag.py
[2026-04-25T07:56:33.983+0000] {processor.py:925} INFO - DAG(s) 'system_dag' retrieved from /opt/airflow/dags/system_dag.py
[2026-04-25T07:56:34.021+0000] {logging_mixin.py:190} INFO - [2026-04-25T07:56:34.021+0000] {dag.py:3239} INFO - Sync 1 DAGs
[2026-04-25T07:56:34.054+0000] {logging_mixin.py:190} INFO - [2026-04-25T07:56:34.053+0000] {dag.py:4180} INFO - Setting next_dagrun for system_dag to 2026-04-24T00:00:00+00:00, run_after=2026-04-25T00:00:00+00:00
[2026-04-25T07:56:34.100+0000] {processor.py:208} INFO - Processing /opt/airflow/dags/system_dag.py took 0.142 seconds
[2026-04-25T07:57:04.938+0000] {processor.py:186} INFO - Started process (PID=527) to work on /opt/airflow/dags/system_dag.py
[2026-04-25T07:57:04.939+0000] {processor.py:914} INFO - Processing file /opt/airflow/dags/system_dag.py for tasks to queue
[2026-04-25T07:57:04.940+0000] {logging_mixin.py:190} INFO - [2026-04-25T07:57:04.940+0000] {dagbag.py:588} INFO - Filling up the DagBag from /opt/airflow/dags/system_dag.py
[2026-04-25T07:57:04.957+0000] {processor.py:925} INFO - DAG(s) 'system_dag' retrieved from /opt/airflow/dags/system_dag.py
[2026-04-25T07:57:05.000+0000] {logging_mixin.py:190} INFO - [2026-04-25T07:57:05.000+0000] {dag.py:3239} INFO - Sync 1 DAGs
[2026-04-25T07:57:05.035+0000] {logging_mixin.py:190} INFO - [2026-04-25T07:57:05.035+0000] {dag.py:4180} INFO - Setting next_dagrun for system_dag to 2026-04-24T00:00:00+00:00, run_after=2026-04-25T00:00:00+00:00
[2026-04-25T07:57:05.064+0000] {processor.py:208} INFO - Processing /opt/airflow/dags/system_dag.py took 0.132 seconds
[2026-04-25T07:57:35.910+0000] {processor.py:186} INFO - Started process (PID=531) to work on /opt/airflow/dags/system_dag.py
[2026-04-25T07:57:35.911+0000] {processor.py:914} INFO - Processing file /opt/airflow/dags/system_dag.py for tasks to queue
[2026-04-25T07:57:35.913+0000] {logging_mixin.py:190} INFO - [2026-04-25T07:57:35.912+0000] {dagbag.py:588} INFO - Filling up the DagBag from /opt/airflow/dags/system_dag.py
[2026-04-25T07:57:35.932+0000] {processor.py:925} INFO - DAG(s) 'system_dag' retrieved from /opt/airflow/dags/system_dag.py
[2026-04-25T07:57:35.982+0000] {logging_mixin.py:190} INFO - [2026-04-25T07:57:35.982+0000] {dag.py:3239} INFO - Sync 1 DAGs
[2026-04-25T07:57:36.024+0000] {logging_mixin.py:190} INFO - [2026-04-25T07:57:36.024+0000] {dag.py:4180} INFO - Setting next_dagrun for system_dag to 2026-04-24T00:00:00+00:00, run_after=2026-04-25T00:00:00+00:00
[2026-04-25T07:57:36.060+0000] {processor.py:208} INFO - Processing /opt/airflow/dags/system_dag.py took 0.158 seconds
[2026-04-25T07:58:06.751+0000] {processor.py:186} INFO - Started process (PID=535) to work on /opt/airflow/dags/system_dag.py
[2026-04-25T07:58:06.752+0000] {processor.py:914} INFO - Processing file /opt/airflow/dags/system_dag.py for tasks to queue
[2026-04-25T07:58:06.753+0000] {logging_mixin.py:190} INFO - [2026-04-25T07:58:06.753+0000] {dagbag.py:588} INFO - Filling up the DagBag from /opt/airflow/dags/system_dag.py
[2026-04-25T07:58:06.769+0000] {processor.py:925} INFO - DAG(s) 'system_dag' retrieved from /opt/airflow/dags/system_dag.py
[2026-04-25T07:58:06.808+0000] {logging_mixin.py:190} INFO - [2026-04-25T07:58:06.807+0000] {dag.py:3239} INFO - Sync 1 DAGs
[2026-04-25T07:58:06.839+0000] {logging_mixin.py:190} INFO - [2026-04-25T07:58:06.839+0000] {dag.py:4180} INFO - Setting next_dagrun for system_dag to 2026-04-24T00:00:00+00:00, run_after=2026-04-25T00:00:00+00:00
[2026-04-25T07:58:06.872+0000] {processor.py:208} INFO - Processing /opt/airflow/dags/system_dag.py took 0.126 seconds
[2026-04-25T07:58:37.825+0000] {processor.py:186} INFO - Started process (PID=539) to work on /opt/airflow/dags/system_dag.py
[2026-04-25T07:58:37.825+0000] {processor.py:914} INFO - Processing file /opt/airflow/dags/system_dag.py for tasks to queue
[2026-04-25T07:58:37.826+0000] {logging_mixin.py:190} INFO - [2026-04-25T07:58:37.826+0000] {dagbag.py:588} INFO - Filling up the DagBag from /opt/airflow/dags/system_dag.py
[2026-04-25T07:58:37.844+0000] {processor.py:925} INFO - DAG(s) 'system_dag' retrieved from /opt/airflow/dags/system_dag.py
[2026-04-25T07:58:37.887+0000] {logging_mixin.py:190} INFO - [2026-04-25T07:58:37.887+0000] {dag.py:3239} INFO - Sync 1 DAGs
[2026-04-25T07:58:37.918+0000] {logging_mixin.py:190} INFO - [2026-04-25T07:58:37.918+0000] {dag.py:4180} INFO - Setting next_dagrun for system_dag to 2026-04-24T00:00:00+00:00, run_after=2026-04-25T00:00:00+00:00
[2026-04-25T07:58:37.950+0000] {processor.py:208} INFO - Processing /opt/airflow/dags/system_dag.py took 0.131 seconds
[2026-04-25T07:59:08.645+0000] {processor.py:186} INFO - Started process (PID=543) to work on /opt/airflow/dags/system_dag.py
[2026-04-25T07:59:08.646+0000] {processor.py:914} INFO - Processing file /opt/airflow/dags/system_dag.py for tasks to queue
[2026-04-25T07:59:08.647+0000] {logging_mixin.py:190} INFO - [2026-04-25T07:59:08.647+0000] {dagbag.py:588} INFO - Filling up the DagBag from /opt/airflow/dags/system_dag.py
[2026-04-25T07:59:08.666+0000] {processor.py:925} INFO - DAG(s) 'system_dag' retrieved from /opt/airflow/dags/system_dag.py
[2026-04-25T07:59:08.709+0000] {logging_mixin.py:190} INFO - [2026-04-25T07:59:08.709+0000] {dag.py:3239} INFO - Sync 1 DAGs
[2026-04-25T07:59:08.746+0000] {logging_mixin.py:190} INFO - [2026-04-25T07:59:08.746+0000] {dag.py:4180} INFO - Setting next_dagrun for system_dag to 2026-04-24T00:00:00+00:00, run_after=2026-04-25T00:00:00+00:00
[2026-04-25T07:59:08.777+0000] {processor.py:208} INFO - Processing /opt/airflow/dags/system_dag.py took 0.137 seconds
[2026-04-25T07:59:39.667+0000] {processor.py:186} INFO - Started process (PID=547) to work on /opt/airflow/dags/system_dag.py
[2026-04-25T07:59:39.668+0000] {processor.py:914} INFO - Processing file /opt/airflow/dags/system_dag.py for tasks to queue
[2026-04-25T07:59:39.669+0000] {logging_mixin.py:190} INFO - [2026-04-25T07:59:39.669+0000] {dagbag.py:588} INFO - Filling up the DagBag from /opt/airflow/dags/system_dag.py
[2026-04-25T07:59:39.686+0000] {processor.py:925} INFO - DAG(s) 'system_dag' retrieved from /opt/airflow/dags/system_dag.py
[2026-04-25T07:59:39.723+0000] {logging_mixin.py:190} INFO - [2026-04-25T07:59:39.722+0000] {dag.py:3239} INFO - Sync 1 DAGs
[2026-04-25T07:59:39.754+0000] {logging_mixin.py:190} INFO - [2026-04-25T07:59:39.754+0000] {dag.py:4180} INFO - Setting next_dagrun for system_dag to 2026-04-24T00:00:00+00:00, run_after=2026-04-25T00:00:00+00:00
[2026-04-25T07:59:39.785+0000] {processor.py:208} INFO - Processing /opt/airflow/dags/system_dag.py took 0.123 seconds
[2026-04-25T08:00:10.719+0000] {processor.py:186} INFO - Started process (PID=551) to work on /opt/airflow/dags/system_dag.py
[2026-04-25T08:00:10.720+0000] {processor.py:914} INFO - Processing file /opt/airflow/dags/system_dag.py for tasks to queue
[2026-04-25T08:00:10.722+0000] {logging_mixin.py:190} INFO - [2026-04-25T08:00:10.721+0000] {dagbag.py:588} INFO - Filling up the DagBag from /opt/airflow/dags/system_dag.py
[2026-04-25T08:00:10.744+0000] {processor.py:925} INFO - DAG(s) 'system_dag' retrieved from /opt/airflow/dags/system_dag.py
[2026-04-25T08:00:10.791+0000] {logging_mixin.py:190} INFO - [2026-04-25T08:00:10.790+0000] {dag.py:3239} INFO - Sync 1 DAGs
[2026-04-25T08:00:10.829+0000] {logging_mixin.py:190} INFO - [2026-04-25T08:00:10.829+0000] {dag.py:4180} INFO - Setting next_dagrun for system_dag to 2026-04-24T00:00:00+00:00, run_after=2026-04-25T00:00:00+00:00
[2026-04-25T08:00:10.867+0000] {processor.py:208} INFO - Processing /opt/airflow/dags/system_dag.py took 0.153 seconds
[2026-04-25T08:00:41.553+0000] {processor.py:186} INFO - Started process (PID=555) to work on /opt/airflow/dags/system_dag.py
[2026-04-25T08:00:41.557+0000] {processor.py:914} INFO - Processing file /opt/airflow/dags/system_dag.py for tasks to queue
[2026-04-25T08:00:41.558+0000] {logging_mixin.py:190} INFO - [2026-04-25T08:00:41.558+0000] {dagbag.py:588} INFO - Filling up the DagBag from /opt/airflow/dags/system_dag.py
[2026-04-25T08:00:41.576+0000] {processor.py:925} INFO - DAG(s) 'system_dag' retrieved from /opt/airflow/dags/system_dag.py
[2026-04-25T08:00:41.609+0000] {logging_mixin.py:190} INFO - [2026-04-25T08:00:41.609+0000] {dag.py:3239} INFO - Sync 1 DAGs
[2026-04-25T08:00:41.640+0000] {logging_mixin.py:190} INFO - [2026-04-25T08:00:41.640+0000] {dag.py:4180} INFO - Setting next_dagrun for system_dag to 2026-04-24T00:00:00+00:00, run_after=2026-04-25T00:00:00+00:00
[2026-04-25T08:00:41.675+0000] {processor.py:208} INFO - Processing /opt/airflow/dags/system_dag.py took 0.129 seconds
[2026-04-25T08:01:12.391+0000] {processor.py:186} INFO - Started process (PID=559) to work on /opt/airflow/dags/system_dag.py
[2026-04-25T08:01:12.391+0000] {processor.py:914} INFO - Processing file /opt/airflow/dags/system_dag.py for tasks to queue
[2026-04-25T08:01:12.392+0000] {logging_mixin.py:190} INFO - [2026-04-25T08:01:12.392+0000] {dagbag.py:588} INFO - Filling up the DagBag from /opt/airflow/dags/system_dag.py
[2026-04-25T08:01:12.410+0000] {processor.py:925} INFO - DAG(s) 'system_dag' retrieved from /opt/airflow/dags/system_dag.py
[2026-04-25T08:01:12.446+0000] {logging_mixin.py:190} INFO - [2026-04-25T08:01:12.446+0000] {dag.py:3239} INFO - Sync 1 DAGs
[2026-04-25T08:01:12.487+0000] {logging_mixin.py:190} INFO - [2026-04-25T08:01:12.487+0000] {dag.py:4180} INFO - Setting next_dagrun for system_dag to 2026-04-24T00:00:00+00:00, run_after=2026-04-25T00:00:00+00:00
[2026-04-25T08:01:12.531+0000] {processor.py:208} INFO - Processing /opt/airflow/dags/system_dag.py took 0.147 seconds
[2026-04-25T08:01:43.226+0000] {processor.py:186} INFO - Started process (PID=563) to work on /opt/airflow/dags/system_dag.py
[2026-04-25T08:01:43.226+0000] {processor.py:914} INFO - Processing file /opt/airflow/dags/system_dag.py for tasks to queue
[2026-04-25T08:01:43.227+0000] {logging_mixin.py:190} INFO - [2026-04-25T08:01:43.227+0000] {dagbag.py:588} INFO - Filling up the DagBag from /opt/airflow/dags/system_dag.py
[2026-04-25T08:01:43.246+0000] {processor.py:925} INFO - DAG(s) 'system_dag' retrieved from /opt/airflow/dags/system_dag.py
[2026-04-25T08:01:43.297+0000] {logging_mixin.py:190} INFO - [2026-04-25T08:01:43.297+0000] {dag.py:3239} INFO - Sync 1 DAGs
[2026-04-25T08:01:43.338+0000] {logging_mixin.py:190} INFO - [2026-04-25T08:01:43.338+0000] {dag.py:4180} INFO - Setting next_dagrun for system_dag to 2026-04-24T00:00:00+00:00, run_after=2026-04-25T00:00:00+00:00
[2026-04-25T08:01:43.379+0000] {processor.py:208} INFO - Processing /opt/airflow/dags/system_dag.py took 0.159 seconds
[2026-04-25T08:02:14.118+0000] {processor.py:186} INFO - Started process (PID=567) to work on /opt/airflow/dags/system_dag.py
[2026-04-25T08:02:14.127+0000] {processor.py:914} INFO - Processing file /opt/airflow/dags/system_dag.py for tasks to queue
[2026-04-25T08:02:14.138+0000] {logging_mixin.py:190} INFO - [2026-04-25T08:02:14.137+0000] {dagbag.py:588} INFO - Filling up the DagBag from /opt/airflow/dags/system_dag.py
[2026-04-25T08:02:14.176+0000] {processor.py:925} INFO - DAG(s) 'system_dag' retrieved from /opt/airflow/dags/system_dag.py
[2026-04-25T08:02:14.219+0000] {logging_mixin.py:190} INFO - [2026-04-25T08:02:14.219+0000] {dag.py:3239} INFO - Sync 1 DAGs
[2026-04-25T08:02:14.253+0000] {logging_mixin.py:190} INFO - [2026-04-25T08:02:14.253+0000] {dag.py:4180} INFO - Setting next_dagrun for system_dag to 2026-04-24T00:00:00+00:00, run_after=2026-04-25T00:00:00+00:00
[2026-04-25T08:02:14.282+0000] {processor.py:208} INFO - Processing /opt/airflow/dags/system_dag.py took 0.171 seconds
[2026-04-25T08:02:45.182+0000] {processor.py:186} INFO - Started process (PID=571) to work on /opt/airflow/dags/system_dag.py
[2026-04-25T08:02:45.182+0000] {processor.py:914} INFO - Processing file /opt/airflow/dags/system_dag.py for tasks to queue
[2026-04-25T08:02:45.184+0000] {logging_mixin.py:190} INFO - [2026-04-25T08:02:45.183+0000] {dagbag.py:588} INFO - Filling up the DagBag from /opt/airflow/dags/system_dag.py
[2026-04-25T08:02:45.204+0000] {processor.py:925} INFO - DAG(s) 'system_dag' retrieved from /opt/airflow/dags/system_dag.py
[2026-04-25T08:02:45.243+0000] {logging_mixin.py:190} INFO - [2026-04-25T08:02:45.243+0000] {dag.py:3239} INFO - Sync 1 DAGs
[2026-04-25T08:02:45.274+0000] {logging_mixin.py:190} INFO - [2026-04-25T08:02:45.274+0000] {dag.py:4180} INFO - Setting next_dagrun for system_dag to 2026-04-24T00:00:00+00:00, run_after=2026-04-25T00:00:00+00:00
[2026-04-25T08:02:45.304+0000] {processor.py:208} INFO - Processing /opt/airflow/dags/system_dag.py took 0.128 seconds
[2026-04-25T08:03:15.977+0000] {processor.py:186} INFO - Started process (PID=575) to work on /opt/airflow/dags/system_dag.py
[2026-04-25T08:03:15.977+0000] {processor.py:914} INFO - Processing file /opt/airflow/dags/system_dag.py for tasks to queue
[2026-04-25T08:03:15.979+0000] {logging_mixin.py:190} INFO - [2026-04-25T08:03:15.979+0000] {dagbag.py:588} INFO - Filling up the DagBag from /opt/airflow/dags/system_dag.py
[2026-04-25T08:03:16.001+0000] {processor.py:925} INFO - DAG(s) 'system_dag' retrieved from /opt/airflow/dags/system_dag.py
[2026-04-25T08:03:16.041+0000] {logging_mixin.py:190} INFO - [2026-04-25T08:03:16.041+0000] {dag.py:3239} INFO - Sync 1 DAGs
[2026-04-25T08:03:16.080+0000] {logging_mixin.py:190} INFO - [2026-04-25T08:03:16.080+0000] {dag.py:4180} INFO - Setting next_dagrun for system_dag to 2026-04-24T00:00:00+00:00, run_after=2026-04-25T00:00:00+00:00
[2026-04-25T08:03:16.112+0000] {processor.py:208} INFO - Processing /opt/airflow/dags/system_dag.py took 0.143 seconds
[2026-04-25T08:03:46.965+0000] {processor.py:186} INFO - Started process (PID=579) to work on /opt/airflow/dags/system_dag.py
[2026-04-25T08:03:46.965+0000] {processor.py:914} INFO - Processing file /opt/airflow/dags/system_dag.py for tasks to queue
[2026-04-25T08:03:46.967+0000] {logging_mixin.py:190} INFO - [2026-04-25T08:03:46.966+0000] {dagbag.py:588} INFO - Filling up the DagBag from /opt/airflow/dags/system_dag.py
[2026-04-25T08:03:46.984+0000] {processor.py:925} INFO - DAG(s) 'system_dag' retrieved from /opt/airflow/dags/system_dag.py
[2026-04-25T08:03:47.020+0000] {logging_mixin.py:190} INFO - [2026-04-25T08:03:47.019+0000] {dag.py:3239} INFO - Sync 1 DAGs
[2026-04-25T08:03:47.051+0000] {logging_mixin.py:190} INFO - [2026-04-25T08:03:47.051+0000] {dag.py:4180} INFO - Setting next_dagrun for system_dag to 2026-04-24T00:00:00+00:00, run_after=2026-04-25T00:00:00+00:00
[2026-04-25T08:03:47.086+0000] {processor.py:208} INFO - Processing /opt/airflow/dags/system_dag.py took 0.127 seconds
[2026-04-25T08:04:17.785+0000] {processor.py:186} INFO - Started process (PID=583) to work on /opt/airflow/dags/system_dag.py
[2026-04-25T08:04:17.786+0000] {processor.py:914} INFO - Processing file /opt/airflow/dags/system_dag.py for tasks to queue
[2026-04-25T08:04:17.787+0000] {logging_mixin.py:190} INFO - [2026-04-25T08:04:17.787+0000] {dagbag.py:588} INFO - Filling up the DagBag from /opt/airflow/dags/system_dag.py
[2026-04-25T08:04:17.804+0000] {processor.py:925} INFO - DAG(s) 'system_dag' retrieved from /opt/airflow/dags/system_dag.py
[2026-04-25T08:04:17.847+0000] {logging_mixin.py:190} INFO - [2026-04-25T08:04:17.847+0000] {dag.py:3239} INFO - Sync 1 DAGs
[2026-04-25T08:04:17.882+0000] {logging_mixin.py:190} INFO - [2026-04-25T08:04:17.882+0000] {dag.py:4180} INFO - Setting next_dagrun for system_dag to 2026-04-24T00:00:00+00:00, run_after=2026-04-25T00:00:00+00:00
[2026-04-25T08:04:17.917+0000] {processor.py:208} INFO - Processing /opt/airflow/dags/system_dag.py took 0.137 seconds
[2026-04-25T08:04:48.771+0000] {processor.py:186} INFO - Started process (PID=587) to work on /opt/airflow/dags/system_dag.py
[2026-04-25T08:04:48.774+0000] {processor.py:914} INFO - Processing file /opt/airflow/dags/system_dag.py for tasks to queue
[2026-04-25T08:04:48.776+0000] {logging_mixin.py:190} INFO - [2026-04-25T08:04:48.775+0000] {dagbag.py:588} INFO - Filling up the DagBag from /opt/airflow/dags/system_dag.py
[2026-04-25T08:04:48.797+0000] {processor.py:925} INFO - DAG(s) 'system_dag' retrieved from /opt/airflow/dags/system_dag.py
[2026-04-25T08:04:48.844+0000] {logging_mixin.py:190} INFO - [2026-04-25T08:04:48.844+0000] {dag.py:3239} INFO - Sync 1 DAGs
[2026-04-25T08:04:48.883+0000] {logging_mixin.py:190} INFO - [2026-04-25T08:04:48.883+0000] {dag.py:4180} INFO - Setting next_dagrun for system_dag to 2026-04-24T00:00:00+00:00, run_after=2026-04-25T00:00:00+00:00
[2026-04-25T08:04:48.931+0000] {processor.py:208} INFO - Processing /opt/airflow/dags/system_dag.py took 0.167 seconds
[2026-04-25T08:05:19.748+0000] {processor.py:186} INFO - Started process (PID=591) to work on /opt/airflow/dags/system_dag.py
[2026-04-25T08:05:19.749+0000] {processor.py:914} INFO - Processing file /opt/airflow/dags/system_dag.py for tasks to queue
[2026-04-25T08:05:19.751+0000] {logging_mixin.py:190} INFO - [2026-04-25T08:05:19.751+0000] {dagbag.py:588} INFO - Filling up the DagBag from /opt/airflow/dags/system_dag.py
[2026-04-25T08:05:19.774+0000] {processor.py:925} INFO - DAG(s) 'system_dag' retrieved from /opt/airflow/dags/system_dag.py
[2026-04-25T08:05:19.818+0000] {logging_mixin.py:190} INFO - [2026-04-25T08:05:19.818+0000] {dag.py:3239} INFO - Sync 1 DAGs
[2026-04-25T08:05:19.854+0000] {logging_mixin.py:190} INFO - [2026-04-25T08:05:19.854+0000] {dag.py:4180} INFO - Setting next_dagrun for system_dag to 2026-04-24T00:00:00+00:00, run_after=2026-04-25T00:00:00+00:00
[2026-04-25T08:05:19.894+0000] {processor.py:208} INFO - Processing /opt/airflow/dags/system_dag.py took 0.152 seconds
[2026-04-25T08:05:50.596+0000] {processor.py:186} INFO - Started process (PID=595) to work on /opt/airflow/dags/system_dag.py
[2026-04-25T08:05:50.596+0000] {processor.py:914} INFO - Processing file /opt/airflow/dags/system_dag.py for tasks to queue
[2026-04-25T08:05:50.598+0000] {logging_mixin.py:190} INFO - [2026-04-25T08:05:50.597+0000] {dagbag.py:588} INFO - Filling up the DagBag from /opt/airflow/dags/system_dag.py
[2026-04-25T08:05:50.614+0000] {processor.py:925} INFO - DAG(s) 'system_dag' retrieved from /opt/airflow/dags/system_dag.py
[2026-04-25T08:05:50.651+0000] {logging_mixin.py:190} INFO - [2026-04-25T08:05:50.651+0000] {dag.py:3239} INFO - Sync 1 DAGs
[2026-04-25T08:05:50.682+0000] {logging_mixin.py:190} INFO - [2026-04-25T08:05:50.682+0000] {dag.py:4180} INFO - Setting next_dagrun for system_dag to 2026-04-24T00:00:00+00:00, run_after=2026-04-25T00:00:00+00:00
[2026-04-25T08:05:50.710+0000] {processor.py:208} INFO - Processing /opt/airflow/dags/system_dag.py took 0.121 seconds
[2026-04-25T08:06:21.585+0000] {processor.py:186} INFO - Started process (PID=599) to work on /opt/airflow/dags/system_dag.py
[2026-04-25T08:06:21.586+0000] {processor.py:914} INFO - Processing file /opt/airflow/dags/system_dag.py for tasks to queue
[2026-04-25T08:06:21.587+0000] {logging_mixin.py:190} INFO - [2026-04-25T08:06:21.587+0000] {dagbag.py:588} INFO - Filling up the DagBag from /opt/airflow/dags/system_dag.py
[2026-04-25T08:06:21.609+0000] {processor.py:925} INFO - DAG(s) 'system_dag' retrieved from /opt/airflow/dags/system_dag.py
[2026-04-25T08:06:21.723+0000] {logging_mixin.py:190} INFO - [2026-04-25T08:06:21.723+0000] {dag.py:3239} INFO - Sync 1 DAGs
[2026-04-25T08:06:21.765+0000] {logging_mixin.py:190} INFO - [2026-04-25T08:06:21.765+0000] {dag.py:4180} INFO - Setting next_dagrun for system_dag to 2026-04-24T00:00:00+00:00, run_after=2026-04-25T00:00:00+00:00
[2026-04-25T08:06:21.801+0000] {processor.py:208} INFO - Processing /opt/airflow/dags/system_dag.py took 0.222 seconds
[2026-04-25T08:06:52.417+0000] {processor.py:186} INFO - Started process (PID=603) to work on /opt/airflow/dags/system_dag.py
[2026-04-25T08:06:52.418+0000] {processor.py:914} INFO - Processing file /opt/airflow/dags/system_dag.py for tasks to queue
[2026-04-25T08:06:52.421+0000] {logging_mixin.py:190} INFO - [2026-04-25T08:06:52.420+0000] {dagbag.py:588} INFO - Filling up the DagBag from /opt/airflow/dags/system_dag.py
[2026-04-25T08:06:52.461+0000] {processor.py:925} INFO - DAG(s) 'system_dag' retrieved from /opt/airflow/dags/system_dag.py
[2026-04-25T08:06:52.559+0000] {logging_mixin.py:190} INFO - [2026-04-25T08:06:52.559+0000] {dag.py:3239} INFO - Sync 1 DAGs
[2026-04-25T08:06:52.613+0000] {logging_mixin.py:190} INFO - [2026-04-25T08:06:52.613+0000] {dag.py:4180} INFO - Setting next_dagrun for system_dag to 2026-04-24T00:00:00+00:00, run_after=2026-04-25T00:00:00+00:00
[2026-04-25T08:06:52.648+0000] {processor.py:208} INFO - Processing /opt/airflow/dags/system_dag.py took 0.241 seconds
[2026-04-25T08:07:23.494+0000] {processor.py:186} INFO - Started process (PID=607) to work on /opt/airflow/dags/system_dag.py
[2026-04-25T08:07:23.495+0000] {processor.py:914} INFO - Processing file /opt/airflow/dags/system_dag.py for tasks to queue
[2026-04-25T08:07:23.497+0000] {logging_mixin.py:190} INFO - [2026-04-25T08:07:23.496+0000] {dagbag.py:588} INFO - Filling up the DagBag from /opt/airflow/dags/system_dag.py
[2026-04-25T08:07:23.518+0000] {processor.py:925} INFO - DAG(s) 'system_dag' retrieved from /opt/airflow/dags/system_dag.py
[2026-04-25T08:07:23.569+0000] {logging_mixin.py:190} INFO - [2026-04-25T08:07:23.569+0000] {dag.py:3239} INFO - Sync 1 DAGs
[2026-04-25T08:07:23.607+0000] {logging_mixin.py:190} INFO - [2026-04-25T08:07:23.607+0000] {dag.py:4180} INFO - Setting next_dagrun for system_dag to 2026-04-24T00:00:00+00:00, run_after=2026-04-25T00:00:00+00:00
[2026-04-25T08:07:23.647+0000] {processor.py:208} INFO - Processing /opt/airflow/dags/system_dag.py took 0.160 seconds
[2026-04-25T08:07:54.336+0000] {processor.py:186} INFO - Started process (PID=611) to work on /opt/airflow/dags/system_dag.py
[2026-04-25T08:07:54.337+0000] {processor.py:914} INFO - Processing file /opt/airflow/dags/system_dag.py for tasks to queue
[2026-04-25T08:07:54.339+0000] {logging_mixin.py:190} INFO - [2026-04-25T08:07:54.338+0000] {dagbag.py:588} INFO - Filling up the DagBag from /opt/airflow/dags/system_dag.py
[2026-04-25T08:07:54.358+0000] {processor.py:925} INFO - DAG(s) 'system_dag' retrieved from /opt/airflow/dags/system_dag.py
[2026-04-25T08:07:54.403+0000] {logging_mixin.py:190} INFO - [2026-04-25T08:07:54.402+0000] {dag.py:3239} INFO - Sync 1 DAGs
[2026-04-25T08:07:54.439+0000] {logging_mixin.py:190} INFO - [2026-04-25T08:07:54.439+0000] {dag.py:4180} INFO - Setting next_dagrun for system_dag to 2026-04-24T00:00:00+00:00, run_after=2026-04-25T00:00:00+00:00
[2026-04-25T08:07:54.471+0000] {processor.py:208} INFO - Processing /opt/airflow/dags/system_dag.py took 0.142 seconds
[2026-04-25T08:08:25.360+0000] {processor.py:186} INFO - Started process (PID=615) to work on /opt/airflow/dags/system_dag.py
[2026-04-25T08:08:25.361+0000] {processor.py:914} INFO - Processing file /opt/airflow/dags/system_dag.py for tasks to queue
[2026-04-25T08:08:25.362+0000] {logging_mixin.py:190} INFO - [2026-04-25T08:08:25.362+0000] {dagbag.py:588} INFO - Filling up the DagBag from /opt/airflow/dags/system_dag.py
[2026-04-25T08:08:25.392+0000] {processor.py:925} INFO - DAG(s) 'system_dag' retrieved from /opt/airflow/dags/system_dag.py
[2026-04-25T08:08:25.451+0000] {logging_mixin.py:190} INFO - [2026-04-25T08:08:25.451+0000] {dag.py:3239} INFO - Sync 1 DAGs
[2026-04-25T08:08:25.506+0000] {logging_mixin.py:190} INFO - [2026-04-25T08:08:25.506+0000] {dag.py:4180} INFO - Setting next_dagrun for system_dag to 2026-04-24T00:00:00+00:00, run_after=2026-04-25T00:00:00+00:00
[2026-04-25T08:08:25.545+0000] {processor.py:208} INFO - Processing /opt/airflow/dags/system_dag.py took 0.194 seconds
[2026-04-25T08:08:56.252+0000] {processor.py:186} INFO - Started process (PID=619) to work on /opt/airflow/dags/system_dag.py
[2026-04-25T08:08:56.253+0000] {processor.py:914} INFO - Processing file /opt/airflow/dags/system_dag.py for tasks to queue
[2026-04-25T08:08:56.255+0000] {logging_mixin.py:190} INFO - [2026-04-25T08:08:56.255+0000] {dagbag.py:588} INFO - Filling up the DagBag from /opt/airflow/dags/system_dag.py
[2026-04-25T08:08:56.285+0000] {processor.py:925} INFO - DAG(s) 'system_dag' retrieved from /opt/airflow/dags/system_dag.py
[2026-04-25T08:08:56.340+0000] {logging_mixin.py:190} INFO - [2026-04-25T08:08:56.340+0000] {dag.py:3239} INFO - Sync 1 DAGs
[2026-04-25T08:08:56.396+0000] {logging_mixin.py:190} INFO - [2026-04-25T08:08:56.396+0000] {dag.py:4180} INFO - Setting next_dagrun for system_dag to 2026-04-24T00:00:00+00:00, run_after=2026-04-25T00:00:00+00:00
[2026-04-25T08:08:56.447+0000] {processor.py:208} INFO - Processing /opt/airflow/dags/system_dag.py took 0.204 seconds
[2026-04-25T08:09:27.108+0000] {processor.py:186} INFO - Started process (PID=623) to work on /opt/airflow/dags/system_dag.py
[2026-04-25T08:09:27.109+0000] {processor.py:914} INFO - Processing file /opt/airflow/dags/system_dag.py for tasks to queue
[2026-04-25T08:09:27.111+0000] {logging_mixin.py:190} INFO - [2026-04-25T08:09:27.111+0000] {dagbag.py:588} INFO - Filling up the DagBag from /opt/airflow/dags/system_dag.py
[2026-04-25T08:09:27.138+0000] {processor.py:925} INFO - DAG(s) 'system_dag' retrieved from /opt/airflow/dags/system_dag.py
[2026-04-25T08:09:27.187+0000] {logging_mixin.py:190} INFO - [2026-04-25T08:09:27.187+0000] {dag.py:3239} INFO - Sync 1 DAGs
[2026-04-25T08:09:27.226+0000] {logging_mixin.py:190} INFO - [2026-04-25T08:09:27.226+0000] {dag.py:4180} INFO - Setting next_dagrun for system_dag to 2026-04-24T00:00:00+00:00, run_after=2026-04-25T00:00:00+00:00
[2026-04-25T08:09:27.272+0000] {processor.py:208} INFO - Processing /opt/airflow/dags/system_dag.py took 0.173 seconds
[2026-04-25T08:09:58.021+0000] {processor.py:186} INFO - Started process (PID=627) to work on /opt/airflow/dags/system_dag.py
[2026-04-25T08:09:58.022+0000] {processor.py:914} INFO - Processing file /opt/airflow/dags/system_dag.py for tasks to queue
[2026-04-25T08:09:58.024+0000] {logging_mixin.py:190} INFO - [2026-04-25T08:09:58.023+0000] {dagbag.py:588} INFO - Filling up the DagBag from /opt/airflow/dags/system_dag.py
[2026-04-25T08:09:58.053+0000] {processor.py:925} INFO - DAG(s) 'system_dag' retrieved from /opt/airflow/dags/system_dag.py
[2026-04-25T08:09:58.106+0000] {logging_mixin.py:190} INFO - [2026-04-25T08:09:58.105+0000] {dag.py:3239} INFO - Sync 1 DAGs
[2026-04-25T08:09:58.158+0000] {logging_mixin.py:190} INFO - [2026-04-25T08:09:58.157+0000] {dag.py:4180} INFO - Setting next_dagrun for system_dag to 2026-04-24T00:00:00+00:00, run_after=2026-04-25T00:00:00+00:00
[2026-04-25T08:09:58.199+0000] {processor.py:208} INFO - Processing /opt/airflow/dags/system_dag.py took 0.185 seconds
[2026-04-25T08:10:28.988+0000] {processor.py:186} INFO - Started process (PID=631) to work on /opt/airflow/dags/system_dag.py
[2026-04-25T08:10:28.989+0000] {processor.py:914} INFO - Processing file /opt/airflow/dags/system_dag.py for tasks to queue
[2026-04-25T08:10:28.990+0000] {logging_mixin.py:190} INFO - [2026-04-25T08:10:28.990+0000] {dagbag.py:588} INFO - Filling up the DagBag from /opt/airflow/dags/system_dag.py
[2026-04-25T08:10:29.007+0000] {processor.py:925} INFO - DAG(s) 'system_dag' retrieved from /opt/airflow/dags/system_dag.py
[2026-04-25T08:10:29.052+0000] {logging_mixin.py:190} INFO - [2026-04-25T08:10:29.052+0000] {dag.py:3239} INFO - Sync 1 DAGs
[2026-04-25T08:10:29.090+0000] {logging_mixin.py:190} INFO - [2026-04-25T08:10:29.090+0000] {dag.py:4180} INFO - Setting next_dagrun for system_dag to 2026-04-24T00:00:00+00:00, run_after=2026-04-25T00:00:00+00:00
[2026-04-25T08:10:29.129+0000] {processor.py:208} INFO - Processing /opt/airflow/dags/system_dag.py took 0.148 seconds
[2026-04-25T08:10:59.889+0000] {processor.py:186} INFO - Started process (PID=635) to work on /opt/airflow/dags/system_dag.py
[2026-04-25T08:10:59.891+0000] {processor.py:914} INFO - Processing file /opt/airflow/dags/system_dag.py for tasks to queue
[2026-04-25T08:10:59.892+0000] {logging_mixin.py:190} INFO - [2026-04-25T08:10:59.892+0000] {dagbag.py:588} INFO - Filling up the DagBag from /opt/airflow/dags/system_dag.py
[2026-04-25T08:10:59.911+0000] {processor.py:925} INFO - DAG(s) 'system_dag' retrieved from /opt/airflow/dags/system_dag.py
[2026-04-25T08:10:59.954+0000] {logging_mixin.py:190} INFO - [2026-04-25T08:10:59.954+0000] {dag.py:3239} INFO - Sync 1 DAGs
[2026-04-25T08:10:59.991+0000] {logging_mixin.py:190} INFO - [2026-04-25T08:10:59.991+0000] {dag.py:4180} INFO - Setting next_dagrun for system_dag to 2026-04-24T00:00:00+00:00, run_after=2026-04-25T00:00:00+00:00
[2026-04-25T08:11:00.036+0000] {processor.py:208} INFO - Processing /opt/airflow/dags/system_dag.py took 0.154 seconds
[2026-04-25T08:11:30.892+0000] {processor.py:186} INFO - Started process (PID=639) to work on /opt/airflow/dags/system_dag.py
[2026-04-25T08:11:30.893+0000] {processor.py:914} INFO - Processing file /opt/airflow/dags/system_dag.py for tasks to queue
[2026-04-25T08:11:30.894+0000] {logging_mixin.py:190} INFO - [2026-04-25T08:11:30.894+0000] {dagbag.py:588} INFO - Filling up the DagBag from /opt/airflow/dags/system_dag.py
[2026-04-25T08:11:30.912+0000] {processor.py:925} INFO - DAG(s) 'system_dag' retrieved from /opt/airflow/dags/system_dag.py
[2026-04-25T08:11:30.953+0000] {logging_mixin.py:190} INFO - [2026-04-25T08:11:30.953+0000] {dag.py:3239} INFO - Sync 1 DAGs
[2026-04-25T08:11:30.989+0000] {logging_mixin.py:190} INFO - [2026-04-25T08:11:30.989+0000] {dag.py:4180} INFO - Setting next_dagrun for system_dag to 2026-04-24T00:00:00+00:00, run_after=2026-04-25T00:00:00+00:00
[2026-04-25T08:11:31.035+0000] {processor.py:208} INFO - Processing /opt/airflow/dags/system_dag.py took 0.150 seconds
[2026-04-25T08:12:01.915+0000] {processor.py:186} INFO - Started process (PID=643) to work on /opt/airflow/dags/system_dag.py
[2026-04-25T08:12:01.916+0000] {processor.py:914} INFO - Processing file /opt/airflow/dags/system_dag.py for tasks to queue
[2026-04-25T08:12:01.918+0000] {logging_mixin.py:190} INFO - [2026-04-25T08:12:01.918+0000] {dagbag.py:588} INFO - Filling up the DagBag from /opt/airflow/dags/system_dag.py
[2026-04-25T08:12:01.938+0000] {processor.py:925} INFO - DAG(s) 'system_dag' retrieved from /opt/airflow/dags/system_dag.py
[2026-04-25T08:12:01.985+0000] {logging_mixin.py:190} INFO - [2026-04-25T08:12:01.985+0000] {dag.py:3239} INFO - Sync 1 DAGs
[2026-04-25T08:12:02.034+0000] {logging_mixin.py:190} INFO - [2026-04-25T08:12:02.034+0000] {dag.py:4180} INFO - Setting next_dagrun for system_dag to 2026-04-24T00:00:00+00:00, run_after=2026-04-25T00:00:00+00:00
[2026-04-25T08:12:02.077+0000] {processor.py:208} INFO - Processing /opt/airflow/dags/system_dag.py took 0.168 seconds
[2026-04-25T08:12:32.804+0000] {processor.py:186} INFO - Started process (PID=647) to work on /opt/airflow/dags/system_dag.py
[2026-04-25T08:12:32.805+0000] {processor.py:914} INFO - Processing file /opt/airflow/dags/system_dag.py for tasks to queue
[2026-04-25T08:12:32.807+0000] {logging_mixin.py:190} INFO - [2026-04-25T08:12:32.806+0000] {dagbag.py:588} INFO - Filling up the DagBag from /opt/airflow/dags/system_dag.py
[2026-04-25T08:12:32.824+0000] {processor.py:925} INFO - DAG(s) 'system_dag' retrieved from /opt/airflow/dags/system_dag.py
[2026-04-25T08:12:32.862+0000] {logging_mixin.py:190} INFO - [2026-04-25T08:12:32.862+0000] {dag.py:3239} INFO - Sync 1 DAGs
[2026-04-25T08:12:32.903+0000] {logging_mixin.py:190} INFO - [2026-04-25T08:12:32.903+0000] {dag.py:4180} INFO - Setting next_dagrun for system_dag to 2026-04-24T00:00:00+00:00, run_after=2026-04-25T00:00:00+00:00
[2026-04-25T08:12:32.936+0000] {processor.py:208} INFO - Processing /opt/airflow/dags/system_dag.py took 0.138 seconds
[2026-04-25T08:13:03.880+0000] {processor.py:186} INFO - Started process (PID=651) to work on /opt/airflow/dags/system_dag.py
[2026-04-25T08:13:03.883+0000] {processor.py:914} INFO - Processing file /opt/airflow/dags/system_dag.py for tasks to queue
[2026-04-25T08:13:03.885+0000] {logging_mixin.py:190} INFO - [2026-04-25T08:13:03.884+0000] {dagbag.py:588} INFO - Filling up the DagBag from /opt/airflow/dags/system_dag.py
[2026-04-25T08:13:03.904+0000] {processor.py:925} INFO - DAG(s) 'system_dag' retrieved from /opt/airflow/dags/system_dag.py
[2026-04-25T08:13:03.945+0000] {logging_mixin.py:190} INFO - [2026-04-25T08:13:03.945+0000] {dag.py:3239} INFO - Sync 1 DAGs
[2026-04-25T08:13:03.980+0000] {logging_mixin.py:190} INFO - [2026-04-25T08:13:03.980+0000] {dag.py:4180} INFO - Setting next_dagrun for system_dag to 2026-04-24T00:00:00+00:00, run_after=2026-04-25T00:00:00+00:00
[2026-04-25T08:13:04.012+0000] {processor.py:208} INFO - Processing /opt/airflow/dags/system_dag.py took 0.138 seconds
[2026-04-25T08:13:34.698+0000] {processor.py:186} INFO - Started process (PID=655) to work on /opt/airflow/dags/system_dag.py
[2026-04-25T08:13:34.699+0000] {processor.py:914} INFO - Processing file /opt/airflow/dags/system_dag.py for tasks to queue
[2026-04-25T08:13:34.700+0000] {logging_mixin.py:190} INFO - [2026-04-25T08:13:34.700+0000] {dagbag.py:588} INFO - Filling up the DagBag from /opt/airflow/dags/system_dag.py
[2026-04-25T08:13:34.718+0000] {processor.py:925} INFO - DAG(s) 'system_dag' retrieved from /opt/airflow/dags/system_dag.py
[2026-04-25T08:13:34.759+0000] {logging_mixin.py:190} INFO - [2026-04-25T08:13:34.759+0000] {dag.py:3239} INFO - Sync 1 DAGs
[2026-04-25T08:13:34.797+0000] {logging_mixin.py:190} INFO - [2026-04-25T08:13:34.797+0000] {dag.py:4180} INFO - Setting next_dagrun for system_dag to 2026-04-24T00:00:00+00:00, run_after=2026-04-25T00:00:00+00:00
[2026-04-25T08:13:34.831+0000] {processor.py:208} INFO - Processing /opt/airflow/dags/system_dag.py took 0.140 seconds
[2026-04-25T08:14:05.608+0000] {processor.py:186} INFO - Started process (PID=659) to work on /opt/airflow/dags/system_dag.py
[2026-04-25T08:14:05.609+0000] {processor.py:914} INFO - Processing file /opt/airflow/dags/system_dag.py for tasks to queue
[2026-04-25T08:14:05.611+0000] {logging_mixin.py:190} INFO - [2026-04-25T08:14:05.611+0000] {dagbag.py:588} INFO - Filling up the DagBag from /opt/airflow/dags/system_dag.py
[2026-04-25T08:14:05.633+0000] {processor.py:925} INFO - DAG(s) 'system_dag' retrieved from /opt/airflow/dags/system_dag.py
[2026-04-25T08:14:05.678+0000] {logging_mixin.py:190} INFO - [2026-04-25T08:14:05.678+0000] {dag.py:3239} INFO - Sync 1 DAGs
[2026-04-25T08:14:05.715+0000] {logging_mixin.py:190} INFO - [2026-04-25T08:14:05.715+0000] {dag.py:4180} INFO - Setting next_dagrun for system_dag to 2026-04-24T00:00:00+00:00, run_after=2026-04-25T00:00:00+00:00
[2026-04-25T08:14:05.751+0000] {processor.py:208} INFO - Processing /opt/airflow/dags/system_dag.py took 0.151 seconds
[2026-04-25T08:14:36.438+0000] {processor.py:186} INFO - Started process (PID=663) to work on /opt/airflow/dags/system_dag.py
[2026-04-25T08:14:36.439+0000] {processor.py:914} INFO - Processing file /opt/airflow/dags/system_dag.py for tasks to queue
[2026-04-25T08:14:36.440+0000] {logging_mixin.py:190} INFO - [2026-04-25T08:14:36.440+0000] {dagbag.py:588} INFO - Filling up the DagBag from /opt/airflow/dags/system_dag.py
[2026-04-25T08:14:36.464+0000] {processor.py:925} INFO - DAG(s) 'system_dag' retrieved from /opt/airflow/dags/system_dag.py
[2026-04-25T08:14:36.517+0000] {logging_mixin.py:190} INFO - [2026-04-25T08:14:36.516+0000] {dag.py:3239} INFO - Sync 1 DAGs
[2026-04-25T08:14:36.561+0000] {logging_mixin.py:190} INFO - [2026-04-25T08:14:36.561+0000] {dag.py:4180} INFO - Setting next_dagrun for system_dag to 2026-04-24T00:00:00+00:00, run_after=2026-04-25T00:00:00+00:00
[2026-04-25T08:14:36.597+0000] {processor.py:208} INFO - Processing /opt/airflow/dags/system_dag.py took 0.168 seconds
[2026-04-25T08:15:07.353+0000] {processor.py:186} INFO - Started process (PID=667) to work on /opt/airflow/dags/system_dag.py
[2026-04-25T08:15:07.354+0000] {processor.py:914} INFO - Processing file /opt/airflow/dags/system_dag.py for tasks to queue
[2026-04-25T08:15:07.355+0000] {logging_mixin.py:190} INFO - [2026-04-25T08:15:07.355+0000] {dagbag.py:588} INFO - Filling up the DagBag from /opt/airflow/dags/system_dag.py
[2026-04-25T08:15:07.372+0000] {processor.py:925} INFO - DAG(s) 'system_dag' retrieved from /opt/airflow/dags/system_dag.py
[2026-04-25T08:15:07.411+0000] {logging_mixin.py:190} INFO - [2026-04-25T08:15:07.411+0000] {dag.py:3239} INFO - Sync 1 DAGs
[2026-04-25T08:15:07.449+0000] {logging_mixin.py:190} INFO - [2026-04-25T08:15:07.448+0000] {dag.py:4180} INFO - Setting next_dagrun for system_dag to 2026-04-24T00:00:00+00:00, run_after=2026-04-25T00:00:00+00:00
[2026-04-25T08:15:07.492+0000] {processor.py:208} INFO - Processing /opt/airflow/dags/system_dag.py took 0.145 seconds
[2026-04-25T08:15:38.351+0000] {processor.py:186} INFO - Started process (PID=671) to work on /opt/airflow/dags/system_dag.py
[2026-04-25T08:15:38.352+0000] {processor.py:914} INFO - Processing file /opt/airflow/dags/system_dag.py for tasks to queue
[2026-04-25T08:15:38.353+0000] {logging_mixin.py:190} INFO - [2026-04-25T08:15:38.353+0000] {dagbag.py:588} INFO - Filling up the DagBag from /opt/airflow/dags/system_dag.py
[2026-04-25T08:15:38.371+0000] {processor.py:925} INFO - DAG(s) 'system_dag' retrieved from /opt/airflow/dags/system_dag.py
[2026-04-25T08:15:38.414+0000] {logging_mixin.py:190} INFO - [2026-04-25T08:15:38.414+0000] {dag.py:3239} INFO - Sync 1 DAGs
[2026-04-25T08:15:38.450+0000] {logging_mixin.py:190} INFO - [2026-04-25T08:15:38.450+0000] {dag.py:4180} INFO - Setting next_dagrun for system_dag to 2026-04-24T00:00:00+00:00, run_after=2026-04-25T00:00:00+00:00
[2026-04-25T08:15:38.482+0000] {processor.py:208} INFO - Processing /opt/airflow/dags/system_dag.py took 0.138 seconds
[2026-04-25T08:16:09.281+0000] {processor.py:186} INFO - Started process (PID=675) to work on /opt/airflow/dags/system_dag.py
[2026-04-25T08:16:09.282+0000] {processor.py:914} INFO - Processing file /opt/airflow/dags/system_dag.py for tasks to queue
[2026-04-25T08:16:09.283+0000] {logging_mixin.py:190} INFO - [2026-04-25T08:16:09.283+0000] {dagbag.py:588} INFO - Filling up the DagBag from /opt/airflow/dags/system_dag.py
[2026-04-25T08:16:09.300+0000] {processor.py:925} INFO - DAG(s) 'system_dag' retrieved from /opt/airflow/dags/system_dag.py
[2026-04-25T08:16:09.347+0000] {logging_mixin.py:190} INFO - [2026-04-25T08:16:09.346+0000] {dag.py:3239} INFO - Sync 1 DAGs
[2026-04-25T08:16:09.390+0000] {logging_mixin.py:190} INFO - [2026-04-25T08:16:09.390+0000] {dag.py:4180} INFO - Setting next_dagrun for system_dag to 2026-04-24T00:00:00+00:00, run_after=2026-04-25T00:00:00+00:00
[2026-04-25T08:16:09.436+0000] {processor.py:208} INFO - Processing /opt/airflow/dags/system_dag.py took 0.160 seconds
[2026-04-25T08:16:40.295+0000] {processor.py:186} INFO - Started process (PID=679) to work on /opt/airflow/dags/system_dag.py
[2026-04-25T08:16:40.295+0000] {processor.py:914} INFO - Processing file /opt/airflow/dags/system_dag.py for tasks to queue
[2026-04-25T08:16:40.296+0000] {logging_mixin.py:190} INFO - [2026-04-25T08:16:40.296+0000] {dagbag.py:588} INFO - Filling up the DagBag from /opt/airflow/dags/system_dag.py
[2026-04-25T08:16:40.314+0000] {processor.py:925} INFO - DAG(s) 'system_dag' retrieved from /opt/airflow/dags/system_dag.py
[2026-04-25T08:16:40.355+0000] {logging_mixin.py:190} INFO - [2026-04-25T08:16:40.355+0000] {dag.py:3239} INFO - Sync 1 DAGs
[2026-04-25T08:16:40.394+0000] {logging_mixin.py:190} INFO - [2026-04-25T08:16:40.394+0000] {dag.py:4180} INFO - Setting next_dagrun for system_dag to 2026-04-24T00:00:00+00:00, run_after=2026-04-25T00:00:00+00:00
[2026-04-25T08:16:40.429+0000] {processor.py:208} INFO - Processing /opt/airflow/dags/system_dag.py took 0.141 seconds
[2026-04-25T08:17:11.347+0000] {processor.py:186} INFO - Started process (PID=683) to work on /opt/airflow/dags/system_dag.py
[2026-04-25T08:17:11.347+0000] {processor.py:914} INFO - Processing file /opt/airflow/dags/system_dag.py for tasks to queue
[2026-04-25T08:17:11.348+0000] {logging_mixin.py:190} INFO - [2026-04-25T08:17:11.348+0000] {dagbag.py:588} INFO - Filling up the DagBag from /opt/airflow/dags/system_dag.py
[2026-04-25T08:17:11.367+0000] {processor.py:925} INFO - DAG(s) 'system_dag' retrieved from /opt/airflow/dags/system_dag.py
[2026-04-25T08:17:11.406+0000] {logging_mixin.py:190} INFO - [2026-04-25T08:17:11.405+0000] {dag.py:3239} INFO - Sync 1 DAGs
[2026-04-25T08:17:11.444+0000] {logging_mixin.py:190} INFO - [2026-04-25T08:17:11.443+0000] {dag.py:4180} INFO - Setting next_dagrun for system_dag to 2026-04-24T00:00:00+00:00, run_after=2026-04-25T00:00:00+00:00
[2026-04-25T08:17:11.475+0000] {processor.py:208} INFO - Processing /opt/airflow/dags/system_dag.py took 0.135 seconds
[2026-04-25T08:17:42.375+0000] {processor.py:186} INFO - Started process (PID=687) to work on /opt/airflow/dags/system_dag.py
[2026-04-25T08:17:42.375+0000] {processor.py:914} INFO - Processing file /opt/airflow/dags/system_dag.py for tasks to queue
[2026-04-25T08:17:42.376+0000] {logging_mixin.py:190} INFO - [2026-04-25T08:17:42.376+0000] {dagbag.py:588} INFO - Filling up the DagBag from /opt/airflow/dags/system_dag.py
[2026-04-25T08:17:42.396+0000] {processor.py:925} INFO - DAG(s) 'system_dag' retrieved from /opt/airflow/dags/system_dag.py
[2026-04-25T08:17:42.444+0000] {logging_mixin.py:190} INFO - [2026-04-25T08:17:42.444+0000] {dag.py:3239} INFO - Sync 1 DAGs
[2026-04-25T08:17:42.492+0000] {logging_mixin.py:190} INFO - [2026-04-25T08:17:42.492+0000] {dag.py:4180} INFO - Setting next_dagrun for system_dag to 2026-04-24T00:00:00+00:00, run_after=2026-04-25T00:00:00+00:00
[2026-04-25T08:17:42.535+0000] {processor.py:208} INFO - Processing /opt/airflow/dags/system_dag.py took 0.167 seconds
[2026-04-25T08:18:13.408+0000] {processor.py:186} INFO - Started process (PID=691) to work on /opt/airflow/dags/system_dag.py
[2026-04-25T08:18:13.409+0000] {processor.py:914} INFO - Processing file /opt/airflow/dags/system_dag.py for tasks to queue
[2026-04-25T08:18:13.411+0000] {logging_mixin.py:190} INFO - [2026-04-25T08:18:13.411+0000] {dagbag.py:588} INFO - Filling up the DagBag from /opt/airflow/dags/system_dag.py
[2026-04-25T08:18:13.433+0000] {processor.py:925} INFO - DAG(s) 'system_dag' retrieved from /opt/airflow/dags/system_dag.py
[2026-04-25T08:18:13.474+0000] {logging_mixin.py:190} INFO - [2026-04-25T08:18:13.473+0000] {dag.py:3239} INFO - Sync 1 DAGs
[2026-04-25T08:18:13.513+0000] {logging_mixin.py:190} INFO - [2026-04-25T08:18:13.513+0000] {dag.py:4180} INFO - Setting next_dagrun for system_dag to 2026-04-24T00:00:00+00:00, run_after=2026-04-25T00:00:00+00:00
[2026-04-25T08:18:13.553+0000] {processor.py:208} INFO - Processing /opt/airflow/dags/system_dag.py took 0.152 seconds
[2026-04-25T08:18:44.241+0000] {processor.py:186} INFO - Started process (PID=695) to work on /opt/airflow/dags/system_dag.py
[2026-04-25T08:18:44.242+0000] {processor.py:914} INFO - Processing file /opt/airflow/dags/system_dag.py for tasks to queue
[2026-04-25T08:18:44.243+0000] {logging_mixin.py:190} INFO - [2026-04-25T08:18:44.243+0000] {dagbag.py:588} INFO - Filling up the DagBag from /opt/airflow/dags/system_dag.py
[2026-04-25T08:18:44.263+0000] {processor.py:925} INFO - DAG(s) 'system_dag' retrieved from /opt/airflow/dags/system_dag.py
[2026-04-25T08:18:44.307+0000] {logging_mixin.py:190} INFO - [2026-04-25T08:18:44.307+0000] {dag.py:3239} INFO - Sync 1 DAGs
[2026-04-25T08:18:44.344+0000] {logging_mixin.py:190} INFO - [2026-04-25T08:18:44.344+0000] {dag.py:4180} INFO - Setting next_dagrun for system_dag to 2026-04-24T00:00:00+00:00, run_after=2026-04-25T00:00:00+00:00
[2026-04-25T08:18:44.376+0000] {processor.py:208} INFO - Processing /opt/airflow/dags/system_dag.py took 0.140 seconds
[2026-04-25T08:19:15.282+0000] {processor.py:186} INFO - Started process (PID=699) to work on /opt/airflow/dags/system_dag.py
[2026-04-25T08:19:15.283+0000] {processor.py:914} INFO - Processing file /opt/airflow/dags/system_dag.py for tasks to queue
[2026-04-25T08:19:15.284+0000] {logging_mixin.py:190} INFO - [2026-04-25T08:19:15.284+0000] {dagbag.py:588} INFO - Filling up the DagBag from /opt/airflow/dags/system_dag.py
[2026-04-25T08:19:15.303+0000] {processor.py:925} INFO - DAG(s) 'system_dag' retrieved from /opt/airflow/dags/system_dag.py
[2026-04-25T08:19:15.342+0000] {logging_mixin.py:190} INFO - [2026-04-25T08:19:15.342+0000] {dag.py:3239} INFO - Sync 1 DAGs
[2026-04-25T08:19:15.381+0000] {logging_mixin.py:190} INFO - [2026-04-25T08:19:15.380+0000] {dag.py:4180} INFO - Setting next_dagrun for system_dag to 2026-04-24T00:00:00+00:00, run_after=2026-04-25T00:00:00+00:00
[2026-04-25T08:19:15.412+0000] {processor.py:208} INFO - Processing /opt/airflow/dags/system_dag.py took 0.138 seconds
[2026-04-25T08:19:46.218+0000] {processor.py:186} INFO - Started process (PID=703) to work on /opt/airflow/dags/system_dag.py
[2026-04-25T08:19:46.219+0000] {processor.py:914} INFO - Processing file /opt/airflow/dags/system_dag.py for tasks to queue
[2026-04-25T08:19:46.220+0000] {logging_mixin.py:190} INFO - [2026-04-25T08:19:46.220+0000] {dagbag.py:588} INFO - Filling up the DagBag from /opt/airflow/dags/system_dag.py
[2026-04-25T08:19:46.244+0000] {processor.py:925} INFO - DAG(s) 'system_dag' retrieved from /opt/airflow/dags/system_dag.py
[2026-04-25T08:19:46.289+0000] {logging_mixin.py:190} INFO - [2026-04-25T08:19:46.289+0000] {dag.py:3239} INFO - Sync 1 DAGs
[2026-04-25T08:19:46.329+0000] {logging_mixin.py:190} INFO - [2026-04-25T08:19:46.329+0000] {dag.py:4180} INFO - Setting next_dagrun for system_dag to 2026-04-24T00:00:00+00:00, run_after=2026-04-25T00:00:00+00:00
[2026-04-25T08:19:46.373+0000] {processor.py:208} INFO - Processing /opt/airflow/dags/system_dag.py took 0.163 seconds
[2026-04-25T08:20:17.243+0000] {processor.py:186} INFO - Started process (PID=707) to work on /opt/airflow/dags/system_dag.py
[2026-04-25T08:20:17.244+0000] {processor.py:914} INFO - Processing file /opt/airflow/dags/system_dag.py for tasks to queue
[2026-04-25T08:20:17.246+0000] {logging_mixin.py:190} INFO - [2026-04-25T08:20:17.246+0000] {dagbag.py:588} INFO - Filling up the DagBag from /opt/airflow/dags/system_dag.py
[2026-04-25T08:20:17.267+0000] {processor.py:925} INFO - DAG(s) 'system_dag' retrieved from /opt/airflow/dags/system_dag.py
[2026-04-25T08:20:17.314+0000] {logging_mixin.py:190} INFO - [2026-04-25T08:20:17.314+0000] {dag.py:3239} INFO - Sync 1 DAGs
[2026-04-25T08:20:17.353+0000] {logging_mixin.py:190} INFO - [2026-04-25T08:20:17.353+0000] {dag.py:4180} INFO - Setting next_dagrun for system_dag to 2026-04-24T00:00:00+00:00, run_after=2026-04-25T00:00:00+00:00
[2026-04-25T08:20:17.385+0000] {processor.py:208} INFO - Processing /opt/airflow/dags/system_dag.py took 0.148 seconds
[2026-04-25T08:20:48.259+0000] {processor.py:186} INFO - Started process (PID=711) to work on /opt/airflow/dags/system_dag.py
[2026-04-25T08:20:48.260+0000] {processor.py:914} INFO - Processing file /opt/airflow/dags/system_dag.py for tasks to queue
[2026-04-25T08:20:48.261+0000] {logging_mixin.py:190} INFO - [2026-04-25T08:20:48.260+0000] {dagbag.py:588} INFO - Filling up the DagBag from /opt/airflow/dags/system_dag.py
[2026-04-25T08:20:48.279+0000] {processor.py:925} INFO - DAG(s) 'system_dag' retrieved from /opt/airflow/dags/system_dag.py
[2026-04-25T08:20:48.320+0000] {logging_mixin.py:190} INFO - [2026-04-25T08:20:48.320+0000] {dag.py:3239} INFO - Sync 1 DAGs
[2026-04-25T08:20:48.354+0000] {logging_mixin.py:190} INFO - [2026-04-25T08:20:48.354+0000] {dag.py:4180} INFO - Setting next_dagrun for system_dag to 2026-04-24T00:00:00+00:00, run_after=2026-04-25T00:00:00+00:00
[2026-04-25T08:20:48.386+0000] {processor.py:208} INFO - Processing /opt/airflow/dags/system_dag.py took 0.132 seconds
[2026-04-25T08:21:19.171+0000] {processor.py:186} INFO - Started process (PID=715) to work on /opt/airflow/dags/system_dag.py
[2026-04-25T08:21:19.172+0000] {processor.py:914} INFO - Processing file /opt/airflow/dags/system_dag.py for tasks to queue
[2026-04-25T08:21:19.173+0000] {logging_mixin.py:190} INFO - [2026-04-25T08:21:19.173+0000] {dagbag.py:588} INFO - Filling up the DagBag from /opt/airflow/dags/system_dag.py
[2026-04-25T08:21:19.191+0000] {processor.py:925} INFO - DAG(s) 'system_dag' retrieved from /opt/airflow/dags/system_dag.py
[2026-04-25T08:21:19.235+0000] {logging_mixin.py:190} INFO - [2026-04-25T08:21:19.235+0000] {dag.py:3239} INFO - Sync 1 DAGs
[2026-04-25T08:21:19.274+0000] {logging_mixin.py:190} INFO - [2026-04-25T08:21:19.273+0000] {dag.py:4180} INFO - Setting next_dagrun for system_dag to 2026-04-24T00:00:00+00:00, run_after=2026-04-25T00:00:00+00:00
[2026-04-25T08:21:19.376+0000] {processor.py:208} INFO - Processing /opt/airflow/dags/system_dag.py took 0.211 seconds
[2026-04-25T08:21:50.225+0000] {processor.py:186} INFO - Started process (PID=719) to work on /opt/airflow/dags/system_dag.py
[2026-04-25T08:21:50.226+0000] {processor.py:914} INFO - Processing file /opt/airflow/dags/system_dag.py for tasks to queue
[2026-04-25T08:21:50.227+0000] {logging_mixin.py:190} INFO - [2026-04-25T08:21:50.227+0000] {dagbag.py:588} INFO - Filling up the DagBag from /opt/airflow/dags/system_dag.py
[2026-04-25T08:21:50.249+0000] {processor.py:925} INFO - DAG(s) 'system_dag' retrieved from /opt/airflow/dags/system_dag.py
[2026-04-25T08:21:50.308+0000] {logging_mixin.py:190} INFO - [2026-04-25T08:21:50.307+0000] {dag.py:3239} INFO - Sync 1 DAGs
[2026-04-25T08:21:50.347+0000] {logging_mixin.py:190} INFO - [2026-04-25T08:21:50.347+0000] {dag.py:4180} INFO - Setting next_dagrun for system_dag to 2026-04-24T00:00:00+00:00, run_after=2026-04-25T00:00:00+00:00
[2026-04-25T08:21:50.389+0000] {processor.py:208} INFO - Processing /opt/airflow/dags/system_dag.py took 0.172 seconds
[2026-04-25T08:22:21.106+0000] {processor.py:186} INFO - Started process (PID=723) to work on /opt/airflow/dags/system_dag.py
[2026-04-25T08:22:21.107+0000] {processor.py:914} INFO - Processing file /opt/airflow/dags/system_dag.py for tasks to queue
[2026-04-25T08:22:21.110+0000] {logging_mixin.py:190} INFO - [2026-04-25T08:22:21.109+0000] {dagbag.py:588} INFO - Filling up the DagBag from /opt/airflow/dags/system_dag.py
[2026-04-25T08:22:21.130+0000] {processor.py:925} INFO - DAG(s) 'system_dag' retrieved from /opt/airflow/dags/system_dag.py
[2026-04-25T08:22:21.172+0000] {logging_mixin.py:190} INFO - [2026-04-25T08:22:21.172+0000] {dag.py:3239} INFO - Sync 1 DAGs
[2026-04-25T08:22:21.212+0000] {logging_mixin.py:190} INFO - [2026-04-25T08:22:21.212+0000] {dag.py:4180} INFO - Setting next_dagrun for system_dag to 2026-04-24T00:00:00+00:00, run_after=2026-04-25T00:00:00+00:00
[2026-04-25T08:22:21.248+0000] {processor.py:208} INFO - Processing /opt/airflow/dags/system_dag.py took 0.148 seconds
[2026-04-25T08:22:52.140+0000] {processor.py:186} INFO - Started process (PID=727) to work on /opt/airflow/dags/system_dag.py
[2026-04-25T08:22:52.141+0000] {processor.py:914} INFO - Processing file /opt/airflow/dags/system_dag.py for tasks to queue
[2026-04-25T08:22:52.142+0000] {logging_mixin.py:190} INFO - [2026-04-25T08:22:52.141+0000] {dagbag.py:588} INFO - Filling up the DagBag from /opt/airflow/dags/system_dag.py
[2026-04-25T08:22:52.160+0000] {processor.py:925} INFO - DAG(s) 'system_dag' retrieved from /opt/airflow/dags/system_dag.py
[2026-04-25T08:22:52.199+0000] {logging_mixin.py:190} INFO - [2026-04-25T08:22:52.199+0000] {dag.py:3239} INFO - Sync 1 DAGs
[2026-04-25T08:22:52.234+0000] {logging_mixin.py:190} INFO - [2026-04-25T08:22:52.234+0000] {dag.py:4180} INFO - Setting next_dagrun for system_dag to 2026-04-24T00:00:00+00:00, run_after=2026-04-25T00:00:00+00:00
[2026-04-25T08:22:52.265+0000] {processor.py:208} INFO - Processing /opt/airflow/dags/system_dag.py took 0.130 seconds
[2026-04-25T08:23:23.256+0000] {processor.py:186} INFO - Started process (PID=731) to work on /opt/airflow/dags/system_dag.py
[2026-04-25T08:23:23.260+0000] {processor.py:914} INFO - Processing file /opt/airflow/dags/system_dag.py for tasks to queue
[2026-04-25T08:23:23.262+0000] {logging_mixin.py:190} INFO - [2026-04-25T08:23:23.261+0000] {dagbag.py:588} INFO - Filling up the DagBag from /opt/airflow/dags/system_dag.py
[2026-04-25T08:23:23.280+0000] {processor.py:925} INFO - DAG(s) 'system_dag' retrieved from /opt/airflow/dags/system_dag.py
[2026-04-25T08:23:23.317+0000] {logging_mixin.py:190} INFO - [2026-04-25T08:23:23.316+0000] {dag.py:3239} INFO - Sync 1 DAGs
[2026-04-25T08:23:23.369+0000] {logging_mixin.py:190} INFO - [2026-04-25T08:23:23.368+0000] {dag.py:4180} INFO - Setting next_dagrun for system_dag to 2026-04-24T00:00:00+00:00, run_after=2026-04-25T00:00:00+00:00
[2026-04-25T08:23:23.431+0000] {processor.py:208} INFO - Processing /opt/airflow/dags/system_dag.py took 0.181 seconds
[2026-04-25T08:23:54.170+0000] {processor.py:186} INFO - Started process (PID=735) to work on /opt/airflow/dags/system_dag.py
[2026-04-25T08:23:54.171+0000] {processor.py:914} INFO - Processing file /opt/airflow/dags/system_dag.py for tasks to queue
[2026-04-25T08:23:54.172+0000] {logging_mixin.py:190} INFO - [2026-04-25T08:23:54.172+0000] {dagbag.py:588} INFO - Filling up the DagBag from /opt/airflow/dags/system_dag.py
[2026-04-25T08:23:54.191+0000] {processor.py:925} INFO - DAG(s) 'system_dag' retrieved from /opt/airflow/dags/system_dag.py
[2026-04-25T08:23:54.230+0000] {logging_mixin.py:190} INFO - [2026-04-25T08:23:54.230+0000] {dag.py:3239} INFO - Sync 1 DAGs
[2026-04-25T08:23:54.270+0000] {logging_mixin.py:190} INFO - [2026-04-25T08:23:54.270+0000] {dag.py:4180} INFO - Setting next_dagrun for system_dag to 2026-04-24T00:00:00+00:00, run_after=2026-04-25T00:00:00+00:00
[2026-04-25T08:23:54.336+0000] {processor.py:208} INFO - Processing /opt/airflow/dags/system_dag.py took 0.170 seconds
[2026-04-25T08:24:25.237+0000] {processor.py:186} INFO - Started process (PID=739) to work on /opt/airflow/dags/system_dag.py
[2026-04-25T08:24:25.237+0000] {processor.py:914} INFO - Processing file /opt/airflow/dags/system_dag.py for tasks to queue
[2026-04-25T08:24:25.239+0000] {logging_mixin.py:190} INFO - [2026-04-25T08:24:25.238+0000] {dagbag.py:588} INFO - Filling up the DagBag from /opt/airflow/dags/system_dag.py
[2026-04-25T08:24:25.263+0000] {processor.py:925} INFO - DAG(s) 'system_dag' retrieved from /opt/airflow/dags/system_dag.py
[2026-04-25T08:24:25.305+0000] {logging_mixin.py:190} INFO - [2026-04-25T08:24:25.305+0000] {dag.py:3239} INFO - Sync 1 DAGs
[2026-04-25T08:24:25.349+0000] {logging_mixin.py:190} INFO - [2026-04-25T08:24:25.349+0000] {dag.py:4180} INFO - Setting next_dagrun for system_dag to 2026-04-24T00:00:00+00:00, run_after=2026-04-25T00:00:00+00:00
[2026-04-25T08:24:25.386+0000] {processor.py:208} INFO - Processing /opt/airflow/dags/system_dag.py took 0.157 seconds
[2026-04-25T08:24:56.047+0000] {processor.py:186} INFO - Started process (PID=743) to work on /opt/airflow/dags/system_dag.py
[2026-04-25T08:24:56.047+0000] {processor.py:914} INFO - Processing file /opt/airflow/dags/system_dag.py for tasks to queue
[2026-04-25T08:24:56.049+0000] {logging_mixin.py:190} INFO - [2026-04-25T08:24:56.048+0000] {dagbag.py:588} INFO - Filling up the DagBag from /opt/airflow/dags/system_dag.py
[2026-04-25T08:24:56.066+0000] {processor.py:925} INFO - DAG(s) 'system_dag' retrieved from /opt/airflow/dags/system_dag.py
[2026-04-25T08:24:56.104+0000] {logging_mixin.py:190} INFO - [2026-04-25T08:24:56.104+0000] {dag.py:3239} INFO - Sync 1 DAGs
[2026-04-25T08:24:56.143+0000] {logging_mixin.py:190} INFO - [2026-04-25T08:24:56.143+0000] {dag.py:4180} INFO - Setting next_dagrun for system_dag to 2026-04-24T00:00:00+00:00, run_after=2026-04-25T00:00:00+00:00
[2026-04-25T08:24:56.178+0000] {processor.py:208} INFO - Processing /opt/airflow/dags/system_dag.py took 0.137 seconds
[2026-04-25T08:25:27.097+0000] {processor.py:186} INFO - Started process (PID=747) to work on /opt/airflow/dags/system_dag.py
[2026-04-25T08:25:27.097+0000] {processor.py:914} INFO - Processing file /opt/airflow/dags/system_dag.py for tasks to queue
[2026-04-25T08:25:27.099+0000] {logging_mixin.py:190} INFO - [2026-04-25T08:25:27.099+0000] {dagbag.py:588} INFO - Filling up the DagBag from /opt/airflow/dags/system_dag.py
[2026-04-25T08:25:27.116+0000] {processor.py:925} INFO - DAG(s) 'system_dag' retrieved from /opt/airflow/dags/system_dag.py
[2026-04-25T08:25:27.156+0000] {logging_mixin.py:190} INFO - [2026-04-25T08:25:27.156+0000] {dag.py:3239} INFO - Sync 1 DAGs
[2026-04-25T08:25:27.192+0000] {logging_mixin.py:190} INFO - [2026-04-25T08:25:27.192+0000] {dag.py:4180} INFO - Setting next_dagrun for system_dag to 2026-04-24T00:00:00+00:00, run_after=2026-04-25T00:00:00+00:00
[2026-04-25T08:25:27.222+0000] {processor.py:208} INFO - Processing /opt/airflow/dags/system_dag.py took 0.131 seconds
[2026-04-25T08:25:57.290+0000] {processor.py:186} INFO - Started process (PID=751) to work on /opt/airflow/dags/system_dag.py
[2026-04-25T08:25:57.291+0000] {processor.py:914} INFO - Processing file /opt/airflow/dags/system_dag.py for tasks to queue
[2026-04-25T08:25:57.294+0000] {logging_mixin.py:190} INFO - [2026-04-25T08:25:57.294+0000] {dagbag.py:588} INFO - Filling up the DagBag from /opt/airflow/dags/system_dag.py
[2026-04-25T08:25:57.314+0000] {processor.py:925} INFO - DAG(s) 'system_dag' retrieved from /opt/airflow/dags/system_dag.py
[2026-04-25T08:25:58.175+0000] {logging_mixin.py:190} INFO - [2026-04-25T08:25:58.175+0000] {dag.py:3239} INFO - Sync 1 DAGs
[2026-04-25T08:25:58.213+0000] {logging_mixin.py:190} INFO - [2026-04-25T08:25:58.213+0000] {dag.py:4180} INFO - Setting next_dagrun for system_dag to 2026-04-24T00:00:00+00:00, run_after=2026-04-25T00:00:00+00:00
[2026-04-25T08:25:58.249+0000] {processor.py:208} INFO - Processing /opt/airflow/dags/system_dag.py took 0.149 seconds
[2026-04-25T08:26:30.169+0000] {processor.py:186} INFO - Started process (PID=755) to work on /opt/airflow/dags/system_dag.py
[2026-04-25T08:26:30.169+0000] {processor.py:914} INFO - Processing file /opt/airflow/dags/system_dag.py for tasks to queue
[2026-04-25T08:26:30.171+0000] {logging_mixin.py:190} INFO - [2026-04-25T08:26:30.170+0000] {dagbag.py:588} INFO - Filling up the DagBag from /opt/airflow/dags/system_dag.py
[2026-04-25T08:26:30.188+0000] {processor.py:925} INFO - DAG(s) 'system_dag' retrieved from /opt/airflow/dags/system_dag.py
[2026-04-25T08:26:30.225+0000] {logging_mixin.py:190} INFO - [2026-04-25T08:26:30.224+0000] {dag.py:3239} INFO - Sync 1 DAGs
[2026-04-25T08:26:30.258+0000] {logging_mixin.py:190} INFO - [2026-04-25T08:26:30.258+0000] {dag.py:4180} INFO - Setting next_dagrun for system_dag to 2026-04-24T00:00:00+00:00, run_after=2026-04-25T00:00:00+00:00
[2026-04-25T08:26:30.293+0000] {processor.py:208} INFO - Processing /opt/airflow/dags/system_dag.py took 0.130 seconds
[2026-04-25T08:27:01.119+0000] {processor.py:186} INFO - Started process (PID=759) to work on /opt/airflow/dags/system_dag.py
[2026-04-25T08:27:01.120+0000] {processor.py:914} INFO - Processing file /opt/airflow/dags/system_dag.py for tasks to queue
[2026-04-25T08:27:01.121+0000] {logging_mixin.py:190} INFO - [2026-04-25T08:27:01.121+0000] {dagbag.py:588} INFO - Filling up the DagBag from /opt/airflow/dags/system_dag.py
[2026-04-25T08:27:01.140+0000] {processor.py:925} INFO - DAG(s) 'system_dag' retrieved from /opt/airflow/dags/system_dag.py
[2026-04-25T08:27:01.178+0000] {logging_mixin.py:190} INFO - [2026-04-25T08:27:01.178+0000] {dag.py:3239} INFO - Sync 1 DAGs
[2026-04-25T08:27:01.212+0000] {logging_mixin.py:190} INFO - [2026-04-25T08:27:01.211+0000] {dag.py:4180} INFO - Setting next_dagrun for system_dag to 2026-04-24T00:00:00+00:00, run_after=2026-04-25T00:00:00+00:00
[2026-04-25T08:27:01.253+0000] {processor.py:208} INFO - Processing /opt/airflow/dags/system_dag.py took 0.139 seconds
[2026-04-25T08:27:33.024+0000] {processor.py:186} INFO - Started process (PID=763) to work on /opt/airflow/dags/system_dag.py
[2026-04-25T08:27:33.025+0000] {processor.py:914} INFO - Processing file /opt/airflow/dags/system_dag.py for tasks to queue
[2026-04-25T08:27:33.027+0000] {logging_mixin.py:190} INFO - [2026-04-25T08:27:33.026+0000] {dagbag.py:588} INFO - Filling up the DagBag from /opt/airflow/dags/system_dag.py
[2026-04-25T08:27:33.044+0000] {processor.py:925} INFO - DAG(s) 'system_dag' retrieved from /opt/airflow/dags/system_dag.py
[2026-04-25T08:27:33.084+0000] {logging_mixin.py:190} INFO - [2026-04-25T08:27:33.084+0000] {dag.py:3239} INFO - Sync 1 DAGs
[2026-04-25T08:27:33.121+0000] {logging_mixin.py:190} INFO - [2026-04-25T08:27:33.121+0000] {dag.py:4180} INFO - Setting next_dagrun for system_dag to 2026-04-24T00:00:00+00:00, run_after=2026-04-25T00:00:00+00:00
[2026-04-25T08:27:33.152+0000] {processor.py:208} INFO - Processing /opt/airflow/dags/system_dag.py took 0.134 seconds
[2026-04-25T08:28:04.054+0000] {processor.py:186} INFO - Started process (PID=767) to work on /opt/airflow/dags/system_dag.py
[2026-04-25T08:28:04.055+0000] {processor.py:914} INFO - Processing file /opt/airflow/dags/system_dag.py for tasks to queue
[2026-04-25T08:28:04.056+0000] {logging_mixin.py:190} INFO - [2026-04-25T08:28:04.056+0000] {dagbag.py:588} INFO - Filling up the DagBag from /opt/airflow/dags/system_dag.py
[2026-04-25T08:28:04.073+0000] {processor.py:925} INFO - DAG(s) 'system_dag' retrieved from /opt/airflow/dags/system_dag.py
[2026-04-25T08:28:04.116+0000] {logging_mixin.py:190} INFO - [2026-04-25T08:28:04.115+0000] {dag.py:3239} INFO - Sync 1 DAGs
[2026-04-25T08:28:04.157+0000] {logging_mixin.py:190} INFO - [2026-04-25T08:28:04.157+0000] {dag.py:4180} INFO - Setting next_dagrun for system_dag to 2026-04-24T00:00:00+00:00, run_after=2026-04-25T00:00:00+00:00
[2026-04-25T08:28:04.209+0000] {processor.py:208} INFO - Processing /opt/airflow/dags/system_dag.py took 0.161 seconds
[2026-04-25T08:28:35.946+0000] {processor.py:186} INFO - Started process (PID=771) to work on /opt/airflow/dags/system_dag.py
[2026-04-25T08:28:35.947+0000] {processor.py:914} INFO - Processing file /opt/airflow/dags/system_dag.py for tasks to queue
[2026-04-25T08:28:35.949+0000] {logging_mixin.py:190} INFO - [2026-04-25T08:28:35.949+0000] {dagbag.py:588} INFO - Filling up the DagBag from /opt/airflow/dags/system_dag.py
[2026-04-25T08:28:35.967+0000] {processor.py:925} INFO - DAG(s) 'system_dag' retrieved from /opt/airflow/dags/system_dag.py
[2026-04-25T08:28:36.008+0000] {logging_mixin.py:190} INFO - [2026-04-25T08:28:36.008+0000] {dag.py:3239} INFO - Sync 1 DAGs
[2026-04-25T08:28:36.044+0000] {logging_mixin.py:190} INFO - [2026-04-25T08:28:36.044+0000] {dag.py:4180} INFO - Setting next_dagrun for system_dag to 2026-04-24T00:00:00+00:00, run_after=2026-04-25T00:00:00+00:00
[2026-04-25T08:28:36.077+0000] {processor.py:208} INFO - Processing /opt/airflow/dags/system_dag.py took 0.136 seconds
[2026-04-25T08:29:06.977+0000] {processor.py:186} INFO - Started process (PID=775) to work on /opt/airflow/dags/system_dag.py
[2026-04-25T08:29:06.982+0000] {processor.py:914} INFO - Processing file /opt/airflow/dags/system_dag.py for tasks to queue
[2026-04-25T08:29:06.984+0000] {logging_mixin.py:190} INFO - [2026-04-25T08:29:06.983+0000] {dagbag.py:588} INFO - Filling up the DagBag from /opt/airflow/dags/system_dag.py
[2026-04-25T08:29:07.001+0000] {processor.py:925} INFO - DAG(s) 'system_dag' retrieved from /opt/airflow/dags/system_dag.py
[2026-04-25T08:29:07.059+0000] {logging_mixin.py:190} INFO - [2026-04-25T08:29:07.059+0000] {dag.py:3239} INFO - Sync 1 DAGs
[2026-04-25T08:29:07.114+0000] {logging_mixin.py:190} INFO - [2026-04-25T08:29:07.114+0000] {dag.py:4180} INFO - Setting next_dagrun for system_dag to 2026-04-24T00:00:00+00:00, run_after=2026-04-25T00:00:00+00:00
[2026-04-25T08:29:07.148+0000] {processor.py:208} INFO - Processing /opt/airflow/dags/system_dag.py took 0.176 seconds
[2026-04-25T08:29:38.879+0000] {processor.py:186} INFO - Started process (PID=779) to work on /opt/airflow/dags/system_dag.py
[2026-04-25T08:29:38.879+0000] {processor.py:914} INFO - Processing file /opt/airflow/dags/system_dag.py for tasks to queue
[2026-04-25T08:29:38.881+0000] {logging_mixin.py:190} INFO - [2026-04-25T08:29:38.880+0000] {dagbag.py:588} INFO - Filling up the DagBag from /opt/airflow/dags/system_dag.py
[2026-04-25T08:29:38.904+0000] {processor.py:925} INFO - DAG(s) 'system_dag' retrieved from /opt/airflow/dags/system_dag.py
[2026-04-25T08:29:38.954+0000] {logging_mixin.py:190} INFO - [2026-04-25T08:29:38.954+0000] {dag.py:3239} INFO - Sync 1 DAGs
[2026-04-25T08:29:38.989+0000] {logging_mixin.py:190} INFO - [2026-04-25T08:29:38.988+0000] {dag.py:4180} INFO - Setting next_dagrun for system_dag to 2026-04-24T00:00:00+00:00, run_after=2026-04-25T00:00:00+00:00
[2026-04-25T08:29:39.018+0000] {processor.py:208} INFO - Processing /opt/airflow/dags/system_dag.py took 0.146 seconds
[2026-04-25T08:30:09.924+0000] {processor.py:186} INFO - Started process (PID=783) to work on /opt/airflow/dags/system_dag.py
[2026-04-25T08:30:09.925+0000] {processor.py:914} INFO - Processing file /opt/airflow/dags/system_dag.py for tasks to queue
[2026-04-25T08:30:09.927+0000] {logging_mixin.py:190} INFO - [2026-04-25T08:30:09.927+0000] {dagbag.py:588} INFO - Filling up the DagBag from /opt/airflow/dags/system_dag.py
[2026-04-25T08:30:09.946+0000] {processor.py:925} INFO - DAG(s) 'system_dag' retrieved from /opt/airflow/dags/system_dag.py
[2026-04-25T08:30:09.995+0000] {logging_mixin.py:190} INFO - [2026-04-25T08:30:09.994+0000] {dag.py:3239} INFO - Sync 1 DAGs
[2026-04-25T08:30:10.034+0000] {logging_mixin.py:190} INFO - [2026-04-25T08:30:10.034+0000] {dag.py:4180} INFO - Setting next_dagrun for system_dag to 2026-04-24T00:00:00+00:00, run_after=2026-04-25T00:00:00+00:00
[2026-04-25T08:30:10.071+0000] {processor.py:208} INFO - Processing /opt/airflow/dags/system_dag.py took 0.153 seconds
[2026-04-25T08:30:41.987+0000] {processor.py:186} INFO - Started process (PID=787) to work on /opt/airflow/dags/system_dag.py
[2026-04-25T08:30:41.991+0000] {processor.py:914} INFO - Processing file /opt/airflow/dags/system_dag.py for tasks to queue
[2026-04-25T08:30:41.993+0000] {logging_mixin.py:190} INFO - [2026-04-25T08:30:41.993+0000] {dagbag.py:588} INFO - Filling up the DagBag from /opt/airflow/dags/system_dag.py
[2026-04-25T08:30:42.013+0000] {processor.py:925} INFO - DAG(s) 'system_dag' retrieved from /opt/airflow/dags/system_dag.py
[2026-04-25T08:30:42.055+0000] {logging_mixin.py:190} INFO - [2026-04-25T08:30:42.055+0000] {dag.py:3239} INFO - Sync 1 DAGs
[2026-04-25T08:30:42.107+0000] {logging_mixin.py:190} INFO - [2026-04-25T08:30:42.107+0000] {dag.py:4180} INFO - Setting next_dagrun for system_dag to 2026-04-24T00:00:00+00:00, run_after=2026-04-25T00:00:00+00:00
[2026-04-25T08:30:42.153+0000] {processor.py:208} INFO - Processing /opt/airflow/dags/system_dag.py took 0.172 seconds
[2026-04-25T08:31:13.616+0000] {processor.py:186} INFO - Started process (PID=791) to work on /opt/airflow/dags/system_dag.py
[2026-04-25T08:31:13.617+0000] {processor.py:914} INFO - Processing file /opt/airflow/dags/system_dag.py for tasks to queue
[2026-04-25T08:31:13.619+0000] {logging_mixin.py:190} INFO - [2026-04-25T08:31:13.618+0000] {dagbag.py:588} INFO - Filling up the DagBag from /opt/airflow/dags/system_dag.py
[2026-04-25T08:31:13.636+0000] {processor.py:925} INFO - DAG(s) 'system_dag' retrieved from /opt/airflow/dags/system_dag.py
[2026-04-25T08:31:13.682+0000] {logging_mixin.py:190} INFO - [2026-04-25T08:31:13.682+0000] {dag.py:3239} INFO - Sync 1 DAGs
[2026-04-25T08:31:13.719+0000] {logging_mixin.py:190} INFO - [2026-04-25T08:31:13.718+0000] {dag.py:4180} INFO - Setting next_dagrun for system_dag to 2026-04-24T00:00:00+00:00, run_after=2026-04-25T00:00:00+00:00
[2026-04-25T08:31:13.759+0000] {processor.py:208} INFO - Processing /opt/airflow/dags/system_dag.py took 0.148 seconds
[2026-04-25T08:31:44.750+0000] {processor.py:186} INFO - Started process (PID=795) to work on /opt/airflow/dags/system_dag.py
[2026-04-25T08:31:44.751+0000] {processor.py:914} INFO - Processing file /opt/airflow/dags/system_dag.py for tasks to queue
[2026-04-25T08:31:44.753+0000] {logging_mixin.py:190} INFO - [2026-04-25T08:31:44.753+0000] {dagbag.py:588} INFO - Filling up the DagBag from /opt/airflow/dags/system_dag.py
[2026-04-25T08:31:44.773+0000] {processor.py:925} INFO - DAG(s) 'system_dag' retrieved from /opt/airflow/dags/system_dag.py
[2026-04-25T08:31:44.813+0000] {logging_mixin.py:190} INFO - [2026-04-25T08:31:44.813+0000] {dag.py:3239} INFO - Sync 1 DAGs
[2026-04-25T08:31:44.845+0000] {logging_mixin.py:190} INFO - [2026-04-25T08:31:44.845+0000] {dag.py:4180} INFO - Setting next_dagrun for system_dag to 2026-04-24T00:00:00+00:00, run_after=2026-04-25T00:00:00+00:00
[2026-04-25T08:31:44.877+0000] {processor.py:208} INFO - Processing /opt/airflow/dags/system_dag.py took 0.133 seconds
[2026-04-25T08:32:15.770+0000] {processor.py:186} INFO - Started process (PID=799) to work on /opt/airflow/dags/system_dag.py
[2026-04-25T08:32:15.771+0000] {processor.py:914} INFO - Processing file /opt/airflow/dags/system_dag.py for tasks to queue
[2026-04-25T08:32:15.772+0000] {logging_mixin.py:190} INFO - [2026-04-25T08:32:15.772+0000] {dagbag.py:588} INFO - Filling up the DagBag from /opt/airflow/dags/system_dag.py
[2026-04-25T08:32:15.792+0000] {processor.py:925} INFO - DAG(s) 'system_dag' retrieved from /opt/airflow/dags/system_dag.py
[2026-04-25T08:32:15.833+0000] {logging_mixin.py:190} INFO - [2026-04-25T08:32:15.833+0000] {dag.py:3239} INFO - Sync 1 DAGs
[2026-04-25T08:32:15.877+0000] {logging_mixin.py:190} INFO - [2026-04-25T08:32:15.876+0000] {dag.py:4180} INFO - Setting next_dagrun for system_dag to 2026-04-24T00:00:00+00:00, run_after=2026-04-25T00:00:00+00:00
[2026-04-25T08:32:15.907+0000] {processor.py:208} INFO - Processing /opt/airflow/dags/system_dag.py took 0.143 seconds
[2026-04-25T08:32:47.655+0000] {processor.py:186} INFO - Started process (PID=803) to work on /opt/airflow/dags/system_dag.py
[2026-04-25T08:32:47.656+0000] {processor.py:914} INFO - Processing file /opt/airflow/dags/system_dag.py for tasks to queue
[2026-04-25T08:32:47.657+0000] {logging_mixin.py:190} INFO - [2026-04-25T08:32:47.657+0000] {dagbag.py:588} INFO - Filling up the DagBag from /opt/airflow/dags/system_dag.py
[2026-04-25T08:32:47.677+0000] {processor.py:925} INFO - DAG(s) 'system_dag' retrieved from /opt/airflow/dags/system_dag.py
[2026-04-25T08:32:47.714+0000] {logging_mixin.py:190} INFO - [2026-04-25T08:32:47.713+0000] {dag.py:3239} INFO - Sync 1 DAGs
[2026-04-25T08:32:47.748+0000] {logging_mixin.py:190} INFO - [2026-04-25T08:32:47.748+0000] {dag.py:4180} INFO - Setting next_dagrun for system_dag to 2026-04-24T00:00:00+00:00, run_after=2026-04-25T00:00:00+00:00
[2026-04-25T08:32:47.782+0000] {processor.py:208} INFO - Processing /opt/airflow/dags/system_dag.py took 0.132 seconds
[2026-04-25T08:33:19.577+0000] {processor.py:186} INFO - Started process (PID=807) to work on /opt/airflow/dags/system_dag.py
[2026-04-25T08:33:19.578+0000] {processor.py:914} INFO - Processing file /opt/airflow/dags/system_dag.py for tasks to queue
[2026-04-25T08:33:19.579+0000] {logging_mixin.py:190} INFO - [2026-04-25T08:33:19.579+0000] {dagbag.py:588} INFO - Filling up the DagBag from /opt/airflow/dags/system_dag.py
[2026-04-25T08:33:19.597+0000] {processor.py:925} INFO - DAG(s) 'system_dag' retrieved from /opt/airflow/dags/system_dag.py
[2026-04-25T08:33:19.646+0000] {logging_mixin.py:190} INFO - [2026-04-25T08:33:19.646+0000] {dag.py:3239} INFO - Sync 1 DAGs
[2026-04-25T08:33:19.686+0000] {logging_mixin.py:190} INFO - [2026-04-25T08:33:19.686+0000] {dag.py:4180} INFO - Setting next_dagrun for system_dag to 2026-04-24T00:00:00+00:00, run_after=2026-04-25T00:00:00+00:00
[2026-04-25T08:33:19.717+0000] {processor.py:208} INFO - Processing /opt/airflow/dags/system_dag.py took 0.147 seconds
[2026-04-25T08:33:50.631+0000] {processor.py:186} INFO - Started process (PID=811) to work on /opt/airflow/dags/system_dag.py
[2026-04-25T08:33:50.632+0000] {processor.py:914} INFO - Processing file /opt/airflow/dags/system_dag.py for tasks to queue
[2026-04-25T08:33:50.633+0000] {logging_mixin.py:190} INFO - [2026-04-25T08:33:50.633+0000] {dagbag.py:588} INFO - Filling up the DagBag from /opt/airflow/dags/system_dag.py
[2026-04-25T08:33:50.651+0000] {processor.py:925} INFO - DAG(s) 'system_dag' retrieved from /opt/airflow/dags/system_dag.py
[2026-04-25T08:33:50.697+0000] {logging_mixin.py:190} INFO - [2026-04-25T08:33:50.697+0000] {dag.py:3239} INFO - Sync 1 DAGs
[2026-04-25T08:33:50.734+0000] {logging_mixin.py:190} INFO - [2026-04-25T08:33:50.734+0000] {dag.py:4180} INFO - Setting next_dagrun for system_dag to 2026-04-24T00:00:00+00:00, run_after=2026-04-25T00:00:00+00:00
[2026-04-25T08:33:50.772+0000] {processor.py:208} INFO - Processing /opt/airflow/dags/system_dag.py took 0.147 seconds
[2026-04-25T08:34:22.558+0000] {processor.py:186} INFO - Started process (PID=815) to work on /opt/airflow/dags/system_dag.py
[2026-04-25T08:34:22.558+0000] {processor.py:914} INFO - Processing file /opt/airflow/dags/system_dag.py for tasks to queue
[2026-04-25T08:34:22.560+0000] {logging_mixin.py:190} INFO - [2026-04-25T08:34:22.560+0000] {dagbag.py:588} INFO - Filling up the DagBag from /opt/airflow/dags/system_dag.py
[2026-04-25T08:34:22.582+0000] {processor.py:925} INFO - DAG(s) 'system_dag' retrieved from /opt/airflow/dags/system_dag.py
[2026-04-25T08:34:22.634+0000] {logging_mixin.py:190} INFO - [2026-04-25T08:34:22.633+0000] {dag.py:3239} INFO - Sync 1 DAGs
[2026-04-25T08:34:22.678+0000] {logging_mixin.py:190} INFO - [2026-04-25T08:34:22.678+0000] {dag.py:4180} INFO - Setting next_dagrun for system_dag to 2026-04-24T00:00:00+00:00, run_after=2026-04-25T00:00:00+00:00
[2026-04-25T08:34:22.726+0000] {processor.py:208} INFO - Processing /opt/airflow/dags/system_dag.py took 0.176 seconds
[2026-04-25T08:34:53.623+0000] {processor.py:186} INFO - Started process (PID=819) to work on /opt/airflow/dags/system_dag.py
[2026-04-25T08:34:53.624+0000] {processor.py:914} INFO - Processing file /opt/airflow/dags/system_dag.py for tasks to queue
[2026-04-25T08:34:53.625+0000] {logging_mixin.py:190} INFO - [2026-04-25T08:34:53.625+0000] {dagbag.py:588} INFO - Filling up the DagBag from /opt/airflow/dags/system_dag.py
[2026-04-25T08:34:53.642+0000] {processor.py:925} INFO - DAG(s) 'system_dag' retrieved from /opt/airflow/dags/system_dag.py
[2026-04-25T08:34:53.681+0000] {logging_mixin.py:190} INFO - [2026-04-25T08:34:53.680+0000] {dag.py:3239} INFO - Sync 1 DAGs
[2026-04-25T08:34:53.718+0000] {logging_mixin.py:190} INFO - [2026-04-25T08:34:53.718+0000] {dag.py:4180} INFO - Setting next_dagrun for system_dag to 2026-04-24T00:00:00+00:00, run_after=2026-04-25T00:00:00+00:00
[2026-04-25T08:34:53.755+0000] {processor.py:208} INFO - Processing /opt/airflow/dags/system_dag.py took 0.138 seconds
[2026-04-25T08:35:25.552+0000] {processor.py:186} INFO - Started process (PID=823) to work on /opt/airflow/dags/system_dag.py
[2026-04-25T08:35:25.553+0000] {processor.py:914} INFO - Processing file /opt/airflow/dags/system_dag.py for tasks to queue
[2026-04-25T08:35:25.554+0000] {logging_mixin.py:190} INFO - [2026-04-25T08:35:25.554+0000] {dagbag.py:588} INFO - Filling up the DagBag from /opt/airflow/dags/system_dag.py
[2026-04-25T08:35:25.573+0000] {processor.py:925} INFO - DAG(s) 'system_dag' retrieved from /opt/airflow/dags/system_dag.py
[2026-04-25T08:35:25.612+0000] {logging_mixin.py:190} INFO - [2026-04-25T08:35:25.612+0000] {dag.py:3239} INFO - Sync 1 DAGs
[2026-04-25T08:35:25.649+0000] {logging_mixin.py:190} INFO - [2026-04-25T08:35:25.649+0000] {dag.py:4180} INFO - Setting next_dagrun for system_dag to 2026-04-24T00:00:00+00:00, run_after=2026-04-25T00:00:00+00:00
[2026-04-25T08:35:25.683+0000] {processor.py:208} INFO - Processing /opt/airflow/dags/system_dag.py took 0.138 seconds
[2026-04-25T08:35:56.462+0000] {processor.py:186} INFO - Started process (PID=827) to work on /opt/airflow/dags/system_dag.py
[2026-04-25T08:35:56.462+0000] {processor.py:914} INFO - Processing file /opt/airflow/dags/system_dag.py for tasks to queue
[2026-04-25T08:35:56.464+0000] {logging_mixin.py:190} INFO - [2026-04-25T08:35:56.463+0000] {dagbag.py:588} INFO - Filling up the DagBag from /opt/airflow/dags/system_dag.py
[2026-04-25T08:35:56.481+0000] {processor.py:925} INFO - DAG(s) 'system_dag' retrieved from /opt/airflow/dags/system_dag.py
[2026-04-25T08:35:56.524+0000] {logging_mixin.py:190} INFO - [2026-04-25T08:35:56.524+0000] {dag.py:3239} INFO - Sync 1 DAGs
[2026-04-25T08:35:56.562+0000] {logging_mixin.py:190} INFO - [2026-04-25T08:35:56.562+0000] {dag.py:4180} INFO - Setting next_dagrun for system_dag to 2026-04-24T00:00:00+00:00, run_after=2026-04-25T00:00:00+00:00
[2026-04-25T08:35:56.610+0000] {processor.py:208} INFO - Processing /opt/airflow/dags/system_dag.py took 0.156 seconds
[2026-04-25T08:36:28.596+0000] {processor.py:186} INFO - Started process (PID=833) to work on /opt/airflow/dags/system_dag.py
[2026-04-25T08:36:28.597+0000] {processor.py:914} INFO - Processing file /opt/airflow/dags/system_dag.py for tasks to queue
[2026-04-25T08:36:28.600+0000] {logging_mixin.py:190} INFO - [2026-04-25T08:36:28.600+0000] {dagbag.py:588} INFO - Filling up the DagBag from /opt/airflow/dags/system_dag.py
[2026-04-25T08:36:28.625+0000] {processor.py:925} INFO - DAG(s) 'system_dag' retrieved from /opt/airflow/dags/system_dag.py
[2026-04-25T08:36:28.663+0000] {logging_mixin.py:190} INFO - [2026-04-25T08:36:28.663+0000] {dag.py:3239} INFO - Sync 1 DAGs
[2026-04-25T08:36:28.693+0000] {logging_mixin.py:190} INFO - [2026-04-25T08:36:28.693+0000] {dag.py:4180} INFO - Setting next_dagrun for system_dag to 2026-04-24T00:00:00+00:00, run_after=2026-04-25T00:00:00+00:00
[2026-04-25T08:36:28.715+0000] {processor.py:208} INFO - Processing /opt/airflow/dags/system_dag.py took 0.128 seconds
[2026-04-25T08:36:59.723+0000] {processor.py:186} INFO - Started process (PID=837) to work on /opt/airflow/dags/system_dag.py
[2026-04-25T08:36:59.724+0000] {processor.py:914} INFO - Processing file /opt/airflow/dags/system_dag.py for tasks to queue
[2026-04-25T08:36:59.726+0000] {logging_mixin.py:190} INFO - [2026-04-25T08:36:59.725+0000] {dagbag.py:588} INFO - Filling up the DagBag from /opt/airflow/dags/system_dag.py
[2026-04-25T08:36:59.744+0000] {processor.py:925} INFO - DAG(s) 'system_dag' retrieved from /opt/airflow/dags/system_dag.py
[2026-04-25T08:36:59.780+0000] {logging_mixin.py:190} INFO - [2026-04-25T08:36:59.779+0000] {dag.py:3239} INFO - Sync 1 DAGs
[2026-04-25T08:36:59.807+0000] {logging_mixin.py:190} INFO - [2026-04-25T08:36:59.807+0000] {dag.py:4180} INFO - Setting next_dagrun for system_dag to 2026-04-24T00:00:00+00:00, run_after=2026-04-25T00:00:00+00:00
[2026-04-25T08:36:59.828+0000] {processor.py:208} INFO - Processing /opt/airflow/dags/system_dag.py took 0.112 seconds
[2026-04-25T08:37:30.797+0000] {processor.py:186} INFO - Started process (PID=841) to work on /opt/airflow/dags/system_dag.py
[2026-04-25T08:37:30.798+0000] {processor.py:914} INFO - Processing file /opt/airflow/dags/system_dag.py for tasks to queue
[2026-04-25T08:37:30.800+0000] {logging_mixin.py:190} INFO - [2026-04-25T08:37:30.799+0000] {dagbag.py:588} INFO - Filling up the DagBag from /opt/airflow/dags/system_dag.py
[2026-04-25T08:37:30.821+0000] {processor.py:925} INFO - DAG(s) 'system_dag' retrieved from /opt/airflow/dags/system_dag.py
[2026-04-25T08:37:30.861+0000] {logging_mixin.py:190} INFO - [2026-04-25T08:37:30.861+0000] {dag.py:3239} INFO - Sync 1 DAGs
[2026-04-25T08:37:30.890+0000] {logging_mixin.py:190} INFO - [2026-04-25T08:37:30.890+0000] {dag.py:4180} INFO - Setting next_dagrun for system_dag to 2026-04-24T00:00:00+00:00, run_after=2026-04-25T00:00:00+00:00
[2026-04-25T08:37:30.913+0000] {processor.py:208} INFO - Processing /opt/airflow/dags/system_dag.py took 0.124 seconds
[2026-04-25T08:38:02.857+0000] {processor.py:186} INFO - Started process (PID=845) to work on /opt/airflow/dags/system_dag.py
[2026-04-25T08:38:02.857+0000] {processor.py:914} INFO - Processing file /opt/airflow/dags/system_dag.py for tasks to queue
[2026-04-25T08:38:02.859+0000] {logging_mixin.py:190} INFO - [2026-04-25T08:38:02.859+0000] {dagbag.py:588} INFO - Filling up the DagBag from /opt/airflow/dags/system_dag.py
[2026-04-25T08:38:02.883+0000] {processor.py:925} INFO - DAG(s) 'system_dag' retrieved from /opt/airflow/dags/system_dag.py
[2026-04-25T08:38:02.919+0000] {logging_mixin.py:190} INFO - [2026-04-25T08:38:02.919+0000] {dag.py:3239} INFO - Sync 1 DAGs
[2026-04-25T08:38:02.949+0000] {logging_mixin.py:190} INFO - [2026-04-25T08:38:02.948+0000] {dag.py:4180} INFO - Setting next_dagrun for system_dag to 2026-04-24T00:00:00+00:00, run_after=2026-04-25T00:00:00+00:00
[2026-04-25T08:38:02.969+0000] {processor.py:208} INFO - Processing /opt/airflow/dags/system_dag.py took 0.119 seconds
[2026-04-25T08:38:33.971+0000] {processor.py:186} INFO - Started process (PID=849) to work on /opt/airflow/dags/system_dag.py
[2026-04-25T08:38:33.972+0000] {processor.py:914} INFO - Processing file /opt/airflow/dags/system_dag.py for tasks to queue
[2026-04-25T08:38:33.973+0000] {logging_mixin.py:190} INFO - [2026-04-25T08:38:33.973+0000] {dagbag.py:588} INFO - Filling up the DagBag from /opt/airflow/dags/system_dag.py
[2026-04-25T08:38:33.992+0000] {processor.py:925} INFO - DAG(s) 'system_dag' retrieved from /opt/airflow/dags/system_dag.py
[2026-04-25T08:38:34.029+0000] {logging_mixin.py:190} INFO - [2026-04-25T08:38:34.028+0000] {dag.py:3239} INFO - Sync 1 DAGs
[2026-04-25T08:38:34.059+0000] {logging_mixin.py:190} INFO - [2026-04-25T08:38:34.059+0000] {dag.py:4180} INFO - Setting next_dagrun for system_dag to 2026-04-24T00:00:00+00:00, run_after=2026-04-25T00:00:00+00:00
[2026-04-25T08:38:34.086+0000] {processor.py:208} INFO - Processing /opt/airflow/dags/system_dag.py took 0.123 seconds
[2026-04-25T08:39:05.110+0000] {processor.py:186} INFO - Started process (PID=853) to work on /opt/airflow/dags/system_dag.py
[2026-04-25T08:39:05.111+0000] {processor.py:914} INFO - Processing file /opt/airflow/dags/system_dag.py for tasks to queue
[2026-04-25T08:39:05.112+0000] {logging_mixin.py:190} INFO - [2026-04-25T08:39:05.112+0000] {dagbag.py:588} INFO - Filling up the DagBag from /opt/airflow/dags/system_dag.py
[2026-04-25T08:39:05.132+0000] {processor.py:925} INFO - DAG(s) 'system_dag' retrieved from /opt/airflow/dags/system_dag.py
[2026-04-25T08:39:05.168+0000] {logging_mixin.py:190} INFO - [2026-04-25T08:39:05.168+0000] {dag.py:3239} INFO - Sync 1 DAGs
[2026-04-25T08:39:05.195+0000] {logging_mixin.py:190} INFO - [2026-04-25T08:39:05.195+0000] {dag.py:4180} INFO - Setting next_dagrun for system_dag to 2026-04-24T00:00:00+00:00, run_after=2026-04-25T00:00:00+00:00
[2026-04-25T08:39:05.215+0000] {processor.py:208} INFO - Processing /opt/airflow/dags/system_dag.py took 0.113 seconds
[2026-04-25T08:39:37.259+0000] {processor.py:186} INFO - Started process (PID=857) to work on /opt/airflow/dags/system_dag.py
[2026-04-25T08:39:37.260+0000] {processor.py:914} INFO - Processing file /opt/airflow/dags/system_dag.py for tasks to queue
[2026-04-25T08:39:37.262+0000] {logging_mixin.py:190} INFO - [2026-04-25T08:39:37.262+0000] {dagbag.py:588} INFO - Filling up the DagBag from /opt/airflow/dags/system_dag.py
[2026-04-25T08:39:37.282+0000] {processor.py:925} INFO - DAG(s) 'system_dag' retrieved from /opt/airflow/dags/system_dag.py
[2026-04-25T08:39:37.319+0000] {logging_mixin.py:190} INFO - [2026-04-25T08:39:37.318+0000] {dag.py:3239} INFO - Sync 1 DAGs
[2026-04-25T08:39:37.346+0000] {logging_mixin.py:190} INFO - [2026-04-25T08:39:37.346+0000] {dag.py:4180} INFO - Setting next_dagrun for system_dag to 2026-04-24T00:00:00+00:00, run_after=2026-04-25T00:00:00+00:00
[2026-04-25T08:39:37.366+0000] {processor.py:208} INFO - Processing /opt/airflow/dags/system_dag.py took 0.115 seconds
[2026-04-25T08:40:08.279+0000] {processor.py:186} INFO - Started process (PID=861) to work on /opt/airflow/dags/system_dag.py
[2026-04-25T08:40:08.280+0000] {processor.py:914} INFO - Processing file /opt/airflow/dags/system_dag.py for tasks to queue
[2026-04-25T08:40:08.281+0000] {logging_mixin.py:190} INFO - [2026-04-25T08:40:08.281+0000] {dagbag.py:588} INFO - Filling up the DagBag from /opt/airflow/dags/system_dag.py
[2026-04-25T08:40:08.298+0000] {processor.py:925} INFO - DAG(s) 'system_dag' retrieved from /opt/airflow/dags/system_dag.py
[2026-04-25T08:40:08.338+0000] {logging_mixin.py:190} INFO - [2026-04-25T08:40:08.338+0000] {dag.py:3239} INFO - Sync 1 DAGs
[2026-04-25T08:40:08.387+0000] {logging_mixin.py:190} INFO - [2026-04-25T08:40:08.387+0000] {dag.py:4180} INFO - Setting next_dagrun for system_dag to 2026-04-24T00:00:00+00:00, run_after=2026-04-25T00:00:00+00:00
[2026-04-25T08:40:08.421+0000] {processor.py:208} INFO - Processing /opt/airflow/dags/system_dag.py took 0.150 seconds
[2026-04-25T08:40:40.385+0000] {processor.py:186} INFO - Started process (PID=865) to work on /opt/airflow/dags/system_dag.py
[2026-04-25T08:40:40.387+0000] {processor.py:914} INFO - Processing file /opt/airflow/dags/system_dag.py for tasks to queue
[2026-04-25T08:40:40.389+0000] {logging_mixin.py:190} INFO - [2026-04-25T08:40:40.388+0000] {dagbag.py:588} INFO - Filling up the DagBag from /opt/airflow/dags/system_dag.py
[2026-04-25T08:40:40.409+0000] {processor.py:925} INFO - DAG(s) 'system_dag' retrieved from /opt/airflow/dags/system_dag.py
[2026-04-25T08:40:40.448+0000] {logging_mixin.py:190} INFO - [2026-04-25T08:40:40.448+0000] {dag.py:3239} INFO - Sync 1 DAGs
[2026-04-25T08:40:40.485+0000] {logging_mixin.py:190} INFO - [2026-04-25T08:40:40.485+0000] {dag.py:4180} INFO - Setting next_dagrun for system_dag to 2026-04-24T00:00:00+00:00, run_after=2026-04-25T00:00:00+00:00
[2026-04-25T08:40:40.506+0000] {processor.py:208} INFO - Processing /opt/airflow/dags/system_dag.py took 0.127 seconds
[2026-04-25T08:41:11.443+0000] {processor.py:186} INFO - Started process (PID=869) to work on /opt/airflow/dags/system_dag.py
[2026-04-25T08:41:11.444+0000] {processor.py:914} INFO - Processing file /opt/airflow/dags/system_dag.py for tasks to queue
[2026-04-25T08:41:11.446+0000] {logging_mixin.py:190} INFO - [2026-04-25T08:41:11.445+0000] {dagbag.py:588} INFO - Filling up the DagBag from /opt/airflow/dags/system_dag.py
[2026-04-25T08:41:11.464+0000] {processor.py:925} INFO - DAG(s) 'system_dag' retrieved from /opt/airflow/dags/system_dag.py
[2026-04-25T08:41:11.499+0000] {logging_mixin.py:190} INFO - [2026-04-25T08:41:11.499+0000] {dag.py:3239} INFO - Sync 1 DAGs
[2026-04-25T08:41:11.527+0000] {logging_mixin.py:190} INFO - [2026-04-25T08:41:11.527+0000] {dag.py:4180} INFO - Setting next_dagrun for system_dag to 2026-04-24T00:00:00+00:00, run_after=2026-04-25T00:00:00+00:00
[2026-04-25T08:41:11.547+0000] {processor.py:208} INFO - Processing /opt/airflow/dags/system_dag.py took 0.111 seconds
[2026-04-25T08:41:43.529+0000] {processor.py:186} INFO - Started process (PID=873) to work on /opt/airflow/dags/system_dag.py
[2026-04-25T08:41:43.530+0000] {processor.py:914} INFO - Processing file /opt/airflow/dags/system_dag.py for tasks to queue
[2026-04-25T08:41:43.532+0000] {logging_mixin.py:190} INFO - [2026-04-25T08:41:43.531+0000] {dagbag.py:588} INFO - Filling up the DagBag from /opt/airflow/dags/system_dag.py
[2026-04-25T08:41:43.620+0000] {processor.py:925} INFO - DAG(s) 'system_dag' retrieved from /opt/airflow/dags/system_dag.py
[2026-04-25T08:41:43.660+0000] {logging_mixin.py:190} INFO - [2026-04-25T08:41:43.659+0000] {dag.py:3239} INFO - Sync 1 DAGs
[2026-04-25T08:41:43.687+0000] {logging_mixin.py:190} INFO - [2026-04-25T08:41:43.687+0000] {dag.py:4180} INFO - Setting next_dagrun for system_dag to 2026-04-24T00:00:00+00:00, run_after=2026-04-25T00:00:00+00:00
[2026-04-25T08:41:43.709+0000] {processor.py:208} INFO - Processing /opt/airflow/dags/system_dag.py took 0.187 seconds
[2026-04-25T08:42:14.611+0000] {processor.py:186} INFO - Started process (PID=877) to work on /opt/airflow/dags/system_dag.py
[2026-04-25T08:42:14.612+0000] {processor.py:914} INFO - Processing file /opt/airflow/dags/system_dag.py for tasks to queue
[2026-04-25T08:42:14.613+0000] {logging_mixin.py:190} INFO - [2026-04-25T08:42:14.613+0000] {dagbag.py:588} INFO - Filling up the DagBag from /opt/airflow/dags/system_dag.py
[2026-04-25T08:42:14.633+0000] {processor.py:925} INFO - DAG(s) 'system_dag' retrieved from /opt/airflow/dags/system_dag.py
[2026-04-25T08:42:14.680+0000] {logging_mixin.py:190} INFO - [2026-04-25T08:42:14.679+0000] {dag.py:3239} INFO - Sync 1 DAGs
[2026-04-25T08:42:14.712+0000] {logging_mixin.py:190} INFO - [2026-04-25T08:42:14.712+0000] {dag.py:4180} INFO - Setting next_dagrun for system_dag to 2026-04-24T00:00:00+00:00, run_after=2026-04-25T00:00:00+00:00
[2026-04-25T08:42:14.738+0000] {processor.py:208} INFO - Processing /opt/airflow/dags/system_dag.py took 0.134 seconds
[2026-04-25T08:42:45.806+0000] {processor.py:186} INFO - Started process (PID=881) to work on /opt/airflow/dags/system_dag.py
[2026-04-25T08:42:45.809+0000] {processor.py:914} INFO - Processing file /opt/airflow/dags/system_dag.py for tasks to queue
[2026-04-25T08:42:45.812+0000] {logging_mixin.py:190} INFO - [2026-04-25T08:42:45.811+0000] {dagbag.py:588} INFO - Filling up the DagBag from /opt/airflow/dags/system_dag.py
[2026-04-25T08:42:45.861+0000] {processor.py:925} INFO - DAG(s) 'system_dag' retrieved from /opt/airflow/dags/system_dag.py
[2026-04-25T08:42:45.953+0000] {logging_mixin.py:190} INFO - [2026-04-25T08:42:45.953+0000] {dag.py:3239} INFO - Sync 1 DAGs
[2026-04-25T08:42:46.003+0000] {logging_mixin.py:190} INFO - [2026-04-25T08:42:46.003+0000] {dag.py:4180} INFO - Setting next_dagrun for system_dag to 2026-04-24T00:00:00+00:00, run_after=2026-04-25T00:00:00+00:00
[2026-04-25T08:42:46.033+0000] {processor.py:208} INFO - Processing /opt/airflow/dags/system_dag.py took 0.237 seconds
[2026-04-25T08:43:18.049+0000] {processor.py:186} INFO - Started process (PID=885) to work on /opt/airflow/dags/system_dag.py
[2026-04-25T08:43:18.050+0000] {processor.py:914} INFO - Processing file /opt/airflow/dags/system_dag.py for tasks to queue
[2026-04-25T08:43:18.051+0000] {logging_mixin.py:190} INFO - [2026-04-25T08:43:18.051+0000] {dagbag.py:588} INFO - Filling up the DagBag from /opt/airflow/dags/system_dag.py
[2026-04-25T08:43:18.069+0000] {processor.py:925} INFO - DAG(s) 'system_dag' retrieved from /opt/airflow/dags/system_dag.py
[2026-04-25T08:43:18.102+0000] {logging_mixin.py:190} INFO - [2026-04-25T08:43:18.102+0000] {dag.py:3239} INFO - Sync 1 DAGs
[2026-04-25T08:43:18.128+0000] {logging_mixin.py:190} INFO - [2026-04-25T08:43:18.128+0000] {dag.py:4180} INFO - Setting next_dagrun for system_dag to 2026-04-24T00:00:00+00:00, run_after=2026-04-25T00:00:00+00:00
[2026-04-25T08:43:18.149+0000] {processor.py:208} INFO - Processing /opt/airflow/dags/system_dag.py took 0.108 seconds
[2026-04-25T08:43:49.182+0000] {processor.py:186} INFO - Started process (PID=889) to work on /opt/airflow/dags/system_dag.py
[2026-04-25T08:43:49.182+0000] {processor.py:914} INFO - Processing file /opt/airflow/dags/system_dag.py for tasks to queue
[2026-04-25T08:43:49.184+0000] {logging_mixin.py:190} INFO - [2026-04-25T08:43:49.184+0000] {dagbag.py:588} INFO - Filling up the DagBag from /opt/airflow/dags/system_dag.py
[2026-04-25T08:43:49.205+0000] {processor.py:925} INFO - DAG(s) 'system_dag' retrieved from /opt/airflow/dags/system_dag.py
[2026-04-25T08:43:49.243+0000] {logging_mixin.py:190} INFO - [2026-04-25T08:43:49.243+0000] {dag.py:3239} INFO - Sync 1 DAGs
[2026-04-25T08:43:49.276+0000] {logging_mixin.py:190} INFO - [2026-04-25T08:43:49.276+0000] {dag.py:4180} INFO - Setting next_dagrun for system_dag to 2026-04-24T00:00:00+00:00, run_after=2026-04-25T00:00:00+00:00
[2026-04-25T08:43:49.303+0000] {processor.py:208} INFO - Processing /opt/airflow/dags/system_dag.py took 0.129 seconds
[2026-04-25T08:44:20.204+0000] {processor.py:186} INFO - Started process (PID=893) to work on /opt/airflow/dags/system_dag.py
[2026-04-25T08:44:20.205+0000] {processor.py:914} INFO - Processing file /opt/airflow/dags/system_dag.py for tasks to queue
[2026-04-25T08:44:20.207+0000] {logging_mixin.py:190} INFO - [2026-04-25T08:44:20.207+0000] {dagbag.py:588} INFO - Filling up the DagBag from /opt/airflow/dags/system_dag.py
[2026-04-25T08:44:20.231+0000] {processor.py:925} INFO - DAG(s) 'system_dag' retrieved from /opt/airflow/dags/system_dag.py
[2026-04-25T08:44:20.274+0000] {logging_mixin.py:190} INFO - [2026-04-25T08:44:20.274+0000] {dag.py:3239} INFO - Sync 1 DAGs
[2026-04-25T08:44:20.306+0000] {logging_mixin.py:190} INFO - [2026-04-25T08:44:20.305+0000] {dag.py:4180} INFO - Setting next_dagrun for system_dag to 2026-04-24T00:00:00+00:00, run_after=2026-04-25T00:00:00+00:00
[2026-04-25T08:44:20.333+0000] {processor.py:208} INFO - Processing /opt/airflow/dags/system_dag.py took 0.137 seconds
[2026-04-25T08:44:52.283+0000] {processor.py:186} INFO - Started process (PID=897) to work on /opt/airflow/dags/system_dag.py
[2026-04-25T08:44:52.284+0000] {processor.py:914} INFO - Processing file /opt/airflow/dags/system_dag.py for tasks to queue
[2026-04-25T08:44:52.286+0000] {logging_mixin.py:190} INFO - [2026-04-25T08:44:52.285+0000] {dagbag.py:588} INFO - Filling up the DagBag from /opt/airflow/dags/system_dag.py
[2026-04-25T08:44:52.306+0000] {processor.py:925} INFO - DAG(s) 'system_dag' retrieved from /opt/airflow/dags/system_dag.py
[2026-04-25T08:44:52.343+0000] {logging_mixin.py:190} INFO - [2026-04-25T08:44:52.343+0000] {dag.py:3239} INFO - Sync 1 DAGs
[2026-04-25T08:44:52.372+0000] {logging_mixin.py:190} INFO - [2026-04-25T08:44:52.372+0000] {dag.py:4180} INFO - Setting next_dagrun for system_dag to 2026-04-24T00:00:00+00:00, run_after=2026-04-25T00:00:00+00:00
[2026-04-25T08:44:52.392+0000] {processor.py:208} INFO - Processing /opt/airflow/dags/system_dag.py took 0.116 seconds
[2026-04-25T08:45:23.360+0000] {processor.py:186} INFO - Started process (PID=901) to work on /opt/airflow/dags/system_dag.py
[2026-04-25T08:45:23.361+0000] {processor.py:914} INFO - Processing file /opt/airflow/dags/system_dag.py for tasks to queue
[2026-04-25T08:45:23.363+0000] {logging_mixin.py:190} INFO - [2026-04-25T08:45:23.362+0000] {dagbag.py:588} INFO - Filling up the DagBag from /opt/airflow/dags/system_dag.py
[2026-04-25T08:45:23.382+0000] {processor.py:925} INFO - DAG(s) 'system_dag' retrieved from /opt/airflow/dags/system_dag.py
[2026-04-25T08:45:23.421+0000] {logging_mixin.py:190} INFO - [2026-04-25T08:45:23.421+0000] {dag.py:3239} INFO - Sync 1 DAGs
[2026-04-25T08:45:23.462+0000] {logging_mixin.py:190} INFO - [2026-04-25T08:45:23.462+0000] {dag.py:4180} INFO - Setting next_dagrun for system_dag to 2026-04-24T00:00:00+00:00, run_after=2026-04-25T00:00:00+00:00
[2026-04-25T08:45:23.486+0000] {processor.py:208} INFO - Processing /opt/airflow/dags/system_dag.py took 0.132 seconds
[2026-04-25T08:45:55.475+0000] {processor.py:186} INFO - Started process (PID=905) to work on /opt/airflow/dags/system_dag.py
[2026-04-25T08:45:55.476+0000] {processor.py:914} INFO - Processing file /opt/airflow/dags/system_dag.py for tasks to queue
[2026-04-25T08:45:55.477+0000] {logging_mixin.py:190} INFO - [2026-04-25T08:45:55.477+0000] {dagbag.py:588} INFO - Filling up the DagBag from /opt/airflow/dags/system_dag.py
[2026-04-25T08:45:55.496+0000] {processor.py:925} INFO - DAG(s) 'system_dag' retrieved from /opt/airflow/dags/system_dag.py
[2026-04-25T08:45:55.532+0000] {logging_mixin.py:190} INFO - [2026-04-25T08:45:55.532+0000] {dag.py:3239} INFO - Sync 1 DAGs
[2026-04-25T08:45:55.561+0000] {logging_mixin.py:190} INFO - [2026-04-25T08:45:55.561+0000] {dag.py:4180} INFO - Setting next_dagrun for system_dag to 2026-04-24T00:00:00+00:00, run_after=2026-04-25T00:00:00+00:00
[2026-04-25T08:45:55.583+0000] {processor.py:208} INFO - Processing /opt/airflow/dags/system_dag.py took 0.115 seconds
[2026-04-25T08:46:26.530+0000] {processor.py:186} INFO - Started process (PID=909) to work on /opt/airflow/dags/system_dag.py
[2026-04-25T08:46:26.531+0000] {processor.py:914} INFO - Processing file /opt/airflow/dags/system_dag.py for tasks to queue
[2026-04-25T08:46:26.533+0000] {logging_mixin.py:190} INFO - [2026-04-25T08:46:26.532+0000] {dagbag.py:588} INFO - Filling up the DagBag from /opt/airflow/dags/system_dag.py
[2026-04-25T08:46:26.553+0000] {processor.py:925} INFO - DAG(s) 'system_dag' retrieved from /opt/airflow/dags/system_dag.py
[2026-04-25T08:46:26.589+0000] {logging_mixin.py:190} INFO - [2026-04-25T08:46:26.589+0000] {dag.py:3239} INFO - Sync 1 DAGs
[2026-04-25T08:46:26.616+0000] {logging_mixin.py:190} INFO - [2026-04-25T08:46:26.616+0000] {dag.py:4180} INFO - Setting next_dagrun for system_dag to 2026-04-24T00:00:00+00:00, run_after=2026-04-25T00:00:00+00:00
[2026-04-25T08:46:26.636+0000] {processor.py:208} INFO - Processing /opt/airflow/dags/system_dag.py took 0.113 seconds
[2026-04-25T08:46:57.718+0000] {processor.py:186} INFO - Started process (PID=913) to work on /opt/airflow/dags/system_dag.py
[2026-04-25T08:46:57.718+0000] {processor.py:914} INFO - Processing file /opt/airflow/dags/system_dag.py for tasks to queue
[2026-04-25T08:46:57.720+0000] {logging_mixin.py:190} INFO - [2026-04-25T08:46:57.720+0000] {dagbag.py:588} INFO - Filling up the DagBag from /opt/airflow/dags/system_dag.py
[2026-04-25T08:46:57.739+0000] {processor.py:925} INFO - DAG(s) 'system_dag' retrieved from /opt/airflow/dags/system_dag.py
[2026-04-25T08:46:57.775+0000] {logging_mixin.py:190} INFO - [2026-04-25T08:46:57.775+0000] {dag.py:3239} INFO - Sync 1 DAGs
[2026-04-25T08:46:57.806+0000] {logging_mixin.py:190} INFO - [2026-04-25T08:46:57.806+0000] {dag.py:4180} INFO - Setting next_dagrun for system_dag to 2026-04-24T00:00:00+00:00, run_after=2026-04-25T00:00:00+00:00
[2026-04-25T08:46:57.830+0000] {processor.py:208} INFO - Processing /opt/airflow/dags/system_dag.py took 0.119 seconds
[2026-04-25T08:47:29.792+0000] {processor.py:186} INFO - Started process (PID=917) to work on /opt/airflow/dags/system_dag.py
[2026-04-25T08:47:29.793+0000] {processor.py:914} INFO - Processing file /opt/airflow/dags/system_dag.py for tasks to queue
[2026-04-25T08:47:29.795+0000] {logging_mixin.py:190} INFO - [2026-04-25T08:47:29.795+0000] {dagbag.py:588} INFO - Filling up the DagBag from /opt/airflow/dags/system_dag.py
[2026-04-25T08:47:29.817+0000] {processor.py:925} INFO - DAG(s) 'system_dag' retrieved from /opt/airflow/dags/system_dag.py
[2026-04-25T08:47:29.853+0000] {logging_mixin.py:190} INFO - [2026-04-25T08:47:29.852+0000] {dag.py:3239} INFO - Sync 1 DAGs
[2026-04-25T08:47:29.881+0000] {logging_mixin.py:190} INFO - [2026-04-25T08:47:29.881+0000] {dag.py:4180} INFO - Setting next_dagrun for system_dag to 2026-04-24T00:00:00+00:00, run_after=2026-04-25T00:00:00+00:00
[2026-04-25T08:47:29.909+0000] {processor.py:208} INFO - Processing /opt/airflow/dags/system_dag.py took 0.126 seconds
[2026-04-25T08:48:00.896+0000] {processor.py:186} INFO - Started process (PID=921) to work on /opt/airflow/dags/system_dag.py
[2026-04-25T08:48:00.897+0000] {processor.py:914} INFO - Processing file /opt/airflow/dags/system_dag.py for tasks to queue
[2026-04-25T08:48:00.900+0000] {logging_mixin.py:190} INFO - [2026-04-25T08:48:00.900+0000] {dagbag.py:588} INFO - Filling up the DagBag from /opt/airflow/dags/system_dag.py
[2026-04-25T08:48:00.917+0000] {processor.py:925} INFO - DAG(s) 'system_dag' retrieved from /opt/airflow/dags/system_dag.py
[2026-04-25T08:48:00.954+0000] {logging_mixin.py:190} INFO - [2026-04-25T08:48:00.954+0000] {dag.py:3239} INFO - Sync 1 DAGs
[2026-04-25T08:48:00.983+0000] {logging_mixin.py:190} INFO - [2026-04-25T08:48:00.983+0000] {dag.py:4180} INFO - Setting next_dagrun for system_dag to 2026-04-24T00:00:00+00:00, run_after=2026-04-25T00:00:00+00:00
[2026-04-25T08:48:01.004+0000] {processor.py:208} INFO - Processing /opt/airflow/dags/system_dag.py took 0.114 seconds
[2026-04-25T08:48:32.937+0000] {processor.py:186} INFO - Started process (PID=925) to work on /opt/airflow/dags/system_dag.py
[2026-04-25T08:48:32.938+0000] {processor.py:914} INFO - Processing file /opt/airflow/dags/system_dag.py for tasks to queue
[2026-04-25T08:48:32.940+0000] {logging_mixin.py:190} INFO - [2026-04-25T08:48:32.939+0000] {dagbag.py:588} INFO - Filling up the DagBag from /opt/airflow/dags/system_dag.py
[2026-04-25T08:48:32.958+0000] {processor.py:925} INFO - DAG(s) 'system_dag' retrieved from /opt/airflow/dags/system_dag.py
[2026-04-25T08:48:32.992+0000] {logging_mixin.py:190} INFO - [2026-04-25T08:48:32.992+0000] {dag.py:3239} INFO - Sync 1 DAGs
[2026-04-25T08:48:33.020+0000] {logging_mixin.py:190} INFO - [2026-04-25T08:48:33.019+0000] {dag.py:4180} INFO - Setting next_dagrun for system_dag to 2026-04-24T00:00:00+00:00, run_after=2026-04-25T00:00:00+00:00
[2026-04-25T08:48:33.039+0000] {processor.py:208} INFO - Processing /opt/airflow/dags/system_dag.py took 0.108 seconds
[2026-04-25T08:49:03.997+0000] {processor.py:186} INFO - Started process (PID=929) to work on /opt/airflow/dags/system_dag.py
[2026-04-25T08:49:03.998+0000] {processor.py:914} INFO - Processing file /opt/airflow/dags/system_dag.py for tasks to queue
[2026-04-25T08:49:04.000+0000] {logging_mixin.py:190} INFO - [2026-04-25T08:49:04.000+0000] {dagbag.py:588} INFO - Filling up the DagBag from /opt/airflow/dags/system_dag.py
[2026-04-25T08:49:04.017+0000] {processor.py:925} INFO - DAG(s) 'system_dag' retrieved from /opt/airflow/dags/system_dag.py
[2026-04-25T08:49:04.052+0000] {logging_mixin.py:190} INFO - [2026-04-25T08:49:04.052+0000] {dag.py:3239} INFO - Sync 1 DAGs
[2026-04-25T08:49:04.081+0000] {logging_mixin.py:190} INFO - [2026-04-25T08:49:04.081+0000] {dag.py:4180} INFO - Setting next_dagrun for system_dag to 2026-04-24T00:00:00+00:00, run_after=2026-04-25T00:00:00+00:00
[2026-04-25T08:49:04.101+0000] {processor.py:208} INFO - Processing /opt/airflow/dags/system_dag.py took 0.110 seconds
[2026-04-25T08:49:36.102+0000] {processor.py:186} INFO - Started process (PID=933) to work on /opt/airflow/dags/system_dag.py
[2026-04-25T08:49:36.103+0000] {processor.py:914} INFO - Processing file /opt/airflow/dags/system_dag.py for tasks to queue
[2026-04-25T08:49:36.109+0000] {logging_mixin.py:190} INFO - [2026-04-25T08:49:36.109+0000] {dagbag.py:588} INFO - Filling up the DagBag from /opt/airflow/dags/system_dag.py
[2026-04-25T08:49:36.152+0000] {processor.py:925} INFO - DAG(s) 'system_dag' retrieved from /opt/airflow/dags/system_dag.py
[2026-04-25T08:49:36.243+0000] {logging_mixin.py:190} INFO - [2026-04-25T08:49:36.242+0000] {dag.py:3239} INFO - Sync 1 DAGs
[2026-04-25T08:49:36.328+0000] {logging_mixin.py:190} INFO - [2026-04-25T08:49:36.327+0000] {dag.py:4180} INFO - Setting next_dagrun for system_dag to 2026-04-24T00:00:00+00:00, run_after=2026-04-25T00:00:00+00:00
[2026-04-25T08:49:36.366+0000] {processor.py:208} INFO - Processing /opt/airflow/dags/system_dag.py took 0.273 seconds
[2026-04-25T08:50:06.515+0000] {processor.py:186} INFO - Started process (PID=937) to work on /opt/airflow/dags/system_dag.py
[2026-04-25T08:50:06.516+0000] {processor.py:914} INFO - Processing file /opt/airflow/dags/system_dag.py for tasks to queue
[2026-04-25T08:50:06.517+0000] {logging_mixin.py:190} INFO - [2026-04-25T08:50:06.517+0000] {dagbag.py:588} INFO - Filling up the DagBag from /opt/airflow/dags/system_dag.py
[2026-04-25T08:50:06.540+0000] {processor.py:925} INFO - DAG(s) 'system_dag' retrieved from /opt/airflow/dags/system_dag.py
[2026-04-25T08:50:06.581+0000] {logging_mixin.py:190} INFO - [2026-04-25T08:50:06.581+0000] {dag.py:3239} INFO - Sync 1 DAGs
[2026-04-25T08:50:06.615+0000] {logging_mixin.py:190} INFO - [2026-04-25T08:50:06.615+0000] {dag.py:4180} INFO - Setting next_dagrun for system_dag to 2026-04-24T00:00:00+00:00, run_after=2026-04-25T00:00:00+00:00
[2026-04-25T08:50:06.645+0000] {processor.py:208} INFO - Processing /opt/airflow/dags/system_dag.py took 0.137 seconds
[2026-04-25T08:50:38.412+0000] {processor.py:186} INFO - Started process (PID=941) to work on /opt/airflow/dags/system_dag.py
[2026-04-25T08:50:38.413+0000] {processor.py:914} INFO - Processing file /opt/airflow/dags/system_dag.py for tasks to queue
[2026-04-25T08:50:38.415+0000] {logging_mixin.py:190} INFO - [2026-04-25T08:50:38.414+0000] {dagbag.py:588} INFO - Filling up the DagBag from /opt/airflow/dags/system_dag.py
[2026-04-25T08:50:38.433+0000] {processor.py:925} INFO - DAG(s) 'system_dag' retrieved from /opt/airflow/dags/system_dag.py
[2026-04-25T08:50:38.471+0000] {logging_mixin.py:190} INFO - [2026-04-25T08:50:38.471+0000] {dag.py:3239} INFO - Sync 1 DAGs
[2026-04-25T08:50:38.506+0000] {logging_mixin.py:190} INFO - [2026-04-25T08:50:38.506+0000] {dag.py:4180} INFO - Setting next_dagrun for system_dag to 2026-04-24T00:00:00+00:00, run_after=2026-04-25T00:00:00+00:00
[2026-04-25T08:50:38.556+0000] {processor.py:208} INFO - Processing /opt/airflow/dags/system_dag.py took 0.150 seconds
[2026-04-25T08:51:10.544+0000] {processor.py:186} INFO - Started process (PID=945) to work on /opt/airflow/dags/system_dag.py
[2026-04-25T08:51:10.545+0000] {processor.py:914} INFO - Processing file /opt/airflow/dags/system_dag.py for tasks to queue
[2026-04-25T08:51:10.547+0000] {logging_mixin.py:190} INFO - [2026-04-25T08:51:10.547+0000] {dagbag.py:588} INFO - Filling up the DagBag from /opt/airflow/dags/system_dag.py
[2026-04-25T08:51:10.565+0000] {processor.py:925} INFO - DAG(s) 'system_dag' retrieved from /opt/airflow/dags/system_dag.py
[2026-04-25T08:51:10.602+0000] {logging_mixin.py:190} INFO - [2026-04-25T08:51:10.602+0000] {dag.py:3239} INFO - Sync 1 DAGs
[2026-04-25T08:51:10.628+0000] {logging_mixin.py:190} INFO - [2026-04-25T08:51:10.628+0000] {dag.py:4180} INFO - Setting next_dagrun for system_dag to 2026-04-24T00:00:00+00:00, run_after=2026-04-25T00:00:00+00:00
[2026-04-25T08:51:10.653+0000] {processor.py:208} INFO - Processing /opt/airflow/dags/system_dag.py took 0.116 seconds
[2026-04-25T08:51:41.605+0000] {processor.py:186} INFO - Started process (PID=949) to work on /opt/airflow/dags/system_dag.py
[2026-04-25T08:51:41.606+0000] {processor.py:914} INFO - Processing file /opt/airflow/dags/system_dag.py for tasks to queue
[2026-04-25T08:51:41.607+0000] {logging_mixin.py:190} INFO - [2026-04-25T08:51:41.607+0000] {dagbag.py:588} INFO - Filling up the DagBag from /opt/airflow/dags/system_dag.py
[2026-04-25T08:51:41.627+0000] {processor.py:925} INFO - DAG(s) 'system_dag' retrieved from /opt/airflow/dags/system_dag.py
[2026-04-25T08:51:41.668+0000] {logging_mixin.py:190} INFO - [2026-04-25T08:51:41.668+0000] {dag.py:3239} INFO - Sync 1 DAGs
[2026-04-25T08:51:41.704+0000] {logging_mixin.py:190} INFO - [2026-04-25T08:51:41.704+0000] {dag.py:4180} INFO - Setting next_dagrun for system_dag to 2026-04-24T00:00:00+00:00, run_after=2026-04-25T00:00:00+00:00
[2026-04-25T08:51:41.736+0000] {processor.py:208} INFO - Processing /opt/airflow/dags/system_dag.py took 0.138 seconds
[2026-04-25T08:52:13.730+0000] {processor.py:186} INFO - Started process (PID=953) to work on /opt/airflow/dags/system_dag.py
[2026-04-25T08:52:13.731+0000] {processor.py:914} INFO - Processing file /opt/airflow/dags/system_dag.py for tasks to queue
[2026-04-25T08:52:13.732+0000] {logging_mixin.py:190} INFO - [2026-04-25T08:52:13.732+0000] {dagbag.py:588} INFO - Filling up the DagBag from /opt/airflow/dags/system_dag.py
[2026-04-25T08:52:13.753+0000] {processor.py:925} INFO - DAG(s) 'system_dag' retrieved from /opt/airflow/dags/system_dag.py
[2026-04-25T08:52:13.789+0000] {logging_mixin.py:190} INFO - [2026-04-25T08:52:13.788+0000] {dag.py:3239} INFO - Sync 1 DAGs
[2026-04-25T08:52:13.817+0000] {logging_mixin.py:190} INFO - [2026-04-25T08:52:13.817+0000] {dag.py:4180} INFO - Setting next_dagrun for system_dag to 2026-04-24T00:00:00+00:00, run_after=2026-04-25T00:00:00+00:00
[2026-04-25T08:52:13.844+0000] {processor.py:208} INFO - Processing /opt/airflow/dags/system_dag.py took 0.121 seconds
[2026-04-25T08:52:44.758+0000] {processor.py:186} INFO - Started process (PID=957) to work on /opt/airflow/dags/system_dag.py
[2026-04-25T08:52:44.759+0000] {processor.py:914} INFO - Processing file /opt/airflow/dags/system_dag.py for tasks to queue
[2026-04-25T08:52:44.761+0000] {logging_mixin.py:190} INFO - [2026-04-25T08:52:44.760+0000] {dagbag.py:588} INFO - Filling up the DagBag from /opt/airflow/dags/system_dag.py
[2026-04-25T08:52:44.790+0000] {processor.py:925} INFO - DAG(s) 'system_dag' retrieved from /opt/airflow/dags/system_dag.py
[2026-04-25T08:52:44.847+0000] {logging_mixin.py:190} INFO - [2026-04-25T08:52:44.847+0000] {dag.py:3239} INFO - Sync 1 DAGs
[2026-04-25T08:52:44.900+0000] {logging_mixin.py:190} INFO - [2026-04-25T08:52:44.900+0000] {dag.py:4180} INFO - Setting next_dagrun for system_dag to 2026-04-24T00:00:00+00:00, run_after=2026-04-25T00:00:00+00:00
[2026-04-25T08:52:44.935+0000] {processor.py:208} INFO - Processing /opt/airflow/dags/system_dag.py took 0.185 seconds
[2026-04-25T08:53:15.968+0000] {processor.py:186} INFO - Started process (PID=961) to work on /opt/airflow/dags/system_dag.py
[2026-04-25T08:53:15.968+0000] {processor.py:914} INFO - Processing file /opt/airflow/dags/system_dag.py for tasks to queue
[2026-04-25T08:53:15.970+0000] {logging_mixin.py:190} INFO - [2026-04-25T08:53:15.969+0000] {dagbag.py:588} INFO - Filling up the DagBag from /opt/airflow/dags/system_dag.py
[2026-04-25T08:53:15.990+0000] {processor.py:925} INFO - DAG(s) 'system_dag' retrieved from /opt/airflow/dags/system_dag.py
[2026-04-25T08:53:16.027+0000] {logging_mixin.py:190} INFO - [2026-04-25T08:53:16.027+0000] {dag.py:3239} INFO - Sync 1 DAGs
[2026-04-25T08:53:16.053+0000] {logging_mixin.py:190} INFO - [2026-04-25T08:53:16.053+0000] {dag.py:4180} INFO - Setting next_dagrun for system_dag to 2026-04-24T00:00:00+00:00, run_after=2026-04-25T00:00:00+00:00
[2026-04-25T08:53:16.075+0000] {processor.py:208} INFO - Processing /opt/airflow/dags/system_dag.py took 0.114 seconds
[2026-04-25T08:53:48.103+0000] {processor.py:186} INFO - Started process (PID=965) to work on /opt/airflow/dags/system_dag.py
[2026-04-25T08:53:48.104+0000] {processor.py:914} INFO - Processing file /opt/airflow/dags/system_dag.py for tasks to queue
[2026-04-25T08:53:48.106+0000] {logging_mixin.py:190} INFO - [2026-04-25T08:53:48.106+0000] {dagbag.py:588} INFO - Filling up the DagBag from /opt/airflow/dags/system_dag.py
[2026-04-25T08:53:48.128+0000] {processor.py:925} INFO - DAG(s) 'system_dag' retrieved from /opt/airflow/dags/system_dag.py
[2026-04-25T08:53:48.171+0000] {logging_mixin.py:190} INFO - [2026-04-25T08:53:48.170+0000] {dag.py:3239} INFO - Sync 1 DAGs
[2026-04-25T08:53:48.213+0000] {logging_mixin.py:190} INFO - [2026-04-25T08:53:48.213+0000] {dag.py:4180} INFO - Setting next_dagrun for system_dag to 2026-04-24T00:00:00+00:00, run_after=2026-04-25T00:00:00+00:00
[2026-04-25T08:53:48.256+0000] {processor.py:208} INFO - Processing /opt/airflow/dags/system_dag.py took 0.162 seconds
[2026-04-25T08:54:19.230+0000] {processor.py:186} INFO - Started process (PID=969) to work on /opt/airflow/dags/system_dag.py
[2026-04-25T08:54:19.231+0000] {processor.py:914} INFO - Processing file /opt/airflow/dags/system_dag.py for tasks to queue
[2026-04-25T08:54:19.233+0000] {logging_mixin.py:190} INFO - [2026-04-25T08:54:19.232+0000] {dagbag.py:588} INFO - Filling up the DagBag from /opt/airflow/dags/system_dag.py
[2026-04-25T08:54:19.252+0000] {processor.py:925} INFO - DAG(s) 'system_dag' retrieved from /opt/airflow/dags/system_dag.py
[2026-04-25T08:54:19.300+0000] {logging_mixin.py:190} INFO - [2026-04-25T08:54:19.299+0000] {dag.py:3239} INFO - Sync 1 DAGs
[2026-04-25T08:54:19.336+0000] {logging_mixin.py:190} INFO - [2026-04-25T08:54:19.336+0000] {dag.py:4180} INFO - Setting next_dagrun for system_dag to 2026-04-24T00:00:00+00:00, run_after=2026-04-25T00:00:00+00:00
[2026-04-25T08:54:19.364+0000] {processor.py:208} INFO - Processing /opt/airflow/dags/system_dag.py took 0.140 seconds
[2026-04-25T08:54:50.517+0000] {processor.py:186} INFO - Started process (PID=973) to work on /opt/airflow/dags/system_dag.py
[2026-04-25T08:54:50.518+0000] {processor.py:914} INFO - Processing file /opt/airflow/dags/system_dag.py for tasks to queue
[2026-04-25T08:54:50.520+0000] {logging_mixin.py:190} INFO - [2026-04-25T08:54:50.519+0000] {dagbag.py:588} INFO - Filling up the DagBag from /opt/airflow/dags/system_dag.py
[2026-04-25T08:54:50.541+0000] {processor.py:925} INFO - DAG(s) 'system_dag' retrieved from /opt/airflow/dags/system_dag.py
[2026-04-25T08:54:50.582+0000] {logging_mixin.py:190} INFO - [2026-04-25T08:54:50.582+0000] {dag.py:3239} INFO - Sync 1 DAGs
[2026-04-25T08:54:50.616+0000] {logging_mixin.py:190} INFO - [2026-04-25T08:54:50.616+0000] {dag.py:4180} INFO - Setting next_dagrun for system_dag to 2026-04-24T00:00:00+00:00, run_after=2026-04-25T00:00:00+00:00
[2026-04-25T08:54:50.642+0000] {processor.py:208} INFO - Processing /opt/airflow/dags/system_dag.py took 0.132 seconds
[2026-04-25T08:55:22.635+0000] {processor.py:186} INFO - Started process (PID=977) to work on /opt/airflow/dags/system_dag.py
[2026-04-25T08:55:22.636+0000] {processor.py:914} INFO - Processing file /opt/airflow/dags/system_dag.py for tasks to queue
[2026-04-25T08:55:22.637+0000] {logging_mixin.py:190} INFO - [2026-04-25T08:55:22.637+0000] {dagbag.py:588} INFO - Filling up the DagBag from /opt/airflow/dags/system_dag.py
[2026-04-25T08:55:22.657+0000] {processor.py:925} INFO - DAG(s) 'system_dag' retrieved from /opt/airflow/dags/system_dag.py
[2026-04-25T08:55:22.693+0000] {logging_mixin.py:190} INFO - [2026-04-25T08:55:22.693+0000] {dag.py:3239} INFO - Sync 1 DAGs
[2026-04-25T08:55:22.720+0000] {logging_mixin.py:190} INFO - [2026-04-25T08:55:22.720+0000] {dag.py:4180} INFO - Setting next_dagrun for system_dag to 2026-04-24T00:00:00+00:00, run_after=2026-04-25T00:00:00+00:00
[2026-04-25T08:55:22.740+0000] {processor.py:208} INFO - Processing /opt/airflow/dags/system_dag.py took 0.113 seconds
[2026-04-25T08:55:53.753+0000] {processor.py:186} INFO - Started process (PID=981) to work on /opt/airflow/dags/system_dag.py
[2026-04-25T08:55:53.754+0000] {processor.py:914} INFO - Processing file /opt/airflow/dags/system_dag.py for tasks to queue
[2026-04-25T08:55:53.755+0000] {logging_mixin.py:190} INFO - [2026-04-25T08:55:53.755+0000] {dagbag.py:588} INFO - Filling up the DagBag from /opt/airflow/dags/system_dag.py
[2026-04-25T08:55:53.779+0000] {processor.py:925} INFO - DAG(s) 'system_dag' retrieved from /opt/airflow/dags/system_dag.py
[2026-04-25T08:55:53.822+0000] {logging_mixin.py:190} INFO - [2026-04-25T08:55:53.822+0000] {dag.py:3239} INFO - Sync 1 DAGs
[2026-04-25T08:55:53.856+0000] {logging_mixin.py:190} INFO - [2026-04-25T08:55:53.856+0000] {dag.py:4180} INFO - Setting next_dagrun for system_dag to 2026-04-24T00:00:00+00:00, run_after=2026-04-25T00:00:00+00:00
[2026-04-25T08:55:53.881+0000] {processor.py:208} INFO - Processing /opt/airflow/dags/system_dag.py took 0.135 seconds
[2026-04-25T08:56:25.001+0000] {processor.py:186} INFO - Started process (PID=985) to work on /opt/airflow/dags/system_dag.py
[2026-04-25T08:56:25.002+0000] {processor.py:914} INFO - Processing file /opt/airflow/dags/system_dag.py for tasks to queue
[2026-04-25T08:56:25.004+0000] {logging_mixin.py:190} INFO - [2026-04-25T08:56:25.004+0000] {dagbag.py:588} INFO - Filling up the DagBag from /opt/airflow/dags/system_dag.py
[2026-04-25T08:56:25.023+0000] {processor.py:925} INFO - DAG(s) 'system_dag' retrieved from /opt/airflow/dags/system_dag.py
[2026-04-25T08:56:25.058+0000] {logging_mixin.py:190} INFO - [2026-04-25T08:56:25.058+0000] {dag.py:3239} INFO - Sync 1 DAGs
[2026-04-25T08:56:25.085+0000] {logging_mixin.py:190} INFO - [2026-04-25T08:56:25.085+0000] {dag.py:4180} INFO - Setting next_dagrun for system_dag to 2026-04-24T00:00:00+00:00, run_after=2026-04-25T00:00:00+00:00
[2026-04-25T08:56:25.106+0000] {processor.py:208} INFO - Processing /opt/airflow/dags/system_dag.py took 0.111 seconds
[2026-04-25T08:56:57.177+0000] {processor.py:186} INFO - Started process (PID=989) to work on /opt/airflow/dags/system_dag.py
[2026-04-25T08:56:57.178+0000] {processor.py:914} INFO - Processing file /opt/airflow/dags/system_dag.py for tasks to queue
[2026-04-25T08:56:57.179+0000] {logging_mixin.py:190} INFO - [2026-04-25T08:56:57.179+0000] {dagbag.py:588} INFO - Filling up the DagBag from /opt/airflow/dags/system_dag.py
[2026-04-25T08:56:57.211+0000] {processor.py:925} INFO - DAG(s) 'system_dag' retrieved from /opt/airflow/dags/system_dag.py
[2026-04-25T08:56:57.265+0000] {logging_mixin.py:190} INFO - [2026-04-25T08:56:57.264+0000] {dag.py:3239} INFO - Sync 1 DAGs
[2026-04-25T08:56:57.321+0000] {logging_mixin.py:190} INFO - [2026-04-25T08:56:57.321+0000] {dag.py:4180} INFO - Setting next_dagrun for system_dag to 2026-04-24T00:00:00+00:00, run_after=2026-04-25T00:00:00+00:00
[2026-04-25T08:56:57.372+0000] {processor.py:208} INFO - Processing /opt/airflow/dags/system_dag.py took 0.202 seconds
[2026-04-25T08:57:28.279+0000] {processor.py:186} INFO - Started process (PID=993) to work on /opt/airflow/dags/system_dag.py
[2026-04-25T08:57:28.280+0000] {processor.py:914} INFO - Processing file /opt/airflow/dags/system_dag.py for tasks to queue
[2026-04-25T08:57:28.281+0000] {logging_mixin.py:190} INFO - [2026-04-25T08:57:28.281+0000] {dagbag.py:588} INFO - Filling up the DagBag from /opt/airflow/dags/system_dag.py
[2026-04-25T08:57:28.302+0000] {processor.py:925} INFO - DAG(s) 'system_dag' retrieved from /opt/airflow/dags/system_dag.py
[2026-04-25T08:57:28.343+0000] {logging_mixin.py:190} INFO - [2026-04-25T08:57:28.343+0000] {dag.py:3239} INFO - Sync 1 DAGs
[2026-04-25T08:57:28.374+0000] {logging_mixin.py:190} INFO - [2026-04-25T08:57:28.374+0000] {dag.py:4180} INFO - Setting next_dagrun for system_dag to 2026-04-24T00:00:00+00:00, run_after=2026-04-25T00:00:00+00:00
[2026-04-25T08:57:28.396+0000] {processor.py:208} INFO - Processing /opt/airflow/dags/system_dag.py took 0.127 seconds
[2026-04-25T08:58:00.387+0000] {processor.py:186} INFO - Started process (PID=997) to work on /opt/airflow/dags/system_dag.py
[2026-04-25T08:58:00.388+0000] {processor.py:914} INFO - Processing file /opt/airflow/dags/system_dag.py for tasks to queue
[2026-04-25T08:58:00.389+0000] {logging_mixin.py:190} INFO - [2026-04-25T08:58:00.389+0000] {dagbag.py:588} INFO - Filling up the DagBag from /opt/airflow/dags/system_dag.py
[2026-04-25T08:58:00.408+0000] {processor.py:925} INFO - DAG(s) 'system_dag' retrieved from /opt/airflow/dags/system_dag.py
[2026-04-25T08:58:00.445+0000] {logging_mixin.py:190} INFO - [2026-04-25T08:58:00.445+0000] {dag.py:3239} INFO - Sync 1 DAGs
[2026-04-25T08:58:00.471+0000] {logging_mixin.py:190} INFO - [2026-04-25T08:58:00.471+0000] {dag.py:4180} INFO - Setting next_dagrun for system_dag to 2026-04-24T00:00:00+00:00, run_after=2026-04-25T00:00:00+00:00
[2026-04-25T08:58:00.492+0000] {processor.py:208} INFO - Processing /opt/airflow/dags/system_dag.py took 0.111 seconds
[2026-04-25T08:58:31.545+0000] {processor.py:186} INFO - Started process (PID=1001) to work on /opt/airflow/dags/system_dag.py
[2026-04-25T08:58:31.546+0000] {processor.py:914} INFO - Processing file /opt/airflow/dags/system_dag.py for tasks to queue
[2026-04-25T08:58:31.548+0000] {logging_mixin.py:190} INFO - [2026-04-25T08:58:31.548+0000] {dagbag.py:588} INFO - Filling up the DagBag from /opt/airflow/dags/system_dag.py
[2026-04-25T08:58:31.577+0000] {processor.py:925} INFO - DAG(s) 'system_dag' retrieved from /opt/airflow/dags/system_dag.py
[2026-04-25T08:58:31.621+0000] {logging_mixin.py:190} INFO - [2026-04-25T08:58:31.621+0000] {dag.py:3239} INFO - Sync 1 DAGs
[2026-04-25T08:58:31.657+0000] {logging_mixin.py:190} INFO - [2026-04-25T08:58:31.657+0000] {dag.py:4180} INFO - Setting next_dagrun for system_dag to 2026-04-24T00:00:00+00:00, run_after=2026-04-25T00:00:00+00:00
[2026-04-25T08:58:31.687+0000] {processor.py:208} INFO - Processing /opt/airflow/dags/system_dag.py took 0.153 seconds
[2026-04-25T08:59:02.739+0000] {processor.py:186} INFO - Started process (PID=1005) to work on /opt/airflow/dags/system_dag.py
[2026-04-25T08:59:02.740+0000] {processor.py:914} INFO - Processing file /opt/airflow/dags/system_dag.py for tasks to queue
[2026-04-25T08:59:02.742+0000] {logging_mixin.py:190} INFO - [2026-04-25T08:59:02.741+0000] {dagbag.py:588} INFO - Filling up the DagBag from /opt/airflow/dags/system_dag.py
[2026-04-25T08:59:02.767+0000] {processor.py:925} INFO - DAG(s) 'system_dag' retrieved from /opt/airflow/dags/system_dag.py
[2026-04-25T08:59:02.812+0000] {logging_mixin.py:190} INFO - [2026-04-25T08:59:02.812+0000] {dag.py:3239} INFO - Sync 1 DAGs
[2026-04-25T08:59:02.850+0000] {logging_mixin.py:190} INFO - [2026-04-25T08:59:02.850+0000] {dag.py:4180} INFO - Setting next_dagrun for system_dag to 2026-04-24T00:00:00+00:00, run_after=2026-04-25T00:00:00+00:00
[2026-04-25T08:59:02.882+0000] {processor.py:208} INFO - Processing /opt/airflow/dags/system_dag.py took 0.151 seconds
[2026-04-25T08:59:34.876+0000] {processor.py:186} INFO - Started process (PID=1009) to work on /opt/airflow/dags/system_dag.py
[2026-04-25T08:59:34.876+0000] {processor.py:914} INFO - Processing file /opt/airflow/dags/system_dag.py for tasks to queue
[2026-04-25T08:59:34.878+0000] {logging_mixin.py:190} INFO - [2026-04-25T08:59:34.877+0000] {dagbag.py:588} INFO - Filling up the DagBag from /opt/airflow/dags/system_dag.py
[2026-04-25T08:59:34.899+0000] {processor.py:925} INFO - DAG(s) 'system_dag' retrieved from /opt/airflow/dags/system_dag.py
[2026-04-25T08:59:34.939+0000] {logging_mixin.py:190} INFO - [2026-04-25T08:59:34.939+0000] {dag.py:3239} INFO - Sync 1 DAGs
[2026-04-25T08:59:34.970+0000] {logging_mixin.py:190} INFO - [2026-04-25T08:59:34.969+0000] {dag.py:4180} INFO - Setting next_dagrun for system_dag to 2026-04-24T00:00:00+00:00, run_after=2026-04-25T00:00:00+00:00
[2026-04-25T08:59:34.997+0000] {processor.py:208} INFO - Processing /opt/airflow/dags/system_dag.py took 0.129 seconds
[2026-04-25T09:00:05.958+0000] {processor.py:186} INFO - Started process (PID=1013) to work on /opt/airflow/dags/system_dag.py
[2026-04-25T09:00:05.959+0000] {processor.py:914} INFO - Processing file /opt/airflow/dags/system_dag.py for tasks to queue
[2026-04-25T09:00:05.961+0000] {logging_mixin.py:190} INFO - [2026-04-25T09:00:05.960+0000] {dagbag.py:588} INFO - Filling up the DagBag from /opt/airflow/dags/system_dag.py
[2026-04-25T09:00:05.979+0000] {processor.py:925} INFO - DAG(s) 'system_dag' retrieved from /opt/airflow/dags/system_dag.py
[2026-04-25T09:00:06.013+0000] {logging_mixin.py:190} INFO - [2026-04-25T09:00:06.013+0000] {dag.py:3239} INFO - Sync 1 DAGs
[2026-04-25T09:00:06.040+0000] {logging_mixin.py:190} INFO - [2026-04-25T09:00:06.040+0000] {dag.py:4180} INFO - Setting next_dagrun for system_dag to 2026-04-24T00:00:00+00:00, run_after=2026-04-25T00:00:00+00:00
[2026-04-25T09:00:06.063+0000] {processor.py:208} INFO - Processing /opt/airflow/dags/system_dag.py took 0.113 seconds
[2026-04-25T09:00:38.054+0000] {processor.py:186} INFO - Started process (PID=1017) to work on /opt/airflow/dags/system_dag.py
[2026-04-25T09:00:38.055+0000] {processor.py:914} INFO - Processing file /opt/airflow/dags/system_dag.py for tasks to queue
[2026-04-25T09:00:38.056+0000] {logging_mixin.py:190} INFO - [2026-04-25T09:00:38.056+0000] {dagbag.py:588} INFO - Filling up the DagBag from /opt/airflow/dags/system_dag.py
[2026-04-25T09:00:38.075+0000] {processor.py:925} INFO - DAG(s) 'system_dag' retrieved from /opt/airflow/dags/system_dag.py
[2026-04-25T09:00:38.122+0000] {logging_mixin.py:190} INFO - [2026-04-25T09:00:38.121+0000] {dag.py:3239} INFO - Sync 1 DAGs
[2026-04-25T09:00:38.150+0000] {logging_mixin.py:190} INFO - [2026-04-25T09:00:38.149+0000] {dag.py:4180} INFO - Setting next_dagrun for system_dag to 2026-04-24T00:00:00+00:00, run_after=2026-04-25T00:00:00+00:00
[2026-04-25T09:00:38.172+0000] {processor.py:208} INFO - Processing /opt/airflow/dags/system_dag.py took 0.125 seconds
[2026-04-25T09:01:09.218+0000] {processor.py:186} INFO - Started process (PID=1021) to work on /opt/airflow/dags/system_dag.py
[2026-04-25T09:01:09.219+0000] {processor.py:914} INFO - Processing file /opt/airflow/dags/system_dag.py for tasks to queue
[2026-04-25T09:01:09.221+0000] {logging_mixin.py:190} INFO - [2026-04-25T09:01:09.220+0000] {dagbag.py:588} INFO - Filling up the DagBag from /opt/airflow/dags/system_dag.py
[2026-04-25T09:01:09.241+0000] {processor.py:925} INFO - DAG(s) 'system_dag' retrieved from /opt/airflow/dags/system_dag.py
[2026-04-25T09:01:09.305+0000] {logging_mixin.py:190} INFO - [2026-04-25T09:01:09.305+0000] {dag.py:3239} INFO - Sync 1 DAGs
[2026-04-25T09:01:09.339+0000] {logging_mixin.py:190} INFO - [2026-04-25T09:01:09.339+0000] {dag.py:4180} INFO - Setting next_dagrun for system_dag to 2026-04-24T00:00:00+00:00, run_after=2026-04-25T00:00:00+00:00
[2026-04-25T09:01:09.362+0000] {processor.py:208} INFO - Processing /opt/airflow/dags/system_dag.py took 0.151 seconds
[2026-04-25T09:01:40.364+0000] {processor.py:186} INFO - Started process (PID=1025) to work on /opt/airflow/dags/system_dag.py
[2026-04-25T09:01:40.365+0000] {processor.py:914} INFO - Processing file /opt/airflow/dags/system_dag.py for tasks to queue
[2026-04-25T09:01:40.369+0000] {logging_mixin.py:190} INFO - [2026-04-25T09:01:40.368+0000] {dagbag.py:588} INFO - Filling up the DagBag from /opt/airflow/dags/system_dag.py
[2026-04-25T09:01:40.391+0000] {processor.py:925} INFO - DAG(s) 'system_dag' retrieved from /opt/airflow/dags/system_dag.py
[2026-04-25T09:01:40.427+0000] {logging_mixin.py:190} INFO - [2026-04-25T09:01:40.427+0000] {dag.py:3239} INFO - Sync 1 DAGs
[2026-04-25T09:01:40.456+0000] {logging_mixin.py:190} INFO - [2026-04-25T09:01:40.456+0000] {dag.py:4180} INFO - Setting next_dagrun for system_dag to 2026-04-24T00:00:00+00:00, run_after=2026-04-25T00:00:00+00:00
[2026-04-25T09:01:40.476+0000] {processor.py:208} INFO - Processing /opt/airflow/dags/system_dag.py took 0.120 seconds
[2026-04-25T09:02:12.465+0000] {processor.py:186} INFO - Started process (PID=1029) to work on /opt/airflow/dags/system_dag.py
[2026-04-25T09:02:12.466+0000] {processor.py:914} INFO - Processing file /opt/airflow/dags/system_dag.py for tasks to queue
[2026-04-25T09:02:12.467+0000] {logging_mixin.py:190} INFO - [2026-04-25T09:02:12.467+0000] {dagbag.py:588} INFO - Filling up the DagBag from /opt/airflow/dags/system_dag.py
[2026-04-25T09:02:12.498+0000] {processor.py:925} INFO - DAG(s) 'system_dag' retrieved from /opt/airflow/dags/system_dag.py
[2026-04-25T09:02:12.541+0000] {logging_mixin.py:190} INFO - [2026-04-25T09:02:12.541+0000] {dag.py:3239} INFO - Sync 1 DAGs
[2026-04-25T09:02:12.576+0000] {logging_mixin.py:190} INFO - [2026-04-25T09:02:12.576+0000] {dag.py:4180} INFO - Setting next_dagrun for system_dag to 2026-04-24T00:00:00+00:00, run_after=2026-04-25T00:00:00+00:00
[2026-04-25T09:02:12.601+0000] {processor.py:208} INFO - Processing /opt/airflow/dags/system_dag.py took 0.143 seconds
[2026-04-25T09:02:43.638+0000] {processor.py:186} INFO - Started process (PID=1033) to work on /opt/airflow/dags/system_dag.py
[2026-04-25T09:02:43.639+0000] {processor.py:914} INFO - Processing file /opt/airflow/dags/system_dag.py for tasks to queue
[2026-04-25T09:02:43.640+0000] {logging_mixin.py:190} INFO - [2026-04-25T09:02:43.640+0000] {dagbag.py:588} INFO - Filling up the DagBag from /opt/airflow/dags/system_dag.py
[2026-04-25T09:02:43.660+0000] {processor.py:925} INFO - DAG(s) 'system_dag' retrieved from /opt/airflow/dags/system_dag.py
[2026-04-25T09:02:43.698+0000] {logging_mixin.py:190} INFO - [2026-04-25T09:02:43.698+0000] {dag.py:3239} INFO - Sync 1 DAGs
[2026-04-25T09:02:43.730+0000] {logging_mixin.py:190} INFO - [2026-04-25T09:02:43.729+0000] {dag.py:4180} INFO - Setting next_dagrun for system_dag to 2026-04-24T00:00:00+00:00, run_after=2026-04-25T00:00:00+00:00
[2026-04-25T09:02:43.752+0000] {processor.py:208} INFO - Processing /opt/airflow/dags/system_dag.py took 0.121 seconds
[2026-04-25T09:03:15.782+0000] {processor.py:186} INFO - Started process (PID=1037) to work on /opt/airflow/dags/system_dag.py
[2026-04-25T09:03:15.782+0000] {processor.py:914} INFO - Processing file /opt/airflow/dags/system_dag.py for tasks to queue
[2026-04-25T09:03:15.784+0000] {logging_mixin.py:190} INFO - [2026-04-25T09:03:15.783+0000] {dagbag.py:588} INFO - Filling up the DagBag from /opt/airflow/dags/system_dag.py
[2026-04-25T09:03:15.801+0000] {processor.py:925} INFO - DAG(s) 'system_dag' retrieved from /opt/airflow/dags/system_dag.py
[2026-04-25T09:03:15.838+0000] {logging_mixin.py:190} INFO - [2026-04-25T09:03:15.838+0000] {dag.py:3239} INFO - Sync 1 DAGs
[2026-04-25T09:03:15.870+0000] {logging_mixin.py:190} INFO - [2026-04-25T09:03:15.869+0000] {dag.py:4180} INFO - Setting next_dagrun for system_dag to 2026-04-24T00:00:00+00:00, run_after=2026-04-25T00:00:00+00:00
[2026-04-25T09:03:15.897+0000] {processor.py:208} INFO - Processing /opt/airflow/dags/system_dag.py took 0.122 seconds
[2026-04-25T09:03:46.912+0000] {processor.py:186} INFO - Started process (PID=1041) to work on /opt/airflow/dags/system_dag.py
[2026-04-25T09:03:46.912+0000] {processor.py:914} INFO - Processing file /opt/airflow/dags/system_dag.py for tasks to queue
[2026-04-25T09:03:46.914+0000] {logging_mixin.py:190} INFO - [2026-04-25T09:03:46.913+0000] {dagbag.py:588} INFO - Filling up the DagBag from /opt/airflow/dags/system_dag.py
[2026-04-25T09:03:46.932+0000] {processor.py:925} INFO - DAG(s) 'system_dag' retrieved from /opt/airflow/dags/system_dag.py
[2026-04-25T09:03:46.968+0000] {logging_mixin.py:190} INFO - [2026-04-25T09:03:46.968+0000] {dag.py:3239} INFO - Sync 1 DAGs
[2026-04-25T09:03:46.996+0000] {logging_mixin.py:190} INFO - [2026-04-25T09:03:46.995+0000] {dag.py:4180} INFO - Setting next_dagrun for system_dag to 2026-04-24T00:00:00+00:00, run_after=2026-04-25T00:00:00+00:00
[2026-04-25T09:03:47.020+0000] {processor.py:208} INFO - Processing /opt/airflow/dags/system_dag.py took 0.117 seconds
[2026-04-25T09:04:18.021+0000] {processor.py:186} INFO - Started process (PID=1045) to work on /opt/airflow/dags/system_dag.py
[2026-04-25T09:04:18.022+0000] {processor.py:914} INFO - Processing file /opt/airflow/dags/system_dag.py for tasks to queue
[2026-04-25T09:04:18.023+0000] {logging_mixin.py:190} INFO - [2026-04-25T09:04:18.023+0000] {dagbag.py:588} INFO - Filling up the DagBag from /opt/airflow/dags/system_dag.py
[2026-04-25T09:04:18.041+0000] {processor.py:925} INFO - DAG(s) 'system_dag' retrieved from /opt/airflow/dags/system_dag.py
[2026-04-25T09:04:18.074+0000] {logging_mixin.py:190} INFO - [2026-04-25T09:04:18.073+0000] {dag.py:3239} INFO - Sync 1 DAGs
[2026-04-25T09:04:18.101+0000] {logging_mixin.py:190} INFO - [2026-04-25T09:04:18.101+0000] {dag.py:4180} INFO - Setting next_dagrun for system_dag to 2026-04-24T00:00:00+00:00, run_after=2026-04-25T00:00:00+00:00
[2026-04-25T09:04:18.121+0000] {processor.py:208} INFO - Processing /opt/airflow/dags/system_dag.py took 0.106 seconds
[2026-04-25T09:04:50.208+0000] {processor.py:186} INFO - Started process (PID=1049) to work on /opt/airflow/dags/system_dag.py
[2026-04-25T09:04:50.209+0000] {processor.py:914} INFO - Processing file /opt/airflow/dags/system_dag.py for tasks to queue
[2026-04-25T09:04:50.211+0000] {logging_mixin.py:190} INFO - [2026-04-25T09:04:50.211+0000] {dagbag.py:588} INFO - Filling up the DagBag from /opt/airflow/dags/system_dag.py
[2026-04-25T09:04:50.236+0000] {processor.py:925} INFO - DAG(s) 'system_dag' retrieved from /opt/airflow/dags/system_dag.py
[2026-04-25T09:04:50.277+0000] {logging_mixin.py:190} INFO - [2026-04-25T09:04:50.277+0000] {dag.py:3239} INFO - Sync 1 DAGs
[2026-04-25T09:04:50.310+0000] {logging_mixin.py:190} INFO - [2026-04-25T09:04:50.309+0000] {dag.py:4180} INFO - Setting next_dagrun for system_dag to 2026-04-24T00:00:00+00:00, run_after=2026-04-25T00:00:00+00:00
[2026-04-25T09:04:50.337+0000] {processor.py:208} INFO - Processing /opt/airflow/dags/system_dag.py took 0.137 seconds
[2026-04-25T09:05:21.422+0000] {processor.py:186} INFO - Started process (PID=1053) to work on /opt/airflow/dags/system_dag.py
[2026-04-25T09:05:21.423+0000] {processor.py:914} INFO - Processing file /opt/airflow/dags/system_dag.py for tasks to queue
[2026-04-25T09:05:21.425+0000] {logging_mixin.py:190} INFO - [2026-04-25T09:05:21.424+0000] {dagbag.py:588} INFO - Filling up the DagBag from /opt/airflow/dags/system_dag.py
[2026-04-25T09:05:21.446+0000] {processor.py:925} INFO - DAG(s) 'system_dag' retrieved from /opt/airflow/dags/system_dag.py
[2026-04-25T09:05:21.483+0000] {logging_mixin.py:190} INFO - [2026-04-25T09:05:21.483+0000] {dag.py:3239} INFO - Sync 1 DAGs
[2026-04-25T09:05:21.511+0000] {logging_mixin.py:190} INFO - [2026-04-25T09:05:21.511+0000] {dag.py:4180} INFO - Setting next_dagrun for system_dag to 2026-04-24T00:00:00+00:00, run_after=2026-04-25T00:00:00+00:00
[2026-04-25T09:05:21.533+0000] {processor.py:208} INFO - Processing /opt/airflow/dags/system_dag.py took 0.118 seconds
[2026-04-25T09:05:52.624+0000] {processor.py:186} INFO - Started process (PID=1057) to work on /opt/airflow/dags/system_dag.py
[2026-04-25T09:05:52.625+0000] {processor.py:914} INFO - Processing file /opt/airflow/dags/system_dag.py for tasks to queue
[2026-04-25T09:05:52.626+0000] {logging_mixin.py:190} INFO - [2026-04-25T09:05:52.626+0000] {dagbag.py:588} INFO - Filling up the DagBag from /opt/airflow/dags/system_dag.py
[2026-04-25T09:05:52.647+0000] {processor.py:925} INFO - DAG(s) 'system_dag' retrieved from /opt/airflow/dags/system_dag.py
[2026-04-25T09:05:52.682+0000] {logging_mixin.py:190} INFO - [2026-04-25T09:05:52.682+0000] {dag.py:3239} INFO - Sync 1 DAGs
[2026-04-25T09:05:52.712+0000] {logging_mixin.py:190} INFO - [2026-04-25T09:05:52.712+0000] {dag.py:4180} INFO - Setting next_dagrun for system_dag to 2026-04-24T00:00:00+00:00, run_after=2026-04-25T00:00:00+00:00
[2026-04-25T09:05:52.742+0000] {processor.py:208} INFO - Processing /opt/airflow/dags/system_dag.py took 0.125 seconds
[2026-04-25T09:06:24.601+0000] {processor.py:186} INFO - Started process (PID=1061) to work on /opt/airflow/dags/system_dag.py
[2026-04-25T09:06:24.602+0000] {processor.py:914} INFO - Processing file /opt/airflow/dags/system_dag.py for tasks to queue
[2026-04-25T09:06:24.603+0000] {logging_mixin.py:190} INFO - [2026-04-25T09:06:24.602+0000] {dagbag.py:588} INFO - Filling up the DagBag from /opt/airflow/dags/system_dag.py
[2026-04-25T09:06:24.622+0000] {processor.py:925} INFO - DAG(s) 'system_dag' retrieved from /opt/airflow/dags/system_dag.py
[2026-04-25T09:06:24.663+0000] {logging_mixin.py:190} INFO - [2026-04-25T09:06:24.662+0000] {dag.py:3239} INFO - Sync 1 DAGs
[2026-04-25T09:06:24.700+0000] {logging_mixin.py:190} INFO - [2026-04-25T09:06:24.700+0000] {dag.py:4180} INFO - Setting next_dagrun for system_dag to 2026-04-24T00:00:00+00:00, run_after=2026-04-25T00:00:00+00:00
[2026-04-25T09:06:24.733+0000] {processor.py:208} INFO - Processing /opt/airflow/dags/system_dag.py took 0.138 seconds
[2026-04-25T09:06:54.821+0000] {processor.py:186} INFO - Started process (PID=1065) to work on /opt/airflow/dags/system_dag.py
[2026-04-25T09:06:54.821+0000] {processor.py:914} INFO - Processing file /opt/airflow/dags/system_dag.py for tasks to queue
[2026-04-25T09:06:54.822+0000] {logging_mixin.py:190} INFO - [2026-04-25T09:06:54.822+0000] {dagbag.py:588} INFO - Filling up the DagBag from /opt/airflow/dags/system_dag.py
[2026-04-25T09:06:54.841+0000] {processor.py:925} INFO - DAG(s) 'system_dag' retrieved from /opt/airflow/dags/system_dag.py
[2026-04-25T09:06:55.752+0000] {logging_mixin.py:190} INFO - [2026-04-25T09:06:55.752+0000] {dag.py:3239} INFO - Sync 1 DAGs
[2026-04-25T09:06:55.792+0000] {logging_mixin.py:190} INFO - [2026-04-25T09:06:55.791+0000] {dag.py:4180} INFO - Setting next_dagrun for system_dag to 2026-04-24T00:00:00+00:00, run_after=2026-04-25T00:00:00+00:00
[2026-04-25T09:06:55.830+0000] {processor.py:208} INFO - Processing /opt/airflow/dags/system_dag.py took 0.152 seconds
[2026-04-25T09:07:27.812+0000] {processor.py:186} INFO - Started process (PID=1069) to work on /opt/airflow/dags/system_dag.py
[2026-04-25T09:07:27.813+0000] {processor.py:914} INFO - Processing file /opt/airflow/dags/system_dag.py for tasks to queue
[2026-04-25T09:07:27.814+0000] {logging_mixin.py:190} INFO - [2026-04-25T09:07:27.814+0000] {dagbag.py:588} INFO - Filling up the DagBag from /opt/airflow/dags/system_dag.py
[2026-04-25T09:07:27.835+0000] {processor.py:925} INFO - DAG(s) 'system_dag' retrieved from /opt/airflow/dags/system_dag.py
[2026-04-25T09:07:27.883+0000] {logging_mixin.py:190} INFO - [2026-04-25T09:07:27.883+0000] {dag.py:3239} INFO - Sync 1 DAGs
[2026-04-25T09:07:27.929+0000] {logging_mixin.py:190} INFO - [2026-04-25T09:07:27.929+0000] {dag.py:4180} INFO - Setting next_dagrun for system_dag to 2026-04-24T00:00:00+00:00, run_after=2026-04-25T00:00:00+00:00
[2026-04-25T09:07:27.965+0000] {processor.py:208} INFO - Processing /opt/airflow/dags/system_dag.py took 0.159 seconds
[2026-04-25T09:07:58.949+0000] {processor.py:186} INFO - Started process (PID=1073) to work on /opt/airflow/dags/system_dag.py
[2026-04-25T09:07:58.950+0000] {processor.py:914} INFO - Processing file /opt/airflow/dags/system_dag.py for tasks to queue
[2026-04-25T09:07:58.951+0000] {logging_mixin.py:190} INFO - [2026-04-25T09:07:58.951+0000] {dagbag.py:588} INFO - Filling up the DagBag from /opt/airflow/dags/system_dag.py
[2026-04-25T09:07:58.977+0000] {processor.py:925} INFO - DAG(s) 'system_dag' retrieved from /opt/airflow/dags/system_dag.py
[2026-04-25T09:07:59.024+0000] {logging_mixin.py:190} INFO - [2026-04-25T09:07:59.023+0000] {dag.py:3239} INFO - Sync 1 DAGs
[2026-04-25T09:07:59.060+0000] {logging_mixin.py:190} INFO - [2026-04-25T09:07:59.060+0000] {dag.py:4180} INFO - Setting next_dagrun for system_dag to 2026-04-24T00:00:00+00:00, run_after=2026-04-25T00:00:00+00:00
[2026-04-25T09:07:59.104+0000] {processor.py:208} INFO - Processing /opt/airflow/dags/system_dag.py took 0.164 seconds
[2026-04-25T09:08:30.964+0000] {processor.py:186} INFO - Started process (PID=1077) to work on /opt/airflow/dags/system_dag.py
[2026-04-25T09:08:30.964+0000] {processor.py:914} INFO - Processing file /opt/airflow/dags/system_dag.py for tasks to queue
[2026-04-25T09:08:30.966+0000] {logging_mixin.py:190} INFO - [2026-04-25T09:08:30.966+0000] {dagbag.py:588} INFO - Filling up the DagBag from /opt/airflow/dags/system_dag.py
[2026-04-25T09:08:30.989+0000] {processor.py:925} INFO - DAG(s) 'system_dag' retrieved from /opt/airflow/dags/system_dag.py
[2026-04-25T09:08:31.035+0000] {logging_mixin.py:190} INFO - [2026-04-25T09:08:31.034+0000] {dag.py:3239} INFO - Sync 1 DAGs
[2026-04-25T09:08:31.069+0000] {logging_mixin.py:190} INFO - [2026-04-25T09:08:31.069+0000] {dag.py:4180} INFO - Setting next_dagrun for system_dag to 2026-04-24T00:00:00+00:00, run_after=2026-04-25T00:00:00+00:00
[2026-04-25T09:08:31.099+0000] {processor.py:208} INFO - Processing /opt/airflow/dags/system_dag.py took 0.142 seconds
[2026-04-25T09:09:01.932+0000] {processor.py:186} INFO - Started process (PID=1081) to work on /opt/airflow/dags/system_dag.py
[2026-04-25T09:09:01.933+0000] {processor.py:914} INFO - Processing file /opt/airflow/dags/system_dag.py for tasks to queue
[2026-04-25T09:09:01.937+0000] {logging_mixin.py:190} INFO - [2026-04-25T09:09:01.936+0000] {dagbag.py:588} INFO - Filling up the DagBag from /opt/airflow/dags/system_dag.py
[2026-04-25T09:09:01.960+0000] {processor.py:925} INFO - DAG(s) 'system_dag' retrieved from /opt/airflow/dags/system_dag.py
[2026-04-25T09:09:02.008+0000] {logging_mixin.py:190} INFO - [2026-04-25T09:09:02.008+0000] {dag.py:3239} INFO - Sync 1 DAGs
[2026-04-25T09:09:02.046+0000] {logging_mixin.py:190} INFO - [2026-04-25T09:09:02.046+0000] {dag.py:4180} INFO - Setting next_dagrun for system_dag to 2026-04-24T00:00:00+00:00, run_after=2026-04-25T00:00:00+00:00
[2026-04-25T09:09:02.080+0000] {processor.py:208} INFO - Processing /opt/airflow/dags/system_dag.py took 0.153 seconds
[2026-04-25T09:09:34.115+0000] {processor.py:186} INFO - Started process (PID=1085) to work on /opt/airflow/dags/system_dag.py
[2026-04-25T09:09:34.116+0000] {processor.py:914} INFO - Processing file /opt/airflow/dags/system_dag.py for tasks to queue
[2026-04-25T09:09:34.118+0000] {logging_mixin.py:190} INFO - [2026-04-25T09:09:34.117+0000] {dagbag.py:588} INFO - Filling up the DagBag from /opt/airflow/dags/system_dag.py
[2026-04-25T09:09:34.137+0000] {processor.py:925} INFO - DAG(s) 'system_dag' retrieved from /opt/airflow/dags/system_dag.py
[2026-04-25T09:09:34.175+0000] {logging_mixin.py:190} INFO - [2026-04-25T09:09:34.175+0000] {dag.py:3239} INFO - Sync 1 DAGs
[2026-04-25T09:09:34.212+0000] {logging_mixin.py:190} INFO - [2026-04-25T09:09:34.212+0000] {dag.py:4180} INFO - Setting next_dagrun for system_dag to 2026-04-24T00:00:00+00:00, run_after=2026-04-25T00:00:00+00:00
[2026-04-25T09:09:34.248+0000] {processor.py:208} INFO - Processing /opt/airflow/dags/system_dag.py took 0.138 seconds
[2026-04-25T09:10:05.172+0000] {processor.py:186} INFO - Started process (PID=1089) to work on /opt/airflow/dags/system_dag.py
[2026-04-25T09:10:05.172+0000] {processor.py:914} INFO - Processing file /opt/airflow/dags/system_dag.py for tasks to queue
[2026-04-25T09:10:05.174+0000] {logging_mixin.py:190} INFO - [2026-04-25T09:10:05.174+0000] {dagbag.py:588} INFO - Filling up the DagBag from /opt/airflow/dags/system_dag.py
[2026-04-25T09:10:05.191+0000] {processor.py:925} INFO - DAG(s) 'system_dag' retrieved from /opt/airflow/dags/system_dag.py
[2026-04-25T09:10:05.228+0000] {logging_mixin.py:190} INFO - [2026-04-25T09:10:05.228+0000] {dag.py:3239} INFO - Sync 1 DAGs
[2026-04-25T09:10:05.258+0000] {logging_mixin.py:190} INFO - [2026-04-25T09:10:05.258+0000] {dag.py:4180} INFO - Setting next_dagrun for system_dag to 2026-04-24T00:00:00+00:00, run_after=2026-04-25T00:00:00+00:00
[2026-04-25T09:10:05.290+0000] {processor.py:208} INFO - Processing /opt/airflow/dags/system_dag.py took 0.124 seconds
[2026-04-25T09:10:37.110+0000] {processor.py:186} INFO - Started process (PID=1093) to work on /opt/airflow/dags/system_dag.py
[2026-04-25T09:10:37.111+0000] {processor.py:914} INFO - Processing file /opt/airflow/dags/system_dag.py for tasks to queue
[2026-04-25T09:10:37.112+0000] {logging_mixin.py:190} INFO - [2026-04-25T09:10:37.112+0000] {dagbag.py:588} INFO - Filling up the DagBag from /opt/airflow/dags/system_dag.py
[2026-04-25T09:10:37.128+0000] {processor.py:925} INFO - DAG(s) 'system_dag' retrieved from /opt/airflow/dags/system_dag.py
[2026-04-25T09:10:37.162+0000] {logging_mixin.py:190} INFO - [2026-04-25T09:10:37.162+0000] {dag.py:3239} INFO - Sync 1 DAGs
[2026-04-25T09:10:37.192+0000] {logging_mixin.py:190} INFO - [2026-04-25T09:10:37.192+0000] {dag.py:4180} INFO - Setting next_dagrun for system_dag to 2026-04-24T00:00:00+00:00, run_after=2026-04-25T00:00:00+00:00
[2026-04-25T09:10:37.223+0000] {processor.py:208} INFO - Processing /opt/airflow/dags/system_dag.py took 0.119 seconds
[2026-04-25T09:11:08.178+0000] {processor.py:186} INFO - Started process (PID=1097) to work on /opt/airflow/dags/system_dag.py
[2026-04-25T09:11:08.179+0000] {processor.py:914} INFO - Processing file /opt/airflow/dags/system_dag.py for tasks to queue
[2026-04-25T09:11:08.181+0000] {logging_mixin.py:190} INFO - [2026-04-25T09:11:08.181+0000] {dagbag.py:588} INFO - Filling up the DagBag from /opt/airflow/dags/system_dag.py
[2026-04-25T09:11:08.199+0000] {processor.py:925} INFO - DAG(s) 'system_dag' retrieved from /opt/airflow/dags/system_dag.py
[2026-04-25T09:11:08.243+0000] {logging_mixin.py:190} INFO - [2026-04-25T09:11:08.242+0000] {dag.py:3239} INFO - Sync 1 DAGs
[2026-04-25T09:11:08.279+0000] {logging_mixin.py:190} INFO - [2026-04-25T09:11:08.279+0000] {dag.py:4180} INFO - Setting next_dagrun for system_dag to 2026-04-24T00:00:00+00:00, run_after=2026-04-25T00:00:00+00:00
[2026-04-25T09:11:08.315+0000] {processor.py:208} INFO - Processing /opt/airflow/dags/system_dag.py took 0.142 seconds
[2026-04-25T09:11:40.326+0000] {processor.py:186} INFO - Started process (PID=1101) to work on /opt/airflow/dags/system_dag.py
[2026-04-25T09:11:40.326+0000] {processor.py:914} INFO - Processing file /opt/airflow/dags/system_dag.py for tasks to queue
[2026-04-25T09:11:40.328+0000] {logging_mixin.py:190} INFO - [2026-04-25T09:11:40.328+0000] {dagbag.py:588} INFO - Filling up the DagBag from /opt/airflow/dags/system_dag.py
[2026-04-25T09:11:40.344+0000] {processor.py:925} INFO - DAG(s) 'system_dag' retrieved from /opt/airflow/dags/system_dag.py
[2026-04-25T09:11:40.390+0000] {logging_mixin.py:190} INFO - [2026-04-25T09:11:40.390+0000] {dag.py:3239} INFO - Sync 1 DAGs
[2026-04-25T09:11:40.432+0000] {logging_mixin.py:190} INFO - [2026-04-25T09:11:40.431+0000] {dag.py:4180} INFO - Setting next_dagrun for system_dag to 2026-04-24T00:00:00+00:00, run_after=2026-04-25T00:00:00+00:00
[2026-04-25T09:11:40.467+0000] {processor.py:208} INFO - Processing /opt/airflow/dags/system_dag.py took 0.147 seconds
[2026-04-25T09:12:11.368+0000] {processor.py:186} INFO - Started process (PID=1105) to work on /opt/airflow/dags/system_dag.py
[2026-04-25T09:12:11.369+0000] {processor.py:914} INFO - Processing file /opt/airflow/dags/system_dag.py for tasks to queue
[2026-04-25T09:12:11.370+0000] {logging_mixin.py:190} INFO - [2026-04-25T09:12:11.370+0000] {dagbag.py:588} INFO - Filling up the DagBag from /opt/airflow/dags/system_dag.py
[2026-04-25T09:12:11.389+0000] {processor.py:925} INFO - DAG(s) 'system_dag' retrieved from /opt/airflow/dags/system_dag.py
[2026-04-25T09:12:11.431+0000] {logging_mixin.py:190} INFO - [2026-04-25T09:12:11.431+0000] {dag.py:3239} INFO - Sync 1 DAGs
[2026-04-25T09:12:11.466+0000] {logging_mixin.py:190} INFO - [2026-04-25T09:12:11.466+0000] {dag.py:4180} INFO - Setting next_dagrun for system_dag to 2026-04-24T00:00:00+00:00, run_after=2026-04-25T00:00:00+00:00
[2026-04-25T09:12:11.502+0000] {processor.py:208} INFO - Processing /opt/airflow/dags/system_dag.py took 0.140 seconds
[2026-04-25T09:12:43.486+0000] {processor.py:186} INFO - Started process (PID=1109) to work on /opt/airflow/dags/system_dag.py
[2026-04-25T09:12:43.487+0000] {processor.py:914} INFO - Processing file /opt/airflow/dags/system_dag.py for tasks to queue
[2026-04-25T09:12:43.490+0000] {logging_mixin.py:190} INFO - [2026-04-25T09:12:43.490+0000] {dagbag.py:588} INFO - Filling up the DagBag from /opt/airflow/dags/system_dag.py
[2026-04-25T09:12:43.516+0000] {processor.py:925} INFO - DAG(s) 'system_dag' retrieved from /opt/airflow/dags/system_dag.py
[2026-04-25T09:12:43.570+0000] {logging_mixin.py:190} INFO - [2026-04-25T09:12:43.570+0000] {dag.py:3239} INFO - Sync 1 DAGs
[2026-04-25T09:12:43.604+0000] {logging_mixin.py:190} INFO - [2026-04-25T09:12:43.604+0000] {dag.py:4180} INFO - Setting next_dagrun for system_dag to 2026-04-24T00:00:00+00:00, run_after=2026-04-25T00:00:00+00:00
[2026-04-25T09:12:43.638+0000] {processor.py:208} INFO - Processing /opt/airflow/dags/system_dag.py took 0.158 seconds
[2026-04-25T09:13:14.568+0000] {processor.py:186} INFO - Started process (PID=1113) to work on /opt/airflow/dags/system_dag.py
[2026-04-25T09:13:14.569+0000] {processor.py:914} INFO - Processing file /opt/airflow/dags/system_dag.py for tasks to queue
[2026-04-25T09:13:14.571+0000] {logging_mixin.py:190} INFO - [2026-04-25T09:13:14.570+0000] {dagbag.py:588} INFO - Filling up the DagBag from /opt/airflow/dags/system_dag.py
[2026-04-25T09:13:14.594+0000] {processor.py:925} INFO - DAG(s) 'system_dag' retrieved from /opt/airflow/dags/system_dag.py
[2026-04-25T09:13:14.636+0000] {logging_mixin.py:190} INFO - [2026-04-25T09:13:14.636+0000] {dag.py:3239} INFO - Sync 1 DAGs
[2026-04-25T09:13:14.675+0000] {logging_mixin.py:190} INFO - [2026-04-25T09:13:14.675+0000] {dag.py:4180} INFO - Setting next_dagrun for system_dag to 2026-04-24T00:00:00+00:00, run_after=2026-04-25T00:00:00+00:00
[2026-04-25T09:13:14.706+0000] {processor.py:208} INFO - Processing /opt/airflow/dags/system_dag.py took 0.143 seconds
[2026-04-25T09:13:46.642+0000] {processor.py:186} INFO - Started process (PID=1117) to work on /opt/airflow/dags/system_dag.py
[2026-04-25T09:13:46.643+0000] {processor.py:914} INFO - Processing file /opt/airflow/dags/system_dag.py for tasks to queue
[2026-04-25T09:13:46.644+0000] {logging_mixin.py:190} INFO - [2026-04-25T09:13:46.644+0000] {dagbag.py:588} INFO - Filling up the DagBag from /opt/airflow/dags/system_dag.py
[2026-04-25T09:13:46.671+0000] {processor.py:925} INFO - DAG(s) 'system_dag' retrieved from /opt/airflow/dags/system_dag.py
[2026-04-25T09:13:46.724+0000] {logging_mixin.py:190} INFO - [2026-04-25T09:13:46.724+0000] {dag.py:3239} INFO - Sync 1 DAGs
[2026-04-25T09:13:46.766+0000] {logging_mixin.py:190} INFO - [2026-04-25T09:13:46.766+0000] {dag.py:4180} INFO - Setting next_dagrun for system_dag to 2026-04-24T00:00:00+00:00, run_after=2026-04-25T00:00:00+00:00
[2026-04-25T09:13:46.804+0000] {processor.py:208} INFO - Processing /opt/airflow/dags/system_dag.py took 0.168 seconds
[2026-04-25T09:14:17.824+0000] {processor.py:186} INFO - Started process (PID=1121) to work on /opt/airflow/dags/system_dag.py
[2026-04-25T09:14:17.825+0000] {processor.py:914} INFO - Processing file /opt/airflow/dags/system_dag.py for tasks to queue
[2026-04-25T09:14:17.828+0000] {logging_mixin.py:190} INFO - [2026-04-25T09:14:17.827+0000] {dagbag.py:588} INFO - Filling up the DagBag from /opt/airflow/dags/system_dag.py
[2026-04-25T09:14:17.860+0000] {processor.py:925} INFO - DAG(s) 'system_dag' retrieved from /opt/airflow/dags/system_dag.py
[2026-04-25T09:14:17.944+0000] {logging_mixin.py:190} INFO - [2026-04-25T09:14:17.944+0000] {dag.py:3239} INFO - Sync 1 DAGs
[2026-04-25T09:14:18.006+0000] {logging_mixin.py:190} INFO - [2026-04-25T09:14:18.005+0000] {dag.py:4180} INFO - Setting next_dagrun for system_dag to 2026-04-24T00:00:00+00:00, run_after=2026-04-25T00:00:00+00:00
[2026-04-25T09:14:18.070+0000] {processor.py:208} INFO - Processing /opt/airflow/dags/system_dag.py took 0.253 seconds
[2026-04-25T09:14:48.198+0000] {processor.py:186} INFO - Started process (PID=1125) to work on /opt/airflow/dags/system_dag.py
[2026-04-25T09:14:48.198+0000] {processor.py:914} INFO - Processing file /opt/airflow/dags/system_dag.py for tasks to queue
[2026-04-25T09:14:48.200+0000] {logging_mixin.py:190} INFO - [2026-04-25T09:14:48.199+0000] {dagbag.py:588} INFO - Filling up the DagBag from /opt/airflow/dags/system_dag.py
[2026-04-25T09:14:48.217+0000] {processor.py:925} INFO - DAG(s) 'system_dag' retrieved from /opt/airflow/dags/system_dag.py
[2026-04-25T09:14:48.257+0000] {logging_mixin.py:190} INFO - [2026-04-25T09:14:48.257+0000] {dag.py:3239} INFO - Sync 1 DAGs
[2026-04-25T09:14:49.171+0000] {logging_mixin.py:190} INFO - [2026-04-25T09:14:49.171+0000] {dag.py:4180} INFO - Setting next_dagrun for system_dag to 2026-04-24T00:00:00+00:00, run_after=2026-04-25T00:00:00+00:00
[2026-04-25T09:14:49.208+0000] {processor.py:208} INFO - Processing /opt/airflow/dags/system_dag.py took 0.138 seconds
[2026-04-25T09:15:21.122+0000] {processor.py:186} INFO - Started process (PID=1129) to work on /opt/airflow/dags/system_dag.py
[2026-04-25T09:15:21.122+0000] {processor.py:914} INFO - Processing file /opt/airflow/dags/system_dag.py for tasks to queue
[2026-04-25T09:15:21.124+0000] {logging_mixin.py:190} INFO - [2026-04-25T09:15:21.124+0000] {dagbag.py:588} INFO - Filling up the DagBag from /opt/airflow/dags/system_dag.py
[2026-04-25T09:15:21.152+0000] {processor.py:925} INFO - DAG(s) 'system_dag' retrieved from /opt/airflow/dags/system_dag.py
[2026-04-25T09:15:21.200+0000] {logging_mixin.py:190} INFO - [2026-04-25T09:15:21.200+0000] {dag.py:3239} INFO - Sync 1 DAGs
[2026-04-25T09:15:21.239+0000] {logging_mixin.py:190} INFO - [2026-04-25T09:15:21.239+0000] {dag.py:4180} INFO - Setting next_dagrun for system_dag to 2026-04-24T00:00:00+00:00, run_after=2026-04-25T00:00:00+00:00
[2026-04-25T09:15:21.279+0000] {processor.py:208} INFO - Processing /opt/airflow/dags/system_dag.py took 0.164 seconds
[2026-04-25T09:15:52.245+0000] {processor.py:186} INFO - Started process (PID=1133) to work on /opt/airflow/dags/system_dag.py
[2026-04-25T09:15:52.245+0000] {processor.py:914} INFO - Processing file /opt/airflow/dags/system_dag.py for tasks to queue
[2026-04-25T09:15:52.246+0000] {logging_mixin.py:190} INFO - [2026-04-25T09:15:52.246+0000] {dagbag.py:588} INFO - Filling up the DagBag from /opt/airflow/dags/system_dag.py
[2026-04-25T09:15:52.264+0000] {processor.py:925} INFO - DAG(s) 'system_dag' retrieved from /opt/airflow/dags/system_dag.py
[2026-04-25T09:15:52.302+0000] {logging_mixin.py:190} INFO - [2026-04-25T09:15:52.302+0000] {dag.py:3239} INFO - Sync 1 DAGs
[2026-04-25T09:15:52.338+0000] {logging_mixin.py:190} INFO - [2026-04-25T09:15:52.338+0000] {dag.py:4180} INFO - Setting next_dagrun for system_dag to 2026-04-24T00:00:00+00:00, run_after=2026-04-25T00:00:00+00:00
[2026-04-25T09:15:52.368+0000] {processor.py:208} INFO - Processing /opt/airflow/dags/system_dag.py took 0.129 seconds
[2026-04-25T09:16:24.383+0000] {processor.py:186} INFO - Started process (PID=1137) to work on /opt/airflow/dags/system_dag.py
[2026-04-25T09:16:24.384+0000] {processor.py:914} INFO - Processing file /opt/airflow/dags/system_dag.py for tasks to queue
[2026-04-25T09:16:24.385+0000] {logging_mixin.py:190} INFO - [2026-04-25T09:16:24.385+0000] {dagbag.py:588} INFO - Filling up the DagBag from /opt/airflow/dags/system_dag.py
[2026-04-25T09:16:24.402+0000] {processor.py:925} INFO - DAG(s) 'system_dag' retrieved from /opt/airflow/dags/system_dag.py
[2026-04-25T09:16:24.437+0000] {logging_mixin.py:190} INFO - [2026-04-25T09:16:24.436+0000] {dag.py:3239} INFO - Sync 1 DAGs
[2026-04-25T09:16:24.467+0000] {logging_mixin.py:190} INFO - [2026-04-25T09:16:24.467+0000] {dag.py:4180} INFO - Setting next_dagrun for system_dag to 2026-04-24T00:00:00+00:00, run_after=2026-04-25T00:00:00+00:00
[2026-04-25T09:16:24.503+0000] {processor.py:208} INFO - Processing /opt/airflow/dags/system_dag.py took 0.125 seconds
[2026-04-25T09:16:55.489+0000] {processor.py:186} INFO - Started process (PID=1141) to work on /opt/airflow/dags/system_dag.py
[2026-04-25T09:16:55.489+0000] {processor.py:914} INFO - Processing file /opt/airflow/dags/system_dag.py for tasks to queue
[2026-04-25T09:16:55.491+0000] {logging_mixin.py:190} INFO - [2026-04-25T09:16:55.491+0000] {dagbag.py:588} INFO - Filling up the DagBag from /opt/airflow/dags/system_dag.py
[2026-04-25T09:16:55.509+0000] {processor.py:925} INFO - DAG(s) 'system_dag' retrieved from /opt/airflow/dags/system_dag.py
[2026-04-25T09:16:55.547+0000] {logging_mixin.py:190} INFO - [2026-04-25T09:16:55.547+0000] {dag.py:3239} INFO - Sync 1 DAGs
[2026-04-25T09:16:55.581+0000] {logging_mixin.py:190} INFO - [2026-04-25T09:16:55.580+0000] {dag.py:4180} INFO - Setting next_dagrun for system_dag to 2026-04-24T00:00:00+00:00, run_after=2026-04-25T00:00:00+00:00
[2026-04-25T09:16:55.617+0000] {processor.py:208} INFO - Processing /opt/airflow/dags/system_dag.py took 0.133 seconds
[2026-04-25T09:17:27.594+0000] {processor.py:186} INFO - Started process (PID=1145) to work on /opt/airflow/dags/system_dag.py
[2026-04-25T09:17:27.595+0000] {processor.py:914} INFO - Processing file /opt/airflow/dags/system_dag.py for tasks to queue
[2026-04-25T09:17:27.596+0000] {logging_mixin.py:190} INFO - [2026-04-25T09:17:27.596+0000] {dagbag.py:588} INFO - Filling up the DagBag from /opt/airflow/dags/system_dag.py
[2026-04-25T09:17:27.616+0000] {processor.py:925} INFO - DAG(s) 'system_dag' retrieved from /opt/airflow/dags/system_dag.py
[2026-04-25T09:17:27.657+0000] {logging_mixin.py:190} INFO - [2026-04-25T09:17:27.657+0000] {dag.py:3239} INFO - Sync 1 DAGs
[2026-04-25T09:17:27.694+0000] {logging_mixin.py:190} INFO - [2026-04-25T09:17:27.694+0000] {dag.py:4180} INFO - Setting next_dagrun for system_dag to 2026-04-24T00:00:00+00:00, run_after=2026-04-25T00:00:00+00:00
[2026-04-25T09:17:27.732+0000] {processor.py:208} INFO - Processing /opt/airflow/dags/system_dag.py took 0.143 seconds
[2026-04-25T09:17:58.737+0000] {processor.py:186} INFO - Started process (PID=1149) to work on /opt/airflow/dags/system_dag.py
[2026-04-25T09:17:58.738+0000] {processor.py:914} INFO - Processing file /opt/airflow/dags/system_dag.py for tasks to queue
[2026-04-25T09:17:58.739+0000] {logging_mixin.py:190} INFO - [2026-04-25T09:17:58.739+0000] {dagbag.py:588} INFO - Filling up the DagBag from /opt/airflow/dags/system_dag.py
[2026-04-25T09:17:58.763+0000] {processor.py:925} INFO - DAG(s) 'system_dag' retrieved from /opt/airflow/dags/system_dag.py
[2026-04-25T09:17:58.844+0000] {logging_mixin.py:190} INFO - [2026-04-25T09:17:58.844+0000] {dag.py:3239} INFO - Sync 1 DAGs
[2026-04-25T09:17:58.953+0000] {logging_mixin.py:190} INFO - [2026-04-25T09:17:58.953+0000] {dag.py:4180} INFO - Setting next_dagrun for system_dag to 2026-04-24T00:00:00+00:00, run_after=2026-04-25T00:00:00+00:00
[2026-04-25T09:17:59.023+0000] {processor.py:208} INFO - Processing /opt/airflow/dags/system_dag.py took 0.291 seconds
[2026-04-25T09:18:29.163+0000] {processor.py:186} INFO - Started process (PID=1153) to work on /opt/airflow/dags/system_dag.py
[2026-04-25T09:18:29.164+0000] {processor.py:914} INFO - Processing file /opt/airflow/dags/system_dag.py for tasks to queue
[2026-04-25T09:18:29.166+0000] {logging_mixin.py:190} INFO - [2026-04-25T09:18:29.165+0000] {dagbag.py:588} INFO - Filling up the DagBag from /opt/airflow/dags/system_dag.py
[2026-04-25T09:18:29.184+0000] {processor.py:925} INFO - DAG(s) 'system_dag' retrieved from /opt/airflow/dags/system_dag.py
[2026-04-25T09:18:29.228+0000] {logging_mixin.py:190} INFO - [2026-04-25T09:18:29.228+0000] {dag.py:3239} INFO - Sync 1 DAGs
[2026-04-25T09:18:29.262+0000] {logging_mixin.py:190} INFO - [2026-04-25T09:18:29.262+0000] {dag.py:4180} INFO - Setting next_dagrun for system_dag to 2026-04-24T00:00:00+00:00, run_after=2026-04-25T00:00:00+00:00
[2026-04-25T09:18:30.158+0000] {processor.py:208} INFO - Processing /opt/airflow/dags/system_dag.py took 0.135 seconds
[2026-04-25T09:19:02.220+0000] {processor.py:186} INFO - Started process (PID=1157) to work on /opt/airflow/dags/system_dag.py
[2026-04-25T09:19:02.220+0000] {processor.py:914} INFO - Processing file /opt/airflow/dags/system_dag.py for tasks to queue
[2026-04-25T09:19:02.222+0000] {logging_mixin.py:190} INFO - [2026-04-25T09:19:02.222+0000] {dagbag.py:588} INFO - Filling up the DagBag from /opt/airflow/dags/system_dag.py
[2026-04-25T09:19:02.242+0000] {processor.py:925} INFO - DAG(s) 'system_dag' retrieved from /opt/airflow/dags/system_dag.py
[2026-04-25T09:19:02.281+0000] {logging_mixin.py:190} INFO - [2026-04-25T09:19:02.281+0000] {dag.py:3239} INFO - Sync 1 DAGs
[2026-04-25T09:19:02.315+0000] {logging_mixin.py:190} INFO - [2026-04-25T09:19:02.314+0000] {dag.py:4180} INFO - Setting next_dagrun for system_dag to 2026-04-24T00:00:00+00:00, run_after=2026-04-25T00:00:00+00:00
[2026-04-25T09:19:02.345+0000] {processor.py:208} INFO - Processing /opt/airflow/dags/system_dag.py took 0.132 seconds
[2026-04-25T09:19:33.453+0000] {processor.py:186} INFO - Started process (PID=1161) to work on /opt/airflow/dags/system_dag.py
[2026-04-25T09:19:33.454+0000] {processor.py:914} INFO - Processing file /opt/airflow/dags/system_dag.py for tasks to queue
[2026-04-25T09:19:33.456+0000] {logging_mixin.py:190} INFO - [2026-04-25T09:19:33.456+0000] {dagbag.py:588} INFO - Filling up the DagBag from /opt/airflow/dags/system_dag.py
[2026-04-25T09:19:33.483+0000] {processor.py:925} INFO - DAG(s) 'system_dag' retrieved from /opt/airflow/dags/system_dag.py
[2026-04-25T09:19:33.534+0000] {logging_mixin.py:190} INFO - [2026-04-25T09:19:33.534+0000] {dag.py:3239} INFO - Sync 1 DAGs
[2026-04-25T09:19:33.578+0000] {logging_mixin.py:190} INFO - [2026-04-25T09:19:33.578+0000] {dag.py:4180} INFO - Setting next_dagrun for system_dag to 2026-04-24T00:00:00+00:00, run_after=2026-04-25T00:00:00+00:00
[2026-04-25T09:19:33.624+0000] {processor.py:208} INFO - Processing /opt/airflow/dags/system_dag.py took 0.184 seconds
[2026-04-25T09:20:03.888+0000] {processor.py:186} INFO - Started process (PID=1165) to work on /opt/airflow/dags/system_dag.py
[2026-04-25T09:20:03.889+0000] {processor.py:914} INFO - Processing file /opt/airflow/dags/system_dag.py for tasks to queue
[2026-04-25T09:20:03.893+0000] {logging_mixin.py:190} INFO - [2026-04-25T09:20:03.892+0000] {dagbag.py:588} INFO - Filling up the DagBag from /opt/airflow/dags/system_dag.py
[2026-04-25T09:20:03.941+0000] {processor.py:925} INFO - DAG(s) 'system_dag' retrieved from /opt/airflow/dags/system_dag.py
[2026-04-25T09:20:04.875+0000] {logging_mixin.py:190} INFO - [2026-04-25T09:20:04.875+0000] {dag.py:3239} INFO - Sync 1 DAGs
[2026-04-25T09:20:04.947+0000] {logging_mixin.py:190} INFO - [2026-04-25T09:20:04.946+0000] {dag.py:4180} INFO - Setting next_dagrun for system_dag to 2026-04-24T00:00:00+00:00, run_after=2026-04-25T00:00:00+00:00
[2026-04-25T09:20:05.005+0000] {processor.py:208} INFO - Processing /opt/airflow/dags/system_dag.py took 0.262 seconds
[2026-04-25T09:20:35.459+0000] {processor.py:186} INFO - Started process (PID=1169) to work on /opt/airflow/dags/system_dag.py
[2026-04-25T09:20:35.460+0000] {processor.py:914} INFO - Processing file /opt/airflow/dags/system_dag.py for tasks to queue
[2026-04-25T09:20:35.462+0000] {logging_mixin.py:190} INFO - [2026-04-25T09:20:35.461+0000] {dagbag.py:588} INFO - Filling up the DagBag from /opt/airflow/dags/system_dag.py
[2026-04-25T09:20:35.486+0000] {processor.py:925} INFO - DAG(s) 'system_dag' retrieved from /opt/airflow/dags/system_dag.py
[2026-04-25T09:20:35.539+0000] {logging_mixin.py:190} INFO - [2026-04-25T09:20:35.539+0000] {dag.py:3239} INFO - Sync 1 DAGs
[2026-04-25T09:20:35.583+0000] {logging_mixin.py:190} INFO - [2026-04-25T09:20:35.583+0000] {dag.py:4180} INFO - Setting next_dagrun for system_dag to 2026-04-24T00:00:00+00:00, run_after=2026-04-25T00:00:00+00:00
[2026-04-25T09:20:36.496+0000] {processor.py:208} INFO - Processing /opt/airflow/dags/system_dag.py took 0.173 seconds
[2026-04-25T09:21:08.851+0000] {processor.py:186} INFO - Started process (PID=1174) to work on /opt/airflow/dags/system_dag.py
[2026-04-25T09:21:08.852+0000] {processor.py:914} INFO - Processing file /opt/airflow/dags/system_dag.py for tasks to queue
[2026-04-25T09:21:08.853+0000] {logging_mixin.py:190} INFO - [2026-04-25T09:21:08.853+0000] {dagbag.py:588} INFO - Filling up the DagBag from /opt/airflow/dags/system_dag.py
[2026-04-25T09:21:08.882+0000] {processor.py:925} INFO - DAG(s) 'system_dag' retrieved from /opt/airflow/dags/system_dag.py
[2026-04-25T09:21:08.924+0000] {logging_mixin.py:190} INFO - [2026-04-25T09:21:08.923+0000] {dag.py:3239} INFO - Sync 1 DAGs
[2026-04-25T09:21:08.956+0000] {logging_mixin.py:190} INFO - [2026-04-25T09:21:08.956+0000] {dag.py:4180} INFO - Setting next_dagrun for system_dag to 2026-04-24T00:00:00+00:00, run_after=2026-04-25T00:00:00+00:00
[2026-04-25T09:21:08.982+0000] {processor.py:208} INFO - Processing /opt/airflow/dags/system_dag.py took 0.139 seconds
[2026-04-25T09:21:40.107+0000] {processor.py:186} INFO - Started process (PID=1178) to work on /opt/airflow/dags/system_dag.py
[2026-04-25T09:21:40.108+0000] {processor.py:914} INFO - Processing file /opt/airflow/dags/system_dag.py for tasks to queue
[2026-04-25T09:21:40.110+0000] {logging_mixin.py:190} INFO - [2026-04-25T09:21:40.110+0000] {dagbag.py:588} INFO - Filling up the DagBag from /opt/airflow/dags/system_dag.py
[2026-04-25T09:21:40.140+0000] {processor.py:925} INFO - DAG(s) 'system_dag' retrieved from /opt/airflow/dags/system_dag.py
[2026-04-25T09:21:40.189+0000] {logging_mixin.py:190} INFO - [2026-04-25T09:21:40.189+0000] {dag.py:3239} INFO - Sync 1 DAGs
[2026-04-25T09:21:40.250+0000] {logging_mixin.py:190} INFO - [2026-04-25T09:21:40.249+0000] {dag.py:4180} INFO - Setting next_dagrun for system_dag to 2026-04-24T00:00:00+00:00, run_after=2026-04-25T00:00:00+00:00
[2026-04-25T09:21:40.307+0000] {processor.py:208} INFO - Processing /opt/airflow/dags/system_dag.py took 0.210 seconds
[2026-04-25T09:22:11.787+0000] {processor.py:186} INFO - Started process (PID=1182) to work on /opt/airflow/dags/system_dag.py
[2026-04-25T09:22:11.788+0000] {processor.py:914} INFO - Processing file /opt/airflow/dags/system_dag.py for tasks to queue
[2026-04-25T09:22:11.791+0000] {logging_mixin.py:190} INFO - [2026-04-25T09:22:11.790+0000] {dagbag.py:588} INFO - Filling up the DagBag from /opt/airflow/dags/system_dag.py
[2026-04-25T09:22:11.834+0000] {processor.py:925} INFO - DAG(s) 'system_dag' retrieved from /opt/airflow/dags/system_dag.py
[2026-04-25T09:22:11.885+0000] {logging_mixin.py:190} INFO - [2026-04-25T09:22:11.885+0000] {dag.py:3239} INFO - Sync 1 DAGs
[2026-04-25T09:22:11.926+0000] {logging_mixin.py:190} INFO - [2026-04-25T09:22:11.926+0000] {dag.py:4180} INFO - Setting next_dagrun for system_dag to 2026-04-24T00:00:00+00:00, run_after=2026-04-25T00:00:00+00:00
[2026-04-25T09:22:11.976+0000] {processor.py:208} INFO - Processing /opt/airflow/dags/system_dag.py took 0.198 seconds
[2026-04-25T09:22:43.406+0000] {processor.py:186} INFO - Started process (PID=1186) to work on /opt/airflow/dags/system_dag.py
[2026-04-25T09:22:43.407+0000] {processor.py:914} INFO - Processing file /opt/airflow/dags/system_dag.py for tasks to queue
[2026-04-25T09:22:43.409+0000] {logging_mixin.py:190} INFO - [2026-04-25T09:22:43.409+0000] {dagbag.py:588} INFO - Filling up the DagBag from /opt/airflow/dags/system_dag.py
[2026-04-25T09:22:43.439+0000] {processor.py:925} INFO - DAG(s) 'system_dag' retrieved from /opt/airflow/dags/system_dag.py
[2026-04-25T09:22:43.488+0000] {logging_mixin.py:190} INFO - [2026-04-25T09:22:43.488+0000] {dag.py:3239} INFO - Sync 1 DAGs
[2026-04-25T09:22:43.539+0000] {logging_mixin.py:190} INFO - [2026-04-25T09:22:43.539+0000] {dag.py:4180} INFO - Setting next_dagrun for system_dag to 2026-04-24T00:00:00+00:00, run_after=2026-04-25T00:00:00+00:00
[2026-04-25T09:22:43.578+0000] {processor.py:208} INFO - Processing /opt/airflow/dags/system_dag.py took 0.180 seconds
[2026-04-25T09:23:14.535+0000] {processor.py:186} INFO - Started process (PID=1190) to work on /opt/airflow/dags/system_dag.py
[2026-04-25T09:23:14.539+0000] {processor.py:914} INFO - Processing file /opt/airflow/dags/system_dag.py for tasks to queue
[2026-04-25T09:23:14.540+0000] {logging_mixin.py:190} INFO - [2026-04-25T09:23:14.540+0000] {dagbag.py:588} INFO - Filling up the DagBag from /opt/airflow/dags/system_dag.py
[2026-04-25T09:23:14.616+0000] {processor.py:925} INFO - DAG(s) 'system_dag' retrieved from /opt/airflow/dags/system_dag.py
[2026-04-25T09:23:14.688+0000] {logging_mixin.py:190} INFO - [2026-04-25T09:23:14.687+0000] {dag.py:3239} INFO - Sync 1 DAGs
[2026-04-25T09:23:14.745+0000] {logging_mixin.py:190} INFO - [2026-04-25T09:23:14.744+0000] {dag.py:4180} INFO - Setting next_dagrun for system_dag to 2026-04-24T00:00:00+00:00, run_after=2026-04-25T00:00:00+00:00
[2026-04-25T09:23:14.805+0000] {processor.py:208} INFO - Processing /opt/airflow/dags/system_dag.py took 0.281 seconds
[2026-04-25T09:23:45.408+0000] {processor.py:186} INFO - Started process (PID=1194) to work on /opt/airflow/dags/system_dag.py
[2026-04-25T09:23:45.409+0000] {processor.py:914} INFO - Processing file /opt/airflow/dags/system_dag.py for tasks to queue
[2026-04-25T09:23:45.410+0000] {logging_mixin.py:190} INFO - [2026-04-25T09:23:45.410+0000] {dagbag.py:588} INFO - Filling up the DagBag from /opt/airflow/dags/system_dag.py
[2026-04-25T09:23:45.432+0000] {processor.py:925} INFO - DAG(s) 'system_dag' retrieved from /opt/airflow/dags/system_dag.py
[2026-04-25T09:23:45.474+0000] {logging_mixin.py:190} INFO - [2026-04-25T09:23:45.474+0000] {dag.py:3239} INFO - Sync 1 DAGs
[2026-04-25T09:23:45.507+0000] {logging_mixin.py:190} INFO - [2026-04-25T09:23:45.507+0000] {dag.py:4180} INFO - Setting next_dagrun for system_dag to 2026-04-24T00:00:00+00:00, run_after=2026-04-25T00:00:00+00:00
[2026-04-25T09:23:45.541+0000] {processor.py:208} INFO - Processing /opt/airflow/dags/system_dag.py took 0.142 seconds
[2026-04-25T09:24:16.538+0000] {processor.py:186} INFO - Started process (PID=1198) to work on /opt/airflow/dags/system_dag.py
[2026-04-25T09:24:16.539+0000] {processor.py:914} INFO - Processing file /opt/airflow/dags/system_dag.py for tasks to queue
[2026-04-25T09:24:16.542+0000] {logging_mixin.py:190} INFO - [2026-04-25T09:24:16.541+0000] {dagbag.py:588} INFO - Filling up the DagBag from /opt/airflow/dags/system_dag.py
[2026-04-25T09:24:16.560+0000] {processor.py:925} INFO - DAG(s) 'system_dag' retrieved from /opt/airflow/dags/system_dag.py
[2026-04-25T09:24:16.596+0000] {logging_mixin.py:190} INFO - [2026-04-25T09:24:16.596+0000] {dag.py:3239} INFO - Sync 1 DAGs
[2026-04-25T09:24:16.624+0000] {logging_mixin.py:190} INFO - [2026-04-25T09:24:16.623+0000] {dag.py:4180} INFO - Setting next_dagrun for system_dag to 2026-04-24T00:00:00+00:00, run_after=2026-04-25T00:00:00+00:00
[2026-04-25T09:24:16.645+0000] {processor.py:208} INFO - Processing /opt/airflow/dags/system_dag.py took 0.114 seconds
[2026-04-25T09:24:47.082+0000] {processor.py:186} INFO - Started process (PID=1202) to work on /opt/airflow/dags/system_dag.py
[2026-04-25T09:24:47.084+0000] {processor.py:914} INFO - Processing file /opt/airflow/dags/system_dag.py for tasks to queue
[2026-04-25T09:24:47.086+0000] {logging_mixin.py:190} INFO - [2026-04-25T09:24:47.086+0000] {dagbag.py:588} INFO - Filling up the DagBag from /opt/airflow/dags/system_dag.py
[2026-04-25T09:24:47.128+0000] {processor.py:925} INFO - DAG(s) 'system_dag' retrieved from /opt/airflow/dags/system_dag.py
[2026-04-25T09:24:47.194+0000] {logging_mixin.py:190} INFO - [2026-04-25T09:24:47.194+0000] {dag.py:3239} INFO - Sync 1 DAGs
[2026-04-25T09:24:47.243+0000] {logging_mixin.py:190} INFO - [2026-04-25T09:24:47.242+0000] {dag.py:4180} INFO - Setting next_dagrun for system_dag to 2026-04-24T00:00:00+00:00, run_after=2026-04-25T00:00:00+00:00
[2026-04-25T09:24:47.272+0000] {processor.py:208} INFO - Processing /opt/airflow/dags/system_dag.py took 0.204 seconds
[2026-04-25T09:25:18.095+0000] {processor.py:186} INFO - Started process (PID=1206) to work on /opt/airflow/dags/system_dag.py
[2026-04-25T09:25:18.096+0000] {processor.py:914} INFO - Processing file /opt/airflow/dags/system_dag.py for tasks to queue
[2026-04-25T09:25:18.097+0000] {logging_mixin.py:190} INFO - [2026-04-25T09:25:18.097+0000] {dagbag.py:588} INFO - Filling up the DagBag from /opt/airflow/dags/system_dag.py
[2026-04-25T09:25:18.119+0000] {processor.py:925} INFO - DAG(s) 'system_dag' retrieved from /opt/airflow/dags/system_dag.py
[2026-04-25T09:25:18.165+0000] {logging_mixin.py:190} INFO - [2026-04-25T09:25:18.165+0000] {dag.py:3239} INFO - Sync 1 DAGs
[2026-04-25T09:25:18.191+0000] {logging_mixin.py:190} INFO - [2026-04-25T09:25:18.191+0000] {dag.py:4180} INFO - Setting next_dagrun for system_dag to 2026-04-24T00:00:00+00:00, run_after=2026-04-25T00:00:00+00:00
[2026-04-25T09:25:18.212+0000] {processor.py:208} INFO - Processing /opt/airflow/dags/system_dag.py took 0.124 seconds
[2026-04-25T09:25:48.303+0000] {processor.py:186} INFO - Started process (PID=1210) to work on /opt/airflow/dags/system_dag.py
[2026-04-25T09:25:48.305+0000] {processor.py:914} INFO - Processing file /opt/airflow/dags/system_dag.py for tasks to queue
[2026-04-25T09:25:48.307+0000] {logging_mixin.py:190} INFO - [2026-04-25T09:25:48.307+0000] {dagbag.py:588} INFO - Filling up the DagBag from /opt/airflow/dags/system_dag.py
[2026-04-25T09:25:48.340+0000] {processor.py:925} INFO - DAG(s) 'system_dag' retrieved from /opt/airflow/dags/system_dag.py
[2026-04-25T09:25:48.388+0000] {logging_mixin.py:190} INFO - [2026-04-25T09:25:48.388+0000] {dag.py:3239} INFO - Sync 1 DAGs
[2026-04-25T09:25:48.425+0000] {logging_mixin.py:190} INFO - [2026-04-25T09:25:48.425+0000] {dag.py:4180} INFO - Setting next_dagrun for system_dag to 2026-04-24T00:00:00+00:00, run_after=2026-04-25T00:00:00+00:00
[2026-04-25T09:25:48.445+0000] {processor.py:208} INFO - Processing /opt/airflow/dags/system_dag.py took 0.150 seconds
[2026-04-25T09:26:19.374+0000] {processor.py:186} INFO - Started process (PID=1214) to work on /opt/airflow/dags/system_dag.py
[2026-04-25T09:26:19.375+0000] {processor.py:914} INFO - Processing file /opt/airflow/dags/system_dag.py for tasks to queue
[2026-04-25T09:26:19.376+0000] {logging_mixin.py:190} INFO - [2026-04-25T09:26:19.376+0000] {dagbag.py:588} INFO - Filling up the DagBag from /opt/airflow/dags/system_dag.py
[2026-04-25T09:26:19.393+0000] {processor.py:925} INFO - DAG(s) 'system_dag' retrieved from /opt/airflow/dags/system_dag.py
[2026-04-25T09:26:19.461+0000] {logging_mixin.py:190} INFO - [2026-04-25T09:26:19.460+0000] {dag.py:3239} INFO - Sync 1 DAGs
[2026-04-25T09:26:19.493+0000] {logging_mixin.py:190} INFO - [2026-04-25T09:26:19.492+0000] {dag.py:4180} INFO - Setting next_dagrun for system_dag to 2026-04-24T00:00:00+00:00, run_after=2026-04-25T00:00:00+00:00
[2026-04-25T09:26:19.515+0000] {processor.py:208} INFO - Processing /opt/airflow/dags/system_dag.py took 0.147 seconds
[2026-04-25T09:26:50.488+0000] {processor.py:186} INFO - Started process (PID=1218) to work on /opt/airflow/dags/system_dag.py
[2026-04-25T09:26:50.489+0000] {processor.py:914} INFO - Processing file /opt/airflow/dags/system_dag.py for tasks to queue
[2026-04-25T09:26:50.490+0000] {logging_mixin.py:190} INFO - [2026-04-25T09:26:50.490+0000] {dagbag.py:588} INFO - Filling up the DagBag from /opt/airflow/dags/system_dag.py
[2026-04-25T09:26:50.511+0000] {processor.py:925} INFO - DAG(s) 'system_dag' retrieved from /opt/airflow/dags/system_dag.py
[2026-04-25T09:26:50.554+0000] {logging_mixin.py:190} INFO - [2026-04-25T09:26:50.554+0000] {dag.py:3239} INFO - Sync 1 DAGs
[2026-04-25T09:26:50.594+0000] {logging_mixin.py:190} INFO - [2026-04-25T09:26:50.594+0000] {dag.py:4180} INFO - Setting next_dagrun for system_dag to 2026-04-24T00:00:00+00:00, run_after=2026-04-25T00:00:00+00:00
[2026-04-25T09:26:50.631+0000] {processor.py:208} INFO - Processing /opt/airflow/dags/system_dag.py took 0.150 seconds
[2026-04-25T09:27:20.784+0000] {processor.py:186} INFO - Started process (PID=1222) to work on /opt/airflow/dags/system_dag.py
[2026-04-25T09:27:20.785+0000] {processor.py:914} INFO - Processing file /opt/airflow/dags/system_dag.py for tasks to queue
[2026-04-25T09:27:20.786+0000] {logging_mixin.py:190} INFO - [2026-04-25T09:27:20.786+0000] {dagbag.py:588} INFO - Filling up the DagBag from /opt/airflow/dags/system_dag.py
[2026-04-25T09:27:20.807+0000] {processor.py:925} INFO - DAG(s) 'system_dag' retrieved from /opt/airflow/dags/system_dag.py
[2026-04-25T09:27:20.845+0000] {logging_mixin.py:190} INFO - [2026-04-25T09:27:20.845+0000] {dag.py:3239} INFO - Sync 1 DAGs
[2026-04-25T09:27:20.877+0000] {logging_mixin.py:190} INFO - [2026-04-25T09:27:20.877+0000] {dag.py:4180} INFO - Setting next_dagrun for system_dag to 2026-04-24T00:00:00+00:00, run_after=2026-04-25T00:00:00+00:00
[2026-04-25T09:27:20.901+0000] {processor.py:208} INFO - Processing /opt/airflow/dags/system_dag.py took 0.124 seconds
[2026-04-25T09:27:50.988+0000] {processor.py:186} INFO - Started process (PID=1226) to work on /opt/airflow/dags/system_dag.py
[2026-04-25T09:27:50.988+0000] {processor.py:914} INFO - Processing file /opt/airflow/dags/system_dag.py for tasks to queue
[2026-04-25T09:27:50.990+0000] {logging_mixin.py:190} INFO - [2026-04-25T09:27:50.990+0000] {dagbag.py:588} INFO - Filling up the DagBag from /opt/airflow/dags/system_dag.py
[2026-04-25T09:27:51.007+0000] {processor.py:925} INFO - DAG(s) 'system_dag' retrieved from /opt/airflow/dags/system_dag.py
[2026-04-25T09:27:51.041+0000] {logging_mixin.py:190} INFO - [2026-04-25T09:27:51.041+0000] {dag.py:3239} INFO - Sync 1 DAGs
[2026-04-25T09:27:51.068+0000] {logging_mixin.py:190} INFO - [2026-04-25T09:27:51.068+0000] {dag.py:4180} INFO - Setting next_dagrun for system_dag to 2026-04-24T00:00:00+00:00, run_after=2026-04-25T00:00:00+00:00
[2026-04-25T09:27:51.088+0000] {processor.py:208} INFO - Processing /opt/airflow/dags/system_dag.py took 0.106 seconds
[2026-04-25T09:28:21.283+0000] {processor.py:186} INFO - Started process (PID=1230) to work on /opt/airflow/dags/system_dag.py
[2026-04-25T09:28:21.284+0000] {processor.py:914} INFO - Processing file /opt/airflow/dags/system_dag.py for tasks to queue
[2026-04-25T09:28:21.285+0000] {logging_mixin.py:190} INFO - [2026-04-25T09:28:21.285+0000] {dagbag.py:588} INFO - Filling up the DagBag from /opt/airflow/dags/system_dag.py
[2026-04-25T09:28:21.307+0000] {processor.py:925} INFO - DAG(s) 'system_dag' retrieved from /opt/airflow/dags/system_dag.py
[2026-04-25T09:28:21.354+0000] {logging_mixin.py:190} INFO - [2026-04-25T09:28:21.353+0000] {dag.py:3239} INFO - Sync 1 DAGs
[2026-04-25T09:28:21.388+0000] {logging_mixin.py:190} INFO - [2026-04-25T09:28:21.388+0000] {dag.py:4180} INFO - Setting next_dagrun for system_dag to 2026-04-24T00:00:00+00:00, run_after=2026-04-25T00:00:00+00:00
[2026-04-25T09:28:21.408+0000] {processor.py:208} INFO - Processing /opt/airflow/dags/system_dag.py took 0.132 seconds
[2026-04-25T09:28:52.311+0000] {processor.py:186} INFO - Started process (PID=1234) to work on /opt/airflow/dags/system_dag.py
[2026-04-25T09:28:52.313+0000] {processor.py:914} INFO - Processing file /opt/airflow/dags/system_dag.py for tasks to queue
[2026-04-25T09:28:52.315+0000] {logging_mixin.py:190} INFO - [2026-04-25T09:28:52.315+0000] {dagbag.py:588} INFO - Filling up the DagBag from /opt/airflow/dags/system_dag.py
[2026-04-25T09:28:52.345+0000] {processor.py:925} INFO - DAG(s) 'system_dag' retrieved from /opt/airflow/dags/system_dag.py
[2026-04-25T09:28:52.409+0000] {logging_mixin.py:190} INFO - [2026-04-25T09:28:52.409+0000] {dag.py:3239} INFO - Sync 1 DAGs
[2026-04-25T09:28:52.455+0000] {logging_mixin.py:190} INFO - [2026-04-25T09:28:52.455+0000] {dag.py:4180} INFO - Setting next_dagrun for system_dag to 2026-04-24T00:00:00+00:00, run_after=2026-04-25T00:00:00+00:00
[2026-04-25T09:28:52.504+0000] {processor.py:208} INFO - Processing /opt/airflow/dags/system_dag.py took 0.202 seconds
[2026-04-25T09:29:22.570+0000] {processor.py:186} INFO - Started process (PID=1238) to work on /opt/airflow/dags/system_dag.py
[2026-04-25T09:29:22.570+0000] {processor.py:914} INFO - Processing file /opt/airflow/dags/system_dag.py for tasks to queue
[2026-04-25T09:29:22.572+0000] {logging_mixin.py:190} INFO - [2026-04-25T09:29:22.572+0000] {dagbag.py:588} INFO - Filling up the DagBag from /opt/airflow/dags/system_dag.py
[2026-04-25T09:29:22.588+0000] {processor.py:925} INFO - DAG(s) 'system_dag' retrieved from /opt/airflow/dags/system_dag.py
[2026-04-25T09:29:22.620+0000] {logging_mixin.py:190} INFO - [2026-04-25T09:29:22.619+0000] {dag.py:3239} INFO - Sync 1 DAGs
[2026-04-25T09:29:22.646+0000] {logging_mixin.py:190} INFO - [2026-04-25T09:29:22.646+0000] {dag.py:4180} INFO - Setting next_dagrun for system_dag to 2026-04-24T00:00:00+00:00, run_after=2026-04-25T00:00:00+00:00
[2026-04-25T09:29:22.666+0000] {processor.py:208} INFO - Processing /opt/airflow/dags/system_dag.py took 0.103 seconds
[2026-04-25T09:29:53.671+0000] {processor.py:186} INFO - Started process (PID=1242) to work on /opt/airflow/dags/system_dag.py
[2026-04-25T09:29:53.672+0000] {processor.py:914} INFO - Processing file /opt/airflow/dags/system_dag.py for tasks to queue
[2026-04-25T09:29:53.673+0000] {logging_mixin.py:190} INFO - [2026-04-25T09:29:53.673+0000] {dagbag.py:588} INFO - Filling up the DagBag from /opt/airflow/dags/system_dag.py
[2026-04-25T09:29:53.690+0000] {processor.py:925} INFO - DAG(s) 'system_dag' retrieved from /opt/airflow/dags/system_dag.py
[2026-04-25T09:29:53.725+0000] {logging_mixin.py:190} INFO - [2026-04-25T09:29:53.725+0000] {dag.py:3239} INFO - Sync 1 DAGs
[2026-04-25T09:29:53.756+0000] {logging_mixin.py:190} INFO - [2026-04-25T09:29:53.756+0000] {dag.py:4180} INFO - Setting next_dagrun for system_dag to 2026-04-24T00:00:00+00:00, run_after=2026-04-25T00:00:00+00:00
[2026-04-25T09:29:53.781+0000] {processor.py:208} INFO - Processing /opt/airflow/dags/system_dag.py took 0.116 seconds
[2026-04-25T09:30:23.980+0000] {processor.py:186} INFO - Started process (PID=1246) to work on /opt/airflow/dags/system_dag.py
[2026-04-25T09:30:23.981+0000] {processor.py:914} INFO - Processing file /opt/airflow/dags/system_dag.py for tasks to queue
[2026-04-25T09:30:23.982+0000] {logging_mixin.py:190} INFO - [2026-04-25T09:30:23.982+0000] {dagbag.py:588} INFO - Filling up the DagBag from /opt/airflow/dags/system_dag.py
[2026-04-25T09:30:24.002+0000] {processor.py:925} INFO - DAG(s) 'system_dag' retrieved from /opt/airflow/dags/system_dag.py
[2026-04-25T09:30:24.041+0000] {logging_mixin.py:190} INFO - [2026-04-25T09:30:24.041+0000] {dag.py:3239} INFO - Sync 1 DAGs
[2026-04-25T09:30:24.068+0000] {logging_mixin.py:190} INFO - [2026-04-25T09:30:24.068+0000] {dag.py:4180} INFO - Setting next_dagrun for system_dag to 2026-04-24T00:00:00+00:00, run_after=2026-04-25T00:00:00+00:00
[2026-04-25T09:30:24.095+0000] {processor.py:208} INFO - Processing /opt/airflow/dags/system_dag.py took 0.122 seconds
[2026-04-25T09:30:54.928+0000] {processor.py:186} INFO - Started process (PID=1250) to work on /opt/airflow/dags/system_dag.py
[2026-04-25T09:30:54.929+0000] {processor.py:914} INFO - Processing file /opt/airflow/dags/system_dag.py for tasks to queue
[2026-04-25T09:30:54.930+0000] {logging_mixin.py:190} INFO - [2026-04-25T09:30:54.930+0000] {dagbag.py:588} INFO - Filling up the DagBag from /opt/airflow/dags/system_dag.py
[2026-04-25T09:30:54.949+0000] {processor.py:925} INFO - DAG(s) 'system_dag' retrieved from /opt/airflow/dags/system_dag.py
[2026-04-25T09:30:54.984+0000] {logging_mixin.py:190} INFO - [2026-04-25T09:30:54.984+0000] {dag.py:3239} INFO - Sync 1 DAGs
[2026-04-25T09:30:55.011+0000] {logging_mixin.py:190} INFO - [2026-04-25T09:30:55.010+0000] {dag.py:4180} INFO - Setting next_dagrun for system_dag to 2026-04-24T00:00:00+00:00, run_after=2026-04-25T00:00:00+00:00
[2026-04-25T09:30:55.030+0000] {processor.py:208} INFO - Processing /opt/airflow/dags/system_dag.py took 0.110 seconds
[2026-04-25T09:31:26.053+0000] {processor.py:186} INFO - Started process (PID=1254) to work on /opt/airflow/dags/system_dag.py
[2026-04-25T09:31:26.054+0000] {processor.py:914} INFO - Processing file /opt/airflow/dags/system_dag.py for tasks to queue
[2026-04-25T09:31:26.055+0000] {logging_mixin.py:190} INFO - [2026-04-25T09:31:26.055+0000] {dagbag.py:588} INFO - Filling up the DagBag from /opt/airflow/dags/system_dag.py
[2026-04-25T09:31:26.077+0000] {processor.py:925} INFO - DAG(s) 'system_dag' retrieved from /opt/airflow/dags/system_dag.py
[2026-04-25T09:31:26.118+0000] {logging_mixin.py:190} INFO - [2026-04-25T09:31:26.118+0000] {dag.py:3239} INFO - Sync 1 DAGs
[2026-04-25T09:31:26.147+0000] {logging_mixin.py:190} INFO - [2026-04-25T09:31:26.147+0000] {dag.py:4180} INFO - Setting next_dagrun for system_dag to 2026-04-24T00:00:00+00:00, run_after=2026-04-25T00:00:00+00:00
[2026-04-25T09:31:26.173+0000] {processor.py:208} INFO - Processing /opt/airflow/dags/system_dag.py took 0.129 seconds
[2026-04-25T09:31:56.406+0000] {processor.py:186} INFO - Started process (PID=1258) to work on /opt/airflow/dags/system_dag.py
[2026-04-25T09:31:56.408+0000] {processor.py:914} INFO - Processing file /opt/airflow/dags/system_dag.py for tasks to queue
[2026-04-25T09:31:56.412+0000] {logging_mixin.py:190} INFO - [2026-04-25T09:31:56.412+0000] {dagbag.py:588} INFO - Filling up the DagBag from /opt/airflow/dags/system_dag.py
[2026-04-25T09:31:56.516+0000] {processor.py:925} INFO - DAG(s) 'system_dag' retrieved from /opt/airflow/dags/system_dag.py
[2026-04-25T09:31:56.605+0000] {logging_mixin.py:190} INFO - [2026-04-25T09:31:56.605+0000] {dag.py:3239} INFO - Sync 1 DAGs
[2026-04-25T09:31:56.656+0000] {logging_mixin.py:190} INFO - [2026-04-25T09:31:56.656+0000] {dag.py:4180} INFO - Setting next_dagrun for system_dag to 2026-04-24T00:00:00+00:00, run_after=2026-04-25T00:00:00+00:00
[2026-04-25T09:31:56.694+0000] {processor.py:208} INFO - Processing /opt/airflow/dags/system_dag.py took 0.301 seconds
[2026-04-25T09:32:27.509+0000] {processor.py:186} INFO - Started process (PID=1262) to work on /opt/airflow/dags/system_dag.py
[2026-04-25T09:32:27.510+0000] {processor.py:914} INFO - Processing file /opt/airflow/dags/system_dag.py for tasks to queue
[2026-04-25T09:32:27.511+0000] {logging_mixin.py:190} INFO - [2026-04-25T09:32:27.511+0000] {dagbag.py:588} INFO - Filling up the DagBag from /opt/airflow/dags/system_dag.py
[2026-04-25T09:32:27.530+0000] {processor.py:925} INFO - DAG(s) 'system_dag' retrieved from /opt/airflow/dags/system_dag.py
[2026-04-25T09:32:27.565+0000] {logging_mixin.py:190} INFO - [2026-04-25T09:32:27.565+0000] {dag.py:3239} INFO - Sync 1 DAGs
[2026-04-25T09:32:27.595+0000] {logging_mixin.py:190} INFO - [2026-04-25T09:32:27.595+0000] {dag.py:4180} INFO - Setting next_dagrun for system_dag to 2026-04-24T00:00:00+00:00, run_after=2026-04-25T00:00:00+00:00
[2026-04-25T09:32:27.629+0000] {processor.py:208} INFO - Processing /opt/airflow/dags/system_dag.py took 0.126 seconds
[2026-04-25T09:32:58.472+0000] {processor.py:186} INFO - Started process (PID=1266) to work on /opt/airflow/dags/system_dag.py
[2026-04-25T09:32:58.473+0000] {processor.py:914} INFO - Processing file /opt/airflow/dags/system_dag.py for tasks to queue
[2026-04-25T09:32:58.474+0000] {logging_mixin.py:190} INFO - [2026-04-25T09:32:58.474+0000] {dagbag.py:588} INFO - Filling up the DagBag from /opt/airflow/dags/system_dag.py
[2026-04-25T09:32:58.495+0000] {processor.py:925} INFO - DAG(s) 'system_dag' retrieved from /opt/airflow/dags/system_dag.py
[2026-04-25T09:32:58.534+0000] {logging_mixin.py:190} INFO - [2026-04-25T09:32:58.534+0000] {dag.py:3239} INFO - Sync 1 DAGs
[2026-04-25T09:32:58.565+0000] {logging_mixin.py:190} INFO - [2026-04-25T09:32:58.564+0000] {dag.py:4180} INFO - Setting next_dagrun for system_dag to 2026-04-24T00:00:00+00:00, run_after=2026-04-25T00:00:00+00:00
[2026-04-25T09:32:58.598+0000] {processor.py:208} INFO - Processing /opt/airflow/dags/system_dag.py took 0.132 seconds
[2026-04-25T09:33:28.662+0000] {processor.py:186} INFO - Started process (PID=1270) to work on /opt/airflow/dags/system_dag.py
[2026-04-25T09:33:28.663+0000] {processor.py:914} INFO - Processing file /opt/airflow/dags/system_dag.py for tasks to queue
[2026-04-25T09:33:28.664+0000] {logging_mixin.py:190} INFO - [2026-04-25T09:33:28.664+0000] {dagbag.py:588} INFO - Filling up the DagBag from /opt/airflow/dags/system_dag.py
[2026-04-25T09:33:28.686+0000] {processor.py:925} INFO - DAG(s) 'system_dag' retrieved from /opt/airflow/dags/system_dag.py
[2026-04-25T09:33:28.731+0000] {logging_mixin.py:190} INFO - [2026-04-25T09:33:28.731+0000] {dag.py:3239} INFO - Sync 1 DAGs
[2026-04-25T09:33:28.767+0000] {logging_mixin.py:190} INFO - [2026-04-25T09:33:28.767+0000] {dag.py:4180} INFO - Setting next_dagrun for system_dag to 2026-04-24T00:00:00+00:00, run_after=2026-04-25T00:00:00+00:00
[2026-04-25T09:33:28.810+0000] {processor.py:208} INFO - Processing /opt/airflow/dags/system_dag.py took 0.154 seconds
[2026-04-25T09:33:58.857+0000] {processor.py:186} INFO - Started process (PID=1274) to work on /opt/airflow/dags/system_dag.py
[2026-04-25T09:33:58.858+0000] {processor.py:914} INFO - Processing file /opt/airflow/dags/system_dag.py for tasks to queue
[2026-04-25T09:33:58.859+0000] {logging_mixin.py:190} INFO - [2026-04-25T09:33:58.859+0000] {dagbag.py:588} INFO - Filling up the DagBag from /opt/airflow/dags/system_dag.py
[2026-04-25T09:33:58.880+0000] {processor.py:925} INFO - DAG(s) 'system_dag' retrieved from /opt/airflow/dags/system_dag.py
[2026-04-25T09:33:58.922+0000] {logging_mixin.py:190} INFO - [2026-04-25T09:33:58.922+0000] {dag.py:3239} INFO - Sync 1 DAGs
[2026-04-25T09:33:58.950+0000] {logging_mixin.py:190} INFO - [2026-04-25T09:33:58.950+0000] {dag.py:4180} INFO - Setting next_dagrun for system_dag to 2026-04-24T00:00:00+00:00, run_after=2026-04-25T00:00:00+00:00
[2026-04-25T09:33:58.983+0000] {processor.py:208} INFO - Processing /opt/airflow/dags/system_dag.py took 0.132 seconds
[2026-04-25T09:34:29.031+0000] {processor.py:186} INFO - Started process (PID=1278) to work on /opt/airflow/dags/system_dag.py
[2026-04-25T09:34:29.031+0000] {processor.py:914} INFO - Processing file /opt/airflow/dags/system_dag.py for tasks to queue
[2026-04-25T09:34:29.033+0000] {logging_mixin.py:190} INFO - [2026-04-25T09:34:29.032+0000] {dagbag.py:588} INFO - Filling up the DagBag from /opt/airflow/dags/system_dag.py
[2026-04-25T09:34:29.051+0000] {processor.py:925} INFO - DAG(s) 'system_dag' retrieved from /opt/airflow/dags/system_dag.py
[2026-04-25T09:34:29.094+0000] {logging_mixin.py:190} INFO - [2026-04-25T09:34:29.094+0000] {dag.py:3239} INFO - Sync 1 DAGs
[2026-04-25T09:34:29.131+0000] {logging_mixin.py:190} INFO - [2026-04-25T09:34:29.131+0000] {dag.py:4180} INFO - Setting next_dagrun for system_dag to 2026-04-24T00:00:00+00:00, run_after=2026-04-25T00:00:00+00:00
[2026-04-25T09:34:29.162+0000] {processor.py:208} INFO - Processing /opt/airflow/dags/system_dag.py took 0.138 seconds
[2026-04-25T09:34:59.308+0000] {processor.py:186} INFO - Started process (PID=1282) to work on /opt/airflow/dags/system_dag.py
[2026-04-25T09:34:59.309+0000] {processor.py:914} INFO - Processing file /opt/airflow/dags/system_dag.py for tasks to queue
[2026-04-25T09:34:59.310+0000] {logging_mixin.py:190} INFO - [2026-04-25T09:34:59.310+0000] {dagbag.py:588} INFO - Filling up the DagBag from /opt/airflow/dags/system_dag.py
[2026-04-25T09:34:59.336+0000] {processor.py:925} INFO - DAG(s) 'system_dag' retrieved from /opt/airflow/dags/system_dag.py
[2026-04-25T09:34:59.387+0000] {logging_mixin.py:190} INFO - [2026-04-25T09:34:59.387+0000] {dag.py:3239} INFO - Sync 1 DAGs
[2026-04-25T09:34:59.432+0000] {logging_mixin.py:190} INFO - [2026-04-25T09:34:59.432+0000] {dag.py:4180} INFO - Setting next_dagrun for system_dag to 2026-04-24T00:00:00+00:00, run_after=2026-04-25T00:00:00+00:00
[2026-04-25T09:34:59.471+0000] {processor.py:208} INFO - Processing /opt/airflow/dags/system_dag.py took 0.170 seconds
[2026-04-25T09:35:29.568+0000] {processor.py:186} INFO - Started process (PID=1286) to work on /opt/airflow/dags/system_dag.py
[2026-04-25T09:35:29.569+0000] {processor.py:914} INFO - Processing file /opt/airflow/dags/system_dag.py for tasks to queue
[2026-04-25T09:35:29.570+0000] {logging_mixin.py:190} INFO - [2026-04-25T09:35:29.570+0000] {dagbag.py:588} INFO - Filling up the DagBag from /opt/airflow/dags/system_dag.py
[2026-04-25T09:35:29.591+0000] {processor.py:925} INFO - DAG(s) 'system_dag' retrieved from /opt/airflow/dags/system_dag.py
[2026-04-25T09:35:29.632+0000] {logging_mixin.py:190} INFO - [2026-04-25T09:35:29.632+0000] {dag.py:3239} INFO - Sync 1 DAGs
[2026-04-25T09:35:29.666+0000] {logging_mixin.py:190} INFO - [2026-04-25T09:35:29.666+0000] {dag.py:4180} INFO - Setting next_dagrun for system_dag to 2026-04-24T00:00:00+00:00, run_after=2026-04-25T00:00:00+00:00
[2026-04-25T09:35:29.706+0000] {processor.py:208} INFO - Processing /opt/airflow/dags/system_dag.py took 0.145 seconds
[2026-04-25T09:36:00.000+0000] {processor.py:186} INFO - Started process (PID=1290) to work on /opt/airflow/dags/system_dag.py
[2026-04-25T09:36:00.001+0000] {processor.py:914} INFO - Processing file /opt/airflow/dags/system_dag.py for tasks to queue
[2026-04-25T09:36:00.003+0000] {logging_mixin.py:190} INFO - [2026-04-25T09:36:00.003+0000] {dagbag.py:588} INFO - Filling up the DagBag from /opt/airflow/dags/system_dag.py
[2026-04-25T09:36:00.036+0000] {processor.py:925} INFO - DAG(s) 'system_dag' retrieved from /opt/airflow/dags/system_dag.py
[2026-04-25T09:36:00.075+0000] {logging_mixin.py:190} INFO - [2026-04-25T09:36:00.074+0000] {dag.py:3239} INFO - Sync 1 DAGs
[2026-04-25T09:36:00.106+0000] {logging_mixin.py:190} INFO - [2026-04-25T09:36:00.106+0000] {dag.py:4180} INFO - Setting next_dagrun for system_dag to 2026-04-24T00:00:00+00:00, run_after=2026-04-25T00:00:00+00:00
[2026-04-25T09:36:00.129+0000] {processor.py:208} INFO - Processing /opt/airflow/dags/system_dag.py took 0.137 seconds
[2026-04-25T09:36:31.235+0000] {processor.py:186} INFO - Started process (PID=1294) to work on /opt/airflow/dags/system_dag.py
[2026-04-25T09:36:31.236+0000] {processor.py:914} INFO - Processing file /opt/airflow/dags/system_dag.py for tasks to queue
[2026-04-25T09:36:31.237+0000] {logging_mixin.py:190} INFO - [2026-04-25T09:36:31.237+0000] {dagbag.py:588} INFO - Filling up the DagBag from /opt/airflow/dags/system_dag.py
[2026-04-25T09:36:31.263+0000] {processor.py:925} INFO - DAG(s) 'system_dag' retrieved from /opt/airflow/dags/system_dag.py
[2026-04-25T09:36:31.311+0000] {logging_mixin.py:190} INFO - [2026-04-25T09:36:31.311+0000] {dag.py:3239} INFO - Sync 1 DAGs
[2026-04-25T09:36:31.353+0000] {logging_mixin.py:190} INFO - [2026-04-25T09:36:31.353+0000] {dag.py:4180} INFO - Setting next_dagrun for system_dag to 2026-04-24T00:00:00+00:00, run_after=2026-04-25T00:00:00+00:00
[2026-04-25T09:36:31.382+0000] {processor.py:208} INFO - Processing /opt/airflow/dags/system_dag.py took 0.154 seconds
[2026-04-25T09:37:01.515+0000] {processor.py:186} INFO - Started process (PID=1298) to work on /opt/airflow/dags/system_dag.py
[2026-04-25T09:37:01.516+0000] {processor.py:914} INFO - Processing file /opt/airflow/dags/system_dag.py for tasks to queue
[2026-04-25T09:37:01.518+0000] {logging_mixin.py:190} INFO - [2026-04-25T09:37:01.518+0000] {dagbag.py:588} INFO - Filling up the DagBag from /opt/airflow/dags/system_dag.py
[2026-04-25T09:37:01.534+0000] {processor.py:925} INFO - DAG(s) 'system_dag' retrieved from /opt/airflow/dags/system_dag.py
[2026-04-25T09:37:01.584+0000] {logging_mixin.py:190} INFO - [2026-04-25T09:37:01.583+0000] {dag.py:3239} INFO - Sync 1 DAGs
[2026-04-25T09:37:01.622+0000] {logging_mixin.py:190} INFO - [2026-04-25T09:37:01.621+0000] {dag.py:4180} INFO - Setting next_dagrun for system_dag to 2026-04-24T00:00:00+00:00, run_after=2026-04-25T00:00:00+00:00
[2026-04-25T09:37:01.647+0000] {processor.py:208} INFO - Processing /opt/airflow/dags/system_dag.py took 0.137 seconds
[2026-04-25T09:37:31.765+0000] {processor.py:186} INFO - Started process (PID=1302) to work on /opt/airflow/dags/system_dag.py
[2026-04-25T09:37:31.766+0000] {processor.py:914} INFO - Processing file /opt/airflow/dags/system_dag.py for tasks to queue
[2026-04-25T09:37:31.767+0000] {logging_mixin.py:190} INFO - [2026-04-25T09:37:31.767+0000] {dagbag.py:588} INFO - Filling up the DagBag from /opt/airflow/dags/system_dag.py
[2026-04-25T09:37:31.786+0000] {processor.py:925} INFO - DAG(s) 'system_dag' retrieved from /opt/airflow/dags/system_dag.py
[2026-04-25T09:37:31.825+0000] {logging_mixin.py:190} INFO - [2026-04-25T09:37:31.825+0000] {dag.py:3239} INFO - Sync 1 DAGs
[2026-04-25T09:37:31.863+0000] {logging_mixin.py:190} INFO - [2026-04-25T09:37:31.862+0000] {dag.py:4180} INFO - Setting next_dagrun for system_dag to 2026-04-24T00:00:00+00:00, run_after=2026-04-25T00:00:00+00:00
[2026-04-25T09:37:31.891+0000] {processor.py:208} INFO - Processing /opt/airflow/dags/system_dag.py took 0.132 seconds
[2026-04-25T09:38:02.053+0000] {processor.py:186} INFO - Started process (PID=1306) to work on /opt/airflow/dags/system_dag.py
[2026-04-25T09:38:02.054+0000] {processor.py:914} INFO - Processing file /opt/airflow/dags/system_dag.py for tasks to queue
[2026-04-25T09:38:02.055+0000] {logging_mixin.py:190} INFO - [2026-04-25T09:38:02.055+0000] {dagbag.py:588} INFO - Filling up the DagBag from /opt/airflow/dags/system_dag.py
[2026-04-25T09:38:02.077+0000] {processor.py:925} INFO - DAG(s) 'system_dag' retrieved from /opt/airflow/dags/system_dag.py
[2026-04-25T09:38:02.122+0000] {logging_mixin.py:190} INFO - [2026-04-25T09:38:02.122+0000] {dag.py:3239} INFO - Sync 1 DAGs
[2026-04-25T09:38:02.174+0000] {logging_mixin.py:190} INFO - [2026-04-25T09:38:02.174+0000] {dag.py:4180} INFO - Setting next_dagrun for system_dag to 2026-04-24T00:00:00+00:00, run_after=2026-04-25T00:00:00+00:00
[2026-04-25T09:38:02.208+0000] {processor.py:208} INFO - Processing /opt/airflow/dags/system_dag.py took 0.163 seconds
[2026-04-25T09:38:32.335+0000] {processor.py:186} INFO - Started process (PID=1310) to work on /opt/airflow/dags/system_dag.py
[2026-04-25T09:38:32.336+0000] {processor.py:914} INFO - Processing file /opt/airflow/dags/system_dag.py for tasks to queue
[2026-04-25T09:38:32.338+0000] {logging_mixin.py:190} INFO - [2026-04-25T09:38:32.338+0000] {dagbag.py:588} INFO - Filling up the DagBag from /opt/airflow/dags/system_dag.py
[2026-04-25T09:38:32.360+0000] {processor.py:925} INFO - DAG(s) 'system_dag' retrieved from /opt/airflow/dags/system_dag.py
[2026-04-25T09:38:32.406+0000] {logging_mixin.py:190} INFO - [2026-04-25T09:38:32.405+0000] {dag.py:3239} INFO - Sync 1 DAGs
[2026-04-25T09:38:32.441+0000] {logging_mixin.py:190} INFO - [2026-04-25T09:38:32.440+0000] {dag.py:4180} INFO - Setting next_dagrun for system_dag to 2026-04-24T00:00:00+00:00, run_after=2026-04-25T00:00:00+00:00
[2026-04-25T09:38:32.464+0000] {processor.py:208} INFO - Processing /opt/airflow/dags/system_dag.py took 0.136 seconds
[2026-04-25T09:39:02.608+0000] {processor.py:186} INFO - Started process (PID=1314) to work on /opt/airflow/dags/system_dag.py
[2026-04-25T09:39:02.609+0000] {processor.py:914} INFO - Processing file /opt/airflow/dags/system_dag.py for tasks to queue
[2026-04-25T09:39:02.611+0000] {logging_mixin.py:190} INFO - [2026-04-25T09:39:02.611+0000] {dagbag.py:588} INFO - Filling up the DagBag from /opt/airflow/dags/system_dag.py
[2026-04-25T09:39:02.646+0000] {processor.py:925} INFO - DAG(s) 'system_dag' retrieved from /opt/airflow/dags/system_dag.py
[2026-04-25T09:39:02.729+0000] {logging_mixin.py:190} INFO - [2026-04-25T09:39:02.729+0000] {dag.py:3239} INFO - Sync 1 DAGs
[2026-04-25T09:39:02.778+0000] {logging_mixin.py:190} INFO - [2026-04-25T09:39:02.777+0000] {dag.py:4180} INFO - Setting next_dagrun for system_dag to 2026-04-24T00:00:00+00:00, run_after=2026-04-25T00:00:00+00:00
[2026-04-25T09:39:02.813+0000] {processor.py:208} INFO - Processing /opt/airflow/dags/system_dag.py took 0.220 seconds
[2026-04-25T09:39:33.861+0000] {processor.py:186} INFO - Started process (PID=1318) to work on /opt/airflow/dags/system_dag.py
[2026-04-25T09:39:33.862+0000] {processor.py:914} INFO - Processing file /opt/airflow/dags/system_dag.py for tasks to queue
[2026-04-25T09:39:33.863+0000] {logging_mixin.py:190} INFO - [2026-04-25T09:39:33.863+0000] {dagbag.py:588} INFO - Filling up the DagBag from /opt/airflow/dags/system_dag.py
[2026-04-25T09:39:33.879+0000] {processor.py:925} INFO - DAG(s) 'system_dag' retrieved from /opt/airflow/dags/system_dag.py
[2026-04-25T09:39:33.913+0000] {logging_mixin.py:190} INFO - [2026-04-25T09:39:33.913+0000] {dag.py:3239} INFO - Sync 1 DAGs
[2026-04-25T09:39:33.942+0000] {logging_mixin.py:190} INFO - [2026-04-25T09:39:33.942+0000] {dag.py:4180} INFO - Setting next_dagrun for system_dag to 2026-04-24T00:00:00+00:00, run_after=2026-04-25T00:00:00+00:00
[2026-04-25T09:39:33.962+0000] {processor.py:208} INFO - Processing /opt/airflow/dags/system_dag.py took 0.107 seconds
[2026-04-25T09:40:05.965+0000] {processor.py:186} INFO - Started process (PID=1322) to work on /opt/airflow/dags/system_dag.py
[2026-04-25T09:40:05.966+0000] {processor.py:914} INFO - Processing file /opt/airflow/dags/system_dag.py for tasks to queue
[2026-04-25T09:40:05.967+0000] {logging_mixin.py:190} INFO - [2026-04-25T09:40:05.967+0000] {dagbag.py:588} INFO - Filling up the DagBag from /opt/airflow/dags/system_dag.py
[2026-04-25T09:40:05.989+0000] {processor.py:925} INFO - DAG(s) 'system_dag' retrieved from /opt/airflow/dags/system_dag.py
[2026-04-25T09:40:06.038+0000] {logging_mixin.py:190} INFO - [2026-04-25T09:40:06.037+0000] {dag.py:3239} INFO - Sync 1 DAGs
[2026-04-25T09:40:06.070+0000] {logging_mixin.py:190} INFO - [2026-04-25T09:40:06.070+0000] {dag.py:4180} INFO - Setting next_dagrun for system_dag to 2026-04-24T00:00:00+00:00, run_after=2026-04-25T00:00:00+00:00
[2026-04-25T09:40:06.094+0000] {processor.py:208} INFO - Processing /opt/airflow/dags/system_dag.py took 0.138 seconds
[2026-04-25T09:40:37.120+0000] {processor.py:186} INFO - Started process (PID=1326) to work on /opt/airflow/dags/system_dag.py
[2026-04-25T09:40:37.121+0000] {processor.py:914} INFO - Processing file /opt/airflow/dags/system_dag.py for tasks to queue
[2026-04-25T09:40:37.122+0000] {logging_mixin.py:190} INFO - [2026-04-25T09:40:37.122+0000] {dagbag.py:588} INFO - Filling up the DagBag from /opt/airflow/dags/system_dag.py
[2026-04-25T09:40:37.141+0000] {processor.py:925} INFO - DAG(s) 'system_dag' retrieved from /opt/airflow/dags/system_dag.py
[2026-04-25T09:40:37.179+0000] {logging_mixin.py:190} INFO - [2026-04-25T09:40:37.179+0000] {dag.py:3239} INFO - Sync 1 DAGs
[2026-04-25T09:40:37.207+0000] {logging_mixin.py:190} INFO - [2026-04-25T09:40:37.207+0000] {dag.py:4180} INFO - Setting next_dagrun for system_dag to 2026-04-24T00:00:00+00:00, run_after=2026-04-25T00:00:00+00:00
[2026-04-25T09:40:37.232+0000] {processor.py:208} INFO - Processing /opt/airflow/dags/system_dag.py took 0.119 seconds
[2026-04-25T09:41:09.286+0000] {processor.py:186} INFO - Started process (PID=1330) to work on /opt/airflow/dags/system_dag.py
[2026-04-25T09:41:09.287+0000] {processor.py:914} INFO - Processing file /opt/airflow/dags/system_dag.py for tasks to queue
[2026-04-25T09:41:09.288+0000] {logging_mixin.py:190} INFO - [2026-04-25T09:41:09.287+0000] {dagbag.py:588} INFO - Filling up the DagBag from /opt/airflow/dags/system_dag.py
[2026-04-25T09:41:09.308+0000] {processor.py:925} INFO - DAG(s) 'system_dag' retrieved from /opt/airflow/dags/system_dag.py
[2026-04-25T09:41:09.346+0000] {logging_mixin.py:190} INFO - [2026-04-25T09:41:09.346+0000] {dag.py:3239} INFO - Sync 1 DAGs
[2026-04-25T09:41:09.391+0000] {logging_mixin.py:190} INFO - [2026-04-25T09:41:09.391+0000] {dag.py:4180} INFO - Setting next_dagrun for system_dag to 2026-04-24T00:00:00+00:00, run_after=2026-04-25T00:00:00+00:00
[2026-04-25T09:41:09.460+0000] {processor.py:208} INFO - Processing /opt/airflow/dags/system_dag.py took 0.179 seconds
[2026-04-25T09:41:40.356+0000] {processor.py:186} INFO - Started process (PID=1334) to work on /opt/airflow/dags/system_dag.py
[2026-04-25T09:41:40.357+0000] {processor.py:914} INFO - Processing file /opt/airflow/dags/system_dag.py for tasks to queue
[2026-04-25T09:41:40.359+0000] {logging_mixin.py:190} INFO - [2026-04-25T09:41:40.358+0000] {dagbag.py:588} INFO - Filling up the DagBag from /opt/airflow/dags/system_dag.py
[2026-04-25T09:41:40.374+0000] {processor.py:925} INFO - DAG(s) 'system_dag' retrieved from /opt/airflow/dags/system_dag.py
[2026-04-25T09:41:40.413+0000] {logging_mixin.py:190} INFO - [2026-04-25T09:41:40.413+0000] {dag.py:3239} INFO - Sync 1 DAGs
[2026-04-25T09:41:40.443+0000] {logging_mixin.py:190} INFO - [2026-04-25T09:41:40.443+0000] {dag.py:4180} INFO - Setting next_dagrun for system_dag to 2026-04-24T00:00:00+00:00, run_after=2026-04-25T00:00:00+00:00
[2026-04-25T09:41:40.475+0000] {processor.py:208} INFO - Processing /opt/airflow/dags/system_dag.py took 0.124 seconds
[2026-04-25T09:42:12.492+0000] {processor.py:186} INFO - Started process (PID=1338) to work on /opt/airflow/dags/system_dag.py
[2026-04-25T09:42:12.493+0000] {processor.py:914} INFO - Processing file /opt/airflow/dags/system_dag.py for tasks to queue
[2026-04-25T09:42:12.495+0000] {logging_mixin.py:190} INFO - [2026-04-25T09:42:12.494+0000] {dagbag.py:588} INFO - Filling up the DagBag from /opt/airflow/dags/system_dag.py
[2026-04-25T09:42:12.519+0000] {processor.py:925} INFO - DAG(s) 'system_dag' retrieved from /opt/airflow/dags/system_dag.py
[2026-04-25T09:42:12.568+0000] {logging_mixin.py:190} INFO - [2026-04-25T09:42:12.567+0000] {dag.py:3239} INFO - Sync 1 DAGs
[2026-04-25T09:42:12.604+0000] {logging_mixin.py:190} INFO - [2026-04-25T09:42:12.603+0000] {dag.py:4180} INFO - Setting next_dagrun for system_dag to 2026-04-24T00:00:00+00:00, run_after=2026-04-25T00:00:00+00:00
[2026-04-25T09:42:12.639+0000] {processor.py:208} INFO - Processing /opt/airflow/dags/system_dag.py took 0.154 seconds
[2026-04-25T09:42:43.670+0000] {processor.py:186} INFO - Started process (PID=1342) to work on /opt/airflow/dags/system_dag.py
[2026-04-25T09:42:43.671+0000] {processor.py:914} INFO - Processing file /opt/airflow/dags/system_dag.py for tasks to queue
[2026-04-25T09:42:43.672+0000] {logging_mixin.py:190} INFO - [2026-04-25T09:42:43.672+0000] {dagbag.py:588} INFO - Filling up the DagBag from /opt/airflow/dags/system_dag.py
[2026-04-25T09:42:43.692+0000] {processor.py:925} INFO - DAG(s) 'system_dag' retrieved from /opt/airflow/dags/system_dag.py
[2026-04-25T09:42:43.732+0000] {logging_mixin.py:190} INFO - [2026-04-25T09:42:43.732+0000] {dag.py:3239} INFO - Sync 1 DAGs
[2026-04-25T09:42:43.764+0000] {logging_mixin.py:190} INFO - [2026-04-25T09:42:43.763+0000] {dag.py:4180} INFO - Setting next_dagrun for system_dag to 2026-04-24T00:00:00+00:00, run_after=2026-04-25T00:00:00+00:00
[2026-04-25T09:42:43.797+0000] {processor.py:208} INFO - Processing /opt/airflow/dags/system_dag.py took 0.133 seconds
[2026-04-25T09:43:14.157+0000] {processor.py:186} INFO - Started process (PID=1346) to work on /opt/airflow/dags/system_dag.py
[2026-04-25T09:43:14.158+0000] {processor.py:914} INFO - Processing file /opt/airflow/dags/system_dag.py for tasks to queue
[2026-04-25T09:43:14.160+0000] {logging_mixin.py:190} INFO - [2026-04-25T09:43:14.160+0000] {dagbag.py:588} INFO - Filling up the DagBag from /opt/airflow/dags/system_dag.py
[2026-04-25T09:43:15.070+0000] {processor.py:925} INFO - DAG(s) 'system_dag' retrieved from /opt/airflow/dags/system_dag.py
[2026-04-25T09:43:15.112+0000] {logging_mixin.py:190} INFO - [2026-04-25T09:43:15.112+0000] {dag.py:3239} INFO - Sync 1 DAGs
[2026-04-25T09:43:15.147+0000] {logging_mixin.py:190} INFO - [2026-04-25T09:43:15.147+0000] {dag.py:4180} INFO - Setting next_dagrun for system_dag to 2026-04-24T00:00:00+00:00, run_after=2026-04-25T00:00:00+00:00
[2026-04-25T09:43:15.180+0000] {processor.py:208} INFO - Processing /opt/airflow/dags/system_dag.py took 0.137 seconds
[2026-04-25T09:43:47.229+0000] {processor.py:186} INFO - Started process (PID=1350) to work on /opt/airflow/dags/system_dag.py
[2026-04-25T09:43:47.229+0000] {processor.py:914} INFO - Processing file /opt/airflow/dags/system_dag.py for tasks to queue
[2026-04-25T09:43:47.230+0000] {logging_mixin.py:190} INFO - [2026-04-25T09:43:47.230+0000] {dagbag.py:588} INFO - Filling up the DagBag from /opt/airflow/dags/system_dag.py
[2026-04-25T09:43:47.249+0000] {processor.py:925} INFO - DAG(s) 'system_dag' retrieved from /opt/airflow/dags/system_dag.py
[2026-04-25T09:43:47.281+0000] {logging_mixin.py:190} INFO - [2026-04-25T09:43:47.281+0000] {dag.py:3239} INFO - Sync 1 DAGs
[2026-04-25T09:43:47.307+0000] {logging_mixin.py:190} INFO - [2026-04-25T09:43:47.307+0000] {dag.py:4180} INFO - Setting next_dagrun for system_dag to 2026-04-24T00:00:00+00:00, run_after=2026-04-25T00:00:00+00:00
[2026-04-25T09:43:47.341+0000] {processor.py:208} INFO - Processing /opt/airflow/dags/system_dag.py took 0.117 seconds
[2026-04-25T09:44:17.442+0000] {processor.py:186} INFO - Started process (PID=1354) to work on /opt/airflow/dags/system_dag.py
[2026-04-25T09:44:17.443+0000] {processor.py:914} INFO - Processing file /opt/airflow/dags/system_dag.py for tasks to queue
[2026-04-25T09:44:17.445+0000] {logging_mixin.py:190} INFO - [2026-04-25T09:44:17.445+0000] {dagbag.py:588} INFO - Filling up the DagBag from /opt/airflow/dags/system_dag.py
[2026-04-25T09:44:17.480+0000] {processor.py:925} INFO - DAG(s) 'system_dag' retrieved from /opt/airflow/dags/system_dag.py
[2026-04-25T09:44:17.546+0000] {logging_mixin.py:190} INFO - [2026-04-25T09:44:17.545+0000] {dag.py:3239} INFO - Sync 1 DAGs
[2026-04-25T09:44:17.586+0000] {logging_mixin.py:190} INFO - [2026-04-25T09:44:17.586+0000] {dag.py:4180} INFO - Setting next_dagrun for system_dag to 2026-04-24T00:00:00+00:00, run_after=2026-04-25T00:00:00+00:00
[2026-04-25T09:44:17.622+0000] {processor.py:208} INFO - Processing /opt/airflow/dags/system_dag.py took 0.190 seconds
[2026-04-25T09:44:47.761+0000] {processor.py:186} INFO - Started process (PID=1358) to work on /opt/airflow/dags/system_dag.py
[2026-04-25T09:44:47.762+0000] {processor.py:914} INFO - Processing file /opt/airflow/dags/system_dag.py for tasks to queue
[2026-04-25T09:44:47.763+0000] {logging_mixin.py:190} INFO - [2026-04-25T09:44:47.763+0000] {dagbag.py:588} INFO - Filling up the DagBag from /opt/airflow/dags/system_dag.py
[2026-04-25T09:44:47.788+0000] {processor.py:925} INFO - DAG(s) 'system_dag' retrieved from /opt/airflow/dags/system_dag.py
[2026-04-25T09:44:47.866+0000] {logging_mixin.py:190} INFO - [2026-04-25T09:44:47.865+0000] {dag.py:3239} INFO - Sync 1 DAGs
[2026-04-25T09:44:47.905+0000] {logging_mixin.py:190} INFO - [2026-04-25T09:44:47.905+0000] {dag.py:4180} INFO - Setting next_dagrun for system_dag to 2026-04-24T00:00:00+00:00, run_after=2026-04-25T00:00:00+00:00
[2026-04-25T09:44:47.943+0000] {processor.py:208} INFO - Processing /opt/airflow/dags/system_dag.py took 0.191 seconds
[2026-04-25T09:45:18.052+0000] {processor.py:186} INFO - Started process (PID=1362) to work on /opt/airflow/dags/system_dag.py
[2026-04-25T09:45:18.053+0000] {processor.py:914} INFO - Processing file /opt/airflow/dags/system_dag.py for tasks to queue
[2026-04-25T09:45:18.054+0000] {logging_mixin.py:190} INFO - [2026-04-25T09:45:18.054+0000] {dagbag.py:588} INFO - Filling up the DagBag from /opt/airflow/dags/system_dag.py
[2026-04-25T09:45:18.073+0000] {processor.py:925} INFO - DAG(s) 'system_dag' retrieved from /opt/airflow/dags/system_dag.py
[2026-04-25T09:45:18.131+0000] {logging_mixin.py:190} INFO - [2026-04-25T09:45:18.131+0000] {dag.py:3239} INFO - Sync 1 DAGs
[2026-04-25T09:45:18.205+0000] {logging_mixin.py:190} INFO - [2026-04-25T09:45:18.205+0000] {dag.py:4180} INFO - Setting next_dagrun for system_dag to 2026-04-24T00:00:00+00:00, run_after=2026-04-25T00:00:00+00:00
[2026-04-25T09:45:18.272+0000] {processor.py:208} INFO - Processing /opt/airflow/dags/system_dag.py took 0.225 seconds
[2026-04-25T09:45:48.425+0000] {processor.py:186} INFO - Started process (PID=1366) to work on /opt/airflow/dags/system_dag.py
[2026-04-25T09:45:48.426+0000] {processor.py:914} INFO - Processing file /opt/airflow/dags/system_dag.py for tasks to queue
[2026-04-25T09:45:48.429+0000] {logging_mixin.py:190} INFO - [2026-04-25T09:45:48.428+0000] {dagbag.py:588} INFO - Filling up the DagBag from /opt/airflow/dags/system_dag.py
[2026-04-25T09:45:48.455+0000] {processor.py:925} INFO - DAG(s) 'system_dag' retrieved from /opt/airflow/dags/system_dag.py
[2026-04-25T09:45:48.502+0000] {logging_mixin.py:190} INFO - [2026-04-25T09:45:48.501+0000] {dag.py:3239} INFO - Sync 1 DAGs
[2026-04-25T09:45:48.536+0000] {logging_mixin.py:190} INFO - [2026-04-25T09:45:48.536+0000] {dag.py:4180} INFO - Setting next_dagrun for system_dag to 2026-04-24T00:00:00+00:00, run_after=2026-04-25T00:00:00+00:00
[2026-04-25T09:45:48.570+0000] {processor.py:208} INFO - Processing /opt/airflow/dags/system_dag.py took 0.152 seconds
[2026-04-25T09:46:18.732+0000] {processor.py:186} INFO - Started process (PID=1370) to work on /opt/airflow/dags/system_dag.py
[2026-04-25T09:46:18.732+0000] {processor.py:914} INFO - Processing file /opt/airflow/dags/system_dag.py for tasks to queue
[2026-04-25T09:46:18.734+0000] {logging_mixin.py:190} INFO - [2026-04-25T09:46:18.734+0000] {dagbag.py:588} INFO - Filling up the DagBag from /opt/airflow/dags/system_dag.py
[2026-04-25T09:46:18.757+0000] {processor.py:925} INFO - DAG(s) 'system_dag' retrieved from /opt/airflow/dags/system_dag.py
[2026-04-25T09:46:18.822+0000] {logging_mixin.py:190} INFO - [2026-04-25T09:46:18.822+0000] {dag.py:3239} INFO - Sync 1 DAGs
[2026-04-25T09:46:18.868+0000] {logging_mixin.py:190} INFO - [2026-04-25T09:46:18.868+0000] {dag.py:4180} INFO - Setting next_dagrun for system_dag to 2026-04-24T00:00:00+00:00, run_after=2026-04-25T00:00:00+00:00
[2026-04-25T09:46:18.901+0000] {processor.py:208} INFO - Processing /opt/airflow/dags/system_dag.py took 0.176 seconds
[2026-04-25T09:46:49.079+0000] {processor.py:186} INFO - Started process (PID=1374) to work on /opt/airflow/dags/system_dag.py
[2026-04-25T09:46:49.080+0000] {processor.py:914} INFO - Processing file /opt/airflow/dags/system_dag.py for tasks to queue
[2026-04-25T09:46:49.081+0000] {logging_mixin.py:190} INFO - [2026-04-25T09:46:49.081+0000] {dagbag.py:588} INFO - Filling up the DagBag from /opt/airflow/dags/system_dag.py
[2026-04-25T09:46:49.102+0000] {processor.py:925} INFO - DAG(s) 'system_dag' retrieved from /opt/airflow/dags/system_dag.py
[2026-04-25T09:46:49.148+0000] {logging_mixin.py:190} INFO - [2026-04-25T09:46:49.148+0000] {dag.py:3239} INFO - Sync 1 DAGs
[2026-04-25T09:46:49.177+0000] {logging_mixin.py:190} INFO - [2026-04-25T09:46:49.176+0000] {dag.py:4180} INFO - Setting next_dagrun for system_dag to 2026-04-24T00:00:00+00:00, run_after=2026-04-25T00:00:00+00:00
[2026-04-25T09:46:49.211+0000] {processor.py:208} INFO - Processing /opt/airflow/dags/system_dag.py took 0.137 seconds
[2026-04-25T09:47:20.043+0000] {processor.py:186} INFO - Started process (PID=1378) to work on /opt/airflow/dags/system_dag.py
[2026-04-25T09:47:20.044+0000] {processor.py:914} INFO - Processing file /opt/airflow/dags/system_dag.py for tasks to queue
[2026-04-25T09:47:20.046+0000] {logging_mixin.py:190} INFO - [2026-04-25T09:47:20.046+0000] {dagbag.py:588} INFO - Filling up the DagBag from /opt/airflow/dags/system_dag.py
[2026-04-25T09:47:20.075+0000] {processor.py:925} INFO - DAG(s) 'system_dag' retrieved from /opt/airflow/dags/system_dag.py
[2026-04-25T09:47:20.127+0000] {logging_mixin.py:190} INFO - [2026-04-25T09:47:20.127+0000] {dag.py:3239} INFO - Sync 1 DAGs
[2026-04-25T09:47:20.158+0000] {logging_mixin.py:190} INFO - [2026-04-25T09:47:20.158+0000] {dag.py:4180} INFO - Setting next_dagrun for system_dag to 2026-04-24T00:00:00+00:00, run_after=2026-04-25T00:00:00+00:00
[2026-04-25T09:47:20.218+0000] {processor.py:208} INFO - Processing /opt/airflow/dags/system_dag.py took 0.183 seconds
[2026-04-25T09:47:50.292+0000] {processor.py:186} INFO - Started process (PID=1382) to work on /opt/airflow/dags/system_dag.py
[2026-04-25T09:47:50.293+0000] {processor.py:914} INFO - Processing file /opt/airflow/dags/system_dag.py for tasks to queue
[2026-04-25T09:47:50.295+0000] {logging_mixin.py:190} INFO - [2026-04-25T09:47:50.294+0000] {dagbag.py:588} INFO - Filling up the DagBag from /opt/airflow/dags/system_dag.py
[2026-04-25T09:47:50.318+0000] {processor.py:925} INFO - DAG(s) 'system_dag' retrieved from /opt/airflow/dags/system_dag.py
[2026-04-25T09:47:50.370+0000] {logging_mixin.py:190} INFO - [2026-04-25T09:47:50.370+0000] {dag.py:3239} INFO - Sync 1 DAGs
[2026-04-25T09:47:50.407+0000] {logging_mixin.py:190} INFO - [2026-04-25T09:47:50.407+0000] {dag.py:4180} INFO - Setting next_dagrun for system_dag to 2026-04-24T00:00:00+00:00, run_after=2026-04-25T00:00:00+00:00
[2026-04-25T09:47:50.445+0000] {processor.py:208} INFO - Processing /opt/airflow/dags/system_dag.py took 0.158 seconds
[2026-04-25T09:48:20.565+0000] {processor.py:186} INFO - Started process (PID=1386) to work on /opt/airflow/dags/system_dag.py
[2026-04-25T09:48:20.565+0000] {processor.py:914} INFO - Processing file /opt/airflow/dags/system_dag.py for tasks to queue
[2026-04-25T09:48:20.567+0000] {logging_mixin.py:190} INFO - [2026-04-25T09:48:20.566+0000] {dagbag.py:588} INFO - Filling up the DagBag from /opt/airflow/dags/system_dag.py
[2026-04-25T09:48:20.586+0000] {processor.py:925} INFO - DAG(s) 'system_dag' retrieved from /opt/airflow/dags/system_dag.py
[2026-04-25T09:48:20.633+0000] {logging_mixin.py:190} INFO - [2026-04-25T09:48:20.633+0000] {dag.py:3239} INFO - Sync 1 DAGs
[2026-04-25T09:48:20.674+0000] {logging_mixin.py:190} INFO - [2026-04-25T09:48:20.674+0000] {dag.py:4180} INFO - Setting next_dagrun for system_dag to 2026-04-24T00:00:00+00:00, run_after=2026-04-25T00:00:00+00:00
[2026-04-25T09:48:20.718+0000] {processor.py:208} INFO - Processing /opt/airflow/dags/system_dag.py took 0.161 seconds
[2026-04-25T09:48:50.986+0000] {processor.py:186} INFO - Started process (PID=1390) to work on /opt/airflow/dags/system_dag.py
[2026-04-25T09:48:50.989+0000] {processor.py:914} INFO - Processing file /opt/airflow/dags/system_dag.py for tasks to queue
[2026-04-25T09:48:50.992+0000] {logging_mixin.py:190} INFO - [2026-04-25T09:48:50.991+0000] {dagbag.py:588} INFO - Filling up the DagBag from /opt/airflow/dags/system_dag.py
[2026-04-25T09:48:51.066+0000] {processor.py:925} INFO - DAG(s) 'system_dag' retrieved from /opt/airflow/dags/system_dag.py
[2026-04-25T09:48:51.167+0000] {logging_mixin.py:190} INFO - [2026-04-25T09:48:51.166+0000] {dag.py:3239} INFO - Sync 1 DAGs
[2026-04-25T09:48:51.248+0000] {logging_mixin.py:190} INFO - [2026-04-25T09:48:51.247+0000] {dag.py:4180} INFO - Setting next_dagrun for system_dag to 2026-04-24T00:00:00+00:00, run_after=2026-04-25T00:00:00+00:00
[2026-04-25T09:48:51.410+0000] {processor.py:208} INFO - Processing /opt/airflow/dags/system_dag.py took 0.439 seconds
[2026-04-25T09:49:21.554+0000] {processor.py:186} INFO - Started process (PID=1394) to work on /opt/airflow/dags/system_dag.py
[2026-04-25T09:49:21.555+0000] {processor.py:914} INFO - Processing file /opt/airflow/dags/system_dag.py for tasks to queue
[2026-04-25T09:49:21.559+0000] {logging_mixin.py:190} INFO - [2026-04-25T09:49:21.558+0000] {dagbag.py:588} INFO - Filling up the DagBag from /opt/airflow/dags/system_dag.py
[2026-04-25T09:49:21.623+0000] {processor.py:925} INFO - DAG(s) 'system_dag' retrieved from /opt/airflow/dags/system_dag.py
[2026-04-25T09:49:21.724+0000] {logging_mixin.py:190} INFO - [2026-04-25T09:49:21.724+0000] {dag.py:3239} INFO - Sync 1 DAGs
[2026-04-25T09:49:21.813+0000] {logging_mixin.py:190} INFO - [2026-04-25T09:49:21.812+0000] {dag.py:4180} INFO - Setting next_dagrun for system_dag to 2026-04-24T00:00:00+00:00, run_after=2026-04-25T00:00:00+00:00
[2026-04-25T09:49:21.899+0000] {processor.py:208} INFO - Processing /opt/airflow/dags/system_dag.py took 0.368 seconds
[2026-04-25T09:49:52.092+0000] {processor.py:186} INFO - Started process (PID=1398) to work on /opt/airflow/dags/system_dag.py
[2026-04-25T09:49:52.095+0000] {processor.py:914} INFO - Processing file /opt/airflow/dags/system_dag.py for tasks to queue
[2026-04-25T09:49:52.099+0000] {logging_mixin.py:190} INFO - [2026-04-25T09:49:52.098+0000] {dagbag.py:588} INFO - Filling up the DagBag from /opt/airflow/dags/system_dag.py
[2026-04-25T09:49:52.161+0000] {processor.py:925} INFO - DAG(s) 'system_dag' retrieved from /opt/airflow/dags/system_dag.py
[2026-04-25T09:49:52.277+0000] {logging_mixin.py:190} INFO - [2026-04-25T09:49:52.277+0000] {dag.py:3239} INFO - Sync 1 DAGs
[2026-04-25T09:49:52.396+0000] {logging_mixin.py:190} INFO - [2026-04-25T09:49:52.395+0000] {dag.py:4180} INFO - Setting next_dagrun for system_dag to 2026-04-24T00:00:00+00:00, run_after=2026-04-25T00:00:00+00:00
[2026-04-25T09:49:52.524+0000] {processor.py:208} INFO - Processing /opt/airflow/dags/system_dag.py took 0.445 seconds
[2026-04-25T09:50:22.801+0000] {processor.py:186} INFO - Started process (PID=1402) to work on /opt/airflow/dags/system_dag.py
[2026-04-25T09:50:22.803+0000] {processor.py:914} INFO - Processing file /opt/airflow/dags/system_dag.py for tasks to queue
[2026-04-25T09:50:22.806+0000] {logging_mixin.py:190} INFO - [2026-04-25T09:50:22.806+0000] {dagbag.py:588} INFO - Filling up the DagBag from /opt/airflow/dags/system_dag.py
[2026-04-25T09:50:22.866+0000] {processor.py:925} INFO - DAG(s) 'system_dag' retrieved from /opt/airflow/dags/system_dag.py
[2026-04-25T09:50:22.969+0000] {logging_mixin.py:190} INFO - [2026-04-25T09:50:22.969+0000] {dag.py:3239} INFO - Sync 1 DAGs
[2026-04-25T09:50:23.087+0000] {logging_mixin.py:190} INFO - [2026-04-25T09:50:23.087+0000] {dag.py:4180} INFO - Setting next_dagrun for system_dag to 2026-04-24T00:00:00+00:00, run_after=2026-04-25T00:00:00+00:00
[2026-04-25T09:50:23.185+0000] {processor.py:208} INFO - Processing /opt/airflow/dags/system_dag.py took 0.405 seconds
[2026-04-25T09:50:53.319+0000] {processor.py:186} INFO - Started process (PID=1406) to work on /opt/airflow/dags/system_dag.py
[2026-04-25T09:50:53.321+0000] {processor.py:914} INFO - Processing file /opt/airflow/dags/system_dag.py for tasks to queue
[2026-04-25T09:50:53.325+0000] {logging_mixin.py:190} INFO - [2026-04-25T09:50:53.324+0000] {dagbag.py:588} INFO - Filling up the DagBag from /opt/airflow/dags/system_dag.py
[2026-04-25T09:50:53.373+0000] {processor.py:925} INFO - DAG(s) 'system_dag' retrieved from /opt/airflow/dags/system_dag.py
[2026-04-25T09:50:53.456+0000] {logging_mixin.py:190} INFO - [2026-04-25T09:50:53.456+0000] {dag.py:3239} INFO - Sync 1 DAGs
[2026-04-25T09:50:53.550+0000] {logging_mixin.py:190} INFO - [2026-04-25T09:50:53.549+0000] {dag.py:4180} INFO - Setting next_dagrun for system_dag to 2026-04-24T00:00:00+00:00, run_after=2026-04-25T00:00:00+00:00
[2026-04-25T09:50:53.613+0000] {processor.py:208} INFO - Processing /opt/airflow/dags/system_dag.py took 0.308 seconds
[2026-04-25T09:51:24.084+0000] {processor.py:186} INFO - Started process (PID=1410) to work on /opt/airflow/dags/system_dag.py
[2026-04-25T09:51:24.085+0000] {processor.py:914} INFO - Processing file /opt/airflow/dags/system_dag.py for tasks to queue
[2026-04-25T09:51:24.087+0000] {logging_mixin.py:190} INFO - [2026-04-25T09:51:24.086+0000] {dagbag.py:588} INFO - Filling up the DagBag from /opt/airflow/dags/system_dag.py
[2026-04-25T09:51:24.120+0000] {processor.py:925} INFO - DAG(s) 'system_dag' retrieved from /opt/airflow/dags/system_dag.py
[2026-04-25T09:51:24.170+0000] {logging_mixin.py:190} INFO - [2026-04-25T09:51:24.170+0000] {dag.py:3239} INFO - Sync 1 DAGs
[2026-04-25T09:51:24.230+0000] {logging_mixin.py:190} INFO - [2026-04-25T09:51:24.230+0000] {dag.py:4180} INFO - Setting next_dagrun for system_dag to 2026-04-24T00:00:00+00:00, run_after=2026-04-25T00:00:00+00:00
[2026-04-25T09:51:24.281+0000] {processor.py:208} INFO - Processing /opt/airflow/dags/system_dag.py took 0.209 seconds
[2026-04-25T09:51:54.349+0000] {processor.py:186} INFO - Started process (PID=1414) to work on /opt/airflow/dags/system_dag.py
[2026-04-25T09:51:54.349+0000] {processor.py:914} INFO - Processing file /opt/airflow/dags/system_dag.py for tasks to queue
[2026-04-25T09:51:54.350+0000] {logging_mixin.py:190} INFO - [2026-04-25T09:51:54.350+0000] {dagbag.py:588} INFO - Filling up the DagBag from /opt/airflow/dags/system_dag.py
[2026-04-25T09:51:54.368+0000] {processor.py:925} INFO - DAG(s) 'system_dag' retrieved from /opt/airflow/dags/system_dag.py
[2026-04-25T09:51:54.405+0000] {logging_mixin.py:190} INFO - [2026-04-25T09:51:54.404+0000] {dag.py:3239} INFO - Sync 1 DAGs
[2026-04-25T09:51:54.433+0000] {logging_mixin.py:190} INFO - [2026-04-25T09:51:54.433+0000] {dag.py:4180} INFO - Setting next_dagrun for system_dag to 2026-04-24T00:00:00+00:00, run_after=2026-04-25T00:00:00+00:00
[2026-04-25T09:51:54.482+0000] {processor.py:208} INFO - Processing /opt/airflow/dags/system_dag.py took 0.139 seconds
[2026-04-25T09:52:25.412+0000] {processor.py:186} INFO - Started process (PID=1418) to work on /opt/airflow/dags/system_dag.py
[2026-04-25T09:52:25.413+0000] {processor.py:914} INFO - Processing file /opt/airflow/dags/system_dag.py for tasks to queue
[2026-04-25T09:52:25.415+0000] {logging_mixin.py:190} INFO - [2026-04-25T09:52:25.415+0000] {dagbag.py:588} INFO - Filling up the DagBag from /opt/airflow/dags/system_dag.py
[2026-04-25T09:52:25.437+0000] {processor.py:925} INFO - DAG(s) 'system_dag' retrieved from /opt/airflow/dags/system_dag.py
[2026-04-25T09:52:25.480+0000] {logging_mixin.py:190} INFO - [2026-04-25T09:52:25.479+0000] {dag.py:3239} INFO - Sync 1 DAGs
[2026-04-25T09:52:25.513+0000] {logging_mixin.py:190} INFO - [2026-04-25T09:52:25.513+0000] {dag.py:4180} INFO - Setting next_dagrun for system_dag to 2026-04-24T00:00:00+00:00, run_after=2026-04-25T00:00:00+00:00
[2026-04-25T09:52:25.546+0000] {processor.py:208} INFO - Processing /opt/airflow/dags/system_dag.py took 0.140 seconds
[2026-04-25T09:52:55.645+0000] {processor.py:186} INFO - Started process (PID=1422) to work on /opt/airflow/dags/system_dag.py
[2026-04-25T09:52:55.646+0000] {processor.py:914} INFO - Processing file /opt/airflow/dags/system_dag.py for tasks to queue
[2026-04-25T09:52:55.647+0000] {logging_mixin.py:190} INFO - [2026-04-25T09:52:55.646+0000] {dagbag.py:588} INFO - Filling up the DagBag from /opt/airflow/dags/system_dag.py
[2026-04-25T09:52:55.664+0000] {processor.py:925} INFO - DAG(s) 'system_dag' retrieved from /opt/airflow/dags/system_dag.py
[2026-04-25T09:52:55.707+0000] {logging_mixin.py:190} INFO - [2026-04-25T09:52:55.707+0000] {dag.py:3239} INFO - Sync 1 DAGs
[2026-04-25T09:52:55.737+0000] {logging_mixin.py:190} INFO - [2026-04-25T09:52:55.736+0000] {dag.py:4180} INFO - Setting next_dagrun for system_dag to 2026-04-24T00:00:00+00:00, run_after=2026-04-25T00:00:00+00:00
[2026-04-25T09:52:55.787+0000] {processor.py:208} INFO - Processing /opt/airflow/dags/system_dag.py took 0.148 seconds
[2026-04-25T09:53:26.049+0000] {processor.py:186} INFO - Started process (PID=1426) to work on /opt/airflow/dags/system_dag.py
[2026-04-25T09:53:26.050+0000] {processor.py:914} INFO - Processing file /opt/airflow/dags/system_dag.py for tasks to queue
[2026-04-25T09:53:26.051+0000] {logging_mixin.py:190} INFO - [2026-04-25T09:53:26.050+0000] {dagbag.py:588} INFO - Filling up the DagBag from /opt/airflow/dags/system_dag.py
[2026-04-25T09:53:26.068+0000] {processor.py:925} INFO - DAG(s) 'system_dag' retrieved from /opt/airflow/dags/system_dag.py
[2026-04-25T09:53:26.114+0000] {logging_mixin.py:190} INFO - [2026-04-25T09:53:26.114+0000] {dag.py:3239} INFO - Sync 1 DAGs
[2026-04-25T09:53:26.146+0000] {logging_mixin.py:190} INFO - [2026-04-25T09:53:26.146+0000] {dag.py:4180} INFO - Setting next_dagrun for system_dag to 2026-04-24T00:00:00+00:00, run_after=2026-04-25T00:00:00+00:00
[2026-04-25T09:53:26.176+0000] {processor.py:208} INFO - Processing /opt/airflow/dags/system_dag.py took 0.132 seconds
[2026-04-25T09:53:56.933+0000] {processor.py:186} INFO - Started process (PID=1430) to work on /opt/airflow/dags/system_dag.py
[2026-04-25T09:53:56.933+0000] {processor.py:914} INFO - Processing file /opt/airflow/dags/system_dag.py for tasks to queue
[2026-04-25T09:53:56.935+0000] {logging_mixin.py:190} INFO - [2026-04-25T09:53:56.935+0000] {dagbag.py:588} INFO - Filling up the DagBag from /opt/airflow/dags/system_dag.py
[2026-04-25T09:53:56.958+0000] {processor.py:925} INFO - DAG(s) 'system_dag' retrieved from /opt/airflow/dags/system_dag.py
[2026-04-25T09:53:57.000+0000] {logging_mixin.py:190} INFO - [2026-04-25T09:53:56.999+0000] {dag.py:3239} INFO - Sync 1 DAGs
[2026-04-25T09:53:57.029+0000] {logging_mixin.py:190} INFO - [2026-04-25T09:53:57.029+0000] {dag.py:4180} INFO - Setting next_dagrun for system_dag to 2026-04-24T00:00:00+00:00, run_after=2026-04-25T00:00:00+00:00
[2026-04-25T09:53:57.059+0000] {processor.py:208} INFO - Processing /opt/airflow/dags/system_dag.py took 0.133 seconds
[2026-04-25T09:54:27.996+0000] {processor.py:186} INFO - Started process (PID=1434) to work on /opt/airflow/dags/system_dag.py
[2026-04-25T09:54:27.997+0000] {processor.py:914} INFO - Processing file /opt/airflow/dags/system_dag.py for tasks to queue
[2026-04-25T09:54:27.998+0000] {logging_mixin.py:190} INFO - [2026-04-25T09:54:27.998+0000] {dagbag.py:588} INFO - Filling up the DagBag from /opt/airflow/dags/system_dag.py
[2026-04-25T09:54:28.017+0000] {processor.py:925} INFO - DAG(s) 'system_dag' retrieved from /opt/airflow/dags/system_dag.py
[2026-04-25T09:54:28.054+0000] {logging_mixin.py:190} INFO - [2026-04-25T09:54:28.054+0000] {dag.py:3239} INFO - Sync 1 DAGs
[2026-04-25T09:54:28.089+0000] {logging_mixin.py:190} INFO - [2026-04-25T09:54:28.089+0000] {dag.py:4180} INFO - Setting next_dagrun for system_dag to 2026-04-24T00:00:00+00:00, run_after=2026-04-25T00:00:00+00:00
[2026-04-25T09:54:28.128+0000] {processor.py:208} INFO - Processing /opt/airflow/dags/system_dag.py took 0.138 seconds
[2026-04-25T09:54:58.252+0000] {processor.py:186} INFO - Started process (PID=1438) to work on /opt/airflow/dags/system_dag.py
[2026-04-25T09:54:58.253+0000] {processor.py:914} INFO - Processing file /opt/airflow/dags/system_dag.py for tasks to queue
[2026-04-25T09:54:58.254+0000] {logging_mixin.py:190} INFO - [2026-04-25T09:54:58.254+0000] {dagbag.py:588} INFO - Filling up the DagBag from /opt/airflow/dags/system_dag.py
[2026-04-25T09:54:58.274+0000] {processor.py:925} INFO - DAG(s) 'system_dag' retrieved from /opt/airflow/dags/system_dag.py
[2026-04-25T09:54:58.314+0000] {logging_mixin.py:190} INFO - [2026-04-25T09:54:58.314+0000] {dag.py:3239} INFO - Sync 1 DAGs
[2026-04-25T09:54:58.344+0000] {logging_mixin.py:190} INFO - [2026-04-25T09:54:58.344+0000] {dag.py:4180} INFO - Setting next_dagrun for system_dag to 2026-04-24T00:00:00+00:00, run_after=2026-04-25T00:00:00+00:00
[2026-04-25T09:54:58.364+0000] {processor.py:208} INFO - Processing /opt/airflow/dags/system_dag.py took 0.118 seconds
[2026-04-25T09:55:28.453+0000] {processor.py:186} INFO - Started process (PID=1442) to work on /opt/airflow/dags/system_dag.py
[2026-04-25T09:55:28.453+0000] {processor.py:914} INFO - Processing file /opt/airflow/dags/system_dag.py for tasks to queue
[2026-04-25T09:55:28.454+0000] {logging_mixin.py:190} INFO - [2026-04-25T09:55:28.454+0000] {dagbag.py:588} INFO - Filling up the DagBag from /opt/airflow/dags/system_dag.py
[2026-04-25T09:55:28.473+0000] {processor.py:925} INFO - DAG(s) 'system_dag' retrieved from /opt/airflow/dags/system_dag.py
[2026-04-25T09:55:28.519+0000] {logging_mixin.py:190} INFO - [2026-04-25T09:55:28.519+0000] {dag.py:3239} INFO - Sync 1 DAGs
[2026-04-25T09:55:28.549+0000] {logging_mixin.py:190} INFO - [2026-04-25T09:55:28.549+0000] {dag.py:4180} INFO - Setting next_dagrun for system_dag to 2026-04-24T00:00:00+00:00, run_after=2026-04-25T00:00:00+00:00
[2026-04-25T09:55:28.575+0000] {processor.py:208} INFO - Processing /opt/airflow/dags/system_dag.py took 0.129 seconds
[2026-04-25T09:55:58.675+0000] {processor.py:186} INFO - Started process (PID=1446) to work on /opt/airflow/dags/system_dag.py
[2026-04-25T09:55:58.675+0000] {processor.py:914} INFO - Processing file /opt/airflow/dags/system_dag.py for tasks to queue
[2026-04-25T09:55:58.677+0000] {logging_mixin.py:190} INFO - [2026-04-25T09:55:58.677+0000] {dagbag.py:588} INFO - Filling up the DagBag from /opt/airflow/dags/system_dag.py
[2026-04-25T09:55:58.697+0000] {processor.py:925} INFO - DAG(s) 'system_dag' retrieved from /opt/airflow/dags/system_dag.py
[2026-04-25T09:55:58.746+0000] {logging_mixin.py:190} INFO - [2026-04-25T09:55:58.746+0000] {dag.py:3239} INFO - Sync 1 DAGs
[2026-04-25T09:55:58.779+0000] {logging_mixin.py:190} INFO - [2026-04-25T09:55:58.779+0000] {dag.py:4180} INFO - Setting next_dagrun for system_dag to 2026-04-24T00:00:00+00:00, run_after=2026-04-25T00:00:00+00:00
[2026-04-25T09:55:58.803+0000] {processor.py:208} INFO - Processing /opt/airflow/dags/system_dag.py took 0.135 seconds
[2026-04-25T09:56:28.840+0000] {processor.py:186} INFO - Started process (PID=1450) to work on /opt/airflow/dags/system_dag.py
[2026-04-25T09:56:28.841+0000] {processor.py:914} INFO - Processing file /opt/airflow/dags/system_dag.py for tasks to queue
[2026-04-25T09:56:28.842+0000] {logging_mixin.py:190} INFO - [2026-04-25T09:56:28.842+0000] {dagbag.py:588} INFO - Filling up the DagBag from /opt/airflow/dags/system_dag.py
[2026-04-25T09:56:28.859+0000] {processor.py:925} INFO - DAG(s) 'system_dag' retrieved from /opt/airflow/dags/system_dag.py
[2026-04-25T09:56:28.895+0000] {logging_mixin.py:190} INFO - [2026-04-25T09:56:28.895+0000] {dag.py:3239} INFO - Sync 1 DAGs
[2026-04-25T09:56:28.921+0000] {logging_mixin.py:190} INFO - [2026-04-25T09:56:28.921+0000] {dag.py:4180} INFO - Setting next_dagrun for system_dag to 2026-04-24T00:00:00+00:00, run_after=2026-04-25T00:00:00+00:00
[2026-04-25T09:56:28.941+0000] {processor.py:208} INFO - Processing /opt/airflow/dags/system_dag.py took 0.107 seconds
[2026-04-25T09:56:59.019+0000] {processor.py:186} INFO - Started process (PID=1454) to work on /opt/airflow/dags/system_dag.py
[2026-04-25T09:56:59.020+0000] {processor.py:914} INFO - Processing file /opt/airflow/dags/system_dag.py for tasks to queue
[2026-04-25T09:56:59.025+0000] {logging_mixin.py:190} INFO - [2026-04-25T09:56:59.023+0000] {dagbag.py:588} INFO - Filling up the DagBag from /opt/airflow/dags/system_dag.py
[2026-04-25T09:56:59.051+0000] {processor.py:925} INFO - DAG(s) 'system_dag' retrieved from /opt/airflow/dags/system_dag.py
[2026-04-25T09:56:59.163+0000] {logging_mixin.py:190} INFO - [2026-04-25T09:56:59.162+0000] {dag.py:3239} INFO - Sync 1 DAGs
[2026-04-25T09:56:59.224+0000] {logging_mixin.py:190} INFO - [2026-04-25T09:56:59.224+0000] {dag.py:4180} INFO - Setting next_dagrun for system_dag to 2026-04-24T00:00:00+00:00, run_after=2026-04-25T00:00:00+00:00
[2026-04-25T09:56:59.272+0000] {processor.py:208} INFO - Processing /opt/airflow/dags/system_dag.py took 0.259 seconds
[2026-04-25T09:57:30.286+0000] {processor.py:186} INFO - Started process (PID=1458) to work on /opt/airflow/dags/system_dag.py
[2026-04-25T09:57:30.287+0000] {processor.py:914} INFO - Processing file /opt/airflow/dags/system_dag.py for tasks to queue
[2026-04-25T09:57:30.288+0000] {logging_mixin.py:190} INFO - [2026-04-25T09:57:30.288+0000] {dagbag.py:588} INFO - Filling up the DagBag from /opt/airflow/dags/system_dag.py
[2026-04-25T09:57:30.306+0000] {processor.py:925} INFO - DAG(s) 'system_dag' retrieved from /opt/airflow/dags/system_dag.py
[2026-04-25T09:57:30.375+0000] {logging_mixin.py:190} INFO - [2026-04-25T09:57:30.374+0000] {dag.py:3239} INFO - Sync 1 DAGs
[2026-04-25T09:57:30.436+0000] {logging_mixin.py:190} INFO - [2026-04-25T09:57:30.436+0000] {dag.py:4180} INFO - Setting next_dagrun for system_dag to 2026-04-24T00:00:00+00:00, run_after=2026-04-25T00:00:00+00:00
[2026-04-25T09:57:30.495+0000] {processor.py:208} INFO - Processing /opt/airflow/dags/system_dag.py took 0.216 seconds
[2026-04-25T09:58:01.580+0000] {processor.py:186} INFO - Started process (PID=1462) to work on /opt/airflow/dags/system_dag.py
[2026-04-25T09:58:01.581+0000] {processor.py:914} INFO - Processing file /opt/airflow/dags/system_dag.py for tasks to queue
[2026-04-25T09:58:01.582+0000] {logging_mixin.py:190} INFO - [2026-04-25T09:58:01.582+0000] {dagbag.py:588} INFO - Filling up the DagBag from /opt/airflow/dags/system_dag.py
[2026-04-25T09:58:01.600+0000] {processor.py:925} INFO - DAG(s) 'system_dag' retrieved from /opt/airflow/dags/system_dag.py
[2026-04-25T09:58:01.639+0000] {logging_mixin.py:190} INFO - [2026-04-25T09:58:01.638+0000] {dag.py:3239} INFO - Sync 1 DAGs
[2026-04-25T09:58:01.687+0000] {logging_mixin.py:190} INFO - [2026-04-25T09:58:01.686+0000] {dag.py:4180} INFO - Setting next_dagrun for system_dag to 2026-04-24T00:00:00+00:00, run_after=2026-04-25T00:00:00+00:00
[2026-04-25T09:58:01.725+0000] {processor.py:208} INFO - Processing /opt/airflow/dags/system_dag.py took 0.150 seconds
[2026-04-25T09:58:32.653+0000] {processor.py:186} INFO - Started process (PID=1466) to work on /opt/airflow/dags/system_dag.py
[2026-04-25T09:58:32.654+0000] {processor.py:914} INFO - Processing file /opt/airflow/dags/system_dag.py for tasks to queue
[2026-04-25T09:58:32.655+0000] {logging_mixin.py:190} INFO - [2026-04-25T09:58:32.655+0000] {dagbag.py:588} INFO - Filling up the DagBag from /opt/airflow/dags/system_dag.py
[2026-04-25T09:58:32.674+0000] {processor.py:925} INFO - DAG(s) 'system_dag' retrieved from /opt/airflow/dags/system_dag.py
[2026-04-25T09:58:32.710+0000] {logging_mixin.py:190} INFO - [2026-04-25T09:58:32.709+0000] {dag.py:3239} INFO - Sync 1 DAGs
[2026-04-25T09:58:32.741+0000] {logging_mixin.py:190} INFO - [2026-04-25T09:58:32.741+0000] {dag.py:4180} INFO - Setting next_dagrun for system_dag to 2026-04-24T00:00:00+00:00, run_after=2026-04-25T00:00:00+00:00
[2026-04-25T09:58:32.801+0000] {processor.py:208} INFO - Processing /opt/airflow/dags/system_dag.py took 0.154 seconds
[2026-04-25T09:59:03.103+0000] {processor.py:186} INFO - Started process (PID=1470) to work on /opt/airflow/dags/system_dag.py
[2026-04-25T09:59:03.104+0000] {processor.py:914} INFO - Processing file /opt/airflow/dags/system_dag.py for tasks to queue
[2026-04-25T09:59:03.105+0000] {logging_mixin.py:190} INFO - [2026-04-25T09:59:03.105+0000] {dagbag.py:588} INFO - Filling up the DagBag from /opt/airflow/dags/system_dag.py
[2026-04-25T09:59:03.124+0000] {processor.py:925} INFO - DAG(s) 'system_dag' retrieved from /opt/airflow/dags/system_dag.py
[2026-04-25T09:59:03.168+0000] {logging_mixin.py:190} INFO - [2026-04-25T09:59:03.168+0000] {dag.py:3239} INFO - Sync 1 DAGs
[2026-04-25T09:59:03.200+0000] {logging_mixin.py:190} INFO - [2026-04-25T09:59:03.200+0000] {dag.py:4180} INFO - Setting next_dagrun for system_dag to 2026-04-24T00:00:00+00:00, run_after=2026-04-25T00:00:00+00:00
[2026-04-25T09:59:03.230+0000] {processor.py:208} INFO - Processing /opt/airflow/dags/system_dag.py took 0.133 seconds
[2026-04-25T09:59:33.441+0000] {processor.py:186} INFO - Started process (PID=1474) to work on /opt/airflow/dags/system_dag.py
[2026-04-25T09:59:33.442+0000] {processor.py:914} INFO - Processing file /opt/airflow/dags/system_dag.py for tasks to queue
[2026-04-25T09:59:33.444+0000] {logging_mixin.py:190} INFO - [2026-04-25T09:59:33.444+0000] {dagbag.py:588} INFO - Filling up the DagBag from /opt/airflow/dags/system_dag.py
[2026-04-25T09:59:33.468+0000] {processor.py:925} INFO - DAG(s) 'system_dag' retrieved from /opt/airflow/dags/system_dag.py
[2026-04-25T09:59:33.505+0000] {logging_mixin.py:190} INFO - [2026-04-25T09:59:33.505+0000] {dag.py:3239} INFO - Sync 1 DAGs
[2026-04-25T09:59:33.533+0000] {logging_mixin.py:190} INFO - [2026-04-25T09:59:33.533+0000] {dag.py:4180} INFO - Setting next_dagrun for system_dag to 2026-04-24T00:00:00+00:00, run_after=2026-04-25T00:00:00+00:00
[2026-04-25T09:59:33.571+0000] {processor.py:208} INFO - Processing /opt/airflow/dags/system_dag.py took 0.136 seconds
[2026-04-25T10:00:04.498+0000] {processor.py:186} INFO - Started process (PID=1478) to work on /opt/airflow/dags/system_dag.py
[2026-04-25T10:00:04.499+0000] {processor.py:914} INFO - Processing file /opt/airflow/dags/system_dag.py for tasks to queue
[2026-04-25T10:00:04.500+0000] {logging_mixin.py:190} INFO - [2026-04-25T10:00:04.500+0000] {dagbag.py:588} INFO - Filling up the DagBag from /opt/airflow/dags/system_dag.py
[2026-04-25T10:00:04.518+0000] {processor.py:925} INFO - DAG(s) 'system_dag' retrieved from /opt/airflow/dags/system_dag.py
[2026-04-25T10:00:04.553+0000] {logging_mixin.py:190} INFO - [2026-04-25T10:00:04.553+0000] {dag.py:3239} INFO - Sync 1 DAGs
[2026-04-25T10:00:04.587+0000] {logging_mixin.py:190} INFO - [2026-04-25T10:00:04.586+0000] {dag.py:4180} INFO - Setting next_dagrun for system_dag to 2026-04-24T00:00:00+00:00, run_after=2026-04-25T00:00:00+00:00
[2026-04-25T10:00:04.626+0000] {processor.py:208} INFO - Processing /opt/airflow/dags/system_dag.py took 0.134 seconds
[2026-04-25T10:00:34.735+0000] {processor.py:186} INFO - Started process (PID=1482) to work on /opt/airflow/dags/system_dag.py
[2026-04-25T10:00:34.736+0000] {processor.py:914} INFO - Processing file /opt/airflow/dags/system_dag.py for tasks to queue
[2026-04-25T10:00:34.737+0000] {logging_mixin.py:190} INFO - [2026-04-25T10:00:34.737+0000] {dagbag.py:588} INFO - Filling up the DagBag from /opt/airflow/dags/system_dag.py
[2026-04-25T10:00:34.753+0000] {processor.py:925} INFO - DAG(s) 'system_dag' retrieved from /opt/airflow/dags/system_dag.py
[2026-04-25T10:00:34.792+0000] {logging_mixin.py:190} INFO - [2026-04-25T10:00:34.792+0000] {dag.py:3239} INFO - Sync 1 DAGs
[2026-04-25T10:00:34.824+0000] {logging_mixin.py:190} INFO - [2026-04-25T10:00:34.824+0000] {dag.py:4180} INFO - Setting next_dagrun for system_dag to 2026-04-24T00:00:00+00:00, run_after=2026-04-25T00:00:00+00:00
[2026-04-25T10:00:34.850+0000] {processor.py:208} INFO - Processing /opt/airflow/dags/system_dag.py took 0.121 seconds
[2026-04-25T10:01:04.903+0000] {processor.py:186} INFO - Started process (PID=1486) to work on /opt/airflow/dags/system_dag.py
[2026-04-25T10:01:04.903+0000] {processor.py:914} INFO - Processing file /opt/airflow/dags/system_dag.py for tasks to queue
[2026-04-25T10:01:04.904+0000] {logging_mixin.py:190} INFO - [2026-04-25T10:01:04.904+0000] {dagbag.py:588} INFO - Filling up the DagBag from /opt/airflow/dags/system_dag.py
[2026-04-25T10:01:04.927+0000] {processor.py:925} INFO - DAG(s) 'system_dag' retrieved from /opt/airflow/dags/system_dag.py
[2026-04-25T10:01:04.969+0000] {logging_mixin.py:190} INFO - [2026-04-25T10:01:04.968+0000] {dag.py:3239} INFO - Sync 1 DAGs
[2026-04-25T10:01:05.001+0000] {logging_mixin.py:190} INFO - [2026-04-25T10:01:05.001+0000] {dag.py:4180} INFO - Setting next_dagrun for system_dag to 2026-04-24T00:00:00+00:00, run_after=2026-04-25T00:00:00+00:00
[2026-04-25T10:01:05.022+0000] {processor.py:208} INFO - Processing /opt/airflow/dags/system_dag.py took 0.125 seconds
[2026-04-25T10:01:35.117+0000] {processor.py:186} INFO - Started process (PID=1490) to work on /opt/airflow/dags/system_dag.py
[2026-04-25T10:01:35.118+0000] {processor.py:914} INFO - Processing file /opt/airflow/dags/system_dag.py for tasks to queue
[2026-04-25T10:01:35.119+0000] {logging_mixin.py:190} INFO - [2026-04-25T10:01:35.119+0000] {dagbag.py:588} INFO - Filling up the DagBag from /opt/airflow/dags/system_dag.py
[2026-04-25T10:01:35.136+0000] {processor.py:925} INFO - DAG(s) 'system_dag' retrieved from /opt/airflow/dags/system_dag.py
[2026-04-25T10:01:35.171+0000] {logging_mixin.py:190} INFO - [2026-04-25T10:01:35.171+0000] {dag.py:3239} INFO - Sync 1 DAGs
[2026-04-25T10:01:35.202+0000] {logging_mixin.py:190} INFO - [2026-04-25T10:01:35.202+0000] {dag.py:4180} INFO - Setting next_dagrun for system_dag to 2026-04-24T00:00:00+00:00, run_after=2026-04-25T00:00:00+00:00
[2026-04-25T10:01:35.238+0000] {processor.py:208} INFO - Processing /opt/airflow/dags/system_dag.py took 0.126 seconds
[2026-04-25T10:02:05.448+0000] {processor.py:186} INFO - Started process (PID=1494) to work on /opt/airflow/dags/system_dag.py
[2026-04-25T10:02:05.448+0000] {processor.py:914} INFO - Processing file /opt/airflow/dags/system_dag.py for tasks to queue
[2026-04-25T10:02:05.450+0000] {logging_mixin.py:190} INFO - [2026-04-25T10:02:05.449+0000] {dagbag.py:588} INFO - Filling up the DagBag from /opt/airflow/dags/system_dag.py
[2026-04-25T10:02:05.469+0000] {processor.py:925} INFO - DAG(s) 'system_dag' retrieved from /opt/airflow/dags/system_dag.py
[2026-04-25T10:02:05.513+0000] {logging_mixin.py:190} INFO - [2026-04-25T10:02:05.513+0000] {dag.py:3239} INFO - Sync 1 DAGs
[2026-04-25T10:02:05.547+0000] {logging_mixin.py:190} INFO - [2026-04-25T10:02:05.547+0000] {dag.py:4180} INFO - Setting next_dagrun for system_dag to 2026-04-24T00:00:00+00:00, run_after=2026-04-25T00:00:00+00:00
[2026-04-25T10:02:05.579+0000] {processor.py:208} INFO - Processing /opt/airflow/dags/system_dag.py took 0.137 seconds
[2026-04-25T10:02:35.644+0000] {processor.py:186} INFO - Started process (PID=1498) to work on /opt/airflow/dags/system_dag.py
[2026-04-25T10:02:35.645+0000] {processor.py:914} INFO - Processing file /opt/airflow/dags/system_dag.py for tasks to queue
[2026-04-25T10:02:35.646+0000] {logging_mixin.py:190} INFO - [2026-04-25T10:02:35.646+0000] {dagbag.py:588} INFO - Filling up the DagBag from /opt/airflow/dags/system_dag.py
[2026-04-25T10:02:35.666+0000] {processor.py:925} INFO - DAG(s) 'system_dag' retrieved from /opt/airflow/dags/system_dag.py
[2026-04-25T10:02:35.716+0000] {logging_mixin.py:190} INFO - [2026-04-25T10:02:35.716+0000] {dag.py:3239} INFO - Sync 1 DAGs
[2026-04-25T10:02:35.748+0000] {logging_mixin.py:190} INFO - [2026-04-25T10:02:35.748+0000] {dag.py:4180} INFO - Setting next_dagrun for system_dag to 2026-04-24T00:00:00+00:00, run_after=2026-04-25T00:00:00+00:00
[2026-04-25T10:02:35.777+0000] {processor.py:208} INFO - Processing /opt/airflow/dags/system_dag.py took 0.141 seconds
[2026-04-25T10:03:06.702+0000] {processor.py:186} INFO - Started process (PID=1502) to work on /opt/airflow/dags/system_dag.py
[2026-04-25T10:03:06.703+0000] {processor.py:914} INFO - Processing file /opt/airflow/dags/system_dag.py for tasks to queue
[2026-04-25T10:03:06.704+0000] {logging_mixin.py:190} INFO - [2026-04-25T10:03:06.704+0000] {dagbag.py:588} INFO - Filling up the DagBag from /opt/airflow/dags/system_dag.py
[2026-04-25T10:03:06.722+0000] {processor.py:925} INFO - DAG(s) 'system_dag' retrieved from /opt/airflow/dags/system_dag.py
[2026-04-25T10:03:06.757+0000] {logging_mixin.py:190} INFO - [2026-04-25T10:03:06.757+0000] {dag.py:3239} INFO - Sync 1 DAGs
[2026-04-25T10:03:06.789+0000] {logging_mixin.py:190} INFO - [2026-04-25T10:03:06.789+0000] {dag.py:4180} INFO - Setting next_dagrun for system_dag to 2026-04-24T00:00:00+00:00, run_after=2026-04-25T00:00:00+00:00
[2026-04-25T10:03:06.822+0000] {processor.py:208} INFO - Processing /opt/airflow/dags/system_dag.py took 0.127 seconds
[2026-04-25T10:03:36.995+0000] {processor.py:186} INFO - Started process (PID=1506) to work on /opt/airflow/dags/system_dag.py
[2026-04-25T10:03:36.996+0000] {processor.py:914} INFO - Processing file /opt/airflow/dags/system_dag.py for tasks to queue
[2026-04-25T10:03:36.997+0000] {logging_mixin.py:190} INFO - [2026-04-25T10:03:36.997+0000] {dagbag.py:588} INFO - Filling up the DagBag from /opt/airflow/dags/system_dag.py
[2026-04-25T10:03:37.014+0000] {processor.py:925} INFO - DAG(s) 'system_dag' retrieved from /opt/airflow/dags/system_dag.py
[2026-04-25T10:03:37.048+0000] {logging_mixin.py:190} INFO - [2026-04-25T10:03:37.048+0000] {dag.py:3239} INFO - Sync 1 DAGs
[2026-04-25T10:03:37.074+0000] {logging_mixin.py:190} INFO - [2026-04-25T10:03:37.074+0000] {dag.py:4180} INFO - Setting next_dagrun for system_dag to 2026-04-24T00:00:00+00:00, run_after=2026-04-25T00:00:00+00:00
[2026-04-25T10:03:37.095+0000] {processor.py:208} INFO - Processing /opt/airflow/dags/system_dag.py took 0.106 seconds
[2026-04-25T10:04:07.183+0000] {processor.py:186} INFO - Started process (PID=1510) to work on /opt/airflow/dags/system_dag.py
[2026-04-25T10:04:07.184+0000] {processor.py:914} INFO - Processing file /opt/airflow/dags/system_dag.py for tasks to queue
[2026-04-25T10:04:07.186+0000] {logging_mixin.py:190} INFO - [2026-04-25T10:04:07.186+0000] {dagbag.py:588} INFO - Filling up the DagBag from /opt/airflow/dags/system_dag.py
[2026-04-25T10:04:07.209+0000] {processor.py:925} INFO - DAG(s) 'system_dag' retrieved from /opt/airflow/dags/system_dag.py
[2026-04-25T10:04:07.247+0000] {logging_mixin.py:190} INFO - [2026-04-25T10:04:07.247+0000] {dag.py:3239} INFO - Sync 1 DAGs
[2026-04-25T10:04:07.276+0000] {logging_mixin.py:190} INFO - [2026-04-25T10:04:07.276+0000] {dag.py:4180} INFO - Setting next_dagrun for system_dag to 2026-04-24T00:00:00+00:00, run_after=2026-04-25T00:00:00+00:00
[2026-04-25T10:04:07.298+0000] {processor.py:208} INFO - Processing /opt/airflow/dags/system_dag.py took 0.123 seconds
[2026-04-25T10:04:37.337+0000] {processor.py:186} INFO - Started process (PID=1514) to work on /opt/airflow/dags/system_dag.py
[2026-04-25T10:04:37.338+0000] {processor.py:914} INFO - Processing file /opt/airflow/dags/system_dag.py for tasks to queue
[2026-04-25T10:04:37.339+0000] {logging_mixin.py:190} INFO - [2026-04-25T10:04:37.339+0000] {dagbag.py:588} INFO - Filling up the DagBag from /opt/airflow/dags/system_dag.py
[2026-04-25T10:04:37.356+0000] {processor.py:925} INFO - DAG(s) 'system_dag' retrieved from /opt/airflow/dags/system_dag.py
[2026-04-25T10:04:37.389+0000] {logging_mixin.py:190} INFO - [2026-04-25T10:04:37.389+0000] {dag.py:3239} INFO - Sync 1 DAGs
[2026-04-25T10:04:37.414+0000] {logging_mixin.py:190} INFO - [2026-04-25T10:04:37.414+0000] {dag.py:4180} INFO - Setting next_dagrun for system_dag to 2026-04-24T00:00:00+00:00, run_after=2026-04-25T00:00:00+00:00
[2026-04-25T10:04:37.434+0000] {processor.py:208} INFO - Processing /opt/airflow/dags/system_dag.py took 0.102 seconds
[2026-04-25T10:05:07.514+0000] {processor.py:186} INFO - Started process (PID=1518) to work on /opt/airflow/dags/system_dag.py
[2026-04-25T10:05:07.515+0000] {processor.py:914} INFO - Processing file /opt/airflow/dags/system_dag.py for tasks to queue
[2026-04-25T10:05:07.516+0000] {logging_mixin.py:190} INFO - [2026-04-25T10:05:07.516+0000] {dagbag.py:588} INFO - Filling up the DagBag from /opt/airflow/dags/system_dag.py
[2026-04-25T10:05:07.533+0000] {processor.py:925} INFO - DAG(s) 'system_dag' retrieved from /opt/airflow/dags/system_dag.py
[2026-04-25T10:05:07.565+0000] {logging_mixin.py:190} INFO - [2026-04-25T10:05:07.565+0000] {dag.py:3239} INFO - Sync 1 DAGs
[2026-04-25T10:05:07.591+0000] {logging_mixin.py:190} INFO - [2026-04-25T10:05:07.591+0000] {dag.py:4180} INFO - Setting next_dagrun for system_dag to 2026-04-24T00:00:00+00:00, run_after=2026-04-25T00:00:00+00:00
[2026-04-25T10:05:07.618+0000] {processor.py:208} INFO - Processing /opt/airflow/dags/system_dag.py took 0.109 seconds
[2026-04-25T10:05:37.692+0000] {processor.py:186} INFO - Started process (PID=1522) to work on /opt/airflow/dags/system_dag.py
[2026-04-25T10:05:37.693+0000] {processor.py:914} INFO - Processing file /opt/airflow/dags/system_dag.py for tasks to queue
[2026-04-25T10:05:37.694+0000] {logging_mixin.py:190} INFO - [2026-04-25T10:05:37.694+0000] {dagbag.py:588} INFO - Filling up the DagBag from /opt/airflow/dags/system_dag.py
[2026-04-25T10:05:37.714+0000] {processor.py:925} INFO - DAG(s) 'system_dag' retrieved from /opt/airflow/dags/system_dag.py
[2026-04-25T10:05:37.748+0000] {logging_mixin.py:190} INFO - [2026-04-25T10:05:37.748+0000] {dag.py:3239} INFO - Sync 1 DAGs
[2026-04-25T10:05:37.773+0000] {logging_mixin.py:190} INFO - [2026-04-25T10:05:37.773+0000] {dag.py:4180} INFO - Setting next_dagrun for system_dag to 2026-04-24T00:00:00+00:00, run_after=2026-04-25T00:00:00+00:00
[2026-04-25T10:05:37.798+0000] {processor.py:208} INFO - Processing /opt/airflow/dags/system_dag.py took 0.111 seconds
[2026-04-25T10:06:07.852+0000] {processor.py:186} INFO - Started process (PID=1526) to work on /opt/airflow/dags/system_dag.py
[2026-04-25T10:06:07.853+0000] {processor.py:914} INFO - Processing file /opt/airflow/dags/system_dag.py for tasks to queue
[2026-04-25T10:06:07.854+0000] {logging_mixin.py:190} INFO - [2026-04-25T10:06:07.854+0000] {dagbag.py:588} INFO - Filling up the DagBag from /opt/airflow/dags/system_dag.py
[2026-04-25T10:06:07.871+0000] {processor.py:925} INFO - DAG(s) 'system_dag' retrieved from /opt/airflow/dags/system_dag.py
[2026-04-25T10:06:07.906+0000] {logging_mixin.py:190} INFO - [2026-04-25T10:06:07.906+0000] {dag.py:3239} INFO - Sync 1 DAGs
[2026-04-25T10:06:07.936+0000] {logging_mixin.py:190} INFO - [2026-04-25T10:06:07.935+0000] {dag.py:4180} INFO - Setting next_dagrun for system_dag to 2026-04-24T00:00:00+00:00, run_after=2026-04-25T00:00:00+00:00
[2026-04-25T10:06:07.955+0000] {processor.py:208} INFO - Processing /opt/airflow/dags/system_dag.py took 0.108 seconds
[2026-04-25T10:06:38.019+0000] {processor.py:186} INFO - Started process (PID=1530) to work on /opt/airflow/dags/system_dag.py
[2026-04-25T10:06:38.020+0000] {processor.py:914} INFO - Processing file /opt/airflow/dags/system_dag.py for tasks to queue
[2026-04-25T10:06:38.021+0000] {logging_mixin.py:190} INFO - [2026-04-25T10:06:38.021+0000] {dagbag.py:588} INFO - Filling up the DagBag from /opt/airflow/dags/system_dag.py
[2026-04-25T10:06:38.041+0000] {processor.py:925} INFO - DAG(s) 'system_dag' retrieved from /opt/airflow/dags/system_dag.py
[2026-04-25T10:06:38.076+0000] {logging_mixin.py:190} INFO - [2026-04-25T10:06:38.076+0000] {dag.py:3239} INFO - Sync 1 DAGs
[2026-04-25T10:06:38.102+0000] {logging_mixin.py:190} INFO - [2026-04-25T10:06:38.102+0000] {dag.py:4180} INFO - Setting next_dagrun for system_dag to 2026-04-24T00:00:00+00:00, run_after=2026-04-25T00:00:00+00:00
[2026-04-25T10:06:38.122+0000] {processor.py:208} INFO - Processing /opt/airflow/dags/system_dag.py took 0.109 seconds
[2026-04-25T10:07:08.157+0000] {processor.py:186} INFO - Started process (PID=1534) to work on /opt/airflow/dags/system_dag.py
[2026-04-25T10:07:08.157+0000] {processor.py:914} INFO - Processing file /opt/airflow/dags/system_dag.py for tasks to queue
[2026-04-25T10:07:08.158+0000] {logging_mixin.py:190} INFO - [2026-04-25T10:07:08.158+0000] {dagbag.py:588} INFO - Filling up the DagBag from /opt/airflow/dags/system_dag.py
[2026-04-25T10:07:08.176+0000] {processor.py:925} INFO - DAG(s) 'system_dag' retrieved from /opt/airflow/dags/system_dag.py
[2026-04-25T10:07:08.212+0000] {logging_mixin.py:190} INFO - [2026-04-25T10:07:08.212+0000] {dag.py:3239} INFO - Sync 1 DAGs
[2026-04-25T10:07:08.241+0000] {logging_mixin.py:190} INFO - [2026-04-25T10:07:08.241+0000] {dag.py:4180} INFO - Setting next_dagrun for system_dag to 2026-04-24T00:00:00+00:00, run_after=2026-04-25T00:00:00+00:00
[2026-04-25T10:07:08.274+0000] {processor.py:208} INFO - Processing /opt/airflow/dags/system_dag.py took 0.123 seconds
[2026-04-25T10:07:38.461+0000] {processor.py:186} INFO - Started process (PID=1538) to work on /opt/airflow/dags/system_dag.py
[2026-04-25T10:07:38.462+0000] {processor.py:914} INFO - Processing file /opt/airflow/dags/system_dag.py for tasks to queue
[2026-04-25T10:07:38.463+0000] {logging_mixin.py:190} INFO - [2026-04-25T10:07:38.462+0000] {dagbag.py:588} INFO - Filling up the DagBag from /opt/airflow/dags/system_dag.py
[2026-04-25T10:07:38.480+0000] {processor.py:925} INFO - DAG(s) 'system_dag' retrieved from /opt/airflow/dags/system_dag.py
[2026-04-25T10:07:38.522+0000] {logging_mixin.py:190} INFO - [2026-04-25T10:07:38.521+0000] {dag.py:3239} INFO - Sync 1 DAGs
[2026-04-25T10:07:38.556+0000] {logging_mixin.py:190} INFO - [2026-04-25T10:07:38.556+0000] {dag.py:4180} INFO - Setting next_dagrun for system_dag to 2026-04-24T00:00:00+00:00, run_after=2026-04-25T00:00:00+00:00
[2026-04-25T10:07:38.587+0000] {processor.py:208} INFO - Processing /opt/airflow/dags/system_dag.py took 0.132 seconds
[2026-04-25T10:08:08.636+0000] {processor.py:186} INFO - Started process (PID=1542) to work on /opt/airflow/dags/system_dag.py
[2026-04-25T10:08:08.636+0000] {processor.py:914} INFO - Processing file /opt/airflow/dags/system_dag.py for tasks to queue
[2026-04-25T10:08:08.638+0000] {logging_mixin.py:190} INFO - [2026-04-25T10:08:08.637+0000] {dagbag.py:588} INFO - Filling up the DagBag from /opt/airflow/dags/system_dag.py
[2026-04-25T10:08:08.657+0000] {processor.py:925} INFO - DAG(s) 'system_dag' retrieved from /opt/airflow/dags/system_dag.py
[2026-04-25T10:08:08.691+0000] {logging_mixin.py:190} INFO - [2026-04-25T10:08:08.691+0000] {dag.py:3239} INFO - Sync 1 DAGs
[2026-04-25T10:08:08.720+0000] {logging_mixin.py:190} INFO - [2026-04-25T10:08:08.719+0000] {dag.py:4180} INFO - Setting next_dagrun for system_dag to 2026-04-24T00:00:00+00:00, run_after=2026-04-25T00:00:00+00:00
[2026-04-25T10:08:08.750+0000] {processor.py:208} INFO - Processing /opt/airflow/dags/system_dag.py took 0.120 seconds
[2026-04-25T10:08:38.795+0000] {processor.py:186} INFO - Started process (PID=1546) to work on /opt/airflow/dags/system_dag.py
[2026-04-25T10:08:38.796+0000] {processor.py:914} INFO - Processing file /opt/airflow/dags/system_dag.py for tasks to queue
[2026-04-25T10:08:38.797+0000] {logging_mixin.py:190} INFO - [2026-04-25T10:08:38.797+0000] {dagbag.py:588} INFO - Filling up the DagBag from /opt/airflow/dags/system_dag.py
[2026-04-25T10:08:38.817+0000] {processor.py:925} INFO - DAG(s) 'system_dag' retrieved from /opt/airflow/dags/system_dag.py
[2026-04-25T10:08:38.851+0000] {logging_mixin.py:190} INFO - [2026-04-25T10:08:38.851+0000] {dag.py:3239} INFO - Sync 1 DAGs
[2026-04-25T10:08:38.900+0000] {logging_mixin.py:190} INFO - [2026-04-25T10:08:38.900+0000] {dag.py:4180} INFO - Setting next_dagrun for system_dag to 2026-04-24T00:00:00+00:00, run_after=2026-04-25T00:00:00+00:00
[2026-04-25T10:08:38.956+0000] {processor.py:208} INFO - Processing /opt/airflow/dags/system_dag.py took 0.167 seconds
[2026-04-25T10:09:09.016+0000] {processor.py:186} INFO - Started process (PID=1550) to work on /opt/airflow/dags/system_dag.py
[2026-04-25T10:09:09.017+0000] {processor.py:914} INFO - Processing file /opt/airflow/dags/system_dag.py for tasks to queue
[2026-04-25T10:09:09.019+0000] {logging_mixin.py:190} INFO - [2026-04-25T10:09:09.018+0000] {dagbag.py:588} INFO - Filling up the DagBag from /opt/airflow/dags/system_dag.py
[2026-04-25T10:09:09.036+0000] {processor.py:925} INFO - DAG(s) 'system_dag' retrieved from /opt/airflow/dags/system_dag.py
[2026-04-25T10:09:09.073+0000] {logging_mixin.py:190} INFO - [2026-04-25T10:09:09.073+0000] {dag.py:3239} INFO - Sync 1 DAGs
[2026-04-25T10:09:09.111+0000] {logging_mixin.py:190} INFO - [2026-04-25T10:09:09.111+0000] {dag.py:4180} INFO - Setting next_dagrun for system_dag to 2026-04-24T00:00:00+00:00, run_after=2026-04-25T00:00:00+00:00
[2026-04-25T10:09:09.137+0000] {processor.py:208} INFO - Processing /opt/airflow/dags/system_dag.py took 0.126 seconds
[2026-04-25T10:09:39.191+0000] {processor.py:186} INFO - Started process (PID=1554) to work on /opt/airflow/dags/system_dag.py
[2026-04-25T10:09:39.192+0000] {processor.py:914} INFO - Processing file /opt/airflow/dags/system_dag.py for tasks to queue
[2026-04-25T10:09:39.193+0000] {logging_mixin.py:190} INFO - [2026-04-25T10:09:39.193+0000] {dagbag.py:588} INFO - Filling up the DagBag from /opt/airflow/dags/system_dag.py
[2026-04-25T10:09:39.210+0000] {processor.py:925} INFO - DAG(s) 'system_dag' retrieved from /opt/airflow/dags/system_dag.py
[2026-04-25T10:09:39.247+0000] {logging_mixin.py:190} INFO - [2026-04-25T10:09:39.246+0000] {dag.py:3239} INFO - Sync 1 DAGs
[2026-04-25T10:09:39.277+0000] {logging_mixin.py:190} INFO - [2026-04-25T10:09:39.277+0000] {dag.py:4180} INFO - Setting next_dagrun for system_dag to 2026-04-24T00:00:00+00:00, run_after=2026-04-25T00:00:00+00:00
[2026-04-25T10:09:39.306+0000] {processor.py:208} INFO - Processing /opt/airflow/dags/system_dag.py took 0.121 seconds
[2026-04-25T10:10:09.416+0000] {processor.py:186} INFO - Started process (PID=1558) to work on /opt/airflow/dags/system_dag.py
[2026-04-25T10:10:09.417+0000] {processor.py:914} INFO - Processing file /opt/airflow/dags/system_dag.py for tasks to queue
[2026-04-25T10:10:09.418+0000] {logging_mixin.py:190} INFO - [2026-04-25T10:10:09.418+0000] {dagbag.py:588} INFO - Filling up the DagBag from /opt/airflow/dags/system_dag.py
[2026-04-25T10:10:09.439+0000] {processor.py:925} INFO - DAG(s) 'system_dag' retrieved from /opt/airflow/dags/system_dag.py
[2026-04-25T10:10:09.483+0000] {logging_mixin.py:190} INFO - [2026-04-25T10:10:09.483+0000] {dag.py:3239} INFO - Sync 1 DAGs
[2026-04-25T10:10:09.514+0000] {logging_mixin.py:190} INFO - [2026-04-25T10:10:09.514+0000] {dag.py:4180} INFO - Setting next_dagrun for system_dag to 2026-04-24T00:00:00+00:00, run_after=2026-04-25T00:00:00+00:00
[2026-04-25T10:10:09.535+0000] {processor.py:208} INFO - Processing /opt/airflow/dags/system_dag.py took 0.127 seconds
[2026-04-25T10:10:41.693+0000] {processor.py:186} INFO - Started process (PID=1562) to work on /opt/airflow/dags/system_dag.py
[2026-04-25T10:10:41.694+0000] {processor.py:914} INFO - Processing file /opt/airflow/dags/system_dag.py for tasks to queue
[2026-04-25T10:10:41.695+0000] {logging_mixin.py:190} INFO - [2026-04-25T10:10:41.695+0000] {dagbag.py:588} INFO - Filling up the DagBag from /opt/airflow/dags/system_dag.py
[2026-04-25T10:10:41.714+0000] {processor.py:925} INFO - DAG(s) 'system_dag' retrieved from /opt/airflow/dags/system_dag.py
[2026-04-25T10:10:41.752+0000] {logging_mixin.py:190} INFO - [2026-04-25T10:10:41.751+0000] {dag.py:3239} INFO - Sync 1 DAGs
[2026-04-25T10:10:41.784+0000] {logging_mixin.py:190} INFO - [2026-04-25T10:10:41.784+0000] {dag.py:4180} INFO - Setting next_dagrun for system_dag to 2026-04-24T00:00:00+00:00, run_after=2026-04-25T00:00:00+00:00
[2026-04-25T10:10:41.804+0000] {processor.py:208} INFO - Processing /opt/airflow/dags/system_dag.py took 0.117 seconds
[2026-04-25T10:11:12.896+0000] {processor.py:186} INFO - Started process (PID=1566) to work on /opt/airflow/dags/system_dag.py
[2026-04-25T10:11:12.897+0000] {processor.py:914} INFO - Processing file /opt/airflow/dags/system_dag.py for tasks to queue
[2026-04-25T10:11:12.899+0000] {logging_mixin.py:190} INFO - [2026-04-25T10:11:12.899+0000] {dagbag.py:588} INFO - Filling up the DagBag from /opt/airflow/dags/system_dag.py
[2026-04-25T10:11:12.917+0000] {processor.py:925} INFO - DAG(s) 'system_dag' retrieved from /opt/airflow/dags/system_dag.py
[2026-04-25T10:11:12.950+0000] {logging_mixin.py:190} INFO - [2026-04-25T10:11:12.949+0000] {dag.py:3239} INFO - Sync 1 DAGs
[2026-04-25T10:11:12.977+0000] {logging_mixin.py:190} INFO - [2026-04-25T10:11:12.976+0000] {dag.py:4180} INFO - Setting next_dagrun for system_dag to 2026-04-24T00:00:00+00:00, run_after=2026-04-25T00:00:00+00:00
[2026-04-25T10:11:13.001+0000] {processor.py:208} INFO - Processing /opt/airflow/dags/system_dag.py took 0.111 seconds
[2026-04-25T10:11:44.186+0000] {processor.py:186} INFO - Started process (PID=1570) to work on /opt/airflow/dags/system_dag.py
[2026-04-25T10:11:44.187+0000] {processor.py:914} INFO - Processing file /opt/airflow/dags/system_dag.py for tasks to queue
[2026-04-25T10:11:44.189+0000] {logging_mixin.py:190} INFO - [2026-04-25T10:11:44.188+0000] {dagbag.py:588} INFO - Filling up the DagBag from /opt/airflow/dags/system_dag.py
[2026-04-25T10:11:44.209+0000] {processor.py:925} INFO - DAG(s) 'system_dag' retrieved from /opt/airflow/dags/system_dag.py
[2026-04-25T10:11:44.249+0000] {logging_mixin.py:190} INFO - [2026-04-25T10:11:44.249+0000] {dag.py:3239} INFO - Sync 1 DAGs
[2026-04-25T10:11:44.285+0000] {logging_mixin.py:190} INFO - [2026-04-25T10:11:44.285+0000] {dag.py:4180} INFO - Setting next_dagrun for system_dag to 2026-04-24T00:00:00+00:00, run_after=2026-04-25T00:00:00+00:00
[2026-04-25T10:11:44.309+0000] {processor.py:208} INFO - Processing /opt/airflow/dags/system_dag.py took 0.130 seconds
[2026-04-25T10:12:16.468+0000] {processor.py:186} INFO - Started process (PID=1574) to work on /opt/airflow/dags/system_dag.py
[2026-04-25T10:12:16.468+0000] {processor.py:914} INFO - Processing file /opt/airflow/dags/system_dag.py for tasks to queue
[2026-04-25T10:12:16.470+0000] {logging_mixin.py:190} INFO - [2026-04-25T10:12:16.470+0000] {dagbag.py:588} INFO - Filling up the DagBag from /opt/airflow/dags/system_dag.py
[2026-04-25T10:12:16.490+0000] {processor.py:925} INFO - DAG(s) 'system_dag' retrieved from /opt/airflow/dags/system_dag.py
[2026-04-25T10:12:16.532+0000] {logging_mixin.py:190} INFO - [2026-04-25T10:12:16.532+0000] {dag.py:3239} INFO - Sync 1 DAGs
[2026-04-25T10:12:16.566+0000] {logging_mixin.py:190} INFO - [2026-04-25T10:12:16.566+0000] {dag.py:4180} INFO - Setting next_dagrun for system_dag to 2026-04-24T00:00:00+00:00, run_after=2026-04-25T00:00:00+00:00
[2026-04-25T10:12:16.592+0000] {processor.py:208} INFO - Processing /opt/airflow/dags/system_dag.py took 0.131 seconds
[2026-04-25T10:12:47.833+0000] {processor.py:186} INFO - Started process (PID=1578) to work on /opt/airflow/dags/system_dag.py
[2026-04-25T10:12:47.834+0000] {processor.py:914} INFO - Processing file /opt/airflow/dags/system_dag.py for tasks to queue
[2026-04-25T10:12:47.836+0000] {logging_mixin.py:190} INFO - [2026-04-25T10:12:47.836+0000] {dagbag.py:588} INFO - Filling up the DagBag from /opt/airflow/dags/system_dag.py
[2026-04-25T10:12:47.853+0000] {processor.py:925} INFO - DAG(s) 'system_dag' retrieved from /opt/airflow/dags/system_dag.py
[2026-04-25T10:12:47.887+0000] {logging_mixin.py:190} INFO - [2026-04-25T10:12:47.887+0000] {dag.py:3239} INFO - Sync 1 DAGs
[2026-04-25T10:12:47.912+0000] {logging_mixin.py:190} INFO - [2026-04-25T10:12:47.912+0000] {dag.py:4180} INFO - Setting next_dagrun for system_dag to 2026-04-24T00:00:00+00:00, run_after=2026-04-25T00:00:00+00:00
[2026-04-25T10:12:47.931+0000] {processor.py:208} INFO - Processing /opt/airflow/dags/system_dag.py took 0.104 seconds
[2026-04-25T10:13:19.820+0000] {processor.py:186} INFO - Started process (PID=1582) to work on /opt/airflow/dags/system_dag.py
[2026-04-25T10:13:19.821+0000] {processor.py:914} INFO - Processing file /opt/airflow/dags/system_dag.py for tasks to queue
[2026-04-25T10:13:19.822+0000] {logging_mixin.py:190} INFO - [2026-04-25T10:13:19.822+0000] {dagbag.py:588} INFO - Filling up the DagBag from /opt/airflow/dags/system_dag.py
[2026-04-25T10:13:19.840+0000] {processor.py:925} INFO - DAG(s) 'system_dag' retrieved from /opt/airflow/dags/system_dag.py
[2026-04-25T10:13:19.881+0000] {logging_mixin.py:190} INFO - [2026-04-25T10:13:19.881+0000] {dag.py:3239} INFO - Sync 1 DAGs
[2026-04-25T10:13:19.918+0000] {logging_mixin.py:190} INFO - [2026-04-25T10:13:19.917+0000] {dag.py:4180} INFO - Setting next_dagrun for system_dag to 2026-04-24T00:00:00+00:00, run_after=2026-04-25T00:00:00+00:00
[2026-04-25T10:13:19.948+0000] {processor.py:208} INFO - Processing /opt/airflow/dags/system_dag.py took 0.135 seconds
[2026-04-25T10:13:50.930+0000] {processor.py:186} INFO - Started process (PID=1586) to work on /opt/airflow/dags/system_dag.py
[2026-04-25T10:13:50.931+0000] {processor.py:914} INFO - Processing file /opt/airflow/dags/system_dag.py for tasks to queue
[2026-04-25T10:13:50.932+0000] {logging_mixin.py:190} INFO - [2026-04-25T10:13:50.932+0000] {dagbag.py:588} INFO - Filling up the DagBag from /opt/airflow/dags/system_dag.py
[2026-04-25T10:13:50.950+0000] {processor.py:925} INFO - DAG(s) 'system_dag' retrieved from /opt/airflow/dags/system_dag.py
[2026-04-25T10:13:50.987+0000] {logging_mixin.py:190} INFO - [2026-04-25T10:13:50.987+0000] {dag.py:3239} INFO - Sync 1 DAGs
[2026-04-25T10:13:51.015+0000] {logging_mixin.py:190} INFO - [2026-04-25T10:13:51.015+0000] {dag.py:4180} INFO - Setting next_dagrun for system_dag to 2026-04-24T00:00:00+00:00, run_after=2026-04-25T00:00:00+00:00
[2026-04-25T10:13:51.051+0000] {processor.py:208} INFO - Processing /opt/airflow/dags/system_dag.py took 0.126 seconds
[2026-04-25T10:14:23.157+0000] {processor.py:186} INFO - Started process (PID=1590) to work on /opt/airflow/dags/system_dag.py
[2026-04-25T10:14:23.158+0000] {processor.py:914} INFO - Processing file /opt/airflow/dags/system_dag.py for tasks to queue
[2026-04-25T10:14:23.159+0000] {logging_mixin.py:190} INFO - [2026-04-25T10:14:23.158+0000] {dagbag.py:588} INFO - Filling up the DagBag from /opt/airflow/dags/system_dag.py
[2026-04-25T10:14:23.176+0000] {processor.py:925} INFO - DAG(s) 'system_dag' retrieved from /opt/airflow/dags/system_dag.py
[2026-04-25T10:14:23.212+0000] {logging_mixin.py:190} INFO - [2026-04-25T10:14:23.212+0000] {dag.py:3239} INFO - Sync 1 DAGs
[2026-04-25T10:14:23.244+0000] {logging_mixin.py:190} INFO - [2026-04-25T10:14:23.244+0000] {dag.py:4180} INFO - Setting next_dagrun for system_dag to 2026-04-24T00:00:00+00:00, run_after=2026-04-25T00:00:00+00:00
[2026-04-25T10:14:23.274+0000] {processor.py:208} INFO - Processing /opt/airflow/dags/system_dag.py took 0.124 seconds
[2026-04-25T10:14:54.326+0000] {processor.py:186} INFO - Started process (PID=1594) to work on /opt/airflow/dags/system_dag.py
[2026-04-25T10:14:54.331+0000] {processor.py:914} INFO - Processing file /opt/airflow/dags/system_dag.py for tasks to queue
[2026-04-25T10:14:54.332+0000] {logging_mixin.py:190} INFO - [2026-04-25T10:14:54.332+0000] {dagbag.py:588} INFO - Filling up the DagBag from /opt/airflow/dags/system_dag.py
[2026-04-25T10:14:54.353+0000] {processor.py:925} INFO - DAG(s) 'system_dag' retrieved from /opt/airflow/dags/system_dag.py
[2026-04-25T10:14:54.398+0000] {logging_mixin.py:190} INFO - [2026-04-25T10:14:54.398+0000] {dag.py:3239} INFO - Sync 1 DAGs
[2026-04-25T10:14:54.436+0000] {logging_mixin.py:190} INFO - [2026-04-25T10:14:54.436+0000] {dag.py:4180} INFO - Setting next_dagrun for system_dag to 2026-04-24T00:00:00+00:00, run_after=2026-04-25T00:00:00+00:00
[2026-04-25T10:14:54.480+0000] {processor.py:208} INFO - Processing /opt/airflow/dags/system_dag.py took 0.161 seconds
[2026-04-25T10:15:26.549+0000] {processor.py:186} INFO - Started process (PID=1598) to work on /opt/airflow/dags/system_dag.py
[2026-04-25T10:15:26.549+0000] {processor.py:914} INFO - Processing file /opt/airflow/dags/system_dag.py for tasks to queue
[2026-04-25T10:15:26.551+0000] {logging_mixin.py:190} INFO - [2026-04-25T10:15:26.550+0000] {dagbag.py:588} INFO - Filling up the DagBag from /opt/airflow/dags/system_dag.py
[2026-04-25T10:15:26.569+0000] {processor.py:925} INFO - DAG(s) 'system_dag' retrieved from /opt/airflow/dags/system_dag.py
[2026-04-25T10:15:26.606+0000] {logging_mixin.py:190} INFO - [2026-04-25T10:15:26.606+0000] {dag.py:3239} INFO - Sync 1 DAGs
[2026-04-25T10:15:26.635+0000] {logging_mixin.py:190} INFO - [2026-04-25T10:15:26.635+0000] {dag.py:4180} INFO - Setting next_dagrun for system_dag to 2026-04-24T00:00:00+00:00, run_after=2026-04-25T00:00:00+00:00
[2026-04-25T10:15:26.665+0000] {processor.py:208} INFO - Processing /opt/airflow/dags/system_dag.py took 0.122 seconds
[2026-04-25T10:15:58.625+0000] {processor.py:186} INFO - Started process (PID=1602) to work on /opt/airflow/dags/system_dag.py
[2026-04-25T10:15:58.626+0000] {processor.py:914} INFO - Processing file /opt/airflow/dags/system_dag.py for tasks to queue
[2026-04-25T10:15:58.628+0000] {logging_mixin.py:190} INFO - [2026-04-25T10:15:58.627+0000] {dagbag.py:588} INFO - Filling up the DagBag from /opt/airflow/dags/system_dag.py
[2026-04-25T10:15:58.645+0000] {processor.py:925} INFO - DAG(s) 'system_dag' retrieved from /opt/airflow/dags/system_dag.py
[2026-04-25T10:15:58.682+0000] {logging_mixin.py:190} INFO - [2026-04-25T10:15:58.681+0000] {dag.py:3239} INFO - Sync 1 DAGs
[2026-04-25T10:15:58.721+0000] {logging_mixin.py:190} INFO - [2026-04-25T10:15:58.720+0000] {dag.py:4180} INFO - Setting next_dagrun for system_dag to 2026-04-24T00:00:00+00:00, run_after=2026-04-25T00:00:00+00:00
[2026-04-25T10:15:58.758+0000] {processor.py:208} INFO - Processing /opt/airflow/dags/system_dag.py took 0.140 seconds
[2026-04-25T10:16:29.820+0000] {processor.py:186} INFO - Started process (PID=1606) to work on /opt/airflow/dags/system_dag.py
[2026-04-25T10:16:29.820+0000] {processor.py:914} INFO - Processing file /opt/airflow/dags/system_dag.py for tasks to queue
[2026-04-25T10:16:29.822+0000] {logging_mixin.py:190} INFO - [2026-04-25T10:16:29.822+0000] {dagbag.py:588} INFO - Filling up the DagBag from /opt/airflow/dags/system_dag.py
[2026-04-25T10:16:29.840+0000] {processor.py:925} INFO - DAG(s) 'system_dag' retrieved from /opt/airflow/dags/system_dag.py
[2026-04-25T10:16:29.877+0000] {logging_mixin.py:190} INFO - [2026-04-25T10:16:29.877+0000] {dag.py:3239} INFO - Sync 1 DAGs
[2026-04-25T10:16:29.909+0000] {logging_mixin.py:190} INFO - [2026-04-25T10:16:29.909+0000] {dag.py:4180} INFO - Setting next_dagrun for system_dag to 2026-04-24T00:00:00+00:00, run_after=2026-04-25T00:00:00+00:00
[2026-04-25T10:16:29.945+0000] {processor.py:208} INFO - Processing /opt/airflow/dags/system_dag.py took 0.131 seconds
[2026-04-25T10:17:01.098+0000] {processor.py:186} INFO - Started process (PID=1610) to work on /opt/airflow/dags/system_dag.py
[2026-04-25T10:17:01.099+0000] {processor.py:914} INFO - Processing file /opt/airflow/dags/system_dag.py for tasks to queue
[2026-04-25T10:17:01.101+0000] {logging_mixin.py:190} INFO - [2026-04-25T10:17:01.100+0000] {dagbag.py:588} INFO - Filling up the DagBag from /opt/airflow/dags/system_dag.py
[2026-04-25T10:17:01.119+0000] {processor.py:925} INFO - DAG(s) 'system_dag' retrieved from /opt/airflow/dags/system_dag.py
[2026-04-25T10:17:01.156+0000] {logging_mixin.py:190} INFO - [2026-04-25T10:17:01.156+0000] {dag.py:3239} INFO - Sync 1 DAGs
[2026-04-25T10:17:01.192+0000] {logging_mixin.py:190} INFO - [2026-04-25T10:17:01.192+0000] {dag.py:4180} INFO - Setting next_dagrun for system_dag to 2026-04-24T00:00:00+00:00, run_after=2026-04-25T00:00:00+00:00
[2026-04-25T10:17:01.230+0000] {processor.py:208} INFO - Processing /opt/airflow/dags/system_dag.py took 0.136 seconds
[2026-04-25T10:17:33.264+0000] {processor.py:186} INFO - Started process (PID=1614) to work on /opt/airflow/dags/system_dag.py
[2026-04-25T10:17:33.265+0000] {processor.py:914} INFO - Processing file /opt/airflow/dags/system_dag.py for tasks to queue
[2026-04-25T10:17:33.268+0000] {logging_mixin.py:190} INFO - [2026-04-25T10:17:33.267+0000] {dagbag.py:588} INFO - Filling up the DagBag from /opt/airflow/dags/system_dag.py
[2026-04-25T10:17:33.287+0000] {processor.py:925} INFO - DAG(s) 'system_dag' retrieved from /opt/airflow/dags/system_dag.py
[2026-04-25T10:17:33.327+0000] {logging_mixin.py:190} INFO - [2026-04-25T10:17:33.327+0000] {dag.py:3239} INFO - Sync 1 DAGs
[2026-04-25T10:17:33.364+0000] {logging_mixin.py:190} INFO - [2026-04-25T10:17:33.364+0000] {dag.py:4180} INFO - Setting next_dagrun for system_dag to 2026-04-24T00:00:00+00:00, run_after=2026-04-25T00:00:00+00:00
[2026-04-25T10:17:33.397+0000] {processor.py:208} INFO - Processing /opt/airflow/dags/system_dag.py took 0.139 seconds
[2026-04-25T10:18:04.686+0000] {processor.py:186} INFO - Started process (PID=1618) to work on /opt/airflow/dags/system_dag.py
[2026-04-25T10:18:04.687+0000] {processor.py:914} INFO - Processing file /opt/airflow/dags/system_dag.py for tasks to queue
[2026-04-25T10:18:04.691+0000] {logging_mixin.py:190} INFO - [2026-04-25T10:18:04.690+0000] {dagbag.py:588} INFO - Filling up the DagBag from /opt/airflow/dags/system_dag.py
[2026-04-25T10:18:04.720+0000] {processor.py:925} INFO - DAG(s) 'system_dag' retrieved from /opt/airflow/dags/system_dag.py
[2026-04-25T10:18:04.764+0000] {logging_mixin.py:190} INFO - [2026-04-25T10:18:04.764+0000] {dag.py:3239} INFO - Sync 1 DAGs
[2026-04-25T10:18:04.807+0000] {logging_mixin.py:190} INFO - [2026-04-25T10:18:04.806+0000] {dag.py:4180} INFO - Setting next_dagrun for system_dag to 2026-04-24T00:00:00+00:00, run_after=2026-04-25T00:00:00+00:00
[2026-04-25T10:18:04.843+0000] {processor.py:208} INFO - Processing /opt/airflow/dags/system_dag.py took 0.169 seconds
[2026-04-25T10:18:35.114+0000] {processor.py:186} INFO - Started process (PID=1622) to work on /opt/airflow/dags/system_dag.py
[2026-04-25T10:18:35.115+0000] {processor.py:914} INFO - Processing file /opt/airflow/dags/system_dag.py for tasks to queue
[2026-04-25T10:18:35.118+0000] {logging_mixin.py:190} INFO - [2026-04-25T10:18:35.117+0000] {dagbag.py:588} INFO - Filling up the DagBag from /opt/airflow/dags/system_dag.py
[2026-04-25T10:18:35.159+0000] {processor.py:925} INFO - DAG(s) 'system_dag' retrieved from /opt/airflow/dags/system_dag.py
[2026-04-25T10:18:36.165+0000] {logging_mixin.py:190} INFO - [2026-04-25T10:18:36.165+0000] {dag.py:3239} INFO - Sync 1 DAGs
[2026-04-25T10:18:36.218+0000] {logging_mixin.py:190} INFO - [2026-04-25T10:18:36.218+0000] {dag.py:4180} INFO - Setting next_dagrun for system_dag to 2026-04-24T00:00:00+00:00, run_after=2026-04-25T00:00:00+00:00
[2026-04-25T10:18:36.254+0000] {processor.py:208} INFO - Processing /opt/airflow/dags/system_dag.py took 0.220 seconds
[2026-04-25T10:19:08.229+0000] {processor.py:186} INFO - Started process (PID=1626) to work on /opt/airflow/dags/system_dag.py
[2026-04-25T10:19:08.230+0000] {processor.py:914} INFO - Processing file /opt/airflow/dags/system_dag.py for tasks to queue
[2026-04-25T10:19:08.231+0000] {logging_mixin.py:190} INFO - [2026-04-25T10:19:08.231+0000] {dagbag.py:588} INFO - Filling up the DagBag from /opt/airflow/dags/system_dag.py
[2026-04-25T10:19:08.252+0000] {processor.py:925} INFO - DAG(s) 'system_dag' retrieved from /opt/airflow/dags/system_dag.py
[2026-04-25T10:19:08.291+0000] {logging_mixin.py:190} INFO - [2026-04-25T10:19:08.290+0000] {dag.py:3239} INFO - Sync 1 DAGs
[2026-04-25T10:19:08.323+0000] {logging_mixin.py:190} INFO - [2026-04-25T10:19:08.323+0000] {dag.py:4180} INFO - Setting next_dagrun for system_dag to 2026-04-24T00:00:00+00:00, run_after=2026-04-25T00:00:00+00:00
[2026-04-25T10:19:08.353+0000] {processor.py:208} INFO - Processing /opt/airflow/dags/system_dag.py took 0.129 seconds
[2026-04-25T10:19:38.448+0000] {processor.py:186} INFO - Started process (PID=1630) to work on /opt/airflow/dags/system_dag.py
[2026-04-25T10:19:38.449+0000] {processor.py:914} INFO - Processing file /opt/airflow/dags/system_dag.py for tasks to queue
[2026-04-25T10:19:38.453+0000] {logging_mixin.py:190} INFO - [2026-04-25T10:19:38.453+0000] {dagbag.py:588} INFO - Filling up the DagBag from /opt/airflow/dags/system_dag.py
[2026-04-25T10:19:38.471+0000] {processor.py:925} INFO - DAG(s) 'system_dag' retrieved from /opt/airflow/dags/system_dag.py
[2026-04-25T10:19:38.510+0000] {logging_mixin.py:190} INFO - [2026-04-25T10:19:38.510+0000] {dag.py:3239} INFO - Sync 1 DAGs
[2026-04-25T10:19:38.545+0000] {logging_mixin.py:190} INFO - [2026-04-25T10:19:38.545+0000] {dag.py:4180} INFO - Setting next_dagrun for system_dag to 2026-04-24T00:00:00+00:00, run_after=2026-04-25T00:00:00+00:00
[2026-04-25T10:19:39.533+0000] {processor.py:208} INFO - Processing /opt/airflow/dags/system_dag.py took 0.150 seconds
[2026-04-25T10:20:11.639+0000] {processor.py:186} INFO - Started process (PID=1634) to work on /opt/airflow/dags/system_dag.py
[2026-04-25T10:20:11.640+0000] {processor.py:914} INFO - Processing file /opt/airflow/dags/system_dag.py for tasks to queue
[2026-04-25T10:20:11.641+0000] {logging_mixin.py:190} INFO - [2026-04-25T10:20:11.640+0000] {dagbag.py:588} INFO - Filling up the DagBag from /opt/airflow/dags/system_dag.py
[2026-04-25T10:20:11.658+0000] {processor.py:925} INFO - DAG(s) 'system_dag' retrieved from /opt/airflow/dags/system_dag.py
[2026-04-25T10:20:11.697+0000] {logging_mixin.py:190} INFO - [2026-04-25T10:20:11.697+0000] {dag.py:3239} INFO - Sync 1 DAGs
[2026-04-25T10:20:11.733+0000] {logging_mixin.py:190} INFO - [2026-04-25T10:20:11.733+0000] {dag.py:4180} INFO - Setting next_dagrun for system_dag to 2026-04-24T00:00:00+00:00, run_after=2026-04-25T00:00:00+00:00
[2026-04-25T10:20:11.763+0000] {processor.py:208} INFO - Processing /opt/airflow/dags/system_dag.py took 0.130 seconds
[2026-04-25T10:20:41.897+0000] {processor.py:186} INFO - Started process (PID=1638) to work on /opt/airflow/dags/system_dag.py
[2026-04-25T10:20:41.898+0000] {processor.py:914} INFO - Processing file /opt/airflow/dags/system_dag.py for tasks to queue
[2026-04-25T10:20:41.899+0000] {logging_mixin.py:190} INFO - [2026-04-25T10:20:41.899+0000] {dagbag.py:588} INFO - Filling up the DagBag from /opt/airflow/dags/system_dag.py
[2026-04-25T10:20:41.916+0000] {processor.py:925} INFO - DAG(s) 'system_dag' retrieved from /opt/airflow/dags/system_dag.py
[2026-04-25T10:20:41.953+0000] {logging_mixin.py:190} INFO - [2026-04-25T10:20:41.952+0000] {dag.py:3239} INFO - Sync 1 DAGs
[2026-04-25T10:20:41.984+0000] {logging_mixin.py:190} INFO - [2026-04-25T10:20:41.983+0000] {dag.py:4180} INFO - Setting next_dagrun for system_dag to 2026-04-24T00:00:00+00:00, run_after=2026-04-25T00:00:00+00:00
[2026-04-25T10:20:42.020+0000] {processor.py:208} INFO - Processing /opt/airflow/dags/system_dag.py took 0.128 seconds
[2026-04-25T10:21:12.243+0000] {processor.py:186} INFO - Started process (PID=1642) to work on /opt/airflow/dags/system_dag.py
[2026-04-25T10:21:12.244+0000] {processor.py:914} INFO - Processing file /opt/airflow/dags/system_dag.py for tasks to queue
[2026-04-25T10:21:12.246+0000] {logging_mixin.py:190} INFO - [2026-04-25T10:21:12.245+0000] {dagbag.py:588} INFO - Filling up the DagBag from /opt/airflow/dags/system_dag.py
[2026-04-25T10:21:12.263+0000] {processor.py:925} INFO - DAG(s) 'system_dag' retrieved from /opt/airflow/dags/system_dag.py
[2026-04-25T10:21:12.301+0000] {logging_mixin.py:190} INFO - [2026-04-25T10:21:12.301+0000] {dag.py:3239} INFO - Sync 1 DAGs
[2026-04-25T10:21:12.335+0000] {logging_mixin.py:190} INFO - [2026-04-25T10:21:12.335+0000] {dag.py:4180} INFO - Setting next_dagrun for system_dag to 2026-04-24T00:00:00+00:00, run_after=2026-04-25T00:00:00+00:00
[2026-04-25T10:21:12.364+0000] {processor.py:208} INFO - Processing /opt/airflow/dags/system_dag.py took 0.127 seconds
[2026-04-25T10:21:42.448+0000] {processor.py:186} INFO - Started process (PID=1646) to work on /opt/airflow/dags/system_dag.py
[2026-04-25T10:21:42.449+0000] {processor.py:914} INFO - Processing file /opt/airflow/dags/system_dag.py for tasks to queue
[2026-04-25T10:21:42.450+0000] {logging_mixin.py:190} INFO - [2026-04-25T10:21:42.450+0000] {dagbag.py:588} INFO - Filling up the DagBag from /opt/airflow/dags/system_dag.py
[2026-04-25T10:21:42.467+0000] {processor.py:925} INFO - DAG(s) 'system_dag' retrieved from /opt/airflow/dags/system_dag.py
[2026-04-25T10:21:42.503+0000] {logging_mixin.py:190} INFO - [2026-04-25T10:21:42.502+0000] {dag.py:3239} INFO - Sync 1 DAGs
[2026-04-25T10:21:42.532+0000] {logging_mixin.py:190} INFO - [2026-04-25T10:21:42.532+0000] {dag.py:4180} INFO - Setting next_dagrun for system_dag to 2026-04-24T00:00:00+00:00, run_after=2026-04-25T00:00:00+00:00
[2026-04-25T10:21:42.574+0000] {processor.py:208} INFO - Processing /opt/airflow/dags/system_dag.py took 0.132 seconds
[2026-04-25T10:22:12.666+0000] {processor.py:186} INFO - Started process (PID=1650) to work on /opt/airflow/dags/system_dag.py
[2026-04-25T10:22:12.666+0000] {processor.py:914} INFO - Processing file /opt/airflow/dags/system_dag.py for tasks to queue
[2026-04-25T10:22:12.668+0000] {logging_mixin.py:190} INFO - [2026-04-25T10:22:12.668+0000] {dagbag.py:588} INFO - Filling up the DagBag from /opt/airflow/dags/system_dag.py
[2026-04-25T10:22:12.685+0000] {processor.py:925} INFO - DAG(s) 'system_dag' retrieved from /opt/airflow/dags/system_dag.py
[2026-04-25T10:22:12.723+0000] {logging_mixin.py:190} INFO - [2026-04-25T10:22:12.723+0000] {dag.py:3239} INFO - Sync 1 DAGs
[2026-04-25T10:22:12.753+0000] {logging_mixin.py:190} INFO - [2026-04-25T10:22:12.752+0000] {dag.py:4180} INFO - Setting next_dagrun for system_dag to 2026-04-24T00:00:00+00:00, run_after=2026-04-25T00:00:00+00:00
[2026-04-25T10:22:12.796+0000] {processor.py:208} INFO - Processing /opt/airflow/dags/system_dag.py took 0.137 seconds
[2026-04-25T10:22:42.840+0000] {processor.py:186} INFO - Started process (PID=1654) to work on /opt/airflow/dags/system_dag.py
[2026-04-25T10:22:42.841+0000] {processor.py:914} INFO - Processing file /opt/airflow/dags/system_dag.py for tasks to queue
[2026-04-25T10:22:42.842+0000] {logging_mixin.py:190} INFO - [2026-04-25T10:22:42.842+0000] {dagbag.py:588} INFO - Filling up the DagBag from /opt/airflow/dags/system_dag.py
[2026-04-25T10:22:42.859+0000] {processor.py:925} INFO - DAG(s) 'system_dag' retrieved from /opt/airflow/dags/system_dag.py
[2026-04-25T10:22:42.893+0000] {logging_mixin.py:190} INFO - [2026-04-25T10:22:42.893+0000] {dag.py:3239} INFO - Sync 1 DAGs
[2026-04-25T10:22:42.920+0000] {logging_mixin.py:190} INFO - [2026-04-25T10:22:42.919+0000] {dag.py:4180} INFO - Setting next_dagrun for system_dag to 2026-04-24T00:00:00+00:00, run_after=2026-04-25T00:00:00+00:00
[2026-04-25T10:22:42.972+0000] {processor.py:208} INFO - Processing /opt/airflow/dags/system_dag.py took 0.137 seconds
[2026-04-25T10:23:13.089+0000] {processor.py:186} INFO - Started process (PID=1658) to work on /opt/airflow/dags/system_dag.py
[2026-04-25T10:23:13.090+0000] {processor.py:914} INFO - Processing file /opt/airflow/dags/system_dag.py for tasks to queue
[2026-04-25T10:23:13.091+0000] {logging_mixin.py:190} INFO - [2026-04-25T10:23:13.091+0000] {dagbag.py:588} INFO - Filling up the DagBag from /opt/airflow/dags/system_dag.py
[2026-04-25T10:23:13.118+0000] {processor.py:925} INFO - DAG(s) 'system_dag' retrieved from /opt/airflow/dags/system_dag.py
[2026-04-25T10:23:13.185+0000] {logging_mixin.py:190} INFO - [2026-04-25T10:23:13.185+0000] {dag.py:3239} INFO - Sync 1 DAGs
[2026-04-25T10:23:13.224+0000] {logging_mixin.py:190} INFO - [2026-04-25T10:23:13.223+0000] {dag.py:4180} INFO - Setting next_dagrun for system_dag to 2026-04-24T00:00:00+00:00, run_after=2026-04-25T00:00:00+00:00
[2026-04-25T10:23:13.283+0000] {processor.py:208} INFO - Processing /opt/airflow/dags/system_dag.py took 0.202 seconds
[2026-04-25T10:23:43.507+0000] {processor.py:186} INFO - Started process (PID=1662) to work on /opt/airflow/dags/system_dag.py
[2026-04-25T10:23:43.508+0000] {processor.py:914} INFO - Processing file /opt/airflow/dags/system_dag.py for tasks to queue
[2026-04-25T10:23:43.509+0000] {logging_mixin.py:190} INFO - [2026-04-25T10:23:43.509+0000] {dagbag.py:588} INFO - Filling up the DagBag from /opt/airflow/dags/system_dag.py
[2026-04-25T10:23:43.525+0000] {processor.py:925} INFO - DAG(s) 'system_dag' retrieved from /opt/airflow/dags/system_dag.py
[2026-04-25T10:23:43.560+0000] {logging_mixin.py:190} INFO - [2026-04-25T10:23:43.560+0000] {dag.py:3239} INFO - Sync 1 DAGs
[2026-04-25T10:23:43.589+0000] {logging_mixin.py:190} INFO - [2026-04-25T10:23:43.589+0000] {dag.py:4180} INFO - Setting next_dagrun for system_dag to 2026-04-24T00:00:00+00:00, run_after=2026-04-25T00:00:00+00:00
[2026-04-25T10:23:43.621+0000] {processor.py:208} INFO - Processing /opt/airflow/dags/system_dag.py took 0.120 seconds
[2026-04-25T10:24:13.735+0000] {processor.py:186} INFO - Started process (PID=1666) to work on /opt/airflow/dags/system_dag.py
[2026-04-25T10:24:13.736+0000] {processor.py:914} INFO - Processing file /opt/airflow/dags/system_dag.py for tasks to queue
[2026-04-25T10:24:13.737+0000] {logging_mixin.py:190} INFO - [2026-04-25T10:24:13.737+0000] {dagbag.py:588} INFO - Filling up the DagBag from /opt/airflow/dags/system_dag.py
[2026-04-25T10:24:13.754+0000] {processor.py:925} INFO - DAG(s) 'system_dag' retrieved from /opt/airflow/dags/system_dag.py
[2026-04-25T10:24:13.790+0000] {logging_mixin.py:190} INFO - [2026-04-25T10:24:13.789+0000] {dag.py:3239} INFO - Sync 1 DAGs
[2026-04-25T10:24:13.827+0000] {logging_mixin.py:190} INFO - [2026-04-25T10:24:13.826+0000] {dag.py:4180} INFO - Setting next_dagrun for system_dag to 2026-04-24T00:00:00+00:00, run_after=2026-04-25T00:00:00+00:00
[2026-04-25T10:24:13.861+0000] {processor.py:208} INFO - Processing /opt/airflow/dags/system_dag.py took 0.131 seconds
[2026-04-25T10:24:43.957+0000] {processor.py:186} INFO - Started process (PID=1670) to work on /opt/airflow/dags/system_dag.py
[2026-04-25T10:24:43.958+0000] {processor.py:914} INFO - Processing file /opt/airflow/dags/system_dag.py for tasks to queue
[2026-04-25T10:24:43.960+0000] {logging_mixin.py:190} INFO - [2026-04-25T10:24:43.959+0000] {dagbag.py:588} INFO - Filling up the DagBag from /opt/airflow/dags/system_dag.py
[2026-04-25T10:24:43.979+0000] {processor.py:925} INFO - DAG(s) 'system_dag' retrieved from /opt/airflow/dags/system_dag.py
[2026-04-25T10:24:44.018+0000] {logging_mixin.py:190} INFO - [2026-04-25T10:24:44.018+0000] {dag.py:3239} INFO - Sync 1 DAGs
[2026-04-25T10:24:44.065+0000] {logging_mixin.py:190} INFO - [2026-04-25T10:24:44.064+0000] {dag.py:4180} INFO - Setting next_dagrun for system_dag to 2026-04-24T00:00:00+00:00, run_after=2026-04-25T00:00:00+00:00
[2026-04-25T10:24:44.100+0000] {processor.py:208} INFO - Processing /opt/airflow/dags/system_dag.py took 0.149 seconds
[2026-04-25T10:25:14.177+0000] {processor.py:186} INFO - Started process (PID=1674) to work on /opt/airflow/dags/system_dag.py
[2026-04-25T10:25:14.178+0000] {processor.py:914} INFO - Processing file /opt/airflow/dags/system_dag.py for tasks to queue
[2026-04-25T10:25:14.180+0000] {logging_mixin.py:190} INFO - [2026-04-25T10:25:14.180+0000] {dagbag.py:588} INFO - Filling up the DagBag from /opt/airflow/dags/system_dag.py
[2026-04-25T10:25:14.203+0000] {processor.py:925} INFO - DAG(s) 'system_dag' retrieved from /opt/airflow/dags/system_dag.py
[2026-04-25T10:25:14.247+0000] {logging_mixin.py:190} INFO - [2026-04-25T10:25:14.246+0000] {dag.py:3239} INFO - Sync 1 DAGs
[2026-04-25T10:25:14.281+0000] {logging_mixin.py:190} INFO - [2026-04-25T10:25:14.281+0000] {dag.py:4180} INFO - Setting next_dagrun for system_dag to 2026-04-24T00:00:00+00:00, run_after=2026-04-25T00:00:00+00:00
[2026-04-25T10:25:14.320+0000] {processor.py:208} INFO - Processing /opt/airflow/dags/system_dag.py took 0.151 seconds
[2026-04-25T10:25:44.560+0000] {processor.py:186} INFO - Started process (PID=1678) to work on /opt/airflow/dags/system_dag.py
[2026-04-25T10:25:44.561+0000] {processor.py:914} INFO - Processing file /opt/airflow/dags/system_dag.py for tasks to queue
[2026-04-25T10:25:44.564+0000] {logging_mixin.py:190} INFO - [2026-04-25T10:25:44.563+0000] {dagbag.py:588} INFO - Filling up the DagBag from /opt/airflow/dags/system_dag.py
[2026-04-25T10:25:44.595+0000] {processor.py:925} INFO - DAG(s) 'system_dag' retrieved from /opt/airflow/dags/system_dag.py
[2026-04-25T10:25:44.643+0000] {logging_mixin.py:190} INFO - [2026-04-25T10:25:44.643+0000] {dag.py:3239} INFO - Sync 1 DAGs
[2026-04-25T10:25:44.675+0000] {logging_mixin.py:190} INFO - [2026-04-25T10:25:44.674+0000] {dag.py:4180} INFO - Setting next_dagrun for system_dag to 2026-04-24T00:00:00+00:00, run_after=2026-04-25T00:00:00+00:00
[2026-04-25T10:25:44.705+0000] {processor.py:208} INFO - Processing /opt/airflow/dags/system_dag.py took 0.156 seconds
[2026-04-25T10:26:14.778+0000] {processor.py:186} INFO - Started process (PID=1682) to work on /opt/airflow/dags/system_dag.py
[2026-04-25T10:26:14.779+0000] {processor.py:914} INFO - Processing file /opt/airflow/dags/system_dag.py for tasks to queue
[2026-04-25T10:26:14.780+0000] {logging_mixin.py:190} INFO - [2026-04-25T10:26:14.780+0000] {dagbag.py:588} INFO - Filling up the DagBag from /opt/airflow/dags/system_dag.py
[2026-04-25T10:26:14.800+0000] {processor.py:925} INFO - DAG(s) 'system_dag' retrieved from /opt/airflow/dags/system_dag.py
[2026-04-25T10:26:14.838+0000] {logging_mixin.py:190} INFO - [2026-04-25T10:26:14.838+0000] {dag.py:3239} INFO - Sync 1 DAGs
[2026-04-25T10:26:14.870+0000] {logging_mixin.py:190} INFO - [2026-04-25T10:26:14.870+0000] {dag.py:4180} INFO - Setting next_dagrun for system_dag to 2026-04-24T00:00:00+00:00, run_after=2026-04-25T00:00:00+00:00
[2026-04-25T10:26:14.905+0000] {processor.py:208} INFO - Processing /opt/airflow/dags/system_dag.py took 0.135 seconds
[2026-04-25T10:26:44.984+0000] {processor.py:186} INFO - Started process (PID=1686) to work on /opt/airflow/dags/system_dag.py
[2026-04-25T10:26:44.985+0000] {processor.py:914} INFO - Processing file /opt/airflow/dags/system_dag.py for tasks to queue
[2026-04-25T10:26:44.986+0000] {logging_mixin.py:190} INFO - [2026-04-25T10:26:44.986+0000] {dagbag.py:588} INFO - Filling up the DagBag from /opt/airflow/dags/system_dag.py
[2026-04-25T10:26:45.004+0000] {processor.py:925} INFO - DAG(s) 'system_dag' retrieved from /opt/airflow/dags/system_dag.py
[2026-04-25T10:26:45.042+0000] {logging_mixin.py:190} INFO - [2026-04-25T10:26:45.042+0000] {dag.py:3239} INFO - Sync 1 DAGs
[2026-04-25T10:26:45.076+0000] {logging_mixin.py:190} INFO - [2026-04-25T10:26:45.076+0000] {dag.py:4180} INFO - Setting next_dagrun for system_dag to 2026-04-24T00:00:00+00:00, run_after=2026-04-25T00:00:00+00:00
[2026-04-25T10:26:45.105+0000] {processor.py:208} INFO - Processing /opt/airflow/dags/system_dag.py took 0.128 seconds
[2026-04-25T10:27:15.164+0000] {processor.py:186} INFO - Started process (PID=1690) to work on /opt/airflow/dags/system_dag.py
[2026-04-25T10:27:15.165+0000] {processor.py:914} INFO - Processing file /opt/airflow/dags/system_dag.py for tasks to queue
[2026-04-25T10:27:15.166+0000] {logging_mixin.py:190} INFO - [2026-04-25T10:27:15.166+0000] {dagbag.py:588} INFO - Filling up the DagBag from /opt/airflow/dags/system_dag.py
[2026-04-25T10:27:15.183+0000] {processor.py:925} INFO - DAG(s) 'system_dag' retrieved from /opt/airflow/dags/system_dag.py
[2026-04-25T10:27:15.220+0000] {logging_mixin.py:190} INFO - [2026-04-25T10:27:15.220+0000] {dag.py:3239} INFO - Sync 1 DAGs
[2026-04-25T10:27:15.253+0000] {logging_mixin.py:190} INFO - [2026-04-25T10:27:15.253+0000] {dag.py:4180} INFO - Setting next_dagrun for system_dag to 2026-04-24T00:00:00+00:00, run_after=2026-04-25T00:00:00+00:00
[2026-04-25T10:27:15.284+0000] {processor.py:208} INFO - Processing /opt/airflow/dags/system_dag.py took 0.126 seconds
[2026-04-25T10:27:46.141+0000] {processor.py:186} INFO - Started process (PID=1694) to work on /opt/airflow/dags/system_dag.py
[2026-04-25T10:27:46.142+0000] {processor.py:914} INFO - Processing file /opt/airflow/dags/system_dag.py for tasks to queue
[2026-04-25T10:27:46.143+0000] {logging_mixin.py:190} INFO - [2026-04-25T10:27:46.143+0000] {dagbag.py:588} INFO - Filling up the DagBag from /opt/airflow/dags/system_dag.py
[2026-04-25T10:27:46.160+0000] {processor.py:925} INFO - DAG(s) 'system_dag' retrieved from /opt/airflow/dags/system_dag.py
[2026-04-25T10:27:46.200+0000] {logging_mixin.py:190} INFO - [2026-04-25T10:27:46.199+0000] {dag.py:3239} INFO - Sync 1 DAGs
[2026-04-25T10:27:46.242+0000] {logging_mixin.py:190} INFO - [2026-04-25T10:27:46.242+0000] {dag.py:4180} INFO - Setting next_dagrun for system_dag to 2026-04-24T00:00:00+00:00, run_after=2026-04-25T00:00:00+00:00
[2026-04-25T10:27:46.276+0000] {processor.py:208} INFO - Processing /opt/airflow/dags/system_dag.py took 0.141 seconds
[2026-04-25T10:28:16.410+0000] {processor.py:186} INFO - Started process (PID=1698) to work on /opt/airflow/dags/system_dag.py
[2026-04-25T10:28:16.411+0000] {processor.py:914} INFO - Processing file /opt/airflow/dags/system_dag.py for tasks to queue
[2026-04-25T10:28:16.412+0000] {logging_mixin.py:190} INFO - [2026-04-25T10:28:16.412+0000] {dagbag.py:588} INFO - Filling up the DagBag from /opt/airflow/dags/system_dag.py
[2026-04-25T10:28:16.430+0000] {processor.py:925} INFO - DAG(s) 'system_dag' retrieved from /opt/airflow/dags/system_dag.py
[2026-04-25T10:28:16.466+0000] {logging_mixin.py:190} INFO - [2026-04-25T10:28:16.466+0000] {dag.py:3239} INFO - Sync 1 DAGs
[2026-04-25T10:28:16.499+0000] {logging_mixin.py:190} INFO - [2026-04-25T10:28:16.498+0000] {dag.py:4180} INFO - Setting next_dagrun for system_dag to 2026-04-24T00:00:00+00:00, run_after=2026-04-25T00:00:00+00:00
[2026-04-25T10:28:16.526+0000] {processor.py:208} INFO - Processing /opt/airflow/dags/system_dag.py took 0.122 seconds
[2026-04-25T10:28:46.702+0000] {processor.py:186} INFO - Started process (PID=1702) to work on /opt/airflow/dags/system_dag.py
[2026-04-25T10:28:46.703+0000] {processor.py:914} INFO - Processing file /opt/airflow/dags/system_dag.py for tasks to queue
[2026-04-25T10:28:46.704+0000] {logging_mixin.py:190} INFO - [2026-04-25T10:28:46.704+0000] {dagbag.py:588} INFO - Filling up the DagBag from /opt/airflow/dags/system_dag.py
[2026-04-25T10:28:46.723+0000] {processor.py:925} INFO - DAG(s) 'system_dag' retrieved from /opt/airflow/dags/system_dag.py
[2026-04-25T10:28:46.759+0000] {logging_mixin.py:190} INFO - [2026-04-25T10:28:46.759+0000] {dag.py:3239} INFO - Sync 1 DAGs
[2026-04-25T10:28:46.789+0000] {logging_mixin.py:190} INFO - [2026-04-25T10:28:46.789+0000] {dag.py:4180} INFO - Setting next_dagrun for system_dag to 2026-04-24T00:00:00+00:00, run_after=2026-04-25T00:00:00+00:00
[2026-04-25T10:28:46.818+0000] {processor.py:208} INFO - Processing /opt/airflow/dags/system_dag.py took 0.122 seconds
[2026-04-25T10:29:17.048+0000] {processor.py:186} INFO - Started process (PID=1706) to work on /opt/airflow/dags/system_dag.py
[2026-04-25T10:29:17.049+0000] {processor.py:914} INFO - Processing file /opt/airflow/dags/system_dag.py for tasks to queue
[2026-04-25T10:29:17.051+0000] {logging_mixin.py:190} INFO - [2026-04-25T10:29:17.050+0000] {dagbag.py:588} INFO - Filling up the DagBag from /opt/airflow/dags/system_dag.py
[2026-04-25T10:29:17.077+0000] {processor.py:925} INFO - DAG(s) 'system_dag' retrieved from /opt/airflow/dags/system_dag.py
[2026-04-25T10:29:17.122+0000] {logging_mixin.py:190} INFO - [2026-04-25T10:29:17.122+0000] {dag.py:3239} INFO - Sync 1 DAGs
[2026-04-25T10:29:17.162+0000] {logging_mixin.py:190} INFO - [2026-04-25T10:29:17.161+0000] {dag.py:4180} INFO - Setting next_dagrun for system_dag to 2026-04-24T00:00:00+00:00, run_after=2026-04-25T00:00:00+00:00
[2026-04-25T10:29:17.201+0000] {processor.py:208} INFO - Processing /opt/airflow/dags/system_dag.py took 0.161 seconds
[2026-04-25T10:29:47.350+0000] {processor.py:186} INFO - Started process (PID=1710) to work on /opt/airflow/dags/system_dag.py
[2026-04-25T10:29:47.351+0000] {processor.py:914} INFO - Processing file /opt/airflow/dags/system_dag.py for tasks to queue
[2026-04-25T10:29:47.352+0000] {logging_mixin.py:190} INFO - [2026-04-25T10:29:47.352+0000] {dagbag.py:588} INFO - Filling up the DagBag from /opt/airflow/dags/system_dag.py
[2026-04-25T10:29:47.375+0000] {processor.py:925} INFO - DAG(s) 'system_dag' retrieved from /opt/airflow/dags/system_dag.py
[2026-04-25T10:29:47.429+0000] {logging_mixin.py:190} INFO - [2026-04-25T10:29:47.429+0000] {dag.py:3239} INFO - Sync 1 DAGs
[2026-04-25T10:29:47.465+0000] {logging_mixin.py:190} INFO - [2026-04-25T10:29:47.465+0000] {dag.py:4180} INFO - Setting next_dagrun for system_dag to 2026-04-24T00:00:00+00:00, run_after=2026-04-25T00:00:00+00:00
[2026-04-25T10:29:47.496+0000] {processor.py:208} INFO - Processing /opt/airflow/dags/system_dag.py took 0.154 seconds
[2026-04-25T10:30:17.619+0000] {processor.py:186} INFO - Started process (PID=1714) to work on /opt/airflow/dags/system_dag.py
[2026-04-25T10:30:17.619+0000] {processor.py:914} INFO - Processing file /opt/airflow/dags/system_dag.py for tasks to queue
[2026-04-25T10:30:17.621+0000] {logging_mixin.py:190} INFO - [2026-04-25T10:30:17.620+0000] {dagbag.py:588} INFO - Filling up the DagBag from /opt/airflow/dags/system_dag.py
[2026-04-25T10:30:17.638+0000] {processor.py:925} INFO - DAG(s) 'system_dag' retrieved from /opt/airflow/dags/system_dag.py
[2026-04-25T10:30:17.677+0000] {logging_mixin.py:190} INFO - [2026-04-25T10:30:17.676+0000] {dag.py:3239} INFO - Sync 1 DAGs
[2026-04-25T10:30:17.711+0000] {logging_mixin.py:190} INFO - [2026-04-25T10:30:17.711+0000] {dag.py:4180} INFO - Setting next_dagrun for system_dag to 2026-04-24T00:00:00+00:00, run_after=2026-04-25T00:00:00+00:00
[2026-04-25T10:30:17.746+0000] {processor.py:208} INFO - Processing /opt/airflow/dags/system_dag.py took 0.133 seconds
[2026-04-25T10:30:47.790+0000] {processor.py:186} INFO - Started process (PID=1718) to work on /opt/airflow/dags/system_dag.py
[2026-04-25T10:30:47.791+0000] {processor.py:914} INFO - Processing file /opt/airflow/dags/system_dag.py for tasks to queue
[2026-04-25T10:30:47.793+0000] {logging_mixin.py:190} INFO - [2026-04-25T10:30:47.792+0000] {dagbag.py:588} INFO - Filling up the DagBag from /opt/airflow/dags/system_dag.py
[2026-04-25T10:30:47.810+0000] {processor.py:925} INFO - DAG(s) 'system_dag' retrieved from /opt/airflow/dags/system_dag.py
[2026-04-25T10:30:47.848+0000] {logging_mixin.py:190} INFO - [2026-04-25T10:30:47.847+0000] {dag.py:3239} INFO - Sync 1 DAGs
[2026-04-25T10:30:47.880+0000] {logging_mixin.py:190} INFO - [2026-04-25T10:30:47.880+0000] {dag.py:4180} INFO - Setting next_dagrun for system_dag to 2026-04-24T00:00:00+00:00, run_after=2026-04-25T00:00:00+00:00
[2026-04-25T10:30:47.914+0000] {processor.py:208} INFO - Processing /opt/airflow/dags/system_dag.py took 0.129 seconds
[2026-04-25T10:31:18.045+0000] {processor.py:186} INFO - Started process (PID=1722) to work on /opt/airflow/dags/system_dag.py
[2026-04-25T10:31:18.046+0000] {processor.py:914} INFO - Processing file /opt/airflow/dags/system_dag.py for tasks to queue
[2026-04-25T10:31:18.047+0000] {logging_mixin.py:190} INFO - [2026-04-25T10:31:18.047+0000] {dagbag.py:588} INFO - Filling up the DagBag from /opt/airflow/dags/system_dag.py
[2026-04-25T10:31:18.065+0000] {processor.py:925} INFO - DAG(s) 'system_dag' retrieved from /opt/airflow/dags/system_dag.py
[2026-04-25T10:31:18.102+0000] {logging_mixin.py:190} INFO - [2026-04-25T10:31:18.102+0000] {dag.py:3239} INFO - Sync 1 DAGs
[2026-04-25T10:31:18.136+0000] {logging_mixin.py:190} INFO - [2026-04-25T10:31:18.136+0000] {dag.py:4180} INFO - Setting next_dagrun for system_dag to 2026-04-24T00:00:00+00:00, run_after=2026-04-25T00:00:00+00:00
[2026-04-25T10:31:18.165+0000] {processor.py:208} INFO - Processing /opt/airflow/dags/system_dag.py took 0.126 seconds
[2026-04-25T10:31:49.281+0000] {processor.py:186} INFO - Started process (PID=1726) to work on /opt/airflow/dags/system_dag.py
[2026-04-25T10:31:49.282+0000] {processor.py:914} INFO - Processing file /opt/airflow/dags/system_dag.py for tasks to queue
[2026-04-25T10:31:49.283+0000] {logging_mixin.py:190} INFO - [2026-04-25T10:31:49.283+0000] {dagbag.py:588} INFO - Filling up the DagBag from /opt/airflow/dags/system_dag.py
[2026-04-25T10:31:49.301+0000] {processor.py:925} INFO - DAG(s) 'system_dag' retrieved from /opt/airflow/dags/system_dag.py
[2026-04-25T10:31:49.337+0000] {logging_mixin.py:190} INFO - [2026-04-25T10:31:49.337+0000] {dag.py:3239} INFO - Sync 1 DAGs
[2026-04-25T10:31:49.368+0000] {logging_mixin.py:190} INFO - [2026-04-25T10:31:49.368+0000] {dag.py:4180} INFO - Setting next_dagrun for system_dag to 2026-04-24T00:00:00+00:00, run_after=2026-04-25T00:00:00+00:00
[2026-04-25T10:31:49.407+0000] {processor.py:208} INFO - Processing /opt/airflow/dags/system_dag.py took 0.133 seconds
[2026-04-25T10:32:20.508+0000] {processor.py:186} INFO - Started process (PID=1730) to work on /opt/airflow/dags/system_dag.py
[2026-04-25T10:32:20.509+0000] {processor.py:914} INFO - Processing file /opt/airflow/dags/system_dag.py for tasks to queue
[2026-04-25T10:32:20.511+0000] {logging_mixin.py:190} INFO - [2026-04-25T10:32:20.510+0000] {dagbag.py:588} INFO - Filling up the DagBag from /opt/airflow/dags/system_dag.py
[2026-04-25T10:32:20.528+0000] {processor.py:925} INFO - DAG(s) 'system_dag' retrieved from /opt/airflow/dags/system_dag.py
[2026-04-25T10:32:20.563+0000] {logging_mixin.py:190} INFO - [2026-04-25T10:32:20.563+0000] {dag.py:3239} INFO - Sync 1 DAGs
[2026-04-25T10:32:20.593+0000] {logging_mixin.py:190} INFO - [2026-04-25T10:32:20.592+0000] {dag.py:4180} INFO - Setting next_dagrun for system_dag to 2026-04-24T00:00:00+00:00, run_after=2026-04-25T00:00:00+00:00
[2026-04-25T10:32:20.621+0000] {processor.py:208} INFO - Processing /opt/airflow/dags/system_dag.py took 0.119 seconds
[2026-04-25T10:32:50.748+0000] {processor.py:186} INFO - Started process (PID=1734) to work on /opt/airflow/dags/system_dag.py
[2026-04-25T10:32:50.749+0000] {processor.py:914} INFO - Processing file /opt/airflow/dags/system_dag.py for tasks to queue
[2026-04-25T10:32:50.753+0000] {logging_mixin.py:190} INFO - [2026-04-25T10:32:50.753+0000] {dagbag.py:588} INFO - Filling up the DagBag from /opt/airflow/dags/system_dag.py
[2026-04-25T10:32:50.789+0000] {processor.py:925} INFO - DAG(s) 'system_dag' retrieved from /opt/airflow/dags/system_dag.py
[2026-04-25T10:32:50.863+0000] {logging_mixin.py:190} INFO - [2026-04-25T10:32:50.862+0000] {dag.py:3239} INFO - Sync 1 DAGs
[2026-04-25T10:32:51.863+0000] {logging_mixin.py:190} INFO - [2026-04-25T10:32:51.862+0000] {dag.py:4180} INFO - Setting next_dagrun for system_dag to 2026-04-24T00:00:00+00:00, run_after=2026-04-25T00:00:00+00:00
[2026-04-25T10:32:51.899+0000] {processor.py:208} INFO - Processing /opt/airflow/dags/system_dag.py took 0.205 seconds
[2026-04-25T10:33:23.988+0000] {processor.py:186} INFO - Started process (PID=1738) to work on /opt/airflow/dags/system_dag.py
[2026-04-25T10:33:23.989+0000] {processor.py:914} INFO - Processing file /opt/airflow/dags/system_dag.py for tasks to queue
[2026-04-25T10:33:23.991+0000] {logging_mixin.py:190} INFO - [2026-04-25T10:33:23.990+0000] {dagbag.py:588} INFO - Filling up the DagBag from /opt/airflow/dags/system_dag.py
[2026-04-25T10:33:24.008+0000] {processor.py:925} INFO - DAG(s) 'system_dag' retrieved from /opt/airflow/dags/system_dag.py
[2026-04-25T10:33:24.046+0000] {logging_mixin.py:190} INFO - [2026-04-25T10:33:24.046+0000] {dag.py:3239} INFO - Sync 1 DAGs
[2026-04-25T10:33:24.085+0000] {logging_mixin.py:190} INFO - [2026-04-25T10:33:24.084+0000] {dag.py:4180} INFO - Setting next_dagrun for system_dag to 2026-04-24T00:00:00+00:00, run_after=2026-04-25T00:00:00+00:00
[2026-04-25T10:33:24.112+0000] {processor.py:208} INFO - Processing /opt/airflow/dags/system_dag.py took 0.129 seconds
[2026-04-25T10:33:55.421+0000] {processor.py:186} INFO - Started process (PID=1742) to work on /opt/airflow/dags/system_dag.py
[2026-04-25T10:33:55.422+0000] {processor.py:914} INFO - Processing file /opt/airflow/dags/system_dag.py for tasks to queue
[2026-04-25T10:33:55.423+0000] {logging_mixin.py:190} INFO - [2026-04-25T10:33:55.423+0000] {dagbag.py:588} INFO - Filling up the DagBag from /opt/airflow/dags/system_dag.py
[2026-04-25T10:33:55.442+0000] {processor.py:925} INFO - DAG(s) 'system_dag' retrieved from /opt/airflow/dags/system_dag.py
[2026-04-25T10:33:55.478+0000] {logging_mixin.py:190} INFO - [2026-04-25T10:33:55.478+0000] {dag.py:3239} INFO - Sync 1 DAGs
[2026-04-25T10:33:55.513+0000] {logging_mixin.py:190} INFO - [2026-04-25T10:33:55.513+0000] {dag.py:4180} INFO - Setting next_dagrun for system_dag to 2026-04-24T00:00:00+00:00, run_after=2026-04-25T00:00:00+00:00
[2026-04-25T10:33:55.552+0000] {processor.py:208} INFO - Processing /opt/airflow/dags/system_dag.py took 0.136 seconds
[2026-04-25T10:34:27.724+0000] {processor.py:186} INFO - Started process (PID=1746) to work on /opt/airflow/dags/system_dag.py
[2026-04-25T10:34:27.724+0000] {processor.py:914} INFO - Processing file /opt/airflow/dags/system_dag.py for tasks to queue
[2026-04-25T10:34:27.726+0000] {logging_mixin.py:190} INFO - [2026-04-25T10:34:27.726+0000] {dagbag.py:588} INFO - Filling up the DagBag from /opt/airflow/dags/system_dag.py
[2026-04-25T10:34:27.751+0000] {processor.py:925} INFO - DAG(s) 'system_dag' retrieved from /opt/airflow/dags/system_dag.py
[2026-04-25T10:34:27.800+0000] {logging_mixin.py:190} INFO - [2026-04-25T10:34:27.799+0000] {dag.py:3239} INFO - Sync 1 DAGs
[2026-04-25T10:34:27.837+0000] {logging_mixin.py:190} INFO - [2026-04-25T10:34:27.837+0000] {dag.py:4180} INFO - Setting next_dagrun for system_dag to 2026-04-24T00:00:00+00:00, run_after=2026-04-25T00:00:00+00:00
[2026-04-25T10:34:27.893+0000] {processor.py:208} INFO - Processing /opt/airflow/dags/system_dag.py took 0.176 seconds
[2026-04-25T10:34:58.817+0000] {processor.py:186} INFO - Started process (PID=1750) to work on /opt/airflow/dags/system_dag.py
[2026-04-25T10:34:58.818+0000] {processor.py:914} INFO - Processing file /opt/airflow/dags/system_dag.py for tasks to queue
[2026-04-25T10:34:58.820+0000] {logging_mixin.py:190} INFO - [2026-04-25T10:34:58.819+0000] {dagbag.py:588} INFO - Filling up the DagBag from /opt/airflow/dags/system_dag.py
[2026-04-25T10:34:58.837+0000] {processor.py:925} INFO - DAG(s) 'system_dag' retrieved from /opt/airflow/dags/system_dag.py
[2026-04-25T10:34:58.881+0000] {logging_mixin.py:190} INFO - [2026-04-25T10:34:58.881+0000] {dag.py:3239} INFO - Sync 1 DAGs
[2026-04-25T10:34:58.913+0000] {logging_mixin.py:190} INFO - [2026-04-25T10:34:58.913+0000] {dag.py:4180} INFO - Setting next_dagrun for system_dag to 2026-04-24T00:00:00+00:00, run_after=2026-04-25T00:00:00+00:00
[2026-04-25T10:34:58.949+0000] {processor.py:208} INFO - Processing /opt/airflow/dags/system_dag.py took 0.139 seconds
[2026-04-25T10:35:31.230+0000] {processor.py:186} INFO - Started process (PID=1754) to work on /opt/airflow/dags/system_dag.py
[2026-04-25T10:35:31.230+0000] {processor.py:914} INFO - Processing file /opt/airflow/dags/system_dag.py for tasks to queue
[2026-04-25T10:35:31.232+0000] {logging_mixin.py:190} INFO - [2026-04-25T10:35:31.232+0000] {dagbag.py:588} INFO - Filling up the DagBag from /opt/airflow/dags/system_dag.py
[2026-04-25T10:35:31.264+0000] {processor.py:925} INFO - DAG(s) 'system_dag' retrieved from /opt/airflow/dags/system_dag.py
[2026-04-25T10:35:31.320+0000] {logging_mixin.py:190} INFO - [2026-04-25T10:35:31.320+0000] {dag.py:3239} INFO - Sync 1 DAGs
[2026-04-25T10:35:31.366+0000] {logging_mixin.py:190} INFO - [2026-04-25T10:35:31.365+0000] {dag.py:4180} INFO - Setting next_dagrun for system_dag to 2026-04-24T00:00:00+00:00, run_after=2026-04-25T00:00:00+00:00
[2026-04-25T10:35:31.413+0000] {processor.py:208} INFO - Processing /opt/airflow/dags/system_dag.py took 0.191 seconds
[2026-04-25T10:36:02.535+0000] {processor.py:186} INFO - Started process (PID=1758) to work on /opt/airflow/dags/system_dag.py
[2026-04-25T10:36:02.535+0000] {processor.py:914} INFO - Processing file /opt/airflow/dags/system_dag.py for tasks to queue
[2026-04-25T10:36:02.537+0000] {logging_mixin.py:190} INFO - [2026-04-25T10:36:02.537+0000] {dagbag.py:588} INFO - Filling up the DagBag from /opt/airflow/dags/system_dag.py
[2026-04-25T10:36:02.553+0000] {processor.py:925} INFO - DAG(s) 'system_dag' retrieved from /opt/airflow/dags/system_dag.py
[2026-04-25T10:36:02.590+0000] {logging_mixin.py:190} INFO - [2026-04-25T10:36:02.590+0000] {dag.py:3239} INFO - Sync 1 DAGs
[2026-04-25T10:36:02.623+0000] {logging_mixin.py:190} INFO - [2026-04-25T10:36:02.623+0000] {dag.py:4180} INFO - Setting next_dagrun for system_dag to 2026-04-24T00:00:00+00:00, run_after=2026-04-25T00:00:00+00:00
[2026-04-25T10:36:02.653+0000] {processor.py:208} INFO - Processing /opt/airflow/dags/system_dag.py took 0.125 seconds
[2026-04-25T10:36:33.907+0000] {processor.py:186} INFO - Started process (PID=1762) to work on /opt/airflow/dags/system_dag.py
[2026-04-25T10:36:33.907+0000] {processor.py:914} INFO - Processing file /opt/airflow/dags/system_dag.py for tasks to queue
[2026-04-25T10:36:33.909+0000] {logging_mixin.py:190} INFO - [2026-04-25T10:36:33.909+0000] {dagbag.py:588} INFO - Filling up the DagBag from /opt/airflow/dags/system_dag.py
[2026-04-25T10:36:33.930+0000] {processor.py:925} INFO - DAG(s) 'system_dag' retrieved from /opt/airflow/dags/system_dag.py
[2026-04-25T10:36:33.985+0000] {logging_mixin.py:190} INFO - [2026-04-25T10:36:33.984+0000] {dag.py:3239} INFO - Sync 1 DAGs
[2026-04-25T10:36:34.028+0000] {logging_mixin.py:190} INFO - [2026-04-25T10:36:34.027+0000] {dag.py:4180} INFO - Setting next_dagrun for system_dag to 2026-04-24T00:00:00+00:00, run_after=2026-04-25T00:00:00+00:00
[2026-04-25T10:36:34.062+0000] {processor.py:208} INFO - Processing /opt/airflow/dags/system_dag.py took 0.166 seconds
[2026-04-25T10:37:05.995+0000] {processor.py:186} INFO - Started process (PID=1766) to work on /opt/airflow/dags/system_dag.py
[2026-04-25T10:37:05.996+0000] {processor.py:914} INFO - Processing file /opt/airflow/dags/system_dag.py for tasks to queue
[2026-04-25T10:37:05.998+0000] {logging_mixin.py:190} INFO - [2026-04-25T10:37:05.998+0000] {dagbag.py:588} INFO - Filling up the DagBag from /opt/airflow/dags/system_dag.py
[2026-04-25T10:37:06.025+0000] {processor.py:925} INFO - DAG(s) 'system_dag' retrieved from /opt/airflow/dags/system_dag.py
[2026-04-25T10:37:06.087+0000] {logging_mixin.py:190} INFO - [2026-04-25T10:37:06.087+0000] {dag.py:3239} INFO - Sync 1 DAGs
[2026-04-25T10:37:06.134+0000] {logging_mixin.py:190} INFO - [2026-04-25T10:37:06.133+0000] {dag.py:4180} INFO - Setting next_dagrun for system_dag to 2026-04-24T00:00:00+00:00, run_after=2026-04-25T00:00:00+00:00
[2026-04-25T10:37:06.171+0000] {processor.py:208} INFO - Processing /opt/airflow/dags/system_dag.py took 0.186 seconds
[2026-04-25T10:37:37.310+0000] {processor.py:186} INFO - Started process (PID=1770) to work on /opt/airflow/dags/system_dag.py
[2026-04-25T10:37:37.311+0000] {processor.py:914} INFO - Processing file /opt/airflow/dags/system_dag.py for tasks to queue
[2026-04-25T10:37:37.313+0000] {logging_mixin.py:190} INFO - [2026-04-25T10:37:37.312+0000] {dagbag.py:588} INFO - Filling up the DagBag from /opt/airflow/dags/system_dag.py
[2026-04-25T10:37:37.330+0000] {processor.py:925} INFO - DAG(s) 'system_dag' retrieved from /opt/airflow/dags/system_dag.py
[2026-04-25T10:37:37.369+0000] {logging_mixin.py:190} INFO - [2026-04-25T10:37:37.368+0000] {dag.py:3239} INFO - Sync 1 DAGs
[2026-04-25T10:37:37.401+0000] {logging_mixin.py:190} INFO - [2026-04-25T10:37:37.401+0000] {dag.py:4180} INFO - Setting next_dagrun for system_dag to 2026-04-24T00:00:00+00:00, run_after=2026-04-25T00:00:00+00:00
[2026-04-25T10:37:37.430+0000] {processor.py:208} INFO - Processing /opt/airflow/dags/system_dag.py took 0.126 seconds
[2026-04-25T10:38:09.789+0000] {processor.py:186} INFO - Started process (PID=1776) to work on /opt/airflow/dags/system_dag.py
[2026-04-25T10:38:09.790+0000] {processor.py:914} INFO - Processing file /opt/airflow/dags/system_dag.py for tasks to queue
[2026-04-25T10:38:09.791+0000] {logging_mixin.py:190} INFO - [2026-04-25T10:38:09.791+0000] {dagbag.py:588} INFO - Filling up the DagBag from /opt/airflow/dags/system_dag.py
[2026-04-25T10:38:09.810+0000] {processor.py:925} INFO - DAG(s) 'system_dag' retrieved from /opt/airflow/dags/system_dag.py
[2026-04-25T10:38:09.844+0000] {logging_mixin.py:190} INFO - [2026-04-25T10:38:09.844+0000] {dag.py:3239} INFO - Sync 1 DAGs
[2026-04-25T10:38:09.877+0000] {logging_mixin.py:190} INFO - [2026-04-25T10:38:09.877+0000] {dag.py:4180} INFO - Setting next_dagrun for system_dag to 2026-04-24T00:00:00+00:00, run_after=2026-04-25T00:00:00+00:00
[2026-04-25T10:38:09.909+0000] {processor.py:208} INFO - Processing /opt/airflow/dags/system_dag.py took 0.127 seconds
[2026-04-25T10:38:41.083+0000] {processor.py:186} INFO - Started process (PID=1780) to work on /opt/airflow/dags/system_dag.py
[2026-04-25T10:38:41.084+0000] {processor.py:914} INFO - Processing file /opt/airflow/dags/system_dag.py for tasks to queue
[2026-04-25T10:38:41.086+0000] {logging_mixin.py:190} INFO - [2026-04-25T10:38:41.085+0000] {dagbag.py:588} INFO - Filling up the DagBag from /opt/airflow/dags/system_dag.py
[2026-04-25T10:38:41.104+0000] {processor.py:925} INFO - DAG(s) 'system_dag' retrieved from /opt/airflow/dags/system_dag.py
[2026-04-25T10:38:41.138+0000] {logging_mixin.py:190} INFO - [2026-04-25T10:38:41.138+0000] {dag.py:3239} INFO - Sync 1 DAGs
[2026-04-25T10:38:41.165+0000] {logging_mixin.py:190} INFO - [2026-04-25T10:38:41.164+0000] {dag.py:4180} INFO - Setting next_dagrun for system_dag to 2026-04-24T00:00:00+00:00, run_after=2026-04-25T00:00:00+00:00
[2026-04-25T10:38:41.184+0000] {processor.py:208} INFO - Processing /opt/airflow/dags/system_dag.py took 0.107 seconds
[2026-04-25T10:39:13.457+0000] {processor.py:186} INFO - Started process (PID=1784) to work on /opt/airflow/dags/system_dag.py
[2026-04-25T10:39:13.458+0000] {processor.py:914} INFO - Processing file /opt/airflow/dags/system_dag.py for tasks to queue
[2026-04-25T10:39:13.459+0000] {logging_mixin.py:190} INFO - [2026-04-25T10:39:13.459+0000] {dagbag.py:588} INFO - Filling up the DagBag from /opt/airflow/dags/system_dag.py
[2026-04-25T10:39:13.479+0000] {processor.py:925} INFO - DAG(s) 'system_dag' retrieved from /opt/airflow/dags/system_dag.py
[2026-04-25T10:39:13.514+0000] {logging_mixin.py:190} INFO - [2026-04-25T10:39:13.514+0000] {dag.py:3239} INFO - Sync 1 DAGs
[2026-04-25T10:39:13.541+0000] {logging_mixin.py:190} INFO - [2026-04-25T10:39:13.541+0000] {dag.py:4180} INFO - Setting next_dagrun for system_dag to 2026-04-24T00:00:00+00:00, run_after=2026-04-25T00:00:00+00:00
[2026-04-25T10:39:13.565+0000] {processor.py:208} INFO - Processing /opt/airflow/dags/system_dag.py took 0.115 seconds
[2026-04-25T10:39:44.650+0000] {processor.py:186} INFO - Started process (PID=1788) to work on /opt/airflow/dags/system_dag.py
[2026-04-25T10:39:44.651+0000] {processor.py:914} INFO - Processing file /opt/airflow/dags/system_dag.py for tasks to queue
[2026-04-25T10:39:44.652+0000] {logging_mixin.py:190} INFO - [2026-04-25T10:39:44.652+0000] {dagbag.py:588} INFO - Filling up the DagBag from /opt/airflow/dags/system_dag.py
[2026-04-25T10:39:44.669+0000] {processor.py:925} INFO - DAG(s) 'system_dag' retrieved from /opt/airflow/dags/system_dag.py
[2026-04-25T10:39:44.702+0000] {logging_mixin.py:190} INFO - [2026-04-25T10:39:44.701+0000] {dag.py:3239} INFO - Sync 1 DAGs
[2026-04-25T10:39:44.730+0000] {logging_mixin.py:190} INFO - [2026-04-25T10:39:44.729+0000] {dag.py:4180} INFO - Setting next_dagrun for system_dag to 2026-04-24T00:00:00+00:00, run_after=2026-04-25T00:00:00+00:00
[2026-04-25T10:39:44.751+0000] {processor.py:208} INFO - Processing /opt/airflow/dags/system_dag.py took 0.108 seconds
[2026-04-25T10:40:14.965+0000] {processor.py:186} INFO - Started process (PID=1792) to work on /opt/airflow/dags/system_dag.py
[2026-04-25T10:40:14.966+0000] {processor.py:914} INFO - Processing file /opt/airflow/dags/system_dag.py for tasks to queue
[2026-04-25T10:40:14.967+0000] {logging_mixin.py:190} INFO - [2026-04-25T10:40:14.967+0000] {dagbag.py:588} INFO - Filling up the DagBag from /opt/airflow/dags/system_dag.py
[2026-04-25T10:40:15.940+0000] {processor.py:925} INFO - DAG(s) 'system_dag' retrieved from /opt/airflow/dags/system_dag.py
[2026-04-25T10:40:15.997+0000] {logging_mixin.py:190} INFO - [2026-04-25T10:40:15.997+0000] {dag.py:3239} INFO - Sync 1 DAGs
[2026-04-25T10:40:16.035+0000] {logging_mixin.py:190} INFO - [2026-04-25T10:40:16.035+0000] {dag.py:4180} INFO - Setting next_dagrun for system_dag to 2026-04-24T00:00:00+00:00, run_after=2026-04-25T00:00:00+00:00
[2026-04-25T10:40:16.063+0000] {processor.py:208} INFO - Processing /opt/airflow/dags/system_dag.py took 0.152 seconds
[2026-04-25T10:40:48.323+0000] {processor.py:186} INFO - Started process (PID=1796) to work on /opt/airflow/dags/system_dag.py
[2026-04-25T10:40:48.323+0000] {processor.py:914} INFO - Processing file /opt/airflow/dags/system_dag.py for tasks to queue
[2026-04-25T10:40:48.325+0000] {logging_mixin.py:190} INFO - [2026-04-25T10:40:48.324+0000] {dagbag.py:588} INFO - Filling up the DagBag from /opt/airflow/dags/system_dag.py
[2026-04-25T10:40:48.343+0000] {processor.py:925} INFO - DAG(s) 'system_dag' retrieved from /opt/airflow/dags/system_dag.py
[2026-04-25T10:40:48.381+0000] {logging_mixin.py:190} INFO - [2026-04-25T10:40:48.381+0000] {dag.py:3239} INFO - Sync 1 DAGs
[2026-04-25T10:40:48.409+0000] {logging_mixin.py:190} INFO - [2026-04-25T10:40:48.408+0000] {dag.py:4180} INFO - Setting next_dagrun for system_dag to 2026-04-24T00:00:00+00:00, run_after=2026-04-25T00:00:00+00:00
[2026-04-25T10:40:48.439+0000] {processor.py:208} INFO - Processing /opt/airflow/dags/system_dag.py took 0.122 seconds
[2026-04-25T10:41:19.545+0000] {processor.py:186} INFO - Started process (PID=1800) to work on /opt/airflow/dags/system_dag.py
[2026-04-25T10:41:19.545+0000] {processor.py:914} INFO - Processing file /opt/airflow/dags/system_dag.py for tasks to queue
[2026-04-25T10:41:19.547+0000] {logging_mixin.py:190} INFO - [2026-04-25T10:41:19.546+0000] {dagbag.py:588} INFO - Filling up the DagBag from /opt/airflow/dags/system_dag.py
[2026-04-25T10:41:19.564+0000] {processor.py:925} INFO - DAG(s) 'system_dag' retrieved from /opt/airflow/dags/system_dag.py
[2026-04-25T10:41:19.599+0000] {logging_mixin.py:190} INFO - [2026-04-25T10:41:19.599+0000] {dag.py:3239} INFO - Sync 1 DAGs
[2026-04-25T10:41:19.627+0000] {logging_mixin.py:190} INFO - [2026-04-25T10:41:19.626+0000] {dag.py:4180} INFO - Setting next_dagrun for system_dag to 2026-04-24T00:00:00+00:00, run_after=2026-04-25T00:00:00+00:00
[2026-04-25T10:41:19.654+0000] {processor.py:208} INFO - Processing /opt/airflow/dags/system_dag.py took 0.115 seconds
[2026-04-25T10:41:51.854+0000] {processor.py:186} INFO - Started process (PID=1804) to work on /opt/airflow/dags/system_dag.py
[2026-04-25T10:41:51.854+0000] {processor.py:914} INFO - Processing file /opt/airflow/dags/system_dag.py for tasks to queue
[2026-04-25T10:41:51.856+0000] {logging_mixin.py:190} INFO - [2026-04-25T10:41:51.855+0000] {dagbag.py:588} INFO - Filling up the DagBag from /opt/airflow/dags/system_dag.py
[2026-04-25T10:41:51.873+0000] {processor.py:925} INFO - DAG(s) 'system_dag' retrieved from /opt/airflow/dags/system_dag.py
[2026-04-25T10:41:51.910+0000] {logging_mixin.py:190} INFO - [2026-04-25T10:41:51.909+0000] {dag.py:3239} INFO - Sync 1 DAGs
[2026-04-25T10:41:51.941+0000] {logging_mixin.py:190} INFO - [2026-04-25T10:41:51.940+0000] {dag.py:4180} INFO - Setting next_dagrun for system_dag to 2026-04-24T00:00:00+00:00, run_after=2026-04-25T00:00:00+00:00
[2026-04-25T10:41:51.969+0000] {processor.py:208} INFO - Processing /opt/airflow/dags/system_dag.py took 0.121 seconds
[2026-04-25T10:42:22.950+0000] {processor.py:186} INFO - Started process (PID=1808) to work on /opt/airflow/dags/system_dag.py
[2026-04-25T10:42:22.951+0000] {processor.py:914} INFO - Processing file /opt/airflow/dags/system_dag.py for tasks to queue
[2026-04-25T10:42:22.952+0000] {logging_mixin.py:190} INFO - [2026-04-25T10:42:22.952+0000] {dagbag.py:588} INFO - Filling up the DagBag from /opt/airflow/dags/system_dag.py
[2026-04-25T10:42:22.969+0000] {processor.py:925} INFO - DAG(s) 'system_dag' retrieved from /opt/airflow/dags/system_dag.py
[2026-04-25T10:42:23.015+0000] {logging_mixin.py:190} INFO - [2026-04-25T10:42:23.015+0000] {dag.py:3239} INFO - Sync 1 DAGs
[2026-04-25T10:42:23.049+0000] {logging_mixin.py:190} INFO - [2026-04-25T10:42:23.048+0000] {dag.py:4180} INFO - Setting next_dagrun for system_dag to 2026-04-24T00:00:00+00:00, run_after=2026-04-25T00:00:00+00:00
[2026-04-25T10:42:23.081+0000] {processor.py:208} INFO - Processing /opt/airflow/dags/system_dag.py took 0.138 seconds
[2026-04-25T10:42:55.195+0000] {processor.py:186} INFO - Started process (PID=1812) to work on /opt/airflow/dags/system_dag.py
[2026-04-25T10:42:55.196+0000] {processor.py:914} INFO - Processing file /opt/airflow/dags/system_dag.py for tasks to queue
[2026-04-25T10:42:55.197+0000] {logging_mixin.py:190} INFO - [2026-04-25T10:42:55.197+0000] {dagbag.py:588} INFO - Filling up the DagBag from /opt/airflow/dags/system_dag.py
[2026-04-25T10:42:55.216+0000] {processor.py:925} INFO - DAG(s) 'system_dag' retrieved from /opt/airflow/dags/system_dag.py
[2026-04-25T10:42:55.250+0000] {logging_mixin.py:190} INFO - [2026-04-25T10:42:55.250+0000] {dag.py:3239} INFO - Sync 1 DAGs
[2026-04-25T10:42:55.283+0000] {logging_mixin.py:190} INFO - [2026-04-25T10:42:55.283+0000] {dag.py:4180} INFO - Setting next_dagrun for system_dag to 2026-04-24T00:00:00+00:00, run_after=2026-04-25T00:00:00+00:00
[2026-04-25T10:42:55.310+0000] {processor.py:208} INFO - Processing /opt/airflow/dags/system_dag.py took 0.120 seconds
[2026-04-25T10:43:26.402+0000] {processor.py:186} INFO - Started process (PID=1816) to work on /opt/airflow/dags/system_dag.py
[2026-04-25T10:43:26.403+0000] {processor.py:914} INFO - Processing file /opt/airflow/dags/system_dag.py for tasks to queue
[2026-04-25T10:43:26.404+0000] {logging_mixin.py:190} INFO - [2026-04-25T10:43:26.404+0000] {dagbag.py:588} INFO - Filling up the DagBag from /opt/airflow/dags/system_dag.py
[2026-04-25T10:43:26.426+0000] {processor.py:925} INFO - DAG(s) 'system_dag' retrieved from /opt/airflow/dags/system_dag.py
[2026-04-25T10:43:26.476+0000] {logging_mixin.py:190} INFO - [2026-04-25T10:43:26.476+0000] {dag.py:3239} INFO - Sync 1 DAGs
[2026-04-25T10:43:26.512+0000] {logging_mixin.py:190} INFO - [2026-04-25T10:43:26.512+0000] {dag.py:4180} INFO - Setting next_dagrun for system_dag to 2026-04-24T00:00:00+00:00, run_after=2026-04-25T00:00:00+00:00
[2026-04-25T10:43:26.546+0000] {processor.py:208} INFO - Processing /opt/airflow/dags/system_dag.py took 0.150 seconds
[2026-04-25T10:43:58.683+0000] {processor.py:186} INFO - Started process (PID=1820) to work on /opt/airflow/dags/system_dag.py
[2026-04-25T10:43:58.683+0000] {processor.py:914} INFO - Processing file /opt/airflow/dags/system_dag.py for tasks to queue
[2026-04-25T10:43:58.684+0000] {logging_mixin.py:190} INFO - [2026-04-25T10:43:58.684+0000] {dagbag.py:588} INFO - Filling up the DagBag from /opt/airflow/dags/system_dag.py
[2026-04-25T10:43:58.702+0000] {processor.py:925} INFO - DAG(s) 'system_dag' retrieved from /opt/airflow/dags/system_dag.py
[2026-04-25T10:43:58.737+0000] {logging_mixin.py:190} INFO - [2026-04-25T10:43:58.737+0000] {dag.py:3239} INFO - Sync 1 DAGs
[2026-04-25T10:43:58.766+0000] {logging_mixin.py:190} INFO - [2026-04-25T10:43:58.766+0000] {dag.py:4180} INFO - Setting next_dagrun for system_dag to 2026-04-24T00:00:00+00:00, run_after=2026-04-25T00:00:00+00:00
[2026-04-25T10:43:58.800+0000] {processor.py:208} INFO - Processing /opt/airflow/dags/system_dag.py took 0.124 seconds
[2026-04-25T10:44:29.986+0000] {processor.py:186} INFO - Started process (PID=1824) to work on /opt/airflow/dags/system_dag.py
[2026-04-25T10:44:29.987+0000] {processor.py:914} INFO - Processing file /opt/airflow/dags/system_dag.py for tasks to queue
[2026-04-25T10:44:29.988+0000] {logging_mixin.py:190} INFO - [2026-04-25T10:44:29.988+0000] {dagbag.py:588} INFO - Filling up the DagBag from /opt/airflow/dags/system_dag.py
[2026-04-25T10:44:30.141+0000] {processor.py:925} INFO - DAG(s) 'system_dag' retrieved from /opt/airflow/dags/system_dag.py
[2026-04-25T10:44:30.189+0000] {logging_mixin.py:190} INFO - [2026-04-25T10:44:30.188+0000] {dag.py:3239} INFO - Sync 1 DAGs
[2026-04-25T10:44:30.220+0000] {logging_mixin.py:190} INFO - [2026-04-25T10:44:30.220+0000] {dag.py:4180} INFO - Setting next_dagrun for system_dag to 2026-04-24T00:00:00+00:00, run_after=2026-04-25T00:00:00+00:00
[2026-04-25T10:44:30.255+0000] {processor.py:208} INFO - Processing /opt/airflow/dags/system_dag.py took 0.273 seconds
[2026-04-25T10:45:00.438+0000] {processor.py:186} INFO - Started process (PID=1828) to work on /opt/airflow/dags/system_dag.py
[2026-04-25T10:45:00.439+0000] {processor.py:914} INFO - Processing file /opt/airflow/dags/system_dag.py for tasks to queue
[2026-04-25T10:45:00.440+0000] {logging_mixin.py:190} INFO - [2026-04-25T10:45:00.440+0000] {dagbag.py:588} INFO - Filling up the DagBag from /opt/airflow/dags/system_dag.py
[2026-04-25T10:45:00.458+0000] {processor.py:925} INFO - DAG(s) 'system_dag' retrieved from /opt/airflow/dags/system_dag.py
[2026-04-25T10:45:00.496+0000] {logging_mixin.py:190} INFO - [2026-04-25T10:45:00.496+0000] {dag.py:3239} INFO - Sync 1 DAGs
[2026-04-25T10:45:00.530+0000] {logging_mixin.py:190} INFO - [2026-04-25T10:45:00.530+0000] {dag.py:4180} INFO - Setting next_dagrun for system_dag to 2026-04-24T00:00:00+00:00, run_after=2026-04-25T00:00:00+00:00
[2026-04-25T10:45:00.566+0000] {processor.py:208} INFO - Processing /opt/airflow/dags/system_dag.py took 0.134 seconds
[2026-04-25T10:45:33.693+0000] {processor.py:186} INFO - Started process (PID=1833) to work on /opt/airflow/dags/system_dag.py
[2026-04-25T10:45:33.695+0000] {processor.py:914} INFO - Processing file /opt/airflow/dags/system_dag.py for tasks to queue
[2026-04-25T10:45:33.697+0000] {logging_mixin.py:190} INFO - [2026-04-25T10:45:33.696+0000] {dagbag.py:588} INFO - Filling up the DagBag from /opt/airflow/dags/system_dag.py
[2026-04-25T10:45:33.731+0000] {processor.py:925} INFO - DAG(s) 'system_dag' retrieved from /opt/airflow/dags/system_dag.py
[2026-04-25T10:45:33.788+0000] {logging_mixin.py:190} INFO - [2026-04-25T10:45:33.788+0000] {dag.py:3239} INFO - Sync 1 DAGs
[2026-04-25T10:45:33.834+0000] {logging_mixin.py:190} INFO - [2026-04-25T10:45:33.833+0000] {dag.py:4180} INFO - Setting next_dagrun for system_dag to 2026-04-24T00:00:00+00:00, run_after=2026-04-25T00:00:00+00:00
[2026-04-25T10:45:33.870+0000] {processor.py:208} INFO - Processing /opt/airflow/dags/system_dag.py took 0.193 seconds
