[2026-04-27T08:56:50.847+0000] {local_task_job_runner.py:123} INFO - ::group::Pre task execution logs
[2026-04-27T08:56:50.877+0000] {taskinstance.py:2614} INFO - Dependencies all met for dep_context=non-requeueable deps ti=<TaskInstance: crawl_etl_itjob.build_gold scheduled__2026-04-26T02:00:00+00:00 [queued]>
[2026-04-27T08:56:50.886+0000] {taskinstance.py:2614} INFO - Dependencies all met for dep_context=requeueable deps ti=<TaskInstance: crawl_etl_itjob.build_gold scheduled__2026-04-26T02:00:00+00:00 [queued]>
[2026-04-27T08:56:50.886+0000] {taskinstance.py:2867} INFO - Starting attempt 1 of 2
[2026-04-27T08:56:50.927+0000] {taskinstance.py:2890} INFO - Executing <Task(BashOperator): build_gold> on 2026-04-26 02:00:00+00:00
[2026-04-27T08:56:50.933+0000] {standard_task_runner.py:72} INFO - Started process 171 to run task
[2026-04-27T08:56:50.936+0000] {standard_task_runner.py:104} INFO - Running: ['***', 'tasks', 'run', 'crawl_etl_itjob', 'build_gold', 'scheduled__2026-04-26T02:00:00+00:00', '--job-id', '153', '--raw', '--subdir', 'DAGS_FOLDER/Crawl_ETL_ITJob.py', '--cfg-path', '/tmp/tmp1jmsbj20']
[2026-04-27T08:56:50.938+0000] {standard_task_runner.py:105} INFO - Job 153: Subtask build_gold
[2026-04-27T08:56:50.963+0000] {warnings.py:109} WARNING - /home/***/.local/lib/python3.8/site-packages/***/settings.py:209: DeprecationWarning: The sql_alchemy_conn option in [core] has been moved to the sql_alchemy_conn option in [database] - the old setting has been used, but please update your config.
  SQL_ALCHEMY_CONN = conf.get("database", "SQL_ALCHEMY_CONN")

[2026-04-27T08:56:51.034+0000] {task_command.py:467} INFO - Running <TaskInstance: crawl_etl_itjob.build_gold scheduled__2026-04-26T02:00:00+00:00 [running]> on host 64b3786bead1
[2026-04-27T08:56:51.035+0000] {warnings.py:109} WARNING - /home/***/.local/lib/python3.8/site-packages/***/settings.py:470: DeprecationWarning: The sql_alchemy_conn option in [core] has been moved to the sql_alchemy_conn option in [database] - the old setting has been used, but please update your config.
  if conf.get("database", "sql_alchemy_conn") == "none://":

[2026-04-27T08:56:51.147+0000] {taskinstance.py:3134} INFO - Exporting env vars: AIRFLOW_CTX_DAG_EMAIL='hoa856856@gmail.com' AIRFLOW_CTX_DAG_OWNER='***' AIRFLOW_CTX_DAG_ID='crawl_etl_itjob' AIRFLOW_CTX_TASK_ID='build_gold' AIRFLOW_CTX_EXECUTION_DATE='2026-04-26T02:00:00+00:00' AIRFLOW_CTX_TRY_NUMBER='1' AIRFLOW_CTX_DAG_RUN_ID='scheduled__2026-04-26T02:00:00+00:00'
[2026-04-27T08:56:51.148+0000] {taskinstance.py:732} INFO - ::endgroup::
[2026-04-27T08:56:51.158+0000] {subprocess.py:78} INFO - Tmp dir root location: /tmp
[2026-04-27T08:56:51.159+0000] {subprocess.py:88} INFO - Running command: ['/bin/bash', '-c', "\n        docker exec spark-submit bash -c '\n        /opt/spark/bin/spark-submit         --master spark://spark-master:7077         --deploy-mode client         --packages org.apache.iceberg:iceberg-spark-runtime-3.5_2.12:1.5.0,org.apache.hadoop:hadoop-aws:3.3.4,com.amazonaws:aws-java-sdk-bundle:1.12.262         /opt/spark/scripts/Build_Gold.py\n        '\n        "]
[2026-04-27T08:56:51.168+0000] {subprocess.py:99} INFO - Output:
[2026-04-27T08:56:53.197+0000] {subprocess.py:106} INFO - :: loading settings :: url = jar:file:/opt/spark/jars/ivy-2.5.1.jar!/org/apache/ivy/core/settings/ivysettings.xml
[2026-04-27T08:56:53.289+0000] {subprocess.py:106} INFO - Ivy Default Cache set to: /home/spark/.ivy2/cache
[2026-04-27T08:56:53.290+0000] {subprocess.py:106} INFO - The jars for the packages stored in: /home/spark/.ivy2/jars
[2026-04-27T08:56:53.297+0000] {subprocess.py:106} INFO - org.apache.iceberg#iceberg-spark-runtime-3.5_2.12 added as a dependency
[2026-04-27T08:56:53.297+0000] {subprocess.py:106} INFO - org.apache.hadoop#hadoop-aws added as a dependency
[2026-04-27T08:56:53.298+0000] {subprocess.py:106} INFO - com.amazonaws#aws-java-sdk-bundle added as a dependency
[2026-04-27T08:56:53.298+0000] {subprocess.py:106} INFO - :: resolving dependencies :: org.apache.spark#spark-submit-parent-a6922f88-6f46-4111-a378-c13c481581bf;1.0
[2026-04-27T08:56:53.299+0000] {subprocess.py:106} INFO - 	confs: [default]
[2026-04-27T08:56:53.404+0000] {subprocess.py:106} INFO - 	found org.apache.iceberg#iceberg-spark-runtime-3.5_2.12;1.5.0 in central
[2026-04-27T08:56:53.501+0000] {subprocess.py:106} INFO - 	found org.apache.hadoop#hadoop-aws;3.3.4 in central
[2026-04-27T08:56:53.569+0000] {subprocess.py:106} INFO - 	found com.amazonaws#aws-java-sdk-bundle;1.12.262 in central
[2026-04-27T08:56:53.601+0000] {subprocess.py:106} INFO - 	found org.wildfly.openssl#wildfly-openssl;1.0.7.Final in central
[2026-04-27T08:56:53.633+0000] {subprocess.py:106} INFO - :: resolution report :: resolve 323ms :: artifacts dl 13ms
[2026-04-27T08:56:53.634+0000] {subprocess.py:106} INFO - 	:: modules in use:
[2026-04-27T08:56:53.635+0000] {subprocess.py:106} INFO - 	com.amazonaws#aws-java-sdk-bundle;1.12.262 from central in [default]
[2026-04-27T08:56:53.636+0000] {subprocess.py:106} INFO - 	org.apache.hadoop#hadoop-aws;3.3.4 from central in [default]
[2026-04-27T08:56:53.637+0000] {subprocess.py:106} INFO - 	org.apache.iceberg#iceberg-spark-runtime-3.5_2.12;1.5.0 from central in [default]
[2026-04-27T08:56:53.638+0000] {subprocess.py:106} INFO - 	org.wildfly.openssl#wildfly-openssl;1.0.7.Final from central in [default]
[2026-04-27T08:56:53.638+0000] {subprocess.py:106} INFO - 	---------------------------------------------------------------------
[2026-04-27T08:56:53.642+0000] {subprocess.py:106} INFO - 	|                  |            modules            ||   artifacts   |
[2026-04-27T08:56:53.642+0000] {subprocess.py:106} INFO - 	|       conf       | number| search|dwnlded|evicted|| number|dwnlded|
[2026-04-27T08:56:53.643+0000] {subprocess.py:106} INFO - 	---------------------------------------------------------------------
[2026-04-27T08:56:53.644+0000] {subprocess.py:106} INFO - 	|      default     |   4   |   0   |   0   |   0   ||   4   |   0   |
[2026-04-27T08:56:53.644+0000] {subprocess.py:106} INFO - 	---------------------------------------------------------------------
[2026-04-27T08:56:53.646+0000] {subprocess.py:106} INFO - :: retrieving :: org.apache.spark#spark-submit-parent-a6922f88-6f46-4111-a378-c13c481581bf
[2026-04-27T08:56:53.647+0000] {subprocess.py:106} INFO - 	confs: [default]
[2026-04-27T08:56:53.655+0000] {subprocess.py:106} INFO - 	0 artifacts copied, 4 already retrieved (0kB/9ms)
[2026-04-27T08:56:53.924+0000] {subprocess.py:106} INFO - 26/04/27 08:56:53 WARN NativeCodeLoader: Unable to load native-hadoop library for your platform... using builtin-java classes where applicable
[2026-04-27T08:56:55.278+0000] {subprocess.py:106} INFO - 26/04/27 08:56:55 INFO SparkContext: Running Spark version 3.5.3
[2026-04-27T08:56:55.280+0000] {subprocess.py:106} INFO - 26/04/27 08:56:55 INFO SparkContext: OS info Linux, 6.6.87.2-microsoft-standard-WSL2, amd64
[2026-04-27T08:56:55.281+0000] {subprocess.py:106} INFO - 26/04/27 08:56:55 INFO SparkContext: Java version 11.0.24
[2026-04-27T08:56:55.324+0000] {subprocess.py:106} INFO - 26/04/27 08:56:55 INFO ResourceUtils: ==============================================================
[2026-04-27T08:56:55.325+0000] {subprocess.py:106} INFO - 26/04/27 08:56:55 INFO ResourceUtils: No custom resources configured for spark.driver.
[2026-04-27T08:56:55.326+0000] {subprocess.py:106} INFO - 26/04/27 08:56:55 INFO ResourceUtils: ==============================================================
[2026-04-27T08:56:55.327+0000] {subprocess.py:106} INFO - 26/04/27 08:56:55 INFO SparkContext: Submitted application: Build_Gold_Layer_Star_Schema
[2026-04-27T08:56:55.359+0000] {subprocess.py:106} INFO - 26/04/27 08:56:55 INFO ResourceProfile: Default ResourceProfile created, executor resources: Map(memory -> name: memory, amount: 1024, script: , vendor: , offHeap -> name: offHeap, amount: 0, script: , vendor: ), task resources: Map(cpus -> name: cpus, amount: 1.0)
[2026-04-27T08:56:55.371+0000] {subprocess.py:106} INFO - 26/04/27 08:56:55 INFO ResourceProfile: Limiting resource is cpu
[2026-04-27T08:56:55.372+0000] {subprocess.py:106} INFO - 26/04/27 08:56:55 INFO ResourceProfileManager: Added ResourceProfile id: 0
[2026-04-27T08:56:55.443+0000] {subprocess.py:106} INFO - 26/04/27 08:56:55 INFO SecurityManager: Changing view acls to: spark
[2026-04-27T08:56:55.445+0000] {subprocess.py:106} INFO - 26/04/27 08:56:55 INFO SecurityManager: Changing modify acls to: spark
[2026-04-27T08:56:55.448+0000] {subprocess.py:106} INFO - 26/04/27 08:56:55 INFO SecurityManager: Changing view acls groups to:
[2026-04-27T08:56:55.450+0000] {subprocess.py:106} INFO - 26/04/27 08:56:55 INFO SecurityManager: Changing modify acls groups to:
[2026-04-27T08:56:55.450+0000] {subprocess.py:106} INFO - 26/04/27 08:56:55 INFO SecurityManager: SecurityManager: authentication disabled; ui acls disabled; users with view permissions: spark; groups with view permissions: EMPTY; users with modify permissions: spark; groups with modify permissions: EMPTY
[2026-04-27T08:56:55.686+0000] {subprocess.py:106} INFO - 26/04/27 08:56:55 INFO Utils: Successfully started service 'sparkDriver' on port 40221.
[2026-04-27T08:56:55.709+0000] {subprocess.py:106} INFO - 26/04/27 08:56:55 INFO SparkEnv: Registering MapOutputTracker
[2026-04-27T08:56:55.734+0000] {subprocess.py:106} INFO - 26/04/27 08:56:55 INFO SparkEnv: Registering BlockManagerMaster
[2026-04-27T08:56:55.748+0000] {subprocess.py:106} INFO - 26/04/27 08:56:55 INFO BlockManagerMasterEndpoint: Using org.apache.spark.storage.DefaultTopologyMapper for getting topology information
[2026-04-27T08:56:55.748+0000] {subprocess.py:106} INFO - 26/04/27 08:56:55 INFO BlockManagerMasterEndpoint: BlockManagerMasterEndpoint up
[2026-04-27T08:56:55.752+0000] {subprocess.py:106} INFO - 26/04/27 08:56:55 INFO SparkEnv: Registering BlockManagerMasterHeartbeat
[2026-04-27T08:56:55.774+0000] {subprocess.py:106} INFO - 26/04/27 08:56:55 INFO DiskBlockManager: Created local directory at /tmp/blockmgr-3fc563c1-14c6-4704-9626-e4c7529709e7
[2026-04-27T08:56:55.786+0000] {subprocess.py:106} INFO - 26/04/27 08:56:55 INFO MemoryStore: MemoryStore started with capacity 434.4 MiB
[2026-04-27T08:56:55.802+0000] {subprocess.py:106} INFO - 26/04/27 08:56:55 INFO SparkEnv: Registering OutputCommitCoordinator
[2026-04-27T08:56:55.934+0000] {subprocess.py:106} INFO - 26/04/27 08:56:55 INFO JettyUtils: Start Jetty 0.0.0.0:4040 for SparkUI
[2026-04-27T08:56:55.986+0000] {subprocess.py:106} INFO - 26/04/27 08:56:55 INFO Utils: Successfully started service 'SparkUI' on port 4040.
[2026-04-27T08:56:56.037+0000] {subprocess.py:106} INFO - 26/04/27 08:56:56 INFO SparkContext: Added JAR file:///home/spark/.ivy2/jars/org.apache.iceberg_iceberg-spark-runtime-3.5_2.12-1.5.0.jar at spark://c05002f484b8:40221/jars/org.apache.iceberg_iceberg-spark-runtime-3.5_2.12-1.5.0.jar with timestamp 1777280215253
[2026-04-27T08:56:56.038+0000] {subprocess.py:106} INFO - 26/04/27 08:56:56 INFO SparkContext: Added JAR file:///home/spark/.ivy2/jars/org.apache.hadoop_hadoop-aws-3.3.4.jar at spark://c05002f484b8:40221/jars/org.apache.hadoop_hadoop-aws-3.3.4.jar with timestamp 1777280215253
[2026-04-27T08:56:56.039+0000] {subprocess.py:106} INFO - 26/04/27 08:56:56 INFO SparkContext: Added JAR file:///home/spark/.ivy2/jars/com.amazonaws_aws-java-sdk-bundle-1.12.262.jar at spark://c05002f484b8:40221/jars/com.amazonaws_aws-java-sdk-bundle-1.12.262.jar with timestamp 1777280215253
[2026-04-27T08:56:56.039+0000] {subprocess.py:106} INFO - 26/04/27 08:56:56 INFO SparkContext: Added JAR file:///home/spark/.ivy2/jars/org.wildfly.openssl_wildfly-openssl-1.0.7.Final.jar at spark://c05002f484b8:40221/jars/org.wildfly.openssl_wildfly-openssl-1.0.7.Final.jar with timestamp 1777280215253
[2026-04-27T08:56:56.044+0000] {subprocess.py:106} INFO - 26/04/27 08:56:56 INFO SparkContext: Added file file:///home/spark/.ivy2/jars/org.apache.iceberg_iceberg-spark-runtime-3.5_2.12-1.5.0.jar at spark://c05002f484b8:40221/files/org.apache.iceberg_iceberg-spark-runtime-3.5_2.12-1.5.0.jar with timestamp 1777280215253
[2026-04-27T08:56:56.046+0000] {subprocess.py:106} INFO - 26/04/27 08:56:56 INFO Utils: Copying /home/spark/.ivy2/jars/org.apache.iceberg_iceberg-spark-runtime-3.5_2.12-1.5.0.jar to /tmp/spark-e062c757-1ea7-41a9-9e6a-624d7075ce8a/userFiles-fb8bf13f-f2df-4676-9143-cddd5f2b0f4a/org.apache.iceberg_iceberg-spark-runtime-3.5_2.12-1.5.0.jar
[2026-04-27T08:56:56.109+0000] {subprocess.py:106} INFO - 26/04/27 08:56:56 INFO SparkContext: Added file file:///home/spark/.ivy2/jars/org.apache.hadoop_hadoop-aws-3.3.4.jar at spark://c05002f484b8:40221/files/org.apache.hadoop_hadoop-aws-3.3.4.jar with timestamp 1777280215253
[2026-04-27T08:56:56.110+0000] {subprocess.py:106} INFO - 26/04/27 08:56:56 INFO Utils: Copying /home/spark/.ivy2/jars/org.apache.hadoop_hadoop-aws-3.3.4.jar to /tmp/spark-e062c757-1ea7-41a9-9e6a-624d7075ce8a/userFiles-fb8bf13f-f2df-4676-9143-cddd5f2b0f4a/org.apache.hadoop_hadoop-aws-3.3.4.jar
[2026-04-27T08:56:56.114+0000] {subprocess.py:106} INFO - 26/04/27 08:56:56 INFO SparkContext: Added file file:///home/spark/.ivy2/jars/com.amazonaws_aws-java-sdk-bundle-1.12.262.jar at spark://c05002f484b8:40221/files/com.amazonaws_aws-java-sdk-bundle-1.12.262.jar with timestamp 1777280215253
[2026-04-27T08:56:56.114+0000] {subprocess.py:106} INFO - 26/04/27 08:56:56 INFO Utils: Copying /home/spark/.ivy2/jars/com.amazonaws_aws-java-sdk-bundle-1.12.262.jar to /tmp/spark-e062c757-1ea7-41a9-9e6a-624d7075ce8a/userFiles-fb8bf13f-f2df-4676-9143-cddd5f2b0f4a/com.amazonaws_aws-java-sdk-bundle-1.12.262.jar
[2026-04-27T08:56:56.307+0000] {subprocess.py:106} INFO - 26/04/27 08:56:56 INFO SparkContext: Added file file:///home/spark/.ivy2/jars/org.wildfly.openssl_wildfly-openssl-1.0.7.Final.jar at spark://c05002f484b8:40221/files/org.wildfly.openssl_wildfly-openssl-1.0.7.Final.jar with timestamp 1777280215253
[2026-04-27T08:56:56.307+0000] {subprocess.py:106} INFO - 26/04/27 08:56:56 INFO Utils: Copying /home/spark/.ivy2/jars/org.wildfly.openssl_wildfly-openssl-1.0.7.Final.jar to /tmp/spark-e062c757-1ea7-41a9-9e6a-624d7075ce8a/userFiles-fb8bf13f-f2df-4676-9143-cddd5f2b0f4a/org.wildfly.openssl_wildfly-openssl-1.0.7.Final.jar
[2026-04-27T08:56:56.368+0000] {subprocess.py:106} INFO - 26/04/27 08:56:56 INFO StandaloneAppClient$ClientEndpoint: Connecting to master spark://spark-master:7077...
[2026-04-27T08:56:56.412+0000] {subprocess.py:106} INFO - 26/04/27 08:56:56 INFO TransportClientFactory: Successfully created connection to spark-master/172.30.0.6:7077 after 27 ms (0 ms spent in bootstraps)
[2026-04-27T08:56:56.495+0000] {subprocess.py:106} INFO - 26/04/27 08:56:56 INFO StandaloneSchedulerBackend: Connected to Spark cluster with app ID app-20260427085656-0005
[2026-04-27T08:56:56.499+0000] {subprocess.py:106} INFO - 26/04/27 08:56:56 INFO StandaloneAppClient$ClientEndpoint: Executor added: app-20260427085656-0005/0 on worker-20260427075702-172.30.0.8-43135 (172.30.0.8:43135) with 1 core(s)
[2026-04-27T08:56:56.504+0000] {subprocess.py:106} INFO - 26/04/27 08:56:56 INFO StandaloneSchedulerBackend: Granted executor ID app-20260427085656-0005/0 on hostPort 172.30.0.8:43135 with 1 core(s), 1024.0 MiB RAM
[2026-04-27T08:56:56.506+0000] {subprocess.py:106} INFO - 26/04/27 08:56:56 INFO Utils: Successfully started service 'org.apache.spark.network.netty.NettyBlockTransferService' on port 40113.
[2026-04-27T08:56:56.509+0000] {subprocess.py:106} INFO - 26/04/27 08:56:56 INFO NettyBlockTransferService: Server created on c05002f484b8:40113
[2026-04-27T08:56:56.509+0000] {subprocess.py:106} INFO - 26/04/27 08:56:56 INFO BlockManager: Using org.apache.spark.storage.RandomBlockReplicationPolicy for block replication policy
[2026-04-27T08:56:56.514+0000] {subprocess.py:106} INFO - 26/04/27 08:56:56 INFO BlockManagerMaster: Registering BlockManager BlockManagerId(driver, c05002f484b8, 40113, None)
[2026-04-27T08:56:56.518+0000] {subprocess.py:106} INFO - 26/04/27 08:56:56 INFO BlockManagerMasterEndpoint: Registering block manager c05002f484b8:40113 with 434.4 MiB RAM, BlockManagerId(driver, c05002f484b8, 40113, None)
[2026-04-27T08:56:56.520+0000] {subprocess.py:106} INFO - 26/04/27 08:56:56 INFO BlockManagerMaster: Registered BlockManager BlockManagerId(driver, c05002f484b8, 40113, None)
[2026-04-27T08:56:56.522+0000] {subprocess.py:106} INFO - 26/04/27 08:56:56 INFO BlockManager: Initialized BlockManager: BlockManagerId(driver, c05002f484b8, 40113, None)
[2026-04-27T08:56:56.557+0000] {subprocess.py:106} INFO - 26/04/27 08:56:56 INFO StandaloneAppClient$ClientEndpoint: Executor updated: app-20260427085656-0005/0 is now RUNNING
[2026-04-27T08:56:56.773+0000] {subprocess.py:106} INFO - 26/04/27 08:56:56 INFO StandaloneSchedulerBackend: SchedulerBackend is ready for scheduling beginning after reached minRegisteredResourcesRatio: 0.0
[2026-04-27T08:56:57.029+0000] {subprocess.py:106} INFO - 26/04/27 08:56:57 INFO SharedState: Setting hive.metastore.warehouse.dir ('null') to the value of spark.sql.warehouse.dir.
[2026-04-27T08:56:57.030+0000] {subprocess.py:106} INFO - 26/04/27 08:56:57 INFO SharedState: Warehouse path is 'file:/opt/spark/work-dir/spark-warehouse'.
[2026-04-27T08:56:59.825+0000] {subprocess.py:106} INFO - 26/04/27 08:56:59 INFO StandaloneSchedulerBackend$StandaloneDriverEndpoint: Registered executor NettyRpcEndpointRef(spark-client://Executor) (172.30.0.8:49000) with ID 0,  ResourceProfileId 0
[2026-04-27T08:56:59.926+0000] {subprocess.py:106} INFO - 26/04/27 08:56:59 INFO BlockManagerMasterEndpoint: Registering block manager 172.30.0.8:33469 with 434.4 MiB RAM, BlockManagerId(0, 172.30.0.8, 33469, None)
[2026-04-27T08:57:00.312+0000] {subprocess.py:106} INFO - 26/04/27 08:57:00 INFO HiveConf: Found configuration file null
[2026-04-27T08:57:00.522+0000] {subprocess.py:106} INFO - 26/04/27 08:57:00 INFO metastore: Trying to connect to metastore with URI thrift://hive-metastore:9083
[2026-04-27T08:57:00.545+0000] {subprocess.py:106} INFO - 26/04/27 08:57:00 INFO metastore: Opened a connection to metastore, current connections: 1
[2026-04-27T08:57:01.177+0000] {subprocess.py:106} INFO - 26/04/27 08:57:01 INFO metastore: Connected to metastore.
[2026-04-27T08:57:01.297+0000] {subprocess.py:106} INFO - >>> Dropping existing GOLD tables for Full Refresh...
[2026-04-27T08:57:01.606+0000] {subprocess.py:106} INFO - 26/04/27 08:57:01 INFO BaseMetastoreTableOperations: Refreshing table metadata from new version: s3a://warehouse/iceberg_data/gold.db/fact_job_posting/metadata/00000-3b3478bd-4baa-42f7-8cd4-a32a0d1b8cb3.metadata.json
[2026-04-27T08:57:01.854+0000] {subprocess.py:106} INFO - 26/04/27 08:57:01 WARN MetricsConfig: Cannot locate configuration: tried hadoop-metrics2-s3a-file-system.properties,hadoop-metrics2.properties
[2026-04-27T08:57:01.885+0000] {subprocess.py:106} INFO - 26/04/27 08:57:01 INFO MetricsSystemImpl: Scheduled Metric snapshot period at 10 second(s).
[2026-04-27T08:57:01.887+0000] {subprocess.py:106} INFO - 26/04/27 08:57:01 INFO MetricsSystemImpl: s3a-file-system metrics system started
[2026-04-27T08:57:04.970+0000] {subprocess.py:106} INFO - 26/04/27 08:57:04 INFO BaseMetastoreCatalog: Table loaded by catalog: iceberg.gold.fact_job_posting
[2026-04-27T08:57:05.413+0000] {subprocess.py:106} INFO - 26/04/27 08:57:05 INFO HiveCatalog: Dropped table: gold.fact_job_posting
[2026-04-27T08:57:05.471+0000] {subprocess.py:106} INFO - 26/04/27 08:57:05 INFO BaseMetastoreTableOperations: Refreshing table metadata from new version: s3a://warehouse/iceberg_data/gold.db/dim_skill/metadata/00000-f0a46f16-e053-4d24-9c32-4a1af3717ad4.metadata.json
[2026-04-27T08:57:05.504+0000] {subprocess.py:106} INFO - 26/04/27 08:57:05 INFO BaseMetastoreCatalog: Table loaded by catalog: iceberg.gold.dim_skill
[2026-04-27T08:57:05.597+0000] {subprocess.py:106} INFO - 26/04/27 08:57:05 INFO HiveCatalog: Dropped table: gold.dim_skill
[2026-04-27T08:57:05.639+0000] {subprocess.py:106} INFO - 26/04/27 08:57:05 INFO BaseMetastoreTableOperations: Refreshing table metadata from new version: s3a://warehouse/iceberg_data/gold.db/dim_location/metadata/00000-d3a95f01-e4d4-4f42-9c02-75d5958dd633.metadata.json
[2026-04-27T08:57:05.668+0000] {subprocess.py:106} INFO - 26/04/27 08:57:05 INFO BaseMetastoreCatalog: Table loaded by catalog: iceberg.gold.dim_location
[2026-04-27T08:57:05.755+0000] {subprocess.py:106} INFO - 26/04/27 08:57:05 INFO HiveCatalog: Dropped table: gold.dim_location
[2026-04-27T08:57:05.790+0000] {subprocess.py:106} INFO - 26/04/27 08:57:05 INFO BaseMetastoreTableOperations: Refreshing table metadata from new version: s3a://warehouse/iceberg_data/gold.db/dim_company/metadata/00000-9e38581f-a50e-4dac-b19e-2f4a8f1815f6.metadata.json
[2026-04-27T08:57:05.815+0000] {subprocess.py:106} INFO - 26/04/27 08:57:05 INFO BaseMetastoreCatalog: Table loaded by catalog: iceberg.gold.dim_company
[2026-04-27T08:57:05.911+0000] {subprocess.py:106} INFO - 26/04/27 08:57:05 INFO HiveCatalog: Dropped table: gold.dim_company
[2026-04-27T08:57:05.957+0000] {subprocess.py:106} INFO - 26/04/27 08:57:05 INFO BaseMetastoreTableOperations: Refreshing table metadata from new version: s3a://warehouse/iceberg_data/gold.db/dim_date/metadata/00000-fbacc798-092e-4b22-8541-4f98b629a6f1.metadata.json
[2026-04-27T08:57:05.989+0000] {subprocess.py:106} INFO - 26/04/27 08:57:05 INFO BaseMetastoreCatalog: Table loaded by catalog: iceberg.gold.dim_date
[2026-04-27T08:57:06.120+0000] {subprocess.py:106} INFO - 26/04/27 08:57:06 INFO HiveCatalog: Dropped table: gold.dim_date
[2026-04-27T08:57:06.162+0000] {subprocess.py:106} INFO - 26/04/27 08:57:06 INFO BaseMetastoreTableOperations: Refreshing table metadata from new version: s3a://warehouse/iceberg_data/gold.db/dim_work_mode/metadata/00000-2e4932e3-4d14-4f68-95cf-9d5c2fbc2beb.metadata.json
[2026-04-27T08:57:06.215+0000] {subprocess.py:106} INFO - 26/04/27 08:57:06 INFO BaseMetastoreCatalog: Table loaded by catalog: iceberg.gold.dim_work_mode
[2026-04-27T08:57:06.330+0000] {subprocess.py:106} INFO - 26/04/27 08:57:06 INFO HiveCatalog: Dropped table: gold.dim_work_mode
[2026-04-27T08:57:06.375+0000] {subprocess.py:106} INFO - 26/04/27 08:57:06 INFO BaseMetastoreTableOperations: Refreshing table metadata from new version: s3a://warehouse/iceberg_data/gold.db/dim_job_category/metadata/00000-44357b61-9387-4112-8891-924efbd75683.metadata.json
[2026-04-27T08:57:06.425+0000] {subprocess.py:106} INFO - 26/04/27 08:57:06 INFO BaseMetastoreCatalog: Table loaded by catalog: iceberg.gold.dim_job_category
[2026-04-27T08:57:06.620+0000] {subprocess.py:106} INFO - 26/04/27 08:57:06 INFO HiveCatalog: Dropped table: gold.dim_job_category
[2026-04-27T08:57:06.622+0000] {subprocess.py:106} INFO - >>> Reading Silver Data from iceberg.silver.it_jobs_clean...
[2026-04-27T08:57:06.675+0000] {subprocess.py:106} INFO - 26/04/27 08:57:06 INFO BaseMetastoreTableOperations: Refreshing table metadata from new version: s3a://warehouse/iceberg_data/silver.db/it_jobs_clean/metadata/00002-20ef61c5-c1ce-4db5-b359-400b39612129.metadata.json
[2026-04-27T08:57:06.731+0000] {subprocess.py:106} INFO - 26/04/27 08:57:06 INFO BaseMetastoreCatalog: Table loaded by catalog: iceberg.silver.it_jobs_clean
[2026-04-27T08:57:07.168+0000] {subprocess.py:106} INFO - 26/04/27 08:57:07 INFO SnapshotScan: Scanning table iceberg.silver.it_jobs_clean snapshot 5214283704870780580 created at 2026-04-27T08:56:48.691+00:00 with filter true
[2026-04-27T08:57:07.419+0000] {subprocess.py:106} INFO - 26/04/27 08:57:07 INFO BaseDistributedDataScan: Planning file tasks locally for table iceberg.silver.it_jobs_clean
[2026-04-27T08:57:07.593+0000] {subprocess.py:106} INFO - 26/04/27 08:57:07 INFO V2ScanRelationPushDown:
[2026-04-27T08:57:07.594+0000] {subprocess.py:106} INFO - Pushing operators to iceberg.silver.it_jobs_clean
[2026-04-27T08:57:07.595+0000] {subprocess.py:106} INFO - Pushed Aggregate Functions:
[2026-04-27T08:57:07.596+0000] {subprocess.py:106} INFO -  COUNT(*)
[2026-04-27T08:57:07.596+0000] {subprocess.py:106} INFO - Pushed Group by:
[2026-04-27T08:57:07.597+0000] {subprocess.py:106} INFO - 
[2026-04-27T08:57:07.597+0000] {subprocess.py:106} INFO - 
[2026-04-27T08:57:08.793+0000] {subprocess.py:106} INFO - 26/04/27 08:57:08 INFO CodeGenerator: Code generated in 402.018167 ms
[2026-04-27T08:57:08.835+0000] {subprocess.py:106} INFO - 26/04/27 08:57:08 INFO CodeGenerator: Code generated in 26.482103 ms
[2026-04-27T08:57:08.940+0000] {subprocess.py:106} INFO - 26/04/27 08:57:08 INFO DAGScheduler: Registering RDD 2 (count at <unknown>:0) as input to shuffle 0
[2026-04-27T08:57:08.946+0000] {subprocess.py:106} INFO - 26/04/27 08:57:08 INFO DAGScheduler: Got map stage job 0 (count at <unknown>:0) with 1 output partitions
[2026-04-27T08:57:08.947+0000] {subprocess.py:106} INFO - 26/04/27 08:57:08 INFO DAGScheduler: Final stage: ShuffleMapStage 0 (count at <unknown>:0)
[2026-04-27T08:57:08.948+0000] {subprocess.py:106} INFO - 26/04/27 08:57:08 INFO DAGScheduler: Parents of final stage: List()
[2026-04-27T08:57:08.952+0000] {subprocess.py:106} INFO - 26/04/27 08:57:08 INFO DAGScheduler: Missing parents: List()
[2026-04-27T08:57:08.957+0000] {subprocess.py:106} INFO - 26/04/27 08:57:08 INFO DAGScheduler: Submitting ShuffleMapStage 0 (MapPartitionsRDD[2] at count at <unknown>:0), which has no missing parents
[2026-04-27T08:57:09.080+0000] {subprocess.py:106} INFO - 26/04/27 08:57:09 INFO MemoryStore: Block broadcast_0 stored as values in memory (estimated size 12.6 KiB, free 434.4 MiB)
[2026-04-27T08:57:09.125+0000] {subprocess.py:106} INFO - 26/04/27 08:57:09 INFO MemoryStore: Block broadcast_0_piece0 stored as bytes in memory (estimated size 6.2 KiB, free 434.4 MiB)
[2026-04-27T08:57:09.129+0000] {subprocess.py:106} INFO - 26/04/27 08:57:09 INFO BlockManagerInfo: Added broadcast_0_piece0 in memory on c05002f484b8:40113 (size: 6.2 KiB, free: 434.4 MiB)
[2026-04-27T08:57:09.135+0000] {subprocess.py:106} INFO - 26/04/27 08:57:09 INFO SparkContext: Created broadcast 0 from broadcast at DAGScheduler.scala:1585
[2026-04-27T08:57:09.164+0000] {subprocess.py:106} INFO - 26/04/27 08:57:09 INFO DAGScheduler: Submitting 1 missing tasks from ShuffleMapStage 0 (MapPartitionsRDD[2] at count at <unknown>:0) (first 15 tasks are for partitions Vector(0))
[2026-04-27T08:57:09.165+0000] {subprocess.py:106} INFO - 26/04/27 08:57:09 INFO TaskSchedulerImpl: Adding task set 0.0 with 1 tasks resource profile 0
[2026-04-27T08:57:09.202+0000] {subprocess.py:106} INFO - 26/04/27 08:57:09 INFO TaskSetManager: Starting task 0.0 in stage 0.0 (TID 0) (172.30.0.8, executor 0, partition 0, PROCESS_LOCAL, 10137 bytes)
[2026-04-27T08:57:09.447+0000] {subprocess.py:106} INFO - 26/04/27 08:57:09 INFO BlockManagerInfo: Added broadcast_0_piece0 in memory on 172.30.0.8:33469 (size: 6.2 KiB, free: 434.4 MiB)
[2026-04-27T08:57:10.502+0000] {subprocess.py:106} INFO - 26/04/27 08:57:10 INFO TaskSetManager: Finished task 0.0 in stage 0.0 (TID 0) in 1315 ms on 172.30.0.8 (executor 0) (1/1)
[2026-04-27T08:57:10.505+0000] {subprocess.py:106} INFO - 26/04/27 08:57:10 INFO TaskSchedulerImpl: Removed TaskSet 0.0, whose tasks have all completed, from pool
[2026-04-27T08:57:10.514+0000] {subprocess.py:106} INFO - 26/04/27 08:57:10 INFO DAGScheduler: ShuffleMapStage 0 (count at <unknown>:0) finished in 1.540 s
[2026-04-27T08:57:10.515+0000] {subprocess.py:106} INFO - 26/04/27 08:57:10 INFO DAGScheduler: looking for newly runnable stages
[2026-04-27T08:57:10.515+0000] {subprocess.py:106} INFO - 26/04/27 08:57:10 INFO DAGScheduler: running: Set()
[2026-04-27T08:57:10.521+0000] {subprocess.py:106} INFO - 26/04/27 08:57:10 INFO DAGScheduler: waiting: Set()
[2026-04-27T08:57:10.522+0000] {subprocess.py:106} INFO - 26/04/27 08:57:10 INFO DAGScheduler: failed: Set()
[2026-04-27T08:57:10.566+0000] {subprocess.py:106} INFO - 26/04/27 08:57:10 INFO CodeGenerator: Code generated in 13.522926 ms
[2026-04-27T08:57:10.617+0000] {subprocess.py:106} INFO - 26/04/27 08:57:10 INFO SparkContext: Starting job: count at <unknown>:0
[2026-04-27T08:57:10.622+0000] {subprocess.py:106} INFO - 26/04/27 08:57:10 INFO DAGScheduler: Got job 1 (count at <unknown>:0) with 1 output partitions
[2026-04-27T08:57:10.623+0000] {subprocess.py:106} INFO - 26/04/27 08:57:10 INFO DAGScheduler: Final stage: ResultStage 2 (count at <unknown>:0)
[2026-04-27T08:57:10.624+0000] {subprocess.py:106} INFO - 26/04/27 08:57:10 INFO DAGScheduler: Parents of final stage: List(ShuffleMapStage 1)
[2026-04-27T08:57:10.625+0000] {subprocess.py:106} INFO - 26/04/27 08:57:10 INFO DAGScheduler: Missing parents: List()
[2026-04-27T08:57:10.629+0000] {subprocess.py:106} INFO - 26/04/27 08:57:10 INFO DAGScheduler: Submitting ResultStage 2 (MapPartitionsRDD[5] at count at <unknown>:0), which has no missing parents
[2026-04-27T08:57:10.642+0000] {subprocess.py:106} INFO - 26/04/27 08:57:10 INFO MemoryStore: Block broadcast_1 stored as values in memory (estimated size 13.7 KiB, free 434.4 MiB)
[2026-04-27T08:57:10.656+0000] {subprocess.py:106} INFO - 26/04/27 08:57:10 INFO MemoryStore: Block broadcast_1_piece0 stored as bytes in memory (estimated size 6.3 KiB, free 434.4 MiB)
[2026-04-27T08:57:10.660+0000] {subprocess.py:106} INFO - 26/04/27 08:57:10 INFO BlockManagerInfo: Added broadcast_1_piece0 in memory on c05002f484b8:40113 (size: 6.3 KiB, free: 434.4 MiB)
[2026-04-27T08:57:10.661+0000] {subprocess.py:106} INFO - 26/04/27 08:57:10 INFO SparkContext: Created broadcast 1 from broadcast at DAGScheduler.scala:1585
[2026-04-27T08:57:10.662+0000] {subprocess.py:106} INFO - 26/04/27 08:57:10 INFO DAGScheduler: Submitting 1 missing tasks from ResultStage 2 (MapPartitionsRDD[5] at count at <unknown>:0) (first 15 tasks are for partitions Vector(0))
[2026-04-27T08:57:10.663+0000] {subprocess.py:106} INFO - 26/04/27 08:57:10 INFO TaskSchedulerImpl: Adding task set 2.0 with 1 tasks resource profile 0
[2026-04-27T08:57:10.674+0000] {subprocess.py:106} INFO - 26/04/27 08:57:10 INFO TaskSetManager: Starting task 0.0 in stage 2.0 (TID 1) (172.30.0.8, executor 0, partition 0, NODE_LOCAL, 9976 bytes)
[2026-04-27T08:57:10.705+0000] {subprocess.py:106} INFO - 26/04/27 08:57:10 INFO BlockManagerInfo: Removed broadcast_0_piece0 on c05002f484b8:40113 in memory (size: 6.2 KiB, free: 434.4 MiB)
[2026-04-27T08:57:10.727+0000] {subprocess.py:106} INFO - 26/04/27 08:57:10 INFO BlockManagerInfo: Removed broadcast_0_piece0 on 172.30.0.8:33469 in memory (size: 6.2 KiB, free: 434.4 MiB)
[2026-04-27T08:57:10.733+0000] {subprocess.py:106} INFO - 26/04/27 08:57:10 INFO BlockManagerInfo: Added broadcast_1_piece0 in memory on 172.30.0.8:33469 (size: 6.3 KiB, free: 434.4 MiB)
[2026-04-27T08:57:10.856+0000] {subprocess.py:106} INFO - 26/04/27 08:57:10 INFO MapOutputTrackerMasterEndpoint: Asked to send map output locations for shuffle 0 to 172.30.0.8:49000
[2026-04-27T08:57:11.060+0000] {subprocess.py:106} INFO - 26/04/27 08:57:11 INFO TaskSetManager: Finished task 0.0 in stage 2.0 (TID 1) in 386 ms on 172.30.0.8 (executor 0) (1/1)
[2026-04-27T08:57:11.069+0000] {subprocess.py:106} INFO - 26/04/27 08:57:11 INFO TaskSchedulerImpl: Removed TaskSet 2.0, whose tasks have all completed, from pool
[2026-04-27T08:57:11.070+0000] {subprocess.py:106} INFO - 26/04/27 08:57:11 INFO DAGScheduler: ResultStage 2 (count at <unknown>:0) finished in 0.423 s
[2026-04-27T08:57:11.070+0000] {subprocess.py:106} INFO - 26/04/27 08:57:11 INFO DAGScheduler: Job 1 is finished. Cancelling potential speculative or zombie tasks for this job
[2026-04-27T08:57:11.071+0000] {subprocess.py:106} INFO - 26/04/27 08:57:11 INFO TaskSchedulerImpl: Killing all running tasks in stage 2: Stage finished
[2026-04-27T08:57:11.076+0000] {subprocess.py:106} INFO - 26/04/27 08:57:11 INFO DAGScheduler: Job 1 finished: count at <unknown>:0, took 0.454754 s
[2026-04-27T08:57:11.086+0000] {subprocess.py:106} INFO - >>> Loaded Silver Data: 13926 records.
[2026-04-27T08:57:11.087+0000] {subprocess.py:106} INFO - >>> Building DIM_SKILL...
[2026-04-27T08:57:11.541+0000] {subprocess.py:106} INFO - 26/04/27 08:57:11 INFO BaseMetastoreCatalog: Table properties set at catalog level through catalog properties: {}
[2026-04-27T08:57:11.552+0000] {subprocess.py:106} INFO - 26/04/27 08:57:11 INFO BaseMetastoreCatalog: Table properties enforced at catalog level through catalog properties: {}
[2026-04-27T08:57:11.594+0000] {subprocess.py:106} INFO - 26/04/27 08:57:11 INFO BlockManagerInfo: Removed broadcast_1_piece0 on c05002f484b8:40113 in memory (size: 6.3 KiB, free: 434.4 MiB)
[2026-04-27T08:57:11.597+0000] {subprocess.py:106} INFO - 26/04/27 08:57:11 INFO BlockManagerInfo: Removed broadcast_1_piece0 on 172.30.0.8:33469 in memory (size: 6.3 KiB, free: 434.4 MiB)
[2026-04-27T08:57:11.703+0000] {subprocess.py:106} INFO - 26/04/27 08:57:11 INFO V2ScanRelationPushDown:
[2026-04-27T08:57:11.703+0000] {subprocess.py:106} INFO - Pushing operators to iceberg.silver.it_jobs_clean
[2026-04-27T08:57:11.704+0000] {subprocess.py:106} INFO - Pushed Filters: skills_required IS NOT NULL
[2026-04-27T08:57:11.704+0000] {subprocess.py:106} INFO - Post-Scan Filters: isnotnull(skills_required#3),(size(skills_required#3, true) > 0)
[2026-04-27T08:57:11.705+0000] {subprocess.py:106} INFO - 
[2026-04-27T08:57:11.727+0000] {subprocess.py:106} INFO - 26/04/27 08:57:11 INFO V2ScanRelationPushDown:
[2026-04-27T08:57:11.727+0000] {subprocess.py:106} INFO - Output: skills_required#3
[2026-04-27T08:57:11.728+0000] {subprocess.py:106} INFO - 
[2026-04-27T08:57:11.733+0000] {subprocess.py:106} INFO - 26/04/27 08:57:11 INFO SnapshotScan: Scanning table iceberg.silver.it_jobs_clean snapshot 5214283704870780580 created at 2026-04-27T08:56:48.691+00:00 with filter skills_required IS NOT NULL
[2026-04-27T08:57:11.745+0000] {subprocess.py:106} INFO - 26/04/27 08:57:11 INFO BaseDistributedDataScan: Planning file tasks locally for table iceberg.silver.it_jobs_clean
[2026-04-27T08:57:11.793+0000] {subprocess.py:106} INFO - 26/04/27 08:57:11 INFO SparkPartitioningAwareScan: Reporting UnknownPartitioning with 1 partition(s) for table iceberg.silver.it_jobs_clean
[2026-04-27T08:57:11.822+0000] {subprocess.py:106} INFO - 26/04/27 08:57:11 INFO SparkWrite: Requesting 0 bytes advisory partition size for table gold.dim_skill
[2026-04-27T08:57:11.822+0000] {subprocess.py:106} INFO - 26/04/27 08:57:11 INFO SparkWrite: Requesting UnspecifiedDistribution as write distribution for table gold.dim_skill
[2026-04-27T08:57:11.825+0000] {subprocess.py:106} INFO - 26/04/27 08:57:11 INFO SparkWrite: Requesting [] as write ordering for table gold.dim_skill
[2026-04-27T08:57:11.878+0000] {subprocess.py:106} INFO - 26/04/27 08:57:11 INFO MemoryStore: Block broadcast_2 stored as values in memory (estimated size 32.0 KiB, free 434.4 MiB)
[2026-04-27T08:57:11.900+0000] {subprocess.py:106} INFO - 26/04/27 08:57:11 INFO MemoryStore: Block broadcast_2_piece0 stored as bytes in memory (estimated size 30.4 KiB, free 434.3 MiB)
[2026-04-27T08:57:11.903+0000] {subprocess.py:106} INFO - 26/04/27 08:57:11 INFO BlockManagerInfo: Added broadcast_2_piece0 in memory on c05002f484b8:40113 (size: 30.4 KiB, free: 434.4 MiB)
[2026-04-27T08:57:11.904+0000] {subprocess.py:106} INFO - 26/04/27 08:57:11 INFO SparkContext: Created broadcast 2 from broadcast at SparkBatch.java:79
[2026-04-27T08:57:11.920+0000] {subprocess.py:106} INFO - 26/04/27 08:57:11 INFO MemoryStore: Block broadcast_3 stored as values in memory (estimated size 32.0 KiB, free 434.3 MiB)
[2026-04-27T08:57:11.926+0000] {subprocess.py:106} INFO - 26/04/27 08:57:11 INFO MemoryStore: Block broadcast_3_piece0 stored as bytes in memory (estimated size 30.3 KiB, free 434.3 MiB)
[2026-04-27T08:57:11.927+0000] {subprocess.py:106} INFO - 26/04/27 08:57:11 INFO BlockManagerInfo: Added broadcast_3_piece0 in memory on c05002f484b8:40113 (size: 30.3 KiB, free: 434.3 MiB)
[2026-04-27T08:57:11.929+0000] {subprocess.py:106} INFO - 26/04/27 08:57:11 INFO SparkContext: Created broadcast 3 from broadcast at SparkBatch.java:79
[2026-04-27T08:57:12.273+0000] {subprocess.py:106} INFO - 26/04/27 08:57:12 INFO CodeGenerator: Code generated in 125.092107 ms
[2026-04-27T08:57:12.423+0000] {subprocess.py:106} INFO - 26/04/27 08:57:12 INFO DAGScheduler: Registering RDD 9 (create at <unknown>:0) as input to shuffle 1
[2026-04-27T08:57:12.424+0000] {subprocess.py:106} INFO - 26/04/27 08:57:12 INFO DAGScheduler: Got map stage job 2 (create at <unknown>:0) with 1 output partitions
[2026-04-27T08:57:12.431+0000] {subprocess.py:106} INFO - 26/04/27 08:57:12 INFO DAGScheduler: Final stage: ShuffleMapStage 3 (create at <unknown>:0)
[2026-04-27T08:57:12.432+0000] {subprocess.py:106} INFO - 26/04/27 08:57:12 INFO DAGScheduler: Parents of final stage: List()
[2026-04-27T08:57:12.434+0000] {subprocess.py:106} INFO - 26/04/27 08:57:12 INFO DAGScheduler: Missing parents: List()
[2026-04-27T08:57:12.437+0000] {subprocess.py:106} INFO - 26/04/27 08:57:12 INFO DAGScheduler: Submitting ShuffleMapStage 3 (MapPartitionsRDD[9] at create at <unknown>:0), which has no missing parents
[2026-04-27T08:57:12.446+0000] {subprocess.py:106} INFO - 26/04/27 08:57:12 INFO MemoryStore: Block broadcast_4 stored as values in memory (estimated size 40.1 KiB, free 434.2 MiB)
[2026-04-27T08:57:12.463+0000] {subprocess.py:106} INFO - 26/04/27 08:57:12 INFO MemoryStore: Block broadcast_4_piece0 stored as bytes in memory (estimated size 17.5 KiB, free 434.2 MiB)
[2026-04-27T08:57:12.473+0000] {subprocess.py:106} INFO - 26/04/27 08:57:12 INFO BlockManagerInfo: Added broadcast_4_piece0 in memory on c05002f484b8:40113 (size: 17.5 KiB, free: 434.3 MiB)
[2026-04-27T08:57:12.475+0000] {subprocess.py:106} INFO - 26/04/27 08:57:12 INFO SparkContext: Created broadcast 4 from broadcast at DAGScheduler.scala:1585
[2026-04-27T08:57:12.476+0000] {subprocess.py:106} INFO - 26/04/27 08:57:12 INFO DAGScheduler: Submitting 1 missing tasks from ShuffleMapStage 3 (MapPartitionsRDD[9] at create at <unknown>:0) (first 15 tasks are for partitions Vector(0))
[2026-04-27T08:57:12.478+0000] {subprocess.py:106} INFO - 26/04/27 08:57:12 INFO TaskSchedulerImpl: Adding task set 3.0 with 1 tasks resource profile 0
[2026-04-27T08:57:12.510+0000] {subprocess.py:106} INFO - 26/04/27 08:57:12 INFO TaskSetManager: Starting task 0.0 in stage 3.0 (TID 2) (172.30.0.8, executor 0, partition 0, PROCESS_LOCAL, 15530 bytes)
[2026-04-27T08:57:12.957+0000] {subprocess.py:106} INFO - 26/04/27 08:57:12 INFO BlockManagerInfo: Added broadcast_4_piece0 in memory on 172.30.0.8:33469 (size: 17.5 KiB, free: 434.4 MiB)
[2026-04-27T08:57:13.612+0000] {subprocess.py:106} INFO - 26/04/27 08:57:13 INFO BlockManagerInfo: Added broadcast_3_piece0 in memory on 172.30.0.8:33469 (size: 30.3 KiB, free: 434.4 MiB)
[2026-04-27T08:57:16.568+0000] {subprocess.py:106} INFO - 26/04/27 08:57:16 INFO TaskSetManager: Finished task 0.0 in stage 3.0 (TID 2) in 4092 ms on 172.30.0.8 (executor 0) (1/1)
[2026-04-27T08:57:16.571+0000] {subprocess.py:106} INFO - 26/04/27 08:57:16 INFO TaskSchedulerImpl: Removed TaskSet 3.0, whose tasks have all completed, from pool
[2026-04-27T08:57:16.572+0000] {subprocess.py:106} INFO - 26/04/27 08:57:16 INFO DAGScheduler: ShuffleMapStage 3 (create at <unknown>:0) finished in 4.138 s
[2026-04-27T08:57:16.573+0000] {subprocess.py:106} INFO - 26/04/27 08:57:16 INFO DAGScheduler: looking for newly runnable stages
[2026-04-27T08:57:16.574+0000] {subprocess.py:106} INFO - 26/04/27 08:57:16 INFO DAGScheduler: running: Set()
[2026-04-27T08:57:16.575+0000] {subprocess.py:106} INFO - 26/04/27 08:57:16 INFO DAGScheduler: waiting: Set()
[2026-04-27T08:57:16.580+0000] {subprocess.py:106} INFO - 26/04/27 08:57:16 INFO DAGScheduler: failed: Set()
[2026-04-27T08:57:16.586+0000] {subprocess.py:106} INFO - 26/04/27 08:57:16 INFO ShufflePartitionsUtil: For shuffle(1), advisory target size: 67108864, actual target size 1048576, minimum partition size: 1048576
[2026-04-27T08:57:16.682+0000] {subprocess.py:106} INFO - 26/04/27 08:57:16 INFO CodeGenerator: Code generated in 41.944958 ms
[2026-04-27T08:57:16.707+0000] {subprocess.py:106} INFO - 26/04/27 08:57:16 INFO MemoryStore: Block broadcast_5 stored as values in memory (estimated size 32.0 KiB, free 434.2 MiB)
[2026-04-27T08:57:16.723+0000] {subprocess.py:106} INFO - 26/04/27 08:57:16 INFO MemoryStore: Block broadcast_5_piece0 stored as bytes in memory (estimated size 29.9 KiB, free 434.2 MiB)
[2026-04-27T08:57:16.724+0000] {subprocess.py:106} INFO - 26/04/27 08:57:16 INFO BlockManagerInfo: Removed broadcast_4_piece0 on c05002f484b8:40113 in memory (size: 17.5 KiB, free: 434.3 MiB)
[2026-04-27T08:57:16.730+0000] {subprocess.py:106} INFO - 26/04/27 08:57:16 INFO BlockManagerInfo: Added broadcast_5_piece0 in memory on c05002f484b8:40113 (size: 29.9 KiB, free: 434.3 MiB)
[2026-04-27T08:57:16.731+0000] {subprocess.py:106} INFO - 26/04/27 08:57:16 INFO BlockManagerInfo: Removed broadcast_4_piece0 on 172.30.0.8:33469 in memory (size: 17.5 KiB, free: 434.4 MiB)
[2026-04-27T08:57:16.732+0000] {subprocess.py:106} INFO - 26/04/27 08:57:16 INFO SparkContext: Created broadcast 5 from broadcast at SparkWrite.java:193
[2026-04-27T08:57:16.735+0000] {subprocess.py:106} INFO - 26/04/27 08:57:16 INFO AppendDataExec: Start processing data source write support: IcebergBatchWrite(table=gold.dim_skill, format=PARQUET). The input RDD has 1 partitions.
[2026-04-27T08:57:16.749+0000] {subprocess.py:106} INFO - 26/04/27 08:57:16 INFO SparkContext: Starting job: create at <unknown>:0
[2026-04-27T08:57:16.750+0000] {subprocess.py:106} INFO - 26/04/27 08:57:16 INFO DAGScheduler: Got job 3 (create at <unknown>:0) with 1 output partitions
[2026-04-27T08:57:16.756+0000] {subprocess.py:106} INFO - 26/04/27 08:57:16 INFO DAGScheduler: Final stage: ResultStage 5 (create at <unknown>:0)
[2026-04-27T08:57:16.757+0000] {subprocess.py:106} INFO - 26/04/27 08:57:16 INFO DAGScheduler: Parents of final stage: List(ShuffleMapStage 4)
[2026-04-27T08:57:16.758+0000] {subprocess.py:106} INFO - 26/04/27 08:57:16 INFO DAGScheduler: Missing parents: List()
[2026-04-27T08:57:16.763+0000] {subprocess.py:106} INFO - 26/04/27 08:57:16 INFO DAGScheduler: Submitting ResultStage 5 (MapPartitionsRDD[11] at create at <unknown>:0), which has no missing parents
[2026-04-27T08:57:16.780+0000] {subprocess.py:106} INFO - 26/04/27 08:57:16 INFO MemoryStore: Block broadcast_6 stored as values in memory (estimated size 50.8 KiB, free 434.2 MiB)
[2026-04-27T08:57:16.788+0000] {subprocess.py:106} INFO - 26/04/27 08:57:16 INFO MemoryStore: Block broadcast_6_piece0 stored as bytes in memory (estimated size 22.2 KiB, free 434.1 MiB)
[2026-04-27T08:57:16.789+0000] {subprocess.py:106} INFO - 26/04/27 08:57:16 INFO BlockManagerInfo: Added broadcast_6_piece0 in memory on c05002f484b8:40113 (size: 22.2 KiB, free: 434.3 MiB)
[2026-04-27T08:57:16.790+0000] {subprocess.py:106} INFO - 26/04/27 08:57:16 INFO SparkContext: Created broadcast 6 from broadcast at DAGScheduler.scala:1585
[2026-04-27T08:57:16.790+0000] {subprocess.py:106} INFO - 26/04/27 08:57:16 INFO DAGScheduler: Submitting 1 missing tasks from ResultStage 5 (MapPartitionsRDD[11] at create at <unknown>:0) (first 15 tasks are for partitions Vector(0))
[2026-04-27T08:57:16.793+0000] {subprocess.py:106} INFO - 26/04/27 08:57:16 INFO TaskSchedulerImpl: Adding task set 5.0 with 1 tasks resource profile 0
[2026-04-27T08:57:16.795+0000] {subprocess.py:106} INFO - 26/04/27 08:57:16 INFO TaskSetManager: Starting task 0.0 in stage 5.0 (TID 3) (172.30.0.8, executor 0, partition 0, NODE_LOCAL, 9976 bytes)
[2026-04-27T08:57:16.832+0000] {subprocess.py:106} INFO - 26/04/27 08:57:16 INFO BlockManagerInfo: Added broadcast_6_piece0 in memory on 172.30.0.8:33469 (size: 22.2 KiB, free: 434.3 MiB)
[2026-04-27T08:57:16.905+0000] {subprocess.py:106} INFO - 26/04/27 08:57:16 INFO MapOutputTrackerMasterEndpoint: Asked to send map output locations for shuffle 1 to 172.30.0.8:49000
[2026-04-27T08:57:17.063+0000] {subprocess.py:106} INFO - 26/04/27 08:57:17 INFO BlockManagerInfo: Added broadcast_5_piece0 in memory on 172.30.0.8:33469 (size: 29.9 KiB, free: 434.3 MiB)
[2026-04-27T08:57:17.893+0000] {subprocess.py:106} INFO - 26/04/27 08:57:17 INFO TaskSetManager: Finished task 0.0 in stage 5.0 (TID 3) in 1097 ms on 172.30.0.8 (executor 0) (1/1)
[2026-04-27T08:57:17.898+0000] {subprocess.py:106} INFO - 26/04/27 08:57:17 INFO TaskSchedulerImpl: Removed TaskSet 5.0, whose tasks have all completed, from pool
[2026-04-27T08:57:17.899+0000] {subprocess.py:106} INFO - 26/04/27 08:57:17 INFO DAGScheduler: ResultStage 5 (create at <unknown>:0) finished in 1.131 s
[2026-04-27T08:57:17.901+0000] {subprocess.py:106} INFO - 26/04/27 08:57:17 INFO DAGScheduler: Job 3 is finished. Cancelling potential speculative or zombie tasks for this job
[2026-04-27T08:57:17.907+0000] {subprocess.py:106} INFO - 26/04/27 08:57:17 INFO TaskSchedulerImpl: Killing all running tasks in stage 5: Stage finished
[2026-04-27T08:57:17.908+0000] {subprocess.py:106} INFO - 26/04/27 08:57:17 INFO DAGScheduler: Job 3 finished: create at <unknown>:0, took 1.150454 s
[2026-04-27T08:57:17.909+0000] {subprocess.py:106} INFO - 26/04/27 08:57:17 INFO AppendDataExec: Data source write support IcebergBatchWrite(table=gold.dim_skill, format=PARQUET) is committing.
[2026-04-27T08:57:17.928+0000] {subprocess.py:106} INFO - 26/04/27 08:57:17 INFO SparkWrite: Committing append with 1 new data files to table gold.dim_skill
[2026-04-27T08:57:18.165+0000] {subprocess.py:106} INFO - 26/04/27 08:57:18 INFO BlockManagerInfo: Removed broadcast_6_piece0 on c05002f484b8:40113 in memory (size: 22.2 KiB, free: 434.3 MiB)
[2026-04-27T08:57:18.172+0000] {subprocess.py:106} INFO - 26/04/27 08:57:18 INFO BlockManagerInfo: Removed broadcast_6_piece0 on 172.30.0.8:33469 in memory (size: 22.2 KiB, free: 434.3 MiB)
[2026-04-27T08:57:18.443+0000] {subprocess.py:106} INFO - 26/04/27 08:57:18 INFO SnapshotProducer: Committed snapshot 7840752894364254548 (MergeAppend)
[2026-04-27T08:57:18.488+0000] {subprocess.py:106} INFO - 26/04/27 08:57:18 INFO LoggingMetricsReporter: Received metrics report: CommitReport{tableName=gold.dim_skill, snapshotId=7840752894364254548, sequenceNumber=1, operation=append, commitMetrics=CommitMetricsResult{totalDuration=TimerResult{timeUnit=NANOSECONDS, totalDuration=PT0.548142636S, count=1}, attempts=CounterResult{unit=COUNT, value=1}, addedDataFiles=CounterResult{unit=COUNT, value=1}, removedDataFiles=null, totalDataFiles=CounterResult{unit=COUNT, value=1}, addedDeleteFiles=null, addedEqualityDeleteFiles=null, addedPositionalDeleteFiles=null, removedDeleteFiles=null, removedEqualityDeleteFiles=null, removedPositionalDeleteFiles=null, totalDeleteFiles=CounterResult{unit=COUNT, value=0}, addedRecords=CounterResult{unit=COUNT, value=541}, removedRecords=null, totalRecords=CounterResult{unit=COUNT, value=541}, addedFilesSizeInBytes=CounterResult{unit=BYTES, value=9232}, removedFilesSizeInBytes=null, totalFilesSizeInBytes=CounterResult{unit=BYTES, value=9232}, addedPositionalDeletes=null, removedPositionalDeletes=null, totalPositionalDeletes=CounterResult{unit=COUNT, value=0}, addedEqualityDeletes=null, removedEqualityDeletes=null, totalEqualityDeletes=CounterResult{unit=COUNT, value=0}}, metadata={engine-version=3.5.3, app-id=app-20260427085656-0005, engine-name=spark, iceberg-version=Apache Iceberg 1.6.1 (commit 8e9d59d299be42b0bca9461457cd1e95dbaad086)}}
[2026-04-27T08:57:18.489+0000] {subprocess.py:106} INFO - 26/04/27 08:57:18 INFO SparkWrite: Committed in 559 ms
[2026-04-27T08:57:18.489+0000] {subprocess.py:106} INFO - 26/04/27 08:57:18 INFO AppendDataExec: Data source write support IcebergBatchWrite(table=gold.dim_skill, format=PARQUET) committed.
[2026-04-27T08:57:18.714+0000] {subprocess.py:106} INFO - 26/04/27 08:57:18 INFO BlockManagerInfo: Removed broadcast_5_piece0 on c05002f484b8:40113 in memory (size: 29.9 KiB, free: 434.3 MiB)
[2026-04-27T08:57:18.720+0000] {subprocess.py:106} INFO - 26/04/27 08:57:18 INFO BlockManagerInfo: Removed broadcast_5_piece0 on 172.30.0.8:33469 in memory (size: 29.9 KiB, free: 434.4 MiB)
[2026-04-27T08:57:18.902+0000] {subprocess.py:106} INFO - 26/04/27 08:57:18 INFO HiveTableOperations: Committed to table iceberg.gold.dim_skill with the new metadata location s3a://warehouse/iceberg_data/gold.db/dim_skill/metadata/00000-cdc7ad48-0eed-416b-a9a9-c1c8527a6f3e.metadata.json
[2026-04-27T08:57:18.902+0000] {subprocess.py:106} INFO - 26/04/27 08:57:18 INFO BaseMetastoreTableOperations: Successfully committed to table iceberg.gold.dim_skill in 410 ms
[2026-04-27T08:57:18.903+0000] {subprocess.py:106} INFO - >>> Building DIM_LOCATION...
[2026-04-27T08:57:19.046+0000] {subprocess.py:106} INFO - 26/04/27 08:57:19 INFO BaseMetastoreCatalog: Table properties set at catalog level through catalog properties: {}
[2026-04-27T08:57:19.058+0000] {subprocess.py:106} INFO - 26/04/27 08:57:19 INFO BaseMetastoreCatalog: Table properties enforced at catalog level through catalog properties: {}
[2026-04-27T08:57:19.113+0000] {subprocess.py:106} INFO - 26/04/27 08:57:19 INFO V2ScanRelationPushDown:
[2026-04-27T08:57:19.114+0000] {subprocess.py:106} INFO - Pushing operators to iceberg.silver.it_jobs_clean
[2026-04-27T08:57:19.114+0000] {subprocess.py:106} INFO - Pushed Filters: location IS NOT NULL
[2026-04-27T08:57:19.115+0000] {subprocess.py:106} INFO - Post-Scan Filters: isnotnull(location#2),(size(location#2, true) > 0)
[2026-04-27T08:57:19.116+0000] {subprocess.py:106} INFO - 
[2026-04-27T08:57:19.117+0000] {subprocess.py:106} INFO - 26/04/27 08:57:19 INFO V2ScanRelationPushDown:
[2026-04-27T08:57:19.117+0000] {subprocess.py:106} INFO - Output: location#2
[2026-04-27T08:57:19.118+0000] {subprocess.py:106} INFO - 
[2026-04-27T08:57:19.118+0000] {subprocess.py:106} INFO - 26/04/27 08:57:19 INFO SnapshotScan: Scanning table iceberg.silver.it_jobs_clean snapshot 5214283704870780580 created at 2026-04-27T08:56:48.691+00:00 with filter location IS NOT NULL
[2026-04-27T08:57:19.119+0000] {subprocess.py:106} INFO - 26/04/27 08:57:19 INFO BaseDistributedDataScan: Planning file tasks locally for table iceberg.silver.it_jobs_clean
[2026-04-27T08:57:19.164+0000] {subprocess.py:106} INFO - 26/04/27 08:57:19 INFO SparkPartitioningAwareScan: Reporting UnknownPartitioning with 1 partition(s) for table iceberg.silver.it_jobs_clean
[2026-04-27T08:57:19.166+0000] {subprocess.py:106} INFO - 26/04/27 08:57:19 INFO SparkWrite: Requesting 0 bytes advisory partition size for table gold.dim_location
[2026-04-27T08:57:19.167+0000] {subprocess.py:106} INFO - 26/04/27 08:57:19 INFO SparkWrite: Requesting UnspecifiedDistribution as write distribution for table gold.dim_location
[2026-04-27T08:57:19.167+0000] {subprocess.py:106} INFO - 26/04/27 08:57:19 INFO SparkWrite: Requesting [] as write ordering for table gold.dim_location
[2026-04-27T08:57:19.181+0000] {subprocess.py:106} INFO - 26/04/27 08:57:19 INFO MemoryStore: Block broadcast_7 stored as values in memory (estimated size 32.0 KiB, free 434.2 MiB)
[2026-04-27T08:57:19.193+0000] {subprocess.py:106} INFO - 26/04/27 08:57:19 INFO MemoryStore: Block broadcast_7_piece0 stored as bytes in memory (estimated size 30.3 KiB, free 434.2 MiB)
[2026-04-27T08:57:19.195+0000] {subprocess.py:106} INFO - 26/04/27 08:57:19 INFO BlockManagerInfo: Added broadcast_7_piece0 in memory on c05002f484b8:40113 (size: 30.3 KiB, free: 434.3 MiB)
[2026-04-27T08:57:19.197+0000] {subprocess.py:106} INFO - 26/04/27 08:57:19 INFO SparkContext: Created broadcast 7 from broadcast at SparkBatch.java:79
[2026-04-27T08:57:19.203+0000] {subprocess.py:106} INFO - 26/04/27 08:57:19 INFO MemoryStore: Block broadcast_8 stored as values in memory (estimated size 32.0 KiB, free 434.2 MiB)
[2026-04-27T08:57:19.206+0000] {subprocess.py:106} INFO - 26/04/27 08:57:19 INFO MemoryStore: Block broadcast_8_piece0 stored as bytes in memory (estimated size 30.4 KiB, free 434.2 MiB)
[2026-04-27T08:57:19.209+0000] {subprocess.py:106} INFO - 26/04/27 08:57:19 INFO BlockManagerInfo: Added broadcast_8_piece0 in memory on c05002f484b8:40113 (size: 30.4 KiB, free: 434.3 MiB)
[2026-04-27T08:57:19.210+0000] {subprocess.py:106} INFO - 26/04/27 08:57:19 INFO SparkContext: Created broadcast 8 from broadcast at SparkBatch.java:79
[2026-04-27T08:57:19.283+0000] {subprocess.py:106} INFO - 26/04/27 08:57:19 INFO CodeGenerator: Code generated in 33.544356 ms
[2026-04-27T08:57:19.293+0000] {subprocess.py:106} INFO - 26/04/27 08:57:19 INFO DAGScheduler: Registering RDD 15 (create at <unknown>:0) as input to shuffle 2
[2026-04-27T08:57:19.294+0000] {subprocess.py:106} INFO - 26/04/27 08:57:19 INFO DAGScheduler: Got map stage job 4 (create at <unknown>:0) with 1 output partitions
[2026-04-27T08:57:19.294+0000] {subprocess.py:106} INFO - 26/04/27 08:57:19 INFO DAGScheduler: Final stage: ShuffleMapStage 6 (create at <unknown>:0)
[2026-04-27T08:57:19.297+0000] {subprocess.py:106} INFO - 26/04/27 08:57:19 INFO DAGScheduler: Parents of final stage: List()
[2026-04-27T08:57:19.298+0000] {subprocess.py:106} INFO - 26/04/27 08:57:19 INFO DAGScheduler: Missing parents: List()
[2026-04-27T08:57:19.299+0000] {subprocess.py:106} INFO - 26/04/27 08:57:19 INFO DAGScheduler: Submitting ShuffleMapStage 6 (MapPartitionsRDD[15] at create at <unknown>:0), which has no missing parents
[2026-04-27T08:57:19.301+0000] {subprocess.py:106} INFO - 26/04/27 08:57:19 INFO MemoryStore: Block broadcast_9 stored as values in memory (estimated size 39.5 KiB, free 434.1 MiB)
[2026-04-27T08:57:19.315+0000] {subprocess.py:106} INFO - 26/04/27 08:57:19 INFO MemoryStore: Block broadcast_9_piece0 stored as bytes in memory (estimated size 17.2 KiB, free 434.1 MiB)
[2026-04-27T08:57:19.316+0000] {subprocess.py:106} INFO - 26/04/27 08:57:19 INFO BlockManagerInfo: Added broadcast_9_piece0 in memory on c05002f484b8:40113 (size: 17.2 KiB, free: 434.3 MiB)
[2026-04-27T08:57:19.324+0000] {subprocess.py:106} INFO - 26/04/27 08:57:19 INFO SparkContext: Created broadcast 9 from broadcast at DAGScheduler.scala:1585
[2026-04-27T08:57:19.325+0000] {subprocess.py:106} INFO - 26/04/27 08:57:19 INFO DAGScheduler: Submitting 1 missing tasks from ShuffleMapStage 6 (MapPartitionsRDD[15] at create at <unknown>:0) (first 15 tasks are for partitions Vector(0))
[2026-04-27T08:57:19.331+0000] {subprocess.py:106} INFO - 26/04/27 08:57:19 INFO TaskSchedulerImpl: Adding task set 6.0 with 1 tasks resource profile 0
[2026-04-27T08:57:19.336+0000] {subprocess.py:106} INFO - 26/04/27 08:57:19 INFO TaskSetManager: Starting task 0.0 in stage 6.0 (TID 4) (172.30.0.8, executor 0, partition 0, PROCESS_LOCAL, 15516 bytes)
[2026-04-27T08:57:19.346+0000] {subprocess.py:106} INFO - 26/04/27 08:57:19 INFO BlockManagerInfo: Added broadcast_9_piece0 in memory on 172.30.0.8:33469 (size: 17.2 KiB, free: 434.4 MiB)
[2026-04-27T08:57:19.395+0000] {subprocess.py:106} INFO - 26/04/27 08:57:19 INFO BlockManagerInfo: Removed broadcast_2_piece0 on c05002f484b8:40113 in memory (size: 30.4 KiB, free: 434.3 MiB)
[2026-04-27T08:57:19.501+0000] {subprocess.py:106} INFO - 26/04/27 08:57:19 INFO BlockManagerInfo: Added broadcast_8_piece0 in memory on 172.30.0.8:33469 (size: 30.4 KiB, free: 434.3 MiB)
[2026-04-27T08:57:19.795+0000] {subprocess.py:106} INFO - 26/04/27 08:57:19 INFO TaskSetManager: Finished task 0.0 in stage 6.0 (TID 4) in 475 ms on 172.30.0.8 (executor 0) (1/1)
[2026-04-27T08:57:19.796+0000] {subprocess.py:106} INFO - 26/04/27 08:57:19 INFO TaskSchedulerImpl: Removed TaskSet 6.0, whose tasks have all completed, from pool
[2026-04-27T08:57:19.800+0000] {subprocess.py:106} INFO - 26/04/27 08:57:19 INFO DAGScheduler: ShuffleMapStage 6 (create at <unknown>:0) finished in 0.498 s
[2026-04-27T08:57:19.801+0000] {subprocess.py:106} INFO - 26/04/27 08:57:19 INFO DAGScheduler: looking for newly runnable stages
[2026-04-27T08:57:19.801+0000] {subprocess.py:106} INFO - 26/04/27 08:57:19 INFO DAGScheduler: running: Set()
[2026-04-27T08:57:19.802+0000] {subprocess.py:106} INFO - 26/04/27 08:57:19 INFO DAGScheduler: waiting: Set()
[2026-04-27T08:57:19.802+0000] {subprocess.py:106} INFO - 26/04/27 08:57:19 INFO DAGScheduler: failed: Set()
[2026-04-27T08:57:19.807+0000] {subprocess.py:106} INFO - 26/04/27 08:57:19 INFO ShufflePartitionsUtil: For shuffle(2), advisory target size: 67108864, actual target size 1048576, minimum partition size: 1048576
[2026-04-27T08:57:19.876+0000] {subprocess.py:106} INFO - 26/04/27 08:57:19 INFO CodeGenerator: Code generated in 46.801063 ms
[2026-04-27T08:57:19.889+0000] {subprocess.py:106} INFO - 26/04/27 08:57:19 INFO MemoryStore: Block broadcast_10 stored as values in memory (estimated size 32.0 KiB, free 434.1 MiB)
[2026-04-27T08:57:19.903+0000] {subprocess.py:106} INFO - 26/04/27 08:57:19 INFO MemoryStore: Block broadcast_10_piece0 stored as bytes in memory (estimated size 29.8 KiB, free 434.1 MiB)
[2026-04-27T08:57:19.906+0000] {subprocess.py:106} INFO - 26/04/27 08:57:19 INFO BlockManagerInfo: Added broadcast_10_piece0 in memory on c05002f484b8:40113 (size: 29.8 KiB, free: 434.3 MiB)
[2026-04-27T08:57:19.907+0000] {subprocess.py:106} INFO - 26/04/27 08:57:19 INFO BlockManagerInfo: Removed broadcast_9_piece0 on c05002f484b8:40113 in memory (size: 17.2 KiB, free: 434.3 MiB)
[2026-04-27T08:57:19.910+0000] {subprocess.py:106} INFO - 26/04/27 08:57:19 INFO BlockManagerInfo: Removed broadcast_9_piece0 on 172.30.0.8:33469 in memory (size: 17.2 KiB, free: 434.3 MiB)
[2026-04-27T08:57:19.916+0000] {subprocess.py:106} INFO - 26/04/27 08:57:19 INFO SparkContext: Created broadcast 10 from broadcast at SparkWrite.java:193
[2026-04-27T08:57:19.917+0000] {subprocess.py:106} INFO - 26/04/27 08:57:19 INFO AppendDataExec: Start processing data source write support: IcebergBatchWrite(table=gold.dim_location, format=PARQUET). The input RDD has 1 partitions.
[2026-04-27T08:57:19.918+0000] {subprocess.py:106} INFO - 26/04/27 08:57:19 INFO SparkContext: Starting job: create at <unknown>:0
[2026-04-27T08:57:19.919+0000] {subprocess.py:106} INFO - 26/04/27 08:57:19 INFO DAGScheduler: Got job 5 (create at <unknown>:0) with 1 output partitions
[2026-04-27T08:57:19.919+0000] {subprocess.py:106} INFO - 26/04/27 08:57:19 INFO DAGScheduler: Final stage: ResultStage 8 (create at <unknown>:0)
[2026-04-27T08:57:19.919+0000] {subprocess.py:106} INFO - 26/04/27 08:57:19 INFO DAGScheduler: Parents of final stage: List(ShuffleMapStage 7)
[2026-04-27T08:57:19.922+0000] {subprocess.py:106} INFO - 26/04/27 08:57:19 INFO DAGScheduler: Missing parents: List()
[2026-04-27T08:57:19.922+0000] {subprocess.py:106} INFO - 26/04/27 08:57:19 INFO DAGScheduler: Submitting ResultStage 8 (MapPartitionsRDD[17] at create at <unknown>:0), which has no missing parents
[2026-04-27T08:57:19.932+0000] {subprocess.py:106} INFO - 26/04/27 08:57:19 INFO MemoryStore: Block broadcast_11 stored as values in memory (estimated size 53.3 KiB, free 434.1 MiB)
[2026-04-27T08:57:19.932+0000] {subprocess.py:106} INFO - 26/04/27 08:57:19 INFO MemoryStore: Block broadcast_11_piece0 stored as bytes in memory (estimated size 22.5 KiB, free 434.1 MiB)
[2026-04-27T08:57:19.933+0000] {subprocess.py:106} INFO - 26/04/27 08:57:19 INFO BlockManagerInfo: Added broadcast_11_piece0 in memory on c05002f484b8:40113 (size: 22.5 KiB, free: 434.3 MiB)
[2026-04-27T08:57:19.934+0000] {subprocess.py:106} INFO - 26/04/27 08:57:19 INFO SparkContext: Created broadcast 11 from broadcast at DAGScheduler.scala:1585
[2026-04-27T08:57:19.936+0000] {subprocess.py:106} INFO - 26/04/27 08:57:19 INFO DAGScheduler: Submitting 1 missing tasks from ResultStage 8 (MapPartitionsRDD[17] at create at <unknown>:0) (first 15 tasks are for partitions Vector(0))
[2026-04-27T08:57:19.937+0000] {subprocess.py:106} INFO - 26/04/27 08:57:19 INFO TaskSchedulerImpl: Adding task set 8.0 with 1 tasks resource profile 0
[2026-04-27T08:57:19.940+0000] {subprocess.py:106} INFO - 26/04/27 08:57:19 INFO TaskSetManager: Starting task 0.0 in stage 8.0 (TID 5) (172.30.0.8, executor 0, partition 0, NODE_LOCAL, 9976 bytes)
[2026-04-27T08:57:19.956+0000] {subprocess.py:106} INFO - 26/04/27 08:57:19 INFO BlockManagerInfo: Added broadcast_11_piece0 in memory on 172.30.0.8:33469 (size: 22.5 KiB, free: 434.3 MiB)
[2026-04-27T08:57:19.983+0000] {subprocess.py:106} INFO - 26/04/27 08:57:19 INFO MapOutputTrackerMasterEndpoint: Asked to send map output locations for shuffle 2 to 172.30.0.8:49000
[2026-04-27T08:57:19.987+0000] {subprocess.py:106} INFO - 26/04/27 08:57:19 INFO BlockManagerInfo: Removed broadcast_3_piece0 on c05002f484b8:40113 in memory (size: 30.3 KiB, free: 434.3 MiB)
[2026-04-27T08:57:20.004+0000] {subprocess.py:106} INFO - 26/04/27 08:57:20 INFO BlockManagerInfo: Removed broadcast_3_piece0 on 172.30.0.8:33469 in memory (size: 30.3 KiB, free: 434.3 MiB)
[2026-04-27T08:57:20.049+0000] {subprocess.py:106} INFO - 26/04/27 08:57:20 INFO BlockManagerInfo: Added broadcast_10_piece0 in memory on 172.30.0.8:33469 (size: 29.8 KiB, free: 434.3 MiB)
[2026-04-27T08:57:20.224+0000] {subprocess.py:106} INFO - 26/04/27 08:57:20 INFO TaskSetManager: Finished task 0.0 in stage 8.0 (TID 5) in 284 ms on 172.30.0.8 (executor 0) (1/1)
[2026-04-27T08:57:20.225+0000] {subprocess.py:106} INFO - 26/04/27 08:57:20 INFO TaskSchedulerImpl: Removed TaskSet 8.0, whose tasks have all completed, from pool
[2026-04-27T08:57:20.226+0000] {subprocess.py:106} INFO - 26/04/27 08:57:20 INFO DAGScheduler: ResultStage 8 (create at <unknown>:0) finished in 0.299 s
[2026-04-27T08:57:20.227+0000] {subprocess.py:106} INFO - 26/04/27 08:57:20 INFO DAGScheduler: Job 5 is finished. Cancelling potential speculative or zombie tasks for this job
[2026-04-27T08:57:20.229+0000] {subprocess.py:106} INFO - 26/04/27 08:57:20 INFO TaskSchedulerImpl: Killing all running tasks in stage 8: Stage finished
[2026-04-27T08:57:20.230+0000] {subprocess.py:106} INFO - 26/04/27 08:57:20 INFO DAGScheduler: Job 5 finished: create at <unknown>:0, took 0.310927 s
[2026-04-27T08:57:20.232+0000] {subprocess.py:106} INFO - 26/04/27 08:57:20 INFO AppendDataExec: Data source write support IcebergBatchWrite(table=gold.dim_location, format=PARQUET) is committing.
[2026-04-27T08:57:20.233+0000] {subprocess.py:106} INFO - 26/04/27 08:57:20 INFO SparkWrite: Committing append with 1 new data files to table gold.dim_location
[2026-04-27T08:57:21.493+0000] {subprocess.py:106} INFO - 26/04/27 08:57:21 INFO SnapshotProducer: Committed snapshot 6154837101565135861 (MergeAppend)
[2026-04-27T08:57:21.532+0000] {subprocess.py:106} INFO - 26/04/27 08:57:21 INFO LoggingMetricsReporter: Received metrics report: CommitReport{tableName=gold.dim_location, snapshotId=6154837101565135861, sequenceNumber=1, operation=append, commitMetrics=CommitMetricsResult{totalDuration=TimerResult{timeUnit=NANOSECONDS, totalDuration=PT1.291453754S, count=1}, attempts=CounterResult{unit=COUNT, value=1}, addedDataFiles=CounterResult{unit=COUNT, value=1}, removedDataFiles=null, totalDataFiles=CounterResult{unit=COUNT, value=1}, addedDeleteFiles=null, addedEqualityDeleteFiles=null, addedPositionalDeleteFiles=null, removedDeleteFiles=null, removedEqualityDeleteFiles=null, removedPositionalDeleteFiles=null, totalDeleteFiles=CounterResult{unit=COUNT, value=0}, addedRecords=CounterResult{unit=COUNT, value=14}, removedRecords=null, totalRecords=CounterResult{unit=COUNT, value=14}, addedFilesSizeInBytes=CounterResult{unit=BYTES, value=1240}, removedFilesSizeInBytes=null, totalFilesSizeInBytes=CounterResult{unit=BYTES, value=1240}, addedPositionalDeletes=null, removedPositionalDeletes=null, totalPositionalDeletes=CounterResult{unit=COUNT, value=0}, addedEqualityDeletes=null, removedEqualityDeletes=null, totalEqualityDeletes=CounterResult{unit=COUNT, value=0}}, metadata={engine-version=3.5.3, app-id=app-20260427085656-0005, engine-name=spark, iceberg-version=Apache Iceberg 1.6.1 (commit 8e9d59d299be42b0bca9461457cd1e95dbaad086)}}
[2026-04-27T08:57:21.534+0000] {subprocess.py:106} INFO - 26/04/27 08:57:21 INFO SparkWrite: Committed in 1292 ms
[2026-04-27T08:57:21.538+0000] {subprocess.py:106} INFO - 26/04/27 08:57:21 INFO AppendDataExec: Data source write support IcebergBatchWrite(table=gold.dim_location, format=PARQUET) committed.
[2026-04-27T08:57:21.696+0000] {subprocess.py:106} INFO - 26/04/27 08:57:21 INFO HiveTableOperations: Committed to table iceberg.gold.dim_location with the new metadata location s3a://warehouse/iceberg_data/gold.db/dim_location/metadata/00000-378a004d-53b8-43d3-a24e-40dfd6aa45d0.metadata.json
[2026-04-27T08:57:21.697+0000] {subprocess.py:106} INFO - 26/04/27 08:57:21 INFO BaseMetastoreTableOperations: Successfully committed to table iceberg.gold.dim_location in 175 ms
[2026-04-27T08:57:21.697+0000] {subprocess.py:106} INFO - >>> Building DIM_COMPANY...
[2026-04-27T08:57:21.767+0000] {subprocess.py:106} INFO - 26/04/27 08:57:21 INFO BaseMetastoreCatalog: Table properties set at catalog level through catalog properties: {}
[2026-04-27T08:57:21.777+0000] {subprocess.py:106} INFO - 26/04/27 08:57:21 INFO BaseMetastoreCatalog: Table properties enforced at catalog level through catalog properties: {}
[2026-04-27T08:57:21.806+0000] {subprocess.py:106} INFO - 26/04/27 08:57:21 INFO V2ScanRelationPushDown:
[2026-04-27T08:57:21.807+0000] {subprocess.py:106} INFO - Pushing operators to iceberg.silver.it_jobs_clean
[2026-04-27T08:57:21.808+0000] {subprocess.py:106} INFO - Pushed Filters: company_name IS NOT NULL
[2026-04-27T08:57:21.808+0000] {subprocess.py:106} INFO - Post-Scan Filters: isnotnull(company_name#1)
[2026-04-27T08:57:21.809+0000] {subprocess.py:106} INFO - 
[2026-04-27T08:57:21.810+0000] {subprocess.py:106} INFO - 26/04/27 08:57:21 INFO V2ScanRelationPushDown:
[2026-04-27T08:57:21.810+0000] {subprocess.py:106} INFO - Output: company_name#1
[2026-04-27T08:57:21.811+0000] {subprocess.py:106} INFO - 
[2026-04-27T08:57:21.811+0000] {subprocess.py:106} INFO - 26/04/27 08:57:21 INFO SnapshotScan: Scanning table iceberg.silver.it_jobs_clean snapshot 5214283704870780580 created at 2026-04-27T08:56:48.691+00:00 with filter company_name IS NOT NULL
[2026-04-27T08:57:21.812+0000] {subprocess.py:106} INFO - 26/04/27 08:57:21 INFO BaseDistributedDataScan: Planning file tasks locally for table iceberg.silver.it_jobs_clean
[2026-04-27T08:57:21.842+0000] {subprocess.py:106} INFO - 26/04/27 08:57:21 INFO SparkPartitioningAwareScan: Reporting UnknownPartitioning with 1 partition(s) for table iceberg.silver.it_jobs_clean
[2026-04-27T08:57:21.844+0000] {subprocess.py:106} INFO - 26/04/27 08:57:21 INFO SparkWrite: Requesting 0 bytes advisory partition size for table gold.dim_company
[2026-04-27T08:57:21.845+0000] {subprocess.py:106} INFO - 26/04/27 08:57:21 INFO SparkWrite: Requesting UnspecifiedDistribution as write distribution for table gold.dim_company
[2026-04-27T08:57:21.845+0000] {subprocess.py:106} INFO - 26/04/27 08:57:21 INFO SparkWrite: Requesting [] as write ordering for table gold.dim_company
[2026-04-27T08:57:21.856+0000] {subprocess.py:106} INFO - 26/04/27 08:57:21 INFO MemoryStore: Block broadcast_12 stored as values in memory (estimated size 32.0 KiB, free 434.1 MiB)
[2026-04-27T08:57:21.892+0000] {subprocess.py:106} INFO - 26/04/27 08:57:21 INFO BlockManagerInfo: Removed broadcast_10_piece0 on c05002f484b8:40113 in memory (size: 29.8 KiB, free: 434.3 MiB)
[2026-04-27T08:57:21.893+0000] {subprocess.py:106} INFO - 26/04/27 08:57:21 INFO MemoryStore: Block broadcast_12_piece0 stored as bytes in memory (estimated size 30.4 KiB, free 434.1 MiB)
[2026-04-27T08:57:21.895+0000] {subprocess.py:106} INFO - 26/04/27 08:57:21 INFO BlockManagerInfo: Added broadcast_12_piece0 in memory on c05002f484b8:40113 (size: 30.4 KiB, free: 434.3 MiB)
[2026-04-27T08:57:21.896+0000] {subprocess.py:106} INFO - 26/04/27 08:57:21 INFO BlockManagerInfo: Removed broadcast_10_piece0 on 172.30.0.8:33469 in memory (size: 29.8 KiB, free: 434.3 MiB)
[2026-04-27T08:57:21.897+0000] {subprocess.py:106} INFO - 26/04/27 08:57:21 INFO SparkContext: Created broadcast 12 from broadcast at SparkBatch.java:79
[2026-04-27T08:57:21.898+0000] {subprocess.py:106} INFO - 26/04/27 08:57:21 INFO MemoryStore: Block broadcast_13 stored as values in memory (estimated size 32.0 KiB, free 434.1 MiB)
[2026-04-27T08:57:21.902+0000] {subprocess.py:106} INFO - 26/04/27 08:57:21 INFO MemoryStore: Block broadcast_13_piece0 stored as bytes in memory (estimated size 30.3 KiB, free 434.1 MiB)
[2026-04-27T08:57:21.905+0000] {subprocess.py:106} INFO - 26/04/27 08:57:21 INFO BlockManagerInfo: Added broadcast_13_piece0 in memory on c05002f484b8:40113 (size: 30.3 KiB, free: 434.3 MiB)
[2026-04-27T08:57:21.906+0000] {subprocess.py:106} INFO - 26/04/27 08:57:21 INFO BlockManagerInfo: Removed broadcast_8_piece0 on c05002f484b8:40113 in memory (size: 30.4 KiB, free: 434.3 MiB)
[2026-04-27T08:57:21.907+0000] {subprocess.py:106} INFO - 26/04/27 08:57:21 INFO SparkContext: Created broadcast 13 from broadcast at SparkBatch.java:79
[2026-04-27T08:57:21.908+0000] {subprocess.py:106} INFO - 26/04/27 08:57:21 INFO BlockManagerInfo: Removed broadcast_8_piece0 on 172.30.0.8:33469 in memory (size: 30.4 KiB, free: 434.4 MiB)
[2026-04-27T08:57:21.927+0000] {subprocess.py:106} INFO - 26/04/27 08:57:21 INFO BlockManagerInfo: Removed broadcast_11_piece0 on c05002f484b8:40113 in memory (size: 22.5 KiB, free: 434.3 MiB)
[2026-04-27T08:57:21.930+0000] {subprocess.py:106} INFO - 26/04/27 08:57:21 INFO BlockManagerInfo: Removed broadcast_11_piece0 on 172.30.0.8:33469 in memory (size: 22.5 KiB, free: 434.4 MiB)
[2026-04-27T08:57:21.958+0000] {subprocess.py:106} INFO - 26/04/27 08:57:21 INFO BlockManagerInfo: Removed broadcast_7_piece0 on c05002f484b8:40113 in memory (size: 30.3 KiB, free: 434.3 MiB)
[2026-04-27T08:57:22.007+0000] {subprocess.py:106} INFO - 26/04/27 08:57:22 INFO CodeGenerator: Code generated in 35.972129 ms
[2026-04-27T08:57:22.032+0000] {subprocess.py:106} INFO - 26/04/27 08:57:22 INFO DAGScheduler: Registering RDD 21 (create at <unknown>:0) as input to shuffle 3
[2026-04-27T08:57:22.034+0000] {subprocess.py:106} INFO - 26/04/27 08:57:22 INFO DAGScheduler: Got map stage job 6 (create at <unknown>:0) with 1 output partitions
[2026-04-27T08:57:22.035+0000] {subprocess.py:106} INFO - 26/04/27 08:57:22 INFO DAGScheduler: Final stage: ShuffleMapStage 9 (create at <unknown>:0)
[2026-04-27T08:57:22.036+0000] {subprocess.py:106} INFO - 26/04/27 08:57:22 INFO DAGScheduler: Parents of final stage: List()
[2026-04-27T08:57:22.039+0000] {subprocess.py:106} INFO - 26/04/27 08:57:22 INFO DAGScheduler: Missing parents: List()
[2026-04-27T08:57:22.042+0000] {subprocess.py:106} INFO - 26/04/27 08:57:22 INFO DAGScheduler: Submitting ShuffleMapStage 9 (MapPartitionsRDD[21] at create at <unknown>:0), which has no missing parents
[2026-04-27T08:57:22.049+0000] {subprocess.py:106} INFO - 26/04/27 08:57:22 INFO MemoryStore: Block broadcast_14 stored as values in memory (estimated size 37.1 KiB, free 434.2 MiB)
[2026-04-27T08:57:22.084+0000] {subprocess.py:106} INFO - 26/04/27 08:57:22 INFO MemoryStore: Block broadcast_14_piece0 stored as bytes in memory (estimated size 16.2 KiB, free 434.2 MiB)
[2026-04-27T08:57:22.087+0000] {subprocess.py:106} INFO - 26/04/27 08:57:22 INFO BlockManagerInfo: Added broadcast_14_piece0 in memory on c05002f484b8:40113 (size: 16.2 KiB, free: 434.3 MiB)
[2026-04-27T08:57:22.092+0000] {subprocess.py:106} INFO - 26/04/27 08:57:22 INFO SparkContext: Created broadcast 14 from broadcast at DAGScheduler.scala:1585
[2026-04-27T08:57:22.094+0000] {subprocess.py:106} INFO - 26/04/27 08:57:22 INFO DAGScheduler: Submitting 1 missing tasks from ShuffleMapStage 9 (MapPartitionsRDD[21] at create at <unknown>:0) (first 15 tasks are for partitions Vector(0))
[2026-04-27T08:57:22.095+0000] {subprocess.py:106} INFO - 26/04/27 08:57:22 INFO TaskSchedulerImpl: Adding task set 9.0 with 1 tasks resource profile 0
[2026-04-27T08:57:22.099+0000] {subprocess.py:106} INFO - 26/04/27 08:57:22 INFO TaskSetManager: Starting task 0.0 in stage 9.0 (TID 6) (172.30.0.8, executor 0, partition 0, PROCESS_LOCAL, 15457 bytes)
[2026-04-27T08:57:22.130+0000] {subprocess.py:106} INFO - 26/04/27 08:57:22 INFO BlockManagerInfo: Added broadcast_14_piece0 in memory on 172.30.0.8:33469 (size: 16.2 KiB, free: 434.4 MiB)
[2026-04-27T08:57:22.319+0000] {subprocess.py:106} INFO - 26/04/27 08:57:22 INFO BlockManagerInfo: Added broadcast_13_piece0 in memory on 172.30.0.8:33469 (size: 30.3 KiB, free: 434.4 MiB)
[2026-04-27T08:57:23.003+0000] {subprocess.py:106} INFO - 26/04/27 08:57:23 INFO TaskSetManager: Finished task 0.0 in stage 9.0 (TID 6) in 911 ms on 172.30.0.8 (executor 0) (1/1)
[2026-04-27T08:57:23.009+0000] {subprocess.py:106} INFO - 26/04/27 08:57:23 INFO TaskSchedulerImpl: Removed TaskSet 9.0, whose tasks have all completed, from pool
[2026-04-27T08:57:23.010+0000] {subprocess.py:106} INFO - 26/04/27 08:57:23 INFO DAGScheduler: ShuffleMapStage 9 (create at <unknown>:0) finished in 0.962 s
[2026-04-27T08:57:23.010+0000] {subprocess.py:106} INFO - 26/04/27 08:57:23 INFO DAGScheduler: looking for newly runnable stages
[2026-04-27T08:57:23.011+0000] {subprocess.py:106} INFO - 26/04/27 08:57:23 INFO DAGScheduler: running: Set()
[2026-04-27T08:57:23.011+0000] {subprocess.py:106} INFO - 26/04/27 08:57:23 INFO DAGScheduler: waiting: Set()
[2026-04-27T08:57:23.012+0000] {subprocess.py:106} INFO - 26/04/27 08:57:23 INFO DAGScheduler: failed: Set()
[2026-04-27T08:57:23.014+0000] {subprocess.py:106} INFO - 26/04/27 08:57:23 INFO ShufflePartitionsUtil: For shuffle(3), advisory target size: 67108864, actual target size 1048576, minimum partition size: 1048576
[2026-04-27T08:57:23.066+0000] {subprocess.py:106} INFO - 26/04/27 08:57:23 INFO CodeGenerator: Code generated in 36.80579 ms
[2026-04-27T08:57:23.077+0000] {subprocess.py:106} INFO - 26/04/27 08:57:23 INFO MemoryStore: Block broadcast_15 stored as values in memory (estimated size 32.0 KiB, free 434.2 MiB)
[2026-04-27T08:57:23.092+0000] {subprocess.py:106} INFO - 26/04/27 08:57:23 INFO MemoryStore: Block broadcast_15_piece0 stored as bytes in memory (estimated size 29.8 KiB, free 434.2 MiB)
[2026-04-27T08:57:23.095+0000] {subprocess.py:106} INFO - 26/04/27 08:57:23 INFO BlockManagerInfo: Added broadcast_15_piece0 in memory on c05002f484b8:40113 (size: 29.8 KiB, free: 434.3 MiB)
[2026-04-27T08:57:23.096+0000] {subprocess.py:106} INFO - 26/04/27 08:57:23 INFO SparkContext: Created broadcast 15 from broadcast at SparkWrite.java:193
[2026-04-27T08:57:23.097+0000] {subprocess.py:106} INFO - 26/04/27 08:57:23 INFO AppendDataExec: Start processing data source write support: IcebergBatchWrite(table=gold.dim_company, format=PARQUET). The input RDD has 1 partitions.
[2026-04-27T08:57:23.097+0000] {subprocess.py:106} INFO - 26/04/27 08:57:23 INFO SparkContext: Starting job: create at <unknown>:0
[2026-04-27T08:57:23.109+0000] {subprocess.py:106} INFO - 26/04/27 08:57:23 INFO BlockManagerInfo: Removed broadcast_14_piece0 on 172.30.0.8:33469 in memory (size: 16.2 KiB, free: 434.4 MiB)
[2026-04-27T08:57:23.110+0000] {subprocess.py:106} INFO - 26/04/27 08:57:23 INFO DAGScheduler: Got job 7 (create at <unknown>:0) with 1 output partitions
[2026-04-27T08:57:23.111+0000] {subprocess.py:106} INFO - 26/04/27 08:57:23 INFO DAGScheduler: Final stage: ResultStage 11 (create at <unknown>:0)
[2026-04-27T08:57:23.112+0000] {subprocess.py:106} INFO - 26/04/27 08:57:23 INFO DAGScheduler: Parents of final stage: List(ShuffleMapStage 10)
[2026-04-27T08:57:23.114+0000] {subprocess.py:106} INFO - 26/04/27 08:57:23 INFO BlockManagerInfo: Removed broadcast_14_piece0 on c05002f484b8:40113 in memory (size: 16.2 KiB, free: 434.3 MiB)
[2026-04-27T08:57:23.115+0000] {subprocess.py:106} INFO - 26/04/27 08:57:23 INFO DAGScheduler: Missing parents: List()
[2026-04-27T08:57:23.115+0000] {subprocess.py:106} INFO - 26/04/27 08:57:23 INFO DAGScheduler: Submitting ResultStage 11 (MapPartitionsRDD[23] at create at <unknown>:0), which has no missing parents
[2026-04-27T08:57:23.135+0000] {subprocess.py:106} INFO - 26/04/27 08:57:23 INFO MemoryStore: Block broadcast_16 stored as values in memory (estimated size 43.6 KiB, free 434.2 MiB)
[2026-04-27T08:57:23.139+0000] {subprocess.py:106} INFO - 26/04/27 08:57:23 INFO MemoryStore: Block broadcast_16_piece0 stored as bytes in memory (estimated size 19.8 KiB, free 434.2 MiB)
[2026-04-27T08:57:23.140+0000] {subprocess.py:106} INFO - 26/04/27 08:57:23 INFO BlockManagerInfo: Added broadcast_16_piece0 in memory on c05002f484b8:40113 (size: 19.8 KiB, free: 434.3 MiB)
[2026-04-27T08:57:23.141+0000] {subprocess.py:106} INFO - 26/04/27 08:57:23 INFO SparkContext: Created broadcast 16 from broadcast at DAGScheduler.scala:1585
[2026-04-27T08:57:23.142+0000] {subprocess.py:106} INFO - 26/04/27 08:57:23 INFO DAGScheduler: Submitting 1 missing tasks from ResultStage 11 (MapPartitionsRDD[23] at create at <unknown>:0) (first 15 tasks are for partitions Vector(0))
[2026-04-27T08:57:23.142+0000] {subprocess.py:106} INFO - 26/04/27 08:57:23 INFO TaskSchedulerImpl: Adding task set 11.0 with 1 tasks resource profile 0
[2026-04-27T08:57:23.143+0000] {subprocess.py:106} INFO - 26/04/27 08:57:23 INFO TaskSetManager: Starting task 0.0 in stage 11.0 (TID 7) (172.30.0.8, executor 0, partition 0, NODE_LOCAL, 9976 bytes)
[2026-04-27T08:57:23.183+0000] {subprocess.py:106} INFO - 26/04/27 08:57:23 INFO BlockManagerInfo: Added broadcast_16_piece0 in memory on 172.30.0.8:33469 (size: 19.8 KiB, free: 434.4 MiB)
[2026-04-27T08:57:23.196+0000] {subprocess.py:106} INFO - 26/04/27 08:57:23 INFO MapOutputTrackerMasterEndpoint: Asked to send map output locations for shuffle 3 to 172.30.0.8:49000
[2026-04-27T08:57:23.253+0000] {subprocess.py:106} INFO - 26/04/27 08:57:23 INFO BlockManagerInfo: Added broadcast_15_piece0 in memory on 172.30.0.8:33469 (size: 29.8 KiB, free: 434.3 MiB)
[2026-04-27T08:57:23.422+0000] {subprocess.py:106} INFO - 26/04/27 08:57:23 INFO TaskSetManager: Finished task 0.0 in stage 11.0 (TID 7) in 276 ms on 172.30.0.8 (executor 0) (1/1)
[2026-04-27T08:57:23.424+0000] {subprocess.py:106} INFO - 26/04/27 08:57:23 INFO TaskSchedulerImpl: Removed TaskSet 11.0, whose tasks have all completed, from pool
[2026-04-27T08:57:23.424+0000] {subprocess.py:106} INFO - 26/04/27 08:57:23 INFO DAGScheduler: ResultStage 11 (create at <unknown>:0) finished in 0.293 s
[2026-04-27T08:57:23.425+0000] {subprocess.py:106} INFO - 26/04/27 08:57:23 INFO DAGScheduler: Job 7 is finished. Cancelling potential speculative or zombie tasks for this job
[2026-04-27T08:57:23.426+0000] {subprocess.py:106} INFO - 26/04/27 08:57:23 INFO TaskSchedulerImpl: Killing all running tasks in stage 11: Stage finished
[2026-04-27T08:57:23.426+0000] {subprocess.py:106} INFO - 26/04/27 08:57:23 INFO DAGScheduler: Job 7 finished: create at <unknown>:0, took 0.325065 s
[2026-04-27T08:57:23.427+0000] {subprocess.py:106} INFO - 26/04/27 08:57:23 INFO AppendDataExec: Data source write support IcebergBatchWrite(table=gold.dim_company, format=PARQUET) is committing.
[2026-04-27T08:57:23.427+0000] {subprocess.py:106} INFO - 26/04/27 08:57:23 INFO SparkWrite: Committing append with 1 new data files to table gold.dim_company
[2026-04-27T08:57:23.664+0000] {subprocess.py:106} INFO - 26/04/27 08:57:23 INFO SnapshotProducer: Committed snapshot 2168260274689718707 (MergeAppend)
[2026-04-27T08:57:23.699+0000] {subprocess.py:106} INFO - 26/04/27 08:57:23 INFO LoggingMetricsReporter: Received metrics report: CommitReport{tableName=gold.dim_company, snapshotId=2168260274689718707, sequenceNumber=1, operation=append, commitMetrics=CommitMetricsResult{totalDuration=TimerResult{timeUnit=NANOSECONDS, totalDuration=PT0.273342767S, count=1}, attempts=CounterResult{unit=COUNT, value=1}, addedDataFiles=CounterResult{unit=COUNT, value=1}, removedDataFiles=null, totalDataFiles=CounterResult{unit=COUNT, value=1}, addedDeleteFiles=null, addedEqualityDeleteFiles=null, addedPositionalDeleteFiles=null, removedDeleteFiles=null, removedEqualityDeleteFiles=null, removedPositionalDeleteFiles=null, totalDeleteFiles=CounterResult{unit=COUNT, value=0}, addedRecords=CounterResult{unit=COUNT, value=1213}, removedRecords=null, totalRecords=CounterResult{unit=COUNT, value=1213}, addedFilesSizeInBytes=CounterResult{unit=BYTES, value=22525}, removedFilesSizeInBytes=null, totalFilesSizeInBytes=CounterResult{unit=BYTES, value=22525}, addedPositionalDeletes=null, removedPositionalDeletes=null, totalPositionalDeletes=CounterResult{unit=COUNT, value=0}, addedEqualityDeletes=null, removedEqualityDeletes=null, totalEqualityDeletes=CounterResult{unit=COUNT, value=0}}, metadata={engine-version=3.5.3, app-id=app-20260427085656-0005, engine-name=spark, iceberg-version=Apache Iceberg 1.6.1 (commit 8e9d59d299be42b0bca9461457cd1e95dbaad086)}}
[2026-04-27T08:57:23.700+0000] {subprocess.py:106} INFO - 26/04/27 08:57:23 INFO SparkWrite: Committed in 274 ms
[2026-04-27T08:57:23.701+0000] {subprocess.py:106} INFO - 26/04/27 08:57:23 INFO AppendDataExec: Data source write support IcebergBatchWrite(table=gold.dim_company, format=PARQUET) committed.
[2026-04-27T08:57:23.893+0000] {subprocess.py:106} INFO - 26/04/27 08:57:23 INFO HiveTableOperations: Committed to table iceberg.gold.dim_company with the new metadata location s3a://warehouse/iceberg_data/gold.db/dim_company/metadata/00000-566eef4d-b138-4dea-99a3-81d20f5d8a3a.metadata.json
[2026-04-27T08:57:23.895+0000] {subprocess.py:106} INFO - 26/04/27 08:57:23 INFO BaseMetastoreTableOperations: Successfully committed to table iceberg.gold.dim_company in 194 ms
[2026-04-27T08:57:23.896+0000] {subprocess.py:106} INFO - >>> Building DIM_WORK_MODE...
[2026-04-27T08:57:24.016+0000] {subprocess.py:106} INFO - 26/04/27 08:57:24 INFO BaseMetastoreCatalog: Table properties set at catalog level through catalog properties: {}
[2026-04-27T08:57:24.024+0000] {subprocess.py:106} INFO - 26/04/27 08:57:24 INFO BaseMetastoreCatalog: Table properties enforced at catalog level through catalog properties: {}
[2026-04-27T08:57:24.057+0000] {subprocess.py:106} INFO - 26/04/27 08:57:24 INFO V2ScanRelationPushDown:
[2026-04-27T08:57:24.058+0000] {subprocess.py:106} INFO - Pushing operators to iceberg.silver.it_jobs_clean
[2026-04-27T08:57:24.060+0000] {subprocess.py:106} INFO - Pushed Filters: work_mode IS NOT NULL
[2026-04-27T08:57:24.061+0000] {subprocess.py:106} INFO - Post-Scan Filters: isnotnull(work_mode#7)
[2026-04-27T08:57:24.062+0000] {subprocess.py:106} INFO - 
[2026-04-27T08:57:24.062+0000] {subprocess.py:106} INFO - 26/04/27 08:57:24 INFO V2ScanRelationPushDown:
[2026-04-27T08:57:24.063+0000] {subprocess.py:106} INFO - Output: work_mode#7
[2026-04-27T08:57:24.064+0000] {subprocess.py:106} INFO - 
[2026-04-27T08:57:24.064+0000] {subprocess.py:106} INFO - 26/04/27 08:57:24 INFO SnapshotScan: Scanning table iceberg.silver.it_jobs_clean snapshot 5214283704870780580 created at 2026-04-27T08:56:48.691+00:00 with filter work_mode IS NOT NULL
[2026-04-27T08:57:24.065+0000] {subprocess.py:106} INFO - 26/04/27 08:57:24 INFO BaseDistributedDataScan: Planning file tasks locally for table iceberg.silver.it_jobs_clean
[2026-04-27T08:57:24.100+0000] {subprocess.py:106} INFO - 26/04/27 08:57:24 INFO SparkPartitioningAwareScan: Reporting UnknownPartitioning with 1 partition(s) for table iceberg.silver.it_jobs_clean
[2026-04-27T08:57:24.102+0000] {subprocess.py:106} INFO - 26/04/27 08:57:24 INFO SparkWrite: Requesting 0 bytes advisory partition size for table gold.dim_work_mode
[2026-04-27T08:57:24.107+0000] {subprocess.py:106} INFO - 26/04/27 08:57:24 INFO SparkWrite: Requesting UnspecifiedDistribution as write distribution for table gold.dim_work_mode
[2026-04-27T08:57:24.108+0000] {subprocess.py:106} INFO - 26/04/27 08:57:24 INFO SparkWrite: Requesting [] as write ordering for table gold.dim_work_mode
[2026-04-27T08:57:24.114+0000] {subprocess.py:106} INFO - 26/04/27 08:57:24 INFO MemoryStore: Block broadcast_17 stored as values in memory (estimated size 32.0 KiB, free 434.1 MiB)
[2026-04-27T08:57:24.139+0000] {subprocess.py:106} INFO - 26/04/27 08:57:24 INFO MemoryStore: Block broadcast_17_piece0 stored as bytes in memory (estimated size 30.3 KiB, free 434.1 MiB)
[2026-04-27T08:57:24.140+0000] {subprocess.py:106} INFO - 26/04/27 08:57:24 INFO BlockManagerInfo: Added broadcast_17_piece0 in memory on c05002f484b8:40113 (size: 30.3 KiB, free: 434.3 MiB)
[2026-04-27T08:57:24.141+0000] {subprocess.py:106} INFO - 26/04/27 08:57:24 INFO BlockManagerInfo: Removed broadcast_12_piece0 on c05002f484b8:40113 in memory (size: 30.4 KiB, free: 434.3 MiB)
[2026-04-27T08:57:24.142+0000] {subprocess.py:106} INFO - 26/04/27 08:57:24 INFO SparkContext: Created broadcast 17 from broadcast at SparkBatch.java:79
[2026-04-27T08:57:24.145+0000] {subprocess.py:106} INFO - 26/04/27 08:57:24 INFO MemoryStore: Block broadcast_18 stored as values in memory (estimated size 32.0 KiB, free 434.1 MiB)
[2026-04-27T08:57:24.148+0000] {subprocess.py:106} INFO - 26/04/27 08:57:24 INFO MemoryStore: Block broadcast_18_piece0 stored as bytes in memory (estimated size 30.4 KiB, free 434.1 MiB)
[2026-04-27T08:57:24.150+0000] {subprocess.py:106} INFO - 26/04/27 08:57:24 INFO BlockManagerInfo: Added broadcast_18_piece0 in memory on c05002f484b8:40113 (size: 30.4 KiB, free: 434.3 MiB)
[2026-04-27T08:57:24.151+0000] {subprocess.py:106} INFO - 26/04/27 08:57:24 INFO SparkContext: Created broadcast 18 from broadcast at SparkBatch.java:79
[2026-04-27T08:57:24.163+0000] {subprocess.py:106} INFO - 26/04/27 08:57:24 INFO BlockManagerInfo: Removed broadcast_13_piece0 on c05002f484b8:40113 in memory (size: 30.3 KiB, free: 434.3 MiB)
[2026-04-27T08:57:24.164+0000] {subprocess.py:106} INFO - 26/04/27 08:57:24 INFO BlockManagerInfo: Removed broadcast_13_piece0 on 172.30.0.8:33469 in memory (size: 30.3 KiB, free: 434.4 MiB)
[2026-04-27T08:57:24.174+0000] {subprocess.py:106} INFO - 26/04/27 08:57:24 INFO BlockManagerInfo: Removed broadcast_15_piece0 on c05002f484b8:40113 in memory (size: 29.8 KiB, free: 434.3 MiB)
[2026-04-27T08:57:24.175+0000] {subprocess.py:106} INFO - 26/04/27 08:57:24 INFO BlockManagerInfo: Removed broadcast_15_piece0 on 172.30.0.8:33469 in memory (size: 29.8 KiB, free: 434.4 MiB)
[2026-04-27T08:57:24.201+0000] {subprocess.py:106} INFO - 26/04/27 08:57:24 INFO DAGScheduler: Registering RDD 27 (create at <unknown>:0) as input to shuffle 4
[2026-04-27T08:57:24.202+0000] {subprocess.py:106} INFO - 26/04/27 08:57:24 INFO DAGScheduler: Got map stage job 8 (create at <unknown>:0) with 1 output partitions
[2026-04-27T08:57:24.202+0000] {subprocess.py:106} INFO - 26/04/27 08:57:24 INFO DAGScheduler: Final stage: ShuffleMapStage 12 (create at <unknown>:0)
[2026-04-27T08:57:24.203+0000] {subprocess.py:106} INFO - 26/04/27 08:57:24 INFO DAGScheduler: Parents of final stage: List()
[2026-04-27T08:57:24.207+0000] {subprocess.py:106} INFO - 26/04/27 08:57:24 INFO BlockManagerInfo: Removed broadcast_16_piece0 on 172.30.0.8:33469 in memory (size: 19.8 KiB, free: 434.4 MiB)
[2026-04-27T08:57:24.209+0000] {subprocess.py:106} INFO - 26/04/27 08:57:24 INFO DAGScheduler: Missing parents: List()
[2026-04-27T08:57:24.210+0000] {subprocess.py:106} INFO - 26/04/27 08:57:24 INFO DAGScheduler: Submitting ShuffleMapStage 12 (MapPartitionsRDD[27] at create at <unknown>:0), which has no missing parents
[2026-04-27T08:57:24.211+0000] {subprocess.py:106} INFO - 26/04/27 08:57:24 INFO BlockManagerInfo: Removed broadcast_16_piece0 on c05002f484b8:40113 in memory (size: 19.8 KiB, free: 434.3 MiB)
[2026-04-27T08:57:24.219+0000] {subprocess.py:106} INFO - 26/04/27 08:57:24 INFO MemoryStore: Block broadcast_19 stored as values in memory (estimated size 37.1 KiB, free 434.2 MiB)
[2026-04-27T08:57:24.220+0000] {subprocess.py:106} INFO - 26/04/27 08:57:24 INFO MemoryStore: Block broadcast_19_piece0 stored as bytes in memory (estimated size 16.2 KiB, free 434.2 MiB)
[2026-04-27T08:57:24.222+0000] {subprocess.py:106} INFO - 26/04/27 08:57:24 INFO BlockManagerInfo: Added broadcast_19_piece0 in memory on c05002f484b8:40113 (size: 16.2 KiB, free: 434.3 MiB)
[2026-04-27T08:57:24.222+0000] {subprocess.py:106} INFO - 26/04/27 08:57:24 INFO SparkContext: Created broadcast 19 from broadcast at DAGScheduler.scala:1585
[2026-04-27T08:57:24.223+0000] {subprocess.py:106} INFO - 26/04/27 08:57:24 INFO DAGScheduler: Submitting 1 missing tasks from ShuffleMapStage 12 (MapPartitionsRDD[27] at create at <unknown>:0) (first 15 tasks are for partitions Vector(0))
[2026-04-27T08:57:24.223+0000] {subprocess.py:106} INFO - 26/04/27 08:57:24 INFO TaskSchedulerImpl: Adding task set 12.0 with 1 tasks resource profile 0
[2026-04-27T08:57:24.224+0000] {subprocess.py:106} INFO - 26/04/27 08:57:24 INFO TaskSetManager: Starting task 0.0 in stage 12.0 (TID 8) (172.30.0.8, executor 0, partition 0, PROCESS_LOCAL, 15451 bytes)
[2026-04-27T08:57:24.238+0000] {subprocess.py:106} INFO - 26/04/27 08:57:24 INFO BlockManagerInfo: Added broadcast_19_piece0 in memory on 172.30.0.8:33469 (size: 16.2 KiB, free: 434.4 MiB)
[2026-04-27T08:57:24.277+0000] {subprocess.py:106} INFO - 26/04/27 08:57:24 INFO BlockManagerInfo: Added broadcast_18_piece0 in memory on 172.30.0.8:33469 (size: 30.4 KiB, free: 434.4 MiB)
[2026-04-27T08:57:24.482+0000] {subprocess.py:106} INFO - 26/04/27 08:57:24 INFO TaskSetManager: Finished task 0.0 in stage 12.0 (TID 8) in 262 ms on 172.30.0.8 (executor 0) (1/1)
[2026-04-27T08:57:24.483+0000] {subprocess.py:106} INFO - 26/04/27 08:57:24 INFO TaskSchedulerImpl: Removed TaskSet 12.0, whose tasks have all completed, from pool
[2026-04-27T08:57:24.484+0000] {subprocess.py:106} INFO - 26/04/27 08:57:24 INFO DAGScheduler: ShuffleMapStage 12 (create at <unknown>:0) finished in 0.273 s
[2026-04-27T08:57:24.485+0000] {subprocess.py:106} INFO - 26/04/27 08:57:24 INFO DAGScheduler: looking for newly runnable stages
[2026-04-27T08:57:24.485+0000] {subprocess.py:106} INFO - 26/04/27 08:57:24 INFO DAGScheduler: running: Set()
[2026-04-27T08:57:24.486+0000] {subprocess.py:106} INFO - 26/04/27 08:57:24 INFO DAGScheduler: waiting: Set()
[2026-04-27T08:57:24.486+0000] {subprocess.py:106} INFO - 26/04/27 08:57:24 INFO DAGScheduler: failed: Set()
[2026-04-27T08:57:24.488+0000] {subprocess.py:106} INFO - 26/04/27 08:57:24 INFO ShufflePartitionsUtil: For shuffle(4), advisory target size: 67108864, actual target size 1048576, minimum partition size: 1048576
[2026-04-27T08:57:24.536+0000] {subprocess.py:106} INFO - 26/04/27 08:57:24 INFO MemoryStore: Block broadcast_20 stored as values in memory (estimated size 32.0 KiB, free 434.2 MiB)
[2026-04-27T08:57:24.603+0000] {subprocess.py:106} INFO - 26/04/27 08:57:24 INFO MemoryStore: Block broadcast_20_piece0 stored as bytes in memory (estimated size 29.8 KiB, free 434.2 MiB)
[2026-04-27T08:57:24.624+0000] {subprocess.py:106} INFO - 26/04/27 08:57:24 INFO BlockManagerInfo: Added broadcast_20_piece0 in memory on c05002f484b8:40113 (size: 29.8 KiB, free: 434.3 MiB)
[2026-04-27T08:57:24.627+0000] {subprocess.py:106} INFO - 26/04/27 08:57:24 INFO BlockManagerInfo: Removed broadcast_19_piece0 on c05002f484b8:40113 in memory (size: 16.2 KiB, free: 434.3 MiB)
[2026-04-27T08:57:24.629+0000] {subprocess.py:106} INFO - 26/04/27 08:57:24 INFO SparkContext: Created broadcast 20 from broadcast at SparkWrite.java:193
[2026-04-27T08:57:24.630+0000] {subprocess.py:106} INFO - 26/04/27 08:57:24 INFO AppendDataExec: Start processing data source write support: IcebergBatchWrite(table=gold.dim_work_mode, format=PARQUET). The input RDD has 1 partitions.
[2026-04-27T08:57:24.636+0000] {subprocess.py:106} INFO - 26/04/27 08:57:24 INFO BlockManagerInfo: Removed broadcast_19_piece0 on 172.30.0.8:33469 in memory (size: 16.2 KiB, free: 434.4 MiB)
[2026-04-27T08:57:24.637+0000] {subprocess.py:106} INFO - 26/04/27 08:57:24 INFO SparkContext: Starting job: create at <unknown>:0
[2026-04-27T08:57:24.642+0000] {subprocess.py:106} INFO - 26/04/27 08:57:24 INFO DAGScheduler: Got job 9 (create at <unknown>:0) with 1 output partitions
[2026-04-27T08:57:24.645+0000] {subprocess.py:106} INFO - 26/04/27 08:57:24 INFO DAGScheduler: Final stage: ResultStage 14 (create at <unknown>:0)
[2026-04-27T08:57:24.647+0000] {subprocess.py:106} INFO - 26/04/27 08:57:24 INFO DAGScheduler: Parents of final stage: List(ShuffleMapStage 13)
[2026-04-27T08:57:24.650+0000] {subprocess.py:106} INFO - 26/04/27 08:57:24 INFO DAGScheduler: Missing parents: List()
[2026-04-27T08:57:24.663+0000] {subprocess.py:106} INFO - 26/04/27 08:57:24 INFO DAGScheduler: Submitting ResultStage 14 (MapPartitionsRDD[29] at create at <unknown>:0), which has no missing parents
[2026-04-27T08:57:24.676+0000] {subprocess.py:106} INFO - 26/04/27 08:57:24 INFO MemoryStore: Block broadcast_21 stored as values in memory (estimated size 43.6 KiB, free 434.2 MiB)
[2026-04-27T08:57:24.677+0000] {subprocess.py:106} INFO - 26/04/27 08:57:24 INFO MemoryStore: Block broadcast_21_piece0 stored as bytes in memory (estimated size 19.8 KiB, free 434.2 MiB)
[2026-04-27T08:57:24.682+0000] {subprocess.py:106} INFO - 26/04/27 08:57:24 INFO BlockManagerInfo: Added broadcast_21_piece0 in memory on c05002f484b8:40113 (size: 19.8 KiB, free: 434.3 MiB)
[2026-04-27T08:57:24.688+0000] {subprocess.py:106} INFO - 26/04/27 08:57:24 INFO SparkContext: Created broadcast 21 from broadcast at DAGScheduler.scala:1585
[2026-04-27T08:57:24.690+0000] {subprocess.py:106} INFO - 26/04/27 08:57:24 INFO DAGScheduler: Submitting 1 missing tasks from ResultStage 14 (MapPartitionsRDD[29] at create at <unknown>:0) (first 15 tasks are for partitions Vector(0))
[2026-04-27T08:57:24.690+0000] {subprocess.py:106} INFO - 26/04/27 08:57:24 INFO TaskSchedulerImpl: Adding task set 14.0 with 1 tasks resource profile 0
[2026-04-27T08:57:24.714+0000] {subprocess.py:106} INFO - 26/04/27 08:57:24 INFO TaskSetManager: Starting task 0.0 in stage 14.0 (TID 9) (172.30.0.8, executor 0, partition 0, NODE_LOCAL, 9976 bytes)
[2026-04-27T08:57:24.756+0000] {subprocess.py:106} INFO - 26/04/27 08:57:24 INFO BlockManagerInfo: Added broadcast_21_piece0 in memory on 172.30.0.8:33469 (size: 19.8 KiB, free: 434.4 MiB)
[2026-04-27T08:57:24.775+0000] {subprocess.py:106} INFO - 26/04/27 08:57:24 INFO MapOutputTrackerMasterEndpoint: Asked to send map output locations for shuffle 4 to 172.30.0.8:49000
[2026-04-27T08:57:24.809+0000] {subprocess.py:106} INFO - 26/04/27 08:57:24 INFO BlockManagerInfo: Added broadcast_20_piece0 in memory on 172.30.0.8:33469 (size: 29.8 KiB, free: 434.3 MiB)
[2026-04-27T08:57:25.025+0000] {subprocess.py:106} INFO - 26/04/27 08:57:25 INFO TaskSetManager: Finished task 0.0 in stage 14.0 (TID 9) in 311 ms on 172.30.0.8 (executor 0) (1/1)
[2026-04-27T08:57:25.027+0000] {subprocess.py:106} INFO - 26/04/27 08:57:25 INFO TaskSchedulerImpl: Removed TaskSet 14.0, whose tasks have all completed, from pool
[2026-04-27T08:57:25.033+0000] {subprocess.py:106} INFO - 26/04/27 08:57:25 INFO DAGScheduler: ResultStage 14 (create at <unknown>:0) finished in 0.367 s
[2026-04-27T08:57:25.043+0000] {subprocess.py:106} INFO - 26/04/27 08:57:25 INFO DAGScheduler: Job 9 is finished. Cancelling potential speculative or zombie tasks for this job
[2026-04-27T08:57:25.050+0000] {subprocess.py:106} INFO - 26/04/27 08:57:25 INFO TaskSchedulerImpl: Killing all running tasks in stage 14: Stage finished
[2026-04-27T08:57:25.053+0000] {subprocess.py:106} INFO - 26/04/27 08:57:25 INFO DAGScheduler: Job 9 finished: create at <unknown>:0, took 0.394268 s
[2026-04-27T08:57:25.054+0000] {subprocess.py:106} INFO - 26/04/27 08:57:25 INFO AppendDataExec: Data source write support IcebergBatchWrite(table=gold.dim_work_mode, format=PARQUET) is committing.
[2026-04-27T08:57:25.065+0000] {subprocess.py:106} INFO - 26/04/27 08:57:25 INFO SparkWrite: Committing append with 1 new data files to table gold.dim_work_mode
[2026-04-27T08:57:25.292+0000] {subprocess.py:106} INFO - 26/04/27 08:57:25 INFO SnapshotProducer: Committed snapshot 3946317362508044091 (MergeAppend)
[2026-04-27T08:57:25.331+0000] {subprocess.py:106} INFO - 26/04/27 08:57:25 INFO LoggingMetricsReporter: Received metrics report: CommitReport{tableName=gold.dim_work_mode, snapshotId=3946317362508044091, sequenceNumber=1, operation=append, commitMetrics=CommitMetricsResult{totalDuration=TimerResult{timeUnit=NANOSECONDS, totalDuration=PT0.280754564S, count=1}, attempts=CounterResult{unit=COUNT, value=1}, addedDataFiles=CounterResult{unit=COUNT, value=1}, removedDataFiles=null, totalDataFiles=CounterResult{unit=COUNT, value=1}, addedDeleteFiles=null, addedEqualityDeleteFiles=null, addedPositionalDeleteFiles=null, removedDeleteFiles=null, removedEqualityDeleteFiles=null, removedPositionalDeleteFiles=null, totalDeleteFiles=CounterResult{unit=COUNT, value=0}, addedRecords=CounterResult{unit=COUNT, value=3}, removedRecords=null, totalRecords=CounterResult{unit=COUNT, value=3}, addedFilesSizeInBytes=CounterResult{unit=BYTES, value=731}, removedFilesSizeInBytes=null, totalFilesSizeInBytes=CounterResult{unit=BYTES, value=731}, addedPositionalDeletes=null, removedPositionalDeletes=null, totalPositionalDeletes=CounterResult{unit=COUNT, value=0}, addedEqualityDeletes=null, removedEqualityDeletes=null, totalEqualityDeletes=CounterResult{unit=COUNT, value=0}}, metadata={engine-version=3.5.3, app-id=app-20260427085656-0005, engine-name=spark, iceberg-version=Apache Iceberg 1.6.1 (commit 8e9d59d299be42b0bca9461457cd1e95dbaad086)}}
[2026-04-27T08:57:25.332+0000] {subprocess.py:106} INFO - 26/04/27 08:57:25 INFO SparkWrite: Committed in 285 ms
[2026-04-27T08:57:25.333+0000] {subprocess.py:106} INFO - 26/04/27 08:57:25 INFO AppendDataExec: Data source write support IcebergBatchWrite(table=gold.dim_work_mode, format=PARQUET) committed.
[2026-04-27T08:57:25.524+0000] {subprocess.py:106} INFO - 26/04/27 08:57:25 INFO HiveTableOperations: Committed to table iceberg.gold.dim_work_mode with the new metadata location s3a://warehouse/iceberg_data/gold.db/dim_work_mode/metadata/00000-309fe8ec-b302-48d4-baba-04a7dbc875b0.metadata.json
[2026-04-27T08:57:25.525+0000] {subprocess.py:106} INFO - 26/04/27 08:57:25 INFO BaseMetastoreTableOperations: Successfully committed to table iceberg.gold.dim_work_mode in 194 ms
[2026-04-27T08:57:25.526+0000] {subprocess.py:106} INFO - >>> Building DIM_DATE...
[2026-04-27T08:57:25.662+0000] {subprocess.py:106} INFO - 26/04/27 08:57:25 INFO BlockManagerInfo: Removed broadcast_17_piece0 on c05002f484b8:40113 in memory (size: 30.3 KiB, free: 434.3 MiB)
[2026-04-27T08:57:25.671+0000] {subprocess.py:106} INFO - 26/04/27 08:57:25 INFO BlockManagerInfo: Removed broadcast_18_piece0 on c05002f484b8:40113 in memory (size: 30.4 KiB, free: 434.4 MiB)
[2026-04-27T08:57:25.672+0000] {subprocess.py:106} INFO - 26/04/27 08:57:25 INFO BlockManagerInfo: Removed broadcast_18_piece0 on 172.30.0.8:33469 in memory (size: 30.4 KiB, free: 434.4 MiB)
[2026-04-27T08:57:25.682+0000] {subprocess.py:106} INFO - 26/04/27 08:57:25 INFO BlockManagerInfo: Removed broadcast_21_piece0 on c05002f484b8:40113 in memory (size: 19.8 KiB, free: 434.4 MiB)
[2026-04-27T08:57:25.690+0000] {subprocess.py:106} INFO - 26/04/27 08:57:25 INFO BlockManagerInfo: Removed broadcast_21_piece0 on 172.30.0.8:33469 in memory (size: 19.8 KiB, free: 434.4 MiB)
[2026-04-27T08:57:25.706+0000] {subprocess.py:106} INFO - 26/04/27 08:57:25 INFO BlockManagerInfo: Removed broadcast_20_piece0 on c05002f484b8:40113 in memory (size: 29.8 KiB, free: 434.4 MiB)
[2026-04-27T08:57:25.710+0000] {subprocess.py:106} INFO - 26/04/27 08:57:25 INFO BlockManagerInfo: Removed broadcast_20_piece0 on 172.30.0.8:33469 in memory (size: 29.8 KiB, free: 434.4 MiB)
[2026-04-27T08:57:25.733+0000] {subprocess.py:106} INFO - 26/04/27 08:57:25 INFO BaseMetastoreCatalog: Table properties set at catalog level through catalog properties: {}
[2026-04-27T08:57:25.740+0000] {subprocess.py:106} INFO - 26/04/27 08:57:25 INFO BaseMetastoreCatalog: Table properties enforced at catalog level through catalog properties: {}
[2026-04-27T08:57:25.776+0000] {subprocess.py:106} INFO - 26/04/27 08:57:25 INFO V2ScanRelationPushDown:
[2026-04-27T08:57:25.777+0000] {subprocess.py:106} INFO - Pushing operators to iceberg.silver.it_jobs_clean
[2026-04-27T08:57:25.778+0000] {subprocess.py:106} INFO - Pushed Filters: date_posted IS NOT NULL
[2026-04-27T08:57:25.779+0000] {subprocess.py:106} INFO - Post-Scan Filters: isnotnull(date_posted#4)
[2026-04-27T08:57:25.779+0000] {subprocess.py:106} INFO - 
[2026-04-27T08:57:25.780+0000] {subprocess.py:106} INFO - 26/04/27 08:57:25 INFO V2ScanRelationPushDown:
[2026-04-27T08:57:25.781+0000] {subprocess.py:106} INFO - Output: date_posted#4
[2026-04-27T08:57:25.782+0000] {subprocess.py:106} INFO - 
[2026-04-27T08:57:25.783+0000] {subprocess.py:106} INFO - 26/04/27 08:57:25 INFO SnapshotScan: Scanning table iceberg.silver.it_jobs_clean snapshot 5214283704870780580 created at 2026-04-27T08:56:48.691+00:00 with filter date_posted IS NOT NULL
[2026-04-27T08:57:25.785+0000] {subprocess.py:106} INFO - 26/04/27 08:57:25 INFO BaseDistributedDataScan: Planning file tasks locally for table iceberg.silver.it_jobs_clean
[2026-04-27T08:57:25.815+0000] {subprocess.py:106} INFO - 26/04/27 08:57:25 INFO SparkPartitioningAwareScan: Reporting UnknownPartitioning with 1 partition(s) for table iceberg.silver.it_jobs_clean
[2026-04-27T08:57:25.818+0000] {subprocess.py:106} INFO - 26/04/27 08:57:25 INFO SparkWrite: Requesting 0 bytes advisory partition size for table gold.dim_date
[2026-04-27T08:57:25.819+0000] {subprocess.py:106} INFO - 26/04/27 08:57:25 INFO SparkWrite: Requesting UnspecifiedDistribution as write distribution for table gold.dim_date
[2026-04-27T08:57:25.821+0000] {subprocess.py:106} INFO - 26/04/27 08:57:25 INFO SparkWrite: Requesting [] as write ordering for table gold.dim_date
[2026-04-27T08:57:25.833+0000] {subprocess.py:106} INFO - 26/04/27 08:57:25 INFO MemoryStore: Block broadcast_22 stored as values in memory (estimated size 32.0 KiB, free 434.4 MiB)
[2026-04-27T08:57:25.844+0000] {subprocess.py:106} INFO - 26/04/27 08:57:25 INFO MemoryStore: Block broadcast_22_piece0 stored as bytes in memory (estimated size 30.4 KiB, free 434.3 MiB)
[2026-04-27T08:57:25.845+0000] {subprocess.py:106} INFO - 26/04/27 08:57:25 INFO BlockManagerInfo: Added broadcast_22_piece0 in memory on c05002f484b8:40113 (size: 30.4 KiB, free: 434.4 MiB)
[2026-04-27T08:57:25.846+0000] {subprocess.py:106} INFO - 26/04/27 08:57:25 INFO SparkContext: Created broadcast 22 from broadcast at SparkBatch.java:79
[2026-04-27T08:57:25.857+0000] {subprocess.py:106} INFO - 26/04/27 08:57:25 INFO MemoryStore: Block broadcast_23 stored as values in memory (estimated size 32.0 KiB, free 434.3 MiB)
[2026-04-27T08:57:25.861+0000] {subprocess.py:106} INFO - 26/04/27 08:57:25 INFO MemoryStore: Block broadcast_23_piece0 stored as bytes in memory (estimated size 30.3 KiB, free 434.3 MiB)
[2026-04-27T08:57:25.862+0000] {subprocess.py:106} INFO - 26/04/27 08:57:25 INFO BlockManagerInfo: Added broadcast_23_piece0 in memory on c05002f484b8:40113 (size: 30.3 KiB, free: 434.3 MiB)
[2026-04-27T08:57:25.864+0000] {subprocess.py:106} INFO - 26/04/27 08:57:25 INFO SparkContext: Created broadcast 23 from broadcast at SparkBatch.java:79
[2026-04-27T08:57:25.988+0000] {subprocess.py:106} INFO - 26/04/27 08:57:25 INFO CodeGenerator: Code generated in 75.897629 ms
[2026-04-27T08:57:26.007+0000] {subprocess.py:106} INFO - 26/04/27 08:57:26 INFO DAGScheduler: Registering RDD 33 (create at <unknown>:0) as input to shuffle 5
[2026-04-27T08:57:26.009+0000] {subprocess.py:106} INFO - 26/04/27 08:57:26 INFO DAGScheduler: Got map stage job 10 (create at <unknown>:0) with 1 output partitions
[2026-04-27T08:57:26.010+0000] {subprocess.py:106} INFO - 26/04/27 08:57:26 INFO DAGScheduler: Final stage: ShuffleMapStage 15 (create at <unknown>:0)
[2026-04-27T08:57:26.010+0000] {subprocess.py:106} INFO - 26/04/27 08:57:26 INFO DAGScheduler: Parents of final stage: List()
[2026-04-27T08:57:26.012+0000] {subprocess.py:106} INFO - 26/04/27 08:57:26 INFO DAGScheduler: Missing parents: List()
[2026-04-27T08:57:26.013+0000] {subprocess.py:106} INFO - 26/04/27 08:57:26 INFO DAGScheduler: Submitting ShuffleMapStage 15 (MapPartitionsRDD[33] at create at <unknown>:0), which has no missing parents
[2026-04-27T08:57:26.018+0000] {subprocess.py:106} INFO - 26/04/27 08:57:26 INFO MemoryStore: Block broadcast_24 stored as values in memory (estimated size 36.8 KiB, free 434.2 MiB)
[2026-04-27T08:57:26.036+0000] {subprocess.py:106} INFO - 26/04/27 08:57:26 INFO MemoryStore: Block broadcast_24_piece0 stored as bytes in memory (estimated size 16.1 KiB, free 434.2 MiB)
[2026-04-27T08:57:26.043+0000] {subprocess.py:106} INFO - 26/04/27 08:57:26 INFO BlockManagerInfo: Added broadcast_24_piece0 in memory on c05002f484b8:40113 (size: 16.1 KiB, free: 434.3 MiB)
[2026-04-27T08:57:26.044+0000] {subprocess.py:106} INFO - 26/04/27 08:57:26 INFO SparkContext: Created broadcast 24 from broadcast at DAGScheduler.scala:1585
[2026-04-27T08:57:26.046+0000] {subprocess.py:106} INFO - 26/04/27 08:57:26 INFO DAGScheduler: Submitting 1 missing tasks from ShuffleMapStage 15 (MapPartitionsRDD[33] at create at <unknown>:0) (first 15 tasks are for partitions Vector(0))
[2026-04-27T08:57:26.046+0000] {subprocess.py:106} INFO - 26/04/27 08:57:26 INFO TaskSchedulerImpl: Adding task set 15.0 with 1 tasks resource profile 0
[2026-04-27T08:57:26.047+0000] {subprocess.py:106} INFO - 26/04/27 08:57:26 INFO TaskSetManager: Starting task 0.0 in stage 15.0 (TID 10) (172.30.0.8, executor 0, partition 0, PROCESS_LOCAL, 15453 bytes)
[2026-04-27T08:57:26.068+0000] {subprocess.py:106} INFO - 26/04/27 08:57:26 INFO BlockManagerInfo: Added broadcast_24_piece0 in memory on 172.30.0.8:33469 (size: 16.1 KiB, free: 434.4 MiB)
[2026-04-27T08:57:26.225+0000] {subprocess.py:106} INFO - 26/04/27 08:57:26 INFO BlockManagerInfo: Added broadcast_23_piece0 in memory on 172.30.0.8:33469 (size: 30.3 KiB, free: 434.4 MiB)
[2026-04-27T08:57:26.541+0000] {subprocess.py:106} INFO - 26/04/27 08:57:26 INFO TaskSetManager: Finished task 0.0 in stage 15.0 (TID 10) in 491 ms on 172.30.0.8 (executor 0) (1/1)
[2026-04-27T08:57:26.543+0000] {subprocess.py:106} INFO - 26/04/27 08:57:26 INFO TaskSchedulerImpl: Removed TaskSet 15.0, whose tasks have all completed, from pool
[2026-04-27T08:57:26.550+0000] {subprocess.py:106} INFO - 26/04/27 08:57:26 INFO DAGScheduler: ShuffleMapStage 15 (create at <unknown>:0) finished in 0.524 s
[2026-04-27T08:57:26.551+0000] {subprocess.py:106} INFO - 26/04/27 08:57:26 INFO DAGScheduler: looking for newly runnable stages
[2026-04-27T08:57:26.552+0000] {subprocess.py:106} INFO - 26/04/27 08:57:26 INFO DAGScheduler: running: Set()
[2026-04-27T08:57:26.553+0000] {subprocess.py:106} INFO - 26/04/27 08:57:26 INFO DAGScheduler: waiting: Set()
[2026-04-27T08:57:26.555+0000] {subprocess.py:106} INFO - 26/04/27 08:57:26 INFO DAGScheduler: failed: Set()
[2026-04-27T08:57:26.558+0000] {subprocess.py:106} INFO - 26/04/27 08:57:26 INFO ShufflePartitionsUtil: For shuffle(5), advisory target size: 67108864, actual target size 1048576, minimum partition size: 1048576
[2026-04-27T08:57:26.671+0000] {subprocess.py:106} INFO - 26/04/27 08:57:26 INFO CodeGenerator: Code generated in 43.005168 ms
[2026-04-27T08:57:26.696+0000] {subprocess.py:106} INFO - 26/04/27 08:57:26 INFO MemoryStore: Block broadcast_25 stored as values in memory (estimated size 32.0 KiB, free 434.2 MiB)
[2026-04-27T08:57:26.712+0000] {subprocess.py:106} INFO - 26/04/27 08:57:26 INFO MemoryStore: Block broadcast_25_piece0 stored as bytes in memory (estimated size 29.9 KiB, free 434.2 MiB)
[2026-04-27T08:57:26.713+0000] {subprocess.py:106} INFO - 26/04/27 08:57:26 INFO BlockManagerInfo: Added broadcast_25_piece0 in memory on c05002f484b8:40113 (size: 29.9 KiB, free: 434.3 MiB)
[2026-04-27T08:57:26.714+0000] {subprocess.py:106} INFO - 26/04/27 08:57:26 INFO SparkContext: Created broadcast 25 from broadcast at SparkWrite.java:193
[2026-04-27T08:57:26.715+0000] {subprocess.py:106} INFO - 26/04/27 08:57:26 INFO BlockManagerInfo: Removed broadcast_24_piece0 on c05002f484b8:40113 in memory (size: 16.1 KiB, free: 434.3 MiB)
[2026-04-27T08:57:26.717+0000] {subprocess.py:106} INFO - 26/04/27 08:57:26 INFO AppendDataExec: Start processing data source write support: IcebergBatchWrite(table=gold.dim_date, format=PARQUET). The input RDD has 1 partitions.
[2026-04-27T08:57:26.719+0000] {subprocess.py:106} INFO - 26/04/27 08:57:26 INFO SparkContext: Starting job: create at <unknown>:0
[2026-04-27T08:57:26.719+0000] {subprocess.py:106} INFO - 26/04/27 08:57:26 INFO BlockManagerInfo: Removed broadcast_24_piece0 on 172.30.0.8:33469 in memory (size: 16.1 KiB, free: 434.4 MiB)
[2026-04-27T08:57:26.724+0000] {subprocess.py:106} INFO - 26/04/27 08:57:26 INFO DAGScheduler: Got job 11 (create at <unknown>:0) with 1 output partitions
[2026-04-27T08:57:26.724+0000] {subprocess.py:106} INFO - 26/04/27 08:57:26 INFO DAGScheduler: Final stage: ResultStage 17 (create at <unknown>:0)
[2026-04-27T08:57:26.725+0000] {subprocess.py:106} INFO - 26/04/27 08:57:26 INFO DAGScheduler: Parents of final stage: List(ShuffleMapStage 16)
[2026-04-27T08:57:26.726+0000] {subprocess.py:106} INFO - 26/04/27 08:57:26 INFO DAGScheduler: Missing parents: List()
[2026-04-27T08:57:26.726+0000] {subprocess.py:106} INFO - 26/04/27 08:57:26 INFO DAGScheduler: Submitting ResultStage 17 (MapPartitionsRDD[35] at create at <unknown>:0), which has no missing parents
[2026-04-27T08:57:26.729+0000] {subprocess.py:106} INFO - 26/04/27 08:57:26 INFO MemoryStore: Block broadcast_26 stored as values in memory (estimated size 51.2 KiB, free 434.2 MiB)
[2026-04-27T08:57:26.731+0000] {subprocess.py:106} INFO - 26/04/27 08:57:26 INFO MemoryStore: Block broadcast_26_piece0 stored as bytes in memory (estimated size 22.4 KiB, free 434.1 MiB)
[2026-04-27T08:57:26.731+0000] {subprocess.py:106} INFO - 26/04/27 08:57:26 INFO BlockManagerInfo: Added broadcast_26_piece0 in memory on c05002f484b8:40113 (size: 22.4 KiB, free: 434.3 MiB)
[2026-04-27T08:57:26.732+0000] {subprocess.py:106} INFO - 26/04/27 08:57:26 INFO SparkContext: Created broadcast 26 from broadcast at DAGScheduler.scala:1585
[2026-04-27T08:57:26.733+0000] {subprocess.py:106} INFO - 26/04/27 08:57:26 INFO DAGScheduler: Submitting 1 missing tasks from ResultStage 17 (MapPartitionsRDD[35] at create at <unknown>:0) (first 15 tasks are for partitions Vector(0))
[2026-04-27T08:57:26.733+0000] {subprocess.py:106} INFO - 26/04/27 08:57:26 INFO TaskSchedulerImpl: Adding task set 17.0 with 1 tasks resource profile 0
[2026-04-27T08:57:26.735+0000] {subprocess.py:106} INFO - 26/04/27 08:57:26 INFO TaskSetManager: Starting task 0.0 in stage 17.0 (TID 11) (172.30.0.8, executor 0, partition 0, NODE_LOCAL, 9976 bytes)
[2026-04-27T08:57:26.751+0000] {subprocess.py:106} INFO - 26/04/27 08:57:26 INFO BlockManagerInfo: Added broadcast_26_piece0 in memory on 172.30.0.8:33469 (size: 22.4 KiB, free: 434.3 MiB)
[2026-04-27T08:57:26.827+0000] {subprocess.py:106} INFO - 26/04/27 08:57:26 INFO MapOutputTrackerMasterEndpoint: Asked to send map output locations for shuffle 5 to 172.30.0.8:49000
[2026-04-27T08:57:26.929+0000] {subprocess.py:106} INFO - 26/04/27 08:57:26 INFO BlockManagerInfo: Added broadcast_25_piece0 in memory on 172.30.0.8:33469 (size: 29.9 KiB, free: 434.3 MiB)
[2026-04-27T08:57:27.163+0000] {subprocess.py:106} INFO - 26/04/27 08:57:27 INFO TaskSetManager: Finished task 0.0 in stage 17.0 (TID 11) in 427 ms on 172.30.0.8 (executor 0) (1/1)
[2026-04-27T08:57:27.164+0000] {subprocess.py:106} INFO - 26/04/27 08:57:27 INFO TaskSchedulerImpl: Removed TaskSet 17.0, whose tasks have all completed, from pool
[2026-04-27T08:57:27.165+0000] {subprocess.py:106} INFO - 26/04/27 08:57:27 INFO DAGScheduler: ResultStage 17 (create at <unknown>:0) finished in 0.437 s
[2026-04-27T08:57:27.165+0000] {subprocess.py:106} INFO - 26/04/27 08:57:27 INFO DAGScheduler: Job 11 is finished. Cancelling potential speculative or zombie tasks for this job
[2026-04-27T08:57:27.166+0000] {subprocess.py:106} INFO - 26/04/27 08:57:27 INFO TaskSchedulerImpl: Killing all running tasks in stage 17: Stage finished
[2026-04-27T08:57:27.172+0000] {subprocess.py:106} INFO - 26/04/27 08:57:27 INFO DAGScheduler: Job 11 finished: create at <unknown>:0, took 0.454093 s
[2026-04-27T08:57:27.176+0000] {subprocess.py:106} INFO - 26/04/27 08:57:27 INFO AppendDataExec: Data source write support IcebergBatchWrite(table=gold.dim_date, format=PARQUET) is committing.
[2026-04-27T08:57:27.177+0000] {subprocess.py:106} INFO - 26/04/27 08:57:27 INFO SparkWrite: Committing append with 1 new data files to table gold.dim_date
[2026-04-27T08:57:27.391+0000] {subprocess.py:106} INFO - 26/04/27 08:57:27 INFO SnapshotProducer: Committed snapshot 7371625012166695442 (MergeAppend)
[2026-04-27T08:57:27.425+0000] {subprocess.py:106} INFO - 26/04/27 08:57:27 INFO LoggingMetricsReporter: Received metrics report: CommitReport{tableName=gold.dim_date, snapshotId=7371625012166695442, sequenceNumber=1, operation=append, commitMetrics=CommitMetricsResult{totalDuration=TimerResult{timeUnit=NANOSECONDS, totalDuration=PT0.253847869S, count=1}, attempts=CounterResult{unit=COUNT, value=1}, addedDataFiles=CounterResult{unit=COUNT, value=1}, removedDataFiles=null, totalDataFiles=CounterResult{unit=COUNT, value=1}, addedDeleteFiles=null, addedEqualityDeleteFiles=null, addedPositionalDeleteFiles=null, removedDeleteFiles=null, removedEqualityDeleteFiles=null, removedPositionalDeleteFiles=null, totalDeleteFiles=CounterResult{unit=COUNT, value=0}, addedRecords=CounterResult{unit=COUNT, value=203}, removedRecords=null, totalRecords=CounterResult{unit=COUNT, value=203}, addedFilesSizeInBytes=CounterResult{unit=BYTES, value=3509}, removedFilesSizeInBytes=null, totalFilesSizeInBytes=CounterResult{unit=BYTES, value=3509}, addedPositionalDeletes=null, removedPositionalDeletes=null, totalPositionalDeletes=CounterResult{unit=COUNT, value=0}, addedEqualityDeletes=null, removedEqualityDeletes=null, totalEqualityDeletes=CounterResult{unit=COUNT, value=0}}, metadata={engine-version=3.5.3, app-id=app-20260427085656-0005, engine-name=spark, iceberg-version=Apache Iceberg 1.6.1 (commit 8e9d59d299be42b0bca9461457cd1e95dbaad086)}}
[2026-04-27T08:57:27.426+0000] {subprocess.py:106} INFO - 26/04/27 08:57:27 INFO SparkWrite: Committed in 254 ms
[2026-04-27T08:57:27.426+0000] {subprocess.py:106} INFO - 26/04/27 08:57:27 INFO AppendDataExec: Data source write support IcebergBatchWrite(table=gold.dim_date, format=PARQUET) committed.
[2026-04-27T08:57:27.625+0000] {subprocess.py:106} INFO - 26/04/27 08:57:27 INFO HiveTableOperations: Committed to table iceberg.gold.dim_date with the new metadata location s3a://warehouse/iceberg_data/gold.db/dim_date/metadata/00000-213740e3-146f-4469-a44a-084cb2d41832.metadata.json
[2026-04-27T08:57:27.626+0000] {subprocess.py:106} INFO - 26/04/27 08:57:27 INFO BaseMetastoreTableOperations: Successfully committed to table iceberg.gold.dim_date in 198 ms
[2026-04-27T08:57:27.627+0000] {subprocess.py:106} INFO - >>> Building DIM_JOB_CATEGORY...
[2026-04-27T08:57:27.749+0000] {subprocess.py:106} INFO - 26/04/27 08:57:27 INFO BaseMetastoreCatalog: Table properties set at catalog level through catalog properties: {}
[2026-04-27T08:57:27.756+0000] {subprocess.py:106} INFO - 26/04/27 08:57:27 INFO BaseMetastoreCatalog: Table properties enforced at catalog level through catalog properties: {}
[2026-04-27T08:57:27.779+0000] {subprocess.py:106} INFO - 26/04/27 08:57:27 INFO BlockManagerInfo: Removed broadcast_26_piece0 on c05002f484b8:40113 in memory (size: 22.4 KiB, free: 434.3 MiB)
[2026-04-27T08:57:27.785+0000] {subprocess.py:106} INFO - 26/04/27 08:57:27 INFO SparkScanBuilder: Skipping aggregate pushdown: group by aggregation push down is not supported
[2026-04-27T08:57:27.788+0000] {subprocess.py:106} INFO - 26/04/27 08:57:27 INFO V2ScanRelationPushDown:
[2026-04-27T08:57:27.789+0000] {subprocess.py:106} INFO - Output: job_title#0
[2026-04-27T08:57:27.789+0000] {subprocess.py:106} INFO - 
[2026-04-27T08:57:27.791+0000] {subprocess.py:106} INFO - 26/04/27 08:57:27 INFO SnapshotScan: Scanning table iceberg.silver.it_jobs_clean snapshot 5214283704870780580 created at 2026-04-27T08:56:48.691+00:00 with filter true
[2026-04-27T08:57:27.792+0000] {subprocess.py:106} INFO - 26/04/27 08:57:27 INFO BaseDistributedDataScan: Planning file tasks locally for table iceberg.silver.it_jobs_clean
[2026-04-27T08:57:27.795+0000] {subprocess.py:106} INFO - 26/04/27 08:57:27 INFO BlockManagerInfo: Removed broadcast_26_piece0 on 172.30.0.8:33469 in memory (size: 22.4 KiB, free: 434.3 MiB)
[2026-04-27T08:57:27.804+0000] {subprocess.py:106} INFO - 26/04/27 08:57:27 INFO BlockManagerInfo: Removed broadcast_22_piece0 on c05002f484b8:40113 in memory (size: 30.4 KiB, free: 434.3 MiB)
[2026-04-27T08:57:27.809+0000] {subprocess.py:106} INFO - 26/04/27 08:57:27 INFO BlockManagerInfo: Removed broadcast_23_piece0 on c05002f484b8:40113 in memory (size: 30.3 KiB, free: 434.4 MiB)
[2026-04-27T08:57:27.812+0000] {subprocess.py:106} INFO - 26/04/27 08:57:27 INFO BlockManagerInfo: Removed broadcast_23_piece0 on 172.30.0.8:33469 in memory (size: 30.3 KiB, free: 434.4 MiB)
[2026-04-27T08:57:27.819+0000] {subprocess.py:106} INFO - 26/04/27 08:57:27 INFO BlockManagerInfo: Removed broadcast_25_piece0 on c05002f484b8:40113 in memory (size: 29.9 KiB, free: 434.4 MiB)
[2026-04-27T08:57:27.824+0000] {subprocess.py:106} INFO - 26/04/27 08:57:27 INFO BlockManagerInfo: Removed broadcast_25_piece0 on 172.30.0.8:33469 in memory (size: 29.9 KiB, free: 434.4 MiB)
[2026-04-27T08:57:27.825+0000] {subprocess.py:106} INFO - 26/04/27 08:57:27 INFO SparkPartitioningAwareScan: Reporting UnknownPartitioning with 1 partition(s) for table iceberg.silver.it_jobs_clean
[2026-04-27T08:57:27.826+0000] {subprocess.py:106} INFO - 26/04/27 08:57:27 INFO SparkWrite: Requesting 0 bytes advisory partition size for table gold.dim_job_category
[2026-04-27T08:57:27.826+0000] {subprocess.py:106} INFO - 26/04/27 08:57:27 INFO SparkWrite: Requesting UnspecifiedDistribution as write distribution for table gold.dim_job_category
[2026-04-27T08:57:27.827+0000] {subprocess.py:106} INFO - 26/04/27 08:57:27 INFO SparkWrite: Requesting [] as write ordering for table gold.dim_job_category
[2026-04-27T08:57:27.834+0000] {subprocess.py:106} INFO - 26/04/27 08:57:27 INFO MemoryStore: Block broadcast_27 stored as values in memory (estimated size 32.0 KiB, free 434.4 MiB)
[2026-04-27T08:57:27.844+0000] {subprocess.py:106} INFO - 26/04/27 08:57:27 INFO MemoryStore: Block broadcast_27_piece0 stored as bytes in memory (estimated size 30.3 KiB, free 434.3 MiB)
[2026-04-27T08:57:27.847+0000] {subprocess.py:106} INFO - 26/04/27 08:57:27 INFO BlockManagerInfo: Added broadcast_27_piece0 in memory on c05002f484b8:40113 (size: 30.3 KiB, free: 434.4 MiB)
[2026-04-27T08:57:27.848+0000] {subprocess.py:106} INFO - 26/04/27 08:57:27 INFO SparkContext: Created broadcast 27 from broadcast at SparkBatch.java:79
[2026-04-27T08:57:27.860+0000] {subprocess.py:106} INFO - 26/04/27 08:57:27 INFO MemoryStore: Block broadcast_28 stored as values in memory (estimated size 32.0 KiB, free 434.3 MiB)
[2026-04-27T08:57:27.863+0000] {subprocess.py:106} INFO - 26/04/27 08:57:27 INFO MemoryStore: Block broadcast_28_piece0 stored as bytes in memory (estimated size 30.4 KiB, free 434.3 MiB)
[2026-04-27T08:57:27.863+0000] {subprocess.py:106} INFO - 26/04/27 08:57:27 INFO BlockManagerInfo: Added broadcast_28_piece0 in memory on c05002f484b8:40113 (size: 30.4 KiB, free: 434.3 MiB)
[2026-04-27T08:57:27.864+0000] {subprocess.py:106} INFO - 26/04/27 08:57:27 INFO SparkContext: Created broadcast 28 from broadcast at SparkBatch.java:79
[2026-04-27T08:57:27.923+0000] {subprocess.py:106} INFO - 26/04/27 08:57:27 INFO CodeGenerator: Code generated in 42.215927 ms
[2026-04-27T08:57:27.932+0000] {subprocess.py:106} INFO - 26/04/27 08:57:27 INFO DAGScheduler: Registering RDD 39 (create at <unknown>:0) as input to shuffle 6
[2026-04-27T08:57:27.933+0000] {subprocess.py:106} INFO - 26/04/27 08:57:27 INFO DAGScheduler: Got map stage job 12 (create at <unknown>:0) with 1 output partitions
[2026-04-27T08:57:27.934+0000] {subprocess.py:106} INFO - 26/04/27 08:57:27 INFO DAGScheduler: Final stage: ShuffleMapStage 18 (create at <unknown>:0)
[2026-04-27T08:57:27.934+0000] {subprocess.py:106} INFO - 26/04/27 08:57:27 INFO DAGScheduler: Parents of final stage: List()
[2026-04-27T08:57:27.935+0000] {subprocess.py:106} INFO - 26/04/27 08:57:27 INFO DAGScheduler: Missing parents: List()
[2026-04-27T08:57:27.936+0000] {subprocess.py:106} INFO - 26/04/27 08:57:27 INFO DAGScheduler: Submitting ShuffleMapStage 18 (MapPartitionsRDD[39] at create at <unknown>:0), which has no missing parents
[2026-04-27T08:57:27.940+0000] {subprocess.py:106} INFO - 26/04/27 08:57:27 INFO MemoryStore: Block broadcast_29 stored as values in memory (estimated size 29.4 KiB, free 434.2 MiB)
[2026-04-27T08:57:27.948+0000] {subprocess.py:106} INFO - 26/04/27 08:57:27 INFO MemoryStore: Block broadcast_29_piece0 stored as bytes in memory (estimated size 12.3 KiB, free 434.2 MiB)
[2026-04-27T08:57:27.949+0000] {subprocess.py:106} INFO - 26/04/27 08:57:27 INFO BlockManagerInfo: Added broadcast_29_piece0 in memory on c05002f484b8:40113 (size: 12.3 KiB, free: 434.3 MiB)
[2026-04-27T08:57:27.950+0000] {subprocess.py:106} INFO - 26/04/27 08:57:27 INFO SparkContext: Created broadcast 29 from broadcast at DAGScheduler.scala:1585
[2026-04-27T08:57:27.951+0000] {subprocess.py:106} INFO - 26/04/27 08:57:27 INFO DAGScheduler: Submitting 1 missing tasks from ShuffleMapStage 18 (MapPartitionsRDD[39] at create at <unknown>:0) (first 15 tasks are for partitions Vector(0))
[2026-04-27T08:57:27.952+0000] {subprocess.py:106} INFO - 26/04/27 08:57:27 INFO TaskSchedulerImpl: Adding task set 18.0 with 1 tasks resource profile 0
[2026-04-27T08:57:27.955+0000] {subprocess.py:106} INFO - 26/04/27 08:57:27 INFO TaskSetManager: Starting task 0.0 in stage 18.0 (TID 12) (172.30.0.8, executor 0, partition 0, PROCESS_LOCAL, 15175 bytes)
[2026-04-27T08:57:27.973+0000] {subprocess.py:106} INFO - 26/04/27 08:57:27 INFO BlockManagerInfo: Added broadcast_29_piece0 in memory on 172.30.0.8:33469 (size: 12.3 KiB, free: 434.4 MiB)
[2026-04-27T08:57:28.047+0000] {subprocess.py:106} INFO - 26/04/27 08:57:28 INFO BlockManagerInfo: Added broadcast_28_piece0 in memory on 172.30.0.8:33469 (size: 30.4 KiB, free: 434.4 MiB)
[2026-04-27T08:57:28.328+0000] {subprocess.py:106} INFO - 26/04/27 08:57:28 INFO TaskSetManager: Finished task 0.0 in stage 18.0 (TID 12) in 371 ms on 172.30.0.8 (executor 0) (1/1)
[2026-04-27T08:57:28.331+0000] {subprocess.py:106} INFO - 26/04/27 08:57:28 INFO TaskSchedulerImpl: Removed TaskSet 18.0, whose tasks have all completed, from pool
[2026-04-27T08:57:28.335+0000] {subprocess.py:106} INFO - 26/04/27 08:57:28 INFO DAGScheduler: ShuffleMapStage 18 (create at <unknown>:0) finished in 0.387 s
[2026-04-27T08:57:28.336+0000] {subprocess.py:106} INFO - 26/04/27 08:57:28 INFO DAGScheduler: looking for newly runnable stages
[2026-04-27T08:57:28.337+0000] {subprocess.py:106} INFO - 26/04/27 08:57:28 INFO DAGScheduler: running: Set()
[2026-04-27T08:57:28.338+0000] {subprocess.py:106} INFO - 26/04/27 08:57:28 INFO DAGScheduler: waiting: Set()
[2026-04-27T08:57:28.342+0000] {subprocess.py:106} INFO - 26/04/27 08:57:28 INFO DAGScheduler: failed: Set()
[2026-04-27T08:57:28.352+0000] {subprocess.py:106} INFO - 26/04/27 08:57:28 INFO ShufflePartitionsUtil: For shuffle(6), advisory target size: 67108864, actual target size 1048576, minimum partition size: 1048576
[2026-04-27T08:57:28.409+0000] {subprocess.py:106} INFO - 26/04/27 08:57:28 INFO CodeGenerator: Code generated in 32.339574 ms
[2026-04-27T08:57:28.418+0000] {subprocess.py:106} INFO - 26/04/27 08:57:28 INFO DAGScheduler: Registering RDD 42 (create at <unknown>:0) as input to shuffle 7
[2026-04-27T08:57:28.419+0000] {subprocess.py:106} INFO - 26/04/27 08:57:28 INFO DAGScheduler: Got map stage job 13 (create at <unknown>:0) with 1 output partitions
[2026-04-27T08:57:28.420+0000] {subprocess.py:106} INFO - 26/04/27 08:57:28 INFO DAGScheduler: Final stage: ShuffleMapStage 20 (create at <unknown>:0)
[2026-04-27T08:57:28.420+0000] {subprocess.py:106} INFO - 26/04/27 08:57:28 INFO DAGScheduler: Parents of final stage: List(ShuffleMapStage 19)
[2026-04-27T08:57:28.421+0000] {subprocess.py:106} INFO - 26/04/27 08:57:28 INFO DAGScheduler: Missing parents: List()
[2026-04-27T08:57:28.421+0000] {subprocess.py:106} INFO - 26/04/27 08:57:28 INFO DAGScheduler: Submitting ShuffleMapStage 20 (MapPartitionsRDD[42] at create at <unknown>:0), which has no missing parents
[2026-04-27T08:57:28.427+0000] {subprocess.py:106} INFO - 26/04/27 08:57:28 INFO MemoryStore: Block broadcast_30 stored as values in memory (estimated size 57.0 KiB, free 434.2 MiB)
[2026-04-27T08:57:28.435+0000] {subprocess.py:106} INFO - 26/04/27 08:57:28 INFO MemoryStore: Block broadcast_30_piece0 stored as bytes in memory (estimated size 21.7 KiB, free 434.2 MiB)
[2026-04-27T08:57:28.436+0000] {subprocess.py:106} INFO - 26/04/27 08:57:28 INFO BlockManagerInfo: Added broadcast_30_piece0 in memory on c05002f484b8:40113 (size: 21.7 KiB, free: 434.3 MiB)
[2026-04-27T08:57:28.438+0000] {subprocess.py:106} INFO - 26/04/27 08:57:28 INFO SparkContext: Created broadcast 30 from broadcast at DAGScheduler.scala:1585
[2026-04-27T08:57:28.440+0000] {subprocess.py:106} INFO - 26/04/27 08:57:28 INFO DAGScheduler: Submitting 1 missing tasks from ShuffleMapStage 20 (MapPartitionsRDD[42] at create at <unknown>:0) (first 15 tasks are for partitions Vector(0))
[2026-04-27T08:57:28.443+0000] {subprocess.py:106} INFO - 26/04/27 08:57:28 INFO TaskSchedulerImpl: Adding task set 20.0 with 1 tasks resource profile 0
[2026-04-27T08:57:28.446+0000] {subprocess.py:106} INFO - 26/04/27 08:57:28 INFO TaskSetManager: Starting task 0.0 in stage 20.0 (TID 13) (172.30.0.8, executor 0, partition 0, NODE_LOCAL, 9965 bytes)
[2026-04-27T08:57:28.447+0000] {subprocess.py:106} INFO - 26/04/27 08:57:28 INFO BlockManagerInfo: Removed broadcast_29_piece0 on 172.30.0.8:33469 in memory (size: 12.3 KiB, free: 434.4 MiB)
[2026-04-27T08:57:28.470+0000] {subprocess.py:106} INFO - 26/04/27 08:57:28 INFO BlockManagerInfo: Removed broadcast_29_piece0 on c05002f484b8:40113 in memory (size: 12.3 KiB, free: 434.3 MiB)
[2026-04-27T08:57:28.489+0000] {subprocess.py:106} INFO - 26/04/27 08:57:28 INFO BlockManagerInfo: Added broadcast_30_piece0 in memory on 172.30.0.8:33469 (size: 21.7 KiB, free: 434.3 MiB)
[2026-04-27T08:57:28.512+0000] {subprocess.py:106} INFO - 26/04/27 08:57:28 INFO MapOutputTrackerMasterEndpoint: Asked to send map output locations for shuffle 6 to 172.30.0.8:49000
[2026-04-27T08:57:28.758+0000] {subprocess.py:106} INFO - 26/04/27 08:57:28 INFO TaskSetManager: Finished task 0.0 in stage 20.0 (TID 13) in 315 ms on 172.30.0.8 (executor 0) (1/1)
[2026-04-27T08:57:28.763+0000] {subprocess.py:106} INFO - 26/04/27 08:57:28 INFO TaskSchedulerImpl: Removed TaskSet 20.0, whose tasks have all completed, from pool
[2026-04-27T08:57:28.764+0000] {subprocess.py:106} INFO - 26/04/27 08:57:28 INFO DAGScheduler: ShuffleMapStage 20 (create at <unknown>:0) finished in 0.333 s
[2026-04-27T08:57:28.765+0000] {subprocess.py:106} INFO - 26/04/27 08:57:28 INFO DAGScheduler: looking for newly runnable stages
[2026-04-27T08:57:28.765+0000] {subprocess.py:106} INFO - 26/04/27 08:57:28 INFO DAGScheduler: running: Set()
[2026-04-27T08:57:28.766+0000] {subprocess.py:106} INFO - 26/04/27 08:57:28 INFO DAGScheduler: waiting: Set()
[2026-04-27T08:57:28.767+0000] {subprocess.py:106} INFO - 26/04/27 08:57:28 INFO DAGScheduler: failed: Set()
[2026-04-27T08:57:28.768+0000] {subprocess.py:106} INFO - 26/04/27 08:57:28 INFO ShufflePartitionsUtil: For shuffle(7), advisory target size: 67108864, actual target size 1048576, minimum partition size: 1048576
[2026-04-27T08:57:28.807+0000] {subprocess.py:106} INFO - 26/04/27 08:57:28 INFO CodeGenerator: Code generated in 29.980786 ms
[2026-04-27T08:57:28.817+0000] {subprocess.py:106} INFO - 26/04/27 08:57:28 INFO MemoryStore: Block broadcast_31 stored as values in memory (estimated size 32.0 KiB, free 434.2 MiB)
[2026-04-27T08:57:28.832+0000] {subprocess.py:106} INFO - 26/04/27 08:57:28 INFO MemoryStore: Block broadcast_31_piece0 stored as bytes in memory (estimated size 29.8 KiB, free 434.2 MiB)
[2026-04-27T08:57:28.832+0000] {subprocess.py:106} INFO - 26/04/27 08:57:28 INFO BlockManagerInfo: Removed broadcast_30_piece0 on c05002f484b8:40113 in memory (size: 21.7 KiB, free: 434.3 MiB)
[2026-04-27T08:57:28.833+0000] {subprocess.py:106} INFO - 26/04/27 08:57:28 INFO BlockManagerInfo: Added broadcast_31_piece0 in memory on c05002f484b8:40113 (size: 29.8 KiB, free: 434.3 MiB)
[2026-04-27T08:57:28.836+0000] {subprocess.py:106} INFO - 26/04/27 08:57:28 INFO SparkContext: Created broadcast 31 from broadcast at SparkWrite.java:193
[2026-04-27T08:57:28.837+0000] {subprocess.py:106} INFO - 26/04/27 08:57:28 INFO AppendDataExec: Start processing data source write support: IcebergBatchWrite(table=gold.dim_job_category, format=PARQUET). The input RDD has 1 partitions.
[2026-04-27T08:57:28.838+0000] {subprocess.py:106} INFO - 26/04/27 08:57:28 INFO SparkContext: Starting job: create at <unknown>:0
[2026-04-27T08:57:28.839+0000] {subprocess.py:106} INFO - 26/04/27 08:57:28 INFO DAGScheduler: Got job 14 (create at <unknown>:0) with 1 output partitions
[2026-04-27T08:57:28.843+0000] {subprocess.py:106} INFO - 26/04/27 08:57:28 INFO DAGScheduler: Final stage: ResultStage 23 (create at <unknown>:0)
[2026-04-27T08:57:28.844+0000] {subprocess.py:106} INFO - 26/04/27 08:57:28 INFO DAGScheduler: Parents of final stage: List(ShuffleMapStage 22)
[2026-04-27T08:57:28.846+0000] {subprocess.py:106} INFO - 26/04/27 08:57:28 INFO DAGScheduler: Missing parents: List()
[2026-04-27T08:57:28.846+0000] {subprocess.py:106} INFO - 26/04/27 08:57:28 INFO DAGScheduler: Submitting ResultStage 23 (MapPartitionsRDD[44] at create at <unknown>:0), which has no missing parents
[2026-04-27T08:57:28.847+0000] {subprocess.py:106} INFO - 26/04/27 08:57:28 INFO MemoryStore: Block broadcast_32 stored as values in memory (estimated size 50.7 KiB, free 434.2 MiB)
[2026-04-27T08:57:28.848+0000] {subprocess.py:106} INFO - 26/04/27 08:57:28 INFO MemoryStore: Block broadcast_32_piece0 stored as bytes in memory (estimated size 22.0 KiB, free 434.1 MiB)
[2026-04-27T08:57:28.848+0000] {subprocess.py:106} INFO - 26/04/27 08:57:28 INFO BlockManagerInfo: Removed broadcast_30_piece0 on 172.30.0.8:33469 in memory (size: 21.7 KiB, free: 434.4 MiB)
[2026-04-27T08:57:28.849+0000] {subprocess.py:106} INFO - 26/04/27 08:57:28 INFO BlockManagerInfo: Added broadcast_32_piece0 in memory on c05002f484b8:40113 (size: 22.0 KiB, free: 434.3 MiB)
[2026-04-27T08:57:28.850+0000] {subprocess.py:106} INFO - 26/04/27 08:57:28 INFO SparkContext: Created broadcast 32 from broadcast at DAGScheduler.scala:1585
[2026-04-27T08:57:28.851+0000] {subprocess.py:106} INFO - 26/04/27 08:57:28 INFO DAGScheduler: Submitting 1 missing tasks from ResultStage 23 (MapPartitionsRDD[44] at create at <unknown>:0) (first 15 tasks are for partitions Vector(0))
[2026-04-27T08:57:28.852+0000] {subprocess.py:106} INFO - 26/04/27 08:57:28 INFO TaskSchedulerImpl: Adding task set 23.0 with 1 tasks resource profile 0
[2026-04-27T08:57:28.855+0000] {subprocess.py:106} INFO - 26/04/27 08:57:28 INFO TaskSetManager: Starting task 0.0 in stage 23.0 (TID 14) (172.30.0.8, executor 0, partition 0, NODE_LOCAL, 9976 bytes)
[2026-04-27T08:57:28.871+0000] {subprocess.py:106} INFO - 26/04/27 08:57:28 INFO BlockManagerInfo: Added broadcast_32_piece0 in memory on 172.30.0.8:33469 (size: 22.0 KiB, free: 434.3 MiB)
[2026-04-27T08:57:28.880+0000] {subprocess.py:106} INFO - 26/04/27 08:57:28 INFO MapOutputTrackerMasterEndpoint: Asked to send map output locations for shuffle 7 to 172.30.0.8:49000
[2026-04-27T08:57:28.926+0000] {subprocess.py:106} INFO - 26/04/27 08:57:28 INFO BlockManagerInfo: Added broadcast_31_piece0 in memory on 172.30.0.8:33469 (size: 29.8 KiB, free: 434.3 MiB)
[2026-04-27T08:57:29.060+0000] {subprocess.py:106} INFO - 26/04/27 08:57:29 INFO TaskSetManager: Finished task 0.0 in stage 23.0 (TID 14) in 205 ms on 172.30.0.8 (executor 0) (1/1)
[2026-04-27T08:57:29.063+0000] {subprocess.py:106} INFO - 26/04/27 08:57:29 INFO TaskSchedulerImpl: Removed TaskSet 23.0, whose tasks have all completed, from pool
[2026-04-27T08:57:29.064+0000] {subprocess.py:106} INFO - 26/04/27 08:57:29 INFO DAGScheduler: ResultStage 23 (create at <unknown>:0) finished in 0.219 s
[2026-04-27T08:57:29.065+0000] {subprocess.py:106} INFO - 26/04/27 08:57:29 INFO DAGScheduler: Job 14 is finished. Cancelling potential speculative or zombie tasks for this job
[2026-04-27T08:57:29.066+0000] {subprocess.py:106} INFO - 26/04/27 08:57:29 INFO TaskSchedulerImpl: Killing all running tasks in stage 23: Stage finished
[2026-04-27T08:57:29.071+0000] {subprocess.py:106} INFO - 26/04/27 08:57:29 INFO DAGScheduler: Job 14 finished: create at <unknown>:0, took 0.229121 s
[2026-04-27T08:57:29.072+0000] {subprocess.py:106} INFO - 26/04/27 08:57:29 INFO AppendDataExec: Data source write support IcebergBatchWrite(table=gold.dim_job_category, format=PARQUET) is committing.
[2026-04-27T08:57:29.072+0000] {subprocess.py:106} INFO - 26/04/27 08:57:29 INFO SparkWrite: Committing append with 1 new data files to table gold.dim_job_category
[2026-04-27T08:57:29.249+0000] {subprocess.py:106} INFO - 26/04/27 08:57:29 INFO SnapshotProducer: Committed snapshot 4246594463198772733 (MergeAppend)
[2026-04-27T08:57:29.270+0000] {subprocess.py:106} INFO - 26/04/27 08:57:29 INFO LoggingMetricsReporter: Received metrics report: CommitReport{tableName=gold.dim_job_category, snapshotId=4246594463198772733, sequenceNumber=1, operation=append, commitMetrics=CommitMetricsResult{totalDuration=TimerResult{timeUnit=NANOSECONDS, totalDuration=PT0.202669371S, count=1}, attempts=CounterResult{unit=COUNT, value=1}, addedDataFiles=CounterResult{unit=COUNT, value=1}, removedDataFiles=null, totalDataFiles=CounterResult{unit=COUNT, value=1}, addedDeleteFiles=null, addedEqualityDeleteFiles=null, addedPositionalDeleteFiles=null, removedDeleteFiles=null, removedEqualityDeleteFiles=null, removedPositionalDeleteFiles=null, totalDeleteFiles=CounterResult{unit=COUNT, value=0}, addedRecords=CounterResult{unit=COUNT, value=9}, removedRecords=null, totalRecords=CounterResult{unit=COUNT, value=9}, addedFilesSizeInBytes=CounterResult{unit=BYTES, value=899}, removedFilesSizeInBytes=null, totalFilesSizeInBytes=CounterResult{unit=BYTES, value=899}, addedPositionalDeletes=null, removedPositionalDeletes=null, totalPositionalDeletes=CounterResult{unit=COUNT, value=0}, addedEqualityDeletes=null, removedEqualityDeletes=null, totalEqualityDeletes=CounterResult{unit=COUNT, value=0}}, metadata={engine-version=3.5.3, app-id=app-20260427085656-0005, engine-name=spark, iceberg-version=Apache Iceberg 1.6.1 (commit 8e9d59d299be42b0bca9461457cd1e95dbaad086)}}
[2026-04-27T08:57:29.271+0000] {subprocess.py:106} INFO - 26/04/27 08:57:29 INFO SparkWrite: Committed in 203 ms
[2026-04-27T08:57:29.272+0000] {subprocess.py:106} INFO - 26/04/27 08:57:29 INFO AppendDataExec: Data source write support IcebergBatchWrite(table=gold.dim_job_category, format=PARQUET) committed.
[2026-04-27T08:57:29.495+0000] {subprocess.py:106} INFO - 26/04/27 08:57:29 INFO HiveTableOperations: Committed to table iceberg.gold.dim_job_category with the new metadata location s3a://warehouse/iceberg_data/gold.db/dim_job_category/metadata/00000-215eddb3-6898-41b4-a3de-e67dbc25b523.metadata.json
[2026-04-27T08:57:29.495+0000] {subprocess.py:106} INFO - 26/04/27 08:57:29 INFO BaseMetastoreTableOperations: Successfully committed to table iceberg.gold.dim_job_category in 226 ms
[2026-04-27T08:57:29.496+0000] {subprocess.py:106} INFO - >>> Building FACT_JOB_POSTING...
[2026-04-27T08:57:29.559+0000] {subprocess.py:106} INFO - 26/04/27 08:57:29 INFO BlockManagerInfo: Removed broadcast_27_piece0 on c05002f484b8:40113 in memory (size: 30.3 KiB, free: 434.3 MiB)
[2026-04-27T08:57:29.563+0000] {subprocess.py:106} INFO - 26/04/27 08:57:29 INFO BlockManagerInfo: Removed broadcast_32_piece0 on c05002f484b8:40113 in memory (size: 22.0 KiB, free: 434.3 MiB)
[2026-04-27T08:57:29.566+0000] {subprocess.py:106} INFO - 26/04/27 08:57:29 INFO BlockManagerInfo: Removed broadcast_32_piece0 on 172.30.0.8:33469 in memory (size: 22.0 KiB, free: 434.3 MiB)
[2026-04-27T08:57:29.572+0000] {subprocess.py:106} INFO - 26/04/27 08:57:29 INFO BlockManagerInfo: Removed broadcast_28_piece0 on c05002f484b8:40113 in memory (size: 30.4 KiB, free: 434.4 MiB)
[2026-04-27T08:57:29.574+0000] {subprocess.py:106} INFO - 26/04/27 08:57:29 INFO BlockManagerInfo: Removed broadcast_28_piece0 on 172.30.0.8:33469 in memory (size: 30.4 KiB, free: 434.4 MiB)
[2026-04-27T08:57:29.581+0000] {subprocess.py:106} INFO - 26/04/27 08:57:29 INFO BlockManagerInfo: Removed broadcast_31_piece0 on c05002f484b8:40113 in memory (size: 29.8 KiB, free: 434.4 MiB)
[2026-04-27T08:57:29.589+0000] {subprocess.py:106} INFO - 26/04/27 08:57:29 INFO BlockManagerInfo: Removed broadcast_31_piece0 on 172.30.0.8:33469 in memory (size: 29.8 KiB, free: 434.4 MiB)
[2026-04-27T08:57:29.873+0000] {subprocess.py:106} INFO - 26/04/27 08:57:29 INFO BaseMetastoreCatalog: Table properties set at catalog level through catalog properties: {}
[2026-04-27T08:57:29.879+0000] {subprocess.py:106} INFO - 26/04/27 08:57:29 INFO BaseMetastoreCatalog: Table properties enforced at catalog level through catalog properties: {}
[2026-04-27T08:57:29.991+0000] {subprocess.py:106} INFO - 26/04/27 08:57:29 INFO V2ScanRelationPushDown:
[2026-04-27T08:57:29.992+0000] {subprocess.py:106} INFO - Pushing operators to iceberg.silver.it_jobs_clean
[2026-04-27T08:57:29.992+0000] {subprocess.py:106} INFO - Pushed Filters: location IS NOT NULL, skills_required IS NOT NULL
[2026-04-27T08:57:29.993+0000] {subprocess.py:106} INFO - Post-Scan Filters: isnotnull(location#2),isnotnull(skills_required#3),(size(location#2, true) > 0),(size(skills_required#3, true) > 0)
[2026-04-27T08:57:29.994+0000] {subprocess.py:106} INFO - 
[2026-04-27T08:57:29.994+0000] {subprocess.py:106} INFO - 26/04/27 08:57:29 INFO V2ScanRelationPushDown:
[2026-04-27T08:57:29.995+0000] {subprocess.py:106} INFO - Pushing operators to iceberg.silver.it_jobs_clean
[2026-04-27T08:57:29.995+0000] {subprocess.py:106} INFO - Pushed Filters: company_name IS NOT NULL
[2026-04-27T08:57:29.996+0000] {subprocess.py:106} INFO - Post-Scan Filters: isnotnull(company_name#265)
[2026-04-27T08:57:29.996+0000] {subprocess.py:106} INFO - 
[2026-04-27T08:57:29.997+0000] {subprocess.py:106} INFO - 26/04/27 08:57:29 INFO V2ScanRelationPushDown:
[2026-04-27T08:57:29.997+0000] {subprocess.py:106} INFO - Pushing operators to iceberg.silver.it_jobs_clean
[2026-04-27T08:57:29.998+0000] {subprocess.py:106} INFO - Pushed Filters: location IS NOT NULL
[2026-04-27T08:57:29.998+0000] {subprocess.py:106} INFO - Post-Scan Filters: isnotnull(location#322),(size(location#322, true) > 0)
[2026-04-27T08:57:29.999+0000] {subprocess.py:106} INFO - 
[2026-04-27T08:57:30.000+0000] {subprocess.py:106} INFO - 26/04/27 08:57:29 INFO V2ScanRelationPushDown:
[2026-04-27T08:57:30.001+0000] {subprocess.py:106} INFO - Pushing operators to iceberg.silver.it_jobs_clean
[2026-04-27T08:57:30.001+0000] {subprocess.py:106} INFO - Pushed Filters: skills_required IS NOT NULL
[2026-04-27T08:57:30.001+0000] {subprocess.py:106} INFO - Post-Scan Filters: isnotnull(skills_required#385),(size(skills_required#385, true) > 0)
[2026-04-27T08:57:30.002+0000] {subprocess.py:106} INFO - 
[2026-04-27T08:57:30.003+0000] {subprocess.py:106} INFO - 26/04/27 08:57:29 INFO V2ScanRelationPushDown:
[2026-04-27T08:57:30.003+0000] {subprocess.py:106} INFO - Pushing operators to iceberg.silver.it_jobs_clean
[2026-04-27T08:57:30.004+0000] {subprocess.py:106} INFO - Pushed Filters: work_mode IS NOT NULL
[2026-04-27T08:57:30.004+0000] {subprocess.py:106} INFO - Post-Scan Filters: isnotnull(work_mode#457)
[2026-04-27T08:57:30.005+0000] {subprocess.py:106} INFO - 
[2026-04-27T08:57:30.005+0000] {subprocess.py:106} INFO - 26/04/27 08:57:29 INFO SparkScanBuilder: Skipping aggregate pushdown: group by aggregation push down is not supported
[2026-04-27T08:57:30.006+0000] {subprocess.py:106} INFO - 26/04/27 08:57:29 INFO V2ScanRelationPushDown:
[2026-04-27T08:57:30.006+0000] {subprocess.py:106} INFO - Output: job_title#0, company_name#1, location#2, skills_required#3, date_posted#4, job_link#5, work_mode#7
[2026-04-27T08:57:30.007+0000] {subprocess.py:106} INFO - 
[2026-04-27T08:57:30.007+0000] {subprocess.py:106} INFO - 26/04/27 08:57:30 INFO V2ScanRelationPushDown:
[2026-04-27T08:57:30.008+0000] {subprocess.py:106} INFO - Output: company_name#265
[2026-04-27T08:57:30.008+0000] {subprocess.py:106} INFO - 
[2026-04-27T08:57:30.008+0000] {subprocess.py:106} INFO - 26/04/27 08:57:30 INFO V2ScanRelationPushDown:
[2026-04-27T08:57:30.009+0000] {subprocess.py:106} INFO - Output: location#322
[2026-04-27T08:57:30.009+0000] {subprocess.py:106} INFO - 
[2026-04-27T08:57:30.010+0000] {subprocess.py:106} INFO - 26/04/27 08:57:30 INFO V2ScanRelationPushDown:
[2026-04-27T08:57:30.011+0000] {subprocess.py:106} INFO - Output: skills_required#385
[2026-04-27T08:57:30.011+0000] {subprocess.py:106} INFO - 
[2026-04-27T08:57:30.011+0000] {subprocess.py:106} INFO - 26/04/27 08:57:30 INFO V2ScanRelationPushDown:
[2026-04-27T08:57:30.012+0000] {subprocess.py:106} INFO - Output: work_mode#457
[2026-04-27T08:57:30.012+0000] {subprocess.py:106} INFO - 
[2026-04-27T08:57:30.013+0000] {subprocess.py:106} INFO - 26/04/27 08:57:30 INFO V2ScanRelationPushDown:
[2026-04-27T08:57:30.015+0000] {subprocess.py:106} INFO - Output: job_title#522
[2026-04-27T08:57:30.016+0000] {subprocess.py:106} INFO - 
[2026-04-27T08:57:30.017+0000] {subprocess.py:106} INFO - 26/04/27 08:57:30 INFO SnapshotScan: Scanning table iceberg.silver.it_jobs_clean snapshot 5214283704870780580 created at 2026-04-27T08:56:48.691+00:00 with filter (location IS NOT NULL AND skills_required IS NOT NULL)
[2026-04-27T08:57:30.018+0000] {subprocess.py:106} INFO - 26/04/27 08:57:30 INFO BaseDistributedDataScan: Planning file tasks locally for table iceberg.silver.it_jobs_clean
[2026-04-27T08:57:30.042+0000] {subprocess.py:106} INFO - 26/04/27 08:57:30 INFO SparkPartitioningAwareScan: Reporting UnknownPartitioning with 1 partition(s) for table iceberg.silver.it_jobs_clean
[2026-04-27T08:57:30.045+0000] {subprocess.py:106} INFO - 26/04/27 08:57:30 INFO SnapshotScan: Scanning table iceberg.silver.it_jobs_clean snapshot 5214283704870780580 created at 2026-04-27T08:56:48.691+00:00 with filter company_name IS NOT NULL
[2026-04-27T08:57:30.046+0000] {subprocess.py:106} INFO - 26/04/27 08:57:30 INFO BaseDistributedDataScan: Planning file tasks locally for table iceberg.silver.it_jobs_clean
[2026-04-27T08:57:30.068+0000] {subprocess.py:106} INFO - 26/04/27 08:57:30 INFO SparkPartitioningAwareScan: Reporting UnknownPartitioning with 1 partition(s) for table iceberg.silver.it_jobs_clean
[2026-04-27T08:57:30.069+0000] {subprocess.py:106} INFO - 26/04/27 08:57:30 INFO SnapshotScan: Scanning table iceberg.silver.it_jobs_clean snapshot 5214283704870780580 created at 2026-04-27T08:56:48.691+00:00 with filter location IS NOT NULL
[2026-04-27T08:57:30.069+0000] {subprocess.py:106} INFO - 26/04/27 08:57:30 INFO BaseDistributedDataScan: Planning file tasks locally for table iceberg.silver.it_jobs_clean
[2026-04-27T08:57:30.091+0000] {subprocess.py:106} INFO - 26/04/27 08:57:30 INFO SparkPartitioningAwareScan: Reporting UnknownPartitioning with 1 partition(s) for table iceberg.silver.it_jobs_clean
[2026-04-27T08:57:30.092+0000] {subprocess.py:106} INFO - 26/04/27 08:57:30 INFO SnapshotScan: Scanning table iceberg.silver.it_jobs_clean snapshot 5214283704870780580 created at 2026-04-27T08:56:48.691+00:00 with filter skills_required IS NOT NULL
[2026-04-27T08:57:30.092+0000] {subprocess.py:106} INFO - 26/04/27 08:57:30 INFO BaseDistributedDataScan: Planning file tasks locally for table iceberg.silver.it_jobs_clean
[2026-04-27T08:57:30.112+0000] {subprocess.py:106} INFO - 26/04/27 08:57:30 INFO SparkPartitioningAwareScan: Reporting UnknownPartitioning with 1 partition(s) for table iceberg.silver.it_jobs_clean
[2026-04-27T08:57:30.112+0000] {subprocess.py:106} INFO - 26/04/27 08:57:30 INFO SnapshotScan: Scanning table iceberg.silver.it_jobs_clean snapshot 5214283704870780580 created at 2026-04-27T08:56:48.691+00:00 with filter work_mode IS NOT NULL
[2026-04-27T08:57:30.113+0000] {subprocess.py:106} INFO - 26/04/27 08:57:30 INFO BaseDistributedDataScan: Planning file tasks locally for table iceberg.silver.it_jobs_clean
[2026-04-27T08:57:30.132+0000] {subprocess.py:106} INFO - 26/04/27 08:57:30 INFO SparkPartitioningAwareScan: Reporting UnknownPartitioning with 1 partition(s) for table iceberg.silver.it_jobs_clean
[2026-04-27T08:57:30.133+0000] {subprocess.py:106} INFO - 26/04/27 08:57:30 INFO SnapshotScan: Scanning table iceberg.silver.it_jobs_clean snapshot 5214283704870780580 created at 2026-04-27T08:56:48.691+00:00 with filter true
[2026-04-27T08:57:30.134+0000] {subprocess.py:106} INFO - 26/04/27 08:57:30 INFO BaseDistributedDataScan: Planning file tasks locally for table iceberg.silver.it_jobs_clean
[2026-04-27T08:57:30.154+0000] {subprocess.py:106} INFO - 26/04/27 08:57:30 INFO SparkPartitioningAwareScan: Reporting UnknownPartitioning with 1 partition(s) for table iceberg.silver.it_jobs_clean
[2026-04-27T08:57:30.160+0000] {subprocess.py:106} INFO - 26/04/27 08:57:30 INFO SparkWrite: Requesting 402653184 bytes advisory partition size for table gold.fact_job_posting
[2026-04-27T08:57:30.160+0000] {subprocess.py:106} INFO - 26/04/27 08:57:30 INFO SparkWrite: Requesting ClusteredDistribution(date_id) as write distribution for table gold.fact_job_posting
[2026-04-27T08:57:30.165+0000] {subprocess.py:106} INFO - 26/04/27 08:57:30 INFO SparkWrite: Requesting [] as write ordering for table gold.fact_job_posting
[2026-04-27T08:57:30.228+0000] {subprocess.py:106} INFO - 26/04/27 08:57:30 INFO MemoryStore: Block broadcast_33 stored as values in memory (estimated size 32.0 KiB, free 434.4 MiB)
[2026-04-27T08:57:30.235+0000] {subprocess.py:106} INFO - 26/04/27 08:57:30 INFO MemoryStore: Block broadcast_33_piece0 stored as bytes in memory (estimated size 30.4 KiB, free 434.3 MiB)
[2026-04-27T08:57:30.239+0000] {subprocess.py:106} INFO - 26/04/27 08:57:30 INFO BlockManagerInfo: Added broadcast_33_piece0 in memory on c05002f484b8:40113 (size: 30.4 KiB, free: 434.4 MiB)
[2026-04-27T08:57:30.240+0000] {subprocess.py:106} INFO - 26/04/27 08:57:30 INFO SparkContext: Created broadcast 33 from broadcast at SparkBatch.java:79
[2026-04-27T08:57:30.241+0000] {subprocess.py:106} INFO - 26/04/27 08:57:30 INFO MemoryStore: Block broadcast_34 stored as values in memory (estimated size 32.0 KiB, free 434.3 MiB)
[2026-04-27T08:57:30.243+0000] {subprocess.py:106} INFO - 26/04/27 08:57:30 INFO MemoryStore: Block broadcast_34_piece0 stored as bytes in memory (estimated size 30.3 KiB, free 434.3 MiB)
[2026-04-27T08:57:30.244+0000] {subprocess.py:106} INFO - 26/04/27 08:57:30 INFO BlockManagerInfo: Added broadcast_34_piece0 in memory on c05002f484b8:40113 (size: 30.3 KiB, free: 434.3 MiB)
[2026-04-27T08:57:30.245+0000] {subprocess.py:106} INFO - 26/04/27 08:57:30 INFO SparkContext: Created broadcast 34 from broadcast at SparkBatch.java:79
[2026-04-27T08:57:30.248+0000] {subprocess.py:106} INFO - 26/04/27 08:57:30 INFO MemoryStore: Block broadcast_35 stored as values in memory (estimated size 32.0 KiB, free 434.2 MiB)
[2026-04-27T08:57:30.250+0000] {subprocess.py:106} INFO - 26/04/27 08:57:30 INFO MemoryStore: Block broadcast_35_piece0 stored as bytes in memory (estimated size 30.4 KiB, free 434.2 MiB)
[2026-04-27T08:57:30.251+0000] {subprocess.py:106} INFO - 26/04/27 08:57:30 INFO BlockManagerInfo: Added broadcast_35_piece0 in memory on c05002f484b8:40113 (size: 30.4 KiB, free: 434.3 MiB)
[2026-04-27T08:57:30.252+0000] {subprocess.py:106} INFO - 26/04/27 08:57:30 INFO SparkContext: Created broadcast 35 from broadcast at SparkBatch.java:79
[2026-04-27T08:57:30.257+0000] {subprocess.py:106} INFO - 26/04/27 08:57:30 INFO MemoryStore: Block broadcast_36 stored as values in memory (estimated size 32.0 KiB, free 434.2 MiB)
[2026-04-27T08:57:30.259+0000] {subprocess.py:106} INFO - 26/04/27 08:57:30 INFO MemoryStore: Block broadcast_36_piece0 stored as bytes in memory (estimated size 30.3 KiB, free 434.2 MiB)
[2026-04-27T08:57:30.260+0000] {subprocess.py:106} INFO - 26/04/27 08:57:30 INFO BlockManagerInfo: Added broadcast_36_piece0 in memory on c05002f484b8:40113 (size: 30.3 KiB, free: 434.3 MiB)
[2026-04-27T08:57:30.260+0000] {subprocess.py:106} INFO - 26/04/27 08:57:30 INFO SparkContext: Created broadcast 36 from broadcast at SparkBatch.java:79
[2026-04-27T08:57:30.265+0000] {subprocess.py:106} INFO - 26/04/27 08:57:30 INFO MemoryStore: Block broadcast_37 stored as values in memory (estimated size 32.0 KiB, free 434.1 MiB)
[2026-04-27T08:57:30.267+0000] {subprocess.py:106} INFO - 26/04/27 08:57:30 INFO MemoryStore: Block broadcast_37_piece0 stored as bytes in memory (estimated size 30.4 KiB, free 434.1 MiB)
[2026-04-27T08:57:30.267+0000] {subprocess.py:106} INFO - 26/04/27 08:57:30 INFO BlockManagerInfo: Added broadcast_37_piece0 in memory on c05002f484b8:40113 (size: 30.4 KiB, free: 434.3 MiB)
[2026-04-27T08:57:30.268+0000] {subprocess.py:106} INFO - 26/04/27 08:57:30 INFO SparkContext: Created broadcast 37 from broadcast at SparkBatch.java:79
[2026-04-27T08:57:30.274+0000] {subprocess.py:106} INFO - 26/04/27 08:57:30 INFO MemoryStore: Block broadcast_38 stored as values in memory (estimated size 32.0 KiB, free 434.1 MiB)
[2026-04-27T08:57:30.276+0000] {subprocess.py:106} INFO - 26/04/27 08:57:30 INFO MemoryStore: Block broadcast_38_piece0 stored as bytes in memory (estimated size 30.3 KiB, free 434.0 MiB)
[2026-04-27T08:57:30.276+0000] {subprocess.py:106} INFO - 26/04/27 08:57:30 INFO BlockManagerInfo: Added broadcast_38_piece0 in memory on c05002f484b8:40113 (size: 30.3 KiB, free: 434.2 MiB)
[2026-04-27T08:57:30.277+0000] {subprocess.py:106} INFO - 26/04/27 08:57:30 INFO SparkContext: Created broadcast 38 from broadcast at SparkBatch.java:79
[2026-04-27T08:57:30.301+0000] {subprocess.py:106} INFO - 26/04/27 08:57:30 INFO MemoryStore: Block broadcast_39 stored as values in memory (estimated size 32.0 KiB, free 434.0 MiB)
[2026-04-27T08:57:30.320+0000] {subprocess.py:106} INFO - 26/04/27 08:57:30 INFO MemoryStore: Block broadcast_39_piece0 stored as bytes in memory (estimated size 30.4 KiB, free 434.0 MiB)
[2026-04-27T08:57:30.321+0000] {subprocess.py:106} INFO - 26/04/27 08:57:30 INFO BlockManagerInfo: Added broadcast_39_piece0 in memory on c05002f484b8:40113 (size: 30.4 KiB, free: 434.2 MiB)
[2026-04-27T08:57:30.321+0000] {subprocess.py:106} INFO - 26/04/27 08:57:30 INFO SparkContext: Created broadcast 39 from broadcast at SparkBatch.java:79
[2026-04-27T08:57:30.325+0000] {subprocess.py:106} INFO - 26/04/27 08:57:30 INFO MemoryStore: Block broadcast_40 stored as values in memory (estimated size 32.0 KiB, free 433.9 MiB)
[2026-04-27T08:57:30.340+0000] {subprocess.py:106} INFO - 26/04/27 08:57:30 INFO MemoryStore: Block broadcast_40_piece0 stored as bytes in memory (estimated size 30.3 KiB, free 433.9 MiB)
[2026-04-27T08:57:30.341+0000] {subprocess.py:106} INFO - 26/04/27 08:57:30 INFO BlockManagerInfo: Added broadcast_40_piece0 in memory on c05002f484b8:40113 (size: 30.3 KiB, free: 434.2 MiB)
[2026-04-27T08:57:30.342+0000] {subprocess.py:106} INFO - 26/04/27 08:57:30 INFO SparkContext: Created broadcast 40 from broadcast at SparkBatch.java:79
[2026-04-27T08:57:30.346+0000] {subprocess.py:106} INFO - 26/04/27 08:57:30 INFO MemoryStore: Block broadcast_41 stored as values in memory (estimated size 32.0 KiB, free 433.9 MiB)
[2026-04-27T08:57:30.350+0000] {subprocess.py:106} INFO - 26/04/27 08:57:30 INFO MemoryStore: Block broadcast_41_piece0 stored as bytes in memory (estimated size 30.4 KiB, free 433.9 MiB)
[2026-04-27T08:57:30.351+0000] {subprocess.py:106} INFO - 26/04/27 08:57:30 INFO BlockManagerInfo: Added broadcast_41_piece0 in memory on c05002f484b8:40113 (size: 30.4 KiB, free: 434.1 MiB)
[2026-04-27T08:57:30.352+0000] {subprocess.py:106} INFO - 26/04/27 08:57:30 INFO SparkContext: Created broadcast 41 from broadcast at SparkBatch.java:79
[2026-04-27T08:57:30.355+0000] {subprocess.py:106} INFO - 26/04/27 08:57:30 INFO MemoryStore: Block broadcast_42 stored as values in memory (estimated size 32.0 KiB, free 433.8 MiB)
[2026-04-27T08:57:30.357+0000] {subprocess.py:106} INFO - 26/04/27 08:57:30 INFO MemoryStore: Block broadcast_42_piece0 stored as bytes in memory (estimated size 30.3 KiB, free 433.8 MiB)
[2026-04-27T08:57:30.358+0000] {subprocess.py:106} INFO - 26/04/27 08:57:30 INFO BlockManagerInfo: Added broadcast_42_piece0 in memory on c05002f484b8:40113 (size: 30.3 KiB, free: 434.1 MiB)
[2026-04-27T08:57:30.359+0000] {subprocess.py:106} INFO - 26/04/27 08:57:30 INFO SparkContext: Created broadcast 42 from broadcast at SparkBatch.java:79
[2026-04-27T08:57:30.363+0000] {subprocess.py:106} INFO - 26/04/27 08:57:30 INFO MemoryStore: Block broadcast_43 stored as values in memory (estimated size 32.0 KiB, free 433.8 MiB)
[2026-04-27T08:57:30.365+0000] {subprocess.py:106} INFO - 26/04/27 08:57:30 INFO MemoryStore: Block broadcast_43_piece0 stored as bytes in memory (estimated size 30.4 KiB, free 433.7 MiB)
[2026-04-27T08:57:30.366+0000] {subprocess.py:106} INFO - 26/04/27 08:57:30 INFO BlockManagerInfo: Added broadcast_43_piece0 in memory on c05002f484b8:40113 (size: 30.4 KiB, free: 434.1 MiB)
[2026-04-27T08:57:30.367+0000] {subprocess.py:106} INFO - 26/04/27 08:57:30 INFO SparkContext: Created broadcast 43 from broadcast at SparkBatch.java:79
[2026-04-27T08:57:30.437+0000] {subprocess.py:106} INFO - 26/04/27 08:57:30 INFO MemoryStore: Block broadcast_44 stored as values in memory (estimated size 32.0 KiB, free 433.7 MiB)
[2026-04-27T08:57:30.446+0000] {subprocess.py:106} INFO - 26/04/27 08:57:30 INFO MemoryStore: Block broadcast_44_piece0 stored as bytes in memory (estimated size 30.3 KiB, free 433.7 MiB)
[2026-04-27T08:57:30.446+0000] {subprocess.py:106} INFO - 26/04/27 08:57:30 INFO BlockManagerInfo: Added broadcast_44_piece0 in memory on c05002f484b8:40113 (size: 30.3 KiB, free: 434.0 MiB)
[2026-04-27T08:57:30.447+0000] {subprocess.py:106} INFO - 26/04/27 08:57:30 INFO SparkContext: Created broadcast 44 from broadcast at SparkBatch.java:79
[2026-04-27T08:57:30.485+0000] {subprocess.py:106} INFO - 26/04/27 08:57:30 INFO DAGScheduler: Registering RDD 48 (create at <unknown>:0) as input to shuffle 8
[2026-04-27T08:57:30.486+0000] {subprocess.py:106} INFO - 26/04/27 08:57:30 INFO DAGScheduler: Got map stage job 15 (create at <unknown>:0) with 1 output partitions
[2026-04-27T08:57:30.488+0000] {subprocess.py:106} INFO - 26/04/27 08:57:30 INFO DAGScheduler: Final stage: ShuffleMapStage 24 (create at <unknown>:0)
[2026-04-27T08:57:30.488+0000] {subprocess.py:106} INFO - 26/04/27 08:57:30 INFO DAGScheduler: Parents of final stage: List()
[2026-04-27T08:57:30.492+0000] {subprocess.py:106} INFO - 26/04/27 08:57:30 INFO DAGScheduler: Missing parents: List()
[2026-04-27T08:57:30.498+0000] {subprocess.py:106} INFO - 26/04/27 08:57:30 INFO DAGScheduler: Submitting ShuffleMapStage 24 (MapPartitionsRDD[48] at create at <unknown>:0), which has no missing parents
[2026-04-27T08:57:30.522+0000] {subprocess.py:106} INFO - 26/04/27 08:57:30 INFO MemoryStore: Block broadcast_45 stored as values in memory (estimated size 37.2 KiB, free 433.6 MiB)
[2026-04-27T08:57:30.525+0000] {subprocess.py:106} INFO - 26/04/27 08:57:30 INFO MemoryStore: Block broadcast_45_piece0 stored as bytes in memory (estimated size 16.2 KiB, free 433.6 MiB)
[2026-04-27T08:57:30.526+0000] {subprocess.py:106} INFO - 26/04/27 08:57:30 INFO BlockManagerInfo: Added broadcast_45_piece0 in memory on c05002f484b8:40113 (size: 16.2 KiB, free: 434.0 MiB)
[2026-04-27T08:57:30.530+0000] {subprocess.py:106} INFO - 26/04/27 08:57:30 INFO SparkContext: Created broadcast 45 from broadcast at DAGScheduler.scala:1585
[2026-04-27T08:57:30.532+0000] {subprocess.py:106} INFO - 26/04/27 08:57:30 INFO DAGScheduler: Submitting 1 missing tasks from ShuffleMapStage 24 (MapPartitionsRDD[48] at create at <unknown>:0) (first 15 tasks are for partitions Vector(0))
[2026-04-27T08:57:30.535+0000] {subprocess.py:106} INFO - 26/04/27 08:57:30 INFO TaskSchedulerImpl: Adding task set 24.0 with 1 tasks resource profile 0
[2026-04-27T08:57:30.537+0000] {subprocess.py:106} INFO - 26/04/27 08:57:30 INFO TaskSetManager: Starting task 0.0 in stage 24.0 (TID 15) (172.30.0.8, executor 0, partition 0, PROCESS_LOCAL, 15457 bytes)
[2026-04-27T08:57:30.560+0000] {subprocess.py:106} INFO - 26/04/27 08:57:30 INFO BlockManagerInfo: Added broadcast_45_piece0 in memory on 172.30.0.8:33469 (size: 16.2 KiB, free: 434.4 MiB)
[2026-04-27T08:57:30.572+0000] {subprocess.py:106} INFO - 26/04/27 08:57:30 INFO CodeGenerator: Code generated in 45.466583 ms
[2026-04-27T08:57:30.597+0000] {subprocess.py:106} INFO - 26/04/27 08:57:30 INFO DAGScheduler: Registering RDD 52 (create at <unknown>:0) as input to shuffle 9
[2026-04-27T08:57:30.599+0000] {subprocess.py:106} INFO - 26/04/27 08:57:30 INFO DAGScheduler: Got map stage job 16 (create at <unknown>:0) with 1 output partitions
[2026-04-27T08:57:30.600+0000] {subprocess.py:106} INFO - 26/04/27 08:57:30 INFO DAGScheduler: Final stage: ShuffleMapStage 25 (create at <unknown>:0)
[2026-04-27T08:57:30.601+0000] {subprocess.py:106} INFO - 26/04/27 08:57:30 INFO DAGScheduler: Parents of final stage: List()
[2026-04-27T08:57:30.602+0000] {subprocess.py:106} INFO - 26/04/27 08:57:30 INFO BlockManagerInfo: Added broadcast_40_piece0 in memory on 172.30.0.8:33469 (size: 30.3 KiB, free: 434.4 MiB)
[2026-04-27T08:57:30.609+0000] {subprocess.py:106} INFO - 26/04/27 08:57:30 INFO DAGScheduler: Missing parents: List()
[2026-04-27T08:57:30.614+0000] {subprocess.py:106} INFO - 26/04/27 08:57:30 INFO DAGScheduler: Submitting ShuffleMapStage 25 (MapPartitionsRDD[52] at create at <unknown>:0), which has no missing parents
[2026-04-27T08:57:30.619+0000] {subprocess.py:106} INFO - 26/04/27 08:57:30 INFO MemoryStore: Block broadcast_46 stored as values in memory (estimated size 39.5 KiB, free 433.6 MiB)
[2026-04-27T08:57:30.642+0000] {subprocess.py:106} INFO - 26/04/27 08:57:30 INFO MemoryStore: Block broadcast_46_piece0 stored as bytes in memory (estimated size 17.2 KiB, free 433.6 MiB)
[2026-04-27T08:57:30.647+0000] {subprocess.py:106} INFO - 26/04/27 08:57:30 INFO BlockManagerInfo: Added broadcast_46_piece0 in memory on c05002f484b8:40113 (size: 17.2 KiB, free: 434.0 MiB)
[2026-04-27T08:57:30.649+0000] {subprocess.py:106} INFO - 26/04/27 08:57:30 INFO SparkContext: Created broadcast 46 from broadcast at DAGScheduler.scala:1585
[2026-04-27T08:57:30.650+0000] {subprocess.py:106} INFO - 26/04/27 08:57:30 INFO DAGScheduler: Submitting 1 missing tasks from ShuffleMapStage 25 (MapPartitionsRDD[52] at create at <unknown>:0) (first 15 tasks are for partitions Vector(0))
[2026-04-27T08:57:30.651+0000] {subprocess.py:106} INFO - 26/04/27 08:57:30 INFO TaskSchedulerImpl: Adding task set 25.0 with 1 tasks resource profile 0
[2026-04-27T08:57:30.692+0000] {subprocess.py:106} INFO - 26/04/27 08:57:30 INFO CodeGenerator: Code generated in 46.926894 ms
[2026-04-27T08:57:30.708+0000] {subprocess.py:106} INFO - 26/04/27 08:57:30 INFO DAGScheduler: Registering RDD 56 (create at <unknown>:0) as input to shuffle 10
[2026-04-27T08:57:30.709+0000] {subprocess.py:106} INFO - 26/04/27 08:57:30 INFO DAGScheduler: Got map stage job 17 (create at <unknown>:0) with 1 output partitions
[2026-04-27T08:57:30.709+0000] {subprocess.py:106} INFO - 26/04/27 08:57:30 INFO DAGScheduler: Final stage: ShuffleMapStage 26 (create at <unknown>:0)
[2026-04-27T08:57:30.711+0000] {subprocess.py:106} INFO - 26/04/27 08:57:30 INFO DAGScheduler: Parents of final stage: List()
[2026-04-27T08:57:30.717+0000] {subprocess.py:106} INFO - 26/04/27 08:57:30 INFO DAGScheduler: Missing parents: List()
[2026-04-27T08:57:30.757+0000] {subprocess.py:106} INFO - 26/04/27 08:57:30 INFO DAGScheduler: Submitting ShuffleMapStage 26 (MapPartitionsRDD[56] at create at <unknown>:0), which has no missing parents
[2026-04-27T08:57:30.763+0000] {subprocess.py:106} INFO - 26/04/27 08:57:30 INFO MemoryStore: Block broadcast_47 stored as values in memory (estimated size 40.1 KiB, free 433.5 MiB)
[2026-04-27T08:57:30.764+0000] {subprocess.py:106} INFO - 26/04/27 08:57:30 INFO MemoryStore: Block broadcast_47_piece0 stored as bytes in memory (estimated size 17.5 KiB, free 433.5 MiB)
[2026-04-27T08:57:30.767+0000] {subprocess.py:106} INFO - 26/04/27 08:57:30 INFO BlockManagerInfo: Added broadcast_47_piece0 in memory on c05002f484b8:40113 (size: 17.5 KiB, free: 434.0 MiB)
[2026-04-27T08:57:30.768+0000] {subprocess.py:106} INFO - 26/04/27 08:57:30 INFO SparkContext: Created broadcast 47 from broadcast at DAGScheduler.scala:1585
[2026-04-27T08:57:30.769+0000] {subprocess.py:106} INFO - 26/04/27 08:57:30 INFO DAGScheduler: Submitting 1 missing tasks from ShuffleMapStage 26 (MapPartitionsRDD[56] at create at <unknown>:0) (first 15 tasks are for partitions Vector(0))
[2026-04-27T08:57:30.770+0000] {subprocess.py:106} INFO - 26/04/27 08:57:30 INFO TaskSchedulerImpl: Adding task set 26.0 with 1 tasks resource profile 0
[2026-04-27T08:57:30.789+0000] {subprocess.py:106} INFO - 26/04/27 08:57:30 INFO CodeGenerator: Code generated in 46.114581 ms
[2026-04-27T08:57:30.800+0000] {subprocess.py:106} INFO - 26/04/27 08:57:30 INFO DAGScheduler: Registering RDD 60 (create at <unknown>:0) as input to shuffle 11
[2026-04-27T08:57:30.801+0000] {subprocess.py:106} INFO - 26/04/27 08:57:30 INFO DAGScheduler: Got map stage job 18 (create at <unknown>:0) with 1 output partitions
[2026-04-27T08:57:30.802+0000] {subprocess.py:106} INFO - 26/04/27 08:57:30 INFO DAGScheduler: Final stage: ShuffleMapStage 27 (create at <unknown>:0)
[2026-04-27T08:57:30.802+0000] {subprocess.py:106} INFO - 26/04/27 08:57:30 INFO DAGScheduler: Parents of final stage: List()
[2026-04-27T08:57:30.803+0000] {subprocess.py:106} INFO - 26/04/27 08:57:30 INFO DAGScheduler: Missing parents: List()
[2026-04-27T08:57:30.809+0000] {subprocess.py:106} INFO - 26/04/27 08:57:30 INFO DAGScheduler: Submitting ShuffleMapStage 27 (MapPartitionsRDD[60] at create at <unknown>:0), which has no missing parents
[2026-04-27T08:57:30.809+0000] {subprocess.py:106} INFO - 26/04/27 08:57:30 INFO MemoryStore: Block broadcast_48 stored as values in memory (estimated size 37.2 KiB, free 433.5 MiB)
[2026-04-27T08:57:30.824+0000] {subprocess.py:106} INFO - 26/04/27 08:57:30 INFO MemoryStore: Block broadcast_48_piece0 stored as bytes in memory (estimated size 16.3 KiB, free 433.5 MiB)
[2026-04-27T08:57:30.831+0000] {subprocess.py:106} INFO - 26/04/27 08:57:30 INFO BlockManagerInfo: Added broadcast_48_piece0 in memory on c05002f484b8:40113 (size: 16.3 KiB, free: 434.0 MiB)
[2026-04-27T08:57:30.832+0000] {subprocess.py:106} INFO - 26/04/27 08:57:30 INFO SparkContext: Created broadcast 48 from broadcast at DAGScheduler.scala:1585
[2026-04-27T08:57:30.834+0000] {subprocess.py:106} INFO - 26/04/27 08:57:30 INFO DAGScheduler: Submitting 1 missing tasks from ShuffleMapStage 27 (MapPartitionsRDD[60] at create at <unknown>:0) (first 15 tasks are for partitions Vector(0))
[2026-04-27T08:57:30.835+0000] {subprocess.py:106} INFO - 26/04/27 08:57:30 INFO TaskSchedulerImpl: Adding task set 27.0 with 1 tasks resource profile 0
[2026-04-27T08:57:30.876+0000] {subprocess.py:106} INFO - 26/04/27 08:57:30 INFO CodeGenerator: Code generated in 64.595904 ms
[2026-04-27T08:57:30.903+0000] {subprocess.py:106} INFO - 26/04/27 08:57:30 INFO DAGScheduler: Registering RDD 64 (create at <unknown>:0) as input to shuffle 12
[2026-04-27T08:57:30.904+0000] {subprocess.py:106} INFO - 26/04/27 08:57:30 INFO DAGScheduler: Got map stage job 19 (create at <unknown>:0) with 1 output partitions
[2026-04-27T08:57:30.904+0000] {subprocess.py:106} INFO - 26/04/27 08:57:30 INFO DAGScheduler: Final stage: ShuffleMapStage 28 (create at <unknown>:0)
[2026-04-27T08:57:30.905+0000] {subprocess.py:106} INFO - 26/04/27 08:57:30 INFO DAGScheduler: Parents of final stage: List()
[2026-04-27T08:57:30.905+0000] {subprocess.py:106} INFO - 26/04/27 08:57:30 INFO DAGScheduler: Missing parents: List()
[2026-04-27T08:57:30.916+0000] {subprocess.py:106} INFO - 26/04/27 08:57:30 INFO DAGScheduler: Submitting ShuffleMapStage 28 (MapPartitionsRDD[64] at create at <unknown>:0), which has no missing parents
[2026-04-27T08:57:30.921+0000] {subprocess.py:106} INFO - 26/04/27 08:57:30 INFO MemoryStore: Block broadcast_49 stored as values in memory (estimated size 29.4 KiB, free 433.4 MiB)
[2026-04-27T08:57:30.923+0000] {subprocess.py:106} INFO - 26/04/27 08:57:30 INFO MemoryStore: Block broadcast_49_piece0 stored as bytes in memory (estimated size 12.3 KiB, free 433.4 MiB)
[2026-04-27T08:57:30.925+0000] {subprocess.py:106} INFO - 26/04/27 08:57:30 INFO BlockManagerInfo: Added broadcast_49_piece0 in memory on c05002f484b8:40113 (size: 12.3 KiB, free: 434.0 MiB)
[2026-04-27T08:57:30.927+0000] {subprocess.py:106} INFO - 26/04/27 08:57:30 INFO SparkContext: Created broadcast 49 from broadcast at DAGScheduler.scala:1585
[2026-04-27T08:57:30.940+0000] {subprocess.py:106} INFO - 26/04/27 08:57:30 INFO DAGScheduler: Submitting 1 missing tasks from ShuffleMapStage 28 (MapPartitionsRDD[64] at create at <unknown>:0) (first 15 tasks are for partitions Vector(0))
[2026-04-27T08:57:30.941+0000] {subprocess.py:106} INFO - 26/04/27 08:57:30 INFO TaskSchedulerImpl: Adding task set 28.0 with 1 tasks resource profile 0
[2026-04-27T08:57:30.980+0000] {subprocess.py:106} INFO - 26/04/27 08:57:30 INFO TaskSetManager: Starting task 0.0 in stage 25.0 (TID 16) (172.30.0.8, executor 0, partition 0, PROCESS_LOCAL, 15516 bytes)
[2026-04-27T08:57:30.982+0000] {subprocess.py:106} INFO - 26/04/27 08:57:30 INFO TaskSetManager: Finished task 0.0 in stage 24.0 (TID 15) in 453 ms on 172.30.0.8 (executor 0) (1/1)
[2026-04-27T08:57:30.983+0000] {subprocess.py:106} INFO - 26/04/27 08:57:30 INFO TaskSchedulerImpl: Removed TaskSet 24.0, whose tasks have all completed, from pool
[2026-04-27T08:57:30.984+0000] {subprocess.py:106} INFO - 26/04/27 08:57:30 INFO DAGScheduler: ShuffleMapStage 24 (create at <unknown>:0) finished in 0.465 s
[2026-04-27T08:57:30.984+0000] {subprocess.py:106} INFO - 26/04/27 08:57:30 INFO DAGScheduler: looking for newly runnable stages
[2026-04-27T08:57:30.987+0000] {subprocess.py:106} INFO - 26/04/27 08:57:30 INFO DAGScheduler: running: Set(ShuffleMapStage 27, ShuffleMapStage 28, ShuffleMapStage 25, ShuffleMapStage 26)
[2026-04-27T08:57:30.988+0000] {subprocess.py:106} INFO - 26/04/27 08:57:30 INFO DAGScheduler: waiting: Set()
[2026-04-27T08:57:30.990+0000] {subprocess.py:106} INFO - 26/04/27 08:57:30 INFO DAGScheduler: failed: Set()
[2026-04-27T08:57:31.002+0000] {subprocess.py:106} INFO - 26/04/27 08:57:31 INFO BlockManagerInfo: Added broadcast_46_piece0 in memory on 172.30.0.8:33469 (size: 17.2 KiB, free: 434.3 MiB)
[2026-04-27T08:57:31.011+0000] {subprocess.py:106} INFO - 26/04/27 08:57:31 INFO MemoryStore: Block broadcast_50 stored as values in memory (estimated size 32.0 KiB, free 433.4 MiB)
[2026-04-27T08:57:31.028+0000] {subprocess.py:106} INFO - 26/04/27 08:57:31 INFO MemoryStore: Block broadcast_50_piece0 stored as bytes in memory (estimated size 30.4 KiB, free 433.4 MiB)
[2026-04-27T08:57:31.035+0000] {subprocess.py:106} INFO - 26/04/27 08:57:31 INFO BlockManagerInfo: Added broadcast_50_piece0 in memory on c05002f484b8:40113 (size: 30.4 KiB, free: 433.9 MiB)
[2026-04-27T08:57:31.036+0000] {subprocess.py:106} INFO - 26/04/27 08:57:31 INFO SparkContext: Created broadcast 50 from broadcast at SparkBatch.java:79
[2026-04-27T08:57:31.037+0000] {subprocess.py:106} INFO - 26/04/27 08:57:31 INFO BlockManagerInfo: Removed broadcast_45_piece0 on c05002f484b8:40113 in memory (size: 16.2 KiB, free: 434.0 MiB)
[2026-04-27T08:57:31.042+0000] {subprocess.py:106} INFO - 26/04/27 08:57:31 INFO BlockManagerInfo: Removed broadcast_45_piece0 on 172.30.0.8:33469 in memory (size: 16.2 KiB, free: 434.4 MiB)
[2026-04-27T08:57:31.092+0000] {subprocess.py:106} INFO - 26/04/27 08:57:31 INFO ShufflePartitionsUtil: For shuffle(8), advisory target size: 67108864, actual target size 1048576, minimum partition size: 1048576
[2026-04-27T08:57:31.188+0000] {subprocess.py:106} INFO - 26/04/27 08:57:31 INFO BlockManagerInfo: Added broadcast_41_piece0 in memory on 172.30.0.8:33469 (size: 30.4 KiB, free: 434.3 MiB)
[2026-04-27T08:57:31.256+0000] {subprocess.py:106} INFO - 26/04/27 08:57:31 INFO CodeGenerator: Code generated in 68.253949 ms
[2026-04-27T08:57:31.333+0000] {subprocess.py:106} INFO - 26/04/27 08:57:31 INFO SparkContext: Starting job: $anonfun$withThreadLocalCaptured$1 at <unknown>:0
[2026-04-27T08:57:31.334+0000] {subprocess.py:106} INFO - 26/04/27 08:57:31 INFO DAGScheduler: Got job 20 ($anonfun$withThreadLocalCaptured$1 at <unknown>:0) with 1 output partitions
[2026-04-27T08:57:31.340+0000] {subprocess.py:106} INFO - 26/04/27 08:57:31 INFO DAGScheduler: Final stage: ResultStage 30 ($anonfun$withThreadLocalCaptured$1 at <unknown>:0)
[2026-04-27T08:57:31.342+0000] {subprocess.py:106} INFO - 26/04/27 08:57:31 INFO DAGScheduler: Parents of final stage: List(ShuffleMapStage 29)
[2026-04-27T08:57:31.343+0000] {subprocess.py:106} INFO - 26/04/27 08:57:31 INFO DAGScheduler: Missing parents: List()
[2026-04-27T08:57:31.344+0000] {subprocess.py:106} INFO - 26/04/27 08:57:31 INFO DAGScheduler: Submitting ResultStage 30 (MapPartitionsRDD[67] at $anonfun$withThreadLocalCaptured$1 at <unknown>:0), which has no missing parents
[2026-04-27T08:57:31.346+0000] {subprocess.py:106} INFO - 26/04/27 08:57:31 INFO MemoryStore: Block broadcast_51 stored as values in memory (estimated size 42.2 KiB, free 433.4 MiB)
[2026-04-27T08:57:31.372+0000] {subprocess.py:106} INFO - 26/04/27 08:57:31 INFO MemoryStore: Block broadcast_51_piece0 stored as bytes in memory (estimated size 18.7 KiB, free 433.3 MiB)
[2026-04-27T08:57:31.381+0000] {subprocess.py:106} INFO - 26/04/27 08:57:31 INFO BlockManagerInfo: Added broadcast_51_piece0 in memory on c05002f484b8:40113 (size: 18.7 KiB, free: 433.9 MiB)
[2026-04-27T08:57:31.384+0000] {subprocess.py:106} INFO - 26/04/27 08:57:31 INFO SparkContext: Created broadcast 51 from broadcast at DAGScheduler.scala:1585
[2026-04-27T08:57:31.391+0000] {subprocess.py:106} INFO - 26/04/27 08:57:31 INFO DAGScheduler: Submitting 1 missing tasks from ResultStage 30 (MapPartitionsRDD[67] at $anonfun$withThreadLocalCaptured$1 at <unknown>:0) (first 15 tasks are for partitions Vector(0))
[2026-04-27T08:57:31.392+0000] {subprocess.py:106} INFO - 26/04/27 08:57:31 INFO TaskSchedulerImpl: Adding task set 30.0 with 1 tasks resource profile 0
[2026-04-27T08:57:31.397+0000] {subprocess.py:106} INFO - 26/04/27 08:57:31 INFO BlockManagerInfo: Removed broadcast_50_piece0 on c05002f484b8:40113 in memory (size: 30.4 KiB, free: 434.0 MiB)
[2026-04-27T08:57:31.785+0000] {subprocess.py:106} INFO - 26/04/27 08:57:31 INFO TaskSetManager: Starting task 0.0 in stage 26.0 (TID 17) (172.30.0.8, executor 0, partition 0, PROCESS_LOCAL, 15530 bytes)
[2026-04-27T08:57:31.786+0000] {subprocess.py:106} INFO - 26/04/27 08:57:31 INFO TaskSetManager: Finished task 0.0 in stage 25.0 (TID 16) in 800 ms on 172.30.0.8 (executor 0) (1/1)
[2026-04-27T08:57:31.788+0000] {subprocess.py:106} INFO - 26/04/27 08:57:31 INFO TaskSchedulerImpl: Removed TaskSet 25.0, whose tasks have all completed, from pool
[2026-04-27T08:57:31.794+0000] {subprocess.py:106} INFO - 26/04/27 08:57:31 INFO DAGScheduler: ShuffleMapStage 25 (create at <unknown>:0) finished in 1.167 s
[2026-04-27T08:57:31.800+0000] {subprocess.py:106} INFO - 26/04/27 08:57:31 INFO DAGScheduler: looking for newly runnable stages
[2026-04-27T08:57:31.804+0000] {subprocess.py:106} INFO - 26/04/27 08:57:31 INFO DAGScheduler: running: Set(ResultStage 30, ShuffleMapStage 27, ShuffleMapStage 28, ShuffleMapStage 26)
[2026-04-27T08:57:31.810+0000] {subprocess.py:106} INFO - 26/04/27 08:57:31 INFO DAGScheduler: waiting: Set()
[2026-04-27T08:57:31.815+0000] {subprocess.py:106} INFO - 26/04/27 08:57:31 INFO DAGScheduler: failed: Set()
[2026-04-27T08:57:31.868+0000] {subprocess.py:106} INFO - 26/04/27 08:57:31 INFO MemoryStore: Block broadcast_52 stored as values in memory (estimated size 32.0 KiB, free 433.4 MiB)
[2026-04-27T08:57:31.929+0000] {subprocess.py:106} INFO - 26/04/27 08:57:31 INFO MemoryStore: Block broadcast_52_piece0 stored as bytes in memory (estimated size 30.3 KiB, free 433.3 MiB)
[2026-04-27T08:57:31.930+0000] {subprocess.py:106} INFO - 26/04/27 08:57:31 INFO BlockManagerInfo: Added broadcast_47_piece0 in memory on 172.30.0.8:33469 (size: 17.5 KiB, free: 434.3 MiB)
[2026-04-27T08:57:31.937+0000] {subprocess.py:106} INFO - 26/04/27 08:57:31 INFO BlockManagerInfo: Added broadcast_52_piece0 in memory on c05002f484b8:40113 (size: 30.3 KiB, free: 433.9 MiB)
[2026-04-27T08:57:31.956+0000] {subprocess.py:106} INFO - 26/04/27 08:57:31 INFO SparkContext: Created broadcast 52 from broadcast at SparkBatch.java:79
[2026-04-27T08:57:31.962+0000] {subprocess.py:106} INFO - 26/04/27 08:57:31 INFO BlockManagerInfo: Removed broadcast_46_piece0 on c05002f484b8:40113 in memory (size: 17.2 KiB, free: 434.0 MiB)
[2026-04-27T08:57:31.968+0000] {subprocess.py:106} INFO - 26/04/27 08:57:31 INFO BlockManagerInfo: Removed broadcast_46_piece0 on 172.30.0.8:33469 in memory (size: 17.2 KiB, free: 434.3 MiB)
[2026-04-27T08:57:31.999+0000] {subprocess.py:106} INFO - 26/04/27 08:57:31 INFO ShufflePartitionsUtil: For shuffle(9), advisory target size: 67108864, actual target size 1048576, minimum partition size: 1048576
[2026-04-27T08:57:32.117+0000] {subprocess.py:106} INFO - 26/04/27 08:57:32 INFO BlockManagerInfo: Added broadcast_42_piece0 in memory on 172.30.0.8:33469 (size: 30.3 KiB, free: 434.3 MiB)
[2026-04-27T08:57:32.174+0000] {subprocess.py:106} INFO - 26/04/27 08:57:32 INFO CodeGenerator: Code generated in 52.360005 ms
[2026-04-27T08:57:32.215+0000] {subprocess.py:106} INFO - 26/04/27 08:57:32 INFO SparkContext: Starting job: $anonfun$withThreadLocalCaptured$1 at <unknown>:0
[2026-04-27T08:57:32.219+0000] {subprocess.py:106} INFO - 26/04/27 08:57:32 INFO DAGScheduler: Got job 21 ($anonfun$withThreadLocalCaptured$1 at <unknown>:0) with 1 output partitions
[2026-04-27T08:57:32.220+0000] {subprocess.py:106} INFO - 26/04/27 08:57:32 INFO DAGScheduler: Final stage: ResultStage 32 ($anonfun$withThreadLocalCaptured$1 at <unknown>:0)
[2026-04-27T08:57:32.222+0000] {subprocess.py:106} INFO - 26/04/27 08:57:32 INFO DAGScheduler: Parents of final stage: List(ShuffleMapStage 31)
[2026-04-27T08:57:32.223+0000] {subprocess.py:106} INFO - 26/04/27 08:57:32 INFO DAGScheduler: Missing parents: List()
[2026-04-27T08:57:32.223+0000] {subprocess.py:106} INFO - 26/04/27 08:57:32 INFO DAGScheduler: Submitting ResultStage 32 (MapPartitionsRDD[70] at $anonfun$withThreadLocalCaptured$1 at <unknown>:0), which has no missing parents
[2026-04-27T08:57:32.225+0000] {subprocess.py:106} INFO - 26/04/27 08:57:32 INFO MemoryStore: Block broadcast_53 stored as values in memory (estimated size 44.6 KiB, free 433.4 MiB)
[2026-04-27T08:57:32.237+0000] {subprocess.py:106} INFO - 26/04/27 08:57:32 INFO MemoryStore: Block broadcast_53_piece0 stored as bytes in memory (estimated size 19.7 KiB, free 433.3 MiB)
[2026-04-27T08:57:32.238+0000] {subprocess.py:106} INFO - 26/04/27 08:57:32 INFO BlockManagerInfo: Added broadcast_53_piece0 in memory on c05002f484b8:40113 (size: 19.7 KiB, free: 433.9 MiB)
[2026-04-27T08:57:32.240+0000] {subprocess.py:106} INFO - 26/04/27 08:57:32 INFO BlockManagerInfo: Removed broadcast_52_piece0 on c05002f484b8:40113 in memory (size: 30.3 KiB, free: 434.0 MiB)
[2026-04-27T08:57:32.241+0000] {subprocess.py:106} INFO - 26/04/27 08:57:32 INFO SparkContext: Created broadcast 53 from broadcast at DAGScheduler.scala:1585
[2026-04-27T08:57:32.241+0000] {subprocess.py:106} INFO - 26/04/27 08:57:32 INFO DAGScheduler: Submitting 1 missing tasks from ResultStage 32 (MapPartitionsRDD[70] at $anonfun$withThreadLocalCaptured$1 at <unknown>:0) (first 15 tasks are for partitions Vector(0))
[2026-04-27T08:57:32.242+0000] {subprocess.py:106} INFO - 26/04/27 08:57:32 INFO TaskSchedulerImpl: Adding task set 32.0 with 1 tasks resource profile 0
[2026-04-27T08:57:32.414+0000] {subprocess.py:106} INFO - 26/04/27 08:57:32 INFO TaskSetManager: Starting task 0.0 in stage 27.0 (TID 18) (172.30.0.8, executor 0, partition 0, PROCESS_LOCAL, 15451 bytes)
[2026-04-27T08:57:32.424+0000] {subprocess.py:106} INFO - 26/04/27 08:57:32 INFO TaskSetManager: Finished task 0.0 in stage 26.0 (TID 17) in 615 ms on 172.30.0.8 (executor 0) (1/1)
[2026-04-27T08:57:32.426+0000] {subprocess.py:106} INFO - 26/04/27 08:57:32 INFO TaskSchedulerImpl: Removed TaskSet 26.0, whose tasks have all completed, from pool
[2026-04-27T08:57:32.432+0000] {subprocess.py:106} INFO - 26/04/27 08:57:32 INFO DAGScheduler: ShuffleMapStage 26 (create at <unknown>:0) finished in 1.638 s
[2026-04-27T08:57:32.439+0000] {subprocess.py:106} INFO - 26/04/27 08:57:32 INFO DAGScheduler: looking for newly runnable stages
[2026-04-27T08:57:32.453+0000] {subprocess.py:106} INFO - 26/04/27 08:57:32 INFO DAGScheduler: running: Set(ResultStage 30, ShuffleMapStage 27, ResultStage 32, ShuffleMapStage 28)
[2026-04-27T08:57:32.456+0000] {subprocess.py:106} INFO - 26/04/27 08:57:32 INFO DAGScheduler: waiting: Set()
[2026-04-27T08:57:32.463+0000] {subprocess.py:106} INFO - 26/04/27 08:57:32 INFO DAGScheduler: failed: Set()
[2026-04-27T08:57:32.465+0000] {subprocess.py:106} INFO - 26/04/27 08:57:32 INFO BlockManagerInfo: Added broadcast_48_piece0 in memory on 172.30.0.8:33469 (size: 16.3 KiB, free: 434.3 MiB)
[2026-04-27T08:57:32.475+0000] {subprocess.py:106} INFO - 26/04/27 08:57:32 INFO MemoryStore: Block broadcast_54 stored as values in memory (estimated size 32.0 KiB, free 433.4 MiB)
[2026-04-27T08:57:32.495+0000] {subprocess.py:106} INFO - 26/04/27 08:57:32 INFO MemoryStore: Block broadcast_54_piece0 stored as bytes in memory (estimated size 30.4 KiB, free 433.3 MiB)
[2026-04-27T08:57:32.509+0000] {subprocess.py:106} INFO - 26/04/27 08:57:32 INFO BlockManagerInfo: Added broadcast_54_piece0 in memory on c05002f484b8:40113 (size: 30.4 KiB, free: 433.9 MiB)
[2026-04-27T08:57:32.510+0000] {subprocess.py:106} INFO - 26/04/27 08:57:32 INFO BlockManagerInfo: Removed broadcast_47_piece0 on c05002f484b8:40113 in memory (size: 17.5 KiB, free: 433.9 MiB)
[2026-04-27T08:57:32.524+0000] {subprocess.py:106} INFO - 26/04/27 08:57:32 INFO BlockManagerInfo: Removed broadcast_47_piece0 on 172.30.0.8:33469 in memory (size: 17.5 KiB, free: 434.3 MiB)
[2026-04-27T08:57:32.532+0000] {subprocess.py:106} INFO - 26/04/27 08:57:32 INFO SparkContext: Created broadcast 54 from broadcast at SparkBatch.java:79
[2026-04-27T08:57:32.533+0000] {subprocess.py:106} INFO - 26/04/27 08:57:32 INFO ShufflePartitionsUtil: For shuffle(10), advisory target size: 67108864, actual target size 1048576, minimum partition size: 1048576
[2026-04-27T08:57:32.620+0000] {subprocess.py:106} INFO - 26/04/27 08:57:32 INFO BlockManagerInfo: Added broadcast_43_piece0 in memory on 172.30.0.8:33469 (size: 30.4 KiB, free: 434.3 MiB)
[2026-04-27T08:57:32.669+0000] {subprocess.py:106} INFO - 26/04/27 08:57:32 INFO CodeGenerator: Code generated in 95.174778 ms
[2026-04-27T08:57:32.703+0000] {subprocess.py:106} INFO - 26/04/27 08:57:32 INFO SparkContext: Starting job: $anonfun$withThreadLocalCaptured$1 at <unknown>:0
[2026-04-27T08:57:32.706+0000] {subprocess.py:106} INFO - 26/04/27 08:57:32 INFO DAGScheduler: Got job 22 ($anonfun$withThreadLocalCaptured$1 at <unknown>:0) with 1 output partitions
[2026-04-27T08:57:32.713+0000] {subprocess.py:106} INFO - 26/04/27 08:57:32 INFO DAGScheduler: Final stage: ResultStage 34 ($anonfun$withThreadLocalCaptured$1 at <unknown>:0)
[2026-04-27T08:57:32.714+0000] {subprocess.py:106} INFO - 26/04/27 08:57:32 INFO DAGScheduler: Parents of final stage: List(ShuffleMapStage 33)
[2026-04-27T08:57:32.715+0000] {subprocess.py:106} INFO - 26/04/27 08:57:32 INFO DAGScheduler: Missing parents: List()
[2026-04-27T08:57:32.716+0000] {subprocess.py:106} INFO - 26/04/27 08:57:32 INFO DAGScheduler: Submitting ResultStage 34 (MapPartitionsRDD[73] at $anonfun$withThreadLocalCaptured$1 at <unknown>:0), which has no missing parents
[2026-04-27T08:57:32.718+0000] {subprocess.py:106} INFO - 26/04/27 08:57:32 INFO MemoryStore: Block broadcast_55 stored as values in memory (estimated size 45.1 KiB, free 433.3 MiB)
[2026-04-27T08:57:32.754+0000] {subprocess.py:106} INFO - 26/04/27 08:57:32 INFO MemoryStore: Block broadcast_55_piece0 stored as bytes in memory (estimated size 19.9 KiB, free 433.3 MiB)
[2026-04-27T08:57:32.757+0000] {subprocess.py:106} INFO - 26/04/27 08:57:32 INFO BlockManagerInfo: Added broadcast_55_piece0 in memory on c05002f484b8:40113 (size: 19.9 KiB, free: 433.9 MiB)
[2026-04-27T08:57:32.768+0000] {subprocess.py:106} INFO - 26/04/27 08:57:32 INFO SparkContext: Created broadcast 55 from broadcast at DAGScheduler.scala:1585
[2026-04-27T08:57:32.776+0000] {subprocess.py:106} INFO - 26/04/27 08:57:32 INFO DAGScheduler: Submitting 1 missing tasks from ResultStage 34 (MapPartitionsRDD[73] at $anonfun$withThreadLocalCaptured$1 at <unknown>:0) (first 15 tasks are for partitions Vector(0))
[2026-04-27T08:57:32.782+0000] {subprocess.py:106} INFO - 26/04/27 08:57:32 INFO TaskSchedulerImpl: Adding task set 34.0 with 1 tasks resource profile 0
[2026-04-27T08:57:32.789+0000] {subprocess.py:106} INFO - 26/04/27 08:57:32 INFO BlockManagerInfo: Removed broadcast_54_piece0 on c05002f484b8:40113 in memory (size: 30.4 KiB, free: 434.0 MiB)
[2026-04-27T08:57:33.029+0000] {subprocess.py:106} INFO - 26/04/27 08:57:33 INFO TaskSetManager: Starting task 0.0 in stage 28.0 (TID 19) (172.30.0.8, executor 0, partition 0, PROCESS_LOCAL, 15175 bytes)
[2026-04-27T08:57:33.030+0000] {subprocess.py:106} INFO - 26/04/27 08:57:33 INFO TaskSetManager: Finished task 0.0 in stage 27.0 (TID 18) in 639 ms on 172.30.0.8 (executor 0) (1/1)
[2026-04-27T08:57:33.031+0000] {subprocess.py:106} INFO - 26/04/27 08:57:33 INFO TaskSchedulerImpl: Removed TaskSet 27.0, whose tasks have all completed, from pool
[2026-04-27T08:57:33.032+0000] {subprocess.py:106} INFO - 26/04/27 08:57:33 INFO DAGScheduler: ShuffleMapStage 27 (create at <unknown>:0) finished in 2.223 s
[2026-04-27T08:57:33.036+0000] {subprocess.py:106} INFO - 26/04/27 08:57:33 INFO DAGScheduler: looking for newly runnable stages
[2026-04-27T08:57:33.037+0000] {subprocess.py:106} INFO - 26/04/27 08:57:33 INFO DAGScheduler: running: Set(ResultStage 30, ResultStage 34, ResultStage 32, ShuffleMapStage 28)
[2026-04-27T08:57:33.038+0000] {subprocess.py:106} INFO - 26/04/27 08:57:33 INFO DAGScheduler: waiting: Set()
[2026-04-27T08:57:33.039+0000] {subprocess.py:106} INFO - 26/04/27 08:57:33 INFO DAGScheduler: failed: Set()
[2026-04-27T08:57:33.060+0000] {subprocess.py:106} INFO - 26/04/27 08:57:33 INFO BlockManagerInfo: Added broadcast_49_piece0 in memory on 172.30.0.8:33469 (size: 12.3 KiB, free: 434.3 MiB)
[2026-04-27T08:57:33.066+0000] {subprocess.py:106} INFO - 26/04/27 08:57:33 INFO MemoryStore: Block broadcast_56 stored as values in memory (estimated size 32.0 KiB, free 433.4 MiB)
[2026-04-27T08:57:33.068+0000] {subprocess.py:106} INFO - 26/04/27 08:57:33 INFO MemoryStore: Block broadcast_56_piece0 stored as bytes in memory (estimated size 30.3 KiB, free 433.3 MiB)
[2026-04-27T08:57:33.070+0000] {subprocess.py:106} INFO - 26/04/27 08:57:33 INFO BlockManagerInfo: Added broadcast_56_piece0 in memory on c05002f484b8:40113 (size: 30.3 KiB, free: 433.9 MiB)
[2026-04-27T08:57:33.073+0000] {subprocess.py:106} INFO - 26/04/27 08:57:33 INFO SparkContext: Created broadcast 56 from broadcast at SparkBatch.java:79
[2026-04-27T08:57:33.099+0000] {subprocess.py:106} INFO - 26/04/27 08:57:33 INFO ShufflePartitionsUtil: For shuffle(11), advisory target size: 67108864, actual target size 1048576, minimum partition size: 1048576
[2026-04-27T08:57:33.144+0000] {subprocess.py:106} INFO - 26/04/27 08:57:33 INFO BlockManagerInfo: Added broadcast_44_piece0 in memory on 172.30.0.8:33469 (size: 30.3 KiB, free: 434.2 MiB)
[2026-04-27T08:57:33.257+0000] {subprocess.py:106} INFO - 26/04/27 08:57:33 INFO CodeGenerator: Code generated in 79.45025 ms
[2026-04-27T08:57:33.327+0000] {subprocess.py:106} INFO - 26/04/27 08:57:33 INFO SparkContext: Starting job: $anonfun$withThreadLocalCaptured$1 at <unknown>:0
[2026-04-27T08:57:33.339+0000] {subprocess.py:106} INFO - 26/04/27 08:57:33 INFO DAGScheduler: Got job 23 ($anonfun$withThreadLocalCaptured$1 at <unknown>:0) with 1 output partitions
[2026-04-27T08:57:33.346+0000] {subprocess.py:106} INFO - 26/04/27 08:57:33 INFO DAGScheduler: Final stage: ResultStage 36 ($anonfun$withThreadLocalCaptured$1 at <unknown>:0)
[2026-04-27T08:57:33.358+0000] {subprocess.py:106} INFO - 26/04/27 08:57:33 INFO DAGScheduler: Parents of final stage: List(ShuffleMapStage 35)
[2026-04-27T08:57:33.363+0000] {subprocess.py:106} INFO - 26/04/27 08:57:33 INFO DAGScheduler: Missing parents: List()
[2026-04-27T08:57:33.364+0000] {subprocess.py:106} INFO - 26/04/27 08:57:33 INFO DAGScheduler: Submitting ResultStage 36 (MapPartitionsRDD[76] at $anonfun$withThreadLocalCaptured$1 at <unknown>:0), which has no missing parents
[2026-04-27T08:57:33.365+0000] {subprocess.py:106} INFO - 26/04/27 08:57:33 INFO MemoryStore: Block broadcast_57 stored as values in memory (estimated size 42.1 KiB, free 433.3 MiB)
[2026-04-27T08:57:33.366+0000] {subprocess.py:106} INFO - 26/04/27 08:57:33 INFO MemoryStore: Block broadcast_57_piece0 stored as bytes in memory (estimated size 18.7 KiB, free 433.3 MiB)
[2026-04-27T08:57:33.366+0000] {subprocess.py:106} INFO - 26/04/27 08:57:33 INFO BlockManagerInfo: Added broadcast_57_piece0 in memory on c05002f484b8:40113 (size: 18.7 KiB, free: 433.9 MiB)
[2026-04-27T08:57:33.367+0000] {subprocess.py:106} INFO - 26/04/27 08:57:33 INFO SparkContext: Created broadcast 57 from broadcast at DAGScheduler.scala:1585
[2026-04-27T08:57:33.367+0000] {subprocess.py:106} INFO - 26/04/27 08:57:33 INFO DAGScheduler: Submitting 1 missing tasks from ResultStage 36 (MapPartitionsRDD[76] at $anonfun$withThreadLocalCaptured$1 at <unknown>:0) (first 15 tasks are for partitions Vector(0))
[2026-04-27T08:57:33.368+0000] {subprocess.py:106} INFO - 26/04/27 08:57:33 INFO TaskSchedulerImpl: Adding task set 36.0 with 1 tasks resource profile 0
[2026-04-27T08:57:33.572+0000] {subprocess.py:106} INFO - 26/04/27 08:57:33 INFO TaskSetManager: Starting task 0.0 in stage 30.0 (TID 20) (172.30.0.8, executor 0, partition 0, NODE_LOCAL, 9976 bytes)
[2026-04-27T08:57:33.573+0000] {subprocess.py:106} INFO - 26/04/27 08:57:33 INFO TaskSetManager: Finished task 0.0 in stage 28.0 (TID 19) in 546 ms on 172.30.0.8 (executor 0) (1/1)
[2026-04-27T08:57:33.574+0000] {subprocess.py:106} INFO - 26/04/27 08:57:33 INFO TaskSchedulerImpl: Removed TaskSet 28.0, whose tasks have all completed, from pool
[2026-04-27T08:57:33.590+0000] {subprocess.py:106} INFO - 26/04/27 08:57:33 INFO DAGScheduler: ShuffleMapStage 28 (create at <unknown>:0) finished in 2.677 s
[2026-04-27T08:57:33.591+0000] {subprocess.py:106} INFO - 26/04/27 08:57:33 INFO DAGScheduler: looking for newly runnable stages
[2026-04-27T08:57:33.592+0000] {subprocess.py:106} INFO - 26/04/27 08:57:33 INFO DAGScheduler: running: Set(ResultStage 30, ResultStage 34, ResultStage 32, ResultStage 36)
[2026-04-27T08:57:33.593+0000] {subprocess.py:106} INFO - 26/04/27 08:57:33 INFO DAGScheduler: waiting: Set()
[2026-04-27T08:57:33.594+0000] {subprocess.py:106} INFO - 26/04/27 08:57:33 INFO DAGScheduler: failed: Set()
[2026-04-27T08:57:33.600+0000] {subprocess.py:106} INFO - 26/04/27 08:57:33 INFO BlockManagerInfo: Added broadcast_51_piece0 in memory on 172.30.0.8:33469 (size: 18.7 KiB, free: 434.2 MiB)
[2026-04-27T08:57:33.614+0000] {subprocess.py:106} INFO - 26/04/27 08:57:33 INFO MapOutputTrackerMasterEndpoint: Asked to send map output locations for shuffle 8 to 172.30.0.8:49000
[2026-04-27T08:57:33.690+0000] {subprocess.py:106} INFO - 26/04/27 08:57:33 INFO MemoryStore: Block broadcast_58 stored as values in memory (estimated size 32.0 KiB, free 433.2 MiB)
[2026-04-27T08:57:33.702+0000] {subprocess.py:106} INFO - 26/04/27 08:57:33 INFO MemoryStore: Block broadcast_58_piece0 stored as bytes in memory (estimated size 30.4 KiB, free 433.2 MiB)
[2026-04-27T08:57:33.707+0000] {subprocess.py:106} INFO - 26/04/27 08:57:33 INFO BlockManagerInfo: Added broadcast_58_piece0 in memory on c05002f484b8:40113 (size: 30.4 KiB, free: 433.9 MiB)
[2026-04-27T08:57:33.712+0000] {subprocess.py:106} INFO - 26/04/27 08:57:33 INFO SparkContext: Created broadcast 58 from broadcast at SparkBatch.java:79
[2026-04-27T08:57:33.784+0000] {subprocess.py:106} INFO - 26/04/27 08:57:33 INFO TaskSetManager: Starting task 0.0 in stage 32.0 (TID 21) (172.30.0.8, executor 0, partition 0, NODE_LOCAL, 9976 bytes)
[2026-04-27T08:57:33.807+0000] {subprocess.py:106} INFO - 26/04/27 08:57:33 INFO TaskSetManager: Finished task 0.0 in stage 30.0 (TID 20) in 229 ms on 172.30.0.8 (executor 0) (1/1)
[2026-04-27T08:57:33.818+0000] {subprocess.py:106} INFO - 26/04/27 08:57:33 INFO TaskSchedulerImpl: Removed TaskSet 30.0, whose tasks have all completed, from pool
[2026-04-27T08:57:33.820+0000] {subprocess.py:106} INFO - 26/04/27 08:57:33 INFO DAGScheduler: ResultStage 30 ($anonfun$withThreadLocalCaptured$1 at <unknown>:0) finished in 2.480 s
[2026-04-27T08:57:33.835+0000] {subprocess.py:106} INFO - 26/04/27 08:57:33 INFO ShufflePartitionsUtil: For shuffle(12), advisory target size: 67108864, actual target size 1048576, minimum partition size: 1048576
[2026-04-27T08:57:33.836+0000] {subprocess.py:106} INFO - 26/04/27 08:57:33 INFO BlockManagerInfo: Added broadcast_53_piece0 in memory on 172.30.0.8:33469 (size: 19.7 KiB, free: 434.2 MiB)
[2026-04-27T08:57:33.837+0000] {subprocess.py:106} INFO - 26/04/27 08:57:33 INFO DAGScheduler: Job 20 is finished. Cancelling potential speculative or zombie tasks for this job
[2026-04-27T08:57:33.843+0000] {subprocess.py:106} INFO - 26/04/27 08:57:33 INFO TaskSchedulerImpl: Killing all running tasks in stage 30: Stage finished
[2026-04-27T08:57:33.851+0000] {subprocess.py:106} INFO - 26/04/27 08:57:33 INFO DAGScheduler: Job 20 finished: $anonfun$withThreadLocalCaptured$1 at <unknown>:0, took 2.499779 s
[2026-04-27T08:57:33.863+0000] {subprocess.py:106} INFO - 26/04/27 08:57:33 INFO MapOutputTrackerMasterEndpoint: Asked to send map output locations for shuffle 9 to 172.30.0.8:49000
[2026-04-27T08:57:33.955+0000] {subprocess.py:106} INFO - 26/04/27 08:57:33 INFO CodeGenerator: Code generated in 56.003982 ms
[2026-04-27T08:57:34.055+0000] {subprocess.py:106} INFO - 26/04/27 08:57:34 INFO TaskSetManager: Starting task 0.0 in stage 34.0 (TID 22) (172.30.0.8, executor 0, partition 0, NODE_LOCAL, 9976 bytes)
[2026-04-27T08:57:34.061+0000] {subprocess.py:106} INFO - 26/04/27 08:57:34 INFO TaskSetManager: Finished task 0.0 in stage 32.0 (TID 21) in 287 ms on 172.30.0.8 (executor 0) (1/1)
[2026-04-27T08:57:34.071+0000] {subprocess.py:106} INFO - 26/04/27 08:57:34 INFO MemoryStore: Block broadcast_59_piece0 stored as bytes in memory (estimated size 54.1 KiB, free 433.2 MiB)
[2026-04-27T08:57:34.077+0000] {subprocess.py:106} INFO - 26/04/27 08:57:34 INFO BlockManagerInfo: Added broadcast_59_piece0 in memory on c05002f484b8:40113 (size: 54.1 KiB, free: 433.8 MiB)
[2026-04-27T08:57:34.078+0000] {subprocess.py:106} INFO - 26/04/27 08:57:34 INFO SparkContext: Created broadcast 59 from $anonfun$withThreadLocalCaptured$1 at <unknown>:0
[2026-04-27T08:57:34.082+0000] {subprocess.py:106} INFO - 26/04/27 08:57:34 INFO TaskSchedulerImpl: Removed TaskSet 32.0, whose tasks have all completed, from pool
[2026-04-27T08:57:34.087+0000] {subprocess.py:106} INFO - 26/04/27 08:57:34 INFO DAGScheduler: ResultStage 32 ($anonfun$withThreadLocalCaptured$1 at <unknown>:0) finished in 1.854 s
[2026-04-27T08:57:34.090+0000] {subprocess.py:106} INFO - 26/04/27 08:57:34 INFO DAGScheduler: Job 21 is finished. Cancelling potential speculative or zombie tasks for this job
[2026-04-27T08:57:34.091+0000] {subprocess.py:106} INFO - 26/04/27 08:57:34 INFO TaskSchedulerImpl: Killing all running tasks in stage 32: Stage finished
[2026-04-27T08:57:34.092+0000] {subprocess.py:106} INFO - 26/04/27 08:57:34 INFO DAGScheduler: Job 21 finished: $anonfun$withThreadLocalCaptured$1 at <unknown>:0, took 1.861490 s
[2026-04-27T08:57:34.110+0000] {subprocess.py:106} INFO - 26/04/27 08:57:34 INFO MemoryStore: Block broadcast_60_piece0 stored as bytes in memory (estimated size 702.0 B, free 433.2 MiB)
[2026-04-27T08:57:34.111+0000] {subprocess.py:106} INFO - 26/04/27 08:57:34 INFO BlockManagerInfo: Added broadcast_60_piece0 in memory on c05002f484b8:40113 (size: 702.0 B, free: 433.8 MiB)
[2026-04-27T08:57:34.112+0000] {subprocess.py:106} INFO - 26/04/27 08:57:34 INFO SparkContext: Created broadcast 60 from $anonfun$withThreadLocalCaptured$1 at <unknown>:0
[2026-04-27T08:57:34.123+0000] {subprocess.py:106} INFO - 26/04/27 08:57:34 INFO BlockManagerInfo: Added broadcast_55_piece0 in memory on 172.30.0.8:33469 (size: 19.9 KiB, free: 434.2 MiB)
[2026-04-27T08:57:34.144+0000] {subprocess.py:106} INFO - 26/04/27 08:57:34 INFO MapOutputTrackerMasterEndpoint: Asked to send map output locations for shuffle 10 to 172.30.0.8:49000
[2026-04-27T08:57:34.193+0000] {subprocess.py:106} INFO - 26/04/27 08:57:34 INFO CodeGenerator: Code generated in 195.69161 ms
[2026-04-27T08:57:34.237+0000] {subprocess.py:106} INFO - 26/04/27 08:57:34 INFO DAGScheduler: Registering RDD 79 (create at <unknown>:0) as input to shuffle 13
[2026-04-27T08:57:34.238+0000] {subprocess.py:106} INFO - 26/04/27 08:57:34 INFO DAGScheduler: Got map stage job 24 (create at <unknown>:0) with 1 output partitions
[2026-04-27T08:57:34.240+0000] {subprocess.py:106} INFO - 26/04/27 08:57:34 INFO DAGScheduler: Final stage: ShuffleMapStage 38 (create at <unknown>:0)
[2026-04-27T08:57:34.242+0000] {subprocess.py:106} INFO - 26/04/27 08:57:34 INFO DAGScheduler: Parents of final stage: List(ShuffleMapStage 37)
[2026-04-27T08:57:34.247+0000] {subprocess.py:106} INFO - 26/04/27 08:57:34 INFO DAGScheduler: Missing parents: List()
[2026-04-27T08:57:34.248+0000] {subprocess.py:106} INFO - 26/04/27 08:57:34 INFO DAGScheduler: Submitting ShuffleMapStage 38 (MapPartitionsRDD[79] at create at <unknown>:0), which has no missing parents
[2026-04-27T08:57:34.269+0000] {subprocess.py:106} INFO - 26/04/27 08:57:34 INFO MemoryStore: Block broadcast_61 stored as values in memory (estimated size 57.2 KiB, free 433.1 MiB)
[2026-04-27T08:57:34.278+0000] {subprocess.py:106} INFO - 26/04/27 08:57:34 INFO MemoryStore: Block broadcast_61_piece0 stored as bytes in memory (estimated size 21.7 KiB, free 433.1 MiB)
[2026-04-27T08:57:34.280+0000] {subprocess.py:106} INFO - 26/04/27 08:57:34 INFO BlockManagerInfo: Added broadcast_61_piece0 in memory on c05002f484b8:40113 (size: 21.7 KiB, free: 433.8 MiB)
[2026-04-27T08:57:34.281+0000] {subprocess.py:106} INFO - 26/04/27 08:57:34 INFO SparkContext: Created broadcast 61 from broadcast at DAGScheduler.scala:1585
[2026-04-27T08:57:34.288+0000] {subprocess.py:106} INFO - 26/04/27 08:57:34 INFO DAGScheduler: Submitting 1 missing tasks from ShuffleMapStage 38 (MapPartitionsRDD[79] at create at <unknown>:0) (first 15 tasks are for partitions Vector(0))
[2026-04-27T08:57:34.292+0000] {subprocess.py:106} INFO - 26/04/27 08:57:34 INFO TaskSchedulerImpl: Adding task set 38.0 with 1 tasks resource profile 0
[2026-04-27T08:57:34.292+0000] {subprocess.py:106} INFO - 26/04/27 08:57:34 INFO MemoryStore: Block broadcast_62 stored as values in memory (estimated size 32.0 KiB, free 433.0 MiB)
[2026-04-27T08:57:34.297+0000] {subprocess.py:106} INFO - 26/04/27 08:57:34 INFO MemoryStore: Block broadcast_62_piece0 stored as bytes in memory (estimated size 30.3 KiB, free 433.0 MiB)
[2026-04-27T08:57:34.301+0000] {subprocess.py:106} INFO - 26/04/27 08:57:34 INFO BlockManagerInfo: Added broadcast_62_piece0 in memory on c05002f484b8:40113 (size: 30.3 KiB, free: 433.8 MiB)
[2026-04-27T08:57:34.309+0000] {subprocess.py:106} INFO - 26/04/27 08:57:34 INFO SparkContext: Created broadcast 62 from broadcast at SparkBatch.java:79
[2026-04-27T08:57:34.338+0000] {subprocess.py:106} INFO - 26/04/27 08:57:34 INFO TaskSetManager: Starting task 0.0 in stage 36.0 (TID 23) (172.30.0.8, executor 0, partition 0, NODE_LOCAL, 9976 bytes)
[2026-04-27T08:57:34.351+0000] {subprocess.py:106} INFO - 26/04/27 08:57:34 INFO TaskSetManager: Finished task 0.0 in stage 34.0 (TID 22) in 297 ms on 172.30.0.8 (executor 0) (1/1)
[2026-04-27T08:57:34.353+0000] {subprocess.py:106} INFO - 26/04/27 08:57:34 INFO TaskSchedulerImpl: Removed TaskSet 34.0, whose tasks have all completed, from pool
[2026-04-27T08:57:34.354+0000] {subprocess.py:106} INFO - 26/04/27 08:57:34 INFO DAGScheduler: ResultStage 34 ($anonfun$withThreadLocalCaptured$1 at <unknown>:0) finished in 1.639 s
[2026-04-27T08:57:34.354+0000] {subprocess.py:106} INFO - 26/04/27 08:57:34 INFO DAGScheduler: Job 22 is finished. Cancelling potential speculative or zombie tasks for this job
[2026-04-27T08:57:34.355+0000] {subprocess.py:106} INFO - 26/04/27 08:57:34 INFO TaskSchedulerImpl: Killing all running tasks in stage 34: Stage finished
[2026-04-27T08:57:34.356+0000] {subprocess.py:106} INFO - 26/04/27 08:57:34 INFO DAGScheduler: Job 22 finished: $anonfun$withThreadLocalCaptured$1 at <unknown>:0, took 1.651677 s
[2026-04-27T08:57:34.359+0000] {subprocess.py:106} INFO - 26/04/27 08:57:34 INFO BlockManagerInfo: Added broadcast_57_piece0 in memory on 172.30.0.8:33469 (size: 18.7 KiB, free: 434.1 MiB)
[2026-04-27T08:57:34.387+0000] {subprocess.py:106} INFO - 26/04/27 08:57:34 INFO MapOutputTrackerMasterEndpoint: Asked to send map output locations for shuffle 11 to 172.30.0.8:49000
[2026-04-27T08:57:34.391+0000] {subprocess.py:106} INFO - 26/04/27 08:57:34 INFO BlockManagerInfo: Removed broadcast_49_piece0 on c05002f484b8:40113 in memory (size: 12.3 KiB, free: 433.8 MiB)
[2026-04-27T08:57:34.394+0000] {subprocess.py:106} INFO - 26/04/27 08:57:34 INFO BlockManagerInfo: Removed broadcast_49_piece0 on 172.30.0.8:33469 in memory (size: 12.3 KiB, free: 434.2 MiB)
[2026-04-27T08:57:34.395+0000] {subprocess.py:106} INFO - 26/04/27 08:57:34 INFO MemoryStore: Block broadcast_63_piece0 stored as bytes in memory (estimated size 21.3 KiB, free 433.0 MiB)
[2026-04-27T08:57:34.396+0000] {subprocess.py:106} INFO - 26/04/27 08:57:34 INFO BlockManagerInfo: Added broadcast_63_piece0 in memory on c05002f484b8:40113 (size: 21.3 KiB, free: 433.8 MiB)
[2026-04-27T08:57:34.397+0000] {subprocess.py:106} INFO - 26/04/27 08:57:34 INFO SparkContext: Created broadcast 63 from $anonfun$withThreadLocalCaptured$1 at <unknown>:0
[2026-04-27T08:57:34.409+0000] {subprocess.py:106} INFO - 26/04/27 08:57:34 INFO BlockManagerInfo: Removed broadcast_48_piece0 on c05002f484b8:40113 in memory (size: 16.3 KiB, free: 433.8 MiB)
[2026-04-27T08:57:34.417+0000] {subprocess.py:106} INFO - 26/04/27 08:57:34 INFO BlockManagerInfo: Removed broadcast_48_piece0 on 172.30.0.8:33469 in memory (size: 16.3 KiB, free: 434.2 MiB)
[2026-04-27T08:57:34.429+0000] {subprocess.py:106} INFO - 26/04/27 08:57:34 INFO MemoryStore: Block broadcast_64 stored as values in memory (estimated size 32.0 KiB, free 433.1 MiB)
[2026-04-27T08:57:34.431+0000] {subprocess.py:106} INFO - 26/04/27 08:57:34 INFO MemoryStore: Block broadcast_64_piece0 stored as bytes in memory (estimated size 30.4 KiB, free 433.1 MiB)
[2026-04-27T08:57:34.435+0000] {subprocess.py:106} INFO - 26/04/27 08:57:34 INFO BlockManagerInfo: Added broadcast_64_piece0 in memory on c05002f484b8:40113 (size: 30.4 KiB, free: 433.8 MiB)
[2026-04-27T08:57:34.436+0000] {subprocess.py:106} INFO - 26/04/27 08:57:34 INFO BlockManagerInfo: Removed broadcast_51_piece0 on c05002f484b8:40113 in memory (size: 18.7 KiB, free: 433.8 MiB)
[2026-04-27T08:57:34.448+0000] {subprocess.py:106} INFO - 26/04/27 08:57:34 INFO SparkContext: Created broadcast 64 from broadcast at SparkBatch.java:79
[2026-04-27T08:57:34.464+0000] {subprocess.py:106} INFO - 26/04/27 08:57:34 INFO BlockManagerInfo: Removed broadcast_51_piece0 on 172.30.0.8:33469 in memory (size: 18.7 KiB, free: 434.2 MiB)
[2026-04-27T08:57:34.476+0000] {subprocess.py:106} INFO - 26/04/27 08:57:34 INFO BlockManagerInfo: Removed broadcast_55_piece0 on c05002f484b8:40113 in memory (size: 19.9 KiB, free: 433.8 MiB)
[2026-04-27T08:57:34.482+0000] {subprocess.py:106} INFO - 26/04/27 08:57:34 INFO BlockManagerInfo: Removed broadcast_55_piece0 on 172.30.0.8:33469 in memory (size: 19.9 KiB, free: 434.2 MiB)
[2026-04-27T08:57:34.491+0000] {subprocess.py:106} INFO - 26/04/27 08:57:34 INFO BlockManagerInfo: Removed broadcast_62_piece0 on c05002f484b8:40113 in memory (size: 30.3 KiB, free: 433.8 MiB)
[2026-04-27T08:57:34.549+0000] {subprocess.py:106} INFO - 26/04/27 08:57:34 INFO BlockManagerInfo: Removed broadcast_56_piece0 on c05002f484b8:40113 in memory (size: 30.3 KiB, free: 433.9 MiB)
[2026-04-27T08:57:34.551+0000] {subprocess.py:106} INFO - 26/04/27 08:57:34 INFO BlockManagerInfo: Removed broadcast_58_piece0 on c05002f484b8:40113 in memory (size: 30.4 KiB, free: 433.9 MiB)
[2026-04-27T08:57:34.564+0000] {subprocess.py:106} INFO - 26/04/27 08:57:34 INFO BlockManagerInfo: Removed broadcast_53_piece0 on c05002f484b8:40113 in memory (size: 19.7 KiB, free: 433.9 MiB)
[2026-04-27T08:57:34.565+0000] {subprocess.py:106} INFO - 26/04/27 08:57:34 INFO BlockManagerInfo: Removed broadcast_53_piece0 on 172.30.0.8:33469 in memory (size: 19.7 KiB, free: 434.2 MiB)
[2026-04-27T08:57:34.680+0000] {subprocess.py:106} INFO - 26/04/27 08:57:34 INFO TaskSetManager: Starting task 0.0 in stage 38.0 (TID 24) (172.30.0.8, executor 0, partition 0, NODE_LOCAL, 9965 bytes)
[2026-04-27T08:57:34.683+0000] {subprocess.py:106} INFO - 26/04/27 08:57:34 INFO TaskSetManager: Finished task 0.0 in stage 36.0 (TID 23) in 321 ms on 172.30.0.8 (executor 0) (1/1)
[2026-04-27T08:57:34.688+0000] {subprocess.py:106} INFO - 26/04/27 08:57:34 INFO TaskSchedulerImpl: Removed TaskSet 36.0, whose tasks have all completed, from pool
[2026-04-27T08:57:34.697+0000] {subprocess.py:106} INFO - 26/04/27 08:57:34 INFO DAGScheduler: ResultStage 36 ($anonfun$withThreadLocalCaptured$1 at <unknown>:0) finished in 1.322 s
[2026-04-27T08:57:34.698+0000] {subprocess.py:106} INFO - 26/04/27 08:57:34 INFO DAGScheduler: Job 23 is finished. Cancelling potential speculative or zombie tasks for this job
[2026-04-27T08:57:34.699+0000] {subprocess.py:106} INFO - 26/04/27 08:57:34 INFO TaskSchedulerImpl: Killing all running tasks in stage 36: Stage finished
[2026-04-27T08:57:34.699+0000] {subprocess.py:106} INFO - 26/04/27 08:57:34 INFO DAGScheduler: Job 23 finished: $anonfun$withThreadLocalCaptured$1 at <unknown>:0, took 1.327725 s
[2026-04-27T08:57:34.700+0000] {subprocess.py:106} INFO - 26/04/27 08:57:34 INFO MemoryStore: Block broadcast_65_piece0 stored as bytes in memory (estimated size 270.0 B, free 433.4 MiB)
[2026-04-27T08:57:34.700+0000] {subprocess.py:106} INFO - 26/04/27 08:57:34 INFO BlockManagerInfo: Added broadcast_65_piece0 in memory on c05002f484b8:40113 (size: 270.0 B, free: 433.9 MiB)
[2026-04-27T08:57:34.701+0000] {subprocess.py:106} INFO - 26/04/27 08:57:34 INFO SparkContext: Created broadcast 65 from $anonfun$withThreadLocalCaptured$1 at <unknown>:0
[2026-04-27T08:57:34.701+0000] {subprocess.py:106} INFO - 26/04/27 08:57:34 INFO BlockManagerInfo: Added broadcast_61_piece0 in memory on 172.30.0.8:33469 (size: 21.7 KiB, free: 434.2 MiB)
[2026-04-27T08:57:34.713+0000] {subprocess.py:106} INFO - 26/04/27 08:57:34 INFO MapOutputTrackerMasterEndpoint: Asked to send map output locations for shuffle 12 to 172.30.0.8:49000
[2026-04-27T08:57:34.715+0000] {subprocess.py:106} INFO - 26/04/27 08:57:34 INFO MemoryStore: Block broadcast_66 stored as values in memory (estimated size 32.0 KiB, free 433.4 MiB)
[2026-04-27T08:57:16.331+0000] {subprocess.py:106} INFO - 26/04/27 08:57:16 INFO MemoryStore: Block broadcast_66_piece0 stored as bytes in memory (estimated size 30.3 KiB, free 433.3 MiB)
[2026-04-27T08:57:16.333+0000] {subprocess.py:106} INFO - 26/04/27 08:57:16 INFO BlockManagerInfo: Added broadcast_66_piece0 in memory on c05002f484b8:40113 (size: 30.3 KiB, free: 433.9 MiB)
[2026-04-27T08:57:16.344+0000] {subprocess.py:106} INFO - 26/04/27 08:57:16 INFO SparkContext: Created broadcast 66 from broadcast at SparkBatch.java:79
[2026-04-27T08:57:36.291+0000] {subprocess.py:106} INFO - 26/04/27 08:57:36 INFO TaskSetManager: Finished task 0.0 in stage 38.0 (TID 24) in 1638 ms on 172.30.0.8 (executor 0) (1/1)
[2026-04-27T08:57:36.294+0000] {subprocess.py:106} INFO - 26/04/27 08:57:36 INFO TaskSchedulerImpl: Removed TaskSet 38.0, whose tasks have all completed, from pool
[2026-04-27T08:57:36.298+0000] {subprocess.py:106} INFO - 26/04/27 08:57:36 INFO DAGScheduler: ShuffleMapStage 38 (create at <unknown>:0) finished in 2.041 s
[2026-04-27T08:57:36.299+0000] {subprocess.py:106} INFO - 26/04/27 08:57:36 INFO DAGScheduler: looking for newly runnable stages
[2026-04-27T08:57:36.302+0000] {subprocess.py:106} INFO - 26/04/27 08:57:36 INFO DAGScheduler: running: Set()
[2026-04-27T08:57:36.303+0000] {subprocess.py:106} INFO - 26/04/27 08:57:36 INFO DAGScheduler: waiting: Set()
[2026-04-27T08:57:36.304+0000] {subprocess.py:106} INFO - 26/04/27 08:57:36 INFO DAGScheduler: failed: Set()
[2026-04-27T08:57:36.323+0000] {subprocess.py:106} INFO - 26/04/27 08:57:36 INFO MemoryStore: Block broadcast_67 stored as values in memory (estimated size 32.0 KiB, free 433.3 MiB)
[2026-04-27T08:57:36.328+0000] {subprocess.py:106} INFO - 26/04/27 08:57:36 INFO MemoryStore: Block broadcast_67_piece0 stored as bytes in memory (estimated size 30.4 KiB, free 433.3 MiB)
[2026-04-27T08:57:36.330+0000] {subprocess.py:106} INFO - 26/04/27 08:57:36 INFO BlockManagerInfo: Added broadcast_67_piece0 in memory on c05002f484b8:40113 (size: 30.4 KiB, free: 433.8 MiB)
[2026-04-27T08:57:36.331+0000] {subprocess.py:106} INFO - 26/04/27 08:57:36 INFO SparkContext: Created broadcast 67 from broadcast at SparkBatch.java:79
[2026-04-27T08:57:36.341+0000] {subprocess.py:106} INFO - 26/04/27 08:57:36 INFO ShufflePartitionsUtil: For shuffle(13), advisory target size: 67108864, actual target size 1048576, minimum partition size: 1048576
[2026-04-27T08:57:36.433+0000] {subprocess.py:106} INFO - 26/04/27 08:57:36 INFO CodeGenerator: Code generated in 52.518921 ms
[2026-04-27T08:57:36.488+0000] {subprocess.py:106} INFO - 26/04/27 08:57:36 INFO SparkContext: Starting job: $anonfun$withThreadLocalCaptured$1 at <unknown>:0
[2026-04-27T08:57:36.493+0000] {subprocess.py:106} INFO - 26/04/27 08:57:36 INFO DAGScheduler: Got job 25 ($anonfun$withThreadLocalCaptured$1 at <unknown>:0) with 1 output partitions
[2026-04-27T08:57:36.494+0000] {subprocess.py:106} INFO - 26/04/27 08:57:36 INFO DAGScheduler: Final stage: ResultStage 41 ($anonfun$withThreadLocalCaptured$1 at <unknown>:0)
[2026-04-27T08:57:36.500+0000] {subprocess.py:106} INFO - 26/04/27 08:57:36 INFO DAGScheduler: Parents of final stage: List(ShuffleMapStage 40)
[2026-04-27T08:57:36.501+0000] {subprocess.py:106} INFO - 26/04/27 08:57:36 INFO DAGScheduler: Missing parents: List()
[2026-04-27T08:57:36.502+0000] {subprocess.py:106} INFO - 26/04/27 08:57:36 INFO DAGScheduler: Submitting ResultStage 41 (MapPartitionsRDD[82] at $anonfun$withThreadLocalCaptured$1 at <unknown>:0), which has no missing parents
[2026-04-27T08:57:36.502+0000] {subprocess.py:106} INFO - 26/04/27 08:57:36 INFO MemoryStore: Block broadcast_68 stored as values in memory (estimated size 49.4 KiB, free 433.2 MiB)
[2026-04-27T08:57:36.503+0000] {subprocess.py:106} INFO - 26/04/27 08:57:36 INFO MemoryStore: Block broadcast_68_piece0 stored as bytes in memory (estimated size 20.9 KiB, free 433.2 MiB)
[2026-04-27T08:57:36.511+0000] {subprocess.py:106} INFO - 26/04/27 08:57:36 INFO BlockManagerInfo: Added broadcast_68_piece0 in memory on c05002f484b8:40113 (size: 20.9 KiB, free: 433.8 MiB)
[2026-04-27T08:57:36.515+0000] {subprocess.py:106} INFO - 26/04/27 08:57:36 INFO SparkContext: Created broadcast 68 from broadcast at DAGScheduler.scala:1585
[2026-04-27T08:57:36.516+0000] {subprocess.py:106} INFO - 26/04/27 08:57:36 INFO DAGScheduler: Submitting 1 missing tasks from ResultStage 41 (MapPartitionsRDD[82] at $anonfun$withThreadLocalCaptured$1 at <unknown>:0) (first 15 tasks are for partitions Vector(0))
[2026-04-27T08:57:36.517+0000] {subprocess.py:106} INFO - 26/04/27 08:57:36 INFO TaskSchedulerImpl: Adding task set 41.0 with 1 tasks resource profile 0
[2026-04-27T08:57:36.518+0000] {subprocess.py:106} INFO - 26/04/27 08:57:36 INFO TaskSetManager: Starting task 0.0 in stage 41.0 (TID 25) (172.30.0.8, executor 0, partition 0, NODE_LOCAL, 9976 bytes)
[2026-04-27T08:57:36.545+0000] {subprocess.py:106} INFO - 26/04/27 08:57:36 INFO BlockManagerInfo: Added broadcast_68_piece0 in memory on 172.30.0.8:33469 (size: 20.9 KiB, free: 434.2 MiB)
[2026-04-27T08:57:36.563+0000] {subprocess.py:106} INFO - 26/04/27 08:57:36 INFO MapOutputTrackerMasterEndpoint: Asked to send map output locations for shuffle 13 to 172.30.0.8:49000
[2026-04-27T08:57:36.648+0000] {subprocess.py:106} INFO - 26/04/27 08:57:36 INFO TaskSetManager: Finished task 0.0 in stage 41.0 (TID 25) in 138 ms on 172.30.0.8 (executor 0) (1/1)
[2026-04-27T08:57:36.652+0000] {subprocess.py:106} INFO - 26/04/27 08:57:36 INFO TaskSchedulerImpl: Removed TaskSet 41.0, whose tasks have all completed, from pool
[2026-04-27T08:57:36.654+0000] {subprocess.py:106} INFO - 26/04/27 08:57:36 INFO DAGScheduler: ResultStage 41 ($anonfun$withThreadLocalCaptured$1 at <unknown>:0) finished in 0.157 s
[2026-04-27T08:57:36.655+0000] {subprocess.py:106} INFO - 26/04/27 08:57:36 INFO DAGScheduler: Job 25 is finished. Cancelling potential speculative or zombie tasks for this job
[2026-04-27T08:57:36.657+0000] {subprocess.py:106} INFO - 26/04/27 08:57:36 INFO TaskSchedulerImpl: Killing all running tasks in stage 41: Stage finished
[2026-04-27T08:57:36.660+0000] {subprocess.py:106} INFO - 26/04/27 08:57:36 INFO DAGScheduler: Job 25 finished: $anonfun$withThreadLocalCaptured$1 at <unknown>:0, took 0.163086 s
[2026-04-27T08:57:36.672+0000] {subprocess.py:106} INFO - 26/04/27 08:57:36 INFO CodeGenerator: Code generated in 11.854306 ms
[2026-04-27T08:57:36.676+0000] {subprocess.py:106} INFO - 26/04/27 08:57:36 INFO MemoryStore: Block broadcast_69_piece0 stored as bytes in memory (estimated size 560.0 B, free 433.2 MiB)
[2026-04-27T08:57:36.677+0000] {subprocess.py:106} INFO - 26/04/27 08:57:36 INFO BlockManagerInfo: Added broadcast_69_piece0 in memory on c05002f484b8:40113 (size: 560.0 B, free: 433.8 MiB)
[2026-04-27T08:57:36.678+0000] {subprocess.py:106} INFO - 26/04/27 08:57:36 INFO SparkContext: Created broadcast 69 from $anonfun$withThreadLocalCaptured$1 at <unknown>:0
[2026-04-27T08:57:36.701+0000] {subprocess.py:106} INFO - 26/04/27 08:57:36 INFO MemoryStore: Block broadcast_70 stored as values in memory (estimated size 32.0 KiB, free 433.2 MiB)
[2026-04-27T08:57:36.721+0000] {subprocess.py:106} INFO - 26/04/27 08:57:36 INFO MemoryStore: Block broadcast_70_piece0 stored as bytes in memory (estimated size 30.3 KiB, free 433.1 MiB)
[2026-04-27T08:57:36.725+0000] {subprocess.py:106} INFO - 26/04/27 08:57:36 INFO BlockManagerInfo: Added broadcast_70_piece0 in memory on c05002f484b8:40113 (size: 30.3 KiB, free: 433.8 MiB)
[2026-04-27T08:57:36.728+0000] {subprocess.py:106} INFO - 26/04/27 08:57:36 INFO SparkContext: Created broadcast 70 from broadcast at SparkBatch.java:79
[2026-04-27T08:57:36.829+0000] {subprocess.py:106} INFO - 26/04/27 08:57:36 INFO TorrentBroadcast: Started reading broadcast variable 59 with 1 pieces (estimated total size 4.0 MiB)
[2026-04-27T08:57:36.860+0000] {subprocess.py:106} INFO - 26/04/27 08:57:36 INFO TorrentBroadcast: Reading broadcast variable 59 took 32 ms
[2026-04-27T08:57:36.900+0000] {subprocess.py:106} INFO - 26/04/27 08:57:36 INFO BlockManagerInfo: Removed broadcast_68_piece0 on c05002f484b8:40113 in memory (size: 20.9 KiB, free: 433.8 MiB)
[2026-04-27T08:57:36.914+0000] {subprocess.py:106} INFO - 26/04/27 08:57:36 INFO BlockManagerInfo: Removed broadcast_68_piece0 on 172.30.0.8:33469 in memory (size: 20.9 KiB, free: 434.2 MiB)
[2026-04-27T08:57:36.929+0000] {subprocess.py:106} INFO - 26/04/27 08:57:36 INFO TorrentBroadcast: Started reading broadcast variable 60 with 1 pieces (estimated total size 4.0 MiB)
[2026-04-27T08:57:36.930+0000] {subprocess.py:106} INFO - 26/04/27 08:57:36 INFO TorrentBroadcast: Reading broadcast variable 60 took 0 ms
[2026-04-27T08:57:36.931+0000] {subprocess.py:106} INFO - 26/04/27 08:57:36 INFO BlockManagerInfo: Removed broadcast_70_piece0 on c05002f484b8:40113 in memory (size: 30.3 KiB, free: 433.8 MiB)
[2026-04-27T08:57:36.954+0000] {subprocess.py:106} INFO - 26/04/27 08:57:36 INFO BlockManagerInfo: Removed broadcast_66_piece0 on c05002f484b8:40113 in memory (size: 30.3 KiB, free: 433.9 MiB)
[2026-04-27T08:57:36.960+0000] {subprocess.py:106} INFO - 26/04/27 08:57:36 INFO TorrentBroadcast: Started reading broadcast variable 63 with 1 pieces (estimated total size 4.0 MiB)
[2026-04-27T08:57:36.963+0000] {subprocess.py:106} INFO - 26/04/27 08:57:36 INFO TorrentBroadcast: Reading broadcast variable 63 took 0 ms
[2026-04-27T08:57:37.012+0000] {subprocess.py:106} INFO - 26/04/27 08:57:36 INFO TorrentBroadcast: Started reading broadcast variable 65 with 1 pieces (estimated total size 4.0 MiB)
[2026-04-27T08:57:37.014+0000] {subprocess.py:106} INFO - 26/04/27 08:57:36 INFO TorrentBroadcast: Reading broadcast variable 65 took 0 ms
[2026-04-27T08:57:37.025+0000] {subprocess.py:106} INFO - 26/04/27 08:57:37 INFO BlockManagerInfo: Removed broadcast_64_piece0 on c05002f484b8:40113 in memory (size: 30.4 KiB, free: 433.9 MiB)
[2026-04-27T08:57:37.029+0000] {subprocess.py:106} INFO - 26/04/27 08:57:37 INFO BlockManagerInfo: Removed broadcast_61_piece0 on c05002f484b8:40113 in memory (size: 21.7 KiB, free: 433.9 MiB)
[2026-04-27T08:57:37.076+0000] {subprocess.py:106} INFO - 26/04/27 08:57:37 INFO TorrentBroadcast: Started reading broadcast variable 69 with 1 pieces (estimated total size 4.0 MiB)
[2026-04-27T08:57:37.078+0000] {subprocess.py:106} INFO - 26/04/27 08:57:37 INFO BlockManagerInfo: Removed broadcast_61_piece0 on 172.30.0.8:33469 in memory (size: 21.7 KiB, free: 434.2 MiB)
[2026-04-27T08:57:37.090+0000] {subprocess.py:106} INFO - 26/04/27 08:57:37 INFO TorrentBroadcast: Reading broadcast variable 69 took 7 ms
[2026-04-27T08:57:37.094+0000] {subprocess.py:106} INFO - 26/04/27 08:57:37 INFO BlockManagerInfo: Removed broadcast_57_piece0 on c05002f484b8:40113 in memory (size: 18.7 KiB, free: 433.9 MiB)
[2026-04-27T08:57:37.103+0000] {subprocess.py:106} INFO - 26/04/27 08:57:37 INFO BlockManagerInfo: Removed broadcast_57_piece0 on 172.30.0.8:33469 in memory (size: 18.7 KiB, free: 434.3 MiB)
[2026-04-27T08:57:37.130+0000] {subprocess.py:106} INFO - 26/04/27 08:57:37 INFO BlockManagerInfo: Removed broadcast_67_piece0 on c05002f484b8:40113 in memory (size: 30.4 KiB, free: 434.0 MiB)
[2026-04-27T08:57:37.198+0000] {subprocess.py:106} INFO - 26/04/27 08:57:37 INFO CodeGenerator: Code generated in 77.079291 ms
[2026-04-27T08:57:37.225+0000] {subprocess.py:106} INFO - 26/04/27 08:57:37 INFO DAGScheduler: Registering RDD 86 (create at <unknown>:0) as input to shuffle 14
[2026-04-27T08:57:37.227+0000] {subprocess.py:106} INFO - 26/04/27 08:57:37 INFO DAGScheduler: Got map stage job 26 (create at <unknown>:0) with 1 output partitions
[2026-04-27T08:57:37.229+0000] {subprocess.py:106} INFO - 26/04/27 08:57:37 INFO DAGScheduler: Final stage: ShuffleMapStage 42 (create at <unknown>:0)
[2026-04-27T08:57:37.230+0000] {subprocess.py:106} INFO - 26/04/27 08:57:37 INFO DAGScheduler: Parents of final stage: List()
[2026-04-27T08:57:37.231+0000] {subprocess.py:106} INFO - 26/04/27 08:57:37 INFO DAGScheduler: Missing parents: List()
[2026-04-27T08:57:37.233+0000] {subprocess.py:106} INFO - 26/04/27 08:57:37 INFO DAGScheduler: Submitting ShuffleMapStage 42 (MapPartitionsRDD[86] at create at <unknown>:0), which has no missing parents
[2026-04-27T08:57:37.235+0000] {subprocess.py:106} INFO - 26/04/27 08:57:37 INFO MemoryStore: Block broadcast_71 stored as values in memory (estimated size 39.3 KiB, free 433.6 MiB)
[2026-04-27T08:57:37.238+0000] {subprocess.py:106} INFO - 26/04/27 08:57:37 INFO MemoryStore: Block broadcast_71_piece0 stored as bytes in memory (estimated size 13.6 KiB, free 433.5 MiB)
[2026-04-27T08:57:37.240+0000] {subprocess.py:106} INFO - 26/04/27 08:57:37 INFO BlockManagerInfo: Added broadcast_71_piece0 in memory on c05002f484b8:40113 (size: 13.6 KiB, free: 434.0 MiB)
[2026-04-27T08:57:37.243+0000] {subprocess.py:106} INFO - 26/04/27 08:57:37 INFO SparkContext: Created broadcast 71 from broadcast at DAGScheduler.scala:1585
[2026-04-27T08:57:37.245+0000] {subprocess.py:106} INFO - 26/04/27 08:57:37 INFO DAGScheduler: Submitting 1 missing tasks from ShuffleMapStage 42 (MapPartitionsRDD[86] at create at <unknown>:0) (first 15 tasks are for partitions Vector(0))
[2026-04-27T08:57:37.247+0000] {subprocess.py:106} INFO - 26/04/27 08:57:37 INFO TaskSchedulerImpl: Adding task set 42.0 with 1 tasks resource profile 0
[2026-04-27T08:57:37.248+0000] {subprocess.py:106} INFO - 26/04/27 08:57:37 INFO TaskSetManager: Starting task 0.0 in stage 42.0 (TID 26) (172.30.0.8, executor 0, partition 0, PROCESS_LOCAL, 16069 bytes)
[2026-04-27T08:57:37.299+0000] {subprocess.py:106} INFO - 26/04/27 08:57:37 INFO BlockManagerInfo: Added broadcast_71_piece0 in memory on 172.30.0.8:33469 (size: 13.6 KiB, free: 434.2 MiB)
[2026-04-27T08:57:37.388+0000] {subprocess.py:106} INFO - 26/04/27 08:57:37 INFO BlockManagerInfo: Added broadcast_59_piece0 in memory on 172.30.0.8:33469 (size: 54.1 KiB, free: 434.2 MiB)
[2026-04-27T08:57:37.425+0000] {subprocess.py:106} INFO - 26/04/27 08:57:37 INFO BlockManagerInfo: Added broadcast_60_piece0 in memory on 172.30.0.8:33469 (size: 702.0 B, free: 434.2 MiB)
[2026-04-27T08:57:37.441+0000] {subprocess.py:106} INFO - 26/04/27 08:57:37 INFO BlockManagerInfo: Added broadcast_63_piece0 in memory on 172.30.0.8:33469 (size: 21.3 KiB, free: 434.2 MiB)
[2026-04-27T08:57:37.472+0000] {subprocess.py:106} INFO - 26/04/27 08:57:37 INFO BlockManagerInfo: Added broadcast_65_piece0 in memory on 172.30.0.8:33469 (size: 270.0 B, free: 434.2 MiB)
[2026-04-27T08:57:37.497+0000] {subprocess.py:106} INFO - 26/04/27 08:57:37 INFO BlockManagerInfo: Added broadcast_69_piece0 in memory on 172.30.0.8:33469 (size: 560.0 B, free: 434.2 MiB)
[2026-04-27T08:57:37.577+0000] {subprocess.py:106} INFO - 26/04/27 08:57:37 INFO BlockManagerInfo: Added broadcast_39_piece0 in memory on 172.30.0.8:33469 (size: 30.4 KiB, free: 434.1 MiB)
[2026-04-27T08:57:39.062+0000] {subprocess.py:106} INFO - 26/04/27 08:57:39 INFO TaskSetManager: Finished task 0.0 in stage 42.0 (TID 26) in 1823 ms on 172.30.0.8 (executor 0) (1/1)
[2026-04-27T08:57:39.063+0000] {subprocess.py:106} INFO - 26/04/27 08:57:39 INFO TaskSchedulerImpl: Removed TaskSet 42.0, whose tasks have all completed, from pool
[2026-04-27T08:57:39.063+0000] {subprocess.py:106} INFO - 26/04/27 08:57:39 INFO DAGScheduler: ShuffleMapStage 42 (create at <unknown>:0) finished in 1.841 s
[2026-04-27T08:57:39.064+0000] {subprocess.py:106} INFO - 26/04/27 08:57:39 INFO DAGScheduler: looking for newly runnable stages
[2026-04-27T08:57:39.065+0000] {subprocess.py:106} INFO - 26/04/27 08:57:39 INFO DAGScheduler: running: Set()
[2026-04-27T08:57:39.066+0000] {subprocess.py:106} INFO - 26/04/27 08:57:39 INFO DAGScheduler: waiting: Set()
[2026-04-27T08:57:39.079+0000] {subprocess.py:106} INFO - 26/04/27 08:57:39 INFO DAGScheduler: failed: Set()
[2026-04-27T08:57:39.081+0000] {subprocess.py:106} INFO - 26/04/27 08:57:39 INFO ShufflePartitionsUtil: For shuffle(14), advisory target size: 402653184, actual target size 1058378, minimum partition size: 1048576
[2026-04-27T08:57:39.108+0000] {subprocess.py:106} INFO - 26/04/27 08:57:39 INFO MemoryStore: Block broadcast_72 stored as values in memory (estimated size 32.0 KiB, free 433.5 MiB)
[2026-04-27T08:57:39.113+0000] {subprocess.py:106} INFO - 26/04/27 08:57:39 INFO MemoryStore: Block broadcast_72_piece0 stored as bytes in memory (estimated size 30.0 KiB, free 433.5 MiB)
[2026-04-27T08:57:39.118+0000] {subprocess.py:106} INFO - 26/04/27 08:57:39 INFO BlockManagerInfo: Added broadcast_72_piece0 in memory on c05002f484b8:40113 (size: 30.0 KiB, free: 433.9 MiB)
[2026-04-27T08:57:39.119+0000] {subprocess.py:106} INFO - 26/04/27 08:57:39 INFO SparkContext: Created broadcast 72 from broadcast at SparkWrite.java:193
[2026-04-27T08:57:39.119+0000] {subprocess.py:106} INFO - 26/04/27 08:57:39 INFO AppendDataExec: Start processing data source write support: IcebergBatchWrite(table=gold.fact_job_posting, format=PARQUET). The input RDD has 2 partitions.
[2026-04-27T08:57:39.127+0000] {subprocess.py:106} INFO - 26/04/27 08:57:39 INFO SparkContext: Starting job: create at <unknown>:0
[2026-04-27T08:57:39.128+0000] {subprocess.py:106} INFO - 26/04/27 08:57:39 INFO DAGScheduler: Got job 27 (create at <unknown>:0) with 2 output partitions
[2026-04-27T08:57:39.129+0000] {subprocess.py:106} INFO - 26/04/27 08:57:39 INFO DAGScheduler: Final stage: ResultStage 44 (create at <unknown>:0)
[2026-04-27T08:57:39.130+0000] {subprocess.py:106} INFO - 26/04/27 08:57:39 INFO DAGScheduler: Parents of final stage: List(ShuffleMapStage 43)
[2026-04-27T08:57:39.132+0000] {subprocess.py:106} INFO - 26/04/27 08:57:39 INFO DAGScheduler: Missing parents: List()
[2026-04-27T08:57:39.133+0000] {subprocess.py:106} INFO - 26/04/27 08:57:39 INFO DAGScheduler: Submitting ResultStage 44 (ShuffledRowRDD[87] at create at <unknown>:0), which has no missing parents
[2026-04-27T08:57:39.133+0000] {subprocess.py:106} INFO - 26/04/27 08:57:39 INFO MemoryStore: Block broadcast_73 stored as values in memory (estimated size 10.7 KiB, free 433.5 MiB)
[2026-04-27T08:57:39.135+0000] {subprocess.py:106} INFO - 26/04/27 08:57:39 INFO MemoryStore: Block broadcast_73_piece0 stored as bytes in memory (estimated size 5.7 KiB, free 433.5 MiB)
[2026-04-27T08:57:39.139+0000] {subprocess.py:106} INFO - 26/04/27 08:57:39 INFO BlockManagerInfo: Added broadcast_73_piece0 in memory on c05002f484b8:40113 (size: 5.7 KiB, free: 433.9 MiB)
[2026-04-27T08:57:39.139+0000] {subprocess.py:106} INFO - 26/04/27 08:57:39 INFO SparkContext: Created broadcast 73 from broadcast at DAGScheduler.scala:1585
[2026-04-27T08:57:39.141+0000] {subprocess.py:106} INFO - 26/04/27 08:57:39 INFO DAGScheduler: Submitting 2 missing tasks from ResultStage 44 (ShuffledRowRDD[87] at create at <unknown>:0) (first 15 tasks are for partitions Vector(0, 1))
[2026-04-27T08:57:39.142+0000] {subprocess.py:106} INFO - 26/04/27 08:57:39 INFO TaskSchedulerImpl: Adding task set 44.0 with 2 tasks resource profile 0
[2026-04-27T08:57:39.143+0000] {subprocess.py:106} INFO - 26/04/27 08:57:39 INFO TaskSetManager: Starting task 0.0 in stage 44.0 (TID 27) (172.30.0.8, executor 0, partition 0, NODE_LOCAL, 9976 bytes)
[2026-04-27T08:57:39.185+0000] {subprocess.py:106} INFO - 26/04/27 08:57:39 INFO BlockManagerInfo: Added broadcast_73_piece0 in memory on 172.30.0.8:33469 (size: 5.7 KiB, free: 434.1 MiB)
[2026-04-27T08:57:39.189+0000] {subprocess.py:106} INFO - 26/04/27 08:57:39 INFO MapOutputTrackerMasterEndpoint: Asked to send map output locations for shuffle 14 to 172.30.0.8:49000
[2026-04-27T08:57:39.209+0000] {subprocess.py:106} INFO - 26/04/27 08:57:39 INFO BlockManagerInfo: Added broadcast_72_piece0 in memory on 172.30.0.8:33469 (size: 30.0 KiB, free: 434.1 MiB)
[2026-04-27T08:57:49.064+0000] {subprocess.py:106} INFO - 26/04/27 08:57:49 INFO TaskSetManager: Starting task 1.0 in stage 44.0 (TID 28) (172.30.0.8, executor 0, partition 1, NODE_LOCAL, 9976 bytes)
[2026-04-27T08:57:49.075+0000] {subprocess.py:106} INFO - 26/04/27 08:57:49 INFO TaskSetManager: Finished task 0.0 in stage 44.0 (TID 27) in 9933 ms on 172.30.0.8 (executor 0) (1/2)
[2026-04-27T08:57:57.365+0000] {subprocess.py:106} INFO - 26/04/27 08:57:57 INFO TaskSetManager: Finished task 1.0 in stage 44.0 (TID 28) in 8302 ms on 172.30.0.8 (executor 0) (2/2)
[2026-04-27T08:57:57.367+0000] {subprocess.py:106} INFO - 26/04/27 08:57:57 INFO TaskSchedulerImpl: Removed TaskSet 44.0, whose tasks have all completed, from pool
[2026-04-27T08:57:57.369+0000] {subprocess.py:106} INFO - 26/04/27 08:57:57 INFO DAGScheduler: ResultStage 44 (create at <unknown>:0) finished in 18.239 s
[2026-04-27T08:57:57.376+0000] {subprocess.py:106} INFO - 26/04/27 08:57:57 INFO DAGScheduler: Job 27 is finished. Cancelling potential speculative or zombie tasks for this job
[2026-04-27T08:57:57.378+0000] {subprocess.py:106} INFO - 26/04/27 08:57:57 INFO TaskSchedulerImpl: Killing all running tasks in stage 44: Stage finished
[2026-04-27T08:57:57.378+0000] {subprocess.py:106} INFO - 26/04/27 08:57:57 INFO DAGScheduler: Job 27 finished: create at <unknown>:0, took 18.253220 s
[2026-04-27T08:57:57.379+0000] {subprocess.py:106} INFO - 26/04/27 08:57:57 INFO AppendDataExec: Data source write support IcebergBatchWrite(table=gold.fact_job_posting, format=PARQUET) is committing.
[2026-04-27T08:57:57.379+0000] {subprocess.py:106} INFO - 26/04/27 08:57:57 INFO SparkWrite: Committing append with 200 new data files to table gold.fact_job_posting
[2026-04-27T08:57:57.565+0000] {subprocess.py:106} INFO - 26/04/27 08:57:57 INFO SnapshotProducer: Committed snapshot 8563967285412982189 (MergeAppend)
[2026-04-27T08:57:57.596+0000] {subprocess.py:106} INFO - 26/04/27 08:57:57 INFO LoggingMetricsReporter: Received metrics report: CommitReport{tableName=gold.fact_job_posting, snapshotId=8563967285412982189, sequenceNumber=1, operation=append, commitMetrics=CommitMetricsResult{totalDuration=TimerResult{timeUnit=NANOSECONDS, totalDuration=PT0.221137263S, count=1}, attempts=CounterResult{unit=COUNT, value=1}, addedDataFiles=CounterResult{unit=COUNT, value=200}, removedDataFiles=null, totalDataFiles=CounterResult{unit=COUNT, value=200}, addedDeleteFiles=null, addedEqualityDeleteFiles=null, addedPositionalDeleteFiles=null, removedDeleteFiles=null, removedEqualityDeleteFiles=null, removedPositionalDeleteFiles=null, totalDeleteFiles=CounterResult{unit=COUNT, value=0}, addedRecords=CounterResult{unit=COUNT, value=47178}, removedRecords=null, totalRecords=CounterResult{unit=COUNT, value=47178}, addedFilesSizeInBytes=CounterResult{unit=BYTES, value=1824510}, removedFilesSizeInBytes=null, totalFilesSizeInBytes=CounterResult{unit=BYTES, value=1824510}, addedPositionalDeletes=null, removedPositionalDeletes=null, totalPositionalDeletes=CounterResult{unit=COUNT, value=0}, addedEqualityDeletes=null, removedEqualityDeletes=null, totalEqualityDeletes=CounterResult{unit=COUNT, value=0}}, metadata={engine-version=3.5.3, app-id=app-20260427085656-0005, engine-name=spark, iceberg-version=Apache Iceberg 1.6.1 (commit 8e9d59d299be42b0bca9461457cd1e95dbaad086)}}
[2026-04-27T08:57:57.596+0000] {subprocess.py:106} INFO - 26/04/27 08:57:57 INFO SparkWrite: Committed in 222 ms
[2026-04-27T08:57:57.597+0000] {subprocess.py:106} INFO - 26/04/27 08:57:57 INFO AppendDataExec: Data source write support IcebergBatchWrite(table=gold.fact_job_posting, format=PARQUET) committed.
[2026-04-27T08:57:57.775+0000] {subprocess.py:106} INFO - 26/04/27 08:57:57 INFO HiveTableOperations: Committed to table iceberg.gold.fact_job_posting with the new metadata location s3a://warehouse/iceberg_data/gold.db/fact_job_posting/metadata/00000-3ae2bfa4-8b64-4dfd-b2fa-29045930a2d8.metadata.json
[2026-04-27T08:57:57.776+0000] {subprocess.py:106} INFO - 26/04/27 08:57:57 INFO BaseMetastoreTableOperations: Successfully committed to table iceberg.gold.fact_job_posting in 179 ms
[2026-04-27T08:57:57.841+0000] {subprocess.py:106} INFO - 26/04/27 08:57:57 INFO V2ScanRelationPushDown:
[2026-04-27T08:57:57.842+0000] {subprocess.py:106} INFO - Pushing operators to iceberg.silver.it_jobs_clean
[2026-04-27T08:57:57.843+0000] {subprocess.py:106} INFO - Pushed Filters: location IS NOT NULL, skills_required IS NOT NULL
[2026-04-27T08:57:57.843+0000] {subprocess.py:106} INFO - Post-Scan Filters: isnotnull(location#2),isnotnull(skills_required#3),(size(location#2, true) > 0),(size(skills_required#3, true) > 0)
[2026-04-27T08:57:57.844+0000] {subprocess.py:106} INFO - 
[2026-04-27T08:57:57.844+0000] {subprocess.py:106} INFO - 26/04/27 08:57:57 INFO V2ScanRelationPushDown:
[2026-04-27T08:57:57.845+0000] {subprocess.py:106} INFO - Output: location#2, skills_required#3
[2026-04-27T08:57:57.846+0000] {subprocess.py:106} INFO - 
[2026-04-27T08:57:57.846+0000] {subprocess.py:106} INFO - 26/04/27 08:57:57 INFO SnapshotScan: Scanning table iceberg.silver.it_jobs_clean snapshot 5214283704870780580 created at 2026-04-27T08:56:48.691+00:00 with filter (location IS NOT NULL AND skills_required IS NOT NULL)
[2026-04-27T08:57:57.847+0000] {subprocess.py:106} INFO - 26/04/27 08:57:57 INFO BaseDistributedDataScan: Planning file tasks locally for table iceberg.silver.it_jobs_clean
[2026-04-27T08:57:57.869+0000] {subprocess.py:106} INFO - 26/04/27 08:57:57 INFO SparkPartitioningAwareScan: Reporting UnknownPartitioning with 1 partition(s) for table iceberg.silver.it_jobs_clean
[2026-04-27T08:57:57.875+0000] {subprocess.py:106} INFO - 26/04/27 08:57:57 INFO MemoryStore: Block broadcast_74 stored as values in memory (estimated size 32.0 KiB, free 433.4 MiB)
[2026-04-27T08:57:57.877+0000] {subprocess.py:106} INFO - 26/04/27 08:57:57 INFO MemoryStore: Block broadcast_74_piece0 stored as bytes in memory (estimated size 30.3 KiB, free 433.4 MiB)
[2026-04-27T08:57:57.878+0000] {subprocess.py:106} INFO - 26/04/27 08:57:57 INFO BlockManagerInfo: Added broadcast_74_piece0 in memory on c05002f484b8:40113 (size: 30.3 KiB, free: 433.9 MiB)
[2026-04-27T08:57:57.878+0000] {subprocess.py:106} INFO - 26/04/27 08:57:57 INFO SparkContext: Created broadcast 74 from broadcast at SparkBatch.java:79
[2026-04-27T08:57:57.883+0000] {subprocess.py:106} INFO - 26/04/27 08:57:57 INFO MemoryStore: Block broadcast_75 stored as values in memory (estimated size 32.0 KiB, free 433.4 MiB)
[2026-04-27T08:57:57.884+0000] {subprocess.py:106} INFO - 26/04/27 08:57:57 INFO MemoryStore: Block broadcast_75_piece0 stored as bytes in memory (estimated size 30.4 KiB, free 433.3 MiB)
[2026-04-27T08:57:57.885+0000] {subprocess.py:106} INFO - 26/04/27 08:57:57 INFO BlockManagerInfo: Added broadcast_75_piece0 in memory on c05002f484b8:40113 (size: 30.4 KiB, free: 433.9 MiB)
[2026-04-27T08:57:57.888+0000] {subprocess.py:106} INFO - 26/04/27 08:57:57 INFO SparkContext: Created broadcast 75 from broadcast at SparkBatch.java:79
[2026-04-27T08:57:57.934+0000] {subprocess.py:106} INFO - 26/04/27 08:57:57 INFO CodeGenerator: Code generated in 10.391347 ms
[2026-04-27T08:57:57.942+0000] {subprocess.py:106} INFO - 26/04/27 08:57:57 INFO DAGScheduler: Registering RDD 91 (count at <unknown>:0) as input to shuffle 15
[2026-04-27T08:57:57.943+0000] {subprocess.py:106} INFO - 26/04/27 08:57:57 INFO DAGScheduler: Got map stage job 28 (count at <unknown>:0) with 1 output partitions
[2026-04-27T08:57:57.943+0000] {subprocess.py:106} INFO - 26/04/27 08:57:57 INFO DAGScheduler: Final stage: ShuffleMapStage 45 (count at <unknown>:0)
[2026-04-27T08:57:57.944+0000] {subprocess.py:106} INFO - 26/04/27 08:57:57 INFO DAGScheduler: Parents of final stage: List()
[2026-04-27T08:57:57.944+0000] {subprocess.py:106} INFO - 26/04/27 08:57:57 INFO DAGScheduler: Missing parents: List()
[2026-04-27T08:57:57.945+0000] {subprocess.py:106} INFO - 26/04/27 08:57:57 INFO DAGScheduler: Submitting ShuffleMapStage 45 (MapPartitionsRDD[91] at count at <unknown>:0), which has no missing parents
[2026-04-27T08:57:57.946+0000] {subprocess.py:106} INFO - 26/04/27 08:57:57 INFO MemoryStore: Block broadcast_76 stored as values in memory (estimated size 19.7 KiB, free 433.3 MiB)
[2026-04-27T08:57:57.948+0000] {subprocess.py:106} INFO - 26/04/27 08:57:57 INFO MemoryStore: Block broadcast_76_piece0 stored as bytes in memory (estimated size 7.8 KiB, free 433.3 MiB)
[2026-04-27T08:57:57.950+0000] {subprocess.py:106} INFO - 26/04/27 08:57:57 INFO BlockManagerInfo: Added broadcast_76_piece0 in memory on c05002f484b8:40113 (size: 7.8 KiB, free: 433.9 MiB)
[2026-04-27T08:57:57.951+0000] {subprocess.py:106} INFO - 26/04/27 08:57:57 INFO SparkContext: Created broadcast 76 from broadcast at DAGScheduler.scala:1585
[2026-04-27T08:57:57.951+0000] {subprocess.py:106} INFO - 26/04/27 08:57:57 INFO DAGScheduler: Submitting 1 missing tasks from ShuffleMapStage 45 (MapPartitionsRDD[91] at count at <unknown>:0) (first 15 tasks are for partitions Vector(0))
[2026-04-27T08:57:57.952+0000] {subprocess.py:106} INFO - 26/04/27 08:57:57 INFO TaskSchedulerImpl: Adding task set 45.0 with 1 tasks resource profile 0
[2026-04-27T08:57:57.952+0000] {subprocess.py:106} INFO - 26/04/27 08:57:57 INFO TaskSetManager: Starting task 0.0 in stage 45.0 (TID 29) (172.30.0.8, executor 0, partition 0, PROCESS_LOCAL, 15762 bytes)
[2026-04-27T08:57:57.968+0000] {subprocess.py:106} INFO - 26/04/27 08:57:57 INFO BlockManagerInfo: Added broadcast_76_piece0 in memory on 172.30.0.8:33469 (size: 7.8 KiB, free: 434.1 MiB)
[2026-04-27T08:57:58.001+0000] {subprocess.py:106} INFO - 26/04/27 08:57:57 INFO BlockManagerInfo: Added broadcast_75_piece0 in memory on 172.30.0.8:33469 (size: 30.4 KiB, free: 434.1 MiB)
[2026-04-27T08:57:58.216+0000] {subprocess.py:106} INFO - 26/04/27 08:57:58 INFO TaskSetManager: Finished task 0.0 in stage 45.0 (TID 29) in 264 ms on 172.30.0.8 (executor 0) (1/1)
[2026-04-27T08:57:58.220+0000] {subprocess.py:106} INFO - 26/04/27 08:57:58 INFO TaskSchedulerImpl: Removed TaskSet 45.0, whose tasks have all completed, from pool
[2026-04-27T08:57:58.221+0000] {subprocess.py:106} INFO - 26/04/27 08:57:58 INFO DAGScheduler: ShuffleMapStage 45 (count at <unknown>:0) finished in 0.274 s
[2026-04-27T08:57:58.222+0000] {subprocess.py:106} INFO - 26/04/27 08:57:58 INFO DAGScheduler: looking for newly runnable stages
[2026-04-27T08:57:58.225+0000] {subprocess.py:106} INFO - 26/04/27 08:57:58 INFO DAGScheduler: running: Set()
[2026-04-27T08:57:58.226+0000] {subprocess.py:106} INFO - 26/04/27 08:57:58 INFO DAGScheduler: waiting: Set()
[2026-04-27T08:57:58.226+0000] {subprocess.py:106} INFO - 26/04/27 08:57:58 INFO DAGScheduler: failed: Set()
[2026-04-27T08:57:58.244+0000] {subprocess.py:106} INFO - 26/04/27 08:57:58 INFO CodeGenerator: Code generated in 8.891145 ms
[2026-04-27T08:57:58.261+0000] {subprocess.py:106} INFO - 26/04/27 08:57:58 INFO SparkContext: Starting job: count at <unknown>:0
[2026-04-27T08:57:58.265+0000] {subprocess.py:106} INFO - 26/04/27 08:57:58 INFO DAGScheduler: Got job 29 (count at <unknown>:0) with 1 output partitions
[2026-04-27T08:57:58.272+0000] {subprocess.py:106} INFO - 26/04/27 08:57:58 INFO DAGScheduler: Final stage: ResultStage 47 (count at <unknown>:0)
[2026-04-27T08:57:58.274+0000] {subprocess.py:106} INFO - 26/04/27 08:57:58 INFO DAGScheduler: Parents of final stage: List(ShuffleMapStage 46)
[2026-04-27T08:57:58.276+0000] {subprocess.py:106} INFO - 26/04/27 08:57:58 INFO DAGScheduler: Missing parents: List()
[2026-04-27T08:57:58.276+0000] {subprocess.py:106} INFO - 26/04/27 08:57:58 INFO DAGScheduler: Submitting ResultStage 47 (MapPartitionsRDD[94] at count at <unknown>:0), which has no missing parents
[2026-04-27T08:57:58.277+0000] {subprocess.py:106} INFO - 26/04/27 08:57:58 INFO MemoryStore: Block broadcast_77 stored as values in memory (estimated size 12.5 KiB, free 433.3 MiB)
[2026-04-27T08:57:58.278+0000] {subprocess.py:106} INFO - 26/04/27 08:57:58 INFO MemoryStore: Block broadcast_77_piece0 stored as bytes in memory (estimated size 6.0 KiB, free 433.3 MiB)
[2026-04-27T08:57:58.279+0000] {subprocess.py:106} INFO - 26/04/27 08:57:58 INFO BlockManagerInfo: Added broadcast_77_piece0 in memory on c05002f484b8:40113 (size: 6.0 KiB, free: 433.8 MiB)
[2026-04-27T08:57:58.280+0000] {subprocess.py:106} INFO - 26/04/27 08:57:58 INFO SparkContext: Created broadcast 77 from broadcast at DAGScheduler.scala:1585
[2026-04-27T08:57:58.281+0000] {subprocess.py:106} INFO - 26/04/27 08:57:58 INFO DAGScheduler: Submitting 1 missing tasks from ResultStage 47 (MapPartitionsRDD[94] at count at <unknown>:0) (first 15 tasks are for partitions Vector(0))
[2026-04-27T08:57:58.284+0000] {subprocess.py:106} INFO - 26/04/27 08:57:58 INFO TaskSchedulerImpl: Adding task set 47.0 with 1 tasks resource profile 0
[2026-04-27T08:57:58.287+0000] {subprocess.py:106} INFO - 26/04/27 08:57:58 INFO TaskSetManager: Starting task 0.0 in stage 47.0 (TID 30) (172.30.0.8, executor 0, partition 0, NODE_LOCAL, 9976 bytes)
[2026-04-27T08:57:58.327+0000] {subprocess.py:106} INFO - 26/04/27 08:57:58 INFO BlockManagerInfo: Added broadcast_77_piece0 in memory on 172.30.0.8:33469 (size: 6.0 KiB, free: 434.1 MiB)
[2026-04-27T08:57:58.342+0000] {subprocess.py:106} INFO - 26/04/27 08:57:58 INFO MapOutputTrackerMasterEndpoint: Asked to send map output locations for shuffle 15 to 172.30.0.8:49000
[2026-04-27T08:57:58.373+0000] {subprocess.py:106} INFO - 26/04/27 08:57:58 INFO TaskSetManager: Finished task 0.0 in stage 47.0 (TID 30) in 94 ms on 172.30.0.8 (executor 0) (1/1)
[2026-04-27T08:57:58.377+0000] {subprocess.py:106} INFO - 26/04/27 08:57:58 INFO TaskSchedulerImpl: Removed TaskSet 47.0, whose tasks have all completed, from pool
[2026-04-27T08:57:58.381+0000] {subprocess.py:106} INFO - 26/04/27 08:57:58 INFO DAGScheduler: ResultStage 47 (count at <unknown>:0) finished in 0.105 s
[2026-04-27T08:57:58.383+0000] {subprocess.py:106} INFO - 26/04/27 08:57:58 INFO DAGScheduler: Job 29 is finished. Cancelling potential speculative or zombie tasks for this job
[2026-04-27T08:57:58.386+0000] {subprocess.py:106} INFO - 26/04/27 08:57:58 INFO TaskSchedulerImpl: Killing all running tasks in stage 47: Stage finished
[2026-04-27T08:57:58.387+0000] {subprocess.py:106} INFO - 26/04/27 08:57:58 INFO DAGScheduler: Job 29 finished: count at <unknown>:0, took 0.109847 s
[2026-04-27T08:57:58.389+0000] {subprocess.py:106} INFO - >>> GOLD Layer Built Successfully. Fact records: 47178
[2026-04-27T08:57:58.389+0000] {subprocess.py:106} INFO - 26/04/27 08:57:58 INFO SparkContext: SparkContext is stopping with exitCode 0.
[2026-04-27T08:57:58.409+0000] {subprocess.py:106} INFO - 26/04/27 08:57:58 INFO SparkUI: Stopped Spark web UI at http://c05002f484b8:4040
[2026-04-27T08:57:58.418+0000] {subprocess.py:106} INFO - 26/04/27 08:57:58 INFO StandaloneSchedulerBackend: Shutting down all executors
[2026-04-27T08:57:58.419+0000] {subprocess.py:106} INFO - 26/04/27 08:57:58 INFO StandaloneSchedulerBackend$StandaloneDriverEndpoint: Asking each executor to shut down
[2026-04-27T08:57:58.463+0000] {subprocess.py:106} INFO - 26/04/27 08:57:58 INFO MapOutputTrackerMasterEndpoint: MapOutputTrackerMasterEndpoint stopped!
[2026-04-27T08:57:58.509+0000] {subprocess.py:106} INFO - 26/04/27 08:57:58 INFO MemoryStore: MemoryStore cleared
[2026-04-27T08:57:58.511+0000] {subprocess.py:106} INFO - 26/04/27 08:57:58 INFO BlockManager: BlockManager stopped
[2026-04-27T08:57:58.520+0000] {subprocess.py:106} INFO - 26/04/27 08:57:58 INFO BlockManagerMaster: BlockManagerMaster stopped
[2026-04-27T08:57:58.548+0000] {subprocess.py:106} INFO - 26/04/27 08:57:58 INFO OutputCommitCoordinator$OutputCommitCoordinatorEndpoint: OutputCommitCoordinator stopped!
[2026-04-27T08:57:58.621+0000] {subprocess.py:106} INFO - 26/04/27 08:57:58 INFO SparkContext: Successfully stopped SparkContext
[2026-04-27T08:57:59.137+0000] {subprocess.py:106} INFO - 26/04/27 08:57:59 INFO ShutdownHookManager: Shutdown hook called
[2026-04-27T08:57:59.138+0000] {subprocess.py:106} INFO - 26/04/27 08:57:59 INFO ShutdownHookManager: Deleting directory /tmp/spark-e062c757-1ea7-41a9-9e6a-624d7075ce8a
[2026-04-27T08:57:59.142+0000] {subprocess.py:106} INFO - 26/04/27 08:57:59 INFO ShutdownHookManager: Deleting directory /tmp/spark-e062c757-1ea7-41a9-9e6a-624d7075ce8a/pyspark-7db61cf6-753b-4496-a0e3-b3060af91206
[2026-04-27T08:57:59.146+0000] {subprocess.py:106} INFO - 26/04/27 08:57:59 INFO ShutdownHookManager: Deleting directory /tmp/spark-265c1e15-02b5-4514-9150-11ca92434495
[2026-04-27T08:57:59.163+0000] {subprocess.py:106} INFO - 26/04/27 08:57:59 INFO MetricsSystemImpl: Stopping s3a-file-system metrics system...
[2026-04-27T08:57:59.170+0000] {subprocess.py:106} INFO - 26/04/27 08:57:59 INFO MetricsSystemImpl: s3a-file-system metrics system stopped.
[2026-04-27T08:57:59.171+0000] {subprocess.py:106} INFO - 26/04/27 08:57:59 INFO MetricsSystemImpl: s3a-file-system metrics system shutdown complete.
[2026-04-27T08:57:59.276+0000] {subprocess.py:110} INFO - Command exited with return code 0
[2026-04-27T08:57:59.373+0000] {taskinstance.py:341} INFO - ::group::Post task execution logs
[2026-04-27T08:57:59.374+0000] {taskinstance.py:353} INFO - Marking task as SUCCESS. dag_id=crawl_etl_itjob, task_id=build_gold, run_id=scheduled__2026-04-26T02:00:00+00:00, execution_date=20260426T020000, start_date=20260427T085650, end_date=20260427T085759
[2026-04-27T08:57:59.524+0000] {local_task_job_runner.py:266} INFO - Task exited with return code 0
[2026-04-27T08:57:59.569+0000] {taskinstance.py:3901} INFO - 0 downstream tasks scheduled from follow-on schedule check
[2026-04-27T08:57:59.572+0000] {local_task_job_runner.py:245} INFO - ::endgroup::
