[2026-05-01T06:06:30.904+0000] {processor.py:186} INFO - Started process (PID=39) to work on /opt/airflow/dags/system_dag.py
[2026-05-01T06:06:30.905+0000] {processor.py:914} INFO - Processing file /opt/airflow/dags/system_dag.py for tasks to queue
[2026-05-01T06:06:30.908+0000] {logging_mixin.py:190} INFO - [2026-05-01T06:06:30.907+0000] {dagbag.py:588} INFO - Filling up the DagBag from /opt/airflow/dags/system_dag.py
[2026-05-01T06:06:30.938+0000] {processor.py:925} INFO - DAG(s) 'system_dag' retrieved from /opt/airflow/dags/system_dag.py
[2026-05-01T06:06:31.005+0000] {logging_mixin.py:190} INFO - [2026-05-01T06:06:31.004+0000] {dag.py:3239} INFO - Sync 1 DAGs
[2026-05-01T06:06:31.053+0000] {logging_mixin.py:190} INFO - [2026-05-01T06:06:31.053+0000] {dag.py:4180} INFO - Setting next_dagrun for system_dag to 2026-04-30T00:00:00+00:00, run_after=2026-05-01T00:00:00+00:00
[2026-05-01T06:06:31.089+0000] {processor.py:208} INFO - Processing /opt/airflow/dags/system_dag.py took 0.196 seconds
[2026-05-01T06:07:01.806+0000] {processor.py:186} INFO - Started process (PID=43) to work on /opt/airflow/dags/system_dag.py
[2026-05-01T06:07:01.807+0000] {processor.py:914} INFO - Processing file /opt/airflow/dags/system_dag.py for tasks to queue
[2026-05-01T06:07:01.809+0000] {logging_mixin.py:190} INFO - [2026-05-01T06:07:01.809+0000] {dagbag.py:588} INFO - Filling up the DagBag from /opt/airflow/dags/system_dag.py
[2026-05-01T06:07:01.833+0000] {processor.py:925} INFO - DAG(s) 'system_dag' retrieved from /opt/airflow/dags/system_dag.py
[2026-05-01T06:07:01.876+0000] {logging_mixin.py:190} INFO - [2026-05-01T06:07:01.875+0000] {dag.py:3239} INFO - Sync 1 DAGs
[2026-05-01T06:07:01.917+0000] {logging_mixin.py:190} INFO - [2026-05-01T06:07:01.917+0000] {dag.py:4180} INFO - Setting next_dagrun for system_dag to 2026-04-30T00:00:00+00:00, run_after=2026-05-01T00:00:00+00:00
[2026-05-01T06:07:01.942+0000] {processor.py:208} INFO - Processing /opt/airflow/dags/system_dag.py took 0.142 seconds
[2026-05-01T06:07:32.514+0000] {processor.py:186} INFO - Started process (PID=47) to work on /opt/airflow/dags/system_dag.py
[2026-05-01T06:07:32.515+0000] {processor.py:914} INFO - Processing file /opt/airflow/dags/system_dag.py for tasks to queue
[2026-05-01T06:07:32.517+0000] {logging_mixin.py:190} INFO - [2026-05-01T06:07:32.517+0000] {dagbag.py:588} INFO - Filling up the DagBag from /opt/airflow/dags/system_dag.py
[2026-05-01T06:07:32.541+0000] {processor.py:925} INFO - DAG(s) 'system_dag' retrieved from /opt/airflow/dags/system_dag.py
[2026-05-01T06:07:32.591+0000] {logging_mixin.py:190} INFO - [2026-05-01T06:07:32.590+0000] {dag.py:3239} INFO - Sync 1 DAGs
[2026-05-01T06:07:32.631+0000] {logging_mixin.py:190} INFO - [2026-05-01T06:07:32.630+0000] {dag.py:4180} INFO - Setting next_dagrun for system_dag to 2026-04-30T00:00:00+00:00, run_after=2026-05-01T00:00:00+00:00
[2026-05-01T06:07:32.662+0000] {processor.py:208} INFO - Processing /opt/airflow/dags/system_dag.py took 0.157 seconds
[2026-05-01T06:08:02.861+0000] {processor.py:186} INFO - Started process (PID=51) to work on /opt/airflow/dags/system_dag.py
[2026-05-01T06:08:02.862+0000] {processor.py:914} INFO - Processing file /opt/airflow/dags/system_dag.py for tasks to queue
[2026-05-01T06:08:02.863+0000] {logging_mixin.py:190} INFO - [2026-05-01T06:08:02.863+0000] {dagbag.py:588} INFO - Filling up the DagBag from /opt/airflow/dags/system_dag.py
[2026-05-01T06:08:02.881+0000] {processor.py:925} INFO - DAG(s) 'system_dag' retrieved from /opt/airflow/dags/system_dag.py
[2026-05-01T06:08:02.923+0000] {logging_mixin.py:190} INFO - [2026-05-01T06:08:02.923+0000] {dag.py:3239} INFO - Sync 1 DAGs
[2026-05-01T06:08:02.955+0000] {logging_mixin.py:190} INFO - [2026-05-01T06:08:02.955+0000] {dag.py:4180} INFO - Setting next_dagrun for system_dag to 2026-04-30T00:00:00+00:00, run_after=2026-05-01T00:00:00+00:00
[2026-05-01T06:08:02.977+0000] {processor.py:208} INFO - Processing /opt/airflow/dags/system_dag.py took 0.122 seconds
[2026-05-01T06:08:33.145+0000] {processor.py:186} INFO - Started process (PID=55) to work on /opt/airflow/dags/system_dag.py
[2026-05-01T06:08:33.146+0000] {processor.py:914} INFO - Processing file /opt/airflow/dags/system_dag.py for tasks to queue
[2026-05-01T06:08:33.148+0000] {logging_mixin.py:190} INFO - [2026-05-01T06:08:33.148+0000] {dagbag.py:588} INFO - Filling up the DagBag from /opt/airflow/dags/system_dag.py
[2026-05-01T06:08:33.168+0000] {processor.py:925} INFO - DAG(s) 'system_dag' retrieved from /opt/airflow/dags/system_dag.py
[2026-05-01T06:08:33.205+0000] {logging_mixin.py:190} INFO - [2026-05-01T06:08:33.205+0000] {dag.py:3239} INFO - Sync 1 DAGs
[2026-05-01T06:08:33.250+0000] {logging_mixin.py:190} INFO - [2026-05-01T06:08:33.249+0000] {dag.py:4180} INFO - Setting next_dagrun for system_dag to 2026-04-30T00:00:00+00:00, run_after=2026-05-01T00:00:00+00:00
[2026-05-01T06:08:33.279+0000] {processor.py:208} INFO - Processing /opt/airflow/dags/system_dag.py took 0.140 seconds
[2026-05-01T06:09:03.434+0000] {processor.py:186} INFO - Started process (PID=59) to work on /opt/airflow/dags/system_dag.py
[2026-05-01T06:09:03.435+0000] {processor.py:914} INFO - Processing file /opt/airflow/dags/system_dag.py for tasks to queue
[2026-05-01T06:09:03.436+0000] {logging_mixin.py:190} INFO - [2026-05-01T06:09:03.436+0000] {dagbag.py:588} INFO - Filling up the DagBag from /opt/airflow/dags/system_dag.py
[2026-05-01T06:09:03.455+0000] {processor.py:925} INFO - DAG(s) 'system_dag' retrieved from /opt/airflow/dags/system_dag.py
[2026-05-01T06:09:03.492+0000] {logging_mixin.py:190} INFO - [2026-05-01T06:09:03.492+0000] {dag.py:3239} INFO - Sync 1 DAGs
[2026-05-01T06:09:03.517+0000] {logging_mixin.py:190} INFO - [2026-05-01T06:09:03.516+0000] {dag.py:4180} INFO - Setting next_dagrun for system_dag to 2026-04-30T00:00:00+00:00, run_after=2026-05-01T00:00:00+00:00
[2026-05-01T06:09:03.540+0000] {processor.py:208} INFO - Processing /opt/airflow/dags/system_dag.py took 0.112 seconds
[2026-05-01T06:09:33.692+0000] {processor.py:186} INFO - Started process (PID=63) to work on /opt/airflow/dags/system_dag.py
[2026-05-01T06:09:33.692+0000] {processor.py:914} INFO - Processing file /opt/airflow/dags/system_dag.py for tasks to queue
[2026-05-01T06:09:33.694+0000] {logging_mixin.py:190} INFO - [2026-05-01T06:09:33.694+0000] {dagbag.py:588} INFO - Filling up the DagBag from /opt/airflow/dags/system_dag.py
[2026-05-01T06:09:33.714+0000] {processor.py:925} INFO - DAG(s) 'system_dag' retrieved from /opt/airflow/dags/system_dag.py
[2026-05-01T06:09:33.750+0000] {logging_mixin.py:190} INFO - [2026-05-01T06:09:33.750+0000] {dag.py:3239} INFO - Sync 1 DAGs
[2026-05-01T06:09:33.775+0000] {logging_mixin.py:190} INFO - [2026-05-01T06:09:33.775+0000] {dag.py:4180} INFO - Setting next_dagrun for system_dag to 2026-04-30T00:00:00+00:00, run_after=2026-05-01T00:00:00+00:00
[2026-05-01T06:09:33.794+0000] {processor.py:208} INFO - Processing /opt/airflow/dags/system_dag.py took 0.109 seconds
[2026-05-01T06:10:04.002+0000] {processor.py:186} INFO - Started process (PID=67) to work on /opt/airflow/dags/system_dag.py
[2026-05-01T06:10:04.003+0000] {processor.py:914} INFO - Processing file /opt/airflow/dags/system_dag.py for tasks to queue
[2026-05-01T06:10:04.004+0000] {logging_mixin.py:190} INFO - [2026-05-01T06:10:04.004+0000] {dagbag.py:588} INFO - Filling up the DagBag from /opt/airflow/dags/system_dag.py
[2026-05-01T06:10:04.030+0000] {processor.py:925} INFO - DAG(s) 'system_dag' retrieved from /opt/airflow/dags/system_dag.py
[2026-05-01T06:10:04.078+0000] {logging_mixin.py:190} INFO - [2026-05-01T06:10:04.078+0000] {dag.py:3239} INFO - Sync 1 DAGs
[2026-05-01T06:10:04.115+0000] {logging_mixin.py:190} INFO - [2026-05-01T06:10:04.115+0000] {dag.py:4180} INFO - Setting next_dagrun for system_dag to 2026-04-30T00:00:00+00:00, run_after=2026-05-01T00:00:00+00:00
[2026-05-01T06:10:04.154+0000] {processor.py:208} INFO - Processing /opt/airflow/dags/system_dag.py took 0.159 seconds
[2026-05-01T06:10:34.899+0000] {processor.py:186} INFO - Started process (PID=71) to work on /opt/airflow/dags/system_dag.py
[2026-05-01T06:10:34.900+0000] {processor.py:914} INFO - Processing file /opt/airflow/dags/system_dag.py for tasks to queue
[2026-05-01T06:10:34.902+0000] {logging_mixin.py:190} INFO - [2026-05-01T06:10:34.902+0000] {dagbag.py:588} INFO - Filling up the DagBag from /opt/airflow/dags/system_dag.py
[2026-05-01T06:10:34.965+0000] {processor.py:925} INFO - DAG(s) 'system_dag' retrieved from /opt/airflow/dags/system_dag.py
[2026-05-01T06:10:35.027+0000] {logging_mixin.py:190} INFO - [2026-05-01T06:10:35.027+0000] {dag.py:3239} INFO - Sync 1 DAGs
[2026-05-01T06:10:35.078+0000] {logging_mixin.py:190} INFO - [2026-05-01T06:10:35.078+0000] {dag.py:4180} INFO - Setting next_dagrun for system_dag to 2026-04-30T00:00:00+00:00, run_after=2026-05-01T00:00:00+00:00
[2026-05-01T06:10:35.132+0000] {processor.py:208} INFO - Processing /opt/airflow/dags/system_dag.py took 0.244 seconds
[2026-05-01T06:11:05.427+0000] {processor.py:186} INFO - Started process (PID=75) to work on /opt/airflow/dags/system_dag.py
[2026-05-01T06:11:05.427+0000] {processor.py:914} INFO - Processing file /opt/airflow/dags/system_dag.py for tasks to queue
[2026-05-01T06:11:05.429+0000] {logging_mixin.py:190} INFO - [2026-05-01T06:11:05.429+0000] {dagbag.py:588} INFO - Filling up the DagBag from /opt/airflow/dags/system_dag.py
[2026-05-01T06:11:05.447+0000] {processor.py:925} INFO - DAG(s) 'system_dag' retrieved from /opt/airflow/dags/system_dag.py
[2026-05-01T06:11:05.492+0000] {logging_mixin.py:190} INFO - [2026-05-01T06:11:05.492+0000] {dag.py:3239} INFO - Sync 1 DAGs
[2026-05-01T06:11:05.532+0000] {logging_mixin.py:190} INFO - [2026-05-01T06:11:05.532+0000] {dag.py:4180} INFO - Setting next_dagrun for system_dag to 2026-04-30T00:00:00+00:00, run_after=2026-05-01T00:00:00+00:00
[2026-05-01T06:11:05.561+0000] {processor.py:208} INFO - Processing /opt/airflow/dags/system_dag.py took 0.143 seconds
[2026-05-01T06:11:35.723+0000] {processor.py:186} INFO - Started process (PID=79) to work on /opt/airflow/dags/system_dag.py
[2026-05-01T06:11:35.724+0000] {processor.py:914} INFO - Processing file /opt/airflow/dags/system_dag.py for tasks to queue
[2026-05-01T06:11:35.725+0000] {logging_mixin.py:190} INFO - [2026-05-01T06:11:35.725+0000] {dagbag.py:588} INFO - Filling up the DagBag from /opt/airflow/dags/system_dag.py
[2026-05-01T06:11:35.741+0000] {processor.py:925} INFO - DAG(s) 'system_dag' retrieved from /opt/airflow/dags/system_dag.py
[2026-05-01T06:11:35.774+0000] {logging_mixin.py:190} INFO - [2026-05-01T06:11:35.773+0000] {dag.py:3239} INFO - Sync 1 DAGs
[2026-05-01T06:11:35.804+0000] {logging_mixin.py:190} INFO - [2026-05-01T06:11:35.803+0000] {dag.py:4180} INFO - Setting next_dagrun for system_dag to 2026-04-30T00:00:00+00:00, run_after=2026-05-01T00:00:00+00:00
[2026-05-01T06:11:35.826+0000] {processor.py:208} INFO - Processing /opt/airflow/dags/system_dag.py took 0.109 seconds
[2026-05-01T06:12:06.021+0000] {processor.py:186} INFO - Started process (PID=83) to work on /opt/airflow/dags/system_dag.py
[2026-05-01T06:12:06.021+0000] {processor.py:914} INFO - Processing file /opt/airflow/dags/system_dag.py for tasks to queue
[2026-05-01T06:12:06.022+0000] {logging_mixin.py:190} INFO - [2026-05-01T06:12:06.022+0000] {dagbag.py:588} INFO - Filling up the DagBag from /opt/airflow/dags/system_dag.py
[2026-05-01T06:12:06.050+0000] {processor.py:925} INFO - DAG(s) 'system_dag' retrieved from /opt/airflow/dags/system_dag.py
[2026-05-01T06:12:06.098+0000] {logging_mixin.py:190} INFO - [2026-05-01T06:12:06.097+0000] {dag.py:3239} INFO - Sync 1 DAGs
[2026-05-01T06:12:06.131+0000] {logging_mixin.py:190} INFO - [2026-05-01T06:12:06.130+0000] {dag.py:4180} INFO - Setting next_dagrun for system_dag to 2026-04-30T00:00:00+00:00, run_after=2026-05-01T00:00:00+00:00
[2026-05-01T06:12:06.167+0000] {processor.py:208} INFO - Processing /opt/airflow/dags/system_dag.py took 0.152 seconds
[2026-05-01T06:12:37.384+0000] {processor.py:186} INFO - Started process (PID=87) to work on /opt/airflow/dags/system_dag.py
[2026-05-01T06:12:37.385+0000] {processor.py:914} INFO - Processing file /opt/airflow/dags/system_dag.py for tasks to queue
[2026-05-01T06:12:37.388+0000] {logging_mixin.py:190} INFO - [2026-05-01T06:12:37.387+0000] {dagbag.py:588} INFO - Filling up the DagBag from /opt/airflow/dags/system_dag.py
[2026-05-01T06:12:37.414+0000] {processor.py:925} INFO - DAG(s) 'system_dag' retrieved from /opt/airflow/dags/system_dag.py
[2026-05-01T06:12:37.466+0000] {logging_mixin.py:190} INFO - [2026-05-01T06:12:37.466+0000] {dag.py:3239} INFO - Sync 1 DAGs
[2026-05-01T06:12:37.508+0000] {logging_mixin.py:190} INFO - [2026-05-01T06:12:37.508+0000] {dag.py:4180} INFO - Setting next_dagrun for system_dag to 2026-04-30T00:00:00+00:00, run_after=2026-05-01T00:00:00+00:00
[2026-05-01T06:12:37.538+0000] {processor.py:208} INFO - Processing /opt/airflow/dags/system_dag.py took 0.163 seconds
[2026-05-01T06:13:09.769+0000] {processor.py:186} INFO - Started process (PID=91) to work on /opt/airflow/dags/system_dag.py
[2026-05-01T06:13:09.772+0000] {processor.py:914} INFO - Processing file /opt/airflow/dags/system_dag.py for tasks to queue
[2026-05-01T06:13:09.775+0000] {logging_mixin.py:190} INFO - [2026-05-01T06:13:09.774+0000] {dagbag.py:588} INFO - Filling up the DagBag from /opt/airflow/dags/system_dag.py
[2026-05-01T06:13:09.802+0000] {processor.py:925} INFO - DAG(s) 'system_dag' retrieved from /opt/airflow/dags/system_dag.py
[2026-05-01T06:13:09.848+0000] {logging_mixin.py:190} INFO - [2026-05-01T06:13:09.848+0000] {dag.py:3239} INFO - Sync 1 DAGs
[2026-05-01T06:13:09.877+0000] {logging_mixin.py:190} INFO - [2026-05-01T06:13:09.877+0000] {dag.py:4180} INFO - Setting next_dagrun for system_dag to 2026-04-30T00:00:00+00:00, run_after=2026-05-01T00:00:00+00:00
[2026-05-01T06:13:09.901+0000] {processor.py:208} INFO - Processing /opt/airflow/dags/system_dag.py took 0.141 seconds
[2026-05-01T06:13:42.178+0000] {processor.py:186} INFO - Started process (PID=95) to work on /opt/airflow/dags/system_dag.py
[2026-05-01T06:13:42.179+0000] {processor.py:914} INFO - Processing file /opt/airflow/dags/system_dag.py for tasks to queue
[2026-05-01T06:13:42.181+0000] {logging_mixin.py:190} INFO - [2026-05-01T06:13:42.180+0000] {dagbag.py:588} INFO - Filling up the DagBag from /opt/airflow/dags/system_dag.py
[2026-05-01T06:13:42.202+0000] {processor.py:925} INFO - DAG(s) 'system_dag' retrieved from /opt/airflow/dags/system_dag.py
[2026-05-01T06:13:42.246+0000] {logging_mixin.py:190} INFO - [2026-05-01T06:13:42.246+0000] {dag.py:3239} INFO - Sync 1 DAGs
[2026-05-01T06:13:42.283+0000] {logging_mixin.py:190} INFO - [2026-05-01T06:13:42.283+0000] {dag.py:4180} INFO - Setting next_dagrun for system_dag to 2026-04-30T00:00:00+00:00, run_after=2026-05-01T00:00:00+00:00
[2026-05-01T06:13:42.309+0000] {processor.py:208} INFO - Processing /opt/airflow/dags/system_dag.py took 0.137 seconds
[2026-05-01T06:14:15.588+0000] {processor.py:186} INFO - Started process (PID=99) to work on /opt/airflow/dags/system_dag.py
[2026-05-01T06:14:15.589+0000] {processor.py:914} INFO - Processing file /opt/airflow/dags/system_dag.py for tasks to queue
[2026-05-01T06:14:15.590+0000] {logging_mixin.py:190} INFO - [2026-05-01T06:14:15.590+0000] {dagbag.py:588} INFO - Filling up the DagBag from /opt/airflow/dags/system_dag.py
[2026-05-01T06:14:15.610+0000] {processor.py:925} INFO - DAG(s) 'system_dag' retrieved from /opt/airflow/dags/system_dag.py
[2026-05-01T06:14:15.651+0000] {logging_mixin.py:190} INFO - [2026-05-01T06:14:15.651+0000] {dag.py:3239} INFO - Sync 1 DAGs
[2026-05-01T06:14:15.678+0000] {logging_mixin.py:190} INFO - [2026-05-01T06:14:15.678+0000] {dag.py:4180} INFO - Setting next_dagrun for system_dag to 2026-04-30T00:00:00+00:00, run_after=2026-05-01T00:00:00+00:00
[2026-05-01T06:14:15.698+0000] {processor.py:208} INFO - Processing /opt/airflow/dags/system_dag.py took 0.119 seconds
[2026-05-01T06:14:47.908+0000] {processor.py:186} INFO - Started process (PID=103) to work on /opt/airflow/dags/system_dag.py
[2026-05-01T06:14:47.909+0000] {processor.py:914} INFO - Processing file /opt/airflow/dags/system_dag.py for tasks to queue
[2026-05-01T06:14:47.910+0000] {logging_mixin.py:190} INFO - [2026-05-01T06:14:47.910+0000] {dagbag.py:588} INFO - Filling up the DagBag from /opt/airflow/dags/system_dag.py
[2026-05-01T06:14:47.932+0000] {processor.py:925} INFO - DAG(s) 'system_dag' retrieved from /opt/airflow/dags/system_dag.py
[2026-05-01T06:14:47.968+0000] {logging_mixin.py:190} INFO - [2026-05-01T06:14:47.968+0000] {dag.py:3239} INFO - Sync 1 DAGs
[2026-05-01T06:14:47.998+0000] {logging_mixin.py:190} INFO - [2026-05-01T06:14:47.998+0000] {dag.py:4180} INFO - Setting next_dagrun for system_dag to 2026-04-30T00:00:00+00:00, run_after=2026-05-01T00:00:00+00:00
[2026-05-01T06:14:48.030+0000] {processor.py:208} INFO - Processing /opt/airflow/dags/system_dag.py took 0.130 seconds
[2026-05-01T06:15:20.222+0000] {processor.py:186} INFO - Started process (PID=107) to work on /opt/airflow/dags/system_dag.py
[2026-05-01T06:15:20.223+0000] {processor.py:914} INFO - Processing file /opt/airflow/dags/system_dag.py for tasks to queue
[2026-05-01T06:15:20.224+0000] {logging_mixin.py:190} INFO - [2026-05-01T06:15:20.224+0000] {dagbag.py:588} INFO - Filling up the DagBag from /opt/airflow/dags/system_dag.py
[2026-05-01T06:15:20.243+0000] {processor.py:925} INFO - DAG(s) 'system_dag' retrieved from /opt/airflow/dags/system_dag.py
[2026-05-01T06:15:20.278+0000] {logging_mixin.py:190} INFO - [2026-05-01T06:15:20.277+0000] {dag.py:3239} INFO - Sync 1 DAGs
[2026-05-01T06:15:20.304+0000] {logging_mixin.py:190} INFO - [2026-05-01T06:15:20.304+0000] {dag.py:4180} INFO - Setting next_dagrun for system_dag to 2026-04-30T00:00:00+00:00, run_after=2026-05-01T00:00:00+00:00
[2026-05-01T06:15:20.324+0000] {processor.py:208} INFO - Processing /opt/airflow/dags/system_dag.py took 0.108 seconds
[2026-05-01T06:15:53.466+0000] {processor.py:186} INFO - Started process (PID=111) to work on /opt/airflow/dags/system_dag.py
[2026-05-01T06:15:53.467+0000] {processor.py:914} INFO - Processing file /opt/airflow/dags/system_dag.py for tasks to queue
[2026-05-01T06:15:53.468+0000] {logging_mixin.py:190} INFO - [2026-05-01T06:15:53.468+0000] {dagbag.py:588} INFO - Filling up the DagBag from /opt/airflow/dags/system_dag.py
[2026-05-01T06:15:53.486+0000] {processor.py:925} INFO - DAG(s) 'system_dag' retrieved from /opt/airflow/dags/system_dag.py
[2026-05-01T06:15:53.521+0000] {logging_mixin.py:190} INFO - [2026-05-01T06:15:53.521+0000] {dag.py:3239} INFO - Sync 1 DAGs
[2026-05-01T06:15:53.556+0000] {logging_mixin.py:190} INFO - [2026-05-01T06:15:53.556+0000] {dag.py:4180} INFO - Setting next_dagrun for system_dag to 2026-04-30T00:00:00+00:00, run_after=2026-05-01T00:00:00+00:00
[2026-05-01T06:15:53.581+0000] {processor.py:208} INFO - Processing /opt/airflow/dags/system_dag.py took 0.123 seconds
[2026-05-01T06:16:25.750+0000] {processor.py:186} INFO - Started process (PID=115) to work on /opt/airflow/dags/system_dag.py
[2026-05-01T06:16:25.751+0000] {processor.py:914} INFO - Processing file /opt/airflow/dags/system_dag.py for tasks to queue
[2026-05-01T06:16:25.752+0000] {logging_mixin.py:190} INFO - [2026-05-01T06:16:25.752+0000] {dagbag.py:588} INFO - Filling up the DagBag from /opt/airflow/dags/system_dag.py
[2026-05-01T06:16:25.773+0000] {processor.py:925} INFO - DAG(s) 'system_dag' retrieved from /opt/airflow/dags/system_dag.py
[2026-05-01T06:16:25.815+0000] {logging_mixin.py:190} INFO - [2026-05-01T06:16:25.815+0000] {dag.py:3239} INFO - Sync 1 DAGs
[2026-05-01T06:16:25.842+0000] {logging_mixin.py:190} INFO - [2026-05-01T06:16:25.842+0000] {dag.py:4180} INFO - Setting next_dagrun for system_dag to 2026-04-30T00:00:00+00:00, run_after=2026-05-01T00:00:00+00:00
[2026-05-01T06:16:25.862+0000] {processor.py:208} INFO - Processing /opt/airflow/dags/system_dag.py took 0.117 seconds
[2026-05-01T06:16:59.018+0000] {processor.py:186} INFO - Started process (PID=119) to work on /opt/airflow/dags/system_dag.py
[2026-05-01T06:16:59.019+0000] {processor.py:914} INFO - Processing file /opt/airflow/dags/system_dag.py for tasks to queue
[2026-05-01T06:16:59.020+0000] {logging_mixin.py:190} INFO - [2026-05-01T06:16:59.019+0000] {dagbag.py:588} INFO - Filling up the DagBag from /opt/airflow/dags/system_dag.py
[2026-05-01T06:16:59.036+0000] {processor.py:925} INFO - DAG(s) 'system_dag' retrieved from /opt/airflow/dags/system_dag.py
[2026-05-01T06:16:59.068+0000] {logging_mixin.py:190} INFO - [2026-05-01T06:16:59.068+0000] {dag.py:3239} INFO - Sync 1 DAGs
[2026-05-01T06:16:59.093+0000] {logging_mixin.py:190} INFO - [2026-05-01T06:16:59.093+0000] {dag.py:4180} INFO - Setting next_dagrun for system_dag to 2026-04-30T00:00:00+00:00, run_after=2026-05-01T00:00:00+00:00
[2026-05-01T06:16:59.111+0000] {processor.py:208} INFO - Processing /opt/airflow/dags/system_dag.py took 0.099 seconds
[2026-05-01T06:17:31.402+0000] {processor.py:186} INFO - Started process (PID=123) to work on /opt/airflow/dags/system_dag.py
[2026-05-01T06:17:31.403+0000] {processor.py:914} INFO - Processing file /opt/airflow/dags/system_dag.py for tasks to queue
[2026-05-01T06:17:31.405+0000] {logging_mixin.py:190} INFO - [2026-05-01T06:17:31.404+0000] {dagbag.py:588} INFO - Filling up the DagBag from /opt/airflow/dags/system_dag.py
[2026-05-01T06:17:31.426+0000] {processor.py:925} INFO - DAG(s) 'system_dag' retrieved from /opt/airflow/dags/system_dag.py
[2026-05-01T06:17:31.465+0000] {logging_mixin.py:190} INFO - [2026-05-01T06:17:31.465+0000] {dag.py:3239} INFO - Sync 1 DAGs
[2026-05-01T06:17:31.490+0000] {logging_mixin.py:190} INFO - [2026-05-01T06:17:31.490+0000] {dag.py:4180} INFO - Setting next_dagrun for system_dag to 2026-04-30T00:00:00+00:00, run_after=2026-05-01T00:00:00+00:00
[2026-05-01T06:17:31.511+0000] {processor.py:208} INFO - Processing /opt/airflow/dags/system_dag.py took 0.116 seconds
[2026-05-01T06:18:04.778+0000] {processor.py:186} INFO - Started process (PID=127) to work on /opt/airflow/dags/system_dag.py
[2026-05-01T06:18:04.779+0000] {processor.py:914} INFO - Processing file /opt/airflow/dags/system_dag.py for tasks to queue
[2026-05-01T06:18:04.780+0000] {logging_mixin.py:190} INFO - [2026-05-01T06:18:04.780+0000] {dagbag.py:588} INFO - Filling up the DagBag from /opt/airflow/dags/system_dag.py
[2026-05-01T06:18:04.799+0000] {processor.py:925} INFO - DAG(s) 'system_dag' retrieved from /opt/airflow/dags/system_dag.py
[2026-05-01T06:18:04.831+0000] {logging_mixin.py:190} INFO - [2026-05-01T06:18:04.831+0000] {dag.py:3239} INFO - Sync 1 DAGs
[2026-05-01T06:18:04.856+0000] {logging_mixin.py:190} INFO - [2026-05-01T06:18:04.856+0000] {dag.py:4180} INFO - Setting next_dagrun for system_dag to 2026-04-30T00:00:00+00:00, run_after=2026-05-01T00:00:00+00:00
[2026-05-01T06:18:04.880+0000] {processor.py:208} INFO - Processing /opt/airflow/dags/system_dag.py took 0.110 seconds
[2026-05-01T06:18:37.049+0000] {processor.py:186} INFO - Started process (PID=131) to work on /opt/airflow/dags/system_dag.py
[2026-05-01T06:18:37.050+0000] {processor.py:914} INFO - Processing file /opt/airflow/dags/system_dag.py for tasks to queue
[2026-05-01T06:18:37.051+0000] {logging_mixin.py:190} INFO - [2026-05-01T06:18:37.051+0000] {dagbag.py:588} INFO - Filling up the DagBag from /opt/airflow/dags/system_dag.py
[2026-05-01T06:18:37.074+0000] {processor.py:925} INFO - DAG(s) 'system_dag' retrieved from /opt/airflow/dags/system_dag.py
[2026-05-01T06:18:37.113+0000] {logging_mixin.py:190} INFO - [2026-05-01T06:18:37.113+0000] {dag.py:3239} INFO - Sync 1 DAGs
[2026-05-01T06:18:37.142+0000] {logging_mixin.py:190} INFO - [2026-05-01T06:18:37.142+0000] {dag.py:4180} INFO - Setting next_dagrun for system_dag to 2026-04-30T00:00:00+00:00, run_after=2026-05-01T00:00:00+00:00
[2026-05-01T06:18:37.167+0000] {processor.py:208} INFO - Processing /opt/airflow/dags/system_dag.py took 0.127 seconds
[2026-05-01T06:19:10.295+0000] {processor.py:186} INFO - Started process (PID=135) to work on /opt/airflow/dags/system_dag.py
[2026-05-01T06:19:10.296+0000] {processor.py:914} INFO - Processing file /opt/airflow/dags/system_dag.py for tasks to queue
[2026-05-01T06:19:10.297+0000] {logging_mixin.py:190} INFO - [2026-05-01T06:19:10.297+0000] {dagbag.py:588} INFO - Filling up the DagBag from /opt/airflow/dags/system_dag.py
[2026-05-01T06:19:10.317+0000] {processor.py:925} INFO - DAG(s) 'system_dag' retrieved from /opt/airflow/dags/system_dag.py
[2026-05-01T06:19:10.353+0000] {logging_mixin.py:190} INFO - [2026-05-01T06:19:10.353+0000] {dag.py:3239} INFO - Sync 1 DAGs
[2026-05-01T06:19:10.379+0000] {logging_mixin.py:190} INFO - [2026-05-01T06:19:10.379+0000] {dag.py:4180} INFO - Setting next_dagrun for system_dag to 2026-04-30T00:00:00+00:00, run_after=2026-05-01T00:00:00+00:00
[2026-05-01T06:19:10.397+0000] {processor.py:208} INFO - Processing /opt/airflow/dags/system_dag.py took 0.107 seconds
[2026-05-01T06:19:42.616+0000] {processor.py:186} INFO - Started process (PID=139) to work on /opt/airflow/dags/system_dag.py
[2026-05-01T06:19:42.617+0000] {processor.py:914} INFO - Processing file /opt/airflow/dags/system_dag.py for tasks to queue
[2026-05-01T06:19:42.619+0000] {logging_mixin.py:190} INFO - [2026-05-01T06:19:42.619+0000] {dagbag.py:588} INFO - Filling up the DagBag from /opt/airflow/dags/system_dag.py
[2026-05-01T06:19:42.636+0000] {processor.py:925} INFO - DAG(s) 'system_dag' retrieved from /opt/airflow/dags/system_dag.py
[2026-05-01T06:19:42.669+0000] {logging_mixin.py:190} INFO - [2026-05-01T06:19:42.668+0000] {dag.py:3239} INFO - Sync 1 DAGs
[2026-05-01T06:19:42.693+0000] {logging_mixin.py:190} INFO - [2026-05-01T06:19:42.693+0000] {dag.py:4180} INFO - Setting next_dagrun for system_dag to 2026-04-30T00:00:00+00:00, run_after=2026-05-01T00:00:00+00:00
[2026-05-01T06:19:42.711+0000] {processor.py:208} INFO - Processing /opt/airflow/dags/system_dag.py took 0.101 seconds
[2026-05-01T06:20:14.916+0000] {processor.py:186} INFO - Started process (PID=143) to work on /opt/airflow/dags/system_dag.py
[2026-05-01T06:20:14.916+0000] {processor.py:914} INFO - Processing file /opt/airflow/dags/system_dag.py for tasks to queue
[2026-05-01T06:20:14.918+0000] {logging_mixin.py:190} INFO - [2026-05-01T06:20:14.917+0000] {dagbag.py:588} INFO - Filling up the DagBag from /opt/airflow/dags/system_dag.py
[2026-05-01T06:20:14.938+0000] {processor.py:925} INFO - DAG(s) 'system_dag' retrieved from /opt/airflow/dags/system_dag.py
[2026-05-01T06:20:14.974+0000] {logging_mixin.py:190} INFO - [2026-05-01T06:20:14.974+0000] {dag.py:3239} INFO - Sync 1 DAGs
[2026-05-01T06:20:15.004+0000] {logging_mixin.py:190} INFO - [2026-05-01T06:20:15.004+0000] {dag.py:4180} INFO - Setting next_dagrun for system_dag to 2026-04-30T00:00:00+00:00, run_after=2026-05-01T00:00:00+00:00
[2026-05-01T06:20:15.025+0000] {processor.py:208} INFO - Processing /opt/airflow/dags/system_dag.py took 0.115 seconds
[2026-05-01T06:20:48.173+0000] {processor.py:186} INFO - Started process (PID=147) to work on /opt/airflow/dags/system_dag.py
[2026-05-01T06:20:48.174+0000] {processor.py:914} INFO - Processing file /opt/airflow/dags/system_dag.py for tasks to queue
[2026-05-01T06:20:48.176+0000] {logging_mixin.py:190} INFO - [2026-05-01T06:20:48.176+0000] {dagbag.py:588} INFO - Filling up the DagBag from /opt/airflow/dags/system_dag.py
[2026-05-01T06:20:48.199+0000] {processor.py:925} INFO - DAG(s) 'system_dag' retrieved from /opt/airflow/dags/system_dag.py
[2026-05-01T06:20:48.239+0000] {logging_mixin.py:190} INFO - [2026-05-01T06:20:48.238+0000] {dag.py:3239} INFO - Sync 1 DAGs
[2026-05-01T06:20:48.264+0000] {logging_mixin.py:190} INFO - [2026-05-01T06:20:48.264+0000] {dag.py:4180} INFO - Setting next_dagrun for system_dag to 2026-04-30T00:00:00+00:00, run_after=2026-05-01T00:00:00+00:00
[2026-05-01T06:20:48.283+0000] {processor.py:208} INFO - Processing /opt/airflow/dags/system_dag.py took 0.118 seconds
[2026-05-01T06:21:20.558+0000] {processor.py:186} INFO - Started process (PID=151) to work on /opt/airflow/dags/system_dag.py
[2026-05-01T06:21:20.558+0000] {processor.py:914} INFO - Processing file /opt/airflow/dags/system_dag.py for tasks to queue
[2026-05-01T06:21:20.560+0000] {logging_mixin.py:190} INFO - [2026-05-01T06:21:20.559+0000] {dagbag.py:588} INFO - Filling up the DagBag from /opt/airflow/dags/system_dag.py
[2026-05-01T06:21:20.581+0000] {processor.py:925} INFO - DAG(s) 'system_dag' retrieved from /opt/airflow/dags/system_dag.py
[2026-05-01T06:21:20.629+0000] {logging_mixin.py:190} INFO - [2026-05-01T06:21:20.629+0000] {dag.py:3239} INFO - Sync 1 DAGs
[2026-05-01T06:21:20.670+0000] {logging_mixin.py:190} INFO - [2026-05-01T06:21:20.670+0000] {dag.py:4180} INFO - Setting next_dagrun for system_dag to 2026-04-30T00:00:00+00:00, run_after=2026-05-01T00:00:00+00:00
[2026-05-01T06:21:20.699+0000] {processor.py:208} INFO - Processing /opt/airflow/dags/system_dag.py took 0.150 seconds
[2026-05-01T06:21:53.197+0000] {processor.py:186} INFO - Started process (PID=155) to work on /opt/airflow/dags/system_dag.py
[2026-05-01T06:21:53.198+0000] {processor.py:914} INFO - Processing file /opt/airflow/dags/system_dag.py for tasks to queue
[2026-05-01T06:21:53.199+0000] {logging_mixin.py:190} INFO - [2026-05-01T06:21:53.199+0000] {dagbag.py:588} INFO - Filling up the DagBag from /opt/airflow/dags/system_dag.py
[2026-05-01T06:21:53.216+0000] {processor.py:925} INFO - DAG(s) 'system_dag' retrieved from /opt/airflow/dags/system_dag.py
[2026-05-01T06:21:53.253+0000] {logging_mixin.py:190} INFO - [2026-05-01T06:21:53.253+0000] {dag.py:3239} INFO - Sync 1 DAGs
[2026-05-01T06:21:53.281+0000] {logging_mixin.py:190} INFO - [2026-05-01T06:21:53.281+0000] {dag.py:4180} INFO - Setting next_dagrun for system_dag to 2026-04-30T00:00:00+00:00, run_after=2026-05-01T00:00:00+00:00
[2026-05-01T06:21:53.300+0000] {processor.py:208} INFO - Processing /opt/airflow/dags/system_dag.py took 0.108 seconds
[2026-05-01T06:22:26.432+0000] {processor.py:186} INFO - Started process (PID=159) to work on /opt/airflow/dags/system_dag.py
[2026-05-01T06:22:26.432+0000] {processor.py:914} INFO - Processing file /opt/airflow/dags/system_dag.py for tasks to queue
[2026-05-01T06:22:26.434+0000] {logging_mixin.py:190} INFO - [2026-05-01T06:22:26.433+0000] {dagbag.py:588} INFO - Filling up the DagBag from /opt/airflow/dags/system_dag.py
[2026-05-01T06:22:26.451+0000] {processor.py:925} INFO - DAG(s) 'system_dag' retrieved from /opt/airflow/dags/system_dag.py
[2026-05-01T06:22:26.483+0000] {logging_mixin.py:190} INFO - [2026-05-01T06:22:26.483+0000] {dag.py:3239} INFO - Sync 1 DAGs
[2026-05-01T06:22:26.509+0000] {logging_mixin.py:190} INFO - [2026-05-01T06:22:26.508+0000] {dag.py:4180} INFO - Setting next_dagrun for system_dag to 2026-04-30T00:00:00+00:00, run_after=2026-05-01T00:00:00+00:00
[2026-05-01T06:22:26.531+0000] {processor.py:208} INFO - Processing /opt/airflow/dags/system_dag.py took 0.106 seconds
[2026-05-01T06:22:58.756+0000] {processor.py:186} INFO - Started process (PID=163) to work on /opt/airflow/dags/system_dag.py
[2026-05-01T06:22:58.757+0000] {processor.py:914} INFO - Processing file /opt/airflow/dags/system_dag.py for tasks to queue
[2026-05-01T06:22:58.758+0000] {logging_mixin.py:190} INFO - [2026-05-01T06:22:58.758+0000] {dagbag.py:588} INFO - Filling up the DagBag from /opt/airflow/dags/system_dag.py
[2026-05-01T06:22:58.780+0000] {processor.py:925} INFO - DAG(s) 'system_dag' retrieved from /opt/airflow/dags/system_dag.py
[2026-05-01T06:22:58.823+0000] {logging_mixin.py:190} INFO - [2026-05-01T06:22:58.823+0000] {dag.py:3239} INFO - Sync 1 DAGs
[2026-05-01T06:22:58.861+0000] {logging_mixin.py:190} INFO - [2026-05-01T06:22:58.861+0000] {dag.py:4180} INFO - Setting next_dagrun for system_dag to 2026-04-30T00:00:00+00:00, run_after=2026-05-01T00:00:00+00:00
[2026-05-01T06:22:58.893+0000] {processor.py:208} INFO - Processing /opt/airflow/dags/system_dag.py took 0.147 seconds
[2026-05-01T06:23:32.096+0000] {processor.py:186} INFO - Started process (PID=167) to work on /opt/airflow/dags/system_dag.py
[2026-05-01T06:23:32.097+0000] {processor.py:914} INFO - Processing file /opt/airflow/dags/system_dag.py for tasks to queue
[2026-05-01T06:23:32.098+0000] {logging_mixin.py:190} INFO - [2026-05-01T06:23:32.098+0000] {dagbag.py:588} INFO - Filling up the DagBag from /opt/airflow/dags/system_dag.py
[2026-05-01T06:23:32.119+0000] {processor.py:925} INFO - DAG(s) 'system_dag' retrieved from /opt/airflow/dags/system_dag.py
[2026-05-01T06:23:32.164+0000] {logging_mixin.py:190} INFO - [2026-05-01T06:23:32.164+0000] {dag.py:3239} INFO - Sync 1 DAGs
[2026-05-01T06:23:32.196+0000] {logging_mixin.py:190} INFO - [2026-05-01T06:23:32.196+0000] {dag.py:4180} INFO - Setting next_dagrun for system_dag to 2026-04-30T00:00:00+00:00, run_after=2026-05-01T00:00:00+00:00
[2026-05-01T06:23:32.220+0000] {processor.py:208} INFO - Processing /opt/airflow/dags/system_dag.py took 0.130 seconds
[2026-05-01T06:24:04.485+0000] {processor.py:186} INFO - Started process (PID=171) to work on /opt/airflow/dags/system_dag.py
[2026-05-01T06:24:04.486+0000] {processor.py:914} INFO - Processing file /opt/airflow/dags/system_dag.py for tasks to queue
[2026-05-01T06:24:04.487+0000] {logging_mixin.py:190} INFO - [2026-05-01T06:24:04.487+0000] {dagbag.py:588} INFO - Filling up the DagBag from /opt/airflow/dags/system_dag.py
[2026-05-01T06:24:04.505+0000] {processor.py:925} INFO - DAG(s) 'system_dag' retrieved from /opt/airflow/dags/system_dag.py
[2026-05-01T06:24:04.539+0000] {logging_mixin.py:190} INFO - [2026-05-01T06:24:04.539+0000] {dag.py:3239} INFO - Sync 1 DAGs
[2026-05-01T06:24:04.564+0000] {logging_mixin.py:190} INFO - [2026-05-01T06:24:04.564+0000] {dag.py:4180} INFO - Setting next_dagrun for system_dag to 2026-04-30T00:00:00+00:00, run_after=2026-05-01T00:00:00+00:00
[2026-05-01T06:24:04.584+0000] {processor.py:208} INFO - Processing /opt/airflow/dags/system_dag.py took 0.107 seconds
[2026-05-01T06:24:36.755+0000] {processor.py:186} INFO - Started process (PID=175) to work on /opt/airflow/dags/system_dag.py
[2026-05-01T06:24:36.755+0000] {processor.py:914} INFO - Processing file /opt/airflow/dags/system_dag.py for tasks to queue
[2026-05-01T06:24:36.756+0000] {logging_mixin.py:190} INFO - [2026-05-01T06:24:36.756+0000] {dagbag.py:588} INFO - Filling up the DagBag from /opt/airflow/dags/system_dag.py
[2026-05-01T06:24:36.777+0000] {processor.py:925} INFO - DAG(s) 'system_dag' retrieved from /opt/airflow/dags/system_dag.py
[2026-05-01T06:24:36.816+0000] {logging_mixin.py:190} INFO - [2026-05-01T06:24:36.816+0000] {dag.py:3239} INFO - Sync 1 DAGs
[2026-05-01T06:24:36.843+0000] {logging_mixin.py:190} INFO - [2026-05-01T06:24:36.842+0000] {dag.py:4180} INFO - Setting next_dagrun for system_dag to 2026-04-30T00:00:00+00:00, run_after=2026-05-01T00:00:00+00:00
[2026-05-01T06:24:36.862+0000] {processor.py:208} INFO - Processing /opt/airflow/dags/system_dag.py took 0.114 seconds
[2026-05-01T06:25:10.068+0000] {processor.py:186} INFO - Started process (PID=179) to work on /opt/airflow/dags/system_dag.py
[2026-05-01T06:25:10.069+0000] {processor.py:914} INFO - Processing file /opt/airflow/dags/system_dag.py for tasks to queue
[2026-05-01T06:25:10.070+0000] {logging_mixin.py:190} INFO - [2026-05-01T06:25:10.070+0000] {dagbag.py:588} INFO - Filling up the DagBag from /opt/airflow/dags/system_dag.py
[2026-05-01T06:25:10.091+0000] {processor.py:925} INFO - DAG(s) 'system_dag' retrieved from /opt/airflow/dags/system_dag.py
[2026-05-01T06:25:10.140+0000] {logging_mixin.py:190} INFO - [2026-05-01T06:25:10.139+0000] {dag.py:3239} INFO - Sync 1 DAGs
[2026-05-01T06:25:10.171+0000] {logging_mixin.py:190} INFO - [2026-05-01T06:25:10.171+0000] {dag.py:4180} INFO - Setting next_dagrun for system_dag to 2026-04-30T00:00:00+00:00, run_after=2026-05-01T00:00:00+00:00
[2026-05-01T06:25:10.196+0000] {processor.py:208} INFO - Processing /opt/airflow/dags/system_dag.py took 0.135 seconds
[2026-05-01T06:25:42.356+0000] {processor.py:186} INFO - Started process (PID=183) to work on /opt/airflow/dags/system_dag.py
[2026-05-01T06:25:42.357+0000] {processor.py:914} INFO - Processing file /opt/airflow/dags/system_dag.py for tasks to queue
[2026-05-01T06:25:42.358+0000] {logging_mixin.py:190} INFO - [2026-05-01T06:25:42.358+0000] {dagbag.py:588} INFO - Filling up the DagBag from /opt/airflow/dags/system_dag.py
[2026-05-01T06:25:42.375+0000] {processor.py:925} INFO - DAG(s) 'system_dag' retrieved from /opt/airflow/dags/system_dag.py
[2026-05-01T06:25:42.406+0000] {logging_mixin.py:190} INFO - [2026-05-01T06:25:42.405+0000] {dag.py:3239} INFO - Sync 1 DAGs
[2026-05-01T06:25:42.432+0000] {logging_mixin.py:190} INFO - [2026-05-01T06:25:42.432+0000] {dag.py:4180} INFO - Setting next_dagrun for system_dag to 2026-04-30T00:00:00+00:00, run_after=2026-05-01T00:00:00+00:00
[2026-05-01T06:25:42.459+0000] {processor.py:208} INFO - Processing /opt/airflow/dags/system_dag.py took 0.109 seconds
[2026-05-01T06:26:15.647+0000] {processor.py:186} INFO - Started process (PID=187) to work on /opt/airflow/dags/system_dag.py
[2026-05-01T06:26:15.648+0000] {processor.py:914} INFO - Processing file /opt/airflow/dags/system_dag.py for tasks to queue
[2026-05-01T06:26:15.649+0000] {logging_mixin.py:190} INFO - [2026-05-01T06:26:15.649+0000] {dagbag.py:588} INFO - Filling up the DagBag from /opt/airflow/dags/system_dag.py
[2026-05-01T06:26:15.665+0000] {processor.py:925} INFO - DAG(s) 'system_dag' retrieved from /opt/airflow/dags/system_dag.py
[2026-05-01T06:26:15.699+0000] {logging_mixin.py:190} INFO - [2026-05-01T06:26:15.699+0000] {dag.py:3239} INFO - Sync 1 DAGs
[2026-05-01T06:26:15.726+0000] {logging_mixin.py:190} INFO - [2026-05-01T06:26:15.725+0000] {dag.py:4180} INFO - Setting next_dagrun for system_dag to 2026-04-30T00:00:00+00:00, run_after=2026-05-01T00:00:00+00:00
[2026-05-01T06:26:15.746+0000] {processor.py:208} INFO - Processing /opt/airflow/dags/system_dag.py took 0.105 seconds
[2026-05-01T06:26:47.888+0000] {processor.py:186} INFO - Started process (PID=191) to work on /opt/airflow/dags/system_dag.py
[2026-05-01T06:26:47.889+0000] {processor.py:914} INFO - Processing file /opt/airflow/dags/system_dag.py for tasks to queue
[2026-05-01T06:26:47.892+0000] {logging_mixin.py:190} INFO - [2026-05-01T06:26:47.892+0000] {dagbag.py:588} INFO - Filling up the DagBag from /opt/airflow/dags/system_dag.py
[2026-05-01T06:26:47.916+0000] {processor.py:925} INFO - DAG(s) 'system_dag' retrieved from /opt/airflow/dags/system_dag.py
[2026-05-01T06:26:47.962+0000] {logging_mixin.py:190} INFO - [2026-05-01T06:26:47.961+0000] {dag.py:3239} INFO - Sync 1 DAGs
[2026-05-01T06:26:48.001+0000] {logging_mixin.py:190} INFO - [2026-05-01T06:26:48.001+0000] {dag.py:4180} INFO - Setting next_dagrun for system_dag to 2026-04-30T00:00:00+00:00, run_after=2026-05-01T00:00:00+00:00
[2026-05-01T06:26:48.033+0000] {processor.py:208} INFO - Processing /opt/airflow/dags/system_dag.py took 0.152 seconds
[2026-05-01T06:27:20.519+0000] {processor.py:186} INFO - Started process (PID=195) to work on /opt/airflow/dags/system_dag.py
[2026-05-01T06:27:20.520+0000] {processor.py:914} INFO - Processing file /opt/airflow/dags/system_dag.py for tasks to queue
[2026-05-01T06:27:20.522+0000] {logging_mixin.py:190} INFO - [2026-05-01T06:27:20.521+0000] {dagbag.py:588} INFO - Filling up the DagBag from /opt/airflow/dags/system_dag.py
[2026-05-01T06:27:20.547+0000] {processor.py:925} INFO - DAG(s) 'system_dag' retrieved from /opt/airflow/dags/system_dag.py
[2026-05-01T06:27:20.592+0000] {logging_mixin.py:190} INFO - [2026-05-01T06:27:20.591+0000] {dag.py:3239} INFO - Sync 1 DAGs
[2026-05-01T06:27:20.621+0000] {logging_mixin.py:190} INFO - [2026-05-01T06:27:20.621+0000] {dag.py:4180} INFO - Setting next_dagrun for system_dag to 2026-04-30T00:00:00+00:00, run_after=2026-05-01T00:00:00+00:00
[2026-05-01T06:27:20.644+0000] {processor.py:208} INFO - Processing /opt/airflow/dags/system_dag.py took 0.133 seconds
[2026-05-01T06:27:53.861+0000] {processor.py:186} INFO - Started process (PID=199) to work on /opt/airflow/dags/system_dag.py
[2026-05-01T06:27:53.862+0000] {processor.py:914} INFO - Processing file /opt/airflow/dags/system_dag.py for tasks to queue
[2026-05-01T06:27:53.863+0000] {logging_mixin.py:190} INFO - [2026-05-01T06:27:53.863+0000] {dagbag.py:588} INFO - Filling up the DagBag from /opt/airflow/dags/system_dag.py
[2026-05-01T06:27:53.880+0000] {processor.py:925} INFO - DAG(s) 'system_dag' retrieved from /opt/airflow/dags/system_dag.py
[2026-05-01T06:27:53.912+0000] {logging_mixin.py:190} INFO - [2026-05-01T06:27:53.912+0000] {dag.py:3239} INFO - Sync 1 DAGs
[2026-05-01T06:27:53.940+0000] {logging_mixin.py:190} INFO - [2026-05-01T06:27:53.939+0000] {dag.py:4180} INFO - Setting next_dagrun for system_dag to 2026-04-30T00:00:00+00:00, run_after=2026-05-01T00:00:00+00:00
[2026-05-01T06:27:53.959+0000] {processor.py:208} INFO - Processing /opt/airflow/dags/system_dag.py took 0.103 seconds
[2026-05-01T06:28:26.137+0000] {processor.py:186} INFO - Started process (PID=203) to work on /opt/airflow/dags/system_dag.py
[2026-05-01T06:28:26.138+0000] {processor.py:914} INFO - Processing file /opt/airflow/dags/system_dag.py for tasks to queue
[2026-05-01T06:28:26.140+0000] {logging_mixin.py:190} INFO - [2026-05-01T06:28:26.140+0000] {dagbag.py:588} INFO - Filling up the DagBag from /opt/airflow/dags/system_dag.py
[2026-05-01T06:28:26.157+0000] {processor.py:925} INFO - DAG(s) 'system_dag' retrieved from /opt/airflow/dags/system_dag.py
[2026-05-01T06:28:26.191+0000] {logging_mixin.py:190} INFO - [2026-05-01T06:28:26.191+0000] {dag.py:3239} INFO - Sync 1 DAGs
[2026-05-01T06:28:26.218+0000] {logging_mixin.py:190} INFO - [2026-05-01T06:28:26.218+0000] {dag.py:4180} INFO - Setting next_dagrun for system_dag to 2026-04-30T00:00:00+00:00, run_after=2026-05-01T00:00:00+00:00
[2026-05-01T06:28:26.243+0000] {processor.py:208} INFO - Processing /opt/airflow/dags/system_dag.py took 0.112 seconds
[2026-05-01T06:28:58.682+0000] {processor.py:186} INFO - Started process (PID=207) to work on /opt/airflow/dags/system_dag.py
[2026-05-01T06:28:58.684+0000] {processor.py:914} INFO - Processing file /opt/airflow/dags/system_dag.py for tasks to queue
[2026-05-01T06:28:58.685+0000] {logging_mixin.py:190} INFO - [2026-05-01T06:28:58.685+0000] {dagbag.py:588} INFO - Filling up the DagBag from /opt/airflow/dags/system_dag.py
[2026-05-01T06:28:58.707+0000] {processor.py:925} INFO - DAG(s) 'system_dag' retrieved from /opt/airflow/dags/system_dag.py
[2026-05-01T06:28:58.746+0000] {logging_mixin.py:190} INFO - [2026-05-01T06:28:58.746+0000] {dag.py:3239} INFO - Sync 1 DAGs
[2026-05-01T06:28:58.783+0000] {logging_mixin.py:190} INFO - [2026-05-01T06:28:58.783+0000] {dag.py:4180} INFO - Setting next_dagrun for system_dag to 2026-04-30T00:00:00+00:00, run_after=2026-05-01T00:00:00+00:00
[2026-05-01T06:28:58.812+0000] {processor.py:208} INFO - Processing /opt/airflow/dags/system_dag.py took 0.139 seconds
[2026-05-01T06:29:32.445+0000] {processor.py:186} INFO - Started process (PID=211) to work on /opt/airflow/dags/system_dag.py
[2026-05-01T06:29:32.446+0000] {processor.py:914} INFO - Processing file /opt/airflow/dags/system_dag.py for tasks to queue
[2026-05-01T06:29:32.449+0000] {logging_mixin.py:190} INFO - [2026-05-01T06:29:32.449+0000] {dagbag.py:588} INFO - Filling up the DagBag from /opt/airflow/dags/system_dag.py
[2026-05-01T06:29:32.473+0000] {processor.py:925} INFO - DAG(s) 'system_dag' retrieved from /opt/airflow/dags/system_dag.py
[2026-05-01T06:29:32.512+0000] {logging_mixin.py:190} INFO - [2026-05-01T06:29:32.512+0000] {dag.py:3239} INFO - Sync 1 DAGs
[2026-05-01T06:29:32.544+0000] {logging_mixin.py:190} INFO - [2026-05-01T06:29:32.543+0000] {dag.py:4180} INFO - Setting next_dagrun for system_dag to 2026-04-30T00:00:00+00:00, run_after=2026-05-01T00:00:00+00:00
[2026-05-01T06:29:32.566+0000] {processor.py:208} INFO - Processing /opt/airflow/dags/system_dag.py took 0.135 seconds
[2026-05-01T06:30:04.789+0000] {processor.py:186} INFO - Started process (PID=215) to work on /opt/airflow/dags/system_dag.py
[2026-05-01T06:30:04.790+0000] {processor.py:914} INFO - Processing file /opt/airflow/dags/system_dag.py for tasks to queue
[2026-05-01T06:30:04.793+0000] {logging_mixin.py:190} INFO - [2026-05-01T06:30:04.792+0000] {dagbag.py:588} INFO - Filling up the DagBag from /opt/airflow/dags/system_dag.py
[2026-05-01T06:30:04.816+0000] {processor.py:925} INFO - DAG(s) 'system_dag' retrieved from /opt/airflow/dags/system_dag.py
[2026-05-01T06:30:04.862+0000] {logging_mixin.py:190} INFO - [2026-05-01T06:30:04.862+0000] {dag.py:3239} INFO - Sync 1 DAGs
[2026-05-01T06:30:04.904+0000] {logging_mixin.py:190} INFO - [2026-05-01T06:30:04.904+0000] {dag.py:4180} INFO - Setting next_dagrun for system_dag to 2026-04-30T00:00:00+00:00, run_after=2026-05-01T00:00:00+00:00
[2026-05-01T06:30:04.935+0000] {processor.py:208} INFO - Processing /opt/airflow/dags/system_dag.py took 0.156 seconds
[2026-05-01T06:30:37.199+0000] {processor.py:186} INFO - Started process (PID=219) to work on /opt/airflow/dags/system_dag.py
[2026-05-01T06:30:37.200+0000] {processor.py:914} INFO - Processing file /opt/airflow/dags/system_dag.py for tasks to queue
[2026-05-01T06:30:37.202+0000] {logging_mixin.py:190} INFO - [2026-05-01T06:30:37.201+0000] {dagbag.py:588} INFO - Filling up the DagBag from /opt/airflow/dags/system_dag.py
[2026-05-01T06:30:37.231+0000] {processor.py:925} INFO - DAG(s) 'system_dag' retrieved from /opt/airflow/dags/system_dag.py
[2026-05-01T06:30:37.299+0000] {logging_mixin.py:190} INFO - [2026-05-01T06:30:37.299+0000] {dag.py:3239} INFO - Sync 1 DAGs
[2026-05-01T06:30:37.344+0000] {logging_mixin.py:190} INFO - [2026-05-01T06:30:37.343+0000] {dag.py:4180} INFO - Setting next_dagrun for system_dag to 2026-04-30T00:00:00+00:00, run_after=2026-05-01T00:00:00+00:00
[2026-05-01T06:30:37.380+0000] {processor.py:208} INFO - Processing /opt/airflow/dags/system_dag.py took 0.189 seconds
[2026-05-01T06:31:09.572+0000] {processor.py:186} INFO - Started process (PID=223) to work on /opt/airflow/dags/system_dag.py
[2026-05-01T06:31:09.573+0000] {processor.py:914} INFO - Processing file /opt/airflow/dags/system_dag.py for tasks to queue
[2026-05-01T06:31:09.574+0000] {logging_mixin.py:190} INFO - [2026-05-01T06:31:09.574+0000] {dagbag.py:588} INFO - Filling up the DagBag from /opt/airflow/dags/system_dag.py
[2026-05-01T06:31:09.592+0000] {processor.py:925} INFO - DAG(s) 'system_dag' retrieved from /opt/airflow/dags/system_dag.py
[2026-05-01T06:31:09.633+0000] {logging_mixin.py:190} INFO - [2026-05-01T06:31:09.632+0000] {dag.py:3239} INFO - Sync 1 DAGs
[2026-05-01T06:31:09.666+0000] {logging_mixin.py:190} INFO - [2026-05-01T06:31:09.665+0000] {dag.py:4180} INFO - Setting next_dagrun for system_dag to 2026-04-30T00:00:00+00:00, run_after=2026-05-01T00:00:00+00:00
[2026-05-01T06:31:09.692+0000] {processor.py:208} INFO - Processing /opt/airflow/dags/system_dag.py took 0.128 seconds
[2026-05-01T06:31:43.003+0000] {processor.py:186} INFO - Started process (PID=227) to work on /opt/airflow/dags/system_dag.py
[2026-05-01T06:31:43.004+0000] {processor.py:914} INFO - Processing file /opt/airflow/dags/system_dag.py for tasks to queue
[2026-05-01T06:31:43.006+0000] {logging_mixin.py:190} INFO - [2026-05-01T06:31:43.005+0000] {dagbag.py:588} INFO - Filling up the DagBag from /opt/airflow/dags/system_dag.py
[2026-05-01T06:31:43.026+0000] {processor.py:925} INFO - DAG(s) 'system_dag' retrieved from /opt/airflow/dags/system_dag.py
[2026-05-01T06:31:43.092+0000] {logging_mixin.py:190} INFO - [2026-05-01T06:31:43.091+0000] {dag.py:3239} INFO - Sync 1 DAGs
[2026-05-01T06:31:43.164+0000] {logging_mixin.py:190} INFO - [2026-05-01T06:31:43.163+0000] {dag.py:4180} INFO - Setting next_dagrun for system_dag to 2026-04-30T00:00:00+00:00, run_after=2026-05-01T00:00:00+00:00
[2026-05-01T06:31:43.225+0000] {processor.py:208} INFO - Processing /opt/airflow/dags/system_dag.py took 0.229 seconds
[2026-05-01T06:32:15.511+0000] {processor.py:186} INFO - Started process (PID=231) to work on /opt/airflow/dags/system_dag.py
[2026-05-01T06:32:15.512+0000] {processor.py:914} INFO - Processing file /opt/airflow/dags/system_dag.py for tasks to queue
[2026-05-01T06:32:15.513+0000] {logging_mixin.py:190} INFO - [2026-05-01T06:32:15.513+0000] {dagbag.py:588} INFO - Filling up the DagBag from /opt/airflow/dags/system_dag.py
[2026-05-01T06:32:15.534+0000] {processor.py:925} INFO - DAG(s) 'system_dag' retrieved from /opt/airflow/dags/system_dag.py
[2026-05-01T06:32:15.580+0000] {logging_mixin.py:190} INFO - [2026-05-01T06:32:15.580+0000] {dag.py:3239} INFO - Sync 1 DAGs
[2026-05-01T06:32:15.610+0000] {logging_mixin.py:190} INFO - [2026-05-01T06:32:15.610+0000] {dag.py:4180} INFO - Setting next_dagrun for system_dag to 2026-04-30T00:00:00+00:00, run_after=2026-05-01T00:00:00+00:00
[2026-05-01T06:32:15.637+0000] {processor.py:208} INFO - Processing /opt/airflow/dags/system_dag.py took 0.133 seconds
[2026-05-01T06:32:48.087+0000] {processor.py:186} INFO - Started process (PID=235) to work on /opt/airflow/dags/system_dag.py
[2026-05-01T06:32:48.088+0000] {processor.py:914} INFO - Processing file /opt/airflow/dags/system_dag.py for tasks to queue
[2026-05-01T06:32:48.090+0000] {logging_mixin.py:190} INFO - [2026-05-01T06:32:48.089+0000] {dagbag.py:588} INFO - Filling up the DagBag from /opt/airflow/dags/system_dag.py
[2026-05-01T06:32:48.159+0000] {processor.py:925} INFO - DAG(s) 'system_dag' retrieved from /opt/airflow/dags/system_dag.py
[2026-05-01T06:32:48.263+0000] {logging_mixin.py:190} INFO - [2026-05-01T06:32:48.262+0000] {dag.py:3239} INFO - Sync 1 DAGs
[2026-05-01T06:32:48.347+0000] {logging_mixin.py:190} INFO - [2026-05-01T06:32:48.346+0000] {dag.py:4180} INFO - Setting next_dagrun for system_dag to 2026-04-30T00:00:00+00:00, run_after=2026-05-01T00:00:00+00:00
[2026-05-01T06:32:48.404+0000] {processor.py:208} INFO - Processing /opt/airflow/dags/system_dag.py took 0.328 seconds
[2026-05-01T06:33:20.656+0000] {processor.py:186} INFO - Started process (PID=239) to work on /opt/airflow/dags/system_dag.py
[2026-05-01T06:33:20.657+0000] {processor.py:914} INFO - Processing file /opt/airflow/dags/system_dag.py for tasks to queue
[2026-05-01T06:33:20.658+0000] {logging_mixin.py:190} INFO - [2026-05-01T06:33:20.658+0000] {dagbag.py:588} INFO - Filling up the DagBag from /opt/airflow/dags/system_dag.py
[2026-05-01T06:33:20.682+0000] {processor.py:925} INFO - DAG(s) 'system_dag' retrieved from /opt/airflow/dags/system_dag.py
[2026-05-01T06:33:20.754+0000] {logging_mixin.py:190} INFO - [2026-05-01T06:33:20.754+0000] {dag.py:3239} INFO - Sync 1 DAGs
[2026-05-01T06:33:20.799+0000] {logging_mixin.py:190} INFO - [2026-05-01T06:33:20.798+0000] {dag.py:4180} INFO - Setting next_dagrun for system_dag to 2026-04-30T00:00:00+00:00, run_after=2026-05-01T00:00:00+00:00
[2026-05-01T06:33:20.833+0000] {processor.py:208} INFO - Processing /opt/airflow/dags/system_dag.py took 0.185 seconds
[2026-05-01T06:33:53.105+0000] {processor.py:186} INFO - Started process (PID=243) to work on /opt/airflow/dags/system_dag.py
[2026-05-01T06:33:53.106+0000] {processor.py:914} INFO - Processing file /opt/airflow/dags/system_dag.py for tasks to queue
[2026-05-01T06:33:53.107+0000] {logging_mixin.py:190} INFO - [2026-05-01T06:33:53.107+0000] {dagbag.py:588} INFO - Filling up the DagBag from /opt/airflow/dags/system_dag.py
[2026-05-01T06:33:53.129+0000] {processor.py:925} INFO - DAG(s) 'system_dag' retrieved from /opt/airflow/dags/system_dag.py
[2026-05-01T06:33:53.175+0000] {logging_mixin.py:190} INFO - [2026-05-01T06:33:53.175+0000] {dag.py:3239} INFO - Sync 1 DAGs
[2026-05-01T06:33:53.208+0000] {logging_mixin.py:190} INFO - [2026-05-01T06:33:53.208+0000] {dag.py:4180} INFO - Setting next_dagrun for system_dag to 2026-04-30T00:00:00+00:00, run_after=2026-05-01T00:00:00+00:00
[2026-05-01T06:33:53.233+0000] {processor.py:208} INFO - Processing /opt/airflow/dags/system_dag.py took 0.134 seconds
[2026-05-01T06:34:26.526+0000] {processor.py:186} INFO - Started process (PID=247) to work on /opt/airflow/dags/system_dag.py
[2026-05-01T06:34:26.527+0000] {processor.py:914} INFO - Processing file /opt/airflow/dags/system_dag.py for tasks to queue
[2026-05-01T06:34:26.531+0000] {logging_mixin.py:190} INFO - [2026-05-01T06:34:26.530+0000] {dagbag.py:588} INFO - Filling up the DagBag from /opt/airflow/dags/system_dag.py
[2026-05-01T06:34:26.556+0000] {processor.py:925} INFO - DAG(s) 'system_dag' retrieved from /opt/airflow/dags/system_dag.py
[2026-05-01T06:34:26.616+0000] {logging_mixin.py:190} INFO - [2026-05-01T06:34:26.615+0000] {dag.py:3239} INFO - Sync 1 DAGs
[2026-05-01T06:34:26.666+0000] {logging_mixin.py:190} INFO - [2026-05-01T06:34:26.666+0000] {dag.py:4180} INFO - Setting next_dagrun for system_dag to 2026-04-30T00:00:00+00:00, run_after=2026-05-01T00:00:00+00:00
[2026-05-01T06:34:26.703+0000] {processor.py:208} INFO - Processing /opt/airflow/dags/system_dag.py took 0.185 seconds
[2026-05-01T06:34:59.118+0000] {processor.py:186} INFO - Started process (PID=251) to work on /opt/airflow/dags/system_dag.py
[2026-05-01T06:34:59.119+0000] {processor.py:914} INFO - Processing file /opt/airflow/dags/system_dag.py for tasks to queue
[2026-05-01T06:34:59.121+0000] {logging_mixin.py:190} INFO - [2026-05-01T06:34:59.120+0000] {dagbag.py:588} INFO - Filling up the DagBag from /opt/airflow/dags/system_dag.py
[2026-05-01T06:34:59.152+0000] {processor.py:925} INFO - DAG(s) 'system_dag' retrieved from /opt/airflow/dags/system_dag.py
[2026-05-01T06:34:59.205+0000] {logging_mixin.py:190} INFO - [2026-05-01T06:34:59.205+0000] {dag.py:3239} INFO - Sync 1 DAGs
[2026-05-01T06:34:59.243+0000] {logging_mixin.py:190} INFO - [2026-05-01T06:34:59.243+0000] {dag.py:4180} INFO - Setting next_dagrun for system_dag to 2026-04-30T00:00:00+00:00, run_after=2026-05-01T00:00:00+00:00
[2026-05-01T06:34:59.281+0000] {processor.py:208} INFO - Processing /opt/airflow/dags/system_dag.py took 0.170 seconds
[2026-05-01T06:35:31.523+0000] {processor.py:186} INFO - Started process (PID=255) to work on /opt/airflow/dags/system_dag.py
[2026-05-01T06:35:31.524+0000] {processor.py:914} INFO - Processing file /opt/airflow/dags/system_dag.py for tasks to queue
[2026-05-01T06:35:31.526+0000] {logging_mixin.py:190} INFO - [2026-05-01T06:35:31.525+0000] {dagbag.py:588} INFO - Filling up the DagBag from /opt/airflow/dags/system_dag.py
[2026-05-01T06:35:31.559+0000] {processor.py:925} INFO - DAG(s) 'system_dag' retrieved from /opt/airflow/dags/system_dag.py
[2026-05-01T06:35:31.602+0000] {logging_mixin.py:190} INFO - [2026-05-01T06:35:31.601+0000] {dag.py:3239} INFO - Sync 1 DAGs
[2026-05-01T06:35:31.633+0000] {logging_mixin.py:190} INFO - [2026-05-01T06:35:31.632+0000] {dag.py:4180} INFO - Setting next_dagrun for system_dag to 2026-04-30T00:00:00+00:00, run_after=2026-05-01T00:00:00+00:00
[2026-05-01T06:35:31.661+0000] {processor.py:208} INFO - Processing /opt/airflow/dags/system_dag.py took 0.152 seconds
[2026-05-01T06:36:04.083+0000] {processor.py:186} INFO - Started process (PID=259) to work on /opt/airflow/dags/system_dag.py
[2026-05-01T06:36:04.084+0000] {processor.py:914} INFO - Processing file /opt/airflow/dags/system_dag.py for tasks to queue
[2026-05-01T06:36:04.086+0000] {logging_mixin.py:190} INFO - [2026-05-01T06:36:04.085+0000] {dagbag.py:588} INFO - Filling up the DagBag from /opt/airflow/dags/system_dag.py
[2026-05-01T06:36:04.107+0000] {processor.py:925} INFO - DAG(s) 'system_dag' retrieved from /opt/airflow/dags/system_dag.py
[2026-05-01T06:36:04.147+0000] {logging_mixin.py:190} INFO - [2026-05-01T06:36:04.147+0000] {dag.py:3239} INFO - Sync 1 DAGs
[2026-05-01T06:36:04.196+0000] {logging_mixin.py:190} INFO - [2026-05-01T06:36:04.195+0000] {dag.py:4180} INFO - Setting next_dagrun for system_dag to 2026-04-30T00:00:00+00:00, run_after=2026-05-01T00:00:00+00:00
[2026-05-01T06:36:04.222+0000] {processor.py:208} INFO - Processing /opt/airflow/dags/system_dag.py took 0.147 seconds
[2026-05-01T06:36:37.642+0000] {processor.py:186} INFO - Started process (PID=263) to work on /opt/airflow/dags/system_dag.py
[2026-05-01T06:36:37.643+0000] {processor.py:914} INFO - Processing file /opt/airflow/dags/system_dag.py for tasks to queue
[2026-05-01T06:36:37.646+0000] {logging_mixin.py:190} INFO - [2026-05-01T06:36:37.645+0000] {dagbag.py:588} INFO - Filling up the DagBag from /opt/airflow/dags/system_dag.py
[2026-05-01T06:36:37.685+0000] {processor.py:925} INFO - DAG(s) 'system_dag' retrieved from /opt/airflow/dags/system_dag.py
[2026-05-01T06:36:37.760+0000] {logging_mixin.py:190} INFO - [2026-05-01T06:36:37.760+0000] {dag.py:3239} INFO - Sync 1 DAGs
[2026-05-01T06:36:37.935+0000] {logging_mixin.py:190} INFO - [2026-05-01T06:36:37.935+0000] {dag.py:4180} INFO - Setting next_dagrun for system_dag to 2026-04-30T00:00:00+00:00, run_after=2026-05-01T00:00:00+00:00
[2026-05-01T06:36:37.987+0000] {processor.py:208} INFO - Processing /opt/airflow/dags/system_dag.py took 0.361 seconds
[2026-05-01T06:37:10.395+0000] {processor.py:186} INFO - Started process (PID=267) to work on /opt/airflow/dags/system_dag.py
[2026-05-01T06:37:10.396+0000] {processor.py:914} INFO - Processing file /opt/airflow/dags/system_dag.py for tasks to queue
[2026-05-01T06:37:10.398+0000] {logging_mixin.py:190} INFO - [2026-05-01T06:37:10.398+0000] {dagbag.py:588} INFO - Filling up the DagBag from /opt/airflow/dags/system_dag.py
[2026-05-01T06:37:10.424+0000] {processor.py:925} INFO - DAG(s) 'system_dag' retrieved from /opt/airflow/dags/system_dag.py
[2026-05-01T06:37:10.466+0000] {logging_mixin.py:190} INFO - [2026-05-01T06:37:10.466+0000] {dag.py:3239} INFO - Sync 1 DAGs
[2026-05-01T06:37:10.502+0000] {logging_mixin.py:190} INFO - [2026-05-01T06:37:10.501+0000] {dag.py:4180} INFO - Setting next_dagrun for system_dag to 2026-04-30T00:00:00+00:00, run_after=2026-05-01T00:00:00+00:00
[2026-05-01T06:37:10.527+0000] {processor.py:208} INFO - Processing /opt/airflow/dags/system_dag.py took 0.143 seconds
[2026-05-01T06:37:42.970+0000] {processor.py:186} INFO - Started process (PID=271) to work on /opt/airflow/dags/system_dag.py
[2026-05-01T06:37:42.971+0000] {processor.py:914} INFO - Processing file /opt/airflow/dags/system_dag.py for tasks to queue
[2026-05-01T06:37:42.973+0000] {logging_mixin.py:190} INFO - [2026-05-01T06:37:42.973+0000] {dagbag.py:588} INFO - Filling up the DagBag from /opt/airflow/dags/system_dag.py
[2026-05-01T06:37:42.993+0000] {processor.py:925} INFO - DAG(s) 'system_dag' retrieved from /opt/airflow/dags/system_dag.py
[2026-05-01T06:37:43.062+0000] {logging_mixin.py:190} INFO - [2026-05-01T06:37:43.062+0000] {dag.py:3239} INFO - Sync 1 DAGs
[2026-05-01T06:37:43.155+0000] {logging_mixin.py:190} INFO - [2026-05-01T06:37:43.154+0000] {dag.py:4180} INFO - Setting next_dagrun for system_dag to 2026-04-30T00:00:00+00:00, run_after=2026-05-01T00:00:00+00:00
[2026-05-01T06:37:43.212+0000] {processor.py:208} INFO - Processing /opt/airflow/dags/system_dag.py took 0.249 seconds
[2026-05-01T06:38:16.777+0000] {processor.py:186} INFO - Started process (PID=275) to work on /opt/airflow/dags/system_dag.py
[2026-05-01T06:38:16.778+0000] {processor.py:914} INFO - Processing file /opt/airflow/dags/system_dag.py for tasks to queue
[2026-05-01T06:38:16.780+0000] {logging_mixin.py:190} INFO - [2026-05-01T06:38:16.780+0000] {dagbag.py:588} INFO - Filling up the DagBag from /opt/airflow/dags/system_dag.py
[2026-05-01T06:38:16.817+0000] {processor.py:925} INFO - DAG(s) 'system_dag' retrieved from /opt/airflow/dags/system_dag.py
[2026-05-01T06:38:16.918+0000] {logging_mixin.py:190} INFO - [2026-05-01T06:38:16.917+0000] {dag.py:3239} INFO - Sync 1 DAGs
[2026-05-01T06:38:17.001+0000] {logging_mixin.py:190} INFO - [2026-05-01T06:38:17.001+0000] {dag.py:4180} INFO - Setting next_dagrun for system_dag to 2026-04-30T00:00:00+00:00, run_after=2026-05-01T00:00:00+00:00
[2026-05-01T06:38:17.067+0000] {processor.py:208} INFO - Processing /opt/airflow/dags/system_dag.py took 0.302 seconds
[2026-05-01T06:38:48.374+0000] {processor.py:186} INFO - Started process (PID=279) to work on /opt/airflow/dags/system_dag.py
[2026-05-01T06:38:48.375+0000] {processor.py:914} INFO - Processing file /opt/airflow/dags/system_dag.py for tasks to queue
[2026-05-01T06:38:48.376+0000] {logging_mixin.py:190} INFO - [2026-05-01T06:38:48.376+0000] {dagbag.py:588} INFO - Filling up the DagBag from /opt/airflow/dags/system_dag.py
[2026-05-01T06:38:48.398+0000] {processor.py:925} INFO - DAG(s) 'system_dag' retrieved from /opt/airflow/dags/system_dag.py
[2026-05-01T06:38:48.437+0000] {logging_mixin.py:190} INFO - [2026-05-01T06:38:48.437+0000] {dag.py:3239} INFO - Sync 1 DAGs
[2026-05-01T06:38:48.473+0000] {logging_mixin.py:190} INFO - [2026-05-01T06:38:48.473+0000] {dag.py:4180} INFO - Setting next_dagrun for system_dag to 2026-04-30T00:00:00+00:00, run_after=2026-05-01T00:00:00+00:00
[2026-05-01T06:38:48.502+0000] {processor.py:208} INFO - Processing /opt/airflow/dags/system_dag.py took 0.135 seconds
[2026-05-01T06:39:20.716+0000] {processor.py:186} INFO - Started process (PID=283) to work on /opt/airflow/dags/system_dag.py
[2026-05-01T06:39:20.717+0000] {processor.py:914} INFO - Processing file /opt/airflow/dags/system_dag.py for tasks to queue
[2026-05-01T06:39:20.718+0000] {logging_mixin.py:190} INFO - [2026-05-01T06:39:20.718+0000] {dagbag.py:588} INFO - Filling up the DagBag from /opt/airflow/dags/system_dag.py
[2026-05-01T06:39:20.737+0000] {processor.py:925} INFO - DAG(s) 'system_dag' retrieved from /opt/airflow/dags/system_dag.py
[2026-05-01T06:39:20.775+0000] {logging_mixin.py:190} INFO - [2026-05-01T06:39:20.775+0000] {dag.py:3239} INFO - Sync 1 DAGs
[2026-05-01T06:39:20.806+0000] {logging_mixin.py:190} INFO - [2026-05-01T06:39:20.806+0000] {dag.py:4180} INFO - Setting next_dagrun for system_dag to 2026-04-30T00:00:00+00:00, run_after=2026-05-01T00:00:00+00:00
[2026-05-01T06:39:20.827+0000] {processor.py:208} INFO - Processing /opt/airflow/dags/system_dag.py took 0.118 seconds
[2026-05-01T06:39:53.318+0000] {processor.py:186} INFO - Started process (PID=287) to work on /opt/airflow/dags/system_dag.py
[2026-05-01T06:39:53.320+0000] {processor.py:914} INFO - Processing file /opt/airflow/dags/system_dag.py for tasks to queue
[2026-05-01T06:39:53.322+0000] {logging_mixin.py:190} INFO - [2026-05-01T06:39:53.321+0000] {dagbag.py:588} INFO - Filling up the DagBag from /opt/airflow/dags/system_dag.py
[2026-05-01T06:39:53.357+0000] {processor.py:925} INFO - DAG(s) 'system_dag' retrieved from /opt/airflow/dags/system_dag.py
[2026-05-01T06:39:53.432+0000] {logging_mixin.py:190} INFO - [2026-05-01T06:39:53.431+0000] {dag.py:3239} INFO - Sync 1 DAGs
[2026-05-01T06:39:53.483+0000] {logging_mixin.py:190} INFO - [2026-05-01T06:39:53.483+0000] {dag.py:4180} INFO - Setting next_dagrun for system_dag to 2026-04-30T00:00:00+00:00, run_after=2026-05-01T00:00:00+00:00
[2026-05-01T06:39:53.548+0000] {processor.py:208} INFO - Processing /opt/airflow/dags/system_dag.py took 0.239 seconds
[2026-05-01T06:40:26.257+0000] {processor.py:186} INFO - Started process (PID=291) to work on /opt/airflow/dags/system_dag.py
[2026-05-01T06:40:26.258+0000] {processor.py:914} INFO - Processing file /opt/airflow/dags/system_dag.py for tasks to queue
[2026-05-01T06:40:26.261+0000] {logging_mixin.py:190} INFO - [2026-05-01T06:40:26.260+0000] {dagbag.py:588} INFO - Filling up the DagBag from /opt/airflow/dags/system_dag.py
[2026-05-01T06:40:26.305+0000] {processor.py:925} INFO - DAG(s) 'system_dag' retrieved from /opt/airflow/dags/system_dag.py
[2026-05-01T06:40:26.362+0000] {logging_mixin.py:190} INFO - [2026-05-01T06:40:26.362+0000] {dag.py:3239} INFO - Sync 1 DAGs
[2026-05-01T06:40:26.417+0000] {logging_mixin.py:190} INFO - [2026-05-01T06:40:26.417+0000] {dag.py:4180} INFO - Setting next_dagrun for system_dag to 2026-04-30T00:00:00+00:00, run_after=2026-05-01T00:00:00+00:00
[2026-05-01T06:40:26.465+0000] {processor.py:208} INFO - Processing /opt/airflow/dags/system_dag.py took 0.224 seconds
[2026-05-01T06:40:58.850+0000] {processor.py:186} INFO - Started process (PID=295) to work on /opt/airflow/dags/system_dag.py
[2026-05-01T06:40:58.851+0000] {processor.py:914} INFO - Processing file /opt/airflow/dags/system_dag.py for tasks to queue
[2026-05-01T06:40:58.853+0000] {logging_mixin.py:190} INFO - [2026-05-01T06:40:58.852+0000] {dagbag.py:588} INFO - Filling up the DagBag from /opt/airflow/dags/system_dag.py
[2026-05-01T06:40:58.878+0000] {processor.py:925} INFO - DAG(s) 'system_dag' retrieved from /opt/airflow/dags/system_dag.py
[2026-05-01T06:40:58.943+0000] {logging_mixin.py:190} INFO - [2026-05-01T06:40:58.943+0000] {dag.py:3239} INFO - Sync 1 DAGs
[2026-05-01T06:40:58.996+0000] {logging_mixin.py:190} INFO - [2026-05-01T06:40:58.996+0000] {dag.py:4180} INFO - Setting next_dagrun for system_dag to 2026-04-30T00:00:00+00:00, run_after=2026-05-01T00:00:00+00:00
[2026-05-01T06:40:59.045+0000] {processor.py:208} INFO - Processing /opt/airflow/dags/system_dag.py took 0.204 seconds
[2026-05-01T06:41:31.521+0000] {processor.py:186} INFO - Started process (PID=299) to work on /opt/airflow/dags/system_dag.py
[2026-05-01T06:41:31.521+0000] {processor.py:914} INFO - Processing file /opt/airflow/dags/system_dag.py for tasks to queue
[2026-05-01T06:41:31.523+0000] {logging_mixin.py:190} INFO - [2026-05-01T06:41:31.523+0000] {dagbag.py:588} INFO - Filling up the DagBag from /opt/airflow/dags/system_dag.py
[2026-05-01T06:41:31.546+0000] {processor.py:925} INFO - DAG(s) 'system_dag' retrieved from /opt/airflow/dags/system_dag.py
[2026-05-01T06:41:31.606+0000] {logging_mixin.py:190} INFO - [2026-05-01T06:41:31.605+0000] {dag.py:3239} INFO - Sync 1 DAGs
[2026-05-01T06:41:31.642+0000] {logging_mixin.py:190} INFO - [2026-05-01T06:41:31.642+0000] {dag.py:4180} INFO - Setting next_dagrun for system_dag to 2026-04-30T00:00:00+00:00, run_after=2026-05-01T00:00:00+00:00
[2026-05-01T06:41:31.679+0000] {processor.py:208} INFO - Processing /opt/airflow/dags/system_dag.py took 0.166 seconds
[2026-05-01T06:42:04.312+0000] {processor.py:186} INFO - Started process (PID=303) to work on /opt/airflow/dags/system_dag.py
[2026-05-01T06:42:04.313+0000] {processor.py:914} INFO - Processing file /opt/airflow/dags/system_dag.py for tasks to queue
[2026-05-01T06:42:04.316+0000] {logging_mixin.py:190} INFO - [2026-05-01T06:42:04.315+0000] {dagbag.py:588} INFO - Filling up the DagBag from /opt/airflow/dags/system_dag.py
[2026-05-01T06:42:04.357+0000] {processor.py:925} INFO - DAG(s) 'system_dag' retrieved from /opt/airflow/dags/system_dag.py
[2026-05-01T06:42:04.433+0000] {logging_mixin.py:190} INFO - [2026-05-01T06:42:04.433+0000] {dag.py:3239} INFO - Sync 1 DAGs
[2026-05-01T06:42:04.499+0000] {logging_mixin.py:190} INFO - [2026-05-01T06:42:04.499+0000] {dag.py:4180} INFO - Setting next_dagrun for system_dag to 2026-04-30T00:00:00+00:00, run_after=2026-05-01T00:00:00+00:00
[2026-05-01T06:42:04.568+0000] {processor.py:208} INFO - Processing /opt/airflow/dags/system_dag.py took 0.272 seconds
[2026-05-01T06:42:36.771+0000] {processor.py:186} INFO - Started process (PID=307) to work on /opt/airflow/dags/system_dag.py
[2026-05-01T06:42:36.772+0000] {processor.py:914} INFO - Processing file /opt/airflow/dags/system_dag.py for tasks to queue
[2026-05-01T06:42:36.773+0000] {logging_mixin.py:190} INFO - [2026-05-01T06:42:36.773+0000] {dagbag.py:588} INFO - Filling up the DagBag from /opt/airflow/dags/system_dag.py
[2026-05-01T06:42:36.791+0000] {processor.py:925} INFO - DAG(s) 'system_dag' retrieved from /opt/airflow/dags/system_dag.py
[2026-05-01T06:42:36.824+0000] {logging_mixin.py:190} INFO - [2026-05-01T06:42:36.824+0000] {dag.py:3239} INFO - Sync 1 DAGs
[2026-05-01T06:42:36.852+0000] {logging_mixin.py:190} INFO - [2026-05-01T06:42:36.852+0000] {dag.py:4180} INFO - Setting next_dagrun for system_dag to 2026-04-30T00:00:00+00:00, run_after=2026-05-01T00:00:00+00:00
[2026-05-01T06:42:36.871+0000] {processor.py:208} INFO - Processing /opt/airflow/dags/system_dag.py took 0.106 seconds
[2026-05-01T06:43:10.179+0000] {processor.py:186} INFO - Started process (PID=311) to work on /opt/airflow/dags/system_dag.py
[2026-05-01T06:43:10.179+0000] {processor.py:914} INFO - Processing file /opt/airflow/dags/system_dag.py for tasks to queue
[2026-05-01T06:43:10.181+0000] {logging_mixin.py:190} INFO - [2026-05-01T06:43:10.181+0000] {dagbag.py:588} INFO - Filling up the DagBag from /opt/airflow/dags/system_dag.py
[2026-05-01T06:43:10.211+0000] {processor.py:925} INFO - DAG(s) 'system_dag' retrieved from /opt/airflow/dags/system_dag.py
[2026-05-01T06:43:10.259+0000] {logging_mixin.py:190} INFO - [2026-05-01T06:43:10.259+0000] {dag.py:3239} INFO - Sync 1 DAGs
[2026-05-01T06:43:10.296+0000] {logging_mixin.py:190} INFO - [2026-05-01T06:43:10.296+0000] {dag.py:4180} INFO - Setting next_dagrun for system_dag to 2026-04-30T00:00:00+00:00, run_after=2026-05-01T00:00:00+00:00
[2026-05-01T06:43:10.336+0000] {processor.py:208} INFO - Processing /opt/airflow/dags/system_dag.py took 0.165 seconds
[2026-05-01T06:43:42.727+0000] {processor.py:186} INFO - Started process (PID=315) to work on /opt/airflow/dags/system_dag.py
[2026-05-01T06:43:42.729+0000] {processor.py:914} INFO - Processing file /opt/airflow/dags/system_dag.py for tasks to queue
[2026-05-01T06:43:42.733+0000] {logging_mixin.py:190} INFO - [2026-05-01T06:43:42.732+0000] {dagbag.py:588} INFO - Filling up the DagBag from /opt/airflow/dags/system_dag.py
[2026-05-01T06:43:42.771+0000] {processor.py:925} INFO - DAG(s) 'system_dag' retrieved from /opt/airflow/dags/system_dag.py
[2026-05-01T06:43:42.838+0000] {logging_mixin.py:190} INFO - [2026-05-01T06:43:42.837+0000] {dag.py:3239} INFO - Sync 1 DAGs
[2026-05-01T06:43:42.904+0000] {logging_mixin.py:190} INFO - [2026-05-01T06:43:42.903+0000] {dag.py:4180} INFO - Setting next_dagrun for system_dag to 2026-04-30T00:00:00+00:00, run_after=2026-05-01T00:00:00+00:00
[2026-05-01T06:43:42.948+0000] {processor.py:208} INFO - Processing /opt/airflow/dags/system_dag.py took 0.232 seconds
[2026-05-01T06:44:15.400+0000] {processor.py:186} INFO - Started process (PID=319) to work on /opt/airflow/dags/system_dag.py
[2026-05-01T06:44:15.402+0000] {processor.py:914} INFO - Processing file /opt/airflow/dags/system_dag.py for tasks to queue
[2026-05-01T06:44:15.405+0000] {logging_mixin.py:190} INFO - [2026-05-01T06:44:15.405+0000] {dagbag.py:588} INFO - Filling up the DagBag from /opt/airflow/dags/system_dag.py
[2026-05-01T06:44:15.442+0000] {processor.py:925} INFO - DAG(s) 'system_dag' retrieved from /opt/airflow/dags/system_dag.py
[2026-05-01T06:44:15.532+0000] {logging_mixin.py:190} INFO - [2026-05-01T06:44:15.531+0000] {dag.py:3239} INFO - Sync 1 DAGs
[2026-05-01T06:44:15.591+0000] {logging_mixin.py:190} INFO - [2026-05-01T06:44:15.590+0000] {dag.py:4180} INFO - Setting next_dagrun for system_dag to 2026-04-30T00:00:00+00:00, run_after=2026-05-01T00:00:00+00:00
[2026-05-01T06:44:15.636+0000] {processor.py:208} INFO - Processing /opt/airflow/dags/system_dag.py took 0.247 seconds
[2026-05-01T06:44:48.315+0000] {processor.py:186} INFO - Started process (PID=323) to work on /opt/airflow/dags/system_dag.py
[2026-05-01T06:44:48.316+0000] {processor.py:914} INFO - Processing file /opt/airflow/dags/system_dag.py for tasks to queue
[2026-05-01T06:44:48.318+0000] {logging_mixin.py:190} INFO - [2026-05-01T06:44:48.317+0000] {dagbag.py:588} INFO - Filling up the DagBag from /opt/airflow/dags/system_dag.py
[2026-05-01T06:44:48.349+0000] {processor.py:925} INFO - DAG(s) 'system_dag' retrieved from /opt/airflow/dags/system_dag.py
[2026-05-01T06:44:48.526+0000] {logging_mixin.py:190} INFO - [2026-05-01T06:44:48.526+0000] {dag.py:3239} INFO - Sync 1 DAGs
[2026-05-01T06:44:48.608+0000] {logging_mixin.py:190} INFO - [2026-05-01T06:44:48.608+0000] {dag.py:4180} INFO - Setting next_dagrun for system_dag to 2026-04-30T00:00:00+00:00, run_after=2026-05-01T00:00:00+00:00
[2026-05-01T06:44:48.656+0000] {processor.py:208} INFO - Processing /opt/airflow/dags/system_dag.py took 0.349 seconds
[2026-05-01T06:45:21.239+0000] {processor.py:186} INFO - Started process (PID=327) to work on /opt/airflow/dags/system_dag.py
[2026-05-01T06:45:21.240+0000] {processor.py:914} INFO - Processing file /opt/airflow/dags/system_dag.py for tasks to queue
[2026-05-01T06:45:21.242+0000] {logging_mixin.py:190} INFO - [2026-05-01T06:45:21.241+0000] {dagbag.py:588} INFO - Filling up the DagBag from /opt/airflow/dags/system_dag.py
[2026-05-01T06:45:21.275+0000] {processor.py:925} INFO - DAG(s) 'system_dag' retrieved from /opt/airflow/dags/system_dag.py
[2026-05-01T06:45:21.333+0000] {logging_mixin.py:190} INFO - [2026-05-01T06:45:21.333+0000] {dag.py:3239} INFO - Sync 1 DAGs
[2026-05-01T06:45:21.384+0000] {logging_mixin.py:190} INFO - [2026-05-01T06:45:21.384+0000] {dag.py:4180} INFO - Setting next_dagrun for system_dag to 2026-04-30T00:00:00+00:00, run_after=2026-05-01T00:00:00+00:00
[2026-05-01T06:45:21.421+0000] {processor.py:208} INFO - Processing /opt/airflow/dags/system_dag.py took 0.190 seconds
[2026-05-01T06:45:53.706+0000] {processor.py:186} INFO - Started process (PID=331) to work on /opt/airflow/dags/system_dag.py
[2026-05-01T06:45:53.707+0000] {processor.py:914} INFO - Processing file /opt/airflow/dags/system_dag.py for tasks to queue
[2026-05-01T06:45:53.709+0000] {logging_mixin.py:190} INFO - [2026-05-01T06:45:53.709+0000] {dagbag.py:588} INFO - Filling up the DagBag from /opt/airflow/dags/system_dag.py
[2026-05-01T06:45:53.727+0000] {processor.py:925} INFO - DAG(s) 'system_dag' retrieved from /opt/airflow/dags/system_dag.py
[2026-05-01T06:45:53.767+0000] {logging_mixin.py:190} INFO - [2026-05-01T06:45:53.767+0000] {dag.py:3239} INFO - Sync 1 DAGs
[2026-05-01T06:45:53.797+0000] {logging_mixin.py:190} INFO - [2026-05-01T06:45:53.797+0000] {dag.py:4180} INFO - Setting next_dagrun for system_dag to 2026-04-30T00:00:00+00:00, run_after=2026-05-01T00:00:00+00:00
[2026-05-01T06:45:53.819+0000] {processor.py:208} INFO - Processing /opt/airflow/dags/system_dag.py took 0.121 seconds
[2026-05-01T06:46:26.189+0000] {processor.py:186} INFO - Started process (PID=335) to work on /opt/airflow/dags/system_dag.py
[2026-05-01T06:46:26.191+0000] {processor.py:914} INFO - Processing file /opt/airflow/dags/system_dag.py for tasks to queue
[2026-05-01T06:46:26.193+0000] {logging_mixin.py:190} INFO - [2026-05-01T06:46:26.193+0000] {dagbag.py:588} INFO - Filling up the DagBag from /opt/airflow/dags/system_dag.py
[2026-05-01T06:46:26.254+0000] {processor.py:925} INFO - DAG(s) 'system_dag' retrieved from /opt/airflow/dags/system_dag.py
[2026-05-01T06:46:26.401+0000] {logging_mixin.py:190} INFO - [2026-05-01T06:46:26.400+0000] {dag.py:3239} INFO - Sync 1 DAGs
[2026-05-01T06:46:26.462+0000] {logging_mixin.py:190} INFO - [2026-05-01T06:46:26.462+0000] {dag.py:4180} INFO - Setting next_dagrun for system_dag to 2026-04-30T00:00:00+00:00, run_after=2026-05-01T00:00:00+00:00
[2026-05-01T06:46:26.537+0000] {processor.py:208} INFO - Processing /opt/airflow/dags/system_dag.py took 0.358 seconds
[2026-05-01T06:46:58.883+0000] {processor.py:186} INFO - Started process (PID=339) to work on /opt/airflow/dags/system_dag.py
[2026-05-01T06:46:58.884+0000] {processor.py:914} INFO - Processing file /opt/airflow/dags/system_dag.py for tasks to queue
[2026-05-01T06:46:58.885+0000] {logging_mixin.py:190} INFO - [2026-05-01T06:46:58.885+0000] {dagbag.py:588} INFO - Filling up the DagBag from /opt/airflow/dags/system_dag.py
[2026-05-01T06:46:58.910+0000] {processor.py:925} INFO - DAG(s) 'system_dag' retrieved from /opt/airflow/dags/system_dag.py
[2026-05-01T06:46:58.963+0000] {logging_mixin.py:190} INFO - [2026-05-01T06:46:58.963+0000] {dag.py:3239} INFO - Sync 1 DAGs
[2026-05-01T06:46:59.005+0000] {logging_mixin.py:190} INFO - [2026-05-01T06:46:59.005+0000] {dag.py:4180} INFO - Setting next_dagrun for system_dag to 2026-04-30T00:00:00+00:00, run_after=2026-05-01T00:00:00+00:00
[2026-05-01T06:46:59.040+0000] {processor.py:208} INFO - Processing /opt/airflow/dags/system_dag.py took 0.164 seconds
[2026-05-01T06:47:31.520+0000] {processor.py:186} INFO - Started process (PID=343) to work on /opt/airflow/dags/system_dag.py
[2026-05-01T06:47:31.521+0000] {processor.py:914} INFO - Processing file /opt/airflow/dags/system_dag.py for tasks to queue
[2026-05-01T06:47:31.523+0000] {logging_mixin.py:190} INFO - [2026-05-01T06:47:31.523+0000] {dagbag.py:588} INFO - Filling up the DagBag from /opt/airflow/dags/system_dag.py
[2026-05-01T06:47:31.546+0000] {processor.py:925} INFO - DAG(s) 'system_dag' retrieved from /opt/airflow/dags/system_dag.py
[2026-05-01T06:47:31.592+0000] {logging_mixin.py:190} INFO - [2026-05-01T06:47:31.592+0000] {dag.py:3239} INFO - Sync 1 DAGs
[2026-05-01T06:47:31.628+0000] {logging_mixin.py:190} INFO - [2026-05-01T06:47:31.627+0000] {dag.py:4180} INFO - Setting next_dagrun for system_dag to 2026-04-30T00:00:00+00:00, run_after=2026-05-01T00:00:00+00:00
[2026-05-01T06:47:31.655+0000] {processor.py:208} INFO - Processing /opt/airflow/dags/system_dag.py took 0.142 seconds
[2026-05-01T06:48:04.938+0000] {processor.py:186} INFO - Started process (PID=347) to work on /opt/airflow/dags/system_dag.py
[2026-05-01T06:48:04.939+0000] {processor.py:914} INFO - Processing file /opt/airflow/dags/system_dag.py for tasks to queue
[2026-05-01T06:48:04.941+0000] {logging_mixin.py:190} INFO - [2026-05-01T06:48:04.940+0000] {dagbag.py:588} INFO - Filling up the DagBag from /opt/airflow/dags/system_dag.py
[2026-05-01T06:48:04.959+0000] {processor.py:925} INFO - DAG(s) 'system_dag' retrieved from /opt/airflow/dags/system_dag.py
[2026-05-01T06:48:05.000+0000] {logging_mixin.py:190} INFO - [2026-05-01T06:48:05.000+0000] {dag.py:3239} INFO - Sync 1 DAGs
[2026-05-01T06:48:05.032+0000] {logging_mixin.py:190} INFO - [2026-05-01T06:48:05.032+0000] {dag.py:4180} INFO - Setting next_dagrun for system_dag to 2026-04-30T00:00:00+00:00, run_after=2026-05-01T00:00:00+00:00
[2026-05-01T06:48:05.057+0000] {processor.py:208} INFO - Processing /opt/airflow/dags/system_dag.py took 0.125 seconds
[2026-05-01T06:48:37.255+0000] {processor.py:186} INFO - Started process (PID=351) to work on /opt/airflow/dags/system_dag.py
[2026-05-01T06:48:37.256+0000] {processor.py:914} INFO - Processing file /opt/airflow/dags/system_dag.py for tasks to queue
[2026-05-01T06:48:37.258+0000] {logging_mixin.py:190} INFO - [2026-05-01T06:48:37.258+0000] {dagbag.py:588} INFO - Filling up the DagBag from /opt/airflow/dags/system_dag.py
[2026-05-01T06:48:37.285+0000] {processor.py:925} INFO - DAG(s) 'system_dag' retrieved from /opt/airflow/dags/system_dag.py
[2026-05-01T06:48:37.329+0000] {logging_mixin.py:190} INFO - [2026-05-01T06:48:37.329+0000] {dag.py:3239} INFO - Sync 1 DAGs
[2026-05-01T06:48:37.375+0000] {logging_mixin.py:190} INFO - [2026-05-01T06:48:37.374+0000] {dag.py:4180} INFO - Setting next_dagrun for system_dag to 2026-04-30T00:00:00+00:00, run_after=2026-05-01T00:00:00+00:00
[2026-05-01T06:48:37.406+0000] {processor.py:208} INFO - Processing /opt/airflow/dags/system_dag.py took 0.159 seconds
[2026-05-01T06:49:10.093+0000] {processor.py:186} INFO - Started process (PID=355) to work on /opt/airflow/dags/system_dag.py
[2026-05-01T06:49:10.095+0000] {processor.py:914} INFO - Processing file /opt/airflow/dags/system_dag.py for tasks to queue
[2026-05-01T06:49:10.097+0000] {logging_mixin.py:190} INFO - [2026-05-01T06:49:10.096+0000] {dagbag.py:588} INFO - Filling up the DagBag from /opt/airflow/dags/system_dag.py
[2026-05-01T06:49:10.125+0000] {processor.py:925} INFO - DAG(s) 'system_dag' retrieved from /opt/airflow/dags/system_dag.py
[2026-05-01T06:49:10.179+0000] {logging_mixin.py:190} INFO - [2026-05-01T06:49:10.178+0000] {dag.py:3239} INFO - Sync 1 DAGs
[2026-05-01T06:49:10.217+0000] {logging_mixin.py:190} INFO - [2026-05-01T06:49:10.217+0000] {dag.py:4180} INFO - Setting next_dagrun for system_dag to 2026-04-30T00:00:00+00:00, run_after=2026-05-01T00:00:00+00:00
[2026-05-01T06:49:10.260+0000] {processor.py:208} INFO - Processing /opt/airflow/dags/system_dag.py took 0.180 seconds
[2026-05-01T06:49:42.878+0000] {processor.py:186} INFO - Started process (PID=359) to work on /opt/airflow/dags/system_dag.py
[2026-05-01T06:49:42.881+0000] {processor.py:914} INFO - Processing file /opt/airflow/dags/system_dag.py for tasks to queue
[2026-05-01T06:49:42.884+0000] {logging_mixin.py:190} INFO - [2026-05-01T06:49:42.884+0000] {dagbag.py:588} INFO - Filling up the DagBag from /opt/airflow/dags/system_dag.py
[2026-05-01T06:49:42.934+0000] {processor.py:925} INFO - DAG(s) 'system_dag' retrieved from /opt/airflow/dags/system_dag.py
[2026-05-01T06:49:43.003+0000] {logging_mixin.py:190} INFO - [2026-05-01T06:49:43.003+0000] {dag.py:3239} INFO - Sync 1 DAGs
[2026-05-01T06:49:43.085+0000] {logging_mixin.py:190} INFO - [2026-05-01T06:49:43.084+0000] {dag.py:4180} INFO - Setting next_dagrun for system_dag to 2026-04-30T00:00:00+00:00, run_after=2026-05-01T00:00:00+00:00
[2026-05-01T06:49:43.151+0000] {processor.py:208} INFO - Processing /opt/airflow/dags/system_dag.py took 0.286 seconds
[2026-05-01T06:50:15.652+0000] {processor.py:186} INFO - Started process (PID=363) to work on /opt/airflow/dags/system_dag.py
[2026-05-01T06:50:15.652+0000] {processor.py:914} INFO - Processing file /opt/airflow/dags/system_dag.py for tasks to queue
[2026-05-01T06:50:15.654+0000] {logging_mixin.py:190} INFO - [2026-05-01T06:50:15.654+0000] {dagbag.py:588} INFO - Filling up the DagBag from /opt/airflow/dags/system_dag.py
[2026-05-01T06:50:15.681+0000] {processor.py:925} INFO - DAG(s) 'system_dag' retrieved from /opt/airflow/dags/system_dag.py
[2026-05-01T06:50:15.733+0000] {logging_mixin.py:190} INFO - [2026-05-01T06:50:15.732+0000] {dag.py:3239} INFO - Sync 1 DAGs
[2026-05-01T06:50:15.770+0000] {logging_mixin.py:190} INFO - [2026-05-01T06:50:15.769+0000] {dag.py:4180} INFO - Setting next_dagrun for system_dag to 2026-04-30T00:00:00+00:00, run_after=2026-05-01T00:00:00+00:00
[2026-05-01T06:50:15.798+0000] {processor.py:208} INFO - Processing /opt/airflow/dags/system_dag.py took 0.153 seconds
[2026-05-01T06:50:48.049+0000] {processor.py:186} INFO - Started process (PID=367) to work on /opt/airflow/dags/system_dag.py
[2026-05-01T06:50:48.050+0000] {processor.py:914} INFO - Processing file /opt/airflow/dags/system_dag.py for tasks to queue
[2026-05-01T06:50:48.053+0000] {logging_mixin.py:190} INFO - [2026-05-01T06:50:48.052+0000] {dagbag.py:588} INFO - Filling up the DagBag from /opt/airflow/dags/system_dag.py
[2026-05-01T06:50:48.078+0000] {processor.py:925} INFO - DAG(s) 'system_dag' retrieved from /opt/airflow/dags/system_dag.py
[2026-05-01T06:50:48.121+0000] {logging_mixin.py:190} INFO - [2026-05-01T06:50:48.121+0000] {dag.py:3239} INFO - Sync 1 DAGs
[2026-05-01T06:50:48.159+0000] {logging_mixin.py:190} INFO - [2026-05-01T06:50:48.159+0000] {dag.py:4180} INFO - Setting next_dagrun for system_dag to 2026-04-30T00:00:00+00:00, run_after=2026-05-01T00:00:00+00:00
[2026-05-01T06:50:48.184+0000] {processor.py:208} INFO - Processing /opt/airflow/dags/system_dag.py took 0.142 seconds
[2026-05-01T06:51:20.576+0000] {processor.py:186} INFO - Started process (PID=371) to work on /opt/airflow/dags/system_dag.py
[2026-05-01T06:51:20.576+0000] {processor.py:914} INFO - Processing file /opt/airflow/dags/system_dag.py for tasks to queue
[2026-05-01T06:51:20.578+0000] {logging_mixin.py:190} INFO - [2026-05-01T06:51:20.578+0000] {dagbag.py:588} INFO - Filling up the DagBag from /opt/airflow/dags/system_dag.py
[2026-05-01T06:51:20.604+0000] {processor.py:925} INFO - DAG(s) 'system_dag' retrieved from /opt/airflow/dags/system_dag.py
[2026-05-01T06:51:20.647+0000] {logging_mixin.py:190} INFO - [2026-05-01T06:51:20.646+0000] {dag.py:3239} INFO - Sync 1 DAGs
[2026-05-01T06:51:20.678+0000] {logging_mixin.py:190} INFO - [2026-05-01T06:51:20.677+0000] {dag.py:4180} INFO - Setting next_dagrun for system_dag to 2026-04-30T00:00:00+00:00, run_after=2026-05-01T00:00:00+00:00
[2026-05-01T06:51:20.705+0000] {processor.py:208} INFO - Processing /opt/airflow/dags/system_dag.py took 0.136 seconds
[2026-05-01T06:51:54.106+0000] {processor.py:186} INFO - Started process (PID=375) to work on /opt/airflow/dags/system_dag.py
[2026-05-01T06:51:54.107+0000] {processor.py:914} INFO - Processing file /opt/airflow/dags/system_dag.py for tasks to queue
[2026-05-01T06:51:54.109+0000] {logging_mixin.py:190} INFO - [2026-05-01T06:51:54.109+0000] {dagbag.py:588} INFO - Filling up the DagBag from /opt/airflow/dags/system_dag.py
[2026-05-01T06:51:54.138+0000] {processor.py:925} INFO - DAG(s) 'system_dag' retrieved from /opt/airflow/dags/system_dag.py
[2026-05-01T06:51:54.200+0000] {logging_mixin.py:190} INFO - [2026-05-01T06:51:54.200+0000] {dag.py:3239} INFO - Sync 1 DAGs
[2026-05-01T06:51:54.249+0000] {logging_mixin.py:190} INFO - [2026-05-01T06:51:54.249+0000] {dag.py:4180} INFO - Setting next_dagrun for system_dag to 2026-04-30T00:00:00+00:00, run_after=2026-05-01T00:00:00+00:00
[2026-05-01T06:51:54.287+0000] {processor.py:208} INFO - Processing /opt/airflow/dags/system_dag.py took 0.190 seconds
[2026-05-01T06:52:26.589+0000] {processor.py:186} INFO - Started process (PID=379) to work on /opt/airflow/dags/system_dag.py
[2026-05-01T06:52:26.590+0000] {processor.py:914} INFO - Processing file /opt/airflow/dags/system_dag.py for tasks to queue
[2026-05-01T06:52:26.591+0000] {logging_mixin.py:190} INFO - [2026-05-01T06:52:26.591+0000] {dagbag.py:588} INFO - Filling up the DagBag from /opt/airflow/dags/system_dag.py
[2026-05-01T06:52:26.611+0000] {processor.py:925} INFO - DAG(s) 'system_dag' retrieved from /opt/airflow/dags/system_dag.py
[2026-05-01T06:52:26.653+0000] {logging_mixin.py:190} INFO - [2026-05-01T06:52:26.652+0000] {dag.py:3239} INFO - Sync 1 DAGs
[2026-05-01T06:52:26.688+0000] {logging_mixin.py:190} INFO - [2026-05-01T06:52:26.688+0000] {dag.py:4180} INFO - Setting next_dagrun for system_dag to 2026-04-30T00:00:00+00:00, run_after=2026-05-01T00:00:00+00:00
[2026-05-01T06:52:26.713+0000] {processor.py:208} INFO - Processing /opt/airflow/dags/system_dag.py took 0.132 seconds
[2026-05-01T06:52:59.019+0000] {processor.py:186} INFO - Started process (PID=383) to work on /opt/airflow/dags/system_dag.py
[2026-05-01T06:52:59.020+0000] {processor.py:914} INFO - Processing file /opt/airflow/dags/system_dag.py for tasks to queue
[2026-05-01T06:52:59.021+0000] {logging_mixin.py:190} INFO - [2026-05-01T06:52:59.021+0000] {dagbag.py:588} INFO - Filling up the DagBag from /opt/airflow/dags/system_dag.py
[2026-05-01T06:52:59.043+0000] {processor.py:925} INFO - DAG(s) 'system_dag' retrieved from /opt/airflow/dags/system_dag.py
[2026-05-01T06:52:59.089+0000] {logging_mixin.py:190} INFO - [2026-05-01T06:52:59.089+0000] {dag.py:3239} INFO - Sync 1 DAGs
[2026-05-01T06:52:59.123+0000] {logging_mixin.py:190} INFO - [2026-05-01T06:52:59.123+0000] {dag.py:4180} INFO - Setting next_dagrun for system_dag to 2026-04-30T00:00:00+00:00, run_after=2026-05-01T00:00:00+00:00
[2026-05-01T06:52:59.149+0000] {processor.py:208} INFO - Processing /opt/airflow/dags/system_dag.py took 0.138 seconds
[2026-05-01T06:53:31.544+0000] {processor.py:186} INFO - Started process (PID=387) to work on /opt/airflow/dags/system_dag.py
[2026-05-01T06:53:31.545+0000] {processor.py:914} INFO - Processing file /opt/airflow/dags/system_dag.py for tasks to queue
[2026-05-01T06:53:31.547+0000] {logging_mixin.py:190} INFO - [2026-05-01T06:53:31.546+0000] {dagbag.py:588} INFO - Filling up the DagBag from /opt/airflow/dags/system_dag.py
[2026-05-01T06:53:31.564+0000] {processor.py:925} INFO - DAG(s) 'system_dag' retrieved from /opt/airflow/dags/system_dag.py
[2026-05-01T06:53:31.597+0000] {logging_mixin.py:190} INFO - [2026-05-01T06:53:31.597+0000] {dag.py:3239} INFO - Sync 1 DAGs
[2026-05-01T06:53:31.623+0000] {logging_mixin.py:190} INFO - [2026-05-01T06:53:31.623+0000] {dag.py:4180} INFO - Setting next_dagrun for system_dag to 2026-04-30T00:00:00+00:00, run_after=2026-05-01T00:00:00+00:00
[2026-05-01T06:53:31.642+0000] {processor.py:208} INFO - Processing /opt/airflow/dags/system_dag.py took 0.104 seconds
[2026-05-01T06:54:04.893+0000] {processor.py:186} INFO - Started process (PID=391) to work on /opt/airflow/dags/system_dag.py
[2026-05-01T06:54:04.894+0000] {processor.py:914} INFO - Processing file /opt/airflow/dags/system_dag.py for tasks to queue
[2026-05-01T06:54:04.896+0000] {logging_mixin.py:190} INFO - [2026-05-01T06:54:04.896+0000] {dagbag.py:588} INFO - Filling up the DagBag from /opt/airflow/dags/system_dag.py
[2026-05-01T06:54:04.927+0000] {processor.py:925} INFO - DAG(s) 'system_dag' retrieved from /opt/airflow/dags/system_dag.py
[2026-05-01T06:54:04.984+0000] {logging_mixin.py:190} INFO - [2026-05-01T06:54:04.983+0000] {dag.py:3239} INFO - Sync 1 DAGs
[2026-05-01T06:54:05.027+0000] {logging_mixin.py:190} INFO - [2026-05-01T06:54:05.026+0000] {dag.py:4180} INFO - Setting next_dagrun for system_dag to 2026-04-30T00:00:00+00:00, run_after=2026-05-01T00:00:00+00:00
[2026-05-01T06:54:05.059+0000] {processor.py:208} INFO - Processing /opt/airflow/dags/system_dag.py took 0.175 seconds
[2026-05-01T06:54:37.328+0000] {processor.py:186} INFO - Started process (PID=395) to work on /opt/airflow/dags/system_dag.py
[2026-05-01T06:54:37.329+0000] {processor.py:914} INFO - Processing file /opt/airflow/dags/system_dag.py for tasks to queue
[2026-05-01T06:54:37.331+0000] {logging_mixin.py:190} INFO - [2026-05-01T06:54:37.330+0000] {dagbag.py:588} INFO - Filling up the DagBag from /opt/airflow/dags/system_dag.py
[2026-05-01T06:54:37.365+0000] {processor.py:925} INFO - DAG(s) 'system_dag' retrieved from /opt/airflow/dags/system_dag.py
[2026-05-01T06:54:37.428+0000] {logging_mixin.py:190} INFO - [2026-05-01T06:54:37.428+0000] {dag.py:3239} INFO - Sync 1 DAGs
[2026-05-01T06:54:37.480+0000] {logging_mixin.py:190} INFO - [2026-05-01T06:54:37.480+0000] {dag.py:4180} INFO - Setting next_dagrun for system_dag to 2026-04-30T00:00:00+00:00, run_after=2026-05-01T00:00:00+00:00
[2026-05-01T06:54:37.520+0000] {processor.py:208} INFO - Processing /opt/airflow/dags/system_dag.py took 0.203 seconds
[2026-05-01T06:55:08.091+0000] {processor.py:186} INFO - Started process (PID=399) to work on /opt/airflow/dags/system_dag.py
[2026-05-01T06:55:08.092+0000] {processor.py:914} INFO - Processing file /opt/airflow/dags/system_dag.py for tasks to queue
[2026-05-01T06:55:08.094+0000] {logging_mixin.py:190} INFO - [2026-05-01T06:55:08.094+0000] {dagbag.py:588} INFO - Filling up the DagBag from /opt/airflow/dags/system_dag.py
[2026-05-01T06:55:08.117+0000] {processor.py:925} INFO - DAG(s) 'system_dag' retrieved from /opt/airflow/dags/system_dag.py
[2026-05-01T06:55:08.161+0000] {logging_mixin.py:190} INFO - [2026-05-01T06:55:08.161+0000] {dag.py:3239} INFO - Sync 1 DAGs
[2026-05-01T06:55:08.209+0000] {logging_mixin.py:190} INFO - [2026-05-01T06:55:08.209+0000] {dag.py:4180} INFO - Setting next_dagrun for system_dag to 2026-04-30T00:00:00+00:00, run_after=2026-05-01T00:00:00+00:00
[2026-05-01T06:55:08.246+0000] {processor.py:208} INFO - Processing /opt/airflow/dags/system_dag.py took 0.162 seconds
[2026-05-01T06:55:38.808+0000] {processor.py:186} INFO - Started process (PID=403) to work on /opt/airflow/dags/system_dag.py
[2026-05-01T06:55:38.809+0000] {processor.py:914} INFO - Processing file /opt/airflow/dags/system_dag.py for tasks to queue
[2026-05-01T06:55:38.811+0000] {logging_mixin.py:190} INFO - [2026-05-01T06:55:38.811+0000] {dagbag.py:588} INFO - Filling up the DagBag from /opt/airflow/dags/system_dag.py
[2026-05-01T06:55:38.854+0000] {processor.py:925} INFO - DAG(s) 'system_dag' retrieved from /opt/airflow/dags/system_dag.py
[2026-05-01T06:55:38.939+0000] {logging_mixin.py:190} INFO - [2026-05-01T06:55:38.939+0000] {dag.py:3239} INFO - Sync 1 DAGs
[2026-05-01T06:55:38.985+0000] {logging_mixin.py:190} INFO - [2026-05-01T06:55:38.985+0000] {dag.py:4180} INFO - Setting next_dagrun for system_dag to 2026-04-30T00:00:00+00:00, run_after=2026-05-01T00:00:00+00:00
[2026-05-01T06:55:39.119+0000] {processor.py:208} INFO - Processing /opt/airflow/dags/system_dag.py took 0.322 seconds
[2026-05-01T06:56:09.188+0000] {processor.py:186} INFO - Started process (PID=407) to work on /opt/airflow/dags/system_dag.py
[2026-05-01T06:56:09.189+0000] {processor.py:914} INFO - Processing file /opt/airflow/dags/system_dag.py for tasks to queue
[2026-05-01T06:56:09.191+0000] {logging_mixin.py:190} INFO - [2026-05-01T06:56:09.191+0000] {dagbag.py:588} INFO - Filling up the DagBag from /opt/airflow/dags/system_dag.py
[2026-05-01T06:56:09.236+0000] {processor.py:925} INFO - DAG(s) 'system_dag' retrieved from /opt/airflow/dags/system_dag.py
[2026-05-01T06:56:09.302+0000] {logging_mixin.py:190} INFO - [2026-05-01T06:56:09.301+0000] {dag.py:3239} INFO - Sync 1 DAGs
[2026-05-01T06:56:09.380+0000] {logging_mixin.py:190} INFO - [2026-05-01T06:56:09.379+0000] {dag.py:4180} INFO - Setting next_dagrun for system_dag to 2026-04-30T00:00:00+00:00, run_after=2026-05-01T00:00:00+00:00
[2026-05-01T06:56:09.432+0000] {processor.py:208} INFO - Processing /opt/airflow/dags/system_dag.py took 0.253 seconds
[2026-05-01T06:56:39.987+0000] {processor.py:186} INFO - Started process (PID=411) to work on /opt/airflow/dags/system_dag.py
[2026-05-01T06:56:39.988+0000] {processor.py:914} INFO - Processing file /opt/airflow/dags/system_dag.py for tasks to queue
[2026-05-01T06:56:39.991+0000] {logging_mixin.py:190} INFO - [2026-05-01T06:56:39.990+0000] {dagbag.py:588} INFO - Filling up the DagBag from /opt/airflow/dags/system_dag.py
[2026-05-01T06:56:40.023+0000] {processor.py:925} INFO - DAG(s) 'system_dag' retrieved from /opt/airflow/dags/system_dag.py
[2026-05-01T06:56:40.096+0000] {logging_mixin.py:190} INFO - [2026-05-01T06:56:40.096+0000] {dag.py:3239} INFO - Sync 1 DAGs
[2026-05-01T06:56:40.182+0000] {logging_mixin.py:190} INFO - [2026-05-01T06:56:40.182+0000] {dag.py:4180} INFO - Setting next_dagrun for system_dag to 2026-04-30T00:00:00+00:00, run_after=2026-05-01T00:00:00+00:00
[2026-05-01T06:56:40.250+0000] {processor.py:208} INFO - Processing /opt/airflow/dags/system_dag.py took 0.273 seconds
[2026-05-01T06:57:11.977+0000] {processor.py:186} INFO - Started process (PID=415) to work on /opt/airflow/dags/system_dag.py
[2026-05-01T06:57:11.978+0000] {processor.py:914} INFO - Processing file /opt/airflow/dags/system_dag.py for tasks to queue
[2026-05-01T06:57:11.979+0000] {logging_mixin.py:190} INFO - [2026-05-01T06:57:11.979+0000] {dagbag.py:588} INFO - Filling up the DagBag from /opt/airflow/dags/system_dag.py
[2026-05-01T06:57:11.995+0000] {processor.py:925} INFO - DAG(s) 'system_dag' retrieved from /opt/airflow/dags/system_dag.py
[2026-05-01T06:57:12.033+0000] {logging_mixin.py:190} INFO - [2026-05-01T06:57:12.033+0000] {dag.py:3239} INFO - Sync 1 DAGs
[2026-05-01T06:57:12.063+0000] {logging_mixin.py:190} INFO - [2026-05-01T06:57:12.063+0000] {dag.py:4180} INFO - Setting next_dagrun for system_dag to 2026-04-30T00:00:00+00:00, run_after=2026-05-01T00:00:00+00:00
[2026-05-01T06:57:12.128+0000] {processor.py:208} INFO - Processing /opt/airflow/dags/system_dag.py took 0.155 seconds
[2026-05-01T06:57:42.530+0000] {processor.py:186} INFO - Started process (PID=419) to work on /opt/airflow/dags/system_dag.py
[2026-05-01T06:57:42.531+0000] {processor.py:914} INFO - Processing file /opt/airflow/dags/system_dag.py for tasks to queue
[2026-05-01T06:57:42.533+0000] {logging_mixin.py:190} INFO - [2026-05-01T06:57:42.532+0000] {dagbag.py:588} INFO - Filling up the DagBag from /opt/airflow/dags/system_dag.py
[2026-05-01T06:57:42.555+0000] {processor.py:925} INFO - DAG(s) 'system_dag' retrieved from /opt/airflow/dags/system_dag.py
[2026-05-01T06:57:42.597+0000] {logging_mixin.py:190} INFO - [2026-05-01T06:57:42.597+0000] {dag.py:3239} INFO - Sync 1 DAGs
[2026-05-01T06:57:42.633+0000] {logging_mixin.py:190} INFO - [2026-05-01T06:57:42.633+0000] {dag.py:4180} INFO - Setting next_dagrun for system_dag to 2026-04-30T00:00:00+00:00, run_after=2026-05-01T00:00:00+00:00
[2026-05-01T06:57:42.660+0000] {processor.py:208} INFO - Processing /opt/airflow/dags/system_dag.py took 0.139 seconds
[2026-05-01T06:58:12.813+0000] {processor.py:186} INFO - Started process (PID=423) to work on /opt/airflow/dags/system_dag.py
[2026-05-01T06:58:12.813+0000] {processor.py:914} INFO - Processing file /opt/airflow/dags/system_dag.py for tasks to queue
[2026-05-01T06:58:12.814+0000] {logging_mixin.py:190} INFO - [2026-05-01T06:58:12.814+0000] {dagbag.py:588} INFO - Filling up the DagBag from /opt/airflow/dags/system_dag.py
[2026-05-01T06:58:12.830+0000] {processor.py:925} INFO - DAG(s) 'system_dag' retrieved from /opt/airflow/dags/system_dag.py
[2026-05-01T06:58:12.863+0000] {logging_mixin.py:190} INFO - [2026-05-01T06:58:12.863+0000] {dag.py:3239} INFO - Sync 1 DAGs
[2026-05-01T06:58:12.889+0000] {logging_mixin.py:190} INFO - [2026-05-01T06:58:12.889+0000] {dag.py:4180} INFO - Setting next_dagrun for system_dag to 2026-04-30T00:00:00+00:00, run_after=2026-05-01T00:00:00+00:00
[2026-05-01T06:58:12.907+0000] {processor.py:208} INFO - Processing /opt/airflow/dags/system_dag.py took 0.100 seconds
[2026-05-01T06:58:43.057+0000] {processor.py:186} INFO - Started process (PID=427) to work on /opt/airflow/dags/system_dag.py
[2026-05-01T06:58:43.058+0000] {processor.py:914} INFO - Processing file /opt/airflow/dags/system_dag.py for tasks to queue
[2026-05-01T06:58:43.060+0000] {logging_mixin.py:190} INFO - [2026-05-01T06:58:43.060+0000] {dagbag.py:588} INFO - Filling up the DagBag from /opt/airflow/dags/system_dag.py
[2026-05-01T06:58:43.078+0000] {processor.py:925} INFO - DAG(s) 'system_dag' retrieved from /opt/airflow/dags/system_dag.py
[2026-05-01T06:58:43.112+0000] {logging_mixin.py:190} INFO - [2026-05-01T06:58:43.112+0000] {dag.py:3239} INFO - Sync 1 DAGs
[2026-05-01T06:58:43.136+0000] {logging_mixin.py:190} INFO - [2026-05-01T06:58:43.136+0000] {dag.py:4180} INFO - Setting next_dagrun for system_dag to 2026-04-30T00:00:00+00:00, run_after=2026-05-01T00:00:00+00:00
[2026-05-01T06:58:43.154+0000] {processor.py:208} INFO - Processing /opt/airflow/dags/system_dag.py took 0.103 seconds
[2026-05-01T06:59:13.297+0000] {processor.py:186} INFO - Started process (PID=431) to work on /opt/airflow/dags/system_dag.py
[2026-05-01T06:59:13.298+0000] {processor.py:914} INFO - Processing file /opt/airflow/dags/system_dag.py for tasks to queue
[2026-05-01T06:59:13.299+0000] {logging_mixin.py:190} INFO - [2026-05-01T06:59:13.299+0000] {dagbag.py:588} INFO - Filling up the DagBag from /opt/airflow/dags/system_dag.py
[2026-05-01T06:59:13.317+0000] {processor.py:925} INFO - DAG(s) 'system_dag' retrieved from /opt/airflow/dags/system_dag.py
[2026-05-01T06:59:13.349+0000] {logging_mixin.py:190} INFO - [2026-05-01T06:59:13.349+0000] {dag.py:3239} INFO - Sync 1 DAGs
[2026-05-01T06:59:13.373+0000] {logging_mixin.py:190} INFO - [2026-05-01T06:59:13.373+0000] {dag.py:4180} INFO - Setting next_dagrun for system_dag to 2026-04-30T00:00:00+00:00, run_after=2026-05-01T00:00:00+00:00
[2026-05-01T06:59:13.393+0000] {processor.py:208} INFO - Processing /opt/airflow/dags/system_dag.py took 0.103 seconds
[2026-05-01T06:59:43.543+0000] {processor.py:186} INFO - Started process (PID=435) to work on /opt/airflow/dags/system_dag.py
[2026-05-01T06:59:43.544+0000] {processor.py:914} INFO - Processing file /opt/airflow/dags/system_dag.py for tasks to queue
[2026-05-01T06:59:43.545+0000] {logging_mixin.py:190} INFO - [2026-05-01T06:59:43.545+0000] {dagbag.py:588} INFO - Filling up the DagBag from /opt/airflow/dags/system_dag.py
[2026-05-01T06:59:43.561+0000] {processor.py:925} INFO - DAG(s) 'system_dag' retrieved from /opt/airflow/dags/system_dag.py
[2026-05-01T06:59:43.593+0000] {logging_mixin.py:190} INFO - [2026-05-01T06:59:43.593+0000] {dag.py:3239} INFO - Sync 1 DAGs
[2026-05-01T06:59:43.619+0000] {logging_mixin.py:190} INFO - [2026-05-01T06:59:43.619+0000] {dag.py:4180} INFO - Setting next_dagrun for system_dag to 2026-04-30T00:00:00+00:00, run_after=2026-05-01T00:00:00+00:00
[2026-05-01T06:59:43.640+0000] {processor.py:208} INFO - Processing /opt/airflow/dags/system_dag.py took 0.103 seconds
[2026-05-01T07:00:13.789+0000] {processor.py:186} INFO - Started process (PID=439) to work on /opt/airflow/dags/system_dag.py
[2026-05-01T07:00:13.790+0000] {processor.py:914} INFO - Processing file /opt/airflow/dags/system_dag.py for tasks to queue
[2026-05-01T07:00:13.791+0000] {logging_mixin.py:190} INFO - [2026-05-01T07:00:13.791+0000] {dagbag.py:588} INFO - Filling up the DagBag from /opt/airflow/dags/system_dag.py
[2026-05-01T07:00:13.808+0000] {processor.py:925} INFO - DAG(s) 'system_dag' retrieved from /opt/airflow/dags/system_dag.py
[2026-05-01T07:00:13.842+0000] {logging_mixin.py:190} INFO - [2026-05-01T07:00:13.842+0000] {dag.py:3239} INFO - Sync 1 DAGs
[2026-05-01T07:00:13.869+0000] {logging_mixin.py:190} INFO - [2026-05-01T07:00:13.869+0000] {dag.py:4180} INFO - Setting next_dagrun for system_dag to 2026-04-30T00:00:00+00:00, run_after=2026-05-01T00:00:00+00:00
[2026-05-01T07:00:13.891+0000] {processor.py:208} INFO - Processing /opt/airflow/dags/system_dag.py took 0.109 seconds
[2026-05-01T07:00:44.142+0000] {processor.py:186} INFO - Started process (PID=443) to work on /opt/airflow/dags/system_dag.py
[2026-05-01T07:00:44.143+0000] {processor.py:914} INFO - Processing file /opt/airflow/dags/system_dag.py for tasks to queue
[2026-05-01T07:00:44.144+0000] {logging_mixin.py:190} INFO - [2026-05-01T07:00:44.144+0000] {dagbag.py:588} INFO - Filling up the DagBag from /opt/airflow/dags/system_dag.py
[2026-05-01T07:00:44.162+0000] {processor.py:925} INFO - DAG(s) 'system_dag' retrieved from /opt/airflow/dags/system_dag.py
[2026-05-01T07:00:44.193+0000] {logging_mixin.py:190} INFO - [2026-05-01T07:00:44.193+0000] {dag.py:3239} INFO - Sync 1 DAGs
[2026-05-01T07:00:44.223+0000] {logging_mixin.py:190} INFO - [2026-05-01T07:00:44.222+0000] {dag.py:4180} INFO - Setting next_dagrun for system_dag to 2026-04-30T00:00:00+00:00, run_after=2026-05-01T00:00:00+00:00
[2026-05-01T07:00:44.241+0000] {processor.py:208} INFO - Processing /opt/airflow/dags/system_dag.py took 0.106 seconds
[2026-05-01T07:01:14.354+0000] {processor.py:186} INFO - Started process (PID=447) to work on /opt/airflow/dags/system_dag.py
[2026-05-01T07:01:14.356+0000] {processor.py:914} INFO - Processing file /opt/airflow/dags/system_dag.py for tasks to queue
[2026-05-01T07:01:14.357+0000] {logging_mixin.py:190} INFO - [2026-05-01T07:01:14.357+0000] {dagbag.py:588} INFO - Filling up the DagBag from /opt/airflow/dags/system_dag.py
[2026-05-01T07:01:14.378+0000] {processor.py:925} INFO - DAG(s) 'system_dag' retrieved from /opt/airflow/dags/system_dag.py
[2026-05-01T07:01:14.408+0000] {logging_mixin.py:190} INFO - [2026-05-01T07:01:14.408+0000] {dag.py:3239} INFO - Sync 1 DAGs
[2026-05-01T07:01:14.432+0000] {logging_mixin.py:190} INFO - [2026-05-01T07:01:14.432+0000] {dag.py:4180} INFO - Setting next_dagrun for system_dag to 2026-04-30T00:00:00+00:00, run_after=2026-05-01T00:00:00+00:00
[2026-05-01T07:01:14.456+0000] {processor.py:208} INFO - Processing /opt/airflow/dags/system_dag.py took 0.107 seconds
[2026-05-01T07:01:44.588+0000] {processor.py:186} INFO - Started process (PID=451) to work on /opt/airflow/dags/system_dag.py
[2026-05-01T07:01:44.589+0000] {processor.py:914} INFO - Processing file /opt/airflow/dags/system_dag.py for tasks to queue
[2026-05-01T07:01:44.590+0000] {logging_mixin.py:190} INFO - [2026-05-01T07:01:44.590+0000] {dagbag.py:588} INFO - Filling up the DagBag from /opt/airflow/dags/system_dag.py
[2026-05-01T07:01:44.606+0000] {processor.py:925} INFO - DAG(s) 'system_dag' retrieved from /opt/airflow/dags/system_dag.py
[2026-05-01T07:01:44.636+0000] {logging_mixin.py:190} INFO - [2026-05-01T07:01:44.636+0000] {dag.py:3239} INFO - Sync 1 DAGs
[2026-05-01T07:01:44.661+0000] {logging_mixin.py:190} INFO - [2026-05-01T07:01:44.661+0000] {dag.py:4180} INFO - Setting next_dagrun for system_dag to 2026-04-30T00:00:00+00:00, run_after=2026-05-01T00:00:00+00:00
[2026-05-01T07:01:44.679+0000] {processor.py:208} INFO - Processing /opt/airflow/dags/system_dag.py took 0.097 seconds
[2026-05-01T07:02:15.826+0000] {processor.py:186} INFO - Started process (PID=455) to work on /opt/airflow/dags/system_dag.py
[2026-05-01T07:02:15.827+0000] {processor.py:914} INFO - Processing file /opt/airflow/dags/system_dag.py for tasks to queue
[2026-05-01T07:02:15.828+0000] {logging_mixin.py:190} INFO - [2026-05-01T07:02:15.828+0000] {dagbag.py:588} INFO - Filling up the DagBag from /opt/airflow/dags/system_dag.py
[2026-05-01T07:02:15.844+0000] {processor.py:925} INFO - DAG(s) 'system_dag' retrieved from /opt/airflow/dags/system_dag.py
[2026-05-01T07:02:15.875+0000] {logging_mixin.py:190} INFO - [2026-05-01T07:02:15.875+0000] {dag.py:3239} INFO - Sync 1 DAGs
[2026-05-01T07:02:15.901+0000] {logging_mixin.py:190} INFO - [2026-05-01T07:02:15.901+0000] {dag.py:4180} INFO - Setting next_dagrun for system_dag to 2026-04-30T00:00:00+00:00, run_after=2026-05-01T00:00:00+00:00
[2026-05-01T07:02:15.921+0000] {processor.py:208} INFO - Processing /opt/airflow/dags/system_dag.py took 0.101 seconds
[2026-05-01T07:02:48.067+0000] {processor.py:186} INFO - Started process (PID=459) to work on /opt/airflow/dags/system_dag.py
[2026-05-01T07:02:48.068+0000] {processor.py:914} INFO - Processing file /opt/airflow/dags/system_dag.py for tasks to queue
[2026-05-01T07:02:48.069+0000] {logging_mixin.py:190} INFO - [2026-05-01T07:02:48.069+0000] {dagbag.py:588} INFO - Filling up the DagBag from /opt/airflow/dags/system_dag.py
[2026-05-01T07:02:48.091+0000] {processor.py:925} INFO - DAG(s) 'system_dag' retrieved from /opt/airflow/dags/system_dag.py
[2026-05-01T07:02:48.133+0000] {logging_mixin.py:190} INFO - [2026-05-01T07:02:48.133+0000] {dag.py:3239} INFO - Sync 1 DAGs
[2026-05-01T07:02:48.162+0000] {logging_mixin.py:190} INFO - [2026-05-01T07:02:48.162+0000] {dag.py:4180} INFO - Setting next_dagrun for system_dag to 2026-04-30T00:00:00+00:00, run_after=2026-05-01T00:00:00+00:00
[2026-05-01T07:02:48.185+0000] {processor.py:208} INFO - Processing /opt/airflow/dags/system_dag.py took 0.125 seconds
[2026-05-01T07:03:21.334+0000] {processor.py:186} INFO - Started process (PID=463) to work on /opt/airflow/dags/system_dag.py
[2026-05-01T07:03:21.335+0000] {processor.py:914} INFO - Processing file /opt/airflow/dags/system_dag.py for tasks to queue
[2026-05-01T07:03:21.337+0000] {logging_mixin.py:190} INFO - [2026-05-01T07:03:21.336+0000] {dagbag.py:588} INFO - Filling up the DagBag from /opt/airflow/dags/system_dag.py
[2026-05-01T07:03:21.352+0000] {processor.py:925} INFO - DAG(s) 'system_dag' retrieved from /opt/airflow/dags/system_dag.py
[2026-05-01T07:03:21.384+0000] {logging_mixin.py:190} INFO - [2026-05-01T07:03:21.384+0000] {dag.py:3239} INFO - Sync 1 DAGs
[2026-05-01T07:03:21.409+0000] {logging_mixin.py:190} INFO - [2026-05-01T07:03:21.408+0000] {dag.py:4180} INFO - Setting next_dagrun for system_dag to 2026-04-30T00:00:00+00:00, run_after=2026-05-01T00:00:00+00:00
[2026-05-01T07:03:21.428+0000] {processor.py:208} INFO - Processing /opt/airflow/dags/system_dag.py took 0.101 seconds
[2026-05-01T07:03:53.616+0000] {processor.py:186} INFO - Started process (PID=467) to work on /opt/airflow/dags/system_dag.py
[2026-05-01T07:03:53.616+0000] {processor.py:914} INFO - Processing file /opt/airflow/dags/system_dag.py for tasks to queue
[2026-05-01T07:03:53.618+0000] {logging_mixin.py:190} INFO - [2026-05-01T07:03:53.617+0000] {dagbag.py:588} INFO - Filling up the DagBag from /opt/airflow/dags/system_dag.py
[2026-05-01T07:03:53.636+0000] {processor.py:925} INFO - DAG(s) 'system_dag' retrieved from /opt/airflow/dags/system_dag.py
[2026-05-01T07:03:53.673+0000] {logging_mixin.py:190} INFO - [2026-05-01T07:03:53.673+0000] {dag.py:3239} INFO - Sync 1 DAGs
[2026-05-01T07:03:53.701+0000] {logging_mixin.py:190} INFO - [2026-05-01T07:03:53.701+0000] {dag.py:4180} INFO - Setting next_dagrun for system_dag to 2026-04-30T00:00:00+00:00, run_after=2026-05-01T00:00:00+00:00
[2026-05-01T07:03:53.721+0000] {processor.py:208} INFO - Processing /opt/airflow/dags/system_dag.py took 0.111 seconds
[2026-05-01T07:04:26.955+0000] {processor.py:186} INFO - Started process (PID=471) to work on /opt/airflow/dags/system_dag.py
[2026-05-01T07:04:26.955+0000] {processor.py:914} INFO - Processing file /opt/airflow/dags/system_dag.py for tasks to queue
[2026-05-01T07:04:26.957+0000] {logging_mixin.py:190} INFO - [2026-05-01T07:04:26.957+0000] {dagbag.py:588} INFO - Filling up the DagBag from /opt/airflow/dags/system_dag.py
[2026-05-01T07:04:26.978+0000] {processor.py:925} INFO - DAG(s) 'system_dag' retrieved from /opt/airflow/dags/system_dag.py
[2026-05-01T07:04:27.018+0000] {logging_mixin.py:190} INFO - [2026-05-01T07:04:27.018+0000] {dag.py:3239} INFO - Sync 1 DAGs
[2026-05-01T07:04:27.057+0000] {logging_mixin.py:190} INFO - [2026-05-01T07:04:27.057+0000] {dag.py:4180} INFO - Setting next_dagrun for system_dag to 2026-04-30T00:00:00+00:00, run_after=2026-05-01T00:00:00+00:00
[2026-05-01T07:04:27.095+0000] {processor.py:208} INFO - Processing /opt/airflow/dags/system_dag.py took 0.146 seconds
[2026-05-01T07:04:59.248+0000] {processor.py:186} INFO - Started process (PID=475) to work on /opt/airflow/dags/system_dag.py
[2026-05-01T07:04:59.249+0000] {processor.py:914} INFO - Processing file /opt/airflow/dags/system_dag.py for tasks to queue
[2026-05-01T07:04:59.250+0000] {logging_mixin.py:190} INFO - [2026-05-01T07:04:59.250+0000] {dagbag.py:588} INFO - Filling up the DagBag from /opt/airflow/dags/system_dag.py
[2026-05-01T07:04:59.268+0000] {processor.py:925} INFO - DAG(s) 'system_dag' retrieved from /opt/airflow/dags/system_dag.py
[2026-05-01T07:04:59.304+0000] {logging_mixin.py:190} INFO - [2026-05-01T07:04:59.304+0000] {dag.py:3239} INFO - Sync 1 DAGs
[2026-05-01T07:04:59.333+0000] {logging_mixin.py:190} INFO - [2026-05-01T07:04:59.333+0000] {dag.py:4180} INFO - Setting next_dagrun for system_dag to 2026-04-30T00:00:00+00:00, run_after=2026-05-01T00:00:00+00:00
[2026-05-01T07:04:59.354+0000] {processor.py:208} INFO - Processing /opt/airflow/dags/system_dag.py took 0.113 seconds
[2026-05-01T07:05:31.459+0000] {processor.py:186} INFO - Started process (PID=479) to work on /opt/airflow/dags/system_dag.py
[2026-05-01T07:05:31.459+0000] {processor.py:914} INFO - Processing file /opt/airflow/dags/system_dag.py for tasks to queue
[2026-05-01T07:05:31.461+0000] {logging_mixin.py:190} INFO - [2026-05-01T07:05:31.460+0000] {dagbag.py:588} INFO - Filling up the DagBag from /opt/airflow/dags/system_dag.py
[2026-05-01T07:05:31.478+0000] {processor.py:925} INFO - DAG(s) 'system_dag' retrieved from /opt/airflow/dags/system_dag.py
[2026-05-01T07:05:31.510+0000] {logging_mixin.py:190} INFO - [2026-05-01T07:05:31.510+0000] {dag.py:3239} INFO - Sync 1 DAGs
[2026-05-01T07:05:31.540+0000] {logging_mixin.py:190} INFO - [2026-05-01T07:05:31.540+0000] {dag.py:4180} INFO - Setting next_dagrun for system_dag to 2026-04-30T00:00:00+00:00, run_after=2026-05-01T00:00:00+00:00
[2026-05-01T07:05:31.563+0000] {processor.py:208} INFO - Processing /opt/airflow/dags/system_dag.py took 0.110 seconds
[2026-05-01T07:06:04.740+0000] {processor.py:186} INFO - Started process (PID=483) to work on /opt/airflow/dags/system_dag.py
[2026-05-01T07:06:04.741+0000] {processor.py:914} INFO - Processing file /opt/airflow/dags/system_dag.py for tasks to queue
[2026-05-01T07:06:04.742+0000] {logging_mixin.py:190} INFO - [2026-05-01T07:06:04.742+0000] {dagbag.py:588} INFO - Filling up the DagBag from /opt/airflow/dags/system_dag.py
[2026-05-01T07:06:04.759+0000] {processor.py:925} INFO - DAG(s) 'system_dag' retrieved from /opt/airflow/dags/system_dag.py
[2026-05-01T07:06:04.796+0000] {logging_mixin.py:190} INFO - [2026-05-01T07:06:04.796+0000] {dag.py:3239} INFO - Sync 1 DAGs
[2026-05-01T07:06:04.823+0000] {logging_mixin.py:190} INFO - [2026-05-01T07:06:04.823+0000] {dag.py:4180} INFO - Setting next_dagrun for system_dag to 2026-04-30T00:00:00+00:00, run_after=2026-05-01T00:00:00+00:00
[2026-05-01T07:06:04.850+0000] {processor.py:208} INFO - Processing /opt/airflow/dags/system_dag.py took 0.116 seconds
[2026-05-01T07:06:37.001+0000] {processor.py:186} INFO - Started process (PID=487) to work on /opt/airflow/dags/system_dag.py
[2026-05-01T07:06:37.001+0000] {processor.py:914} INFO - Processing file /opt/airflow/dags/system_dag.py for tasks to queue
[2026-05-01T07:06:37.003+0000] {logging_mixin.py:190} INFO - [2026-05-01T07:06:37.002+0000] {dagbag.py:588} INFO - Filling up the DagBag from /opt/airflow/dags/system_dag.py
[2026-05-01T07:06:37.018+0000] {processor.py:925} INFO - DAG(s) 'system_dag' retrieved from /opt/airflow/dags/system_dag.py
[2026-05-01T07:06:37.050+0000] {logging_mixin.py:190} INFO - [2026-05-01T07:06:37.050+0000] {dag.py:3239} INFO - Sync 1 DAGs
[2026-05-01T07:06:37.074+0000] {logging_mixin.py:190} INFO - [2026-05-01T07:06:37.074+0000] {dag.py:4180} INFO - Setting next_dagrun for system_dag to 2026-04-30T00:00:00+00:00, run_after=2026-05-01T00:00:00+00:00
[2026-05-01T07:06:37.091+0000] {processor.py:208} INFO - Processing /opt/airflow/dags/system_dag.py took 0.095 seconds
[2026-05-01T07:07:10.271+0000] {processor.py:186} INFO - Started process (PID=491) to work on /opt/airflow/dags/system_dag.py
[2026-05-01T07:07:10.271+0000] {processor.py:914} INFO - Processing file /opt/airflow/dags/system_dag.py for tasks to queue
[2026-05-01T07:07:10.272+0000] {logging_mixin.py:190} INFO - [2026-05-01T07:07:10.272+0000] {dagbag.py:588} INFO - Filling up the DagBag from /opt/airflow/dags/system_dag.py
[2026-05-01T07:07:10.289+0000] {processor.py:925} INFO - DAG(s) 'system_dag' retrieved from /opt/airflow/dags/system_dag.py
[2026-05-01T07:07:10.320+0000] {logging_mixin.py:190} INFO - [2026-05-01T07:07:10.320+0000] {dag.py:3239} INFO - Sync 1 DAGs
[2026-05-01T07:07:10.346+0000] {logging_mixin.py:190} INFO - [2026-05-01T07:07:10.346+0000] {dag.py:4180} INFO - Setting next_dagrun for system_dag to 2026-04-30T00:00:00+00:00, run_after=2026-05-01T00:00:00+00:00
[2026-05-01T07:07:10.363+0000] {processor.py:208} INFO - Processing /opt/airflow/dags/system_dag.py took 0.099 seconds
[2026-05-01T07:07:42.518+0000] {processor.py:186} INFO - Started process (PID=495) to work on /opt/airflow/dags/system_dag.py
[2026-05-01T07:07:42.519+0000] {processor.py:914} INFO - Processing file /opt/airflow/dags/system_dag.py for tasks to queue
[2026-05-01T07:07:42.520+0000] {logging_mixin.py:190} INFO - [2026-05-01T07:07:42.520+0000] {dagbag.py:588} INFO - Filling up the DagBag from /opt/airflow/dags/system_dag.py
[2026-05-01T07:07:42.536+0000] {processor.py:925} INFO - DAG(s) 'system_dag' retrieved from /opt/airflow/dags/system_dag.py
[2026-05-01T07:07:42.566+0000] {logging_mixin.py:190} INFO - [2026-05-01T07:07:42.566+0000] {dag.py:3239} INFO - Sync 1 DAGs
[2026-05-01T07:07:42.590+0000] {logging_mixin.py:190} INFO - [2026-05-01T07:07:42.590+0000] {dag.py:4180} INFO - Setting next_dagrun for system_dag to 2026-04-30T00:00:00+00:00, run_after=2026-05-01T00:00:00+00:00
[2026-05-01T07:07:42.608+0000] {processor.py:208} INFO - Processing /opt/airflow/dags/system_dag.py took 0.096 seconds
[2026-05-01T07:08:15.799+0000] {processor.py:186} INFO - Started process (PID=499) to work on /opt/airflow/dags/system_dag.py
[2026-05-01T07:08:15.800+0000] {processor.py:914} INFO - Processing file /opt/airflow/dags/system_dag.py for tasks to queue
[2026-05-01T07:08:15.801+0000] {logging_mixin.py:190} INFO - [2026-05-01T07:08:15.801+0000] {dagbag.py:588} INFO - Filling up the DagBag from /opt/airflow/dags/system_dag.py
[2026-05-01T07:08:15.828+0000] {processor.py:925} INFO - DAG(s) 'system_dag' retrieved from /opt/airflow/dags/system_dag.py
[2026-05-01T07:08:15.884+0000] {logging_mixin.py:190} INFO - [2026-05-01T07:08:15.883+0000] {dag.py:3239} INFO - Sync 1 DAGs
[2026-05-01T07:08:15.915+0000] {logging_mixin.py:190} INFO - [2026-05-01T07:08:15.915+0000] {dag.py:4180} INFO - Setting next_dagrun for system_dag to 2026-04-30T00:00:00+00:00, run_after=2026-05-01T00:00:00+00:00
[2026-05-01T07:08:15.942+0000] {processor.py:208} INFO - Processing /opt/airflow/dags/system_dag.py took 0.151 seconds
[2026-05-01T07:08:48.061+0000] {processor.py:186} INFO - Started process (PID=503) to work on /opt/airflow/dags/system_dag.py
[2026-05-01T07:08:48.061+0000] {processor.py:914} INFO - Processing file /opt/airflow/dags/system_dag.py for tasks to queue
[2026-05-01T07:08:48.063+0000] {logging_mixin.py:190} INFO - [2026-05-01T07:08:48.062+0000] {dagbag.py:588} INFO - Filling up the DagBag from /opt/airflow/dags/system_dag.py
[2026-05-01T07:08:48.080+0000] {processor.py:925} INFO - DAG(s) 'system_dag' retrieved from /opt/airflow/dags/system_dag.py
[2026-05-01T07:08:48.114+0000] {logging_mixin.py:190} INFO - [2026-05-01T07:08:48.114+0000] {dag.py:3239} INFO - Sync 1 DAGs
[2026-05-01T07:08:48.145+0000] {logging_mixin.py:190} INFO - [2026-05-01T07:08:48.145+0000] {dag.py:4180} INFO - Setting next_dagrun for system_dag to 2026-04-30T00:00:00+00:00, run_after=2026-05-01T00:00:00+00:00
[2026-05-01T07:08:48.167+0000] {processor.py:208} INFO - Processing /opt/airflow/dags/system_dag.py took 0.112 seconds
[2026-05-01T07:09:21.343+0000] {processor.py:186} INFO - Started process (PID=507) to work on /opt/airflow/dags/system_dag.py
[2026-05-01T07:09:21.344+0000] {processor.py:914} INFO - Processing file /opt/airflow/dags/system_dag.py for tasks to queue
[2026-05-01T07:09:21.347+0000] {logging_mixin.py:190} INFO - [2026-05-01T07:09:21.346+0000] {dagbag.py:588} INFO - Filling up the DagBag from /opt/airflow/dags/system_dag.py
[2026-05-01T07:09:21.375+0000] {processor.py:925} INFO - DAG(s) 'system_dag' retrieved from /opt/airflow/dags/system_dag.py
[2026-05-01T07:09:21.414+0000] {logging_mixin.py:190} INFO - [2026-05-01T07:09:21.413+0000] {dag.py:3239} INFO - Sync 1 DAGs
[2026-05-01T07:09:21.451+0000] {logging_mixin.py:190} INFO - [2026-05-01T07:09:21.450+0000] {dag.py:4180} INFO - Setting next_dagrun for system_dag to 2026-04-30T00:00:00+00:00, run_after=2026-05-01T00:00:00+00:00
[2026-05-01T07:09:21.475+0000] {processor.py:208} INFO - Processing /opt/airflow/dags/system_dag.py took 0.143 seconds
[2026-05-01T07:09:53.598+0000] {processor.py:186} INFO - Started process (PID=511) to work on /opt/airflow/dags/system_dag.py
[2026-05-01T07:09:53.599+0000] {processor.py:914} INFO - Processing file /opt/airflow/dags/system_dag.py for tasks to queue
[2026-05-01T07:09:53.601+0000] {logging_mixin.py:190} INFO - [2026-05-01T07:09:53.600+0000] {dagbag.py:588} INFO - Filling up the DagBag from /opt/airflow/dags/system_dag.py
[2026-05-01T07:09:53.621+0000] {processor.py:925} INFO - DAG(s) 'system_dag' retrieved from /opt/airflow/dags/system_dag.py
[2026-05-01T07:09:53.660+0000] {logging_mixin.py:190} INFO - [2026-05-01T07:09:53.660+0000] {dag.py:3239} INFO - Sync 1 DAGs
[2026-05-01T07:09:53.690+0000] {logging_mixin.py:190} INFO - [2026-05-01T07:09:53.690+0000] {dag.py:4180} INFO - Setting next_dagrun for system_dag to 2026-04-30T00:00:00+00:00, run_after=2026-05-01T00:00:00+00:00
[2026-05-01T07:09:53.715+0000] {processor.py:208} INFO - Processing /opt/airflow/dags/system_dag.py took 0.124 seconds
[2026-05-01T07:10:26.040+0000] {processor.py:186} INFO - Started process (PID=515) to work on /opt/airflow/dags/system_dag.py
[2026-05-01T07:10:26.041+0000] {processor.py:914} INFO - Processing file /opt/airflow/dags/system_dag.py for tasks to queue
[2026-05-01T07:10:26.042+0000] {logging_mixin.py:190} INFO - [2026-05-01T07:10:26.042+0000] {dagbag.py:588} INFO - Filling up the DagBag from /opt/airflow/dags/system_dag.py
[2026-05-01T07:10:26.059+0000] {processor.py:925} INFO - DAG(s) 'system_dag' retrieved from /opt/airflow/dags/system_dag.py
[2026-05-01T07:10:26.093+0000] {logging_mixin.py:190} INFO - [2026-05-01T07:10:26.093+0000] {dag.py:3239} INFO - Sync 1 DAGs
[2026-05-01T07:10:26.117+0000] {logging_mixin.py:190} INFO - [2026-05-01T07:10:26.117+0000] {dag.py:4180} INFO - Setting next_dagrun for system_dag to 2026-04-30T00:00:00+00:00, run_after=2026-05-01T00:00:00+00:00
[2026-05-01T07:10:26.135+0000] {processor.py:208} INFO - Processing /opt/airflow/dags/system_dag.py took 0.100 seconds
[2026-05-01T07:10:59.264+0000] {processor.py:186} INFO - Started process (PID=519) to work on /opt/airflow/dags/system_dag.py
[2026-05-01T07:10:59.265+0000] {processor.py:914} INFO - Processing file /opt/airflow/dags/system_dag.py for tasks to queue
[2026-05-01T07:10:59.266+0000] {logging_mixin.py:190} INFO - [2026-05-01T07:10:59.266+0000] {dagbag.py:588} INFO - Filling up the DagBag from /opt/airflow/dags/system_dag.py
[2026-05-01T07:10:59.282+0000] {processor.py:925} INFO - DAG(s) 'system_dag' retrieved from /opt/airflow/dags/system_dag.py
[2026-05-01T07:10:59.315+0000] {logging_mixin.py:190} INFO - [2026-05-01T07:10:59.315+0000] {dag.py:3239} INFO - Sync 1 DAGs
[2026-05-01T07:10:59.341+0000] {logging_mixin.py:190} INFO - [2026-05-01T07:10:59.340+0000] {dag.py:4180} INFO - Setting next_dagrun for system_dag to 2026-04-30T00:00:00+00:00, run_after=2026-05-01T00:00:00+00:00
[2026-05-01T07:10:59.360+0000] {processor.py:208} INFO - Processing /opt/airflow/dags/system_dag.py took 0.102 seconds
[2026-05-01T07:11:31.506+0000] {processor.py:186} INFO - Started process (PID=523) to work on /opt/airflow/dags/system_dag.py
[2026-05-01T07:11:31.506+0000] {processor.py:914} INFO - Processing file /opt/airflow/dags/system_dag.py for tasks to queue
[2026-05-01T07:11:31.508+0000] {logging_mixin.py:190} INFO - [2026-05-01T07:11:31.507+0000] {dagbag.py:588} INFO - Filling up the DagBag from /opt/airflow/dags/system_dag.py
[2026-05-01T07:11:31.523+0000] {processor.py:925} INFO - DAG(s) 'system_dag' retrieved from /opt/airflow/dags/system_dag.py
[2026-05-01T07:11:31.555+0000] {logging_mixin.py:190} INFO - [2026-05-01T07:11:31.555+0000] {dag.py:3239} INFO - Sync 1 DAGs
[2026-05-01T07:11:31.581+0000] {logging_mixin.py:190} INFO - [2026-05-01T07:11:31.581+0000] {dag.py:4180} INFO - Setting next_dagrun for system_dag to 2026-04-30T00:00:00+00:00, run_after=2026-05-01T00:00:00+00:00
[2026-05-01T07:11:31.599+0000] {processor.py:208} INFO - Processing /opt/airflow/dags/system_dag.py took 0.099 seconds
[2026-05-01T07:12:04.728+0000] {processor.py:186} INFO - Started process (PID=527) to work on /opt/airflow/dags/system_dag.py
[2026-05-01T07:12:04.728+0000] {processor.py:914} INFO - Processing file /opt/airflow/dags/system_dag.py for tasks to queue
[2026-05-01T07:12:04.729+0000] {logging_mixin.py:190} INFO - [2026-05-01T07:12:04.729+0000] {dagbag.py:588} INFO - Filling up the DagBag from /opt/airflow/dags/system_dag.py
[2026-05-01T07:12:04.746+0000] {processor.py:925} INFO - DAG(s) 'system_dag' retrieved from /opt/airflow/dags/system_dag.py
[2026-05-01T07:12:04.777+0000] {logging_mixin.py:190} INFO - [2026-05-01T07:12:04.777+0000] {dag.py:3239} INFO - Sync 1 DAGs
[2026-05-01T07:12:04.805+0000] {logging_mixin.py:190} INFO - [2026-05-01T07:12:04.804+0000] {dag.py:4180} INFO - Setting next_dagrun for system_dag to 2026-04-30T00:00:00+00:00, run_after=2026-05-01T00:00:00+00:00
[2026-05-01T07:12:04.823+0000] {processor.py:208} INFO - Processing /opt/airflow/dags/system_dag.py took 0.101 seconds
[2026-05-01T07:12:37.004+0000] {processor.py:186} INFO - Started process (PID=531) to work on /opt/airflow/dags/system_dag.py
[2026-05-01T07:12:37.005+0000] {processor.py:914} INFO - Processing file /opt/airflow/dags/system_dag.py for tasks to queue
[2026-05-01T07:12:37.007+0000] {logging_mixin.py:190} INFO - [2026-05-01T07:12:37.006+0000] {dagbag.py:588} INFO - Filling up the DagBag from /opt/airflow/dags/system_dag.py
[2026-05-01T07:12:37.025+0000] {processor.py:925} INFO - DAG(s) 'system_dag' retrieved from /opt/airflow/dags/system_dag.py
[2026-05-01T07:12:37.058+0000] {logging_mixin.py:190} INFO - [2026-05-01T07:12:37.058+0000] {dag.py:3239} INFO - Sync 1 DAGs
[2026-05-01T07:12:37.084+0000] {logging_mixin.py:190} INFO - [2026-05-01T07:12:37.084+0000] {dag.py:4180} INFO - Setting next_dagrun for system_dag to 2026-04-30T00:00:00+00:00, run_after=2026-05-01T00:00:00+00:00
[2026-05-01T07:12:37.105+0000] {processor.py:208} INFO - Processing /opt/airflow/dags/system_dag.py took 0.107 seconds
[2026-05-01T07:13:10.234+0000] {processor.py:186} INFO - Started process (PID=535) to work on /opt/airflow/dags/system_dag.py
[2026-05-01T07:13:10.235+0000] {processor.py:914} INFO - Processing file /opt/airflow/dags/system_dag.py for tasks to queue
[2026-05-01T07:13:10.236+0000] {logging_mixin.py:190} INFO - [2026-05-01T07:13:10.236+0000] {dagbag.py:588} INFO - Filling up the DagBag from /opt/airflow/dags/system_dag.py
[2026-05-01T07:13:10.253+0000] {processor.py:925} INFO - DAG(s) 'system_dag' retrieved from /opt/airflow/dags/system_dag.py
[2026-05-01T07:13:10.285+0000] {logging_mixin.py:190} INFO - [2026-05-01T07:13:10.284+0000] {dag.py:3239} INFO - Sync 1 DAGs
[2026-05-01T07:13:10.312+0000] {logging_mixin.py:190} INFO - [2026-05-01T07:13:10.312+0000] {dag.py:4180} INFO - Setting next_dagrun for system_dag to 2026-04-30T00:00:00+00:00, run_after=2026-05-01T00:00:00+00:00
[2026-05-01T07:13:10.331+0000] {processor.py:208} INFO - Processing /opt/airflow/dags/system_dag.py took 0.103 seconds
[2026-05-01T07:13:42.484+0000] {processor.py:186} INFO - Started process (PID=539) to work on /opt/airflow/dags/system_dag.py
[2026-05-01T07:13:42.484+0000] {processor.py:914} INFO - Processing file /opt/airflow/dags/system_dag.py for tasks to queue
[2026-05-01T07:13:42.486+0000] {logging_mixin.py:190} INFO - [2026-05-01T07:13:42.485+0000] {dagbag.py:588} INFO - Filling up the DagBag from /opt/airflow/dags/system_dag.py
[2026-05-01T07:13:42.508+0000] {processor.py:925} INFO - DAG(s) 'system_dag' retrieved from /opt/airflow/dags/system_dag.py
[2026-05-01T07:13:42.545+0000] {logging_mixin.py:190} INFO - [2026-05-01T07:13:42.545+0000] {dag.py:3239} INFO - Sync 1 DAGs
[2026-05-01T07:13:42.575+0000] {logging_mixin.py:190} INFO - [2026-05-01T07:13:42.575+0000] {dag.py:4180} INFO - Setting next_dagrun for system_dag to 2026-04-30T00:00:00+00:00, run_after=2026-05-01T00:00:00+00:00
[2026-05-01T07:13:42.604+0000] {processor.py:208} INFO - Processing /opt/airflow/dags/system_dag.py took 0.126 seconds
[2026-05-01T07:14:15.762+0000] {processor.py:186} INFO - Started process (PID=543) to work on /opt/airflow/dags/system_dag.py
[2026-05-01T07:14:15.763+0000] {processor.py:914} INFO - Processing file /opt/airflow/dags/system_dag.py for tasks to queue
[2026-05-01T07:14:15.765+0000] {logging_mixin.py:190} INFO - [2026-05-01T07:14:15.764+0000] {dagbag.py:588} INFO - Filling up the DagBag from /opt/airflow/dags/system_dag.py
[2026-05-01T07:14:15.782+0000] {processor.py:925} INFO - DAG(s) 'system_dag' retrieved from /opt/airflow/dags/system_dag.py
[2026-05-01T07:14:15.814+0000] {logging_mixin.py:190} INFO - [2026-05-01T07:14:15.814+0000] {dag.py:3239} INFO - Sync 1 DAGs
[2026-05-01T07:14:15.842+0000] {logging_mixin.py:190} INFO - [2026-05-01T07:14:15.842+0000] {dag.py:4180} INFO - Setting next_dagrun for system_dag to 2026-04-30T00:00:00+00:00, run_after=2026-05-01T00:00:00+00:00
[2026-05-01T07:14:15.863+0000] {processor.py:208} INFO - Processing /opt/airflow/dags/system_dag.py took 0.107 seconds
[2026-05-01T07:14:48.129+0000] {processor.py:186} INFO - Started process (PID=547) to work on /opt/airflow/dags/system_dag.py
[2026-05-01T07:14:48.130+0000] {processor.py:914} INFO - Processing file /opt/airflow/dags/system_dag.py for tasks to queue
[2026-05-01T07:14:48.131+0000] {logging_mixin.py:190} INFO - [2026-05-01T07:14:48.131+0000] {dagbag.py:588} INFO - Filling up the DagBag from /opt/airflow/dags/system_dag.py
[2026-05-01T07:14:48.150+0000] {processor.py:925} INFO - DAG(s) 'system_dag' retrieved from /opt/airflow/dags/system_dag.py
[2026-05-01T07:14:48.187+0000] {logging_mixin.py:190} INFO - [2026-05-01T07:14:48.187+0000] {dag.py:3239} INFO - Sync 1 DAGs
[2026-05-01T07:14:48.215+0000] {logging_mixin.py:190} INFO - [2026-05-01T07:14:48.214+0000] {dag.py:4180} INFO - Setting next_dagrun for system_dag to 2026-04-30T00:00:00+00:00, run_after=2026-05-01T00:00:00+00:00
[2026-05-01T07:14:48.239+0000] {processor.py:208} INFO - Processing /opt/airflow/dags/system_dag.py took 0.117 seconds
[2026-05-01T07:15:21.410+0000] {processor.py:186} INFO - Started process (PID=551) to work on /opt/airflow/dags/system_dag.py
[2026-05-01T07:15:21.411+0000] {processor.py:914} INFO - Processing file /opt/airflow/dags/system_dag.py for tasks to queue
[2026-05-01T07:15:21.412+0000] {logging_mixin.py:190} INFO - [2026-05-01T07:15:21.412+0000] {dagbag.py:588} INFO - Filling up the DagBag from /opt/airflow/dags/system_dag.py
[2026-05-01T07:15:21.428+0000] {processor.py:925} INFO - DAG(s) 'system_dag' retrieved from /opt/airflow/dags/system_dag.py
[2026-05-01T07:15:21.459+0000] {logging_mixin.py:190} INFO - [2026-05-01T07:15:21.459+0000] {dag.py:3239} INFO - Sync 1 DAGs
[2026-05-01T07:15:21.484+0000] {logging_mixin.py:190} INFO - [2026-05-01T07:15:21.484+0000] {dag.py:4180} INFO - Setting next_dagrun for system_dag to 2026-04-30T00:00:00+00:00, run_after=2026-05-01T00:00:00+00:00
[2026-05-01T07:15:21.503+0000] {processor.py:208} INFO - Processing /opt/airflow/dags/system_dag.py took 0.100 seconds
[2026-05-01T07:15:53.650+0000] {processor.py:186} INFO - Started process (PID=555) to work on /opt/airflow/dags/system_dag.py
[2026-05-01T07:15:53.651+0000] {processor.py:914} INFO - Processing file /opt/airflow/dags/system_dag.py for tasks to queue
[2026-05-01T07:15:53.652+0000] {logging_mixin.py:190} INFO - [2026-05-01T07:15:53.652+0000] {dagbag.py:588} INFO - Filling up the DagBag from /opt/airflow/dags/system_dag.py
[2026-05-01T07:15:53.667+0000] {processor.py:925} INFO - DAG(s) 'system_dag' retrieved from /opt/airflow/dags/system_dag.py
[2026-05-01T07:15:53.700+0000] {logging_mixin.py:190} INFO - [2026-05-01T07:15:53.700+0000] {dag.py:3239} INFO - Sync 1 DAGs
[2026-05-01T07:15:53.727+0000] {logging_mixin.py:190} INFO - [2026-05-01T07:15:53.727+0000] {dag.py:4180} INFO - Setting next_dagrun for system_dag to 2026-04-30T00:00:00+00:00, run_after=2026-05-01T00:00:00+00:00
[2026-05-01T07:15:53.747+0000] {processor.py:208} INFO - Processing /opt/airflow/dags/system_dag.py took 0.102 seconds
[2026-05-01T07:16:26.997+0000] {processor.py:186} INFO - Started process (PID=559) to work on /opt/airflow/dags/system_dag.py
[2026-05-01T07:16:26.998+0000] {processor.py:914} INFO - Processing file /opt/airflow/dags/system_dag.py for tasks to queue
[2026-05-01T07:16:26.999+0000] {logging_mixin.py:190} INFO - [2026-05-01T07:16:26.999+0000] {dagbag.py:588} INFO - Filling up the DagBag from /opt/airflow/dags/system_dag.py
[2026-05-01T07:16:27.019+0000] {processor.py:925} INFO - DAG(s) 'system_dag' retrieved from /opt/airflow/dags/system_dag.py
[2026-05-01T07:16:27.056+0000] {logging_mixin.py:190} INFO - [2026-05-01T07:16:27.056+0000] {dag.py:3239} INFO - Sync 1 DAGs
[2026-05-01T07:16:27.089+0000] {logging_mixin.py:190} INFO - [2026-05-01T07:16:27.088+0000] {dag.py:4180} INFO - Setting next_dagrun for system_dag to 2026-04-30T00:00:00+00:00, run_after=2026-05-01T00:00:00+00:00
[2026-05-01T07:16:27.111+0000] {processor.py:208} INFO - Processing /opt/airflow/dags/system_dag.py took 0.121 seconds
[2026-05-01T07:16:59.379+0000] {processor.py:186} INFO - Started process (PID=563) to work on /opt/airflow/dags/system_dag.py
[2026-05-01T07:16:59.380+0000] {processor.py:914} INFO - Processing file /opt/airflow/dags/system_dag.py for tasks to queue
[2026-05-01T07:16:59.382+0000] {logging_mixin.py:190} INFO - [2026-05-01T07:16:59.381+0000] {dagbag.py:588} INFO - Filling up the DagBag from /opt/airflow/dags/system_dag.py
[2026-05-01T07:16:59.420+0000] {processor.py:925} INFO - DAG(s) 'system_dag' retrieved from /opt/airflow/dags/system_dag.py
[2026-05-01T07:16:59.484+0000] {logging_mixin.py:190} INFO - [2026-05-01T07:16:59.484+0000] {dag.py:3239} INFO - Sync 1 DAGs
[2026-05-01T07:16:59.589+0000] {logging_mixin.py:190} INFO - [2026-05-01T07:16:59.589+0000] {dag.py:4180} INFO - Setting next_dagrun for system_dag to 2026-04-30T00:00:00+00:00, run_after=2026-05-01T00:00:00+00:00
[2026-05-01T07:16:59.638+0000] {processor.py:208} INFO - Processing /opt/airflow/dags/system_dag.py took 0.269 seconds
[2026-05-01T07:17:31.802+0000] {processor.py:186} INFO - Started process (PID=567) to work on /opt/airflow/dags/system_dag.py
[2026-05-01T07:17:31.803+0000] {processor.py:914} INFO - Processing file /opt/airflow/dags/system_dag.py for tasks to queue
[2026-05-01T07:17:31.804+0000] {logging_mixin.py:190} INFO - [2026-05-01T07:17:31.804+0000] {dagbag.py:588} INFO - Filling up the DagBag from /opt/airflow/dags/system_dag.py
[2026-05-01T07:17:31.821+0000] {processor.py:925} INFO - DAG(s) 'system_dag' retrieved from /opt/airflow/dags/system_dag.py
[2026-05-01T07:17:31.853+0000] {logging_mixin.py:190} INFO - [2026-05-01T07:17:31.853+0000] {dag.py:3239} INFO - Sync 1 DAGs
[2026-05-01T07:17:31.884+0000] {logging_mixin.py:190} INFO - [2026-05-01T07:17:31.884+0000] {dag.py:4180} INFO - Setting next_dagrun for system_dag to 2026-04-30T00:00:00+00:00, run_after=2026-05-01T00:00:00+00:00
[2026-05-01T07:17:31.910+0000] {processor.py:208} INFO - Processing /opt/airflow/dags/system_dag.py took 0.114 seconds
[2026-05-01T07:18:05.047+0000] {processor.py:186} INFO - Started process (PID=571) to work on /opt/airflow/dags/system_dag.py
[2026-05-01T07:18:05.048+0000] {processor.py:914} INFO - Processing file /opt/airflow/dags/system_dag.py for tasks to queue
[2026-05-01T07:18:05.049+0000] {logging_mixin.py:190} INFO - [2026-05-01T07:18:05.049+0000] {dagbag.py:588} INFO - Filling up the DagBag from /opt/airflow/dags/system_dag.py
[2026-05-01T07:18:05.066+0000] {processor.py:925} INFO - DAG(s) 'system_dag' retrieved from /opt/airflow/dags/system_dag.py
[2026-05-01T07:18:05.098+0000] {logging_mixin.py:190} INFO - [2026-05-01T07:18:05.097+0000] {dag.py:3239} INFO - Sync 1 DAGs
[2026-05-01T07:18:05.125+0000] {logging_mixin.py:190} INFO - [2026-05-01T07:18:05.124+0000] {dag.py:4180} INFO - Setting next_dagrun for system_dag to 2026-04-30T00:00:00+00:00, run_after=2026-05-01T00:00:00+00:00
[2026-05-01T07:18:05.150+0000] {processor.py:208} INFO - Processing /opt/airflow/dags/system_dag.py took 0.110 seconds
[2026-05-01T07:18:37.333+0000] {processor.py:186} INFO - Started process (PID=575) to work on /opt/airflow/dags/system_dag.py
[2026-05-01T07:18:37.334+0000] {processor.py:914} INFO - Processing file /opt/airflow/dags/system_dag.py for tasks to queue
[2026-05-01T07:18:37.335+0000] {logging_mixin.py:190} INFO - [2026-05-01T07:18:37.335+0000] {dagbag.py:588} INFO - Filling up the DagBag from /opt/airflow/dags/system_dag.py
[2026-05-01T07:18:37.353+0000] {processor.py:925} INFO - DAG(s) 'system_dag' retrieved from /opt/airflow/dags/system_dag.py
[2026-05-01T07:18:37.388+0000] {logging_mixin.py:190} INFO - [2026-05-01T07:18:37.388+0000] {dag.py:3239} INFO - Sync 1 DAGs
[2026-05-01T07:18:37.416+0000] {logging_mixin.py:190} INFO - [2026-05-01T07:18:37.416+0000] {dag.py:4180} INFO - Setting next_dagrun for system_dag to 2026-04-30T00:00:00+00:00, run_after=2026-05-01T00:00:00+00:00
[2026-05-01T07:18:37.436+0000] {processor.py:208} INFO - Processing /opt/airflow/dags/system_dag.py took 0.109 seconds
[2026-05-01T07:19:09.688+0000] {processor.py:186} INFO - Started process (PID=579) to work on /opt/airflow/dags/system_dag.py
[2026-05-01T07:19:09.689+0000] {processor.py:914} INFO - Processing file /opt/airflow/dags/system_dag.py for tasks to queue
[2026-05-01T07:19:09.691+0000] {logging_mixin.py:190} INFO - [2026-05-01T07:19:09.690+0000] {dagbag.py:588} INFO - Filling up the DagBag from /opt/airflow/dags/system_dag.py
[2026-05-01T07:19:09.706+0000] {processor.py:925} INFO - DAG(s) 'system_dag' retrieved from /opt/airflow/dags/system_dag.py
[2026-05-01T07:19:09.739+0000] {logging_mixin.py:190} INFO - [2026-05-01T07:19:09.739+0000] {dag.py:3239} INFO - Sync 1 DAGs
[2026-05-01T07:19:09.765+0000] {logging_mixin.py:190} INFO - [2026-05-01T07:19:09.765+0000] {dag.py:4180} INFO - Setting next_dagrun for system_dag to 2026-04-30T00:00:00+00:00, run_after=2026-05-01T00:00:00+00:00
[2026-05-01T07:19:09.789+0000] {processor.py:208} INFO - Processing /opt/airflow/dags/system_dag.py took 0.106 seconds
[2026-05-01T07:19:42.925+0000] {processor.py:186} INFO - Started process (PID=583) to work on /opt/airflow/dags/system_dag.py
[2026-05-01T07:19:42.926+0000] {processor.py:914} INFO - Processing file /opt/airflow/dags/system_dag.py for tasks to queue
[2026-05-01T07:19:42.927+0000] {logging_mixin.py:190} INFO - [2026-05-01T07:19:42.927+0000] {dagbag.py:588} INFO - Filling up the DagBag from /opt/airflow/dags/system_dag.py
[2026-05-01T07:19:42.943+0000] {processor.py:925} INFO - DAG(s) 'system_dag' retrieved from /opt/airflow/dags/system_dag.py
[2026-05-01T07:19:42.976+0000] {logging_mixin.py:190} INFO - [2026-05-01T07:19:42.976+0000] {dag.py:3239} INFO - Sync 1 DAGs
[2026-05-01T07:19:43.001+0000] {logging_mixin.py:190} INFO - [2026-05-01T07:19:43.000+0000] {dag.py:4180} INFO - Setting next_dagrun for system_dag to 2026-04-30T00:00:00+00:00, run_after=2026-05-01T00:00:00+00:00
[2026-05-01T07:19:43.018+0000] {processor.py:208} INFO - Processing /opt/airflow/dags/system_dag.py took 0.099 seconds
[2026-05-01T07:20:15.165+0000] {processor.py:186} INFO - Started process (PID=587) to work on /opt/airflow/dags/system_dag.py
[2026-05-01T07:20:15.165+0000] {processor.py:914} INFO - Processing file /opt/airflow/dags/system_dag.py for tasks to queue
[2026-05-01T07:20:15.167+0000] {logging_mixin.py:190} INFO - [2026-05-01T07:20:15.166+0000] {dagbag.py:588} INFO - Filling up the DagBag from /opt/airflow/dags/system_dag.py
[2026-05-01T07:20:15.182+0000] {processor.py:925} INFO - DAG(s) 'system_dag' retrieved from /opt/airflow/dags/system_dag.py
[2026-05-01T07:20:15.213+0000] {logging_mixin.py:190} INFO - [2026-05-01T07:20:15.213+0000] {dag.py:3239} INFO - Sync 1 DAGs
[2026-05-01T07:20:15.237+0000] {logging_mixin.py:190} INFO - [2026-05-01T07:20:15.237+0000] {dag.py:4180} INFO - Setting next_dagrun for system_dag to 2026-04-30T00:00:00+00:00, run_after=2026-05-01T00:00:00+00:00
[2026-05-01T07:20:15.259+0000] {processor.py:208} INFO - Processing /opt/airflow/dags/system_dag.py took 0.100 seconds
[2026-05-01T07:20:48.429+0000] {processor.py:186} INFO - Started process (PID=591) to work on /opt/airflow/dags/system_dag.py
[2026-05-01T07:20:48.430+0000] {processor.py:914} INFO - Processing file /opt/airflow/dags/system_dag.py for tasks to queue
[2026-05-01T07:20:48.432+0000] {logging_mixin.py:190} INFO - [2026-05-01T07:20:48.432+0000] {dagbag.py:588} INFO - Filling up the DagBag from /opt/airflow/dags/system_dag.py
[2026-05-01T07:20:48.452+0000] {processor.py:925} INFO - DAG(s) 'system_dag' retrieved from /opt/airflow/dags/system_dag.py
[2026-05-01T07:20:48.490+0000] {logging_mixin.py:190} INFO - [2026-05-01T07:20:48.490+0000] {dag.py:3239} INFO - Sync 1 DAGs
[2026-05-01T07:20:48.523+0000] {logging_mixin.py:190} INFO - [2026-05-01T07:20:48.522+0000] {dag.py:4180} INFO - Setting next_dagrun for system_dag to 2026-04-30T00:00:00+00:00, run_after=2026-05-01T00:00:00+00:00
[2026-05-01T07:20:48.546+0000] {processor.py:208} INFO - Processing /opt/airflow/dags/system_dag.py took 0.124 seconds
[2026-05-01T07:21:20.709+0000] {processor.py:186} INFO - Started process (PID=595) to work on /opt/airflow/dags/system_dag.py
[2026-05-01T07:21:20.710+0000] {processor.py:914} INFO - Processing file /opt/airflow/dags/system_dag.py for tasks to queue
[2026-05-01T07:21:20.712+0000] {logging_mixin.py:190} INFO - [2026-05-01T07:21:20.712+0000] {dagbag.py:588} INFO - Filling up the DagBag from /opt/airflow/dags/system_dag.py
[2026-05-01T07:21:20.729+0000] {processor.py:925} INFO - DAG(s) 'system_dag' retrieved from /opt/airflow/dags/system_dag.py
[2026-05-01T07:21:20.761+0000] {logging_mixin.py:190} INFO - [2026-05-01T07:21:20.761+0000] {dag.py:3239} INFO - Sync 1 DAGs
[2026-05-01T07:21:20.786+0000] {logging_mixin.py:190} INFO - [2026-05-01T07:21:20.786+0000] {dag.py:4180} INFO - Setting next_dagrun for system_dag to 2026-04-30T00:00:00+00:00, run_after=2026-05-01T00:00:00+00:00
[2026-05-01T07:21:20.806+0000] {processor.py:208} INFO - Processing /opt/airflow/dags/system_dag.py took 0.103 seconds
[2026-05-01T07:21:53.982+0000] {processor.py:186} INFO - Started process (PID=599) to work on /opt/airflow/dags/system_dag.py
[2026-05-01T07:21:53.982+0000] {processor.py:914} INFO - Processing file /opt/airflow/dags/system_dag.py for tasks to queue
[2026-05-01T07:21:53.984+0000] {logging_mixin.py:190} INFO - [2026-05-01T07:21:53.983+0000] {dagbag.py:588} INFO - Filling up the DagBag from /opt/airflow/dags/system_dag.py
[2026-05-01T07:21:54.001+0000] {processor.py:925} INFO - DAG(s) 'system_dag' retrieved from /opt/airflow/dags/system_dag.py
[2026-05-01T07:21:54.033+0000] {logging_mixin.py:190} INFO - [2026-05-01T07:21:54.033+0000] {dag.py:3239} INFO - Sync 1 DAGs
[2026-05-01T07:21:54.057+0000] {logging_mixin.py:190} INFO - [2026-05-01T07:21:54.057+0000] {dag.py:4180} INFO - Setting next_dagrun for system_dag to 2026-04-30T00:00:00+00:00, run_after=2026-05-01T00:00:00+00:00
[2026-05-01T07:21:54.080+0000] {processor.py:208} INFO - Processing /opt/airflow/dags/system_dag.py took 0.105 seconds
[2026-05-01T07:22:26.282+0000] {processor.py:186} INFO - Started process (PID=603) to work on /opt/airflow/dags/system_dag.py
[2026-05-01T07:22:26.283+0000] {processor.py:914} INFO - Processing file /opt/airflow/dags/system_dag.py for tasks to queue
[2026-05-01T07:22:26.284+0000] {logging_mixin.py:190} INFO - [2026-05-01T07:22:26.284+0000] {dagbag.py:588} INFO - Filling up the DagBag from /opt/airflow/dags/system_dag.py
[2026-05-01T07:22:26.305+0000] {processor.py:925} INFO - DAG(s) 'system_dag' retrieved from /opt/airflow/dags/system_dag.py
[2026-05-01T07:22:26.342+0000] {logging_mixin.py:190} INFO - [2026-05-01T07:22:26.342+0000] {dag.py:3239} INFO - Sync 1 DAGs
[2026-05-01T07:22:26.369+0000] {logging_mixin.py:190} INFO - [2026-05-01T07:22:26.369+0000] {dag.py:4180} INFO - Setting next_dagrun for system_dag to 2026-04-30T00:00:00+00:00, run_after=2026-05-01T00:00:00+00:00
[2026-05-01T07:22:26.395+0000] {processor.py:208} INFO - Processing /opt/airflow/dags/system_dag.py took 0.119 seconds
[2026-05-01T07:22:59.516+0000] {processor.py:186} INFO - Started process (PID=607) to work on /opt/airflow/dags/system_dag.py
[2026-05-01T07:22:59.516+0000] {processor.py:914} INFO - Processing file /opt/airflow/dags/system_dag.py for tasks to queue
[2026-05-01T07:22:59.518+0000] {logging_mixin.py:190} INFO - [2026-05-01T07:22:59.518+0000] {dagbag.py:588} INFO - Filling up the DagBag from /opt/airflow/dags/system_dag.py
[2026-05-01T07:22:59.534+0000] {processor.py:925} INFO - DAG(s) 'system_dag' retrieved from /opt/airflow/dags/system_dag.py
[2026-05-01T07:22:59.566+0000] {logging_mixin.py:190} INFO - [2026-05-01T07:22:59.566+0000] {dag.py:3239} INFO - Sync 1 DAGs
[2026-05-01T07:22:59.591+0000] {logging_mixin.py:190} INFO - [2026-05-01T07:22:59.590+0000] {dag.py:4180} INFO - Setting next_dagrun for system_dag to 2026-04-30T00:00:00+00:00, run_after=2026-05-01T00:00:00+00:00
[2026-05-01T07:22:59.611+0000] {processor.py:208} INFO - Processing /opt/airflow/dags/system_dag.py took 0.101 seconds
[2026-05-01T07:23:31.925+0000] {processor.py:186} INFO - Started process (PID=611) to work on /opt/airflow/dags/system_dag.py
[2026-05-01T07:23:31.926+0000] {processor.py:914} INFO - Processing file /opt/airflow/dags/system_dag.py for tasks to queue
[2026-05-01T07:23:31.928+0000] {logging_mixin.py:190} INFO - [2026-05-01T07:23:31.927+0000] {dagbag.py:588} INFO - Filling up the DagBag from /opt/airflow/dags/system_dag.py
[2026-05-01T07:23:31.950+0000] {processor.py:925} INFO - DAG(s) 'system_dag' retrieved from /opt/airflow/dags/system_dag.py
[2026-05-01T07:23:31.991+0000] {logging_mixin.py:190} INFO - [2026-05-01T07:23:31.991+0000] {dag.py:3239} INFO - Sync 1 DAGs
[2026-05-01T07:23:32.018+0000] {logging_mixin.py:190} INFO - [2026-05-01T07:23:32.018+0000] {dag.py:4180} INFO - Setting next_dagrun for system_dag to 2026-04-30T00:00:00+00:00, run_after=2026-05-01T00:00:00+00:00
[2026-05-01T07:23:32.037+0000] {processor.py:208} INFO - Processing /opt/airflow/dags/system_dag.py took 0.119 seconds
[2026-05-01T07:24:04.307+0000] {processor.py:186} INFO - Started process (PID=615) to work on /opt/airflow/dags/system_dag.py
[2026-05-01T07:24:04.307+0000] {processor.py:914} INFO - Processing file /opt/airflow/dags/system_dag.py for tasks to queue
[2026-05-01T07:24:04.308+0000] {logging_mixin.py:190} INFO - [2026-05-01T07:24:04.308+0000] {dagbag.py:588} INFO - Filling up the DagBag from /opt/airflow/dags/system_dag.py
[2026-05-01T07:24:04.326+0000] {processor.py:925} INFO - DAG(s) 'system_dag' retrieved from /opt/airflow/dags/system_dag.py
[2026-05-01T07:24:04.358+0000] {logging_mixin.py:190} INFO - [2026-05-01T07:24:04.358+0000] {dag.py:3239} INFO - Sync 1 DAGs
[2026-05-01T07:24:04.385+0000] {logging_mixin.py:190} INFO - [2026-05-01T07:24:04.385+0000] {dag.py:4180} INFO - Setting next_dagrun for system_dag to 2026-04-30T00:00:00+00:00, run_after=2026-05-01T00:00:00+00:00
[2026-05-01T07:24:04.418+0000] {processor.py:208} INFO - Processing /opt/airflow/dags/system_dag.py took 0.118 seconds
[2026-05-01T07:24:37.613+0000] {processor.py:186} INFO - Started process (PID=619) to work on /opt/airflow/dags/system_dag.py
[2026-05-01T07:24:37.614+0000] {processor.py:914} INFO - Processing file /opt/airflow/dags/system_dag.py for tasks to queue
[2026-05-01T07:24:37.615+0000] {logging_mixin.py:190} INFO - [2026-05-01T07:24:37.615+0000] {dagbag.py:588} INFO - Filling up the DagBag from /opt/airflow/dags/system_dag.py
[2026-05-01T07:24:37.634+0000] {processor.py:925} INFO - DAG(s) 'system_dag' retrieved from /opt/airflow/dags/system_dag.py
[2026-05-01T07:24:37.669+0000] {logging_mixin.py:190} INFO - [2026-05-01T07:24:37.669+0000] {dag.py:3239} INFO - Sync 1 DAGs
[2026-05-01T07:24:37.700+0000] {logging_mixin.py:190} INFO - [2026-05-01T07:24:37.700+0000] {dag.py:4180} INFO - Setting next_dagrun for system_dag to 2026-04-30T00:00:00+00:00, run_after=2026-05-01T00:00:00+00:00
[2026-05-01T07:24:37.722+0000] {processor.py:208} INFO - Processing /opt/airflow/dags/system_dag.py took 0.116 seconds
[2026-05-01T07:25:09.724+0000] {processor.py:186} INFO - Started process (PID=623) to work on /opt/airflow/dags/system_dag.py
[2026-05-01T07:25:09.725+0000] {processor.py:914} INFO - Processing file /opt/airflow/dags/system_dag.py for tasks to queue
[2026-05-01T07:25:09.726+0000] {logging_mixin.py:190} INFO - [2026-05-01T07:25:09.726+0000] {dagbag.py:588} INFO - Filling up the DagBag from /opt/airflow/dags/system_dag.py
[2026-05-01T07:25:09.744+0000] {processor.py:925} INFO - DAG(s) 'system_dag' retrieved from /opt/airflow/dags/system_dag.py
[2026-05-01T07:25:09.775+0000] {logging_mixin.py:190} INFO - [2026-05-01T07:25:09.775+0000] {dag.py:3239} INFO - Sync 1 DAGs
[2026-05-01T07:25:09.801+0000] {logging_mixin.py:190} INFO - [2026-05-01T07:25:09.801+0000] {dag.py:4180} INFO - Setting next_dagrun for system_dag to 2026-04-30T00:00:00+00:00, run_after=2026-05-01T00:00:00+00:00
[2026-05-01T07:25:09.820+0000] {processor.py:208} INFO - Processing /opt/airflow/dags/system_dag.py took 0.103 seconds
[2026-05-01T07:25:43.189+0000] {processor.py:186} INFO - Started process (PID=627) to work on /opt/airflow/dags/system_dag.py
[2026-05-01T07:25:43.190+0000] {processor.py:914} INFO - Processing file /opt/airflow/dags/system_dag.py for tasks to queue
[2026-05-01T07:25:43.192+0000] {logging_mixin.py:190} INFO - [2026-05-01T07:25:43.191+0000] {dagbag.py:588} INFO - Filling up the DagBag from /opt/airflow/dags/system_dag.py
[2026-05-01T07:25:43.209+0000] {processor.py:925} INFO - DAG(s) 'system_dag' retrieved from /opt/airflow/dags/system_dag.py
[2026-05-01T07:25:43.242+0000] {logging_mixin.py:190} INFO - [2026-05-01T07:25:43.241+0000] {dag.py:3239} INFO - Sync 1 DAGs
[2026-05-01T07:25:43.268+0000] {logging_mixin.py:190} INFO - [2026-05-01T07:25:43.268+0000] {dag.py:4180} INFO - Setting next_dagrun for system_dag to 2026-04-30T00:00:00+00:00, run_after=2026-05-01T00:00:00+00:00
[2026-05-01T07:25:43.287+0000] {processor.py:208} INFO - Processing /opt/airflow/dags/system_dag.py took 0.104 seconds
[2026-05-01T07:26:15.422+0000] {processor.py:186} INFO - Started process (PID=631) to work on /opt/airflow/dags/system_dag.py
[2026-05-01T07:26:15.423+0000] {processor.py:914} INFO - Processing file /opt/airflow/dags/system_dag.py for tasks to queue
[2026-05-01T07:26:15.425+0000] {logging_mixin.py:190} INFO - [2026-05-01T07:26:15.424+0000] {dagbag.py:588} INFO - Filling up the DagBag from /opt/airflow/dags/system_dag.py
[2026-05-01T07:26:15.445+0000] {processor.py:925} INFO - DAG(s) 'system_dag' retrieved from /opt/airflow/dags/system_dag.py
[2026-05-01T07:26:15.482+0000] {logging_mixin.py:190} INFO - [2026-05-01T07:26:15.482+0000] {dag.py:3239} INFO - Sync 1 DAGs
[2026-05-01T07:26:15.511+0000] {logging_mixin.py:190} INFO - [2026-05-01T07:26:15.511+0000] {dag.py:4180} INFO - Setting next_dagrun for system_dag to 2026-04-30T00:00:00+00:00, run_after=2026-05-01T00:00:00+00:00
[2026-05-01T07:26:15.534+0000] {processor.py:208} INFO - Processing /opt/airflow/dags/system_dag.py took 0.118 seconds
[2026-05-01T07:26:48.685+0000] {processor.py:186} INFO - Started process (PID=635) to work on /opt/airflow/dags/system_dag.py
[2026-05-01T07:26:48.685+0000] {processor.py:914} INFO - Processing file /opt/airflow/dags/system_dag.py for tasks to queue
[2026-05-01T07:26:48.687+0000] {logging_mixin.py:190} INFO - [2026-05-01T07:26:48.687+0000] {dagbag.py:588} INFO - Filling up the DagBag from /opt/airflow/dags/system_dag.py
[2026-05-01T07:26:48.707+0000] {processor.py:925} INFO - DAG(s) 'system_dag' retrieved from /opt/airflow/dags/system_dag.py
[2026-05-01T07:26:48.741+0000] {logging_mixin.py:190} INFO - [2026-05-01T07:26:48.741+0000] {dag.py:3239} INFO - Sync 1 DAGs
[2026-05-01T07:26:48.772+0000] {logging_mixin.py:190} INFO - [2026-05-01T07:26:48.771+0000] {dag.py:4180} INFO - Setting next_dagrun for system_dag to 2026-04-30T00:00:00+00:00, run_after=2026-05-01T00:00:00+00:00
[2026-05-01T07:26:48.798+0000] {processor.py:208} INFO - Processing /opt/airflow/dags/system_dag.py took 0.119 seconds
[2026-05-01T07:27:20.924+0000] {processor.py:186} INFO - Started process (PID=639) to work on /opt/airflow/dags/system_dag.py
[2026-05-01T07:27:20.924+0000] {processor.py:914} INFO - Processing file /opt/airflow/dags/system_dag.py for tasks to queue
[2026-05-01T07:27:20.926+0000] {logging_mixin.py:190} INFO - [2026-05-01T07:27:20.925+0000] {dagbag.py:588} INFO - Filling up the DagBag from /opt/airflow/dags/system_dag.py
[2026-05-01T07:27:20.944+0000] {processor.py:925} INFO - DAG(s) 'system_dag' retrieved from /opt/airflow/dags/system_dag.py
[2026-05-01T07:27:20.983+0000] {logging_mixin.py:190} INFO - [2026-05-01T07:27:20.983+0000] {dag.py:3239} INFO - Sync 1 DAGs
[2026-05-01T07:27:21.020+0000] {logging_mixin.py:190} INFO - [2026-05-01T07:27:21.020+0000] {dag.py:4180} INFO - Setting next_dagrun for system_dag to 2026-04-30T00:00:00+00:00, run_after=2026-05-01T00:00:00+00:00
[2026-05-01T07:27:21.050+0000] {processor.py:208} INFO - Processing /opt/airflow/dags/system_dag.py took 0.132 seconds
[2026-05-01T07:27:54.203+0000] {processor.py:186} INFO - Started process (PID=643) to work on /opt/airflow/dags/system_dag.py
[2026-05-01T07:27:54.204+0000] {processor.py:914} INFO - Processing file /opt/airflow/dags/system_dag.py for tasks to queue
[2026-05-01T07:27:54.205+0000] {logging_mixin.py:190} INFO - [2026-05-01T07:27:54.204+0000] {dagbag.py:588} INFO - Filling up the DagBag from /opt/airflow/dags/system_dag.py
[2026-05-01T07:27:54.221+0000] {processor.py:925} INFO - DAG(s) 'system_dag' retrieved from /opt/airflow/dags/system_dag.py
[2026-05-01T07:27:54.253+0000] {logging_mixin.py:190} INFO - [2026-05-01T07:27:54.253+0000] {dag.py:3239} INFO - Sync 1 DAGs
[2026-05-01T07:27:54.278+0000] {logging_mixin.py:190} INFO - [2026-05-01T07:27:54.278+0000] {dag.py:4180} INFO - Setting next_dagrun for system_dag to 2026-04-30T00:00:00+00:00, run_after=2026-05-01T00:00:00+00:00
[2026-05-01T07:27:54.300+0000] {processor.py:208} INFO - Processing /opt/airflow/dags/system_dag.py took 0.103 seconds
[2026-05-01T07:28:26.454+0000] {processor.py:186} INFO - Started process (PID=647) to work on /opt/airflow/dags/system_dag.py
[2026-05-01T07:28:26.455+0000] {processor.py:914} INFO - Processing file /opt/airflow/dags/system_dag.py for tasks to queue
[2026-05-01T07:28:26.457+0000] {logging_mixin.py:190} INFO - [2026-05-01T07:28:26.457+0000] {dagbag.py:588} INFO - Filling up the DagBag from /opt/airflow/dags/system_dag.py
[2026-05-01T07:28:26.476+0000] {processor.py:925} INFO - DAG(s) 'system_dag' retrieved from /opt/airflow/dags/system_dag.py
[2026-05-01T07:28:26.515+0000] {logging_mixin.py:190} INFO - [2026-05-01T07:28:26.515+0000] {dag.py:3239} INFO - Sync 1 DAGs
[2026-05-01T07:28:26.541+0000] {logging_mixin.py:190} INFO - [2026-05-01T07:28:26.541+0000] {dag.py:4180} INFO - Setting next_dagrun for system_dag to 2026-04-30T00:00:00+00:00, run_after=2026-05-01T00:00:00+00:00
[2026-05-01T07:28:26.562+0000] {processor.py:208} INFO - Processing /opt/airflow/dags/system_dag.py took 0.114 seconds
[2026-05-01T07:28:59.713+0000] {processor.py:186} INFO - Started process (PID=651) to work on /opt/airflow/dags/system_dag.py
[2026-05-01T07:28:59.714+0000] {processor.py:914} INFO - Processing file /opt/airflow/dags/system_dag.py for tasks to queue
[2026-05-01T07:28:59.715+0000] {logging_mixin.py:190} INFO - [2026-05-01T07:28:59.715+0000] {dagbag.py:588} INFO - Filling up the DagBag from /opt/airflow/dags/system_dag.py
[2026-05-01T07:28:59.733+0000] {processor.py:925} INFO - DAG(s) 'system_dag' retrieved from /opt/airflow/dags/system_dag.py
[2026-05-01T07:28:59.765+0000] {logging_mixin.py:190} INFO - [2026-05-01T07:28:59.765+0000] {dag.py:3239} INFO - Sync 1 DAGs
[2026-05-01T07:28:59.793+0000] {logging_mixin.py:190} INFO - [2026-05-01T07:28:59.793+0000] {dag.py:4180} INFO - Setting next_dagrun for system_dag to 2026-04-30T00:00:00+00:00, run_after=2026-05-01T00:00:00+00:00
[2026-05-01T07:28:59.852+0000] {processor.py:208} INFO - Processing /opt/airflow/dags/system_dag.py took 0.146 seconds
[2026-05-01T07:29:32.129+0000] {processor.py:186} INFO - Started process (PID=655) to work on /opt/airflow/dags/system_dag.py
[2026-05-01T07:29:32.130+0000] {processor.py:914} INFO - Processing file /opt/airflow/dags/system_dag.py for tasks to queue
[2026-05-01T07:29:32.131+0000] {logging_mixin.py:190} INFO - [2026-05-01T07:29:32.131+0000] {dagbag.py:588} INFO - Filling up the DagBag from /opt/airflow/dags/system_dag.py
[2026-05-01T07:29:32.156+0000] {processor.py:925} INFO - DAG(s) 'system_dag' retrieved from /opt/airflow/dags/system_dag.py
[2026-05-01T07:29:32.195+0000] {logging_mixin.py:190} INFO - [2026-05-01T07:29:32.195+0000] {dag.py:3239} INFO - Sync 1 DAGs
[2026-05-01T07:29:32.229+0000] {logging_mixin.py:190} INFO - [2026-05-01T07:29:32.228+0000] {dag.py:4180} INFO - Setting next_dagrun for system_dag to 2026-04-30T00:00:00+00:00, run_after=2026-05-01T00:00:00+00:00
[2026-05-01T07:29:32.252+0000] {processor.py:208} INFO - Processing /opt/airflow/dags/system_dag.py took 0.132 seconds
[2026-05-01T07:30:04.431+0000] {processor.py:186} INFO - Started process (PID=659) to work on /opt/airflow/dags/system_dag.py
[2026-05-01T07:30:04.431+0000] {processor.py:914} INFO - Processing file /opt/airflow/dags/system_dag.py for tasks to queue
[2026-05-01T07:30:04.433+0000] {logging_mixin.py:190} INFO - [2026-05-01T07:30:04.432+0000] {dagbag.py:588} INFO - Filling up the DagBag from /opt/airflow/dags/system_dag.py
[2026-05-01T07:30:04.454+0000] {processor.py:925} INFO - DAG(s) 'system_dag' retrieved from /opt/airflow/dags/system_dag.py
[2026-05-01T07:30:04.490+0000] {logging_mixin.py:190} INFO - [2026-05-01T07:30:04.490+0000] {dag.py:3239} INFO - Sync 1 DAGs
[2026-05-01T07:30:04.519+0000] {logging_mixin.py:190} INFO - [2026-05-01T07:30:04.519+0000] {dag.py:4180} INFO - Setting next_dagrun for system_dag to 2026-04-30T00:00:00+00:00, run_after=2026-05-01T00:00:00+00:00
[2026-05-01T07:30:04.540+0000] {processor.py:208} INFO - Processing /opt/airflow/dags/system_dag.py took 0.119 seconds
[2026-05-01T07:30:37.703+0000] {processor.py:186} INFO - Started process (PID=663) to work on /opt/airflow/dags/system_dag.py
[2026-05-01T07:30:37.704+0000] {processor.py:914} INFO - Processing file /opt/airflow/dags/system_dag.py for tasks to queue
[2026-05-01T07:30:37.706+0000] {logging_mixin.py:190} INFO - [2026-05-01T07:30:37.705+0000] {dagbag.py:588} INFO - Filling up the DagBag from /opt/airflow/dags/system_dag.py
[2026-05-01T07:30:37.724+0000] {processor.py:925} INFO - DAG(s) 'system_dag' retrieved from /opt/airflow/dags/system_dag.py
[2026-05-01T07:30:37.759+0000] {logging_mixin.py:190} INFO - [2026-05-01T07:30:37.759+0000] {dag.py:3239} INFO - Sync 1 DAGs
[2026-05-01T07:30:37.791+0000] {logging_mixin.py:190} INFO - [2026-05-01T07:30:37.790+0000] {dag.py:4180} INFO - Setting next_dagrun for system_dag to 2026-04-30T00:00:00+00:00, run_after=2026-05-01T00:00:00+00:00
[2026-05-01T07:30:37.813+0000] {processor.py:208} INFO - Processing /opt/airflow/dags/system_dag.py took 0.115 seconds
[2026-05-01T07:31:09.958+0000] {processor.py:186} INFO - Started process (PID=667) to work on /opt/airflow/dags/system_dag.py
[2026-05-01T07:31:09.959+0000] {processor.py:914} INFO - Processing file /opt/airflow/dags/system_dag.py for tasks to queue
[2026-05-01T07:31:09.960+0000] {logging_mixin.py:190} INFO - [2026-05-01T07:31:09.960+0000] {dagbag.py:588} INFO - Filling up the DagBag from /opt/airflow/dags/system_dag.py
[2026-05-01T07:31:09.978+0000] {processor.py:925} INFO - DAG(s) 'system_dag' retrieved from /opt/airflow/dags/system_dag.py
[2026-05-01T07:31:10.013+0000] {logging_mixin.py:190} INFO - [2026-05-01T07:31:10.013+0000] {dag.py:3239} INFO - Sync 1 DAGs
[2026-05-01T07:31:10.045+0000] {logging_mixin.py:190} INFO - [2026-05-01T07:31:10.045+0000] {dag.py:4180} INFO - Setting next_dagrun for system_dag to 2026-04-30T00:00:00+00:00, run_after=2026-05-01T00:00:00+00:00
[2026-05-01T07:31:10.064+0000] {processor.py:208} INFO - Processing /opt/airflow/dags/system_dag.py took 0.111 seconds
[2026-05-01T07:31:43.233+0000] {processor.py:186} INFO - Started process (PID=671) to work on /opt/airflow/dags/system_dag.py
[2026-05-01T07:31:43.234+0000] {processor.py:914} INFO - Processing file /opt/airflow/dags/system_dag.py for tasks to queue
[2026-05-01T07:31:43.235+0000] {logging_mixin.py:190} INFO - [2026-05-01T07:31:43.235+0000] {dagbag.py:588} INFO - Filling up the DagBag from /opt/airflow/dags/system_dag.py
[2026-05-01T07:31:43.261+0000] {processor.py:925} INFO - DAG(s) 'system_dag' retrieved from /opt/airflow/dags/system_dag.py
[2026-05-01T07:31:43.293+0000] {logging_mixin.py:190} INFO - [2026-05-01T07:31:43.293+0000] {dag.py:3239} INFO - Sync 1 DAGs
[2026-05-01T07:31:43.323+0000] {logging_mixin.py:190} INFO - [2026-05-01T07:31:43.322+0000] {dag.py:4180} INFO - Setting next_dagrun for system_dag to 2026-04-30T00:00:00+00:00, run_after=2026-05-01T00:00:00+00:00
[2026-05-01T07:31:43.344+0000] {processor.py:208} INFO - Processing /opt/airflow/dags/system_dag.py took 0.117 seconds
[2026-05-01T07:32:15.504+0000] {processor.py:186} INFO - Started process (PID=675) to work on /opt/airflow/dags/system_dag.py
[2026-05-01T07:32:15.504+0000] {processor.py:914} INFO - Processing file /opt/airflow/dags/system_dag.py for tasks to queue
[2026-05-01T07:32:15.507+0000] {logging_mixin.py:190} INFO - [2026-05-01T07:32:15.507+0000] {dagbag.py:588} INFO - Filling up the DagBag from /opt/airflow/dags/system_dag.py
[2026-05-01T07:32:15.528+0000] {processor.py:925} INFO - DAG(s) 'system_dag' retrieved from /opt/airflow/dags/system_dag.py
[2026-05-01T07:32:15.564+0000] {logging_mixin.py:190} INFO - [2026-05-01T07:32:15.564+0000] {dag.py:3239} INFO - Sync 1 DAGs
[2026-05-01T07:32:15.594+0000] {logging_mixin.py:190} INFO - [2026-05-01T07:32:15.594+0000] {dag.py:4180} INFO - Setting next_dagrun for system_dag to 2026-04-30T00:00:00+00:00, run_after=2026-05-01T00:00:00+00:00
[2026-05-01T07:32:15.615+0000] {processor.py:208} INFO - Processing /opt/airflow/dags/system_dag.py took 0.118 seconds
[2026-05-01T07:32:47.896+0000] {processor.py:186} INFO - Started process (PID=679) to work on /opt/airflow/dags/system_dag.py
[2026-05-01T07:32:47.897+0000] {processor.py:914} INFO - Processing file /opt/airflow/dags/system_dag.py for tasks to queue
[2026-05-01T07:32:47.898+0000] {logging_mixin.py:190} INFO - [2026-05-01T07:32:47.898+0000] {dagbag.py:588} INFO - Filling up the DagBag from /opt/airflow/dags/system_dag.py
[2026-05-01T07:32:47.915+0000] {processor.py:925} INFO - DAG(s) 'system_dag' retrieved from /opt/airflow/dags/system_dag.py
[2026-05-01T07:32:47.946+0000] {logging_mixin.py:190} INFO - [2026-05-01T07:32:47.946+0000] {dag.py:3239} INFO - Sync 1 DAGs
[2026-05-01T07:32:47.972+0000] {logging_mixin.py:190} INFO - [2026-05-01T07:32:47.972+0000] {dag.py:4180} INFO - Setting next_dagrun for system_dag to 2026-04-30T00:00:00+00:00, run_after=2026-05-01T00:00:00+00:00
[2026-05-01T07:32:47.990+0000] {processor.py:208} INFO - Processing /opt/airflow/dags/system_dag.py took 0.100 seconds
[2026-05-01T07:33:21.256+0000] {processor.py:186} INFO - Started process (PID=683) to work on /opt/airflow/dags/system_dag.py
[2026-05-01T07:33:21.257+0000] {processor.py:914} INFO - Processing file /opt/airflow/dags/system_dag.py for tasks to queue
[2026-05-01T07:33:21.259+0000] {logging_mixin.py:190} INFO - [2026-05-01T07:33:21.258+0000] {dagbag.py:588} INFO - Filling up the DagBag from /opt/airflow/dags/system_dag.py
[2026-05-01T07:33:21.279+0000] {processor.py:925} INFO - DAG(s) 'system_dag' retrieved from /opt/airflow/dags/system_dag.py
[2026-05-01T07:33:21.320+0000] {logging_mixin.py:190} INFO - [2026-05-01T07:33:21.320+0000] {dag.py:3239} INFO - Sync 1 DAGs
[2026-05-01T07:33:21.361+0000] {logging_mixin.py:190} INFO - [2026-05-01T07:33:21.361+0000] {dag.py:4180} INFO - Setting next_dagrun for system_dag to 2026-04-30T00:00:00+00:00, run_after=2026-05-01T00:00:00+00:00
[2026-05-01T07:33:21.389+0000] {processor.py:208} INFO - Processing /opt/airflow/dags/system_dag.py took 0.140 seconds
[2026-05-01T07:33:53.674+0000] {processor.py:186} INFO - Started process (PID=687) to work on /opt/airflow/dags/system_dag.py
[2026-05-01T07:33:53.675+0000] {processor.py:914} INFO - Processing file /opt/airflow/dags/system_dag.py for tasks to queue
[2026-05-01T07:33:53.677+0000] {logging_mixin.py:190} INFO - [2026-05-01T07:33:53.676+0000] {dagbag.py:588} INFO - Filling up the DagBag from /opt/airflow/dags/system_dag.py
[2026-05-01T07:33:53.698+0000] {processor.py:925} INFO - DAG(s) 'system_dag' retrieved from /opt/airflow/dags/system_dag.py
[2026-05-01T07:33:53.732+0000] {logging_mixin.py:190} INFO - [2026-05-01T07:33:53.732+0000] {dag.py:3239} INFO - Sync 1 DAGs
[2026-05-01T07:33:53.765+0000] {logging_mixin.py:190} INFO - [2026-05-01T07:33:53.764+0000] {dag.py:4180} INFO - Setting next_dagrun for system_dag to 2026-04-30T00:00:00+00:00, run_after=2026-05-01T00:00:00+00:00
[2026-05-01T07:33:53.798+0000] {processor.py:208} INFO - Processing /opt/airflow/dags/system_dag.py took 0.132 seconds
[2026-05-01T07:34:26.966+0000] {processor.py:186} INFO - Started process (PID=691) to work on /opt/airflow/dags/system_dag.py
[2026-05-01T07:34:26.967+0000] {processor.py:914} INFO - Processing file /opt/airflow/dags/system_dag.py for tasks to queue
[2026-05-01T07:34:26.969+0000] {logging_mixin.py:190} INFO - [2026-05-01T07:34:26.968+0000] {dagbag.py:588} INFO - Filling up the DagBag from /opt/airflow/dags/system_dag.py
[2026-05-01T07:34:26.986+0000] {processor.py:925} INFO - DAG(s) 'system_dag' retrieved from /opt/airflow/dags/system_dag.py
[2026-05-01T07:34:27.019+0000] {logging_mixin.py:190} INFO - [2026-05-01T07:34:27.018+0000] {dag.py:3239} INFO - Sync 1 DAGs
[2026-05-01T07:34:27.047+0000] {logging_mixin.py:190} INFO - [2026-05-01T07:34:27.047+0000] {dag.py:4180} INFO - Setting next_dagrun for system_dag to 2026-04-30T00:00:00+00:00, run_after=2026-05-01T00:00:00+00:00
[2026-05-01T07:34:27.066+0000] {processor.py:208} INFO - Processing /opt/airflow/dags/system_dag.py took 0.107 seconds
[2026-05-01T07:34:59.210+0000] {processor.py:186} INFO - Started process (PID=695) to work on /opt/airflow/dags/system_dag.py
[2026-05-01T07:34:59.211+0000] {processor.py:914} INFO - Processing file /opt/airflow/dags/system_dag.py for tasks to queue
[2026-05-01T07:34:59.212+0000] {logging_mixin.py:190} INFO - [2026-05-01T07:34:59.212+0000] {dagbag.py:588} INFO - Filling up the DagBag from /opt/airflow/dags/system_dag.py
[2026-05-01T07:34:59.228+0000] {processor.py:925} INFO - DAG(s) 'system_dag' retrieved from /opt/airflow/dags/system_dag.py
[2026-05-01T07:34:59.257+0000] {logging_mixin.py:190} INFO - [2026-05-01T07:34:59.257+0000] {dag.py:3239} INFO - Sync 1 DAGs
[2026-05-01T07:34:59.280+0000] {logging_mixin.py:190} INFO - [2026-05-01T07:34:59.279+0000] {dag.py:4180} INFO - Setting next_dagrun for system_dag to 2026-04-30T00:00:00+00:00, run_after=2026-05-01T00:00:00+00:00
[2026-05-01T07:34:59.296+0000] {processor.py:208} INFO - Processing /opt/airflow/dags/system_dag.py took 0.092 seconds
[2026-05-01T07:35:32.646+0000] {processor.py:186} INFO - Started process (PID=699) to work on /opt/airflow/dags/system_dag.py
[2026-05-01T07:35:32.647+0000] {processor.py:914} INFO - Processing file /opt/airflow/dags/system_dag.py for tasks to queue
[2026-05-01T07:35:32.649+0000] {logging_mixin.py:190} INFO - [2026-05-01T07:35:32.649+0000] {dagbag.py:588} INFO - Filling up the DagBag from /opt/airflow/dags/system_dag.py
[2026-05-01T07:35:32.674+0000] {processor.py:925} INFO - DAG(s) 'system_dag' retrieved from /opt/airflow/dags/system_dag.py
[2026-05-01T07:35:32.718+0000] {logging_mixin.py:190} INFO - [2026-05-01T07:35:32.718+0000] {dag.py:3239} INFO - Sync 1 DAGs
[2026-05-01T07:35:32.750+0000] {logging_mixin.py:190} INFO - [2026-05-01T07:35:32.750+0000] {dag.py:4180} INFO - Setting next_dagrun for system_dag to 2026-04-30T00:00:00+00:00, run_after=2026-05-01T00:00:00+00:00
[2026-05-01T07:35:32.776+0000] {processor.py:208} INFO - Processing /opt/airflow/dags/system_dag.py took 0.140 seconds
[2026-05-01T07:36:04.906+0000] {processor.py:186} INFO - Started process (PID=703) to work on /opt/airflow/dags/system_dag.py
[2026-05-01T07:36:04.906+0000] {processor.py:914} INFO - Processing file /opt/airflow/dags/system_dag.py for tasks to queue
[2026-05-01T07:36:04.908+0000] {logging_mixin.py:190} INFO - [2026-05-01T07:36:04.908+0000] {dagbag.py:588} INFO - Filling up the DagBag from /opt/airflow/dags/system_dag.py
[2026-05-01T07:36:04.926+0000] {processor.py:925} INFO - DAG(s) 'system_dag' retrieved from /opt/airflow/dags/system_dag.py
[2026-05-01T07:36:04.962+0000] {logging_mixin.py:190} INFO - [2026-05-01T07:36:04.961+0000] {dag.py:3239} INFO - Sync 1 DAGs
[2026-05-01T07:36:05.000+0000] {logging_mixin.py:190} INFO - [2026-05-01T07:36:04.999+0000] {dag.py:4180} INFO - Setting next_dagrun for system_dag to 2026-04-30T00:00:00+00:00, run_after=2026-05-01T00:00:00+00:00
[2026-05-01T07:36:05.024+0000] {processor.py:208} INFO - Processing /opt/airflow/dags/system_dag.py took 0.124 seconds
[2026-05-01T07:36:37.184+0000] {processor.py:186} INFO - Started process (PID=707) to work on /opt/airflow/dags/system_dag.py
[2026-05-01T07:36:37.184+0000] {processor.py:914} INFO - Processing file /opt/airflow/dags/system_dag.py for tasks to queue
[2026-05-01T07:36:37.186+0000] {logging_mixin.py:190} INFO - [2026-05-01T07:36:37.186+0000] {dagbag.py:588} INFO - Filling up the DagBag from /opt/airflow/dags/system_dag.py
[2026-05-01T07:36:37.204+0000] {processor.py:925} INFO - DAG(s) 'system_dag' retrieved from /opt/airflow/dags/system_dag.py
[2026-05-01T07:36:37.238+0000] {logging_mixin.py:190} INFO - [2026-05-01T07:36:37.238+0000] {dag.py:3239} INFO - Sync 1 DAGs
[2026-05-01T07:36:37.267+0000] {logging_mixin.py:190} INFO - [2026-05-01T07:36:37.266+0000] {dag.py:4180} INFO - Setting next_dagrun for system_dag to 2026-04-30T00:00:00+00:00, run_after=2026-05-01T00:00:00+00:00
[2026-05-01T07:36:37.286+0000] {processor.py:208} INFO - Processing /opt/airflow/dags/system_dag.py took 0.110 seconds
[2026-05-01T07:37:10.425+0000] {processor.py:186} INFO - Started process (PID=711) to work on /opt/airflow/dags/system_dag.py
[2026-05-01T07:37:10.425+0000] {processor.py:914} INFO - Processing file /opt/airflow/dags/system_dag.py for tasks to queue
[2026-05-01T07:37:10.426+0000] {logging_mixin.py:190} INFO - [2026-05-01T07:37:10.426+0000] {dagbag.py:588} INFO - Filling up the DagBag from /opt/airflow/dags/system_dag.py
[2026-05-01T07:37:10.446+0000] {processor.py:925} INFO - DAG(s) 'system_dag' retrieved from /opt/airflow/dags/system_dag.py
[2026-05-01T07:37:10.482+0000] {logging_mixin.py:190} INFO - [2026-05-01T07:37:10.482+0000] {dag.py:3239} INFO - Sync 1 DAGs
[2026-05-01T07:37:10.508+0000] {logging_mixin.py:190} INFO - [2026-05-01T07:37:10.507+0000] {dag.py:4180} INFO - Setting next_dagrun for system_dag to 2026-04-30T00:00:00+00:00, run_after=2026-05-01T00:00:00+00:00
[2026-05-01T07:37:10.528+0000] {processor.py:208} INFO - Processing /opt/airflow/dags/system_dag.py took 0.110 seconds
[2026-05-01T07:37:42.802+0000] {processor.py:186} INFO - Started process (PID=715) to work on /opt/airflow/dags/system_dag.py
[2026-05-01T07:37:42.803+0000] {processor.py:914} INFO - Processing file /opt/airflow/dags/system_dag.py for tasks to queue
[2026-05-01T07:37:42.805+0000] {logging_mixin.py:190} INFO - [2026-05-01T07:37:42.805+0000] {dagbag.py:588} INFO - Filling up the DagBag from /opt/airflow/dags/system_dag.py
[2026-05-01T07:37:42.825+0000] {processor.py:925} INFO - DAG(s) 'system_dag' retrieved from /opt/airflow/dags/system_dag.py
[2026-05-01T07:37:42.859+0000] {logging_mixin.py:190} INFO - [2026-05-01T07:37:42.859+0000] {dag.py:3239} INFO - Sync 1 DAGs
[2026-05-01T07:37:42.887+0000] {logging_mixin.py:190} INFO - [2026-05-01T07:37:42.887+0000] {dag.py:4180} INFO - Setting next_dagrun for system_dag to 2026-04-30T00:00:00+00:00, run_after=2026-05-01T00:00:00+00:00
[2026-05-01T07:37:42.908+0000] {processor.py:208} INFO - Processing /opt/airflow/dags/system_dag.py took 0.112 seconds
[2026-05-01T07:38:16.059+0000] {processor.py:186} INFO - Started process (PID=719) to work on /opt/airflow/dags/system_dag.py
[2026-05-01T07:38:16.060+0000] {processor.py:914} INFO - Processing file /opt/airflow/dags/system_dag.py for tasks to queue
[2026-05-01T07:38:16.061+0000] {logging_mixin.py:190} INFO - [2026-05-01T07:38:16.061+0000] {dagbag.py:588} INFO - Filling up the DagBag from /opt/airflow/dags/system_dag.py
[2026-05-01T07:38:16.078+0000] {processor.py:925} INFO - DAG(s) 'system_dag' retrieved from /opt/airflow/dags/system_dag.py
[2026-05-01T07:38:16.110+0000] {logging_mixin.py:190} INFO - [2026-05-01T07:38:16.110+0000] {dag.py:3239} INFO - Sync 1 DAGs
[2026-05-01T07:38:16.136+0000] {logging_mixin.py:190} INFO - [2026-05-01T07:38:16.135+0000] {dag.py:4180} INFO - Setting next_dagrun for system_dag to 2026-04-30T00:00:00+00:00, run_after=2026-05-01T00:00:00+00:00
[2026-05-01T07:38:16.155+0000] {processor.py:208} INFO - Processing /opt/airflow/dags/system_dag.py took 0.101 seconds
[2026-05-01T07:38:48.328+0000] {processor.py:186} INFO - Started process (PID=723) to work on /opt/airflow/dags/system_dag.py
[2026-05-01T07:38:48.329+0000] {processor.py:914} INFO - Processing file /opt/airflow/dags/system_dag.py for tasks to queue
[2026-05-01T07:38:48.330+0000] {logging_mixin.py:190} INFO - [2026-05-01T07:38:48.330+0000] {dagbag.py:588} INFO - Filling up the DagBag from /opt/airflow/dags/system_dag.py
[2026-05-01T07:38:48.348+0000] {processor.py:925} INFO - DAG(s) 'system_dag' retrieved from /opt/airflow/dags/system_dag.py
[2026-05-01T07:38:48.384+0000] {logging_mixin.py:190} INFO - [2026-05-01T07:38:48.384+0000] {dag.py:3239} INFO - Sync 1 DAGs
[2026-05-01T07:38:48.411+0000] {logging_mixin.py:190} INFO - [2026-05-01T07:38:48.411+0000] {dag.py:4180} INFO - Setting next_dagrun for system_dag to 2026-04-30T00:00:00+00:00, run_after=2026-05-01T00:00:00+00:00
[2026-05-01T07:38:48.429+0000] {processor.py:208} INFO - Processing /opt/airflow/dags/system_dag.py took 0.108 seconds
[2026-05-01T07:39:21.647+0000] {processor.py:186} INFO - Started process (PID=727) to work on /opt/airflow/dags/system_dag.py
[2026-05-01T07:39:21.648+0000] {processor.py:914} INFO - Processing file /opt/airflow/dags/system_dag.py for tasks to queue
[2026-05-01T07:39:21.649+0000] {logging_mixin.py:190} INFO - [2026-05-01T07:39:21.649+0000] {dagbag.py:588} INFO - Filling up the DagBag from /opt/airflow/dags/system_dag.py
[2026-05-01T07:39:21.668+0000] {processor.py:925} INFO - DAG(s) 'system_dag' retrieved from /opt/airflow/dags/system_dag.py
[2026-05-01T07:39:21.700+0000] {logging_mixin.py:190} INFO - [2026-05-01T07:39:21.700+0000] {dag.py:3239} INFO - Sync 1 DAGs
[2026-05-01T07:39:21.726+0000] {logging_mixin.py:190} INFO - [2026-05-01T07:39:21.726+0000] {dag.py:4180} INFO - Setting next_dagrun for system_dag to 2026-04-30T00:00:00+00:00, run_after=2026-05-01T00:00:00+00:00
[2026-05-01T07:39:21.745+0000] {processor.py:208} INFO - Processing /opt/airflow/dags/system_dag.py took 0.105 seconds
[2026-05-01T07:39:53.950+0000] {processor.py:186} INFO - Started process (PID=731) to work on /opt/airflow/dags/system_dag.py
[2026-05-01T07:39:53.951+0000] {processor.py:914} INFO - Processing file /opt/airflow/dags/system_dag.py for tasks to queue
[2026-05-01T07:39:53.952+0000] {logging_mixin.py:190} INFO - [2026-05-01T07:39:53.952+0000] {dagbag.py:588} INFO - Filling up the DagBag from /opt/airflow/dags/system_dag.py
[2026-05-01T07:39:53.972+0000] {processor.py:925} INFO - DAG(s) 'system_dag' retrieved from /opt/airflow/dags/system_dag.py
[2026-05-01T07:39:54.009+0000] {logging_mixin.py:190} INFO - [2026-05-01T07:39:54.009+0000] {dag.py:3239} INFO - Sync 1 DAGs
[2026-05-01T07:39:54.043+0000] {logging_mixin.py:190} INFO - [2026-05-01T07:39:54.043+0000] {dag.py:4180} INFO - Setting next_dagrun for system_dag to 2026-04-30T00:00:00+00:00, run_after=2026-05-01T00:00:00+00:00
[2026-05-01T07:39:54.075+0000] {processor.py:208} INFO - Processing /opt/airflow/dags/system_dag.py took 0.130 seconds
[2026-05-01T07:40:26.356+0000] {processor.py:186} INFO - Started process (PID=735) to work on /opt/airflow/dags/system_dag.py
[2026-05-01T07:40:26.357+0000] {processor.py:914} INFO - Processing file /opt/airflow/dags/system_dag.py for tasks to queue
[2026-05-01T07:40:26.359+0000] {logging_mixin.py:190} INFO - [2026-05-01T07:40:26.358+0000] {dagbag.py:588} INFO - Filling up the DagBag from /opt/airflow/dags/system_dag.py
[2026-05-01T07:40:26.383+0000] {processor.py:925} INFO - DAG(s) 'system_dag' retrieved from /opt/airflow/dags/system_dag.py
[2026-05-01T07:40:26.436+0000] {logging_mixin.py:190} INFO - [2026-05-01T07:40:26.436+0000] {dag.py:3239} INFO - Sync 1 DAGs
[2026-05-01T07:40:26.488+0000] {logging_mixin.py:190} INFO - [2026-05-01T07:40:26.488+0000] {dag.py:4180} INFO - Setting next_dagrun for system_dag to 2026-04-30T00:00:00+00:00, run_after=2026-05-01T00:00:00+00:00
[2026-05-01T07:40:26.519+0000] {processor.py:208} INFO - Processing /opt/airflow/dags/system_dag.py took 0.171 seconds
[2026-05-01T07:40:59.660+0000] {processor.py:186} INFO - Started process (PID=739) to work on /opt/airflow/dags/system_dag.py
[2026-05-01T07:40:59.661+0000] {processor.py:914} INFO - Processing file /opt/airflow/dags/system_dag.py for tasks to queue
[2026-05-01T07:40:59.662+0000] {logging_mixin.py:190} INFO - [2026-05-01T07:40:59.662+0000] {dagbag.py:588} INFO - Filling up the DagBag from /opt/airflow/dags/system_dag.py
[2026-05-01T07:40:59.682+0000] {processor.py:925} INFO - DAG(s) 'system_dag' retrieved from /opt/airflow/dags/system_dag.py
[2026-05-01T07:40:59.724+0000] {logging_mixin.py:190} INFO - [2026-05-01T07:40:59.724+0000] {dag.py:3239} INFO - Sync 1 DAGs
[2026-05-01T07:40:59.758+0000] {logging_mixin.py:190} INFO - [2026-05-01T07:40:59.758+0000] {dag.py:4180} INFO - Setting next_dagrun for system_dag to 2026-04-30T00:00:00+00:00, run_after=2026-05-01T00:00:00+00:00
[2026-05-01T07:40:59.778+0000] {processor.py:208} INFO - Processing /opt/airflow/dags/system_dag.py took 0.124 seconds
[2026-05-01T07:41:31.787+0000] {processor.py:186} INFO - Started process (PID=743) to work on /opt/airflow/dags/system_dag.py
[2026-05-01T07:41:31.788+0000] {processor.py:914} INFO - Processing file /opt/airflow/dags/system_dag.py for tasks to queue
[2026-05-01T07:41:31.789+0000] {logging_mixin.py:190} INFO - [2026-05-01T07:41:31.788+0000] {dagbag.py:588} INFO - Filling up the DagBag from /opt/airflow/dags/system_dag.py
[2026-05-01T07:41:31.803+0000] {processor.py:925} INFO - DAG(s) 'system_dag' retrieved from /opt/airflow/dags/system_dag.py
[2026-05-01T07:41:31.838+0000] {logging_mixin.py:190} INFO - [2026-05-01T07:41:31.837+0000] {dag.py:3239} INFO - Sync 1 DAGs
[2026-05-01T07:41:31.869+0000] {logging_mixin.py:190} INFO - [2026-05-01T07:41:31.869+0000] {dag.py:4180} INFO - Setting next_dagrun for system_dag to 2026-04-30T00:00:00+00:00, run_after=2026-05-01T00:00:00+00:00
[2026-05-01T07:41:31.894+0000] {processor.py:208} INFO - Processing /opt/airflow/dags/system_dag.py took 0.113 seconds
[2026-05-01T07:42:05.044+0000] {processor.py:186} INFO - Started process (PID=747) to work on /opt/airflow/dags/system_dag.py
[2026-05-01T07:42:05.044+0000] {processor.py:914} INFO - Processing file /opt/airflow/dags/system_dag.py for tasks to queue
[2026-05-01T07:42:05.045+0000] {logging_mixin.py:190} INFO - [2026-05-01T07:42:05.045+0000] {dagbag.py:588} INFO - Filling up the DagBag from /opt/airflow/dags/system_dag.py
[2026-05-01T07:42:05.061+0000] {processor.py:925} INFO - DAG(s) 'system_dag' retrieved from /opt/airflow/dags/system_dag.py
[2026-05-01T07:42:05.094+0000] {logging_mixin.py:190} INFO - [2026-05-01T07:42:05.094+0000] {dag.py:3239} INFO - Sync 1 DAGs
[2026-05-01T07:42:05.119+0000] {logging_mixin.py:190} INFO - [2026-05-01T07:42:05.119+0000] {dag.py:4180} INFO - Setting next_dagrun for system_dag to 2026-04-30T00:00:00+00:00, run_after=2026-05-01T00:00:00+00:00
[2026-05-01T07:42:05.138+0000] {processor.py:208} INFO - Processing /opt/airflow/dags/system_dag.py took 0.101 seconds
[2026-05-01T07:42:37.392+0000] {processor.py:186} INFO - Started process (PID=751) to work on /opt/airflow/dags/system_dag.py
[2026-05-01T07:42:37.392+0000] {processor.py:914} INFO - Processing file /opt/airflow/dags/system_dag.py for tasks to queue
[2026-05-01T07:42:37.394+0000] {logging_mixin.py:190} INFO - [2026-05-01T07:42:37.394+0000] {dagbag.py:588} INFO - Filling up the DagBag from /opt/airflow/dags/system_dag.py
[2026-05-01T07:42:37.412+0000] {processor.py:925} INFO - DAG(s) 'system_dag' retrieved from /opt/airflow/dags/system_dag.py
[2026-05-01T07:42:37.447+0000] {logging_mixin.py:190} INFO - [2026-05-01T07:42:37.447+0000] {dag.py:3239} INFO - Sync 1 DAGs
[2026-05-01T07:42:37.476+0000] {logging_mixin.py:190} INFO - [2026-05-01T07:42:37.476+0000] {dag.py:4180} INFO - Setting next_dagrun for system_dag to 2026-04-30T00:00:00+00:00, run_after=2026-05-01T00:00:00+00:00
[2026-05-01T07:42:37.510+0000] {processor.py:208} INFO - Processing /opt/airflow/dags/system_dag.py took 0.125 seconds
[2026-05-01T07:43:10.700+0000] {processor.py:186} INFO - Started process (PID=755) to work on /opt/airflow/dags/system_dag.py
[2026-05-01T07:43:10.701+0000] {processor.py:914} INFO - Processing file /opt/airflow/dags/system_dag.py for tasks to queue
[2026-05-01T07:43:10.703+0000] {logging_mixin.py:190} INFO - [2026-05-01T07:43:10.702+0000] {dagbag.py:588} INFO - Filling up the DagBag from /opt/airflow/dags/system_dag.py
[2026-05-01T07:43:10.721+0000] {processor.py:925} INFO - DAG(s) 'system_dag' retrieved from /opt/airflow/dags/system_dag.py
[2026-05-01T07:43:10.757+0000] {logging_mixin.py:190} INFO - [2026-05-01T07:43:10.756+0000] {dag.py:3239} INFO - Sync 1 DAGs
[2026-05-01T07:43:10.789+0000] {logging_mixin.py:190} INFO - [2026-05-01T07:43:10.789+0000] {dag.py:4180} INFO - Setting next_dagrun for system_dag to 2026-04-30T00:00:00+00:00, run_after=2026-05-01T00:00:00+00:00
[2026-05-01T07:43:10.815+0000] {processor.py:208} INFO - Processing /opt/airflow/dags/system_dag.py took 0.120 seconds
[2026-05-01T07:43:43.331+0000] {processor.py:186} INFO - Started process (PID=759) to work on /opt/airflow/dags/system_dag.py
[2026-05-01T07:43:43.332+0000] {processor.py:914} INFO - Processing file /opt/airflow/dags/system_dag.py for tasks to queue
[2026-05-01T07:43:43.333+0000] {logging_mixin.py:190} INFO - [2026-05-01T07:43:43.333+0000] {dagbag.py:588} INFO - Filling up the DagBag from /opt/airflow/dags/system_dag.py
[2026-05-01T07:43:43.357+0000] {processor.py:925} INFO - DAG(s) 'system_dag' retrieved from /opt/airflow/dags/system_dag.py
[2026-05-01T07:43:43.395+0000] {logging_mixin.py:190} INFO - [2026-05-01T07:43:43.395+0000] {dag.py:3239} INFO - Sync 1 DAGs
[2026-05-01T07:43:43.428+0000] {logging_mixin.py:190} INFO - [2026-05-01T07:43:43.428+0000] {dag.py:4180} INFO - Setting next_dagrun for system_dag to 2026-04-30T00:00:00+00:00, run_after=2026-05-01T00:00:00+00:00
[2026-05-01T07:43:43.451+0000] {processor.py:208} INFO - Processing /opt/airflow/dags/system_dag.py took 0.129 seconds
[2026-05-01T07:44:15.597+0000] {processor.py:186} INFO - Started process (PID=763) to work on /opt/airflow/dags/system_dag.py
[2026-05-01T07:44:15.598+0000] {processor.py:914} INFO - Processing file /opt/airflow/dags/system_dag.py for tasks to queue
[2026-05-01T07:44:15.599+0000] {logging_mixin.py:190} INFO - [2026-05-01T07:44:15.598+0000] {dagbag.py:588} INFO - Filling up the DagBag from /opt/airflow/dags/system_dag.py
[2026-05-01T07:44:15.615+0000] {processor.py:925} INFO - DAG(s) 'system_dag' retrieved from /opt/airflow/dags/system_dag.py
[2026-05-01T07:44:15.647+0000] {logging_mixin.py:190} INFO - [2026-05-01T07:44:15.647+0000] {dag.py:3239} INFO - Sync 1 DAGs
[2026-05-01T07:44:15.674+0000] {logging_mixin.py:190} INFO - [2026-05-01T07:44:15.674+0000] {dag.py:4180} INFO - Setting next_dagrun for system_dag to 2026-04-30T00:00:00+00:00, run_after=2026-05-01T00:00:00+00:00
[2026-05-01T07:44:15.696+0000] {processor.py:208} INFO - Processing /opt/airflow/dags/system_dag.py took 0.106 seconds
[2026-05-01T07:44:47.969+0000] {processor.py:186} INFO - Started process (PID=767) to work on /opt/airflow/dags/system_dag.py
[2026-05-01T07:44:47.970+0000] {processor.py:914} INFO - Processing file /opt/airflow/dags/system_dag.py for tasks to queue
[2026-05-01T07:44:47.971+0000] {logging_mixin.py:190} INFO - [2026-05-01T07:44:47.971+0000] {dagbag.py:588} INFO - Filling up the DagBag from /opt/airflow/dags/system_dag.py
[2026-05-01T07:44:47.987+0000] {processor.py:925} INFO - DAG(s) 'system_dag' retrieved from /opt/airflow/dags/system_dag.py
[2026-05-01T07:44:48.018+0000] {logging_mixin.py:190} INFO - [2026-05-01T07:44:48.018+0000] {dag.py:3239} INFO - Sync 1 DAGs
[2026-05-01T07:44:48.042+0000] {logging_mixin.py:190} INFO - [2026-05-01T07:44:48.041+0000] {dag.py:4180} INFO - Setting next_dagrun for system_dag to 2026-04-30T00:00:00+00:00, run_after=2026-05-01T00:00:00+00:00
[2026-05-01T07:44:48.062+0000] {processor.py:208} INFO - Processing /opt/airflow/dags/system_dag.py took 0.099 seconds
[2026-05-01T07:45:21.225+0000] {processor.py:186} INFO - Started process (PID=771) to work on /opt/airflow/dags/system_dag.py
[2026-05-01T07:45:21.226+0000] {processor.py:914} INFO - Processing file /opt/airflow/dags/system_dag.py for tasks to queue
[2026-05-01T07:45:21.227+0000] {logging_mixin.py:190} INFO - [2026-05-01T07:45:21.227+0000] {dagbag.py:588} INFO - Filling up the DagBag from /opt/airflow/dags/system_dag.py
[2026-05-01T07:45:21.247+0000] {processor.py:925} INFO - DAG(s) 'system_dag' retrieved from /opt/airflow/dags/system_dag.py
[2026-05-01T07:45:21.285+0000] {logging_mixin.py:190} INFO - [2026-05-01T07:45:21.285+0000] {dag.py:3239} INFO - Sync 1 DAGs
[2026-05-01T07:45:21.316+0000] {logging_mixin.py:190} INFO - [2026-05-01T07:45:21.315+0000] {dag.py:4180} INFO - Setting next_dagrun for system_dag to 2026-04-30T00:00:00+00:00, run_after=2026-05-01T00:00:00+00:00
[2026-05-01T07:45:21.343+0000] {processor.py:208} INFO - Processing /opt/airflow/dags/system_dag.py took 0.125 seconds
[2026-05-01T07:45:53.480+0000] {processor.py:186} INFO - Started process (PID=775) to work on /opt/airflow/dags/system_dag.py
[2026-05-01T07:45:53.480+0000] {processor.py:914} INFO - Processing file /opt/airflow/dags/system_dag.py for tasks to queue
[2026-05-01T07:45:53.482+0000] {logging_mixin.py:190} INFO - [2026-05-01T07:45:53.481+0000] {dagbag.py:588} INFO - Filling up the DagBag from /opt/airflow/dags/system_dag.py
[2026-05-01T07:45:53.500+0000] {processor.py:925} INFO - DAG(s) 'system_dag' retrieved from /opt/airflow/dags/system_dag.py
[2026-05-01T07:45:53.534+0000] {logging_mixin.py:190} INFO - [2026-05-01T07:45:53.534+0000] {dag.py:3239} INFO - Sync 1 DAGs
[2026-05-01T07:45:53.560+0000] {logging_mixin.py:190} INFO - [2026-05-01T07:45:53.560+0000] {dag.py:4180} INFO - Setting next_dagrun for system_dag to 2026-04-30T00:00:00+00:00, run_after=2026-05-01T00:00:00+00:00
[2026-05-01T07:45:53.580+0000] {processor.py:208} INFO - Processing /opt/airflow/dags/system_dag.py took 0.107 seconds
[2026-05-01T07:46:26.728+0000] {processor.py:186} INFO - Started process (PID=779) to work on /opt/airflow/dags/system_dag.py
[2026-05-01T07:46:26.728+0000] {processor.py:914} INFO - Processing file /opt/airflow/dags/system_dag.py for tasks to queue
[2026-05-01T07:46:26.730+0000] {logging_mixin.py:190} INFO - [2026-05-01T07:46:26.729+0000] {dagbag.py:588} INFO - Filling up the DagBag from /opt/airflow/dags/system_dag.py
[2026-05-01T07:46:26.748+0000] {processor.py:925} INFO - DAG(s) 'system_dag' retrieved from /opt/airflow/dags/system_dag.py
[2026-05-01T07:46:26.782+0000] {logging_mixin.py:190} INFO - [2026-05-01T07:46:26.782+0000] {dag.py:3239} INFO - Sync 1 DAGs
[2026-05-01T07:46:26.808+0000] {logging_mixin.py:190} INFO - [2026-05-01T07:46:26.808+0000] {dag.py:4180} INFO - Setting next_dagrun for system_dag to 2026-04-30T00:00:00+00:00, run_after=2026-05-01T00:00:00+00:00
[2026-05-01T07:46:26.827+0000] {processor.py:208} INFO - Processing /opt/airflow/dags/system_dag.py took 0.107 seconds
[2026-05-01T07:46:59.005+0000] {processor.py:186} INFO - Started process (PID=783) to work on /opt/airflow/dags/system_dag.py
[2026-05-01T07:46:59.006+0000] {processor.py:914} INFO - Processing file /opt/airflow/dags/system_dag.py for tasks to queue
[2026-05-01T07:46:59.008+0000] {logging_mixin.py:190} INFO - [2026-05-01T07:46:59.007+0000] {dagbag.py:588} INFO - Filling up the DagBag from /opt/airflow/dags/system_dag.py
[2026-05-01T07:46:59.030+0000] {processor.py:925} INFO - DAG(s) 'system_dag' retrieved from /opt/airflow/dags/system_dag.py
[2026-05-01T07:46:59.068+0000] {logging_mixin.py:190} INFO - [2026-05-01T07:46:59.068+0000] {dag.py:3239} INFO - Sync 1 DAGs
[2026-05-01T07:46:59.099+0000] {logging_mixin.py:190} INFO - [2026-05-01T07:46:59.099+0000] {dag.py:4180} INFO - Setting next_dagrun for system_dag to 2026-04-30T00:00:00+00:00, run_after=2026-05-01T00:00:00+00:00
[2026-05-01T07:46:59.124+0000] {processor.py:208} INFO - Processing /opt/airflow/dags/system_dag.py took 0.126 seconds
[2026-05-01T07:47:32.289+0000] {processor.py:186} INFO - Started process (PID=787) to work on /opt/airflow/dags/system_dag.py
[2026-05-01T07:47:32.290+0000] {processor.py:914} INFO - Processing file /opt/airflow/dags/system_dag.py for tasks to queue
[2026-05-01T07:47:32.291+0000] {logging_mixin.py:190} INFO - [2026-05-01T07:47:32.290+0000] {dagbag.py:588} INFO - Filling up the DagBag from /opt/airflow/dags/system_dag.py
[2026-05-01T07:47:32.309+0000] {processor.py:925} INFO - DAG(s) 'system_dag' retrieved from /opt/airflow/dags/system_dag.py
[2026-05-01T07:47:32.348+0000] {logging_mixin.py:190} INFO - [2026-05-01T07:47:32.348+0000] {dag.py:3239} INFO - Sync 1 DAGs
[2026-05-01T07:47:32.375+0000] {logging_mixin.py:190} INFO - [2026-05-01T07:47:32.374+0000] {dag.py:4180} INFO - Setting next_dagrun for system_dag to 2026-04-30T00:00:00+00:00, run_after=2026-05-01T00:00:00+00:00
[2026-05-01T07:47:32.394+0000] {processor.py:208} INFO - Processing /opt/airflow/dags/system_dag.py took 0.111 seconds
[2026-05-01T07:48:04.635+0000] {processor.py:186} INFO - Started process (PID=791) to work on /opt/airflow/dags/system_dag.py
[2026-05-01T07:48:04.635+0000] {processor.py:914} INFO - Processing file /opt/airflow/dags/system_dag.py for tasks to queue
[2026-05-01T07:48:04.637+0000] {logging_mixin.py:190} INFO - [2026-05-01T07:48:04.636+0000] {dagbag.py:588} INFO - Filling up the DagBag from /opt/airflow/dags/system_dag.py
[2026-05-01T07:48:04.660+0000] {processor.py:925} INFO - DAG(s) 'system_dag' retrieved from /opt/airflow/dags/system_dag.py
[2026-05-01T07:48:04.706+0000] {logging_mixin.py:190} INFO - [2026-05-01T07:48:04.706+0000] {dag.py:3239} INFO - Sync 1 DAGs
[2026-05-01T07:48:04.743+0000] {logging_mixin.py:190} INFO - [2026-05-01T07:48:04.742+0000] {dag.py:4180} INFO - Setting next_dagrun for system_dag to 2026-04-30T00:00:00+00:00, run_after=2026-05-01T00:00:00+00:00
[2026-05-01T07:48:04.770+0000] {processor.py:208} INFO - Processing /opt/airflow/dags/system_dag.py took 0.141 seconds
[2026-05-01T07:48:37.931+0000] {processor.py:186} INFO - Started process (PID=795) to work on /opt/airflow/dags/system_dag.py
[2026-05-01T07:48:37.932+0000] {processor.py:914} INFO - Processing file /opt/airflow/dags/system_dag.py for tasks to queue
[2026-05-01T07:48:37.934+0000] {logging_mixin.py:190} INFO - [2026-05-01T07:48:37.934+0000] {dagbag.py:588} INFO - Filling up the DagBag from /opt/airflow/dags/system_dag.py
[2026-05-01T07:48:37.953+0000] {processor.py:925} INFO - DAG(s) 'system_dag' retrieved from /opt/airflow/dags/system_dag.py
[2026-05-01T07:48:38.052+0000] {logging_mixin.py:190} INFO - [2026-05-01T07:48:38.052+0000] {dag.py:3239} INFO - Sync 1 DAGs
[2026-05-01T07:48:38.079+0000] {logging_mixin.py:190} INFO - [2026-05-01T07:48:38.079+0000] {dag.py:4180} INFO - Setting next_dagrun for system_dag to 2026-04-30T00:00:00+00:00, run_after=2026-05-01T00:00:00+00:00
[2026-05-01T07:48:38.099+0000] {processor.py:208} INFO - Processing /opt/airflow/dags/system_dag.py took 0.174 seconds
[2026-05-01T07:49:10.234+0000] {processor.py:186} INFO - Started process (PID=799) to work on /opt/airflow/dags/system_dag.py
[2026-05-01T07:49:10.235+0000] {processor.py:914} INFO - Processing file /opt/airflow/dags/system_dag.py for tasks to queue
[2026-05-01T07:49:10.236+0000] {logging_mixin.py:190} INFO - [2026-05-01T07:49:10.236+0000] {dagbag.py:588} INFO - Filling up the DagBag from /opt/airflow/dags/system_dag.py
[2026-05-01T07:49:10.254+0000] {processor.py:925} INFO - DAG(s) 'system_dag' retrieved from /opt/airflow/dags/system_dag.py
[2026-05-01T07:49:10.287+0000] {logging_mixin.py:190} INFO - [2026-05-01T07:49:10.287+0000] {dag.py:3239} INFO - Sync 1 DAGs
[2026-05-01T07:49:10.313+0000] {logging_mixin.py:190} INFO - [2026-05-01T07:49:10.313+0000] {dag.py:4180} INFO - Setting next_dagrun for system_dag to 2026-04-30T00:00:00+00:00, run_after=2026-05-01T00:00:00+00:00
[2026-05-01T07:49:10.334+0000] {processor.py:208} INFO - Processing /opt/airflow/dags/system_dag.py took 0.106 seconds
[2026-05-01T07:49:42.589+0000] {processor.py:186} INFO - Started process (PID=803) to work on /opt/airflow/dags/system_dag.py
[2026-05-01T07:49:42.589+0000] {processor.py:914} INFO - Processing file /opt/airflow/dags/system_dag.py for tasks to queue
[2026-05-01T07:49:42.591+0000] {logging_mixin.py:190} INFO - [2026-05-01T07:49:42.590+0000] {dagbag.py:588} INFO - Filling up the DagBag from /opt/airflow/dags/system_dag.py
[2026-05-01T07:49:42.607+0000] {processor.py:925} INFO - DAG(s) 'system_dag' retrieved from /opt/airflow/dags/system_dag.py
[2026-05-01T07:49:42.642+0000] {logging_mixin.py:190} INFO - [2026-05-01T07:49:42.641+0000] {dag.py:3239} INFO - Sync 1 DAGs
[2026-05-01T07:49:42.671+0000] {logging_mixin.py:190} INFO - [2026-05-01T07:49:42.671+0000] {dag.py:4180} INFO - Setting next_dagrun for system_dag to 2026-04-30T00:00:00+00:00, run_after=2026-05-01T00:00:00+00:00
[2026-05-01T07:49:42.694+0000] {processor.py:208} INFO - Processing /opt/airflow/dags/system_dag.py took 0.112 seconds
[2026-05-01T07:50:15.846+0000] {processor.py:186} INFO - Started process (PID=807) to work on /opt/airflow/dags/system_dag.py
[2026-05-01T07:50:15.847+0000] {processor.py:914} INFO - Processing file /opt/airflow/dags/system_dag.py for tasks to queue
[2026-05-01T07:50:15.848+0000] {logging_mixin.py:190} INFO - [2026-05-01T07:50:15.848+0000] {dagbag.py:588} INFO - Filling up the DagBag from /opt/airflow/dags/system_dag.py
[2026-05-01T07:50:15.866+0000] {processor.py:925} INFO - DAG(s) 'system_dag' retrieved from /opt/airflow/dags/system_dag.py
[2026-05-01T07:50:15.903+0000] {logging_mixin.py:190} INFO - [2026-05-01T07:50:15.903+0000] {dag.py:3239} INFO - Sync 1 DAGs
[2026-05-01T07:50:15.935+0000] {logging_mixin.py:190} INFO - [2026-05-01T07:50:15.935+0000] {dag.py:4180} INFO - Setting next_dagrun for system_dag to 2026-04-30T00:00:00+00:00, run_after=2026-05-01T00:00:00+00:00
[2026-05-01T07:50:15.958+0000] {processor.py:208} INFO - Processing /opt/airflow/dags/system_dag.py took 0.120 seconds
[2026-05-01T07:50:48.132+0000] {processor.py:186} INFO - Started process (PID=811) to work on /opt/airflow/dags/system_dag.py
[2026-05-01T07:50:48.132+0000] {processor.py:914} INFO - Processing file /opt/airflow/dags/system_dag.py for tasks to queue
[2026-05-01T07:50:48.136+0000] {logging_mixin.py:190} INFO - [2026-05-01T07:50:48.136+0000] {dagbag.py:588} INFO - Filling up the DagBag from /opt/airflow/dags/system_dag.py
[2026-05-01T07:50:48.154+0000] {processor.py:925} INFO - DAG(s) 'system_dag' retrieved from /opt/airflow/dags/system_dag.py
[2026-05-01T07:50:48.190+0000] {logging_mixin.py:190} INFO - [2026-05-01T07:50:48.190+0000] {dag.py:3239} INFO - Sync 1 DAGs
[2026-05-01T07:50:48.220+0000] {logging_mixin.py:190} INFO - [2026-05-01T07:50:48.219+0000] {dag.py:4180} INFO - Setting next_dagrun for system_dag to 2026-04-30T00:00:00+00:00, run_after=2026-05-01T00:00:00+00:00
[2026-05-01T07:50:48.243+0000] {processor.py:208} INFO - Processing /opt/airflow/dags/system_dag.py took 0.117 seconds
[2026-05-01T07:51:21.363+0000] {processor.py:186} INFO - Started process (PID=815) to work on /opt/airflow/dags/system_dag.py
[2026-05-01T07:51:21.364+0000] {processor.py:914} INFO - Processing file /opt/airflow/dags/system_dag.py for tasks to queue
[2026-05-01T07:51:21.365+0000] {logging_mixin.py:190} INFO - [2026-05-01T07:51:21.365+0000] {dagbag.py:588} INFO - Filling up the DagBag from /opt/airflow/dags/system_dag.py
[2026-05-01T07:51:21.383+0000] {processor.py:925} INFO - DAG(s) 'system_dag' retrieved from /opt/airflow/dags/system_dag.py
[2026-05-01T07:51:21.418+0000] {logging_mixin.py:190} INFO - [2026-05-01T07:51:21.417+0000] {dag.py:3239} INFO - Sync 1 DAGs
[2026-05-01T07:51:21.443+0000] {logging_mixin.py:190} INFO - [2026-05-01T07:51:21.443+0000] {dag.py:4180} INFO - Setting next_dagrun for system_dag to 2026-04-30T00:00:00+00:00, run_after=2026-05-01T00:00:00+00:00
[2026-05-01T07:51:21.466+0000] {processor.py:208} INFO - Processing /opt/airflow/dags/system_dag.py took 0.109 seconds
[2026-05-01T07:51:53.643+0000] {processor.py:186} INFO - Started process (PID=819) to work on /opt/airflow/dags/system_dag.py
[2026-05-01T07:51:53.644+0000] {processor.py:914} INFO - Processing file /opt/airflow/dags/system_dag.py for tasks to queue
[2026-05-01T07:51:53.645+0000] {logging_mixin.py:190} INFO - [2026-05-01T07:51:53.645+0000] {dagbag.py:588} INFO - Filling up the DagBag from /opt/airflow/dags/system_dag.py
[2026-05-01T07:51:53.663+0000] {processor.py:925} INFO - DAG(s) 'system_dag' retrieved from /opt/airflow/dags/system_dag.py
[2026-05-01T07:51:53.701+0000] {logging_mixin.py:190} INFO - [2026-05-01T07:51:53.701+0000] {dag.py:3239} INFO - Sync 1 DAGs
[2026-05-01T07:51:53.731+0000] {logging_mixin.py:190} INFO - [2026-05-01T07:51:53.731+0000] {dag.py:4180} INFO - Setting next_dagrun for system_dag to 2026-04-30T00:00:00+00:00, run_after=2026-05-01T00:00:00+00:00
[2026-05-01T07:51:53.758+0000] {processor.py:208} INFO - Processing /opt/airflow/dags/system_dag.py took 0.123 seconds
[2026-05-01T07:52:26.947+0000] {processor.py:186} INFO - Started process (PID=823) to work on /opt/airflow/dags/system_dag.py
[2026-05-01T07:52:26.948+0000] {processor.py:914} INFO - Processing file /opt/airflow/dags/system_dag.py for tasks to queue
[2026-05-01T07:52:26.949+0000] {logging_mixin.py:190} INFO - [2026-05-01T07:52:26.949+0000] {dagbag.py:588} INFO - Filling up the DagBag from /opt/airflow/dags/system_dag.py
[2026-05-01T07:52:26.971+0000] {processor.py:925} INFO - DAG(s) 'system_dag' retrieved from /opt/airflow/dags/system_dag.py
[2026-05-01T07:52:27.012+0000] {logging_mixin.py:190} INFO - [2026-05-01T07:52:27.012+0000] {dag.py:3239} INFO - Sync 1 DAGs
[2026-05-01T07:52:27.046+0000] {logging_mixin.py:190} INFO - [2026-05-01T07:52:27.046+0000] {dag.py:4180} INFO - Setting next_dagrun for system_dag to 2026-04-30T00:00:00+00:00, run_after=2026-05-01T00:00:00+00:00
[2026-05-01T07:52:27.075+0000] {processor.py:208} INFO - Processing /opt/airflow/dags/system_dag.py took 0.134 seconds
[2026-05-01T07:52:59.249+0000] {processor.py:186} INFO - Started process (PID=827) to work on /opt/airflow/dags/system_dag.py
[2026-05-01T07:52:59.250+0000] {processor.py:914} INFO - Processing file /opt/airflow/dags/system_dag.py for tasks to queue
[2026-05-01T07:52:59.252+0000] {logging_mixin.py:190} INFO - [2026-05-01T07:52:59.252+0000] {dagbag.py:588} INFO - Filling up the DagBag from /opt/airflow/dags/system_dag.py
[2026-05-01T07:52:59.269+0000] {processor.py:925} INFO - DAG(s) 'system_dag' retrieved from /opt/airflow/dags/system_dag.py
[2026-05-01T07:52:59.301+0000] {logging_mixin.py:190} INFO - [2026-05-01T07:52:59.301+0000] {dag.py:3239} INFO - Sync 1 DAGs
[2026-05-01T07:52:59.330+0000] {logging_mixin.py:190} INFO - [2026-05-01T07:52:59.330+0000] {dag.py:4180} INFO - Setting next_dagrun for system_dag to 2026-04-30T00:00:00+00:00, run_after=2026-05-01T00:00:00+00:00
[2026-05-01T07:52:59.350+0000] {processor.py:208} INFO - Processing /opt/airflow/dags/system_dag.py took 0.106 seconds
[2026-05-01T07:53:32.522+0000] {processor.py:186} INFO - Started process (PID=831) to work on /opt/airflow/dags/system_dag.py
[2026-05-01T07:53:32.522+0000] {processor.py:914} INFO - Processing file /opt/airflow/dags/system_dag.py for tasks to queue
[2026-05-01T07:53:32.524+0000] {logging_mixin.py:190} INFO - [2026-05-01T07:53:32.523+0000] {dagbag.py:588} INFO - Filling up the DagBag from /opt/airflow/dags/system_dag.py
[2026-05-01T07:53:32.542+0000] {processor.py:925} INFO - DAG(s) 'system_dag' retrieved from /opt/airflow/dags/system_dag.py
[2026-05-01T07:53:32.573+0000] {logging_mixin.py:190} INFO - [2026-05-01T07:53:32.573+0000] {dag.py:3239} INFO - Sync 1 DAGs
[2026-05-01T07:53:32.599+0000] {logging_mixin.py:190} INFO - [2026-05-01T07:53:32.599+0000] {dag.py:4180} INFO - Setting next_dagrun for system_dag to 2026-04-30T00:00:00+00:00, run_after=2026-05-01T00:00:00+00:00
[2026-05-01T07:53:32.619+0000] {processor.py:208} INFO - Processing /opt/airflow/dags/system_dag.py took 0.103 seconds
[2026-05-01T07:54:04.788+0000] {processor.py:186} INFO - Started process (PID=835) to work on /opt/airflow/dags/system_dag.py
[2026-05-01T07:54:04.788+0000] {processor.py:914} INFO - Processing file /opt/airflow/dags/system_dag.py for tasks to queue
[2026-05-01T07:54:04.790+0000] {logging_mixin.py:190} INFO - [2026-05-01T07:54:04.790+0000] {dagbag.py:588} INFO - Filling up the DagBag from /opt/airflow/dags/system_dag.py
[2026-05-01T07:54:04.807+0000] {processor.py:925} INFO - DAG(s) 'system_dag' retrieved from /opt/airflow/dags/system_dag.py
[2026-05-01T07:54:04.838+0000] {logging_mixin.py:190} INFO - [2026-05-01T07:54:04.838+0000] {dag.py:3239} INFO - Sync 1 DAGs
[2026-05-01T07:54:04.863+0000] {logging_mixin.py:190} INFO - [2026-05-01T07:54:04.862+0000] {dag.py:4180} INFO - Setting next_dagrun for system_dag to 2026-04-30T00:00:00+00:00, run_after=2026-05-01T00:00:00+00:00
[2026-05-01T07:54:04.882+0000] {processor.py:208} INFO - Processing /opt/airflow/dags/system_dag.py took 0.101 seconds
[2026-05-01T07:54:38.034+0000] {processor.py:186} INFO - Started process (PID=839) to work on /opt/airflow/dags/system_dag.py
[2026-05-01T07:54:38.035+0000] {processor.py:914} INFO - Processing file /opt/airflow/dags/system_dag.py for tasks to queue
[2026-05-01T07:54:38.036+0000] {logging_mixin.py:190} INFO - [2026-05-01T07:54:38.035+0000] {dagbag.py:588} INFO - Filling up the DagBag from /opt/airflow/dags/system_dag.py
[2026-05-01T07:54:38.055+0000] {processor.py:925} INFO - DAG(s) 'system_dag' retrieved from /opt/airflow/dags/system_dag.py
[2026-05-01T07:54:38.090+0000] {logging_mixin.py:190} INFO - [2026-05-01T07:54:38.090+0000] {dag.py:3239} INFO - Sync 1 DAGs
[2026-05-01T07:54:38.120+0000] {logging_mixin.py:190} INFO - [2026-05-01T07:54:38.120+0000] {dag.py:4180} INFO - Setting next_dagrun for system_dag to 2026-04-30T00:00:00+00:00, run_after=2026-05-01T00:00:00+00:00
[2026-05-01T07:54:38.143+0000] {processor.py:208} INFO - Processing /opt/airflow/dags/system_dag.py took 0.115 seconds
[2026-05-01T07:55:10.426+0000] {processor.py:186} INFO - Started process (PID=843) to work on /opt/airflow/dags/system_dag.py
[2026-05-01T07:55:10.427+0000] {processor.py:914} INFO - Processing file /opt/airflow/dags/system_dag.py for tasks to queue
[2026-05-01T07:55:10.428+0000] {logging_mixin.py:190} INFO - [2026-05-01T07:55:10.428+0000] {dagbag.py:588} INFO - Filling up the DagBag from /opt/airflow/dags/system_dag.py
[2026-05-01T07:55:10.449+0000] {processor.py:925} INFO - DAG(s) 'system_dag' retrieved from /opt/airflow/dags/system_dag.py
[2026-05-01T07:55:10.495+0000] {logging_mixin.py:190} INFO - [2026-05-01T07:55:10.494+0000] {dag.py:3239} INFO - Sync 1 DAGs
[2026-05-01T07:55:10.527+0000] {logging_mixin.py:190} INFO - [2026-05-01T07:55:10.527+0000] {dag.py:4180} INFO - Setting next_dagrun for system_dag to 2026-04-30T00:00:00+00:00, run_after=2026-05-01T00:00:00+00:00
[2026-05-01T07:55:10.556+0000] {processor.py:208} INFO - Processing /opt/airflow/dags/system_dag.py took 0.137 seconds
[2026-05-01T07:55:42.743+0000] {processor.py:186} INFO - Started process (PID=847) to work on /opt/airflow/dags/system_dag.py
[2026-05-01T07:55:42.743+0000] {processor.py:914} INFO - Processing file /opt/airflow/dags/system_dag.py for tasks to queue
[2026-05-01T07:55:42.746+0000] {logging_mixin.py:190} INFO - [2026-05-01T07:55:42.745+0000] {dagbag.py:588} INFO - Filling up the DagBag from /opt/airflow/dags/system_dag.py
[2026-05-01T07:55:42.762+0000] {processor.py:925} INFO - DAG(s) 'system_dag' retrieved from /opt/airflow/dags/system_dag.py
[2026-05-01T07:55:42.795+0000] {logging_mixin.py:190} INFO - [2026-05-01T07:55:42.795+0000] {dag.py:3239} INFO - Sync 1 DAGs
[2026-05-01T07:55:42.820+0000] {logging_mixin.py:190} INFO - [2026-05-01T07:55:42.820+0000] {dag.py:4180} INFO - Setting next_dagrun for system_dag to 2026-04-30T00:00:00+00:00, run_after=2026-05-01T00:00:00+00:00
[2026-05-01T07:55:42.839+0000] {processor.py:208} INFO - Processing /opt/airflow/dags/system_dag.py took 0.103 seconds
[2026-05-01T07:56:15.314+0000] {processor.py:186} INFO - Started process (PID=851) to work on /opt/airflow/dags/system_dag.py
[2026-05-01T07:56:15.315+0000] {processor.py:914} INFO - Processing file /opt/airflow/dags/system_dag.py for tasks to queue
[2026-05-01T07:56:15.316+0000] {logging_mixin.py:190} INFO - [2026-05-01T07:56:15.316+0000] {dagbag.py:588} INFO - Filling up the DagBag from /opt/airflow/dags/system_dag.py
[2026-05-01T07:56:15.334+0000] {processor.py:925} INFO - DAG(s) 'system_dag' retrieved from /opt/airflow/dags/system_dag.py
[2026-05-01T07:56:15.371+0000] {logging_mixin.py:190} INFO - [2026-05-01T07:56:15.371+0000] {dag.py:3239} INFO - Sync 1 DAGs
[2026-05-01T07:56:15.400+0000] {logging_mixin.py:190} INFO - [2026-05-01T07:56:15.400+0000] {dag.py:4180} INFO - Setting next_dagrun for system_dag to 2026-04-30T00:00:00+00:00, run_after=2026-05-01T00:00:00+00:00
[2026-05-01T07:56:15.421+0000] {processor.py:208} INFO - Processing /opt/airflow/dags/system_dag.py took 0.113 seconds
[2026-05-01T07:56:48.602+0000] {processor.py:186} INFO - Started process (PID=855) to work on /opt/airflow/dags/system_dag.py
[2026-05-01T07:56:48.603+0000] {processor.py:914} INFO - Processing file /opt/airflow/dags/system_dag.py for tasks to queue
[2026-05-01T07:56:48.605+0000] {logging_mixin.py:190} INFO - [2026-05-01T07:56:48.604+0000] {dagbag.py:588} INFO - Filling up the DagBag from /opt/airflow/dags/system_dag.py
[2026-05-01T07:56:48.622+0000] {processor.py:925} INFO - DAG(s) 'system_dag' retrieved from /opt/airflow/dags/system_dag.py
[2026-05-01T07:56:48.710+0000] {logging_mixin.py:190} INFO - [2026-05-01T07:56:48.710+0000] {dag.py:3239} INFO - Sync 1 DAGs
[2026-05-01T07:56:48.737+0000] {logging_mixin.py:190} INFO - [2026-05-01T07:56:48.737+0000] {dag.py:4180} INFO - Setting next_dagrun for system_dag to 2026-04-30T00:00:00+00:00, run_after=2026-05-01T00:00:00+00:00
[2026-05-01T07:56:48.756+0000] {processor.py:208} INFO - Processing /opt/airflow/dags/system_dag.py took 0.161 seconds
[2026-05-01T07:57:20.890+0000] {processor.py:186} INFO - Started process (PID=859) to work on /opt/airflow/dags/system_dag.py
[2026-05-01T07:57:20.891+0000] {processor.py:914} INFO - Processing file /opt/airflow/dags/system_dag.py for tasks to queue
[2026-05-01T07:57:20.893+0000] {logging_mixin.py:190} INFO - [2026-05-01T07:57:20.892+0000] {dagbag.py:588} INFO - Filling up the DagBag from /opt/airflow/dags/system_dag.py
[2026-05-01T07:57:20.911+0000] {processor.py:925} INFO - DAG(s) 'system_dag' retrieved from /opt/airflow/dags/system_dag.py
[2026-05-01T07:57:20.945+0000] {logging_mixin.py:190} INFO - [2026-05-01T07:57:20.944+0000] {dag.py:3239} INFO - Sync 1 DAGs
[2026-05-01T07:57:20.974+0000] {logging_mixin.py:190} INFO - [2026-05-01T07:57:20.974+0000] {dag.py:4180} INFO - Setting next_dagrun for system_dag to 2026-04-30T00:00:00+00:00, run_after=2026-05-01T00:00:00+00:00
[2026-05-01T07:57:20.996+0000] {processor.py:208} INFO - Processing /opt/airflow/dags/system_dag.py took 0.113 seconds
[2026-05-01T07:57:54.254+0000] {processor.py:186} INFO - Started process (PID=863) to work on /opt/airflow/dags/system_dag.py
[2026-05-01T07:57:54.255+0000] {processor.py:914} INFO - Processing file /opt/airflow/dags/system_dag.py for tasks to queue
[2026-05-01T07:57:54.256+0000] {logging_mixin.py:190} INFO - [2026-05-01T07:57:54.256+0000] {dagbag.py:588} INFO - Filling up the DagBag from /opt/airflow/dags/system_dag.py
[2026-05-01T07:57:54.277+0000] {processor.py:925} INFO - DAG(s) 'system_dag' retrieved from /opt/airflow/dags/system_dag.py
[2026-05-01T07:57:54.337+0000] {logging_mixin.py:190} INFO - [2026-05-01T07:57:54.336+0000] {dag.py:3239} INFO - Sync 1 DAGs
[2026-05-01T07:57:54.366+0000] {logging_mixin.py:190} INFO - [2026-05-01T07:57:54.366+0000] {dag.py:4180} INFO - Setting next_dagrun for system_dag to 2026-04-30T00:00:00+00:00, run_after=2026-05-01T00:00:00+00:00
[2026-05-01T07:57:54.392+0000] {processor.py:208} INFO - Processing /opt/airflow/dags/system_dag.py took 0.146 seconds
[2026-05-01T07:58:26.562+0000] {processor.py:186} INFO - Started process (PID=867) to work on /opt/airflow/dags/system_dag.py
[2026-05-01T07:58:26.563+0000] {processor.py:914} INFO - Processing file /opt/airflow/dags/system_dag.py for tasks to queue
[2026-05-01T07:58:26.564+0000] {logging_mixin.py:190} INFO - [2026-05-01T07:58:26.564+0000] {dagbag.py:588} INFO - Filling up the DagBag from /opt/airflow/dags/system_dag.py
[2026-05-01T07:58:26.589+0000] {processor.py:925} INFO - DAG(s) 'system_dag' retrieved from /opt/airflow/dags/system_dag.py
[2026-05-01T07:58:26.634+0000] {logging_mixin.py:190} INFO - [2026-05-01T07:58:26.634+0000] {dag.py:3239} INFO - Sync 1 DAGs
[2026-05-01T07:58:26.743+0000] {logging_mixin.py:190} INFO - [2026-05-01T07:58:26.743+0000] {dag.py:4180} INFO - Setting next_dagrun for system_dag to 2026-04-30T00:00:00+00:00, run_after=2026-05-01T00:00:00+00:00
[2026-05-01T07:58:26.778+0000] {processor.py:208} INFO - Processing /opt/airflow/dags/system_dag.py took 0.222 seconds
