[2026-05-21T06:59:21.392+0000] {local_task_job_runner.py:123} INFO - ::group::Pre task execution logs
[2026-05-21T06:59:21.446+0000] {taskinstance.py:2614} INFO - Dependencies all met for dep_context=non-requeueable deps ti=<TaskInstance: crawl_etl_itjob.build_gold scheduled__2026-05-20T02:00:00+00:00 [queued]>
[2026-05-21T06:59:21.461+0000] {taskinstance.py:2614} INFO - Dependencies all met for dep_context=requeueable deps ti=<TaskInstance: crawl_etl_itjob.build_gold scheduled__2026-05-20T02:00:00+00:00 [queued]>
[2026-05-21T06:59:21.461+0000] {taskinstance.py:2867} INFO - Starting attempt 1 of 2
[2026-05-21T06:59:21.479+0000] {taskinstance.py:2890} INFO - Executing <Task(BashOperator): build_gold> on 2026-05-20 02:00:00+00:00
[2026-05-21T06:59:21.484+0000] {standard_task_runner.py:72} INFO - Started process 142 to run task
[2026-05-21T06:59:21.489+0000] {standard_task_runner.py:104} INFO - Running: ['***', 'tasks', 'run', 'crawl_etl_itjob', 'build_gold', 'scheduled__2026-05-20T02:00:00+00:00', '--job-id', '219', '--raw', '--subdir', 'DAGS_FOLDER/Crawl_ETL_ITJob.py', '--cfg-path', '/tmp/tmp7s39m5rg']
[2026-05-21T06:59:21.491+0000] {standard_task_runner.py:105} INFO - Job 219: Subtask build_gold
[2026-05-21T06:59:21.528+0000] {warnings.py:109} WARNING - /home/***/.local/lib/python3.8/site-packages/***/settings.py:209: DeprecationWarning: The sql_alchemy_conn option in [core] has been moved to the sql_alchemy_conn option in [database] - the old setting has been used, but please update your config.
  SQL_ALCHEMY_CONN = conf.get("database", "SQL_ALCHEMY_CONN")

[2026-05-21T06:59:21.633+0000] {task_command.py:467} INFO - Running <TaskInstance: crawl_etl_itjob.build_gold scheduled__2026-05-20T02:00:00+00:00 [running]> on host 64b3786bead1
[2026-05-21T06:59:21.634+0000] {warnings.py:109} WARNING - /home/***/.local/lib/python3.8/site-packages/***/settings.py:470: DeprecationWarning: The sql_alchemy_conn option in [core] has been moved to the sql_alchemy_conn option in [database] - the old setting has been used, but please update your config.
  if conf.get("database", "sql_alchemy_conn") == "none://":

[2026-05-21T06:59:21.817+0000] {taskinstance.py:3134} INFO - Exporting env vars: AIRFLOW_CTX_DAG_EMAIL='hoa856856@gmail.com' AIRFLOW_CTX_DAG_OWNER='***' AIRFLOW_CTX_DAG_ID='crawl_etl_itjob' AIRFLOW_CTX_TASK_ID='build_gold' AIRFLOW_CTX_EXECUTION_DATE='2026-05-20T02:00:00+00:00' AIRFLOW_CTX_TRY_NUMBER='1' AIRFLOW_CTX_DAG_RUN_ID='scheduled__2026-05-20T02:00:00+00:00'
[2026-05-21T06:59:21.819+0000] {taskinstance.py:732} INFO - ::endgroup::
[2026-05-21T06:59:21.839+0000] {subprocess.py:78} INFO - Tmp dir root location: /tmp
[2026-05-21T06:59:21.842+0000] {subprocess.py:88} INFO - Running command: ['/bin/bash', '-c', "\n        docker exec spark-submit bash -c '\n        /opt/spark/bin/spark-submit         --master spark://spark-master:7077         --deploy-mode client         --packages org.apache.iceberg:iceberg-spark-runtime-3.5_2.12:1.5.0,org.apache.hadoop:hadoop-aws:3.3.4,com.amazonaws:aws-java-sdk-bundle:1.12.262         /opt/spark/scripts/Build_Gold.py\n        '\n        "]
[2026-05-21T06:59:21.856+0000] {subprocess.py:99} INFO - Output:
[2026-05-21T06:59:24.214+0000] {subprocess.py:106} INFO - :: loading settings :: url = jar:file:/opt/spark/jars/ivy-2.5.1.jar!/org/apache/ivy/core/settings/ivysettings.xml
[2026-05-21T06:59:24.388+0000] {subprocess.py:106} INFO - Ivy Default Cache set to: /home/spark/.ivy2/cache
[2026-05-21T06:59:24.388+0000] {subprocess.py:106} INFO - The jars for the packages stored in: /home/spark/.ivy2/jars
[2026-05-21T06:59:24.399+0000] {subprocess.py:106} INFO - org.apache.iceberg#iceberg-spark-runtime-3.5_2.12 added as a dependency
[2026-05-21T06:59:24.402+0000] {subprocess.py:106} INFO - org.apache.hadoop#hadoop-aws added as a dependency
[2026-05-21T06:59:24.403+0000] {subprocess.py:106} INFO - com.amazonaws#aws-java-sdk-bundle added as a dependency
[2026-05-21T06:59:24.404+0000] {subprocess.py:106} INFO - :: resolving dependencies :: org.apache.spark#spark-submit-parent-e2784dd8-066c-4a48-a9f0-44d59565db12;1.0
[2026-05-21T06:59:24.404+0000] {subprocess.py:106} INFO - 	confs: [default]
[2026-05-21T06:59:24.527+0000] {subprocess.py:106} INFO - 	found org.apache.iceberg#iceberg-spark-runtime-3.5_2.12;1.5.0 in central
[2026-05-21T06:59:24.667+0000] {subprocess.py:106} INFO - 	found org.apache.hadoop#hadoop-aws;3.3.4 in central
[2026-05-21T06:59:24.734+0000] {subprocess.py:106} INFO - 	found com.amazonaws#aws-java-sdk-bundle;1.12.262 in central
[2026-05-21T06:59:24.796+0000] {subprocess.py:106} INFO - 	found org.wildfly.openssl#wildfly-openssl;1.0.7.Final in central
[2026-05-21T06:59:24.855+0000] {subprocess.py:106} INFO - :: resolution report :: resolve 429ms :: artifacts dl 22ms
[2026-05-21T06:59:24.857+0000] {subprocess.py:106} INFO - 	:: modules in use:
[2026-05-21T06:59:24.857+0000] {subprocess.py:106} INFO - 	com.amazonaws#aws-java-sdk-bundle;1.12.262 from central in [default]
[2026-05-21T06:59:24.858+0000] {subprocess.py:106} INFO - 	org.apache.hadoop#hadoop-aws;3.3.4 from central in [default]
[2026-05-21T06:59:24.859+0000] {subprocess.py:106} INFO - 	org.apache.iceberg#iceberg-spark-runtime-3.5_2.12;1.5.0 from central in [default]
[2026-05-21T06:59:24.860+0000] {subprocess.py:106} INFO - 	org.wildfly.openssl#wildfly-openssl;1.0.7.Final from central in [default]
[2026-05-21T06:59:24.861+0000] {subprocess.py:106} INFO - 	---------------------------------------------------------------------
[2026-05-21T06:59:24.861+0000] {subprocess.py:106} INFO - 	|                  |            modules            ||   artifacts   |
[2026-05-21T06:59:24.862+0000] {subprocess.py:106} INFO - 	|       conf       | number| search|dwnlded|evicted|| number|dwnlded|
[2026-05-21T06:59:24.862+0000] {subprocess.py:106} INFO - 	---------------------------------------------------------------------
[2026-05-21T06:59:24.863+0000] {subprocess.py:106} INFO - 	|      default     |   4   |   0   |   0   |   0   ||   4   |   0   |
[2026-05-21T06:59:24.863+0000] {subprocess.py:106} INFO - 	---------------------------------------------------------------------
[2026-05-21T06:59:24.864+0000] {subprocess.py:106} INFO - :: retrieving :: org.apache.spark#spark-submit-parent-e2784dd8-066c-4a48-a9f0-44d59565db12
[2026-05-21T06:59:24.864+0000] {subprocess.py:106} INFO - 	confs: [default]
[2026-05-21T06:59:24.872+0000] {subprocess.py:106} INFO - 	0 artifacts copied, 4 already retrieved (0kB/11ms)
[2026-05-21T06:59:25.177+0000] {subprocess.py:106} INFO - 26/05/21 06:59:25 WARN NativeCodeLoader: Unable to load native-hadoop library for your platform... using builtin-java classes where applicable
[2026-05-21T06:59:26.400+0000] {subprocess.py:106} INFO - 26/05/21 06:59:26 INFO SparkContext: Running Spark version 3.5.3
[2026-05-21T06:59:26.401+0000] {subprocess.py:106} INFO - 26/05/21 06:59:26 INFO SparkContext: OS info Linux, 6.6.87.2-microsoft-standard-WSL2, amd64
[2026-05-21T06:59:26.402+0000] {subprocess.py:106} INFO - 26/05/21 06:59:26 INFO SparkContext: Java version 11.0.24
[2026-05-21T06:59:26.430+0000] {subprocess.py:106} INFO - 26/05/21 06:59:26 INFO ResourceUtils: ==============================================================
[2026-05-21T06:59:26.431+0000] {subprocess.py:106} INFO - 26/05/21 06:59:26 INFO ResourceUtils: No custom resources configured for spark.driver.
[2026-05-21T06:59:26.432+0000] {subprocess.py:106} INFO - 26/05/21 06:59:26 INFO ResourceUtils: ==============================================================
[2026-05-21T06:59:26.433+0000] {subprocess.py:106} INFO - 26/05/21 06:59:26 INFO SparkContext: Submitted application: Build_Gold_Layer_Star_Schema
[2026-05-21T06:59:26.476+0000] {subprocess.py:106} INFO - 26/05/21 06:59:26 INFO ResourceProfile: Default ResourceProfile created, executor resources: Map(memory -> name: memory, amount: 1024, script: , vendor: , offHeap -> name: offHeap, amount: 0, script: , vendor: ), task resources: Map(cpus -> name: cpus, amount: 1.0)
[2026-05-21T06:59:26.499+0000] {subprocess.py:106} INFO - 26/05/21 06:59:26 INFO ResourceProfile: Limiting resource is cpu
[2026-05-21T06:59:26.500+0000] {subprocess.py:106} INFO - 26/05/21 06:59:26 INFO ResourceProfileManager: Added ResourceProfile id: 0
[2026-05-21T06:59:26.605+0000] {subprocess.py:106} INFO - 26/05/21 06:59:26 INFO SecurityManager: Changing view acls to: spark
[2026-05-21T06:59:26.606+0000] {subprocess.py:106} INFO - 26/05/21 06:59:26 INFO SecurityManager: Changing modify acls to: spark
[2026-05-21T06:59:26.607+0000] {subprocess.py:106} INFO - 26/05/21 06:59:26 INFO SecurityManager: Changing view acls groups to:
[2026-05-21T06:59:26.609+0000] {subprocess.py:106} INFO - 26/05/21 06:59:26 INFO SecurityManager: Changing modify acls groups to:
[2026-05-21T06:59:26.610+0000] {subprocess.py:106} INFO - 26/05/21 06:59:26 INFO SecurityManager: SecurityManager: authentication disabled; ui acls disabled; users with view permissions: spark; groups with view permissions: EMPTY; users with modify permissions: spark; groups with modify permissions: EMPTY
[2026-05-21T06:59:27.078+0000] {subprocess.py:106} INFO - 26/05/21 06:59:27 INFO Utils: Successfully started service 'sparkDriver' on port 36925.
[2026-05-21T06:59:27.197+0000] {subprocess.py:106} INFO - 26/05/21 06:59:27 INFO SparkEnv: Registering MapOutputTracker
[2026-05-21T06:59:27.254+0000] {subprocess.py:106} INFO - 26/05/21 06:59:27 INFO SparkEnv: Registering BlockManagerMaster
[2026-05-21T06:59:27.279+0000] {subprocess.py:106} INFO - 26/05/21 06:59:27 INFO BlockManagerMasterEndpoint: Using org.apache.spark.storage.DefaultTopologyMapper for getting topology information
[2026-05-21T06:59:27.280+0000] {subprocess.py:106} INFO - 26/05/21 06:59:27 INFO BlockManagerMasterEndpoint: BlockManagerMasterEndpoint up
[2026-05-21T06:59:27.288+0000] {subprocess.py:106} INFO - 26/05/21 06:59:27 INFO SparkEnv: Registering BlockManagerMasterHeartbeat
[2026-05-21T06:59:27.341+0000] {subprocess.py:106} INFO - 26/05/21 06:59:27 INFO DiskBlockManager: Created local directory at /tmp/blockmgr-c2e0d3d4-0147-468c-8eba-5f39f0186399
[2026-05-21T06:59:27.364+0000] {subprocess.py:106} INFO - 26/05/21 06:59:27 INFO MemoryStore: MemoryStore started with capacity 434.4 MiB
[2026-05-21T06:59:27.389+0000] {subprocess.py:106} INFO - 26/05/21 06:59:27 INFO SparkEnv: Registering OutputCommitCoordinator
[2026-05-21T06:59:27.597+0000] {subprocess.py:106} INFO - 26/05/21 06:59:27 INFO JettyUtils: Start Jetty 0.0.0.0:4040 for SparkUI
[2026-05-21T06:59:27.673+0000] {subprocess.py:106} INFO - 26/05/21 06:59:27 INFO Utils: Successfully started service 'SparkUI' on port 4040.
[2026-05-21T06:59:27.725+0000] {subprocess.py:106} INFO - 26/05/21 06:59:27 INFO SparkContext: Added JAR file:///home/spark/.ivy2/jars/org.apache.iceberg_iceberg-spark-runtime-3.5_2.12-1.5.0.jar at spark://c05002f484b8:36925/jars/org.apache.iceberg_iceberg-spark-runtime-3.5_2.12-1.5.0.jar with timestamp 1779346766389
[2026-05-21T06:59:27.728+0000] {subprocess.py:106} INFO - 26/05/21 06:59:27 INFO SparkContext: Added JAR file:///home/spark/.ivy2/jars/org.apache.hadoop_hadoop-aws-3.3.4.jar at spark://c05002f484b8:36925/jars/org.apache.hadoop_hadoop-aws-3.3.4.jar with timestamp 1779346766389
[2026-05-21T06:59:27.729+0000] {subprocess.py:106} INFO - 26/05/21 06:59:27 INFO SparkContext: Added JAR file:///home/spark/.ivy2/jars/com.amazonaws_aws-java-sdk-bundle-1.12.262.jar at spark://c05002f484b8:36925/jars/com.amazonaws_aws-java-sdk-bundle-1.12.262.jar with timestamp 1779346766389
[2026-05-21T06:59:27.730+0000] {subprocess.py:106} INFO - 26/05/21 06:59:27 INFO SparkContext: Added JAR file:///home/spark/.ivy2/jars/org.wildfly.openssl_wildfly-openssl-1.0.7.Final.jar at spark://c05002f484b8:36925/jars/org.wildfly.openssl_wildfly-openssl-1.0.7.Final.jar with timestamp 1779346766389
[2026-05-21T06:59:27.739+0000] {subprocess.py:106} INFO - 26/05/21 06:59:27 INFO SparkContext: Added file file:///home/spark/.ivy2/jars/org.apache.iceberg_iceberg-spark-runtime-3.5_2.12-1.5.0.jar at spark://c05002f484b8:36925/files/org.apache.iceberg_iceberg-spark-runtime-3.5_2.12-1.5.0.jar with timestamp 1779346766389
[2026-05-21T06:59:27.742+0000] {subprocess.py:106} INFO - 26/05/21 06:59:27 INFO Utils: Copying /home/spark/.ivy2/jars/org.apache.iceberg_iceberg-spark-runtime-3.5_2.12-1.5.0.jar to /tmp/spark-40767504-8673-4599-8c38-9010e0cfed35/userFiles-506493bd-ed80-4709-b65a-1639f01d486a/org.apache.iceberg_iceberg-spark-runtime-3.5_2.12-1.5.0.jar
[2026-05-21T06:59:27.817+0000] {subprocess.py:106} INFO - 26/05/21 06:59:27 INFO SparkContext: Added file file:///home/spark/.ivy2/jars/org.apache.hadoop_hadoop-aws-3.3.4.jar at spark://c05002f484b8:36925/files/org.apache.hadoop_hadoop-aws-3.3.4.jar with timestamp 1779346766389
[2026-05-21T06:59:27.818+0000] {subprocess.py:106} INFO - 26/05/21 06:59:27 INFO Utils: Copying /home/spark/.ivy2/jars/org.apache.hadoop_hadoop-aws-3.3.4.jar to /tmp/spark-40767504-8673-4599-8c38-9010e0cfed35/userFiles-506493bd-ed80-4709-b65a-1639f01d486a/org.apache.hadoop_hadoop-aws-3.3.4.jar
[2026-05-21T06:59:27.824+0000] {subprocess.py:106} INFO - 26/05/21 06:59:27 INFO SparkContext: Added file file:///home/spark/.ivy2/jars/com.amazonaws_aws-java-sdk-bundle-1.12.262.jar at spark://c05002f484b8:36925/files/com.amazonaws_aws-java-sdk-bundle-1.12.262.jar with timestamp 1779346766389
[2026-05-21T06:59:27.826+0000] {subprocess.py:106} INFO - 26/05/21 06:59:27 INFO Utils: Copying /home/spark/.ivy2/jars/com.amazonaws_aws-java-sdk-bundle-1.12.262.jar to /tmp/spark-40767504-8673-4599-8c38-9010e0cfed35/userFiles-506493bd-ed80-4709-b65a-1639f01d486a/com.amazonaws_aws-java-sdk-bundle-1.12.262.jar
[2026-05-21T06:59:28.180+0000] {subprocess.py:106} INFO - 26/05/21 06:59:28 INFO SparkContext: Added file file:///home/spark/.ivy2/jars/org.wildfly.openssl_wildfly-openssl-1.0.7.Final.jar at spark://c05002f484b8:36925/files/org.wildfly.openssl_wildfly-openssl-1.0.7.Final.jar with timestamp 1779346766389
[2026-05-21T06:59:28.181+0000] {subprocess.py:106} INFO - 26/05/21 06:59:28 INFO Utils: Copying /home/spark/.ivy2/jars/org.wildfly.openssl_wildfly-openssl-1.0.7.Final.jar to /tmp/spark-40767504-8673-4599-8c38-9010e0cfed35/userFiles-506493bd-ed80-4709-b65a-1639f01d486a/org.wildfly.openssl_wildfly-openssl-1.0.7.Final.jar
[2026-05-21T06:59:28.342+0000] {subprocess.py:106} INFO - 26/05/21 06:59:28 INFO StandaloneAppClient$ClientEndpoint: Connecting to master spark://spark-master:7077...
[2026-05-21T06:59:28.407+0000] {subprocess.py:106} INFO - 26/05/21 06:59:28 INFO TransportClientFactory: Successfully created connection to spark-master/172.30.0.5:7077 after 41 ms (0 ms spent in bootstraps)
[2026-05-21T06:59:28.525+0000] {subprocess.py:106} INFO - 26/05/21 06:59:28 INFO StandaloneSchedulerBackend: Connected to Spark cluster with app ID app-20260521065928-0005
[2026-05-21T06:59:28.532+0000] {subprocess.py:106} INFO - 26/05/21 06:59:28 INFO StandaloneAppClient$ClientEndpoint: Executor added: app-20260521065928-0005/0 on worker-20260521063756-172.30.0.6-39805 (172.30.0.6:39805) with 1 core(s)
[2026-05-21T06:59:28.535+0000] {subprocess.py:106} INFO - 26/05/21 06:59:28 INFO StandaloneSchedulerBackend: Granted executor ID app-20260521065928-0005/0 on hostPort 172.30.0.6:39805 with 1 core(s), 1024.0 MiB RAM
[2026-05-21T06:59:28.541+0000] {subprocess.py:106} INFO - 26/05/21 06:59:28 INFO Utils: Successfully started service 'org.apache.spark.network.netty.NettyBlockTransferService' on port 46227.
[2026-05-21T06:59:28.542+0000] {subprocess.py:106} INFO - 26/05/21 06:59:28 INFO NettyBlockTransferService: Server created on c05002f484b8:46227
[2026-05-21T06:59:28.545+0000] {subprocess.py:106} INFO - 26/05/21 06:59:28 INFO BlockManager: Using org.apache.spark.storage.RandomBlockReplicationPolicy for block replication policy
[2026-05-21T06:59:28.555+0000] {subprocess.py:106} INFO - 26/05/21 06:59:28 INFO BlockManagerMaster: Registering BlockManager BlockManagerId(driver, c05002f484b8, 46227, None)
[2026-05-21T06:59:28.560+0000] {subprocess.py:106} INFO - 26/05/21 06:59:28 INFO BlockManagerMasterEndpoint: Registering block manager c05002f484b8:46227 with 434.4 MiB RAM, BlockManagerId(driver, c05002f484b8, 46227, None)
[2026-05-21T06:59:28.564+0000] {subprocess.py:106} INFO - 26/05/21 06:59:28 INFO BlockManagerMaster: Registered BlockManager BlockManagerId(driver, c05002f484b8, 46227, None)
[2026-05-21T06:59:28.566+0000] {subprocess.py:106} INFO - 26/05/21 06:59:28 INFO BlockManager: Initialized BlockManager: BlockManagerId(driver, c05002f484b8, 46227, None)
[2026-05-21T06:59:28.611+0000] {subprocess.py:106} INFO - 26/05/21 06:59:28 INFO StandaloneAppClient$ClientEndpoint: Executor updated: app-20260521065928-0005/0 is now RUNNING
[2026-05-21T06:59:28.999+0000] {subprocess.py:106} INFO - 26/05/21 06:59:28 INFO StandaloneSchedulerBackend: SchedulerBackend is ready for scheduling beginning after reached minRegisteredResourcesRatio: 0.0
[2026-05-21T06:59:29.403+0000] {subprocess.py:106} INFO - 26/05/21 06:59:29 INFO SharedState: Setting hive.metastore.warehouse.dir ('null') to the value of spark.sql.warehouse.dir.
[2026-05-21T06:59:29.408+0000] {subprocess.py:106} INFO - 26/05/21 06:59:29 INFO SharedState: Warehouse path is 'file:/opt/spark/work-dir/spark-warehouse'.
[2026-05-21T06:59:34.154+0000] {subprocess.py:106} INFO - 26/05/21 06:59:34 INFO StandaloneSchedulerBackend$StandaloneDriverEndpoint: Registered executor NettyRpcEndpointRef(spark-client://Executor) (172.30.0.6:36864) with ID 0,  ResourceProfileId 0
[2026-05-21T06:59:34.309+0000] {subprocess.py:106} INFO - 26/05/21 06:59:34 INFO BlockManagerMasterEndpoint: Registering block manager 172.30.0.6:32781 with 434.4 MiB RAM, BlockManagerId(0, 172.30.0.6, 32781, None)
[2026-05-21T06:59:34.706+0000] {subprocess.py:106} INFO - 26/05/21 06:59:34 INFO HiveConf: Found configuration file null
[2026-05-21T06:59:35.082+0000] {subprocess.py:106} INFO - 26/05/21 06:59:35 INFO metastore: Trying to connect to metastore with URI thrift://hive-metastore:9083
[2026-05-21T06:59:35.119+0000] {subprocess.py:106} INFO - 26/05/21 06:59:35 INFO metastore: Opened a connection to metastore, current connections: 1
[2026-05-21T06:59:35.179+0000] {subprocess.py:106} INFO - 26/05/21 06:59:35 INFO metastore: Connected to metastore.
[2026-05-21T06:59:35.366+0000] {subprocess.py:106} INFO - >>> Dropping existing GOLD tables for Full Refresh...
[2026-05-21T06:59:42.163+0000] {subprocess.py:106} INFO - 26/05/21 06:59:42 INFO BaseMetastoreTableOperations: Refreshing table metadata from new version: s3a://warehouse/iceberg_data/gold.db/fact_job_posting/metadata/00000-5eaa3178-a7f2-4dcc-9861-6faf0a7bbe12.metadata.json
[2026-05-21T06:59:42.808+0000] {subprocess.py:106} INFO - 26/05/21 06:59:42 WARN MetricsConfig: Cannot locate configuration: tried hadoop-metrics2-s3a-file-system.properties,hadoop-metrics2.properties
[2026-05-21T06:59:42.865+0000] {subprocess.py:106} INFO - 26/05/21 06:59:42 INFO MetricsSystemImpl: Scheduled Metric snapshot period at 10 second(s).
[2026-05-21T06:59:42.867+0000] {subprocess.py:106} INFO - 26/05/21 06:59:42 INFO MetricsSystemImpl: s3a-file-system metrics system started
[2026-05-21T06:59:44.037+0000] {job.py:229} INFO - Heartbeat recovered after 12.28 seconds
[2026-05-21T06:59:45.283+0000] {subprocess.py:106} INFO - 26/05/21 06:59:45 INFO BaseMetastoreCatalog: Table loaded by catalog: iceberg.gold.fact_job_posting
[2026-05-21T06:59:49.657+0000] {subprocess.py:106} INFO - 26/05/21 06:59:49 INFO HiveCatalog: Dropped table: gold.fact_job_posting
[2026-05-21T06:59:49.734+0000] {subprocess.py:106} INFO - 26/05/21 06:59:49 INFO BaseMetastoreTableOperations: Refreshing table metadata from new version: s3a://warehouse/iceberg_data/gold.db/dim_skill/metadata/00000-681b233a-1633-458f-ab04-ad6a6d58dd98.metadata.json
[2026-05-21T06:59:49.937+0000] {subprocess.py:106} INFO - 26/05/21 06:59:49 INFO BaseMetastoreCatalog: Table loaded by catalog: iceberg.gold.dim_skill
[2026-05-21T06:59:50.079+0000] {subprocess.py:106} INFO - 26/05/21 06:59:50 INFO HiveCatalog: Dropped table: gold.dim_skill
[2026-05-21T06:59:50.129+0000] {subprocess.py:106} INFO - 26/05/21 06:59:50 INFO BaseMetastoreTableOperations: Refreshing table metadata from new version: s3a://warehouse/iceberg_data/gold.db/dim_location/metadata/00000-2d2aedf6-5354-49e3-ae85-476475066812.metadata.json
[2026-05-21T06:59:50.158+0000] {subprocess.py:106} INFO - 26/05/21 06:59:50 INFO BaseMetastoreCatalog: Table loaded by catalog: iceberg.gold.dim_location
[2026-05-21T06:59:50.245+0000] {subprocess.py:106} INFO - 26/05/21 06:59:50 INFO HiveCatalog: Dropped table: gold.dim_location
[2026-05-21T06:59:50.281+0000] {subprocess.py:106} INFO - 26/05/21 06:59:50 INFO BaseMetastoreTableOperations: Refreshing table metadata from new version: s3a://warehouse/iceberg_data/gold.db/dim_company/metadata/00000-14c6ead7-67bd-4111-bc54-4557ce9d8242.metadata.json
[2026-05-21T06:59:50.304+0000] {subprocess.py:106} INFO - 26/05/21 06:59:50 INFO BaseMetastoreCatalog: Table loaded by catalog: iceberg.gold.dim_company
[2026-05-21T06:59:52.649+0000] {subprocess.py:106} INFO - 26/05/21 06:59:52 INFO HiveCatalog: Dropped table: gold.dim_company
[2026-05-21T06:59:52.685+0000] {subprocess.py:106} INFO - 26/05/21 06:59:52 INFO BaseMetastoreTableOperations: Refreshing table metadata from new version: s3a://warehouse/iceberg_data/gold.db/dim_date/metadata/00000-7ce1dc90-bf6c-4993-95eb-67add7acbe1c.metadata.json
[2026-05-21T06:59:52.711+0000] {subprocess.py:106} INFO - 26/05/21 06:59:52 INFO BaseMetastoreCatalog: Table loaded by catalog: iceberg.gold.dim_date
[2026-05-21T06:59:52.800+0000] {subprocess.py:106} INFO - 26/05/21 06:59:52 INFO HiveCatalog: Dropped table: gold.dim_date
[2026-05-21T06:59:52.840+0000] {subprocess.py:106} INFO - 26/05/21 06:59:52 INFO BaseMetastoreTableOperations: Refreshing table metadata from new version: s3a://warehouse/iceberg_data/gold.db/dim_work_mode/metadata/00000-da262a42-24e2-4eae-8c54-8b9bb386360e.metadata.json
[2026-05-21T06:59:52.863+0000] {subprocess.py:106} INFO - 26/05/21 06:59:52 INFO BaseMetastoreCatalog: Table loaded by catalog: iceberg.gold.dim_work_mode
[2026-05-21T06:59:53.073+0000] {subprocess.py:106} INFO - 26/05/21 06:59:53 INFO HiveCatalog: Dropped table: gold.dim_work_mode
[2026-05-21T06:59:53.107+0000] {subprocess.py:106} INFO - 26/05/21 06:59:53 INFO BaseMetastoreTableOperations: Refreshing table metadata from new version: s3a://warehouse/iceberg_data/gold.db/dim_job_category/metadata/00000-727783c4-ce35-46a7-ae47-de421c60b787.metadata.json
[2026-05-21T06:59:53.133+0000] {subprocess.py:106} INFO - 26/05/21 06:59:53 INFO BaseMetastoreCatalog: Table loaded by catalog: iceberg.gold.dim_job_category
[2026-05-21T06:59:53.322+0000] {subprocess.py:106} INFO - 26/05/21 06:59:53 INFO HiveCatalog: Dropped table: gold.dim_job_category
[2026-05-21T06:59:53.324+0000] {subprocess.py:106} INFO - >>> Reading Silver Data from iceberg.silver.it_jobs_clean...
[2026-05-21T06:59:53.364+0000] {subprocess.py:106} INFO - 26/05/21 06:59:53 INFO BaseMetastoreTableOperations: Refreshing table metadata from new version: s3a://warehouse/iceberg_data/silver.db/it_jobs_clean/metadata/00011-62171d72-a23b-480f-960e-ebac40b69790.metadata.json
[2026-05-21T06:59:53.407+0000] {subprocess.py:106} INFO - 26/05/21 06:59:53 INFO BaseMetastoreCatalog: Table loaded by catalog: iceberg.silver.it_jobs_clean
[2026-05-21T06:59:54.010+0000] {subprocess.py:106} INFO - 26/05/21 06:59:54 INFO SnapshotScan: Scanning table iceberg.silver.it_jobs_clean snapshot 5375345670392648344 created at 2026-05-21T06:47:17.683+00:00 with filter true
[2026-05-21T06:59:54.333+0000] {subprocess.py:106} INFO - 26/05/21 06:59:54 INFO BaseDistributedDataScan: Planning file tasks locally for table iceberg.silver.it_jobs_clean
[2026-05-21T06:59:54.542+0000] {subprocess.py:106} INFO - 26/05/21 06:59:54 INFO V2ScanRelationPushDown:
[2026-05-21T06:59:54.542+0000] {subprocess.py:106} INFO - Pushing operators to iceberg.silver.it_jobs_clean
[2026-05-21T06:59:54.543+0000] {subprocess.py:106} INFO - Pushed Aggregate Functions:
[2026-05-21T06:59:54.543+0000] {subprocess.py:106} INFO -  COUNT(*)
[2026-05-21T06:59:54.544+0000] {subprocess.py:106} INFO - Pushed Group by:
[2026-05-21T06:59:54.544+0000] {subprocess.py:106} INFO - 
[2026-05-21T06:59:54.545+0000] {subprocess.py:106} INFO - 
[2026-05-21T06:59:55.666+0000] {subprocess.py:106} INFO - 26/05/21 06:59:55 INFO CodeGenerator: Code generated in 429.016004 ms
[2026-05-21T06:59:55.700+0000] {subprocess.py:106} INFO - 26/05/21 06:59:55 INFO CodeGenerator: Code generated in 18.542335 ms
[2026-05-21T06:59:55.833+0000] {subprocess.py:106} INFO - 26/05/21 06:59:55 INFO DAGScheduler: Registering RDD 2 (count at <unknown>:0) as input to shuffle 0
[2026-05-21T06:59:55.843+0000] {subprocess.py:106} INFO - 26/05/21 06:59:55 INFO DAGScheduler: Got map stage job 0 (count at <unknown>:0) with 1 output partitions
[2026-05-21T06:59:55.845+0000] {subprocess.py:106} INFO - 26/05/21 06:59:55 INFO DAGScheduler: Final stage: ShuffleMapStage 0 (count at <unknown>:0)
[2026-05-21T06:59:55.846+0000] {subprocess.py:106} INFO - 26/05/21 06:59:55 INFO DAGScheduler: Parents of final stage: List()
[2026-05-21T06:59:55.852+0000] {subprocess.py:106} INFO - 26/05/21 06:59:55 INFO DAGScheduler: Missing parents: List()
[2026-05-21T06:59:55.859+0000] {subprocess.py:106} INFO - 26/05/21 06:59:55 INFO DAGScheduler: Submitting ShuffleMapStage 0 (MapPartitionsRDD[2] at count at <unknown>:0), which has no missing parents
[2026-05-21T06:59:56.002+0000] {subprocess.py:106} INFO - 26/05/21 06:59:56 INFO MemoryStore: Block broadcast_0 stored as values in memory (estimated size 12.6 KiB, free 434.4 MiB)
[2026-05-21T06:59:56.054+0000] {subprocess.py:106} INFO - 26/05/21 06:59:56 INFO MemoryStore: Block broadcast_0_piece0 stored as bytes in memory (estimated size 6.2 KiB, free 434.4 MiB)
[2026-05-21T06:59:56.058+0000] {subprocess.py:106} INFO - 26/05/21 06:59:56 INFO BlockManagerInfo: Added broadcast_0_piece0 in memory on c05002f484b8:46227 (size: 6.2 KiB, free: 434.4 MiB)
[2026-05-21T06:59:56.064+0000] {subprocess.py:106} INFO - 26/05/21 06:59:56 INFO SparkContext: Created broadcast 0 from broadcast at DAGScheduler.scala:1585
[2026-05-21T06:59:56.102+0000] {subprocess.py:106} INFO - 26/05/21 06:59:56 INFO DAGScheduler: Submitting 1 missing tasks from ShuffleMapStage 0 (MapPartitionsRDD[2] at count at <unknown>:0) (first 15 tasks are for partitions Vector(0))
[2026-05-21T06:59:56.105+0000] {subprocess.py:106} INFO - 26/05/21 06:59:56 INFO TaskSchedulerImpl: Adding task set 0.0 with 1 tasks resource profile 0
[2026-05-21T06:59:56.175+0000] {subprocess.py:106} INFO - 26/05/21 06:59:56 INFO TaskSetManager: Starting task 0.0 in stage 0.0 (TID 0) (172.30.0.6, executor 0, partition 0, PROCESS_LOCAL, 10137 bytes)
[2026-05-21T06:59:56.467+0000] {subprocess.py:106} INFO - 26/05/21 06:59:56 INFO BlockManagerInfo: Added broadcast_0_piece0 in memory on 172.30.0.6:32781 (size: 6.2 KiB, free: 434.4 MiB)
[2026-05-21T06:59:57.601+0000] {subprocess.py:106} INFO - 26/05/21 06:59:57 INFO TaskSetManager: Finished task 0.0 in stage 0.0 (TID 0) in 1456 ms on 172.30.0.6 (executor 0) (1/1)
[2026-05-21T06:59:57.604+0000] {subprocess.py:106} INFO - 26/05/21 06:59:57 INFO TaskSchedulerImpl: Removed TaskSet 0.0, whose tasks have all completed, from pool
[2026-05-21T06:59:57.615+0000] {subprocess.py:106} INFO - 26/05/21 06:59:57 INFO DAGScheduler: ShuffleMapStage 0 (count at <unknown>:0) finished in 1.735 s
[2026-05-21T06:59:57.616+0000] {subprocess.py:106} INFO - 26/05/21 06:59:57 INFO DAGScheduler: looking for newly runnable stages
[2026-05-21T06:59:57.622+0000] {subprocess.py:106} INFO - 26/05/21 06:59:57 INFO DAGScheduler: running: Set()
[2026-05-21T06:59:57.623+0000] {subprocess.py:106} INFO - 26/05/21 06:59:57 INFO DAGScheduler: waiting: Set()
[2026-05-21T06:59:57.625+0000] {subprocess.py:106} INFO - 26/05/21 06:59:57 INFO DAGScheduler: failed: Set()
[2026-05-21T06:59:57.697+0000] {subprocess.py:106} INFO - 26/05/21 06:59:57 INFO CodeGenerator: Code generated in 25.943307 ms
[2026-05-21T06:59:57.769+0000] {subprocess.py:106} INFO - 26/05/21 06:59:57 INFO SparkContext: Starting job: count at <unknown>:0
[2026-05-21T06:59:57.773+0000] {subprocess.py:106} INFO - 26/05/21 06:59:57 INFO DAGScheduler: Got job 1 (count at <unknown>:0) with 1 output partitions
[2026-05-21T06:59:57.774+0000] {subprocess.py:106} INFO - 26/05/21 06:59:57 INFO DAGScheduler: Final stage: ResultStage 2 (count at <unknown>:0)
[2026-05-21T06:59:57.775+0000] {subprocess.py:106} INFO - 26/05/21 06:59:57 INFO DAGScheduler: Parents of final stage: List(ShuffleMapStage 1)
[2026-05-21T06:59:57.776+0000] {subprocess.py:106} INFO - 26/05/21 06:59:57 INFO DAGScheduler: Missing parents: List()
[2026-05-21T06:59:57.780+0000] {subprocess.py:106} INFO - 26/05/21 06:59:57 INFO DAGScheduler: Submitting ResultStage 2 (MapPartitionsRDD[5] at count at <unknown>:0), which has no missing parents
[2026-05-21T06:59:57.795+0000] {subprocess.py:106} INFO - 26/05/21 06:59:57 INFO MemoryStore: Block broadcast_1 stored as values in memory (estimated size 13.7 KiB, free 434.4 MiB)
[2026-05-21T06:59:57.814+0000] {subprocess.py:106} INFO - 26/05/21 06:59:57 INFO MemoryStore: Block broadcast_1_piece0 stored as bytes in memory (estimated size 6.4 KiB, free 434.4 MiB)
[2026-05-21T06:59:57.821+0000] {subprocess.py:106} INFO - 26/05/21 06:59:57 INFO BlockManagerInfo: Added broadcast_1_piece0 in memory on c05002f484b8:46227 (size: 6.4 KiB, free: 434.4 MiB)
[2026-05-21T06:59:57.822+0000] {subprocess.py:106} INFO - 26/05/21 06:59:57 INFO SparkContext: Created broadcast 1 from broadcast at DAGScheduler.scala:1585
[2026-05-21T06:59:57.822+0000] {subprocess.py:106} INFO - 26/05/21 06:59:57 INFO DAGScheduler: Submitting 1 missing tasks from ResultStage 2 (MapPartitionsRDD[5] at count at <unknown>:0) (first 15 tasks are for partitions Vector(0))
[2026-05-21T06:59:57.823+0000] {subprocess.py:106} INFO - 26/05/21 06:59:57 INFO TaskSchedulerImpl: Adding task set 2.0 with 1 tasks resource profile 0
[2026-05-21T06:59:57.827+0000] {subprocess.py:106} INFO - 26/05/21 06:59:57 INFO TaskSetManager: Starting task 0.0 in stage 2.0 (TID 1) (172.30.0.6, executor 0, partition 0, NODE_LOCAL, 9976 bytes)
[2026-05-21T06:59:57.889+0000] {subprocess.py:106} INFO - 26/05/21 06:59:57 INFO BlockManagerInfo: Removed broadcast_0_piece0 on c05002f484b8:46227 in memory (size: 6.2 KiB, free: 434.4 MiB)
[2026-05-21T06:59:57.892+0000] {subprocess.py:106} INFO - 26/05/21 06:59:57 INFO BlockManagerInfo: Removed broadcast_0_piece0 on 172.30.0.6:32781 in memory (size: 6.2 KiB, free: 434.4 MiB)
[2026-05-21T06:59:57.910+0000] {subprocess.py:106} INFO - 26/05/21 06:59:57 INFO BlockManagerInfo: Added broadcast_1_piece0 in memory on 172.30.0.6:32781 (size: 6.4 KiB, free: 434.4 MiB)
[2026-05-21T06:59:58.010+0000] {subprocess.py:106} INFO - 26/05/21 06:59:58 INFO MapOutputTrackerMasterEndpoint: Asked to send map output locations for shuffle 0 to 172.30.0.6:36864
[2026-05-21T06:59:58.228+0000] {subprocess.py:106} INFO - 26/05/21 06:59:58 INFO TaskSetManager: Finished task 0.0 in stage 2.0 (TID 1) in 405 ms on 172.30.0.6 (executor 0) (1/1)
[2026-05-21T06:59:58.229+0000] {subprocess.py:106} INFO - 26/05/21 06:59:58 INFO TaskSchedulerImpl: Removed TaskSet 2.0, whose tasks have all completed, from pool
[2026-05-21T06:59:58.231+0000] {subprocess.py:106} INFO - 26/05/21 06:59:58 INFO DAGScheduler: ResultStage 2 (count at <unknown>:0) finished in 0.439 s
[2026-05-21T06:59:58.234+0000] {subprocess.py:106} INFO - 26/05/21 06:59:58 INFO DAGScheduler: Job 1 is finished. Cancelling potential speculative or zombie tasks for this job
[2026-05-21T06:59:58.237+0000] {subprocess.py:106} INFO - 26/05/21 06:59:58 INFO TaskSchedulerImpl: Killing all running tasks in stage 2: Stage finished
[2026-05-21T06:59:58.240+0000] {subprocess.py:106} INFO - 26/05/21 06:59:58 INFO DAGScheduler: Job 1 finished: count at <unknown>:0, took 0.470176 s
[2026-05-21T06:59:58.251+0000] {subprocess.py:106} INFO - >>> Loaded Silver Data: 14462 records.
[2026-05-21T06:59:58.257+0000] {subprocess.py:106} INFO - >>> Building DIM_SKILL...
[2026-05-21T06:59:58.701+0000] {subprocess.py:106} INFO - 26/05/21 06:59:58 INFO BaseMetastoreCatalog: Table properties set at catalog level through catalog properties: {}
[2026-05-21T06:59:58.709+0000] {subprocess.py:106} INFO - 26/05/21 06:59:58 INFO BaseMetastoreCatalog: Table properties enforced at catalog level through catalog properties: {}
[2026-05-21T06:59:58.827+0000] {subprocess.py:106} INFO - 26/05/21 06:59:58 INFO V2ScanRelationPushDown:
[2026-05-21T06:59:58.828+0000] {subprocess.py:106} INFO - Pushing operators to iceberg.silver.it_jobs_clean
[2026-05-21T06:59:58.829+0000] {subprocess.py:106} INFO - Pushed Filters: skills_required IS NOT NULL
[2026-05-21T06:59:58.831+0000] {subprocess.py:106} INFO - Post-Scan Filters: isnotnull(skills_required#3),(size(skills_required#3, true) > 0)
[2026-05-21T06:59:58.831+0000] {subprocess.py:106} INFO - 
[2026-05-21T06:59:58.870+0000] {subprocess.py:106} INFO - 26/05/21 06:59:58 INFO V2ScanRelationPushDown:
[2026-05-21T06:59:58.870+0000] {subprocess.py:106} INFO - Output: skills_required#3
[2026-05-21T06:59:58.871+0000] {subprocess.py:106} INFO - 
[2026-05-21T06:59:58.879+0000] {subprocess.py:106} INFO - 26/05/21 06:59:58 INFO SnapshotScan: Scanning table iceberg.silver.it_jobs_clean snapshot 5375345670392648344 created at 2026-05-21T06:47:17.683+00:00 with filter skills_required IS NOT NULL
[2026-05-21T06:59:58.898+0000] {subprocess.py:106} INFO - 26/05/21 06:59:58 INFO BaseDistributedDataScan: Planning file tasks locally for table iceberg.silver.it_jobs_clean
[2026-05-21T06:59:58.981+0000] {subprocess.py:106} INFO - 26/05/21 06:59:58 INFO BlockManagerInfo: Removed broadcast_1_piece0 on c05002f484b8:46227 in memory (size: 6.4 KiB, free: 434.4 MiB)
[2026-05-21T06:59:58.987+0000] {subprocess.py:106} INFO - 26/05/21 06:59:58 INFO BlockManagerInfo: Removed broadcast_1_piece0 on 172.30.0.6:32781 in memory (size: 6.4 KiB, free: 434.4 MiB)
[2026-05-21T06:59:59.013+0000] {subprocess.py:106} INFO - 26/05/21 06:59:59 INFO SparkPartitioningAwareScan: Reporting UnknownPartitioning with 2 partition(s) for table iceberg.silver.it_jobs_clean
[2026-05-21T06:59:59.045+0000] {subprocess.py:106} INFO - 26/05/21 06:59:59 INFO SparkWrite: Requesting 0 bytes advisory partition size for table gold.dim_skill
[2026-05-21T06:59:59.045+0000] {subprocess.py:106} INFO - 26/05/21 06:59:59 INFO SparkWrite: Requesting UnspecifiedDistribution as write distribution for table gold.dim_skill
[2026-05-21T06:59:59.049+0000] {subprocess.py:106} INFO - 26/05/21 06:59:59 INFO SparkWrite: Requesting [] as write ordering for table gold.dim_skill
[2026-05-21T06:59:59.095+0000] {subprocess.py:106} INFO - 26/05/21 06:59:59 INFO MemoryStore: Block broadcast_2 stored as values in memory (estimated size 32.0 KiB, free 434.4 MiB)
[2026-05-21T06:59:59.119+0000] {subprocess.py:106} INFO - 26/05/21 06:59:59 INFO MemoryStore: Block broadcast_2_piece0 stored as bytes in memory (estimated size 30.4 KiB, free 434.3 MiB)
[2026-05-21T06:59:59.125+0000] {subprocess.py:106} INFO - 26/05/21 06:59:59 INFO BlockManagerInfo: Added broadcast_2_piece0 in memory on c05002f484b8:46227 (size: 30.4 KiB, free: 434.4 MiB)
[2026-05-21T06:59:59.126+0000] {subprocess.py:106} INFO - 26/05/21 06:59:59 INFO SparkContext: Created broadcast 2 from broadcast at SparkBatch.java:79
[2026-05-21T06:59:59.150+0000] {subprocess.py:106} INFO - 26/05/21 06:59:59 INFO MemoryStore: Block broadcast_3 stored as values in memory (estimated size 32.0 KiB, free 434.3 MiB)
[2026-05-21T06:59:59.159+0000] {subprocess.py:106} INFO - 26/05/21 06:59:59 INFO MemoryStore: Block broadcast_3_piece0 stored as bytes in memory (estimated size 30.3 KiB, free 434.3 MiB)
[2026-05-21T06:59:59.160+0000] {subprocess.py:106} INFO - 26/05/21 06:59:59 INFO BlockManagerInfo: Added broadcast_3_piece0 in memory on c05002f484b8:46227 (size: 30.3 KiB, free: 434.3 MiB)
[2026-05-21T06:59:59.179+0000] {subprocess.py:106} INFO - 26/05/21 06:59:59 INFO SparkContext: Created broadcast 3 from broadcast at SparkBatch.java:79
[2026-05-21T06:59:59.444+0000] {subprocess.py:106} INFO - 26/05/21 06:59:59 INFO CodeGenerator: Code generated in 113.515388 ms
[2026-05-21T06:59:59.541+0000] {subprocess.py:106} INFO - 26/05/21 06:59:59 INFO DAGScheduler: Registering RDD 9 (create at <unknown>:0) as input to shuffle 1
[2026-05-21T06:59:59.543+0000] {subprocess.py:106} INFO - 26/05/21 06:59:59 INFO DAGScheduler: Got map stage job 2 (create at <unknown>:0) with 2 output partitions
[2026-05-21T06:59:59.549+0000] {subprocess.py:106} INFO - 26/05/21 06:59:59 INFO DAGScheduler: Final stage: ShuffleMapStage 3 (create at <unknown>:0)
[2026-05-21T06:59:59.550+0000] {subprocess.py:106} INFO - 26/05/21 06:59:59 INFO DAGScheduler: Parents of final stage: List()
[2026-05-21T06:59:59.552+0000] {subprocess.py:106} INFO - 26/05/21 06:59:59 INFO DAGScheduler: Missing parents: List()
[2026-05-21T06:59:59.553+0000] {subprocess.py:106} INFO - 26/05/21 06:59:59 INFO DAGScheduler: Submitting ShuffleMapStage 3 (MapPartitionsRDD[9] at create at <unknown>:0), which has no missing parents
[2026-05-21T06:59:59.559+0000] {subprocess.py:106} INFO - 26/05/21 06:59:59 INFO MemoryStore: Block broadcast_4 stored as values in memory (estimated size 40.1 KiB, free 434.2 MiB)
[2026-05-21T06:59:59.581+0000] {subprocess.py:106} INFO - 26/05/21 06:59:59 INFO MemoryStore: Block broadcast_4_piece0 stored as bytes in memory (estimated size 17.5 KiB, free 434.2 MiB)
[2026-05-21T06:59:59.583+0000] {subprocess.py:106} INFO - 26/05/21 06:59:59 INFO BlockManagerInfo: Added broadcast_4_piece0 in memory on c05002f484b8:46227 (size: 17.5 KiB, free: 434.3 MiB)
[2026-05-21T06:59:59.589+0000] {subprocess.py:106} INFO - 26/05/21 06:59:59 INFO SparkContext: Created broadcast 4 from broadcast at DAGScheduler.scala:1585
[2026-05-21T06:59:59.590+0000] {subprocess.py:106} INFO - 26/05/21 06:59:59 INFO DAGScheduler: Submitting 2 missing tasks from ShuffleMapStage 3 (MapPartitionsRDD[9] at create at <unknown>:0) (first 15 tasks are for partitions Vector(0, 1))
[2026-05-21T06:59:59.590+0000] {subprocess.py:106} INFO - 26/05/21 06:59:59 INFO TaskSchedulerImpl: Adding task set 3.0 with 2 tasks resource profile 0
[2026-05-21T06:59:59.616+0000] {subprocess.py:106} INFO - 26/05/21 06:59:59 INFO TaskSetManager: Starting task 0.0 in stage 3.0 (TID 2) (172.30.0.6, executor 0, partition 0, PROCESS_LOCAL, 16616 bytes)
[2026-05-21T07:00:00.420+0000] {subprocess.py:106} INFO - 26/05/21 07:00:00 INFO BlockManagerInfo: Added broadcast_4_piece0 in memory on 172.30.0.6:32781 (size: 17.5 KiB, free: 434.4 MiB)
[2026-05-21T07:00:00.952+0000] {subprocess.py:106} INFO - 26/05/21 07:00:00 INFO BlockManagerInfo: Added broadcast_3_piece0 in memory on 172.30.0.6:32781 (size: 30.3 KiB, free: 434.4 MiB)
[2026-05-21T07:00:04.382+0000] {subprocess.py:106} INFO - 26/05/21 07:00:04 INFO TaskSetManager: Starting task 1.0 in stage 3.0 (TID 3) (172.30.0.6, executor 0, partition 1, PROCESS_LOCAL, 16616 bytes)
[2026-05-21T07:00:04.385+0000] {subprocess.py:106} INFO - 26/05/21 07:00:04 INFO TaskSetManager: Finished task 0.0 in stage 3.0 (TID 2) in 4797 ms on 172.30.0.6 (executor 0) (1/2)
[2026-05-21T07:00:04.861+0000] {subprocess.py:106} INFO - 26/05/21 07:00:04 INFO TaskSetManager: Finished task 1.0 in stage 3.0 (TID 3) in 485 ms on 172.30.0.6 (executor 0) (2/2)
[2026-05-21T07:00:04.862+0000] {subprocess.py:106} INFO - 26/05/21 07:00:04 INFO TaskSchedulerImpl: Removed TaskSet 3.0, whose tasks have all completed, from pool
[2026-05-21T07:00:04.867+0000] {subprocess.py:106} INFO - 26/05/21 07:00:04 INFO DAGScheduler: ShuffleMapStage 3 (create at <unknown>:0) finished in 5.314 s
[2026-05-21T07:00:04.868+0000] {subprocess.py:106} INFO - 26/05/21 07:00:04 INFO DAGScheduler: looking for newly runnable stages
[2026-05-21T07:00:04.870+0000] {subprocess.py:106} INFO - 26/05/21 07:00:04 INFO DAGScheduler: running: Set()
[2026-05-21T07:00:04.871+0000] {subprocess.py:106} INFO - 26/05/21 07:00:04 INFO DAGScheduler: waiting: Set()
[2026-05-21T07:00:04.872+0000] {subprocess.py:106} INFO - 26/05/21 07:00:04 INFO DAGScheduler: failed: Set()
[2026-05-21T07:00:04.891+0000] {subprocess.py:106} INFO - 26/05/21 07:00:04 INFO ShufflePartitionsUtil: For shuffle(1), advisory target size: 67108864, actual target size 1048576, minimum partition size: 1048576
[2026-05-21T07:00:05.000+0000] {subprocess.py:106} INFO - 26/05/21 07:00:04 INFO CodeGenerator: Code generated in 49.098305 ms
[2026-05-21T07:00:05.023+0000] {subprocess.py:106} INFO - 26/05/21 07:00:05 INFO MemoryStore: Block broadcast_5 stored as values in memory (estimated size 32.0 KiB, free 434.2 MiB)
[2026-05-21T07:00:05.041+0000] {subprocess.py:106} INFO - 26/05/21 07:00:05 INFO MemoryStore: Block broadcast_5_piece0 stored as bytes in memory (estimated size 29.9 KiB, free 434.2 MiB)
[2026-05-21T07:00:05.042+0000] {subprocess.py:106} INFO - 26/05/21 07:00:05 INFO BlockManagerInfo: Added broadcast_5_piece0 in memory on c05002f484b8:46227 (size: 29.9 KiB, free: 434.3 MiB)
[2026-05-21T07:00:05.044+0000] {subprocess.py:106} INFO - 26/05/21 07:00:05 INFO BlockManagerInfo: Removed broadcast_4_piece0 on c05002f484b8:46227 in memory (size: 17.5 KiB, free: 434.3 MiB)
[2026-05-21T07:00:05.049+0000] {subprocess.py:106} INFO - 26/05/21 07:00:05 INFO BlockManagerInfo: Removed broadcast_4_piece0 on 172.30.0.6:32781 in memory (size: 17.5 KiB, free: 434.4 MiB)
[2026-05-21T07:00:05.050+0000] {subprocess.py:106} INFO - 26/05/21 07:00:05 INFO SparkContext: Created broadcast 5 from broadcast at SparkWrite.java:193
[2026-05-21T07:00:05.051+0000] {subprocess.py:106} INFO - 26/05/21 07:00:05 INFO AppendDataExec: Start processing data source write support: IcebergBatchWrite(table=gold.dim_skill, format=PARQUET). The input RDD has 1 partitions.
[2026-05-21T07:00:05.063+0000] {subprocess.py:106} INFO - 26/05/21 07:00:05 INFO SparkContext: Starting job: create at <unknown>:0
[2026-05-21T07:00:05.064+0000] {subprocess.py:106} INFO - 26/05/21 07:00:05 INFO DAGScheduler: Got job 3 (create at <unknown>:0) with 1 output partitions
[2026-05-21T07:00:05.065+0000] {subprocess.py:106} INFO - 26/05/21 07:00:05 INFO DAGScheduler: Final stage: ResultStage 5 (create at <unknown>:0)
[2026-05-21T07:00:05.068+0000] {subprocess.py:106} INFO - 26/05/21 07:00:05 INFO DAGScheduler: Parents of final stage: List(ShuffleMapStage 4)
[2026-05-21T07:00:05.069+0000] {subprocess.py:106} INFO - 26/05/21 07:00:05 INFO DAGScheduler: Missing parents: List()
[2026-05-21T07:00:05.069+0000] {subprocess.py:106} INFO - 26/05/21 07:00:05 INFO DAGScheduler: Submitting ResultStage 5 (MapPartitionsRDD[11] at create at <unknown>:0), which has no missing parents
[2026-05-21T07:00:05.095+0000] {subprocess.py:106} INFO - 26/05/21 07:00:05 INFO MemoryStore: Block broadcast_6 stored as values in memory (estimated size 50.8 KiB, free 434.2 MiB)
[2026-05-21T07:00:05.099+0000] {subprocess.py:106} INFO - 26/05/21 07:00:05 INFO MemoryStore: Block broadcast_6_piece0 stored as bytes in memory (estimated size 22.2 KiB, free 434.1 MiB)
[2026-05-21T07:00:05.103+0000] {subprocess.py:106} INFO - 26/05/21 07:00:05 INFO BlockManagerInfo: Added broadcast_6_piece0 in memory on c05002f484b8:46227 (size: 22.2 KiB, free: 434.3 MiB)
[2026-05-21T07:00:05.105+0000] {subprocess.py:106} INFO - 26/05/21 07:00:05 INFO SparkContext: Created broadcast 6 from broadcast at DAGScheduler.scala:1585
[2026-05-21T07:00:05.106+0000] {subprocess.py:106} INFO - 26/05/21 07:00:05 INFO DAGScheduler: Submitting 1 missing tasks from ResultStage 5 (MapPartitionsRDD[11] at create at <unknown>:0) (first 15 tasks are for partitions Vector(0))
[2026-05-21T07:00:05.107+0000] {subprocess.py:106} INFO - 26/05/21 07:00:05 INFO TaskSchedulerImpl: Adding task set 5.0 with 1 tasks resource profile 0
[2026-05-21T07:00:05.108+0000] {subprocess.py:106} INFO - 26/05/21 07:00:05 INFO TaskSetManager: Starting task 0.0 in stage 5.0 (TID 4) (172.30.0.6, executor 0, partition 0, NODE_LOCAL, 9976 bytes)
[2026-05-21T07:00:05.131+0000] {subprocess.py:106} INFO - 26/05/21 07:00:05 INFO BlockManagerInfo: Added broadcast_6_piece0 in memory on 172.30.0.6:32781 (size: 22.2 KiB, free: 434.3 MiB)
[2026-05-21T07:00:05.212+0000] {subprocess.py:106} INFO - 26/05/21 07:00:05 INFO MapOutputTrackerMasterEndpoint: Asked to send map output locations for shuffle 1 to 172.30.0.6:36864
[2026-05-21T07:00:05.354+0000] {subprocess.py:106} INFO - 26/05/21 07:00:05 INFO BlockManagerInfo: Added broadcast_5_piece0 in memory on 172.30.0.6:32781 (size: 29.9 KiB, free: 434.3 MiB)
[2026-05-21T07:00:06.263+0000] {subprocess.py:106} INFO - 26/05/21 07:00:06 INFO TaskSetManager: Finished task 0.0 in stage 5.0 (TID 4) in 1155 ms on 172.30.0.6 (executor 0) (1/1)
[2026-05-21T07:00:06.265+0000] {subprocess.py:106} INFO - 26/05/21 07:00:06 INFO TaskSchedulerImpl: Removed TaskSet 5.0, whose tasks have all completed, from pool
[2026-05-21T07:00:06.269+0000] {subprocess.py:106} INFO - 26/05/21 07:00:06 INFO DAGScheduler: ResultStage 5 (create at <unknown>:0) finished in 1.183 s
[2026-05-21T07:00:06.270+0000] {subprocess.py:106} INFO - 26/05/21 07:00:06 INFO DAGScheduler: Job 3 is finished. Cancelling potential speculative or zombie tasks for this job
[2026-05-21T07:00:06.270+0000] {subprocess.py:106} INFO - 26/05/21 07:00:06 INFO TaskSchedulerImpl: Killing all running tasks in stage 5: Stage finished
[2026-05-21T07:00:06.271+0000] {subprocess.py:106} INFO - 26/05/21 07:00:06 INFO DAGScheduler: Job 3 finished: create at <unknown>:0, took 1.204828 s
[2026-05-21T07:00:06.271+0000] {subprocess.py:106} INFO - 26/05/21 07:00:06 INFO AppendDataExec: Data source write support IcebergBatchWrite(table=gold.dim_skill, format=PARQUET) is committing.
[2026-05-21T07:00:06.294+0000] {subprocess.py:106} INFO - 26/05/21 07:00:06 INFO SparkWrite: Committing append with 1 new data files to table gold.dim_skill
[2026-05-21T07:00:06.755+0000] {subprocess.py:106} INFO - 26/05/21 07:00:06 INFO SnapshotProducer: Committed snapshot 5477925513848832504 (MergeAppend)
[2026-05-21T07:00:06.793+0000] {subprocess.py:106} INFO - 26/05/21 07:00:06 INFO LoggingMetricsReporter: Received metrics report: CommitReport{tableName=gold.dim_skill, snapshotId=5477925513848832504, sequenceNumber=1, operation=append, commitMetrics=CommitMetricsResult{totalDuration=TimerResult{timeUnit=NANOSECONDS, totalDuration=PT0.487926521S, count=1}, attempts=CounterResult{unit=COUNT, value=1}, addedDataFiles=CounterResult{unit=COUNT, value=1}, removedDataFiles=null, totalDataFiles=CounterResult{unit=COUNT, value=1}, addedDeleteFiles=null, addedEqualityDeleteFiles=null, addedPositionalDeleteFiles=null, removedDeleteFiles=null, removedEqualityDeleteFiles=null, removedPositionalDeleteFiles=null, totalDeleteFiles=CounterResult{unit=COUNT, value=0}, addedRecords=CounterResult{unit=COUNT, value=541}, removedRecords=null, totalRecords=CounterResult{unit=COUNT, value=541}, addedFilesSizeInBytes=CounterResult{unit=BYTES, value=9235}, removedFilesSizeInBytes=null, totalFilesSizeInBytes=CounterResult{unit=BYTES, value=9235}, addedPositionalDeletes=null, removedPositionalDeletes=null, totalPositionalDeletes=CounterResult{unit=COUNT, value=0}, addedEqualityDeletes=null, removedEqualityDeletes=null, totalEqualityDeletes=CounterResult{unit=COUNT, value=0}}, metadata={engine-version=3.5.3, app-id=app-20260521065928-0005, engine-name=spark, iceberg-version=Apache Iceberg 1.6.1 (commit 8e9d59d299be42b0bca9461457cd1e95dbaad086)}}
[2026-05-21T07:00:06.794+0000] {subprocess.py:106} INFO - 26/05/21 07:00:06 INFO SparkWrite: Committed in 498 ms
[2026-05-21T07:00:06.795+0000] {subprocess.py:106} INFO - 26/05/21 07:00:06 INFO AppendDataExec: Data source write support IcebergBatchWrite(table=gold.dim_skill, format=PARQUET) committed.
[2026-05-21T07:00:06.902+0000] {subprocess.py:106} INFO - 26/05/21 07:00:06 INFO BlockManagerInfo: Removed broadcast_6_piece0 on c05002f484b8:46227 in memory (size: 22.2 KiB, free: 434.3 MiB)
[2026-05-21T07:00:06.903+0000] {subprocess.py:106} INFO - 26/05/21 07:00:06 INFO BlockManagerInfo: Removed broadcast_6_piece0 on 172.30.0.6:32781 in memory (size: 22.2 KiB, free: 434.3 MiB)
[2026-05-21T07:00:06.915+0000] {subprocess.py:106} INFO - 26/05/21 07:00:06 INFO BlockManagerInfo: Removed broadcast_5_piece0 on c05002f484b8:46227 in memory (size: 29.9 KiB, free: 434.3 MiB)
[2026-05-21T07:00:06.921+0000] {subprocess.py:106} INFO - 26/05/21 07:00:06 INFO BlockManagerInfo: Removed broadcast_5_piece0 on 172.30.0.6:32781 in memory (size: 29.9 KiB, free: 434.4 MiB)
[2026-05-21T07:00:07.219+0000] {subprocess.py:106} INFO - 26/05/21 07:00:07 INFO HiveTableOperations: Committed to table iceberg.gold.dim_skill with the new metadata location s3a://warehouse/iceberg_data/gold.db/dim_skill/metadata/00000-aad6ac7c-71be-47c2-9f32-09cba8c49a08.metadata.json
[2026-05-21T07:00:07.221+0000] {subprocess.py:106} INFO - 26/05/21 07:00:07 INFO BaseMetastoreTableOperations: Successfully committed to table iceberg.gold.dim_skill in 422 ms
[2026-05-21T07:00:07.221+0000] {subprocess.py:106} INFO - >>> Building DIM_LOCATION...
[2026-05-21T07:00:07.381+0000] {subprocess.py:106} INFO - 26/05/21 07:00:07 INFO BaseMetastoreCatalog: Table properties set at catalog level through catalog properties: {}
[2026-05-21T07:00:07.389+0000] {subprocess.py:106} INFO - 26/05/21 07:00:07 INFO BaseMetastoreCatalog: Table properties enforced at catalog level through catalog properties: {}
[2026-05-21T07:00:07.444+0000] {subprocess.py:106} INFO - 26/05/21 07:00:07 INFO V2ScanRelationPushDown:
[2026-05-21T07:00:07.445+0000] {subprocess.py:106} INFO - Pushing operators to iceberg.silver.it_jobs_clean
[2026-05-21T07:00:07.447+0000] {subprocess.py:106} INFO - Pushed Filters: location IS NOT NULL
[2026-05-21T07:00:07.451+0000] {subprocess.py:106} INFO - Post-Scan Filters: isnotnull(location#2),(size(location#2, true) > 0)
[2026-05-21T07:00:07.451+0000] {subprocess.py:106} INFO - 
[2026-05-21T07:00:07.452+0000] {subprocess.py:106} INFO - 26/05/21 07:00:07 INFO V2ScanRelationPushDown:
[2026-05-21T07:00:07.453+0000] {subprocess.py:106} INFO - Output: location#2
[2026-05-21T07:00:07.453+0000] {subprocess.py:106} INFO - 
[2026-05-21T07:00:07.454+0000] {subprocess.py:106} INFO - 26/05/21 07:00:07 INFO SnapshotScan: Scanning table iceberg.silver.it_jobs_clean snapshot 5375345670392648344 created at 2026-05-21T06:47:17.683+00:00 with filter location IS NOT NULL
[2026-05-21T07:00:07.457+0000] {subprocess.py:106} INFO - 26/05/21 07:00:07 INFO BaseDistributedDataScan: Planning file tasks locally for table iceberg.silver.it_jobs_clean
[2026-05-21T07:00:07.515+0000] {subprocess.py:106} INFO - 26/05/21 07:00:07 INFO SparkPartitioningAwareScan: Reporting UnknownPartitioning with 2 partition(s) for table iceberg.silver.it_jobs_clean
[2026-05-21T07:00:07.517+0000] {subprocess.py:106} INFO - 26/05/21 07:00:07 INFO SparkWrite: Requesting 0 bytes advisory partition size for table gold.dim_location
[2026-05-21T07:00:07.519+0000] {subprocess.py:106} INFO - 26/05/21 07:00:07 INFO SparkWrite: Requesting UnspecifiedDistribution as write distribution for table gold.dim_location
[2026-05-21T07:00:07.520+0000] {subprocess.py:106} INFO - 26/05/21 07:00:07 INFO SparkWrite: Requesting [] as write ordering for table gold.dim_location
[2026-05-21T07:00:07.540+0000] {subprocess.py:106} INFO - 26/05/21 07:00:07 INFO MemoryStore: Block broadcast_7 stored as values in memory (estimated size 32.0 KiB, free 434.2 MiB)
[2026-05-21T07:00:07.565+0000] {subprocess.py:106} INFO - 26/05/21 07:00:07 INFO MemoryStore: Block broadcast_7_piece0 stored as bytes in memory (estimated size 30.3 KiB, free 434.2 MiB)
[2026-05-21T07:00:07.566+0000] {subprocess.py:106} INFO - 26/05/21 07:00:07 INFO BlockManagerInfo: Added broadcast_7_piece0 in memory on c05002f484b8:46227 (size: 30.3 KiB, free: 434.3 MiB)
[2026-05-21T07:00:07.568+0000] {subprocess.py:106} INFO - 26/05/21 07:00:07 INFO SparkContext: Created broadcast 7 from broadcast at SparkBatch.java:79
[2026-05-21T07:00:07.578+0000] {subprocess.py:106} INFO - 26/05/21 07:00:07 INFO MemoryStore: Block broadcast_8 stored as values in memory (estimated size 32.0 KiB, free 434.2 MiB)
[2026-05-21T07:00:07.587+0000] {subprocess.py:106} INFO - 26/05/21 07:00:07 INFO MemoryStore: Block broadcast_8_piece0 stored as bytes in memory (estimated size 30.4 KiB, free 434.2 MiB)
[2026-05-21T07:00:07.592+0000] {subprocess.py:106} INFO - 26/05/21 07:00:07 INFO BlockManagerInfo: Added broadcast_8_piece0 in memory on c05002f484b8:46227 (size: 30.4 KiB, free: 434.3 MiB)
[2026-05-21T07:00:07.593+0000] {subprocess.py:106} INFO - 26/05/21 07:00:07 INFO SparkContext: Created broadcast 8 from broadcast at SparkBatch.java:79
[2026-05-21T07:00:07.714+0000] {subprocess.py:106} INFO - 26/05/21 07:00:07 INFO CodeGenerator: Code generated in 47.143665 ms
[2026-05-21T07:00:07.724+0000] {subprocess.py:106} INFO - 26/05/21 07:00:07 INFO DAGScheduler: Registering RDD 15 (create at <unknown>:0) as input to shuffle 2
[2026-05-21T07:00:07.725+0000] {subprocess.py:106} INFO - 26/05/21 07:00:07 INFO DAGScheduler: Got map stage job 4 (create at <unknown>:0) with 2 output partitions
[2026-05-21T07:00:07.726+0000] {subprocess.py:106} INFO - 26/05/21 07:00:07 INFO DAGScheduler: Final stage: ShuffleMapStage 6 (create at <unknown>:0)
[2026-05-21T07:00:07.728+0000] {subprocess.py:106} INFO - 26/05/21 07:00:07 INFO DAGScheduler: Parents of final stage: List()
[2026-05-21T07:00:07.730+0000] {subprocess.py:106} INFO - 26/05/21 07:00:07 INFO DAGScheduler: Missing parents: List()
[2026-05-21T07:00:07.733+0000] {subprocess.py:106} INFO - 26/05/21 07:00:07 INFO DAGScheduler: Submitting ShuffleMapStage 6 (MapPartitionsRDD[15] at create at <unknown>:0), which has no missing parents
[2026-05-21T07:00:07.734+0000] {subprocess.py:106} INFO - 26/05/21 07:00:07 INFO MemoryStore: Block broadcast_9 stored as values in memory (estimated size 39.5 KiB, free 434.1 MiB)
[2026-05-21T07:00:07.746+0000] {subprocess.py:106} INFO - 26/05/21 07:00:07 INFO MemoryStore: Block broadcast_9_piece0 stored as bytes in memory (estimated size 17.2 KiB, free 434.1 MiB)
[2026-05-21T07:00:07.749+0000] {subprocess.py:106} INFO - 26/05/21 07:00:07 INFO BlockManagerInfo: Added broadcast_9_piece0 in memory on c05002f484b8:46227 (size: 17.2 KiB, free: 434.3 MiB)
[2026-05-21T07:00:07.750+0000] {subprocess.py:106} INFO - 26/05/21 07:00:07 INFO SparkContext: Created broadcast 9 from broadcast at DAGScheduler.scala:1585
[2026-05-21T07:00:07.755+0000] {subprocess.py:106} INFO - 26/05/21 07:00:07 INFO DAGScheduler: Submitting 2 missing tasks from ShuffleMapStage 6 (MapPartitionsRDD[15] at create at <unknown>:0) (first 15 tasks are for partitions Vector(0, 1))
[2026-05-21T07:00:07.758+0000] {subprocess.py:106} INFO - 26/05/21 07:00:07 INFO TaskSchedulerImpl: Adding task set 6.0 with 2 tasks resource profile 0
[2026-05-21T07:00:07.759+0000] {subprocess.py:106} INFO - 26/05/21 07:00:07 INFO TaskSetManager: Starting task 0.0 in stage 6.0 (TID 5) (172.30.0.6, executor 0, partition 0, PROCESS_LOCAL, 16602 bytes)
[2026-05-21T07:00:07.776+0000] {subprocess.py:106} INFO - 26/05/21 07:00:07 INFO BlockManagerInfo: Added broadcast_9_piece0 in memory on 172.30.0.6:32781 (size: 17.2 KiB, free: 434.4 MiB)
[2026-05-21T07:00:07.846+0000] {subprocess.py:106} INFO - 26/05/21 07:00:07 INFO BlockManagerInfo: Removed broadcast_2_piece0 on c05002f484b8:46227 in memory (size: 30.4 KiB, free: 434.3 MiB)
[2026-05-21T07:00:07.913+0000] {subprocess.py:106} INFO - 26/05/21 07:00:07 INFO BlockManagerInfo: Added broadcast_8_piece0 in memory on 172.30.0.6:32781 (size: 30.4 KiB, free: 434.3 MiB)
[2026-05-21T07:00:08.261+0000] {subprocess.py:106} INFO - 26/05/21 07:00:08 INFO TaskSetManager: Starting task 1.0 in stage 6.0 (TID 6) (172.30.0.6, executor 0, partition 1, PROCESS_LOCAL, 16602 bytes)
[2026-05-21T07:00:08.265+0000] {subprocess.py:106} INFO - 26/05/21 07:00:08 INFO TaskSetManager: Finished task 0.0 in stage 6.0 (TID 5) in 507 ms on 172.30.0.6 (executor 0) (1/2)
[2026-05-21T07:00:08.765+0000] {subprocess.py:106} INFO - 26/05/21 07:00:08 INFO TaskSetManager: Finished task 1.0 in stage 6.0 (TID 6) in 507 ms on 172.30.0.6 (executor 0) (2/2)
[2026-05-21T07:00:08.766+0000] {subprocess.py:106} INFO - 26/05/21 07:00:08 INFO TaskSchedulerImpl: Removed TaskSet 6.0, whose tasks have all completed, from pool
[2026-05-21T07:00:08.769+0000] {subprocess.py:106} INFO - 26/05/21 07:00:08 INFO DAGScheduler: ShuffleMapStage 6 (create at <unknown>:0) finished in 1.033 s
[2026-05-21T07:00:08.771+0000] {subprocess.py:106} INFO - 26/05/21 07:00:08 INFO DAGScheduler: looking for newly runnable stages
[2026-05-21T07:00:08.772+0000] {subprocess.py:106} INFO - 26/05/21 07:00:08 INFO DAGScheduler: running: Set()
[2026-05-21T07:00:08.773+0000] {subprocess.py:106} INFO - 26/05/21 07:00:08 INFO DAGScheduler: waiting: Set()
[2026-05-21T07:00:08.775+0000] {subprocess.py:106} INFO - 26/05/21 07:00:08 INFO DAGScheduler: failed: Set()
[2026-05-21T07:00:08.775+0000] {subprocess.py:106} INFO - 26/05/21 07:00:08 INFO ShufflePartitionsUtil: For shuffle(2), advisory target size: 67108864, actual target size 1048576, minimum partition size: 1048576
[2026-05-21T07:00:08.859+0000] {subprocess.py:106} INFO - 26/05/21 07:00:08 INFO CodeGenerator: Code generated in 54.113041 ms
[2026-05-21T07:00:08.875+0000] {subprocess.py:106} INFO - 26/05/21 07:00:08 INFO MemoryStore: Block broadcast_10 stored as values in memory (estimated size 32.0 KiB, free 434.1 MiB)
[2026-05-21T07:00:08.901+0000] {subprocess.py:106} INFO - 26/05/21 07:00:08 INFO MemoryStore: Block broadcast_10_piece0 stored as bytes in memory (estimated size 29.8 KiB, free 434.1 MiB)
[2026-05-21T07:00:08.904+0000] {subprocess.py:106} INFO - 26/05/21 07:00:08 INFO BlockManagerInfo: Added broadcast_10_piece0 in memory on c05002f484b8:46227 (size: 29.8 KiB, free: 434.3 MiB)
[2026-05-21T07:00:08.907+0000] {subprocess.py:106} INFO - 26/05/21 07:00:08 INFO SparkContext: Created broadcast 10 from broadcast at SparkWrite.java:193
[2026-05-21T07:00:08.911+0000] {subprocess.py:106} INFO - 26/05/21 07:00:08 INFO AppendDataExec: Start processing data source write support: IcebergBatchWrite(table=gold.dim_location, format=PARQUET). The input RDD has 1 partitions.
[2026-05-21T07:00:08.912+0000] {subprocess.py:106} INFO - 26/05/21 07:00:08 INFO SparkContext: Starting job: create at <unknown>:0
[2026-05-21T07:00:08.913+0000] {subprocess.py:106} INFO - 26/05/21 07:00:08 INFO BlockManagerInfo: Removed broadcast_9_piece0 on c05002f484b8:46227 in memory (size: 17.2 KiB, free: 434.3 MiB)
[2026-05-21T07:00:08.914+0000] {subprocess.py:106} INFO - 26/05/21 07:00:08 INFO DAGScheduler: Got job 5 (create at <unknown>:0) with 1 output partitions
[2026-05-21T07:00:08.915+0000] {subprocess.py:106} INFO - 26/05/21 07:00:08 INFO DAGScheduler: Final stage: ResultStage 8 (create at <unknown>:0)
[2026-05-21T07:00:08.915+0000] {subprocess.py:106} INFO - 26/05/21 07:00:08 INFO DAGScheduler: Parents of final stage: List(ShuffleMapStage 7)
[2026-05-21T07:00:08.916+0000] {subprocess.py:106} INFO - 26/05/21 07:00:08 INFO DAGScheduler: Missing parents: List()
[2026-05-21T07:00:08.918+0000] {subprocess.py:106} INFO - 26/05/21 07:00:08 INFO DAGScheduler: Submitting ResultStage 8 (MapPartitionsRDD[17] at create at <unknown>:0), which has no missing parents
[2026-05-21T07:00:08.919+0000] {subprocess.py:106} INFO - 26/05/21 07:00:08 INFO BlockManagerInfo: Removed broadcast_9_piece0 on 172.30.0.6:32781 in memory (size: 17.2 KiB, free: 434.3 MiB)
[2026-05-21T07:00:08.935+0000] {subprocess.py:106} INFO - 26/05/21 07:00:08 INFO MemoryStore: Block broadcast_11 stored as values in memory (estimated size 53.3 KiB, free 434.1 MiB)
[2026-05-21T07:00:08.942+0000] {subprocess.py:106} INFO - 26/05/21 07:00:08 INFO MemoryStore: Block broadcast_11_piece0 stored as bytes in memory (estimated size 22.5 KiB, free 434.1 MiB)
[2026-05-21T07:00:08.945+0000] {subprocess.py:106} INFO - 26/05/21 07:00:08 INFO BlockManagerInfo: Added broadcast_11_piece0 in memory on c05002f484b8:46227 (size: 22.5 KiB, free: 434.3 MiB)
[2026-05-21T07:00:08.946+0000] {subprocess.py:106} INFO - 26/05/21 07:00:08 INFO SparkContext: Created broadcast 11 from broadcast at DAGScheduler.scala:1585
[2026-05-21T07:00:08.947+0000] {subprocess.py:106} INFO - 26/05/21 07:00:08 INFO DAGScheduler: Submitting 1 missing tasks from ResultStage 8 (MapPartitionsRDD[17] at create at <unknown>:0) (first 15 tasks are for partitions Vector(0))
[2026-05-21T07:00:08.949+0000] {subprocess.py:106} INFO - 26/05/21 07:00:08 INFO TaskSchedulerImpl: Adding task set 8.0 with 1 tasks resource profile 0
[2026-05-21T07:00:08.952+0000] {subprocess.py:106} INFO - 26/05/21 07:00:08 INFO TaskSetManager: Starting task 0.0 in stage 8.0 (TID 7) (172.30.0.6, executor 0, partition 0, NODE_LOCAL, 9976 bytes)
[2026-05-21T07:00:08.996+0000] {subprocess.py:106} INFO - 26/05/21 07:00:08 INFO BlockManagerInfo: Added broadcast_11_piece0 in memory on 172.30.0.6:32781 (size: 22.5 KiB, free: 434.3 MiB)
[2026-05-21T07:00:09.023+0000] {subprocess.py:106} INFO - 26/05/21 07:00:09 INFO MapOutputTrackerMasterEndpoint: Asked to send map output locations for shuffle 2 to 172.30.0.6:36864
[2026-05-21T07:00:09.112+0000] {subprocess.py:106} INFO - 26/05/21 07:00:09 INFO BlockManagerInfo: Added broadcast_10_piece0 in memory on 172.30.0.6:32781 (size: 29.8 KiB, free: 434.3 MiB)
[2026-05-21T07:00:09.259+0000] {subprocess.py:106} INFO - 26/05/21 07:00:09 INFO TaskSetManager: Finished task 0.0 in stage 8.0 (TID 7) in 308 ms on 172.30.0.6 (executor 0) (1/1)
[2026-05-21T07:00:09.262+0000] {subprocess.py:106} INFO - 26/05/21 07:00:09 INFO DAGScheduler: ResultStage 8 (create at <unknown>:0) finished in 0.331 s
[2026-05-21T07:00:09.264+0000] {subprocess.py:106} INFO - 26/05/21 07:00:09 INFO DAGScheduler: Job 5 is finished. Cancelling potential speculative or zombie tasks for this job
[2026-05-21T07:00:09.264+0000] {subprocess.py:106} INFO - 26/05/21 07:00:09 INFO TaskSchedulerImpl: Removed TaskSet 8.0, whose tasks have all completed, from pool
[2026-05-21T07:00:09.265+0000] {subprocess.py:106} INFO - 26/05/21 07:00:09 INFO TaskSchedulerImpl: Killing all running tasks in stage 8: Stage finished
[2026-05-21T07:00:09.266+0000] {subprocess.py:106} INFO - 26/05/21 07:00:09 INFO DAGScheduler: Job 5 finished: create at <unknown>:0, took 0.358589 s
[2026-05-21T07:00:09.266+0000] {subprocess.py:106} INFO - 26/05/21 07:00:09 INFO AppendDataExec: Data source write support IcebergBatchWrite(table=gold.dim_location, format=PARQUET) is committing.
[2026-05-21T07:00:09.267+0000] {subprocess.py:106} INFO - 26/05/21 07:00:09 INFO SparkWrite: Committing append with 1 new data files to table gold.dim_location
[2026-05-21T07:00:09.509+0000] {subprocess.py:106} INFO - 26/05/21 07:00:09 INFO SnapshotProducer: Committed snapshot 7208243629573879882 (MergeAppend)
[2026-05-21T07:00:09.541+0000] {subprocess.py:106} INFO - 26/05/21 07:00:09 INFO LoggingMetricsReporter: Received metrics report: CommitReport{tableName=gold.dim_location, snapshotId=7208243629573879882, sequenceNumber=1, operation=append, commitMetrics=CommitMetricsResult{totalDuration=TimerResult{timeUnit=NANOSECONDS, totalDuration=PT0.274164842S, count=1}, attempts=CounterResult{unit=COUNT, value=1}, addedDataFiles=CounterResult{unit=COUNT, value=1}, removedDataFiles=null, totalDataFiles=CounterResult{unit=COUNT, value=1}, addedDeleteFiles=null, addedEqualityDeleteFiles=null, addedPositionalDeleteFiles=null, removedDeleteFiles=null, removedEqualityDeleteFiles=null, removedPositionalDeleteFiles=null, totalDeleteFiles=CounterResult{unit=COUNT, value=0}, addedRecords=CounterResult{unit=COUNT, value=14}, removedRecords=null, totalRecords=CounterResult{unit=COUNT, value=14}, addedFilesSizeInBytes=CounterResult{unit=BYTES, value=1240}, removedFilesSizeInBytes=null, totalFilesSizeInBytes=CounterResult{unit=BYTES, value=1240}, addedPositionalDeletes=null, removedPositionalDeletes=null, totalPositionalDeletes=CounterResult{unit=COUNT, value=0}, addedEqualityDeletes=null, removedEqualityDeletes=null, totalEqualityDeletes=CounterResult{unit=COUNT, value=0}}, metadata={engine-version=3.5.3, app-id=app-20260521065928-0005, engine-name=spark, iceberg-version=Apache Iceberg 1.6.1 (commit 8e9d59d299be42b0bca9461457cd1e95dbaad086)}}
[2026-05-21T07:00:09.542+0000] {subprocess.py:106} INFO - 26/05/21 07:00:09 INFO SparkWrite: Committed in 275 ms
[2026-05-21T07:00:09.542+0000] {subprocess.py:106} INFO - 26/05/21 07:00:09 INFO AppendDataExec: Data source write support IcebergBatchWrite(table=gold.dim_location, format=PARQUET) committed.
[2026-05-21T07:00:09.729+0000] {subprocess.py:106} INFO - 26/05/21 07:00:09 INFO HiveTableOperations: Committed to table iceberg.gold.dim_location with the new metadata location s3a://warehouse/iceberg_data/gold.db/dim_location/metadata/00000-1633d76e-3841-40ce-8bb2-dd3d1bfab608.metadata.json
[2026-05-21T07:00:09.730+0000] {subprocess.py:106} INFO - 26/05/21 07:00:09 INFO BaseMetastoreTableOperations: Successfully committed to table iceberg.gold.dim_location in 189 ms
[2026-05-21T07:00:09.730+0000] {subprocess.py:106} INFO - >>> Building DIM_COMPANY...
[2026-05-21T07:00:09.806+0000] {subprocess.py:106} INFO - 26/05/21 07:00:09 INFO BaseMetastoreCatalog: Table properties set at catalog level through catalog properties: {}
[2026-05-21T07:00:09.815+0000] {subprocess.py:106} INFO - 26/05/21 07:00:09 INFO BaseMetastoreCatalog: Table properties enforced at catalog level through catalog properties: {}
[2026-05-21T07:00:09.836+0000] {subprocess.py:106} INFO - 26/05/21 07:00:09 INFO V2ScanRelationPushDown:
[2026-05-21T07:00:09.837+0000] {subprocess.py:106} INFO - Pushing operators to iceberg.silver.it_jobs_clean
[2026-05-21T07:00:09.839+0000] {subprocess.py:106} INFO - Pushed Filters: company_name IS NOT NULL
[2026-05-21T07:00:09.839+0000] {subprocess.py:106} INFO - Post-Scan Filters: isnotnull(company_name#1)
[2026-05-21T07:00:09.840+0000] {subprocess.py:106} INFO - 
[2026-05-21T07:00:09.841+0000] {subprocess.py:106} INFO - 26/05/21 07:00:09 INFO V2ScanRelationPushDown:
[2026-05-21T07:00:09.841+0000] {subprocess.py:106} INFO - Output: company_name#1
[2026-05-21T07:00:09.842+0000] {subprocess.py:106} INFO - 
[2026-05-21T07:00:09.844+0000] {subprocess.py:106} INFO - 26/05/21 07:00:09 INFO SnapshotScan: Scanning table iceberg.silver.it_jobs_clean snapshot 5375345670392648344 created at 2026-05-21T06:47:17.683+00:00 with filter company_name IS NOT NULL
[2026-05-21T07:00:09.845+0000] {subprocess.py:106} INFO - 26/05/21 07:00:09 INFO BaseDistributedDataScan: Planning file tasks locally for table iceberg.silver.it_jobs_clean
[2026-05-21T07:00:09.899+0000] {subprocess.py:106} INFO - 26/05/21 07:00:09 INFO SparkPartitioningAwareScan: Reporting UnknownPartitioning with 2 partition(s) for table iceberg.silver.it_jobs_clean
[2026-05-21T07:00:09.901+0000] {subprocess.py:106} INFO - 26/05/21 07:00:09 INFO SparkWrite: Requesting 0 bytes advisory partition size for table gold.dim_company
[2026-05-21T07:00:09.902+0000] {subprocess.py:106} INFO - 26/05/21 07:00:09 INFO SparkWrite: Requesting UnspecifiedDistribution as write distribution for table gold.dim_company
[2026-05-21T07:00:09.903+0000] {subprocess.py:106} INFO - 26/05/21 07:00:09 INFO SparkWrite: Requesting [] as write ordering for table gold.dim_company
[2026-05-21T07:00:09.911+0000] {subprocess.py:106} INFO - 26/05/21 07:00:09 INFO MemoryStore: Block broadcast_12 stored as values in memory (estimated size 32.0 KiB, free 434.1 MiB)
[2026-05-21T07:00:09.926+0000] {subprocess.py:106} INFO - 26/05/21 07:00:09 INFO MemoryStore: Block broadcast_12_piece0 stored as bytes in memory (estimated size 30.4 KiB, free 434.0 MiB)
[2026-05-21T07:00:09.927+0000] {subprocess.py:106} INFO - 26/05/21 07:00:09 INFO BlockManagerInfo: Added broadcast_12_piece0 in memory on c05002f484b8:46227 (size: 30.4 KiB, free: 434.2 MiB)
[2026-05-21T07:00:09.929+0000] {subprocess.py:106} INFO - 26/05/21 07:00:09 INFO BlockManagerInfo: Removed broadcast_10_piece0 on c05002f484b8:46227 in memory (size: 29.8 KiB, free: 434.3 MiB)
[2026-05-21T07:00:09.930+0000] {subprocess.py:106} INFO - 26/05/21 07:00:09 INFO SparkContext: Created broadcast 12 from broadcast at SparkBatch.java:79
[2026-05-21T07:00:09.940+0000] {subprocess.py:106} INFO - 26/05/21 07:00:09 INFO BlockManagerInfo: Removed broadcast_10_piece0 on 172.30.0.6:32781 in memory (size: 29.8 KiB, free: 434.3 MiB)
[2026-05-21T07:00:09.941+0000] {subprocess.py:106} INFO - 26/05/21 07:00:09 INFO MemoryStore: Block broadcast_13 stored as values in memory (estimated size 32.0 KiB, free 434.1 MiB)
[2026-05-21T07:00:09.944+0000] {subprocess.py:106} INFO - 26/05/21 07:00:09 INFO MemoryStore: Block broadcast_13_piece0 stored as bytes in memory (estimated size 30.3 KiB, free 434.0 MiB)
[2026-05-21T07:00:09.947+0000] {subprocess.py:106} INFO - 26/05/21 07:00:09 INFO BlockManagerInfo: Added broadcast_13_piece0 in memory on c05002f484b8:46227 (size: 30.3 KiB, free: 434.2 MiB)
[2026-05-21T07:00:09.953+0000] {subprocess.py:106} INFO - 26/05/21 07:00:09 INFO SparkContext: Created broadcast 13 from broadcast at SparkBatch.java:79
[2026-05-21T07:00:09.959+0000] {subprocess.py:106} INFO - 26/05/21 07:00:09 INFO BlockManagerInfo: Removed broadcast_8_piece0 on 172.30.0.6:32781 in memory (size: 30.4 KiB, free: 434.3 MiB)
[2026-05-21T07:00:09.970+0000] {subprocess.py:106} INFO - 26/05/21 07:00:09 INFO BlockManagerInfo: Removed broadcast_8_piece0 on c05002f484b8:46227 in memory (size: 30.4 KiB, free: 434.3 MiB)
[2026-05-21T07:00:09.991+0000] {subprocess.py:106} INFO - 26/05/21 07:00:09 INFO BlockManagerInfo: Removed broadcast_7_piece0 on c05002f484b8:46227 in memory (size: 30.3 KiB, free: 434.3 MiB)
[2026-05-21T07:00:10.058+0000] {subprocess.py:106} INFO - 26/05/21 07:00:10 INFO BlockManagerInfo: Removed broadcast_11_piece0 on c05002f484b8:46227 in memory (size: 22.5 KiB, free: 434.3 MiB)
[2026-05-21T07:00:10.062+0000] {subprocess.py:106} INFO - 26/05/21 07:00:10 INFO BlockManagerInfo: Removed broadcast_11_piece0 on 172.30.0.6:32781 in memory (size: 22.5 KiB, free: 434.4 MiB)
[2026-05-21T07:00:10.089+0000] {subprocess.py:106} INFO - 26/05/21 07:00:10 INFO CodeGenerator: Code generated in 57.705495 ms
[2026-05-21T07:00:10.108+0000] {subprocess.py:106} INFO - 26/05/21 07:00:10 INFO DAGScheduler: Registering RDD 21 (create at <unknown>:0) as input to shuffle 3
[2026-05-21T07:00:10.109+0000] {subprocess.py:106} INFO - 26/05/21 07:00:10 INFO DAGScheduler: Got map stage job 6 (create at <unknown>:0) with 2 output partitions
[2026-05-21T07:00:10.110+0000] {subprocess.py:106} INFO - 26/05/21 07:00:10 INFO DAGScheduler: Final stage: ShuffleMapStage 9 (create at <unknown>:0)
[2026-05-21T07:00:10.112+0000] {subprocess.py:106} INFO - 26/05/21 07:00:10 INFO DAGScheduler: Parents of final stage: List()
[2026-05-21T07:00:10.113+0000] {subprocess.py:106} INFO - 26/05/21 07:00:10 INFO DAGScheduler: Missing parents: List()
[2026-05-21T07:00:10.113+0000] {subprocess.py:106} INFO - 26/05/21 07:00:10 INFO DAGScheduler: Submitting ShuffleMapStage 9 (MapPartitionsRDD[21] at create at <unknown>:0), which has no missing parents
[2026-05-21T07:00:10.117+0000] {subprocess.py:106} INFO - 26/05/21 07:00:10 INFO MemoryStore: Block broadcast_14 stored as values in memory (estimated size 37.1 KiB, free 434.2 MiB)
[2026-05-21T07:00:10.129+0000] {subprocess.py:106} INFO - 26/05/21 07:00:10 INFO MemoryStore: Block broadcast_14_piece0 stored as bytes in memory (estimated size 16.2 KiB, free 434.2 MiB)
[2026-05-21T07:00:10.131+0000] {subprocess.py:106} INFO - 26/05/21 07:00:10 INFO BlockManagerInfo: Added broadcast_14_piece0 in memory on c05002f484b8:46227 (size: 16.2 KiB, free: 434.3 MiB)
[2026-05-21T07:00:10.132+0000] {subprocess.py:106} INFO - 26/05/21 07:00:10 INFO SparkContext: Created broadcast 14 from broadcast at DAGScheduler.scala:1585
[2026-05-21T07:00:10.133+0000] {subprocess.py:106} INFO - 26/05/21 07:00:10 INFO DAGScheduler: Submitting 2 missing tasks from ShuffleMapStage 9 (MapPartitionsRDD[21] at create at <unknown>:0) (first 15 tasks are for partitions Vector(0, 1))
[2026-05-21T07:00:10.133+0000] {subprocess.py:106} INFO - 26/05/21 07:00:10 INFO TaskSchedulerImpl: Adding task set 9.0 with 2 tasks resource profile 0
[2026-05-21T07:00:10.135+0000] {subprocess.py:106} INFO - 26/05/21 07:00:10 INFO TaskSetManager: Starting task 0.0 in stage 9.0 (TID 8) (172.30.0.6, executor 0, partition 0, PROCESS_LOCAL, 16543 bytes)
[2026-05-21T07:00:10.159+0000] {subprocess.py:106} INFO - 26/05/21 07:00:10 INFO BlockManagerInfo: Added broadcast_14_piece0 in memory on 172.30.0.6:32781 (size: 16.2 KiB, free: 434.4 MiB)
[2026-05-21T07:00:10.213+0000] {subprocess.py:106} INFO - 26/05/21 07:00:10 INFO BlockManagerInfo: Removed broadcast_3_piece0 on c05002f484b8:46227 in memory (size: 30.3 KiB, free: 434.3 MiB)
[2026-05-21T07:00:10.217+0000] {subprocess.py:106} INFO - 26/05/21 07:00:10 INFO BlockManagerInfo: Removed broadcast_3_piece0 on 172.30.0.6:32781 in memory (size: 30.3 KiB, free: 434.4 MiB)
[2026-05-21T07:00:10.279+0000] {subprocess.py:106} INFO - 26/05/21 07:00:10 INFO BlockManagerInfo: Added broadcast_13_piece0 in memory on 172.30.0.6:32781 (size: 30.3 KiB, free: 434.4 MiB)
[2026-05-21T07:00:10.851+0000] {subprocess.py:106} INFO - 26/05/21 07:00:10 INFO TaskSetManager: Starting task 1.0 in stage 9.0 (TID 9) (172.30.0.6, executor 0, partition 1, PROCESS_LOCAL, 16379 bytes)
[2026-05-21T07:00:10.852+0000] {subprocess.py:106} INFO - 26/05/21 07:00:10 INFO TaskSetManager: Finished task 0.0 in stage 9.0 (TID 8) in 716 ms on 172.30.0.6 (executor 0) (1/2)
[2026-05-21T07:00:11.241+0000] {subprocess.py:106} INFO - 26/05/21 07:00:11 INFO TaskSetManager: Finished task 1.0 in stage 9.0 (TID 9) in 391 ms on 172.30.0.6 (executor 0) (2/2)
[2026-05-21T07:00:11.242+0000] {subprocess.py:106} INFO - 26/05/21 07:00:11 INFO TaskSchedulerImpl: Removed TaskSet 9.0, whose tasks have all completed, from pool
[2026-05-21T07:00:11.243+0000] {subprocess.py:106} INFO - 26/05/21 07:00:11 INFO DAGScheduler: ShuffleMapStage 9 (create at <unknown>:0) finished in 1.128 s
[2026-05-21T07:00:11.243+0000] {subprocess.py:106} INFO - 26/05/21 07:00:11 INFO DAGScheduler: looking for newly runnable stages
[2026-05-21T07:00:11.243+0000] {subprocess.py:106} INFO - 26/05/21 07:00:11 INFO DAGScheduler: running: Set()
[2026-05-21T07:00:11.244+0000] {subprocess.py:106} INFO - 26/05/21 07:00:11 INFO DAGScheduler: waiting: Set()
[2026-05-21T07:00:11.245+0000] {subprocess.py:106} INFO - 26/05/21 07:00:11 INFO DAGScheduler: failed: Set()
[2026-05-21T07:00:11.246+0000] {subprocess.py:106} INFO - 26/05/21 07:00:11 INFO ShufflePartitionsUtil: For shuffle(3), advisory target size: 67108864, actual target size 1048576, minimum partition size: 1048576
[2026-05-21T07:00:11.292+0000] {subprocess.py:106} INFO - 26/05/21 07:00:11 INFO CodeGenerator: Code generated in 34.053939 ms
[2026-05-21T07:00:11.299+0000] {subprocess.py:106} INFO - 26/05/21 07:00:11 INFO MemoryStore: Block broadcast_15 stored as values in memory (estimated size 32.0 KiB, free 434.2 MiB)
[2026-05-21T07:00:11.310+0000] {subprocess.py:106} INFO - 26/05/21 07:00:11 INFO MemoryStore: Block broadcast_15_piece0 stored as bytes in memory (estimated size 29.8 KiB, free 434.2 MiB)
[2026-05-21T07:00:11.312+0000] {subprocess.py:106} INFO - 26/05/21 07:00:11 INFO BlockManagerInfo: Added broadcast_15_piece0 in memory on c05002f484b8:46227 (size: 29.8 KiB, free: 434.3 MiB)
[2026-05-21T07:00:11.313+0000] {subprocess.py:106} INFO - 26/05/21 07:00:11 INFO BlockManagerInfo: Removed broadcast_14_piece0 on c05002f484b8:46227 in memory (size: 16.2 KiB, free: 434.3 MiB)
[2026-05-21T07:00:11.315+0000] {subprocess.py:106} INFO - 26/05/21 07:00:11 INFO SparkContext: Created broadcast 15 from broadcast at SparkWrite.java:193
[2026-05-21T07:00:11.316+0000] {subprocess.py:106} INFO - 26/05/21 07:00:11 INFO AppendDataExec: Start processing data source write support: IcebergBatchWrite(table=gold.dim_company, format=PARQUET). The input RDD has 1 partitions.
[2026-05-21T07:00:11.317+0000] {subprocess.py:106} INFO - 26/05/21 07:00:11 INFO SparkContext: Starting job: create at <unknown>:0
[2026-05-21T07:00:11.318+0000] {subprocess.py:106} INFO - 26/05/21 07:00:11 INFO DAGScheduler: Got job 7 (create at <unknown>:0) with 1 output partitions
[2026-05-21T07:00:11.318+0000] {subprocess.py:106} INFO - 26/05/21 07:00:11 INFO BlockManagerInfo: Removed broadcast_14_piece0 on 172.30.0.6:32781 in memory (size: 16.2 KiB, free: 434.4 MiB)
[2026-05-21T07:00:11.319+0000] {subprocess.py:106} INFO - 26/05/21 07:00:11 INFO DAGScheduler: Final stage: ResultStage 11 (create at <unknown>:0)
[2026-05-21T07:00:11.320+0000] {subprocess.py:106} INFO - 26/05/21 07:00:11 INFO DAGScheduler: Parents of final stage: List(ShuffleMapStage 10)
[2026-05-21T07:00:11.323+0000] {subprocess.py:106} INFO - 26/05/21 07:00:11 INFO DAGScheduler: Missing parents: List()
[2026-05-21T07:00:11.325+0000] {subprocess.py:106} INFO - 26/05/21 07:00:11 INFO DAGScheduler: Submitting ResultStage 11 (MapPartitionsRDD[23] at create at <unknown>:0), which has no missing parents
[2026-05-21T07:00:11.340+0000] {subprocess.py:106} INFO - 26/05/21 07:00:11 INFO MemoryStore: Block broadcast_16 stored as values in memory (estimated size 43.6 KiB, free 434.2 MiB)
[2026-05-21T07:00:11.345+0000] {subprocess.py:106} INFO - 26/05/21 07:00:11 INFO MemoryStore: Block broadcast_16_piece0 stored as bytes in memory (estimated size 19.8 KiB, free 434.2 MiB)
[2026-05-21T07:00:11.349+0000] {subprocess.py:106} INFO - 26/05/21 07:00:11 INFO BlockManagerInfo: Added broadcast_16_piece0 in memory on c05002f484b8:46227 (size: 19.8 KiB, free: 434.3 MiB)
[2026-05-21T07:00:11.351+0000] {subprocess.py:106} INFO - 26/05/21 07:00:11 INFO SparkContext: Created broadcast 16 from broadcast at DAGScheduler.scala:1585
[2026-05-21T07:00:11.353+0000] {subprocess.py:106} INFO - 26/05/21 07:00:11 INFO DAGScheduler: Submitting 1 missing tasks from ResultStage 11 (MapPartitionsRDD[23] at create at <unknown>:0) (first 15 tasks are for partitions Vector(0))
[2026-05-21T07:00:11.355+0000] {subprocess.py:106} INFO - 26/05/21 07:00:11 INFO TaskSchedulerImpl: Adding task set 11.0 with 1 tasks resource profile 0
[2026-05-21T07:00:11.356+0000] {subprocess.py:106} INFO - 26/05/21 07:00:11 INFO TaskSetManager: Starting task 0.0 in stage 11.0 (TID 10) (172.30.0.6, executor 0, partition 0, NODE_LOCAL, 9976 bytes)
[2026-05-21T07:00:11.400+0000] {subprocess.py:106} INFO - 26/05/21 07:00:11 INFO BlockManagerInfo: Added broadcast_16_piece0 in memory on 172.30.0.6:32781 (size: 19.8 KiB, free: 434.4 MiB)
[2026-05-21T07:00:11.411+0000] {subprocess.py:106} INFO - 26/05/21 07:00:11 INFO MapOutputTrackerMasterEndpoint: Asked to send map output locations for shuffle 3 to 172.30.0.6:36864
[2026-05-21T07:00:11.492+0000] {subprocess.py:106} INFO - 26/05/21 07:00:11 INFO BlockManagerInfo: Added broadcast_15_piece0 in memory on 172.30.0.6:32781 (size: 29.8 KiB, free: 434.3 MiB)
[2026-05-21T07:00:11.660+0000] {subprocess.py:106} INFO - 26/05/21 07:00:11 INFO TaskSetManager: Finished task 0.0 in stage 11.0 (TID 10) in 310 ms on 172.30.0.6 (executor 0) (1/1)
[2026-05-21T07:00:11.663+0000] {subprocess.py:106} INFO - 26/05/21 07:00:11 INFO TaskSchedulerImpl: Removed TaskSet 11.0, whose tasks have all completed, from pool
[2026-05-21T07:00:11.664+0000] {subprocess.py:106} INFO - 26/05/21 07:00:11 INFO DAGScheduler: ResultStage 11 (create at <unknown>:0) finished in 0.326 s
[2026-05-21T07:00:11.665+0000] {subprocess.py:106} INFO - 26/05/21 07:00:11 INFO DAGScheduler: Job 7 is finished. Cancelling potential speculative or zombie tasks for this job
[2026-05-21T07:00:11.665+0000] {subprocess.py:106} INFO - 26/05/21 07:00:11 INFO TaskSchedulerImpl: Killing all running tasks in stage 11: Stage finished
[2026-05-21T07:00:11.666+0000] {subprocess.py:106} INFO - 26/05/21 07:00:11 INFO DAGScheduler: Job 7 finished: create at <unknown>:0, took 0.348765 s
[2026-05-21T07:00:11.666+0000] {subprocess.py:106} INFO - 26/05/21 07:00:11 INFO AppendDataExec: Data source write support IcebergBatchWrite(table=gold.dim_company, format=PARQUET) is committing.
[2026-05-21T07:00:11.667+0000] {subprocess.py:106} INFO - 26/05/21 07:00:11 INFO SparkWrite: Committing append with 1 new data files to table gold.dim_company
[2026-05-21T07:00:11.871+0000] {subprocess.py:106} INFO - 26/05/21 07:00:11 INFO SnapshotProducer: Committed snapshot 1820757261879260873 (MergeAppend)
[2026-05-21T07:00:11.903+0000] {subprocess.py:106} INFO - 26/05/21 07:00:11 INFO LoggingMetricsReporter: Received metrics report: CommitReport{tableName=gold.dim_company, snapshotId=1820757261879260873, sequenceNumber=1, operation=append, commitMetrics=CommitMetricsResult{totalDuration=TimerResult{timeUnit=NANOSECONDS, totalDuration=PT0.235767716S, count=1}, attempts=CounterResult{unit=COUNT, value=1}, addedDataFiles=CounterResult{unit=COUNT, value=1}, removedDataFiles=null, totalDataFiles=CounterResult{unit=COUNT, value=1}, addedDeleteFiles=null, addedEqualityDeleteFiles=null, addedPositionalDeleteFiles=null, removedDeleteFiles=null, removedEqualityDeleteFiles=null, removedPositionalDeleteFiles=null, totalDeleteFiles=CounterResult{unit=COUNT, value=0}, addedRecords=CounterResult{unit=COUNT, value=1289}, removedRecords=null, totalRecords=CounterResult{unit=COUNT, value=1289}, addedFilesSizeInBytes=CounterResult{unit=BYTES, value=23981}, removedFilesSizeInBytes=null, totalFilesSizeInBytes=CounterResult{unit=BYTES, value=23981}, addedPositionalDeletes=null, removedPositionalDeletes=null, totalPositionalDeletes=CounterResult{unit=COUNT, value=0}, addedEqualityDeletes=null, removedEqualityDeletes=null, totalEqualityDeletes=CounterResult{unit=COUNT, value=0}}, metadata={engine-version=3.5.3, app-id=app-20260521065928-0005, engine-name=spark, iceberg-version=Apache Iceberg 1.6.1 (commit 8e9d59d299be42b0bca9461457cd1e95dbaad086)}}
[2026-05-21T07:00:11.904+0000] {subprocess.py:106} INFO - 26/05/21 07:00:11 INFO SparkWrite: Committed in 236 ms
[2026-05-21T07:00:11.906+0000] {subprocess.py:106} INFO - 26/05/21 07:00:11 INFO AppendDataExec: Data source write support IcebergBatchWrite(table=gold.dim_company, format=PARQUET) committed.
[2026-05-21T07:00:12.207+0000] {subprocess.py:106} INFO - 26/05/21 07:00:12 INFO HiveTableOperations: Committed to table iceberg.gold.dim_company with the new metadata location s3a://warehouse/iceberg_data/gold.db/dim_company/metadata/00000-752a7d8b-62ab-40b0-919f-050e44288670.metadata.json
[2026-05-21T07:00:12.208+0000] {subprocess.py:106} INFO - 26/05/21 07:00:12 INFO BaseMetastoreTableOperations: Successfully committed to table iceberg.gold.dim_company in 305 ms
[2026-05-21T07:00:12.208+0000] {subprocess.py:106} INFO - >>> Building DIM_WORK_MODE...
[2026-05-21T07:00:12.279+0000] {subprocess.py:106} INFO - 26/05/21 07:00:12 INFO BaseMetastoreCatalog: Table properties set at catalog level through catalog properties: {}
[2026-05-21T07:00:12.292+0000] {subprocess.py:106} INFO - 26/05/21 07:00:12 INFO BaseMetastoreCatalog: Table properties enforced at catalog level through catalog properties: {}
[2026-05-21T07:00:12.318+0000] {subprocess.py:106} INFO - 26/05/21 07:00:12 INFO V2ScanRelationPushDown:
[2026-05-21T07:00:12.319+0000] {subprocess.py:106} INFO - Pushing operators to iceberg.silver.it_jobs_clean
[2026-05-21T07:00:12.319+0000] {subprocess.py:106} INFO - Pushed Filters: work_mode IS NOT NULL
[2026-05-21T07:00:12.320+0000] {subprocess.py:106} INFO - Post-Scan Filters: isnotnull(work_mode#7)
[2026-05-21T07:00:12.322+0000] {subprocess.py:106} INFO - 
[2026-05-21T07:00:12.323+0000] {subprocess.py:106} INFO - 26/05/21 07:00:12 INFO V2ScanRelationPushDown:
[2026-05-21T07:00:12.324+0000] {subprocess.py:106} INFO - Output: work_mode#7
[2026-05-21T07:00:12.324+0000] {subprocess.py:106} INFO - 
[2026-05-21T07:00:12.325+0000] {subprocess.py:106} INFO - 26/05/21 07:00:12 INFO SnapshotScan: Scanning table iceberg.silver.it_jobs_clean snapshot 5375345670392648344 created at 2026-05-21T06:47:17.683+00:00 with filter work_mode IS NOT NULL
[2026-05-21T07:00:12.328+0000] {subprocess.py:106} INFO - 26/05/21 07:00:12 INFO BaseDistributedDataScan: Planning file tasks locally for table iceberg.silver.it_jobs_clean
[2026-05-21T07:00:12.408+0000] {subprocess.py:106} INFO - 26/05/21 07:00:12 INFO SparkPartitioningAwareScan: Reporting UnknownPartitioning with 2 partition(s) for table iceberg.silver.it_jobs_clean
[2026-05-21T07:00:12.410+0000] {subprocess.py:106} INFO - 26/05/21 07:00:12 INFO SparkWrite: Requesting 0 bytes advisory partition size for table gold.dim_work_mode
[2026-05-21T07:00:12.411+0000] {subprocess.py:106} INFO - 26/05/21 07:00:12 INFO SparkWrite: Requesting UnspecifiedDistribution as write distribution for table gold.dim_work_mode
[2026-05-21T07:00:12.412+0000] {subprocess.py:106} INFO - 26/05/21 07:00:12 INFO SparkWrite: Requesting [] as write ordering for table gold.dim_work_mode
[2026-05-21T07:00:12.432+0000] {subprocess.py:106} INFO - 26/05/21 07:00:12 INFO MemoryStore: Block broadcast_17 stored as values in memory (estimated size 32.0 KiB, free 434.1 MiB)
[2026-05-21T07:00:12.455+0000] {subprocess.py:106} INFO - 26/05/21 07:00:12 INFO MemoryStore: Block broadcast_17_piece0 stored as bytes in memory (estimated size 30.3 KiB, free 434.1 MiB)
[2026-05-21T07:00:12.467+0000] {subprocess.py:106} INFO - 26/05/21 07:00:12 INFO BlockManagerInfo: Added broadcast_17_piece0 in memory on c05002f484b8:46227 (size: 30.3 KiB, free: 434.3 MiB)
[2026-05-21T07:00:12.471+0000] {subprocess.py:106} INFO - 26/05/21 07:00:12 INFO SparkContext: Created broadcast 17 from broadcast at SparkBatch.java:79
[2026-05-21T07:00:12.478+0000] {subprocess.py:106} INFO - 26/05/21 07:00:12 INFO BlockManagerInfo: Removed broadcast_16_piece0 on 172.30.0.6:32781 in memory (size: 19.8 KiB, free: 434.3 MiB)
[2026-05-21T07:00:12.486+0000] {subprocess.py:106} INFO - 26/05/21 07:00:12 INFO BlockManagerInfo: Removed broadcast_16_piece0 on c05002f484b8:46227 in memory (size: 19.8 KiB, free: 434.3 MiB)
[2026-05-21T07:00:12.499+0000] {subprocess.py:106} INFO - 26/05/21 07:00:12 INFO MemoryStore: Block broadcast_18 stored as values in memory (estimated size 32.0 KiB, free 434.1 MiB)
[2026-05-21T07:00:12.501+0000] {subprocess.py:106} INFO - 26/05/21 07:00:12 INFO MemoryStore: Block broadcast_18_piece0 stored as bytes in memory (estimated size 30.4 KiB, free 434.1 MiB)
[2026-05-21T07:00:12.507+0000] {subprocess.py:106} INFO - 26/05/21 07:00:12 INFO BlockManagerInfo: Added broadcast_18_piece0 in memory on c05002f484b8:46227 (size: 30.4 KiB, free: 434.3 MiB)
[2026-05-21T07:00:12.517+0000] {subprocess.py:106} INFO - 26/05/21 07:00:12 INFO SparkContext: Created broadcast 18 from broadcast at SparkBatch.java:79
[2026-05-21T07:00:12.634+0000] {subprocess.py:106} INFO - 26/05/21 07:00:12 INFO BlockManagerInfo: Removed broadcast_12_piece0 on c05002f484b8:46227 in memory (size: 30.4 KiB, free: 434.3 MiB)
[2026-05-21T07:00:12.677+0000] {subprocess.py:106} INFO - 26/05/21 07:00:12 INFO BlockManagerInfo: Removed broadcast_13_piece0 on c05002f484b8:46227 in memory (size: 30.3 KiB, free: 434.3 MiB)
[2026-05-21T07:00:12.698+0000] {subprocess.py:106} INFO - 26/05/21 07:00:12 INFO BlockManagerInfo: Removed broadcast_13_piece0 on 172.30.0.6:32781 in memory (size: 30.3 KiB, free: 434.4 MiB)
[2026-05-21T07:00:12.722+0000] {subprocess.py:106} INFO - 26/05/21 07:00:12 INFO BlockManagerInfo: Removed broadcast_15_piece0 on c05002f484b8:46227 in memory (size: 29.8 KiB, free: 434.3 MiB)
[2026-05-21T07:00:12.729+0000] {subprocess.py:106} INFO - 26/05/21 07:00:12 INFO BlockManagerInfo: Removed broadcast_15_piece0 on 172.30.0.6:32781 in memory (size: 29.8 KiB, free: 434.4 MiB)
[2026-05-21T07:00:12.755+0000] {subprocess.py:106} INFO - 26/05/21 07:00:12 INFO DAGScheduler: Registering RDD 27 (create at <unknown>:0) as input to shuffle 4
[2026-05-21T07:00:12.761+0000] {subprocess.py:106} INFO - 26/05/21 07:00:12 INFO DAGScheduler: Got map stage job 8 (create at <unknown>:0) with 2 output partitions
[2026-05-21T07:00:12.764+0000] {subprocess.py:106} INFO - 26/05/21 07:00:12 INFO DAGScheduler: Final stage: ShuffleMapStage 12 (create at <unknown>:0)
[2026-05-21T07:00:12.765+0000] {subprocess.py:106} INFO - 26/05/21 07:00:12 INFO DAGScheduler: Parents of final stage: List()
[2026-05-21T07:00:12.767+0000] {subprocess.py:106} INFO - 26/05/21 07:00:12 INFO DAGScheduler: Missing parents: List()
[2026-05-21T07:00:12.774+0000] {subprocess.py:106} INFO - 26/05/21 07:00:12 INFO DAGScheduler: Submitting ShuffleMapStage 12 (MapPartitionsRDD[27] at create at <unknown>:0), which has no missing parents
[2026-05-21T07:00:12.779+0000] {subprocess.py:106} INFO - 26/05/21 07:00:12 INFO MemoryStore: Block broadcast_19 stored as values in memory (estimated size 37.1 KiB, free 434.2 MiB)
[2026-05-21T07:00:12.794+0000] {subprocess.py:106} INFO - 26/05/21 07:00:12 INFO MemoryStore: Block broadcast_19_piece0 stored as bytes in memory (estimated size 16.2 KiB, free 434.2 MiB)
[2026-05-21T07:00:12.795+0000] {subprocess.py:106} INFO - 26/05/21 07:00:12 INFO BlockManagerInfo: Added broadcast_19_piece0 in memory on c05002f484b8:46227 (size: 16.2 KiB, free: 434.3 MiB)
[2026-05-21T07:00:12.796+0000] {subprocess.py:106} INFO - 26/05/21 07:00:12 INFO SparkContext: Created broadcast 19 from broadcast at DAGScheduler.scala:1585
[2026-05-21T07:00:12.796+0000] {subprocess.py:106} INFO - 26/05/21 07:00:12 INFO DAGScheduler: Submitting 2 missing tasks from ShuffleMapStage 12 (MapPartitionsRDD[27] at create at <unknown>:0) (first 15 tasks are for partitions Vector(0, 1))
[2026-05-21T07:00:12.800+0000] {subprocess.py:106} INFO - 26/05/21 07:00:12 INFO TaskSchedulerImpl: Adding task set 12.0 with 2 tasks resource profile 0
[2026-05-21T07:00:12.801+0000] {subprocess.py:106} INFO - 26/05/21 07:00:12 INFO TaskSetManager: Starting task 0.0 in stage 12.0 (TID 11) (172.30.0.6, executor 0, partition 0, PROCESS_LOCAL, 16537 bytes)
[2026-05-21T07:00:12.825+0000] {subprocess.py:106} INFO - 26/05/21 07:00:12 INFO BlockManagerInfo: Added broadcast_19_piece0 in memory on 172.30.0.6:32781 (size: 16.2 KiB, free: 434.4 MiB)
[2026-05-21T07:00:12.877+0000] {subprocess.py:106} INFO - 26/05/21 07:00:12 INFO BlockManagerInfo: Added broadcast_18_piece0 in memory on 172.30.0.6:32781 (size: 30.4 KiB, free: 434.4 MiB)
[2026-05-21T07:00:13.102+0000] {subprocess.py:106} INFO - 26/05/21 07:00:13 INFO TaskSetManager: Starting task 1.0 in stage 12.0 (TID 12) (172.30.0.6, executor 0, partition 1, PROCESS_LOCAL, 16373 bytes)
[2026-05-21T07:00:13.103+0000] {subprocess.py:106} INFO - 26/05/21 07:00:13 INFO TaskSetManager: Finished task 0.0 in stage 12.0 (TID 11) in 304 ms on 172.30.0.6 (executor 0) (1/2)
[2026-05-21T07:00:13.384+0000] {subprocess.py:106} INFO - 26/05/21 07:00:13 INFO TaskSetManager: Finished task 1.0 in stage 12.0 (TID 12) in 280 ms on 172.30.0.6 (executor 0) (2/2)
[2026-05-21T07:00:13.385+0000] {subprocess.py:106} INFO - 26/05/21 07:00:13 INFO TaskSchedulerImpl: Removed TaskSet 12.0, whose tasks have all completed, from pool
[2026-05-21T07:00:13.385+0000] {subprocess.py:106} INFO - 26/05/21 07:00:13 INFO DAGScheduler: ShuffleMapStage 12 (create at <unknown>:0) finished in 0.609 s
[2026-05-21T07:00:13.386+0000] {subprocess.py:106} INFO - 26/05/21 07:00:13 INFO DAGScheduler: looking for newly runnable stages
[2026-05-21T07:00:13.387+0000] {subprocess.py:106} INFO - 26/05/21 07:00:13 INFO DAGScheduler: running: Set()
[2026-05-21T07:00:13.387+0000] {subprocess.py:106} INFO - 26/05/21 07:00:13 INFO DAGScheduler: waiting: Set()
[2026-05-21T07:00:13.388+0000] {subprocess.py:106} INFO - 26/05/21 07:00:13 INFO DAGScheduler: failed: Set()
[2026-05-21T07:00:13.388+0000] {subprocess.py:106} INFO - 26/05/21 07:00:13 INFO ShufflePartitionsUtil: For shuffle(4), advisory target size: 67108864, actual target size 1048576, minimum partition size: 1048576
[2026-05-21T07:00:13.409+0000] {subprocess.py:106} INFO - 26/05/21 07:00:13 INFO MemoryStore: Block broadcast_20 stored as values in memory (estimated size 32.0 KiB, free 434.2 MiB)
[2026-05-21T07:00:13.433+0000] {subprocess.py:106} INFO - 26/05/21 07:00:13 INFO MemoryStore: Block broadcast_20_piece0 stored as bytes in memory (estimated size 29.8 KiB, free 434.2 MiB)
[2026-05-21T07:00:13.434+0000] {subprocess.py:106} INFO - 26/05/21 07:00:13 INFO BlockManagerInfo: Added broadcast_20_piece0 in memory on c05002f484b8:46227 (size: 29.8 KiB, free: 434.3 MiB)
[2026-05-21T07:00:13.445+0000] {subprocess.py:106} INFO - 26/05/21 07:00:13 INFO SparkContext: Created broadcast 20 from broadcast at SparkWrite.java:193
[2026-05-21T07:00:13.448+0000] {subprocess.py:106} INFO - 26/05/21 07:00:13 INFO AppendDataExec: Start processing data source write support: IcebergBatchWrite(table=gold.dim_work_mode, format=PARQUET). The input RDD has 1 partitions.
[2026-05-21T07:00:13.449+0000] {subprocess.py:106} INFO - 26/05/21 07:00:13 INFO BlockManagerInfo: Removed broadcast_19_piece0 on c05002f484b8:46227 in memory (size: 16.2 KiB, free: 434.3 MiB)
[2026-05-21T07:00:13.449+0000] {subprocess.py:106} INFO - 26/05/21 07:00:13 INFO SparkContext: Starting job: create at <unknown>:0
[2026-05-21T07:00:13.450+0000] {subprocess.py:106} INFO - 26/05/21 07:00:13 INFO BlockManagerInfo: Removed broadcast_19_piece0 on 172.30.0.6:32781 in memory (size: 16.2 KiB, free: 434.4 MiB)
[2026-05-21T07:00:13.452+0000] {subprocess.py:106} INFO - 26/05/21 07:00:13 INFO DAGScheduler: Got job 9 (create at <unknown>:0) with 1 output partitions
[2026-05-21T07:00:13.454+0000] {subprocess.py:106} INFO - 26/05/21 07:00:13 INFO DAGScheduler: Final stage: ResultStage 14 (create at <unknown>:0)
[2026-05-21T07:00:13.465+0000] {subprocess.py:106} INFO - 26/05/21 07:00:13 INFO DAGScheduler: Parents of final stage: List(ShuffleMapStage 13)
[2026-05-21T07:00:13.466+0000] {subprocess.py:106} INFO - 26/05/21 07:00:13 INFO DAGScheduler: Missing parents: List()
[2026-05-21T07:00:13.467+0000] {subprocess.py:106} INFO - 26/05/21 07:00:13 INFO DAGScheduler: Submitting ResultStage 14 (MapPartitionsRDD[29] at create at <unknown>:0), which has no missing parents
[2026-05-21T07:00:13.470+0000] {subprocess.py:106} INFO - 26/05/21 07:00:13 INFO MemoryStore: Block broadcast_21 stored as values in memory (estimated size 43.6 KiB, free 434.2 MiB)
[2026-05-21T07:00:13.470+0000] {subprocess.py:106} INFO - 26/05/21 07:00:13 INFO MemoryStore: Block broadcast_21_piece0 stored as bytes in memory (estimated size 19.8 KiB, free 434.2 MiB)
[2026-05-21T07:00:13.476+0000] {subprocess.py:106} INFO - 26/05/21 07:00:13 INFO BlockManagerInfo: Added broadcast_21_piece0 in memory on c05002f484b8:46227 (size: 19.8 KiB, free: 434.3 MiB)
[2026-05-21T07:00:13.481+0000] {subprocess.py:106} INFO - 26/05/21 07:00:13 INFO SparkContext: Created broadcast 21 from broadcast at DAGScheduler.scala:1585
[2026-05-21T07:00:13.482+0000] {subprocess.py:106} INFO - 26/05/21 07:00:13 INFO DAGScheduler: Submitting 1 missing tasks from ResultStage 14 (MapPartitionsRDD[29] at create at <unknown>:0) (first 15 tasks are for partitions Vector(0))
[2026-05-21T07:00:13.483+0000] {subprocess.py:106} INFO - 26/05/21 07:00:13 INFO TaskSchedulerImpl: Adding task set 14.0 with 1 tasks resource profile 0
[2026-05-21T07:00:13.483+0000] {subprocess.py:106} INFO - 26/05/21 07:00:13 INFO TaskSetManager: Starting task 0.0 in stage 14.0 (TID 13) (172.30.0.6, executor 0, partition 0, NODE_LOCAL, 9976 bytes)
[2026-05-21T07:00:13.515+0000] {subprocess.py:106} INFO - 26/05/21 07:00:13 INFO BlockManagerInfo: Added broadcast_21_piece0 in memory on 172.30.0.6:32781 (size: 19.8 KiB, free: 434.4 MiB)
[2026-05-21T07:00:13.537+0000] {subprocess.py:106} INFO - 26/05/21 07:00:13 INFO MapOutputTrackerMasterEndpoint: Asked to send map output locations for shuffle 4 to 172.30.0.6:36864
[2026-05-21T07:00:13.558+0000] {subprocess.py:106} INFO - 26/05/21 07:00:13 INFO BlockManagerInfo: Added broadcast_20_piece0 in memory on 172.30.0.6:32781 (size: 29.8 KiB, free: 434.3 MiB)
[2026-05-21T07:00:13.664+0000] {subprocess.py:106} INFO - 26/05/21 07:00:13 INFO TaskSetManager: Finished task 0.0 in stage 14.0 (TID 13) in 185 ms on 172.30.0.6 (executor 0) (1/1)
[2026-05-21T07:00:13.666+0000] {subprocess.py:106} INFO - 26/05/21 07:00:13 INFO TaskSchedulerImpl: Removed TaskSet 14.0, whose tasks have all completed, from pool
[2026-05-21T07:00:13.669+0000] {subprocess.py:106} INFO - 26/05/21 07:00:13 INFO DAGScheduler: ResultStage 14 (create at <unknown>:0) finished in 0.207 s
[2026-05-21T07:00:13.670+0000] {subprocess.py:106} INFO - 26/05/21 07:00:13 INFO DAGScheduler: Job 9 is finished. Cancelling potential speculative or zombie tasks for this job
[2026-05-21T07:00:13.671+0000] {subprocess.py:106} INFO - 26/05/21 07:00:13 INFO TaskSchedulerImpl: Killing all running tasks in stage 14: Stage finished
[2026-05-21T07:00:13.676+0000] {subprocess.py:106} INFO - 26/05/21 07:00:13 INFO DAGScheduler: Job 9 finished: create at <unknown>:0, took 0.231203 s
[2026-05-21T07:00:13.678+0000] {subprocess.py:106} INFO - 26/05/21 07:00:13 INFO AppendDataExec: Data source write support IcebergBatchWrite(table=gold.dim_work_mode, format=PARQUET) is committing.
[2026-05-21T07:00:13.679+0000] {subprocess.py:106} INFO - 26/05/21 07:00:13 INFO SparkWrite: Committing append with 1 new data files to table gold.dim_work_mode
[2026-05-21T07:00:13.909+0000] {subprocess.py:106} INFO - 26/05/21 07:00:13 INFO SnapshotProducer: Committed snapshot 1283777307742413824 (MergeAppend)
[2026-05-21T07:00:13.934+0000] {subprocess.py:106} INFO - 26/05/21 07:00:13 INFO LoggingMetricsReporter: Received metrics report: CommitReport{tableName=gold.dim_work_mode, snapshotId=1283777307742413824, sequenceNumber=1, operation=append, commitMetrics=CommitMetricsResult{totalDuration=TimerResult{timeUnit=NANOSECONDS, totalDuration=PT0.258199596S, count=1}, attempts=CounterResult{unit=COUNT, value=1}, addedDataFiles=CounterResult{unit=COUNT, value=1}, removedDataFiles=null, totalDataFiles=CounterResult{unit=COUNT, value=1}, addedDeleteFiles=null, addedEqualityDeleteFiles=null, addedPositionalDeleteFiles=null, removedDeleteFiles=null, removedEqualityDeleteFiles=null, removedPositionalDeleteFiles=null, totalDeleteFiles=CounterResult{unit=COUNT, value=0}, addedRecords=CounterResult{unit=COUNT, value=3}, removedRecords=null, totalRecords=CounterResult{unit=COUNT, value=3}, addedFilesSizeInBytes=CounterResult{unit=BYTES, value=731}, removedFilesSizeInBytes=null, totalFilesSizeInBytes=CounterResult{unit=BYTES, value=731}, addedPositionalDeletes=null, removedPositionalDeletes=null, totalPositionalDeletes=CounterResult{unit=COUNT, value=0}, addedEqualityDeletes=null, removedEqualityDeletes=null, totalEqualityDeletes=CounterResult{unit=COUNT, value=0}}, metadata={engine-version=3.5.3, app-id=app-20260521065928-0005, engine-name=spark, iceberg-version=Apache Iceberg 1.6.1 (commit 8e9d59d299be42b0bca9461457cd1e95dbaad086)}}
[2026-05-21T07:00:13.935+0000] {subprocess.py:106} INFO - 26/05/21 07:00:13 INFO SparkWrite: Committed in 259 ms
[2026-05-21T07:00:13.936+0000] {subprocess.py:106} INFO - 26/05/21 07:00:13 INFO AppendDataExec: Data source write support IcebergBatchWrite(table=gold.dim_work_mode, format=PARQUET) committed.
[2026-05-21T07:00:14.170+0000] {subprocess.py:106} INFO - 26/05/21 07:00:14 INFO HiveTableOperations: Committed to table iceberg.gold.dim_work_mode with the new metadata location s3a://warehouse/iceberg_data/gold.db/dim_work_mode/metadata/00000-508ed1e9-cda5-4af3-af84-daebaa919705.metadata.json
[2026-05-21T07:00:14.171+0000] {subprocess.py:106} INFO - 26/05/21 07:00:14 INFO BaseMetastoreTableOperations: Successfully committed to table iceberg.gold.dim_work_mode in 235 ms
[2026-05-21T07:00:14.172+0000] {subprocess.py:106} INFO - >>> Building DIM_DATE...
[2026-05-21T07:00:14.439+0000] {subprocess.py:106} INFO - 26/05/21 07:00:14 INFO BaseMetastoreCatalog: Table properties set at catalog level through catalog properties: {}
[2026-05-21T07:00:14.447+0000] {subprocess.py:106} INFO - 26/05/21 07:00:14 INFO BaseMetastoreCatalog: Table properties enforced at catalog level through catalog properties: {}
[2026-05-21T07:00:14.471+0000] {subprocess.py:106} INFO - 26/05/21 07:00:14 INFO V2ScanRelationPushDown:
[2026-05-21T07:00:14.473+0000] {subprocess.py:106} INFO - Pushing operators to iceberg.silver.it_jobs_clean
[2026-05-21T07:00:14.473+0000] {subprocess.py:106} INFO - Pushed Filters: date_posted IS NOT NULL
[2026-05-21T07:00:14.474+0000] {subprocess.py:106} INFO - Post-Scan Filters: isnotnull(date_posted#4)
[2026-05-21T07:00:14.474+0000] {subprocess.py:106} INFO - 
[2026-05-21T07:00:14.475+0000] {subprocess.py:106} INFO - 26/05/21 07:00:14 INFO V2ScanRelationPushDown:
[2026-05-21T07:00:14.477+0000] {subprocess.py:106} INFO - Output: date_posted#4
[2026-05-21T07:00:14.481+0000] {subprocess.py:106} INFO - 
[2026-05-21T07:00:14.481+0000] {subprocess.py:106} INFO - 26/05/21 07:00:14 INFO SnapshotScan: Scanning table iceberg.silver.it_jobs_clean snapshot 5375345670392648344 created at 2026-05-21T06:47:17.683+00:00 with filter date_posted IS NOT NULL
[2026-05-21T07:00:14.483+0000] {subprocess.py:106} INFO - 26/05/21 07:00:14 INFO BaseDistributedDataScan: Planning file tasks locally for table iceberg.silver.it_jobs_clean
[2026-05-21T07:00:14.519+0000] {subprocess.py:106} INFO - 26/05/21 07:00:14 INFO BlockManagerInfo: Removed broadcast_18_piece0 on c05002f484b8:46227 in memory (size: 30.4 KiB, free: 434.3 MiB)
[2026-05-21T07:00:14.521+0000] {subprocess.py:106} INFO - 26/05/21 07:00:14 INFO BlockManagerInfo: Removed broadcast_18_piece0 on 172.30.0.6:32781 in memory (size: 30.4 KiB, free: 434.4 MiB)
[2026-05-21T07:00:14.532+0000] {subprocess.py:106} INFO - 26/05/21 07:00:14 INFO BlockManagerInfo: Removed broadcast_17_piece0 on c05002f484b8:46227 in memory (size: 30.3 KiB, free: 434.4 MiB)
[2026-05-21T07:00:14.534+0000] {subprocess.py:106} INFO - 26/05/21 07:00:14 INFO SparkPartitioningAwareScan: Reporting UnknownPartitioning with 2 partition(s) for table iceberg.silver.it_jobs_clean
[2026-05-21T07:00:14.534+0000] {subprocess.py:106} INFO - 26/05/21 07:00:14 INFO SparkWrite: Requesting 0 bytes advisory partition size for table gold.dim_date
[2026-05-21T07:00:14.535+0000] {subprocess.py:106} INFO - 26/05/21 07:00:14 INFO SparkWrite: Requesting UnspecifiedDistribution as write distribution for table gold.dim_date
[2026-05-21T07:00:14.535+0000] {subprocess.py:106} INFO - 26/05/21 07:00:14 INFO SparkWrite: Requesting [] as write ordering for table gold.dim_date
[2026-05-21T07:00:14.539+0000] {subprocess.py:106} INFO - 26/05/21 07:00:14 INFO BlockManagerInfo: Removed broadcast_21_piece0 on c05002f484b8:46227 in memory (size: 19.8 KiB, free: 434.4 MiB)
[2026-05-21T07:00:14.545+0000] {subprocess.py:106} INFO - 26/05/21 07:00:14 INFO BlockManagerInfo: Removed broadcast_21_piece0 on 172.30.0.6:32781 in memory (size: 19.8 KiB, free: 434.4 MiB)
[2026-05-21T07:00:14.551+0000] {subprocess.py:106} INFO - 26/05/21 07:00:14 INFO MemoryStore: Block broadcast_22 stored as values in memory (estimated size 32.0 KiB, free 434.3 MiB)
[2026-05-21T07:00:14.573+0000] {subprocess.py:106} INFO - 26/05/21 07:00:14 INFO BlockManagerInfo: Removed broadcast_20_piece0 on c05002f484b8:46227 in memory (size: 29.8 KiB, free: 434.4 MiB)
[2026-05-21T07:00:14.575+0000] {subprocess.py:106} INFO - 26/05/21 07:00:14 INFO BlockManagerInfo: Removed broadcast_20_piece0 on 172.30.0.6:32781 in memory (size: 29.8 KiB, free: 434.4 MiB)
[2026-05-21T07:00:14.575+0000] {subprocess.py:106} INFO - 26/05/21 07:00:14 INFO MemoryStore: Block broadcast_22_piece0 stored as bytes in memory (estimated size 30.4 KiB, free 434.3 MiB)
[2026-05-21T07:00:14.577+0000] {subprocess.py:106} INFO - 26/05/21 07:00:14 INFO BlockManagerInfo: Added broadcast_22_piece0 in memory on c05002f484b8:46227 (size: 30.4 KiB, free: 434.4 MiB)
[2026-05-21T07:00:14.580+0000] {subprocess.py:106} INFO - 26/05/21 07:00:14 INFO SparkContext: Created broadcast 22 from broadcast at SparkBatch.java:79
[2026-05-21T07:00:14.586+0000] {subprocess.py:106} INFO - 26/05/21 07:00:14 INFO MemoryStore: Block broadcast_23 stored as values in memory (estimated size 32.0 KiB, free 434.3 MiB)
[2026-05-21T07:00:14.587+0000] {subprocess.py:106} INFO - 26/05/21 07:00:14 INFO MemoryStore: Block broadcast_23_piece0 stored as bytes in memory (estimated size 30.3 KiB, free 434.3 MiB)
[2026-05-21T07:00:14.590+0000] {subprocess.py:106} INFO - 26/05/21 07:00:14 INFO BlockManagerInfo: Added broadcast_23_piece0 in memory on c05002f484b8:46227 (size: 30.3 KiB, free: 434.3 MiB)
[2026-05-21T07:00:14.597+0000] {subprocess.py:106} INFO - 26/05/21 07:00:14 INFO SparkContext: Created broadcast 23 from broadcast at SparkBatch.java:79
[2026-05-21T07:00:14.687+0000] {subprocess.py:106} INFO - 26/05/21 07:00:14 INFO CodeGenerator: Code generated in 62.809291 ms
[2026-05-21T07:00:14.699+0000] {subprocess.py:106} INFO - 26/05/21 07:00:14 INFO DAGScheduler: Registering RDD 33 (create at <unknown>:0) as input to shuffle 5
[2026-05-21T07:00:14.701+0000] {subprocess.py:106} INFO - 26/05/21 07:00:14 INFO DAGScheduler: Got map stage job 10 (create at <unknown>:0) with 2 output partitions
[2026-05-21T07:00:14.702+0000] {subprocess.py:106} INFO - 26/05/21 07:00:14 INFO DAGScheduler: Final stage: ShuffleMapStage 15 (create at <unknown>:0)
[2026-05-21T07:00:14.703+0000] {subprocess.py:106} INFO - 26/05/21 07:00:14 INFO DAGScheduler: Parents of final stage: List()
[2026-05-21T07:00:14.704+0000] {subprocess.py:106} INFO - 26/05/21 07:00:14 INFO DAGScheduler: Missing parents: List()
[2026-05-21T07:00:14.707+0000] {subprocess.py:106} INFO - 26/05/21 07:00:14 INFO DAGScheduler: Submitting ShuffleMapStage 15 (MapPartitionsRDD[33] at create at <unknown>:0), which has no missing parents
[2026-05-21T07:00:14.712+0000] {subprocess.py:106} INFO - 26/05/21 07:00:14 INFO MemoryStore: Block broadcast_24 stored as values in memory (estimated size 36.8 KiB, free 434.2 MiB)
[2026-05-21T07:00:14.724+0000] {subprocess.py:106} INFO - 26/05/21 07:00:14 INFO MemoryStore: Block broadcast_24_piece0 stored as bytes in memory (estimated size 16.1 KiB, free 434.2 MiB)
[2026-05-21T07:00:14.725+0000] {subprocess.py:106} INFO - 26/05/21 07:00:14 INFO BlockManagerInfo: Added broadcast_24_piece0 in memory on c05002f484b8:46227 (size: 16.1 KiB, free: 434.3 MiB)
[2026-05-21T07:00:14.727+0000] {subprocess.py:106} INFO - 26/05/21 07:00:14 INFO SparkContext: Created broadcast 24 from broadcast at DAGScheduler.scala:1585
[2026-05-21T07:00:14.729+0000] {subprocess.py:106} INFO - 26/05/21 07:00:14 INFO DAGScheduler: Submitting 2 missing tasks from ShuffleMapStage 15 (MapPartitionsRDD[33] at create at <unknown>:0) (first 15 tasks are for partitions Vector(0, 1))
[2026-05-21T07:00:14.730+0000] {subprocess.py:106} INFO - 26/05/21 07:00:14 INFO TaskSchedulerImpl: Adding task set 15.0 with 2 tasks resource profile 0
[2026-05-21T07:00:14.731+0000] {subprocess.py:106} INFO - 26/05/21 07:00:14 INFO TaskSetManager: Starting task 0.0 in stage 15.0 (TID 14) (172.30.0.6, executor 0, partition 0, PROCESS_LOCAL, 16539 bytes)
[2026-05-21T07:00:14.752+0000] {subprocess.py:106} INFO - 26/05/21 07:00:14 INFO BlockManagerInfo: Added broadcast_24_piece0 in memory on 172.30.0.6:32781 (size: 16.1 KiB, free: 434.4 MiB)
[2026-05-21T07:00:14.907+0000] {subprocess.py:106} INFO - 26/05/21 07:00:14 INFO BlockManagerInfo: Added broadcast_23_piece0 in memory on 172.30.0.6:32781 (size: 30.3 KiB, free: 434.4 MiB)
[2026-05-21T07:00:15.177+0000] {subprocess.py:106} INFO - 26/05/21 07:00:15 INFO TaskSetManager: Starting task 1.0 in stage 15.0 (TID 15) (172.30.0.6, executor 0, partition 1, PROCESS_LOCAL, 16375 bytes)
[2026-05-21T07:00:15.179+0000] {subprocess.py:106} INFO - 26/05/21 07:00:15 INFO TaskSetManager: Finished task 0.0 in stage 15.0 (TID 14) in 449 ms on 172.30.0.6 (executor 0) (1/2)
[2026-05-21T07:00:15.551+0000] {subprocess.py:106} INFO - 26/05/21 07:00:15 INFO TaskSetManager: Finished task 1.0 in stage 15.0 (TID 15) in 372 ms on 172.30.0.6 (executor 0) (2/2)
[2026-05-21T07:00:15.552+0000] {subprocess.py:106} INFO - 26/05/21 07:00:15 INFO TaskSchedulerImpl: Removed TaskSet 15.0, whose tasks have all completed, from pool
[2026-05-21T07:00:15.554+0000] {subprocess.py:106} INFO - 26/05/21 07:00:15 INFO DAGScheduler: ShuffleMapStage 15 (create at <unknown>:0) finished in 0.842 s
[2026-05-21T07:00:15.555+0000] {subprocess.py:106} INFO - 26/05/21 07:00:15 INFO DAGScheduler: looking for newly runnable stages
[2026-05-21T07:00:15.560+0000] {subprocess.py:106} INFO - 26/05/21 07:00:15 INFO DAGScheduler: running: Set()
[2026-05-21T07:00:15.561+0000] {subprocess.py:106} INFO - 26/05/21 07:00:15 INFO DAGScheduler: waiting: Set()
[2026-05-21T07:00:15.564+0000] {subprocess.py:106} INFO - 26/05/21 07:00:15 INFO DAGScheduler: failed: Set()
[2026-05-21T07:00:15.565+0000] {subprocess.py:106} INFO - 26/05/21 07:00:15 INFO ShufflePartitionsUtil: For shuffle(5), advisory target size: 67108864, actual target size 1048576, minimum partition size: 1048576
[2026-05-21T07:00:15.676+0000] {subprocess.py:106} INFO - 26/05/21 07:00:15 INFO CodeGenerator: Code generated in 55.070079 ms
[2026-05-21T07:00:15.701+0000] {subprocess.py:106} INFO - 26/05/21 07:00:15 INFO MemoryStore: Block broadcast_25 stored as values in memory (estimated size 32.0 KiB, free 434.2 MiB)
[2026-05-21T07:00:15.711+0000] {subprocess.py:106} INFO - 26/05/21 07:00:15 INFO MemoryStore: Block broadcast_25_piece0 stored as bytes in memory (estimated size 29.9 KiB, free 434.2 MiB)
[2026-05-21T07:00:15.712+0000] {subprocess.py:106} INFO - 26/05/21 07:00:15 INFO BlockManagerInfo: Added broadcast_25_piece0 in memory on c05002f484b8:46227 (size: 29.9 KiB, free: 434.3 MiB)
[2026-05-21T07:00:15.717+0000] {subprocess.py:106} INFO - 26/05/21 07:00:15 INFO SparkContext: Created broadcast 25 from broadcast at SparkWrite.java:193
[2026-05-21T07:00:15.719+0000] {subprocess.py:106} INFO - 26/05/21 07:00:15 INFO AppendDataExec: Start processing data source write support: IcebergBatchWrite(table=gold.dim_date, format=PARQUET). The input RDD has 1 partitions.
[2026-05-21T07:00:15.719+0000] {subprocess.py:106} INFO - 26/05/21 07:00:15 INFO BlockManagerInfo: Removed broadcast_24_piece0 on c05002f484b8:46227 in memory (size: 16.1 KiB, free: 434.3 MiB)
[2026-05-21T07:00:15.720+0000] {subprocess.py:106} INFO - 26/05/21 07:00:15 INFO SparkContext: Starting job: create at <unknown>:0
[2026-05-21T07:00:15.721+0000] {subprocess.py:106} INFO - 26/05/21 07:00:15 INFO DAGScheduler: Got job 11 (create at <unknown>:0) with 1 output partitions
[2026-05-21T07:00:15.721+0000] {subprocess.py:106} INFO - 26/05/21 07:00:15 INFO DAGScheduler: Final stage: ResultStage 17 (create at <unknown>:0)
[2026-05-21T07:00:15.722+0000] {subprocess.py:106} INFO - 26/05/21 07:00:15 INFO DAGScheduler: Parents of final stage: List(ShuffleMapStage 16)
[2026-05-21T07:00:15.725+0000] {subprocess.py:106} INFO - 26/05/21 07:00:15 INFO DAGScheduler: Missing parents: List()
[2026-05-21T07:00:15.729+0000] {subprocess.py:106} INFO - 26/05/21 07:00:15 INFO BlockManagerInfo: Removed broadcast_24_piece0 on 172.30.0.6:32781 in memory (size: 16.1 KiB, free: 434.4 MiB)
[2026-05-21T07:00:15.730+0000] {subprocess.py:106} INFO - 26/05/21 07:00:15 INFO DAGScheduler: Submitting ResultStage 17 (MapPartitionsRDD[35] at create at <unknown>:0), which has no missing parents
[2026-05-21T07:00:15.735+0000] {subprocess.py:106} INFO - 26/05/21 07:00:15 INFO MemoryStore: Block broadcast_26 stored as values in memory (estimated size 51.2 KiB, free 434.2 MiB)
[2026-05-21T07:00:15.736+0000] {subprocess.py:106} INFO - 26/05/21 07:00:15 INFO MemoryStore: Block broadcast_26_piece0 stored as bytes in memory (estimated size 22.4 KiB, free 434.1 MiB)
[2026-05-21T07:00:15.737+0000] {subprocess.py:106} INFO - 26/05/21 07:00:15 INFO BlockManagerInfo: Added broadcast_26_piece0 in memory on c05002f484b8:46227 (size: 22.4 KiB, free: 434.3 MiB)
[2026-05-21T07:00:15.739+0000] {subprocess.py:106} INFO - 26/05/21 07:00:15 INFO SparkContext: Created broadcast 26 from broadcast at DAGScheduler.scala:1585
[2026-05-21T07:00:15.740+0000] {subprocess.py:106} INFO - 26/05/21 07:00:15 INFO DAGScheduler: Submitting 1 missing tasks from ResultStage 17 (MapPartitionsRDD[35] at create at <unknown>:0) (first 15 tasks are for partitions Vector(0))
[2026-05-21T07:00:15.741+0000] {subprocess.py:106} INFO - 26/05/21 07:00:15 INFO TaskSchedulerImpl: Adding task set 17.0 with 1 tasks resource profile 0
[2026-05-21T07:00:15.742+0000] {subprocess.py:106} INFO - 26/05/21 07:00:15 INFO TaskSetManager: Starting task 0.0 in stage 17.0 (TID 16) (172.30.0.6, executor 0, partition 0, NODE_LOCAL, 9976 bytes)
[2026-05-21T07:00:15.760+0000] {subprocess.py:106} INFO - 26/05/21 07:00:15 INFO BlockManagerInfo: Added broadcast_26_piece0 in memory on 172.30.0.6:32781 (size: 22.4 KiB, free: 434.3 MiB)
[2026-05-21T07:00:15.842+0000] {subprocess.py:106} INFO - 26/05/21 07:00:15 INFO MapOutputTrackerMasterEndpoint: Asked to send map output locations for shuffle 5 to 172.30.0.6:36864
[2026-05-21T07:00:15.965+0000] {subprocess.py:106} INFO - 26/05/21 07:00:15 INFO BlockManagerInfo: Added broadcast_25_piece0 in memory on 172.30.0.6:32781 (size: 29.9 KiB, free: 434.3 MiB)
[2026-05-21T07:00:16.251+0000] {subprocess.py:106} INFO - 26/05/21 07:00:16 INFO TaskSetManager: Finished task 0.0 in stage 17.0 (TID 16) in 510 ms on 172.30.0.6 (executor 0) (1/1)
[2026-05-21T07:00:16.252+0000] {subprocess.py:106} INFO - 26/05/21 07:00:16 INFO TaskSchedulerImpl: Removed TaskSet 17.0, whose tasks have all completed, from pool
[2026-05-21T07:00:16.260+0000] {subprocess.py:106} INFO - 26/05/21 07:00:16 INFO DAGScheduler: ResultStage 17 (create at <unknown>:0) finished in 0.521 s
[2026-05-21T07:00:16.261+0000] {subprocess.py:106} INFO - 26/05/21 07:00:16 INFO DAGScheduler: Job 11 is finished. Cancelling potential speculative or zombie tasks for this job
[2026-05-21T07:00:16.262+0000] {subprocess.py:106} INFO - 26/05/21 07:00:16 INFO TaskSchedulerImpl: Killing all running tasks in stage 17: Stage finished
[2026-05-21T07:00:16.263+0000] {subprocess.py:106} INFO - 26/05/21 07:00:16 INFO DAGScheduler: Job 11 finished: create at <unknown>:0, took 0.536281 s
[2026-05-21T07:00:16.264+0000] {subprocess.py:106} INFO - 26/05/21 07:00:16 INFO AppendDataExec: Data source write support IcebergBatchWrite(table=gold.dim_date, format=PARQUET) is committing.
[2026-05-21T07:00:16.265+0000] {subprocess.py:106} INFO - 26/05/21 07:00:16 INFO SparkWrite: Committing append with 1 new data files to table gold.dim_date
[2026-05-21T07:00:16.446+0000] {subprocess.py:106} INFO - 26/05/21 07:00:16 INFO SnapshotProducer: Committed snapshot 1683389916698999605 (MergeAppend)
[2026-05-21T07:00:16.473+0000] {subprocess.py:106} INFO - 26/05/21 07:00:16 INFO LoggingMetricsReporter: Received metrics report: CommitReport{tableName=gold.dim_date, snapshotId=1683389916698999605, sequenceNumber=1, operation=append, commitMetrics=CommitMetricsResult{totalDuration=TimerResult{timeUnit=NANOSECONDS, totalDuration=PT0.217663086S, count=1}, attempts=CounterResult{unit=COUNT, value=1}, addedDataFiles=CounterResult{unit=COUNT, value=1}, removedDataFiles=null, totalDataFiles=CounterResult{unit=COUNT, value=1}, addedDeleteFiles=null, addedEqualityDeleteFiles=null, addedPositionalDeleteFiles=null, removedDeleteFiles=null, removedEqualityDeleteFiles=null, removedPositionalDeleteFiles=null, totalDeleteFiles=CounterResult{unit=COUNT, value=0}, addedRecords=CounterResult{unit=COUNT, value=209}, removedRecords=null, totalRecords=CounterResult{unit=COUNT, value=209}, addedFilesSizeInBytes=CounterResult{unit=BYTES, value=3581}, removedFilesSizeInBytes=null, totalFilesSizeInBytes=CounterResult{unit=BYTES, value=3581}, addedPositionalDeletes=null, removedPositionalDeletes=null, totalPositionalDeletes=CounterResult{unit=COUNT, value=0}, addedEqualityDeletes=null, removedEqualityDeletes=null, totalEqualityDeletes=CounterResult{unit=COUNT, value=0}}, metadata={engine-version=3.5.3, app-id=app-20260521065928-0005, engine-name=spark, iceberg-version=Apache Iceberg 1.6.1 (commit 8e9d59d299be42b0bca9461457cd1e95dbaad086)}}
[2026-05-21T07:00:16.477+0000] {subprocess.py:106} INFO - 26/05/21 07:00:16 INFO SparkWrite: Committed in 218 ms
[2026-05-21T07:00:16.478+0000] {subprocess.py:106} INFO - 26/05/21 07:00:16 INFO AppendDataExec: Data source write support IcebergBatchWrite(table=gold.dim_date, format=PARQUET) committed.
[2026-05-21T07:00:16.660+0000] {subprocess.py:106} INFO - 26/05/21 07:00:16 INFO HiveTableOperations: Committed to table iceberg.gold.dim_date with the new metadata location s3a://warehouse/iceberg_data/gold.db/dim_date/metadata/00000-5528746a-f74e-46b0-8d86-cc8d5be68d33.metadata.json
[2026-05-21T07:00:16.661+0000] {subprocess.py:106} INFO - 26/05/21 07:00:16 INFO BaseMetastoreTableOperations: Successfully committed to table iceberg.gold.dim_date in 186 ms
[2026-05-21T07:00:16.663+0000] {subprocess.py:106} INFO - >>> Building DIM_JOB_CATEGORY...
[2026-05-21T07:00:16.831+0000] {subprocess.py:106} INFO - 26/05/21 07:00:16 INFO BaseMetastoreCatalog: Table properties set at catalog level through catalog properties: {}
[2026-05-21T07:00:16.842+0000] {subprocess.py:106} INFO - 26/05/21 07:00:16 INFO BaseMetastoreCatalog: Table properties enforced at catalog level through catalog properties: {}
[2026-05-21T07:00:16.871+0000] {subprocess.py:106} INFO - 26/05/21 07:00:16 INFO SparkScanBuilder: Skipping aggregate pushdown: group by aggregation push down is not supported
[2026-05-21T07:00:16.871+0000] {subprocess.py:106} INFO - 26/05/21 07:00:16 INFO V2ScanRelationPushDown:
[2026-05-21T07:00:16.872+0000] {subprocess.py:106} INFO - Output: job_title#0
[2026-05-21T07:00:16.873+0000] {subprocess.py:106} INFO - 
[2026-05-21T07:00:16.874+0000] {subprocess.py:106} INFO - 26/05/21 07:00:16 INFO SnapshotScan: Scanning table iceberg.silver.it_jobs_clean snapshot 5375345670392648344 created at 2026-05-21T06:47:17.683+00:00 with filter true
[2026-05-21T07:00:16.876+0000] {subprocess.py:106} INFO - 26/05/21 07:00:16 INFO BaseDistributedDataScan: Planning file tasks locally for table iceberg.silver.it_jobs_clean
[2026-05-21T07:00:16.933+0000] {subprocess.py:106} INFO - 26/05/21 07:00:16 INFO SparkPartitioningAwareScan: Reporting UnknownPartitioning with 2 partition(s) for table iceberg.silver.it_jobs_clean
[2026-05-21T07:00:16.935+0000] {subprocess.py:106} INFO - 26/05/21 07:00:16 INFO SparkWrite: Requesting 0 bytes advisory partition size for table gold.dim_job_category
[2026-05-21T07:00:16.935+0000] {subprocess.py:106} INFO - 26/05/21 07:00:16 INFO SparkWrite: Requesting UnspecifiedDistribution as write distribution for table gold.dim_job_category
[2026-05-21T07:00:16.936+0000] {subprocess.py:106} INFO - 26/05/21 07:00:16 INFO SparkWrite: Requesting [] as write ordering for table gold.dim_job_category
[2026-05-21T07:00:16.947+0000] {subprocess.py:106} INFO - 26/05/21 07:00:16 INFO MemoryStore: Block broadcast_27 stored as values in memory (estimated size 32.0 KiB, free 434.1 MiB)
[2026-05-21T07:00:16.965+0000] {subprocess.py:106} INFO - 26/05/21 07:00:16 INFO MemoryStore: Block broadcast_27_piece0 stored as bytes in memory (estimated size 30.3 KiB, free 434.1 MiB)
[2026-05-21T07:00:16.966+0000] {subprocess.py:106} INFO - 26/05/21 07:00:16 INFO BlockManagerInfo: Added broadcast_27_piece0 in memory on c05002f484b8:46227 (size: 30.3 KiB, free: 434.3 MiB)
[2026-05-21T07:00:16.966+0000] {subprocess.py:106} INFO - 26/05/21 07:00:16 INFO SparkContext: Created broadcast 27 from broadcast at SparkBatch.java:79
[2026-05-21T07:00:16.967+0000] {subprocess.py:106} INFO - 26/05/21 07:00:16 INFO BlockManagerInfo: Removed broadcast_25_piece0 on 172.30.0.6:32781 in memory (size: 29.9 KiB, free: 434.3 MiB)
[2026-05-21T07:00:16.978+0000] {subprocess.py:106} INFO - 26/05/21 07:00:16 INFO BlockManagerInfo: Removed broadcast_25_piece0 on c05002f484b8:46227 in memory (size: 29.9 KiB, free: 434.3 MiB)
[2026-05-21T07:00:16.991+0000] {subprocess.py:106} INFO - 26/05/21 07:00:16 INFO BlockManagerInfo: Removed broadcast_23_piece0 on c05002f484b8:46227 in memory (size: 30.3 KiB, free: 434.3 MiB)
[2026-05-21T07:00:16.994+0000] {subprocess.py:106} INFO - 26/05/21 07:00:16 INFO MemoryStore: Block broadcast_28 stored as values in memory (estimated size 32.0 KiB, free 434.2 MiB)
[2026-05-21T07:00:16.995+0000] {subprocess.py:106} INFO - 26/05/21 07:00:16 INFO BlockManagerInfo: Removed broadcast_23_piece0 on 172.30.0.6:32781 in memory (size: 30.3 KiB, free: 434.4 MiB)
[2026-05-21T07:00:16.995+0000] {subprocess.py:106} INFO - 26/05/21 07:00:16 INFO MemoryStore: Block broadcast_28_piece0 stored as bytes in memory (estimated size 30.4 KiB, free 434.1 MiB)
[2026-05-21T07:00:16.998+0000] {subprocess.py:106} INFO - 26/05/21 07:00:16 INFO BlockManagerInfo: Added broadcast_28_piece0 in memory on c05002f484b8:46227 (size: 30.4 KiB, free: 434.3 MiB)
[2026-05-21T07:00:17.001+0000] {subprocess.py:106} INFO - 26/05/21 07:00:16 INFO SparkContext: Created broadcast 28 from broadcast at SparkBatch.java:79
[2026-05-21T07:00:17.020+0000] {subprocess.py:106} INFO - 26/05/21 07:00:17 INFO BlockManagerInfo: Removed broadcast_22_piece0 on c05002f484b8:46227 in memory (size: 30.4 KiB, free: 434.3 MiB)
[2026-05-21T07:00:17.031+0000] {subprocess.py:106} INFO - 26/05/21 07:00:17 INFO BlockManagerInfo: Removed broadcast_26_piece0 on c05002f484b8:46227 in memory (size: 22.4 KiB, free: 434.3 MiB)
[2026-05-21T07:00:17.032+0000] {subprocess.py:106} INFO - 26/05/21 07:00:17 INFO BlockManagerInfo: Removed broadcast_26_piece0 on 172.30.0.6:32781 in memory (size: 22.4 KiB, free: 434.4 MiB)
[2026-05-21T07:00:17.082+0000] {subprocess.py:106} INFO - 26/05/21 07:00:17 INFO CodeGenerator: Code generated in 56.220483 ms
[2026-05-21T07:00:17.090+0000] {subprocess.py:106} INFO - 26/05/21 07:00:17 INFO DAGScheduler: Registering RDD 39 (create at <unknown>:0) as input to shuffle 6
[2026-05-21T07:00:17.091+0000] {subprocess.py:106} INFO - 26/05/21 07:00:17 INFO DAGScheduler: Got map stage job 12 (create at <unknown>:0) with 2 output partitions
[2026-05-21T07:00:17.092+0000] {subprocess.py:106} INFO - 26/05/21 07:00:17 INFO DAGScheduler: Final stage: ShuffleMapStage 18 (create at <unknown>:0)
[2026-05-21T07:00:17.093+0000] {subprocess.py:106} INFO - 26/05/21 07:00:17 INFO DAGScheduler: Parents of final stage: List()
[2026-05-21T07:00:17.094+0000] {subprocess.py:106} INFO - 26/05/21 07:00:17 INFO DAGScheduler: Missing parents: List()
[2026-05-21T07:00:17.095+0000] {subprocess.py:106} INFO - 26/05/21 07:00:17 INFO DAGScheduler: Submitting ShuffleMapStage 18 (MapPartitionsRDD[39] at create at <unknown>:0), which has no missing parents
[2026-05-21T07:00:17.099+0000] {subprocess.py:106} INFO - 26/05/21 07:00:17 INFO MemoryStore: Block broadcast_29 stored as values in memory (estimated size 29.4 KiB, free 434.2 MiB)
[2026-05-21T07:00:17.112+0000] {subprocess.py:106} INFO - 26/05/21 07:00:17 INFO MemoryStore: Block broadcast_29_piece0 stored as bytes in memory (estimated size 12.3 KiB, free 434.2 MiB)
[2026-05-21T07:00:17.113+0000] {subprocess.py:106} INFO - 26/05/21 07:00:17 INFO BlockManagerInfo: Added broadcast_29_piece0 in memory on c05002f484b8:46227 (size: 12.3 KiB, free: 434.3 MiB)
[2026-05-21T07:00:17.117+0000] {subprocess.py:106} INFO - 26/05/21 07:00:17 INFO SparkContext: Created broadcast 29 from broadcast at DAGScheduler.scala:1585
[2026-05-21T07:00:17.118+0000] {subprocess.py:106} INFO - 26/05/21 07:00:17 INFO DAGScheduler: Submitting 2 missing tasks from ShuffleMapStage 18 (MapPartitionsRDD[39] at create at <unknown>:0) (first 15 tasks are for partitions Vector(0, 1))
[2026-05-21T07:00:17.119+0000] {subprocess.py:106} INFO - 26/05/21 07:00:17 INFO TaskSchedulerImpl: Adding task set 18.0 with 2 tasks resource profile 0
[2026-05-21T07:00:17.119+0000] {subprocess.py:106} INFO - 26/05/21 07:00:17 INFO TaskSetManager: Starting task 0.0 in stage 18.0 (TID 17) (172.30.0.6, executor 0, partition 0, PROCESS_LOCAL, 16201 bytes)
[2026-05-21T07:00:17.140+0000] {subprocess.py:106} INFO - 26/05/21 07:00:17 INFO BlockManagerInfo: Added broadcast_29_piece0 in memory on 172.30.0.6:32781 (size: 12.3 KiB, free: 434.4 MiB)
[2026-05-21T07:00:17.233+0000] {subprocess.py:106} INFO - 26/05/21 07:00:17 INFO BlockManagerInfo: Added broadcast_28_piece0 in memory on 172.30.0.6:32781 (size: 30.4 KiB, free: 434.4 MiB)
[2026-05-21T07:00:17.524+0000] {subprocess.py:106} INFO - 26/05/21 07:00:17 INFO TaskSetManager: Starting task 1.0 in stage 18.0 (TID 18) (172.30.0.6, executor 0, partition 1, PROCESS_LOCAL, 16057 bytes)
[2026-05-21T07:00:17.525+0000] {subprocess.py:106} INFO - 26/05/21 07:00:17 INFO TaskSetManager: Finished task 0.0 in stage 18.0 (TID 17) in 406 ms on 172.30.0.6 (executor 0) (1/2)
[2026-05-21T07:00:17.910+0000] {subprocess.py:106} INFO - 26/05/21 07:00:17 INFO TaskSetManager: Finished task 1.0 in stage 18.0 (TID 18) in 389 ms on 172.30.0.6 (executor 0) (2/2)
[2026-05-21T07:00:17.912+0000] {subprocess.py:106} INFO - 26/05/21 07:00:17 INFO TaskSchedulerImpl: Removed TaskSet 18.0, whose tasks have all completed, from pool
[2026-05-21T07:00:17.913+0000] {subprocess.py:106} INFO - 26/05/21 07:00:17 INFO DAGScheduler: ShuffleMapStage 18 (create at <unknown>:0) finished in 0.816 s
[2026-05-21T07:00:17.913+0000] {subprocess.py:106} INFO - 26/05/21 07:00:17 INFO DAGScheduler: looking for newly runnable stages
[2026-05-21T07:00:17.914+0000] {subprocess.py:106} INFO - 26/05/21 07:00:17 INFO DAGScheduler: running: Set()
[2026-05-21T07:00:17.917+0000] {subprocess.py:106} INFO - 26/05/21 07:00:17 INFO DAGScheduler: waiting: Set()
[2026-05-21T07:00:17.918+0000] {subprocess.py:106} INFO - 26/05/21 07:00:17 INFO DAGScheduler: failed: Set()
[2026-05-21T07:00:17.939+0000] {subprocess.py:106} INFO - 26/05/21 07:00:17 INFO ShufflePartitionsUtil: For shuffle(6), advisory target size: 67108864, actual target size 1048576, minimum partition size: 1048576
[2026-05-21T07:00:18.021+0000] {subprocess.py:106} INFO - 26/05/21 07:00:18 INFO CodeGenerator: Code generated in 55.358936 ms
[2026-05-21T07:00:18.036+0000] {subprocess.py:106} INFO - 26/05/21 07:00:18 INFO DAGScheduler: Registering RDD 42 (create at <unknown>:0) as input to shuffle 7
[2026-05-21T07:00:18.037+0000] {subprocess.py:106} INFO - 26/05/21 07:00:18 INFO DAGScheduler: Got map stage job 13 (create at <unknown>:0) with 1 output partitions
[2026-05-21T07:00:18.038+0000] {subprocess.py:106} INFO - 26/05/21 07:00:18 INFO DAGScheduler: Final stage: ShuffleMapStage 20 (create at <unknown>:0)
[2026-05-21T07:00:18.038+0000] {subprocess.py:106} INFO - 26/05/21 07:00:18 INFO DAGScheduler: Parents of final stage: List(ShuffleMapStage 19)
[2026-05-21T07:00:18.039+0000] {subprocess.py:106} INFO - 26/05/21 07:00:18 INFO DAGScheduler: Missing parents: List()
[2026-05-21T07:00:18.045+0000] {subprocess.py:106} INFO - 26/05/21 07:00:18 INFO DAGScheduler: Submitting ShuffleMapStage 20 (MapPartitionsRDD[42] at create at <unknown>:0), which has no missing parents
[2026-05-21T07:00:18.050+0000] {subprocess.py:106} INFO - 26/05/21 07:00:18 INFO MemoryStore: Block broadcast_30 stored as values in memory (estimated size 57.0 KiB, free 434.2 MiB)
[2026-05-21T07:00:18.062+0000] {subprocess.py:106} INFO - 26/05/21 07:00:18 INFO MemoryStore: Block broadcast_30_piece0 stored as bytes in memory (estimated size 21.6 KiB, free 434.2 MiB)
[2026-05-21T07:00:18.064+0000] {subprocess.py:106} INFO - 26/05/21 07:00:18 INFO BlockManagerInfo: Added broadcast_30_piece0 in memory on c05002f484b8:46227 (size: 21.6 KiB, free: 434.3 MiB)
[2026-05-21T07:00:18.066+0000] {subprocess.py:106} INFO - 26/05/21 07:00:18 INFO SparkContext: Created broadcast 30 from broadcast at DAGScheduler.scala:1585
[2026-05-21T07:00:18.068+0000] {subprocess.py:106} INFO - 26/05/21 07:00:18 INFO BlockManagerInfo: Removed broadcast_29_piece0 on c05002f484b8:46227 in memory (size: 12.3 KiB, free: 434.3 MiB)
[2026-05-21T07:00:18.071+0000] {subprocess.py:106} INFO - 26/05/21 07:00:18 INFO DAGScheduler: Submitting 1 missing tasks from ShuffleMapStage 20 (MapPartitionsRDD[42] at create at <unknown>:0) (first 15 tasks are for partitions Vector(0))
[2026-05-21T07:00:18.079+0000] {subprocess.py:106} INFO - 26/05/21 07:00:18 INFO TaskSchedulerImpl: Adding task set 20.0 with 1 tasks resource profile 0
[2026-05-21T07:00:18.080+0000] {subprocess.py:106} INFO - 26/05/21 07:00:18 INFO TaskSetManager: Starting task 0.0 in stage 20.0 (TID 19) (172.30.0.6, executor 0, partition 0, NODE_LOCAL, 9965 bytes)
[2026-05-21T07:00:18.082+0000] {subprocess.py:106} INFO - 26/05/21 07:00:18 INFO BlockManagerInfo: Removed broadcast_29_piece0 on 172.30.0.6:32781 in memory (size: 12.3 KiB, free: 434.4 MiB)
[2026-05-21T07:00:18.095+0000] {subprocess.py:106} INFO - 26/05/21 07:00:18 INFO BlockManagerInfo: Added broadcast_30_piece0 in memory on 172.30.0.6:32781 (size: 21.6 KiB, free: 434.3 MiB)
[2026-05-21T07:00:18.114+0000] {subprocess.py:106} INFO - 26/05/21 07:00:18 INFO MapOutputTrackerMasterEndpoint: Asked to send map output locations for shuffle 6 to 172.30.0.6:36864
[2026-05-21T07:00:18.446+0000] {subprocess.py:106} INFO - 26/05/21 07:00:18 INFO TaskSetManager: Finished task 0.0 in stage 20.0 (TID 19) in 375 ms on 172.30.0.6 (executor 0) (1/1)
[2026-05-21T07:00:18.447+0000] {subprocess.py:106} INFO - 26/05/21 07:00:18 INFO TaskSchedulerImpl: Removed TaskSet 20.0, whose tasks have all completed, from pool
[2026-05-21T07:00:18.448+0000] {subprocess.py:106} INFO - 26/05/21 07:00:18 INFO DAGScheduler: ShuffleMapStage 20 (create at <unknown>:0) finished in 0.400 s
[2026-05-21T07:00:18.449+0000] {subprocess.py:106} INFO - 26/05/21 07:00:18 INFO DAGScheduler: looking for newly runnable stages
[2026-05-21T07:00:18.450+0000] {subprocess.py:106} INFO - 26/05/21 07:00:18 INFO DAGScheduler: running: Set()
[2026-05-21T07:00:18.451+0000] {subprocess.py:106} INFO - 26/05/21 07:00:18 INFO DAGScheduler: waiting: Set()
[2026-05-21T07:00:18.451+0000] {subprocess.py:106} INFO - 26/05/21 07:00:18 INFO DAGScheduler: failed: Set()
[2026-05-21T07:00:18.453+0000] {subprocess.py:106} INFO - 26/05/21 07:00:18 INFO ShufflePartitionsUtil: For shuffle(7), advisory target size: 67108864, actual target size 1048576, minimum partition size: 1048576
[2026-05-21T07:00:18.498+0000] {subprocess.py:106} INFO - 26/05/21 07:00:18 INFO CodeGenerator: Code generated in 32.012933 ms
[2026-05-21T07:00:18.508+0000] {subprocess.py:106} INFO - 26/05/21 07:00:18 INFO MemoryStore: Block broadcast_31 stored as values in memory (estimated size 32.0 KiB, free 434.2 MiB)
[2026-05-21T07:00:18.527+0000] {subprocess.py:106} INFO - 26/05/21 07:00:18 INFO MemoryStore: Block broadcast_31_piece0 stored as bytes in memory (estimated size 29.8 KiB, free 434.1 MiB)
[2026-05-21T07:00:18.531+0000] {subprocess.py:106} INFO - 26/05/21 07:00:18 INFO BlockManagerInfo: Added broadcast_31_piece0 in memory on c05002f484b8:46227 (size: 29.8 KiB, free: 434.3 MiB)
[2026-05-21T07:00:18.532+0000] {subprocess.py:106} INFO - 26/05/21 07:00:18 INFO BlockManagerInfo: Removed broadcast_30_piece0 on c05002f484b8:46227 in memory (size: 21.6 KiB, free: 434.3 MiB)
[2026-05-21T07:00:18.534+0000] {subprocess.py:106} INFO - 26/05/21 07:00:18 INFO BlockManagerInfo: Removed broadcast_30_piece0 on 172.30.0.6:32781 in memory (size: 21.6 KiB, free: 434.4 MiB)
[2026-05-21T07:00:18.535+0000] {subprocess.py:106} INFO - 26/05/21 07:00:18 INFO SparkContext: Created broadcast 31 from broadcast at SparkWrite.java:193
[2026-05-21T07:00:18.536+0000] {subprocess.py:106} INFO - 26/05/21 07:00:18 INFO AppendDataExec: Start processing data source write support: IcebergBatchWrite(table=gold.dim_job_category, format=PARQUET). The input RDD has 1 partitions.
[2026-05-21T07:00:18.536+0000] {subprocess.py:106} INFO - 26/05/21 07:00:18 INFO SparkContext: Starting job: create at <unknown>:0
[2026-05-21T07:00:18.538+0000] {subprocess.py:106} INFO - 26/05/21 07:00:18 INFO DAGScheduler: Got job 14 (create at <unknown>:0) with 1 output partitions
[2026-05-21T07:00:18.540+0000] {subprocess.py:106} INFO - 26/05/21 07:00:18 INFO DAGScheduler: Final stage: ResultStage 23 (create at <unknown>:0)
[2026-05-21T07:00:18.540+0000] {subprocess.py:106} INFO - 26/05/21 07:00:18 INFO DAGScheduler: Parents of final stage: List(ShuffleMapStage 22)
[2026-05-21T07:00:18.541+0000] {subprocess.py:106} INFO - 26/05/21 07:00:18 INFO DAGScheduler: Missing parents: List()
[2026-05-21T07:00:18.546+0000] {subprocess.py:106} INFO - 26/05/21 07:00:18 INFO DAGScheduler: Submitting ResultStage 23 (MapPartitionsRDD[44] at create at <unknown>:0), which has no missing parents
[2026-05-21T07:00:18.551+0000] {subprocess.py:106} INFO - 26/05/21 07:00:18 INFO MemoryStore: Block broadcast_32 stored as values in memory (estimated size 50.7 KiB, free 434.2 MiB)
[2026-05-21T07:00:18.552+0000] {subprocess.py:106} INFO - 26/05/21 07:00:18 INFO MemoryStore: Block broadcast_32_piece0 stored as bytes in memory (estimated size 22.0 KiB, free 434.1 MiB)
[2026-05-21T07:00:18.553+0000] {subprocess.py:106} INFO - 26/05/21 07:00:18 INFO BlockManagerInfo: Added broadcast_32_piece0 in memory on c05002f484b8:46227 (size: 22.0 KiB, free: 434.3 MiB)
[2026-05-21T07:00:18.554+0000] {subprocess.py:106} INFO - 26/05/21 07:00:18 INFO SparkContext: Created broadcast 32 from broadcast at DAGScheduler.scala:1585
[2026-05-21T07:00:18.555+0000] {subprocess.py:106} INFO - 26/05/21 07:00:18 INFO DAGScheduler: Submitting 1 missing tasks from ResultStage 23 (MapPartitionsRDD[44] at create at <unknown>:0) (first 15 tasks are for partitions Vector(0))
[2026-05-21T07:00:18.556+0000] {subprocess.py:106} INFO - 26/05/21 07:00:18 INFO TaskSchedulerImpl: Adding task set 23.0 with 1 tasks resource profile 0
[2026-05-21T07:00:18.560+0000] {subprocess.py:106} INFO - 26/05/21 07:00:18 INFO TaskSetManager: Starting task 0.0 in stage 23.0 (TID 20) (172.30.0.6, executor 0, partition 0, NODE_LOCAL, 9976 bytes)
[2026-05-21T07:00:18.580+0000] {subprocess.py:106} INFO - 26/05/21 07:00:18 INFO BlockManagerInfo: Added broadcast_32_piece0 in memory on 172.30.0.6:32781 (size: 22.0 KiB, free: 434.3 MiB)
[2026-05-21T07:00:18.609+0000] {subprocess.py:106} INFO - 26/05/21 07:00:18 INFO MapOutputTrackerMasterEndpoint: Asked to send map output locations for shuffle 7 to 172.30.0.6:36864
[2026-05-21T07:00:18.662+0000] {subprocess.py:106} INFO - 26/05/21 07:00:18 INFO BlockManagerInfo: Added broadcast_31_piece0 in memory on 172.30.0.6:32781 (size: 29.8 KiB, free: 434.3 MiB)
[2026-05-21T07:00:18.760+0000] {subprocess.py:106} INFO - 26/05/21 07:00:18 INFO TaskSetManager: Finished task 0.0 in stage 23.0 (TID 20) in 202 ms on 172.30.0.6 (executor 0) (1/1)
[2026-05-21T07:00:18.765+0000] {subprocess.py:106} INFO - 26/05/21 07:00:18 INFO TaskSchedulerImpl: Removed TaskSet 23.0, whose tasks have all completed, from pool
[2026-05-21T07:00:18.769+0000] {subprocess.py:106} INFO - 26/05/21 07:00:18 INFO DAGScheduler: ResultStage 23 (create at <unknown>:0) finished in 0.214 s
[2026-05-21T07:00:18.774+0000] {subprocess.py:106} INFO - 26/05/21 07:00:18 INFO DAGScheduler: Job 14 is finished. Cancelling potential speculative or zombie tasks for this job
[2026-05-21T07:00:18.776+0000] {subprocess.py:106} INFO - 26/05/21 07:00:18 INFO TaskSchedulerImpl: Killing all running tasks in stage 23: Stage finished
[2026-05-21T07:00:18.777+0000] {subprocess.py:106} INFO - 26/05/21 07:00:18 INFO DAGScheduler: Job 14 finished: create at <unknown>:0, took 0.226010 s
[2026-05-21T07:00:18.777+0000] {subprocess.py:106} INFO - 26/05/21 07:00:18 INFO AppendDataExec: Data source write support IcebergBatchWrite(table=gold.dim_job_category, format=PARQUET) is committing.
[2026-05-21T07:00:18.778+0000] {subprocess.py:106} INFO - 26/05/21 07:00:18 INFO SparkWrite: Committing append with 1 new data files to table gold.dim_job_category
[2026-05-21T07:00:18.931+0000] {subprocess.py:106} INFO - 26/05/21 07:00:18 INFO SnapshotProducer: Committed snapshot 2019567479816610938 (MergeAppend)
[2026-05-21T07:00:18.969+0000] {subprocess.py:106} INFO - 26/05/21 07:00:18 INFO LoggingMetricsReporter: Received metrics report: CommitReport{tableName=gold.dim_job_category, snapshotId=2019567479816610938, sequenceNumber=1, operation=append, commitMetrics=CommitMetricsResult{totalDuration=TimerResult{timeUnit=NANOSECONDS, totalDuration=PT0.198471816S, count=1}, attempts=CounterResult{unit=COUNT, value=1}, addedDataFiles=CounterResult{unit=COUNT, value=1}, removedDataFiles=null, totalDataFiles=CounterResult{unit=COUNT, value=1}, addedDeleteFiles=null, addedEqualityDeleteFiles=null, addedPositionalDeleteFiles=null, removedDeleteFiles=null, removedEqualityDeleteFiles=null, removedPositionalDeleteFiles=null, totalDeleteFiles=CounterResult{unit=COUNT, value=0}, addedRecords=CounterResult{unit=COUNT, value=9}, removedRecords=null, totalRecords=CounterResult{unit=COUNT, value=9}, addedFilesSizeInBytes=CounterResult{unit=BYTES, value=899}, removedFilesSizeInBytes=null, totalFilesSizeInBytes=CounterResult{unit=BYTES, value=899}, addedPositionalDeletes=null, removedPositionalDeletes=null, totalPositionalDeletes=CounterResult{unit=COUNT, value=0}, addedEqualityDeletes=null, removedEqualityDeletes=null, totalEqualityDeletes=CounterResult{unit=COUNT, value=0}}, metadata={engine-version=3.5.3, app-id=app-20260521065928-0005, engine-name=spark, iceberg-version=Apache Iceberg 1.6.1 (commit 8e9d59d299be42b0bca9461457cd1e95dbaad086)}}
[2026-05-21T07:00:18.969+0000] {subprocess.py:106} INFO - 26/05/21 07:00:18 INFO SparkWrite: Committed in 198 ms
[2026-05-21T07:00:18.970+0000] {subprocess.py:106} INFO - 26/05/21 07:00:18 INFO AppendDataExec: Data source write support IcebergBatchWrite(table=gold.dim_job_category, format=PARQUET) committed.
[2026-05-21T07:00:19.140+0000] {subprocess.py:106} INFO - 26/05/21 07:00:19 INFO HiveTableOperations: Committed to table iceberg.gold.dim_job_category with the new metadata location s3a://warehouse/iceberg_data/gold.db/dim_job_category/metadata/00000-d084c46d-5239-468f-9f93-475a0ac8a7f7.metadata.json
[2026-05-21T07:00:19.140+0000] {subprocess.py:106} INFO - 26/05/21 07:00:19 INFO BaseMetastoreTableOperations: Successfully committed to table iceberg.gold.dim_job_category in 175 ms
[2026-05-21T07:00:19.141+0000] {subprocess.py:106} INFO - >>> Building FACT_JOB_POSTING...
[2026-05-21T07:00:19.343+0000] {subprocess.py:106} INFO - 26/05/21 07:00:19 INFO BlockManagerInfo: Removed broadcast_28_piece0 on c05002f484b8:46227 in memory (size: 30.4 KiB, free: 434.3 MiB)
[2026-05-21T07:00:19.348+0000] {subprocess.py:106} INFO - 26/05/21 07:00:19 INFO BlockManagerInfo: Removed broadcast_28_piece0 on 172.30.0.6:32781 in memory (size: 30.4 KiB, free: 434.3 MiB)
[2026-05-21T07:00:19.360+0000] {subprocess.py:106} INFO - 26/05/21 07:00:19 INFO BlockManagerInfo: Removed broadcast_32_piece0 on c05002f484b8:46227 in memory (size: 22.0 KiB, free: 434.3 MiB)
[2026-05-21T07:00:19.361+0000] {subprocess.py:106} INFO - 26/05/21 07:00:19 INFO BlockManagerInfo: Removed broadcast_32_piece0 on 172.30.0.6:32781 in memory (size: 22.0 KiB, free: 434.4 MiB)
[2026-05-21T07:00:19.375+0000] {subprocess.py:106} INFO - 26/05/21 07:00:19 INFO BlockManagerInfo: Removed broadcast_31_piece0 on c05002f484b8:46227 in memory (size: 29.8 KiB, free: 434.4 MiB)
[2026-05-21T07:00:19.382+0000] {subprocess.py:106} INFO - 26/05/21 07:00:19 INFO BlockManagerInfo: Removed broadcast_31_piece0 on 172.30.0.6:32781 in memory (size: 29.8 KiB, free: 434.4 MiB)
[2026-05-21T07:00:19.391+0000] {subprocess.py:106} INFO - 26/05/21 07:00:19 INFO BlockManagerInfo: Removed broadcast_27_piece0 on c05002f484b8:46227 in memory (size: 30.3 KiB, free: 434.4 MiB)
[2026-05-21T07:00:19.595+0000] {subprocess.py:106} INFO - 26/05/21 07:00:19 INFO BaseMetastoreCatalog: Table properties set at catalog level through catalog properties: {}
[2026-05-21T07:00:19.605+0000] {subprocess.py:106} INFO - 26/05/21 07:00:19 INFO BaseMetastoreCatalog: Table properties enforced at catalog level through catalog properties: {}
[2026-05-21T07:00:19.819+0000] {subprocess.py:106} INFO - 26/05/21 07:00:19 INFO V2ScanRelationPushDown:
[2026-05-21T07:00:19.820+0000] {subprocess.py:106} INFO - Pushing operators to iceberg.silver.it_jobs_clean
[2026-05-21T07:00:19.821+0000] {subprocess.py:106} INFO - Pushed Filters: location IS NOT NULL, skills_required IS NOT NULL
[2026-05-21T07:00:19.822+0000] {subprocess.py:106} INFO - Post-Scan Filters: isnotnull(location#2),isnotnull(skills_required#3),(size(location#2, true) > 0),(size(skills_required#3, true) > 0)
[2026-05-21T07:00:19.822+0000] {subprocess.py:106} INFO - 
[2026-05-21T07:00:19.823+0000] {subprocess.py:106} INFO - 26/05/21 07:00:19 INFO V2ScanRelationPushDown:
[2026-05-21T07:00:19.823+0000] {subprocess.py:106} INFO - Pushing operators to iceberg.silver.it_jobs_clean
[2026-05-21T07:00:19.824+0000] {subprocess.py:106} INFO - Pushed Filters: company_name IS NOT NULL
[2026-05-21T07:00:19.824+0000] {subprocess.py:106} INFO - Post-Scan Filters: isnotnull(company_name#265)
[2026-05-21T07:00:19.824+0000] {subprocess.py:106} INFO - 
[2026-05-21T07:00:19.825+0000] {subprocess.py:106} INFO - 26/05/21 07:00:19 INFO V2ScanRelationPushDown:
[2026-05-21T07:00:19.825+0000] {subprocess.py:106} INFO - Pushing operators to iceberg.silver.it_jobs_clean
[2026-05-21T07:00:19.826+0000] {subprocess.py:106} INFO - Pushed Filters: location IS NOT NULL
[2026-05-21T07:00:19.826+0000] {subprocess.py:106} INFO - Post-Scan Filters: isnotnull(location#322),(size(location#322, true) > 0)
[2026-05-21T07:00:19.826+0000] {subprocess.py:106} INFO - 
[2026-05-21T07:00:19.827+0000] {subprocess.py:106} INFO - 26/05/21 07:00:19 INFO V2ScanRelationPushDown:
[2026-05-21T07:00:19.828+0000] {subprocess.py:106} INFO - Pushing operators to iceberg.silver.it_jobs_clean
[2026-05-21T07:00:19.828+0000] {subprocess.py:106} INFO - Pushed Filters: skills_required IS NOT NULL
[2026-05-21T07:00:19.829+0000] {subprocess.py:106} INFO - Post-Scan Filters: isnotnull(skills_required#385),(size(skills_required#385, true) > 0)
[2026-05-21T07:00:19.829+0000] {subprocess.py:106} INFO - 
[2026-05-21T07:00:19.830+0000] {subprocess.py:106} INFO - 26/05/21 07:00:19 INFO V2ScanRelationPushDown:
[2026-05-21T07:00:19.830+0000] {subprocess.py:106} INFO - Pushing operators to iceberg.silver.it_jobs_clean
[2026-05-21T07:00:19.830+0000] {subprocess.py:106} INFO - Pushed Filters: work_mode IS NOT NULL
[2026-05-21T07:00:19.831+0000] {subprocess.py:106} INFO - Post-Scan Filters: isnotnull(work_mode#457)
[2026-05-21T07:00:19.831+0000] {subprocess.py:106} INFO - 
[2026-05-21T07:00:19.832+0000] {subprocess.py:106} INFO - 26/05/21 07:00:19 INFO SparkScanBuilder: Skipping aggregate pushdown: group by aggregation push down is not supported
[2026-05-21T07:00:19.832+0000] {subprocess.py:106} INFO - 26/05/21 07:00:19 INFO V2ScanRelationPushDown:
[2026-05-21T07:00:19.833+0000] {subprocess.py:106} INFO - Output: job_title#0, company_name#1, location#2, skills_required#3, date_posted#4, job_link#5, work_mode#7
[2026-05-21T07:00:19.833+0000] {subprocess.py:106} INFO - 
[2026-05-21T07:00:19.834+0000] {subprocess.py:106} INFO - 26/05/21 07:00:19 INFO V2ScanRelationPushDown:
[2026-05-21T07:00:19.834+0000] {subprocess.py:106} INFO - Output: company_name#265
[2026-05-21T07:00:19.835+0000] {subprocess.py:106} INFO - 
[2026-05-21T07:00:19.835+0000] {subprocess.py:106} INFO - 26/05/21 07:00:19 INFO V2ScanRelationPushDown:
[2026-05-21T07:00:19.835+0000] {subprocess.py:106} INFO - Output: location#322
[2026-05-21T07:00:19.836+0000] {subprocess.py:106} INFO - 
[2026-05-21T07:00:19.836+0000] {subprocess.py:106} INFO - 26/05/21 07:00:19 INFO V2ScanRelationPushDown:
[2026-05-21T07:00:19.836+0000] {subprocess.py:106} INFO - Output: skills_required#385
[2026-05-21T07:00:19.837+0000] {subprocess.py:106} INFO - 
[2026-05-21T07:00:19.838+0000] {subprocess.py:106} INFO - 26/05/21 07:00:19 INFO V2ScanRelationPushDown:
[2026-05-21T07:00:19.838+0000] {subprocess.py:106} INFO - Output: work_mode#457
[2026-05-21T07:00:19.839+0000] {subprocess.py:106} INFO - 
[2026-05-21T07:00:19.840+0000] {subprocess.py:106} INFO - 26/05/21 07:00:19 INFO V2ScanRelationPushDown:
[2026-05-21T07:00:19.841+0000] {subprocess.py:106} INFO - Output: job_title#522
[2026-05-21T07:00:19.842+0000] {subprocess.py:106} INFO - 
[2026-05-21T07:00:19.843+0000] {subprocess.py:106} INFO - 26/05/21 07:00:19 INFO SnapshotScan: Scanning table iceberg.silver.it_jobs_clean snapshot 5375345670392648344 created at 2026-05-21T06:47:17.683+00:00 with filter (location IS NOT NULL AND skills_required IS NOT NULL)
[2026-05-21T07:00:19.843+0000] {subprocess.py:106} INFO - 26/05/21 07:00:19 INFO BaseDistributedDataScan: Planning file tasks locally for table iceberg.silver.it_jobs_clean
[2026-05-21T07:00:19.884+0000] {subprocess.py:106} INFO - 26/05/21 07:00:19 INFO SparkPartitioningAwareScan: Reporting UnknownPartitioning with 2 partition(s) for table iceberg.silver.it_jobs_clean
[2026-05-21T07:00:19.886+0000] {subprocess.py:106} INFO - 26/05/21 07:00:19 INFO SnapshotScan: Scanning table iceberg.silver.it_jobs_clean snapshot 5375345670392648344 created at 2026-05-21T06:47:17.683+00:00 with filter company_name IS NOT NULL
[2026-05-21T07:00:19.887+0000] {subprocess.py:106} INFO - 26/05/21 07:00:19 INFO BaseDistributedDataScan: Planning file tasks locally for table iceberg.silver.it_jobs_clean
[2026-05-21T07:00:19.960+0000] {subprocess.py:106} INFO - 26/05/21 07:00:19 INFO SparkPartitioningAwareScan: Reporting UnknownPartitioning with 2 partition(s) for table iceberg.silver.it_jobs_clean
[2026-05-21T07:00:19.965+0000] {subprocess.py:106} INFO - 26/05/21 07:00:19 INFO SnapshotScan: Scanning table iceberg.silver.it_jobs_clean snapshot 5375345670392648344 created at 2026-05-21T06:47:17.683+00:00 with filter location IS NOT NULL
[2026-05-21T07:00:19.969+0000] {subprocess.py:106} INFO - 26/05/21 07:00:19 INFO BaseDistributedDataScan: Planning file tasks locally for table iceberg.silver.it_jobs_clean
[2026-05-21T07:00:20.021+0000] {subprocess.py:106} INFO - 26/05/21 07:00:20 INFO SparkPartitioningAwareScan: Reporting UnknownPartitioning with 2 partition(s) for table iceberg.silver.it_jobs_clean
[2026-05-21T07:00:20.023+0000] {subprocess.py:106} INFO - 26/05/21 07:00:20 INFO SnapshotScan: Scanning table iceberg.silver.it_jobs_clean snapshot 5375345670392648344 created at 2026-05-21T06:47:17.683+00:00 with filter skills_required IS NOT NULL
[2026-05-21T07:00:20.023+0000] {subprocess.py:106} INFO - 26/05/21 07:00:20 INFO BaseDistributedDataScan: Planning file tasks locally for table iceberg.silver.it_jobs_clean
[2026-05-21T07:00:20.169+0000] {subprocess.py:106} INFO - 26/05/21 07:00:20 INFO SparkPartitioningAwareScan: Reporting UnknownPartitioning with 2 partition(s) for table iceberg.silver.it_jobs_clean
[2026-05-21T07:00:20.186+0000] {subprocess.py:106} INFO - 26/05/21 07:00:20 INFO SnapshotScan: Scanning table iceberg.silver.it_jobs_clean snapshot 5375345670392648344 created at 2026-05-21T06:47:17.683+00:00 with filter work_mode IS NOT NULL
[2026-05-21T07:00:20.213+0000] {subprocess.py:106} INFO - 26/05/21 07:00:20 INFO BaseDistributedDataScan: Planning file tasks locally for table iceberg.silver.it_jobs_clean
[2026-05-21T07:00:20.292+0000] {subprocess.py:106} INFO - 26/05/21 07:00:20 INFO SparkPartitioningAwareScan: Reporting UnknownPartitioning with 2 partition(s) for table iceberg.silver.it_jobs_clean
[2026-05-21T07:00:20.296+0000] {subprocess.py:106} INFO - 26/05/21 07:00:20 INFO SnapshotScan: Scanning table iceberg.silver.it_jobs_clean snapshot 5375345670392648344 created at 2026-05-21T06:47:17.683+00:00 with filter true
[2026-05-21T07:00:20.302+0000] {subprocess.py:106} INFO - 26/05/21 07:00:20 INFO BaseDistributedDataScan: Planning file tasks locally for table iceberg.silver.it_jobs_clean
[2026-05-21T07:00:20.349+0000] {subprocess.py:106} INFO - 26/05/21 07:00:20 INFO SparkPartitioningAwareScan: Reporting UnknownPartitioning with 2 partition(s) for table iceberg.silver.it_jobs_clean
[2026-05-21T07:00:20.357+0000] {subprocess.py:106} INFO - 26/05/21 07:00:20 INFO SparkWrite: Requesting 402653184 bytes advisory partition size for table gold.fact_job_posting
[2026-05-21T07:00:20.358+0000] {subprocess.py:106} INFO - 26/05/21 07:00:20 INFO SparkWrite: Requesting ClusteredDistribution(date_id) as write distribution for table gold.fact_job_posting
[2026-05-21T07:00:20.367+0000] {subprocess.py:106} INFO - 26/05/21 07:00:20 INFO SparkWrite: Requesting [] as write ordering for table gold.fact_job_posting
[2026-05-21T07:00:20.497+0000] {subprocess.py:106} INFO - 26/05/21 07:00:20 INFO MemoryStore: Block broadcast_33 stored as values in memory (estimated size 32.0 KiB, free 434.4 MiB)
[2026-05-21T07:00:20.501+0000] {subprocess.py:106} INFO - 26/05/21 07:00:20 INFO MemoryStore: Block broadcast_33_piece0 stored as bytes in memory (estimated size 30.4 KiB, free 434.3 MiB)
[2026-05-21T07:00:20.502+0000] {subprocess.py:106} INFO - 26/05/21 07:00:20 INFO BlockManagerInfo: Added broadcast_33_piece0 in memory on c05002f484b8:46227 (size: 30.4 KiB, free: 434.4 MiB)
[2026-05-21T07:00:20.504+0000] {subprocess.py:106} INFO - 26/05/21 07:00:20 INFO SparkContext: Created broadcast 33 from broadcast at SparkBatch.java:79
[2026-05-21T07:00:20.510+0000] {subprocess.py:106} INFO - 26/05/21 07:00:20 INFO MemoryStore: Block broadcast_34 stored as values in memory (estimated size 32.0 KiB, free 434.3 MiB)
[2026-05-21T07:00:20.523+0000] {subprocess.py:106} INFO - 26/05/21 07:00:20 INFO MemoryStore: Block broadcast_34_piece0 stored as bytes in memory (estimated size 30.3 KiB, free 434.3 MiB)
[2026-05-21T07:00:20.529+0000] {subprocess.py:106} INFO - 26/05/21 07:00:20 INFO BlockManagerInfo: Added broadcast_34_piece0 in memory on c05002f484b8:46227 (size: 30.3 KiB, free: 434.3 MiB)
[2026-05-21T07:00:20.530+0000] {subprocess.py:106} INFO - 26/05/21 07:00:20 INFO SparkContext: Created broadcast 34 from broadcast at SparkBatch.java:79
[2026-05-21T07:00:20.532+0000] {subprocess.py:106} INFO - 26/05/21 07:00:20 INFO MemoryStore: Block broadcast_35 stored as values in memory (estimated size 32.0 KiB, free 434.2 MiB)
[2026-05-21T07:00:20.534+0000] {subprocess.py:106} INFO - 26/05/21 07:00:20 INFO MemoryStore: Block broadcast_35_piece0 stored as bytes in memory (estimated size 30.4 KiB, free 434.2 MiB)
[2026-05-21T07:00:20.535+0000] {subprocess.py:106} INFO - 26/05/21 07:00:20 INFO BlockManagerInfo: Added broadcast_35_piece0 in memory on c05002f484b8:46227 (size: 30.4 KiB, free: 434.3 MiB)
[2026-05-21T07:00:20.536+0000] {subprocess.py:106} INFO - 26/05/21 07:00:20 INFO SparkContext: Created broadcast 35 from broadcast at SparkBatch.java:79
[2026-05-21T07:00:20.542+0000] {subprocess.py:106} INFO - 26/05/21 07:00:20 INFO MemoryStore: Block broadcast_36 stored as values in memory (estimated size 32.0 KiB, free 434.2 MiB)
[2026-05-21T07:00:20.544+0000] {subprocess.py:106} INFO - 26/05/21 07:00:20 INFO MemoryStore: Block broadcast_36_piece0 stored as bytes in memory (estimated size 30.3 KiB, free 434.2 MiB)
[2026-05-21T07:00:20.545+0000] {subprocess.py:106} INFO - 26/05/21 07:00:20 INFO BlockManagerInfo: Added broadcast_36_piece0 in memory on c05002f484b8:46227 (size: 30.3 KiB, free: 434.3 MiB)
[2026-05-21T07:00:20.546+0000] {subprocess.py:106} INFO - 26/05/21 07:00:20 INFO SparkContext: Created broadcast 36 from broadcast at SparkBatch.java:79
[2026-05-21T07:00:20.550+0000] {subprocess.py:106} INFO - 26/05/21 07:00:20 INFO MemoryStore: Block broadcast_37 stored as values in memory (estimated size 32.0 KiB, free 434.1 MiB)
[2026-05-21T07:00:20.552+0000] {subprocess.py:106} INFO - 26/05/21 07:00:20 INFO MemoryStore: Block broadcast_37_piece0 stored as bytes in memory (estimated size 30.4 KiB, free 434.1 MiB)
[2026-05-21T07:00:20.553+0000] {subprocess.py:106} INFO - 26/05/21 07:00:20 INFO BlockManagerInfo: Added broadcast_37_piece0 in memory on c05002f484b8:46227 (size: 30.4 KiB, free: 434.3 MiB)
[2026-05-21T07:00:20.554+0000] {subprocess.py:106} INFO - 26/05/21 07:00:20 INFO SparkContext: Created broadcast 37 from broadcast at SparkBatch.java:79
[2026-05-21T07:00:20.560+0000] {subprocess.py:106} INFO - 26/05/21 07:00:20 INFO MemoryStore: Block broadcast_38 stored as values in memory (estimated size 32.0 KiB, free 434.1 MiB)
[2026-05-21T07:00:20.565+0000] {subprocess.py:106} INFO - 26/05/21 07:00:20 INFO MemoryStore: Block broadcast_38_piece0 stored as bytes in memory (estimated size 30.3 KiB, free 434.0 MiB)
[2026-05-21T07:00:20.566+0000] {subprocess.py:106} INFO - 26/05/21 07:00:20 INFO BlockManagerInfo: Added broadcast_38_piece0 in memory on c05002f484b8:46227 (size: 30.3 KiB, free: 434.2 MiB)
[2026-05-21T07:00:20.566+0000] {subprocess.py:106} INFO - 26/05/21 07:00:20 INFO SparkContext: Created broadcast 38 from broadcast at SparkBatch.java:79
[2026-05-21T07:00:20.602+0000] {subprocess.py:106} INFO - 26/05/21 07:00:20 INFO MemoryStore: Block broadcast_39 stored as values in memory (estimated size 32.0 KiB, free 434.0 MiB)
[2026-05-21T07:00:20.604+0000] {subprocess.py:106} INFO - 26/05/21 07:00:20 INFO MemoryStore: Block broadcast_39_piece0 stored as bytes in memory (estimated size 30.4 KiB, free 434.0 MiB)
[2026-05-21T07:00:20.615+0000] {subprocess.py:106} INFO - 26/05/21 07:00:20 INFO BlockManagerInfo: Added broadcast_39_piece0 in memory on c05002f484b8:46227 (size: 30.4 KiB, free: 434.2 MiB)
[2026-05-21T07:00:20.616+0000] {subprocess.py:106} INFO - 26/05/21 07:00:20 INFO SparkContext: Created broadcast 39 from broadcast at SparkBatch.java:79
[2026-05-21T07:00:20.618+0000] {subprocess.py:106} INFO - 26/05/21 07:00:20 INFO MemoryStore: Block broadcast_40 stored as values in memory (estimated size 32.0 KiB, free 433.9 MiB)
[2026-05-21T07:00:20.618+0000] {subprocess.py:106} INFO - 26/05/21 07:00:20 INFO MemoryStore: Block broadcast_40_piece0 stored as bytes in memory (estimated size 30.3 KiB, free 433.9 MiB)
[2026-05-21T07:00:20.619+0000] {subprocess.py:106} INFO - 26/05/21 07:00:20 INFO BlockManagerInfo: Added broadcast_40_piece0 in memory on c05002f484b8:46227 (size: 30.3 KiB, free: 434.2 MiB)
[2026-05-21T07:00:20.620+0000] {subprocess.py:106} INFO - 26/05/21 07:00:20 INFO SparkContext: Created broadcast 40 from broadcast at SparkBatch.java:79
[2026-05-21T07:00:20.629+0000] {subprocess.py:106} INFO - 26/05/21 07:00:20 INFO MemoryStore: Block broadcast_41 stored as values in memory (estimated size 32.0 KiB, free 433.9 MiB)
[2026-05-21T07:00:20.630+0000] {subprocess.py:106} INFO - 26/05/21 07:00:20 INFO MemoryStore: Block broadcast_41_piece0 stored as bytes in memory (estimated size 30.4 KiB, free 433.9 MiB)
[2026-05-21T07:00:20.634+0000] {subprocess.py:106} INFO - 26/05/21 07:00:20 INFO BlockManagerInfo: Added broadcast_41_piece0 in memory on c05002f484b8:46227 (size: 30.4 KiB, free: 434.1 MiB)
[2026-05-21T07:00:20.644+0000] {subprocess.py:106} INFO - 26/05/21 07:00:20 INFO SparkContext: Created broadcast 41 from broadcast at SparkBatch.java:79
[2026-05-21T07:00:20.646+0000] {subprocess.py:106} INFO - 26/05/21 07:00:20 INFO MemoryStore: Block broadcast_42 stored as values in memory (estimated size 32.0 KiB, free 433.8 MiB)
[2026-05-21T07:00:20.689+0000] {subprocess.py:106} INFO - 26/05/21 07:00:20 INFO MemoryStore: Block broadcast_42_piece0 stored as bytes in memory (estimated size 30.3 KiB, free 433.8 MiB)
[2026-05-21T07:00:20.691+0000] {subprocess.py:106} INFO - 26/05/21 07:00:20 INFO BlockManagerInfo: Added broadcast_42_piece0 in memory on c05002f484b8:46227 (size: 30.3 KiB, free: 434.1 MiB)
[2026-05-21T07:00:20.697+0000] {subprocess.py:106} INFO - 26/05/21 07:00:20 INFO SparkContext: Created broadcast 42 from broadcast at SparkBatch.java:79
[2026-05-21T07:00:20.699+0000] {subprocess.py:106} INFO - 26/05/21 07:00:20 INFO MemoryStore: Block broadcast_43 stored as values in memory (estimated size 32.0 KiB, free 433.8 MiB)
[2026-05-21T07:00:20.700+0000] {subprocess.py:106} INFO - 26/05/21 07:00:20 INFO MemoryStore: Block broadcast_43_piece0 stored as bytes in memory (estimated size 30.4 KiB, free 433.7 MiB)
[2026-05-21T07:00:20.702+0000] {subprocess.py:106} INFO - 26/05/21 07:00:20 INFO BlockManagerInfo: Added broadcast_43_piece0 in memory on c05002f484b8:46227 (size: 30.4 KiB, free: 434.1 MiB)
[2026-05-21T07:00:20.710+0000] {subprocess.py:106} INFO - 26/05/21 07:00:20 INFO SparkContext: Created broadcast 43 from broadcast at SparkBatch.java:79
[2026-05-21T07:00:20.815+0000] {subprocess.py:106} INFO - 26/05/21 07:00:20 INFO MemoryStore: Block broadcast_44 stored as values in memory (estimated size 32.0 KiB, free 433.7 MiB)
[2026-05-21T07:00:20.828+0000] {subprocess.py:106} INFO - 26/05/21 07:00:20 INFO MemoryStore: Block broadcast_44_piece0 stored as bytes in memory (estimated size 30.3 KiB, free 433.7 MiB)
[2026-05-21T07:00:20.829+0000] {subprocess.py:106} INFO - 26/05/21 07:00:20 INFO BlockManagerInfo: Added broadcast_44_piece0 in memory on c05002f484b8:46227 (size: 30.3 KiB, free: 434.0 MiB)
[2026-05-21T07:00:20.831+0000] {subprocess.py:106} INFO - 26/05/21 07:00:20 INFO SparkContext: Created broadcast 44 from broadcast at SparkBatch.java:79
[2026-05-21T07:00:20.907+0000] {subprocess.py:106} INFO - 26/05/21 07:00:20 INFO DAGScheduler: Registering RDD 48 (create at <unknown>:0) as input to shuffle 8
[2026-05-21T07:00:20.908+0000] {subprocess.py:106} INFO - 26/05/21 07:00:20 INFO DAGScheduler: Got map stage job 15 (create at <unknown>:0) with 2 output partitions
[2026-05-21T07:00:20.908+0000] {subprocess.py:106} INFO - 26/05/21 07:00:20 INFO DAGScheduler: Final stage: ShuffleMapStage 24 (create at <unknown>:0)
[2026-05-21T07:00:20.909+0000] {subprocess.py:106} INFO - 26/05/21 07:00:20 INFO DAGScheduler: Parents of final stage: List()
[2026-05-21T07:00:20.912+0000] {subprocess.py:106} INFO - 26/05/21 07:00:20 INFO DAGScheduler: Missing parents: List()
[2026-05-21T07:00:20.915+0000] {subprocess.py:106} INFO - 26/05/21 07:00:20 INFO DAGScheduler: Submitting ShuffleMapStage 24 (MapPartitionsRDD[48] at create at <unknown>:0), which has no missing parents
[2026-05-21T07:00:20.922+0000] {subprocess.py:106} INFO - 26/05/21 07:00:20 INFO MemoryStore: Block broadcast_45 stored as values in memory (estimated size 37.2 KiB, free 433.6 MiB)
[2026-05-21T07:00:20.923+0000] {subprocess.py:106} INFO - 26/05/21 07:00:20 INFO MemoryStore: Block broadcast_45_piece0 stored as bytes in memory (estimated size 16.2 KiB, free 433.6 MiB)
[2026-05-21T07:00:20.923+0000] {subprocess.py:106} INFO - 26/05/21 07:00:20 INFO BlockManagerInfo: Added broadcast_45_piece0 in memory on c05002f484b8:46227 (size: 16.2 KiB, free: 434.0 MiB)
[2026-05-21T07:00:20.925+0000] {subprocess.py:106} INFO - 26/05/21 07:00:20 INFO SparkContext: Created broadcast 45 from broadcast at DAGScheduler.scala:1585
[2026-05-21T07:00:20.928+0000] {subprocess.py:106} INFO - 26/05/21 07:00:20 INFO DAGScheduler: Submitting 2 missing tasks from ShuffleMapStage 24 (MapPartitionsRDD[48] at create at <unknown>:0) (first 15 tasks are for partitions Vector(0, 1))
[2026-05-21T07:00:20.933+0000] {subprocess.py:106} INFO - 26/05/21 07:00:20 INFO TaskSchedulerImpl: Adding task set 24.0 with 2 tasks resource profile 0
[2026-05-21T07:00:20.941+0000] {subprocess.py:106} INFO - 26/05/21 07:00:20 INFO TaskSetManager: Starting task 0.0 in stage 24.0 (TID 21) (172.30.0.6, executor 0, partition 0, PROCESS_LOCAL, 16543 bytes)
[2026-05-21T07:00:20.961+0000] {subprocess.py:106} INFO - 26/05/21 07:00:20 INFO BlockManagerInfo: Added broadcast_45_piece0 in memory on 172.30.0.6:32781 (size: 16.2 KiB, free: 434.4 MiB)
[2026-05-21T07:00:20.971+0000] {subprocess.py:106} INFO - 26/05/21 07:00:20 INFO CodeGenerator: Code generated in 45.714033 ms
[2026-05-21T07:00:20.985+0000] {subprocess.py:106} INFO - 26/05/21 07:00:20 INFO DAGScheduler: Registering RDD 52 (create at <unknown>:0) as input to shuffle 9
[2026-05-21T07:00:20.986+0000] {subprocess.py:106} INFO - 26/05/21 07:00:20 INFO DAGScheduler: Got map stage job 16 (create at <unknown>:0) with 2 output partitions
[2026-05-21T07:00:20.988+0000] {subprocess.py:106} INFO - 26/05/21 07:00:20 INFO DAGScheduler: Final stage: ShuffleMapStage 25 (create at <unknown>:0)
[2026-05-21T07:00:20.989+0000] {subprocess.py:106} INFO - 26/05/21 07:00:20 INFO DAGScheduler: Parents of final stage: List()
[2026-05-21T07:00:20.991+0000] {subprocess.py:106} INFO - 26/05/21 07:00:20 INFO DAGScheduler: Missing parents: List()
[2026-05-21T07:00:20.996+0000] {subprocess.py:106} INFO - 26/05/21 07:00:20 INFO DAGScheduler: Submitting ShuffleMapStage 25 (MapPartitionsRDD[52] at create at <unknown>:0), which has no missing parents
[2026-05-21T07:00:20.998+0000] {subprocess.py:106} INFO - 26/05/21 07:00:20 INFO MemoryStore: Block broadcast_46 stored as values in memory (estimated size 39.5 KiB, free 433.6 MiB)
[2026-05-21T07:00:21.015+0000] {subprocess.py:106} INFO - 26/05/21 07:00:21 INFO BlockManagerInfo: Added broadcast_40_piece0 in memory on 172.30.0.6:32781 (size: 30.3 KiB, free: 434.4 MiB)
[2026-05-21T07:00:21.016+0000] {subprocess.py:106} INFO - 26/05/21 07:00:21 INFO MemoryStore: Block broadcast_46_piece0 stored as bytes in memory (estimated size 17.2 KiB, free 433.6 MiB)
[2026-05-21T07:00:21.019+0000] {subprocess.py:106} INFO - 26/05/21 07:00:21 INFO BlockManagerInfo: Added broadcast_46_piece0 in memory on c05002f484b8:46227 (size: 17.2 KiB, free: 434.0 MiB)
[2026-05-21T07:00:21.023+0000] {subprocess.py:106} INFO - 26/05/21 07:00:21 INFO SparkContext: Created broadcast 46 from broadcast at DAGScheduler.scala:1585
[2026-05-21T07:00:21.027+0000] {subprocess.py:106} INFO - 26/05/21 07:00:21 INFO DAGScheduler: Submitting 2 missing tasks from ShuffleMapStage 25 (MapPartitionsRDD[52] at create at <unknown>:0) (first 15 tasks are for partitions Vector(0, 1))
[2026-05-21T07:00:21.028+0000] {subprocess.py:106} INFO - 26/05/21 07:00:21 INFO TaskSchedulerImpl: Adding task set 25.0 with 2 tasks resource profile 0
[2026-05-21T07:00:21.068+0000] {subprocess.py:106} INFO - 26/05/21 07:00:21 INFO CodeGenerator: Code generated in 46.434468 ms
[2026-05-21T07:00:21.088+0000] {subprocess.py:106} INFO - 26/05/21 07:00:21 INFO DAGScheduler: Registering RDD 56 (create at <unknown>:0) as input to shuffle 10
[2026-05-21T07:00:21.089+0000] {subprocess.py:106} INFO - 26/05/21 07:00:21 INFO DAGScheduler: Got map stage job 17 (create at <unknown>:0) with 2 output partitions
[2026-05-21T07:00:21.089+0000] {subprocess.py:106} INFO - 26/05/21 07:00:21 INFO DAGScheduler: Final stage: ShuffleMapStage 26 (create at <unknown>:0)
[2026-05-21T07:00:21.090+0000] {subprocess.py:106} INFO - 26/05/21 07:00:21 INFO DAGScheduler: Parents of final stage: List()
[2026-05-21T07:00:21.098+0000] {subprocess.py:106} INFO - 26/05/21 07:00:21 INFO DAGScheduler: Missing parents: List()
[2026-05-21T07:00:21.146+0000] {subprocess.py:106} INFO - 26/05/21 07:00:21 INFO DAGScheduler: Submitting ShuffleMapStage 26 (MapPartitionsRDD[56] at create at <unknown>:0), which has no missing parents
[2026-05-21T07:00:21.151+0000] {subprocess.py:106} INFO - 26/05/21 07:00:21 INFO MemoryStore: Block broadcast_47 stored as values in memory (estimated size 40.1 KiB, free 433.5 MiB)
[2026-05-21T07:00:21.154+0000] {subprocess.py:106} INFO - 26/05/21 07:00:21 INFO MemoryStore: Block broadcast_47_piece0 stored as bytes in memory (estimated size 17.5 KiB, free 433.5 MiB)
[2026-05-21T07:00:21.168+0000] {subprocess.py:106} INFO - 26/05/21 07:00:21 INFO BlockManagerInfo: Added broadcast_47_piece0 in memory on c05002f484b8:46227 (size: 17.5 KiB, free: 434.0 MiB)
[2026-05-21T07:00:21.172+0000] {subprocess.py:106} INFO - 26/05/21 07:00:21 INFO SparkContext: Created broadcast 47 from broadcast at DAGScheduler.scala:1585
[2026-05-21T07:00:21.172+0000] {subprocess.py:106} INFO - 26/05/21 07:00:21 INFO DAGScheduler: Submitting 2 missing tasks from ShuffleMapStage 26 (MapPartitionsRDD[56] at create at <unknown>:0) (first 15 tasks are for partitions Vector(0, 1))
[2026-05-21T07:00:21.173+0000] {subprocess.py:106} INFO - 26/05/21 07:00:21 INFO TaskSchedulerImpl: Adding task set 26.0 with 2 tasks resource profile 0
[2026-05-21T07:00:21.196+0000] {subprocess.py:106} INFO - 26/05/21 07:00:21 INFO CodeGenerator: Code generated in 93.43715 ms
[2026-05-21T07:00:21.213+0000] {subprocess.py:106} INFO - 26/05/21 07:00:21 INFO DAGScheduler: Registering RDD 60 (create at <unknown>:0) as input to shuffle 11
[2026-05-21T07:00:21.214+0000] {subprocess.py:106} INFO - 26/05/21 07:00:21 INFO DAGScheduler: Got map stage job 18 (create at <unknown>:0) with 2 output partitions
[2026-05-21T07:00:21.215+0000] {subprocess.py:106} INFO - 26/05/21 07:00:21 INFO DAGScheduler: Final stage: ShuffleMapStage 27 (create at <unknown>:0)
[2026-05-21T07:00:21.216+0000] {subprocess.py:106} INFO - 26/05/21 07:00:21 INFO DAGScheduler: Parents of final stage: List()
[2026-05-21T07:00:21.217+0000] {subprocess.py:106} INFO - 26/05/21 07:00:21 INFO DAGScheduler: Missing parents: List()
[2026-05-21T07:00:21.223+0000] {subprocess.py:106} INFO - 26/05/21 07:00:21 INFO DAGScheduler: Submitting ShuffleMapStage 27 (MapPartitionsRDD[60] at create at <unknown>:0), which has no missing parents
[2026-05-21T07:00:21.226+0000] {subprocess.py:106} INFO - 26/05/21 07:00:21 INFO MemoryStore: Block broadcast_48 stored as values in memory (estimated size 37.2 KiB, free 433.5 MiB)
[2026-05-21T07:00:21.254+0000] {subprocess.py:106} INFO - 26/05/21 07:00:21 INFO MemoryStore: Block broadcast_48_piece0 stored as bytes in memory (estimated size 16.3 KiB, free 433.5 MiB)
[2026-05-21T07:00:21.256+0000] {subprocess.py:106} INFO - 26/05/21 07:00:21 INFO BlockManagerInfo: Added broadcast_48_piece0 in memory on c05002f484b8:46227 (size: 16.3 KiB, free: 434.0 MiB)
[2026-05-21T07:00:21.257+0000] {subprocess.py:106} INFO - 26/05/21 07:00:21 INFO SparkContext: Created broadcast 48 from broadcast at DAGScheduler.scala:1585
[2026-05-21T07:00:21.258+0000] {subprocess.py:106} INFO - 26/05/21 07:00:21 INFO DAGScheduler: Submitting 2 missing tasks from ShuffleMapStage 27 (MapPartitionsRDD[60] at create at <unknown>:0) (first 15 tasks are for partitions Vector(0, 1))
[2026-05-21T07:00:21.259+0000] {subprocess.py:106} INFO - 26/05/21 07:00:21 INFO TaskSchedulerImpl: Adding task set 27.0 with 2 tasks resource profile 0
[2026-05-21T07:00:21.309+0000] {subprocess.py:106} INFO - 26/05/21 07:00:21 INFO CodeGenerator: Code generated in 51.37619 ms
[2026-05-21T07:00:21.327+0000] {subprocess.py:106} INFO - 26/05/21 07:00:21 INFO DAGScheduler: Registering RDD 64 (create at <unknown>:0) as input to shuffle 12
[2026-05-21T07:00:21.331+0000] {subprocess.py:106} INFO - 26/05/21 07:00:21 INFO DAGScheduler: Got map stage job 19 (create at <unknown>:0) with 2 output partitions
[2026-05-21T07:00:21.332+0000] {subprocess.py:106} INFO - 26/05/21 07:00:21 INFO DAGScheduler: Final stage: ShuffleMapStage 28 (create at <unknown>:0)
[2026-05-21T07:00:21.333+0000] {subprocess.py:106} INFO - 26/05/21 07:00:21 INFO DAGScheduler: Parents of final stage: List()
[2026-05-21T07:00:21.333+0000] {subprocess.py:106} INFO - 26/05/21 07:00:21 INFO DAGScheduler: Missing parents: List()
[2026-05-21T07:00:21.334+0000] {subprocess.py:106} INFO - 26/05/21 07:00:21 INFO DAGScheduler: Submitting ShuffleMapStage 28 (MapPartitionsRDD[64] at create at <unknown>:0), which has no missing parents
[2026-05-21T07:00:21.335+0000] {subprocess.py:106} INFO - 26/05/21 07:00:21 INFO MemoryStore: Block broadcast_49 stored as values in memory (estimated size 29.4 KiB, free 433.4 MiB)
[2026-05-21T07:00:21.336+0000] {subprocess.py:106} INFO - 26/05/21 07:00:21 INFO MemoryStore: Block broadcast_49_piece0 stored as bytes in memory (estimated size 12.3 KiB, free 433.4 MiB)
[2026-05-21T07:00:21.337+0000] {subprocess.py:106} INFO - 26/05/21 07:00:21 INFO BlockManagerInfo: Added broadcast_49_piece0 in memory on c05002f484b8:46227 (size: 12.3 KiB, free: 434.0 MiB)
[2026-05-21T07:00:21.359+0000] {subprocess.py:106} INFO - 26/05/21 07:00:21 INFO SparkContext: Created broadcast 49 from broadcast at DAGScheduler.scala:1585
[2026-05-21T07:00:21.375+0000] {subprocess.py:106} INFO - 26/05/21 07:00:21 INFO DAGScheduler: Submitting 2 missing tasks from ShuffleMapStage 28 (MapPartitionsRDD[64] at create at <unknown>:0) (first 15 tasks are for partitions Vector(0, 1))
[2026-05-21T07:00:21.376+0000] {subprocess.py:106} INFO - 26/05/21 07:00:21 INFO TaskSchedulerImpl: Adding task set 28.0 with 2 tasks resource profile 0
[2026-05-21T07:00:21.454+0000] {subprocess.py:106} INFO - 26/05/21 07:00:21 INFO TaskSetManager: Starting task 1.0 in stage 24.0 (TID 22) (172.30.0.6, executor 0, partition 1, PROCESS_LOCAL, 16379 bytes)
[2026-05-21T07:00:21.456+0000] {subprocess.py:106} INFO - 26/05/21 07:00:21 INFO TaskSetManager: Finished task 0.0 in stage 24.0 (TID 21) in 525 ms on 172.30.0.6 (executor 0) (1/2)
[2026-05-21T07:00:21.851+0000] {subprocess.py:106} INFO - 26/05/21 07:00:21 INFO TaskSetManager: Starting task 0.0 in stage 25.0 (TID 23) (172.30.0.6, executor 0, partition 0, PROCESS_LOCAL, 16438 bytes)
[2026-05-21T07:00:21.854+0000] {subprocess.py:106} INFO - 26/05/21 07:00:21 INFO TaskSetManager: Finished task 1.0 in stage 24.0 (TID 22) in 405 ms on 172.30.0.6 (executor 0) (2/2)
[2026-05-21T07:00:21.857+0000] {subprocess.py:106} INFO - 26/05/21 07:00:21 INFO TaskSchedulerImpl: Removed TaskSet 24.0, whose tasks have all completed, from pool
[2026-05-21T07:00:21.868+0000] {subprocess.py:106} INFO - 26/05/21 07:00:21 INFO DAGScheduler: ShuffleMapStage 24 (create at <unknown>:0) finished in 0.945 s
[2026-05-21T07:00:21.871+0000] {subprocess.py:106} INFO - 26/05/21 07:00:21 INFO DAGScheduler: looking for newly runnable stages
[2026-05-21T07:00:21.872+0000] {subprocess.py:106} INFO - 26/05/21 07:00:21 INFO DAGScheduler: running: Set(ShuffleMapStage 27, ShuffleMapStage 28, ShuffleMapStage 25, ShuffleMapStage 26)
[2026-05-21T07:00:21.876+0000] {subprocess.py:106} INFO - 26/05/21 07:00:21 INFO DAGScheduler: waiting: Set()
[2026-05-21T07:00:21.879+0000] {subprocess.py:106} INFO - 26/05/21 07:00:21 INFO DAGScheduler: failed: Set()
[2026-05-21T07:00:21.885+0000] {subprocess.py:106} INFO - 26/05/21 07:00:21 INFO BlockManagerInfo: Added broadcast_46_piece0 in memory on 172.30.0.6:32781 (size: 17.2 KiB, free: 434.3 MiB)
[2026-05-21T07:00:21.905+0000] {subprocess.py:106} INFO - 26/05/21 07:00:21 INFO MemoryStore: Block broadcast_50 stored as values in memory (estimated size 32.0 KiB, free 433.4 MiB)
[2026-05-21T07:00:21.945+0000] {subprocess.py:106} INFO - 26/05/21 07:00:21 INFO MemoryStore: Block broadcast_50_piece0 stored as bytes in memory (estimated size 30.4 KiB, free 433.4 MiB)
[2026-05-21T07:00:21.946+0000] {subprocess.py:106} INFO - 26/05/21 07:00:21 INFO BlockManagerInfo: Added broadcast_50_piece0 in memory on c05002f484b8:46227 (size: 30.4 KiB, free: 433.9 MiB)
[2026-05-21T07:00:21.947+0000] {subprocess.py:106} INFO - 26/05/21 07:00:21 INFO SparkContext: Created broadcast 50 from broadcast at SparkBatch.java:79
[2026-05-21T07:00:21.948+0000] {subprocess.py:106} INFO - 26/05/21 07:00:21 INFO BlockManagerInfo: Removed broadcast_45_piece0 on c05002f484b8:46227 in memory (size: 16.2 KiB, free: 434.0 MiB)
[2026-05-21T07:00:21.959+0000] {subprocess.py:106} INFO - 26/05/21 07:00:21 INFO BlockManagerInfo: Removed broadcast_45_piece0 on 172.30.0.6:32781 in memory (size: 16.2 KiB, free: 434.4 MiB)
[2026-05-21T07:00:22.001+0000] {subprocess.py:106} INFO - 26/05/21 07:00:21 INFO ShufflePartitionsUtil: For shuffle(8), advisory target size: 67108864, actual target size 1048576, minimum partition size: 1048576
[2026-05-21T07:00:22.048+0000] {subprocess.py:106} INFO - 26/05/21 07:00:22 INFO BlockManagerInfo: Added broadcast_41_piece0 in memory on 172.30.0.6:32781 (size: 30.4 KiB, free: 434.3 MiB)
[2026-05-21T07:00:22.117+0000] {subprocess.py:106} INFO - 26/05/21 07:00:22 INFO CodeGenerator: Code generated in 40.092801 ms
[2026-05-21T07:00:22.152+0000] {subprocess.py:106} INFO - 26/05/21 07:00:22 INFO SparkContext: Starting job: $anonfun$withThreadLocalCaptured$1 at <unknown>:0
[2026-05-21T07:00:22.154+0000] {subprocess.py:106} INFO - 26/05/21 07:00:22 INFO DAGScheduler: Got job 20 ($anonfun$withThreadLocalCaptured$1 at <unknown>:0) with 1 output partitions
[2026-05-21T07:00:22.155+0000] {subprocess.py:106} INFO - 26/05/21 07:00:22 INFO DAGScheduler: Final stage: ResultStage 30 ($anonfun$withThreadLocalCaptured$1 at <unknown>:0)
[2026-05-21T07:00:22.155+0000] {subprocess.py:106} INFO - 26/05/21 07:00:22 INFO DAGScheduler: Parents of final stage: List(ShuffleMapStage 29)
[2026-05-21T07:00:22.156+0000] {subprocess.py:106} INFO - 26/05/21 07:00:22 INFO DAGScheduler: Missing parents: List()
[2026-05-21T07:00:22.156+0000] {subprocess.py:106} INFO - 26/05/21 07:00:22 INFO DAGScheduler: Submitting ResultStage 30 (MapPartitionsRDD[67] at $anonfun$withThreadLocalCaptured$1 at <unknown>:0), which has no missing parents
[2026-05-21T07:00:22.164+0000] {subprocess.py:106} INFO - 26/05/21 07:00:22 INFO MemoryStore: Block broadcast_51 stored as values in memory (estimated size 42.2 KiB, free 433.4 MiB)
[2026-05-21T07:00:22.183+0000] {subprocess.py:106} INFO - 26/05/21 07:00:22 INFO MemoryStore: Block broadcast_51_piece0 stored as bytes in memory (estimated size 18.7 KiB, free 433.3 MiB)
[2026-05-21T07:00:22.185+0000] {subprocess.py:106} INFO - 26/05/21 07:00:22 INFO BlockManagerInfo: Added broadcast_51_piece0 in memory on c05002f484b8:46227 (size: 18.7 KiB, free: 433.9 MiB)
[2026-05-21T07:00:22.186+0000] {subprocess.py:106} INFO - 26/05/21 07:00:22 INFO SparkContext: Created broadcast 51 from broadcast at DAGScheduler.scala:1585
[2026-05-21T07:00:22.187+0000] {subprocess.py:106} INFO - 26/05/21 07:00:22 INFO DAGScheduler: Submitting 1 missing tasks from ResultStage 30 (MapPartitionsRDD[67] at $anonfun$withThreadLocalCaptured$1 at <unknown>:0) (first 15 tasks are for partitions Vector(0))
[2026-05-21T07:00:22.188+0000] {subprocess.py:106} INFO - 26/05/21 07:00:22 INFO TaskSchedulerImpl: Adding task set 30.0 with 1 tasks resource profile 0
[2026-05-21T07:00:22.532+0000] {subprocess.py:106} INFO - 26/05/21 07:00:22 INFO BlockManagerInfo: Removed broadcast_50_piece0 on c05002f484b8:46227 in memory (size: 30.4 KiB, free: 434.0 MiB)
[2026-05-21T07:00:22.731+0000] {subprocess.py:106} INFO - 26/05/21 07:00:22 INFO TaskSetManager: Starting task 1.0 in stage 25.0 (TID 24) (172.30.0.6, executor 0, partition 1, PROCESS_LOCAL, 16602 bytes)
[2026-05-21T07:00:22.733+0000] {subprocess.py:106} INFO - 26/05/21 07:00:22 INFO TaskSetManager: Finished task 0.0 in stage 25.0 (TID 23) in 885 ms on 172.30.0.6 (executor 0) (1/2)
[2026-05-21T07:00:25.137+0000] {subprocess.py:106} INFO - 26/05/21 07:00:25 INFO TaskSetManager: Starting task 0.0 in stage 26.0 (TID 25) (172.30.0.6, executor 0, partition 0, PROCESS_LOCAL, 16452 bytes)
[2026-05-21T07:00:25.139+0000] {subprocess.py:106} INFO - 26/05/21 07:00:25 INFO TaskSetManager: Finished task 1.0 in stage 25.0 (TID 24) in 2407 ms on 172.30.0.6 (executor 0) (2/2)
[2026-05-21T07:00:25.141+0000] {subprocess.py:106} INFO - 26/05/21 07:00:25 INFO TaskSchedulerImpl: Removed TaskSet 25.0, whose tasks have all completed, from pool
[2026-05-21T07:00:25.142+0000] {subprocess.py:106} INFO - 26/05/21 07:00:25 INFO DAGScheduler: ShuffleMapStage 25 (create at <unknown>:0) finished in 4.144 s
[2026-05-21T07:00:25.143+0000] {subprocess.py:106} INFO - 26/05/21 07:00:25 INFO DAGScheduler: looking for newly runnable stages
[2026-05-21T07:00:25.145+0000] {subprocess.py:106} INFO - 26/05/21 07:00:25 INFO DAGScheduler: running: Set(ResultStage 30, ShuffleMapStage 27, ShuffleMapStage 28, ShuffleMapStage 26)
[2026-05-21T07:00:25.147+0000] {subprocess.py:106} INFO - 26/05/21 07:00:25 INFO DAGScheduler: waiting: Set()
[2026-05-21T07:00:25.148+0000] {subprocess.py:106} INFO - 26/05/21 07:00:25 INFO DAGScheduler: failed: Set()
[2026-05-21T07:00:25.160+0000] {subprocess.py:106} INFO - 26/05/21 07:00:25 INFO BlockManagerInfo: Added broadcast_47_piece0 in memory on 172.30.0.6:32781 (size: 17.5 KiB, free: 434.3 MiB)
[2026-05-21T07:00:25.170+0000] {subprocess.py:106} INFO - 26/05/21 07:00:25 INFO MemoryStore: Block broadcast_52 stored as values in memory (estimated size 32.0 KiB, free 433.4 MiB)
[2026-05-21T07:00:25.196+0000] {subprocess.py:106} INFO - 26/05/21 07:00:25 INFO MemoryStore: Block broadcast_52_piece0 stored as bytes in memory (estimated size 30.3 KiB, free 433.3 MiB)
[2026-05-21T07:00:25.201+0000] {subprocess.py:106} INFO - 26/05/21 07:00:25 INFO BlockManagerInfo: Added broadcast_52_piece0 in memory on c05002f484b8:46227 (size: 30.3 KiB, free: 433.9 MiB)
[2026-05-21T07:00:25.211+0000] {subprocess.py:106} INFO - 26/05/21 07:00:25 INFO BlockManagerInfo: Removed broadcast_46_piece0 on c05002f484b8:46227 in memory (size: 17.2 KiB, free: 434.0 MiB)
[2026-05-21T07:00:25.215+0000] {subprocess.py:106} INFO - 26/05/21 07:00:25 INFO SparkContext: Created broadcast 52 from broadcast at SparkBatch.java:79
[2026-05-21T07:00:25.217+0000] {subprocess.py:106} INFO - 26/05/21 07:00:25 INFO BlockManagerInfo: Removed broadcast_46_piece0 on 172.30.0.6:32781 in memory (size: 17.2 KiB, free: 434.3 MiB)
[2026-05-21T07:00:25.247+0000] {subprocess.py:106} INFO - 26/05/21 07:00:25 INFO ShufflePartitionsUtil: For shuffle(9), advisory target size: 67108864, actual target size 1048576, minimum partition size: 1048576
[2026-05-21T07:00:25.277+0000] {subprocess.py:106} INFO - 26/05/21 07:00:25 INFO BlockManagerInfo: Added broadcast_42_piece0 in memory on 172.30.0.6:32781 (size: 30.3 KiB, free: 434.3 MiB)
[2026-05-21T07:00:25.425+0000] {subprocess.py:106} INFO - 26/05/21 07:00:25 INFO CodeGenerator: Code generated in 86.342888 ms
[2026-05-21T07:00:25.469+0000] {subprocess.py:106} INFO - 26/05/21 07:00:25 INFO SparkContext: Starting job: $anonfun$withThreadLocalCaptured$1 at <unknown>:0
[2026-05-21T07:00:25.480+0000] {subprocess.py:106} INFO - 26/05/21 07:00:25 INFO DAGScheduler: Got job 21 ($anonfun$withThreadLocalCaptured$1 at <unknown>:0) with 1 output partitions
[2026-05-21T07:00:25.482+0000] {subprocess.py:106} INFO - 26/05/21 07:00:25 INFO DAGScheduler: Final stage: ResultStage 32 ($anonfun$withThreadLocalCaptured$1 at <unknown>:0)
[2026-05-21T07:00:25.482+0000] {subprocess.py:106} INFO - 26/05/21 07:00:25 INFO DAGScheduler: Parents of final stage: List(ShuffleMapStage 31)
[2026-05-21T07:00:25.485+0000] {subprocess.py:106} INFO - 26/05/21 07:00:25 INFO DAGScheduler: Missing parents: List()
[2026-05-21T07:00:25.486+0000] {subprocess.py:106} INFO - 26/05/21 07:00:25 INFO DAGScheduler: Submitting ResultStage 32 (MapPartitionsRDD[70] at $anonfun$withThreadLocalCaptured$1 at <unknown>:0), which has no missing parents
[2026-05-21T07:00:25.487+0000] {subprocess.py:106} INFO - 26/05/21 07:00:25 INFO MemoryStore: Block broadcast_53 stored as values in memory (estimated size 44.6 KiB, free 433.4 MiB)
[2026-05-21T07:00:25.525+0000] {subprocess.py:106} INFO - 26/05/21 07:00:25 INFO MemoryStore: Block broadcast_53_piece0 stored as bytes in memory (estimated size 19.7 KiB, free 433.3 MiB)
[2026-05-21T07:00:25.527+0000] {subprocess.py:106} INFO - 26/05/21 07:00:25 INFO BlockManagerInfo: Added broadcast_53_piece0 in memory on c05002f484b8:46227 (size: 19.7 KiB, free: 433.9 MiB)
[2026-05-21T07:00:25.532+0000] {subprocess.py:106} INFO - 26/05/21 07:00:25 INFO BlockManagerInfo: Removed broadcast_52_piece0 on c05002f484b8:46227 in memory (size: 30.3 KiB, free: 434.0 MiB)
[2026-05-21T07:00:25.532+0000] {subprocess.py:106} INFO - 26/05/21 07:00:25 INFO SparkContext: Created broadcast 53 from broadcast at DAGScheduler.scala:1585
[2026-05-21T07:00:25.533+0000] {subprocess.py:106} INFO - 26/05/21 07:00:25 INFO DAGScheduler: Submitting 1 missing tasks from ResultStage 32 (MapPartitionsRDD[70] at $anonfun$withThreadLocalCaptured$1 at <unknown>:0) (first 15 tasks are for partitions Vector(0))
[2026-05-21T07:00:25.534+0000] {subprocess.py:106} INFO - 26/05/21 07:00:25 INFO TaskSchedulerImpl: Adding task set 32.0 with 1 tasks resource profile 0
[2026-05-21T07:00:25.980+0000] {subprocess.py:106} INFO - 26/05/21 07:00:25 INFO TaskSetManager: Starting task 1.0 in stage 26.0 (TID 26) (172.30.0.6, executor 0, partition 1, PROCESS_LOCAL, 16616 bytes)
[2026-05-21T07:00:25.983+0000] {subprocess.py:106} INFO - 26/05/21 07:00:25 INFO TaskSetManager: Finished task 0.0 in stage 26.0 (TID 25) in 840 ms on 172.30.0.6 (executor 0) (1/2)
[2026-05-21T07:00:26.380+0000] {subprocess.py:106} INFO - 26/05/21 07:00:26 INFO TaskSetManager: Starting task 0.0 in stage 27.0 (TID 27) (172.30.0.6, executor 0, partition 0, PROCESS_LOCAL, 16537 bytes)
[2026-05-21T07:00:26.385+0000] {subprocess.py:106} INFO - 26/05/21 07:00:26 INFO TaskSetManager: Finished task 1.0 in stage 26.0 (TID 26) in 408 ms on 172.30.0.6 (executor 0) (2/2)
[2026-05-21T07:00:26.387+0000] {subprocess.py:106} INFO - 26/05/21 07:00:26 INFO TaskSchedulerImpl: Removed TaskSet 26.0, whose tasks have all completed, from pool
[2026-05-21T07:00:26.388+0000] {subprocess.py:106} INFO - 26/05/21 07:00:26 INFO DAGScheduler: ShuffleMapStage 26 (create at <unknown>:0) finished in 5.245 s
[2026-05-21T07:00:26.390+0000] {subprocess.py:106} INFO - 26/05/21 07:00:26 INFO DAGScheduler: looking for newly runnable stages
[2026-05-21T07:00:26.392+0000] {subprocess.py:106} INFO - 26/05/21 07:00:26 INFO DAGScheduler: running: Set(ResultStage 30, ShuffleMapStage 27, ResultStage 32, ShuffleMapStage 28)
[2026-05-21T07:00:26.395+0000] {subprocess.py:106} INFO - 26/05/21 07:00:26 INFO DAGScheduler: waiting: Set()
[2026-05-21T07:00:26.397+0000] {subprocess.py:106} INFO - 26/05/21 07:00:26 INFO DAGScheduler: failed: Set()
[2026-05-21T07:00:26.416+0000] {subprocess.py:106} INFO - 26/05/21 07:00:26 INFO BlockManagerInfo: Added broadcast_48_piece0 in memory on 172.30.0.6:32781 (size: 16.3 KiB, free: 434.3 MiB)
[2026-05-21T07:00:26.417+0000] {subprocess.py:106} INFO - 26/05/21 07:00:26 INFO MemoryStore: Block broadcast_54 stored as values in memory (estimated size 32.0 KiB, free 433.4 MiB)
[2026-05-21T07:00:26.445+0000] {subprocess.py:106} INFO - 26/05/21 07:00:26 INFO MemoryStore: Block broadcast_54_piece0 stored as bytes in memory (estimated size 30.4 KiB, free 433.3 MiB)
[2026-05-21T07:00:26.451+0000] {subprocess.py:106} INFO - 26/05/21 07:00:26 INFO BlockManagerInfo: Added broadcast_54_piece0 in memory on c05002f484b8:46227 (size: 30.4 KiB, free: 433.9 MiB)
[2026-05-21T07:00:26.458+0000] {subprocess.py:106} INFO - 26/05/21 07:00:26 INFO SparkContext: Created broadcast 54 from broadcast at SparkBatch.java:79
[2026-05-21T07:00:26.466+0000] {subprocess.py:106} INFO - 26/05/21 07:00:26 INFO BlockManagerInfo: Removed broadcast_47_piece0 on c05002f484b8:46227 in memory (size: 17.5 KiB, free: 433.9 MiB)
[2026-05-21T07:00:26.467+0000] {subprocess.py:106} INFO - 26/05/21 07:00:26 INFO BlockManagerInfo: Removed broadcast_47_piece0 on 172.30.0.6:32781 in memory (size: 17.5 KiB, free: 434.3 MiB)
[2026-05-21T07:00:26.493+0000] {subprocess.py:106} INFO - 26/05/21 07:00:26 INFO ShufflePartitionsUtil: For shuffle(10), advisory target size: 67108864, actual target size 1048576, minimum partition size: 1048576
[2026-05-21T07:00:26.522+0000] {subprocess.py:106} INFO - 26/05/21 07:00:26 INFO BlockManagerInfo: Added broadcast_43_piece0 in memory on 172.30.0.6:32781 (size: 30.4 KiB, free: 434.3 MiB)
[2026-05-21T07:00:26.623+0000] {subprocess.py:106} INFO - 26/05/21 07:00:26 INFO CodeGenerator: Code generated in 66.594349 ms
[2026-05-21T07:00:26.650+0000] {subprocess.py:106} INFO - 26/05/21 07:00:26 INFO SparkContext: Starting job: $anonfun$withThreadLocalCaptured$1 at <unknown>:0
[2026-05-21T07:00:26.651+0000] {subprocess.py:106} INFO - 26/05/21 07:00:26 INFO DAGScheduler: Got job 22 ($anonfun$withThreadLocalCaptured$1 at <unknown>:0) with 1 output partitions
[2026-05-21T07:00:26.653+0000] {subprocess.py:106} INFO - 26/05/21 07:00:26 INFO DAGScheduler: Final stage: ResultStage 34 ($anonfun$withThreadLocalCaptured$1 at <unknown>:0)
[2026-05-21T07:00:26.659+0000] {subprocess.py:106} INFO - 26/05/21 07:00:26 INFO DAGScheduler: Parents of final stage: List(ShuffleMapStage 33)
[2026-05-21T07:00:26.661+0000] {subprocess.py:106} INFO - 26/05/21 07:00:26 INFO DAGScheduler: Missing parents: List()
[2026-05-21T07:00:26.669+0000] {subprocess.py:106} INFO - 26/05/21 07:00:26 INFO DAGScheduler: Submitting ResultStage 34 (MapPartitionsRDD[73] at $anonfun$withThreadLocalCaptured$1 at <unknown>:0), which has no missing parents
[2026-05-21T07:00:26.678+0000] {subprocess.py:106} INFO - 26/05/21 07:00:26 INFO MemoryStore: Block broadcast_55 stored as values in memory (estimated size 45.1 KiB, free 433.3 MiB)
[2026-05-21T07:00:26.702+0000] {subprocess.py:106} INFO - 26/05/21 07:00:26 INFO MemoryStore: Block broadcast_55_piece0 stored as bytes in memory (estimated size 19.9 KiB, free 433.3 MiB)
[2026-05-21T07:00:26.703+0000] {subprocess.py:106} INFO - 26/05/21 07:00:26 INFO BlockManagerInfo: Removed broadcast_54_piece0 on c05002f484b8:46227 in memory (size: 30.4 KiB, free: 434.0 MiB)
[2026-05-21T07:00:26.704+0000] {subprocess.py:106} INFO - 26/05/21 07:00:26 INFO BlockManagerInfo: Added broadcast_55_piece0 in memory on c05002f484b8:46227 (size: 19.9 KiB, free: 434.0 MiB)
[2026-05-21T07:00:26.709+0000] {subprocess.py:106} INFO - 26/05/21 07:00:26 INFO SparkContext: Created broadcast 55 from broadcast at DAGScheduler.scala:1585
[2026-05-21T07:00:26.712+0000] {subprocess.py:106} INFO - 26/05/21 07:00:26 INFO DAGScheduler: Submitting 1 missing tasks from ResultStage 34 (MapPartitionsRDD[73] at $anonfun$withThreadLocalCaptured$1 at <unknown>:0) (first 15 tasks are for partitions Vector(0))
[2026-05-21T07:00:26.717+0000] {subprocess.py:106} INFO - 26/05/21 07:00:26 INFO TaskSchedulerImpl: Adding task set 34.0 with 1 tasks resource profile 0
[2026-05-21T07:00:26.925+0000] {subprocess.py:106} INFO - 26/05/21 07:00:26 INFO TaskSetManager: Starting task 1.0 in stage 27.0 (TID 28) (172.30.0.6, executor 0, partition 1, PROCESS_LOCAL, 16373 bytes)
[2026-05-21T07:00:26.928+0000] {subprocess.py:106} INFO - 26/05/21 07:00:26 INFO TaskSetManager: Finished task 0.0 in stage 27.0 (TID 27) in 551 ms on 172.30.0.6 (executor 0) (1/2)
[2026-05-21T07:00:27.151+0000] {subprocess.py:106} INFO - 26/05/21 07:00:27 INFO TaskSetManager: Starting task 0.0 in stage 28.0 (TID 29) (172.30.0.6, executor 0, partition 0, PROCESS_LOCAL, 16201 bytes)
[2026-05-21T07:00:27.152+0000] {subprocess.py:106} INFO - 26/05/21 07:00:27 INFO TaskSetManager: Finished task 1.0 in stage 27.0 (TID 28) in 229 ms on 172.30.0.6 (executor 0) (2/2)
[2026-05-21T07:00:27.153+0000] {subprocess.py:106} INFO - 26/05/21 07:00:27 INFO TaskSchedulerImpl: Removed TaskSet 27.0, whose tasks have all completed, from pool
[2026-05-21T07:00:27.158+0000] {subprocess.py:106} INFO - 26/05/21 07:00:27 INFO DAGScheduler: ShuffleMapStage 27 (create at <unknown>:0) finished in 5.930 s
[2026-05-21T07:00:27.159+0000] {subprocess.py:106} INFO - 26/05/21 07:00:27 INFO DAGScheduler: looking for newly runnable stages
[2026-05-21T07:00:27.159+0000] {subprocess.py:106} INFO - 26/05/21 07:00:27 INFO DAGScheduler: running: Set(ResultStage 30, ResultStage 34, ResultStage 32, ShuffleMapStage 28)
[2026-05-21T07:00:27.160+0000] {subprocess.py:106} INFO - 26/05/21 07:00:27 INFO DAGScheduler: waiting: Set()
[2026-05-21T07:00:27.166+0000] {subprocess.py:106} INFO - 26/05/21 07:00:27 INFO DAGScheduler: failed: Set()
[2026-05-21T07:00:27.202+0000] {subprocess.py:106} INFO - 26/05/21 07:00:27 INFO MemoryStore: Block broadcast_56 stored as values in memory (estimated size 32.0 KiB, free 433.4 MiB)
[2026-05-21T07:00:27.223+0000] {subprocess.py:106} INFO - 26/05/21 07:00:27 INFO BlockManagerInfo: Added broadcast_49_piece0 in memory on 172.30.0.6:32781 (size: 12.3 KiB, free: 434.3 MiB)
[2026-05-21T07:00:27.232+0000] {subprocess.py:106} INFO - 26/05/21 07:00:27 INFO MemoryStore: Block broadcast_56_piece0 stored as bytes in memory (estimated size 30.3 KiB, free 433.3 MiB)
[2026-05-21T07:00:27.233+0000] {subprocess.py:106} INFO - 26/05/21 07:00:27 INFO BlockManagerInfo: Added broadcast_56_piece0 in memory on c05002f484b8:46227 (size: 30.3 KiB, free: 433.9 MiB)
[2026-05-21T07:00:27.234+0000] {subprocess.py:106} INFO - 26/05/21 07:00:27 INFO SparkContext: Created broadcast 56 from broadcast at SparkBatch.java:79
[2026-05-21T07:00:27.248+0000] {subprocess.py:106} INFO - 26/05/21 07:00:27 INFO ShufflePartitionsUtil: For shuffle(11), advisory target size: 67108864, actual target size 1048576, minimum partition size: 1048576
[2026-05-21T07:00:27.317+0000] {subprocess.py:106} INFO - 26/05/21 07:00:27 INFO BlockManagerInfo: Added broadcast_44_piece0 in memory on 172.30.0.6:32781 (size: 30.3 KiB, free: 434.2 MiB)
[2026-05-21T07:00:27.344+0000] {subprocess.py:106} INFO - 26/05/21 07:00:27 INFO CodeGenerator: Code generated in 56.186774 ms
[2026-05-21T07:00:27.370+0000] {subprocess.py:106} INFO - 26/05/21 07:00:27 INFO SparkContext: Starting job: $anonfun$withThreadLocalCaptured$1 at <unknown>:0
[2026-05-21T07:00:27.373+0000] {subprocess.py:106} INFO - 26/05/21 07:00:27 INFO DAGScheduler: Got job 23 ($anonfun$withThreadLocalCaptured$1 at <unknown>:0) with 1 output partitions
[2026-05-21T07:00:27.376+0000] {subprocess.py:106} INFO - 26/05/21 07:00:27 INFO DAGScheduler: Final stage: ResultStage 36 ($anonfun$withThreadLocalCaptured$1 at <unknown>:0)
[2026-05-21T07:00:27.377+0000] {subprocess.py:106} INFO - 26/05/21 07:00:27 INFO DAGScheduler: Parents of final stage: List(ShuffleMapStage 35)
[2026-05-21T07:00:27.377+0000] {subprocess.py:106} INFO - 26/05/21 07:00:27 INFO DAGScheduler: Missing parents: List()
[2026-05-21T07:00:27.378+0000] {subprocess.py:106} INFO - 26/05/21 07:00:27 INFO DAGScheduler: Submitting ResultStage 36 (MapPartitionsRDD[76] at $anonfun$withThreadLocalCaptured$1 at <unknown>:0), which has no missing parents
[2026-05-21T07:00:27.378+0000] {subprocess.py:106} INFO - 26/05/21 07:00:27 INFO MemoryStore: Block broadcast_57 stored as values in memory (estimated size 42.1 KiB, free 433.3 MiB)
[2026-05-21T07:00:27.380+0000] {subprocess.py:106} INFO - 26/05/21 07:00:27 INFO MemoryStore: Block broadcast_57_piece0 stored as bytes in memory (estimated size 18.7 KiB, free 433.3 MiB)
[2026-05-21T07:00:27.381+0000] {subprocess.py:106} INFO - 26/05/21 07:00:27 INFO BlockManagerInfo: Added broadcast_57_piece0 in memory on c05002f484b8:46227 (size: 18.7 KiB, free: 433.9 MiB)
[2026-05-21T07:00:27.385+0000] {subprocess.py:106} INFO - 26/05/21 07:00:27 INFO SparkContext: Created broadcast 57 from broadcast at DAGScheduler.scala:1585
[2026-05-21T07:00:27.385+0000] {subprocess.py:106} INFO - 26/05/21 07:00:27 INFO DAGScheduler: Submitting 1 missing tasks from ResultStage 36 (MapPartitionsRDD[76] at $anonfun$withThreadLocalCaptured$1 at <unknown>:0) (first 15 tasks are for partitions Vector(0))
[2026-05-21T07:00:27.386+0000] {subprocess.py:106} INFO - 26/05/21 07:00:27 INFO TaskSchedulerImpl: Adding task set 36.0 with 1 tasks resource profile 0
[2026-05-21T07:00:27.669+0000] {subprocess.py:106} INFO - 26/05/21 07:00:27 INFO TaskSetManager: Starting task 1.0 in stage 28.0 (TID 30) (172.30.0.6, executor 0, partition 1, PROCESS_LOCAL, 16057 bytes)
[2026-05-21T07:00:27.670+0000] {subprocess.py:106} INFO - 26/05/21 07:00:27 INFO TaskSetManager: Finished task 0.0 in stage 28.0 (TID 29) in 522 ms on 172.30.0.6 (executor 0) (1/2)
[2026-05-21T07:00:28.163+0000] {subprocess.py:106} INFO - 26/05/21 07:00:28 INFO TaskSetManager: Starting task 0.0 in stage 30.0 (TID 31) (172.30.0.6, executor 0, partition 0, NODE_LOCAL, 9976 bytes)
[2026-05-21T07:00:28.165+0000] {subprocess.py:106} INFO - 26/05/21 07:00:28 INFO TaskSetManager: Finished task 1.0 in stage 28.0 (TID 30) in 493 ms on 172.30.0.6 (executor 0) (2/2)
[2026-05-21T07:00:28.166+0000] {subprocess.py:106} INFO - 26/05/21 07:00:28 INFO TaskSchedulerImpl: Removed TaskSet 28.0, whose tasks have all completed, from pool
[2026-05-21T07:00:28.167+0000] {subprocess.py:106} INFO - 26/05/21 07:00:28 INFO DAGScheduler: ShuffleMapStage 28 (create at <unknown>:0) finished in 6.835 s
[2026-05-21T07:00:28.168+0000] {subprocess.py:106} INFO - 26/05/21 07:00:28 INFO DAGScheduler: looking for newly runnable stages
[2026-05-21T07:00:28.176+0000] {subprocess.py:106} INFO - 26/05/21 07:00:28 INFO DAGScheduler: running: Set(ResultStage 30, ResultStage 34, ResultStage 32, ResultStage 36)
[2026-05-21T07:00:28.179+0000] {subprocess.py:106} INFO - 26/05/21 07:00:28 INFO DAGScheduler: waiting: Set()
[2026-05-21T07:00:28.184+0000] {subprocess.py:106} INFO - 26/05/21 07:00:28 INFO DAGScheduler: failed: Set()
[2026-05-21T07:00:28.200+0000] {subprocess.py:106} INFO - 26/05/21 07:00:28 INFO BlockManagerInfo: Added broadcast_51_piece0 in memory on 172.30.0.6:32781 (size: 18.7 KiB, free: 434.2 MiB)
[2026-05-21T07:00:28.206+0000] {subprocess.py:106} INFO - 26/05/21 07:00:28 INFO MemoryStore: Block broadcast_58 stored as values in memory (estimated size 32.0 KiB, free 433.2 MiB)
[2026-05-21T07:00:28.224+0000] {subprocess.py:106} INFO - 26/05/21 07:00:28 INFO MemoryStore: Block broadcast_58_piece0 stored as bytes in memory (estimated size 30.4 KiB, free 433.2 MiB)
[2026-05-21T07:00:28.232+0000] {subprocess.py:106} INFO - 26/05/21 07:00:28 INFO BlockManagerInfo: Added broadcast_58_piece0 in memory on c05002f484b8:46227 (size: 30.4 KiB, free: 433.9 MiB)
[2026-05-21T07:00:28.238+0000] {subprocess.py:106} INFO - 26/05/21 07:00:28 INFO SparkContext: Created broadcast 58 from broadcast at SparkBatch.java:79
[2026-05-21T07:00:28.245+0000] {subprocess.py:106} INFO - 26/05/21 07:00:28 INFO ShufflePartitionsUtil: For shuffle(12), advisory target size: 67108864, actual target size 1048576, minimum partition size: 1048576
[2026-05-21T07:00:28.256+0000] {subprocess.py:106} INFO - 26/05/21 07:00:28 INFO MapOutputTrackerMasterEndpoint: Asked to send map output locations for shuffle 8 to 172.30.0.6:36864
[2026-05-21T07:00:28.368+0000] {subprocess.py:106} INFO - 26/05/21 07:00:28 INFO TaskSetManager: Starting task 0.0 in stage 32.0 (TID 32) (172.30.0.6, executor 0, partition 0, NODE_LOCAL, 9976 bytes)
[2026-05-21T07:00:28.370+0000] {subprocess.py:106} INFO - 26/05/21 07:00:28 INFO TaskSetManager: Finished task 0.0 in stage 30.0 (TID 31) in 210 ms on 172.30.0.6 (executor 0) (1/1)
[2026-05-21T07:00:28.371+0000] {subprocess.py:106} INFO - 26/05/21 07:00:28 INFO TaskSchedulerImpl: Removed TaskSet 30.0, whose tasks have all completed, from pool
[2026-05-21T07:00:28.377+0000] {subprocess.py:106} INFO - 26/05/21 07:00:28 INFO DAGScheduler: ResultStage 30 ($anonfun$withThreadLocalCaptured$1 at <unknown>:0) finished in 6.213 s
[2026-05-21T07:00:28.378+0000] {subprocess.py:106} INFO - 26/05/21 07:00:28 INFO DAGScheduler: Job 20 is finished. Cancelling potential speculative or zombie tasks for this job
[2026-05-21T07:00:28.382+0000] {subprocess.py:106} INFO - 26/05/21 07:00:28 INFO TaskSchedulerImpl: Killing all running tasks in stage 30: Stage finished
[2026-05-21T07:00:28.383+0000] {subprocess.py:106} INFO - 26/05/21 07:00:28 INFO DAGScheduler: Job 20 finished: $anonfun$withThreadLocalCaptured$1 at <unknown>:0, took 3.699579 s
[2026-05-21T07:00:28.390+0000] {subprocess.py:106} INFO - 26/05/21 07:00:28 INFO CodeGenerator: Code generated in 86.383153 ms
[2026-05-21T07:00:28.407+0000] {subprocess.py:106} INFO - 26/05/21 07:00:28 INFO BlockManagerInfo: Added broadcast_53_piece0 in memory on 172.30.0.6:32781 (size: 19.7 KiB, free: 434.2 MiB)
[2026-05-21T07:00:28.413+0000] {subprocess.py:106} INFO - 26/05/21 07:00:28 INFO DAGScheduler: Registering RDD 79 (create at <unknown>:0) as input to shuffle 13
[2026-05-21T07:00:28.416+0000] {subprocess.py:106} INFO - 26/05/21 07:00:28 INFO DAGScheduler: Got map stage job 24 (create at <unknown>:0) with 1 output partitions
[2026-05-21T07:00:28.418+0000] {subprocess.py:106} INFO - 26/05/21 07:00:28 INFO DAGScheduler: Final stage: ShuffleMapStage 38 (create at <unknown>:0)
[2026-05-21T07:00:28.419+0000] {subprocess.py:106} INFO - 26/05/21 07:00:28 INFO DAGScheduler: Parents of final stage: List(ShuffleMapStage 37)
[2026-05-21T07:00:28.420+0000] {subprocess.py:106} INFO - 26/05/21 07:00:28 INFO DAGScheduler: Missing parents: List()
[2026-05-21T07:00:28.421+0000] {subprocess.py:106} INFO - 26/05/21 07:00:28 INFO DAGScheduler: Submitting ShuffleMapStage 38 (MapPartitionsRDD[79] at create at <unknown>:0), which has no missing parents
[2026-05-21T07:00:28.422+0000] {subprocess.py:106} INFO - 26/05/21 07:00:28 INFO MemoryStore: Block broadcast_59 stored as values in memory (estimated size 57.2 KiB, free 433.2 MiB)
[2026-05-21T07:00:28.423+0000] {subprocess.py:106} INFO - 26/05/21 07:00:28 INFO MapOutputTrackerMasterEndpoint: Asked to send map output locations for shuffle 9 to 172.30.0.6:36864
[2026-05-21T07:00:28.426+0000] {subprocess.py:106} INFO - 26/05/21 07:00:28 INFO MemoryStore: Block broadcast_59_piece0 stored as bytes in memory (estimated size 21.7 KiB, free 433.1 MiB)
[2026-05-21T07:00:28.428+0000] {subprocess.py:106} INFO - 26/05/21 07:00:28 INFO BlockManagerInfo: Added broadcast_59_piece0 in memory on c05002f484b8:46227 (size: 21.7 KiB, free: 433.9 MiB)
[2026-05-21T07:00:28.432+0000] {subprocess.py:106} INFO - 26/05/21 07:00:28 INFO SparkContext: Created broadcast 59 from broadcast at DAGScheduler.scala:1585
[2026-05-21T07:00:28.433+0000] {subprocess.py:106} INFO - 26/05/21 07:00:28 INFO CodeGenerator: Code generated in 11.883052 ms
[2026-05-21T07:00:28.434+0000] {subprocess.py:106} INFO - 26/05/21 07:00:28 INFO DAGScheduler: Submitting 1 missing tasks from ShuffleMapStage 38 (MapPartitionsRDD[79] at create at <unknown>:0) (first 15 tasks are for partitions Vector(0))
[2026-05-21T07:00:28.435+0000] {subprocess.py:106} INFO - 26/05/21 07:00:28 INFO TaskSchedulerImpl: Adding task set 38.0 with 1 tasks resource profile 0
[2026-05-21T07:00:28.460+0000] {subprocess.py:106} INFO - 26/05/21 07:00:28 INFO BlockManagerInfo: Removed broadcast_56_piece0 on c05002f484b8:46227 in memory (size: 30.3 KiB, free: 433.9 MiB)
[2026-05-21T07:00:28.502+0000] {subprocess.py:106} INFO - 26/05/21 07:00:28 INFO BlockManagerInfo: Removed broadcast_51_piece0 on c05002f484b8:46227 in memory (size: 18.7 KiB, free: 433.9 MiB)
[2026-05-21T07:00:28.539+0000] {subprocess.py:106} INFO - 26/05/21 07:00:28 INFO BlockManagerInfo: Removed broadcast_51_piece0 on 172.30.0.6:32781 in memory (size: 18.7 KiB, free: 434.2 MiB)
[2026-05-21T07:00:28.540+0000] {subprocess.py:106} INFO - 26/05/21 07:00:28 INFO TaskSetManager: Starting task 0.0 in stage 34.0 (TID 33) (172.30.0.6, executor 0, partition 0, NODE_LOCAL, 9976 bytes)
[2026-05-21T07:00:28.541+0000] {subprocess.py:106} INFO - 26/05/21 07:00:28 INFO TaskSetManager: Finished task 0.0 in stage 32.0 (TID 32) in 153 ms on 172.30.0.6 (executor 0) (1/1)
[2026-05-21T07:00:28.542+0000] {subprocess.py:106} INFO - 26/05/21 07:00:28 INFO DAGScheduler: ResultStage 32 ($anonfun$withThreadLocalCaptured$1 at <unknown>:0) finished in 3.041 s
[2026-05-21T07:00:28.542+0000] {subprocess.py:106} INFO - 26/05/21 07:00:28 INFO TaskSchedulerImpl: Removed TaskSet 32.0, whose tasks have all completed, from pool
[2026-05-21T07:00:28.543+0000] {subprocess.py:106} INFO - 26/05/21 07:00:28 INFO DAGScheduler: Job 21 is finished. Cancelling potential speculative or zombie tasks for this job
[2026-05-21T07:00:28.544+0000] {subprocess.py:106} INFO - 26/05/21 07:00:28 INFO TaskSchedulerImpl: Killing all running tasks in stage 32: Stage finished
[2026-05-21T07:00:28.545+0000] {subprocess.py:106} INFO - 26/05/21 07:00:28 INFO DAGScheduler: Job 21 finished: $anonfun$withThreadLocalCaptured$1 at <unknown>:0, took 3.053302 s
[2026-05-21T07:00:28.545+0000] {subprocess.py:106} INFO - 26/05/21 07:00:28 INFO MemoryStore: Block broadcast_60_piece0 stored as bytes in memory (estimated size 58.1 KiB, free 433.2 MiB)
[2026-05-21T07:00:28.547+0000] {subprocess.py:106} INFO - 26/05/21 07:00:28 INFO MemoryStore: Block broadcast_61_piece0 stored as bytes in memory (estimated size 702.0 B, free 433.2 MiB)
[2026-05-21T07:00:28.559+0000] {subprocess.py:106} INFO - 26/05/21 07:00:28 INFO BlockManagerInfo: Added broadcast_60_piece0 in memory on c05002f484b8:46227 (size: 58.1 KiB, free: 433.9 MiB)
[2026-05-21T07:00:28.561+0000] {subprocess.py:106} INFO - 26/05/21 07:00:28 INFO BlockManagerInfo: Removed broadcast_48_piece0 on c05002f484b8:46227 in memory (size: 16.3 KiB, free: 433.9 MiB)
[2026-05-21T07:00:28.563+0000] {subprocess.py:106} INFO - 26/05/21 07:00:28 INFO BlockManagerInfo: Added broadcast_61_piece0 in memory on c05002f484b8:46227 (size: 702.0 B, free: 433.9 MiB)
[2026-05-21T07:00:28.570+0000] {subprocess.py:106} INFO - 26/05/21 07:00:28 INFO SparkContext: Created broadcast 60 from $anonfun$withThreadLocalCaptured$1 at <unknown>:0
[2026-05-21T07:00:28.572+0000] {subprocess.py:106} INFO - 26/05/21 07:00:28 INFO SparkContext: Created broadcast 61 from $anonfun$withThreadLocalCaptured$1 at <unknown>:0
[2026-05-21T07:00:28.574+0000] {subprocess.py:106} INFO - 26/05/21 07:00:28 INFO BlockManagerInfo: Removed broadcast_48_piece0 on 172.30.0.6:32781 in memory (size: 16.3 KiB, free: 434.2 MiB)
[2026-05-21T07:00:28.607+0000] {subprocess.py:106} INFO - 26/05/21 07:00:28 INFO BlockManagerInfo: Added broadcast_55_piece0 in memory on 172.30.0.6:32781 (size: 19.9 KiB, free: 434.2 MiB)
[2026-05-21T07:00:28.608+0000] {subprocess.py:106} INFO - 26/05/21 07:00:28 INFO BlockManagerInfo: Removed broadcast_58_piece0 on c05002f484b8:46227 in memory (size: 30.4 KiB, free: 433.9 MiB)
[2026-05-21T07:00:28.617+0000] {subprocess.py:106} INFO - 26/05/21 07:00:28 INFO MemoryStore: Block broadcast_62 stored as values in memory (estimated size 32.0 KiB, free 433.3 MiB)
[2026-05-21T07:00:28.621+0000] {subprocess.py:106} INFO - 26/05/21 07:00:28 INFO MemoryStore: Block broadcast_62_piece0 stored as bytes in memory (estimated size 30.3 KiB, free 433.2 MiB)
[2026-05-21T07:00:28.629+0000] {subprocess.py:106} INFO - 26/05/21 07:00:28 INFO BlockManagerInfo: Added broadcast_62_piece0 in memory on c05002f484b8:46227 (size: 30.3 KiB, free: 433.9 MiB)
[2026-05-21T07:00:28.630+0000] {subprocess.py:106} INFO - 26/05/21 07:00:28 INFO SparkContext: Created broadcast 62 from broadcast at SparkBatch.java:79
[2026-05-21T07:00:28.631+0000] {subprocess.py:106} INFO - 26/05/21 07:00:28 INFO BlockManagerInfo: Removed broadcast_49_piece0 on c05002f484b8:46227 in memory (size: 12.3 KiB, free: 433.9 MiB)
[2026-05-21T07:00:28.632+0000] {subprocess.py:106} INFO - 26/05/21 07:00:28 INFO BlockManagerInfo: Removed broadcast_49_piece0 on 172.30.0.6:32781 in memory (size: 12.3 KiB, free: 434.2 MiB)
[2026-05-21T07:00:28.634+0000] {subprocess.py:106} INFO - 26/05/21 07:00:28 INFO MapOutputTrackerMasterEndpoint: Asked to send map output locations for shuffle 10 to 172.30.0.6:36864
[2026-05-21T07:00:28.669+0000] {subprocess.py:106} INFO - 26/05/21 07:00:28 INFO MemoryStore: Block broadcast_63 stored as values in memory (estimated size 32.0 KiB, free 433.3 MiB)
[2026-05-21T07:00:28.671+0000] {subprocess.py:106} INFO - 26/05/21 07:00:28 INFO MemoryStore: Block broadcast_63_piece0 stored as bytes in memory (estimated size 30.4 KiB, free 433.2 MiB)
[2026-05-21T07:00:28.672+0000] {subprocess.py:106} INFO - 26/05/21 07:00:28 INFO BlockManagerInfo: Added broadcast_63_piece0 in memory on c05002f484b8:46227 (size: 30.4 KiB, free: 433.8 MiB)
[2026-05-21T07:00:28.674+0000] {subprocess.py:106} INFO - 26/05/21 07:00:28 INFO SparkContext: Created broadcast 63 from broadcast at SparkBatch.java:79
[2026-05-21T07:00:28.707+0000] {subprocess.py:106} INFO - 26/05/21 07:00:28 INFO TaskSetManager: Starting task 0.0 in stage 36.0 (TID 34) (172.30.0.6, executor 0, partition 0, NODE_LOCAL, 9976 bytes)
[2026-05-21T07:00:28.708+0000] {subprocess.py:106} INFO - 26/05/21 07:00:28 INFO TaskSetManager: Finished task 0.0 in stage 34.0 (TID 33) in 191 ms on 172.30.0.6 (executor 0) (1/1)
[2026-05-21T07:00:28.709+0000] {subprocess.py:106} INFO - 26/05/21 07:00:28 INFO TaskSchedulerImpl: Removed TaskSet 34.0, whose tasks have all completed, from pool
[2026-05-21T07:00:28.710+0000] {subprocess.py:106} INFO - 26/05/21 07:00:28 INFO DAGScheduler: ResultStage 34 ($anonfun$withThreadLocalCaptured$1 at <unknown>:0) finished in 2.050 s
[2026-05-21T07:00:28.711+0000] {subprocess.py:106} INFO - 26/05/21 07:00:28 INFO DAGScheduler: Job 22 is finished. Cancelling potential speculative or zombie tasks for this job
[2026-05-21T07:00:28.711+0000] {subprocess.py:106} INFO - 26/05/21 07:00:28 INFO TaskSchedulerImpl: Killing all running tasks in stage 34: Stage finished
[2026-05-21T07:00:28.713+0000] {subprocess.py:106} INFO - 26/05/21 07:00:28 INFO DAGScheduler: Job 22 finished: $anonfun$withThreadLocalCaptured$1 at <unknown>:0, took 2.059999 s
[2026-05-21T07:00:28.733+0000] {subprocess.py:106} INFO - 26/05/21 07:00:28 INFO BlockManagerInfo: Added broadcast_57_piece0 in memory on 172.30.0.6:32781 (size: 18.7 KiB, free: 434.2 MiB)
[2026-05-21T07:00:28.734+0000] {subprocess.py:106} INFO - 26/05/21 07:00:28 INFO MemoryStore: Block broadcast_64_piece0 stored as bytes in memory (estimated size 21.3 KiB, free 433.3 MiB)
[2026-05-21T07:00:28.741+0000] {subprocess.py:106} INFO - 26/05/21 07:00:28 INFO BlockManagerInfo: Removed broadcast_53_piece0 on c05002f484b8:46227 in memory (size: 19.7 KiB, free: 433.9 MiB)
[2026-05-21T07:00:28.742+0000] {subprocess.py:106} INFO - 26/05/21 07:00:28 INFO BlockManagerInfo: Added broadcast_64_piece0 in memory on c05002f484b8:46227 (size: 21.3 KiB, free: 433.8 MiB)
[2026-05-21T07:00:28.748+0000] {subprocess.py:106} INFO - 26/05/21 07:00:28 INFO SparkContext: Created broadcast 64 from $anonfun$withThreadLocalCaptured$1 at <unknown>:0
[2026-05-21T07:00:28.749+0000] {subprocess.py:106} INFO - 26/05/21 07:00:28 INFO BlockManagerInfo: Removed broadcast_53_piece0 on 172.30.0.6:32781 in memory (size: 19.7 KiB, free: 434.2 MiB)
[2026-05-21T07:00:28.749+0000] {subprocess.py:106} INFO - 26/05/21 07:00:28 INFO BlockManagerInfo: Removed broadcast_63_piece0 on c05002f484b8:46227 in memory (size: 30.4 KiB, free: 433.9 MiB)
[2026-05-21T07:00:28.757+0000] {subprocess.py:106} INFO - 26/05/21 07:00:28 INFO MapOutputTrackerMasterEndpoint: Asked to send map output locations for shuffle 11 to 172.30.0.6:36864
[2026-05-21T07:00:28.760+0000] {subprocess.py:106} INFO - 26/05/21 07:00:28 INFO BlockManagerInfo: Removed broadcast_62_piece0 on c05002f484b8:46227 in memory (size: 30.3 KiB, free: 433.9 MiB)
[2026-05-21T07:00:28.777+0000] {subprocess.py:106} INFO - 26/05/21 07:00:28 INFO MemoryStore: Block broadcast_65 stored as values in memory (estimated size 32.0 KiB, free 433.4 MiB)
[2026-05-21T07:00:28.783+0000] {subprocess.py:106} INFO - 26/05/21 07:00:28 INFO BlockManagerInfo: Removed broadcast_55_piece0 on c05002f484b8:46227 in memory (size: 19.9 KiB, free: 433.9 MiB)
[2026-05-21T07:00:28.786+0000] {subprocess.py:106} INFO - 26/05/21 07:00:28 INFO MemoryStore: Block broadcast_65_piece0 stored as bytes in memory (estimated size 30.3 KiB, free 433.4 MiB)
[2026-05-21T07:00:28.787+0000] {subprocess.py:106} INFO - 26/05/21 07:00:28 INFO BlockManagerInfo: Added broadcast_65_piece0 in memory on c05002f484b8:46227 (size: 30.3 KiB, free: 433.9 MiB)
[2026-05-21T07:00:28.788+0000] {subprocess.py:106} INFO - 26/05/21 07:00:28 INFO SparkContext: Created broadcast 65 from broadcast at SparkBatch.java:79
[2026-05-21T07:00:28.792+0000] {subprocess.py:106} INFO - 26/05/21 07:00:28 INFO BlockManagerInfo: Removed broadcast_55_piece0 on 172.30.0.6:32781 in memory (size: 19.9 KiB, free: 434.2 MiB)
[2026-05-21T07:00:28.852+0000] {subprocess.py:106} INFO - 26/05/21 07:00:28 INFO TaskSetManager: Starting task 0.0 in stage 38.0 (TID 35) (172.30.0.6, executor 0, partition 0, NODE_LOCAL, 9965 bytes)
[2026-05-21T07:00:28.860+0000] {subprocess.py:106} INFO - 26/05/21 07:00:28 INFO TaskSetManager: Finished task 0.0 in stage 36.0 (TID 34) in 152 ms on 172.30.0.6 (executor 0) (1/1)
[2026-05-21T07:00:28.862+0000] {subprocess.py:106} INFO - 26/05/21 07:00:28 INFO TaskSchedulerImpl: Removed TaskSet 36.0, whose tasks have all completed, from pool
[2026-05-21T07:00:28.874+0000] {subprocess.py:106} INFO - 26/05/21 07:00:28 INFO DAGScheduler: ResultStage 36 ($anonfun$withThreadLocalCaptured$1 at <unknown>:0) finished in 1.485 s
[2026-05-21T07:00:28.881+0000] {subprocess.py:106} INFO - 26/05/21 07:00:28 INFO DAGScheduler: Job 23 is finished. Cancelling potential speculative or zombie tasks for this job
[2026-05-21T07:00:28.887+0000] {subprocess.py:106} INFO - 26/05/21 07:00:28 INFO TaskSchedulerImpl: Killing all running tasks in stage 36: Stage finished
[2026-05-21T07:00:28.889+0000] {subprocess.py:106} INFO - 26/05/21 07:00:28 INFO DAGScheduler: Job 23 finished: $anonfun$withThreadLocalCaptured$1 at <unknown>:0, took 1.499933 s
[2026-05-21T07:00:28.890+0000] {subprocess.py:106} INFO - 26/05/21 07:00:28 INFO MemoryStore: Block broadcast_66_piece0 stored as bytes in memory (estimated size 270.0 B, free 433.4 MiB)
[2026-05-21T07:00:28.891+0000] {subprocess.py:106} INFO - 26/05/21 07:00:28 INFO BlockManagerInfo: Added broadcast_66_piece0 in memory on c05002f484b8:46227 (size: 270.0 B, free: 433.9 MiB)
[2026-05-21T07:00:28.897+0000] {subprocess.py:106} INFO - 26/05/21 07:00:28 INFO SparkContext: Created broadcast 66 from $anonfun$withThreadLocalCaptured$1 at <unknown>:0
[2026-05-21T07:00:28.910+0000] {subprocess.py:106} INFO - 26/05/21 07:00:28 INFO BlockManagerInfo: Added broadcast_59_piece0 in memory on 172.30.0.6:32781 (size: 21.7 KiB, free: 434.2 MiB)
[2026-05-21T07:00:28.918+0000] {subprocess.py:106} INFO - 26/05/21 07:00:28 INFO MapOutputTrackerMasterEndpoint: Asked to send map output locations for shuffle 12 to 172.30.0.6:36864
[2026-05-21T07:00:28.923+0000] {subprocess.py:106} INFO - 26/05/21 07:00:28 INFO MemoryStore: Block broadcast_67 stored as values in memory (estimated size 32.0 KiB, free 433.4 MiB)
[2026-05-21T07:00:28.928+0000] {subprocess.py:106} INFO - 26/05/21 07:00:28 INFO MemoryStore: Block broadcast_67_piece0 stored as bytes in memory (estimated size 30.4 KiB, free 433.3 MiB)
[2026-05-21T07:00:28.930+0000] {subprocess.py:106} INFO - 26/05/21 07:00:28 INFO BlockManagerInfo: Added broadcast_67_piece0 in memory on c05002f484b8:46227 (size: 30.4 KiB, free: 433.9 MiB)
[2026-05-21T07:00:28.931+0000] {subprocess.py:106} INFO - 26/05/21 07:00:28 INFO SparkContext: Created broadcast 67 from broadcast at SparkBatch.java:79
[2026-05-21T07:00:29.192+0000] {subprocess.py:106} INFO - 26/05/21 07:00:29 INFO TaskSetManager: Finished task 0.0 in stage 38.0 (TID 35) in 341 ms on 172.30.0.6 (executor 0) (1/1)
[2026-05-21T07:00:29.196+0000] {subprocess.py:106} INFO - 26/05/21 07:00:29 INFO TaskSchedulerImpl: Removed TaskSet 38.0, whose tasks have all completed, from pool
[2026-05-21T07:00:29.198+0000] {subprocess.py:106} INFO - 26/05/21 07:00:29 INFO DAGScheduler: ShuffleMapStage 38 (create at <unknown>:0) finished in 0.783 s
[2026-05-21T07:00:29.202+0000] {subprocess.py:106} INFO - 26/05/21 07:00:29 INFO DAGScheduler: looking for newly runnable stages
[2026-05-21T07:00:29.203+0000] {subprocess.py:106} INFO - 26/05/21 07:00:29 INFO DAGScheduler: running: Set()
[2026-05-21T07:00:29.204+0000] {subprocess.py:106} INFO - 26/05/21 07:00:29 INFO DAGScheduler: waiting: Set()
[2026-05-21T07:00:29.206+0000] {subprocess.py:106} INFO - 26/05/21 07:00:29 INFO DAGScheduler: failed: Set()
[2026-05-21T07:00:29.208+0000] {subprocess.py:106} INFO - 26/05/21 07:00:29 INFO MemoryStore: Block broadcast_68 stored as values in memory (estimated size 32.0 KiB, free 433.3 MiB)
[2026-05-21T07:00:29.231+0000] {subprocess.py:106} INFO - 26/05/21 07:00:29 INFO MemoryStore: Block broadcast_68_piece0 stored as bytes in memory (estimated size 30.3 KiB, free 433.3 MiB)
[2026-05-21T07:00:29.232+0000] {subprocess.py:106} INFO - 26/05/21 07:00:29 INFO BlockManagerInfo: Removed broadcast_59_piece0 on c05002f484b8:46227 in memory (size: 21.7 KiB, free: 433.9 MiB)
[2026-05-21T07:00:29.237+0000] {subprocess.py:106} INFO - 26/05/21 07:00:29 INFO BlockManagerInfo: Added broadcast_68_piece0 in memory on c05002f484b8:46227 (size: 30.3 KiB, free: 433.9 MiB)
[2026-05-21T07:00:29.238+0000] {subprocess.py:106} INFO - 26/05/21 07:00:29 INFO SparkContext: Created broadcast 68 from broadcast at SparkBatch.java:79
[2026-05-21T07:00:29.239+0000] {subprocess.py:106} INFO - 26/05/21 07:00:29 INFO BlockManagerInfo: Removed broadcast_59_piece0 on 172.30.0.6:32781 in memory (size: 21.7 KiB, free: 434.2 MiB)
[2026-05-21T07:00:29.247+0000] {subprocess.py:106} INFO - 26/05/21 07:00:29 INFO BlockManagerInfo: Removed broadcast_67_piece0 on c05002f484b8:46227 in memory (size: 30.4 KiB, free: 433.9 MiB)
[2026-05-21T07:00:29.250+0000] {subprocess.py:106} INFO - 26/05/21 07:00:29 INFO ShufflePartitionsUtil: For shuffle(13), advisory target size: 67108864, actual target size 1048576, minimum partition size: 1048576
[2026-05-21T07:00:29.252+0000] {subprocess.py:106} INFO - 26/05/21 07:00:29 INFO BlockManagerInfo: Removed broadcast_57_piece0 on c05002f484b8:46227 in memory (size: 18.7 KiB, free: 433.9 MiB)
[2026-05-21T07:00:29.254+0000] {subprocess.py:106} INFO - 26/05/21 07:00:29 INFO BlockManagerInfo: Removed broadcast_57_piece0 on 172.30.0.6:32781 in memory (size: 18.7 KiB, free: 434.3 MiB)
[2026-05-21T07:00:29.264+0000] {subprocess.py:106} INFO - 26/05/21 07:00:29 INFO BlockManagerInfo: Removed broadcast_65_piece0 on c05002f484b8:46227 in memory (size: 30.3 KiB, free: 433.9 MiB)
[2026-05-21T07:00:29.351+0000] {subprocess.py:106} INFO - 26/05/21 07:00:29 INFO CodeGenerator: Code generated in 57.609861 ms
[2026-05-21T07:00:29.375+0000] {subprocess.py:106} INFO - 26/05/21 07:00:29 INFO SparkContext: Starting job: $anonfun$withThreadLocalCaptured$1 at <unknown>:0
[2026-05-21T07:00:29.378+0000] {subprocess.py:106} INFO - 26/05/21 07:00:29 INFO DAGScheduler: Got job 25 ($anonfun$withThreadLocalCaptured$1 at <unknown>:0) with 1 output partitions
[2026-05-21T07:00:29.379+0000] {subprocess.py:106} INFO - 26/05/21 07:00:29 INFO DAGScheduler: Final stage: ResultStage 41 ($anonfun$withThreadLocalCaptured$1 at <unknown>:0)
[2026-05-21T07:00:29.380+0000] {subprocess.py:106} INFO - 26/05/21 07:00:29 INFO DAGScheduler: Parents of final stage: List(ShuffleMapStage 40)
[2026-05-21T07:00:29.380+0000] {subprocess.py:106} INFO - 26/05/21 07:00:29 INFO DAGScheduler: Missing parents: List()
[2026-05-21T07:00:29.381+0000] {subprocess.py:106} INFO - 26/05/21 07:00:29 INFO DAGScheduler: Submitting ResultStage 41 (MapPartitionsRDD[82] at $anonfun$withThreadLocalCaptured$1 at <unknown>:0), which has no missing parents
[2026-05-21T07:00:29.383+0000] {subprocess.py:106} INFO - 26/05/21 07:00:29 INFO MemoryStore: Block broadcast_69 stored as values in memory (estimated size 49.4 KiB, free 433.5 MiB)
[2026-05-21T07:00:29.384+0000] {subprocess.py:106} INFO - 26/05/21 07:00:29 INFO MemoryStore: Block broadcast_69_piece0 stored as bytes in memory (estimated size 20.9 KiB, free 433.5 MiB)
[2026-05-21T07:00:29.384+0000] {subprocess.py:106} INFO - 26/05/21 07:00:29 INFO BlockManagerInfo: Added broadcast_69_piece0 in memory on c05002f484b8:46227 (size: 20.9 KiB, free: 433.9 MiB)
[2026-05-21T07:00:29.385+0000] {subprocess.py:106} INFO - 26/05/21 07:00:29 INFO SparkContext: Created broadcast 69 from broadcast at DAGScheduler.scala:1585
[2026-05-21T07:00:29.386+0000] {subprocess.py:106} INFO - 26/05/21 07:00:29 INFO DAGScheduler: Submitting 1 missing tasks from ResultStage 41 (MapPartitionsRDD[82] at $anonfun$withThreadLocalCaptured$1 at <unknown>:0) (first 15 tasks are for partitions Vector(0))
[2026-05-21T07:00:29.387+0000] {subprocess.py:106} INFO - 26/05/21 07:00:29 INFO TaskSchedulerImpl: Adding task set 41.0 with 1 tasks resource profile 0
[2026-05-21T07:00:29.388+0000] {subprocess.py:106} INFO - 26/05/21 07:00:29 INFO TaskSetManager: Starting task 0.0 in stage 41.0 (TID 36) (172.30.0.6, executor 0, partition 0, NODE_LOCAL, 9976 bytes)
[2026-05-21T07:00:29.405+0000] {subprocess.py:106} INFO - 26/05/21 07:00:29 INFO BlockManagerInfo: Added broadcast_69_piece0 in memory on 172.30.0.6:32781 (size: 20.9 KiB, free: 434.2 MiB)
[2026-05-21T07:00:29.413+0000] {subprocess.py:106} INFO - 26/05/21 07:00:29 INFO MapOutputTrackerMasterEndpoint: Asked to send map output locations for shuffle 13 to 172.30.0.6:36864
[2026-05-21T07:00:29.464+0000] {subprocess.py:106} INFO - 26/05/21 07:00:29 INFO TaskSetManager: Finished task 0.0 in stage 41.0 (TID 36) in 75 ms on 172.30.0.6 (executor 0) (1/1)
[2026-05-21T07:00:29.465+0000] {subprocess.py:106} INFO - 26/05/21 07:00:29 INFO TaskSchedulerImpl: Removed TaskSet 41.0, whose tasks have all completed, from pool
[2026-05-21T07:00:29.466+0000] {subprocess.py:106} INFO - 26/05/21 07:00:29 INFO DAGScheduler: ResultStage 41 ($anonfun$withThreadLocalCaptured$1 at <unknown>:0) finished in 0.084 s
[2026-05-21T07:00:29.466+0000] {subprocess.py:106} INFO - 26/05/21 07:00:29 INFO DAGScheduler: Job 25 is finished. Cancelling potential speculative or zombie tasks for this job
[2026-05-21T07:00:29.467+0000] {subprocess.py:106} INFO - 26/05/21 07:00:29 INFO TaskSchedulerImpl: Killing all running tasks in stage 41: Stage finished
[2026-05-21T07:00:29.469+0000] {subprocess.py:106} INFO - 26/05/21 07:00:29 INFO DAGScheduler: Job 25 finished: $anonfun$withThreadLocalCaptured$1 at <unknown>:0, took 0.089031 s
[2026-05-21T07:00:29.473+0000] {subprocess.py:106} INFO - 26/05/21 07:00:29 INFO CodeGenerator: Code generated in 5.222832 ms
[2026-05-21T07:00:29.476+0000] {subprocess.py:106} INFO - 26/05/21 07:00:29 INFO MemoryStore: Block broadcast_70_piece0 stored as bytes in memory (estimated size 560.0 B, free 433.5 MiB)
[2026-05-21T07:00:29.478+0000] {subprocess.py:106} INFO - 26/05/21 07:00:29 INFO BlockManagerInfo: Added broadcast_70_piece0 in memory on c05002f484b8:46227 (size: 560.0 B, free: 433.9 MiB)
[2026-05-21T07:00:29.484+0000] {subprocess.py:106} INFO - 26/05/21 07:00:29 INFO SparkContext: Created broadcast 70 from $anonfun$withThreadLocalCaptured$1 at <unknown>:0
[2026-05-21T07:00:29.491+0000] {subprocess.py:106} INFO - 26/05/21 07:00:29 INFO MemoryStore: Block broadcast_71 stored as values in memory (estimated size 32.0 KiB, free 433.4 MiB)
[2026-05-21T07:00:29.493+0000] {subprocess.py:106} INFO - 26/05/21 07:00:29 INFO MemoryStore: Block broadcast_71_piece0 stored as bytes in memory (estimated size 30.4 KiB, free 433.4 MiB)
[2026-05-21T07:00:29.494+0000] {subprocess.py:106} INFO - 26/05/21 07:00:29 INFO BlockManagerInfo: Added broadcast_71_piece0 in memory on c05002f484b8:46227 (size: 30.4 KiB, free: 433.9 MiB)
[2026-05-21T07:00:29.495+0000] {subprocess.py:106} INFO - 26/05/21 07:00:29 INFO SparkContext: Created broadcast 71 from broadcast at SparkBatch.java:79
[2026-05-21T07:00:29.543+0000] {subprocess.py:106} INFO - 26/05/21 07:00:29 INFO TorrentBroadcast: Started reading broadcast variable 60 with 1 pieces (estimated total size 4.0 MiB)
[2026-05-21T07:00:29.568+0000] {subprocess.py:106} INFO - 26/05/21 07:00:29 INFO TorrentBroadcast: Reading broadcast variable 60 took 23 ms
[2026-05-21T07:00:29.602+0000] {subprocess.py:106} INFO - 26/05/21 07:00:29 INFO TorrentBroadcast: Started reading broadcast variable 61 with 1 pieces (estimated total size 4.0 MiB)
[2026-05-21T07:00:29.604+0000] {subprocess.py:106} INFO - 26/05/21 07:00:29 INFO TorrentBroadcast: Reading broadcast variable 61 took 0 ms
[2026-05-21T07:00:29.613+0000] {subprocess.py:106} INFO - 26/05/21 07:00:29 INFO TorrentBroadcast: Started reading broadcast variable 64 with 1 pieces (estimated total size 4.0 MiB)
[2026-05-21T07:00:29.614+0000] {subprocess.py:106} INFO - 26/05/21 07:00:29 INFO TorrentBroadcast: Reading broadcast variable 64 took 0 ms
[2026-05-21T07:00:29.638+0000] {subprocess.py:106} INFO - 26/05/21 07:00:29 INFO BlockManagerInfo: Removed broadcast_69_piece0 on c05002f484b8:46227 in memory (size: 20.9 KiB, free: 433.9 MiB)
[2026-05-21T07:00:29.646+0000] {subprocess.py:106} INFO - 26/05/21 07:00:29 INFO TorrentBroadcast: Started reading broadcast variable 66 with 1 pieces (estimated total size 4.0 MiB)
[2026-05-21T07:00:29.649+0000] {subprocess.py:106} INFO - 26/05/21 07:00:29 INFO TorrentBroadcast: Reading broadcast variable 66 took 0 ms
[2026-05-21T07:00:29.651+0000] {subprocess.py:106} INFO - 26/05/21 07:00:29 INFO BlockManagerInfo: Removed broadcast_69_piece0 on 172.30.0.6:32781 in memory (size: 20.9 KiB, free: 434.3 MiB)
[2026-05-21T07:00:29.656+0000] {subprocess.py:106} INFO - 26/05/21 07:00:29 INFO TorrentBroadcast: Started reading broadcast variable 70 with 1 pieces (estimated total size 4.0 MiB)
[2026-05-21T07:00:29.660+0000] {subprocess.py:106} INFO - 26/05/21 07:00:29 INFO TorrentBroadcast: Reading broadcast variable 70 took 1 ms
[2026-05-21T07:00:29.665+0000] {subprocess.py:106} INFO - 26/05/21 07:00:29 INFO BlockManagerInfo: Removed broadcast_71_piece0 on c05002f484b8:46227 in memory (size: 30.4 KiB, free: 433.9 MiB)
[2026-05-21T07:00:29.678+0000] {subprocess.py:106} INFO - 26/05/21 07:00:29 INFO BlockManagerInfo: Removed broadcast_68_piece0 on c05002f484b8:46227 in memory (size: 30.3 KiB, free: 434.0 MiB)
[2026-05-21T07:00:29.775+0000] {subprocess.py:106} INFO - 26/05/21 07:00:29 INFO CodeGenerator: Code generated in 104.50779 ms
[2026-05-21T07:00:29.799+0000] {subprocess.py:106} INFO - 26/05/21 07:00:29 INFO DAGScheduler: Registering RDD 86 (create at <unknown>:0) as input to shuffle 14
[2026-05-21T07:00:29.800+0000] {subprocess.py:106} INFO - 26/05/21 07:00:29 INFO DAGScheduler: Got map stage job 26 (create at <unknown>:0) with 2 output partitions
[2026-05-21T07:00:29.801+0000] {subprocess.py:106} INFO - 26/05/21 07:00:29 INFO DAGScheduler: Final stage: ShuffleMapStage 42 (create at <unknown>:0)
[2026-05-21T07:00:29.803+0000] {subprocess.py:106} INFO - 26/05/21 07:00:29 INFO DAGScheduler: Parents of final stage: List()
[2026-05-21T07:00:29.804+0000] {subprocess.py:106} INFO - 26/05/21 07:00:29 INFO DAGScheduler: Missing parents: List()
[2026-05-21T07:00:29.805+0000] {subprocess.py:106} INFO - 26/05/21 07:00:29 INFO DAGScheduler: Submitting ShuffleMapStage 42 (MapPartitionsRDD[86] at create at <unknown>:0), which has no missing parents
[2026-05-21T07:00:29.805+0000] {subprocess.py:106} INFO - 26/05/21 07:00:29 INFO MemoryStore: Block broadcast_72 stored as values in memory (estimated size 39.3 KiB, free 433.6 MiB)
[2026-05-21T07:00:29.806+0000] {subprocess.py:106} INFO - 26/05/21 07:00:29 INFO MemoryStore: Block broadcast_72_piece0 stored as bytes in memory (estimated size 13.6 KiB, free 433.5 MiB)
[2026-05-21T07:00:29.808+0000] {subprocess.py:106} INFO - 26/05/21 07:00:29 INFO BlockManagerInfo: Added broadcast_72_piece0 in memory on c05002f484b8:46227 (size: 13.6 KiB, free: 434.0 MiB)
[2026-05-21T07:00:29.809+0000] {subprocess.py:106} INFO - 26/05/21 07:00:29 INFO SparkContext: Created broadcast 72 from broadcast at DAGScheduler.scala:1585
[2026-05-21T07:00:29.810+0000] {subprocess.py:106} INFO - 26/05/21 07:00:29 INFO DAGScheduler: Submitting 2 missing tasks from ShuffleMapStage 42 (MapPartitionsRDD[86] at create at <unknown>:0) (first 15 tasks are for partitions Vector(0, 1))
[2026-05-21T07:00:29.810+0000] {subprocess.py:106} INFO - 26/05/21 07:00:29 INFO TaskSchedulerImpl: Adding task set 42.0 with 2 tasks resource profile 0
[2026-05-21T07:00:29.811+0000] {subprocess.py:106} INFO - 26/05/21 07:00:29 INFO TaskSetManager: Starting task 0.0 in stage 42.0 (TID 37) (172.30.0.6, executor 0, partition 0, PROCESS_LOCAL, 17155 bytes)
[2026-05-21T07:00:29.826+0000] {subprocess.py:106} INFO - 26/05/21 07:00:29 INFO BlockManagerInfo: Added broadcast_72_piece0 in memory on 172.30.0.6:32781 (size: 13.6 KiB, free: 434.2 MiB)
[2026-05-21T07:00:29.946+0000] {subprocess.py:106} INFO - 26/05/21 07:00:29 INFO BlockManagerInfo: Added broadcast_60_piece0 in memory on 172.30.0.6:32781 (size: 58.1 KiB, free: 434.2 MiB)
[2026-05-21T07:00:29.988+0000] {subprocess.py:106} INFO - 26/05/21 07:00:29 INFO BlockManagerInfo: Added broadcast_61_piece0 in memory on 172.30.0.6:32781 (size: 702.0 B, free: 434.2 MiB)
[2026-05-21T07:00:30.008+0000] {subprocess.py:106} INFO - 26/05/21 07:00:30 INFO BlockManagerInfo: Added broadcast_64_piece0 in memory on 172.30.0.6:32781 (size: 21.3 KiB, free: 434.2 MiB)
[2026-05-21T07:00:30.031+0000] {subprocess.py:106} INFO - 26/05/21 07:00:30 INFO BlockManagerInfo: Added broadcast_66_piece0 in memory on 172.30.0.6:32781 (size: 270.0 B, free: 434.2 MiB)
[2026-05-21T07:00:30.068+0000] {subprocess.py:106} INFO - 26/05/21 07:00:30 INFO BlockManagerInfo: Added broadcast_70_piece0 in memory on 172.30.0.6:32781 (size: 560.0 B, free: 434.2 MiB)
[2026-05-21T07:00:30.164+0000] {subprocess.py:106} INFO - 26/05/21 07:00:30 INFO BlockManagerInfo: Added broadcast_39_piece0 in memory on 172.30.0.6:32781 (size: 30.4 KiB, free: 434.1 MiB)
[2026-05-21T07:00:31.191+0000] {subprocess.py:106} INFO - 26/05/21 07:00:31 INFO TaskSetManager: Starting task 1.0 in stage 42.0 (TID 38) (172.30.0.6, executor 0, partition 1, PROCESS_LOCAL, 17155 bytes)
[2026-05-21T07:00:31.192+0000] {subprocess.py:106} INFO - 26/05/21 07:00:31 INFO TaskSetManager: Finished task 0.0 in stage 42.0 (TID 37) in 1385 ms on 172.30.0.6 (executor 0) (1/2)
[2026-05-21T07:00:32.040+0000] {subprocess.py:106} INFO - 26/05/21 07:00:32 INFO TaskSetManager: Finished task 1.0 in stage 42.0 (TID 38) in 851 ms on 172.30.0.6 (executor 0) (2/2)
[2026-05-21T07:00:32.041+0000] {subprocess.py:106} INFO - 26/05/21 07:00:32 INFO TaskSchedulerImpl: Removed TaskSet 42.0, whose tasks have all completed, from pool
[2026-05-21T07:00:32.042+0000] {subprocess.py:106} INFO - 26/05/21 07:00:32 INFO DAGScheduler: ShuffleMapStage 42 (create at <unknown>:0) finished in 2.242 s
[2026-05-21T07:00:32.043+0000] {subprocess.py:106} INFO - 26/05/21 07:00:32 INFO DAGScheduler: looking for newly runnable stages
[2026-05-21T07:00:32.045+0000] {subprocess.py:106} INFO - 26/05/21 07:00:32 INFO DAGScheduler: running: Set()
[2026-05-21T07:00:32.046+0000] {subprocess.py:106} INFO - 26/05/21 07:00:32 INFO DAGScheduler: waiting: Set()
[2026-05-21T07:00:32.047+0000] {subprocess.py:106} INFO - 26/05/21 07:00:32 INFO DAGScheduler: failed: Set()
[2026-05-21T07:00:32.054+0000] {subprocess.py:106} INFO - 26/05/21 07:00:32 INFO ShufflePartitionsUtil: For shuffle(14), advisory target size: 402653184, actual target size 1083046, minimum partition size: 1048576
[2026-05-21T07:00:32.083+0000] {subprocess.py:106} INFO - 26/05/21 07:00:32 INFO MemoryStore: Block broadcast_73 stored as values in memory (estimated size 32.0 KiB, free 433.5 MiB)
[2026-05-21T07:00:32.088+0000] {subprocess.py:106} INFO - 26/05/21 07:00:32 INFO MemoryStore: Block broadcast_73_piece0 stored as bytes in memory (estimated size 29.9 KiB, free 433.5 MiB)
[2026-05-21T07:00:32.089+0000] {subprocess.py:106} INFO - 26/05/21 07:00:32 INFO BlockManagerInfo: Added broadcast_73_piece0 in memory on c05002f484b8:46227 (size: 29.9 KiB, free: 433.9 MiB)
[2026-05-21T07:00:32.092+0000] {subprocess.py:106} INFO - 26/05/21 07:00:32 INFO SparkContext: Created broadcast 73 from broadcast at SparkWrite.java:193
[2026-05-21T07:00:32.093+0000] {subprocess.py:106} INFO - 26/05/21 07:00:32 INFO AppendDataExec: Start processing data source write support: IcebergBatchWrite(table=gold.fact_job_posting, format=PARQUET). The input RDD has 2 partitions.
[2026-05-21T07:00:32.095+0000] {subprocess.py:106} INFO - 26/05/21 07:00:32 INFO SparkContext: Starting job: create at <unknown>:0
[2026-05-21T07:00:32.096+0000] {subprocess.py:106} INFO - 26/05/21 07:00:32 INFO DAGScheduler: Got job 27 (create at <unknown>:0) with 2 output partitions
[2026-05-21T07:00:32.097+0000] {subprocess.py:106} INFO - 26/05/21 07:00:32 INFO DAGScheduler: Final stage: ResultStage 44 (create at <unknown>:0)
[2026-05-21T07:00:32.098+0000] {subprocess.py:106} INFO - 26/05/21 07:00:32 INFO DAGScheduler: Parents of final stage: List(ShuffleMapStage 43)
[2026-05-21T07:00:32.099+0000] {subprocess.py:106} INFO - 26/05/21 07:00:32 INFO DAGScheduler: Missing parents: List()
[2026-05-21T07:00:32.099+0000] {subprocess.py:106} INFO - 26/05/21 07:00:32 INFO DAGScheduler: Submitting ResultStage 44 (ShuffledRowRDD[87] at create at <unknown>:0), which has no missing parents
[2026-05-21T07:00:32.100+0000] {subprocess.py:106} INFO - 26/05/21 07:00:32 INFO MemoryStore: Block broadcast_74 stored as values in memory (estimated size 10.7 KiB, free 433.5 MiB)
[2026-05-21T07:00:32.103+0000] {subprocess.py:106} INFO - 26/05/21 07:00:32 INFO MemoryStore: Block broadcast_74_piece0 stored as bytes in memory (estimated size 5.7 KiB, free 433.5 MiB)
[2026-05-21T07:00:32.106+0000] {subprocess.py:106} INFO - 26/05/21 07:00:32 INFO BlockManagerInfo: Added broadcast_74_piece0 in memory on c05002f484b8:46227 (size: 5.7 KiB, free: 433.9 MiB)
[2026-05-21T07:00:32.113+0000] {subprocess.py:106} INFO - 26/05/21 07:00:32 INFO SparkContext: Created broadcast 74 from broadcast at DAGScheduler.scala:1585
[2026-05-21T07:00:32.114+0000] {subprocess.py:106} INFO - 26/05/21 07:00:32 INFO DAGScheduler: Submitting 2 missing tasks from ResultStage 44 (ShuffledRowRDD[87] at create at <unknown>:0) (first 15 tasks are for partitions Vector(0, 1))
[2026-05-21T07:00:32.118+0000] {subprocess.py:106} INFO - 26/05/21 07:00:32 INFO TaskSchedulerImpl: Adding task set 44.0 with 2 tasks resource profile 0
[2026-05-21T07:00:32.120+0000] {subprocess.py:106} INFO - 26/05/21 07:00:32 INFO TaskSetManager: Starting task 0.0 in stage 44.0 (TID 39) (172.30.0.6, executor 0, partition 0, NODE_LOCAL, 9976 bytes)
[2026-05-21T07:00:32.152+0000] {subprocess.py:106} INFO - 26/05/21 07:00:32 INFO BlockManagerInfo: Added broadcast_74_piece0 in memory on 172.30.0.6:32781 (size: 5.7 KiB, free: 434.1 MiB)
[2026-05-21T07:00:32.176+0000] {subprocess.py:106} INFO - 26/05/21 07:00:32 INFO MapOutputTrackerMasterEndpoint: Asked to send map output locations for shuffle 14 to 172.30.0.6:36864
[2026-05-21T07:00:32.191+0000] {subprocess.py:106} INFO - 26/05/21 07:00:32 INFO BlockManagerInfo: Added broadcast_73_piece0 in memory on 172.30.0.6:32781 (size: 29.9 KiB, free: 434.1 MiB)
[2026-05-21T07:00:41.044+0000] {subprocess.py:106} INFO - 26/05/21 07:00:41 INFO TaskSetManager: Starting task 1.0 in stage 44.0 (TID 40) (172.30.0.6, executor 0, partition 1, NODE_LOCAL, 9976 bytes)
[2026-05-21T07:00:41.060+0000] {subprocess.py:106} INFO - 26/05/21 07:00:41 INFO TaskSetManager: Finished task 0.0 in stage 44.0 (TID 39) in 8946 ms on 172.30.0.6 (executor 0) (1/2)
[2026-05-21T07:00:49.887+0000] {subprocess.py:106} INFO - 26/05/21 07:00:49 INFO TaskSetManager: Finished task 1.0 in stage 44.0 (TID 40) in 8846 ms on 172.30.0.6 (executor 0) (2/2)
[2026-05-21T07:00:49.888+0000] {subprocess.py:106} INFO - 26/05/21 07:00:49 INFO DAGScheduler: ResultStage 44 (create at <unknown>:0) finished in 17.789 s
[2026-05-21T07:00:49.889+0000] {subprocess.py:106} INFO - 26/05/21 07:00:49 INFO DAGScheduler: Job 27 is finished. Cancelling potential speculative or zombie tasks for this job
[2026-05-21T07:00:49.890+0000] {subprocess.py:106} INFO - 26/05/21 07:00:49 INFO TaskSchedulerImpl: Removed TaskSet 44.0, whose tasks have all completed, from pool
[2026-05-21T07:00:49.890+0000] {subprocess.py:106} INFO - 26/05/21 07:00:49 INFO TaskSchedulerImpl: Killing all running tasks in stage 44: Stage finished
[2026-05-21T07:00:49.890+0000] {subprocess.py:106} INFO - 26/05/21 07:00:49 INFO DAGScheduler: Job 27 finished: create at <unknown>:0, took 17.796614 s
[2026-05-21T07:00:49.891+0000] {subprocess.py:106} INFO - 26/05/21 07:00:49 INFO AppendDataExec: Data source write support IcebergBatchWrite(table=gold.fact_job_posting, format=PARQUET) is committing.
[2026-05-21T07:00:49.893+0000] {subprocess.py:106} INFO - 26/05/21 07:00:49 INFO SparkWrite: Committing append with 201 new data files to table gold.fact_job_posting
[2026-05-21T07:00:50.090+0000] {subprocess.py:106} INFO - 26/05/21 07:00:50 INFO SnapshotProducer: Committed snapshot 5847019508586531205 (MergeAppend)
[2026-05-21T07:00:50.121+0000] {subprocess.py:106} INFO - 26/05/21 07:00:50 INFO LoggingMetricsReporter: Received metrics report: CommitReport{tableName=gold.fact_job_posting, snapshotId=5847019508586531205, sequenceNumber=1, operation=append, commitMetrics=CommitMetricsResult{totalDuration=TimerResult{timeUnit=NANOSECONDS, totalDuration=PT0.227198567S, count=1}, attempts=CounterResult{unit=COUNT, value=1}, addedDataFiles=CounterResult{unit=COUNT, value=201}, removedDataFiles=null, totalDataFiles=CounterResult{unit=COUNT, value=201}, addedDeleteFiles=null, addedEqualityDeleteFiles=null, addedPositionalDeleteFiles=null, removedDeleteFiles=null, removedEqualityDeleteFiles=null, removedPositionalDeleteFiles=null, totalDeleteFiles=CounterResult{unit=COUNT, value=0}, addedRecords=CounterResult{unit=COUNT, value=47516}, removedRecords=null, totalRecords=CounterResult{unit=COUNT, value=47516}, addedFilesSizeInBytes=CounterResult{unit=BYTES, value=1837250}, removedFilesSizeInBytes=null, totalFilesSizeInBytes=CounterResult{unit=BYTES, value=1837250}, addedPositionalDeletes=null, removedPositionalDeletes=null, totalPositionalDeletes=CounterResult{unit=COUNT, value=0}, addedEqualityDeletes=null, removedEqualityDeletes=null, totalEqualityDeletes=CounterResult{unit=COUNT, value=0}}, metadata={engine-version=3.5.3, app-id=app-20260521065928-0005, engine-name=spark, iceberg-version=Apache Iceberg 1.6.1 (commit 8e9d59d299be42b0bca9461457cd1e95dbaad086)}}
[2026-05-21T07:00:50.124+0000] {subprocess.py:106} INFO - 26/05/21 07:00:50 INFO SparkWrite: Committed in 227 ms
[2026-05-21T07:00:50.124+0000] {subprocess.py:106} INFO - 26/05/21 07:00:50 INFO AppendDataExec: Data source write support IcebergBatchWrite(table=gold.fact_job_posting, format=PARQUET) committed.
[2026-05-21T07:00:50.382+0000] {subprocess.py:106} INFO - 26/05/21 07:00:50 INFO HiveTableOperations: Committed to table iceberg.gold.fact_job_posting with the new metadata location s3a://warehouse/iceberg_data/gold.db/fact_job_posting/metadata/00000-f6363643-482b-4930-ac46-1f07f4a6fd7e.metadata.json
[2026-05-21T07:00:50.385+0000] {subprocess.py:106} INFO - 26/05/21 07:00:50 INFO BaseMetastoreTableOperations: Successfully committed to table iceberg.gold.fact_job_posting in 261 ms
[2026-05-21T07:00:50.430+0000] {subprocess.py:106} INFO - 26/05/21 07:00:50 INFO V2ScanRelationPushDown:
[2026-05-21T07:00:50.431+0000] {subprocess.py:106} INFO - Pushing operators to iceberg.silver.it_jobs_clean
[2026-05-21T07:00:50.432+0000] {subprocess.py:106} INFO - Pushed Filters: location IS NOT NULL, skills_required IS NOT NULL
[2026-05-21T07:00:50.433+0000] {subprocess.py:106} INFO - Post-Scan Filters: isnotnull(location#2),isnotnull(skills_required#3),(size(location#2, true) > 0),(size(skills_required#3, true) > 0)
[2026-05-21T07:00:50.433+0000] {subprocess.py:106} INFO - 
[2026-05-21T07:00:50.436+0000] {subprocess.py:106} INFO - 26/05/21 07:00:50 INFO V2ScanRelationPushDown:
[2026-05-21T07:00:50.441+0000] {subprocess.py:106} INFO - Output: location#2, skills_required#3
[2026-05-21T07:00:50.443+0000] {subprocess.py:106} INFO - 
[2026-05-21T07:00:50.444+0000] {subprocess.py:106} INFO - 26/05/21 07:00:50 INFO SnapshotScan: Scanning table iceberg.silver.it_jobs_clean snapshot 5375345670392648344 created at 2026-05-21T06:47:17.683+00:00 with filter (location IS NOT NULL AND skills_required IS NOT NULL)
[2026-05-21T07:00:50.445+0000] {subprocess.py:106} INFO - 26/05/21 07:00:50 INFO BaseDistributedDataScan: Planning file tasks locally for table iceberg.silver.it_jobs_clean
[2026-05-21T07:00:50.487+0000] {subprocess.py:106} INFO - 26/05/21 07:00:50 INFO SparkPartitioningAwareScan: Reporting UnknownPartitioning with 2 partition(s) for table iceberg.silver.it_jobs_clean
[2026-05-21T07:00:50.494+0000] {subprocess.py:106} INFO - 26/05/21 07:00:50 INFO MemoryStore: Block broadcast_75 stored as values in memory (estimated size 32.0 KiB, free 433.4 MiB)
[2026-05-21T07:00:50.496+0000] {subprocess.py:106} INFO - 26/05/21 07:00:50 INFO MemoryStore: Block broadcast_75_piece0 stored as bytes in memory (estimated size 30.4 KiB, free 433.4 MiB)
[2026-05-21T07:00:50.497+0000] {subprocess.py:106} INFO - 26/05/21 07:00:50 INFO BlockManagerInfo: Added broadcast_75_piece0 in memory on c05002f484b8:46227 (size: 30.4 KiB, free: 433.9 MiB)
[2026-05-21T07:00:50.498+0000] {subprocess.py:106} INFO - 26/05/21 07:00:50 INFO SparkContext: Created broadcast 75 from broadcast at SparkBatch.java:79
[2026-05-21T07:00:50.504+0000] {subprocess.py:106} INFO - 26/05/21 07:00:50 INFO MemoryStore: Block broadcast_76 stored as values in memory (estimated size 32.0 KiB, free 433.4 MiB)
[2026-05-21T07:00:50.525+0000] {subprocess.py:106} INFO - 26/05/21 07:00:50 INFO BlockManagerInfo: Removed broadcast_74_piece0 on c05002f484b8:46227 in memory (size: 5.7 KiB, free: 433.9 MiB)
[2026-05-21T07:00:50.532+0000] {subprocess.py:106} INFO - 26/05/21 07:00:50 INFO BlockManagerInfo: Removed broadcast_74_piece0 on 172.30.0.6:32781 in memory (size: 5.7 KiB, free: 434.1 MiB)
[2026-05-21T07:00:50.534+0000] {subprocess.py:106} INFO - 26/05/21 07:00:50 INFO MemoryStore: Block broadcast_76_piece0 stored as bytes in memory (estimated size 30.3 KiB, free 433.4 MiB)
[2026-05-21T07:00:50.535+0000] {subprocess.py:106} INFO - 26/05/21 07:00:50 INFO BlockManagerInfo: Added broadcast_76_piece0 in memory on c05002f484b8:46227 (size: 30.3 KiB, free: 433.9 MiB)
[2026-05-21T07:00:50.538+0000] {subprocess.py:106} INFO - 26/05/21 07:00:50 INFO SparkContext: Created broadcast 76 from broadcast at SparkBatch.java:79
[2026-05-21T07:00:50.540+0000] {subprocess.py:106} INFO - 26/05/21 07:00:50 INFO BlockManagerInfo: Removed broadcast_72_piece0 on c05002f484b8:46227 in memory (size: 13.6 KiB, free: 433.9 MiB)
[2026-05-21T07:00:50.541+0000] {subprocess.py:106} INFO - 26/05/21 07:00:50 INFO BlockManagerInfo: Removed broadcast_72_piece0 on 172.30.0.6:32781 in memory (size: 13.6 KiB, free: 434.1 MiB)
[2026-05-21T07:00:50.550+0000] {subprocess.py:106} INFO - 26/05/21 07:00:50 INFO BlockManagerInfo: Removed broadcast_73_piece0 on c05002f484b8:46227 in memory (size: 29.9 KiB, free: 433.9 MiB)
[2026-05-21T07:00:50.557+0000] {subprocess.py:106} INFO - 26/05/21 07:00:50 INFO BlockManagerInfo: Removed broadcast_73_piece0 on 172.30.0.6:32781 in memory (size: 29.9 KiB, free: 434.1 MiB)
[2026-05-21T07:00:50.649+0000] {subprocess.py:106} INFO - 26/05/21 07:00:50 INFO CodeGenerator: Code generated in 42.320309 ms
[2026-05-21T07:00:50.660+0000] {subprocess.py:106} INFO - 26/05/21 07:00:50 INFO DAGScheduler: Registering RDD 91 (count at <unknown>:0) as input to shuffle 15
[2026-05-21T07:00:50.662+0000] {subprocess.py:106} INFO - 26/05/21 07:00:50 INFO DAGScheduler: Got map stage job 28 (count at <unknown>:0) with 2 output partitions
[2026-05-21T07:00:50.664+0000] {subprocess.py:106} INFO - 26/05/21 07:00:50 INFO DAGScheduler: Final stage: ShuffleMapStage 45 (count at <unknown>:0)
[2026-05-21T07:00:50.665+0000] {subprocess.py:106} INFO - 26/05/21 07:00:50 INFO DAGScheduler: Parents of final stage: List()
[2026-05-21T07:00:50.666+0000] {subprocess.py:106} INFO - 26/05/21 07:00:50 INFO DAGScheduler: Missing parents: List()
[2026-05-21T07:00:50.666+0000] {subprocess.py:106} INFO - 26/05/21 07:00:50 INFO DAGScheduler: Submitting ShuffleMapStage 45 (MapPartitionsRDD[91] at count at <unknown>:0), which has no missing parents
[2026-05-21T07:00:50.667+0000] {subprocess.py:106} INFO - 26/05/21 07:00:50 INFO MemoryStore: Block broadcast_77 stored as values in memory (estimated size 19.7 KiB, free 433.4 MiB)
[2026-05-21T07:00:50.668+0000] {subprocess.py:106} INFO - 26/05/21 07:00:50 INFO MemoryStore: Block broadcast_77_piece0 stored as bytes in memory (estimated size 7.8 KiB, free 433.4 MiB)
[2026-05-21T07:00:50.669+0000] {subprocess.py:106} INFO - 26/05/21 07:00:50 INFO BlockManagerInfo: Added broadcast_77_piece0 in memory on c05002f484b8:46227 (size: 7.8 KiB, free: 433.9 MiB)
[2026-05-21T07:00:50.670+0000] {subprocess.py:106} INFO - 26/05/21 07:00:50 INFO SparkContext: Created broadcast 77 from broadcast at DAGScheduler.scala:1585
[2026-05-21T07:00:50.671+0000] {subprocess.py:106} INFO - 26/05/21 07:00:50 INFO DAGScheduler: Submitting 2 missing tasks from ShuffleMapStage 45 (MapPartitionsRDD[91] at count at <unknown>:0) (first 15 tasks are for partitions Vector(0, 1))
[2026-05-21T07:00:50.672+0000] {subprocess.py:106} INFO - 26/05/21 07:00:50 INFO TaskSchedulerImpl: Adding task set 45.0 with 2 tasks resource profile 0
[2026-05-21T07:00:50.675+0000] {subprocess.py:106} INFO - 26/05/21 07:00:50 INFO TaskSetManager: Starting task 0.0 in stage 45.0 (TID 41) (172.30.0.6, executor 0, partition 0, PROCESS_LOCAL, 16684 bytes)
[2026-05-21T07:00:50.687+0000] {subprocess.py:106} INFO - 26/05/21 07:00:50 INFO BlockManagerInfo: Added broadcast_77_piece0 in memory on 172.30.0.6:32781 (size: 7.8 KiB, free: 434.1 MiB)
[2026-05-21T07:00:50.716+0000] {subprocess.py:106} INFO - 26/05/21 07:00:50 INFO BlockManagerInfo: Added broadcast_76_piece0 in memory on 172.30.0.6:32781 (size: 30.3 KiB, free: 434.1 MiB)
[2026-05-21T07:00:50.997+0000] {subprocess.py:106} INFO - 26/05/21 07:00:50 INFO TaskSetManager: Starting task 1.0 in stage 45.0 (TID 42) (172.30.0.6, executor 0, partition 1, PROCESS_LOCAL, 16848 bytes)
[2026-05-21T07:00:51.001+0000] {subprocess.py:106} INFO - 26/05/21 07:00:50 INFO TaskSetManager: Finished task 0.0 in stage 45.0 (TID 41) in 323 ms on 172.30.0.6 (executor 0) (1/2)
[2026-05-21T07:00:51.219+0000] {subprocess.py:106} INFO - 26/05/21 07:00:51 INFO TaskSetManager: Finished task 1.0 in stage 45.0 (TID 42) in 225 ms on 172.30.0.6 (executor 0) (2/2)
[2026-05-21T07:00:51.220+0000] {subprocess.py:106} INFO - 26/05/21 07:00:51 INFO TaskSchedulerImpl: Removed TaskSet 45.0, whose tasks have all completed, from pool
[2026-05-21T07:00:51.221+0000] {subprocess.py:106} INFO - 26/05/21 07:00:51 INFO DAGScheduler: ShuffleMapStage 45 (count at <unknown>:0) finished in 0.559 s
[2026-05-21T07:00:51.222+0000] {subprocess.py:106} INFO - 26/05/21 07:00:51 INFO DAGScheduler: looking for newly runnable stages
[2026-05-21T07:00:51.222+0000] {subprocess.py:106} INFO - 26/05/21 07:00:51 INFO DAGScheduler: running: Set()
[2026-05-21T07:00:51.222+0000] {subprocess.py:106} INFO - 26/05/21 07:00:51 INFO DAGScheduler: waiting: Set()
[2026-05-21T07:00:51.223+0000] {subprocess.py:106} INFO - 26/05/21 07:00:51 INFO DAGScheduler: failed: Set()
[2026-05-21T07:00:51.237+0000] {subprocess.py:106} INFO - 26/05/21 07:00:51 INFO CodeGenerator: Code generated in 7.659473 ms
[2026-05-21T07:00:51.248+0000] {subprocess.py:106} INFO - 26/05/21 07:00:51 INFO SparkContext: Starting job: count at <unknown>:0
[2026-05-21T07:00:51.250+0000] {subprocess.py:106} INFO - 26/05/21 07:00:51 INFO DAGScheduler: Got job 29 (count at <unknown>:0) with 1 output partitions
[2026-05-21T07:00:51.251+0000] {subprocess.py:106} INFO - 26/05/21 07:00:51 INFO DAGScheduler: Final stage: ResultStage 47 (count at <unknown>:0)
[2026-05-21T07:00:51.252+0000] {subprocess.py:106} INFO - 26/05/21 07:00:51 INFO DAGScheduler: Parents of final stage: List(ShuffleMapStage 46)
[2026-05-21T07:00:51.253+0000] {subprocess.py:106} INFO - 26/05/21 07:00:51 INFO DAGScheduler: Missing parents: List()
[2026-05-21T07:00:51.256+0000] {subprocess.py:106} INFO - 26/05/21 07:00:51 INFO DAGScheduler: Submitting ResultStage 47 (MapPartitionsRDD[94] at count at <unknown>:0), which has no missing parents
[2026-05-21T07:00:51.261+0000] {subprocess.py:106} INFO - 26/05/21 07:00:51 INFO MemoryStore: Block broadcast_78 stored as values in memory (estimated size 12.5 KiB, free 433.4 MiB)
[2026-05-21T07:00:51.262+0000] {subprocess.py:106} INFO - 26/05/21 07:00:51 INFO MemoryStore: Block broadcast_78_piece0 stored as bytes in memory (estimated size 6.0 KiB, free 433.4 MiB)
[2026-05-21T07:00:51.263+0000] {subprocess.py:106} INFO - 26/05/21 07:00:51 INFO BlockManagerInfo: Added broadcast_78_piece0 in memory on c05002f484b8:46227 (size: 6.0 KiB, free: 433.9 MiB)
[2026-05-21T07:00:51.264+0000] {subprocess.py:106} INFO - 26/05/21 07:00:51 INFO SparkContext: Created broadcast 78 from broadcast at DAGScheduler.scala:1585
[2026-05-21T07:00:51.267+0000] {subprocess.py:106} INFO - 26/05/21 07:00:51 INFO DAGScheduler: Submitting 1 missing tasks from ResultStage 47 (MapPartitionsRDD[94] at count at <unknown>:0) (first 15 tasks are for partitions Vector(0))
[2026-05-21T07:00:51.268+0000] {subprocess.py:106} INFO - 26/05/21 07:00:51 INFO TaskSchedulerImpl: Adding task set 47.0 with 1 tasks resource profile 0
[2026-05-21T07:00:51.269+0000] {subprocess.py:106} INFO - 26/05/21 07:00:51 INFO TaskSetManager: Starting task 0.0 in stage 47.0 (TID 43) (172.30.0.6, executor 0, partition 0, NODE_LOCAL, 9976 bytes)
[2026-05-21T07:00:51.277+0000] {subprocess.py:106} INFO - 26/05/21 07:00:51 INFO BlockManagerInfo: Added broadcast_78_piece0 in memory on 172.30.0.6:32781 (size: 6.0 KiB, free: 434.1 MiB)
[2026-05-21T07:00:51.285+0000] {subprocess.py:106} INFO - 26/05/21 07:00:51 INFO MapOutputTrackerMasterEndpoint: Asked to send map output locations for shuffle 15 to 172.30.0.6:36864
[2026-05-21T07:00:51.316+0000] {subprocess.py:106} INFO - 26/05/21 07:00:51 INFO TaskSetManager: Finished task 0.0 in stage 47.0 (TID 43) in 58 ms on 172.30.0.6 (executor 0) (1/1)
[2026-05-21T07:00:51.320+0000] {subprocess.py:106} INFO - 26/05/21 07:00:51 INFO TaskSchedulerImpl: Removed TaskSet 47.0, whose tasks have all completed, from pool
[2026-05-21T07:00:51.327+0000] {subprocess.py:106} INFO - 26/05/21 07:00:51 INFO DAGScheduler: ResultStage 47 (count at <unknown>:0) finished in 0.067 s
[2026-05-21T07:00:51.328+0000] {subprocess.py:106} INFO - 26/05/21 07:00:51 INFO DAGScheduler: Job 29 is finished. Cancelling potential speculative or zombie tasks for this job
[2026-05-21T07:00:51.329+0000] {subprocess.py:106} INFO - 26/05/21 07:00:51 INFO TaskSchedulerImpl: Killing all running tasks in stage 47: Stage finished
[2026-05-21T07:00:51.330+0000] {subprocess.py:106} INFO - 26/05/21 07:00:51 INFO DAGScheduler: Job 29 finished: count at <unknown>:0, took 0.073741 s
[2026-05-21T07:00:51.330+0000] {subprocess.py:106} INFO - >>> GOLD Layer Built Successfully. Fact records: 47516
[2026-05-21T07:00:51.331+0000] {subprocess.py:106} INFO - 26/05/21 07:00:51 INFO SparkContext: SparkContext is stopping with exitCode 0.
[2026-05-21T07:00:51.344+0000] {subprocess.py:106} INFO - 26/05/21 07:00:51 INFO SparkUI: Stopped Spark web UI at http://c05002f484b8:4040
[2026-05-21T07:00:51.357+0000] {subprocess.py:106} INFO - 26/05/21 07:00:51 INFO StandaloneSchedulerBackend: Shutting down all executors
[2026-05-21T07:00:51.359+0000] {subprocess.py:106} INFO - 26/05/21 07:00:51 INFO StandaloneSchedulerBackend$StandaloneDriverEndpoint: Asking each executor to shut down
[2026-05-21T07:00:51.434+0000] {subprocess.py:106} INFO - 26/05/21 07:00:51 INFO MapOutputTrackerMasterEndpoint: MapOutputTrackerMasterEndpoint stopped!
[2026-05-21T07:00:51.482+0000] {subprocess.py:106} INFO - 26/05/21 07:00:51 INFO MemoryStore: MemoryStore cleared
[2026-05-21T07:00:51.483+0000] {subprocess.py:106} INFO - 26/05/21 07:00:51 INFO BlockManager: BlockManager stopped
[2026-05-21T07:00:51.501+0000] {subprocess.py:106} INFO - 26/05/21 07:00:51 INFO BlockManagerMaster: BlockManagerMaster stopped
[2026-05-21T07:00:51.517+0000] {subprocess.py:106} INFO - 26/05/21 07:00:51 INFO OutputCommitCoordinator$OutputCommitCoordinatorEndpoint: OutputCommitCoordinator stopped!
[2026-05-21T07:00:51.682+0000] {subprocess.py:106} INFO - 26/05/21 07:00:51 INFO SparkContext: Successfully stopped SparkContext
[2026-05-21T07:00:52.182+0000] {subprocess.py:106} INFO - 26/05/21 07:00:52 INFO ShutdownHookManager: Shutdown hook called
[2026-05-21T07:00:52.182+0000] {subprocess.py:106} INFO - 26/05/21 07:00:52 INFO ShutdownHookManager: Deleting directory /tmp/spark-40767504-8673-4599-8c38-9010e0cfed35
[2026-05-21T07:00:52.186+0000] {subprocess.py:106} INFO - 26/05/21 07:00:52 INFO ShutdownHookManager: Deleting directory /tmp/spark-78bd5a8e-fa52-4498-b99a-35a2d0d32f45
[2026-05-21T07:00:52.190+0000] {subprocess.py:106} INFO - 26/05/21 07:00:52 INFO ShutdownHookManager: Deleting directory /tmp/spark-40767504-8673-4599-8c38-9010e0cfed35/pyspark-859bc250-5bb9-4b4b-a301-d6bd2a2b2cff
[2026-05-21T07:00:52.202+0000] {subprocess.py:106} INFO - 26/05/21 07:00:52 INFO MetricsSystemImpl: Stopping s3a-file-system metrics system...
[2026-05-21T07:00:52.203+0000] {subprocess.py:106} INFO - 26/05/21 07:00:52 INFO MetricsSystemImpl: s3a-file-system metrics system stopped.
[2026-05-21T07:00:52.204+0000] {subprocess.py:106} INFO - 26/05/21 07:00:52 INFO MetricsSystemImpl: s3a-file-system metrics system shutdown complete.
[2026-05-21T07:00:52.316+0000] {subprocess.py:110} INFO - Command exited with return code 0
[2026-05-21T07:00:52.411+0000] {taskinstance.py:341} INFO - ::group::Post task execution logs
[2026-05-21T07:00:52.412+0000] {taskinstance.py:353} INFO - Marking task as SUCCESS. dag_id=crawl_etl_itjob, task_id=build_gold, run_id=scheduled__2026-05-20T02:00:00+00:00, execution_date=20260520T020000, start_date=20260521T065921, end_date=20260521T070052
[2026-05-21T07:00:52.530+0000] {local_task_job_runner.py:266} INFO - Task exited with return code 0
[2026-05-21T07:00:52.571+0000] {taskinstance.py:3901} INFO - 0 downstream tasks scheduled from follow-on schedule check
[2026-05-21T07:00:52.574+0000] {local_task_job_runner.py:245} INFO - ::endgroup::
