[2026-04-12T05:46:46.817+0000] {local_task_job_runner.py:123} INFO - ::group::Pre task execution logs
[2026-04-12T05:46:46.854+0000] {taskinstance.py:2614} INFO - Dependencies all met for dep_context=non-requeueable deps ti=<TaskInstance: crawl_etl_itjob.build_gold scheduled__2026-04-11T02:00:00+00:00 [queued]>
[2026-04-12T05:46:46.864+0000] {taskinstance.py:2614} INFO - Dependencies all met for dep_context=requeueable deps ti=<TaskInstance: crawl_etl_itjob.build_gold scheduled__2026-04-11T02:00:00+00:00 [queued]>
[2026-04-12T05:46:46.865+0000] {taskinstance.py:2867} INFO - Starting attempt 1 of 2
[2026-04-12T05:46:46.877+0000] {taskinstance.py:2890} INFO - Executing <Task(BashOperator): build_gold> on 2026-04-11 02:00:00+00:00
[2026-04-12T05:46:46.883+0000] {standard_task_runner.py:72} INFO - Started process 85 to run task
[2026-04-12T05:46:46.887+0000] {standard_task_runner.py:104} INFO - Running: ['***', 'tasks', 'run', 'crawl_etl_itjob', 'build_gold', 'scheduled__2026-04-11T02:00:00+00:00', '--job-id', '91', '--raw', '--subdir', 'DAGS_FOLDER/Crawl_ETL_ITJob.py', '--cfg-path', '/tmp/tmpja8nbh00']
[2026-04-12T05:46:46.888+0000] {standard_task_runner.py:105} INFO - Job 91: Subtask build_gold
[2026-04-12T05:46:46.910+0000] {warnings.py:109} WARNING - /home/***/.local/lib/python3.8/site-packages/***/settings.py:209: DeprecationWarning: The sql_alchemy_conn option in [core] has been moved to the sql_alchemy_conn option in [database] - the old setting has been used, but please update your config.
  SQL_ALCHEMY_CONN = conf.get("database", "SQL_ALCHEMY_CONN")

[2026-04-12T05:46:46.982+0000] {task_command.py:467} INFO - Running <TaskInstance: crawl_etl_itjob.build_gold scheduled__2026-04-11T02:00:00+00:00 [running]> on host 64b3786bead1
[2026-04-12T05:46:46.983+0000] {warnings.py:109} WARNING - /home/***/.local/lib/python3.8/site-packages/***/settings.py:470: DeprecationWarning: The sql_alchemy_conn option in [core] has been moved to the sql_alchemy_conn option in [database] - the old setting has been used, but please update your config.
  if conf.get("database", "sql_alchemy_conn") == "none://":

[2026-04-12T05:46:47.103+0000] {taskinstance.py:3134} INFO - Exporting env vars: AIRFLOW_CTX_DAG_EMAIL='hoa856856@gmail.com' AIRFLOW_CTX_DAG_OWNER='***' AIRFLOW_CTX_DAG_ID='crawl_etl_itjob' AIRFLOW_CTX_TASK_ID='build_gold' AIRFLOW_CTX_EXECUTION_DATE='2026-04-11T02:00:00+00:00' AIRFLOW_CTX_TRY_NUMBER='1' AIRFLOW_CTX_DAG_RUN_ID='scheduled__2026-04-11T02:00:00+00:00'
[2026-04-12T05:46:47.104+0000] {taskinstance.py:732} INFO - ::endgroup::
[2026-04-12T05:46:47.115+0000] {subprocess.py:78} INFO - Tmp dir root location: /tmp
[2026-04-12T05:46:47.117+0000] {subprocess.py:88} INFO - Running command: ['/bin/bash', '-c', "\n        docker exec spark-submit bash -c '\n        /opt/spark/bin/spark-submit         --master spark://spark-master:7077         --deploy-mode client         --packages org.apache.iceberg:iceberg-spark-runtime-3.5_2.12:1.5.0,org.apache.hadoop:hadoop-aws:3.3.4,com.amazonaws:aws-java-sdk-bundle:1.12.262         /opt/spark/scripts/Build_Gold.py\n        '\n        "]
[2026-04-12T05:46:47.126+0000] {subprocess.py:99} INFO - Output:
[2026-04-12T05:46:48.829+0000] {subprocess.py:106} INFO - :: loading settings :: url = jar:file:/opt/spark/jars/ivy-2.5.1.jar!/org/apache/ivy/core/settings/ivysettings.xml
[2026-04-12T05:46:48.929+0000] {subprocess.py:106} INFO - Ivy Default Cache set to: /home/spark/.ivy2/cache
[2026-04-12T05:46:48.931+0000] {subprocess.py:106} INFO - The jars for the packages stored in: /home/spark/.ivy2/jars
[2026-04-12T05:46:48.936+0000] {subprocess.py:106} INFO - org.apache.iceberg#iceberg-spark-runtime-3.5_2.12 added as a dependency
[2026-04-12T05:46:48.937+0000] {subprocess.py:106} INFO - org.apache.hadoop#hadoop-aws added as a dependency
[2026-04-12T05:46:48.939+0000] {subprocess.py:106} INFO - com.amazonaws#aws-java-sdk-bundle added as a dependency
[2026-04-12T05:46:48.940+0000] {subprocess.py:106} INFO - :: resolving dependencies :: org.apache.spark#spark-submit-parent-c65eb12d-01b5-4f96-827c-be9d02f0d2ff;1.0
[2026-04-12T05:46:48.941+0000] {subprocess.py:106} INFO - 	confs: [default]
[2026-04-12T05:46:49.032+0000] {subprocess.py:106} INFO - 	found org.apache.iceberg#iceberg-spark-runtime-3.5_2.12;1.5.0 in central
[2026-04-12T05:46:49.112+0000] {subprocess.py:106} INFO - 	found org.apache.hadoop#hadoop-aws;3.3.4 in central
[2026-04-12T05:46:49.142+0000] {subprocess.py:106} INFO - 	found com.amazonaws#aws-java-sdk-bundle;1.12.262 in central
[2026-04-12T05:46:49.171+0000] {subprocess.py:106} INFO - 	found org.wildfly.openssl#wildfly-openssl;1.0.7.Final in central
[2026-04-12T05:46:49.204+0000] {subprocess.py:106} INFO - :: resolution report :: resolve 251ms :: artifacts dl 15ms
[2026-04-12T05:46:49.205+0000] {subprocess.py:106} INFO - 	:: modules in use:
[2026-04-12T05:46:49.206+0000] {subprocess.py:106} INFO - 	com.amazonaws#aws-java-sdk-bundle;1.12.262 from central in [default]
[2026-04-12T05:46:49.206+0000] {subprocess.py:106} INFO - 	org.apache.hadoop#hadoop-aws;3.3.4 from central in [default]
[2026-04-12T05:46:49.207+0000] {subprocess.py:106} INFO - 	org.apache.iceberg#iceberg-spark-runtime-3.5_2.12;1.5.0 from central in [default]
[2026-04-12T05:46:49.208+0000] {subprocess.py:106} INFO - 	org.wildfly.openssl#wildfly-openssl;1.0.7.Final from central in [default]
[2026-04-12T05:46:49.209+0000] {subprocess.py:106} INFO - 	---------------------------------------------------------------------
[2026-04-12T05:46:49.209+0000] {subprocess.py:106} INFO - 	|                  |            modules            ||   artifacts   |
[2026-04-12T05:46:49.210+0000] {subprocess.py:106} INFO - 	|       conf       | number| search|dwnlded|evicted|| number|dwnlded|
[2026-04-12T05:46:49.210+0000] {subprocess.py:106} INFO - 	---------------------------------------------------------------------
[2026-04-12T05:46:49.211+0000] {subprocess.py:106} INFO - 	|      default     |   4   |   0   |   0   |   0   ||   4   |   0   |
[2026-04-12T05:46:49.211+0000] {subprocess.py:106} INFO - 	---------------------------------------------------------------------
[2026-04-12T05:46:49.214+0000] {subprocess.py:106} INFO - :: retrieving :: org.apache.spark#spark-submit-parent-c65eb12d-01b5-4f96-827c-be9d02f0d2ff
[2026-04-12T05:46:49.215+0000] {subprocess.py:106} INFO - 	confs: [default]
[2026-04-12T05:46:49.222+0000] {subprocess.py:106} INFO - 	0 artifacts copied, 4 already retrieved (0kB/8ms)
[2026-04-12T05:46:49.569+0000] {subprocess.py:106} INFO - 26/04/12 05:46:49 WARN NativeCodeLoader: Unable to load native-hadoop library for your platform... using builtin-java classes where applicable
[2026-04-12T05:46:50.853+0000] {subprocess.py:106} INFO - 26/04/12 05:46:50 INFO SparkContext: Running Spark version 3.5.3
[2026-04-12T05:46:50.856+0000] {subprocess.py:106} INFO - 26/04/12 05:46:50 INFO SparkContext: OS info Linux, 6.6.87.2-microsoft-standard-WSL2, amd64
[2026-04-12T05:46:50.857+0000] {subprocess.py:106} INFO - 26/04/12 05:46:50 INFO SparkContext: Java version 11.0.24
[2026-04-12T05:46:50.885+0000] {subprocess.py:106} INFO - 26/04/12 05:46:50 INFO ResourceUtils: ==============================================================
[2026-04-12T05:46:50.886+0000] {subprocess.py:106} INFO - 26/04/12 05:46:50 INFO ResourceUtils: No custom resources configured for spark.driver.
[2026-04-12T05:46:50.887+0000] {subprocess.py:106} INFO - 26/04/12 05:46:50 INFO ResourceUtils: ==============================================================
[2026-04-12T05:46:50.888+0000] {subprocess.py:106} INFO - 26/04/12 05:46:50 INFO SparkContext: Submitted application: Build_Gold_Layer_Star_Schema
[2026-04-12T05:46:50.917+0000] {subprocess.py:106} INFO - 26/04/12 05:46:50 INFO ResourceProfile: Default ResourceProfile created, executor resources: Map(memory -> name: memory, amount: 1024, script: , vendor: , offHeap -> name: offHeap, amount: 0, script: , vendor: ), task resources: Map(cpus -> name: cpus, amount: 1.0)
[2026-04-12T05:46:50.930+0000] {subprocess.py:106} INFO - 26/04/12 05:46:50 INFO ResourceProfile: Limiting resource is cpu
[2026-04-12T05:46:50.931+0000] {subprocess.py:106} INFO - 26/04/12 05:46:50 INFO ResourceProfileManager: Added ResourceProfile id: 0
[2026-04-12T05:46:50.993+0000] {subprocess.py:106} INFO - 26/04/12 05:46:50 INFO SecurityManager: Changing view acls to: spark
[2026-04-12T05:46:50.994+0000] {subprocess.py:106} INFO - 26/04/12 05:46:50 INFO SecurityManager: Changing modify acls to: spark
[2026-04-12T05:46:50.995+0000] {subprocess.py:106} INFO - 26/04/12 05:46:50 INFO SecurityManager: Changing view acls groups to:
[2026-04-12T05:46:50.995+0000] {subprocess.py:106} INFO - 26/04/12 05:46:50 INFO SecurityManager: Changing modify acls groups to:
[2026-04-12T05:46:50.996+0000] {subprocess.py:106} INFO - 26/04/12 05:46:50 INFO SecurityManager: SecurityManager: authentication disabled; ui acls disabled; users with view permissions: spark; groups with view permissions: EMPTY; users with modify permissions: spark; groups with modify permissions: EMPTY
[2026-04-12T05:46:51.233+0000] {subprocess.py:106} INFO - 26/04/12 05:46:51 INFO Utils: Successfully started service 'sparkDriver' on port 44885.
[2026-04-12T05:46:51.264+0000] {subprocess.py:106} INFO - 26/04/12 05:46:51 INFO SparkEnv: Registering MapOutputTracker
[2026-04-12T05:46:51.296+0000] {subprocess.py:106} INFO - 26/04/12 05:46:51 INFO SparkEnv: Registering BlockManagerMaster
[2026-04-12T05:46:51.309+0000] {subprocess.py:106} INFO - 26/04/12 05:46:51 INFO BlockManagerMasterEndpoint: Using org.apache.spark.storage.DefaultTopologyMapper for getting topology information
[2026-04-12T05:46:51.310+0000] {subprocess.py:106} INFO - 26/04/12 05:46:51 INFO BlockManagerMasterEndpoint: BlockManagerMasterEndpoint up
[2026-04-12T05:46:51.314+0000] {subprocess.py:106} INFO - 26/04/12 05:46:51 INFO SparkEnv: Registering BlockManagerMasterHeartbeat
[2026-04-12T05:46:51.339+0000] {subprocess.py:106} INFO - 26/04/12 05:46:51 INFO DiskBlockManager: Created local directory at /tmp/blockmgr-28744b93-28d8-4119-bdf4-26f720dfd6db
[2026-04-12T05:46:51.361+0000] {subprocess.py:106} INFO - 26/04/12 05:46:51 INFO MemoryStore: MemoryStore started with capacity 434.4 MiB
[2026-04-12T05:46:51.383+0000] {subprocess.py:106} INFO - 26/04/12 05:46:51 INFO SparkEnv: Registering OutputCommitCoordinator
[2026-04-12T05:46:51.552+0000] {subprocess.py:106} INFO - 26/04/12 05:46:51 INFO JettyUtils: Start Jetty 0.0.0.0:4040 for SparkUI
[2026-04-12T05:46:51.606+0000] {subprocess.py:106} INFO - 26/04/12 05:46:51 INFO Utils: Successfully started service 'SparkUI' on port 4040.
[2026-04-12T05:46:51.644+0000] {subprocess.py:106} INFO - 26/04/12 05:46:51 INFO SparkContext: Added JAR file:///home/spark/.ivy2/jars/org.apache.iceberg_iceberg-spark-runtime-3.5_2.12-1.5.0.jar at spark://c05002f484b8:44885/jars/org.apache.iceberg_iceberg-spark-runtime-3.5_2.12-1.5.0.jar with timestamp 1775972810841
[2026-04-12T05:46:51.645+0000] {subprocess.py:106} INFO - 26/04/12 05:46:51 INFO SparkContext: Added JAR file:///home/spark/.ivy2/jars/org.apache.hadoop_hadoop-aws-3.3.4.jar at spark://c05002f484b8:44885/jars/org.apache.hadoop_hadoop-aws-3.3.4.jar with timestamp 1775972810841
[2026-04-12T05:46:51.645+0000] {subprocess.py:106} INFO - 26/04/12 05:46:51 INFO SparkContext: Added JAR file:///home/spark/.ivy2/jars/com.amazonaws_aws-java-sdk-bundle-1.12.262.jar at spark://c05002f484b8:44885/jars/com.amazonaws_aws-java-sdk-bundle-1.12.262.jar with timestamp 1775972810841
[2026-04-12T05:46:51.646+0000] {subprocess.py:106} INFO - 26/04/12 05:46:51 INFO SparkContext: Added JAR file:///home/spark/.ivy2/jars/org.wildfly.openssl_wildfly-openssl-1.0.7.Final.jar at spark://c05002f484b8:44885/jars/org.wildfly.openssl_wildfly-openssl-1.0.7.Final.jar with timestamp 1775972810841
[2026-04-12T05:46:51.650+0000] {subprocess.py:106} INFO - 26/04/12 05:46:51 INFO SparkContext: Added file file:///home/spark/.ivy2/jars/org.apache.iceberg_iceberg-spark-runtime-3.5_2.12-1.5.0.jar at spark://c05002f484b8:44885/files/org.apache.iceberg_iceberg-spark-runtime-3.5_2.12-1.5.0.jar with timestamp 1775972810841
[2026-04-12T05:46:51.652+0000] {subprocess.py:106} INFO - 26/04/12 05:46:51 INFO Utils: Copying /home/spark/.ivy2/jars/org.apache.iceberg_iceberg-spark-runtime-3.5_2.12-1.5.0.jar to /tmp/spark-c2e8cb8d-50ca-451b-a0dd-5522051cb607/userFiles-f1169f0f-74a8-4cd2-9362-9d081ae14fd9/org.apache.iceberg_iceberg-spark-runtime-3.5_2.12-1.5.0.jar
[2026-04-12T05:46:51.693+0000] {subprocess.py:106} INFO - 26/04/12 05:46:51 INFO SparkContext: Added file file:///home/spark/.ivy2/jars/org.apache.hadoop_hadoop-aws-3.3.4.jar at spark://c05002f484b8:44885/files/org.apache.hadoop_hadoop-aws-3.3.4.jar with timestamp 1775972810841
[2026-04-12T05:46:51.694+0000] {subprocess.py:106} INFO - 26/04/12 05:46:51 INFO Utils: Copying /home/spark/.ivy2/jars/org.apache.hadoop_hadoop-aws-3.3.4.jar to /tmp/spark-c2e8cb8d-50ca-451b-a0dd-5522051cb607/userFiles-f1169f0f-74a8-4cd2-9362-9d081ae14fd9/org.apache.hadoop_hadoop-aws-3.3.4.jar
[2026-04-12T05:46:51.699+0000] {subprocess.py:106} INFO - 26/04/12 05:46:51 INFO SparkContext: Added file file:///home/spark/.ivy2/jars/com.amazonaws_aws-java-sdk-bundle-1.12.262.jar at spark://c05002f484b8:44885/files/com.amazonaws_aws-java-sdk-bundle-1.12.262.jar with timestamp 1775972810841
[2026-04-12T05:46:51.700+0000] {subprocess.py:106} INFO - 26/04/12 05:46:51 INFO Utils: Copying /home/spark/.ivy2/jars/com.amazonaws_aws-java-sdk-bundle-1.12.262.jar to /tmp/spark-c2e8cb8d-50ca-451b-a0dd-5522051cb607/userFiles-f1169f0f-74a8-4cd2-9362-9d081ae14fd9/com.amazonaws_aws-java-sdk-bundle-1.12.262.jar
[2026-04-12T05:46:51.960+0000] {subprocess.py:106} INFO - 26/04/12 05:46:51 INFO SparkContext: Added file file:///home/spark/.ivy2/jars/org.wildfly.openssl_wildfly-openssl-1.0.7.Final.jar at spark://c05002f484b8:44885/files/org.wildfly.openssl_wildfly-openssl-1.0.7.Final.jar with timestamp 1775972810841
[2026-04-12T05:46:51.961+0000] {subprocess.py:106} INFO - 26/04/12 05:46:51 INFO Utils: Copying /home/spark/.ivy2/jars/org.wildfly.openssl_wildfly-openssl-1.0.7.Final.jar to /tmp/spark-c2e8cb8d-50ca-451b-a0dd-5522051cb607/userFiles-f1169f0f-74a8-4cd2-9362-9d081ae14fd9/org.wildfly.openssl_wildfly-openssl-1.0.7.Final.jar
[2026-04-12T05:46:52.050+0000] {subprocess.py:106} INFO - 26/04/12 05:46:52 INFO StandaloneAppClient$ClientEndpoint: Connecting to master spark://spark-master:7077...
[2026-04-12T05:46:52.096+0000] {subprocess.py:106} INFO - 26/04/12 05:46:52 INFO TransportClientFactory: Successfully created connection to spark-master/172.30.0.13:7077 after 28 ms (0 ms spent in bootstraps)
[2026-04-12T05:46:52.171+0000] {subprocess.py:106} INFO - 26/04/12 05:46:52 INFO StandaloneSchedulerBackend: Connected to Spark cluster with app ID app-20260412054652-0002
[2026-04-12T05:46:52.172+0000] {subprocess.py:106} INFO - 26/04/12 05:46:52 INFO StandaloneAppClient$ClientEndpoint: Executor added: app-20260412054652-0002/0 on worker-20260412052345-172.30.0.14-33503 (172.30.0.14:33503) with 1 core(s)
[2026-04-12T05:46:52.175+0000] {subprocess.py:106} INFO - 26/04/12 05:46:52 INFO StandaloneSchedulerBackend: Granted executor ID app-20260412054652-0002/0 on hostPort 172.30.0.14:33503 with 1 core(s), 1024.0 MiB RAM
[2026-04-12T05:46:52.184+0000] {subprocess.py:106} INFO - 26/04/12 05:46:52 INFO Utils: Successfully started service 'org.apache.spark.network.netty.NettyBlockTransferService' on port 39235.
[2026-04-12T05:46:52.185+0000] {subprocess.py:106} INFO - 26/04/12 05:46:52 INFO NettyBlockTransferService: Server created on c05002f484b8:39235
[2026-04-12T05:46:52.188+0000] {subprocess.py:106} INFO - 26/04/12 05:46:52 INFO BlockManager: Using org.apache.spark.storage.RandomBlockReplicationPolicy for block replication policy
[2026-04-12T05:46:52.197+0000] {subprocess.py:106} INFO - 26/04/12 05:46:52 INFO BlockManagerMaster: Registering BlockManager BlockManagerId(driver, c05002f484b8, 39235, None)
[2026-04-12T05:46:52.202+0000] {subprocess.py:106} INFO - 26/04/12 05:46:52 INFO BlockManagerMasterEndpoint: Registering block manager c05002f484b8:39235 with 434.4 MiB RAM, BlockManagerId(driver, c05002f484b8, 39235, None)
[2026-04-12T05:46:52.207+0000] {subprocess.py:106} INFO - 26/04/12 05:46:52 INFO BlockManagerMaster: Registered BlockManager BlockManagerId(driver, c05002f484b8, 39235, None)
[2026-04-12T05:46:52.208+0000] {subprocess.py:106} INFO - 26/04/12 05:46:52 INFO BlockManager: Initialized BlockManager: BlockManagerId(driver, c05002f484b8, 39235, None)
[2026-04-12T05:46:52.213+0000] {subprocess.py:106} INFO - 26/04/12 05:46:52 INFO StandaloneAppClient$ClientEndpoint: Executor updated: app-20260412054652-0002/0 is now RUNNING
[2026-04-12T05:46:52.537+0000] {subprocess.py:106} INFO - 26/04/12 05:46:52 INFO StandaloneSchedulerBackend: SchedulerBackend is ready for scheduling beginning after reached minRegisteredResourcesRatio: 0.0
[2026-04-12T05:46:52.859+0000] {subprocess.py:106} INFO - 26/04/12 05:46:52 INFO SharedState: Setting hive.metastore.warehouse.dir ('null') to the value of spark.sql.warehouse.dir.
[2026-04-12T05:46:52.864+0000] {subprocess.py:106} INFO - 26/04/12 05:46:52 INFO SharedState: Warehouse path is 'file:/opt/spark/work-dir/spark-warehouse'.
[2026-04-12T05:46:55.690+0000] {subprocess.py:106} INFO - 26/04/12 05:46:55 INFO StandaloneSchedulerBackend$StandaloneDriverEndpoint: Registered executor NettyRpcEndpointRef(spark-client://Executor) (172.30.0.14:45744) with ID 0,  ResourceProfileId 0
[2026-04-12T05:46:55.803+0000] {subprocess.py:106} INFO - 26/04/12 05:46:55 INFO BlockManagerMasterEndpoint: Registering block manager 172.30.0.14:41373 with 434.4 MiB RAM, BlockManagerId(0, 172.30.0.14, 41373, None)
[2026-04-12T05:46:56.047+0000] {subprocess.py:106} INFO - 26/04/12 05:46:56 INFO HiveConf: Found configuration file null
[2026-04-12T05:46:56.284+0000] {subprocess.py:106} INFO - 26/04/12 05:46:56 INFO metastore: Trying to connect to metastore with URI thrift://hive-metastore:9083
[2026-04-12T05:46:56.306+0000] {subprocess.py:106} INFO - 26/04/12 05:46:56 INFO metastore: Opened a connection to metastore, current connections: 1
[2026-04-12T05:46:56.915+0000] {subprocess.py:106} INFO - 26/04/12 05:46:56 INFO metastore: Connected to metastore.
[2026-04-12T05:46:57.032+0000] {subprocess.py:106} INFO - >>> Dropping existing GOLD tables for Full Refresh...
[2026-04-12T05:46:57.171+0000] {subprocess.py:106} INFO - 26/04/12 05:46:57 INFO BaseMetastoreTableOperations: Refreshing table metadata from new version: s3a://warehouse/iceberg_data/gold.db/fact_job_posting/metadata/00000-5c57ad4b-3dba-4964-a75a-38a2ff78b736.metadata.json
[2026-04-12T05:46:57.360+0000] {subprocess.py:106} INFO - 26/04/12 05:46:57 WARN MetricsConfig: Cannot locate configuration: tried hadoop-metrics2-s3a-file-system.properties,hadoop-metrics2.properties
[2026-04-12T05:46:57.378+0000] {subprocess.py:106} INFO - 26/04/12 05:46:57 INFO MetricsSystemImpl: Scheduled Metric snapshot period at 10 second(s).
[2026-04-12T05:46:57.379+0000] {subprocess.py:106} INFO - 26/04/12 05:46:57 INFO MetricsSystemImpl: s3a-file-system metrics system started
[2026-04-12T05:46:58.811+0000] {subprocess.py:106} INFO - 26/04/12 05:46:58 INFO BaseMetastoreCatalog: Table loaded by catalog: iceberg.gold.fact_job_posting
[2026-04-12T05:46:59.251+0000] {subprocess.py:106} INFO - 26/04/12 05:46:59 INFO HiveCatalog: Dropped table: gold.fact_job_posting
[2026-04-12T05:46:59.282+0000] {subprocess.py:106} INFO - 26/04/12 05:46:59 INFO BaseMetastoreTableOperations: Refreshing table metadata from new version: s3a://warehouse/iceberg_data/gold.db/dim_skill/metadata/00000-ed4ff72d-a776-4ee7-94ae-6801b95d63e1.metadata.json
[2026-04-12T05:46:59.308+0000] {subprocess.py:106} INFO - 26/04/12 05:46:59 INFO BaseMetastoreCatalog: Table loaded by catalog: iceberg.gold.dim_skill
[2026-04-12T05:46:59.399+0000] {subprocess.py:106} INFO - 26/04/12 05:46:59 INFO HiveCatalog: Dropped table: gold.dim_skill
[2026-04-12T05:46:59.460+0000] {subprocess.py:106} INFO - 26/04/12 05:46:59 INFO BaseMetastoreTableOperations: Refreshing table metadata from new version: s3a://warehouse/iceberg_data/gold.db/dim_location/metadata/00000-bd9e36ad-a050-467c-97a3-0355eebc2fc9.metadata.json
[2026-04-12T05:46:59.496+0000] {subprocess.py:106} INFO - 26/04/12 05:46:59 INFO BaseMetastoreCatalog: Table loaded by catalog: iceberg.gold.dim_location
[2026-04-12T05:46:59.619+0000] {subprocess.py:106} INFO - 26/04/12 05:46:59 INFO HiveCatalog: Dropped table: gold.dim_location
[2026-04-12T05:46:59.693+0000] {subprocess.py:106} INFO - 26/04/12 05:46:59 INFO BaseMetastoreTableOperations: Refreshing table metadata from new version: s3a://warehouse/iceberg_data/gold.db/dim_company/metadata/00000-e18c72c9-6c20-4150-8749-477729a0566b.metadata.json
[2026-04-12T05:46:59.729+0000] {subprocess.py:106} INFO - 26/04/12 05:46:59 INFO BaseMetastoreCatalog: Table loaded by catalog: iceberg.gold.dim_company
[2026-04-12T05:46:59.833+0000] {subprocess.py:106} INFO - 26/04/12 05:46:59 INFO HiveCatalog: Dropped table: gold.dim_company
[2026-04-12T05:46:59.863+0000] {subprocess.py:106} INFO - 26/04/12 05:46:59 INFO BaseMetastoreTableOperations: Refreshing table metadata from new version: s3a://warehouse/iceberg_data/gold.db/dim_date/metadata/00000-9cce0949-776a-49b7-ba35-9e3893aced13.metadata.json
[2026-04-12T05:46:59.883+0000] {subprocess.py:106} INFO - 26/04/12 05:46:59 INFO BaseMetastoreCatalog: Table loaded by catalog: iceberg.gold.dim_date
[2026-04-12T05:46:59.973+0000] {subprocess.py:106} INFO - 26/04/12 05:46:59 INFO HiveCatalog: Dropped table: gold.dim_date
[2026-04-12T05:47:00.001+0000] {subprocess.py:106} INFO - 26/04/12 05:47:00 INFO BaseMetastoreTableOperations: Refreshing table metadata from new version: s3a://warehouse/iceberg_data/gold.db/dim_work_mode/metadata/00000-70584701-bc31-4cae-810a-c28ce6c67440.metadata.json
[2026-04-12T05:47:00.023+0000] {subprocess.py:106} INFO - 26/04/12 05:47:00 INFO BaseMetastoreCatalog: Table loaded by catalog: iceberg.gold.dim_work_mode
[2026-04-12T05:47:00.086+0000] {subprocess.py:106} INFO - 26/04/12 05:47:00 INFO HiveCatalog: Dropped table: gold.dim_work_mode
[2026-04-12T05:47:00.110+0000] {subprocess.py:106} INFO - 26/04/12 05:47:00 INFO BaseMetastoreTableOperations: Refreshing table metadata from new version: s3a://warehouse/iceberg_data/gold.db/dim_job_category/metadata/00000-39fa120b-8b80-44f6-b347-5cd6f4d1972c.metadata.json
[2026-04-12T05:47:00.129+0000] {subprocess.py:106} INFO - 26/04/12 05:47:00 INFO BaseMetastoreCatalog: Table loaded by catalog: iceberg.gold.dim_job_category
[2026-04-12T05:47:00.182+0000] {subprocess.py:106} INFO - 26/04/12 05:47:00 INFO HiveCatalog: Dropped table: gold.dim_job_category
[2026-04-12T05:47:00.184+0000] {subprocess.py:106} INFO - >>> Reading Silver Data from iceberg.silver.it_jobs_clean...
[2026-04-12T05:47:00.208+0000] {subprocess.py:106} INFO - 26/04/12 05:47:00 INFO BaseMetastoreTableOperations: Refreshing table metadata from new version: s3a://warehouse/iceberg_data/silver.db/it_jobs_clean/metadata/00005-22eadd1c-00df-48b2-adc9-d716bf83542d.metadata.json
[2026-04-12T05:47:00.228+0000] {subprocess.py:106} INFO - 26/04/12 05:47:00 INFO BaseMetastoreCatalog: Table loaded by catalog: iceberg.silver.it_jobs_clean
[2026-04-12T05:47:00.484+0000] {subprocess.py:106} INFO - 26/04/12 05:47:00 INFO SnapshotScan: Scanning table iceberg.silver.it_jobs_clean snapshot 5178710788262370016 created at 2026-04-12T05:46:44.358+00:00 with filter true
[2026-04-12T05:47:00.645+0000] {subprocess.py:106} INFO - 26/04/12 05:47:00 INFO BaseDistributedDataScan: Planning file tasks locally for table iceberg.silver.it_jobs_clean
[2026-04-12T05:47:00.808+0000] {subprocess.py:106} INFO - 26/04/12 05:47:00 INFO V2ScanRelationPushDown:
[2026-04-12T05:47:00.809+0000] {subprocess.py:106} INFO - Pushing operators to iceberg.silver.it_jobs_clean
[2026-04-12T05:47:00.809+0000] {subprocess.py:106} INFO - Pushed Aggregate Functions:
[2026-04-12T05:47:00.810+0000] {subprocess.py:106} INFO -  COUNT(*)
[2026-04-12T05:47:00.810+0000] {subprocess.py:106} INFO - Pushed Group by:
[2026-04-12T05:47:00.811+0000] {subprocess.py:106} INFO - 
[2026-04-12T05:47:00.811+0000] {subprocess.py:106} INFO - 
[2026-04-12T05:47:01.634+0000] {subprocess.py:106} INFO - 26/04/12 05:47:01 INFO CodeGenerator: Code generated in 264.886621 ms
[2026-04-12T05:47:01.654+0000] {subprocess.py:106} INFO - 26/04/12 05:47:01 INFO CodeGenerator: Code generated in 10.758489 ms
[2026-04-12T05:47:01.799+0000] {subprocess.py:106} INFO - 26/04/12 05:47:01 INFO DAGScheduler: Registering RDD 2 (count at <unknown>:0) as input to shuffle 0
[2026-04-12T05:47:01.807+0000] {subprocess.py:106} INFO - 26/04/12 05:47:01 INFO DAGScheduler: Got map stage job 0 (count at <unknown>:0) with 1 output partitions
[2026-04-12T05:47:01.808+0000] {subprocess.py:106} INFO - 26/04/12 05:47:01 INFO DAGScheduler: Final stage: ShuffleMapStage 0 (count at <unknown>:0)
[2026-04-12T05:47:01.809+0000] {subprocess.py:106} INFO - 26/04/12 05:47:01 INFO DAGScheduler: Parents of final stage: List()
[2026-04-12T05:47:01.812+0000] {subprocess.py:106} INFO - 26/04/12 05:47:01 INFO DAGScheduler: Missing parents: List()
[2026-04-12T05:47:01.821+0000] {subprocess.py:106} INFO - 26/04/12 05:47:01 INFO DAGScheduler: Submitting ShuffleMapStage 0 (MapPartitionsRDD[2] at count at <unknown>:0), which has no missing parents
[2026-04-12T05:47:01.949+0000] {subprocess.py:106} INFO - 26/04/12 05:47:01 INFO MemoryStore: Block broadcast_0 stored as values in memory (estimated size 12.6 KiB, free 434.4 MiB)
[2026-04-12T05:47:01.993+0000] {subprocess.py:106} INFO - 26/04/12 05:47:01 INFO MemoryStore: Block broadcast_0_piece0 stored as bytes in memory (estimated size 6.2 KiB, free 434.4 MiB)
[2026-04-12T05:47:01.997+0000] {subprocess.py:106} INFO - 26/04/12 05:47:01 INFO BlockManagerInfo: Added broadcast_0_piece0 in memory on c05002f484b8:39235 (size: 6.2 KiB, free: 434.4 MiB)
[2026-04-12T05:47:02.002+0000] {subprocess.py:106} INFO - 26/04/12 05:47:02 INFO SparkContext: Created broadcast 0 from broadcast at DAGScheduler.scala:1585
[2026-04-12T05:47:02.034+0000] {subprocess.py:106} INFO - 26/04/12 05:47:02 INFO DAGScheduler: Submitting 1 missing tasks from ShuffleMapStage 0 (MapPartitionsRDD[2] at count at <unknown>:0) (first 15 tasks are for partitions Vector(0))
[2026-04-12T05:47:02.035+0000] {subprocess.py:106} INFO - 26/04/12 05:47:02 INFO TaskSchedulerImpl: Adding task set 0.0 with 1 tasks resource profile 0
[2026-04-12T05:47:02.071+0000] {subprocess.py:106} INFO - 26/04/12 05:47:02 INFO TaskSetManager: Starting task 0.0 in stage 0.0 (TID 0) (172.30.0.14, executor 0, partition 0, PROCESS_LOCAL, 10137 bytes)
[2026-04-12T05:47:02.335+0000] {subprocess.py:106} INFO - 26/04/12 05:47:02 INFO BlockManagerInfo: Added broadcast_0_piece0 in memory on 172.30.0.14:41373 (size: 6.2 KiB, free: 434.4 MiB)
[2026-04-12T05:47:03.299+0000] {subprocess.py:106} INFO - 26/04/12 05:47:03 INFO TaskSetManager: Finished task 0.0 in stage 0.0 (TID 0) in 1243 ms on 172.30.0.14 (executor 0) (1/1)
[2026-04-12T05:47:03.303+0000] {subprocess.py:106} INFO - 26/04/12 05:47:03 INFO TaskSchedulerImpl: Removed TaskSet 0.0, whose tasks have all completed, from pool
[2026-04-12T05:47:03.317+0000] {subprocess.py:106} INFO - 26/04/12 05:47:03 INFO DAGScheduler: ShuffleMapStage 0 (count at <unknown>:0) finished in 1.477 s
[2026-04-12T05:47:03.320+0000] {subprocess.py:106} INFO - 26/04/12 05:47:03 INFO DAGScheduler: looking for newly runnable stages
[2026-04-12T05:47:03.322+0000] {subprocess.py:106} INFO - 26/04/12 05:47:03 INFO DAGScheduler: running: Set()
[2026-04-12T05:47:03.323+0000] {subprocess.py:106} INFO - 26/04/12 05:47:03 INFO DAGScheduler: waiting: Set()
[2026-04-12T05:47:03.324+0000] {subprocess.py:106} INFO - 26/04/12 05:47:03 INFO DAGScheduler: failed: Set()
[2026-04-12T05:47:03.386+0000] {subprocess.py:106} INFO - 26/04/12 05:47:03 INFO CodeGenerator: Code generated in 17.281667 ms
[2026-04-12T05:47:03.432+0000] {subprocess.py:106} INFO - 26/04/12 05:47:03 INFO SparkContext: Starting job: count at <unknown>:0
[2026-04-12T05:47:03.435+0000] {subprocess.py:106} INFO - 26/04/12 05:47:03 INFO DAGScheduler: Got job 1 (count at <unknown>:0) with 1 output partitions
[2026-04-12T05:47:03.436+0000] {subprocess.py:106} INFO - 26/04/12 05:47:03 INFO DAGScheduler: Final stage: ResultStage 2 (count at <unknown>:0)
[2026-04-12T05:47:03.437+0000] {subprocess.py:106} INFO - 26/04/12 05:47:03 INFO DAGScheduler: Parents of final stage: List(ShuffleMapStage 1)
[2026-04-12T05:47:03.437+0000] {subprocess.py:106} INFO - 26/04/12 05:47:03 INFO DAGScheduler: Missing parents: List()
[2026-04-12T05:47:03.440+0000] {subprocess.py:106} INFO - 26/04/12 05:47:03 INFO DAGScheduler: Submitting ResultStage 2 (MapPartitionsRDD[5] at count at <unknown>:0), which has no missing parents
[2026-04-12T05:47:03.451+0000] {subprocess.py:106} INFO - 26/04/12 05:47:03 INFO MemoryStore: Block broadcast_1 stored as values in memory (estimated size 13.7 KiB, free 434.4 MiB)
[2026-04-12T05:47:03.459+0000] {subprocess.py:106} INFO - 26/04/12 05:47:03 INFO MemoryStore: Block broadcast_1_piece0 stored as bytes in memory (estimated size 6.3 KiB, free 434.4 MiB)
[2026-04-12T05:47:03.460+0000] {subprocess.py:106} INFO - 26/04/12 05:47:03 INFO BlockManagerInfo: Added broadcast_1_piece0 in memory on c05002f484b8:39235 (size: 6.3 KiB, free: 434.4 MiB)
[2026-04-12T05:47:03.461+0000] {subprocess.py:106} INFO - 26/04/12 05:47:03 INFO SparkContext: Created broadcast 1 from broadcast at DAGScheduler.scala:1585
[2026-04-12T05:47:03.464+0000] {subprocess.py:106} INFO - 26/04/12 05:47:03 INFO DAGScheduler: Submitting 1 missing tasks from ResultStage 2 (MapPartitionsRDD[5] at count at <unknown>:0) (first 15 tasks are for partitions Vector(0))
[2026-04-12T05:47:03.465+0000] {subprocess.py:106} INFO - 26/04/12 05:47:03 INFO TaskSchedulerImpl: Adding task set 2.0 with 1 tasks resource profile 0
[2026-04-12T05:47:03.473+0000] {subprocess.py:106} INFO - 26/04/12 05:47:03 INFO TaskSetManager: Starting task 0.0 in stage 2.0 (TID 1) (172.30.0.14, executor 0, partition 0, NODE_LOCAL, 9976 bytes)
[2026-04-12T05:47:03.500+0000] {subprocess.py:106} INFO - 26/04/12 05:47:03 INFO BlockManagerInfo: Removed broadcast_0_piece0 on c05002f484b8:39235 in memory (size: 6.2 KiB, free: 434.4 MiB)
[2026-04-12T05:47:03.518+0000] {subprocess.py:106} INFO - 26/04/12 05:47:03 INFO BlockManagerInfo: Removed broadcast_0_piece0 on 172.30.0.14:41373 in memory (size: 6.2 KiB, free: 434.4 MiB)
[2026-04-12T05:47:03.528+0000] {subprocess.py:106} INFO - 26/04/12 05:47:03 INFO BlockManagerInfo: Added broadcast_1_piece0 in memory on 172.30.0.14:41373 (size: 6.3 KiB, free: 434.4 MiB)
[2026-04-12T05:47:03.639+0000] {subprocess.py:106} INFO - 26/04/12 05:47:03 INFO MapOutputTrackerMasterEndpoint: Asked to send map output locations for shuffle 0 to 172.30.0.14:45744
[2026-04-12T05:47:03.825+0000] {subprocess.py:106} INFO - 26/04/12 05:47:03 INFO TaskSetManager: Finished task 0.0 in stage 2.0 (TID 1) in 351 ms on 172.30.0.14 (executor 0) (1/1)
[2026-04-12T05:47:03.826+0000] {subprocess.py:106} INFO - 26/04/12 05:47:03 INFO TaskSchedulerImpl: Removed TaskSet 2.0, whose tasks have all completed, from pool
[2026-04-12T05:47:03.827+0000] {subprocess.py:106} INFO - 26/04/12 05:47:03 INFO DAGScheduler: ResultStage 2 (count at <unknown>:0) finished in 0.374 s
[2026-04-12T05:47:03.828+0000] {subprocess.py:106} INFO - 26/04/12 05:47:03 INFO DAGScheduler: Job 1 is finished. Cancelling potential speculative or zombie tasks for this job
[2026-04-12T05:47:03.829+0000] {subprocess.py:106} INFO - 26/04/12 05:47:03 INFO TaskSchedulerImpl: Killing all running tasks in stage 2: Stage finished
[2026-04-12T05:47:03.832+0000] {subprocess.py:106} INFO - 26/04/12 05:47:03 INFO DAGScheduler: Job 1 finished: count at <unknown>:0, took 0.399494 s
[2026-04-12T05:47:03.843+0000] {subprocess.py:106} INFO - >>> Loaded Silver Data: 9629 records.
[2026-04-12T05:47:03.843+0000] {subprocess.py:106} INFO - >>> Building DIM_SKILL...
[2026-04-12T05:47:04.254+0000] {subprocess.py:106} INFO - 26/04/12 05:47:04 INFO BaseMetastoreCatalog: Table properties set at catalog level through catalog properties: {}
[2026-04-12T05:47:04.262+0000] {subprocess.py:106} INFO - 26/04/12 05:47:04 INFO BaseMetastoreCatalog: Table properties enforced at catalog level through catalog properties: {}
[2026-04-12T05:47:04.285+0000] {subprocess.py:106} INFO - 26/04/12 05:47:04 INFO BlockManagerInfo: Removed broadcast_1_piece0 on c05002f484b8:39235 in memory (size: 6.3 KiB, free: 434.4 MiB)
[2026-04-12T05:47:04.286+0000] {subprocess.py:106} INFO - 26/04/12 05:47:04 INFO BlockManagerInfo: Removed broadcast_1_piece0 on 172.30.0.14:41373 in memory (size: 6.3 KiB, free: 434.4 MiB)
[2026-04-12T05:47:04.382+0000] {subprocess.py:106} INFO - 26/04/12 05:47:04 INFO V2ScanRelationPushDown:
[2026-04-12T05:47:04.383+0000] {subprocess.py:106} INFO - Pushing operators to iceberg.silver.it_jobs_clean
[2026-04-12T05:47:04.383+0000] {subprocess.py:106} INFO - Pushed Filters: skills_required IS NOT NULL
[2026-04-12T05:47:04.384+0000] {subprocess.py:106} INFO - Post-Scan Filters: isnotnull(skills_required#3),(size(skills_required#3, true) > 0)
[2026-04-12T05:47:04.384+0000] {subprocess.py:106} INFO - 
[2026-04-12T05:47:04.406+0000] {subprocess.py:106} INFO - 26/04/12 05:47:04 INFO V2ScanRelationPushDown:
[2026-04-12T05:47:04.406+0000] {subprocess.py:106} INFO - Output: skills_required#3
[2026-04-12T05:47:04.407+0000] {subprocess.py:106} INFO - 
[2026-04-12T05:47:04.411+0000] {subprocess.py:106} INFO - 26/04/12 05:47:04 INFO SnapshotScan: Scanning table iceberg.silver.it_jobs_clean snapshot 5178710788262370016 created at 2026-04-12T05:46:44.358+00:00 with filter skills_required IS NOT NULL
[2026-04-12T05:47:04.420+0000] {subprocess.py:106} INFO - 26/04/12 05:47:04 INFO BaseDistributedDataScan: Planning file tasks locally for table iceberg.silver.it_jobs_clean
[2026-04-12T05:47:04.484+0000] {subprocess.py:106} INFO - 26/04/12 05:47:04 INFO SparkPartitioningAwareScan: Reporting UnknownPartitioning with 2 partition(s) for table iceberg.silver.it_jobs_clean
[2026-04-12T05:47:04.510+0000] {subprocess.py:106} INFO - 26/04/12 05:47:04 INFO SparkWrite: Requesting 0 bytes advisory partition size for table gold.dim_skill
[2026-04-12T05:47:04.511+0000] {subprocess.py:106} INFO - 26/04/12 05:47:04 INFO SparkWrite: Requesting UnspecifiedDistribution as write distribution for table gold.dim_skill
[2026-04-12T05:47:04.513+0000] {subprocess.py:106} INFO - 26/04/12 05:47:04 INFO SparkWrite: Requesting [] as write ordering for table gold.dim_skill
[2026-04-12T05:47:04.576+0000] {subprocess.py:106} INFO - 26/04/12 05:47:04 INFO MemoryStore: Block broadcast_2 stored as values in memory (estimated size 32.0 KiB, free 434.4 MiB)
[2026-04-12T05:47:04.595+0000] {subprocess.py:106} INFO - 26/04/12 05:47:04 INFO MemoryStore: Block broadcast_2_piece0 stored as bytes in memory (estimated size 30.4 KiB, free 434.3 MiB)
[2026-04-12T05:47:04.597+0000] {subprocess.py:106} INFO - 26/04/12 05:47:04 INFO BlockManagerInfo: Added broadcast_2_piece0 in memory on c05002f484b8:39235 (size: 30.4 KiB, free: 434.4 MiB)
[2026-04-12T05:47:04.598+0000] {subprocess.py:106} INFO - 26/04/12 05:47:04 INFO SparkContext: Created broadcast 2 from broadcast at SparkBatch.java:79
[2026-04-12T05:47:04.631+0000] {subprocess.py:106} INFO - 26/04/12 05:47:04 INFO MemoryStore: Block broadcast_3 stored as values in memory (estimated size 32.0 KiB, free 434.3 MiB)
[2026-04-12T05:47:04.637+0000] {subprocess.py:106} INFO - 26/04/12 05:47:04 INFO MemoryStore: Block broadcast_3_piece0 stored as bytes in memory (estimated size 30.3 KiB, free 434.3 MiB)
[2026-04-12T05:47:04.638+0000] {subprocess.py:106} INFO - 26/04/12 05:47:04 INFO BlockManagerInfo: Added broadcast_3_piece0 in memory on c05002f484b8:39235 (size: 30.3 KiB, free: 434.3 MiB)
[2026-04-12T05:47:04.640+0000] {subprocess.py:106} INFO - 26/04/12 05:47:04 INFO SparkContext: Created broadcast 3 from broadcast at SparkBatch.java:79
[2026-04-12T05:47:04.834+0000] {subprocess.py:106} INFO - 26/04/12 05:47:04 INFO CodeGenerator: Code generated in 96.96617 ms
[2026-04-12T05:47:04.914+0000] {subprocess.py:106} INFO - 26/04/12 05:47:04 INFO DAGScheduler: Registering RDD 9 (create at <unknown>:0) as input to shuffle 1
[2026-04-12T05:47:04.914+0000] {subprocess.py:106} INFO - 26/04/12 05:47:04 INFO DAGScheduler: Got map stage job 2 (create at <unknown>:0) with 2 output partitions
[2026-04-12T05:47:04.915+0000] {subprocess.py:106} INFO - 26/04/12 05:47:04 INFO DAGScheduler: Final stage: ShuffleMapStage 3 (create at <unknown>:0)
[2026-04-12T05:47:04.915+0000] {subprocess.py:106} INFO - 26/04/12 05:47:04 INFO DAGScheduler: Parents of final stage: List()
[2026-04-12T05:47:04.916+0000] {subprocess.py:106} INFO - 26/04/12 05:47:04 INFO DAGScheduler: Missing parents: List()
[2026-04-12T05:47:04.918+0000] {subprocess.py:106} INFO - 26/04/12 05:47:04 INFO DAGScheduler: Submitting ShuffleMapStage 3 (MapPartitionsRDD[9] at create at <unknown>:0), which has no missing parents
[2026-04-12T05:47:04.925+0000] {subprocess.py:106} INFO - 26/04/12 05:47:04 INFO MemoryStore: Block broadcast_4 stored as values in memory (estimated size 40.1 KiB, free 434.2 MiB)
[2026-04-12T05:47:04.934+0000] {subprocess.py:106} INFO - 26/04/12 05:47:04 INFO MemoryStore: Block broadcast_4_piece0 stored as bytes in memory (estimated size 17.5 KiB, free 434.2 MiB)
[2026-04-12T05:47:04.935+0000] {subprocess.py:106} INFO - 26/04/12 05:47:04 INFO BlockManagerInfo: Added broadcast_4_piece0 in memory on c05002f484b8:39235 (size: 17.5 KiB, free: 434.3 MiB)
[2026-04-12T05:47:04.940+0000] {subprocess.py:106} INFO - 26/04/12 05:47:04 INFO SparkContext: Created broadcast 4 from broadcast at DAGScheduler.scala:1585
[2026-04-12T05:47:04.941+0000] {subprocess.py:106} INFO - 26/04/12 05:47:04 INFO DAGScheduler: Submitting 2 missing tasks from ShuffleMapStage 3 (MapPartitionsRDD[9] at create at <unknown>:0) (first 15 tasks are for partitions Vector(0, 1))
[2026-04-12T05:47:04.942+0000] {subprocess.py:106} INFO - 26/04/12 05:47:04 INFO TaskSchedulerImpl: Adding task set 3.0 with 2 tasks resource profile 0
[2026-04-12T05:47:04.953+0000] {subprocess.py:106} INFO - 26/04/12 05:47:04 INFO TaskSetManager: Starting task 0.0 in stage 3.0 (TID 2) (172.30.0.14, executor 0, partition 0, PROCESS_LOCAL, 16616 bytes)
[2026-04-12T05:47:05.302+0000] {subprocess.py:106} INFO - 26/04/12 05:47:05 INFO BlockManagerInfo: Added broadcast_4_piece0 in memory on 172.30.0.14:41373 (size: 17.5 KiB, free: 434.4 MiB)
[2026-04-12T05:47:05.744+0000] {subprocess.py:106} INFO - 26/04/12 05:47:05 INFO BlockManagerInfo: Added broadcast_3_piece0 in memory on 172.30.0.14:41373 (size: 30.3 KiB, free: 434.4 MiB)
[2026-04-12T05:47:07.909+0000] {subprocess.py:106} INFO - 26/04/12 05:47:07 INFO TaskSetManager: Starting task 1.0 in stage 3.0 (TID 3) (172.30.0.14, executor 0, partition 1, PROCESS_LOCAL, 15991 bytes)
[2026-04-12T05:47:07.910+0000] {subprocess.py:106} INFO - 26/04/12 05:47:07 INFO TaskSetManager: Finished task 0.0 in stage 3.0 (TID 2) in 2969 ms on 172.30.0.14 (executor 0) (1/2)
[2026-04-12T05:47:08.241+0000] {subprocess.py:106} INFO - 26/04/12 05:47:08 INFO TaskSetManager: Finished task 1.0 in stage 3.0 (TID 3) in 335 ms on 172.30.0.14 (executor 0) (2/2)
[2026-04-12T05:47:08.242+0000] {subprocess.py:106} INFO - 26/04/12 05:47:08 INFO TaskSchedulerImpl: Removed TaskSet 3.0, whose tasks have all completed, from pool
[2026-04-12T05:47:08.245+0000] {subprocess.py:106} INFO - 26/04/12 05:47:08 INFO DAGScheduler: ShuffleMapStage 3 (create at <unknown>:0) finished in 3.322 s
[2026-04-12T05:47:08.245+0000] {subprocess.py:106} INFO - 26/04/12 05:47:08 INFO DAGScheduler: looking for newly runnable stages
[2026-04-12T05:47:08.246+0000] {subprocess.py:106} INFO - 26/04/12 05:47:08 INFO DAGScheduler: running: Set()
[2026-04-12T05:47:08.247+0000] {subprocess.py:106} INFO - 26/04/12 05:47:08 INFO DAGScheduler: waiting: Set()
[2026-04-12T05:47:08.247+0000] {subprocess.py:106} INFO - 26/04/12 05:47:08 INFO DAGScheduler: failed: Set()
[2026-04-12T05:47:08.258+0000] {subprocess.py:106} INFO - 26/04/12 05:47:08 INFO ShufflePartitionsUtil: For shuffle(1), advisory target size: 67108864, actual target size 1048576, minimum partition size: 1048576
[2026-04-12T05:47:08.349+0000] {subprocess.py:106} INFO - 26/04/12 05:47:08 INFO CodeGenerator: Code generated in 41.030139 ms
[2026-04-12T05:47:08.379+0000] {subprocess.py:106} INFO - 26/04/12 05:47:08 INFO MemoryStore: Block broadcast_5 stored as values in memory (estimated size 32.0 KiB, free 434.2 MiB)
[2026-04-12T05:47:08.398+0000] {subprocess.py:106} INFO - 26/04/12 05:47:08 INFO MemoryStore: Block broadcast_5_piece0 stored as bytes in memory (estimated size 29.9 KiB, free 434.2 MiB)
[2026-04-12T05:47:08.399+0000] {subprocess.py:106} INFO - 26/04/12 05:47:08 INFO BlockManagerInfo: Removed broadcast_4_piece0 on c05002f484b8:39235 in memory (size: 17.5 KiB, free: 434.3 MiB)
[2026-04-12T05:47:08.399+0000] {subprocess.py:106} INFO - 26/04/12 05:47:08 INFO BlockManagerInfo: Added broadcast_5_piece0 in memory on c05002f484b8:39235 (size: 29.9 KiB, free: 434.3 MiB)
[2026-04-12T05:47:08.400+0000] {subprocess.py:106} INFO - 26/04/12 05:47:08 INFO SparkContext: Created broadcast 5 from broadcast at SparkWrite.java:193
[2026-04-12T05:47:08.401+0000] {subprocess.py:106} INFO - 26/04/12 05:47:08 INFO BlockManagerInfo: Removed broadcast_4_piece0 on 172.30.0.14:41373 in memory (size: 17.5 KiB, free: 434.4 MiB)
[2026-04-12T05:47:08.407+0000] {subprocess.py:106} INFO - 26/04/12 05:47:08 INFO AppendDataExec: Start processing data source write support: IcebergBatchWrite(table=gold.dim_skill, format=PARQUET). The input RDD has 1 partitions.
[2026-04-12T05:47:08.416+0000] {subprocess.py:106} INFO - 26/04/12 05:47:08 INFO SparkContext: Starting job: create at <unknown>:0
[2026-04-12T05:47:08.417+0000] {subprocess.py:106} INFO - 26/04/12 05:47:08 INFO DAGScheduler: Got job 3 (create at <unknown>:0) with 1 output partitions
[2026-04-12T05:47:08.418+0000] {subprocess.py:106} INFO - 26/04/12 05:47:08 INFO DAGScheduler: Final stage: ResultStage 5 (create at <unknown>:0)
[2026-04-12T05:47:08.419+0000] {subprocess.py:106} INFO - 26/04/12 05:47:08 INFO DAGScheduler: Parents of final stage: List(ShuffleMapStage 4)
[2026-04-12T05:47:08.424+0000] {subprocess.py:106} INFO - 26/04/12 05:47:08 INFO DAGScheduler: Missing parents: List()
[2026-04-12T05:47:08.428+0000] {subprocess.py:106} INFO - 26/04/12 05:47:08 INFO DAGScheduler: Submitting ResultStage 5 (MapPartitionsRDD[11] at create at <unknown>:0), which has no missing parents
[2026-04-12T05:47:08.450+0000] {subprocess.py:106} INFO - 26/04/12 05:47:08 INFO MemoryStore: Block broadcast_6 stored as values in memory (estimated size 50.8 KiB, free 434.2 MiB)
[2026-04-12T05:47:08.452+0000] {subprocess.py:106} INFO - 26/04/12 05:47:08 INFO MemoryStore: Block broadcast_6_piece0 stored as bytes in memory (estimated size 22.2 KiB, free 434.1 MiB)
[2026-04-12T05:47:08.457+0000] {subprocess.py:106} INFO - 26/04/12 05:47:08 INFO BlockManagerInfo: Added broadcast_6_piece0 in memory on c05002f484b8:39235 (size: 22.2 KiB, free: 434.3 MiB)
[2026-04-12T05:47:08.458+0000] {subprocess.py:106} INFO - 26/04/12 05:47:08 INFO SparkContext: Created broadcast 6 from broadcast at DAGScheduler.scala:1585
[2026-04-12T05:47:08.458+0000] {subprocess.py:106} INFO - 26/04/12 05:47:08 INFO DAGScheduler: Submitting 1 missing tasks from ResultStage 5 (MapPartitionsRDD[11] at create at <unknown>:0) (first 15 tasks are for partitions Vector(0))
[2026-04-12T05:47:08.459+0000] {subprocess.py:106} INFO - 26/04/12 05:47:08 INFO TaskSchedulerImpl: Adding task set 5.0 with 1 tasks resource profile 0
[2026-04-12T05:47:08.460+0000] {subprocess.py:106} INFO - 26/04/12 05:47:08 INFO TaskSetManager: Starting task 0.0 in stage 5.0 (TID 4) (172.30.0.14, executor 0, partition 0, NODE_LOCAL, 9976 bytes)
[2026-04-12T05:47:08.478+0000] {subprocess.py:106} INFO - 26/04/12 05:47:08 INFO BlockManagerInfo: Added broadcast_6_piece0 in memory on 172.30.0.14:41373 (size: 22.2 KiB, free: 434.3 MiB)
[2026-04-12T05:47:08.536+0000] {subprocess.py:106} INFO - 26/04/12 05:47:08 INFO MapOutputTrackerMasterEndpoint: Asked to send map output locations for shuffle 1 to 172.30.0.14:45744
[2026-04-12T05:47:08.625+0000] {subprocess.py:106} INFO - 26/04/12 05:47:08 INFO BlockManagerInfo: Added broadcast_5_piece0 in memory on 172.30.0.14:41373 (size: 29.9 KiB, free: 434.3 MiB)
[2026-04-12T05:47:09.146+0000] {subprocess.py:106} INFO - 26/04/12 05:47:09 INFO TaskSetManager: Finished task 0.0 in stage 5.0 (TID 4) in 684 ms on 172.30.0.14 (executor 0) (1/1)
[2026-04-12T05:47:09.148+0000] {subprocess.py:106} INFO - 26/04/12 05:47:09 INFO TaskSchedulerImpl: Removed TaskSet 5.0, whose tasks have all completed, from pool
[2026-04-12T05:47:09.149+0000] {subprocess.py:106} INFO - 26/04/12 05:47:09 INFO DAGScheduler: ResultStage 5 (create at <unknown>:0) finished in 0.713 s
[2026-04-12T05:47:09.150+0000] {subprocess.py:106} INFO - 26/04/12 05:47:09 INFO DAGScheduler: Job 3 is finished. Cancelling potential speculative or zombie tasks for this job
[2026-04-12T05:47:09.151+0000] {subprocess.py:106} INFO - 26/04/12 05:47:09 INFO TaskSchedulerImpl: Killing all running tasks in stage 5: Stage finished
[2026-04-12T05:47:09.152+0000] {subprocess.py:106} INFO - 26/04/12 05:47:09 INFO DAGScheduler: Job 3 finished: create at <unknown>:0, took 0.730464 s
[2026-04-12T05:47:09.154+0000] {subprocess.py:106} INFO - 26/04/12 05:47:09 INFO AppendDataExec: Data source write support IcebergBatchWrite(table=gold.dim_skill, format=PARQUET) is committing.
[2026-04-12T05:47:09.178+0000] {subprocess.py:106} INFO - 26/04/12 05:47:09 INFO SparkWrite: Committing append with 1 new data files to table gold.dim_skill
[2026-04-12T05:47:09.323+0000] {subprocess.py:106} INFO - 26/04/12 05:47:09 INFO BlockManagerInfo: Removed broadcast_6_piece0 on c05002f484b8:39235 in memory (size: 22.2 KiB, free: 434.3 MiB)
[2026-04-12T05:47:09.326+0000] {subprocess.py:106} INFO - 26/04/12 05:47:09 INFO BlockManagerInfo: Removed broadcast_6_piece0 on 172.30.0.14:41373 in memory (size: 22.2 KiB, free: 434.3 MiB)
[2026-04-12T05:47:09.726+0000] {subprocess.py:106} INFO - 26/04/12 05:47:09 INFO SnapshotProducer: Committed snapshot 7334657332662073479 (MergeAppend)
[2026-04-12T05:47:09.768+0000] {subprocess.py:106} INFO - 26/04/12 05:47:09 INFO LoggingMetricsReporter: Received metrics report: CommitReport{tableName=gold.dim_skill, snapshotId=7334657332662073479, sequenceNumber=1, operation=append, commitMetrics=CommitMetricsResult{totalDuration=TimerResult{timeUnit=NANOSECONDS, totalDuration=PT0.575259656S, count=1}, attempts=CounterResult{unit=COUNT, value=1}, addedDataFiles=CounterResult{unit=COUNT, value=1}, removedDataFiles=null, totalDataFiles=CounterResult{unit=COUNT, value=1}, addedDeleteFiles=null, addedEqualityDeleteFiles=null, addedPositionalDeleteFiles=null, removedDeleteFiles=null, removedEqualityDeleteFiles=null, removedPositionalDeleteFiles=null, totalDeleteFiles=CounterResult{unit=COUNT, value=0}, addedRecords=CounterResult{unit=COUNT, value=526}, removedRecords=null, totalRecords=CounterResult{unit=COUNT, value=526}, addedFilesSizeInBytes=CounterResult{unit=BYTES, value=8944}, removedFilesSizeInBytes=null, totalFilesSizeInBytes=CounterResult{unit=BYTES, value=8944}, addedPositionalDeletes=null, removedPositionalDeletes=null, totalPositionalDeletes=CounterResult{unit=COUNT, value=0}, addedEqualityDeletes=null, removedEqualityDeletes=null, totalEqualityDeletes=CounterResult{unit=COUNT, value=0}}, metadata={engine-version=3.5.3, app-id=app-20260412054652-0002, engine-name=spark, iceberg-version=Apache Iceberg 1.6.1 (commit 8e9d59d299be42b0bca9461457cd1e95dbaad086)}}
[2026-04-12T05:47:09.770+0000] {subprocess.py:106} INFO - 26/04/12 05:47:09 INFO SparkWrite: Committed in 589 ms
[2026-04-12T05:47:09.770+0000] {subprocess.py:106} INFO - 26/04/12 05:47:09 INFO AppendDataExec: Data source write support IcebergBatchWrite(table=gold.dim_skill, format=PARQUET) committed.
[2026-04-12T05:47:09.949+0000] {subprocess.py:106} INFO - 26/04/12 05:47:09 INFO BlockManagerInfo: Removed broadcast_5_piece0 on c05002f484b8:39235 in memory (size: 29.9 KiB, free: 434.3 MiB)
[2026-04-12T05:47:09.954+0000] {subprocess.py:106} INFO - 26/04/12 05:47:09 INFO BlockManagerInfo: Removed broadcast_5_piece0 on 172.30.0.14:41373 in memory (size: 29.9 KiB, free: 434.4 MiB)
[2026-04-12T05:47:10.466+0000] {subprocess.py:106} INFO - 26/04/12 05:47:10 INFO HiveTableOperations: Committed to table iceberg.gold.dim_skill with the new metadata location s3a://warehouse/iceberg_data/gold.db/dim_skill/metadata/00000-97c045f6-2765-4cd5-a57d-79f4b40b6731.metadata.json
[2026-04-12T05:47:10.466+0000] {subprocess.py:106} INFO - 26/04/12 05:47:10 INFO BaseMetastoreTableOperations: Successfully committed to table iceberg.gold.dim_skill in 692 ms
[2026-04-12T05:47:10.467+0000] {subprocess.py:106} INFO - >>> Building DIM_LOCATION...
[2026-04-12T05:47:10.577+0000] {subprocess.py:106} INFO - 26/04/12 05:47:10 INFO BaseMetastoreCatalog: Table properties set at catalog level through catalog properties: {}
[2026-04-12T05:47:10.584+0000] {subprocess.py:106} INFO - 26/04/12 05:47:10 INFO BaseMetastoreCatalog: Table properties enforced at catalog level through catalog properties: {}
[2026-04-12T05:47:10.617+0000] {subprocess.py:106} INFO - 26/04/12 05:47:10 INFO V2ScanRelationPushDown:
[2026-04-12T05:47:10.618+0000] {subprocess.py:106} INFO - Pushing operators to iceberg.silver.it_jobs_clean
[2026-04-12T05:47:10.618+0000] {subprocess.py:106} INFO - Pushed Filters: location IS NOT NULL
[2026-04-12T05:47:10.619+0000] {subprocess.py:106} INFO - Post-Scan Filters: isnotnull(location#2),(size(location#2, true) > 0)
[2026-04-12T05:47:10.620+0000] {subprocess.py:106} INFO - 
[2026-04-12T05:47:10.620+0000] {subprocess.py:106} INFO - 26/04/12 05:47:10 INFO V2ScanRelationPushDown:
[2026-04-12T05:47:10.621+0000] {subprocess.py:106} INFO - Output: location#2
[2026-04-12T05:47:10.622+0000] {subprocess.py:106} INFO - 
[2026-04-12T05:47:10.624+0000] {subprocess.py:106} INFO - 26/04/12 05:47:10 INFO SnapshotScan: Scanning table iceberg.silver.it_jobs_clean snapshot 5178710788262370016 created at 2026-04-12T05:46:44.358+00:00 with filter location IS NOT NULL
[2026-04-12T05:47:10.624+0000] {subprocess.py:106} INFO - 26/04/12 05:47:10 INFO BaseDistributedDataScan: Planning file tasks locally for table iceberg.silver.it_jobs_clean
[2026-04-12T05:47:10.668+0000] {subprocess.py:106} INFO - 26/04/12 05:47:10 INFO SparkPartitioningAwareScan: Reporting UnknownPartitioning with 2 partition(s) for table iceberg.silver.it_jobs_clean
[2026-04-12T05:47:10.669+0000] {subprocess.py:106} INFO - 26/04/12 05:47:10 INFO SparkWrite: Requesting 0 bytes advisory partition size for table gold.dim_location
[2026-04-12T05:47:10.670+0000] {subprocess.py:106} INFO - 26/04/12 05:47:10 INFO SparkWrite: Requesting UnspecifiedDistribution as write distribution for table gold.dim_location
[2026-04-12T05:47:10.671+0000] {subprocess.py:106} INFO - 26/04/12 05:47:10 INFO SparkWrite: Requesting [] as write ordering for table gold.dim_location
[2026-04-12T05:47:10.692+0000] {subprocess.py:106} INFO - 26/04/12 05:47:10 INFO MemoryStore: Block broadcast_7 stored as values in memory (estimated size 32.0 KiB, free 434.2 MiB)
[2026-04-12T05:47:10.711+0000] {subprocess.py:106} INFO - 26/04/12 05:47:10 INFO MemoryStore: Block broadcast_7_piece0 stored as bytes in memory (estimated size 30.3 KiB, free 434.2 MiB)
[2026-04-12T05:47:10.712+0000] {subprocess.py:106} INFO - 26/04/12 05:47:10 INFO BlockManagerInfo: Added broadcast_7_piece0 in memory on c05002f484b8:39235 (size: 30.3 KiB, free: 434.3 MiB)
[2026-04-12T05:47:10.714+0000] {subprocess.py:106} INFO - 26/04/12 05:47:10 INFO SparkContext: Created broadcast 7 from broadcast at SparkBatch.java:79
[2026-04-12T05:47:10.723+0000] {subprocess.py:106} INFO - 26/04/12 05:47:10 INFO MemoryStore: Block broadcast_8 stored as values in memory (estimated size 32.0 KiB, free 434.2 MiB)
[2026-04-12T05:47:10.728+0000] {subprocess.py:106} INFO - 26/04/12 05:47:10 INFO MemoryStore: Block broadcast_8_piece0 stored as bytes in memory (estimated size 30.4 KiB, free 434.2 MiB)
[2026-04-12T05:47:10.729+0000] {subprocess.py:106} INFO - 26/04/12 05:47:10 INFO BlockManagerInfo: Added broadcast_8_piece0 in memory on c05002f484b8:39235 (size: 30.4 KiB, free: 434.3 MiB)
[2026-04-12T05:47:10.731+0000] {subprocess.py:106} INFO - 26/04/12 05:47:10 INFO SparkContext: Created broadcast 8 from broadcast at SparkBatch.java:79
[2026-04-12T05:47:10.816+0000] {subprocess.py:106} INFO - 26/04/12 05:47:10 INFO CodeGenerator: Code generated in 40.459445 ms
[2026-04-12T05:47:10.828+0000] {subprocess.py:106} INFO - 26/04/12 05:47:10 INFO DAGScheduler: Registering RDD 15 (create at <unknown>:0) as input to shuffle 2
[2026-04-12T05:47:10.829+0000] {subprocess.py:106} INFO - 26/04/12 05:47:10 INFO DAGScheduler: Got map stage job 4 (create at <unknown>:0) with 2 output partitions
[2026-04-12T05:47:10.829+0000] {subprocess.py:106} INFO - 26/04/12 05:47:10 INFO DAGScheduler: Final stage: ShuffleMapStage 6 (create at <unknown>:0)
[2026-04-12T05:47:10.830+0000] {subprocess.py:106} INFO - 26/04/12 05:47:10 INFO DAGScheduler: Parents of final stage: List()
[2026-04-12T05:47:10.832+0000] {subprocess.py:106} INFO - 26/04/12 05:47:10 INFO DAGScheduler: Missing parents: List()
[2026-04-12T05:47:10.833+0000] {subprocess.py:106} INFO - 26/04/12 05:47:10 INFO DAGScheduler: Submitting ShuffleMapStage 6 (MapPartitionsRDD[15] at create at <unknown>:0), which has no missing parents
[2026-04-12T05:47:10.837+0000] {subprocess.py:106} INFO - 26/04/12 05:47:10 INFO MemoryStore: Block broadcast_9 stored as values in memory (estimated size 39.5 KiB, free 434.1 MiB)
[2026-04-12T05:47:10.848+0000] {subprocess.py:106} INFO - 26/04/12 05:47:10 INFO MemoryStore: Block broadcast_9_piece0 stored as bytes in memory (estimated size 17.2 KiB, free 434.1 MiB)
[2026-04-12T05:47:10.849+0000] {subprocess.py:106} INFO - 26/04/12 05:47:10 INFO BlockManagerInfo: Added broadcast_9_piece0 in memory on c05002f484b8:39235 (size: 17.2 KiB, free: 434.3 MiB)
[2026-04-12T05:47:10.852+0000] {subprocess.py:106} INFO - 26/04/12 05:47:10 INFO SparkContext: Created broadcast 9 from broadcast at DAGScheduler.scala:1585
[2026-04-12T05:47:10.852+0000] {subprocess.py:106} INFO - 26/04/12 05:47:10 INFO DAGScheduler: Submitting 2 missing tasks from ShuffleMapStage 6 (MapPartitionsRDD[15] at create at <unknown>:0) (first 15 tasks are for partitions Vector(0, 1))
[2026-04-12T05:47:10.853+0000] {subprocess.py:106} INFO - 26/04/12 05:47:10 INFO TaskSchedulerImpl: Adding task set 6.0 with 2 tasks resource profile 0
[2026-04-12T05:47:10.854+0000] {subprocess.py:106} INFO - 26/04/12 05:47:10 INFO TaskSetManager: Starting task 0.0 in stage 6.0 (TID 5) (172.30.0.14, executor 0, partition 0, PROCESS_LOCAL, 16602 bytes)
[2026-04-12T05:47:10.875+0000] {subprocess.py:106} INFO - 26/04/12 05:47:10 INFO BlockManagerInfo: Added broadcast_9_piece0 in memory on 172.30.0.14:41373 (size: 17.2 KiB, free: 434.4 MiB)
[2026-04-12T05:47:10.932+0000] {subprocess.py:106} INFO - 26/04/12 05:47:10 INFO BlockManagerInfo: Removed broadcast_2_piece0 on c05002f484b8:39235 in memory (size: 30.4 KiB, free: 434.3 MiB)
[2026-04-12T05:47:10.975+0000] {subprocess.py:106} INFO - 26/04/12 05:47:10 INFO BlockManagerInfo: Added broadcast_8_piece0 in memory on 172.30.0.14:41373 (size: 30.4 KiB, free: 434.3 MiB)
[2026-04-12T05:47:11.234+0000] {subprocess.py:106} INFO - 26/04/12 05:47:11 INFO TaskSetManager: Starting task 1.0 in stage 6.0 (TID 6) (172.30.0.14, executor 0, partition 1, PROCESS_LOCAL, 16141 bytes)
[2026-04-12T05:47:11.235+0000] {subprocess.py:106} INFO - 26/04/12 05:47:11 INFO TaskSetManager: Finished task 0.0 in stage 6.0 (TID 5) in 380 ms on 172.30.0.14 (executor 0) (1/2)
[2026-04-12T05:47:11.430+0000] {subprocess.py:106} INFO - 26/04/12 05:47:11 INFO TaskSetManager: Finished task 1.0 in stage 6.0 (TID 6) in 198 ms on 172.30.0.14 (executor 0) (2/2)
[2026-04-12T05:47:11.432+0000] {subprocess.py:106} INFO - 26/04/12 05:47:11 INFO TaskSchedulerImpl: Removed TaskSet 6.0, whose tasks have all completed, from pool
[2026-04-12T05:47:11.433+0000] {subprocess.py:106} INFO - 26/04/12 05:47:11 INFO DAGScheduler: ShuffleMapStage 6 (create at <unknown>:0) finished in 0.598 s
[2026-04-12T05:47:11.434+0000] {subprocess.py:106} INFO - 26/04/12 05:47:11 INFO DAGScheduler: looking for newly runnable stages
[2026-04-12T05:47:11.436+0000] {subprocess.py:106} INFO - 26/04/12 05:47:11 INFO DAGScheduler: running: Set()
[2026-04-12T05:47:11.437+0000] {subprocess.py:106} INFO - 26/04/12 05:47:11 INFO DAGScheduler: waiting: Set()
[2026-04-12T05:47:11.438+0000] {subprocess.py:106} INFO - 26/04/12 05:47:11 INFO DAGScheduler: failed: Set()
[2026-04-12T05:47:11.445+0000] {subprocess.py:106} INFO - 26/04/12 05:47:11 INFO ShufflePartitionsUtil: For shuffle(2), advisory target size: 67108864, actual target size 1048576, minimum partition size: 1048576
[2026-04-12T05:47:11.506+0000] {subprocess.py:106} INFO - 26/04/12 05:47:11 INFO CodeGenerator: Code generated in 39.91506 ms
[2026-04-12T05:47:11.518+0000] {subprocess.py:106} INFO - 26/04/12 05:47:11 INFO MemoryStore: Block broadcast_10 stored as values in memory (estimated size 32.0 KiB, free 434.1 MiB)
[2026-04-12T05:47:11.530+0000] {subprocess.py:106} INFO - 26/04/12 05:47:11 INFO MemoryStore: Block broadcast_10_piece0 stored as bytes in memory (estimated size 29.8 KiB, free 434.1 MiB)
[2026-04-12T05:47:11.534+0000] {subprocess.py:106} INFO - 26/04/12 05:47:11 INFO BlockManagerInfo: Added broadcast_10_piece0 in memory on c05002f484b8:39235 (size: 29.8 KiB, free: 434.3 MiB)
[2026-04-12T05:47:11.534+0000] {subprocess.py:106} INFO - 26/04/12 05:47:11 INFO BlockManagerInfo: Removed broadcast_9_piece0 on c05002f484b8:39235 in memory (size: 17.2 KiB, free: 434.3 MiB)
[2026-04-12T05:47:11.537+0000] {subprocess.py:106} INFO - 26/04/12 05:47:11 INFO SparkContext: Created broadcast 10 from broadcast at SparkWrite.java:193
[2026-04-12T05:47:11.540+0000] {subprocess.py:106} INFO - 26/04/12 05:47:11 INFO AppendDataExec: Start processing data source write support: IcebergBatchWrite(table=gold.dim_location, format=PARQUET). The input RDD has 1 partitions.
[2026-04-12T05:47:11.541+0000] {subprocess.py:106} INFO - 26/04/12 05:47:11 INFO SparkContext: Starting job: create at <unknown>:0
[2026-04-12T05:47:11.541+0000] {subprocess.py:106} INFO - 26/04/12 05:47:11 INFO BlockManagerInfo: Removed broadcast_9_piece0 on 172.30.0.14:41373 in memory (size: 17.2 KiB, free: 434.3 MiB)
[2026-04-12T05:47:11.542+0000] {subprocess.py:106} INFO - 26/04/12 05:47:11 INFO DAGScheduler: Got job 5 (create at <unknown>:0) with 1 output partitions
[2026-04-12T05:47:11.543+0000] {subprocess.py:106} INFO - 26/04/12 05:47:11 INFO DAGScheduler: Final stage: ResultStage 8 (create at <unknown>:0)
[2026-04-12T05:47:11.544+0000] {subprocess.py:106} INFO - 26/04/12 05:47:11 INFO DAGScheduler: Parents of final stage: List(ShuffleMapStage 7)
[2026-04-12T05:47:11.544+0000] {subprocess.py:106} INFO - 26/04/12 05:47:11 INFO DAGScheduler: Missing parents: List()
[2026-04-12T05:47:11.545+0000] {subprocess.py:106} INFO - 26/04/12 05:47:11 INFO DAGScheduler: Submitting ResultStage 8 (MapPartitionsRDD[17] at create at <unknown>:0), which has no missing parents
[2026-04-12T05:47:11.554+0000] {subprocess.py:106} INFO - 26/04/12 05:47:11 INFO MemoryStore: Block broadcast_11 stored as values in memory (estimated size 53.3 KiB, free 434.1 MiB)
[2026-04-12T05:47:11.557+0000] {subprocess.py:106} INFO - 26/04/12 05:47:11 INFO MemoryStore: Block broadcast_11_piece0 stored as bytes in memory (estimated size 22.5 KiB, free 434.1 MiB)
[2026-04-12T05:47:11.558+0000] {subprocess.py:106} INFO - 26/04/12 05:47:11 INFO BlockManagerInfo: Added broadcast_11_piece0 in memory on c05002f484b8:39235 (size: 22.5 KiB, free: 434.3 MiB)
[2026-04-12T05:47:11.559+0000] {subprocess.py:106} INFO - 26/04/12 05:47:11 INFO SparkContext: Created broadcast 11 from broadcast at DAGScheduler.scala:1585
[2026-04-12T05:47:11.559+0000] {subprocess.py:106} INFO - 26/04/12 05:47:11 INFO DAGScheduler: Submitting 1 missing tasks from ResultStage 8 (MapPartitionsRDD[17] at create at <unknown>:0) (first 15 tasks are for partitions Vector(0))
[2026-04-12T05:47:11.561+0000] {subprocess.py:106} INFO - 26/04/12 05:47:11 INFO TaskSchedulerImpl: Adding task set 8.0 with 1 tasks resource profile 0
[2026-04-12T05:47:11.563+0000] {subprocess.py:106} INFO - 26/04/12 05:47:11 INFO TaskSetManager: Starting task 0.0 in stage 8.0 (TID 7) (172.30.0.14, executor 0, partition 0, NODE_LOCAL, 9976 bytes)
[2026-04-12T05:47:11.601+0000] {subprocess.py:106} INFO - 26/04/12 05:47:11 INFO BlockManagerInfo: Added broadcast_11_piece0 in memory on 172.30.0.14:41373 (size: 22.5 KiB, free: 434.3 MiB)
[2026-04-12T05:47:11.609+0000] {subprocess.py:106} INFO - 26/04/12 05:47:11 INFO BlockManagerInfo: Removed broadcast_3_piece0 on c05002f484b8:39235 in memory (size: 30.3 KiB, free: 434.3 MiB)
[2026-04-12T05:47:11.618+0000] {subprocess.py:106} INFO - 26/04/12 05:47:11 INFO BlockManagerInfo: Removed broadcast_3_piece0 on 172.30.0.14:41373 in memory (size: 30.3 KiB, free: 434.3 MiB)
[2026-04-12T05:47:11.626+0000] {subprocess.py:106} INFO - 26/04/12 05:47:11 INFO MapOutputTrackerMasterEndpoint: Asked to send map output locations for shuffle 2 to 172.30.0.14:45744
[2026-04-12T05:47:11.695+0000] {subprocess.py:106} INFO - 26/04/12 05:47:11 INFO BlockManagerInfo: Added broadcast_10_piece0 in memory on 172.30.0.14:41373 (size: 29.8 KiB, free: 434.3 MiB)
[2026-04-12T05:47:11.844+0000] {subprocess.py:106} INFO - 26/04/12 05:47:11 INFO TaskSetManager: Finished task 0.0 in stage 8.0 (TID 7) in 282 ms on 172.30.0.14 (executor 0) (1/1)
[2026-04-12T05:47:11.846+0000] {subprocess.py:106} INFO - 26/04/12 05:47:11 INFO TaskSchedulerImpl: Removed TaskSet 8.0, whose tasks have all completed, from pool
[2026-04-12T05:47:11.852+0000] {subprocess.py:106} INFO - 26/04/12 05:47:11 INFO DAGScheduler: ResultStage 8 (create at <unknown>:0) finished in 0.295 s
[2026-04-12T05:47:11.852+0000] {subprocess.py:106} INFO - 26/04/12 05:47:11 INFO DAGScheduler: Job 5 is finished. Cancelling potential speculative or zombie tasks for this job
[2026-04-12T05:47:11.853+0000] {subprocess.py:106} INFO - 26/04/12 05:47:11 INFO TaskSchedulerImpl: Killing all running tasks in stage 8: Stage finished
[2026-04-12T05:47:11.855+0000] {subprocess.py:106} INFO - 26/04/12 05:47:11 INFO DAGScheduler: Job 5 finished: create at <unknown>:0, took 0.310143 s
[2026-04-12T05:47:11.855+0000] {subprocess.py:106} INFO - 26/04/12 05:47:11 INFO AppendDataExec: Data source write support IcebergBatchWrite(table=gold.dim_location, format=PARQUET) is committing.
[2026-04-12T05:47:11.856+0000] {subprocess.py:106} INFO - 26/04/12 05:47:11 INFO SparkWrite: Committing append with 1 new data files to table gold.dim_location
[2026-04-12T05:47:12.010+0000] {subprocess.py:106} INFO - 26/04/12 05:47:12 INFO SnapshotProducer: Committed snapshot 1936052393745939262 (MergeAppend)
[2026-04-12T05:47:12.034+0000] {subprocess.py:106} INFO - 26/04/12 05:47:12 INFO LoggingMetricsReporter: Received metrics report: CommitReport{tableName=gold.dim_location, snapshotId=1936052393745939262, sequenceNumber=1, operation=append, commitMetrics=CommitMetricsResult{totalDuration=TimerResult{timeUnit=NANOSECONDS, totalDuration=PT0.183846541S, count=1}, attempts=CounterResult{unit=COUNT, value=1}, addedDataFiles=CounterResult{unit=COUNT, value=1}, removedDataFiles=null, totalDataFiles=CounterResult{unit=COUNT, value=1}, addedDeleteFiles=null, addedEqualityDeleteFiles=null, addedPositionalDeleteFiles=null, removedDeleteFiles=null, removedEqualityDeleteFiles=null, removedPositionalDeleteFiles=null, totalDeleteFiles=CounterResult{unit=COUNT, value=0}, addedRecords=CounterResult{unit=COUNT, value=10}, removedRecords=null, totalRecords=CounterResult{unit=COUNT, value=10}, addedFilesSizeInBytes=CounterResult{unit=BYTES, value=1182}, removedFilesSizeInBytes=null, totalFilesSizeInBytes=CounterResult{unit=BYTES, value=1182}, addedPositionalDeletes=null, removedPositionalDeletes=null, totalPositionalDeletes=CounterResult{unit=COUNT, value=0}, addedEqualityDeletes=null, removedEqualityDeletes=null, totalEqualityDeletes=CounterResult{unit=COUNT, value=0}}, metadata={engine-version=3.5.3, app-id=app-20260412054652-0002, engine-name=spark, iceberg-version=Apache Iceberg 1.6.1 (commit 8e9d59d299be42b0bca9461457cd1e95dbaad086)}}
[2026-04-12T05:47:12.035+0000] {subprocess.py:106} INFO - 26/04/12 05:47:12 INFO SparkWrite: Committed in 184 ms
[2026-04-12T05:47:12.035+0000] {subprocess.py:106} INFO - 26/04/12 05:47:12 INFO AppendDataExec: Data source write support IcebergBatchWrite(table=gold.dim_location, format=PARQUET) committed.
[2026-04-12T05:47:12.157+0000] {subprocess.py:106} INFO - 26/04/12 05:47:12 INFO HiveTableOperations: Committed to table iceberg.gold.dim_location with the new metadata location s3a://warehouse/iceberg_data/gold.db/dim_location/metadata/00000-33e5504c-b721-4071-ab0d-3433a74da902.metadata.json
[2026-04-12T05:47:12.158+0000] {subprocess.py:106} INFO - 26/04/12 05:47:12 INFO BaseMetastoreTableOperations: Successfully committed to table iceberg.gold.dim_location in 123 ms
[2026-04-12T05:47:12.159+0000] {subprocess.py:106} INFO - >>> Building DIM_COMPANY...
[2026-04-12T05:47:12.222+0000] {subprocess.py:106} INFO - 26/04/12 05:47:12 INFO BaseMetastoreCatalog: Table properties set at catalog level through catalog properties: {}
[2026-04-12T05:47:12.232+0000] {subprocess.py:106} INFO - 26/04/12 05:47:12 INFO BaseMetastoreCatalog: Table properties enforced at catalog level through catalog properties: {}
[2026-04-12T05:47:12.251+0000] {subprocess.py:106} INFO - 26/04/12 05:47:12 INFO V2ScanRelationPushDown:
[2026-04-12T05:47:12.251+0000] {subprocess.py:106} INFO - Pushing operators to iceberg.silver.it_jobs_clean
[2026-04-12T05:47:12.252+0000] {subprocess.py:106} INFO - Pushed Filters: company_name IS NOT NULL
[2026-04-12T05:47:12.253+0000] {subprocess.py:106} INFO - Post-Scan Filters: isnotnull(company_name#1)
[2026-04-12T05:47:12.253+0000] {subprocess.py:106} INFO - 
[2026-04-12T05:47:12.254+0000] {subprocess.py:106} INFO - 26/04/12 05:47:12 INFO V2ScanRelationPushDown:
[2026-04-12T05:47:12.255+0000] {subprocess.py:106} INFO - Output: company_name#1
[2026-04-12T05:47:12.255+0000] {subprocess.py:106} INFO - 
[2026-04-12T05:47:12.256+0000] {subprocess.py:106} INFO - 26/04/12 05:47:12 INFO SnapshotScan: Scanning table iceberg.silver.it_jobs_clean snapshot 5178710788262370016 created at 2026-04-12T05:46:44.358+00:00 with filter company_name IS NOT NULL
[2026-04-12T05:47:12.257+0000] {subprocess.py:106} INFO - 26/04/12 05:47:12 INFO BaseDistributedDataScan: Planning file tasks locally for table iceberg.silver.it_jobs_clean
[2026-04-12T05:47:12.321+0000] {subprocess.py:106} INFO - 26/04/12 05:47:12 INFO BlockManagerInfo: Removed broadcast_8_piece0 on c05002f484b8:39235 in memory (size: 30.4 KiB, free: 434.3 MiB)
[2026-04-12T05:47:12.325+0000] {subprocess.py:106} INFO - 26/04/12 05:47:12 INFO BlockManagerInfo: Removed broadcast_8_piece0 on 172.30.0.14:41373 in memory (size: 30.4 KiB, free: 434.3 MiB)
[2026-04-12T05:47:12.334+0000] {subprocess.py:106} INFO - 26/04/12 05:47:12 INFO BlockManagerInfo: Removed broadcast_7_piece0 on c05002f484b8:39235 in memory (size: 30.3 KiB, free: 434.3 MiB)
[2026-04-12T05:47:12.337+0000] {subprocess.py:106} INFO - 26/04/12 05:47:12 INFO SparkPartitioningAwareScan: Reporting UnknownPartitioning with 2 partition(s) for table iceberg.silver.it_jobs_clean
[2026-04-12T05:47:12.339+0000] {subprocess.py:106} INFO - 26/04/12 05:47:12 INFO SparkWrite: Requesting 0 bytes advisory partition size for table gold.dim_company
[2026-04-12T05:47:12.339+0000] {subprocess.py:106} INFO - 26/04/12 05:47:12 INFO SparkWrite: Requesting UnspecifiedDistribution as write distribution for table gold.dim_company
[2026-04-12T05:47:12.341+0000] {subprocess.py:106} INFO - 26/04/12 05:47:12 INFO SparkWrite: Requesting [] as write ordering for table gold.dim_company
[2026-04-12T05:47:12.348+0000] {subprocess.py:106} INFO - 26/04/12 05:47:12 INFO BlockManagerInfo: Removed broadcast_11_piece0 on c05002f484b8:39235 in memory (size: 22.5 KiB, free: 434.4 MiB)
[2026-04-12T05:47:12.352+0000] {subprocess.py:106} INFO - 26/04/12 05:47:12 INFO BlockManagerInfo: Removed broadcast_11_piece0 on 172.30.0.14:41373 in memory (size: 22.5 KiB, free: 434.4 MiB)
[2026-04-12T05:47:12.354+0000] {subprocess.py:106} INFO - 26/04/12 05:47:12 INFO MemoryStore: Block broadcast_12 stored as values in memory (estimated size 32.0 KiB, free 434.3 MiB)
[2026-04-12T05:47:12.365+0000] {subprocess.py:106} INFO - 26/04/12 05:47:12 INFO MemoryStore: Block broadcast_12_piece0 stored as bytes in memory (estimated size 30.4 KiB, free 434.3 MiB)
[2026-04-12T05:47:12.369+0000] {subprocess.py:106} INFO - 26/04/12 05:47:12 INFO BlockManagerInfo: Added broadcast_12_piece0 in memory on c05002f484b8:39235 (size: 30.4 KiB, free: 434.3 MiB)
[2026-04-12T05:47:12.377+0000] {subprocess.py:106} INFO - 26/04/12 05:47:12 INFO SparkContext: Created broadcast 12 from broadcast at SparkBatch.java:79
[2026-04-12T05:47:12.379+0000] {subprocess.py:106} INFO - 26/04/12 05:47:12 INFO BlockManagerInfo: Removed broadcast_10_piece0 on c05002f484b8:39235 in memory (size: 29.8 KiB, free: 434.4 MiB)
[2026-04-12T05:47:12.380+0000] {subprocess.py:106} INFO - 26/04/12 05:47:12 INFO BlockManagerInfo: Removed broadcast_10_piece0 on 172.30.0.14:41373 in memory (size: 29.8 KiB, free: 434.4 MiB)
[2026-04-12T05:47:12.384+0000] {subprocess.py:106} INFO - 26/04/12 05:47:12 INFO MemoryStore: Block broadcast_13 stored as values in memory (estimated size 32.0 KiB, free 434.3 MiB)
[2026-04-12T05:47:12.389+0000] {subprocess.py:106} INFO - 26/04/12 05:47:12 INFO MemoryStore: Block broadcast_13_piece0 stored as bytes in memory (estimated size 30.3 KiB, free 434.3 MiB)
[2026-04-12T05:47:12.392+0000] {subprocess.py:106} INFO - 26/04/12 05:47:12 INFO BlockManagerInfo: Added broadcast_13_piece0 in memory on c05002f484b8:39235 (size: 30.3 KiB, free: 434.3 MiB)
[2026-04-12T05:47:12.394+0000] {subprocess.py:106} INFO - 26/04/12 05:47:12 INFO SparkContext: Created broadcast 13 from broadcast at SparkBatch.java:79
[2026-04-12T05:47:12.497+0000] {subprocess.py:106} INFO - 26/04/12 05:47:12 INFO CodeGenerator: Code generated in 49.330947 ms
[2026-04-12T05:47:12.514+0000] {subprocess.py:106} INFO - 26/04/12 05:47:12 INFO DAGScheduler: Registering RDD 21 (create at <unknown>:0) as input to shuffle 3
[2026-04-12T05:47:12.515+0000] {subprocess.py:106} INFO - 26/04/12 05:47:12 INFO DAGScheduler: Got map stage job 6 (create at <unknown>:0) with 2 output partitions
[2026-04-12T05:47:12.516+0000] {subprocess.py:106} INFO - 26/04/12 05:47:12 INFO DAGScheduler: Final stage: ShuffleMapStage 9 (create at <unknown>:0)
[2026-04-12T05:47:12.517+0000] {subprocess.py:106} INFO - 26/04/12 05:47:12 INFO DAGScheduler: Parents of final stage: List()
[2026-04-12T05:47:12.517+0000] {subprocess.py:106} INFO - 26/04/12 05:47:12 INFO DAGScheduler: Missing parents: List()
[2026-04-12T05:47:12.519+0000] {subprocess.py:106} INFO - 26/04/12 05:47:12 INFO DAGScheduler: Submitting ShuffleMapStage 9 (MapPartitionsRDD[21] at create at <unknown>:0), which has no missing parents
[2026-04-12T05:47:12.524+0000] {subprocess.py:106} INFO - 26/04/12 05:47:12 INFO MemoryStore: Block broadcast_14 stored as values in memory (estimated size 37.1 KiB, free 434.2 MiB)
[2026-04-12T05:47:12.536+0000] {subprocess.py:106} INFO - 26/04/12 05:47:12 INFO MemoryStore: Block broadcast_14_piece0 stored as bytes in memory (estimated size 16.2 KiB, free 434.2 MiB)
[2026-04-12T05:47:12.538+0000] {subprocess.py:106} INFO - 26/04/12 05:47:12 INFO BlockManagerInfo: Added broadcast_14_piece0 in memory on c05002f484b8:39235 (size: 16.2 KiB, free: 434.3 MiB)
[2026-04-12T05:47:12.542+0000] {subprocess.py:106} INFO - 26/04/12 05:47:12 INFO SparkContext: Created broadcast 14 from broadcast at DAGScheduler.scala:1585
[2026-04-12T05:47:12.543+0000] {subprocess.py:106} INFO - 26/04/12 05:47:12 INFO DAGScheduler: Submitting 2 missing tasks from ShuffleMapStage 9 (MapPartitionsRDD[21] at create at <unknown>:0) (first 15 tasks are for partitions Vector(0, 1))
[2026-04-12T05:47:12.544+0000] {subprocess.py:106} INFO - 26/04/12 05:47:12 INFO TaskSchedulerImpl: Adding task set 9.0 with 2 tasks resource profile 0
[2026-04-12T05:47:12.547+0000] {subprocess.py:106} INFO - 26/04/12 05:47:12 INFO TaskSetManager: Starting task 0.0 in stage 9.0 (TID 8) (172.30.0.14, executor 0, partition 0, PROCESS_LOCAL, 16534 bytes)
[2026-04-12T05:47:12.574+0000] {subprocess.py:106} INFO - 26/04/12 05:47:12 INFO BlockManagerInfo: Added broadcast_14_piece0 in memory on 172.30.0.14:41373 (size: 16.2 KiB, free: 434.4 MiB)
[2026-04-12T05:47:12.793+0000] {subprocess.py:106} INFO - 26/04/12 05:47:12 INFO BlockManagerInfo: Added broadcast_13_piece0 in memory on 172.30.0.14:41373 (size: 30.3 KiB, free: 434.4 MiB)
[2026-04-12T05:47:13.350+0000] {subprocess.py:106} INFO - 26/04/12 05:47:13 INFO TaskSetManager: Starting task 1.0 in stage 9.0 (TID 9) (172.30.0.14, executor 0, partition 1, PROCESS_LOCAL, 15918 bytes)
[2026-04-12T05:47:13.351+0000] {subprocess.py:106} INFO - 26/04/12 05:47:13 INFO TaskSetManager: Finished task 0.0 in stage 9.0 (TID 8) in 805 ms on 172.30.0.14 (executor 0) (1/2)
[2026-04-12T05:47:13.572+0000] {subprocess.py:106} INFO - 26/04/12 05:47:13 INFO TaskSetManager: Finished task 1.0 in stage 9.0 (TID 9) in 223 ms on 172.30.0.14 (executor 0) (2/2)
[2026-04-12T05:47:13.573+0000] {subprocess.py:106} INFO - 26/04/12 05:47:13 INFO TaskSchedulerImpl: Removed TaskSet 9.0, whose tasks have all completed, from pool
[2026-04-12T05:47:13.573+0000] {subprocess.py:106} INFO - 26/04/12 05:47:13 INFO DAGScheduler: ShuffleMapStage 9 (create at <unknown>:0) finished in 1.053 s
[2026-04-12T05:47:13.574+0000] {subprocess.py:106} INFO - 26/04/12 05:47:13 INFO DAGScheduler: looking for newly runnable stages
[2026-04-12T05:47:13.575+0000] {subprocess.py:106} INFO - 26/04/12 05:47:13 INFO DAGScheduler: running: Set()
[2026-04-12T05:47:13.575+0000] {subprocess.py:106} INFO - 26/04/12 05:47:13 INFO DAGScheduler: waiting: Set()
[2026-04-12T05:47:13.576+0000] {subprocess.py:106} INFO - 26/04/12 05:47:13 INFO DAGScheduler: failed: Set()
[2026-04-12T05:47:13.577+0000] {subprocess.py:106} INFO - 26/04/12 05:47:13 INFO ShufflePartitionsUtil: For shuffle(3), advisory target size: 67108864, actual target size 1048576, minimum partition size: 1048576
[2026-04-12T05:47:13.611+0000] {subprocess.py:106} INFO - 26/04/12 05:47:13 INFO CodeGenerator: Code generated in 24.372061 ms
[2026-04-12T05:47:13.617+0000] {subprocess.py:106} INFO - 26/04/12 05:47:13 INFO MemoryStore: Block broadcast_15 stored as values in memory (estimated size 32.0 KiB, free 434.2 MiB)
[2026-04-12T05:47:13.628+0000] {subprocess.py:106} INFO - 26/04/12 05:47:13 INFO MemoryStore: Block broadcast_15_piece0 stored as bytes in memory (estimated size 29.8 KiB, free 434.2 MiB)
[2026-04-12T05:47:13.630+0000] {subprocess.py:106} INFO - 26/04/12 05:47:13 INFO BlockManagerInfo: Added broadcast_15_piece0 in memory on c05002f484b8:39235 (size: 29.8 KiB, free: 434.3 MiB)
[2026-04-12T05:47:13.634+0000] {subprocess.py:106} INFO - 26/04/12 05:47:13 INFO BlockManagerInfo: Removed broadcast_14_piece0 on c05002f484b8:39235 in memory (size: 16.2 KiB, free: 434.3 MiB)
[2026-04-12T05:47:13.635+0000] {subprocess.py:106} INFO - 26/04/12 05:47:13 INFO SparkContext: Created broadcast 15 from broadcast at SparkWrite.java:193
[2026-04-12T05:47:13.637+0000] {subprocess.py:106} INFO - 26/04/12 05:47:13 INFO AppendDataExec: Start processing data source write support: IcebergBatchWrite(table=gold.dim_company, format=PARQUET). The input RDD has 1 partitions.
[2026-04-12T05:47:13.638+0000] {subprocess.py:106} INFO - 26/04/12 05:47:13 INFO SparkContext: Starting job: create at <unknown>:0
[2026-04-12T05:47:13.639+0000] {subprocess.py:106} INFO - 26/04/12 05:47:13 INFO DAGScheduler: Got job 7 (create at <unknown>:0) with 1 output partitions
[2026-04-12T05:47:13.640+0000] {subprocess.py:106} INFO - 26/04/12 05:47:13 INFO DAGScheduler: Final stage: ResultStage 11 (create at <unknown>:0)
[2026-04-12T05:47:13.642+0000] {subprocess.py:106} INFO - 26/04/12 05:47:13 INFO DAGScheduler: Parents of final stage: List(ShuffleMapStage 10)
[2026-04-12T05:47:13.643+0000] {subprocess.py:106} INFO - 26/04/12 05:47:13 INFO BlockManagerInfo: Removed broadcast_14_piece0 on 172.30.0.14:41373 in memory (size: 16.2 KiB, free: 434.4 MiB)
[2026-04-12T05:47:13.644+0000] {subprocess.py:106} INFO - 26/04/12 05:47:13 INFO DAGScheduler: Missing parents: List()
[2026-04-12T05:47:13.645+0000] {subprocess.py:106} INFO - 26/04/12 05:47:13 INFO DAGScheduler: Submitting ResultStage 11 (MapPartitionsRDD[23] at create at <unknown>:0), which has no missing parents
[2026-04-12T05:47:13.655+0000] {subprocess.py:106} INFO - 26/04/12 05:47:13 INFO MemoryStore: Block broadcast_16 stored as values in memory (estimated size 43.6 KiB, free 434.2 MiB)
[2026-04-12T05:47:13.658+0000] {subprocess.py:106} INFO - 26/04/12 05:47:13 INFO MemoryStore: Block broadcast_16_piece0 stored as bytes in memory (estimated size 19.8 KiB, free 434.2 MiB)
[2026-04-12T05:47:13.659+0000] {subprocess.py:106} INFO - 26/04/12 05:47:13 INFO BlockManagerInfo: Added broadcast_16_piece0 in memory on c05002f484b8:39235 (size: 19.8 KiB, free: 434.3 MiB)
[2026-04-12T05:47:13.660+0000] {subprocess.py:106} INFO - 26/04/12 05:47:13 INFO SparkContext: Created broadcast 16 from broadcast at DAGScheduler.scala:1585
[2026-04-12T05:47:13.661+0000] {subprocess.py:106} INFO - 26/04/12 05:47:13 INFO DAGScheduler: Submitting 1 missing tasks from ResultStage 11 (MapPartitionsRDD[23] at create at <unknown>:0) (first 15 tasks are for partitions Vector(0))
[2026-04-12T05:47:13.662+0000] {subprocess.py:106} INFO - 26/04/12 05:47:13 INFO TaskSchedulerImpl: Adding task set 11.0 with 1 tasks resource profile 0
[2026-04-12T05:47:13.667+0000] {subprocess.py:106} INFO - 26/04/12 05:47:13 INFO TaskSetManager: Starting task 0.0 in stage 11.0 (TID 10) (172.30.0.14, executor 0, partition 0, NODE_LOCAL, 9976 bytes)
[2026-04-12T05:47:13.692+0000] {subprocess.py:106} INFO - 26/04/12 05:47:13 INFO BlockManagerInfo: Added broadcast_16_piece0 in memory on 172.30.0.14:41373 (size: 19.8 KiB, free: 434.4 MiB)
[2026-04-12T05:47:13.706+0000] {subprocess.py:106} INFO - 26/04/12 05:47:13 INFO MapOutputTrackerMasterEndpoint: Asked to send map output locations for shuffle 3 to 172.30.0.14:45744
[2026-04-12T05:47:13.767+0000] {subprocess.py:106} INFO - 26/04/12 05:47:13 INFO BlockManagerInfo: Added broadcast_15_piece0 in memory on 172.30.0.14:41373 (size: 29.8 KiB, free: 434.3 MiB)
[2026-04-12T05:47:13.858+0000] {subprocess.py:106} INFO - 26/04/12 05:47:13 INFO TaskSetManager: Finished task 0.0 in stage 11.0 (TID 10) in 196 ms on 172.30.0.14 (executor 0) (1/1)
[2026-04-12T05:47:13.859+0000] {subprocess.py:106} INFO - 26/04/12 05:47:13 INFO TaskSchedulerImpl: Removed TaskSet 11.0, whose tasks have all completed, from pool
[2026-04-12T05:47:13.860+0000] {subprocess.py:106} INFO - 26/04/12 05:47:13 INFO DAGScheduler: ResultStage 11 (create at <unknown>:0) finished in 0.207 s
[2026-04-12T05:47:13.861+0000] {subprocess.py:106} INFO - 26/04/12 05:47:13 INFO DAGScheduler: Job 7 is finished. Cancelling potential speculative or zombie tasks for this job
[2026-04-12T05:47:13.862+0000] {subprocess.py:106} INFO - 26/04/12 05:47:13 INFO TaskSchedulerImpl: Killing all running tasks in stage 11: Stage finished
[2026-04-12T05:47:13.862+0000] {subprocess.py:106} INFO - 26/04/12 05:47:13 INFO DAGScheduler: Job 7 finished: create at <unknown>:0, took 0.227127 s
[2026-04-12T05:47:13.863+0000] {subprocess.py:106} INFO - 26/04/12 05:47:13 INFO AppendDataExec: Data source write support IcebergBatchWrite(table=gold.dim_company, format=PARQUET) is committing.
[2026-04-12T05:47:13.863+0000] {subprocess.py:106} INFO - 26/04/12 05:47:13 INFO SparkWrite: Committing append with 1 new data files to table gold.dim_company
[2026-04-12T05:47:14.022+0000] {subprocess.py:106} INFO - 26/04/12 05:47:14 INFO SnapshotProducer: Committed snapshot 4621989023540647211 (MergeAppend)
[2026-04-12T05:47:14.054+0000] {subprocess.py:106} INFO - 26/04/12 05:47:14 INFO LoggingMetricsReporter: Received metrics report: CommitReport{tableName=gold.dim_company, snapshotId=4621989023540647211, sequenceNumber=1, operation=append, commitMetrics=CommitMetricsResult{totalDuration=TimerResult{timeUnit=NANOSECONDS, totalDuration=PT0.190670919S, count=1}, attempts=CounterResult{unit=COUNT, value=1}, addedDataFiles=CounterResult{unit=COUNT, value=1}, removedDataFiles=null, totalDataFiles=CounterResult{unit=COUNT, value=1}, addedDeleteFiles=null, addedEqualityDeleteFiles=null, addedPositionalDeleteFiles=null, removedDeleteFiles=null, removedEqualityDeleteFiles=null, removedPositionalDeleteFiles=null, totalDeleteFiles=CounterResult{unit=COUNT, value=0}, addedRecords=CounterResult{unit=COUNT, value=1191}, removedRecords=null, totalRecords=CounterResult{unit=COUNT, value=1191}, addedFilesSizeInBytes=CounterResult{unit=BYTES, value=22069}, removedFilesSizeInBytes=null, totalFilesSizeInBytes=CounterResult{unit=BYTES, value=22069}, addedPositionalDeletes=null, removedPositionalDeletes=null, totalPositionalDeletes=CounterResult{unit=COUNT, value=0}, addedEqualityDeletes=null, removedEqualityDeletes=null, totalEqualityDeletes=CounterResult{unit=COUNT, value=0}}, metadata={engine-version=3.5.3, app-id=app-20260412054652-0002, engine-name=spark, iceberg-version=Apache Iceberg 1.6.1 (commit 8e9d59d299be42b0bca9461457cd1e95dbaad086)}}
[2026-04-12T05:47:14.054+0000] {subprocess.py:106} INFO - 26/04/12 05:47:14 INFO SparkWrite: Committed in 191 ms
[2026-04-12T05:47:14.055+0000] {subprocess.py:106} INFO - 26/04/12 05:47:14 INFO AppendDataExec: Data source write support IcebergBatchWrite(table=gold.dim_company, format=PARQUET) committed.
[2026-04-12T05:47:14.249+0000] {subprocess.py:106} INFO - 26/04/12 05:47:14 INFO HiveTableOperations: Committed to table iceberg.gold.dim_company with the new metadata location s3a://warehouse/iceberg_data/gold.db/dim_company/metadata/00000-9625fff8-0384-4ba2-814a-0f0c7aba7fe5.metadata.json
[2026-04-12T05:47:14.250+0000] {subprocess.py:106} INFO - 26/04/12 05:47:14 INFO BaseMetastoreTableOperations: Successfully committed to table iceberg.gold.dim_company in 194 ms
[2026-04-12T05:47:14.250+0000] {subprocess.py:106} INFO - >>> Building DIM_WORK_MODE...
[2026-04-12T05:47:14.320+0000] {subprocess.py:106} INFO - 26/04/12 05:47:14 INFO BaseMetastoreCatalog: Table properties set at catalog level through catalog properties: {}
[2026-04-12T05:47:14.327+0000] {subprocess.py:106} INFO - 26/04/12 05:47:14 INFO BaseMetastoreCatalog: Table properties enforced at catalog level through catalog properties: {}
[2026-04-12T05:47:14.349+0000] {subprocess.py:106} INFO - 26/04/12 05:47:14 INFO V2ScanRelationPushDown:
[2026-04-12T05:47:14.350+0000] {subprocess.py:106} INFO - Pushing operators to iceberg.silver.it_jobs_clean
[2026-04-12T05:47:14.351+0000] {subprocess.py:106} INFO - Pushed Filters: work_mode IS NOT NULL
[2026-04-12T05:47:14.352+0000] {subprocess.py:106} INFO - Post-Scan Filters: isnotnull(work_mode#7)
[2026-04-12T05:47:14.352+0000] {subprocess.py:106} INFO - 
[2026-04-12T05:47:14.353+0000] {subprocess.py:106} INFO - 26/04/12 05:47:14 INFO V2ScanRelationPushDown:
[2026-04-12T05:47:14.354+0000] {subprocess.py:106} INFO - Output: work_mode#7
[2026-04-12T05:47:14.354+0000] {subprocess.py:106} INFO - 
[2026-04-12T05:47:14.355+0000] {subprocess.py:106} INFO - 26/04/12 05:47:14 INFO SnapshotScan: Scanning table iceberg.silver.it_jobs_clean snapshot 5178710788262370016 created at 2026-04-12T05:46:44.358+00:00 with filter work_mode IS NOT NULL
[2026-04-12T05:47:14.355+0000] {subprocess.py:106} INFO - 26/04/12 05:47:14 INFO BaseDistributedDataScan: Planning file tasks locally for table iceberg.silver.it_jobs_clean
[2026-04-12T05:47:14.392+0000] {subprocess.py:106} INFO - 26/04/12 05:47:14 INFO BlockManagerInfo: Removed broadcast_12_piece0 on c05002f484b8:39235 in memory (size: 30.4 KiB, free: 434.3 MiB)
[2026-04-12T05:47:14.400+0000] {subprocess.py:106} INFO - 26/04/12 05:47:14 INFO SparkPartitioningAwareScan: Reporting UnknownPartitioning with 2 partition(s) for table iceberg.silver.it_jobs_clean
[2026-04-12T05:47:14.403+0000] {subprocess.py:106} INFO - 26/04/12 05:47:14 INFO SparkWrite: Requesting 0 bytes advisory partition size for table gold.dim_work_mode
[2026-04-12T05:47:14.404+0000] {subprocess.py:106} INFO - 26/04/12 05:47:14 INFO SparkWrite: Requesting UnspecifiedDistribution as write distribution for table gold.dim_work_mode
[2026-04-12T05:47:14.405+0000] {subprocess.py:106} INFO - 26/04/12 05:47:14 INFO SparkWrite: Requesting [] as write ordering for table gold.dim_work_mode
[2026-04-12T05:47:14.408+0000] {subprocess.py:106} INFO - 26/04/12 05:47:14 INFO BlockManagerInfo: Removed broadcast_16_piece0 on c05002f484b8:39235 in memory (size: 19.8 KiB, free: 434.3 MiB)
[2026-04-12T05:47:14.409+0000] {subprocess.py:106} INFO - 26/04/12 05:47:14 INFO BlockManagerInfo: Removed broadcast_16_piece0 on 172.30.0.14:41373 in memory (size: 19.8 KiB, free: 434.3 MiB)
[2026-04-12T05:47:14.414+0000] {subprocess.py:106} INFO - 26/04/12 05:47:14 INFO BlockManagerInfo: Removed broadcast_15_piece0 on c05002f484b8:39235 in memory (size: 29.8 KiB, free: 434.4 MiB)
[2026-04-12T05:47:14.415+0000] {subprocess.py:106} INFO - 26/04/12 05:47:14 INFO MemoryStore: Block broadcast_17 stored as values in memory (estimated size 32.0 KiB, free 434.3 MiB)
[2026-04-12T05:47:14.427+0000] {subprocess.py:106} INFO - 26/04/12 05:47:14 INFO BlockManagerInfo: Removed broadcast_15_piece0 on 172.30.0.14:41373 in memory (size: 29.8 KiB, free: 434.4 MiB)
[2026-04-12T05:47:14.429+0000] {subprocess.py:106} INFO - 26/04/12 05:47:14 INFO MemoryStore: Block broadcast_17_piece0 stored as bytes in memory (estimated size 30.3 KiB, free 434.3 MiB)
[2026-04-12T05:47:14.429+0000] {subprocess.py:106} INFO - 26/04/12 05:47:14 INFO BlockManagerInfo: Added broadcast_17_piece0 in memory on c05002f484b8:39235 (size: 30.3 KiB, free: 434.3 MiB)
[2026-04-12T05:47:14.430+0000] {subprocess.py:106} INFO - 26/04/12 05:47:14 INFO SparkContext: Created broadcast 17 from broadcast at SparkBatch.java:79
[2026-04-12T05:47:14.436+0000] {subprocess.py:106} INFO - 26/04/12 05:47:14 INFO MemoryStore: Block broadcast_18 stored as values in memory (estimated size 32.0 KiB, free 434.2 MiB)
[2026-04-12T05:47:14.441+0000] {subprocess.py:106} INFO - 26/04/12 05:47:14 INFO BlockManagerInfo: Removed broadcast_13_piece0 on 172.30.0.14:41373 in memory (size: 30.3 KiB, free: 434.4 MiB)
[2026-04-12T05:47:14.443+0000] {subprocess.py:106} INFO - 26/04/12 05:47:14 INFO MemoryStore: Block broadcast_18_piece0 stored as bytes in memory (estimated size 30.4 KiB, free 434.2 MiB)
[2026-04-12T05:47:14.444+0000] {subprocess.py:106} INFO - 26/04/12 05:47:14 INFO BlockManagerInfo: Added broadcast_18_piece0 in memory on c05002f484b8:39235 (size: 30.4 KiB, free: 434.3 MiB)
[2026-04-12T05:47:14.449+0000] {subprocess.py:106} INFO - 26/04/12 05:47:14 INFO SparkContext: Created broadcast 18 from broadcast at SparkBatch.java:79
[2026-04-12T05:47:14.450+0000] {subprocess.py:106} INFO - 26/04/12 05:47:14 INFO BlockManagerInfo: Removed broadcast_13_piece0 on c05002f484b8:39235 in memory (size: 30.3 KiB, free: 434.3 MiB)
[2026-04-12T05:47:14.488+0000] {subprocess.py:106} INFO - 26/04/12 05:47:14 INFO DAGScheduler: Registering RDD 27 (create at <unknown>:0) as input to shuffle 4
[2026-04-12T05:47:14.490+0000] {subprocess.py:106} INFO - 26/04/12 05:47:14 INFO DAGScheduler: Got map stage job 8 (create at <unknown>:0) with 2 output partitions
[2026-04-12T05:47:14.490+0000] {subprocess.py:106} INFO - 26/04/12 05:47:14 INFO DAGScheduler: Final stage: ShuffleMapStage 12 (create at <unknown>:0)
[2026-04-12T05:47:14.491+0000] {subprocess.py:106} INFO - 26/04/12 05:47:14 INFO DAGScheduler: Parents of final stage: List()
[2026-04-12T05:47:14.501+0000] {subprocess.py:106} INFO - 26/04/12 05:47:14 INFO DAGScheduler: Missing parents: List()
[2026-04-12T05:47:14.503+0000] {subprocess.py:106} INFO - 26/04/12 05:47:14 INFO DAGScheduler: Submitting ShuffleMapStage 12 (MapPartitionsRDD[27] at create at <unknown>:0), which has no missing parents
[2026-04-12T05:47:14.507+0000] {subprocess.py:106} INFO - 26/04/12 05:47:14 INFO MemoryStore: Block broadcast_19 stored as values in memory (estimated size 37.1 KiB, free 434.2 MiB)
[2026-04-12T05:47:14.509+0000] {subprocess.py:106} INFO - 26/04/12 05:47:14 INFO MemoryStore: Block broadcast_19_piece0 stored as bytes in memory (estimated size 16.2 KiB, free 434.2 MiB)
[2026-04-12T05:47:14.511+0000] {subprocess.py:106} INFO - 26/04/12 05:47:14 INFO BlockManagerInfo: Added broadcast_19_piece0 in memory on c05002f484b8:39235 (size: 16.2 KiB, free: 434.3 MiB)
[2026-04-12T05:47:14.511+0000] {subprocess.py:106} INFO - 26/04/12 05:47:14 INFO SparkContext: Created broadcast 19 from broadcast at DAGScheduler.scala:1585
[2026-04-12T05:47:14.512+0000] {subprocess.py:106} INFO - 26/04/12 05:47:14 INFO DAGScheduler: Submitting 2 missing tasks from ShuffleMapStage 12 (MapPartitionsRDD[27] at create at <unknown>:0) (first 15 tasks are for partitions Vector(0, 1))
[2026-04-12T05:47:14.514+0000] {subprocess.py:106} INFO - 26/04/12 05:47:14 INFO TaskSchedulerImpl: Adding task set 12.0 with 2 tasks resource profile 0
[2026-04-12T05:47:14.515+0000] {subprocess.py:106} INFO - 26/04/12 05:47:14 INFO TaskSetManager: Starting task 0.0 in stage 12.0 (TID 11) (172.30.0.14, executor 0, partition 0, PROCESS_LOCAL, 16373 bytes)
[2026-04-12T05:47:14.531+0000] {subprocess.py:106} INFO - 26/04/12 05:47:14 INFO BlockManagerInfo: Added broadcast_19_piece0 in memory on 172.30.0.14:41373 (size: 16.2 KiB, free: 434.4 MiB)
[2026-04-12T05:47:14.568+0000] {subprocess.py:106} INFO - 26/04/12 05:47:14 INFO BlockManagerInfo: Added broadcast_18_piece0 in memory on 172.30.0.14:41373 (size: 30.4 KiB, free: 434.4 MiB)
[2026-04-12T05:47:14.822+0000] {subprocess.py:106} INFO - 26/04/12 05:47:14 INFO TaskSetManager: Starting task 1.0 in stage 12.0 (TID 12) (172.30.0.14, executor 0, partition 1, PROCESS_LOCAL, 16076 bytes)
[2026-04-12T05:47:14.823+0000] {subprocess.py:106} INFO - 26/04/12 05:47:14 INFO TaskSetManager: Finished task 0.0 in stage 12.0 (TID 11) in 304 ms on 172.30.0.14 (executor 0) (1/2)
[2026-04-12T05:47:14.995+0000] {subprocess.py:106} INFO - 26/04/12 05:47:14 INFO TaskSetManager: Finished task 1.0 in stage 12.0 (TID 12) in 177 ms on 172.30.0.14 (executor 0) (2/2)
[2026-04-12T05:47:14.996+0000] {subprocess.py:106} INFO - 26/04/12 05:47:14 INFO TaskSchedulerImpl: Removed TaskSet 12.0, whose tasks have all completed, from pool
[2026-04-12T05:47:14.997+0000] {subprocess.py:106} INFO - 26/04/12 05:47:14 INFO DAGScheduler: ShuffleMapStage 12 (create at <unknown>:0) finished in 0.491 s
[2026-04-12T05:47:14.997+0000] {subprocess.py:106} INFO - 26/04/12 05:47:14 INFO DAGScheduler: looking for newly runnable stages
[2026-04-12T05:47:14.998+0000] {subprocess.py:106} INFO - 26/04/12 05:47:14 INFO DAGScheduler: running: Set()
[2026-04-12T05:47:14.999+0000] {subprocess.py:106} INFO - 26/04/12 05:47:14 INFO DAGScheduler: waiting: Set()
[2026-04-12T05:47:14.999+0000] {subprocess.py:106} INFO - 26/04/12 05:47:14 INFO DAGScheduler: failed: Set()
[2026-04-12T05:47:15.002+0000] {subprocess.py:106} INFO - 26/04/12 05:47:15 INFO ShufflePartitionsUtil: For shuffle(4), advisory target size: 67108864, actual target size 1048576, minimum partition size: 1048576
[2026-04-12T05:47:15.020+0000] {subprocess.py:106} INFO - 26/04/12 05:47:15 INFO MemoryStore: Block broadcast_20 stored as values in memory (estimated size 32.0 KiB, free 434.2 MiB)
[2026-04-12T05:47:15.046+0000] {subprocess.py:106} INFO - 26/04/12 05:47:15 INFO MemoryStore: Block broadcast_20_piece0 stored as bytes in memory (estimated size 29.7 KiB, free 434.2 MiB)
[2026-04-12T05:47:15.048+0000] {subprocess.py:106} INFO - 26/04/12 05:47:15 INFO BlockManagerInfo: Added broadcast_20_piece0 in memory on c05002f484b8:39235 (size: 29.7 KiB, free: 434.3 MiB)
[2026-04-12T05:47:15.050+0000] {subprocess.py:106} INFO - 26/04/12 05:47:15 INFO BlockManagerInfo: Removed broadcast_19_piece0 on c05002f484b8:39235 in memory (size: 16.2 KiB, free: 434.3 MiB)
[2026-04-12T05:47:15.057+0000] {subprocess.py:106} INFO - 26/04/12 05:47:15 INFO SparkContext: Created broadcast 20 from broadcast at SparkWrite.java:193
[2026-04-12T05:47:15.058+0000] {subprocess.py:106} INFO - 26/04/12 05:47:15 INFO AppendDataExec: Start processing data source write support: IcebergBatchWrite(table=gold.dim_work_mode, format=PARQUET). The input RDD has 1 partitions.
[2026-04-12T05:47:15.060+0000] {subprocess.py:106} INFO - 26/04/12 05:47:15 INFO SparkContext: Starting job: create at <unknown>:0
[2026-04-12T05:47:15.062+0000] {subprocess.py:106} INFO - 26/04/12 05:47:15 INFO BlockManagerInfo: Removed broadcast_19_piece0 on 172.30.0.14:41373 in memory (size: 16.2 KiB, free: 434.4 MiB)
[2026-04-12T05:47:15.063+0000] {subprocess.py:106} INFO - 26/04/12 05:47:15 INFO DAGScheduler: Got job 9 (create at <unknown>:0) with 1 output partitions
[2026-04-12T05:47:15.064+0000] {subprocess.py:106} INFO - 26/04/12 05:47:15 INFO DAGScheduler: Final stage: ResultStage 14 (create at <unknown>:0)
[2026-04-12T05:47:15.065+0000] {subprocess.py:106} INFO - 26/04/12 05:47:15 INFO DAGScheduler: Parents of final stage: List(ShuffleMapStage 13)
[2026-04-12T05:47:15.065+0000] {subprocess.py:106} INFO - 26/04/12 05:47:15 INFO DAGScheduler: Missing parents: List()
[2026-04-12T05:47:15.066+0000] {subprocess.py:106} INFO - 26/04/12 05:47:15 INFO DAGScheduler: Submitting ResultStage 14 (MapPartitionsRDD[29] at create at <unknown>:0), which has no missing parents
[2026-04-12T05:47:15.073+0000] {subprocess.py:106} INFO - 26/04/12 05:47:15 INFO MemoryStore: Block broadcast_21 stored as values in memory (estimated size 43.6 KiB, free 434.2 MiB)
[2026-04-12T05:47:15.078+0000] {subprocess.py:106} INFO - 26/04/12 05:47:15 INFO MemoryStore: Block broadcast_21_piece0 stored as bytes in memory (estimated size 19.8 KiB, free 434.2 MiB)
[2026-04-12T05:47:15.079+0000] {subprocess.py:106} INFO - 26/04/12 05:47:15 INFO BlockManagerInfo: Added broadcast_21_piece0 in memory on c05002f484b8:39235 (size: 19.8 KiB, free: 434.3 MiB)
[2026-04-12T05:47:15.080+0000] {subprocess.py:106} INFO - 26/04/12 05:47:15 INFO SparkContext: Created broadcast 21 from broadcast at DAGScheduler.scala:1585
[2026-04-12T05:47:15.081+0000] {subprocess.py:106} INFO - 26/04/12 05:47:15 INFO DAGScheduler: Submitting 1 missing tasks from ResultStage 14 (MapPartitionsRDD[29] at create at <unknown>:0) (first 15 tasks are for partitions Vector(0))
[2026-04-12T05:47:15.081+0000] {subprocess.py:106} INFO - 26/04/12 05:47:15 INFO TaskSchedulerImpl: Adding task set 14.0 with 1 tasks resource profile 0
[2026-04-12T05:47:15.082+0000] {subprocess.py:106} INFO - 26/04/12 05:47:15 INFO TaskSetManager: Starting task 0.0 in stage 14.0 (TID 13) (172.30.0.14, executor 0, partition 0, NODE_LOCAL, 9976 bytes)
[2026-04-12T05:47:15.099+0000] {subprocess.py:106} INFO - 26/04/12 05:47:15 INFO BlockManagerInfo: Added broadcast_21_piece0 in memory on 172.30.0.14:41373 (size: 19.8 KiB, free: 434.4 MiB)
[2026-04-12T05:47:15.126+0000] {subprocess.py:106} INFO - 26/04/12 05:47:15 INFO MapOutputTrackerMasterEndpoint: Asked to send map output locations for shuffle 4 to 172.30.0.14:45744
[2026-04-12T05:47:15.141+0000] {subprocess.py:106} INFO - 26/04/12 05:47:15 INFO BlockManagerInfo: Added broadcast_20_piece0 in memory on 172.30.0.14:41373 (size: 29.7 KiB, free: 434.3 MiB)
[2026-04-12T05:47:15.260+0000] {subprocess.py:106} INFO - 26/04/12 05:47:15 INFO TaskSetManager: Finished task 0.0 in stage 14.0 (TID 13) in 179 ms on 172.30.0.14 (executor 0) (1/1)
[2026-04-12T05:47:15.262+0000] {subprocess.py:106} INFO - 26/04/12 05:47:15 INFO TaskSchedulerImpl: Removed TaskSet 14.0, whose tasks have all completed, from pool
[2026-04-12T05:47:15.263+0000] {subprocess.py:106} INFO - 26/04/12 05:47:15 INFO DAGScheduler: ResultStage 14 (create at <unknown>:0) finished in 0.194 s
[2026-04-12T05:47:15.264+0000] {subprocess.py:106} INFO - 26/04/12 05:47:15 INFO DAGScheduler: Job 9 is finished. Cancelling potential speculative or zombie tasks for this job
[2026-04-12T05:47:15.264+0000] {subprocess.py:106} INFO - 26/04/12 05:47:15 INFO TaskSchedulerImpl: Killing all running tasks in stage 14: Stage finished
[2026-04-12T05:47:15.265+0000] {subprocess.py:106} INFO - 26/04/12 05:47:15 INFO DAGScheduler: Job 9 finished: create at <unknown>:0, took 0.207075 s
[2026-04-12T05:47:15.265+0000] {subprocess.py:106} INFO - 26/04/12 05:47:15 INFO AppendDataExec: Data source write support IcebergBatchWrite(table=gold.dim_work_mode, format=PARQUET) is committing.
[2026-04-12T05:47:15.266+0000] {subprocess.py:106} INFO - 26/04/12 05:47:15 INFO SparkWrite: Committing append with 1 new data files to table gold.dim_work_mode
[2026-04-12T05:47:15.436+0000] {subprocess.py:106} INFO - 26/04/12 05:47:15 INFO SnapshotProducer: Committed snapshot 9040789214730866552 (MergeAppend)
[2026-04-12T05:47:15.462+0000] {subprocess.py:106} INFO - 26/04/12 05:47:15 INFO LoggingMetricsReporter: Received metrics report: CommitReport{tableName=gold.dim_work_mode, snapshotId=9040789214730866552, sequenceNumber=1, operation=append, commitMetrics=CommitMetricsResult{totalDuration=TimerResult{timeUnit=NANOSECONDS, totalDuration=PT0.196249863S, count=1}, attempts=CounterResult{unit=COUNT, value=1}, addedDataFiles=CounterResult{unit=COUNT, value=1}, removedDataFiles=null, totalDataFiles=CounterResult{unit=COUNT, value=1}, addedDeleteFiles=null, addedEqualityDeleteFiles=null, addedPositionalDeleteFiles=null, removedDeleteFiles=null, removedEqualityDeleteFiles=null, removedPositionalDeleteFiles=null, totalDeleteFiles=CounterResult{unit=COUNT, value=0}, addedRecords=CounterResult{unit=COUNT, value=3}, removedRecords=null, totalRecords=CounterResult{unit=COUNT, value=3}, addedFilesSizeInBytes=CounterResult{unit=BYTES, value=731}, removedFilesSizeInBytes=null, totalFilesSizeInBytes=CounterResult{unit=BYTES, value=731}, addedPositionalDeletes=null, removedPositionalDeletes=null, totalPositionalDeletes=CounterResult{unit=COUNT, value=0}, addedEqualityDeletes=null, removedEqualityDeletes=null, totalEqualityDeletes=CounterResult{unit=COUNT, value=0}}, metadata={engine-version=3.5.3, app-id=app-20260412054652-0002, engine-name=spark, iceberg-version=Apache Iceberg 1.6.1 (commit 8e9d59d299be42b0bca9461457cd1e95dbaad086)}}
[2026-04-12T05:47:15.464+0000] {subprocess.py:106} INFO - 26/04/12 05:47:15 INFO SparkWrite: Committed in 197 ms
[2026-04-12T05:47:15.465+0000] {subprocess.py:106} INFO - 26/04/12 05:47:15 INFO AppendDataExec: Data source write support IcebergBatchWrite(table=gold.dim_work_mode, format=PARQUET) committed.
[2026-04-12T05:47:15.614+0000] {subprocess.py:106} INFO - 26/04/12 05:47:15 INFO HiveTableOperations: Committed to table iceberg.gold.dim_work_mode with the new metadata location s3a://warehouse/iceberg_data/gold.db/dim_work_mode/metadata/00000-28c7cc2e-a21c-41bd-88b2-d11c9d974afe.metadata.json
[2026-04-12T05:47:15.615+0000] {subprocess.py:106} INFO - 26/04/12 05:47:15 INFO BaseMetastoreTableOperations: Successfully committed to table iceberg.gold.dim_work_mode in 152 ms
[2026-04-12T05:47:15.616+0000] {subprocess.py:106} INFO - >>> Building DIM_DATE...
[2026-04-12T05:47:15.728+0000] {subprocess.py:106} INFO - 26/04/12 05:47:15 INFO BlockManagerInfo: Removed broadcast_18_piece0 on c05002f484b8:39235 in memory (size: 30.4 KiB, free: 434.3 MiB)
[2026-04-12T05:47:15.731+0000] {subprocess.py:106} INFO - 26/04/12 05:47:15 INFO BlockManagerInfo: Removed broadcast_18_piece0 on 172.30.0.14:41373 in memory (size: 30.4 KiB, free: 434.4 MiB)
[2026-04-12T05:47:15.741+0000] {subprocess.py:106} INFO - 26/04/12 05:47:15 INFO BlockManagerInfo: Removed broadcast_20_piece0 on c05002f484b8:39235 in memory (size: 29.7 KiB, free: 434.4 MiB)
[2026-04-12T05:47:15.742+0000] {subprocess.py:106} INFO - 26/04/12 05:47:15 INFO BlockManagerInfo: Removed broadcast_20_piece0 on 172.30.0.14:41373 in memory (size: 29.7 KiB, free: 434.4 MiB)
[2026-04-12T05:47:15.749+0000] {subprocess.py:106} INFO - 26/04/12 05:47:15 INFO BlockManagerInfo: Removed broadcast_21_piece0 on c05002f484b8:39235 in memory (size: 19.8 KiB, free: 434.4 MiB)
[2026-04-12T05:47:15.757+0000] {subprocess.py:106} INFO - 26/04/12 05:47:15 INFO BlockManagerInfo: Removed broadcast_21_piece0 on 172.30.0.14:41373 in memory (size: 19.8 KiB, free: 434.4 MiB)
[2026-04-12T05:47:15.773+0000] {subprocess.py:106} INFO - 26/04/12 05:47:15 INFO BlockManagerInfo: Removed broadcast_17_piece0 on c05002f484b8:39235 in memory (size: 30.3 KiB, free: 434.4 MiB)
[2026-04-12T05:47:15.805+0000] {subprocess.py:106} INFO - 26/04/12 05:47:15 INFO BaseMetastoreCatalog: Table properties set at catalog level through catalog properties: {}
[2026-04-12T05:47:15.817+0000] {subprocess.py:106} INFO - 26/04/12 05:47:15 INFO BaseMetastoreCatalog: Table properties enforced at catalog level through catalog properties: {}
[2026-04-12T05:47:15.840+0000] {subprocess.py:106} INFO - 26/04/12 05:47:15 INFO V2ScanRelationPushDown:
[2026-04-12T05:47:15.843+0000] {subprocess.py:106} INFO - Pushing operators to iceberg.silver.it_jobs_clean
[2026-04-12T05:47:15.846+0000] {subprocess.py:106} INFO - Pushed Filters: date_posted IS NOT NULL
[2026-04-12T05:47:15.847+0000] {subprocess.py:106} INFO - Post-Scan Filters: isnotnull(date_posted#4)
[2026-04-12T05:47:15.848+0000] {subprocess.py:106} INFO - 
[2026-04-12T05:47:15.848+0000] {subprocess.py:106} INFO - 26/04/12 05:47:15 INFO V2ScanRelationPushDown:
[2026-04-12T05:47:15.851+0000] {subprocess.py:106} INFO - Output: date_posted#4
[2026-04-12T05:47:15.851+0000] {subprocess.py:106} INFO - 
[2026-04-12T05:47:15.852+0000] {subprocess.py:106} INFO - 26/04/12 05:47:15 INFO SnapshotScan: Scanning table iceberg.silver.it_jobs_clean snapshot 5178710788262370016 created at 2026-04-12T05:46:44.358+00:00 with filter date_posted IS NOT NULL
[2026-04-12T05:47:15.853+0000] {subprocess.py:106} INFO - 26/04/12 05:47:15 INFO BaseDistributedDataScan: Planning file tasks locally for table iceberg.silver.it_jobs_clean
[2026-04-12T05:47:15.899+0000] {subprocess.py:106} INFO - 26/04/12 05:47:15 INFO SparkPartitioningAwareScan: Reporting UnknownPartitioning with 2 partition(s) for table iceberg.silver.it_jobs_clean
[2026-04-12T05:47:15.900+0000] {subprocess.py:106} INFO - 26/04/12 05:47:15 INFO SparkWrite: Requesting 0 bytes advisory partition size for table gold.dim_date
[2026-04-12T05:47:15.901+0000] {subprocess.py:106} INFO - 26/04/12 05:47:15 INFO SparkWrite: Requesting UnspecifiedDistribution as write distribution for table gold.dim_date
[2026-04-12T05:47:15.901+0000] {subprocess.py:106} INFO - 26/04/12 05:47:15 INFO SparkWrite: Requesting [] as write ordering for table gold.dim_date
[2026-04-12T05:47:15.913+0000] {subprocess.py:106} INFO - 26/04/12 05:47:15 INFO MemoryStore: Block broadcast_22 stored as values in memory (estimated size 32.0 KiB, free 434.4 MiB)
[2026-04-12T05:47:15.923+0000] {subprocess.py:106} INFO - 26/04/12 05:47:15 INFO MemoryStore: Block broadcast_22_piece0 stored as bytes in memory (estimated size 30.4 KiB, free 434.3 MiB)
[2026-04-12T05:47:15.924+0000] {subprocess.py:106} INFO - 26/04/12 05:47:15 INFO BlockManagerInfo: Added broadcast_22_piece0 in memory on c05002f484b8:39235 (size: 30.4 KiB, free: 434.4 MiB)
[2026-04-12T05:47:15.925+0000] {subprocess.py:106} INFO - 26/04/12 05:47:15 INFO SparkContext: Created broadcast 22 from broadcast at SparkBatch.java:79
[2026-04-12T05:47:15.931+0000] {subprocess.py:106} INFO - 26/04/12 05:47:15 INFO MemoryStore: Block broadcast_23 stored as values in memory (estimated size 32.0 KiB, free 434.3 MiB)
[2026-04-12T05:47:15.934+0000] {subprocess.py:106} INFO - 26/04/12 05:47:15 INFO MemoryStore: Block broadcast_23_piece0 stored as bytes in memory (estimated size 30.3 KiB, free 434.3 MiB)
[2026-04-12T05:47:15.936+0000] {subprocess.py:106} INFO - 26/04/12 05:47:15 INFO BlockManagerInfo: Added broadcast_23_piece0 in memory on c05002f484b8:39235 (size: 30.3 KiB, free: 434.3 MiB)
[2026-04-12T05:47:15.937+0000] {subprocess.py:106} INFO - 26/04/12 05:47:15 INFO SparkContext: Created broadcast 23 from broadcast at SparkBatch.java:79
[2026-04-12T05:47:16.042+0000] {subprocess.py:106} INFO - 26/04/12 05:47:16 INFO CodeGenerator: Code generated in 64.036985 ms
[2026-04-12T05:47:16.059+0000] {subprocess.py:106} INFO - 26/04/12 05:47:16 INFO DAGScheduler: Registering RDD 33 (create at <unknown>:0) as input to shuffle 5
[2026-04-12T05:47:16.059+0000] {subprocess.py:106} INFO - 26/04/12 05:47:16 INFO DAGScheduler: Got map stage job 10 (create at <unknown>:0) with 2 output partitions
[2026-04-12T05:47:16.060+0000] {subprocess.py:106} INFO - 26/04/12 05:47:16 INFO DAGScheduler: Final stage: ShuffleMapStage 15 (create at <unknown>:0)
[2026-04-12T05:47:16.061+0000] {subprocess.py:106} INFO - 26/04/12 05:47:16 INFO DAGScheduler: Parents of final stage: List()
[2026-04-12T05:47:16.062+0000] {subprocess.py:106} INFO - 26/04/12 05:47:16 INFO DAGScheduler: Missing parents: List()
[2026-04-12T05:47:16.064+0000] {subprocess.py:106} INFO - 26/04/12 05:47:16 INFO DAGScheduler: Submitting ShuffleMapStage 15 (MapPartitionsRDD[33] at create at <unknown>:0), which has no missing parents
[2026-04-12T05:47:16.068+0000] {subprocess.py:106} INFO - 26/04/12 05:47:16 INFO MemoryStore: Block broadcast_24 stored as values in memory (estimated size 36.8 KiB, free 434.2 MiB)
[2026-04-12T05:47:16.080+0000] {subprocess.py:106} INFO - 26/04/12 05:47:16 INFO MemoryStore: Block broadcast_24_piece0 stored as bytes in memory (estimated size 16.1 KiB, free 434.2 MiB)
[2026-04-12T05:47:16.081+0000] {subprocess.py:106} INFO - 26/04/12 05:47:16 INFO BlockManagerInfo: Added broadcast_24_piece0 in memory on c05002f484b8:39235 (size: 16.1 KiB, free: 434.3 MiB)
[2026-04-12T05:47:16.083+0000] {subprocess.py:106} INFO - 26/04/12 05:47:16 INFO SparkContext: Created broadcast 24 from broadcast at DAGScheduler.scala:1585
[2026-04-12T05:47:16.084+0000] {subprocess.py:106} INFO - 26/04/12 05:47:16 INFO DAGScheduler: Submitting 2 missing tasks from ShuffleMapStage 15 (MapPartitionsRDD[33] at create at <unknown>:0) (first 15 tasks are for partitions Vector(0, 1))
[2026-04-12T05:47:16.085+0000] {subprocess.py:106} INFO - 26/04/12 05:47:16 INFO TaskSchedulerImpl: Adding task set 15.0 with 2 tasks resource profile 0
[2026-04-12T05:47:16.089+0000] {subprocess.py:106} INFO - 26/04/12 05:47:16 INFO TaskSetManager: Starting task 0.0 in stage 15.0 (TID 14) (172.30.0.14, executor 0, partition 0, PROCESS_LOCAL, 16539 bytes)
[2026-04-12T05:47:16.102+0000] {subprocess.py:106} INFO - 26/04/12 05:47:16 INFO BlockManagerInfo: Added broadcast_24_piece0 in memory on 172.30.0.14:41373 (size: 16.1 KiB, free: 434.4 MiB)
[2026-04-12T05:47:16.236+0000] {subprocess.py:106} INFO - 26/04/12 05:47:16 INFO BlockManagerInfo: Added broadcast_23_piece0 in memory on 172.30.0.14:41373 (size: 30.3 KiB, free: 434.4 MiB)
[2026-04-12T05:47:16.533+0000] {subprocess.py:106} INFO - 26/04/12 05:47:16 INFO TaskSetManager: Starting task 1.0 in stage 15.0 (TID 15) (172.30.0.14, executor 0, partition 1, PROCESS_LOCAL, 15914 bytes)
[2026-04-12T05:47:16.534+0000] {subprocess.py:106} INFO - 26/04/12 05:47:16 INFO TaskSetManager: Finished task 0.0 in stage 15.0 (TID 14) in 449 ms on 172.30.0.14 (executor 0) (1/2)
[2026-04-12T05:47:16.773+0000] {subprocess.py:106} INFO - 26/04/12 05:47:16 INFO TaskSetManager: Finished task 1.0 in stage 15.0 (TID 15) in 267 ms on 172.30.0.14 (executor 0) (2/2)
[2026-04-12T05:47:16.774+0000] {subprocess.py:106} INFO - 26/04/12 05:47:16 INFO TaskSchedulerImpl: Removed TaskSet 15.0, whose tasks have all completed, from pool
[2026-04-12T05:47:16.780+0000] {subprocess.py:106} INFO - 26/04/12 05:47:16 INFO DAGScheduler: ShuffleMapStage 15 (create at <unknown>:0) finished in 0.710 s
[2026-04-12T05:47:16.781+0000] {subprocess.py:106} INFO - 26/04/12 05:47:16 INFO DAGScheduler: looking for newly runnable stages
[2026-04-12T05:47:16.781+0000] {subprocess.py:106} INFO - 26/04/12 05:47:16 INFO DAGScheduler: running: Set()
[2026-04-12T05:47:16.782+0000] {subprocess.py:106} INFO - 26/04/12 05:47:16 INFO DAGScheduler: waiting: Set()
[2026-04-12T05:47:16.782+0000] {subprocess.py:106} INFO - 26/04/12 05:47:16 INFO DAGScheduler: failed: Set()
[2026-04-12T05:47:16.784+0000] {subprocess.py:106} INFO - 26/04/12 05:47:16 INFO ShufflePartitionsUtil: For shuffle(5), advisory target size: 67108864, actual target size 1048576, minimum partition size: 1048576
[2026-04-12T05:47:16.886+0000] {subprocess.py:106} INFO - 26/04/12 05:47:16 INFO CodeGenerator: Code generated in 45.931432 ms
[2026-04-12T05:47:16.912+0000] {subprocess.py:106} INFO - 26/04/12 05:47:16 INFO MemoryStore: Block broadcast_25 stored as values in memory (estimated size 32.0 KiB, free 434.2 MiB)
[2026-04-12T05:47:16.924+0000] {subprocess.py:106} INFO - 26/04/12 05:47:16 INFO MemoryStore: Block broadcast_25_piece0 stored as bytes in memory (estimated size 29.9 KiB, free 434.2 MiB)
[2026-04-12T05:47:16.926+0000] {subprocess.py:106} INFO - 26/04/12 05:47:16 INFO BlockManagerInfo: Added broadcast_25_piece0 in memory on c05002f484b8:39235 (size: 29.9 KiB, free: 434.3 MiB)
[2026-04-12T05:47:16.927+0000] {subprocess.py:106} INFO - 26/04/12 05:47:16 INFO BlockManagerInfo: Removed broadcast_24_piece0 on c05002f484b8:39235 in memory (size: 16.1 KiB, free: 434.3 MiB)
[2026-04-12T05:47:16.927+0000] {subprocess.py:106} INFO - 26/04/12 05:47:16 INFO SparkContext: Created broadcast 25 from broadcast at SparkWrite.java:193
[2026-04-12T05:47:16.928+0000] {subprocess.py:106} INFO - 26/04/12 05:47:16 INFO AppendDataExec: Start processing data source write support: IcebergBatchWrite(table=gold.dim_date, format=PARQUET). The input RDD has 1 partitions.
[2026-04-12T05:47:16.930+0000] {subprocess.py:106} INFO - 26/04/12 05:47:16 INFO SparkContext: Starting job: create at <unknown>:0
[2026-04-12T05:47:16.931+0000] {subprocess.py:106} INFO - 26/04/12 05:47:16 INFO BlockManagerInfo: Removed broadcast_24_piece0 on 172.30.0.14:41373 in memory (size: 16.1 KiB, free: 434.4 MiB)
[2026-04-12T05:47:16.932+0000] {subprocess.py:106} INFO - 26/04/12 05:47:16 INFO DAGScheduler: Got job 11 (create at <unknown>:0) with 1 output partitions
[2026-04-12T05:47:16.932+0000] {subprocess.py:106} INFO - 26/04/12 05:47:16 INFO DAGScheduler: Final stage: ResultStage 17 (create at <unknown>:0)
[2026-04-12T05:47:16.933+0000] {subprocess.py:106} INFO - 26/04/12 05:47:16 INFO DAGScheduler: Parents of final stage: List(ShuffleMapStage 16)
[2026-04-12T05:47:16.934+0000] {subprocess.py:106} INFO - 26/04/12 05:47:16 INFO DAGScheduler: Missing parents: List()
[2026-04-12T05:47:16.937+0000] {subprocess.py:106} INFO - 26/04/12 05:47:16 INFO DAGScheduler: Submitting ResultStage 17 (MapPartitionsRDD[35] at create at <unknown>:0), which has no missing parents
[2026-04-12T05:47:16.946+0000] {subprocess.py:106} INFO - 26/04/12 05:47:16 INFO MemoryStore: Block broadcast_26 stored as values in memory (estimated size 51.2 KiB, free 434.2 MiB)
[2026-04-12T05:47:16.951+0000] {subprocess.py:106} INFO - 26/04/12 05:47:16 INFO MemoryStore: Block broadcast_26_piece0 stored as bytes in memory (estimated size 22.3 KiB, free 434.1 MiB)
[2026-04-12T05:47:16.952+0000] {subprocess.py:106} INFO - 26/04/12 05:47:16 INFO BlockManagerInfo: Added broadcast_26_piece0 in memory on c05002f484b8:39235 (size: 22.3 KiB, free: 434.3 MiB)
[2026-04-12T05:47:16.954+0000] {subprocess.py:106} INFO - 26/04/12 05:47:16 INFO SparkContext: Created broadcast 26 from broadcast at DAGScheduler.scala:1585
[2026-04-12T05:47:16.956+0000] {subprocess.py:106} INFO - 26/04/12 05:47:16 INFO DAGScheduler: Submitting 1 missing tasks from ResultStage 17 (MapPartitionsRDD[35] at create at <unknown>:0) (first 15 tasks are for partitions Vector(0))
[2026-04-12T05:47:16.957+0000] {subprocess.py:106} INFO - 26/04/12 05:47:16 INFO TaskSchedulerImpl: Adding task set 17.0 with 1 tasks resource profile 0
[2026-04-12T05:47:16.958+0000] {subprocess.py:106} INFO - 26/04/12 05:47:16 INFO TaskSetManager: Starting task 0.0 in stage 17.0 (TID 16) (172.30.0.14, executor 0, partition 0, NODE_LOCAL, 9976 bytes)
[2026-04-12T05:47:16.975+0000] {subprocess.py:106} INFO - 26/04/12 05:47:16 INFO BlockManagerInfo: Added broadcast_26_piece0 in memory on 172.30.0.14:41373 (size: 22.3 KiB, free: 434.3 MiB)
[2026-04-12T05:47:17.048+0000] {subprocess.py:106} INFO - 26/04/12 05:47:17 INFO MapOutputTrackerMasterEndpoint: Asked to send map output locations for shuffle 5 to 172.30.0.14:45744
[2026-04-12T05:47:17.129+0000] {subprocess.py:106} INFO - 26/04/12 05:47:17 INFO BlockManagerInfo: Added broadcast_25_piece0 in memory on 172.30.0.14:41373 (size: 29.9 KiB, free: 434.3 MiB)
[2026-04-12T05:47:17.305+0000] {subprocess.py:106} INFO - 26/04/12 05:47:17 INFO TaskSetManager: Finished task 0.0 in stage 17.0 (TID 16) in 350 ms on 172.30.0.14 (executor 0) (1/1)
[2026-04-12T05:47:17.306+0000] {subprocess.py:106} INFO - 26/04/12 05:47:17 INFO TaskSchedulerImpl: Removed TaskSet 17.0, whose tasks have all completed, from pool
[2026-04-12T05:47:17.311+0000] {subprocess.py:106} INFO - 26/04/12 05:47:17 INFO DAGScheduler: ResultStage 17 (create at <unknown>:0) finished in 0.364 s
[2026-04-12T05:47:17.312+0000] {subprocess.py:106} INFO - 26/04/12 05:47:17 INFO DAGScheduler: Job 11 is finished. Cancelling potential speculative or zombie tasks for this job
[2026-04-12T05:47:17.312+0000] {subprocess.py:106} INFO - 26/04/12 05:47:17 INFO TaskSchedulerImpl: Killing all running tasks in stage 17: Stage finished
[2026-04-12T05:47:17.313+0000] {subprocess.py:106} INFO - 26/04/12 05:47:17 INFO DAGScheduler: Job 11 finished: create at <unknown>:0, took 0.381490 s
[2026-04-12T05:47:17.314+0000] {subprocess.py:106} INFO - 26/04/12 05:47:17 INFO AppendDataExec: Data source write support IcebergBatchWrite(table=gold.dim_date, format=PARQUET) is committing.
[2026-04-12T05:47:17.314+0000] {subprocess.py:106} INFO - 26/04/12 05:47:17 INFO SparkWrite: Committing append with 1 new data files to table gold.dim_date
[2026-04-12T05:47:17.476+0000] {subprocess.py:106} INFO - 26/04/12 05:47:17 INFO SnapshotProducer: Committed snapshot 5485346333563262805 (MergeAppend)
[2026-04-12T05:47:17.493+0000] {subprocess.py:106} INFO - 26/04/12 05:47:17 INFO LoggingMetricsReporter: Received metrics report: CommitReport{tableName=gold.dim_date, snapshotId=5485346333563262805, sequenceNumber=1, operation=append, commitMetrics=CommitMetricsResult{totalDuration=TimerResult{timeUnit=NANOSECONDS, totalDuration=PT0.180003841S, count=1}, attempts=CounterResult{unit=COUNT, value=1}, addedDataFiles=CounterResult{unit=COUNT, value=1}, removedDataFiles=null, totalDataFiles=CounterResult{unit=COUNT, value=1}, addedDeleteFiles=null, addedEqualityDeleteFiles=null, addedPositionalDeleteFiles=null, removedDeleteFiles=null, removedEqualityDeleteFiles=null, removedPositionalDeleteFiles=null, totalDeleteFiles=CounterResult{unit=COUNT, value=0}, addedRecords=CounterResult{unit=COUNT, value=199}, removedRecords=null, totalRecords=CounterResult{unit=COUNT, value=199}, addedFilesSizeInBytes=CounterResult{unit=BYTES, value=3472}, removedFilesSizeInBytes=null, totalFilesSizeInBytes=CounterResult{unit=BYTES, value=3472}, addedPositionalDeletes=null, removedPositionalDeletes=null, totalPositionalDeletes=CounterResult{unit=COUNT, value=0}, addedEqualityDeletes=null, removedEqualityDeletes=null, totalEqualityDeletes=CounterResult{unit=COUNT, value=0}}, metadata={engine-version=3.5.3, app-id=app-20260412054652-0002, engine-name=spark, iceberg-version=Apache Iceberg 1.6.1 (commit 8e9d59d299be42b0bca9461457cd1e95dbaad086)}}
[2026-04-12T05:47:17.494+0000] {subprocess.py:106} INFO - 26/04/12 05:47:17 INFO SparkWrite: Committed in 181 ms
[2026-04-12T05:47:17.496+0000] {subprocess.py:106} INFO - 26/04/12 05:47:17 INFO AppendDataExec: Data source write support IcebergBatchWrite(table=gold.dim_date, format=PARQUET) committed.
[2026-04-12T05:47:17.622+0000] {subprocess.py:106} INFO - 26/04/12 05:47:17 INFO HiveTableOperations: Committed to table iceberg.gold.dim_date with the new metadata location s3a://warehouse/iceberg_data/gold.db/dim_date/metadata/00000-1098e49a-4a7c-42a7-83d2-f3c70f4c4be7.metadata.json
[2026-04-12T05:47:17.623+0000] {subprocess.py:106} INFO - 26/04/12 05:47:17 INFO BaseMetastoreTableOperations: Successfully committed to table iceberg.gold.dim_date in 129 ms
[2026-04-12T05:47:17.623+0000] {subprocess.py:106} INFO - >>> Building DIM_JOB_CATEGORY...
[2026-04-12T05:47:17.695+0000] {subprocess.py:106} INFO - 26/04/12 05:47:17 INFO BlockManagerInfo: Removed broadcast_22_piece0 on c05002f484b8:39235 in memory (size: 30.4 KiB, free: 434.3 MiB)
[2026-04-12T05:47:17.699+0000] {subprocess.py:106} INFO - 26/04/12 05:47:17 INFO BlockManagerInfo: Removed broadcast_23_piece0 on c05002f484b8:39235 in memory (size: 30.3 KiB, free: 434.3 MiB)
[2026-04-12T05:47:17.704+0000] {subprocess.py:106} INFO - 26/04/12 05:47:17 INFO BlockManagerInfo: Removed broadcast_23_piece0 on 172.30.0.14:41373 in memory (size: 30.3 KiB, free: 434.3 MiB)
[2026-04-12T05:47:17.712+0000] {subprocess.py:106} INFO - 26/04/12 05:47:17 INFO BlockManagerInfo: Removed broadcast_26_piece0 on c05002f484b8:39235 in memory (size: 22.3 KiB, free: 434.4 MiB)
[2026-04-12T05:47:17.714+0000] {subprocess.py:106} INFO - 26/04/12 05:47:17 INFO BlockManagerInfo: Removed broadcast_26_piece0 on 172.30.0.14:41373 in memory (size: 22.3 KiB, free: 434.4 MiB)
[2026-04-12T05:47:17.722+0000] {subprocess.py:106} INFO - 26/04/12 05:47:17 INFO BlockManagerInfo: Removed broadcast_25_piece0 on c05002f484b8:39235 in memory (size: 29.9 KiB, free: 434.4 MiB)
[2026-04-12T05:47:17.724+0000] {subprocess.py:106} INFO - 26/04/12 05:47:17 INFO BlockManagerInfo: Removed broadcast_25_piece0 on 172.30.0.14:41373 in memory (size: 29.9 KiB, free: 434.4 MiB)
[2026-04-12T05:47:17.744+0000] {subprocess.py:106} INFO - 26/04/12 05:47:17 INFO BaseMetastoreCatalog: Table properties set at catalog level through catalog properties: {}
[2026-04-12T05:47:17.751+0000] {subprocess.py:106} INFO - 26/04/12 05:47:17 INFO BaseMetastoreCatalog: Table properties enforced at catalog level through catalog properties: {}
[2026-04-12T05:47:17.769+0000] {subprocess.py:106} INFO - 26/04/12 05:47:17 INFO SparkScanBuilder: Skipping aggregate pushdown: group by aggregation push down is not supported
[2026-04-12T05:47:17.772+0000] {subprocess.py:106} INFO - 26/04/12 05:47:17 INFO V2ScanRelationPushDown:
[2026-04-12T05:47:17.773+0000] {subprocess.py:106} INFO - Output: job_title#0
[2026-04-12T05:47:17.774+0000] {subprocess.py:106} INFO - 
[2026-04-12T05:47:17.774+0000] {subprocess.py:106} INFO - 26/04/12 05:47:17 INFO SnapshotScan: Scanning table iceberg.silver.it_jobs_clean snapshot 5178710788262370016 created at 2026-04-12T05:46:44.358+00:00 with filter true
[2026-04-12T05:47:17.776+0000] {subprocess.py:106} INFO - 26/04/12 05:47:17 INFO BaseDistributedDataScan: Planning file tasks locally for table iceberg.silver.it_jobs_clean
[2026-04-12T05:47:17.818+0000] {subprocess.py:106} INFO - 26/04/12 05:47:17 INFO SparkPartitioningAwareScan: Reporting UnknownPartitioning with 2 partition(s) for table iceberg.silver.it_jobs_clean
[2026-04-12T05:47:17.819+0000] {subprocess.py:106} INFO - 26/04/12 05:47:17 INFO SparkWrite: Requesting 0 bytes advisory partition size for table gold.dim_job_category
[2026-04-12T05:47:17.820+0000] {subprocess.py:106} INFO - 26/04/12 05:47:17 INFO SparkWrite: Requesting UnspecifiedDistribution as write distribution for table gold.dim_job_category
[2026-04-12T05:47:17.820+0000] {subprocess.py:106} INFO - 26/04/12 05:47:17 INFO SparkWrite: Requesting [] as write ordering for table gold.dim_job_category
[2026-04-12T05:47:17.831+0000] {subprocess.py:106} INFO - 26/04/12 05:47:17 INFO MemoryStore: Block broadcast_27 stored as values in memory (estimated size 32.0 KiB, free 434.4 MiB)
[2026-04-12T05:47:17.843+0000] {subprocess.py:106} INFO - 26/04/12 05:47:17 INFO MemoryStore: Block broadcast_27_piece0 stored as bytes in memory (estimated size 30.3 KiB, free 434.3 MiB)
[2026-04-12T05:47:17.844+0000] {subprocess.py:106} INFO - 26/04/12 05:47:17 INFO BlockManagerInfo: Added broadcast_27_piece0 in memory on c05002f484b8:39235 (size: 30.3 KiB, free: 434.4 MiB)
[2026-04-12T05:47:17.845+0000] {subprocess.py:106} INFO - 26/04/12 05:47:17 INFO SparkContext: Created broadcast 27 from broadcast at SparkBatch.java:79
[2026-04-12T05:47:17.863+0000] {subprocess.py:106} INFO - 26/04/12 05:47:17 INFO MemoryStore: Block broadcast_28 stored as values in memory (estimated size 32.0 KiB, free 434.3 MiB)
[2026-04-12T05:47:17.865+0000] {subprocess.py:106} INFO - 26/04/12 05:47:17 INFO MemoryStore: Block broadcast_28_piece0 stored as bytes in memory (estimated size 30.4 KiB, free 434.3 MiB)
[2026-04-12T05:47:17.866+0000] {subprocess.py:106} INFO - 26/04/12 05:47:17 INFO BlockManagerInfo: Added broadcast_28_piece0 in memory on c05002f484b8:39235 (size: 30.4 KiB, free: 434.3 MiB)
[2026-04-12T05:47:17.867+0000] {subprocess.py:106} INFO - 26/04/12 05:47:17 INFO SparkContext: Created broadcast 28 from broadcast at SparkBatch.java:79
[2026-04-12T05:47:17.931+0000] {subprocess.py:106} INFO - 26/04/12 05:47:17 INFO CodeGenerator: Code generated in 47.154344 ms
[2026-04-12T05:47:17.941+0000] {subprocess.py:106} INFO - 26/04/12 05:47:17 INFO DAGScheduler: Registering RDD 39 (create at <unknown>:0) as input to shuffle 6
[2026-04-12T05:47:17.942+0000] {subprocess.py:106} INFO - 26/04/12 05:47:17 INFO DAGScheduler: Got map stage job 12 (create at <unknown>:0) with 2 output partitions
[2026-04-12T05:47:17.942+0000] {subprocess.py:106} INFO - 26/04/12 05:47:17 INFO DAGScheduler: Final stage: ShuffleMapStage 18 (create at <unknown>:0)
[2026-04-12T05:47:17.943+0000] {subprocess.py:106} INFO - 26/04/12 05:47:17 INFO DAGScheduler: Parents of final stage: List()
[2026-04-12T05:47:17.944+0000] {subprocess.py:106} INFO - 26/04/12 05:47:17 INFO DAGScheduler: Missing parents: List()
[2026-04-12T05:47:17.944+0000] {subprocess.py:106} INFO - 26/04/12 05:47:17 INFO DAGScheduler: Submitting ShuffleMapStage 18 (MapPartitionsRDD[39] at create at <unknown>:0), which has no missing parents
[2026-04-12T05:47:17.947+0000] {subprocess.py:106} INFO - 26/04/12 05:47:17 INFO MemoryStore: Block broadcast_29 stored as values in memory (estimated size 29.4 KiB, free 434.2 MiB)
[2026-04-12T05:47:17.964+0000] {subprocess.py:106} INFO - 26/04/12 05:47:17 INFO MemoryStore: Block broadcast_29_piece0 stored as bytes in memory (estimated size 12.3 KiB, free 434.2 MiB)
[2026-04-12T05:47:17.966+0000] {subprocess.py:106} INFO - 26/04/12 05:47:17 INFO BlockManagerInfo: Added broadcast_29_piece0 in memory on c05002f484b8:39235 (size: 12.3 KiB, free: 434.3 MiB)
[2026-04-12T05:47:17.968+0000] {subprocess.py:106} INFO - 26/04/12 05:47:17 INFO SparkContext: Created broadcast 29 from broadcast at DAGScheduler.scala:1585
[2026-04-12T05:47:17.969+0000] {subprocess.py:106} INFO - 26/04/12 05:47:17 INFO DAGScheduler: Submitting 2 missing tasks from ShuffleMapStage 18 (MapPartitionsRDD[39] at create at <unknown>:0) (first 15 tasks are for partitions Vector(0, 1))
[2026-04-12T05:47:17.969+0000] {subprocess.py:106} INFO - 26/04/12 05:47:17 INFO TaskSchedulerImpl: Adding task set 18.0 with 2 tasks resource profile 0
[2026-04-12T05:47:17.970+0000] {subprocess.py:106} INFO - 26/04/12 05:47:17 INFO TaskSetManager: Starting task 0.0 in stage 18.0 (TID 17) (172.30.0.14, executor 0, partition 0, PROCESS_LOCAL, 16192 bytes)
[2026-04-12T05:47:17.986+0000] {subprocess.py:106} INFO - 26/04/12 05:47:17 INFO BlockManagerInfo: Added broadcast_29_piece0 in memory on 172.30.0.14:41373 (size: 12.3 KiB, free: 434.4 MiB)
[2026-04-12T05:47:18.064+0000] {subprocess.py:106} INFO - 26/04/12 05:47:18 INFO BlockManagerInfo: Added broadcast_28_piece0 in memory on 172.30.0.14:41373 (size: 30.4 KiB, free: 434.4 MiB)
[2026-04-12T05:47:18.303+0000] {subprocess.py:106} INFO - 26/04/12 05:47:18 INFO TaskSetManager: Starting task 1.0 in stage 18.0 (TID 18) (172.30.0.14, executor 0, partition 1, PROCESS_LOCAL, 15616 bytes)
[2026-04-12T05:47:18.304+0000] {subprocess.py:106} INFO - 26/04/12 05:47:18 INFO TaskSetManager: Finished task 0.0 in stage 18.0 (TID 17) in 340 ms on 172.30.0.14 (executor 0) (1/2)
[2026-04-12T05:47:18.594+0000] {subprocess.py:106} INFO - 26/04/12 05:47:18 INFO TaskSetManager: Finished task 1.0 in stage 18.0 (TID 18) in 292 ms on 172.30.0.14 (executor 0) (2/2)
[2026-04-12T05:47:18.596+0000] {subprocess.py:106} INFO - 26/04/12 05:47:18 INFO TaskSchedulerImpl: Removed TaskSet 18.0, whose tasks have all completed, from pool
[2026-04-12T05:47:18.597+0000] {subprocess.py:106} INFO - 26/04/12 05:47:18 INFO DAGScheduler: ShuffleMapStage 18 (create at <unknown>:0) finished in 0.649 s
[2026-04-12T05:47:18.598+0000] {subprocess.py:106} INFO - 26/04/12 05:47:18 INFO DAGScheduler: looking for newly runnable stages
[2026-04-12T05:47:18.599+0000] {subprocess.py:106} INFO - 26/04/12 05:47:18 INFO DAGScheduler: running: Set()
[2026-04-12T05:47:18.599+0000] {subprocess.py:106} INFO - 26/04/12 05:47:18 INFO DAGScheduler: waiting: Set()
[2026-04-12T05:47:18.600+0000] {subprocess.py:106} INFO - 26/04/12 05:47:18 INFO DAGScheduler: failed: Set()
[2026-04-12T05:47:18.612+0000] {subprocess.py:106} INFO - 26/04/12 05:47:18 INFO ShufflePartitionsUtil: For shuffle(6), advisory target size: 67108864, actual target size 1048576, minimum partition size: 1048576
[2026-04-12T05:47:18.674+0000] {subprocess.py:106} INFO - 26/04/12 05:47:18 INFO CodeGenerator: Code generated in 41.409012 ms
[2026-04-12T05:47:18.686+0000] {subprocess.py:106} INFO - 26/04/12 05:47:18 INFO DAGScheduler: Registering RDD 42 (create at <unknown>:0) as input to shuffle 7
[2026-04-12T05:47:18.687+0000] {subprocess.py:106} INFO - 26/04/12 05:47:18 INFO DAGScheduler: Got map stage job 13 (create at <unknown>:0) with 1 output partitions
[2026-04-12T05:47:18.688+0000] {subprocess.py:106} INFO - 26/04/12 05:47:18 INFO DAGScheduler: Final stage: ShuffleMapStage 20 (create at <unknown>:0)
[2026-04-12T05:47:18.692+0000] {subprocess.py:106} INFO - 26/04/12 05:47:18 INFO DAGScheduler: Parents of final stage: List(ShuffleMapStage 19)
[2026-04-12T05:47:18.693+0000] {subprocess.py:106} INFO - 26/04/12 05:47:18 INFO DAGScheduler: Missing parents: List()
[2026-04-12T05:47:18.693+0000] {subprocess.py:106} INFO - 26/04/12 05:47:18 INFO DAGScheduler: Submitting ShuffleMapStage 20 (MapPartitionsRDD[42] at create at <unknown>:0), which has no missing parents
[2026-04-12T05:47:18.697+0000] {subprocess.py:106} INFO - 26/04/12 05:47:18 INFO MemoryStore: Block broadcast_30 stored as values in memory (estimated size 57.0 KiB, free 434.2 MiB)
[2026-04-12T05:47:18.707+0000] {subprocess.py:106} INFO - 26/04/12 05:47:18 INFO MemoryStore: Block broadcast_30_piece0 stored as bytes in memory (estimated size 21.7 KiB, free 434.2 MiB)
[2026-04-12T05:47:18.708+0000] {subprocess.py:106} INFO - 26/04/12 05:47:18 INFO BlockManagerInfo: Added broadcast_30_piece0 in memory on c05002f484b8:39235 (size: 21.7 KiB, free: 434.3 MiB)
[2026-04-12T05:47:18.716+0000] {subprocess.py:106} INFO - 26/04/12 05:47:18 INFO SparkContext: Created broadcast 30 from broadcast at DAGScheduler.scala:1585
[2026-04-12T05:47:18.718+0000] {subprocess.py:106} INFO - 26/04/12 05:47:18 INFO BlockManagerInfo: Removed broadcast_29_piece0 on c05002f484b8:39235 in memory (size: 12.3 KiB, free: 434.3 MiB)
[2026-04-12T05:47:18.719+0000] {subprocess.py:106} INFO - 26/04/12 05:47:18 INFO BlockManagerInfo: Removed broadcast_29_piece0 on 172.30.0.14:41373 in memory (size: 12.3 KiB, free: 434.4 MiB)
[2026-04-12T05:47:18.720+0000] {subprocess.py:106} INFO - 26/04/12 05:47:18 INFO DAGScheduler: Submitting 1 missing tasks from ShuffleMapStage 20 (MapPartitionsRDD[42] at create at <unknown>:0) (first 15 tasks are for partitions Vector(0))
[2026-04-12T05:47:18.722+0000] {subprocess.py:106} INFO - 26/04/12 05:47:18 INFO TaskSchedulerImpl: Adding task set 20.0 with 1 tasks resource profile 0
[2026-04-12T05:47:18.722+0000] {subprocess.py:106} INFO - 26/04/12 05:47:18 INFO TaskSetManager: Starting task 0.0 in stage 20.0 (TID 19) (172.30.0.14, executor 0, partition 0, NODE_LOCAL, 9965 bytes)
[2026-04-12T05:47:18.737+0000] {subprocess.py:106} INFO - 26/04/12 05:47:18 INFO BlockManagerInfo: Added broadcast_30_piece0 in memory on 172.30.0.14:41373 (size: 21.7 KiB, free: 434.3 MiB)
[2026-04-12T05:47:18.750+0000] {subprocess.py:106} INFO - 26/04/12 05:47:18 INFO MapOutputTrackerMasterEndpoint: Asked to send map output locations for shuffle 6 to 172.30.0.14:45744
[2026-04-12T05:47:18.943+0000] {subprocess.py:106} INFO - 26/04/12 05:47:18 INFO TaskSetManager: Finished task 0.0 in stage 20.0 (TID 19) in 227 ms on 172.30.0.14 (executor 0) (1/1)
[2026-04-12T05:47:18.944+0000] {subprocess.py:106} INFO - 26/04/12 05:47:18 INFO TaskSchedulerImpl: Removed TaskSet 20.0, whose tasks have all completed, from pool
[2026-04-12T05:47:18.945+0000] {subprocess.py:106} INFO - 26/04/12 05:47:18 INFO DAGScheduler: ShuffleMapStage 20 (create at <unknown>:0) finished in 0.251 s
[2026-04-12T05:47:18.946+0000] {subprocess.py:106} INFO - 26/04/12 05:47:18 INFO DAGScheduler: looking for newly runnable stages
[2026-04-12T05:47:18.946+0000] {subprocess.py:106} INFO - 26/04/12 05:47:18 INFO DAGScheduler: running: Set()
[2026-04-12T05:47:18.947+0000] {subprocess.py:106} INFO - 26/04/12 05:47:18 INFO DAGScheduler: waiting: Set()
[2026-04-12T05:47:18.947+0000] {subprocess.py:106} INFO - 26/04/12 05:47:18 INFO DAGScheduler: failed: Set()
[2026-04-12T05:47:18.948+0000] {subprocess.py:106} INFO - 26/04/12 05:47:18 INFO ShufflePartitionsUtil: For shuffle(7), advisory target size: 67108864, actual target size 1048576, minimum partition size: 1048576
[2026-04-12T05:47:18.976+0000] {subprocess.py:106} INFO - 26/04/12 05:47:18 INFO CodeGenerator: Code generated in 19.727925 ms
[2026-04-12T05:47:18.985+0000] {subprocess.py:106} INFO - 26/04/12 05:47:18 INFO MemoryStore: Block broadcast_31 stored as values in memory (estimated size 32.0 KiB, free 434.2 MiB)
[2026-04-12T05:47:19.004+0000] {subprocess.py:106} INFO - 26/04/12 05:47:18 INFO MemoryStore: Block broadcast_31_piece0 stored as bytes in memory (estimated size 29.7 KiB, free 434.2 MiB)
[2026-04-12T05:47:19.005+0000] {subprocess.py:106} INFO - 26/04/12 05:47:18 INFO BlockManagerInfo: Removed broadcast_30_piece0 on c05002f484b8:39235 in memory (size: 21.7 KiB, free: 434.3 MiB)
[2026-04-12T05:47:19.006+0000] {subprocess.py:106} INFO - 26/04/12 05:47:18 INFO BlockManagerInfo: Added broadcast_31_piece0 in memory on c05002f484b8:39235 (size: 29.7 KiB, free: 434.3 MiB)
[2026-04-12T05:47:19.007+0000] {subprocess.py:106} INFO - 26/04/12 05:47:18 INFO SparkContext: Created broadcast 31 from broadcast at SparkWrite.java:193
[2026-04-12T05:47:19.008+0000] {subprocess.py:106} INFO - 26/04/12 05:47:19 INFO AppendDataExec: Start processing data source write support: IcebergBatchWrite(table=gold.dim_job_category, format=PARQUET). The input RDD has 1 partitions.
[2026-04-12T05:47:19.008+0000] {subprocess.py:106} INFO - 26/04/12 05:47:19 INFO SparkContext: Starting job: create at <unknown>:0
[2026-04-12T05:47:19.009+0000] {subprocess.py:106} INFO - 26/04/12 05:47:19 INFO BlockManagerInfo: Removed broadcast_30_piece0 on 172.30.0.14:41373 in memory (size: 21.7 KiB, free: 434.4 MiB)
[2026-04-12T05:47:19.009+0000] {subprocess.py:106} INFO - 26/04/12 05:47:19 INFO DAGScheduler: Got job 14 (create at <unknown>:0) with 1 output partitions
[2026-04-12T05:47:19.010+0000] {subprocess.py:106} INFO - 26/04/12 05:47:19 INFO DAGScheduler: Final stage: ResultStage 23 (create at <unknown>:0)
[2026-04-12T05:47:19.010+0000] {subprocess.py:106} INFO - 26/04/12 05:47:19 INFO DAGScheduler: Parents of final stage: List(ShuffleMapStage 22)
[2026-04-12T05:47:19.010+0000] {subprocess.py:106} INFO - 26/04/12 05:47:19 INFO DAGScheduler: Missing parents: List()
[2026-04-12T05:47:19.011+0000] {subprocess.py:106} INFO - 26/04/12 05:47:19 INFO DAGScheduler: Submitting ResultStage 23 (MapPartitionsRDD[44] at create at <unknown>:0), which has no missing parents
[2026-04-12T05:47:19.013+0000] {subprocess.py:106} INFO - 26/04/12 05:47:19 INFO MemoryStore: Block broadcast_32 stored as values in memory (estimated size 50.7 KiB, free 434.2 MiB)
[2026-04-12T05:47:19.014+0000] {subprocess.py:106} INFO - 26/04/12 05:47:19 INFO MemoryStore: Block broadcast_32_piece0 stored as bytes in memory (estimated size 22.0 KiB, free 434.1 MiB)
[2026-04-12T05:47:19.017+0000] {subprocess.py:106} INFO - 26/04/12 05:47:19 INFO BlockManagerInfo: Added broadcast_32_piece0 in memory on c05002f484b8:39235 (size: 22.0 KiB, free: 434.3 MiB)
[2026-04-12T05:47:19.018+0000] {subprocess.py:106} INFO - 26/04/12 05:47:19 INFO SparkContext: Created broadcast 32 from broadcast at DAGScheduler.scala:1585
[2026-04-12T05:47:19.019+0000] {subprocess.py:106} INFO - 26/04/12 05:47:19 INFO DAGScheduler: Submitting 1 missing tasks from ResultStage 23 (MapPartitionsRDD[44] at create at <unknown>:0) (first 15 tasks are for partitions Vector(0))
[2026-04-12T05:47:19.020+0000] {subprocess.py:106} INFO - 26/04/12 05:47:19 INFO TaskSchedulerImpl: Adding task set 23.0 with 1 tasks resource profile 0
[2026-04-12T05:47:19.022+0000] {subprocess.py:106} INFO - 26/04/12 05:47:19 INFO TaskSetManager: Starting task 0.0 in stage 23.0 (TID 20) (172.30.0.14, executor 0, partition 0, NODE_LOCAL, 9976 bytes)
[2026-04-12T05:47:19.036+0000] {subprocess.py:106} INFO - 26/04/12 05:47:19 INFO BlockManagerInfo: Added broadcast_32_piece0 in memory on 172.30.0.14:41373 (size: 22.0 KiB, free: 434.3 MiB)
[2026-04-12T05:47:19.048+0000] {subprocess.py:106} INFO - 26/04/12 05:47:19 INFO MapOutputTrackerMasterEndpoint: Asked to send map output locations for shuffle 7 to 172.30.0.14:45744
[2026-04-12T05:47:19.106+0000] {subprocess.py:106} INFO - 26/04/12 05:47:19 INFO BlockManagerInfo: Added broadcast_31_piece0 in memory on 172.30.0.14:41373 (size: 29.7 KiB, free: 434.3 MiB)
[2026-04-12T05:47:19.239+0000] {subprocess.py:106} INFO - 26/04/12 05:47:19 INFO TaskSetManager: Finished task 0.0 in stage 23.0 (TID 20) in 217 ms on 172.30.0.14 (executor 0) (1/1)
[2026-04-12T05:47:19.240+0000] {subprocess.py:106} INFO - 26/04/12 05:47:19 INFO TaskSchedulerImpl: Removed TaskSet 23.0, whose tasks have all completed, from pool
[2026-04-12T05:47:19.243+0000] {subprocess.py:106} INFO - 26/04/12 05:47:19 INFO DAGScheduler: ResultStage 23 (create at <unknown>:0) finished in 0.231 s
[2026-04-12T05:47:19.245+0000] {subprocess.py:106} INFO - 26/04/12 05:47:19 INFO DAGScheduler: Job 14 is finished. Cancelling potential speculative or zombie tasks for this job
[2026-04-12T05:47:19.245+0000] {subprocess.py:106} INFO - 26/04/12 05:47:19 INFO TaskSchedulerImpl: Killing all running tasks in stage 23: Stage finished
[2026-04-12T05:47:19.246+0000] {subprocess.py:106} INFO - 26/04/12 05:47:19 INFO DAGScheduler: Job 14 finished: create at <unknown>:0, took 0.239870 s
[2026-04-12T05:47:19.246+0000] {subprocess.py:106} INFO - 26/04/12 05:47:19 INFO AppendDataExec: Data source write support IcebergBatchWrite(table=gold.dim_job_category, format=PARQUET) is committing.
[2026-04-12T05:47:19.247+0000] {subprocess.py:106} INFO - 26/04/12 05:47:19 INFO SparkWrite: Committing append with 1 new data files to table gold.dim_job_category
[2026-04-12T05:47:19.459+0000] {subprocess.py:106} INFO - 26/04/12 05:47:19 INFO SnapshotProducer: Committed snapshot 2732787084052693551 (MergeAppend)
[2026-04-12T05:47:19.502+0000] {subprocess.py:106} INFO - 26/04/12 05:47:19 INFO LoggingMetricsReporter: Received metrics report: CommitReport{tableName=gold.dim_job_category, snapshotId=2732787084052693551, sequenceNumber=1, operation=append, commitMetrics=CommitMetricsResult{totalDuration=TimerResult{timeUnit=NANOSECONDS, totalDuration=PT0.255688948S, count=1}, attempts=CounterResult{unit=COUNT, value=1}, addedDataFiles=CounterResult{unit=COUNT, value=1}, removedDataFiles=null, totalDataFiles=CounterResult{unit=COUNT, value=1}, addedDeleteFiles=null, addedEqualityDeleteFiles=null, addedPositionalDeleteFiles=null, removedDeleteFiles=null, removedEqualityDeleteFiles=null, removedPositionalDeleteFiles=null, totalDeleteFiles=CounterResult{unit=COUNT, value=0}, addedRecords=CounterResult{unit=COUNT, value=9}, removedRecords=null, totalRecords=CounterResult{unit=COUNT, value=9}, addedFilesSizeInBytes=CounterResult{unit=BYTES, value=899}, removedFilesSizeInBytes=null, totalFilesSizeInBytes=CounterResult{unit=BYTES, value=899}, addedPositionalDeletes=null, removedPositionalDeletes=null, totalPositionalDeletes=CounterResult{unit=COUNT, value=0}, addedEqualityDeletes=null, removedEqualityDeletes=null, totalEqualityDeletes=CounterResult{unit=COUNT, value=0}}, metadata={engine-version=3.5.3, app-id=app-20260412054652-0002, engine-name=spark, iceberg-version=Apache Iceberg 1.6.1 (commit 8e9d59d299be42b0bca9461457cd1e95dbaad086)}}
[2026-04-12T05:47:19.503+0000] {subprocess.py:106} INFO - 26/04/12 05:47:19 INFO SparkWrite: Committed in 256 ms
[2026-04-12T05:47:19.504+0000] {subprocess.py:106} INFO - 26/04/12 05:47:19 INFO AppendDataExec: Data source write support IcebergBatchWrite(table=gold.dim_job_category, format=PARQUET) committed.
[2026-04-12T05:47:19.778+0000] {subprocess.py:106} INFO - 26/04/12 05:47:19 INFO HiveTableOperations: Committed to table iceberg.gold.dim_job_category with the new metadata location s3a://warehouse/iceberg_data/gold.db/dim_job_category/metadata/00000-91850122-f728-4aca-be9d-a01b3ac56d30.metadata.json
[2026-04-12T05:47:19.779+0000] {subprocess.py:106} INFO - 26/04/12 05:47:19 INFO BaseMetastoreTableOperations: Successfully committed to table iceberg.gold.dim_job_category in 277 ms
[2026-04-12T05:47:19.779+0000] {subprocess.py:106} INFO - >>> Building FACT_JOB_POSTING...
[2026-04-12T05:47:19.827+0000] {subprocess.py:106} INFO - 26/04/12 05:47:19 INFO BlockManagerInfo: Removed broadcast_31_piece0 on c05002f484b8:39235 in memory (size: 29.7 KiB, free: 434.3 MiB)
[2026-04-12T05:47:19.829+0000] {subprocess.py:106} INFO - 26/04/12 05:47:19 INFO BlockManagerInfo: Removed broadcast_31_piece0 on 172.30.0.14:41373 in memory (size: 29.7 KiB, free: 434.3 MiB)
[2026-04-12T05:47:19.835+0000] {subprocess.py:106} INFO - 26/04/12 05:47:19 INFO BlockManagerInfo: Removed broadcast_27_piece0 on c05002f484b8:39235 in memory (size: 30.3 KiB, free: 434.3 MiB)
[2026-04-12T05:47:19.840+0000] {subprocess.py:106} INFO - 26/04/12 05:47:19 INFO BlockManagerInfo: Removed broadcast_28_piece0 on c05002f484b8:39235 in memory (size: 30.4 KiB, free: 434.4 MiB)
[2026-04-12T05:47:19.844+0000] {subprocess.py:106} INFO - 26/04/12 05:47:19 INFO BlockManagerInfo: Removed broadcast_28_piece0 on 172.30.0.14:41373 in memory (size: 30.4 KiB, free: 434.4 MiB)
[2026-04-12T05:47:19.849+0000] {subprocess.py:106} INFO - 26/04/12 05:47:19 INFO BlockManagerInfo: Removed broadcast_32_piece0 on c05002f484b8:39235 in memory (size: 22.0 KiB, free: 434.4 MiB)
[2026-04-12T05:47:19.852+0000] {subprocess.py:106} INFO - 26/04/12 05:47:19 INFO BlockManagerInfo: Removed broadcast_32_piece0 on 172.30.0.14:41373 in memory (size: 22.0 KiB, free: 434.4 MiB)
[2026-04-12T05:47:20.176+0000] {subprocess.py:106} INFO - 26/04/12 05:47:20 INFO BaseMetastoreCatalog: Table properties set at catalog level through catalog properties: {}
[2026-04-12T05:47:20.181+0000] {subprocess.py:106} INFO - 26/04/12 05:47:20 INFO BaseMetastoreCatalog: Table properties enforced at catalog level through catalog properties: {}
[2026-04-12T05:47:20.283+0000] {subprocess.py:106} INFO - 26/04/12 05:47:20 INFO V2ScanRelationPushDown:
[2026-04-12T05:47:20.284+0000] {subprocess.py:106} INFO - Pushing operators to iceberg.silver.it_jobs_clean
[2026-04-12T05:47:20.285+0000] {subprocess.py:106} INFO - Pushed Filters: location IS NOT NULL, skills_required IS NOT NULL
[2026-04-12T05:47:20.285+0000] {subprocess.py:106} INFO - Post-Scan Filters: isnotnull(location#2),isnotnull(skills_required#3),(size(location#2, true) > 0),(size(skills_required#3, true) > 0)
[2026-04-12T05:47:20.286+0000] {subprocess.py:106} INFO - 
[2026-04-12T05:47:20.286+0000] {subprocess.py:106} INFO - 26/04/12 05:47:20 INFO V2ScanRelationPushDown:
[2026-04-12T05:47:20.287+0000] {subprocess.py:106} INFO - Pushing operators to iceberg.silver.it_jobs_clean
[2026-04-12T05:47:20.287+0000] {subprocess.py:106} INFO - Pushed Filters: company_name IS NOT NULL
[2026-04-12T05:47:20.288+0000] {subprocess.py:106} INFO - Post-Scan Filters: isnotnull(company_name#265)
[2026-04-12T05:47:20.288+0000] {subprocess.py:106} INFO - 
[2026-04-12T05:47:20.288+0000] {subprocess.py:106} INFO - 26/04/12 05:47:20 INFO V2ScanRelationPushDown:
[2026-04-12T05:47:20.289+0000] {subprocess.py:106} INFO - Pushing operators to iceberg.silver.it_jobs_clean
[2026-04-12T05:47:20.289+0000] {subprocess.py:106} INFO - Pushed Filters: location IS NOT NULL
[2026-04-12T05:47:20.290+0000] {subprocess.py:106} INFO - Post-Scan Filters: isnotnull(location#322),(size(location#322, true) > 0)
[2026-04-12T05:47:20.290+0000] {subprocess.py:106} INFO - 
[2026-04-12T05:47:20.291+0000] {subprocess.py:106} INFO - 26/04/12 05:47:20 INFO V2ScanRelationPushDown:
[2026-04-12T05:47:20.291+0000] {subprocess.py:106} INFO - Pushing operators to iceberg.silver.it_jobs_clean
[2026-04-12T05:47:20.291+0000] {subprocess.py:106} INFO - Pushed Filters: skills_required IS NOT NULL
[2026-04-12T05:47:20.292+0000] {subprocess.py:106} INFO - Post-Scan Filters: isnotnull(skills_required#385),(size(skills_required#385, true) > 0)
[2026-04-12T05:47:20.292+0000] {subprocess.py:106} INFO - 
[2026-04-12T05:47:20.293+0000] {subprocess.py:106} INFO - 26/04/12 05:47:20 INFO V2ScanRelationPushDown:
[2026-04-12T05:47:20.293+0000] {subprocess.py:106} INFO - Pushing operators to iceberg.silver.it_jobs_clean
[2026-04-12T05:47:20.293+0000] {subprocess.py:106} INFO - Pushed Filters: work_mode IS NOT NULL
[2026-04-12T05:47:20.293+0000] {subprocess.py:106} INFO - Post-Scan Filters: isnotnull(work_mode#457)
[2026-04-12T05:47:20.294+0000] {subprocess.py:106} INFO - 
[2026-04-12T05:47:20.294+0000] {subprocess.py:106} INFO - 26/04/12 05:47:20 INFO SparkScanBuilder: Skipping aggregate pushdown: group by aggregation push down is not supported
[2026-04-12T05:47:20.295+0000] {subprocess.py:106} INFO - 26/04/12 05:47:20 INFO V2ScanRelationPushDown:
[2026-04-12T05:47:20.295+0000] {subprocess.py:106} INFO - Output: job_title#0, company_name#1, location#2, skills_required#3, date_posted#4, job_link#5, work_mode#7
[2026-04-12T05:47:20.295+0000] {subprocess.py:106} INFO - 
[2026-04-12T05:47:20.296+0000] {subprocess.py:106} INFO - 26/04/12 05:47:20 INFO V2ScanRelationPushDown:
[2026-04-12T05:47:20.296+0000] {subprocess.py:106} INFO - Output: company_name#265
[2026-04-12T05:47:20.297+0000] {subprocess.py:106} INFO - 
[2026-04-12T05:47:20.297+0000] {subprocess.py:106} INFO - 26/04/12 05:47:20 INFO V2ScanRelationPushDown:
[2026-04-12T05:47:20.298+0000] {subprocess.py:106} INFO - Output: location#322
[2026-04-12T05:47:20.298+0000] {subprocess.py:106} INFO - 
[2026-04-12T05:47:20.299+0000] {subprocess.py:106} INFO - 26/04/12 05:47:20 INFO V2ScanRelationPushDown:
[2026-04-12T05:47:20.299+0000] {subprocess.py:106} INFO - Output: skills_required#385
[2026-04-12T05:47:20.300+0000] {subprocess.py:106} INFO - 
[2026-04-12T05:47:20.300+0000] {subprocess.py:106} INFO - 26/04/12 05:47:20 INFO V2ScanRelationPushDown:
[2026-04-12T05:47:20.300+0000] {subprocess.py:106} INFO - Output: work_mode#457
[2026-04-12T05:47:20.301+0000] {subprocess.py:106} INFO - 
[2026-04-12T05:47:20.301+0000] {subprocess.py:106} INFO - 26/04/12 05:47:20 INFO V2ScanRelationPushDown:
[2026-04-12T05:47:20.302+0000] {subprocess.py:106} INFO - Output: job_title#522
[2026-04-12T05:47:20.306+0000] {subprocess.py:106} INFO - 
[2026-04-12T05:47:20.307+0000] {subprocess.py:106} INFO - 26/04/12 05:47:20 INFO SnapshotScan: Scanning table iceberg.silver.it_jobs_clean snapshot 5178710788262370016 created at 2026-04-12T05:46:44.358+00:00 with filter (location IS NOT NULL AND skills_required IS NOT NULL)
[2026-04-12T05:47:20.308+0000] {subprocess.py:106} INFO - 26/04/12 05:47:20 INFO BaseDistributedDataScan: Planning file tasks locally for table iceberg.silver.it_jobs_clean
[2026-04-12T05:47:20.348+0000] {subprocess.py:106} INFO - 26/04/12 05:47:20 INFO SparkPartitioningAwareScan: Reporting UnknownPartitioning with 2 partition(s) for table iceberg.silver.it_jobs_clean
[2026-04-12T05:47:20.349+0000] {subprocess.py:106} INFO - 26/04/12 05:47:20 INFO SnapshotScan: Scanning table iceberg.silver.it_jobs_clean snapshot 5178710788262370016 created at 2026-04-12T05:46:44.358+00:00 with filter company_name IS NOT NULL
[2026-04-12T05:47:20.350+0000] {subprocess.py:106} INFO - 26/04/12 05:47:20 INFO BaseDistributedDataScan: Planning file tasks locally for table iceberg.silver.it_jobs_clean
[2026-04-12T05:47:20.443+0000] {subprocess.py:106} INFO - 26/04/12 05:47:20 INFO SparkPartitioningAwareScan: Reporting UnknownPartitioning with 2 partition(s) for table iceberg.silver.it_jobs_clean
[2026-04-12T05:47:20.444+0000] {subprocess.py:106} INFO - 26/04/12 05:47:20 INFO SnapshotScan: Scanning table iceberg.silver.it_jobs_clean snapshot 5178710788262370016 created at 2026-04-12T05:46:44.358+00:00 with filter location IS NOT NULL
[2026-04-12T05:47:20.445+0000] {subprocess.py:106} INFO - 26/04/12 05:47:20 INFO BaseDistributedDataScan: Planning file tasks locally for table iceberg.silver.it_jobs_clean
[2026-04-12T05:47:20.487+0000] {subprocess.py:106} INFO - 26/04/12 05:47:20 INFO SparkPartitioningAwareScan: Reporting UnknownPartitioning with 2 partition(s) for table iceberg.silver.it_jobs_clean
[2026-04-12T05:47:20.489+0000] {subprocess.py:106} INFO - 26/04/12 05:47:20 INFO SnapshotScan: Scanning table iceberg.silver.it_jobs_clean snapshot 5178710788262370016 created at 2026-04-12T05:46:44.358+00:00 with filter skills_required IS NOT NULL
[2026-04-12T05:47:20.490+0000] {subprocess.py:106} INFO - 26/04/12 05:47:20 INFO BaseDistributedDataScan: Planning file tasks locally for table iceberg.silver.it_jobs_clean
[2026-04-12T05:47:20.530+0000] {subprocess.py:106} INFO - 26/04/12 05:47:20 INFO SparkPartitioningAwareScan: Reporting UnknownPartitioning with 2 partition(s) for table iceberg.silver.it_jobs_clean
[2026-04-12T05:47:20.531+0000] {subprocess.py:106} INFO - 26/04/12 05:47:20 INFO SnapshotScan: Scanning table iceberg.silver.it_jobs_clean snapshot 5178710788262370016 created at 2026-04-12T05:46:44.358+00:00 with filter work_mode IS NOT NULL
[2026-04-12T05:47:20.533+0000] {subprocess.py:106} INFO - 26/04/12 05:47:20 INFO BaseDistributedDataScan: Planning file tasks locally for table iceberg.silver.it_jobs_clean
[2026-04-12T05:47:20.573+0000] {subprocess.py:106} INFO - 26/04/12 05:47:20 INFO SparkPartitioningAwareScan: Reporting UnknownPartitioning with 2 partition(s) for table iceberg.silver.it_jobs_clean
[2026-04-12T05:47:20.574+0000] {subprocess.py:106} INFO - 26/04/12 05:47:20 INFO SnapshotScan: Scanning table iceberg.silver.it_jobs_clean snapshot 5178710788262370016 created at 2026-04-12T05:46:44.358+00:00 with filter true
[2026-04-12T05:47:20.575+0000] {subprocess.py:106} INFO - 26/04/12 05:47:20 INFO BaseDistributedDataScan: Planning file tasks locally for table iceberg.silver.it_jobs_clean
[2026-04-12T05:47:20.614+0000] {subprocess.py:106} INFO - 26/04/12 05:47:20 INFO SparkPartitioningAwareScan: Reporting UnknownPartitioning with 2 partition(s) for table iceberg.silver.it_jobs_clean
[2026-04-12T05:47:20.621+0000] {subprocess.py:106} INFO - 26/04/12 05:47:20 INFO SparkWrite: Requesting 402653184 bytes advisory partition size for table gold.fact_job_posting
[2026-04-12T05:47:20.622+0000] {subprocess.py:106} INFO - 26/04/12 05:47:20 INFO SparkWrite: Requesting ClusteredDistribution(date_id) as write distribution for table gold.fact_job_posting
[2026-04-12T05:47:20.629+0000] {subprocess.py:106} INFO - 26/04/12 05:47:20 INFO SparkWrite: Requesting [] as write ordering for table gold.fact_job_posting
[2026-04-12T05:47:20.727+0000] {subprocess.py:106} INFO - 26/04/12 05:47:20 INFO MemoryStore: Block broadcast_33 stored as values in memory (estimated size 32.0 KiB, free 434.4 MiB)
[2026-04-12T05:47:20.735+0000] {subprocess.py:106} INFO - 26/04/12 05:47:20 INFO MemoryStore: Block broadcast_33_piece0 stored as bytes in memory (estimated size 30.4 KiB, free 434.3 MiB)
[2026-04-12T05:47:20.736+0000] {subprocess.py:106} INFO - 26/04/12 05:47:20 INFO BlockManagerInfo: Added broadcast_33_piece0 in memory on c05002f484b8:39235 (size: 30.4 KiB, free: 434.4 MiB)
[2026-04-12T05:47:20.736+0000] {subprocess.py:106} INFO - 26/04/12 05:47:20 INFO SparkContext: Created broadcast 33 from broadcast at SparkBatch.java:79
[2026-04-12T05:47:20.740+0000] {subprocess.py:106} INFO - 26/04/12 05:47:20 INFO MemoryStore: Block broadcast_34 stored as values in memory (estimated size 32.0 KiB, free 434.3 MiB)
[2026-04-12T05:47:20.742+0000] {subprocess.py:106} INFO - 26/04/12 05:47:20 INFO MemoryStore: Block broadcast_34_piece0 stored as bytes in memory (estimated size 30.3 KiB, free 434.3 MiB)
[2026-04-12T05:47:20.743+0000] {subprocess.py:106} INFO - 26/04/12 05:47:20 INFO BlockManagerInfo: Added broadcast_34_piece0 in memory on c05002f484b8:39235 (size: 30.3 KiB, free: 434.3 MiB)
[2026-04-12T05:47:20.744+0000] {subprocess.py:106} INFO - 26/04/12 05:47:20 INFO SparkContext: Created broadcast 34 from broadcast at SparkBatch.java:79
[2026-04-12T05:47:20.748+0000] {subprocess.py:106} INFO - 26/04/12 05:47:20 INFO MemoryStore: Block broadcast_35 stored as values in memory (estimated size 32.0 KiB, free 434.2 MiB)
[2026-04-12T05:47:20.750+0000] {subprocess.py:106} INFO - 26/04/12 05:47:20 INFO MemoryStore: Block broadcast_35_piece0 stored as bytes in memory (estimated size 30.4 KiB, free 434.2 MiB)
[2026-04-12T05:47:20.751+0000] {subprocess.py:106} INFO - 26/04/12 05:47:20 INFO BlockManagerInfo: Added broadcast_35_piece0 in memory on c05002f484b8:39235 (size: 30.4 KiB, free: 434.3 MiB)
[2026-04-12T05:47:20.751+0000] {subprocess.py:106} INFO - 26/04/12 05:47:20 INFO SparkContext: Created broadcast 35 from broadcast at SparkBatch.java:79
[2026-04-12T05:47:20.756+0000] {subprocess.py:106} INFO - 26/04/12 05:47:20 INFO MemoryStore: Block broadcast_36 stored as values in memory (estimated size 32.0 KiB, free 434.2 MiB)
[2026-04-12T05:47:20.758+0000] {subprocess.py:106} INFO - 26/04/12 05:47:20 INFO MemoryStore: Block broadcast_36_piece0 stored as bytes in memory (estimated size 30.3 KiB, free 434.2 MiB)
[2026-04-12T05:47:20.759+0000] {subprocess.py:106} INFO - 26/04/12 05:47:20 INFO BlockManagerInfo: Added broadcast_36_piece0 in memory on c05002f484b8:39235 (size: 30.3 KiB, free: 434.3 MiB)
[2026-04-12T05:47:20.760+0000] {subprocess.py:106} INFO - 26/04/12 05:47:20 INFO SparkContext: Created broadcast 36 from broadcast at SparkBatch.java:79
[2026-04-12T05:47:20.765+0000] {subprocess.py:106} INFO - 26/04/12 05:47:20 INFO MemoryStore: Block broadcast_37 stored as values in memory (estimated size 32.0 KiB, free 434.1 MiB)
[2026-04-12T05:47:20.767+0000] {subprocess.py:106} INFO - 26/04/12 05:47:20 INFO MemoryStore: Block broadcast_37_piece0 stored as bytes in memory (estimated size 30.4 KiB, free 434.1 MiB)
[2026-04-12T05:47:20.768+0000] {subprocess.py:106} INFO - 26/04/12 05:47:20 INFO BlockManagerInfo: Added broadcast_37_piece0 in memory on c05002f484b8:39235 (size: 30.4 KiB, free: 434.3 MiB)
[2026-04-12T05:47:20.769+0000] {subprocess.py:106} INFO - 26/04/12 05:47:20 INFO SparkContext: Created broadcast 37 from broadcast at SparkBatch.java:79
[2026-04-12T05:47:20.773+0000] {subprocess.py:106} INFO - 26/04/12 05:47:20 INFO MemoryStore: Block broadcast_38 stored as values in memory (estimated size 32.0 KiB, free 434.1 MiB)
[2026-04-12T05:47:20.775+0000] {subprocess.py:106} INFO - 26/04/12 05:47:20 INFO MemoryStore: Block broadcast_38_piece0 stored as bytes in memory (estimated size 30.3 KiB, free 434.0 MiB)
[2026-04-12T05:47:20.776+0000] {subprocess.py:106} INFO - 26/04/12 05:47:20 INFO BlockManagerInfo: Added broadcast_38_piece0 in memory on c05002f484b8:39235 (size: 30.3 KiB, free: 434.2 MiB)
[2026-04-12T05:47:20.779+0000] {subprocess.py:106} INFO - 26/04/12 05:47:20 INFO SparkContext: Created broadcast 38 from broadcast at SparkBatch.java:79
[2026-04-12T05:47:20.799+0000] {subprocess.py:106} INFO - 26/04/12 05:47:20 INFO MemoryStore: Block broadcast_39 stored as values in memory (estimated size 32.0 KiB, free 434.0 MiB)
[2026-04-12T05:47:20.808+0000] {subprocess.py:106} INFO - 26/04/12 05:47:20 INFO MemoryStore: Block broadcast_39_piece0 stored as bytes in memory (estimated size 30.4 KiB, free 434.0 MiB)
[2026-04-12T05:47:20.812+0000] {subprocess.py:106} INFO - 26/04/12 05:47:20 INFO BlockManagerInfo: Added broadcast_39_piece0 in memory on c05002f484b8:39235 (size: 30.4 KiB, free: 434.2 MiB)
[2026-04-12T05:47:20.813+0000] {subprocess.py:106} INFO - 26/04/12 05:47:20 INFO SparkContext: Created broadcast 39 from broadcast at SparkBatch.java:79
[2026-04-12T05:47:20.813+0000] {subprocess.py:106} INFO - 26/04/12 05:47:20 INFO MemoryStore: Block broadcast_40 stored as values in memory (estimated size 32.0 KiB, free 433.9 MiB)
[2026-04-12T05:47:20.819+0000] {subprocess.py:106} INFO - 26/04/12 05:47:20 INFO MemoryStore: Block broadcast_40_piece0 stored as bytes in memory (estimated size 30.3 KiB, free 433.9 MiB)
[2026-04-12T05:47:20.820+0000] {subprocess.py:106} INFO - 26/04/12 05:47:20 INFO BlockManagerInfo: Added broadcast_40_piece0 in memory on c05002f484b8:39235 (size: 30.3 KiB, free: 434.2 MiB)
[2026-04-12T05:47:20.821+0000] {subprocess.py:106} INFO - 26/04/12 05:47:20 INFO SparkContext: Created broadcast 40 from broadcast at SparkBatch.java:79
[2026-04-12T05:47:20.825+0000] {subprocess.py:106} INFO - 26/04/12 05:47:20 INFO MemoryStore: Block broadcast_41 stored as values in memory (estimated size 32.0 KiB, free 433.9 MiB)
[2026-04-12T05:47:20.831+0000] {subprocess.py:106} INFO - 26/04/12 05:47:20 INFO MemoryStore: Block broadcast_41_piece0 stored as bytes in memory (estimated size 30.4 KiB, free 433.9 MiB)
[2026-04-12T05:47:20.832+0000] {subprocess.py:106} INFO - 26/04/12 05:47:20 INFO BlockManagerInfo: Added broadcast_41_piece0 in memory on c05002f484b8:39235 (size: 30.4 KiB, free: 434.1 MiB)
[2026-04-12T05:47:20.833+0000] {subprocess.py:106} INFO - 26/04/12 05:47:20 INFO SparkContext: Created broadcast 41 from broadcast at SparkBatch.java:79
[2026-04-12T05:47:20.836+0000] {subprocess.py:106} INFO - 26/04/12 05:47:20 INFO MemoryStore: Block broadcast_42 stored as values in memory (estimated size 32.0 KiB, free 433.8 MiB)
[2026-04-12T05:47:20.850+0000] {subprocess.py:106} INFO - 26/04/12 05:47:20 INFO MemoryStore: Block broadcast_42_piece0 stored as bytes in memory (estimated size 30.3 KiB, free 433.8 MiB)
[2026-04-12T05:47:20.851+0000] {subprocess.py:106} INFO - 26/04/12 05:47:20 INFO BlockManagerInfo: Added broadcast_42_piece0 in memory on c05002f484b8:39235 (size: 30.3 KiB, free: 434.1 MiB)
[2026-04-12T05:47:20.855+0000] {subprocess.py:106} INFO - 26/04/12 05:47:20 INFO SparkContext: Created broadcast 42 from broadcast at SparkBatch.java:79
[2026-04-12T05:47:20.856+0000] {subprocess.py:106} INFO - 26/04/12 05:47:20 INFO MemoryStore: Block broadcast_43 stored as values in memory (estimated size 32.0 KiB, free 433.8 MiB)
[2026-04-12T05:47:20.858+0000] {subprocess.py:106} INFO - 26/04/12 05:47:20 INFO MemoryStore: Block broadcast_43_piece0 stored as bytes in memory (estimated size 30.4 KiB, free 433.7 MiB)
[2026-04-12T05:47:20.859+0000] {subprocess.py:106} INFO - 26/04/12 05:47:20 INFO BlockManagerInfo: Added broadcast_43_piece0 in memory on c05002f484b8:39235 (size: 30.4 KiB, free: 434.1 MiB)
[2026-04-12T05:47:20.860+0000] {subprocess.py:106} INFO - 26/04/12 05:47:20 INFO SparkContext: Created broadcast 43 from broadcast at SparkBatch.java:79
[2026-04-12T05:47:20.952+0000] {subprocess.py:106} INFO - 26/04/12 05:47:20 INFO MemoryStore: Block broadcast_44 stored as values in memory (estimated size 32.0 KiB, free 433.7 MiB)
[2026-04-12T05:47:20.965+0000] {subprocess.py:106} INFO - 26/04/12 05:47:20 INFO MemoryStore: Block broadcast_44_piece0 stored as bytes in memory (estimated size 30.3 KiB, free 433.7 MiB)
[2026-04-12T05:47:20.966+0000] {subprocess.py:106} INFO - 26/04/12 05:47:20 INFO BlockManagerInfo: Added broadcast_44_piece0 in memory on c05002f484b8:39235 (size: 30.3 KiB, free: 434.0 MiB)
[2026-04-12T05:47:20.967+0000] {subprocess.py:106} INFO - 26/04/12 05:47:20 INFO SparkContext: Created broadcast 44 from broadcast at SparkBatch.java:79
[2026-04-12T05:47:20.998+0000] {subprocess.py:106} INFO - 26/04/12 05:47:20 INFO DAGScheduler: Registering RDD 48 (create at <unknown>:0) as input to shuffle 8
[2026-04-12T05:47:20.999+0000] {subprocess.py:106} INFO - 26/04/12 05:47:20 INFO DAGScheduler: Got map stage job 15 (create at <unknown>:0) with 2 output partitions
[2026-04-12T05:47:21.000+0000] {subprocess.py:106} INFO - 26/04/12 05:47:20 INFO DAGScheduler: Final stage: ShuffleMapStage 24 (create at <unknown>:0)
[2026-04-12T05:47:21.000+0000] {subprocess.py:106} INFO - 26/04/12 05:47:20 INFO DAGScheduler: Parents of final stage: List()
[2026-04-12T05:47:21.002+0000] {subprocess.py:106} INFO - 26/04/12 05:47:21 INFO DAGScheduler: Missing parents: List()
[2026-04-12T05:47:21.004+0000] {subprocess.py:106} INFO - 26/04/12 05:47:21 INFO DAGScheduler: Submitting ShuffleMapStage 24 (MapPartitionsRDD[48] at create at <unknown>:0), which has no missing parents
[2026-04-12T05:47:21.039+0000] {subprocess.py:106} INFO - 26/04/12 05:47:21 INFO MemoryStore: Block broadcast_45 stored as values in memory (estimated size 37.2 KiB, free 433.6 MiB)
[2026-04-12T05:47:21.045+0000] {subprocess.py:106} INFO - 26/04/12 05:47:21 INFO MemoryStore: Block broadcast_45_piece0 stored as bytes in memory (estimated size 16.2 KiB, free 433.6 MiB)
[2026-04-12T05:47:21.050+0000] {subprocess.py:106} INFO - 26/04/12 05:47:21 INFO BlockManagerInfo: Added broadcast_45_piece0 in memory on c05002f484b8:39235 (size: 16.2 KiB, free: 434.0 MiB)
[2026-04-12T05:47:21.052+0000] {subprocess.py:106} INFO - 26/04/12 05:47:21 INFO SparkContext: Created broadcast 45 from broadcast at DAGScheduler.scala:1585
[2026-04-12T05:47:21.053+0000] {subprocess.py:106} INFO - 26/04/12 05:47:21 INFO DAGScheduler: Submitting 2 missing tasks from ShuffleMapStage 24 (MapPartitionsRDD[48] at create at <unknown>:0) (first 15 tasks are for partitions Vector(0, 1))
[2026-04-12T05:47:21.054+0000] {subprocess.py:106} INFO - 26/04/12 05:47:21 INFO TaskSchedulerImpl: Adding task set 24.0 with 2 tasks resource profile 0
[2026-04-12T05:47:21.067+0000] {subprocess.py:106} INFO - 26/04/12 05:47:21 INFO TaskSetManager: Starting task 0.0 in stage 24.0 (TID 21) (172.30.0.14, executor 0, partition 0, PROCESS_LOCAL, 16379 bytes)
[2026-04-12T05:47:21.092+0000] {subprocess.py:106} INFO - 26/04/12 05:47:21 INFO CodeGenerator: Code generated in 63.38863 ms
[2026-04-12T05:47:21.097+0000] {subprocess.py:106} INFO - 26/04/12 05:47:21 INFO BlockManagerInfo: Added broadcast_45_piece0 in memory on 172.30.0.14:41373 (size: 16.2 KiB, free: 434.4 MiB)
[2026-04-12T05:47:21.116+0000] {subprocess.py:106} INFO - 26/04/12 05:47:21 INFO DAGScheduler: Registering RDD 52 (create at <unknown>:0) as input to shuffle 9
[2026-04-12T05:47:21.119+0000] {subprocess.py:106} INFO - 26/04/12 05:47:21 INFO DAGScheduler: Got map stage job 16 (create at <unknown>:0) with 2 output partitions
[2026-04-12T05:47:21.122+0000] {subprocess.py:106} INFO - 26/04/12 05:47:21 INFO DAGScheduler: Final stage: ShuffleMapStage 25 (create at <unknown>:0)
[2026-04-12T05:47:21.124+0000] {subprocess.py:106} INFO - 26/04/12 05:47:21 INFO DAGScheduler: Parents of final stage: List()
[2026-04-12T05:47:21.134+0000] {subprocess.py:106} INFO - 26/04/12 05:47:21 INFO DAGScheduler: Missing parents: List()
[2026-04-12T05:47:21.136+0000] {subprocess.py:106} INFO - 26/04/12 05:47:21 INFO DAGScheduler: Submitting ShuffleMapStage 25 (MapPartitionsRDD[52] at create at <unknown>:0), which has no missing parents
[2026-04-12T05:47:21.154+0000] {subprocess.py:106} INFO - 26/04/12 05:47:21 INFO MemoryStore: Block broadcast_46 stored as values in memory (estimated size 39.5 KiB, free 433.6 MiB)
[2026-04-12T05:47:21.194+0000] {subprocess.py:106} INFO - 26/04/12 05:47:21 INFO MemoryStore: Block broadcast_46_piece0 stored as bytes in memory (estimated size 17.2 KiB, free 433.6 MiB)
[2026-04-12T05:47:21.195+0000] {subprocess.py:106} INFO - 26/04/12 05:47:21 INFO BlockManagerInfo: Added broadcast_46_piece0 in memory on c05002f484b8:39235 (size: 17.2 KiB, free: 434.0 MiB)
[2026-04-12T05:47:21.196+0000] {subprocess.py:106} INFO - 26/04/12 05:47:21 INFO SparkContext: Created broadcast 46 from broadcast at DAGScheduler.scala:1585
[2026-04-12T05:47:21.197+0000] {subprocess.py:106} INFO - 26/04/12 05:47:21 INFO DAGScheduler: Submitting 2 missing tasks from ShuffleMapStage 25 (MapPartitionsRDD[52] at create at <unknown>:0) (first 15 tasks are for partitions Vector(0, 1))
[2026-04-12T05:47:21.198+0000] {subprocess.py:106} INFO - 26/04/12 05:47:21 INFO TaskSchedulerImpl: Adding task set 25.0 with 2 tasks resource profile 0
[2026-04-12T05:47:21.211+0000] {subprocess.py:106} INFO - 26/04/12 05:47:21 INFO BlockManagerInfo: Added broadcast_40_piece0 in memory on 172.30.0.14:41373 (size: 30.3 KiB, free: 434.4 MiB)
[2026-04-12T05:47:21.276+0000] {subprocess.py:106} INFO - 26/04/12 05:47:21 INFO CodeGenerator: Code generated in 132.593296 ms
[2026-04-12T05:47:21.339+0000] {subprocess.py:106} INFO - 26/04/12 05:47:21 INFO DAGScheduler: Registering RDD 56 (create at <unknown>:0) as input to shuffle 10
[2026-04-12T05:47:21.341+0000] {subprocess.py:106} INFO - 26/04/12 05:47:21 INFO DAGScheduler: Got map stage job 17 (create at <unknown>:0) with 2 output partitions
[2026-04-12T05:47:21.341+0000] {subprocess.py:106} INFO - 26/04/12 05:47:21 INFO DAGScheduler: Final stage: ShuffleMapStage 26 (create at <unknown>:0)
[2026-04-12T05:47:21.342+0000] {subprocess.py:106} INFO - 26/04/12 05:47:21 INFO DAGScheduler: Parents of final stage: List()
[2026-04-12T05:47:21.348+0000] {subprocess.py:106} INFO - 26/04/12 05:47:21 INFO DAGScheduler: Missing parents: List()
[2026-04-12T05:47:21.355+0000] {subprocess.py:106} INFO - 26/04/12 05:47:21 INFO DAGScheduler: Submitting ShuffleMapStage 26 (MapPartitionsRDD[56] at create at <unknown>:0), which has no missing parents
[2026-04-12T05:47:21.362+0000] {subprocess.py:106} INFO - 26/04/12 05:47:21 INFO MemoryStore: Block broadcast_47 stored as values in memory (estimated size 40.1 KiB, free 433.5 MiB)
[2026-04-12T05:47:21.363+0000] {subprocess.py:106} INFO - 26/04/12 05:47:21 INFO MemoryStore: Block broadcast_47_piece0 stored as bytes in memory (estimated size 17.5 KiB, free 433.5 MiB)
[2026-04-12T05:47:21.363+0000] {subprocess.py:106} INFO - 26/04/12 05:47:21 INFO BlockManagerInfo: Added broadcast_47_piece0 in memory on c05002f484b8:39235 (size: 17.5 KiB, free: 434.0 MiB)
[2026-04-12T05:47:21.368+0000] {subprocess.py:106} INFO - 26/04/12 05:47:21 INFO SparkContext: Created broadcast 47 from broadcast at DAGScheduler.scala:1585
[2026-04-12T05:47:21.370+0000] {subprocess.py:106} INFO - 26/04/12 05:47:21 INFO DAGScheduler: Submitting 2 missing tasks from ShuffleMapStage 26 (MapPartitionsRDD[56] at create at <unknown>:0) (first 15 tasks are for partitions Vector(0, 1))
[2026-04-12T05:47:21.371+0000] {subprocess.py:106} INFO - 26/04/12 05:47:21 INFO TaskSchedulerImpl: Adding task set 26.0 with 2 tasks resource profile 0
[2026-04-12T05:47:21.398+0000] {subprocess.py:106} INFO - 26/04/12 05:47:21 INFO CodeGenerator: Code generated in 49.172221 ms
[2026-04-12T05:47:21.412+0000] {subprocess.py:106} INFO - 26/04/12 05:47:21 INFO DAGScheduler: Registering RDD 60 (create at <unknown>:0) as input to shuffle 11
[2026-04-12T05:47:21.413+0000] {subprocess.py:106} INFO - 26/04/12 05:47:21 INFO DAGScheduler: Got map stage job 18 (create at <unknown>:0) with 2 output partitions
[2026-04-12T05:47:21.413+0000] {subprocess.py:106} INFO - 26/04/12 05:47:21 INFO DAGScheduler: Final stage: ShuffleMapStage 27 (create at <unknown>:0)
[2026-04-12T05:47:21.414+0000] {subprocess.py:106} INFO - 26/04/12 05:47:21 INFO DAGScheduler: Parents of final stage: List()
[2026-04-12T05:47:21.415+0000] {subprocess.py:106} INFO - 26/04/12 05:47:21 INFO DAGScheduler: Missing parents: List()
[2026-04-12T05:47:21.416+0000] {subprocess.py:106} INFO - 26/04/12 05:47:21 INFO DAGScheduler: Submitting ShuffleMapStage 27 (MapPartitionsRDD[60] at create at <unknown>:0), which has no missing parents
[2026-04-12T05:47:21.420+0000] {subprocess.py:106} INFO - 26/04/12 05:47:21 INFO MemoryStore: Block broadcast_48 stored as values in memory (estimated size 37.2 KiB, free 433.5 MiB)
[2026-04-12T05:47:21.431+0000] {subprocess.py:106} INFO - 26/04/12 05:47:21 INFO MemoryStore: Block broadcast_48_piece0 stored as bytes in memory (estimated size 16.3 KiB, free 433.5 MiB)
[2026-04-12T05:47:21.437+0000] {subprocess.py:106} INFO - 26/04/12 05:47:21 INFO BlockManagerInfo: Added broadcast_48_piece0 in memory on c05002f484b8:39235 (size: 16.3 KiB, free: 434.0 MiB)
[2026-04-12T05:47:21.438+0000] {subprocess.py:106} INFO - 26/04/12 05:47:21 INFO SparkContext: Created broadcast 48 from broadcast at DAGScheduler.scala:1585
[2026-04-12T05:47:21.439+0000] {subprocess.py:106} INFO - 26/04/12 05:47:21 INFO DAGScheduler: Submitting 2 missing tasks from ShuffleMapStage 27 (MapPartitionsRDD[60] at create at <unknown>:0) (first 15 tasks are for partitions Vector(0, 1))
[2026-04-12T05:47:21.440+0000] {subprocess.py:106} INFO - 26/04/12 05:47:21 INFO TaskSchedulerImpl: Adding task set 27.0 with 2 tasks resource profile 0
[2026-04-12T05:47:21.469+0000] {subprocess.py:106} INFO - 26/04/12 05:47:21 INFO CodeGenerator: Code generated in 36.839832 ms
[2026-04-12T05:47:21.487+0000] {subprocess.py:106} INFO - 26/04/12 05:47:21 INFO DAGScheduler: Registering RDD 64 (create at <unknown>:0) as input to shuffle 12
[2026-04-12T05:47:21.488+0000] {subprocess.py:106} INFO - 26/04/12 05:47:21 INFO DAGScheduler: Got map stage job 19 (create at <unknown>:0) with 2 output partitions
[2026-04-12T05:47:21.489+0000] {subprocess.py:106} INFO - 26/04/12 05:47:21 INFO DAGScheduler: Final stage: ShuffleMapStage 28 (create at <unknown>:0)
[2026-04-12T05:47:21.527+0000] {subprocess.py:106} INFO - 26/04/12 05:47:21 INFO DAGScheduler: Parents of final stage: List()
[2026-04-12T05:47:21.527+0000] {subprocess.py:106} INFO - 26/04/12 05:47:21 INFO DAGScheduler: Missing parents: List()
[2026-04-12T05:47:21.531+0000] {subprocess.py:106} INFO - 26/04/12 05:47:21 INFO DAGScheduler: Submitting ShuffleMapStage 28 (MapPartitionsRDD[64] at create at <unknown>:0), which has no missing parents
[2026-04-12T05:47:21.543+0000] {subprocess.py:106} INFO - 26/04/12 05:47:21 INFO MemoryStore: Block broadcast_49 stored as values in memory (estimated size 29.4 KiB, free 433.4 MiB)
[2026-04-12T05:47:21.550+0000] {subprocess.py:106} INFO - 26/04/12 05:47:21 INFO MemoryStore: Block broadcast_49_piece0 stored as bytes in memory (estimated size 12.3 KiB, free 433.4 MiB)
[2026-04-12T05:47:21.551+0000] {subprocess.py:106} INFO - 26/04/12 05:47:21 INFO BlockManagerInfo: Added broadcast_49_piece0 in memory on c05002f484b8:39235 (size: 12.3 KiB, free: 434.0 MiB)
[2026-04-12T05:47:21.552+0000] {subprocess.py:106} INFO - 26/04/12 05:47:21 INFO SparkContext: Created broadcast 49 from broadcast at DAGScheduler.scala:1585
[2026-04-12T05:47:21.580+0000] {subprocess.py:106} INFO - 26/04/12 05:47:21 INFO DAGScheduler: Submitting 2 missing tasks from ShuffleMapStage 28 (MapPartitionsRDD[64] at create at <unknown>:0) (first 15 tasks are for partitions Vector(0, 1))
[2026-04-12T05:47:21.582+0000] {subprocess.py:106} INFO - 26/04/12 05:47:21 INFO TaskSchedulerImpl: Adding task set 28.0 with 2 tasks resource profile 0
[2026-04-12T05:47:21.672+0000] {subprocess.py:106} INFO - 26/04/12 05:47:21 INFO TaskSetManager: Starting task 1.0 in stage 24.0 (TID 22) (172.30.0.14, executor 0, partition 1, PROCESS_LOCAL, 16082 bytes)
[2026-04-12T05:47:21.673+0000] {subprocess.py:106} INFO - 26/04/12 05:47:21 INFO TaskSetManager: Finished task 0.0 in stage 24.0 (TID 21) in 639 ms on 172.30.0.14 (executor 0) (1/2)
[2026-04-12T05:47:21.894+0000] {subprocess.py:106} INFO - 26/04/12 05:47:21 INFO TaskSetManager: Starting task 0.0 in stage 25.0 (TID 23) (172.30.0.14, executor 0, partition 0, PROCESS_LOCAL, 16593 bytes)
[2026-04-12T05:47:21.896+0000] {subprocess.py:106} INFO - 26/04/12 05:47:21 INFO TaskSetManager: Finished task 1.0 in stage 24.0 (TID 22) in 228 ms on 172.30.0.14 (executor 0) (2/2)
[2026-04-12T05:47:21.897+0000] {subprocess.py:106} INFO - 26/04/12 05:47:21 INFO TaskSchedulerImpl: Removed TaskSet 24.0, whose tasks have all completed, from pool
[2026-04-12T05:47:21.899+0000] {subprocess.py:106} INFO - 26/04/12 05:47:21 INFO DAGScheduler: ShuffleMapStage 24 (create at <unknown>:0) finished in 0.879 s
[2026-04-12T05:47:21.902+0000] {subprocess.py:106} INFO - 26/04/12 05:47:21 INFO DAGScheduler: looking for newly runnable stages
[2026-04-12T05:47:21.903+0000] {subprocess.py:106} INFO - 26/04/12 05:47:21 INFO DAGScheduler: running: Set(ShuffleMapStage 27, ShuffleMapStage 28, ShuffleMapStage 25, ShuffleMapStage 26)
[2026-04-12T05:47:21.904+0000] {subprocess.py:106} INFO - 26/04/12 05:47:21 INFO DAGScheduler: waiting: Set()
[2026-04-12T05:47:21.906+0000] {subprocess.py:106} INFO - 26/04/12 05:47:21 INFO DAGScheduler: failed: Set()
[2026-04-12T05:47:21.917+0000] {subprocess.py:106} INFO - 26/04/12 05:47:21 INFO BlockManagerInfo: Added broadcast_46_piece0 in memory on 172.30.0.14:41373 (size: 17.2 KiB, free: 434.3 MiB)
[2026-04-12T05:47:21.930+0000] {subprocess.py:106} INFO - 26/04/12 05:47:21 INFO MemoryStore: Block broadcast_50 stored as values in memory (estimated size 32.0 KiB, free 433.4 MiB)
[2026-04-12T05:47:21.956+0000] {subprocess.py:106} INFO - 26/04/12 05:47:21 INFO MemoryStore: Block broadcast_50_piece0 stored as bytes in memory (estimated size 30.4 KiB, free 433.4 MiB)
[2026-04-12T05:47:21.960+0000] {subprocess.py:106} INFO - 26/04/12 05:47:21 INFO BlockManagerInfo: Added broadcast_50_piece0 in memory on c05002f484b8:39235 (size: 30.4 KiB, free: 433.9 MiB)
[2026-04-12T05:47:21.961+0000] {subprocess.py:106} INFO - 26/04/12 05:47:21 INFO SparkContext: Created broadcast 50 from broadcast at SparkBatch.java:79
[2026-04-12T05:47:21.967+0000] {subprocess.py:106} INFO - 26/04/12 05:47:21 INFO BlockManagerInfo: Removed broadcast_45_piece0 on c05002f484b8:39235 in memory (size: 16.2 KiB, free: 434.0 MiB)
[2026-04-12T05:47:21.975+0000] {subprocess.py:106} INFO - 26/04/12 05:47:21 INFO BlockManagerInfo: Removed broadcast_45_piece0 on 172.30.0.14:41373 in memory (size: 16.2 KiB, free: 434.4 MiB)
[2026-04-12T05:47:21.993+0000] {subprocess.py:106} INFO - 26/04/12 05:47:21 INFO ShufflePartitionsUtil: For shuffle(8), advisory target size: 67108864, actual target size 1048576, minimum partition size: 1048576
[2026-04-12T05:47:22.031+0000] {subprocess.py:106} INFO - 26/04/12 05:47:22 INFO BlockManagerInfo: Added broadcast_41_piece0 in memory on 172.30.0.14:41373 (size: 30.4 KiB, free: 434.3 MiB)
[2026-04-12T05:47:22.102+0000] {subprocess.py:106} INFO - 26/04/12 05:47:22 INFO CodeGenerator: Code generated in 37.326761 ms
[2026-04-12T05:47:22.133+0000] {subprocess.py:106} INFO - 26/04/12 05:47:22 INFO SparkContext: Starting job: $anonfun$withThreadLocalCaptured$1 at <unknown>:0
[2026-04-12T05:47:22.135+0000] {subprocess.py:106} INFO - 26/04/12 05:47:22 INFO DAGScheduler: Got job 20 ($anonfun$withThreadLocalCaptured$1 at <unknown>:0) with 1 output partitions
[2026-04-12T05:47:22.137+0000] {subprocess.py:106} INFO - 26/04/12 05:47:22 INFO DAGScheduler: Final stage: ResultStage 30 ($anonfun$withThreadLocalCaptured$1 at <unknown>:0)
[2026-04-12T05:47:22.137+0000] {subprocess.py:106} INFO - 26/04/12 05:47:22 INFO DAGScheduler: Parents of final stage: List(ShuffleMapStage 29)
[2026-04-12T05:47:22.138+0000] {subprocess.py:106} INFO - 26/04/12 05:47:22 INFO DAGScheduler: Missing parents: List()
[2026-04-12T05:47:22.139+0000] {subprocess.py:106} INFO - 26/04/12 05:47:22 INFO DAGScheduler: Submitting ResultStage 30 (MapPartitionsRDD[67] at $anonfun$withThreadLocalCaptured$1 at <unknown>:0), which has no missing parents
[2026-04-12T05:47:22.147+0000] {subprocess.py:106} INFO - 26/04/12 05:47:22 INFO MemoryStore: Block broadcast_51 stored as values in memory (estimated size 42.2 KiB, free 433.4 MiB)
[2026-04-12T05:47:22.167+0000] {subprocess.py:106} INFO - 26/04/12 05:47:22 INFO MemoryStore: Block broadcast_51_piece0 stored as bytes in memory (estimated size 18.7 KiB, free 433.3 MiB)
[2026-04-12T05:47:22.172+0000] {subprocess.py:106} INFO - 26/04/12 05:47:22 INFO BlockManagerInfo: Added broadcast_51_piece0 in memory on c05002f484b8:39235 (size: 18.7 KiB, free: 433.9 MiB)
[2026-04-12T05:47:22.176+0000] {subprocess.py:106} INFO - 26/04/12 05:47:22 INFO SparkContext: Created broadcast 51 from broadcast at DAGScheduler.scala:1585
[2026-04-12T05:47:22.177+0000] {subprocess.py:106} INFO - 26/04/12 05:47:22 INFO DAGScheduler: Submitting 1 missing tasks from ResultStage 30 (MapPartitionsRDD[67] at $anonfun$withThreadLocalCaptured$1 at <unknown>:0) (first 15 tasks are for partitions Vector(0))
[2026-04-12T05:47:22.178+0000] {subprocess.py:106} INFO - 26/04/12 05:47:22 INFO TaskSchedulerImpl: Adding task set 30.0 with 1 tasks resource profile 0
[2026-04-12T05:47:22.179+0000] {subprocess.py:106} INFO - 26/04/12 05:47:22 INFO BlockManagerInfo: Removed broadcast_50_piece0 on c05002f484b8:39235 in memory (size: 30.4 KiB, free: 434.0 MiB)
[2026-04-12T05:47:22.364+0000] {subprocess.py:106} INFO - 26/04/12 05:47:22 INFO TaskSetManager: Starting task 1.0 in stage 25.0 (TID 24) (172.30.0.14, executor 0, partition 1, PROCESS_LOCAL, 16141 bytes)
[2026-04-12T05:47:22.365+0000] {subprocess.py:106} INFO - 26/04/12 05:47:22 INFO TaskSetManager: Finished task 0.0 in stage 25.0 (TID 23) in 472 ms on 172.30.0.14 (executor 0) (1/2)
[2026-04-12T05:47:22.572+0000] {subprocess.py:106} INFO - 26/04/12 05:47:22 INFO TaskSetManager: Starting task 0.0 in stage 26.0 (TID 25) (172.30.0.14, executor 0, partition 0, PROCESS_LOCAL, 16616 bytes)
[2026-04-12T05:47:22.574+0000] {subprocess.py:106} INFO - 26/04/12 05:47:22 INFO TaskSetManager: Finished task 1.0 in stage 25.0 (TID 24) in 208 ms on 172.30.0.14 (executor 0) (2/2)
[2026-04-12T05:47:22.576+0000] {subprocess.py:106} INFO - 26/04/12 05:47:22 INFO TaskSchedulerImpl: Removed TaskSet 25.0, whose tasks have all completed, from pool
[2026-04-12T05:47:22.577+0000] {subprocess.py:106} INFO - 26/04/12 05:47:22 INFO DAGScheduler: ShuffleMapStage 25 (create at <unknown>:0) finished in 1.436 s
[2026-04-12T05:47:22.578+0000] {subprocess.py:106} INFO - 26/04/12 05:47:22 INFO DAGScheduler: looking for newly runnable stages
[2026-04-12T05:47:22.578+0000] {subprocess.py:106} INFO - 26/04/12 05:47:22 INFO DAGScheduler: running: Set(ResultStage 30, ShuffleMapStage 27, ShuffleMapStage 28, ShuffleMapStage 26)
[2026-04-12T05:47:22.580+0000] {subprocess.py:106} INFO - 26/04/12 05:47:22 INFO DAGScheduler: waiting: Set()
[2026-04-12T05:47:22.581+0000] {subprocess.py:106} INFO - 26/04/12 05:47:22 INFO DAGScheduler: failed: Set()
[2026-04-12T05:47:22.588+0000] {subprocess.py:106} INFO - 26/04/12 05:47:22 INFO BlockManagerInfo: Added broadcast_47_piece0 in memory on 172.30.0.14:41373 (size: 17.5 KiB, free: 434.3 MiB)
[2026-04-12T05:47:22.604+0000] {subprocess.py:106} INFO - 26/04/12 05:47:22 INFO MemoryStore: Block broadcast_52 stored as values in memory (estimated size 32.0 KiB, free 433.4 MiB)
[2026-04-12T05:47:22.609+0000] {subprocess.py:106} INFO - 26/04/12 05:47:22 INFO MemoryStore: Block broadcast_52_piece0 stored as bytes in memory (estimated size 30.3 KiB, free 433.3 MiB)
[2026-04-12T05:47:22.610+0000] {subprocess.py:106} INFO - 26/04/12 05:47:22 INFO BlockManagerInfo: Added broadcast_52_piece0 in memory on c05002f484b8:39235 (size: 30.3 KiB, free: 433.9 MiB)
[2026-04-12T05:47:22.611+0000] {subprocess.py:106} INFO - 26/04/12 05:47:22 INFO SparkContext: Created broadcast 52 from broadcast at SparkBatch.java:79
[2026-04-12T05:47:22.634+0000] {subprocess.py:106} INFO - 26/04/12 05:47:22 INFO ShufflePartitionsUtil: For shuffle(9), advisory target size: 67108864, actual target size 1048576, minimum partition size: 1048576
[2026-04-12T05:47:22.686+0000] {subprocess.py:106} INFO - 26/04/12 05:47:22 INFO BlockManagerInfo: Added broadcast_42_piece0 in memory on 172.30.0.14:41373 (size: 30.3 KiB, free: 434.3 MiB)
[2026-04-12T05:47:22.752+0000] {subprocess.py:106} INFO - 26/04/12 05:47:22 INFO CodeGenerator: Code generated in 58.908588 ms
[2026-04-12T05:47:22.800+0000] {subprocess.py:106} INFO - 26/04/12 05:47:22 INFO SparkContext: Starting job: $anonfun$withThreadLocalCaptured$1 at <unknown>:0
[2026-04-12T05:47:22.804+0000] {subprocess.py:106} INFO - 26/04/12 05:47:22 INFO DAGScheduler: Got job 21 ($anonfun$withThreadLocalCaptured$1 at <unknown>:0) with 1 output partitions
[2026-04-12T05:47:22.806+0000] {subprocess.py:106} INFO - 26/04/12 05:47:22 INFO DAGScheduler: Final stage: ResultStage 32 ($anonfun$withThreadLocalCaptured$1 at <unknown>:0)
[2026-04-12T05:47:22.808+0000] {subprocess.py:106} INFO - 26/04/12 05:47:22 INFO DAGScheduler: Parents of final stage: List(ShuffleMapStage 31)
[2026-04-12T05:47:22.809+0000] {subprocess.py:106} INFO - 26/04/12 05:47:22 INFO DAGScheduler: Missing parents: List()
[2026-04-12T05:47:22.809+0000] {subprocess.py:106} INFO - 26/04/12 05:47:22 INFO DAGScheduler: Submitting ResultStage 32 (MapPartitionsRDD[70] at $anonfun$withThreadLocalCaptured$1 at <unknown>:0), which has no missing parents
[2026-04-12T05:47:22.811+0000] {subprocess.py:106} INFO - 26/04/12 05:47:22 INFO MemoryStore: Block broadcast_53 stored as values in memory (estimated size 44.6 KiB, free 433.3 MiB)
[2026-04-12T05:47:22.815+0000] {subprocess.py:106} INFO - 26/04/12 05:47:22 INFO MemoryStore: Block broadcast_53_piece0 stored as bytes in memory (estimated size 19.7 KiB, free 433.3 MiB)
[2026-04-12T05:47:22.816+0000] {subprocess.py:106} INFO - 26/04/12 05:47:22 INFO BlockManagerInfo: Added broadcast_53_piece0 in memory on c05002f484b8:39235 (size: 19.7 KiB, free: 433.9 MiB)
[2026-04-12T05:47:22.816+0000] {subprocess.py:106} INFO - 26/04/12 05:47:22 INFO SparkContext: Created broadcast 53 from broadcast at DAGScheduler.scala:1585
[2026-04-12T05:47:22.818+0000] {subprocess.py:106} INFO - 26/04/12 05:47:22 INFO DAGScheduler: Submitting 1 missing tasks from ResultStage 32 (MapPartitionsRDD[70] at $anonfun$withThreadLocalCaptured$1 at <unknown>:0) (first 15 tasks are for partitions Vector(0))
[2026-04-12T05:47:22.818+0000] {subprocess.py:106} INFO - 26/04/12 05:47:22 INFO TaskSchedulerImpl: Adding task set 32.0 with 1 tasks resource profile 0
[2026-04-12T05:47:23.060+0000] {subprocess.py:106} INFO - 26/04/12 05:47:23 INFO TaskSetManager: Starting task 1.0 in stage 26.0 (TID 26) (172.30.0.14, executor 0, partition 1, PROCESS_LOCAL, 16155 bytes)
[2026-04-12T05:47:23.062+0000] {subprocess.py:106} INFO - 26/04/12 05:47:23 INFO TaskSetManager: Finished task 0.0 in stage 26.0 (TID 25) in 490 ms on 172.30.0.14 (executor 0) (1/2)
[2026-04-12T05:47:23.320+0000] {subprocess.py:106} INFO - 26/04/12 05:47:23 INFO TaskSetManager: Starting task 0.0 in stage 27.0 (TID 27) (172.30.0.14, executor 0, partition 0, PROCESS_LOCAL, 16528 bytes)
[2026-04-12T05:47:23.321+0000] {subprocess.py:106} INFO - 26/04/12 05:47:23 INFO TaskSetManager: Finished task 1.0 in stage 26.0 (TID 26) in 258 ms on 172.30.0.14 (executor 0) (2/2)
[2026-04-12T05:47:23.322+0000] {subprocess.py:106} INFO - 26/04/12 05:47:23 INFO TaskSchedulerImpl: Removed TaskSet 26.0, whose tasks have all completed, from pool
[2026-04-12T05:47:23.323+0000] {subprocess.py:106} INFO - 26/04/12 05:47:23 INFO DAGScheduler: ShuffleMapStage 26 (create at <unknown>:0) finished in 1.964 s
[2026-04-12T05:47:23.323+0000] {subprocess.py:106} INFO - 26/04/12 05:47:23 INFO DAGScheduler: looking for newly runnable stages
[2026-04-12T05:47:23.324+0000] {subprocess.py:106} INFO - 26/04/12 05:47:23 INFO DAGScheduler: running: Set(ResultStage 30, ShuffleMapStage 27, ResultStage 32, ShuffleMapStage 28)
[2026-04-12T05:47:23.325+0000] {subprocess.py:106} INFO - 26/04/12 05:47:23 INFO DAGScheduler: waiting: Set()
[2026-04-12T05:47:23.326+0000] {subprocess.py:106} INFO - 26/04/12 05:47:23 INFO DAGScheduler: failed: Set()
[2026-04-12T05:47:23.342+0000] {subprocess.py:106} INFO - 26/04/12 05:47:23 INFO BlockManagerInfo: Added broadcast_48_piece0 in memory on 172.30.0.14:41373 (size: 16.3 KiB, free: 434.3 MiB)
[2026-04-12T05:47:23.345+0000] {subprocess.py:106} INFO - 26/04/12 05:47:23 INFO MemoryStore: Block broadcast_54 stored as values in memory (estimated size 32.0 KiB, free 433.3 MiB)
[2026-04-12T05:47:23.352+0000] {subprocess.py:106} INFO - 26/04/12 05:47:23 INFO MemoryStore: Block broadcast_54_piece0 stored as bytes in memory (estimated size 30.4 KiB, free 433.2 MiB)
[2026-04-12T05:47:23.355+0000] {subprocess.py:106} INFO - 26/04/12 05:47:23 INFO BlockManagerInfo: Added broadcast_54_piece0 in memory on c05002f484b8:39235 (size: 30.4 KiB, free: 433.9 MiB)
[2026-04-12T05:47:23.356+0000] {subprocess.py:106} INFO - 26/04/12 05:47:23 INFO SparkContext: Created broadcast 54 from broadcast at SparkBatch.java:79
[2026-04-12T05:47:23.366+0000] {subprocess.py:106} INFO - 26/04/12 05:47:23 INFO ShufflePartitionsUtil: For shuffle(10), advisory target size: 67108864, actual target size 1048576, minimum partition size: 1048576
[2026-04-12T05:47:23.426+0000] {subprocess.py:106} INFO - 26/04/12 05:47:23 INFO BlockManagerInfo: Added broadcast_43_piece0 in memory on 172.30.0.14:41373 (size: 30.4 KiB, free: 434.2 MiB)
[2026-04-12T05:47:23.462+0000] {subprocess.py:106} INFO - 26/04/12 05:47:23 INFO CodeGenerator: Code generated in 59.910698 ms
[2026-04-12T05:47:23.502+0000] {subprocess.py:106} INFO - 26/04/12 05:47:23 INFO SparkContext: Starting job: $anonfun$withThreadLocalCaptured$1 at <unknown>:0
[2026-04-12T05:47:23.503+0000] {subprocess.py:106} INFO - 26/04/12 05:47:23 INFO DAGScheduler: Got job 22 ($anonfun$withThreadLocalCaptured$1 at <unknown>:0) with 1 output partitions
[2026-04-12T05:47:23.506+0000] {subprocess.py:106} INFO - 26/04/12 05:47:23 INFO DAGScheduler: Final stage: ResultStage 34 ($anonfun$withThreadLocalCaptured$1 at <unknown>:0)
[2026-04-12T05:47:23.507+0000] {subprocess.py:106} INFO - 26/04/12 05:47:23 INFO DAGScheduler: Parents of final stage: List(ShuffleMapStage 33)
[2026-04-12T05:47:23.508+0000] {subprocess.py:106} INFO - 26/04/12 05:47:23 INFO DAGScheduler: Missing parents: List()
[2026-04-12T05:47:23.508+0000] {subprocess.py:106} INFO - 26/04/12 05:47:23 INFO DAGScheduler: Submitting ResultStage 34 (MapPartitionsRDD[73] at $anonfun$withThreadLocalCaptured$1 at <unknown>:0), which has no missing parents
[2026-04-12T05:47:23.511+0000] {subprocess.py:106} INFO - 26/04/12 05:47:23 INFO MemoryStore: Block broadcast_55 stored as values in memory (estimated size 45.1 KiB, free 433.2 MiB)
[2026-04-12T05:47:23.527+0000] {subprocess.py:106} INFO - 26/04/12 05:47:23 INFO MemoryStore: Block broadcast_55_piece0 stored as bytes in memory (estimated size 19.9 KiB, free 433.2 MiB)
[2026-04-12T05:47:23.532+0000] {subprocess.py:106} INFO - 26/04/12 05:47:23 INFO BlockManagerInfo: Added broadcast_55_piece0 in memory on c05002f484b8:39235 (size: 19.9 KiB, free: 433.9 MiB)
[2026-04-12T05:47:23.533+0000] {subprocess.py:106} INFO - 26/04/12 05:47:23 INFO BlockManagerInfo: Removed broadcast_47_piece0 on c05002f484b8:39235 in memory (size: 17.5 KiB, free: 433.9 MiB)
[2026-04-12T05:47:23.534+0000] {subprocess.py:106} INFO - 26/04/12 05:47:23 INFO SparkContext: Created broadcast 55 from broadcast at DAGScheduler.scala:1585
[2026-04-12T05:47:23.535+0000] {subprocess.py:106} INFO - 26/04/12 05:47:23 INFO DAGScheduler: Submitting 1 missing tasks from ResultStage 34 (MapPartitionsRDD[73] at $anonfun$withThreadLocalCaptured$1 at <unknown>:0) (first 15 tasks are for partitions Vector(0))
[2026-04-12T05:47:23.538+0000] {subprocess.py:106} INFO - 26/04/12 05:47:23 INFO TaskSchedulerImpl: Adding task set 34.0 with 1 tasks resource profile 0
[2026-04-12T05:47:23.540+0000] {subprocess.py:106} INFO - 26/04/12 05:47:23 INFO BlockManagerInfo: Removed broadcast_47_piece0 on 172.30.0.14:41373 in memory (size: 17.5 KiB, free: 434.2 MiB)
[2026-04-12T05:47:23.544+0000] {subprocess.py:106} INFO - 26/04/12 05:47:23 INFO BlockManagerInfo: Removed broadcast_46_piece0 on c05002f484b8:39235 in memory (size: 17.2 KiB, free: 433.9 MiB)
[2026-04-12T05:47:23.551+0000] {subprocess.py:106} INFO - 26/04/12 05:47:23 INFO BlockManagerInfo: Removed broadcast_46_piece0 on 172.30.0.14:41373 in memory (size: 17.2 KiB, free: 434.3 MiB)
[2026-04-12T05:47:23.553+0000] {subprocess.py:106} INFO - 26/04/12 05:47:23 INFO BlockManagerInfo: Removed broadcast_52_piece0 on c05002f484b8:39235 in memory (size: 30.3 KiB, free: 433.9 MiB)
[2026-04-12T05:47:23.560+0000] {subprocess.py:106} INFO - 26/04/12 05:47:23 INFO BlockManagerInfo: Removed broadcast_54_piece0 on c05002f484b8:39235 in memory (size: 30.4 KiB, free: 434.0 MiB)
[2026-04-12T05:47:23.724+0000] {subprocess.py:106} INFO - 26/04/12 05:47:23 INFO TaskSetManager: Starting task 1.0 in stage 27.0 (TID 28) (172.30.0.14, executor 0, partition 1, PROCESS_LOCAL, 16076 bytes)
[2026-04-12T05:47:23.725+0000] {subprocess.py:106} INFO - 26/04/12 05:47:23 INFO TaskSetManager: Finished task 0.0 in stage 27.0 (TID 27) in 412 ms on 172.30.0.14 (executor 0) (1/2)
[2026-04-12T05:47:23.906+0000] {subprocess.py:106} INFO - 26/04/12 05:47:23 INFO TaskSetManager: Starting task 0.0 in stage 28.0 (TID 29) (172.30.0.14, executor 0, partition 0, PROCESS_LOCAL, 16201 bytes)
[2026-04-12T05:47:23.918+0000] {subprocess.py:106} INFO - 26/04/12 05:47:23 INFO TaskSetManager: Finished task 1.0 in stage 27.0 (TID 28) in 186 ms on 172.30.0.14 (executor 0) (2/2)
[2026-04-12T05:47:23.924+0000] {subprocess.py:106} INFO - 26/04/12 05:47:23 INFO TaskSchedulerImpl: Removed TaskSet 27.0, whose tasks have all completed, from pool
[2026-04-12T05:47:23.926+0000] {subprocess.py:106} INFO - 26/04/12 05:47:23 INFO DAGScheduler: ShuffleMapStage 27 (create at <unknown>:0) finished in 2.490 s
[2026-04-12T05:47:23.927+0000] {subprocess.py:106} INFO - 26/04/12 05:47:23 INFO DAGScheduler: looking for newly runnable stages
[2026-04-12T05:47:23.927+0000] {subprocess.py:106} INFO - 26/04/12 05:47:23 INFO DAGScheduler: running: Set(ResultStage 30, ResultStage 34, ResultStage 32, ShuffleMapStage 28)
[2026-04-12T05:47:23.929+0000] {subprocess.py:106} INFO - 26/04/12 05:47:23 INFO DAGScheduler: waiting: Set()
[2026-04-12T05:47:23.930+0000] {subprocess.py:106} INFO - 26/04/12 05:47:23 INFO DAGScheduler: failed: Set()
[2026-04-12T05:47:23.931+0000] {subprocess.py:106} INFO - 26/04/12 05:47:23 INFO BlockManagerInfo: Added broadcast_49_piece0 in memory on 172.30.0.14:41373 (size: 12.3 KiB, free: 434.3 MiB)
[2026-04-12T05:47:23.932+0000] {subprocess.py:106} INFO - 26/04/12 05:47:23 INFO MemoryStore: Block broadcast_56 stored as values in memory (estimated size 32.0 KiB, free 433.4 MiB)
[2026-04-12T05:47:23.932+0000] {subprocess.py:106} INFO - 26/04/12 05:47:23 INFO MemoryStore: Block broadcast_56_piece0 stored as bytes in memory (estimated size 30.3 KiB, free 433.3 MiB)
[2026-04-12T05:47:23.933+0000] {subprocess.py:106} INFO - 26/04/12 05:47:23 INFO BlockManagerInfo: Added broadcast_56_piece0 in memory on c05002f484b8:39235 (size: 30.3 KiB, free: 433.9 MiB)
[2026-04-12T05:47:23.934+0000] {subprocess.py:106} INFO - 26/04/12 05:47:23 INFO SparkContext: Created broadcast 56 from broadcast at SparkBatch.java:79
[2026-04-12T05:47:23.947+0000] {subprocess.py:106} INFO - 26/04/12 05:47:23 INFO ShufflePartitionsUtil: For shuffle(11), advisory target size: 67108864, actual target size 1048576, minimum partition size: 1048576
[2026-04-12T05:47:24.016+0000] {subprocess.py:106} INFO - 26/04/12 05:47:24 INFO CodeGenerator: Code generated in 29.215146 ms
[2026-04-12T05:47:24.017+0000] {subprocess.py:106} INFO - 26/04/12 05:47:24 INFO BlockManagerInfo: Added broadcast_44_piece0 in memory on 172.30.0.14:41373 (size: 30.3 KiB, free: 434.2 MiB)
[2026-04-12T05:47:24.039+0000] {subprocess.py:106} INFO - 26/04/12 05:47:24 INFO SparkContext: Starting job: $anonfun$withThreadLocalCaptured$1 at <unknown>:0
[2026-04-12T05:47:24.043+0000] {subprocess.py:106} INFO - 26/04/12 05:47:24 INFO DAGScheduler: Got job 23 ($anonfun$withThreadLocalCaptured$1 at <unknown>:0) with 1 output partitions
[2026-04-12T05:47:24.044+0000] {subprocess.py:106} INFO - 26/04/12 05:47:24 INFO DAGScheduler: Final stage: ResultStage 36 ($anonfun$withThreadLocalCaptured$1 at <unknown>:0)
[2026-04-12T05:47:24.045+0000] {subprocess.py:106} INFO - 26/04/12 05:47:24 INFO DAGScheduler: Parents of final stage: List(ShuffleMapStage 35)
[2026-04-12T05:47:24.046+0000] {subprocess.py:106} INFO - 26/04/12 05:47:24 INFO DAGScheduler: Missing parents: List()
[2026-04-12T05:47:24.046+0000] {subprocess.py:106} INFO - 26/04/12 05:47:24 INFO DAGScheduler: Submitting ResultStage 36 (MapPartitionsRDD[76] at $anonfun$withThreadLocalCaptured$1 at <unknown>:0), which has no missing parents
[2026-04-12T05:47:24.054+0000] {subprocess.py:106} INFO - 26/04/12 05:47:24 INFO MemoryStore: Block broadcast_57 stored as values in memory (estimated size 42.1 KiB, free 433.3 MiB)
[2026-04-12T05:47:24.058+0000] {subprocess.py:106} INFO - 26/04/12 05:47:24 INFO MemoryStore: Block broadcast_57_piece0 stored as bytes in memory (estimated size 18.7 KiB, free 433.3 MiB)
[2026-04-12T05:47:24.059+0000] {subprocess.py:106} INFO - 26/04/12 05:47:24 INFO BlockManagerInfo: Added broadcast_57_piece0 in memory on c05002f484b8:39235 (size: 18.7 KiB, free: 433.9 MiB)
[2026-04-12T05:47:24.060+0000] {subprocess.py:106} INFO - 26/04/12 05:47:24 INFO SparkContext: Created broadcast 57 from broadcast at DAGScheduler.scala:1585
[2026-04-12T05:47:24.061+0000] {subprocess.py:106} INFO - 26/04/12 05:47:24 INFO DAGScheduler: Submitting 1 missing tasks from ResultStage 36 (MapPartitionsRDD[76] at $anonfun$withThreadLocalCaptured$1 at <unknown>:0) (first 15 tasks are for partitions Vector(0))
[2026-04-12T05:47:24.062+0000] {subprocess.py:106} INFO - 26/04/12 05:47:24 INFO TaskSchedulerImpl: Adding task set 36.0 with 1 tasks resource profile 0
[2026-04-12T05:47:24.250+0000] {subprocess.py:106} INFO - 26/04/12 05:47:24 INFO TaskSetManager: Starting task 1.0 in stage 28.0 (TID 30) (172.30.0.14, executor 0, partition 1, PROCESS_LOCAL, 15616 bytes)
[2026-04-12T05:47:24.251+0000] {subprocess.py:106} INFO - 26/04/12 05:47:24 INFO TaskSetManager: Finished task 0.0 in stage 28.0 (TID 29) in 347 ms on 172.30.0.14 (executor 0) (1/2)
[2026-04-12T05:47:24.534+0000] {subprocess.py:106} INFO - 26/04/12 05:47:24 INFO TaskSetManager: Starting task 0.0 in stage 30.0 (TID 31) (172.30.0.14, executor 0, partition 0, NODE_LOCAL, 9976 bytes)
[2026-04-12T05:47:24.535+0000] {subprocess.py:106} INFO - 26/04/12 05:47:24 INFO TaskSetManager: Finished task 1.0 in stage 28.0 (TID 30) in 288 ms on 172.30.0.14 (executor 0) (2/2)
[2026-04-12T05:47:24.536+0000] {subprocess.py:106} INFO - 26/04/12 05:47:24 INFO TaskSchedulerImpl: Removed TaskSet 28.0, whose tasks have all completed, from pool
[2026-04-12T05:47:24.537+0000] {subprocess.py:106} INFO - 26/04/12 05:47:24 INFO DAGScheduler: ShuffleMapStage 28 (create at <unknown>:0) finished in 3.000 s
[2026-04-12T05:47:24.537+0000] {subprocess.py:106} INFO - 26/04/12 05:47:24 INFO DAGScheduler: looking for newly runnable stages
[2026-04-12T05:47:24.538+0000] {subprocess.py:106} INFO - 26/04/12 05:47:24 INFO DAGScheduler: running: Set(ResultStage 30, ResultStage 34, ResultStage 32, ResultStage 36)
[2026-04-12T05:47:24.538+0000] {subprocess.py:106} INFO - 26/04/12 05:47:24 INFO DAGScheduler: waiting: Set()
[2026-04-12T05:47:24.540+0000] {subprocess.py:106} INFO - 26/04/12 05:47:24 INFO DAGScheduler: failed: Set()
[2026-04-12T05:47:24.551+0000] {subprocess.py:106} INFO - 26/04/12 05:47:24 INFO BlockManagerInfo: Added broadcast_51_piece0 in memory on 172.30.0.14:41373 (size: 18.7 KiB, free: 434.2 MiB)
[2026-04-12T05:47:24.553+0000] {subprocess.py:106} INFO - 26/04/12 05:47:24 INFO MemoryStore: Block broadcast_58 stored as values in memory (estimated size 32.0 KiB, free 433.2 MiB)
[2026-04-12T05:47:24.555+0000] {subprocess.py:106} INFO - 26/04/12 05:47:24 INFO MemoryStore: Block broadcast_58_piece0 stored as bytes in memory (estimated size 30.4 KiB, free 433.2 MiB)
[2026-04-12T05:47:24.556+0000] {subprocess.py:106} INFO - 26/04/12 05:47:24 INFO BlockManagerInfo: Added broadcast_58_piece0 in memory on c05002f484b8:39235 (size: 30.4 KiB, free: 433.9 MiB)
[2026-04-12T05:47:24.559+0000] {subprocess.py:106} INFO - 26/04/12 05:47:24 INFO SparkContext: Created broadcast 58 from broadcast at SparkBatch.java:79
[2026-04-12T05:47:24.578+0000] {subprocess.py:106} INFO - 26/04/12 05:47:24 INFO ShufflePartitionsUtil: For shuffle(12), advisory target size: 67108864, actual target size 1048576, minimum partition size: 1048576
[2026-04-12T05:47:24.586+0000] {subprocess.py:106} INFO - 26/04/12 05:47:24 INFO MapOutputTrackerMasterEndpoint: Asked to send map output locations for shuffle 8 to 172.30.0.14:45744
[2026-04-12T05:47:24.617+0000] {subprocess.py:106} INFO - 26/04/12 05:47:24 INFO BlockManagerInfo: Removed broadcast_49_piece0 on 172.30.0.14:41373 in memory (size: 12.3 KiB, free: 434.2 MiB)
[2026-04-12T05:47:24.618+0000] {subprocess.py:106} INFO - 26/04/12 05:47:24 INFO BlockManagerInfo: Removed broadcast_49_piece0 on c05002f484b8:39235 in memory (size: 12.3 KiB, free: 433.9 MiB)
[2026-04-12T05:47:24.628+0000] {subprocess.py:106} INFO - 26/04/12 05:47:24 INFO BlockManagerInfo: Removed broadcast_48_piece0 on c05002f484b8:39235 in memory (size: 16.3 KiB, free: 433.9 MiB)
[2026-04-12T05:47:24.643+0000] {subprocess.py:106} INFO - 26/04/12 05:47:24 INFO BlockManagerInfo: Removed broadcast_48_piece0 on 172.30.0.14:41373 in memory (size: 16.3 KiB, free: 434.2 MiB)
[2026-04-12T05:47:24.654+0000] {subprocess.py:106} INFO - 26/04/12 05:47:24 INFO BlockManagerInfo: Removed broadcast_56_piece0 on c05002f484b8:39235 in memory (size: 30.3 KiB, free: 433.9 MiB)
[2026-04-12T05:47:24.663+0000] {subprocess.py:106} INFO - 26/04/12 05:47:24 INFO BlockManagerInfo: Removed broadcast_58_piece0 on c05002f484b8:39235 in memory (size: 30.4 KiB, free: 434.0 MiB)
[2026-04-12T05:47:24.703+0000] {subprocess.py:106} INFO - 26/04/12 05:47:24 INFO TaskSetManager: Starting task 0.0 in stage 32.0 (TID 32) (172.30.0.14, executor 0, partition 0, NODE_LOCAL, 9976 bytes)
[2026-04-12T05:47:24.705+0000] {subprocess.py:106} INFO - 26/04/12 05:47:24 INFO TaskSetManager: Finished task 0.0 in stage 30.0 (TID 31) in 173 ms on 172.30.0.14 (executor 0) (1/1)
[2026-04-12T05:47:24.710+0000] {subprocess.py:106} INFO - 26/04/12 05:47:24 INFO DAGScheduler: ResultStage 30 ($anonfun$withThreadLocalCaptured$1 at <unknown>:0) finished in 2.563 s
[2026-04-12T05:47:24.711+0000] {subprocess.py:106} INFO - 26/04/12 05:47:24 INFO DAGScheduler: Job 20 is finished. Cancelling potential speculative or zombie tasks for this job
[2026-04-12T05:47:24.712+0000] {subprocess.py:106} INFO - 26/04/12 05:47:24 INFO TaskSchedulerImpl: Removed TaskSet 30.0, whose tasks have all completed, from pool
[2026-04-12T05:47:24.716+0000] {subprocess.py:106} INFO - 26/04/12 05:47:24 INFO TaskSchedulerImpl: Killing all running tasks in stage 30: Stage finished
[2026-04-12T05:47:24.717+0000] {subprocess.py:106} INFO - 26/04/12 05:47:24 INFO DAGScheduler: Job 20 finished: $anonfun$withThreadLocalCaptured$1 at <unknown>:0, took 2.575744 s
[2026-04-12T05:47:24.726+0000] {subprocess.py:106} INFO - 26/04/12 05:47:24 INFO CodeGenerator: Code generated in 86.716084 ms
[2026-04-12T05:47:24.736+0000] {subprocess.py:106} INFO - 26/04/12 05:47:24 INFO BlockManagerInfo: Added broadcast_53_piece0 in memory on 172.30.0.14:41373 (size: 19.7 KiB, free: 434.2 MiB)
[2026-04-12T05:47:24.741+0000] {subprocess.py:106} INFO - 26/04/12 05:47:24 INFO DAGScheduler: Registering RDD 79 (create at <unknown>:0) as input to shuffle 13
[2026-04-12T05:47:24.742+0000] {subprocess.py:106} INFO - 26/04/12 05:47:24 INFO DAGScheduler: Got map stage job 24 (create at <unknown>:0) with 1 output partitions
[2026-04-12T05:47:24.743+0000] {subprocess.py:106} INFO - 26/04/12 05:47:24 INFO DAGScheduler: Final stage: ShuffleMapStage 38 (create at <unknown>:0)
[2026-04-12T05:47:24.743+0000] {subprocess.py:106} INFO - 26/04/12 05:47:24 INFO DAGScheduler: Parents of final stage: List(ShuffleMapStage 37)
[2026-04-12T05:47:24.743+0000] {subprocess.py:106} INFO - 26/04/12 05:47:24 INFO DAGScheduler: Missing parents: List()
[2026-04-12T05:47:24.744+0000] {subprocess.py:106} INFO - 26/04/12 05:47:24 INFO DAGScheduler: Submitting ShuffleMapStage 38 (MapPartitionsRDD[79] at create at <unknown>:0), which has no missing parents
[2026-04-12T05:47:24.746+0000] {subprocess.py:106} INFO - 26/04/12 05:47:24 INFO MapOutputTrackerMasterEndpoint: Asked to send map output locations for shuffle 9 to 172.30.0.14:45744
[2026-04-12T05:47:24.747+0000] {subprocess.py:106} INFO - 26/04/12 05:47:24 INFO CodeGenerator: Code generated in 12.491096 ms
[2026-04-12T05:47:24.749+0000] {subprocess.py:106} INFO - 26/04/12 05:47:24 INFO MemoryStore: Block broadcast_59 stored as values in memory (estimated size 57.2 KiB, free 433.4 MiB)
[2026-04-12T05:47:24.751+0000] {subprocess.py:106} INFO - 26/04/12 05:47:24 INFO MemoryStore: Block broadcast_59_piece0 stored as bytes in memory (estimated size 21.7 KiB, free 433.3 MiB)
[2026-04-12T05:47:24.753+0000] {subprocess.py:106} INFO - 26/04/12 05:47:24 INFO BlockManagerInfo: Added broadcast_59_piece0 in memory on c05002f484b8:39235 (size: 21.7 KiB, free: 433.9 MiB)
[2026-04-12T05:47:24.754+0000] {subprocess.py:106} INFO - 26/04/12 05:47:24 INFO SparkContext: Created broadcast 59 from broadcast at DAGScheduler.scala:1585
[2026-04-12T05:47:24.755+0000] {subprocess.py:106} INFO - 26/04/12 05:47:24 INFO DAGScheduler: Submitting 1 missing tasks from ShuffleMapStage 38 (MapPartitionsRDD[79] at create at <unknown>:0) (first 15 tasks are for partitions Vector(0))
[2026-04-12T05:47:24.762+0000] {subprocess.py:106} INFO - 26/04/12 05:47:24 INFO TaskSchedulerImpl: Adding task set 38.0 with 1 tasks resource profile 0
[2026-04-12T05:47:24.791+0000] {subprocess.py:106} INFO - 26/04/12 05:47:24 INFO MemoryStore: Block broadcast_60_piece0 stored as bytes in memory (estimated size 52.8 KiB, free 433.3 MiB)
[2026-04-12T05:47:24.792+0000] {subprocess.py:106} INFO - 26/04/12 05:47:24 INFO BlockManagerInfo: Added broadcast_60_piece0 in memory on c05002f484b8:39235 (size: 52.8 KiB, free: 433.9 MiB)
[2026-04-12T05:47:24.793+0000] {subprocess.py:106} INFO - 26/04/12 05:47:24 INFO SparkContext: Created broadcast 60 from $anonfun$withThreadLocalCaptured$1 at <unknown>:0
[2026-04-12T05:47:24.796+0000] {subprocess.py:106} INFO - 26/04/12 05:47:24 INFO TaskSetManager: Starting task 0.0 in stage 34.0 (TID 33) (172.30.0.14, executor 0, partition 0, NODE_LOCAL, 9976 bytes)
[2026-04-12T05:47:24.798+0000] {subprocess.py:106} INFO - 26/04/12 05:47:24 INFO TaskSetManager: Finished task 0.0 in stage 32.0 (TID 32) in 92 ms on 172.30.0.14 (executor 0) (1/1)
[2026-04-12T05:47:24.799+0000] {subprocess.py:106} INFO - 26/04/12 05:47:24 INFO TaskSchedulerImpl: Removed TaskSet 32.0, whose tasks have all completed, from pool
[2026-04-12T05:47:24.800+0000] {subprocess.py:106} INFO - 26/04/12 05:47:24 INFO DAGScheduler: ResultStage 32 ($anonfun$withThreadLocalCaptured$1 at <unknown>:0) finished in 1.989 s
[2026-04-12T05:47:24.801+0000] {subprocess.py:106} INFO - 26/04/12 05:47:24 INFO DAGScheduler: Job 21 is finished. Cancelling potential speculative or zombie tasks for this job
[2026-04-12T05:47:24.801+0000] {subprocess.py:106} INFO - 26/04/12 05:47:24 INFO TaskSchedulerImpl: Killing all running tasks in stage 32: Stage finished
[2026-04-12T05:47:24.802+0000] {subprocess.py:106} INFO - 26/04/12 05:47:24 INFO DAGScheduler: Job 21 finished: $anonfun$withThreadLocalCaptured$1 at <unknown>:0, took 1.996243 s
[2026-04-12T05:47:24.817+0000] {subprocess.py:106} INFO - 26/04/12 05:47:24 INFO MemoryStore: Block broadcast_61_piece0 stored as bytes in memory (estimated size 555.0 B, free 433.3 MiB)
[2026-04-12T05:47:24.818+0000] {subprocess.py:106} INFO - 26/04/12 05:47:24 INFO BlockManagerInfo: Added broadcast_61_piece0 in memory on c05002f484b8:39235 (size: 555.0 B, free: 433.9 MiB)
[2026-04-12T05:47:24.818+0000] {subprocess.py:106} INFO - 26/04/12 05:47:24 INFO BlockManagerInfo: Removed broadcast_53_piece0 on c05002f484b8:39235 in memory (size: 19.7 KiB, free: 433.9 MiB)
[2026-04-12T05:47:24.819+0000] {subprocess.py:106} INFO - 26/04/12 05:47:24 INFO SparkContext: Created broadcast 61 from $anonfun$withThreadLocalCaptured$1 at <unknown>:0
[2026-04-12T05:47:24.823+0000] {subprocess.py:106} INFO - 26/04/12 05:47:24 INFO BlockManagerInfo: Removed broadcast_53_piece0 on 172.30.0.14:41373 in memory (size: 19.7 KiB, free: 434.2 MiB)
[2026-04-12T05:47:24.828+0000] {subprocess.py:106} INFO - 26/04/12 05:47:24 INFO BlockManagerInfo: Added broadcast_55_piece0 in memory on 172.30.0.14:41373 (size: 19.9 KiB, free: 434.2 MiB)
[2026-04-12T05:47:24.832+0000] {subprocess.py:106} INFO - 26/04/12 05:47:24 INFO MemoryStore: Block broadcast_62 stored as values in memory (estimated size 32.0 KiB, free 433.3 MiB)
[2026-04-12T05:47:24.834+0000] {subprocess.py:106} INFO - 26/04/12 05:47:24 INFO MemoryStore: Block broadcast_62_piece0 stored as bytes in memory (estimated size 30.3 KiB, free 433.3 MiB)
[2026-04-12T05:47:24.835+0000] {subprocess.py:106} INFO - 26/04/12 05:47:24 INFO BlockManagerInfo: Added broadcast_62_piece0 in memory on c05002f484b8:39235 (size: 30.3 KiB, free: 433.9 MiB)
[2026-04-12T05:47:24.840+0000] {subprocess.py:106} INFO - 26/04/12 05:47:24 INFO BlockManagerInfo: Removed broadcast_51_piece0 on c05002f484b8:39235 in memory (size: 18.7 KiB, free: 433.9 MiB)
[2026-04-12T05:47:24.844+0000] {subprocess.py:106} INFO - 26/04/12 05:47:24 INFO SparkContext: Created broadcast 62 from broadcast at SparkBatch.java:79
[2026-04-12T05:47:24.851+0000] {subprocess.py:106} INFO - 26/04/12 05:47:24 INFO BlockManagerInfo: Removed broadcast_51_piece0 on 172.30.0.14:41373 in memory (size: 18.7 KiB, free: 434.2 MiB)
[2026-04-12T05:47:24.855+0000] {subprocess.py:106} INFO - 26/04/12 05:47:24 INFO MapOutputTrackerMasterEndpoint: Asked to send map output locations for shuffle 10 to 172.30.0.14:45744
[2026-04-12T05:47:24.867+0000] {subprocess.py:106} INFO - 26/04/12 05:47:24 INFO MemoryStore: Block broadcast_63 stored as values in memory (estimated size 32.0 KiB, free 433.3 MiB)
[2026-04-12T05:47:24.872+0000] {subprocess.py:106} INFO - 26/04/12 05:47:24 INFO MemoryStore: Block broadcast_63_piece0 stored as bytes in memory (estimated size 30.4 KiB, free 433.3 MiB)
[2026-04-12T05:47:24.873+0000] {subprocess.py:106} INFO - 26/04/12 05:47:24 INFO BlockManagerInfo: Added broadcast_63_piece0 in memory on c05002f484b8:39235 (size: 30.4 KiB, free: 433.9 MiB)
[2026-04-12T05:47:24.880+0000] {subprocess.py:106} INFO - 26/04/12 05:47:24 INFO SparkContext: Created broadcast 63 from broadcast at SparkBatch.java:79
[2026-04-12T05:47:24.926+0000] {subprocess.py:106} INFO - 26/04/12 05:47:24 INFO TaskSetManager: Starting task 0.0 in stage 36.0 (TID 34) (172.30.0.14, executor 0, partition 0, NODE_LOCAL, 9976 bytes)
[2026-04-12T05:47:24.928+0000] {subprocess.py:106} INFO - 26/04/12 05:47:24 INFO TaskSetManager: Finished task 0.0 in stage 34.0 (TID 33) in 136 ms on 172.30.0.14 (executor 0) (1/1)
[2026-04-12T05:47:24.929+0000] {subprocess.py:106} INFO - 26/04/12 05:47:24 INFO TaskSchedulerImpl: Removed TaskSet 34.0, whose tasks have all completed, from pool
[2026-04-12T05:47:24.934+0000] {subprocess.py:106} INFO - 26/04/12 05:47:24 INFO DAGScheduler: ResultStage 34 ($anonfun$withThreadLocalCaptured$1 at <unknown>:0) finished in 1.426 s
[2026-04-12T05:47:24.935+0000] {subprocess.py:106} INFO - 26/04/12 05:47:24 INFO DAGScheduler: Job 22 is finished. Cancelling potential speculative or zombie tasks for this job
[2026-04-12T05:47:24.939+0000] {subprocess.py:106} INFO - 26/04/12 05:47:24 INFO TaskSchedulerImpl: Killing all running tasks in stage 34: Stage finished
[2026-04-12T05:47:24.941+0000] {subprocess.py:106} INFO - 26/04/12 05:47:24 INFO DAGScheduler: Job 22 finished: $anonfun$withThreadLocalCaptured$1 at <unknown>:0, took 1.434669 s
[2026-04-12T05:47:24.956+0000] {subprocess.py:106} INFO - 26/04/12 05:47:24 INFO BlockManagerInfo: Removed broadcast_55_piece0 on c05002f484b8:39235 in memory (size: 19.9 KiB, free: 433.9 MiB)
[2026-04-12T05:47:24.960+0000] {subprocess.py:106} INFO - 26/04/12 05:47:24 INFO MemoryStore: Block broadcast_64_piece0 stored as bytes in memory (estimated size 20.6 KiB, free 433.3 MiB)
[2026-04-12T05:47:24.964+0000] {subprocess.py:106} INFO - 26/04/12 05:47:24 INFO BlockManagerInfo: Removed broadcast_55_piece0 on 172.30.0.14:41373 in memory (size: 19.9 KiB, free: 434.3 MiB)
[2026-04-12T05:47:24.965+0000] {subprocess.py:106} INFO - 26/04/12 05:47:24 INFO BlockManagerInfo: Added broadcast_64_piece0 in memory on c05002f484b8:39235 (size: 20.6 KiB, free: 433.9 MiB)
[2026-04-12T05:47:24.967+0000] {subprocess.py:106} INFO - 26/04/12 05:47:24 INFO BlockManagerInfo: Added broadcast_57_piece0 in memory on 172.30.0.14:41373 (size: 18.7 KiB, free: 434.2 MiB)
[2026-04-12T05:47:24.967+0000] {subprocess.py:106} INFO - 26/04/12 05:47:24 INFO SparkContext: Created broadcast 64 from $anonfun$withThreadLocalCaptured$1 at <unknown>:0
[2026-04-12T05:47:24.972+0000] {subprocess.py:106} INFO - 26/04/12 05:47:24 INFO BlockManagerInfo: Removed broadcast_63_piece0 on c05002f484b8:39235 in memory (size: 30.4 KiB, free: 433.9 MiB)
[2026-04-12T05:47:24.981+0000] {subprocess.py:106} INFO - 26/04/12 05:47:24 INFO MapOutputTrackerMasterEndpoint: Asked to send map output locations for shuffle 11 to 172.30.0.14:45744
[2026-04-12T05:47:24.982+0000] {subprocess.py:106} INFO - 26/04/12 05:47:24 INFO BlockManagerInfo: Removed broadcast_62_piece0 on c05002f484b8:39235 in memory (size: 30.3 KiB, free: 433.9 MiB)
[2026-04-12T05:47:24.989+0000] {subprocess.py:106} INFO - 26/04/12 05:47:24 INFO MemoryStore: Block broadcast_65 stored as values in memory (estimated size 32.0 KiB, free 433.4 MiB)
[2026-04-12T05:47:24.993+0000] {subprocess.py:106} INFO - 26/04/12 05:47:24 INFO MemoryStore: Block broadcast_65_piece0 stored as bytes in memory (estimated size 30.3 KiB, free 433.4 MiB)
[2026-04-12T05:47:25.000+0000] {subprocess.py:106} INFO - 26/04/12 05:47:24 INFO BlockManagerInfo: Added broadcast_65_piece0 in memory on c05002f484b8:39235 (size: 30.3 KiB, free: 433.9 MiB)
[2026-04-12T05:47:25.001+0000] {subprocess.py:106} INFO - 26/04/12 05:47:24 INFO SparkContext: Created broadcast 65 from broadcast at SparkBatch.java:79
[2026-04-12T05:47:25.055+0000] {subprocess.py:106} INFO - 26/04/12 05:47:25 INFO TaskSetManager: Starting task 0.0 in stage 38.0 (TID 35) (172.30.0.14, executor 0, partition 0, NODE_LOCAL, 9965 bytes)
[2026-04-12T05:47:25.056+0000] {subprocess.py:106} INFO - 26/04/12 05:47:25 INFO TaskSetManager: Finished task 0.0 in stage 36.0 (TID 34) in 129 ms on 172.30.0.14 (executor 0) (1/1)
[2026-04-12T05:47:25.057+0000] {subprocess.py:106} INFO - 26/04/12 05:47:25 INFO TaskSchedulerImpl: Removed TaskSet 36.0, whose tasks have all completed, from pool
[2026-04-12T05:47:25.058+0000] {subprocess.py:106} INFO - 26/04/12 05:47:25 INFO DAGScheduler: ResultStage 36 ($anonfun$withThreadLocalCaptured$1 at <unknown>:0) finished in 1.006 s
[2026-04-12T05:47:25.059+0000] {subprocess.py:106} INFO - 26/04/12 05:47:25 INFO DAGScheduler: Job 23 is finished. Cancelling potential speculative or zombie tasks for this job
[2026-04-12T05:47:25.061+0000] {subprocess.py:106} INFO - 26/04/12 05:47:25 INFO TaskSchedulerImpl: Killing all running tasks in stage 36: Stage finished
[2026-04-12T05:47:25.061+0000] {subprocess.py:106} INFO - 26/04/12 05:47:25 INFO DAGScheduler: Job 23 finished: $anonfun$withThreadLocalCaptured$1 at <unknown>:0, took 1.018061 s
[2026-04-12T05:47:25.066+0000] {subprocess.py:106} INFO - 26/04/12 05:47:25 INFO MemoryStore: Block broadcast_66_piece0 stored as bytes in memory (estimated size 270.0 B, free 433.4 MiB)
[2026-04-12T05:47:25.067+0000] {subprocess.py:106} INFO - 26/04/12 05:47:25 INFO BlockManagerInfo: Added broadcast_66_piece0 in memory on c05002f484b8:39235 (size: 270.0 B, free: 433.9 MiB)
[2026-04-12T05:47:25.069+0000] {subprocess.py:106} INFO - 26/04/12 05:47:25 INFO SparkContext: Created broadcast 66 from $anonfun$withThreadLocalCaptured$1 at <unknown>:0
[2026-04-12T05:47:25.074+0000] {subprocess.py:106} INFO - 26/04/12 05:47:25 INFO BlockManagerInfo: Added broadcast_59_piece0 in memory on 172.30.0.14:41373 (size: 21.7 KiB, free: 434.2 MiB)
[2026-04-12T05:47:25.081+0000] {subprocess.py:106} INFO - 26/04/12 05:47:25 INFO MapOutputTrackerMasterEndpoint: Asked to send map output locations for shuffle 12 to 172.30.0.14:45744
[2026-04-12T05:47:25.101+0000] {subprocess.py:106} INFO - 26/04/12 05:47:25 INFO BlockManagerInfo: Removed broadcast_65_piece0 on c05002f484b8:39235 in memory (size: 30.3 KiB, free: 433.9 MiB)
[2026-04-12T05:47:25.108+0000] {subprocess.py:106} INFO - 26/04/12 05:47:25 INFO BlockManagerInfo: Removed broadcast_57_piece0 on c05002f484b8:39235 in memory (size: 18.7 KiB, free: 434.0 MiB)
[2026-04-12T05:47:25.109+0000] {subprocess.py:106} INFO - 26/04/12 05:47:25 INFO MemoryStore: Block broadcast_67 stored as values in memory (estimated size 32.0 KiB, free 433.4 MiB)
[2026-04-12T05:47:25.109+0000] {subprocess.py:106} INFO - 26/04/12 05:47:25 INFO MemoryStore: Block broadcast_67_piece0 stored as bytes in memory (estimated size 30.4 KiB, free 433.5 MiB)
[2026-04-12T05:47:25.110+0000] {subprocess.py:106} INFO - 26/04/12 05:47:25 INFO BlockManagerInfo: Removed broadcast_57_piece0 on 172.30.0.14:41373 in memory (size: 18.7 KiB, free: 434.2 MiB)
[2026-04-12T05:47:25.110+0000] {subprocess.py:106} INFO - 26/04/12 05:47:25 INFO BlockManagerInfo: Added broadcast_67_piece0 in memory on c05002f484b8:39235 (size: 30.4 KiB, free: 433.9 MiB)
[2026-04-12T05:47:25.110+0000] {subprocess.py:106} INFO - 26/04/12 05:47:25 INFO SparkContext: Created broadcast 67 from broadcast at SparkBatch.java:79
[2026-04-12T05:47:25.250+0000] {subprocess.py:106} INFO - 26/04/12 05:47:25 INFO TaskSetManager: Finished task 0.0 in stage 38.0 (TID 35) in 197 ms on 172.30.0.14 (executor 0) (1/1)
[2026-04-12T05:47:25.256+0000] {subprocess.py:106} INFO - 26/04/12 05:47:25 INFO TaskSchedulerImpl: Removed TaskSet 38.0, whose tasks have all completed, from pool
[2026-04-12T05:47:25.257+0000] {subprocess.py:106} INFO - 26/04/12 05:47:25 INFO DAGScheduler: ShuffleMapStage 38 (create at <unknown>:0) finished in 0.506 s
[2026-04-12T05:47:25.257+0000] {subprocess.py:106} INFO - 26/04/12 05:47:25 INFO DAGScheduler: looking for newly runnable stages
[2026-04-12T05:47:25.258+0000] {subprocess.py:106} INFO - 26/04/12 05:47:25 INFO DAGScheduler: running: Set()
[2026-04-12T05:47:25.258+0000] {subprocess.py:106} INFO - 26/04/12 05:47:25 INFO DAGScheduler: waiting: Set()
[2026-04-12T05:47:25.259+0000] {subprocess.py:106} INFO - 26/04/12 05:47:25 INFO DAGScheduler: failed: Set()
[2026-04-12T05:47:25.266+0000] {subprocess.py:106} INFO - 26/04/12 05:47:25 INFO MemoryStore: Block broadcast_68 stored as values in memory (estimated size 32.0 KiB, free 433.4 MiB)
[2026-04-12T05:47:25.268+0000] {subprocess.py:106} INFO - 26/04/12 05:47:25 INFO MemoryStore: Block broadcast_68_piece0 stored as bytes in memory (estimated size 30.3 KiB, free 433.4 MiB)
[2026-04-12T05:47:25.269+0000] {subprocess.py:106} INFO - 26/04/12 05:47:25 INFO BlockManagerInfo: Added broadcast_68_piece0 in memory on c05002f484b8:39235 (size: 30.3 KiB, free: 433.9 MiB)
[2026-04-12T05:47:25.270+0000] {subprocess.py:106} INFO - 26/04/12 05:47:25 INFO SparkContext: Created broadcast 68 from broadcast at SparkBatch.java:79
[2026-04-12T05:47:25.277+0000] {subprocess.py:106} INFO - 26/04/12 05:47:25 INFO ShufflePartitionsUtil: For shuffle(13), advisory target size: 67108864, actual target size 1048576, minimum partition size: 1048576
[2026-04-12T05:47:25.320+0000] {subprocess.py:106} INFO - 26/04/12 05:47:25 INFO CodeGenerator: Code generated in 21.496512 ms
[2026-04-12T05:47:25.350+0000] {subprocess.py:106} INFO - 26/04/12 05:47:25 INFO SparkContext: Starting job: $anonfun$withThreadLocalCaptured$1 at <unknown>:0
[2026-04-12T05:47:25.352+0000] {subprocess.py:106} INFO - 26/04/12 05:47:25 INFO DAGScheduler: Got job 25 ($anonfun$withThreadLocalCaptured$1 at <unknown>:0) with 1 output partitions
[2026-04-12T05:47:25.353+0000] {subprocess.py:106} INFO - 26/04/12 05:47:25 INFO DAGScheduler: Final stage: ResultStage 41 ($anonfun$withThreadLocalCaptured$1 at <unknown>:0)
[2026-04-12T05:47:25.353+0000] {subprocess.py:106} INFO - 26/04/12 05:47:25 INFO DAGScheduler: Parents of final stage: List(ShuffleMapStage 40)
[2026-04-12T05:47:25.354+0000] {subprocess.py:106} INFO - 26/04/12 05:47:25 INFO DAGScheduler: Missing parents: List()
[2026-04-12T05:47:25.354+0000] {subprocess.py:106} INFO - 26/04/12 05:47:25 INFO DAGScheduler: Submitting ResultStage 41 (MapPartitionsRDD[82] at $anonfun$withThreadLocalCaptured$1 at <unknown>:0), which has no missing parents
[2026-04-12T05:47:25.356+0000] {subprocess.py:106} INFO - 26/04/12 05:47:25 INFO MemoryStore: Block broadcast_69 stored as values in memory (estimated size 49.4 KiB, free 433.3 MiB)
[2026-04-12T05:47:25.358+0000] {subprocess.py:106} INFO - 26/04/12 05:47:25 INFO MemoryStore: Block broadcast_69_piece0 stored as bytes in memory (estimated size 20.9 KiB, free 433.3 MiB)
[2026-04-12T05:47:25.359+0000] {subprocess.py:106} INFO - 26/04/12 05:47:25 INFO BlockManagerInfo: Added broadcast_69_piece0 in memory on c05002f484b8:39235 (size: 20.9 KiB, free: 433.9 MiB)
[2026-04-12T05:47:25.359+0000] {subprocess.py:106} INFO - 26/04/12 05:47:25 INFO SparkContext: Created broadcast 69 from broadcast at DAGScheduler.scala:1585
[2026-04-12T05:47:25.360+0000] {subprocess.py:106} INFO - 26/04/12 05:47:25 INFO DAGScheduler: Submitting 1 missing tasks from ResultStage 41 (MapPartitionsRDD[82] at $anonfun$withThreadLocalCaptured$1 at <unknown>:0) (first 15 tasks are for partitions Vector(0))
[2026-04-12T05:47:25.360+0000] {subprocess.py:106} INFO - 26/04/12 05:47:25 INFO TaskSchedulerImpl: Adding task set 41.0 with 1 tasks resource profile 0
[2026-04-12T05:47:25.361+0000] {subprocess.py:106} INFO - 26/04/12 05:47:25 INFO TaskSetManager: Starting task 0.0 in stage 41.0 (TID 36) (172.30.0.14, executor 0, partition 0, NODE_LOCAL, 9976 bytes)
[2026-04-12T05:47:25.372+0000] {subprocess.py:106} INFO - 26/04/12 05:47:25 INFO BlockManagerInfo: Added broadcast_69_piece0 in memory on 172.30.0.14:41373 (size: 20.9 KiB, free: 434.2 MiB)
[2026-04-12T05:47:25.380+0000] {subprocess.py:106} INFO - 26/04/12 05:47:25 INFO MapOutputTrackerMasterEndpoint: Asked to send map output locations for shuffle 13 to 172.30.0.14:45744
[2026-04-12T05:47:25.422+0000] {subprocess.py:106} INFO - 26/04/12 05:47:25 INFO TaskSetManager: Finished task 0.0 in stage 41.0 (TID 36) in 61 ms on 172.30.0.14 (executor 0) (1/1)
[2026-04-12T05:47:25.423+0000] {subprocess.py:106} INFO - 26/04/12 05:47:25 INFO TaskSchedulerImpl: Removed TaskSet 41.0, whose tasks have all completed, from pool
[2026-04-12T05:47:25.424+0000] {subprocess.py:106} INFO - 26/04/12 05:47:25 INFO DAGScheduler: ResultStage 41 ($anonfun$withThreadLocalCaptured$1 at <unknown>:0) finished in 0.070 s
[2026-04-12T05:47:25.425+0000] {subprocess.py:106} INFO - 26/04/12 05:47:25 INFO DAGScheduler: Job 25 is finished. Cancelling potential speculative or zombie tasks for this job
[2026-04-12T05:47:25.426+0000] {subprocess.py:106} INFO - 26/04/12 05:47:25 INFO TaskSchedulerImpl: Killing all running tasks in stage 41: Stage finished
[2026-04-12T05:47:25.426+0000] {subprocess.py:106} INFO - 26/04/12 05:47:25 INFO DAGScheduler: Job 25 finished: $anonfun$withThreadLocalCaptured$1 at <unknown>:0, took 0.074247 s
[2026-04-12T05:47:25.435+0000] {subprocess.py:106} INFO - 26/04/12 05:47:25 INFO CodeGenerator: Code generated in 6.455863 ms
[2026-04-12T05:47:25.457+0000] {subprocess.py:106} INFO - 26/04/12 05:47:25 INFO BlockManagerInfo: Removed broadcast_69_piece0 on c05002f484b8:39235 in memory (size: 20.9 KiB, free: 433.9 MiB)
[2026-04-12T05:47:25.468+0000] {subprocess.py:106} INFO - 26/04/12 05:47:25 INFO MemoryStore: Block broadcast_70_piece0 stored as bytes in memory (estimated size 560.0 B, free 433.3 MiB)
[2026-04-12T05:47:25.469+0000] {subprocess.py:106} INFO - 26/04/12 05:47:25 INFO BlockManagerInfo: Added broadcast_70_piece0 in memory on c05002f484b8:39235 (size: 560.0 B, free: 433.9 MiB)
[2026-04-12T05:47:25.469+0000] {subprocess.py:106} INFO - 26/04/12 05:47:25 INFO SparkContext: Created broadcast 70 from $anonfun$withThreadLocalCaptured$1 at <unknown>:0
[2026-04-12T05:47:25.478+0000] {subprocess.py:106} INFO - 26/04/12 05:47:25 INFO MemoryStore: Block broadcast_71 stored as values in memory (estimated size 32.0 KiB, free 433.4 MiB)
[2026-04-12T05:47:25.479+0000] {subprocess.py:106} INFO - 26/04/12 05:47:25 INFO MemoryStore: Block broadcast_71_piece0 stored as bytes in memory (estimated size 30.4 KiB, free 433.3 MiB)
[2026-04-12T05:47:25.480+0000] {subprocess.py:106} INFO - 26/04/12 05:47:25 INFO BlockManagerInfo: Added broadcast_71_piece0 in memory on c05002f484b8:39235 (size: 30.4 KiB, free: 433.9 MiB)
[2026-04-12T05:47:25.480+0000] {subprocess.py:106} INFO - 26/04/12 05:47:25 INFO SparkContext: Created broadcast 71 from broadcast at SparkBatch.java:79
[2026-04-12T05:47:25.481+0000] {subprocess.py:106} INFO - 26/04/12 05:47:25 INFO BlockManagerInfo: Removed broadcast_69_piece0 on 172.30.0.14:41373 in memory (size: 20.9 KiB, free: 434.2 MiB)
[2026-04-12T05:47:25.485+0000] {subprocess.py:106} INFO - 26/04/12 05:47:25 INFO BlockManagerInfo: Removed broadcast_59_piece0 on c05002f484b8:39235 in memory (size: 21.7 KiB, free: 433.9 MiB)
[2026-04-12T05:47:25.492+0000] {subprocess.py:106} INFO - 26/04/12 05:47:25 INFO BlockManagerInfo: Removed broadcast_59_piece0 on 172.30.0.14:41373 in memory (size: 21.7 KiB, free: 434.3 MiB)
[2026-04-12T05:47:25.497+0000] {subprocess.py:106} INFO - 26/04/12 05:47:25 INFO BlockManagerInfo: Removed broadcast_68_piece0 on c05002f484b8:39235 in memory (size: 30.3 KiB, free: 433.9 MiB)
[2026-04-12T05:47:25.502+0000] {subprocess.py:106} INFO - 26/04/12 05:47:25 INFO BlockManagerInfo: Removed broadcast_67_piece0 on c05002f484b8:39235 in memory (size: 30.4 KiB, free: 433.9 MiB)
[2026-04-12T05:47:25.552+0000] {subprocess.py:106} INFO - 26/04/12 05:47:25 INFO TorrentBroadcast: Started reading broadcast variable 60 with 1 pieces (estimated total size 4.0 MiB)
[2026-04-12T05:47:25.563+0000] {subprocess.py:106} INFO - 26/04/12 05:47:25 INFO TorrentBroadcast: Reading broadcast variable 60 took 13 ms
[2026-04-12T05:47:25.578+0000] {subprocess.py:106} INFO - 26/04/12 05:47:25 INFO TorrentBroadcast: Started reading broadcast variable 61 with 1 pieces (estimated total size 4.0 MiB)
[2026-04-12T05:47:25.579+0000] {subprocess.py:106} INFO - 26/04/12 05:47:25 INFO TorrentBroadcast: Reading broadcast variable 61 took 0 ms
[2026-04-12T05:47:25.584+0000] {subprocess.py:106} INFO - 26/04/12 05:47:25 INFO TorrentBroadcast: Started reading broadcast variable 64 with 1 pieces (estimated total size 4.0 MiB)
[2026-04-12T05:47:25.585+0000] {subprocess.py:106} INFO - 26/04/12 05:47:25 INFO TorrentBroadcast: Reading broadcast variable 64 took 0 ms
[2026-04-12T05:47:25.591+0000] {subprocess.py:106} INFO - 26/04/12 05:47:25 INFO TorrentBroadcast: Started reading broadcast variable 66 with 1 pieces (estimated total size 4.0 MiB)
[2026-04-12T05:47:25.592+0000] {subprocess.py:106} INFO - 26/04/12 05:47:25 INFO TorrentBroadcast: Reading broadcast variable 66 took 0 ms
[2026-04-12T05:47:25.627+0000] {subprocess.py:106} INFO - 26/04/12 05:47:25 INFO CodeGenerator: Code generated in 24.534923 ms
[2026-04-12T05:47:25.634+0000] {subprocess.py:106} INFO - 26/04/12 05:47:25 INFO DAGScheduler: Registering RDD 86 (create at <unknown>:0) as input to shuffle 14
[2026-04-12T05:47:25.636+0000] {subprocess.py:106} INFO - 26/04/12 05:47:25 INFO DAGScheduler: Got map stage job 26 (create at <unknown>:0) with 2 output partitions
[2026-04-12T05:47:25.637+0000] {subprocess.py:106} INFO - 26/04/12 05:47:25 INFO DAGScheduler: Final stage: ShuffleMapStage 42 (create at <unknown>:0)
[2026-04-12T05:47:25.638+0000] {subprocess.py:106} INFO - 26/04/12 05:47:25 INFO DAGScheduler: Parents of final stage: List()
[2026-04-12T05:47:25.638+0000] {subprocess.py:106} INFO - 26/04/12 05:47:25 INFO DAGScheduler: Missing parents: List()
[2026-04-12T05:47:25.641+0000] {subprocess.py:106} INFO - 26/04/12 05:47:25 INFO DAGScheduler: Submitting ShuffleMapStage 42 (MapPartitionsRDD[86] at create at <unknown>:0), which has no missing parents
[2026-04-12T05:47:25.642+0000] {subprocess.py:106} INFO - 26/04/12 05:47:25 INFO MemoryStore: Block broadcast_72 stored as values in memory (estimated size 39.3 KiB, free 433.5 MiB)
[2026-04-12T05:47:25.645+0000] {subprocess.py:106} INFO - 26/04/12 05:47:25 INFO MemoryStore: Block broadcast_72_piece0 stored as bytes in memory (estimated size 13.6 KiB, free 433.5 MiB)
[2026-04-12T05:47:25.647+0000] {subprocess.py:106} INFO - 26/04/12 05:47:25 INFO BlockManagerInfo: Added broadcast_72_piece0 in memory on c05002f484b8:39235 (size: 13.6 KiB, free: 433.9 MiB)
[2026-04-12T05:47:25.648+0000] {subprocess.py:106} INFO - 26/04/12 05:47:25 INFO SparkContext: Created broadcast 72 from broadcast at DAGScheduler.scala:1585
[2026-04-12T05:47:25.649+0000] {subprocess.py:106} INFO - 26/04/12 05:47:25 INFO DAGScheduler: Submitting 2 missing tasks from ShuffleMapStage 42 (MapPartitionsRDD[86] at create at <unknown>:0) (first 15 tasks are for partitions Vector(0, 1))
[2026-04-12T05:47:25.650+0000] {subprocess.py:106} INFO - 26/04/12 05:47:25 INFO TaskSchedulerImpl: Adding task set 42.0 with 2 tasks resource profile 0
[2026-04-12T05:47:25.654+0000] {subprocess.py:106} INFO - 26/04/12 05:47:25 INFO BlockManagerInfo: Removed broadcast_71_piece0 on c05002f484b8:39235 in memory (size: 30.4 KiB, free: 434.0 MiB)
[2026-04-12T05:47:25.655+0000] {subprocess.py:106} INFO - 26/04/12 05:47:25 INFO TaskSetManager: Starting task 0.0 in stage 42.0 (TID 37) (172.30.0.14, executor 0, partition 0, PROCESS_LOCAL, 17146 bytes)
[2026-04-12T05:47:25.666+0000] {subprocess.py:106} INFO - 26/04/12 05:47:25 INFO BlockManagerInfo: Added broadcast_72_piece0 in memory on 172.30.0.14:41373 (size: 13.6 KiB, free: 434.2 MiB)
[2026-04-12T05:47:25.726+0000] {subprocess.py:106} INFO - 26/04/12 05:47:25 INFO BlockManagerInfo: Added broadcast_60_piece0 in memory on 172.30.0.14:41373 (size: 52.8 KiB, free: 434.2 MiB)
[2026-04-12T05:47:25.754+0000] {subprocess.py:106} INFO - 26/04/12 05:47:25 INFO BlockManagerInfo: Added broadcast_61_piece0 in memory on 172.30.0.14:41373 (size: 555.0 B, free: 434.2 MiB)
[2026-04-12T05:47:25.768+0000] {subprocess.py:106} INFO - 26/04/12 05:47:25 INFO BlockManagerInfo: Added broadcast_64_piece0 in memory on 172.30.0.14:41373 (size: 20.6 KiB, free: 434.2 MiB)
[2026-04-12T05:47:25.783+0000] {subprocess.py:106} INFO - 26/04/12 05:47:25 INFO BlockManagerInfo: Added broadcast_66_piece0 in memory on 172.30.0.14:41373 (size: 270.0 B, free: 434.2 MiB)
[2026-04-12T05:47:25.862+0000] {subprocess.py:106} INFO - 26/04/12 05:47:25 INFO BlockManagerInfo: Added broadcast_70_piece0 in memory on 172.30.0.14:41373 (size: 560.0 B, free: 434.2 MiB)
[2026-04-12T05:47:25.916+0000] {subprocess.py:106} INFO - 26/04/12 05:47:25 INFO BlockManagerInfo: Added broadcast_39_piece0 in memory on 172.30.0.14:41373 (size: 30.4 KiB, free: 434.1 MiB)
[2026-04-12T05:47:26.201+0000] {subprocess.py:106} INFO - 26/04/12 05:47:26 INFO TaskSetManager: Starting task 1.0 in stage 42.0 (TID 38) (172.30.0.14, executor 0, partition 1, PROCESS_LOCAL, 16530 bytes)
[2026-04-12T05:47:26.202+0000] {subprocess.py:106} INFO - 26/04/12 05:47:26 INFO TaskSetManager: Finished task 0.0 in stage 42.0 (TID 37) in 553 ms on 172.30.0.14 (executor 0) (1/2)
[2026-04-12T05:47:27.153+0000] {subprocess.py:106} INFO - 26/04/12 05:47:27 INFO TaskSetManager: Finished task 1.0 in stage 42.0 (TID 38) in 951 ms on 172.30.0.14 (executor 0) (2/2)
[2026-04-12T05:47:27.154+0000] {subprocess.py:106} INFO - 26/04/12 05:47:27 INFO TaskSchedulerImpl: Removed TaskSet 42.0, whose tasks have all completed, from pool
[2026-04-12T05:47:27.157+0000] {subprocess.py:106} INFO - 26/04/12 05:47:27 INFO DAGScheduler: ShuffleMapStage 42 (create at <unknown>:0) finished in 1.516 s
[2026-04-12T05:47:27.158+0000] {subprocess.py:106} INFO - 26/04/12 05:47:27 INFO DAGScheduler: looking for newly runnable stages
[2026-04-12T05:47:27.159+0000] {subprocess.py:106} INFO - 26/04/12 05:47:27 INFO DAGScheduler: running: Set()
[2026-04-12T05:47:27.159+0000] {subprocess.py:106} INFO - 26/04/12 05:47:27 INFO DAGScheduler: waiting: Set()
[2026-04-12T05:47:27.160+0000] {subprocess.py:106} INFO - 26/04/12 05:47:27 INFO DAGScheduler: failed: Set()
[2026-04-12T05:47:27.161+0000] {subprocess.py:106} INFO - 26/04/12 05:47:27 INFO ShufflePartitionsUtil: For shuffle(14), advisory target size: 402653184, actual target size 1048576, minimum partition size: 1048576
[2026-04-12T05:47:27.183+0000] {subprocess.py:106} INFO - 26/04/12 05:47:27 INFO MemoryStore: Block broadcast_73 stored as values in memory (estimated size 32.0 KiB, free 433.5 MiB)
[2026-04-12T05:47:27.186+0000] {subprocess.py:106} INFO - 26/04/12 05:47:27 INFO MemoryStore: Block broadcast_73_piece0 stored as bytes in memory (estimated size 29.9 KiB, free 433.5 MiB)
[2026-04-12T05:47:27.187+0000] {subprocess.py:106} INFO - 26/04/12 05:47:27 INFO BlockManagerInfo: Added broadcast_73_piece0 in memory on c05002f484b8:39235 (size: 29.9 KiB, free: 433.9 MiB)
[2026-04-12T05:47:27.189+0000] {subprocess.py:106} INFO - 26/04/12 05:47:27 INFO SparkContext: Created broadcast 73 from broadcast at SparkWrite.java:193
[2026-04-12T05:47:27.196+0000] {subprocess.py:106} INFO - 26/04/12 05:47:27 INFO AppendDataExec: Start processing data source write support: IcebergBatchWrite(table=gold.fact_job_posting, format=PARQUET). The input RDD has 1 partitions.
[2026-04-12T05:47:27.198+0000] {subprocess.py:106} INFO - 26/04/12 05:47:27 INFO SparkContext: Starting job: create at <unknown>:0
[2026-04-12T05:47:27.199+0000] {subprocess.py:106} INFO - 26/04/12 05:47:27 INFO DAGScheduler: Got job 27 (create at <unknown>:0) with 1 output partitions
[2026-04-12T05:47:27.200+0000] {subprocess.py:106} INFO - 26/04/12 05:47:27 INFO DAGScheduler: Final stage: ResultStage 44 (create at <unknown>:0)
[2026-04-12T05:47:27.201+0000] {subprocess.py:106} INFO - 26/04/12 05:47:27 INFO DAGScheduler: Parents of final stage: List(ShuffleMapStage 43)
[2026-04-12T05:47:27.202+0000] {subprocess.py:106} INFO - 26/04/12 05:47:27 INFO DAGScheduler: Missing parents: List()
[2026-04-12T05:47:27.203+0000] {subprocess.py:106} INFO - 26/04/12 05:47:27 INFO DAGScheduler: Submitting ResultStage 44 (ShuffledRowRDD[87] at create at <unknown>:0), which has no missing parents
[2026-04-12T05:47:27.204+0000] {subprocess.py:106} INFO - 26/04/12 05:47:27 INFO MemoryStore: Block broadcast_74 stored as values in memory (estimated size 10.7 KiB, free 433.5 MiB)
[2026-04-12T05:47:27.207+0000] {subprocess.py:106} INFO - 26/04/12 05:47:27 INFO MemoryStore: Block broadcast_74_piece0 stored as bytes in memory (estimated size 5.7 KiB, free 433.5 MiB)
[2026-04-12T05:47:27.212+0000] {subprocess.py:106} INFO - 26/04/12 05:47:27 INFO BlockManagerInfo: Added broadcast_74_piece0 in memory on c05002f484b8:39235 (size: 5.7 KiB, free: 433.9 MiB)
[2026-04-12T05:47:27.213+0000] {subprocess.py:106} INFO - 26/04/12 05:47:27 INFO SparkContext: Created broadcast 74 from broadcast at DAGScheduler.scala:1585
[2026-04-12T05:47:27.218+0000] {subprocess.py:106} INFO - 26/04/12 05:47:27 INFO DAGScheduler: Submitting 1 missing tasks from ResultStage 44 (ShuffledRowRDD[87] at create at <unknown>:0) (first 15 tasks are for partitions Vector(0))
[2026-04-12T05:47:27.219+0000] {subprocess.py:106} INFO - 26/04/12 05:47:27 INFO TaskSchedulerImpl: Adding task set 44.0 with 1 tasks resource profile 0
[2026-04-12T05:47:27.219+0000] {subprocess.py:106} INFO - 26/04/12 05:47:27 INFO TaskSetManager: Starting task 0.0 in stage 44.0 (TID 39) (172.30.0.14, executor 0, partition 0, NODE_LOCAL, 9976 bytes)
[2026-04-12T05:47:27.232+0000] {subprocess.py:106} INFO - 26/04/12 05:47:27 INFO BlockManagerInfo: Added broadcast_74_piece0 in memory on 172.30.0.14:41373 (size: 5.7 KiB, free: 434.1 MiB)
[2026-04-12T05:47:27.237+0000] {subprocess.py:106} INFO - 26/04/12 05:47:27 INFO MapOutputTrackerMasterEndpoint: Asked to send map output locations for shuffle 14 to 172.30.0.14:45744
[2026-04-12T05:47:27.252+0000] {subprocess.py:106} INFO - 26/04/12 05:47:27 INFO BlockManagerInfo: Added broadcast_73_piece0 in memory on 172.30.0.14:41373 (size: 29.9 KiB, free: 434.1 MiB)
[2026-04-12T05:47:42.795+0000] {subprocess.py:106} INFO - 26/04/12 05:47:42 INFO TaskSetManager: Finished task 0.0 in stage 44.0 (TID 39) in 15588 ms on 172.30.0.14 (executor 0) (1/1)
[2026-04-12T05:47:42.798+0000] {subprocess.py:106} INFO - 26/04/12 05:47:42 INFO TaskSchedulerImpl: Removed TaskSet 44.0, whose tasks have all completed, from pool
[2026-04-12T05:47:42.800+0000] {subprocess.py:106} INFO - 26/04/12 05:47:42 INFO DAGScheduler: ResultStage 44 (create at <unknown>:0) finished in 15.601 s
[2026-04-12T05:47:42.809+0000] {subprocess.py:106} INFO - 26/04/12 05:47:42 INFO DAGScheduler: Job 27 is finished. Cancelling potential speculative or zombie tasks for this job
[2026-04-12T05:47:42.810+0000] {subprocess.py:106} INFO - 26/04/12 05:47:42 INFO TaskSchedulerImpl: Killing all running tasks in stage 44: Stage finished
[2026-04-12T05:47:42.811+0000] {subprocess.py:106} INFO - 26/04/12 05:47:42 INFO DAGScheduler: Job 27 finished: create at <unknown>:0, took 15.608371 s
[2026-04-12T05:47:42.813+0000] {subprocess.py:106} INFO - 26/04/12 05:47:42 INFO AppendDataExec: Data source write support IcebergBatchWrite(table=gold.fact_job_posting, format=PARQUET) is committing.
[2026-04-12T05:47:42.814+0000] {subprocess.py:106} INFO - 26/04/12 05:47:42 INFO SparkWrite: Committing append with 198 new data files to table gold.fact_job_posting
[2026-04-12T05:47:43.018+0000] {subprocess.py:106} INFO - 26/04/12 05:47:43 INFO SnapshotProducer: Committed snapshot 6796158814041079686 (MergeAppend)
[2026-04-12T05:47:43.047+0000] {subprocess.py:106} INFO - 26/04/12 05:47:43 INFO LoggingMetricsReporter: Received metrics report: CommitReport{tableName=gold.fact_job_posting, snapshotId=6796158814041079686, sequenceNumber=1, operation=append, commitMetrics=CommitMetricsResult{totalDuration=TimerResult{timeUnit=NANOSECONDS, totalDuration=PT0.240417738S, count=1}, attempts=CounterResult{unit=COUNT, value=1}, addedDataFiles=CounterResult{unit=COUNT, value=198}, removedDataFiles=null, totalDataFiles=CounterResult{unit=COUNT, value=198}, addedDeleteFiles=null, addedEqualityDeleteFiles=null, addedPositionalDeleteFiles=null, removedDeleteFiles=null, removedEqualityDeleteFiles=null, removedPositionalDeleteFiles=null, totalDeleteFiles=CounterResult{unit=COUNT, value=0}, addedRecords=CounterResult{unit=COUNT, value=45697}, removedRecords=null, totalRecords=CounterResult{unit=COUNT, value=45697}, addedFilesSizeInBytes=CounterResult{unit=BYTES, value=1784341}, removedFilesSizeInBytes=null, totalFilesSizeInBytes=CounterResult{unit=BYTES, value=1784341}, addedPositionalDeletes=null, removedPositionalDeletes=null, totalPositionalDeletes=CounterResult{unit=COUNT, value=0}, addedEqualityDeletes=null, removedEqualityDeletes=null, totalEqualityDeletes=CounterResult{unit=COUNT, value=0}}, metadata={engine-version=3.5.3, app-id=app-20260412054652-0002, engine-name=spark, iceberg-version=Apache Iceberg 1.6.1 (commit 8e9d59d299be42b0bca9461457cd1e95dbaad086)}}
[2026-04-12T05:47:43.049+0000] {subprocess.py:106} INFO - 26/04/12 05:47:43 INFO SparkWrite: Committed in 241 ms
[2026-04-12T05:47:43.050+0000] {subprocess.py:106} INFO - 26/04/12 05:47:43 INFO AppendDataExec: Data source write support IcebergBatchWrite(table=gold.fact_job_posting, format=PARQUET) committed.
[2026-04-12T05:47:43.207+0000] {subprocess.py:106} INFO - 26/04/12 05:47:43 INFO HiveTableOperations: Committed to table iceberg.gold.fact_job_posting with the new metadata location s3a://warehouse/iceberg_data/gold.db/fact_job_posting/metadata/00000-b299d257-0107-402b-af1d-611d0cdfe6db.metadata.json
[2026-04-12T05:47:43.208+0000] {subprocess.py:106} INFO - 26/04/12 05:47:43 INFO BaseMetastoreTableOperations: Successfully committed to table iceberg.gold.fact_job_posting in 160 ms
[2026-04-12T05:47:43.246+0000] {subprocess.py:106} INFO - 26/04/12 05:47:43 INFO V2ScanRelationPushDown:
[2026-04-12T05:47:43.246+0000] {subprocess.py:106} INFO - Pushing operators to iceberg.silver.it_jobs_clean
[2026-04-12T05:47:43.247+0000] {subprocess.py:106} INFO - Pushed Filters: location IS NOT NULL, skills_required IS NOT NULL
[2026-04-12T05:47:43.248+0000] {subprocess.py:106} INFO - Post-Scan Filters: isnotnull(location#2),isnotnull(skills_required#3),(size(location#2, true) > 0),(size(skills_required#3, true) > 0)
[2026-04-12T05:47:43.248+0000] {subprocess.py:106} INFO - 
[2026-04-12T05:47:43.249+0000] {subprocess.py:106} INFO - 26/04/12 05:47:43 INFO V2ScanRelationPushDown:
[2026-04-12T05:47:43.250+0000] {subprocess.py:106} INFO - Output: location#2, skills_required#3
[2026-04-12T05:47:43.251+0000] {subprocess.py:106} INFO - 
[2026-04-12T05:47:43.252+0000] {subprocess.py:106} INFO - 26/04/12 05:47:43 INFO SnapshotScan: Scanning table iceberg.silver.it_jobs_clean snapshot 5178710788262370016 created at 2026-04-12T05:46:44.358+00:00 with filter (location IS NOT NULL AND skills_required IS NOT NULL)
[2026-04-12T05:47:43.253+0000] {subprocess.py:106} INFO - 26/04/12 05:47:43 INFO BaseDistributedDataScan: Planning file tasks locally for table iceberg.silver.it_jobs_clean
[2026-04-12T05:47:43.291+0000] {subprocess.py:106} INFO - 26/04/12 05:47:43 INFO SparkPartitioningAwareScan: Reporting UnknownPartitioning with 2 partition(s) for table iceberg.silver.it_jobs_clean
[2026-04-12T05:47:43.298+0000] {subprocess.py:106} INFO - 26/04/12 05:47:43 INFO MemoryStore: Block broadcast_75 stored as values in memory (estimated size 32.0 KiB, free 433.4 MiB)
[2026-04-12T05:47:43.314+0000] {subprocess.py:106} INFO - 26/04/12 05:47:43 INFO BlockManagerInfo: Removed broadcast_73_piece0 on c05002f484b8:39235 in memory (size: 29.9 KiB, free: 434.0 MiB)
[2026-04-12T05:47:43.315+0000] {subprocess.py:106} INFO - 26/04/12 05:47:43 INFO MemoryStore: Block broadcast_75_piece0 stored as bytes in memory (estimated size 30.4 KiB, free 433.5 MiB)
[2026-04-12T05:47:43.317+0000] {subprocess.py:106} INFO - 26/04/12 05:47:43 INFO BlockManagerInfo: Added broadcast_75_piece0 in memory on c05002f484b8:39235 (size: 30.4 KiB, free: 433.9 MiB)
[2026-04-12T05:47:43.318+0000] {subprocess.py:106} INFO - 26/04/12 05:47:43 INFO SparkContext: Created broadcast 75 from broadcast at SparkBatch.java:79
[2026-04-12T05:47:43.319+0000] {subprocess.py:106} INFO - 26/04/12 05:47:43 INFO BlockManagerInfo: Removed broadcast_73_piece0 on 172.30.0.14:41373 in memory (size: 29.9 KiB, free: 434.1 MiB)
[2026-04-12T05:47:43.323+0000] {subprocess.py:106} INFO - 26/04/12 05:47:43 INFO MemoryStore: Block broadcast_76 stored as values in memory (estimated size 32.0 KiB, free 433.4 MiB)
[2026-04-12T05:47:43.328+0000] {subprocess.py:106} INFO - 26/04/12 05:47:43 INFO MemoryStore: Block broadcast_76_piece0 stored as bytes in memory (estimated size 30.3 KiB, free 433.4 MiB)
[2026-04-12T05:47:43.329+0000] {subprocess.py:106} INFO - 26/04/12 05:47:43 INFO BlockManagerInfo: Added broadcast_76_piece0 in memory on c05002f484b8:39235 (size: 30.3 KiB, free: 433.9 MiB)
[2026-04-12T05:47:43.330+0000] {subprocess.py:106} INFO - 26/04/12 05:47:43 INFO SparkContext: Created broadcast 76 from broadcast at SparkBatch.java:79
[2026-04-12T05:47:43.334+0000] {subprocess.py:106} INFO - 26/04/12 05:47:43 INFO BlockManagerInfo: Removed broadcast_72_piece0 on c05002f484b8:39235 in memory (size: 13.6 KiB, free: 433.9 MiB)
[2026-04-12T05:47:43.335+0000] {subprocess.py:106} INFO - 26/04/12 05:47:43 INFO BlockManagerInfo: Removed broadcast_72_piece0 on 172.30.0.14:41373 in memory (size: 13.6 KiB, free: 434.1 MiB)
[2026-04-12T05:47:43.341+0000] {subprocess.py:106} INFO - 26/04/12 05:47:43 INFO BlockManagerInfo: Removed broadcast_74_piece0 on c05002f484b8:39235 in memory (size: 5.7 KiB, free: 433.9 MiB)
[2026-04-12T05:47:43.348+0000] {subprocess.py:106} INFO - 26/04/12 05:47:43 INFO BlockManagerInfo: Removed broadcast_74_piece0 on 172.30.0.14:41373 in memory (size: 5.7 KiB, free: 434.1 MiB)
[2026-04-12T05:47:43.398+0000] {subprocess.py:106} INFO - 26/04/12 05:47:43 INFO CodeGenerator: Code generated in 30.322281 ms
[2026-04-12T05:47:43.408+0000] {subprocess.py:106} INFO - 26/04/12 05:47:43 INFO DAGScheduler: Registering RDD 91 (count at <unknown>:0) as input to shuffle 15
[2026-04-12T05:47:43.409+0000] {subprocess.py:106} INFO - 26/04/12 05:47:43 INFO DAGScheduler: Got map stage job 28 (count at <unknown>:0) with 2 output partitions
[2026-04-12T05:47:43.410+0000] {subprocess.py:106} INFO - 26/04/12 05:47:43 INFO DAGScheduler: Final stage: ShuffleMapStage 45 (count at <unknown>:0)
[2026-04-12T05:47:43.411+0000] {subprocess.py:106} INFO - 26/04/12 05:47:43 INFO DAGScheduler: Parents of final stage: List()
[2026-04-12T05:47:43.412+0000] {subprocess.py:106} INFO - 26/04/12 05:47:43 INFO DAGScheduler: Missing parents: List()
[2026-04-12T05:47:43.413+0000] {subprocess.py:106} INFO - 26/04/12 05:47:43 INFO DAGScheduler: Submitting ShuffleMapStage 45 (MapPartitionsRDD[91] at count at <unknown>:0), which has no missing parents
[2026-04-12T05:47:43.414+0000] {subprocess.py:106} INFO - 26/04/12 05:47:43 INFO MemoryStore: Block broadcast_77 stored as values in memory (estimated size 19.7 KiB, free 433.5 MiB)
[2026-04-12T05:47:43.415+0000] {subprocess.py:106} INFO - 26/04/12 05:47:43 INFO MemoryStore: Block broadcast_77_piece0 stored as bytes in memory (estimated size 7.8 KiB, free 433.4 MiB)
[2026-04-12T05:47:43.415+0000] {subprocess.py:106} INFO - 26/04/12 05:47:43 INFO BlockManagerInfo: Added broadcast_77_piece0 in memory on c05002f484b8:39235 (size: 7.8 KiB, free: 433.9 MiB)
[2026-04-12T05:47:43.416+0000] {subprocess.py:106} INFO - 26/04/12 05:47:43 INFO SparkContext: Created broadcast 77 from broadcast at DAGScheduler.scala:1585
[2026-04-12T05:47:43.417+0000] {subprocess.py:106} INFO - 26/04/12 05:47:43 INFO DAGScheduler: Submitting 2 missing tasks from ShuffleMapStage 45 (MapPartitionsRDD[91] at count at <unknown>:0) (first 15 tasks are for partitions Vector(0, 1))
[2026-04-12T05:47:43.418+0000] {subprocess.py:106} INFO - 26/04/12 05:47:43 INFO TaskSchedulerImpl: Adding task set 45.0 with 2 tasks resource profile 0
[2026-04-12T05:47:43.419+0000] {subprocess.py:106} INFO - 26/04/12 05:47:43 INFO TaskSetManager: Starting task 0.0 in stage 45.0 (TID 40) (172.30.0.14, executor 0, partition 0, PROCESS_LOCAL, 16684 bytes)
[2026-04-12T05:47:43.433+0000] {subprocess.py:106} INFO - 26/04/12 05:47:43 INFO BlockManagerInfo: Added broadcast_77_piece0 in memory on 172.30.0.14:41373 (size: 7.8 KiB, free: 434.1 MiB)
[2026-04-12T05:47:43.458+0000] {subprocess.py:106} INFO - 26/04/12 05:47:43 INFO BlockManagerInfo: Added broadcast_76_piece0 in memory on 172.30.0.14:41373 (size: 30.3 KiB, free: 434.1 MiB)
[2026-04-12T05:47:43.639+0000] {subprocess.py:106} INFO - 26/04/12 05:47:43 INFO TaskSetManager: Starting task 1.0 in stage 45.0 (TID 41) (172.30.0.14, executor 0, partition 1, PROCESS_LOCAL, 16387 bytes)
[2026-04-12T05:47:43.640+0000] {subprocess.py:106} INFO - 26/04/12 05:47:43 INFO TaskSetManager: Finished task 0.0 in stage 45.0 (TID 40) in 224 ms on 172.30.0.14 (executor 0) (1/2)
[2026-04-12T05:47:43.780+0000] {subprocess.py:106} INFO - 26/04/12 05:47:43 INFO TaskSetManager: Finished task 1.0 in stage 45.0 (TID 41) in 140 ms on 172.30.0.14 (executor 0) (2/2)
[2026-04-12T05:47:43.781+0000] {subprocess.py:106} INFO - 26/04/12 05:47:43 INFO TaskSchedulerImpl: Removed TaskSet 45.0, whose tasks have all completed, from pool
[2026-04-12T05:47:43.781+0000] {subprocess.py:106} INFO - 26/04/12 05:47:43 INFO DAGScheduler: ShuffleMapStage 45 (count at <unknown>:0) finished in 0.371 s
[2026-04-12T05:47:43.782+0000] {subprocess.py:106} INFO - 26/04/12 05:47:43 INFO DAGScheduler: looking for newly runnable stages
[2026-04-12T05:47:43.782+0000] {subprocess.py:106} INFO - 26/04/12 05:47:43 INFO DAGScheduler: running: Set()
[2026-04-12T05:47:43.782+0000] {subprocess.py:106} INFO - 26/04/12 05:47:43 INFO DAGScheduler: waiting: Set()
[2026-04-12T05:47:43.783+0000] {subprocess.py:106} INFO - 26/04/12 05:47:43 INFO DAGScheduler: failed: Set()
[2026-04-12T05:47:43.798+0000] {subprocess.py:106} INFO - 26/04/12 05:47:43 INFO CodeGenerator: Code generated in 8.569443 ms
[2026-04-12T05:47:43.812+0000] {subprocess.py:106} INFO - 26/04/12 05:47:43 INFO SparkContext: Starting job: count at <unknown>:0
[2026-04-12T05:47:43.814+0000] {subprocess.py:106} INFO - 26/04/12 05:47:43 INFO DAGScheduler: Got job 29 (count at <unknown>:0) with 1 output partitions
[2026-04-12T05:47:43.815+0000] {subprocess.py:106} INFO - 26/04/12 05:47:43 INFO DAGScheduler: Final stage: ResultStage 47 (count at <unknown>:0)
[2026-04-12T05:47:43.815+0000] {subprocess.py:106} INFO - 26/04/12 05:47:43 INFO DAGScheduler: Parents of final stage: List(ShuffleMapStage 46)
[2026-04-12T05:47:43.816+0000] {subprocess.py:106} INFO - 26/04/12 05:47:43 INFO DAGScheduler: Missing parents: List()
[2026-04-12T05:47:43.817+0000] {subprocess.py:106} INFO - 26/04/12 05:47:43 INFO DAGScheduler: Submitting ResultStage 47 (MapPartitionsRDD[94] at count at <unknown>:0), which has no missing parents
[2026-04-12T05:47:43.817+0000] {subprocess.py:106} INFO - 26/04/12 05:47:43 INFO MemoryStore: Block broadcast_78 stored as values in memory (estimated size 12.5 KiB, free 433.4 MiB)
[2026-04-12T05:47:43.818+0000] {subprocess.py:106} INFO - 26/04/12 05:47:43 INFO MemoryStore: Block broadcast_78_piece0 stored as bytes in memory (estimated size 6.0 KiB, free 433.4 MiB)
[2026-04-12T05:47:43.819+0000] {subprocess.py:106} INFO - 26/04/12 05:47:43 INFO BlockManagerInfo: Added broadcast_78_piece0 in memory on c05002f484b8:39235 (size: 6.0 KiB, free: 433.9 MiB)
[2026-04-12T05:47:43.820+0000] {subprocess.py:106} INFO - 26/04/12 05:47:43 INFO SparkContext: Created broadcast 78 from broadcast at DAGScheduler.scala:1585
[2026-04-12T05:47:43.821+0000] {subprocess.py:106} INFO - 26/04/12 05:47:43 INFO DAGScheduler: Submitting 1 missing tasks from ResultStage 47 (MapPartitionsRDD[94] at count at <unknown>:0) (first 15 tasks are for partitions Vector(0))
[2026-04-12T05:47:43.822+0000] {subprocess.py:106} INFO - 26/04/12 05:47:43 INFO TaskSchedulerImpl: Adding task set 47.0 with 1 tasks resource profile 0
[2026-04-12T05:47:43.823+0000] {subprocess.py:106} INFO - 26/04/12 05:47:43 INFO TaskSetManager: Starting task 0.0 in stage 47.0 (TID 42) (172.30.0.14, executor 0, partition 0, NODE_LOCAL, 9976 bytes)
[2026-04-12T05:47:43.834+0000] {subprocess.py:106} INFO - 26/04/12 05:47:43 INFO BlockManagerInfo: Added broadcast_78_piece0 in memory on 172.30.0.14:41373 (size: 6.0 KiB, free: 434.1 MiB)
[2026-04-12T05:47:43.840+0000] {subprocess.py:106} INFO - 26/04/12 05:47:43 INFO MapOutputTrackerMasterEndpoint: Asked to send map output locations for shuffle 15 to 172.30.0.14:45744
[2026-04-12T05:47:43.855+0000] {subprocess.py:106} INFO - 26/04/12 05:47:43 INFO BlockManagerInfo: Removed broadcast_77_piece0 on c05002f484b8:39235 in memory (size: 7.8 KiB, free: 433.9 MiB)
[2026-04-12T05:47:43.860+0000] {subprocess.py:106} INFO - 26/04/12 05:47:43 INFO BlockManagerInfo: Removed broadcast_77_piece0 on 172.30.0.14:41373 in memory (size: 7.8 KiB, free: 434.1 MiB)
[2026-04-12T05:47:43.874+0000] {subprocess.py:106} INFO - 26/04/12 05:47:43 INFO TaskSetManager: Finished task 0.0 in stage 47.0 (TID 42) in 52 ms on 172.30.0.14 (executor 0) (1/1)
[2026-04-12T05:47:43.875+0000] {subprocess.py:106} INFO - 26/04/12 05:47:43 INFO TaskSchedulerImpl: Removed TaskSet 47.0, whose tasks have all completed, from pool
[2026-04-12T05:47:43.878+0000] {subprocess.py:106} INFO - 26/04/12 05:47:43 INFO DAGScheduler: ResultStage 47 (count at <unknown>:0) finished in 0.062 s
[2026-04-12T05:47:43.879+0000] {subprocess.py:106} INFO - 26/04/12 05:47:43 INFO DAGScheduler: Job 29 is finished. Cancelling potential speculative or zombie tasks for this job
[2026-04-12T05:47:43.880+0000] {subprocess.py:106} INFO - 26/04/12 05:47:43 INFO TaskSchedulerImpl: Killing all running tasks in stage 47: Stage finished
[2026-04-12T05:47:43.884+0000] {subprocess.py:106} INFO - 26/04/12 05:47:43 INFO DAGScheduler: Job 29 finished: count at <unknown>:0, took 0.068838 s
[2026-04-12T05:47:43.889+0000] {subprocess.py:106} INFO - >>> GOLD Layer Built Successfully. Fact records: 45697
[2026-04-12T05:47:43.892+0000] {subprocess.py:106} INFO - 26/04/12 05:47:43 INFO SparkContext: SparkContext is stopping with exitCode 0.
[2026-04-12T05:47:43.910+0000] {subprocess.py:106} INFO - 26/04/12 05:47:43 INFO SparkUI: Stopped Spark web UI at http://c05002f484b8:4040
[2026-04-12T05:47:43.937+0000] {subprocess.py:106} INFO - 26/04/12 05:47:43 INFO StandaloneSchedulerBackend: Shutting down all executors
[2026-04-12T05:47:43.938+0000] {subprocess.py:106} INFO - 26/04/12 05:47:43 INFO StandaloneSchedulerBackend$StandaloneDriverEndpoint: Asking each executor to shut down
[2026-04-12T05:47:43.970+0000] {subprocess.py:106} INFO - 26/04/12 05:47:43 INFO MapOutputTrackerMasterEndpoint: MapOutputTrackerMasterEndpoint stopped!
[2026-04-12T05:47:43.995+0000] {subprocess.py:106} INFO - 26/04/12 05:47:43 INFO MemoryStore: MemoryStore cleared
[2026-04-12T05:47:43.996+0000] {subprocess.py:106} INFO - 26/04/12 05:47:43 INFO BlockManager: BlockManager stopped
[2026-04-12T05:47:44.000+0000] {subprocess.py:106} INFO - 26/04/12 05:47:43 INFO BlockManagerMaster: BlockManagerMaster stopped
[2026-04-12T05:47:44.009+0000] {subprocess.py:106} INFO - 26/04/12 05:47:44 INFO OutputCommitCoordinator$OutputCommitCoordinatorEndpoint: OutputCommitCoordinator stopped!
[2026-04-12T05:47:44.081+0000] {subprocess.py:106} INFO - 26/04/12 05:47:44 INFO SparkContext: Successfully stopped SparkContext
[2026-04-12T05:47:44.196+0000] {subprocess.py:106} INFO - 26/04/12 05:47:44 INFO ShutdownHookManager: Shutdown hook called
[2026-04-12T05:47:44.197+0000] {subprocess.py:106} INFO - 26/04/12 05:47:44 INFO ShutdownHookManager: Deleting directory /tmp/spark-cce98bb8-7709-42c4-81f2-9686f098914a
[2026-04-12T05:47:44.200+0000] {subprocess.py:106} INFO - 26/04/12 05:47:44 INFO ShutdownHookManager: Deleting directory /tmp/spark-c2e8cb8d-50ca-451b-a0dd-5522051cb607/pyspark-7d00be92-620f-443e-a757-3dbafb56d89d
[2026-04-12T05:47:44.204+0000] {subprocess.py:106} INFO - 26/04/12 05:47:44 INFO ShutdownHookManager: Deleting directory /tmp/spark-c2e8cb8d-50ca-451b-a0dd-5522051cb607
[2026-04-12T05:47:44.216+0000] {subprocess.py:106} INFO - 26/04/12 05:47:44 INFO MetricsSystemImpl: Stopping s3a-file-system metrics system...
[2026-04-12T05:47:44.216+0000] {subprocess.py:106} INFO - 26/04/12 05:47:44 INFO MetricsSystemImpl: s3a-file-system metrics system stopped.
[2026-04-12T05:47:44.217+0000] {subprocess.py:106} INFO - 26/04/12 05:47:44 INFO MetricsSystemImpl: s3a-file-system metrics system shutdown complete.
[2026-04-12T05:47:44.294+0000] {subprocess.py:110} INFO - Command exited with return code 0
[2026-04-12T05:47:44.381+0000] {taskinstance.py:341} INFO - ::group::Post task execution logs
[2026-04-12T05:47:44.382+0000] {taskinstance.py:353} INFO - Marking task as SUCCESS. dag_id=crawl_etl_itjob, task_id=build_gold, run_id=scheduled__2026-04-11T02:00:00+00:00, execution_date=20260411T020000, start_date=20260412T054646, end_date=20260412T054744
[2026-04-12T05:47:44.457+0000] {local_task_job_runner.py:266} INFO - Task exited with return code 0
[2026-04-12T05:47:44.488+0000] {taskinstance.py:3901} INFO - 0 downstream tasks scheduled from follow-on schedule check
[2026-04-12T05:47:44.491+0000] {local_task_job_runner.py:245} INFO - ::endgroup::
